#wls	flux	fluxerr
3.289393E+03	2.062899E-18	1.199482E-18
3.329393E+03	2.158441E-18	1.245012E-18
3.369393E+03	2.259782E-18	1.293013E-18
3.409393E+03	2.366486E-18	1.343161E-18
3.449393E+03	2.477676E-18	1.394889E-18
3.489393E+03	2.592020E-18	1.447394E-18
3.529393E+03	2.707087E-18	1.499286E-18
3.569393E+03	2.818168E-18	1.547970E-18
3.609393E+03	2.918348E-18	1.589731E-18
3.649393E+03	3.001518E-18	1.621416E-18
3.689393E+03	3.065971E-18	1.642339E-18
3.729393E+03	3.112460E-18	1.653148E-18
3.769393E+03	3.142290E-18	1.654770E-18
3.809393E+03	3.157173E-18	1.648320E-18
3.849393E+03	3.158787E-18	1.634862E-18
3.889393E+03	3.148903E-18	1.615479E-18
3.929393E+03	3.129130E-18	1.591139E-18
3.969393E+03	3.101047E-18	1.562768E-18
4.009393E+03	3.065992E-18	1.531140E-18
4.049393E+03	3.025195E-18	1.496956E-18
4.089393E+03	2.979694E-18	1.460798E-18
4.129393E+03	2.930416E-18	1.423179E-18
4.169393E+03	2.878209E-18	1.384554E-18
4.209393E+03	2.823776E-18	1.345297E-18
4.249393E+03	2.767737E-18	1.305730E-18
4.289393E+03	2.710584E-18	1.266105E-18
4.329393E+03	2.652532E-18	1.226536E-18
4.369393E+03	2.593183E-18	1.186855E-18
4.409393E+03	2.533587E-18	1.147557E-18
4.449393E+03	2.475079E-18	1.109245E-18
4.489393E+03	2.418156E-18	1.072127E-18
4.529393E+03	2.363076E-18	1.036297E-18
4.569393E+03	2.310027E-18	1.001813E-18
4.609393E+03	2.259054E-18	9.686664E-19
4.649393E+03	2.210140E-18	9.368259E-19
4.689393E+03	2.163178E-18	9.062196E-19
4.729393E+03	2.118491E-18	8.769571E-19
4.769393E+03	2.076579E-18	8.492134E-19
4.809393E+03	2.037781E-18	8.230886E-19
4.849393E+03	2.002192E-18	7.985788E-19
4.889393E+03	1.969838E-18	7.756501E-19
4.929393E+03	1.940622E-18	7.542209E-19
4.969393E+03	1.914350E-18	7.341731E-19
5.009393E+03	1.890818E-18	7.153895E-19
5.049393E+03	1.869816E-18	6.977541E-19
5.089393E+03	1.851071E-18	6.811322E-19
5.129393E+03	1.834339E-18	6.654047E-19
5.169393E+03	1.819364E-18	6.504544E-19
5.209393E+03	1.805900E-18	6.361714E-19
5.249393E+03	1.793742E-18	6.224659E-19
5.289393E+03	1.782688E-18	6.092535E-19
5.329393E+03	1.772682E-18	5.965028E-19
5.369393E+03	1.763688E-18	5.841903E-19
5.409393E+03	1.755675E-18	5.722940E-19
5.449393E+03	1.748543E-18	5.607714E-19
5.489393E+03	1.742039E-18	5.495330E-19
5.529393E+03	1.735770E-18	5.384513E-19
5.569393E+03	1.729292E-18	5.273903E-19
5.609393E+03	1.722187E-18	5.162322E-19
5.649393E+03	1.714229E-18	5.049229E-19
5.689393E+03	1.705328E-18	4.934524E-19
5.729393E+03	1.695569E-18	4.818617E-19
5.769393E+03	1.685090E-18	4.702046E-19
5.809393E+03	1.674085E-18	4.585469E-19
5.849393E+03	1.662770E-18	4.469561E-19
5.889393E+03	1.651369E-18	4.354966E-19
5.929393E+03	1.640074E-18	4.242204E-19
5.969393E+03	1.629048E-18	4.131682E-19
6.009393E+03	1.618346E-18	4.023507E-19
6.049393E+03	1.608008E-18	3.917741E-19
6.089393E+03	1.597899E-18	3.814027E-19
6.129393E+03	1.587836E-18	3.711926E-19
6.169393E+03	1.577882E-18	3.611608E-19
6.209393E+03	1.568719E-18	3.514625E-19
6.249393E+03	1.560298E-18	3.420805E-19
6.289393E+03	1.552989E-18	3.330902E-19
6.329393E+03	1.547936E-18	3.247234E-19
6.369393E+03	1.546793E-18	3.172971E-19
6.409393E+03	1.551362E-18	3.111298E-19
6.449393E+03	1.562096E-18	3.062461E-19
6.489393E+03	1.577590E-18	3.023115E-19
6.529393E+03	1.597260E-18	2.991736E-19
6.569393E+03	1.621170E-18	2.968135E-19
6.609393E+03	1.649515E-18	2.952394E-19
6.649393E+03	1.682702E-18	2.944974E-19
6.689393E+03	1.721089E-18	2.946239E-19
6.729393E+03	1.765095E-18	2.956650E-19
6.769393E+03	1.815174E-18	2.976719E-19
6.809393E+03	1.871816E-18	3.007004E-19
6.849393E+03	1.935511E-18	3.048054E-19
6.889393E+03	2.006705E-18	3.100342E-19
6.929393E+03	2.085971E-18	3.164531E-19
6.969393E+03	2.173788E-18	3.241128E-19
7.009393E+03	2.270629E-18	3.330627E-19
7.049393E+03	2.376999E-18	3.433558E-19
7.089393E+03	2.493235E-18	3.550193E-19
7.129393E+03	2.619703E-18	3.680840E-19
7.169393E+03	2.756524E-18	3.825444E-19
7.209393E+03	2.903733E-18	3.983824E-19
7.249393E+03	3.061386E-18	4.155816E-19
7.289393E+03	3.229313E-18	4.340928E-19
7.329393E+03	3.407819E-18	4.539287E-19
7.369393E+03	3.597987E-18	4.752010E-19
7.409393E+03	3.802887E-18	4.982752E-19
7.449393E+03	4.027460E-18	5.237475E-19
7.489393E+03	4.273339E-18	5.517698E-19
7.529393E+03	4.537421E-18	5.818841E-19
7.569393E+03	4.816318E-18	6.136113E-19
7.609393E+03	5.107808E-18	6.466351E-19
7.649393E+03	5.410175E-18	6.807154E-19
7.689393E+03	5.721842E-18	7.156411E-19
7.729393E+03	6.041736E-18	7.512746E-19
7.769393E+03	6.369061E-18	7.875232E-19
7.809393E+03	6.703665E-18	8.243813E-19
7.849393E+03	7.047074E-18	8.620550E-19
7.889393E+03	7.403062E-18	9.010227E-19
7.929393E+03	7.780717E-18	9.423991E-19
7.969393E+03	8.192588E-18	9.876945E-19
8.009393E+03	8.647410E-18	1.037932E-18
8.049393E+03	9.140248E-18	1.092481E-18
8.089393E+03	9.662841E-18	1.150318E-18
8.129393E+03	1.020874E-17	1.210644E-18
8.169393E+03	1.077459E-17	1.273027E-18
8.209393E+03	1.135731E-17	1.337060E-18
8.249393E+03	1.195569E-17	1.402550E-18
8.289393E+03	1.256835E-17	1.469278E-18
8.329393E+03	1.319485E-17	1.537129E-18
8.369393E+03	1.383470E-17	1.605977E-18
8.409393E+03	1.448724E-17	1.675675E-18
8.449393E+03	1.515115E-17	1.745999E-18
8.489393E+03	1.582516E-17	1.816736E-18
8.529393E+03	1.650857E-17	1.887742E-18
8.569393E+03	1.719876E-17	1.958662E-18
8.609393E+03	1.789238E-17	2.029063E-18
8.649393E+03	1.858694E-17	2.098627E-18
8.689393E+03	1.927689E-17	2.166699E-18
8.729393E+03	1.995739E-17	2.232720E-18
8.769393E+03	2.062402E-17	2.296186E-18
8.809393E+03	2.127512E-17	2.356916E-18
8.849393E+03	2.191267E-17	2.415124E-18
8.889393E+03	2.254246E-17	2.471436E-18
8.929393E+03	2.315522E-17	2.524811E-18
8.969393E+03	2.373830E-17	2.573853E-18
9.009393E+03	2.428510E-17	2.617838E-18
9.049393E+03	2.479307E-17	2.656482E-18
9.089393E+03	2.526092E-17	2.689632E-18
9.129393E+03	2.568996E-17	2.717406E-18
9.169393E+03	2.607924E-17	2.739686E-18
9.209393E+03	2.643076E-17	2.756664E-18
9.249393E+03	2.674285E-17	2.768160E-18
9.289393E+03	2.701561E-17	2.774199E-18
9.329393E+03	2.724734E-17	2.774650E-18
9.369393E+03	2.743555E-17	2.769335E-18
9.409393E+03	2.758106E-17	2.758451E-18
9.449393E+03	2.767988E-17	2.741743E-18
9.489393E+03	2.773141E-17	2.719333E-18
9.529393E+03	2.773284E-17	2.691152E-18
9.569393E+03	2.768527E-17	2.657526E-18
9.609393E+03	2.758422E-17	2.618259E-18
9.649393E+03	2.743093E-17	2.573699E-18
9.689393E+03	2.722598E-17	2.524127E-18
9.729393E+03	2.697099E-17	2.469895E-18
9.769393E+03	2.666483E-17	2.411092E-18
9.809393E+03	2.631276E-17	2.348366E-18
9.849393E+03	2.591533E-17	2.281919E-18
9.889393E+03	2.547757E-17	2.212338E-18
9.929393E+03	2.500328E-17	2.140083E-18
9.969393E+03	2.449872E-17	2.065818E-18
1.000939E+04	2.396660E-17	1.989903E-18
1.004939E+04	2.341378E-17	1.913055E-18
1.008939E+04	2.284524E-17	1.835842E-18
1.012939E+04	2.226793E-17	1.759002E-18
1.016939E+04	2.168256E-17	1.682800E-18
1.020939E+04	2.109765E-17	1.608138E-18
1.024309E+04	1.448986E-17	8.871360E-18
1.024429E+04	1.462102E-17	8.906237E-18
1.024489E+04	1.466702E-17	8.860930E-18
1.024549E+04	1.478799E-17	8.962111E-18
1.024609E+04	1.468071E-17	8.829567E-18
1.024669E+04	1.478601E-17	8.788849E-18
1.024729E+04	1.491034E-17	8.787902E-18
1.024789E+04	1.496083E-17	8.818883E-18
1.024849E+04	1.486361E-17	8.773737E-18
1.024909E+04	1.495102E-17	8.832107E-18
1.024969E+04	1.485045E-17	8.833811E-18
1.025029E+04	1.488639E-17	8.839726E-18
1.025089E+04	1.486862E-17	8.871128E-18
1.025149E+04	1.480049E-17	8.822930E-18
1.025209E+04	1.473125E-17	8.746673E-18
1.025269E+04	1.470117E-17	8.685790E-18
1.025329E+04	1.470130E-17	8.635809E-18
1.025389E+04	1.459288E-17	8.572265E-18
1.025449E+04	1.457399E-17	8.700097E-18
1.025509E+04	1.453384E-17	8.684879E-18
1.025569E+04	1.449032E-17	8.769805E-18
1.025629E+04	1.440876E-17	8.738587E-18
1.025689E+04	1.435406E-17	8.717450E-18
1.025749E+04	1.423892E-17	8.716334E-18
1.025809E+04	1.434312E-17	8.762142E-18
1.025869E+04	1.429960E-17	8.749171E-18
1.025929E+04	1.415761E-17	8.711365E-18
1.025989E+04	1.410961E-17	8.699002E-18
1.026049E+04	1.415674E-17	8.711976E-18
1.026109E+04	1.423744E-17	8.734102E-18
1.026169E+04	1.422974E-17	8.732585E-18
1.026229E+04	1.426680E-17	8.742377E-18
1.026289E+04	1.417627E-17	8.717310E-18
1.026349E+04	1.403426E-17	8.677735E-18
1.026409E+04	1.405677E-17	8.679157E-18
1.026469E+04	1.396624E-17	8.609801E-18
1.026589E+04	1.389486E-17	8.549447E-18
1.026649E+04	1.388268E-17	8.521144E-18
1.026709E+04	1.391862E-17	8.527846E-18
1.026769E+04	1.405305E-17	8.446402E-18
1.026829E+04	1.398602E-17	8.423481E-18
1.026889E+04	1.412605E-17	8.481999E-18
1.026949E+04	1.427504E-17	8.525212E-18
1.027009E+04	1.430203E-17	8.534788E-18
1.027069E+04	1.435700E-17	8.693685E-18
1.027129E+04	1.429333E-17	8.727687E-18
1.027189E+04	1.433151E-17	8.744906E-18
1.027249E+04	1.438313E-17	8.791582E-18
1.027369E+04	1.437779E-17	8.755563E-18
1.027429E+04	1.444172E-17	8.732646E-18
1.027489E+04	1.449110E-17	8.741251E-18
1.027549E+04	1.453713E-17	8.736981E-18
1.027609E+04	1.446785E-17	8.645835E-18
1.027669E+04	1.451836E-17	8.661237E-18
1.027729E+04	1.450281E-17	8.676970E-18
1.027789E+04	1.433615E-17	8.654015E-18
1.027849E+04	1.425121E-17	8.470170E-18
1.027909E+04	1.426477E-17	8.362898E-18
1.027970E+04	1.428952E-17	8.287741E-18
1.028030E+04	1.431876E-17	8.362844E-18
1.028150E+04	1.429215E-17	8.214204E-18
1.028210E+04	1.433146E-17	8.223176E-18
1.028270E+04	1.446256E-17	8.318605E-18
1.028330E+04	1.444366E-17	8.405470E-18
1.028390E+04	1.439565E-17	8.392625E-18
1.028450E+04	1.461409E-17	8.454549E-18
1.028510E+04	1.475752E-17	8.581572E-18
1.028570E+04	1.463450E-17	8.684384E-18
1.028690E+04	1.470306E-17	8.692884E-18
1.028750E+04	1.472782E-17	8.632617E-18
1.028810E+04	1.476714E-17	8.516183E-18
1.028870E+04	1.488706E-17	8.606263E-18
1.028930E+04	1.494094E-17	8.600058E-18
1.029050E+04	1.504981E-17	8.564365E-18
1.029110E+04	1.516415E-17	8.572220E-18
1.029170E+04	1.511054E-17	8.547184E-18
1.029230E+04	1.515098E-17	8.634915E-18
1.029290E+04	1.527204E-17	8.698138E-18
1.029350E+04	1.518261E-17	8.625271E-18
1.029410E+04	1.512340E-17	8.646640E-18
1.029470E+04	1.503844E-17	8.617359E-18
1.029530E+04	1.523452E-17	8.766641E-18
1.029590E+04	1.515852E-17	8.760370E-18
1.029650E+04	1.511611E-17	8.730095E-18
1.029890E+04	1.517936E-17	8.831869E-18
1.029950E+04	1.519293E-17	8.869506E-18
1.030010E+04	1.523450E-17	8.913845E-18
1.030070E+04	1.522008E-17	8.852797E-18
1.030130E+04	1.518662E-17	8.807131E-18
1.030190E+04	1.508374E-17	8.783167E-18
1.030250E+04	1.496181E-17	8.748730E-18
1.030310E+04	1.505713E-17	8.774588E-18
1.030370E+04	1.507407E-17	8.769891E-18
1.030430E+04	1.493870E-17	8.565509E-18
1.030490E+04	1.504522E-17	8.576444E-18
1.030550E+04	1.519206E-17	8.488006E-18
1.030610E+04	1.530082E-17	8.520355E-18
1.030670E+04	1.531552E-17	8.526509E-18
1.030730E+04	1.539853E-17	8.508274E-18
1.030790E+04	1.528892E-17	8.449270E-18
1.030850E+04	1.538761E-17	8.492482E-18
1.030910E+04	1.531607E-17	8.489630E-18
1.030970E+04	1.521318E-17	8.465475E-18
1.031030E+04	1.513828E-17	8.443108E-18
1.031150E+04	1.516879E-17	8.467350E-18
1.031210E+04	1.515101E-17	8.477456E-18
1.031270E+04	1.512763E-17	8.475432E-18
1.031330E+04	1.510872E-17	8.490403E-18
1.031390E+04	1.512006E-17	8.503441E-18
1.031450E+04	1.500036E-17	8.472591E-18
1.031510E+04	1.491313E-17	8.459733E-18
1.031570E+04	1.482142E-17	8.494599E-18
1.031630E+04	1.485292E-17	8.588489E-18
1.031690E+04	1.485641E-17	8.565959E-18
1.031750E+04	1.477814E-17	8.561836E-18
1.031810E+04	1.473907E-17	8.658853E-18
1.031870E+04	1.470224E-17	8.652487E-18
1.031930E+04	1.465085E-17	8.678277E-18
1.031990E+04	1.470923E-17	8.752997E-18
1.032050E+04	1.475977E-17	8.703841E-18
1.032171E+04	1.468835E-17	8.646005E-18
1.032231E+04	1.465936E-17	8.666165E-18
1.032291E+04	1.469422E-17	8.702483E-18
1.032351E+04	1.466523E-17	8.740333E-18
1.032411E+04	1.462279E-17	8.772878E-18
1.032471E+04	1.456467E-17	8.788409E-18
1.032531E+04	1.457153E-17	8.833289E-18
1.032651E+04	1.457739E-17	8.875263E-18
1.032711E+04	1.458425E-17	8.915178E-18
1.032771E+04	1.459110E-17	8.919846E-18
1.032831E+04	1.462372E-17	8.899756E-18
1.032891E+04	1.458128E-17	8.977539E-18
1.032951E+04	1.455565E-17	8.953500E-18
1.033011E+04	1.455914E-17	8.988301E-18
1.033131E+04	1.461878E-17	8.997062E-18
1.033191E+04	1.460883E-17	9.010991E-18
1.033251E+04	1.462017E-17	9.015208E-18
1.033311E+04	1.463823E-17	8.944746E-18
1.033370E+04	1.466525E-17	8.865951E-18
1.033431E+04	1.464185E-17	8.859661E-18
1.033490E+04	1.465879E-17	8.821138E-18
1.033550E+04	1.460963E-17	8.666622E-18
1.033610E+04	1.467362E-17	8.559242E-18
1.033670E+04	1.469841E-17	8.529458E-18
1.033730E+04	1.469854E-17	8.659917E-18
1.033790E+04	1.472781E-17	8.669261E-18
1.033850E+04	1.470329E-17	8.591953E-18
1.033910E+04	1.464964E-17	8.593535E-18
1.033970E+04	1.458031E-17	8.639929E-18
1.034030E+04	1.451546E-17	8.619097E-18
1.034090E+04	1.453576E-17	8.614475E-18
1.034150E+04	1.450900E-17	8.569093E-18
1.034210E+04	1.456291E-17	8.559557E-18
1.034270E+04	1.465493E-17	8.607512E-18
1.034330E+04	1.469092E-17	8.555170E-18
1.034390E+04	1.462830E-17	8.651004E-18
1.034450E+04	1.463292E-17	8.655788E-18
1.034510E+04	1.462633E-17	8.669686E-18
1.034570E+04	1.460293E-17	8.674778E-18
1.034630E+04	1.455712E-17	8.535821E-18
1.034690E+04	1.451691E-17	8.515899E-18
1.034750E+04	1.450920E-17	8.497729E-18
1.034810E+04	1.453286E-17	8.458912E-18
1.034930E+04	1.448943E-17	8.445068E-18
1.034990E+04	1.446939E-17	8.440039E-18
1.035050E+04	1.445159E-17	8.448694E-18
1.035110E+04	1.452456E-17	8.486311E-18
1.035170E+04	1.452582E-17	8.548738E-18
1.035230E+04	1.444638E-17	8.563634E-18
1.035290E+04	1.454738E-17	8.649140E-18
1.035350E+04	1.463268E-17	8.668162E-18
1.035410E+04	1.457118E-17	8.743032E-18
1.035470E+04	1.465312E-17	8.768997E-18
1.035590E+04	1.469149E-17	8.798993E-18
1.035650E+04	1.479025E-17	8.899177E-18
1.035710E+04	1.481840E-17	8.901474E-18
1.035770E+04	1.479276E-17	8.867308E-18
1.035830E+04	1.480411E-17	8.896975E-18
1.035890E+04	1.480312E-17	8.939693E-18
1.035950E+04	1.474273E-17	9.083073E-18
1.036010E+04	1.469468E-17	9.046463E-18
1.036070E+04	1.462756E-17	9.057836E-18
1.036130E+04	1.455260E-17	9.034118E-18
1.036190E+04	1.453816E-17	9.007347E-18
1.036251E+04	1.454839E-17	9.021540E-18
1.036311E+04	1.446782E-17	8.990569E-18
1.036371E+04	1.441751E-17	8.885617E-18
1.036431E+04	1.427642E-17	8.885362E-18
1.036491E+04	1.415213E-17	8.879979E-18
1.036551E+04	1.416571E-17	8.870582E-18
1.036611E+04	1.414903E-17	8.804255E-18
1.036671E+04	1.411105E-17	8.779632E-18
1.036731E+04	1.399236E-17	8.781023E-18
1.036791E+04	1.402948E-17	8.781517E-18
1.036851E+04	1.398926E-17	8.759077E-18
1.036911E+04	1.392325E-17	8.861250E-18
1.036971E+04	1.380904E-17	8.822388E-18
1.037031E+04	1.372285E-17	8.768205E-18
1.037091E+04	1.376670E-17	8.786788E-18
1.037151E+04	1.369508E-17	8.743856E-18
1.037211E+04	1.368287E-17	8.708058E-18
1.037271E+04	1.359108E-17	8.659880E-18
1.037331E+04	1.360690E-17	8.622740E-18
1.037511E+04	1.358709E-17	8.644221E-18
1.037571E+04	1.356480E-17	8.657129E-18
1.037631E+04	1.353577E-17	8.604641E-18
1.037691E+04	1.352469E-17	8.520420E-18
1.037751E+04	1.339252E-17	8.501072E-18
1.037811E+04	1.331529E-17	8.428700E-18
1.037871E+04	1.318536E-17	8.352342E-18
1.037931E+04	1.312158E-17	8.320681E-18
1.037991E+04	1.305107E-17	8.306073E-18
1.038051E+04	1.295926E-17	8.286909E-18
1.038111E+04	1.293808E-17	8.265166E-18
1.038171E+04	1.291577E-17	8.278240E-18
1.038231E+04	1.284414E-17	8.251801E-18
1.038291E+04	1.276801E-17	8.238529E-18
1.038351E+04	1.278495E-17	8.224356E-18
1.038411E+04	1.279628E-17	8.223661E-18
1.038471E+04	1.277397E-17	8.093633E-18
1.038531E+04	1.280436E-17	8.102694E-18
1.038591E+04	1.280224E-17	8.105633E-18
1.038651E+04	1.278218E-17	8.071458E-18
1.038711E+04	1.276772E-17	7.984468E-18
1.038771E+04	1.277681E-17	8.000243E-18
1.038831E+04	1.280271E-17	8.015741E-18
1.038891E+04	1.281068E-17	7.974283E-18
1.038951E+04	1.278389E-17	7.968610E-18
1.039011E+04	1.278064E-17	7.946368E-18
1.039071E+04	1.277627E-17	7.936140E-18
1.039131E+04	1.279658E-17	7.854811E-18
1.039191E+04	1.279333E-17	7.730015E-18
1.039251E+04	1.279793E-17	7.699073E-18
1.039311E+04	1.286309E-17	7.638529E-18
1.039371E+04	1.283293E-17	7.629745E-18
1.039431E+04	1.283417E-17	7.584358E-18
1.039491E+04	1.281299E-17	7.559133E-18
1.039551E+04	1.279404E-17	7.553993E-18
1.039611E+04	1.276724E-17	7.544836E-18
1.039671E+04	1.276736E-17	7.527938E-18
1.039731E+04	1.276972E-17	7.509047E-18
1.039791E+04	1.275078E-17	7.497719E-18
1.039851E+04	1.274080E-17	7.445762E-18
1.039911E+04	1.283288E-17	7.447996E-18
1.039971E+04	1.280945E-17	7.380313E-18
1.040031E+04	1.280172E-17	7.509793E-18
1.040091E+04	1.282202E-17	7.498999E-18
1.040151E+04	1.285466E-17	7.500547E-18
1.040211E+04	1.284245E-17	7.460805E-18
1.040271E+04	1.287173E-17	7.400982E-18
1.040332E+04	1.289428E-17	7.394511E-18
1.040392E+04	1.283383E-17	7.376072E-18
1.040452E+04	1.279918E-17	7.300126E-18
1.040512E+04	1.282398E-17	7.305934E-18
1.040572E+04	1.289476E-17	7.082768E-18
1.040632E+04	1.280963E-17	7.132450E-18
1.040692E+04	1.287705E-17	7.205672E-18
1.040752E+04	1.298036E-17	7.236748E-18
1.040812E+04	1.298609E-17	7.238680E-18
1.040872E+04	1.292788E-17	7.253907E-18
1.040932E+04	1.279789E-17	7.207583E-18
1.040992E+04	1.278904E-17	7.228341E-18
1.041052E+04	1.275887E-17	7.128338E-18
1.041112E+04	1.272646E-17	7.059349E-18
1.041172E+04	1.275350E-17	7.051274E-18
1.041232E+04	1.285345E-17	7.066892E-18
1.041292E+04	1.285357E-17	7.068907E-18
1.041352E+04	1.287276E-17	7.057070E-18
1.041412E+04	1.294915E-17	7.054710E-18
1.041472E+04	1.297620E-17	7.091706E-18
1.041532E+04	1.289779E-17	6.820731E-18
1.041592E+04	1.288445E-17	6.803896E-18
1.041652E+04	1.300797E-17	6.855369E-18
1.041712E+04	1.292059E-17	6.793274E-18
1.041772E+04	1.306654E-17	6.805577E-18
1.041832E+04	1.319343E-17	6.867742E-18
1.041892E+04	1.324627E-17	6.874531E-18
1.042072E+04	1.327132E-17	6.904150E-18
1.042132E+04	1.330847E-17	6.857250E-18
1.042192E+04	1.330186E-17	6.796504E-18
1.042252E+04	1.334462E-17	6.844738E-18
1.042312E+04	1.339074E-17	6.891980E-18
1.042372E+04	1.341891E-17	6.883540E-18
1.042432E+04	1.347401E-17	7.080764E-18
1.042492E+04	1.347413E-17	7.071373E-18
1.042552E+04	1.346080E-17	7.137891E-18
1.042612E+04	1.348897E-17	7.207940E-18
1.042672E+04	1.351490E-17	7.246564E-18
1.042732E+04	1.361039E-17	7.328171E-18
1.042792E+04	1.369242E-17	7.399685E-18
1.042912E+04	1.377907E-17	7.490059E-18
1.042972E+04	1.387457E-17	7.573159E-18
1.043032E+04	1.393529E-17	7.614206E-18
1.043092E+04	1.396571E-17	7.681296E-18
1.043152E+04	1.405112E-17	7.753916E-18
1.043212E+04	1.409388E-17	7.822458E-18
1.043272E+04	1.411870E-17	7.874708E-18
1.043332E+04	1.419850E-17	7.897450E-18
1.043392E+04	1.424127E-17	7.909696E-18
1.043452E+04	1.432556E-17	7.913094E-18
1.043512E+04	1.444463E-17	7.955539E-18
1.043572E+04	1.444477E-17	7.968471E-18
1.043632E+04	1.449877E-17	8.016514E-18
1.043692E+04	1.459765E-17	8.044505E-18
1.043752E+04	1.459891E-17	8.044301E-18
1.043812E+04	1.467984E-17	7.996518E-18
1.043872E+04	1.468559E-17	8.024859E-18
1.043932E+04	1.467562E-17	8.037963E-18
1.043992E+04	1.469259E-17	8.059478E-18
1.044052E+04	1.470283E-17	8.071585E-18
1.044112E+04	1.471531E-17	8.157098E-18
1.044172E+04	1.467954E-17	8.146870E-18
1.044232E+04	1.468641E-17	8.163094E-18
1.044292E+04	1.464839E-17	8.152957E-18
1.044352E+04	1.461486E-17	8.143806E-18
1.044412E+04	1.459704E-17	8.131091E-18
1.044473E+04	1.454332E-17	8.104268E-18
1.044533E+04	1.450305E-17	8.078479E-18
1.044593E+04	1.448074E-17	8.055564E-18
1.044653E+04	1.446180E-17	8.054888E-18
1.044713E+04	1.455845E-17	7.945170E-18
1.044773E+04	1.452604E-17	7.855019E-18
1.044833E+04	1.448914E-17	7.844882E-18
1.044893E+04	1.457121E-17	7.901620E-18
1.044953E+04	1.456798E-17	7.911744E-18
1.045013E+04	1.458046E-17	7.965849E-18
1.045073E+04	1.454693E-17	7.993978E-18
1.045133E+04	1.450217E-17	7.992198E-18
1.045253E+04	1.449122E-17	7.941521E-18
1.045313E+04	1.452053E-17	8.050059E-18
1.045373E+04	1.446679E-17	8.057590E-18
1.045433E+04	1.439397E-17	7.994027E-18
1.045493E+04	1.438401E-17	7.987866E-18
1.045553E+04	1.446496E-17	8.025190E-18
1.045613E+04	1.443815E-17	8.012168E-18
1.045673E+04	1.439115E-17	7.994132E-18
1.045733E+04	1.440587E-17	7.972467E-18
1.045793E+04	1.445428E-17	7.923924E-18
1.045853E+04	1.446227E-17	7.919375E-18
1.045913E+04	1.446241E-17	7.916083E-18
1.045973E+04	1.446591E-17	7.916614E-18
1.046033E+04	1.446605E-17	7.896911E-18
1.046093E+04	1.441006E-17	7.889553E-18
1.046153E+04	1.438213E-17	7.867187E-18
1.046213E+04	1.429583E-17	7.784543E-18
1.046273E+04	1.419717E-17	7.761391E-18
1.046333E+04	1.425905E-17	7.779479E-18
1.046393E+04	1.414693E-17	7.733581E-18
1.046453E+04	1.409766E-17	7.729759E-18
1.046513E+04	1.406075E-17	7.737320E-18
1.046573E+04	1.399689E-17	7.804284E-18
1.046633E+04	1.392293E-17	7.829944E-18
1.046692E+04	1.392755E-17	7.838986E-18
1.046752E+04	1.387941E-17	7.843547E-18
1.046812E+04	1.380545E-17	7.811965E-18
1.046872E+04	1.378425E-17	7.811642E-18
1.046932E+04	1.386521E-17	7.857484E-18
1.046992E+04	1.381482E-17	7.841487E-18
1.047112E+04	1.383529E-17	7.707355E-18
1.047172E+04	1.377255E-17	7.693827E-18
1.047232E+04	1.386362E-17	7.690943E-18
1.047292E+04	1.382670E-17	7.619499E-18
1.047352E+04	1.375946E-17	7.561205E-18
1.047412E+04	1.379889E-17	7.506392E-18
1.047472E+04	1.379678E-17	7.449424E-18
1.047532E+04	1.381150E-17	7.381266E-18
1.047592E+04	1.375549E-17	7.335365E-18
1.047652E+04	1.380166E-17	7.311532E-18
1.047712E+04	1.370186E-17	7.227085E-18
1.047772E+04	1.363462E-17	7.128464E-18
1.047832E+04	1.364036E-17	7.041700E-18
1.047892E+04	1.359782E-17	7.088494E-18
1.047952E+04	1.357774E-17	7.085445E-18
1.048012E+04	1.357562E-17	7.105301E-18
1.048072E+04	1.358361E-17	7.160000E-18
1.048132E+04	1.355903E-17	7.141028E-18
1.048192E+04	1.346933E-17	7.158068E-18
1.048252E+04	1.340433E-17	7.121661E-18
1.048312E+04	1.341681E-17	7.117586E-18
1.048372E+04	1.337202E-17	7.145240E-18
1.048432E+04	1.331375E-17	7.157252E-18
1.048492E+04	1.333521E-17	7.153878E-18
1.048552E+04	1.326122E-17	7.098061E-18
1.048613E+04	1.326809E-17	7.063052E-18
1.048673E+04	1.313233E-17	7.027124E-18
1.048733E+04	1.308529E-17	7.026046E-18
1.048793E+04	1.303151E-17	7.105850E-18
1.048853E+04	1.301479E-17	7.074104E-18
1.048913E+04	1.295876E-17	7.253347E-18
1.048973E+04	1.296562E-17	7.408307E-18
1.049033E+04	1.286804E-17	7.375053E-18
1.049093E+04	1.283671E-17	7.365302E-18
1.049153E+04	1.282673E-17	7.363972E-18
1.049213E+04	1.285043E-17	7.375207E-18
1.049273E+04	1.279215E-17	7.383633E-18
1.049333E+04	1.279677E-17	7.407817E-18
1.049393E+04	1.282721E-17	7.409094E-18
1.049453E+04	1.278241E-17	7.409222E-18
1.049513E+04	1.266123E-17	7.363619E-18
1.049573E+04	1.265012E-17	7.379158E-18
1.049633E+04	1.262778E-17	7.334417E-18
1.049693E+04	1.258072E-17	7.313360E-18
1.049753E+04	1.262016E-17	7.329605E-18
1.049813E+04	1.252930E-17	7.309364E-18
1.049873E+04	1.249235E-17	7.214413E-18
1.049933E+04	1.245091E-17	7.093728E-18
1.049993E+04	1.244766E-17	7.089514E-18
1.050053E+04	1.238487E-17	7.070070E-18
1.050113E+04	1.233220E-17	7.045904E-18
1.050173E+04	1.225706E-17	7.002054E-18
1.050233E+04	1.219764E-17	6.987224E-18
1.050293E+04	1.219102E-17	6.977870E-18
1.050353E+04	1.213946E-17	6.959438E-18
1.050413E+04	1.209352E-17	6.945326E-18
1.050473E+04	1.200939E-17	6.903356E-18
1.050533E+04	1.193424E-17	6.878788E-18
1.050593E+04	1.188493E-17	6.863081E-18
1.050653E+04	1.184235E-17	6.840705E-18
1.050713E+04	1.179416E-17	6.830628E-18
1.050773E+04	1.179877E-17	6.832366E-18
1.050833E+04	1.175732E-17	6.822052E-18
1.050893E+04	1.174844E-17	6.826635E-18
1.050953E+04	1.177888E-17	6.828257E-18
1.051013E+04	1.173968E-17	6.800125E-18
1.051073E+04	1.173080E-17	6.772763E-18
1.051133E+04	1.170732E-17	6.693187E-18
1.051193E+04	1.172541E-17	6.659029E-18
1.051253E+04	1.168957E-17	6.646191E-18
1.051313E+04	1.168182E-17	6.607077E-18
1.051373E+04	1.172687E-17	6.611372E-18
1.051433E+04	1.173372E-17	6.611774E-18
1.051493E+04	1.178439E-17	6.580399E-18
1.051553E+04	1.182046E-17	6.575809E-18
1.051613E+04	1.178799E-17	6.572024E-18
1.051673E+04	1.185551E-17	6.588834E-18
1.051733E+04	1.188034E-17	6.561661E-18
1.051793E+04	1.193551E-17	6.576585E-18
1.051853E+04	1.192551E-17	6.568251E-18
1.051913E+04	1.197956E-17	6.615248E-18
1.051973E+04	1.199877E-17	6.611665E-18
1.052033E+04	1.199215E-17	6.610277E-18
1.052093E+04	1.199114E-17	6.570186E-18
1.052153E+04	1.202384E-17	6.546313E-18
1.052213E+04	1.204530E-17	6.544370E-18
1.052273E+04	1.217127E-17	6.620725E-18
1.052333E+04	1.214104E-17	6.614415E-18
1.052393E+04	1.216476E-17	6.501861E-18
1.052453E+04	1.214914E-17	6.508755E-18
1.052513E+04	1.213465E-17	6.482680E-18
1.052573E+04	1.219432E-17	6.418717E-18
1.052633E+04	1.227198E-17	6.423218E-18
1.052754E+04	1.240818E-17	6.388436E-18
1.052814E+04	1.248022E-17	6.417804E-18
1.052874E+04	1.255114E-17	6.446199E-18
1.052934E+04	1.256474E-17	6.450299E-18
1.052994E+04	1.258959E-17	6.406997E-18
1.053054E+04	1.267062E-17	6.437766E-18
1.053114E+04	1.271794E-17	6.452448E-18
1.053174E+04	1.280909E-17	6.474863E-18
1.053234E+04	1.286878E-17	6.474786E-18
1.053294E+04	1.294757E-17	6.441794E-18
1.053354E+04	1.302299E-17	6.406818E-18
1.053414E+04	1.305009E-17	6.395813E-18
1.053474E+04	1.308730E-17	6.308228E-18
1.053534E+04	1.313687E-17	6.295674E-18
1.053594E+04	1.321230E-17	6.404111E-18
1.053654E+04	1.319557E-17	6.435542E-18
1.053714E+04	1.329909E-17	6.469276E-18
1.053774E+04	1.338127E-17	6.490145E-18
1.053834E+04	1.335779E-17	6.467944E-18
1.053894E+04	1.339614E-17	6.563000E-18
1.053954E+04	1.347607E-17	6.690015E-18
1.054014E+04	1.341213E-17	6.641668E-18
1.054074E+04	1.348194E-17	6.702759E-18
1.054134E+04	1.348207E-17	6.677142E-18
1.054194E+04	1.346085E-17	6.662486E-18
1.054254E+04	1.345648E-17	6.632846E-18
1.054314E+04	1.344312E-17	6.604394E-18
1.054374E+04	1.344213E-17	6.608178E-18
1.054434E+04	1.341978E-17	6.603765E-18
1.054494E+04	1.333898E-17	6.554582E-18
1.054554E+04	1.326267E-17	6.535895E-18
1.054614E+04	1.321783E-17	6.526218E-18
1.054674E+04	1.323482E-17	6.535551E-18
1.054734E+04	1.322821E-17	6.530791E-18
1.054794E+04	1.312604E-17	6.495514E-18
1.054854E+04	1.305535E-17	6.470971E-18
1.054914E+04	1.301051E-17	6.455725E-18
1.054974E+04	1.299940E-17	6.452468E-18
1.055034E+04	1.305910E-17	6.473785E-18
1.055094E+04	1.307609E-17	6.483126E-18
1.055154E+04	1.311444E-17	6.501441E-18
1.055214E+04	1.309545E-17	6.503721E-18
1.055274E+04	1.307422E-17	6.503504E-18
1.055334E+04	1.309121E-17	6.522032E-18
1.055394E+04	1.313068E-17	6.546785E-18
1.055454E+04	1.315104E-17	6.553218E-18
1.055514E+04	1.318490E-17	6.585070E-18
1.055574E+04	1.318053E-17	6.586835E-18
1.055634E+04	1.321213E-17	6.597091E-18
1.055694E+04	1.319090E-17	6.571068E-18
1.055754E+04	1.307860E-17	6.527214E-18
1.055814E+04	1.305849E-17	6.527584E-18
1.055874E+04	1.296867E-17	6.556774E-18
1.055934E+04	1.297779E-17	6.686501E-18
1.055994E+04	1.289585E-17	6.652778E-18
1.056054E+04	1.287798E-17	6.653920E-18
1.056114E+04	1.289947E-17	6.660261E-18
1.056174E+04	1.291983E-17	6.667120E-18
1.056234E+04	1.283338E-17	6.650147E-18
1.056294E+04	1.285150E-17	6.677428E-18
1.056354E+04	1.275380E-17	6.646422E-18
1.056414E+04	1.277978E-17	6.717927E-18
1.056474E+04	1.276079E-17	6.706223E-18
1.056534E+04	1.274967E-17	6.727512E-18
1.056594E+04	1.272168E-17	6.745096E-18
1.056654E+04	1.264872E-17	6.816825E-18
1.056714E+04	1.264772E-17	6.823711E-18
1.056774E+04	1.263097E-17	6.810570E-18
1.056835E+04	1.269294E-17	6.790455E-18
1.056895E+04	1.266833E-17	6.777353E-18
1.056955E+04	1.262909E-17	6.754738E-18
1.057015E+04	1.263934E-17	6.779188E-18
1.057075E+04	1.251914E-17	6.754294E-18
1.057135E+04	1.252601E-17	6.755752E-18
1.057195E+04	1.258011E-17	6.801615E-18
1.057255E+04	1.256898E-17	6.800007E-18
1.057315E+04	1.255898E-17	6.821958E-18
1.057375E+04	1.250063E-17	6.799955E-18
1.057435E+04	1.245014E-17	6.808194E-18
1.057495E+04	1.239853E-17	6.800514E-18
1.057555E+04	1.237616E-17	6.809240E-18
1.057615E+04	1.232792E-17	6.805944E-18
1.057675E+04	1.224707E-17	6.806837E-18
1.057735E+04	1.223707E-17	6.838151E-18
1.057795E+04	1.222819E-17	6.767242E-18
1.057855E+04	1.219794E-17	6.819445E-18
1.057915E+04	1.217670E-17	6.822986E-18
1.057975E+04	1.208572E-17	6.737482E-18
1.058035E+04	1.210833E-17	6.624364E-18
1.058095E+04	1.212194E-17	6.566648E-18
1.058155E+04	1.210631E-17	6.549544E-18
1.058215E+04	1.209406E-17	6.545934E-18
1.058275E+04	1.207281E-17	6.579226E-18
1.058335E+04	1.210779E-17	6.582233E-18
1.058395E+04	1.211466E-17	6.530813E-18
1.058455E+04	1.208328E-17	6.419784E-18
1.058515E+04	1.205865E-17	6.424232E-18
1.058575E+04	1.207677E-17	6.358917E-18
1.058635E+04	1.210276E-17	6.385507E-18
1.058695E+04	1.215237E-17	6.403095E-18
1.058815E+04	1.210424E-17	6.388373E-18
1.058875E+04	1.208298E-17	6.378572E-18
1.058935E+04	1.208085E-17	6.372876E-18
1.058995E+04	1.200448E-17	6.381817E-18
1.059055E+04	1.189886E-17	6.359882E-18
1.059115E+04	1.181348E-17	6.373401E-18
1.059175E+04	1.174948E-17	6.354024E-18
1.059235E+04	1.169560E-17	6.340855E-18
1.059295E+04	1.167096E-17	6.345140E-18
1.059355E+04	1.154509E-17	6.309051E-18
1.059415E+04	1.156657E-17	6.405364E-18
1.059475E+04	1.154419E-17	6.411347E-18
1.059535E+04	1.157355E-17	6.419221E-18
1.059595E+04	1.159391E-17	6.423284E-18
1.059655E+04	1.162102E-17	6.463797E-18
1.059715E+04	1.163914E-17	6.465391E-18
1.059775E+04	1.167300E-17	6.466943E-18
1.059835E+04	1.165849E-17	6.469526E-18
1.059894E+04	1.172386E-17	6.474789E-18
1.059955E+04	1.169022E-17	6.526991E-18
1.060015E+04	1.168471E-17	6.550105E-18
1.060074E+04	1.168932E-17	6.522511E-18
1.060134E+04	1.175244E-17	6.545122E-18
1.060194E+04	1.186169E-17	6.598254E-18
1.060254E+04	1.176505E-17	6.570586E-18
1.060314E+04	1.177641E-17	6.587539E-18
1.060374E+04	1.171352E-17	6.554947E-18
1.060434E+04	1.162475E-17	6.471508E-18
1.060494E+04	1.165412E-17	6.375499E-18
1.060554E+04	1.166774E-17	6.408992E-18
1.060614E+04	1.166560E-17	6.413870E-18
1.060674E+04	1.172310E-17	6.426752E-18
1.060734E+04	1.165008E-17	6.464529E-18
1.060794E+04	1.164344E-17	6.430430E-18
1.060854E+04	1.165593E-17	6.398570E-18
1.060914E+04	1.165829E-17	6.445654E-18
1.060975E+04	1.165166E-17	6.405683E-18
1.061035E+04	1.173167E-17	6.403423E-18
1.061095E+04	1.176666E-17	6.389416E-18
1.061155E+04	1.180616E-17	6.364287E-18
1.061215E+04	1.180290E-17	6.241972E-18
1.061275E+04	1.177489E-17	6.240791E-18
1.061335E+04	1.181551E-17	6.246201E-18
1.061395E+04	1.183251E-17	6.320758E-18
1.061455E+04	1.185063E-17	6.374999E-18
1.061515E+04	1.187888E-17	6.384636E-18
1.061575E+04	1.193189E-17	6.484823E-18
1.061635E+04	1.197251E-17	6.546094E-18
1.061695E+04	1.202552E-17	6.604192E-18
1.061755E+04	1.209654E-17	6.673520E-18
1.061815E+04	1.216756E-17	6.730618E-18
1.061875E+04	1.215867E-17	6.696814E-18
1.061935E+04	1.219031E-17	6.731129E-18
1.061995E+04	1.228946E-17	6.721054E-18
1.062055E+04	1.235823E-17	6.739297E-18
1.062115E+04	1.233585E-17	6.717690E-18
1.062235E+04	1.233384E-17	6.710210E-18
1.062295E+04	1.236997E-17	6.712627E-18
1.062355E+04	1.241624E-17	6.703555E-18
1.062415E+04	1.241299E-17	6.827888E-18
1.062475E+04	1.241536E-17	6.986867E-18
1.062535E+04	1.241773E-17	6.982733E-18
1.062595E+04	1.241785E-17	6.982825E-18
1.062655E+04	1.245174E-17	6.996463E-18
1.062715E+04	1.245974E-17	7.035062E-18
1.062775E+04	1.249363E-17	7.028410E-18
1.062835E+04	1.251852E-17	7.075049E-18
1.062895E+04	1.249726E-17	7.111515E-18
1.062955E+04	1.262007E-17	7.174254E-18
1.063015E+04	1.262357E-17	7.146766E-18
1.063075E+04	1.266196E-17	7.249055E-18
1.063135E+04	1.271274E-17	7.352207E-18
1.063195E+04	1.270499E-17	7.401041E-18
1.063255E+04	1.272200E-17	7.411644E-18
1.063315E+04	1.270749E-17	7.548781E-18
1.063375E+04	1.267385E-17	7.569461E-18
1.063435E+04	1.269536E-17	7.580261E-18
1.063495E+04	1.268648E-17	7.579752E-18
1.063555E+04	1.266634E-17	7.569965E-18
1.063615E+04	1.265183E-17	7.561245E-18
1.063675E+04	1.263507E-17	7.531009E-18
1.063735E+04	1.259354E-17	7.566775E-18
1.063795E+04	1.260943E-17	7.566380E-18
1.063855E+04	1.260055E-17	7.558886E-18
1.063915E+04	1.255114E-17	7.545725E-18
1.063975E+04	1.249835E-17	7.455561E-18
1.064035E+04	1.252887E-17	7.548663E-18
1.064095E+04	1.253012E-17	7.571607E-18
1.064155E+04	1.256064E-17	7.668359E-18
1.064215E+04	1.262269E-17	7.659693E-18
1.064275E+04	1.263745E-17	7.685409E-18
1.064335E+04	1.266572E-17	7.692227E-18
1.064395E+04	1.270637E-17	7.681800E-18
1.064455E+04	1.272564E-17	7.687158E-18
1.064515E+04	1.276967E-17	7.642655E-18
1.064575E+04	1.283398E-17	7.637870E-18
1.064635E+04	1.285887E-17	7.696208E-18
1.064695E+04	1.286801E-17	7.695488E-18
1.064755E+04	1.281184E-17	7.672588E-18
1.064815E+04	1.285700E-17	7.689532E-18
1.064875E+04	1.285263E-17	7.716531E-18
1.064935E+04	1.286064E-17	7.713475E-18
1.064995E+04	1.294859E-17	7.727382E-18
1.065056E+04	1.296336E-17	7.721533E-18
1.065116E+04	1.287341E-17	7.651060E-18
1.065176E+04	1.287691E-17	7.656418E-18
1.065236E+04	1.287479E-17	7.660201E-18
1.065296E+04	1.285239E-17	7.603286E-18
1.065356E+04	1.280073E-17	7.595038E-18
1.065416E+04	1.288981E-17	7.620493E-18
1.065476E+04	1.287868E-17	7.566987E-18
1.065536E+04	1.290133E-17	7.551266E-18
1.065596E+04	1.294762E-17	7.563979E-18
1.065656E+04	1.289820E-17	7.609256E-18
1.065716E+04	1.288031E-17	7.604381E-18
1.065776E+04	1.286806E-17	7.600177E-18
1.065836E+04	1.294476E-17	7.653653E-18
1.065896E+04	1.288633E-17	7.704374E-18
1.065956E+04	1.285718E-17	7.670587E-18
1.066016E+04	1.282127E-17	7.622625E-18
1.066076E+04	1.280901E-17	7.618943E-18
1.066136E+04	1.287896E-17	7.584683E-18
1.066196E+04	1.287796E-17	7.548369E-18
1.066256E+04	1.297945E-17	7.559528E-18
1.066316E+04	1.295930E-17	7.506445E-18
1.066376E+04	1.302137E-17	7.508781E-18
1.066436E+04	1.302939E-17	7.514629E-18
1.066496E+04	1.302501E-17	7.500024E-18
1.066556E+04	1.302289E-17	7.511918E-18
1.066616E+04	1.303203E-17	7.514152E-18
1.066676E+04	1.309185E-17	7.534250E-18
1.066736E+04	1.310550E-17	7.538049E-18
1.066796E+04	1.309099E-17	7.533160E-18
1.066856E+04	1.307197E-17	7.549755E-18
1.066916E+04	1.307435E-17	7.449472E-18
1.066976E+04	1.304407E-17	7.253141E-18
1.067036E+04	1.301604E-17	7.254269E-18
1.067096E+04	1.303307E-17	7.279635E-18
1.067156E+04	1.304108E-17	7.367630E-18
1.067216E+04	1.305360E-17	7.347180E-18
1.067276E+04	1.300079E-17	7.331835E-18
1.067336E+04	1.292320E-17	7.294381E-18
1.067396E+04	1.297627E-17	7.227623E-18
1.067456E+04	1.294035E-17	7.188305E-18
1.067516E+04	1.296301E-17	7.186836E-18
1.067576E+04	1.290795E-17	7.071181E-18
1.067636E+04	1.289568E-17	7.074239E-18
1.067696E+04	1.292735E-17	7.036330E-18
1.067756E+04	1.287341E-17	6.961802E-18
1.067816E+04	1.288143E-17	6.823454E-18
1.067876E+04	1.289282E-17	6.873481E-18
1.067936E+04	1.289745E-17	6.871134E-18
1.067996E+04	1.280746E-17	6.848400E-18
1.068056E+04	1.272197E-17	6.828091E-18
1.068116E+04	1.263648E-17	6.806300E-18
1.068176E+04	1.267829E-17	6.883276E-18
1.068236E+04	1.259280E-17	6.812600E-18
1.068296E+04	1.258279E-17	6.802078E-18
1.068356E+04	1.254235E-17	6.783927E-18
1.068416E+04	1.250981E-17	6.774204E-18
1.068476E+04	1.258542E-17	6.799776E-18
1.068536E+04	1.255287E-17	6.701890E-18
1.068596E+04	1.252032E-17	6.674029E-18
1.068656E+04	1.242130E-17	6.577444E-18
1.068716E+04	1.245523E-17	6.654319E-18
1.068776E+04	1.245197E-17	6.638105E-18
1.068836E+04	1.243858E-17	6.634348E-18
1.068896E+04	1.249278E-17	6.825714E-18
1.068956E+04	1.251995E-17	6.916801E-18
1.069016E+04	1.252796E-17	6.948682E-18
1.069076E+04	1.256076E-17	6.958755E-18
1.069136E+04	1.259920E-17	6.930269E-18
1.069197E+04	1.265341E-17	6.949194E-18
1.069257E+04	1.264001E-17	6.956179E-18
1.069317E+04	1.258831E-17	6.938257E-18
1.069377E+04	1.263125E-17	6.892192E-18
1.069437E+04	1.257729E-17	6.875693E-18
1.069497E+04	1.257179E-17	6.872919E-18
1.069557E+04	1.252797E-17	6.862859E-18
1.069617E+04	1.251682E-17	6.859634E-18
1.069677E+04	1.249329E-17	6.843365E-18
1.069737E+04	1.249454E-17	6.862614E-18
1.069917E+04	1.253098E-17	7.020920E-18
1.069977E+04	1.250180E-17	7.018295E-18
1.070037E+04	1.249291E-17	7.045528E-18
1.070097E+04	1.252008E-17	7.161863E-18
1.070157E+04	1.248866E-17	7.158660E-18
1.070217E+04	1.253724E-17	7.170440E-18
1.070277E+04	1.254300E-17	7.080566E-18
1.070337E+04	1.257806E-17	7.088956E-18
1.070397E+04	1.259397E-17	7.092732E-18
1.070457E+04	1.266622E-17	7.060276E-18
1.070517E+04	1.269678E-17	7.016389E-18
1.070577E+04	1.275776E-17	6.993841E-18
1.070637E+04	1.284016E-17	7.007405E-18
1.070697E+04	1.285945E-17	7.019517E-18
1.070757E+04	1.284718E-17	7.024023E-18
1.070817E+04	1.290254E-17	7.059081E-18
1.070877E+04	1.291732E-17	7.063302E-18
1.070937E+04	1.305946E-17	7.067152E-18
1.070997E+04	1.314413E-17	7.066118E-18
1.071057E+04	1.319723E-17	7.087327E-18
1.071117E+04	1.325259E-17	7.106017E-18
1.071177E+04	1.320539E-17	7.155761E-18
1.071237E+04	1.324948E-17	7.202139E-18
1.071297E+04	1.326765E-17	7.199046E-18
1.071357E+04	1.332076E-17	7.204053E-18
1.071417E+04	1.336147E-17	7.214024E-18
1.071477E+04	1.333681E-17	7.209270E-18
1.071537E+04	1.329524E-17	7.321727E-18
1.071597E+04	1.332130E-17	7.368022E-18
1.071657E+04	1.327747E-17	7.352013E-18
1.071777E+04	1.322363E-17	7.316772E-18
1.071837E+04	1.316627E-17	7.259608E-18
1.071897E+04	1.319684E-17	7.236905E-18
1.071957E+04	1.321839E-17	7.254350E-18
1.072017E+04	1.321176E-17	7.248994E-18
1.072077E+04	1.320513E-17	7.273398E-18
1.072197E+04	1.325726E-17	7.355901E-18
1.072257E+04	1.324499E-17	7.345303E-18
1.072317E+04	1.328458E-17	7.356419E-18
1.072377E+04	1.332868E-17	7.285472E-18
1.072437E+04	1.337842E-17	7.299902E-18
1.072497E+04	1.339998E-17	7.318557E-18
1.072557E+04	1.348354E-17	7.355827E-18
1.072617E+04	1.346225E-17	7.291847E-18
1.072677E+04	1.349847E-17	7.423168E-18
1.072737E+04	1.352792E-17	7.470863E-18
1.072797E+04	1.356300E-17	7.473137E-18
1.072857E+04	1.357329E-17	7.501380E-18
1.072917E+04	1.352720E-17	7.423928E-18
1.072977E+04	1.351381E-17	7.521486E-18
1.073037E+04	1.361316E-17	7.597895E-18
1.073157E+04	1.371153E-17	7.662921E-18
1.073217E+04	1.376015E-17	7.687766E-18
1.073276E+04	1.373774E-17	7.689884E-18
1.073338E+04	1.373563E-17	7.710803E-18
1.073397E+04	1.376057E-17	7.839840E-18
1.073457E+04	1.382047E-17	7.857228E-18
1.073517E+04	1.387474E-17	7.866957E-18
1.073577E+04	1.390194E-17	7.848559E-18
1.073637E+04	1.390546E-17	7.854175E-18
1.073697E+04	1.394394E-17	7.730362E-18
1.073757E+04	1.398242E-17	7.674663E-18
1.073817E+04	1.402880E-17	7.748546E-18
1.073877E+04	1.408419E-17	7.776358E-18
1.073937E+04	1.410238E-17	7.776713E-18
1.073997E+04	1.412282E-17	7.775686E-18
1.074057E+04	1.408801E-17	7.740768E-18
1.074117E+04	1.402049E-17	7.721480E-18
1.074177E+04	1.402627E-17	7.723882E-18
1.074237E+04	1.403769E-17	7.727263E-18
1.074297E+04	1.403896E-17	7.727597E-18
1.074417E+04	1.410578E-17	7.747464E-18
1.074537E+04	1.411847E-17	7.757360E-18
1.074597E+04	1.418064E-17	7.781262E-18
1.074657E+04	1.414470E-17	7.745917E-18
1.074717E+04	1.420236E-17	7.625004E-18
1.074777E+04	1.420250E-17	7.615273E-18
1.074837E+04	1.415866E-17	7.607376E-18
1.074897E+04	1.411144E-17	7.510129E-18
1.074957E+04	1.417361E-17	7.648726E-18
1.075017E+04	1.414443E-17	7.640370E-18
1.075137E+04	1.424059E-17	7.675069E-18
1.075257E+04	1.422509E-17	7.692656E-18
1.075317E+04	1.427712E-17	7.759595E-18
1.075377E+04	1.432689E-17	7.809500E-18
1.075437E+04	1.444886E-17	7.868351E-18
1.075497E+04	1.450879E-17	7.880415E-18
1.075557E+04	1.451457E-17	7.934975E-18
1.075617E+04	1.456322E-17	7.990017E-18
1.075677E+04	1.459496E-17	7.979196E-18
1.075737E+04	1.467745E-17	7.983720E-18
1.075797E+04	1.471595E-17	7.978049E-18
1.075857E+04	1.473866E-17	8.016532E-18
1.075917E+04	1.480988E-17	8.083952E-18
1.075977E+04	1.483485E-17	8.088455E-18
1.076037E+04	1.480341E-17	8.140911E-18
1.076097E+04	1.482048E-17	8.128083E-18
1.076157E+04	1.481612E-17	8.123995E-18
1.076217E+04	1.485124E-17	8.142666E-18
1.076277E+04	1.483222E-17	8.142979E-18
1.076337E+04	1.491021E-17	8.160718E-18
1.076397E+04	1.499610E-17	8.174988E-18
1.076457E+04	1.498271E-17	8.064354E-18
1.076517E+04	1.508214E-17	8.045342E-18
1.076577E+04	1.504394E-17	8.025462E-18
1.076637E+04	1.504748E-17	8.024044E-18
1.076697E+04	1.509614E-17	7.985933E-18
1.076757E+04	1.502184E-17	7.966988E-18
1.076817E+04	1.495430E-17	7.994014E-18
1.076877E+04	1.494204E-17	7.970312E-18
1.076937E+04	1.492076E-17	7.957595E-18
1.076997E+04	1.491301E-17	7.961942E-18
1.077057E+04	1.489399E-17	7.996684E-18
1.077117E+04	1.491896E-17	8.017356E-18
1.077177E+04	1.486947E-17	7.986105E-18
1.077297E+04	1.486526E-17	7.981831E-18
1.077418E+04	1.480125E-17	7.945550E-18
1.077478E+04	1.474725E-17	7.921068E-18
1.077538E+04	1.469888E-17	7.927608E-18
1.077598E+04	1.466856E-17	7.782651E-18
1.077658E+04	1.455136E-17	7.711800E-18
1.077718E+04	1.447930E-17	7.690116E-18
1.077778E+04	1.441851E-17	7.649510E-18
1.077838E+04	1.428438E-17	7.613596E-18
1.077898E+04	1.432741E-17	7.550528E-18
1.077958E+04	1.433658E-17	7.530758E-18
1.078018E+04	1.431867E-17	7.501444E-18
1.078078E+04	1.429287E-17	7.488885E-18
1.078138E+04	1.428173E-17	7.470367E-18
1.078198E+04	1.427511E-17	7.454040E-18
1.078258E+04	1.428879E-17	7.308249E-18
1.078318E+04	1.416593E-17	7.331634E-18
1.078378E+04	1.415931E-17	7.322244E-18
1.078438E+04	1.413124E-17	7.353367E-18
1.078498E+04	1.408737E-17	7.363618E-18
1.078558E+04	1.405818E-17	7.370740E-18
1.078618E+04	1.398497E-17	7.385834E-18
1.078678E+04	1.395690E-17	7.282330E-18
1.078738E+04	1.392657E-17	7.262305E-18
1.078798E+04	1.387367E-17	7.275294E-18
1.078858E+04	1.389300E-17	7.290880E-18
1.078918E+04	1.388185E-17	7.280846E-18
1.078978E+04	1.388200E-17	7.296658E-18
1.079038E+04	1.385505E-17	7.302981E-18
1.079098E+04	1.380779E-17	7.302694E-18
1.079158E+04	1.388130E-17	7.410060E-18
1.079218E+04	1.389498E-17	7.408585E-18
1.079278E+04	1.386578E-17	7.396955E-18
1.079338E+04	1.387947E-17	7.396016E-18
1.079398E+04	1.380737E-17	7.375827E-18
1.079458E+04	1.377140E-17	7.365263E-18
1.079518E+04	1.373993E-17	7.352153E-18
1.079578E+04	1.370960E-17	7.330632E-18
1.079638E+04	1.373909E-17	7.330509E-18
1.079698E+04	1.372343E-17	7.241504E-18
1.079758E+04	1.372470E-17	7.242143E-18
1.079818E+04	1.368646E-17	7.242243E-18
1.079878E+04	1.370918E-17	7.225145E-18
1.079938E+04	1.371496E-17	7.186984E-18
1.079998E+04	1.373768E-17	7.152597E-18
1.080058E+04	1.377395E-17	7.149106E-18
1.080118E+04	1.379102E-17	7.154211E-18
1.080178E+04	1.385551E-17	7.156824E-18
1.080238E+04	1.385565E-17	7.116895E-18
1.080298E+04	1.385466E-17	7.132574E-18
1.080358E+04	1.387061E-17	7.149673E-18
1.080418E+04	1.387640E-17	7.137577E-18
1.080478E+04	1.385396E-17	7.044689E-18
1.080538E+04	1.383943E-17	6.999940E-18
1.080598E+04	1.380909E-17	7.025553E-18
1.080658E+04	1.373021E-17	6.959781E-18
1.080718E+04	1.367616E-17	6.924707E-18
1.080778E+04	1.372936E-17	6.926839E-18
1.080838E+04	1.369112E-17	6.909194E-18
1.080898E+04	1.363030E-17	6.885826E-18
1.080958E+04	1.355705E-17	6.858844E-18
1.081018E+04	1.358429E-17	6.859414E-18
1.081078E+04	1.357427E-17	6.853739E-18
1.081138E+04	1.353602E-17	6.843339E-18
1.081198E+04	1.350681E-17	6.833845E-18
1.081258E+04	1.352501E-17	6.839144E-18
1.081318E+04	1.354547E-17	6.847606E-18
1.081378E+04	1.351513E-17	6.832622E-18
1.081438E+04	1.345769E-17	6.747620E-18
1.081498E+04	1.346460E-17	6.738841E-18
1.081559E+04	1.345797E-17	6.726829E-18
1.081619E+04	1.342310E-17	6.644003E-18
1.081679E+04	1.344470E-17	6.592039E-18
1.081739E+04	1.345161E-17	6.594126E-18
1.081799E+04	1.337497E-17	6.570546E-18
1.081859E+04	1.334800E-17	6.572416E-18
1.081919E+04	1.328830E-17	6.563719E-18
1.081979E+04	1.317890E-17	6.539218E-18
1.082039E+04	1.311128E-17	6.465803E-18
1.082099E+04	1.308884E-17	6.466363E-18
1.082159E+04	1.306413E-17	6.470467E-18
1.082219E+04	1.302022E-17	6.454128E-18
1.082279E+04	1.299100E-17	6.444263E-18
1.082339E+04	1.293693E-17	6.373673E-18
1.082399E+04	1.291448E-17	6.429709E-18
1.082459E+04	1.288186E-17	6.404676E-18
1.082519E+04	1.283343E-17	6.372228E-18
1.082579E+04	1.282227E-17	6.401935E-18
1.082639E+04	1.287210E-17	6.413630E-18
1.082699E+04	1.292305E-17	6.527545E-18
1.082759E+04	1.297739E-17	6.545227E-18
1.082819E+04	1.303964E-17	6.457944E-18
1.082879E+04	1.306350E-17	6.426456E-18
1.082939E+04	1.310090E-17	6.410993E-18
1.082999E+04	1.310556E-17	6.377042E-18
1.083059E+04	1.306616E-17	6.350716E-18
1.083119E+04	1.303129E-17	6.295490E-18
1.083179E+04	1.302465E-17	6.326036E-18
1.083239E+04	1.301688E-17	6.328421E-18
1.083299E+04	1.298990E-17	6.441698E-18
1.083419E+04	1.295177E-17	6.631566E-18
1.083479E+04	1.285590E-17	6.601984E-18
1.083539E+04	1.281311E-17	6.677857E-18
1.083599E+04	1.274434E-17	6.644851E-18
1.083659E+04	1.272189E-17	6.672676E-18
1.083719E+04	1.263504E-17	6.620651E-18
1.083779E+04	1.255272E-17	6.596580E-18
1.083839E+04	1.251557E-17	6.672808E-18
1.083899E+04	1.245923E-17	6.661247E-18
1.083959E+04	1.246613E-17	6.665287E-18
1.084079E+04	1.248560E-17	6.673796E-18
1.084139E+04	1.245975E-17	6.674305E-18
1.084199E+04	1.245762E-17	6.690468E-18
1.084259E+04	1.249841E-17	6.691457E-18
1.084439E+04	1.245362E-17	6.629249E-18
1.084499E+04	1.246617E-17	6.644568E-18
1.084559E+04	1.246291E-17	6.629638E-18
1.084619E+04	1.248903E-17	6.637417E-18
1.084679E+04	1.241686E-17	6.601236E-18
1.084739E+04	1.245427E-17	6.624204E-18
1.084799E+04	1.243745E-17	6.618940E-18
1.084859E+04	1.247486E-17	6.640019E-18
1.084919E+04	1.241624E-17	6.650545E-18
1.084979E+04	1.251467E-17	6.684846E-18
1.085039E+04	1.256112E-17	6.679360E-18
1.085099E+04	1.262452E-17	6.679183E-18
1.085159E+04	1.263256E-17	6.680091E-18
1.085219E+04	1.263156E-17	6.675105E-18
1.085279E+04	1.270400E-17	6.678240E-18
1.085339E+04	1.260132E-17	6.609879E-18
1.085399E+04	1.261049E-17	6.637464E-18
1.085459E+04	1.261627E-17	6.629962E-18
1.085519E+04	1.264013E-17	6.635518E-18
1.085579E+04	1.272162E-17	6.664835E-18
1.085640E+04	1.269237E-17	6.679058E-18
1.085700E+04	1.264392E-17	6.750110E-18
1.085760E+04	1.263049E-17	6.746614E-18
1.085820E+04	1.265097E-17	6.754155E-18
1.085880E+04	1.266466E-17	6.759717E-18
1.085940E+04	1.266366E-17	6.762968E-18
1.086000E+04	1.265814E-17	6.760717E-18
1.086060E+04	1.266619E-17	6.761205E-18
1.086120E+04	1.268327E-17	6.777422E-18
1.086180E+04	1.269696E-17	6.782297E-18
1.086240E+04	1.270726E-17	6.830346E-18
1.086300E+04	1.270401E-17	6.823696E-18
1.086360E+04	1.273465E-17	6.825751E-18
1.086420E+04	1.277095E-17	6.829182E-18
1.086480E+04	1.275865E-17	6.853170E-18
1.086540E+04	1.279043E-17	6.859758E-18
1.086600E+04	1.282786E-17	6.883683E-18
1.086659E+04	1.285511E-17	6.883314E-18
1.086719E+04	1.292419E-17	6.908276E-18
1.086779E+04	1.285425E-17	6.878112E-18
1.086839E+04	1.285439E-17	6.870492E-18
1.086899E+04	1.285678E-17	6.863161E-18
1.086959E+04	1.290891E-17	6.883288E-18
1.087019E+04	1.288305E-17	6.878520E-18
1.087079E+04	1.294760E-17	6.897036E-18
1.087139E+04	1.300990E-17	6.855068E-18
1.087199E+04	1.304169E-17	6.863758E-18
1.087259E+04	1.301809E-17	6.856292E-18
1.087319E+04	1.309621E-17	6.838293E-18
1.087379E+04	1.312687E-17	6.847327E-18
1.087439E+04	1.317561E-17	6.768899E-18
1.087499E+04	1.323339E-17	6.785810E-18
1.087559E+04	1.320527E-17	6.775933E-18
1.087619E+04	1.322349E-17	6.768013E-18
1.087679E+04	1.322363E-17	6.750696E-18
1.087739E+04	1.326899E-17	6.789182E-18
1.087799E+04	1.322843E-17	6.775655E-18
1.087859E+04	1.326474E-17	6.806270E-18
1.087919E+04	1.329879E-17	6.800501E-18
1.087979E+04	1.330233E-17	6.812907E-18
1.088039E+04	1.331490E-17	6.671123E-18
1.088099E+04	1.336252E-17	6.476914E-18
1.088159E+04	1.338866E-17	6.484602E-18
1.088219E+04	1.342723E-17	6.379283E-18
1.088279E+04	1.345903E-17	6.395058E-18
1.088339E+04	1.353491E-17	6.362846E-18
1.088399E+04	1.357462E-17	6.339925E-18
1.088459E+04	1.363468E-17	6.361034E-18
1.088519E+04	1.372074E-17	6.333925E-18
1.088579E+04	1.383845E-17	6.378085E-18
1.088639E+04	1.392452E-17	6.429030E-18
1.088699E+04	1.398232E-17	6.445236E-18
1.088759E+04	1.408874E-17	6.524155E-18
1.088819E+04	1.408776E-17	6.478810E-18
1.088879E+04	1.411956E-17	6.511781E-18
1.088939E+04	1.418076E-17	6.537751E-18
1.088999E+04	1.418996E-17	6.533602E-18
1.089059E+04	1.421498E-17	6.542399E-18
1.089119E+04	1.426375E-17	6.562487E-18
1.089179E+04	1.427294E-17	6.569256E-18
1.089239E+04	1.431493E-17	6.579315E-18
1.089299E+04	1.433656E-17	6.570158E-18
1.089359E+04	1.439664E-17	6.581495E-18
1.089419E+04	1.441488E-17	6.535579E-18
1.089479E+04	1.444556E-17	6.521068E-18
1.089539E+04	1.445815E-17	6.538131E-18
1.089599E+04	1.445491E-17	6.587750E-18
1.089659E+04	1.450368E-17	6.608913E-18
1.089719E+04	1.456490E-17	6.662170E-18
1.089840E+04	1.464775E-17	6.718402E-18
1.089900E+04	1.473045E-17	6.771715E-18
1.089960E+04	1.468312E-17	6.726049E-18
1.090020E+04	1.465726E-17	6.727255E-18
1.090080E+04	1.463028E-17	6.724256E-18
1.090140E+04	1.459425E-17	6.713750E-18
1.090200E+04	1.467695E-17	6.723273E-18
1.090260E+04	1.465788E-17	6.619458E-18
1.090320E+04	1.470667E-17	6.639375E-18
1.090380E+04	1.472492E-17	6.647789E-18
1.090440E+04	1.470132E-17	6.635240E-18
1.090500E+04	1.468904E-17	6.630551E-18
1.090560E+04	1.471521E-17	6.640369E-18
1.090620E+04	1.475042E-17	6.670799E-18
1.090680E+04	1.476980E-17	6.679768E-18
1.090740E+04	1.481520E-17	6.700282E-18
1.090800E+04	1.491374E-17	6.695363E-18
1.090860E+04	1.489581E-17	6.723605E-18
1.090920E+04	1.492763E-17	6.759553E-18
1.090980E+04	1.491309E-17	6.753597E-18
1.091040E+04	1.493021E-17	6.717647E-18
1.091100E+04	1.493716E-17	6.715776E-18
1.091160E+04	1.495202E-17	6.693250E-18
1.091220E+04	1.490467E-17	6.676102E-18
1.091280E+04	1.494329E-17	6.672872E-18
1.091340E+04	1.492196E-17	6.685383E-18
1.091400E+04	1.486217E-17	6.721092E-18
1.091460E+04	1.477749E-17	6.694404E-18
1.091520E+04	1.477426E-17	6.673126E-18
1.091580E+04	1.468506E-17	6.641954E-18
1.091640E+04	1.464789E-17	6.627840E-18
1.091700E+04	1.460619E-17	6.670618E-18
1.091760E+04	1.462105E-17	6.675373E-18
1.091820E+04	1.467211E-17	6.704957E-18
1.091880E+04	1.462476E-17	6.712166E-18
1.091940E+04	1.459098E-17	6.702529E-18
1.092000E+04	1.454136E-17	6.686509E-18
1.092060E+04	1.449627E-17	6.702972E-18
1.092120E+04	1.449190E-17	6.700962E-18
1.092180E+04	1.440947E-17	6.683122E-18
1.092240E+04	1.441415E-17	6.739896E-18
1.092300E+04	1.444032E-17	6.797117E-18
1.092360E+04	1.442238E-17	6.806598E-18
1.092420E+04	1.441122E-17	6.782067E-18
1.092660E+04	1.435300E-17	6.796754E-18
1.092720E+04	1.431016E-17	6.862601E-18
1.092780E+04	1.428995E-17	6.995448E-18
1.092840E+04	1.429011E-17	7.002633E-18
1.092900E+04	1.427442E-17	7.010761E-18
1.092960E+04	1.424402E-17	7.001308E-18
1.093020E+04	1.425210E-17	7.008540E-18
1.093080E+04	1.421039E-17	6.995397E-18
1.093140E+04	1.415849E-17	6.934031E-18
1.093200E+04	1.415864E-17	6.932881E-18
1.093260E+04	1.415879E-17	6.905488E-18
1.093320E+04	1.416008E-17	6.897045E-18
1.093380E+04	1.416136E-17	6.876760E-18
1.093440E+04	1.416377E-17	6.872781E-18
1.093500E+04	1.416619E-17	6.832835E-18
1.093560E+04	1.416860E-17	6.868336E-18
1.093620E+04	1.417215E-17	6.851128E-18
1.093680E+04	1.417569E-17	6.868777E-18
1.093740E+04	1.417811E-17	6.889849E-18
1.093800E+04	1.418279E-17	6.897984E-18
1.093860E+04	1.418860E-17	6.900378E-18
1.093921E+04	1.423741E-17	6.921399E-18
1.093981E+04	1.424209E-17	6.918924E-18
1.094041E+04	1.426374E-17	6.923466E-18
1.094101E+04	1.422994E-17	6.913343E-18
1.094161E+04	1.424481E-17	6.895061E-18
1.094221E+04	1.418725E-17	6.877365E-18
1.094281E+04	1.418740E-17	6.864643E-18
1.094341E+04	1.418981E-17	6.807532E-18
1.094401E+04	1.426239E-17	6.824838E-18
1.094461E+04	1.422520E-17	6.791736E-18
1.094521E+04	1.417103E-17	6.756498E-18
1.094581E+04	1.416665E-17	6.741577E-18
1.094641E+04	1.415775E-17	6.728523E-18
1.094701E+04	1.418054E-17	6.759982E-18
1.094761E+04	1.415127E-17	6.767508E-18
1.094821E+04	1.413670E-17	6.773223E-18
1.094881E+04	1.412327E-17	6.773921E-18
1.094941E+04	1.409966E-17	6.772059E-18
1.095001E+04	1.405567E-17	6.760150E-18
1.095061E+04	1.406827E-17	6.763828E-18
1.095121E+04	1.398014E-17	6.731410E-18
1.095181E+04	1.386937E-17	6.691421E-18
1.095241E+04	1.388876E-17	6.697660E-18
1.095301E+04	1.378025E-17	6.631837E-18
1.095361E+04	1.378719E-17	6.633039E-18
1.095421E+04	1.373980E-17	6.635380E-18
1.095481E+04	1.367204E-17	6.613793E-18
1.095541E+04	1.365634E-17	6.659446E-18
1.095601E+04	1.367912E-17	6.648197E-18
1.095661E+04	1.363739E-17	6.749315E-18
1.095721E+04	1.359905E-17	6.771020E-18
1.095781E+04	1.354033E-17	6.765941E-18
1.095841E+04	1.352350E-17	6.773254E-18
1.095901E+04	1.344214E-17	6.754115E-18
1.095961E+04	1.338229E-17	6.737112E-18
1.096021E+04	1.334168E-17	6.728538E-18
1.096081E+04	1.331466E-17	6.658844E-18
1.096141E+04	1.328424E-17	6.651196E-18
1.096201E+04	1.326287E-17	6.684445E-18
1.096261E+04	1.322792E-17	6.733137E-18
1.096321E+04	1.323712E-17	6.736681E-18
1.096381E+04	1.324632E-17	6.698016E-18
1.096441E+04	1.327023E-17	6.711906E-18
1.096501E+04	1.334057E-17	6.732993E-18
1.096561E+04	1.326712E-17	6.706028E-18
1.096621E+04	1.323783E-17	6.698790E-18
1.096681E+04	1.325722E-17	6.714005E-18
1.096741E+04	1.324491E-17	6.693329E-18
1.096801E+04	1.319071E-17	6.673984E-18
1.096861E+04	1.318519E-17	6.726036E-18
1.096921E+04	1.313438E-17	6.711161E-18
1.096981E+04	1.318661E-17	6.669816E-18
1.097041E+04	1.319807E-17	6.658302E-18
1.097101E+04	1.322425E-17	6.672810E-18
1.097161E+04	1.323006E-17	6.627608E-18
1.097221E+04	1.327322E-17	6.578655E-18
1.097281E+04	1.331300E-17	6.456217E-18
1.097401E+04	1.330989E-17	6.472508E-18
1.097461E+04	1.330437E-17	6.461922E-18
1.097581E+04	1.331711E-17	6.465875E-18
1.097641E+04	1.330933E-17	6.456178E-18
1.097701E+04	1.330947E-17	6.458555E-18
1.097761E+04	1.331414E-17	6.558817E-18
1.097821E+04	1.329730E-17	6.552590E-18
1.097881E+04	1.328952E-17	6.564519E-18
1.097941E+04	1.324890E-17	6.588987E-18
1.098002E+04	1.324338E-17	6.598881E-18
1.098062E+04	1.325145E-17	6.614354E-18
1.098122E+04	1.324480E-17	6.614895E-18
1.098182E+04	1.330156E-17	6.609888E-18
1.098242E+04	1.335493E-17	6.627847E-18
1.098302E+04	1.340377E-17	6.624472E-18
1.098362E+04	1.338580E-17	6.597647E-18
1.098422E+04	1.339387E-17	6.613457E-18
1.098482E+04	1.342459E-17	6.653030E-18
1.098542E+04	1.344286E-17	6.682714E-18
1.098602E+04	1.344867E-17	6.733099E-18
1.098662E+04	1.352922E-17	6.764673E-18
1.098722E+04	1.357920E-17	6.835301E-18
1.098782E+04	1.361785E-17	6.859644E-18
1.098842E+04	1.364632E-17	6.867489E-18
1.098902E+04	1.366572E-17	6.902878E-18
1.098962E+04	1.367719E-17	6.925639E-18
1.099022E+04	1.368074E-17	7.001543E-18
1.099082E+04	1.367862E-17	6.998031E-18
1.099142E+04	1.367084E-17	6.988826E-18
1.099202E+04	1.365740E-17	6.978418E-18
1.099262E+04	1.364282E-17	6.996816E-18
1.099322E+04	1.362371E-17	6.967271E-18
1.099382E+04	1.360347E-17	6.926582E-18
1.099442E+04	1.360022E-17	6.910171E-18
1.099502E+04	1.365814E-17	6.909761E-18
1.099562E+04	1.365828E-17	6.890624E-18
1.099622E+04	1.369355E-17	6.942108E-18
1.099682E+04	1.367784E-17	6.947445E-18
1.099742E+04	1.367799E-17	6.942711E-18
1.099802E+04	1.365774E-17	6.947488E-18
1.099862E+04	1.367375E-17	6.952809E-18
1.099922E+04	1.370788E-17	6.966227E-18
1.099982E+04	1.372049E-17	6.986402E-18
1.100042E+04	1.370025E-17	6.973445E-18
1.100101E+04	1.364489E-17	6.996155E-18
1.100161E+04	1.364957E-17	6.940268E-18
1.100221E+04	1.374148E-17	6.969979E-18
1.100281E+04	1.375183E-17	6.871333E-18
1.100341E+04	1.372139E-17	6.832074E-18
1.100401E+04	1.374533E-17	6.823438E-18
1.100461E+04	1.371715E-17	6.803758E-18
1.100521E+04	1.374449E-17	6.805122E-18
1.100581E+04	1.373558E-17	6.795952E-18
1.100641E+04	1.372327E-17	6.773646E-18
1.100701E+04	1.374381E-17	6.769629E-18
1.100761E+04	1.372017E-17	6.754992E-18
1.100881E+04	1.377258E-17	6.727616E-18
1.100941E+04	1.375007E-17	6.681785E-18
1.101001E+04	1.375362E-17	6.680858E-18
1.101061E+04	1.376057E-17	6.679950E-18
1.101121E+04	1.378791E-17	6.719755E-18
1.101181E+04	1.384358E-17	6.733810E-18
1.101241E+04	1.384940E-17	6.701119E-18
1.101301E+04	1.393566E-17	6.726645E-18
1.101361E+04	1.397207E-17	6.717740E-18
1.101421E+04	1.403908E-17	6.760697E-18
1.101481E+04	1.404603E-17	6.793784E-18
1.101541E+04	1.404391E-17	6.736489E-18
1.101601E+04	1.403274E-17	6.697773E-18
1.101661E+04	1.401363E-17	6.675987E-18
1.101721E+04	1.398658E-17	6.655764E-18
1.101781E+04	1.395387E-17	6.633654E-18
1.101841E+04	1.391323E-17	6.591009E-18
1.101901E+04	1.386805E-17	6.560475E-18
1.101961E+04	1.382288E-17	6.545490E-18
1.102021E+04	1.377430E-17	6.506232E-18
1.102081E+04	1.372232E-17	6.486106E-18
1.102142E+04	1.371794E-17	6.488270E-18
1.102202E+04	1.374415E-17	6.501495E-18
1.102262E+04	1.377490E-17	6.524925E-18
1.102322E+04	1.369459E-17	6.428495E-18
1.102382E+04	1.371174E-17	6.439158E-18
1.102442E+04	1.369036E-17	6.425736E-18
1.102502E+04	1.366104E-17	6.383247E-18
1.102562E+04	1.366346E-17	6.373263E-18
1.102622E+04	1.367041E-17	6.363305E-18
1.102682E+04	1.365469E-17	6.355172E-18
1.102742E+04	1.363330E-17	6.329764E-18
1.102802E+04	1.366519E-17	6.346155E-18
1.102862E+04	1.359167E-17	6.313504E-18
1.102922E+04	1.354421E-17	6.302667E-18
1.103042E+04	1.347763E-17	6.273723E-18
1.103102E+04	1.351859E-17	6.239073E-18
1.103162E+04	1.347340E-17	6.200160E-18
1.103222E+04	1.349621E-17	6.173947E-18
1.103282E+04	1.344989E-17	6.147629E-18
1.103342E+04	1.338316E-17	6.070689E-18
1.103402E+04	1.335497E-17	6.052137E-18
1.103462E+04	1.334265E-17	6.047026E-18
1.103522E+04	1.334846E-17	6.027496E-18
1.103582E+04	1.329079E-17	6.016750E-18
1.103642E+04	1.322066E-17	5.921653E-18
1.103702E+04	1.318680E-17	5.910476E-18
1.103762E+04	1.312233E-17	5.906273E-18
1.103822E+04	1.316101E-17	5.916807E-18
1.103882E+04	1.312715E-17	5.920349E-18
1.103942E+04	1.306494E-17	5.890150E-18
1.104002E+04	1.312064E-17	5.940210E-18
1.104062E+04	1.318200E-17	5.953467E-18
1.104122E+04	1.312659E-17	5.929838E-18
1.104182E+04	1.313127E-17	5.940638E-18
1.104242E+04	1.305319E-17	5.856138E-18
1.104302E+04	1.311909E-17	5.863969E-18
1.104362E+04	1.318839E-17	5.900376E-18
1.104422E+04	1.318853E-17	5.882503E-18
1.104482E+04	1.312859E-17	5.861029E-18
1.104542E+04	1.306978E-17	5.840180E-18
1.104602E+04	1.314135E-17	5.841025E-18
1.104662E+04	1.309954E-17	5.814937E-18
1.104722E+04	1.313710E-17	5.787386E-18
1.104782E+04	1.319734E-17	5.805110E-18
1.104842E+04	1.315780E-17	5.788270E-18
1.104902E+04	1.319423E-17	5.798609E-18
1.104962E+04	1.317736E-17	5.790889E-18
1.105022E+04	1.320245E-17	5.798287E-18
1.105082E+04	1.313910E-17	5.774981E-18
1.105142E+04	1.318347E-17	5.795304E-18
1.105202E+04	1.319268E-17	5.828359E-18
1.105262E+04	1.314634E-17	5.816944E-18
1.105322E+04	1.313968E-17	5.825434E-18
1.105382E+04	1.314436E-17	5.850090E-18
1.105442E+04	1.316605E-17	5.861536E-18
1.105502E+04	1.319568E-17	5.833569E-18
1.105562E+04	1.319469E-17	5.841790E-18
1.105622E+04	1.317669E-17	5.886325E-18
1.105682E+04	1.314168E-17	5.916831E-18
1.105742E+04	1.310441E-17	5.954711E-18
1.105802E+04	1.306373E-17	5.972864E-18
1.105862E+04	1.302191E-17	5.973709E-18
1.105922E+04	1.297783E-17	5.967352E-18
1.105982E+04	1.293034E-17	5.913954E-18
1.106042E+04	1.287945E-17	5.864235E-18
1.106102E+04	1.282629E-17	5.845800E-18
1.106162E+04	1.276973E-17	5.832380E-18
1.106222E+04	1.271090E-17	5.827406E-18
1.106283E+04	1.271444E-17	5.855447E-18
1.106343E+04	1.271912E-17	5.900169E-18
1.106403E+04	1.278844E-17	6.003538E-18
1.106463E+04	1.285323E-17	6.069618E-18
1.106523E+04	1.289420E-17	6.087710E-18
1.106583E+04	1.292270E-17	6.097132E-18
1.106643E+04	1.295913E-17	6.107515E-18
1.106703E+04	1.295701E-17	6.111354E-18
1.106763E+04	1.302520E-17	6.148662E-18
1.106823E+04	1.310474E-17	6.154834E-18
1.106883E+04	1.311623E-17	6.144547E-18
1.106943E+04	1.316855E-17	6.156860E-18
1.107063E+04	1.311326E-17	6.154823E-18
1.107183E+04	1.307272E-17	6.156568E-18
1.107243E+04	1.301161E-17	6.143814E-18
1.107303E+04	1.301969E-17	6.201469E-18
1.107363E+04	1.296312E-17	6.190198E-18
1.107423E+04	1.286344E-17	6.162369E-18
1.107483E+04	1.287606E-17	6.158758E-18
1.107543E+04	1.286032E-17	6.152991E-18
1.107603E+04	1.287408E-17	6.158915E-18
1.107663E+04	1.292867E-17	6.160011E-18
1.107723E+04	1.285848E-17	6.180565E-18
1.107783E+04	1.284161E-17	6.172749E-18
1.107843E+04	1.282814E-17	6.213547E-18
1.107903E+04	1.284643E-17	6.241397E-18
1.107963E+04	1.288628E-17	6.261121E-18
1.108023E+04	1.289209E-17	6.260765E-18
1.108083E+04	1.290245E-17	6.267804E-18
1.108143E+04	1.289351E-17	6.255956E-18
1.108203E+04	1.288685E-17	6.223448E-18
1.108263E+04	1.293351E-17	6.226449E-18
1.108323E+04	1.296315E-17	6.312282E-18
1.108383E+04	1.301094E-17	6.324039E-18
1.108443E+04	1.306895E-17	6.377763E-18
1.108503E+04	1.310880E-17	6.358190E-18
1.108563E+04	1.310328E-17	6.363674E-18
1.108623E+04	1.306484E-17	6.325530E-18
1.108683E+04	1.314782E-17	6.345614E-18
1.108743E+04	1.319108E-17	6.359605E-18
1.108803E+04	1.327065E-17	6.378170E-18
1.108863E+04	1.338993E-17	6.415787E-18
1.109043E+04	1.345279E-17	6.434481E-18
1.109103E+04	1.349832E-17	6.446918E-18
1.109163E+04	1.353025E-17	6.473224E-18
1.109223E+04	1.351224E-17	6.492487E-18
1.109283E+04	1.351239E-17	6.497994E-18
1.109343E+04	1.356587E-17	6.579918E-18
1.109403E+04	1.350588E-17	6.616817E-18
1.109463E+04	1.344475E-17	6.618494E-18
1.109523E+04	1.345852E-17	6.633112E-18
1.109583E+04	1.343711E-17	6.634937E-18
1.109643E+04	1.341229E-17	6.629863E-18
1.109703E+04	1.346351E-17	6.645873E-18
1.109763E+04	1.344437E-17	6.638621E-18
1.109823E+04	1.349785E-17	6.654734E-18
1.109883E+04	1.350481E-17	6.654646E-18
1.109943E+04	1.346751E-17	6.669182E-18
1.110003E+04	1.343248E-17	6.720528E-18
1.110063E+04	1.339518E-17	6.715542E-18
1.110123E+04	1.331702E-17	6.698263E-18
1.110183E+04	1.334781E-17	6.731630E-18
1.110243E+04	1.340584E-17	6.761894E-18
1.110303E+04	1.338216E-17	6.770908E-18
1.110364E+04	1.337209E-17	6.744948E-18
1.110424E+04	1.342786E-17	6.725179E-18
1.110484E+04	1.350065E-17	6.704282E-18
1.110544E+04	1.353258E-17	6.711319E-18
1.110604E+04	1.351343E-17	6.706666E-18
1.110664E+04	1.341824E-17	6.752838E-18
1.110724E+04	1.345698E-17	6.771799E-18
1.110784E+04	1.341740E-17	6.770617E-18
1.110844E+04	1.342663E-17	6.812518E-18
1.110904E+04	1.341316E-17	6.815908E-18
1.110964E+04	1.339856E-17	6.803644E-18
1.111024E+04	1.339190E-17	6.795374E-18
1.111084E+04	1.334664E-17	6.763395E-18
1.111144E+04	1.327868E-17	6.680455E-18
1.111204E+04	1.324364E-17	6.639296E-18
1.111264E+04	1.322676E-17	6.637273E-18
1.111324E+04	1.326210E-17	6.653846E-18
1.111384E+04	1.330879E-17	6.679921E-18
1.111444E+04	1.328623E-17	6.666872E-18
1.111504E+04	1.325800E-17	6.664238E-18
1.111564E+04	1.319231E-17	6.661105E-18
1.111624E+04	1.315954E-17	6.717968E-18
1.111684E+04	1.312903E-17	6.812153E-18
1.111744E+04	1.315415E-17	6.832499E-18
1.111804E+04	1.319403E-17	6.858777E-18
1.111864E+04	1.312152E-17	6.929435E-18
1.111924E+04	1.303312E-17	6.882243E-18
1.111984E+04	1.291973E-17	6.921719E-18
1.112044E+04	1.287787E-17	6.904511E-18
1.112104E+04	1.280763E-17	6.924200E-18
1.112164E+04	1.278052E-17	6.965490E-18
1.112224E+04	1.271254E-17	6.950555E-18
1.112284E+04	1.262072E-17	6.945287E-18
1.112344E+04	1.258339E-17	6.888764E-18
1.112404E+04	1.266869E-17	6.919702E-18
1.112464E+04	1.257573E-17	6.870382E-18
1.112524E+04	1.254635E-17	6.860446E-18
1.112584E+04	1.241251E-17	6.823546E-18
1.112644E+04	1.240697E-17	6.827954E-18
1.112704E+04	1.237418E-17	6.811130E-18
1.112764E+04	1.234139E-17	6.805412E-18
1.112824E+04	1.233245E-17	6.808419E-18
1.112884E+04	1.233485E-17	6.813302E-18
1.112944E+04	1.235997E-17	6.767642E-18
1.113004E+04	1.228858E-17	6.742958E-18
1.113064E+04	1.230461E-17	6.733984E-18
1.113124E+04	1.225478E-17	6.718663E-18
1.113184E+04	1.221404E-17	6.714185E-18
1.113244E+04	1.218238E-17	6.719961E-18
1.113304E+04	1.211893E-17	6.723217E-18
1.113364E+04	1.205661E-17	6.731215E-18
1.113424E+04	1.203971E-17	6.754482E-18
1.113484E+04	1.206483E-17	6.786722E-18
1.113543E+04	1.210811E-17	6.820678E-18
1.113603E+04	1.212756E-17	6.818765E-18
1.113663E+04	1.216744E-17	6.812948E-18
1.113723E+04	1.218688E-17	6.792808E-18
1.113783E+04	1.219951E-17	6.808790E-18
1.113843E+04	1.220874E-17	6.799408E-18
1.113903E+04	1.220547E-17	6.859513E-18
1.113963E+04	1.225103E-17	6.851606E-18
1.114023E+04	1.225003E-17	6.905955E-18
1.114083E+04	1.224222E-17	6.914282E-18
1.114143E+04	1.223100E-17	6.964574E-18
1.114203E+04	1.221978E-17	6.969461E-18
1.114263E+04	1.222105E-17	6.970441E-18
1.114323E+04	1.221665E-17	6.967665E-18
1.114383E+04	1.220543E-17	7.074581E-18
1.114443E+04	1.221352E-17	7.033669E-18
1.114504E+04	1.220798E-17	6.979664E-18
1.114564E+04	1.221152E-17	6.967353E-18
1.114624E+04	1.222643E-17	7.055634E-18
1.114684E+04	1.222543E-17	7.075662E-18
1.114744E+04	1.221421E-17	7.092039E-18
1.114804E+04	1.225410E-17	7.100703E-18
1.114864E+04	1.220994E-17	7.110792E-18
1.114924E+04	1.215555E-17	7.106281E-18
1.114984E+04	1.211025E-17	7.114559E-18
1.115044E+04	1.209221E-17	7.106622E-18
1.115104E+04	1.203441E-17	7.081214E-18
1.115164E+04	1.197775E-17	7.004453E-18
1.115224E+04	1.196993E-17	7.002389E-18
1.115284E+04	1.197348E-17	7.000004E-18
1.115404E+04	1.192717E-17	6.955951E-18
1.115464E+04	1.188300E-17	6.931788E-18
1.115524E+04	1.192630E-17	6.940616E-18
1.115584E+04	1.194802E-17	6.934971E-18
1.115644E+04	1.192771E-17	6.933548E-18
1.115704E+04	1.187672E-17	6.926021E-18
1.115764E+04	1.185186E-17	6.915352E-18
1.115824E+04	1.182927E-17	6.920391E-18
1.115884E+04	1.180327E-17	6.995319E-18
1.115944E+04	1.184771E-17	7.101442E-18
1.116004E+04	1.187284E-17	7.117656E-18
1.116064E+04	1.185253E-17	7.142755E-18
1.116124E+04	1.192424E-17	7.151925E-18
1.116184E+04	1.194369E-17	7.097573E-18
1.116244E+04	1.202791E-17	7.054939E-18
1.116304E+04	1.203713E-17	7.130001E-18
1.116364E+04	1.206681E-17	7.099370E-18
1.116424E+04	1.206467E-17	6.978560E-18
1.116484E+04	1.208981E-17	6.973903E-18
1.116544E+04	1.207631E-17	6.881121E-18
1.116604E+04	1.216735E-17	6.925037E-18
1.116664E+04	1.220157E-17	6.880722E-18
1.116724E+04	1.225853E-17	6.912923E-18
1.116844E+04	1.221903E-17	6.929781E-18
1.116904E+04	1.224076E-17	6.911475E-18
1.116964E+04	1.223295E-17	6.908678E-18
1.117024E+04	1.226263E-17	6.948293E-18
1.117084E+04	1.230709E-17	6.948950E-18
1.117144E+04	1.235723E-17	7.121322E-18
1.117204E+04	1.238237E-17	7.149019E-18
1.117264E+04	1.239956E-17	7.194010E-18
1.117324E+04	1.235538E-17	7.192883E-18
1.117384E+04	1.232029E-17	7.201046E-18
1.117444E+04	1.227611E-17	7.300335E-18
1.117504E+04	1.228420E-17	7.376485E-18
1.117564E+04	1.228093E-17	7.414107E-18
1.117624E+04	1.225948E-17	7.430097E-18
1.117684E+04	1.232099E-17	7.439375E-18
1.117744E+04	1.237568E-17	7.440603E-18
1.117804E+04	1.232809E-17	7.449202E-18
1.117864E+04	1.236119E-17	7.439140E-18
1.117924E+04	1.238747E-17	7.493316E-18
1.117984E+04	1.247740E-17	7.489458E-18
1.118044E+04	1.248095E-17	7.465536E-18
1.118104E+04	1.255156E-17	7.466172E-18
1.118164E+04	1.249942E-17	7.438372E-18
1.118224E+04	1.248478E-17	7.437775E-18
1.118284E+04	1.257131E-17	7.471282E-18
1.118344E+04	1.264306E-17	7.553840E-18
1.118404E+04	1.267731E-17	7.547308E-18
1.118464E+04	1.275361E-17	7.548099E-18
1.118524E+04	1.275944E-17	7.453620E-18
1.118585E+04	1.273799E-17	7.447572E-18
1.118645E+04	1.273927E-17	7.418594E-18
1.118705E+04	1.275874E-17	7.451095E-18
1.118765E+04	1.283050E-17	7.456560E-18
1.118825E+04	1.292045E-17	7.477782E-18
1.118885E+04	1.288308E-17	7.506031E-18
1.118945E+04	1.284458E-17	7.610618E-18
1.119005E+04	1.289247E-17	7.512496E-18
1.119065E+04	1.285396E-17	7.518457E-18
1.119125E+04	1.297348E-17	7.550211E-18
1.119185E+04	1.305775E-17	7.600267E-18
1.119245E+04	1.304312E-17	7.600796E-18
1.119305E+04	1.306032E-17	7.564064E-18
1.119365E+04	1.302864E-17	7.773354E-18
1.119425E+04	1.308222E-17	7.866275E-18
1.119485E+04	1.301416E-17	7.818738E-18
1.119545E+04	1.301999E-17	7.926078E-18
1.119605E+04	1.308153E-17	7.915001E-18
1.119665E+04	1.315786E-17	7.915229E-18
1.119725E+04	1.320121E-17	7.985268E-18
1.119785E+04	1.324115E-17	7.979569E-18
1.119845E+04	1.330384E-17	7.982320E-18
1.119905E+04	1.329831E-17	8.010200E-18
1.119965E+04	1.336213E-17	8.110654E-18
1.120025E+04	1.336569E-17	8.193104E-18
1.120085E+04	1.336812E-17	8.314783E-18
1.120145E+04	1.337168E-17	8.334687E-18
1.120205E+04	1.337525E-17	8.316072E-18
1.120265E+04	1.337995E-17	8.382224E-18
1.120325E+04	1.338465E-17	8.463610E-18
1.120385E+04	1.333591E-17	8.448906E-18
1.120445E+04	1.322917E-17	8.368147E-18
1.120505E+04	1.318156E-17	8.305803E-18
1.120565E+04	1.314646E-17	8.295522E-18
1.120625E+04	1.307838E-17	8.265493E-18
1.120685E+04	1.304555E-17	8.258737E-18
1.120745E+04	1.296496E-17	8.234515E-18
1.120805E+04	1.290143E-17	8.188586E-18
1.120865E+04	1.293456E-17	8.113242E-18
1.120925E+04	1.298929E-17	8.135533E-18
1.120985E+04	1.297011E-17	8.143321E-18
1.121045E+04	1.286335E-17	8.124430E-18
1.121105E+04	1.288852E-17	8.140600E-18
1.121165E+04	1.286137E-17	8.133421E-18
1.121285E+04	1.282755E-17	8.132879E-18
1.121345E+04	1.273444E-17	8.084418E-18
1.121405E+04	1.271980E-17	8.061623E-18
1.121465E+04	1.269151E-17	8.047111E-18
1.121525E+04	1.267459E-17	8.043402E-18
1.121585E+04	1.265995E-17	7.994925E-18
1.121645E+04	1.268512E-17	7.947772E-18
1.121705E+04	1.267275E-17	7.824576E-18
1.121765E+04	1.263878E-17	7.794859E-18
1.121825E+04	1.253542E-17	7.732504E-18
1.121885E+04	1.255376E-17	7.752794E-18
1.121945E+04	1.259940E-17	7.797462E-18
1.122005E+04	1.258476E-17	7.720429E-18
1.122125E+04	1.259870E-17	7.663856E-18
1.122185E+04	1.254766E-17	7.627941E-18
1.122245E+04	1.257851E-17	7.603565E-18
1.122305E+04	1.257069E-17	7.610622E-18
1.122365E+04	1.256174E-17	7.607660E-18
1.122425E+04	1.257212E-17	7.584550E-18
1.122485E+04	1.251880E-17	7.614195E-18
1.122545E+04	1.249619E-17	7.537073E-18
1.122665E+04	1.248510E-17	7.564922E-18
1.122786E+04	1.242282E-17	7.627074E-18
1.122846E+04	1.236153E-17	7.650410E-18
1.122906E+04	1.236054E-17	7.672519E-18
1.122966E+04	1.234134E-17	7.670638E-18
1.123026E+04	1.232783E-17	7.709123E-18
1.123086E+04	1.230067E-17	7.677085E-18
1.123146E+04	1.231446E-17	7.673965E-18
1.123206E+04	1.224065E-17	7.665123E-18
1.123266E+04	1.231702E-17	7.732195E-18
1.123326E+04	1.240135E-17	7.752946E-18
1.123386E+04	1.229227E-17	7.776331E-18
1.123446E+04	1.234361E-17	7.732750E-18
1.123506E+04	1.227662E-17	7.660334E-18
1.123566E+04	1.223581E-17	7.658920E-18
1.123626E+04	1.222343E-17	7.631273E-18
1.123686E+04	1.208931E-17	7.541099E-18
1.123746E+04	1.207238E-17	7.633564E-18
1.123806E+04	1.200539E-17	7.599261E-18
1.123866E+04	1.206356E-17	7.633760E-18
1.123926E+04	1.206711E-17	7.669688E-18
1.123986E+04	1.200466E-17	7.583309E-18
1.124046E+04	1.198660E-17	7.581642E-18
1.124106E+04	1.200608E-17	7.297367E-18
1.124166E+04	1.195729E-17	7.177758E-18
1.124226E+04	1.192215E-17	7.192607E-18
1.124286E+04	1.188701E-17	7.053098E-18
1.124346E+04	1.185642E-17	7.068714E-18
1.124406E+04	1.184176E-17	7.091867E-18
1.124466E+04	1.184418E-17	7.021402E-18
1.124526E+04	1.185797E-17	7.045937E-18
1.124586E+04	1.187518E-17	7.056936E-18
1.124646E+04	1.189580E-17	7.004205E-18
1.124706E+04	1.191983E-17	6.931357E-18
1.124766E+04	1.194615E-17	6.903210E-18
1.124826E+04	1.197929E-17	6.836106E-18
1.124886E+04	1.203178E-17	6.944852E-18
1.124946E+04	1.203533E-17	6.937380E-18
1.125006E+04	1.204230E-17	6.859563E-18
1.125066E+04	1.209138E-17	6.815561E-18
1.125126E+04	1.210745E-17	6.891922E-18
1.125186E+04	1.204727E-17	6.869948E-18
1.125246E+04	1.201895E-17	6.871699E-18
1.125366E+04	1.198622E-17	6.879396E-18
1.125426E+04	1.196929E-17	6.910576E-18
1.125486E+04	1.197512E-17	6.966489E-18
1.125606E+04	1.194580E-17	6.955413E-18
1.125666E+04	1.187423E-17	6.960598E-18
1.125726E+04	1.179696E-17	6.923552E-18
1.125786E+04	1.176751E-17	6.907567E-18
1.125846E+04	1.166975E-17	6.863787E-18
1.125906E+04	1.163915E-17	6.863896E-18
1.125966E+04	1.164839E-17	6.854910E-18
1.126026E+04	1.164739E-17	6.884962E-18
1.126086E+04	1.165435E-17	6.877586E-18
1.126146E+04	1.163172E-17	6.907833E-18
1.126206E+04	1.167170E-17	6.906139E-18
1.126266E+04	1.168322E-17	6.999508E-18
1.126326E+04	1.168335E-17	7.235286E-18
1.126386E+04	1.170056E-17	7.413146E-18
1.126446E+04	1.164606E-17	7.393711E-18
1.126506E+04	1.166554E-17	7.407985E-18
1.126566E+04	1.172260E-17	7.443019E-18
1.126626E+04	1.175917E-17	7.392931E-18
1.126686E+04	1.181281E-17	7.485089E-18
1.126746E+04	1.185052E-17	7.500856E-18
1.126806E+04	1.190644E-17	7.555193E-18
1.126867E+04	1.196806E-17	7.614428E-18
1.126927E+04	1.205928E-17	7.676065E-18
1.126987E+04	1.207081E-17	7.724971E-18
1.127047E+04	1.206298E-17	7.764643E-18
1.127166E+04	1.218167E-17	7.839125E-18
1.127226E+04	1.225696E-17	7.899751E-18
1.127286E+04	1.231973E-17	7.922525E-18
1.127346E+04	1.234378E-17	7.974448E-18
1.127406E+04	1.237922E-17	8.001212E-18
1.127466E+04	1.245793E-17	7.987228E-18
1.127526E+04	1.247743E-17	7.996092E-18
1.127586E+04	1.255501E-17	8.023249E-18
1.127706E+04	1.257352E-17	8.018170E-18
1.127826E+04	1.260911E-17	8.111563E-18
1.127886E+04	1.259901E-17	8.102110E-18
1.127946E+04	1.265837E-17	8.134689E-18
1.128006E+04	1.263233E-17	8.202517E-18
1.128066E+04	1.268372E-17	8.244138E-18
1.128126E+04	1.269184E-17	8.322061E-18
1.128186E+04	1.270679E-17	8.250619E-18
1.128246E+04	1.285157E-17	8.471309E-18
1.128306E+04	1.295307E-17	8.539690E-18
1.128426E+04	1.305018E-17	8.561448E-18
1.128486E+04	1.311069E-17	8.644326E-18
1.128546E+04	1.314273E-17	8.641149E-18
1.128606E+04	1.319983E-17	8.584769E-18
1.128666E+04	1.324326E-17	8.597002E-18
1.128726E+04	1.324683E-17	8.656718E-18
1.128846E+04	1.323575E-17	8.597799E-18
1.128906E+04	1.336461E-17	8.650789E-18
1.128966E+04	1.344563E-17	8.691970E-18
1.129026E+04	1.352666E-17	8.714819E-18
1.129086E+04	1.364641E-17	8.739909E-18
1.129146E+04	1.361809E-17	8.749779E-18
1.129206E+04	1.363648E-17	8.758463E-18
1.129266E+04	1.376421E-17	8.796823E-18
1.129326E+04	1.378715E-17	8.785842E-18
1.129386E+04	1.379870E-17	8.822701E-18
1.129446E+04	1.379203E-17	8.802240E-18
1.129506E+04	1.378650E-17	8.799386E-18
1.129566E+04	1.378666E-17	8.799511E-18
1.129626E+04	1.388250E-17	8.807555E-18
1.129686E+04	1.394532E-17	8.771929E-18
1.129746E+04	1.397282E-17	8.745418E-18
1.129806E+04	1.400374E-17	8.659461E-18
1.129866E+04	1.405175E-17	8.680422E-18
1.129926E+04	1.402457E-17	8.683047E-18
1.129986E+04	1.404410E-17	8.675162E-18
1.130046E+04	1.407161E-17	8.640247E-18
1.130106E+04	1.411393E-17	8.681699E-18
1.130166E+04	1.415282E-17	8.657305E-18
1.130226E+04	1.415755E-17	8.636248E-18
1.130286E+04	1.414176E-17	8.601810E-18
1.130346E+04	1.411003E-17	8.549373E-18
1.130406E+04	1.412614E-17	8.558799E-18
1.130466E+04	1.412631E-17	8.581112E-18
1.130526E+04	1.416407E-17	8.639201E-18
1.130586E+04	1.414487E-17	8.640303E-18
1.130646E+04	1.412111E-17	8.678065E-18
1.130706E+04	1.409849E-17	8.646916E-18
1.130766E+04	1.406561E-17	8.653257E-18
1.130826E+04	1.407831E-17	8.640589E-18
1.130886E+04	1.410924E-17	8.660718E-18
1.130947E+04	1.416068E-17	8.742491E-18
1.131007E+04	1.419844E-17	8.760589E-18
1.131127E+04	1.423866E-17	8.685124E-18
1.131187E+04	1.422629E-17	8.503382E-18
1.131247E+04	1.428229E-17	8.386033E-18
1.131307E+04	1.435995E-17	8.413810E-18
1.131367E+04	1.439316E-17	8.393812E-18
1.131427E+04	1.430103E-17	8.346618E-18
1.131487E+04	1.438666E-17	8.364348E-18
1.131547E+04	1.441988E-17	8.277913E-18
1.131607E+04	1.452261E-17	8.265925E-18
1.131667E+04	1.455013E-17	8.247652E-18
1.131727E+04	1.459132E-17	8.231681E-18
1.131787E+04	1.468152E-17	8.227699E-18
1.131847E+04	1.471474E-17	8.214215E-18
1.131907E+04	1.474682E-17	8.202654E-18
1.131967E+04	1.473332E-17	8.180058E-18
1.132027E+04	1.478022E-17	8.175049E-18
1.132087E+04	1.470290E-17	8.137091E-18
1.132147E+04	1.475891E-17	8.139847E-18
1.132207E+04	1.478644E-17	8.170079E-18
1.132267E+04	1.479801E-17	8.123029E-18
1.132327E+04	1.484035E-17	8.080479E-18
1.132387E+04	1.490208E-17	8.085034E-18
1.132447E+04	1.493872E-17	8.093628E-18
1.132507E+04	1.487507E-17	7.940207E-18
1.132567E+04	1.483649E-17	7.917209E-18
1.132627E+04	1.478994E-17	7.883447E-18
1.132687E+04	1.474224E-17	7.738571E-18
1.132747E+04	1.466376E-17	7.661580E-18
1.132807E+04	1.465824E-17	7.608824E-18
1.132987E+04	1.462228E-17	7.599033E-18
1.133107E+04	1.461350E-17	7.395832E-18
1.133167E+04	1.457834E-17	7.334307E-18
1.133227E+04	1.453405E-17	7.312044E-18
1.133287E+04	1.448863E-17	7.252391E-18
1.133347E+04	1.443978E-17	7.208398E-18
1.133407E+04	1.438751E-17	7.193886E-18
1.133467E+04	1.433410E-17	7.186900E-18
1.133587E+04	1.427744E-17	7.079946E-18
1.133647E+04	1.421947E-17	7.071608E-18
1.133707E+04	1.415807E-17	7.007795E-18
1.133767E+04	1.409212E-17	6.952302E-18
1.133827E+04	1.402502E-17	6.921722E-18
1.133887E+04	1.395792E-17	6.901913E-18
1.134007E+04	1.388072E-17	6.849757E-18
1.134067E+04	1.383186E-17	6.824904E-18
1.134187E+04	1.374326E-17	6.765658E-18
1.134247E+04	1.376736E-17	6.755837E-18
1.134307E+04	1.373560E-17	6.690763E-18
1.134367E+04	1.369358E-17	6.667979E-18
1.134667E+04	1.365105E-17	6.649946E-18
1.134787E+04	1.363199E-17	6.673486E-18
1.134847E+04	1.360365E-17	6.725989E-18
1.134907E+04	1.359240E-17	6.855887E-18
1.134967E+04	1.356520E-17	6.914175E-18
1.135088E+04	1.355754E-17	6.912319E-18
1.135328E+04	1.358099E-17	6.917138E-18
1.135448E+04	1.356991E-17	6.927789E-18
1.135508E+04	1.352103E-17	6.900266E-18
1.135568E+04	1.357137E-17	6.894197E-18
1.135628E+04	1.360916E-17	6.875900E-18
1.135688E+04	1.364582E-17	6.878144E-18
1.135748E+04	1.367449E-17	6.897577E-18
1.135808E+04	1.375791E-17	6.917869E-18
1.135868E+04	1.372500E-17	6.905332E-18
1.135988E+04	1.372875E-17	6.916212E-18
1.136108E+04	1.375074E-17	6.894257E-18
1.136168E+04	1.369730E-17	6.816238E-18
1.136228E+04	1.371913E-17	6.901064E-18
1.136288E+04	1.363717E-17	6.823873E-18
1.136348E+04	1.365330E-17	6.833210E-18
1.136408E+04	1.360898E-17	6.815698E-18
1.136468E+04	1.367644E-17	6.844601E-18
1.136528E+04	1.372109E-17	6.835587E-18
1.136588E+04	1.374064E-17	6.709321E-18
1.136648E+04	1.374879E-17	6.706249E-18
1.136708E+04	1.369990E-17	6.686865E-18
1.136768E+04	1.363504E-17	6.666854E-18
1.136828E+04	1.366030E-17	6.689708E-18
1.136888E+04	1.361369E-17	6.717815E-18
1.136948E+04	1.361956E-17	6.722153E-18
1.137008E+04	1.362999E-17	6.739099E-18
1.137068E+04	1.364612E-17	6.745513E-18
1.137128E+04	1.362118E-17	6.743228E-18
1.137188E+04	1.362021E-17	6.742092E-18
1.137248E+04	1.367056E-17	6.759073E-18
1.137308E+04	1.373005E-17	6.788804E-18
1.137368E+04	1.377585E-17	6.821864E-18
1.137428E+04	1.383876E-17	6.824331E-18
1.137488E+04	1.381268E-17	6.794036E-18
1.137668E+04	1.383029E-17	6.773564E-18
1.137728E+04	1.386811E-17	6.756975E-18
1.137788E+04	1.376444E-17	6.706512E-18
1.137848E+04	1.371441E-17	6.655483E-18
1.137908E+04	1.377846E-17	6.603320E-18
1.137968E+04	1.370446E-17	6.586601E-18
1.138028E+04	1.370691E-17	6.585822E-18
1.138088E+04	1.364089E-17	6.510054E-18
1.138148E+04	1.371066E-17	6.534077E-18
1.138208E+04	1.365719E-17	6.518715E-18
1.138268E+04	1.369843E-17	6.511182E-18
1.138328E+04	1.372370E-17	6.519648E-18
1.138388E+04	1.369990E-17	6.517972E-18
1.138448E+04	1.362589E-17	6.455446E-18
1.138508E+04	1.359182E-17	6.421621E-18
1.138568E+04	1.355661E-17	6.425825E-18
1.138628E+04	1.357959E-17	6.428743E-18
1.138688E+04	1.357633E-17	6.455480E-18
1.138748E+04	1.355709E-17	6.443781E-18
1.138808E+04	1.357666E-17	6.435196E-18
1.138868E+04	1.356426E-17	6.432176E-18
1.138928E+04	1.349367E-17	6.409057E-18
1.138988E+04	1.353263E-17	6.403328E-18
1.139048E+04	1.353964E-17	6.410783E-18
1.139108E+04	1.354323E-17	6.445850E-18
1.139169E+04	1.363127E-17	6.474840E-18
1.139229E+04	1.360975E-17	6.468019E-18
1.139289E+04	1.351518E-17	6.453239E-18
1.139349E+04	1.357241E-17	6.469962E-18
1.139409E+04	1.354632E-17	6.455358E-18
1.139469E+04	1.356360E-17	6.469105E-18
1.139529E+04	1.361399E-17	6.497885E-18
1.139589E+04	1.368948E-17	6.543244E-18
1.139649E+04	1.375927E-17	6.585965E-18
1.139709E+04	1.376970E-17	6.623368E-18
1.139769E+04	1.373448E-17	6.655685E-18
1.139829E+04	1.370269E-17	6.670227E-18
1.139889E+04	1.363322E-17	6.642078E-18
1.139949E+04	1.353865E-17	6.526633E-18
1.140009E+04	1.347146E-17	6.532586E-18
1.140069E+04	1.332552E-17	6.488443E-18
1.140129E+04	1.330627E-17	6.484718E-18
1.140189E+04	1.322881E-17	6.425214E-18
1.140249E+04	1.311482E-17	6.391429E-18
1.140309E+04	1.298370E-17	6.342223E-18
1.140369E+04	1.288340E-17	6.295737E-18
1.140429E+04	1.276369E-17	6.261489E-18
1.140489E+04	1.267708E-17	6.227482E-18
1.140549E+04	1.264984E-17	6.249808E-18
1.140608E+04	1.258035E-17	6.226570E-18
1.140668E+04	1.253370E-17	6.218116E-18
1.140728E+04	1.256239E-17	6.192279E-18
1.140848E+04	1.255812E-17	6.266614E-18
1.140908E+04	1.262791E-17	6.146233E-18
1.140968E+04	1.265318E-17	6.175066E-18
1.141028E+04	1.251976E-17	6.149100E-18
1.141088E+04	1.239660E-17	6.101846E-18
1.141148E+04	1.235907E-17	6.067363E-18
1.141208E+04	1.245969E-17	6.090848E-18
1.141268E+04	1.242559E-17	6.050893E-18
1.141328E+04	1.241432E-17	6.046874E-18
1.141388E+04	1.243274E-17	6.038164E-18
1.141448E+04	1.245801E-17	6.040641E-18
1.141508E+04	1.248670E-17	6.010867E-18
1.141568E+04	1.240921E-17	5.954246E-18
1.141628E+04	1.239794E-17	5.974652E-18
1.141688E+04	1.237982E-17	5.976219E-18
1.141748E+04	1.236627E-17	6.005966E-18
1.141808E+04	1.241209E-17	6.049043E-18
1.141868E+04	1.238826E-17	6.082419E-18
1.141928E+04	1.243523E-17	6.114619E-18
1.141988E+04	1.242281E-17	6.100239E-18
1.142048E+04	1.226880E-17	6.102188E-18
1.142108E+04	1.221528E-17	6.155105E-18
1.142168E+04	1.219259E-17	6.184539E-18
1.142228E+04	1.213792E-17	6.197297E-18
1.142288E+04	1.206726E-17	6.203128E-18
1.142348E+04	1.200460E-17	6.193082E-18
1.142408E+04	1.194879E-17	6.178319E-18
1.142468E+04	1.187927E-17	6.152351E-18
1.142528E+04	1.187256E-17	6.155140E-18
1.142588E+04	1.183387E-17	6.150518E-18
1.142648E+04	1.179404E-17	6.141800E-18
1.142708E+04	1.176906E-17	6.129825E-18
1.142768E+04	1.177491E-17	6.131469E-18
1.142828E+04	1.177962E-17	6.132327E-18
1.142888E+04	1.178547E-17	6.131609E-18
1.142948E+04	1.179361E-17	6.137421E-18
1.143008E+04	1.175492E-17	6.126456E-18
1.143068E+04	1.167968E-17	6.104931E-18
1.143128E+04	1.172893E-17	6.139052E-18
1.143188E+04	1.168681E-17	6.133643E-18
1.143248E+04	1.164812E-17	6.085932E-18
1.143309E+04	1.164255E-17	6.101801E-18
1.143369E+04	1.159929E-17	6.079602E-18
1.143429E+04	1.160628E-17	6.124047E-18
1.143489E+04	1.154245E-17	6.146173E-18
1.143549E+04	1.154945E-17	6.197533E-18
1.143609E+04	1.160327E-17	6.222667E-18
1.143669E+04	1.162169E-17	6.333486E-18
1.143729E+04	1.162297E-17	6.366595E-18
1.143849E+04	1.163582E-17	6.392047E-18
1.143969E+04	1.158926E-17	6.377093E-18
1.144029E+04	1.160083E-17	6.382648E-18
1.144089E+04	1.160097E-17	6.377139E-18
1.144149E+04	1.159197E-17	6.362336E-18
1.144209E+04	1.160010E-17	6.347232E-18
1.144329E+04	1.161067E-17	6.328236E-18
1.144389E+04	1.161995E-17	6.313101E-18
1.144449E+04	1.163037E-17	6.298267E-18
1.144509E+04	1.163965E-17	6.281830E-18
1.144569E+04	1.164893E-17	6.266659E-18
1.144629E+04	1.164907E-17	6.251770E-18
1.144689E+04	1.164578E-17	6.155955E-18
1.144749E+04	1.158651E-17	6.064547E-18
1.144809E+04	1.152496E-17	6.075122E-18
1.144869E+04	1.145083E-17	6.059875E-18
1.144929E+04	1.142926E-17	6.057943E-18
1.144989E+04	1.136015E-17	6.029553E-18
1.145109E+04	1.131644E-17	6.060715E-18
1.145169E+04	1.130218E-17	6.056374E-18
1.145229E+04	1.125352E-17	6.028669E-18
1.145289E+04	1.125343E-17	6.036354E-18
1.145349E+04	1.124568E-17	6.066056E-18
1.145409E+04	1.119657E-17	6.047531E-18
1.145469E+04	1.118379E-17	6.040127E-18
1.145529E+04	1.113433E-17	6.080958E-18
1.145589E+04	1.109504E-17	6.012690E-18
1.145649E+04	1.108409E-17	6.005951E-18
1.145709E+04	1.105006E-17	5.994113E-18
1.145769E+04	1.103728E-17	5.975430E-18
1.145829E+04	1.106610E-17	5.980901E-18
1.145889E+04	1.102509E-17	5.973912E-18
1.145949E+04	1.104385E-17	5.978907E-18
1.146009E+04	1.104490E-17	5.987161E-18
1.146069E+04	1.102446E-17	5.988297E-18
1.146129E+04	1.096734E-17	6.005032E-18
1.146189E+04	1.092324E-17	6.018854E-18
1.146249E+04	1.095069E-17	6.036779E-18
1.146309E+04	1.090271E-17	6.034836E-18
1.146369E+04	1.092204E-17	6.229891E-18
1.146429E+04	1.090206E-17	6.212029E-18
1.146489E+04	1.084722E-17	6.317820E-18
1.146549E+04	1.085478E-17	6.337271E-18
1.146609E+04	1.086645E-17	6.309591E-18
1.146729E+04	1.089586E-17	6.383643E-18
1.146789E+04	1.090525E-17	6.387568E-18
1.146849E+04	1.093008E-17	6.367104E-18
1.146909E+04	1.093341E-17	6.411893E-18
1.146969E+04	1.092794E-17	6.385769E-18
1.147029E+04	1.088658E-17	6.367620E-18
1.147089E+04	1.092363E-17	6.345475E-18
1.147149E+04	1.098778E-17	6.352824E-18
1.147209E+04	1.092756E-17	6.314449E-18
1.147269E+04	1.090220E-17	6.438046E-18
1.147329E+04	1.087158E-17	6.505406E-18
1.147390E+04	1.091676E-17	6.504951E-18
1.147510E+04	1.091816E-17	6.515366E-18
1.147570E+04	1.095259E-17	6.560403E-18
1.147630E+04	1.097913E-17	6.564579E-18
1.147690E+04	1.098567E-17	6.577625E-18
1.147750E+04	1.097071E-17	6.634500E-18
1.147810E+04	1.098217E-17	6.738790E-18
1.147870E+04	1.102654E-17	6.876125E-18
1.147930E+04	1.107035E-17	6.950311E-18
1.147990E+04	1.102898E-17	6.930275E-18
1.148050E+04	1.101528E-17	6.986579E-18
1.148110E+04	1.106424E-17	7.000483E-18
1.148170E+04	1.107604E-17	6.991240E-18
1.148230E+04	1.115964E-17	7.039865E-18
1.148290E+04	1.116972E-17	7.112811E-18
1.148350E+04	1.116231E-17	7.081116E-18
1.148410E+04	1.117033E-17	7.115126E-18
1.148470E+04	1.117001E-17	7.104873E-18
1.148530E+04	1.119496E-17	6.990421E-18
1.148590E+04	1.122689E-17	6.981391E-18
1.148710E+04	1.127233E-17	6.978278E-18
1.148770E+04	1.127829E-17	7.032877E-18
1.148830E+04	1.116774E-17	7.003933E-18
1.148890E+04	1.115084E-17	7.023258E-18
1.148950E+04	1.115864E-17	7.040546E-18
1.149010E+04	1.118210E-17	7.047636E-18
1.149070E+04	1.118464E-17	7.332077E-18
1.149130E+04	1.123326E-17	7.351478E-18
1.149190E+04	1.122071E-17	7.374855E-18
1.149250E+04	1.124841E-17	7.417709E-18
1.149310E+04	1.128811E-17	7.509412E-18
1.149370E+04	1.130426E-17	7.473092E-18
1.149430E+04	1.132658E-17	7.503570E-18
1.149490E+04	1.135474E-17	7.488040E-18
1.149550E+04	1.136929E-17	7.481430E-18
1.149610E+04	1.137218E-17	7.464511E-18
1.149670E+04	1.142355E-17	7.478342E-18
1.149730E+04	1.142529E-17	7.505072E-18
1.149790E+04	1.143824E-17	7.451000E-18
1.149850E+04	1.147155E-17	7.468395E-18
1.149910E+04	1.149685E-17	7.498413E-18
1.149970E+04	1.150386E-17	7.493661E-18
1.150030E+04	1.148684E-17	7.430101E-18
1.150090E+04	1.147897E-17	7.430945E-18
1.150150E+04	1.148255E-17	7.448477E-18
1.150210E+04	1.155932E-17	7.434598E-18
1.150270E+04	1.157205E-17	7.451633E-18
1.150330E+04	1.155617E-17	7.470494E-18
1.150390E+04	1.156432E-17	7.482279E-18
1.150450E+04	1.153129E-17	7.481923E-18
1.150510E+04	1.155431E-17	7.490618E-18
1.150570E+04	1.156475E-17	7.499633E-18
1.150630E+04	1.156146E-17	7.498323E-18
1.150690E+04	1.153643E-17	7.490636E-18
1.150750E+04	1.156632E-17	7.491080E-18
1.150810E+04	1.157332E-17	7.477187E-18
1.150870E+04	1.159405E-17	7.452135E-18
1.150930E+04	1.160564E-17	7.450069E-18
1.150990E+04	1.163895E-17	7.459459E-18
1.151050E+04	1.166427E-17	7.340991E-18
1.151110E+04	1.161636E-17	7.333262E-18
1.151170E+04	1.162337E-17	7.220918E-18
1.151230E+04	1.160520E-17	7.178238E-18
1.151290E+04	1.157217E-17	7.170447E-18
1.151350E+04	1.161693E-17	7.109190E-18
1.151410E+04	1.161822E-17	7.095390E-18
1.151470E+04	1.161378E-17	7.055010E-18
1.151531E+04	1.157732E-17	6.943722E-18
1.151591E+04	1.157746E-17	6.937790E-18
1.151651E+04	1.153756E-17	6.908860E-18
1.151711E+04	1.144960E-17	6.909561E-18
1.151771E+04	1.142377E-17	6.921931E-18
1.151831E+04	1.135766E-17	6.910805E-18
1.151891E+04	1.130608E-17	6.793381E-18
1.151951E+04	1.124329E-17	6.689558E-18
1.152011E+04	1.119972E-17	6.694869E-18
1.152071E+04	1.120500E-17	6.689100E-18
1.152131E+04	1.120777E-17	6.675213E-18
1.152191E+04	1.115276E-17	6.662669E-18
1.152251E+04	1.111502E-17	6.651322E-18
1.152311E+04	1.107430E-17	6.613111E-18
1.152371E+04	1.113246E-17	6.530423E-18
1.152431E+04	1.114301E-17	6.410492E-18
1.152491E+04	1.116866E-17	6.348435E-18
1.152551E+04	1.108892E-17	6.324849E-18
1.152611E+04	1.107006E-17	6.250835E-18
1.152671E+04	1.099398E-17	6.248807E-18
1.152731E+04	1.096070E-17	6.252356E-18
1.152791E+04	1.087695E-17	6.206780E-18
1.152851E+04	1.082101E-17	6.117195E-18
1.152911E+04	1.077502E-17	6.157957E-18
1.152971E+04	1.073807E-17	6.069784E-18
1.153031E+04	1.070685E-17	6.052917E-18
1.153091E+04	1.068123E-17	6.056367E-18
1.153151E+04	1.066099E-17	6.048931E-18
1.153211E+04	1.064636E-17	6.088432E-18
1.153271E+04	1.063973E-17	6.004198E-18
1.153331E+04	1.062659E-17	6.078001E-18
1.153391E+04	1.062878E-17	6.060242E-18
1.153451E+04	1.063257E-17	6.050854E-18
1.153511E+04	1.064575E-17	6.105073E-18
1.153691E+04	1.068083E-17	5.749331E-18
1.153751E+04	1.068485E-17	5.733201E-18
1.153811E+04	1.065099E-17	5.665854E-18
1.153871E+04	1.060533E-17	5.562890E-18
1.153931E+04	1.067643E-17	5.465993E-18
1.153991E+04	1.068218E-17	5.465665E-18
1.154051E+04	1.071974E-17	5.428889E-18
1.154111E+04	1.070865E-17	5.424548E-18
1.154170E+04	1.077724E-17	5.438700E-18
1.154231E+04	1.078356E-17	5.437272E-18
1.154350E+04	1.081782E-17	5.445313E-18
1.154410E+04	1.083043E-17	5.415922E-18
1.154470E+04	1.086354E-17	5.420354E-18
1.154530E+04	1.087821E-17	5.421274E-18
1.154590E+04	1.087697E-17	5.402993E-18
1.154650E+04	1.085879E-17	5.385389E-18
1.154710E+04	1.086465E-17	5.387385E-18
1.154770E+04	1.086673E-17	5.381275E-18
1.154830E+04	1.088656E-17	5.420117E-18
1.154890E+04	1.087742E-17	5.453591E-18
1.154950E+04	1.089839E-17	5.486312E-18
1.155010E+04	1.094936E-17	5.628454E-18
1.155070E+04	1.099987E-17	5.770146E-18
1.155130E+04	1.103688E-17	5.781613E-18
1.155190E+04	1.104881E-17	5.788679E-18
1.155250E+04	1.109520E-17	5.787766E-18
1.155310E+04	1.111824E-17	6.044265E-18
1.155370E+04	1.118616E-17	6.090824E-18
1.155430E+04	1.117531E-17	6.106296E-18
1.155490E+04	1.115632E-17	6.100369E-18
1.155550E+04	1.120433E-17	6.133852E-18
1.155610E+04	1.115339E-17	6.176469E-18
1.155671E+04	1.120713E-17	6.184979E-18
1.155731E+04	1.125742E-17	6.194587E-18
1.155791E+04	1.130405E-17	6.225701E-18
1.155851E+04	1.134645E-17	6.355550E-18
1.155911E+04	1.138415E-17	6.365617E-18
1.155971E+04	1.141681E-17	6.384555E-18
1.156031E+04	1.144387E-17	6.410721E-18
1.156091E+04	1.146451E-17	6.420738E-18
1.156151E+04	1.147267E-17	6.459007E-18
1.156211E+04	1.147281E-17	6.450257E-18
1.156331E+04	1.146393E-17	6.435605E-18
1.156391E+04	1.147209E-17	6.421441E-18
1.156451E+04	1.140947E-17	6.384112E-18
1.156571E+04	1.144537E-17	6.367941E-18
1.156631E+04	1.143189E-17	6.360014E-18
1.156691E+04	1.137499E-17	6.345806E-18
1.156751E+04	1.141969E-17	6.349180E-18
1.156811E+04	1.140471E-17	6.347050E-18
1.156871E+04	1.137782E-17	6.364877E-18
1.156931E+04	1.144417E-17	6.395498E-18
1.156991E+04	1.148382E-17	6.437723E-18
1.157051E+04	1.150573E-17	6.461141E-18
1.157111E+04	1.149442E-17	6.444464E-18
1.157171E+04	1.154840E-17	6.460990E-18
1.157231E+04	1.154511E-17	6.465155E-18
1.157291E+04	1.157732E-17	6.474338E-18
1.157351E+04	1.156143E-17	6.522197E-18
1.157411E+04	1.157303E-17	6.518368E-18
1.157471E+04	1.161670E-17	6.513032E-18
1.157531E+04	1.159737E-17	6.498898E-18
1.157591E+04	1.158033E-17	6.518537E-18
1.157651E+04	1.160224E-17	6.474061E-18
1.157711E+04	1.167800E-17	6.449498E-18
1.157771E+04	1.172282E-17	6.461851E-18
1.157831E+04	1.173786E-17	6.485713E-18
1.157891E+04	1.177352E-17	6.488626E-18
1.157951E+04	1.173471E-17	6.468395E-18
1.158011E+04	1.177038E-17	6.439052E-18
1.158071E+04	1.177396E-17	6.451631E-18
1.158131E+04	1.178671E-17	6.376532E-18
1.158191E+04	1.175936E-17	6.363605E-18
1.158251E+04	1.174117E-17	6.420336E-18
1.158311E+04	1.165195E-17	6.341272E-18
1.158371E+04	1.170710E-17	6.369623E-18
1.158431E+04	1.176682E-17	6.432719E-18
1.158491E+04	1.173030E-17	6.462319E-18
1.158551E+04	1.168462E-17	6.448192E-18
1.158611E+04	1.164810E-17	6.438598E-18
1.158671E+04	1.160929E-17	6.435410E-18
1.158731E+04	1.162204E-17	6.458587E-18
1.158791E+04	1.160156E-17	6.453011E-18
1.158851E+04	1.155243E-17	6.489697E-18
1.159031E+04	1.159068E-17	6.514807E-18
1.159151E+04	1.156117E-17	6.500372E-18
1.159211E+04	1.163580E-17	6.538393E-18
1.159271E+04	1.159355E-17	6.559570E-18
1.159331E+04	1.157421E-17	6.569115E-18
1.159391E+04	1.159498E-17	6.605790E-18
1.159451E+04	1.161690E-17	6.640641E-18
1.159511E+04	1.159527E-17	6.660740E-18
1.159571E+04	1.159771E-17	6.661854E-18
1.159631E+04	1.169641E-17	6.625655E-18
1.159691E+04	1.169885E-17	6.669173E-18
1.159752E+04	1.179183E-17	6.737624E-18
1.159812E+04	1.186533E-17	6.677530E-18
1.159872E+04	1.188496E-17	6.590597E-18
1.159932E+04	1.198024E-17	6.619855E-18
1.159992E+04	1.200560E-17	6.634845E-18
1.160052E+04	1.196105E-17	6.647310E-18
1.160112E+04	1.202309E-17	6.481794E-18
1.160172E+04	1.209545E-17	6.496148E-18
1.160232E+04	1.211165E-17	6.492674E-18
1.160292E+04	1.212097E-17	6.500875E-18
1.160352E+04	1.208903E-17	6.472385E-18
1.160412E+04	1.210294E-17	6.424888E-18
1.160472E+04	1.207787E-17	6.413432E-18
1.160532E+04	1.211929E-17	6.396951E-18
1.160592E+04	1.207473E-17	6.361982E-18
1.160652E+04	1.212074E-17	6.254043E-18
1.160712E+04	1.215184E-17	6.260943E-18
1.160772E+04	1.221389E-17	6.266449E-18
1.160892E+04	1.219700E-17	6.243072E-18
1.160952E+04	1.207679E-17	6.213575E-18
1.161012E+04	1.207006E-17	6.175337E-18
1.161072E+04	1.202092E-17	6.211022E-18
1.161132E+04	1.196375E-17	6.195918E-18
1.161192E+04	1.202810E-17	6.252226E-18
1.161252E+04	1.201105E-17	6.267426E-18
1.161312E+04	1.198025E-17	6.260899E-18
1.161372E+04	1.198499E-17	6.293708E-18
1.161432E+04	1.200004E-17	6.341833E-18
1.161492E+04	1.200134E-17	6.329983E-18
1.161552E+04	1.202327E-17	6.317398E-18
1.161612E+04	1.203489E-17	6.293995E-18
1.161672E+04	1.205339E-17	6.270081E-18
1.161732E+04	1.203634E-17	6.224868E-18
1.161792E+04	1.201012E-17	6.196036E-18
1.161852E+04	1.203206E-17	6.232756E-18
1.161912E+04	1.201959E-17	6.230996E-18
1.161972E+04	1.195095E-17	6.213238E-18
1.162032E+04	1.193734E-17	6.211792E-18
1.162092E+04	1.192488E-17	6.117296E-18
1.162152E+04	1.191356E-17	6.121963E-18
1.162212E+04	1.189307E-17	6.148635E-18
1.162272E+04	1.182213E-17	6.111357E-18
1.162332E+04	1.181310E-17	6.088990E-18
1.162392E+04	1.180408E-17	6.076509E-18
1.162452E+04	1.181569E-17	6.082924E-18
1.162512E+04	1.186286E-17	6.099706E-18
1.162632E+04	1.188380E-17	6.091659E-18
1.162692E+04	1.188051E-17	6.089068E-18
1.162752E+04	1.188524E-17	6.088946E-18
1.162812E+04	1.190030E-17	6.085902E-18
1.162872E+04	1.191192E-17	6.070882E-18
1.162932E+04	1.196712E-17	6.077405E-18
1.162992E+04	1.196842E-17	6.080580E-18
1.163052E+04	1.200068E-17	6.031170E-18
1.163112E+04	1.205817E-17	6.049071E-18
1.163172E+04	1.211338E-17	6.043233E-18
1.163232E+04	1.214908E-17	6.004079E-18
1.163292E+04	1.213777E-17	5.949343E-18
1.163352E+04	1.212186E-17	5.943921E-18
1.163412E+04	1.210940E-17	5.938255E-18
1.163472E+04	1.209923E-17	5.930289E-18
1.163532E+04	1.214641E-17	5.919907E-18
1.163592E+04	1.210412E-17	5.938127E-18
1.163652E+04	1.210198E-17	5.910998E-18
1.163712E+04	1.207575E-17	5.902655E-18
1.163772E+04	1.207820E-17	5.907873E-18
1.163832E+04	1.207147E-17	5.909190E-18
1.163893E+04	1.210948E-17	5.875435E-18
1.163953E+04	1.207178E-17	5.848644E-18
1.164013E+04	1.202260E-17	5.788730E-18
1.164073E+04	1.202161E-17	5.746951E-18
1.164133E+04	1.197014E-17	5.737782E-18
1.164193E+04	1.196226E-17	5.735635E-18
1.164253E+04	1.196241E-17	5.735138E-18
1.164313E+04	1.195109E-17	5.649756E-18
1.164373E+04	1.192601E-17	5.547890E-18
1.164433E+04	1.195140E-17	5.498865E-18
1.164493E+04	1.195384E-17	5.454767E-18
1.164553E+04	1.193105E-17	5.410324E-18
1.164613E+04	1.195414E-17	5.384745E-18
1.164673E+04	1.195774E-17	5.382077E-18
1.164733E+04	1.192806E-17	5.354863E-18
1.164793E+04	1.188347E-17	5.327201E-18
1.164853E+04	1.192607E-17	5.365725E-18
1.164913E+04	1.187918E-17	5.347823E-18
1.164973E+04	1.189768E-17	5.348980E-18
1.165033E+04	1.187489E-17	5.341483E-18
1.165093E+04	1.189799E-17	5.393100E-18
1.165153E+04	1.196354E-17	5.443027E-18
1.165213E+04	1.195566E-17	5.445510E-18
1.165273E+04	1.198793E-17	5.453373E-18
1.165333E+04	1.197891E-17	5.472503E-18
1.165393E+04	1.202725E-17	5.522817E-18
1.165453E+04	1.208018E-17	5.602060E-18
1.165513E+04	1.211247E-17	5.598817E-18
1.165573E+04	1.214704E-17	5.649475E-18
1.165633E+04	1.213228E-17	5.588277E-18
1.165693E+04	1.212325E-17	5.631958E-18
1.165753E+04	1.210390E-17	5.589733E-18
1.165813E+04	1.211323E-17	5.574046E-18
1.165873E+04	1.210421E-17	5.600674E-18
1.165933E+04	1.215026E-17	5.577519E-18
1.165993E+04	1.214583E-17	5.584653E-18
1.166053E+04	1.215746E-17	5.590140E-18
1.166113E+04	1.220237E-17	5.610906E-18
1.166173E+04	1.220367E-17	5.608851E-18
1.166233E+04	1.221415E-17	5.624211E-18
1.166293E+04	1.220972E-17	5.621514E-18
1.166353E+04	1.225119E-17	5.624885E-18
1.166413E+04	1.220773E-17	5.565803E-18
1.166473E+04	1.216657E-17	5.553483E-18
1.166533E+04	1.214148E-17	5.537858E-18
1.166593E+04	1.218524E-17	5.668599E-18
1.166653E+04	1.214637E-17	5.758387E-18
1.166713E+04	1.213276E-17	5.761443E-18
1.166773E+04	1.208470E-17	5.730262E-18
1.166833E+04	1.217209E-17	5.767661E-18
1.166893E+04	1.219520E-17	5.803143E-18
1.166953E+04	1.228488E-17	5.848212E-18
1.167013E+04	1.230226E-17	5.897716E-18
1.167073E+04	1.223469E-17	5.882504E-18
1.167133E+04	1.225206E-17	5.892671E-18
1.167193E+04	1.222697E-17	5.884715E-18
1.167253E+04	1.220302E-17	5.937911E-18
1.167313E+04	1.221350E-17	5.960117E-18
1.167373E+04	1.217693E-17	5.947318E-18
1.167433E+04	1.218282E-17	5.951023E-18
1.167493E+04	1.213361E-17	5.936566E-18
1.167553E+04	1.213262E-17	5.934711E-18
1.167613E+04	1.223839E-17	5.981372E-18
1.167673E+04	1.222821E-17	5.979668E-18
1.167733E+04	1.222722E-17	5.999217E-18
1.167792E+04	1.224459E-17	6.013819E-18
1.167852E+04	1.223901E-17	6.019907E-18
1.167912E+04	1.215995E-17	6.007915E-18
1.167973E+04	1.214863E-17	6.003758E-18
1.168033E+04	1.214993E-17	6.004233E-18
1.168093E+04	1.218568E-17	5.987402E-18
1.168153E+04	1.220994E-17	5.968270E-18
1.168213E+04	1.219632E-17	5.948124E-18
1.168273E+04	1.219188E-17	5.956948E-18
1.168333E+04	1.215415E-17	5.919334E-18
1.168393E+04	1.215086E-17	5.917570E-18
1.168453E+04	1.215216E-17	5.928102E-18
1.168513E+04	1.216380E-17	5.929638E-18
1.168573E+04	1.211573E-17	5.987080E-18
1.168633E+04	1.206192E-17	5.957898E-18
1.168693E+04	1.199892E-17	6.012624E-18
1.168753E+04	1.195774E-17	5.997157E-18
1.168813E+04	1.194756E-17	5.998115E-18
1.168873E+04	1.200742E-17	6.105334E-18
1.168933E+04	1.202480E-17	6.108503E-18
1.168993E+04	1.197557E-17	6.092928E-18
1.169053E+04	1.196884E-17	6.125781E-18
1.169113E+04	1.197473E-17	6.244508E-18
1.169173E+04	1.194503E-17	6.319398E-18
1.169233E+04	1.196815E-17	6.324993E-18
1.169293E+04	1.198323E-17	6.325989E-18
1.169353E+04	1.197764E-17	6.301776E-18
1.169413E+04	1.196975E-17	6.315202E-18
1.169473E+04	1.198484E-17	6.320387E-18
1.169533E+04	1.196317E-17	6.336050E-18
1.169653E+04	1.196462E-17	6.312018E-18
1.169713E+04	1.200842E-17	6.308618E-18
1.169773E+04	1.197412E-17	6.296388E-18
1.169833E+04	1.194556E-17	6.297344E-18
1.169893E+04	1.195260E-17	6.287612E-18
1.169953E+04	1.198721E-17	6.272562E-18
1.170013E+04	1.201148E-17	6.260549E-18
1.170073E+04	1.202772E-17	6.300580E-18
1.170133E+04	1.206922E-17	6.288406E-18
1.170193E+04	1.203607E-17	6.283067E-18
1.170253E+04	1.200980E-17	6.238293E-18
1.170313E+04	1.201455E-17	6.235947E-18
1.170373E+04	1.206524E-17	6.244624E-18
1.170433E+04	1.201141E-17	6.320860E-18
1.170493E+04	1.199089E-17	6.314458E-18
1.170553E+04	1.197381E-17	6.277658E-18
1.170613E+04	1.192917E-17	6.262131E-18
1.170673E+04	1.192358E-17	6.252205E-18
1.170733E+04	1.195934E-17	6.270879E-18
1.170793E+04	1.198936E-17	6.270328E-18
1.170853E+04	1.199066E-17	6.271117E-18
1.170913E+04	1.197588E-17	6.307358E-18
1.170973E+04	1.197144E-17	6.316252E-18
1.171033E+04	1.200721E-17	6.378046E-18
1.171093E+04	1.200392E-17	6.375740E-18
1.171153E+04	1.198684E-17	6.278184E-18
1.171213E+04	1.193759E-17	6.179385E-18
1.171273E+04	1.187111E-17	6.161281E-18
1.171333E+04	1.177820E-17	6.171005E-18
1.171393E+04	1.179904E-17	6.175311E-18
1.171453E+04	1.181297E-17	6.147435E-18
1.171513E+04	1.183610E-17	6.133140E-18
1.171633E+04	1.188811E-17	6.118700E-18
1.171693E+04	1.190320E-17	6.115446E-18
1.171753E+04	1.191829E-17	6.122692E-18
1.171813E+04	1.191614E-17	6.127009E-18
1.171873E+04	1.193813E-17	6.111233E-18
1.171933E+04	1.192564E-17	6.104097E-18
1.171993E+04	1.198325E-17	6.154520E-18
1.172053E+04	1.197536E-17	6.150379E-18
1.172114E+04	1.195943E-17	6.160663E-18
1.172174E+04	1.194005E-17	6.156711E-18
1.172234E+04	1.193560E-17	6.148170E-18
1.172294E+04	1.191852E-17	6.142873E-18
1.172354E+04	1.192442E-17	6.156510E-18
1.172414E+04	1.189125E-17	6.142260E-18
1.172474E+04	1.184429E-17	6.124023E-18
1.172534E+04	1.181456E-17	6.178480E-18
1.172594E+04	1.182046E-17	6.180479E-18
1.172654E+04	1.182750E-17	6.182331E-18
1.172714E+04	1.181272E-17	6.175868E-18
1.172774E+04	1.183126E-17	6.190257E-18
1.172834E+04	1.180498E-17	6.174232E-18
1.172894E+04	1.181087E-17	6.235730E-18
1.172954E+04	1.173058E-17	6.207393E-18
1.173014E+04	1.175946E-17	6.217813E-18
1.173074E+04	1.174122E-17	6.242383E-18
1.173134E+04	1.177585E-17	6.248472E-18
1.173194E+04	1.175532E-17	6.167277E-18
1.173254E+04	1.174168E-17	6.154308E-18
1.173314E+04	1.176826E-17	6.110746E-18
1.173374E+04	1.181209E-17	6.148950E-18
1.173434E+04	1.183293E-17	6.195314E-18
1.173494E+04	1.185492E-17	6.131080E-18
1.173554E+04	1.188496E-17	6.137771E-18
1.173614E+04	1.191500E-17	6.156199E-18
1.173674E+04	1.192895E-17	6.124968E-18
1.173734E+04	1.190841E-17	6.000313E-18
1.173794E+04	1.189592E-17	5.879983E-18
1.173854E+04	1.191102E-17	5.898088E-18
1.173914E+04	1.191462E-17	5.969044E-18
1.173974E+04	1.189753E-17	5.939270E-18
1.174034E+04	1.191608E-17	5.931699E-18
1.174094E+04	1.192773E-17	5.989423E-18
1.174154E+04	1.192443E-17	5.953489E-18
1.174214E+04	1.193723E-17	5.961396E-18
1.174274E+04	1.193624E-17	5.964594E-18
1.174334E+04	1.191225E-17	5.956032E-18
1.174394E+04	1.191355E-17	5.962725E-18
1.174454E+04	1.194015E-17	5.969713E-18
1.174514E+04	1.192995E-17	5.993707E-18
1.174574E+04	1.193011E-17	6.007576E-18
1.174634E+04	1.195096E-17	5.995701E-18
1.174694E+04	1.194076E-17	6.008325E-18
1.174754E+04	1.193632E-17	6.032369E-18
1.174814E+04	1.196522E-17	6.064457E-18
1.174874E+04	1.196997E-17	6.150835E-18
1.174934E+04	1.192298E-17	6.158691E-18
1.174994E+04	1.192429E-17	6.040412E-18
1.175054E+04	1.189340E-17	6.038238E-18
1.175114E+04	1.192000E-17	6.024689E-18
1.175174E+04	1.190980E-17	6.023414E-18
1.175234E+04	1.189616E-17	6.020317E-18
1.175294E+04	1.193081E-17	6.057124E-18
1.175354E+04	1.192062E-17	6.049144E-18
1.175414E+04	1.189892E-17	6.051092E-18
1.175474E+04	1.193932E-17	6.052017E-18
1.175534E+04	1.191188E-17	6.043745E-18
1.175594E+04	1.188444E-17	5.985748E-18
1.175654E+04	1.189609E-17	6.029570E-18
1.175714E+04	1.192844E-17	6.085051E-18
1.175774E+04	1.189065E-17	6.092274E-18
1.175834E+04	1.186550E-17	6.116333E-18
1.175894E+04	1.187370E-17	6.073952E-18
1.175954E+04	1.187386E-17	6.066999E-18
1.176014E+04	1.192691E-17	6.082145E-18
1.176074E+04	1.192132E-17	6.079956E-18
1.176134E+04	1.193987E-17	6.075958E-18
1.176194E+04	1.198603E-17	6.087285E-18
1.176255E+04	1.205634E-17	6.102218E-18
1.176315E+04	1.203810E-17	6.092900E-18
1.176375E+04	1.200145E-17	6.035179E-18
1.176435E+04	1.199126E-17	6.023871E-18
1.176495E+04	1.197646E-17	5.984783E-18
1.176555E+04	1.198352E-17	5.990939E-18
1.176615E+04	1.200783E-17	5.996363E-18
1.176675E+04	1.199533E-17	5.992353E-18
1.176735E+04	1.194603E-17	5.964325E-18
1.176795E+04	1.190132E-17	5.956908E-18
1.176855E+04	1.189458E-17	5.921810E-18
1.176975E+04	1.193399E-17	5.946016E-18
1.177035E+04	1.193415E-17	5.946151E-18
1.177095E+04	1.192855E-17	5.864571E-18
1.177215E+04	1.196337E-17	5.878632E-18
1.177275E+04	1.195547E-17	5.879842E-18
1.177335E+04	1.204996E-17	5.919794E-18
1.177395E+04	1.207772E-17	5.979141E-18
1.177455E+04	1.202496E-17	5.968446E-18
1.177515E+04	1.199636E-17	5.881647E-18
1.177575E+04	1.201837E-17	5.965435E-18
1.177635E+04	1.204269E-17	5.970993E-18
1.177695E+04	1.204860E-17	5.921844E-18
1.177755E+04	1.203840E-17	5.923680E-18
1.177815E+04	1.202705E-17	5.920543E-18
1.177875E+04	1.203526E-17	5.930393E-18
1.177935E+04	1.204462E-17	5.939356E-18
1.177995E+04	1.204133E-17	5.971191E-18
1.178055E+04	1.210707E-17	5.959190E-18
1.178115E+04	1.211988E-17	5.942900E-18
1.178175E+04	1.206366E-17	5.923950E-18
1.178235E+04	1.211444E-17	5.938057E-18
1.178295E+04	1.209274E-17	5.929948E-18
1.178355E+04	1.206758E-17	5.924064E-18
1.178415E+04	1.204128E-17	5.910980E-18
1.178475E+04	1.201037E-17	5.890821E-18
1.178535E+04	1.200822E-17	5.813250E-18
1.178595E+04	1.200032E-17	5.865031E-18
1.178655E+04	1.199818E-17	5.859163E-18
1.178715E+04	1.201214E-17	5.799427E-18
1.178775E+04	1.202035E-17	5.800859E-18
1.178835E+04	1.194571E-17	5.783063E-18
1.178895E+04	1.193551E-17	5.774907E-18
1.178955E+04	1.190690E-17	5.889479E-18
1.179015E+04	1.190015E-17	5.871369E-18
1.179075E+04	1.191411E-17	5.872236E-18
1.179135E+04	1.193498E-17	5.856466E-18
1.179195E+04	1.191097E-17	5.800103E-18
1.179255E+04	1.188006E-17	5.778363E-18
1.179315E+04	1.184108E-17	5.749522E-18
1.179375E+04	1.185159E-17	5.721353E-18
1.179435E+04	1.185750E-17	5.696987E-18
1.179495E+04	1.184270E-17	5.629768E-18
1.179555E+04	1.184745E-17	5.634795E-18
1.179615E+04	1.184301E-17	5.626370E-18
1.179675E+04	1.183395E-17	5.630248E-18
1.179735E+04	1.183296E-17	5.622673E-18
1.179795E+04	1.181124E-17	5.607246E-18
1.179855E+04	1.178032E-17	5.622943E-18
1.179915E+04	1.175515E-17	5.619418E-18
1.179975E+04	1.174034E-17	5.617058E-18
1.180035E+04	1.170251E-17	5.599572E-18
1.180095E+04	1.169806E-17	5.579049E-18
1.180155E+04	1.162570E-17	5.548389E-18
1.180215E+04	1.164887E-17	5.557127E-18
1.180275E+04	1.167435E-17	5.522188E-18
1.180336E+04	1.166069E-17	5.441639E-18
1.180396E+04	1.165854E-17	5.418733E-18
1.180456E+04	1.171280E-17	5.390761E-18
1.180516E+04	1.169223E-17	5.395219E-18
1.180576E+04	1.166015E-17	5.391449E-18
1.180636E+04	1.163152E-17	5.388098E-18
1.180696E+04	1.168118E-17	5.403974E-18
1.180756E+04	1.173428E-17	5.432988E-18
1.180816E+04	1.173329E-17	5.434558E-18
1.180876E+04	1.174380E-17	5.436944E-18
1.180936E+04	1.175777E-17	5.458388E-18
1.180996E+04	1.172108E-17	5.447866E-18
1.181056E+04	1.171433E-17	5.442853E-18
1.181116E+04	1.173405E-17	5.446864E-18
1.181176E+04	1.173536E-17	5.442681E-18
1.181236E+04	1.173436E-17	5.429172E-18
1.181296E+04	1.174142E-17	5.456639E-18
1.181356E+04	1.170128E-17	5.443540E-18
1.181416E+04	1.170258E-17	5.454041E-18
1.181475E+04	1.164632E-17	5.440331E-18
1.181535E+04	1.161769E-17	5.417336E-18
1.181595E+04	1.155221E-17	5.404037E-18
1.181655E+04	1.150826E-17	5.395320E-18
1.181715E+04	1.153409E-17	5.401334E-18
1.181775E+04	1.154806E-17	5.424827E-18
1.181835E+04	1.154015E-17	5.412911E-18
1.181895E+04	1.149274E-17	5.404135E-18
1.181955E+04	1.139985E-17	5.369010E-18
1.182015E+04	1.138215E-17	5.360166E-18
1.182075E+04	1.132749E-17	5.249918E-18
1.182135E+04	1.130150E-17	5.242742E-18
1.182195E+04	1.127412E-17	5.234421E-18
1.182255E+04	1.124226E-17	5.221348E-18
1.182315E+04	1.121983E-17	5.214391E-18
1.182375E+04	1.122528E-17	5.235245E-18
1.182435E+04	1.128139E-17	5.237668E-18
1.182495E+04	1.130953E-17	5.223565E-18
1.182555E+04	1.135275E-17	5.225793E-18
1.182615E+04	1.139758E-17	5.246399E-18
1.182675E+04	1.142157E-17	5.314231E-18
1.182735E+04	1.142794E-17	5.370138E-18
1.182795E+04	1.143189E-17	5.420510E-18
1.182855E+04	1.133507E-17	5.389702E-18
1.182915E+04	1.135526E-17	5.395880E-18
1.182975E+04	1.136243E-17	5.454956E-18
1.183035E+04	1.132066E-17	5.439238E-18
1.183095E+04	1.135835E-17	5.394295E-18
1.183155E+04	1.135724E-17	5.436849E-18
1.183215E+04	1.135934E-17	5.571492E-18
1.183275E+04	1.134199E-17	5.591844E-18
1.183335E+04	1.138395E-17	5.591065E-18
1.183395E+04	1.136901E-17	5.586443E-18
1.183455E+04	1.140302E-17	5.469049E-18
1.183515E+04	1.138912E-17	5.470797E-18
1.183575E+04	1.135298E-17	5.460514E-18
1.183635E+04	1.132480E-17	5.460185E-18
1.183695E+04	1.134372E-17	5.524268E-18
1.183755E+04	1.131853E-17	5.523453E-18
1.183815E+04	1.126511E-17	5.537288E-18
1.183875E+04	1.123208E-17	5.525144E-18
1.183935E+04	1.120297E-17	5.526065E-18
1.183995E+04	1.113031E-17	5.503910E-18
1.184055E+04	1.110557E-17	5.496739E-18
1.184115E+04	1.108175E-17	5.581384E-18
1.184175E+04	1.107096E-17	5.718459E-18
1.184235E+04	1.103930E-17	5.752241E-18
1.184295E+04	1.102804E-17	5.760079E-18
1.184355E+04	1.096298E-17	5.721777E-18
1.184415E+04	1.095114E-17	5.700667E-18
1.184476E+04	1.092836E-17	5.738161E-18
1.184536E+04	1.087608E-17	5.729487E-18
1.184596E+04	1.085399E-17	5.708644E-18
1.184656E+04	1.086842E-17	5.710838E-18
1.184716E+04	1.078399E-17	5.672957E-18
1.184776E+04	1.073113E-17	5.668157E-18
1.184836E+04	1.073922E-17	5.672653E-18
1.184896E+04	1.071908E-17	5.745394E-18
1.184956E+04	1.068639E-17	5.732047E-18
1.185076E+04	1.066639E-17	5.718286E-18
1.185136E+04	1.069488E-17	5.720215E-18
1.185196E+04	1.064881E-17	5.702021E-18
1.185256E+04	1.060159E-17	5.689448E-18
1.185316E+04	1.055921E-17	5.726164E-18
1.185376E+04	1.050749E-17	5.709516E-18
1.185436E+04	1.045508E-17	5.719287E-18
1.185496E+04	1.044093E-17	5.754200E-18
1.185556E+04	1.036627E-17	5.737987E-18
1.185616E+04	1.029357E-17	5.718190E-18
1.185676E+04	1.032771E-17	5.725737E-18
1.185736E+04	1.033983E-17	5.745726E-18
1.185796E+04	1.030343E-17	5.771275E-18
1.185856E+04	1.028513E-17	5.775483E-18
1.185916E+04	1.020770E-17	5.769289E-18
1.185976E+04	1.023688E-17	5.770800E-18
1.186036E+04	1.026387E-17	5.784087E-18
1.186096E+04	1.019958E-17	5.767379E-18
1.186156E+04	1.019798E-17	5.804542E-18
1.186216E+04	1.022278E-17	5.810921E-18
1.186276E+04	1.016091E-17	5.795488E-18
1.186336E+04	1.017776E-17	5.773719E-18
1.186396E+04	1.024555E-17	5.790787E-18
1.186456E+04	1.024868E-17	5.733201E-18
1.186516E+04	1.025896E-17	5.736764E-18
1.186576E+04	1.024123E-17	5.732818E-18
1.186636E+04	1.019146E-17	5.718821E-18
1.186696E+04	1.019194E-17	5.712313E-18
1.186756E+04	1.020268E-17	5.715315E-18
1.186816E+04	1.027302E-17	5.733677E-18
1.186876E+04	1.027546E-17	5.733017E-18
1.186936E+04	1.021461E-17	5.684248E-18
1.186996E+04	1.016426E-17	5.660263E-18
1.187056E+04	1.019033E-17	5.639590E-18
1.187116E+04	1.019231E-17	5.662378E-18
1.187176E+04	1.020824E-17	5.660378E-18
1.187236E+04	1.032262E-17	5.636080E-18
1.187296E+04	1.038052E-17	5.591707E-18
1.187356E+04	1.037523E-17	5.546430E-18
1.187416E+04	1.036154E-17	5.540901E-18
1.187476E+04	1.032121E-17	5.535883E-18
1.187536E+04	1.032492E-17	5.550513E-18
1.187596E+04	1.029047E-17	5.540554E-18
1.187656E+04	1.026386E-17	5.532223E-18
1.187716E+04	1.024162E-17	5.489388E-18
1.187776E+04	1.022573E-17	5.356058E-18
1.187836E+04	1.022241E-17	5.322868E-18
1.187896E+04	1.029115E-17	5.341411E-18
1.187956E+04	1.031942E-17	5.349647E-18
1.188016E+04	1.037883E-17	5.365505E-18
1.188076E+04	1.039603E-17	5.366534E-18
1.188196E+04	1.042606E-17	5.376033E-18
1.188256E+04	1.042504E-17	5.370567E-18
1.188316E+04	1.042068E-17	5.320715E-18
1.188376E+04	1.044953E-17	5.346088E-18
1.188436E+04	1.045705E-17	5.371823E-18
1.188557E+04	1.039137E-17	5.353496E-18
1.188617E+04	1.034734E-17	5.340867E-18
1.188677E+04	1.035809E-17	5.325248E-18
1.188737E+04	1.036042E-17	5.322755E-18
1.188797E+04	1.044371E-17	5.251914E-18
1.188857E+04	1.044050E-17	5.076841E-18
1.188917E+04	1.035703E-17	5.046589E-18
1.188977E+04	1.038819E-17	5.051037E-18
1.189037E+04	1.042858E-17	5.073702E-18
1.189097E+04	1.047335E-17	5.067358E-18
1.189157E+04	1.050624E-17	5.018963E-18
1.189217E+04	1.051769E-17	5.029352E-18
1.189277E+04	1.058172E-17	5.101398E-18
1.189337E+04	1.068129E-17	5.128424E-18
1.189397E+04	1.078154E-17	5.161188E-18
1.189457E+04	1.078780E-17	5.172419E-18
1.189517E+04	1.073558E-17	5.164962E-18
1.189577E+04	1.067447E-17	5.046444E-18
1.189637E+04	1.065789E-17	5.139196E-18
1.189697E+04	1.067799E-17	5.280461E-18
1.189757E+04	1.065598E-17	5.287523E-18
1.189817E+04	1.063294E-17	5.280985E-18
1.189877E+04	1.063550E-17	5.341837E-18
1.189937E+04	1.062561E-17	5.292364E-18
1.189997E+04	1.063487E-17	5.311948E-18
1.190057E+04	1.065012E-17	5.305106E-18
1.190117E+04	1.058474E-17	5.267082E-18
1.190177E+04	1.059353E-17	5.261106E-18
1.190237E+04	1.060902E-17	5.297301E-18
1.190297E+04	1.066084E-17	5.317031E-18
1.190357E+04	1.060468E-17	5.291230E-18
1.190417E+04	1.068177E-17	5.287037E-18
1.190477E+04	1.061754E-17	5.235843E-18
1.190537E+04	1.055838E-17	5.199061E-18
1.190597E+04	1.050072E-17	5.172781E-18
1.190657E+04	1.046983E-17	5.155375E-18
1.190717E+04	1.043120E-17	5.148641E-18
1.190777E+04	1.040135E-17	5.079887E-18
1.190837E+04	1.035510E-17	5.061236E-18
1.190897E+04	1.034555E-17	5.059740E-18
1.190957E+04	1.033519E-17	5.052559E-18
1.191017E+04	1.035159E-17	5.058872E-18
1.191077E+04	1.037308E-17	5.065961E-18
1.191137E+04	1.036826E-17	5.064335E-18
1.191197E+04	1.034324E-17	5.056602E-18
1.191257E+04	1.035076E-17	5.058694E-18
1.191317E+04	1.036660E-17	5.063749E-18
1.191377E+04	1.040839E-17	5.077061E-18
1.191437E+04	1.044926E-17	5.091054E-18
1.191497E+04	1.048160E-17	5.103680E-18
1.191557E+04	1.050147E-17	5.115288E-18
1.191617E+04	1.049434E-17	5.112975E-18
1.191677E+04	1.052356E-17	5.170933E-18
1.191737E+04	1.054632E-17	5.229422E-18
1.191797E+04	1.054946E-17	5.230282E-18
1.191857E+04	1.056876E-17	5.235473E-18
1.191917E+04	1.058806E-17	5.280556E-18
1.191977E+04	1.064267E-17	5.339893E-18
1.192037E+04	1.068102E-17	5.351244E-18
1.192097E+04	1.068762E-17	5.361456E-18
1.192157E+04	1.067888E-17	5.303817E-18
1.192217E+04	1.073327E-17	5.327958E-18
1.192277E+04	1.079123E-17	5.352694E-18
1.192337E+04	1.081515E-17	5.483770E-18
1.192397E+04	1.084438E-17	5.481125E-18
1.192457E+04	1.089070E-17	5.495737E-18
1.192517E+04	1.089777E-17	5.579189E-18
1.192577E+04	1.090449E-17	5.583434E-18
1.192637E+04	1.092057E-17	5.687002E-18
1.192698E+04	1.091691E-17	5.686179E-18
1.192758E+04	1.091809E-17	5.730115E-18
1.192818E+04	1.093798E-17	5.733621E-18
1.192878E+04	1.093385E-17	5.773048E-18
1.192938E+04	1.089891E-17	5.770473E-18
1.192998E+04	1.096566E-17	5.729820E-18
1.193058E+04	1.101464E-17	5.742421E-18
1.193118E+04	1.103337E-17	5.737520E-18
1.193178E+04	1.107404E-17	5.748354E-18
1.193238E+04	1.110235E-17	5.742894E-18
1.193298E+04	1.108784E-17	5.732373E-18
1.193418E+04	1.108906E-17	5.752175E-18
1.193478E+04	1.113781E-17	5.732884E-18
1.193538E+04	1.113773E-17	5.724472E-18
1.193598E+04	1.113638E-17	5.711911E-18
1.193658E+04	1.113595E-17	5.728315E-18
1.193718E+04	1.110851E-17	5.724962E-18
1.193778E+04	1.108372E-17	5.704165E-18
1.193898E+04	1.107455E-17	5.691757E-18
1.193958E+04	1.108590E-17	5.700026E-18
1.194018E+04	1.107520E-17	5.743833E-18
1.194078E+04	1.103817E-17	5.720521E-18
1.194138E+04	1.105067E-17	5.723081E-18
1.194198E+04	1.101895E-17	5.720212E-18
1.194258E+04	1.102441E-17	5.651654E-18
1.194318E+04	1.096948E-17	5.654776E-18
1.194378E+04	1.098637E-17	5.683802E-18
1.194438E+04	1.101135E-17	5.739331E-18
1.194498E+04	1.099163E-17	5.672076E-18
1.194558E+04	1.098416E-17	5.692240E-18
1.194618E+04	1.091964E-17	5.662560E-18
1.194678E+04	1.095282E-17	5.683686E-18
1.194738E+04	1.098276E-17	5.681015E-18
1.194798E+04	1.099318E-17	5.705578E-18
1.194858E+04	1.090672E-17	5.668253E-18
1.194918E+04	1.085432E-17	5.654514E-18
1.194978E+04	1.081717E-17	5.726657E-18
1.195038E+04	1.076338E-17	5.702174E-18
1.195098E+04	1.073385E-17	5.749150E-18
1.195158E+04	1.073376E-17	5.748352E-18
1.195217E+04	1.072397E-17	5.822726E-18
1.195277E+04	1.074144E-17	5.828720E-18
1.195337E+04	1.073800E-17	5.825871E-18
1.195397E+04	1.072186E-17	5.872529E-18
1.195457E+04	1.073448E-17	5.875389E-18
1.195517E+04	1.070598E-17	5.932419E-18
1.195577E+04	1.075487E-17	6.051388E-18
1.195637E+04	1.078054E-17	6.057662E-18
1.195697E+04	1.075008E-17	6.049931E-18
1.195757E+04	1.078973E-17	6.162153E-18
1.195817E+04	1.071595E-17	6.145505E-18
1.195877E+04	1.066180E-17	6.189469E-18
1.195937E+04	1.074904E-17	6.212917E-18
1.195997E+04	1.069698E-17	6.212998E-18
1.196057E+04	1.071687E-17	6.223497E-18
1.196117E+04	1.066330E-17	6.206469E-18
1.196177E+04	1.067234E-17	6.200092E-18
1.196237E+04	1.070795E-17	6.316919E-18
1.196297E+04	1.068915E-17	6.462265E-18
1.196357E+04	1.068051E-17	6.553811E-18
1.196417E+04	1.062301E-17	6.569535E-18
1.196477E+04	1.066324E-17	6.579605E-18
1.196537E+04	1.056796E-17	6.573592E-18
1.196597E+04	1.056649E-17	6.533366E-18
1.196657E+04	1.050771E-17	6.527324E-18
1.196717E+04	1.048186E-17	6.510168E-18
1.196778E+04	1.045139E-17	6.494692E-18
1.196838E+04	1.045939E-17	6.503580E-18
1.196898E+04	1.042810E-17	6.491768E-18
1.196958E+04	1.039832E-17	6.370422E-18
1.197018E+04	1.034116E-17	6.367598E-18
1.197138E+04	1.041388E-17	6.403198E-18
1.197198E+04	1.034747E-17	6.311093E-18
1.197258E+04	1.037257E-17	6.320698E-18
1.197318E+04	1.034186E-17	6.295894E-18
1.197378E+04	1.036649E-17	6.329110E-18
1.197438E+04	1.039899E-17	6.422722E-18
1.197498E+04	1.041981E-17	6.429283E-18
1.197558E+04	1.048697E-17	6.442733E-18
1.197618E+04	1.047406E-17	6.500408E-18
1.197678E+04	1.047524E-17	6.520367E-18
1.197738E+04	1.044002E-17	6.543602E-18
1.197798E+04	1.049493E-17	6.585258E-18
1.197858E+04	1.049854E-17	6.613098E-18
1.197918E+04	1.051359E-17	6.633789E-18
1.197978E+04	1.053592E-17	6.659104E-18
1.198038E+04	1.050255E-17	6.653477E-18
1.198098E+04	1.049854E-17	6.658770E-18
1.198158E+04	1.049221E-17	6.668743E-18
1.198278E+04	1.046129E-17	6.665943E-18
1.198338E+04	1.048974E-17	6.657587E-18
1.198398E+04	1.047868E-17	6.654523E-18
1.198458E+04	1.046645E-17	6.652779E-18
1.198518E+04	1.047584E-17	6.623191E-18
1.198578E+04	1.044801E-17	6.617898E-18
1.198638E+04	1.043937E-17	6.584000E-18
1.198698E+04	1.049407E-17	6.596441E-18
1.198758E+04	1.046231E-17	6.584857E-18
1.198878E+04	1.043300E-17	6.593713E-18
1.198938E+04	1.041049E-17	6.596202E-18
1.198998E+04	1.039410E-17	6.469969E-18
1.199058E+04	1.039678E-17	6.441619E-18
1.199118E+04	1.033601E-17	6.382824E-18
1.199178E+04	1.029199E-17	6.402939E-18
1.199238E+04	1.028809E-17	6.379388E-18
1.199298E+04	1.032799E-17	6.390434E-18
1.199358E+04	1.029785E-17	6.391326E-18
1.199418E+04	1.028099E-17	6.382845E-18
1.199478E+04	1.020495E-17	6.354679E-18
1.199538E+04	1.018139E-17	6.336122E-18
1.199598E+04	1.017217E-17	6.328115E-18
1.199658E+04	1.016583E-17	6.248643E-18
1.199718E+04	1.014701E-17	6.239599E-18
1.199778E+04	1.014437E-17	6.182260E-18
1.199838E+04	1.015075E-17	6.183744E-18
1.199898E+04	1.016083E-17	6.114178E-18
1.199958E+04	1.015577E-17	6.117363E-18
1.200018E+04	1.018007E-17	6.127980E-18
1.200078E+04	1.015870E-17	6.082830E-18
1.200138E+04	1.021365E-17	6.161208E-18
1.200198E+04	1.021425E-17	6.152153E-18
1.200258E+04	1.024734E-17	6.090806E-18
1.200318E+04	1.020320E-17	6.111136E-18
1.200378E+04	1.017050E-17	6.126231E-18
1.200438E+04	1.016624E-17	6.047680E-18
1.200498E+04	1.016765E-17	6.058625E-18
1.200618E+04	1.021002E-17	6.008589E-18
1.200738E+04	1.023250E-17	6.016316E-18
1.200798E+04	1.025241E-17	6.011150E-18
1.200858E+04	1.026897E-17	6.001493E-18
1.200919E+04	1.023465E-17	5.992638E-18
1.200979E+04	1.029423E-17	6.011332E-18
1.201039E+04	1.037174E-17	5.929684E-18
1.201099E+04	1.040704E-17	5.738976E-18
1.201159E+04	1.040406E-17	5.603835E-18
1.201219E+04	1.042305E-17	5.571932E-18
1.201279E+04	1.041683E-17	5.571046E-18
1.201339E+04	1.044519E-17	5.554712E-18
1.201399E+04	1.040058E-17	5.556809E-18
1.201459E+04	1.032219E-17	5.512507E-18
1.201519E+04	1.030764E-17	5.523882E-18
1.201579E+04	1.032224E-17	5.532900E-18
1.201639E+04	1.035338E-17	5.528576E-18
1.201699E+04	1.035872E-17	5.528823E-18
1.201759E+04	1.033677E-17	5.538543E-18
1.201819E+04	1.038075E-17	5.585939E-18
1.201879E+04	1.035464E-17	5.586806E-18
1.201939E+04	1.034934E-17	5.677631E-18
1.201999E+04	1.035642E-17	5.656187E-18
1.202059E+04	1.035067E-17	5.575658E-18
1.202119E+04	1.034468E-17	5.565711E-18
1.202179E+04	1.030352E-17	5.380078E-18
1.202299E+04	1.029941E-17	5.377267E-18
1.202419E+04	1.028488E-17	5.325915E-18
1.202479E+04	1.030804E-17	5.262335E-18
1.202539E+04	1.035434E-17	5.268893E-18
1.202599E+04	1.031538E-17	5.257920E-18
1.202659E+04	1.027180E-17	5.230213E-18
1.202719E+04	1.028709E-17	5.220763E-18
1.202779E+04	1.026548E-17	5.241631E-18
1.202839E+04	1.029246E-17	5.250296E-18
1.202899E+04	1.032546E-17	5.325783E-18
1.202959E+04	1.029818E-17	5.301186E-18
1.203019E+04	1.028432E-17	5.288420E-18
1.203079E+04	1.024015E-17	5.265988E-18
1.203139E+04	1.025927E-17	5.268034E-18
1.203199E+04	1.019774E-17	5.445289E-18
1.203259E+04	1.015426E-17	5.528262E-18
1.203319E+04	1.015891E-17	5.511811E-18
1.203379E+04	1.020117E-17	5.518259E-18
1.203439E+04	1.022954E-17	5.515628E-18
1.203499E+04	1.026300E-17	5.553212E-18
1.203559E+04	1.024648E-17	5.546334E-18
1.203619E+04	1.030749E-17	5.532804E-18
1.203679E+04	1.031584E-17	5.540002E-18
1.203739E+04	1.031101E-17	5.578146E-18
1.203799E+04	1.034413E-17	5.606817E-18
1.203859E+04	1.038176E-17	5.622826E-18
1.203919E+04	1.039371E-17	5.641707E-18
1.203979E+04	1.036122E-17	5.638887E-18
1.204039E+04	1.036715E-17	5.635407E-18
1.204099E+04	1.036474E-17	5.620105E-18
1.204159E+04	1.035991E-17	5.736459E-18
1.204219E+04	1.040345E-17	5.755171E-18
1.204279E+04	1.038913E-17	5.762459E-18
1.204339E+04	1.036381E-17	5.792261E-18
1.204399E+04	1.034543E-17	5.851629E-18
1.204459E+04	1.034940E-17	5.887836E-18
1.204519E+04	1.025325E-17	5.874655E-18
1.204579E+04	1.020501E-17	5.863692E-18
1.204639E+04	1.022355E-17	5.865565E-18
1.204699E+04	1.023017E-17	5.861871E-18
1.204759E+04	1.030381E-17	5.930617E-18
1.204819E+04	1.024539E-17	5.899352E-18
1.204879E+04	1.021358E-17	5.855662E-18
1.204939E+04	1.023097E-17	5.832585E-18
1.205000E+04	1.029037E-17	5.820825E-18
1.205060E+04	1.034480E-17	5.802256E-18
1.205120E+04	1.037747E-17	5.789443E-18
1.205180E+04	1.037576E-17	5.776198E-18
1.205240E+04	1.033851E-17	5.770908E-18
1.205300E+04	1.033287E-17	5.760228E-18
1.205360E+04	1.029875E-17	5.745346E-18
1.205420E+04	1.025930E-17	5.749188E-18
1.205540E+04	1.026711E-17	5.789973E-18
1.205600E+04	1.027049E-17	5.790711E-18
1.205660E+04	1.026264E-17	5.785001E-18
1.205720E+04	1.022701E-17	5.784082E-18
1.205780E+04	1.022044E-17	5.783433E-18
1.205840E+04	1.027464E-17	5.766997E-18
1.205900E+04	1.030801E-17	5.893660E-18
1.205960E+04	1.032286E-17	5.908291E-18
1.206020E+04	1.037012E-17	5.894703E-18
1.206080E+04	1.042896E-17	5.897259E-18
1.206140E+04	1.040352E-17	5.890657E-18
1.206200E+04	1.038930E-17	5.890859E-18
1.206260E+04	1.038180E-17	5.896821E-18
1.206320E+04	1.036504E-17	5.895714E-18
1.206380E+04	1.036924E-17	5.896734E-18
1.206440E+04	1.038744E-17	5.882670E-18
1.206500E+04	1.038608E-17	5.854108E-18
1.206560E+04	1.044227E-17	5.847793E-18
1.206620E+04	1.051188E-17	5.861979E-18
1.206680E+04	1.056263E-17	5.874651E-18
1.206740E+04	1.060377E-17	5.886338E-18
1.206800E+04	1.059893E-17	5.871396E-18
1.206860E+04	1.062652E-17	5.863809E-18
1.206920E+04	1.061544E-17	5.852549E-18
1.206980E+04	1.065693E-17	5.863731E-18
1.207040E+04	1.062245E-17	5.851921E-18
1.207100E+04	1.064263E-17	5.849341E-18
1.207160E+04	1.069570E-17	5.834701E-18
1.207220E+04	1.066817E-17	5.816944E-18
1.207280E+04	1.066866E-17	5.809176E-18
1.207340E+04	1.075497E-17	5.788588E-18
1.207400E+04	1.084951E-17	5.806660E-18
1.207460E+04	1.089459E-17	5.820736E-18
1.207520E+04	1.092647E-17	5.830984E-18
1.207580E+04	1.092037E-17	5.828741E-18
1.207640E+04	1.094658E-17	5.835680E-18
1.207700E+04	1.102618E-17	5.855343E-18
1.207760E+04	1.101684E-17	5.656821E-18
1.207820E+04	1.101722E-17	5.571614E-18
1.207880E+04	1.105954E-17	5.584766E-18
1.207940E+04	1.107625E-17	5.652387E-18
1.208000E+04	1.110826E-17	5.676476E-18
1.208060E+04	1.109521E-17	5.644081E-18
1.208120E+04	1.105876E-17	5.640251E-18
1.208180E+04	1.100377E-17	5.627565E-18
1.208240E+04	1.098539E-17	5.617474E-18
1.208300E+04	1.101242E-17	5.566426E-18
1.208360E+04	1.106574E-17	5.560322E-18
1.208420E+04	1.106207E-17	5.547747E-18
1.208480E+04	1.103767E-17	5.535276E-18
1.208540E+04	1.105531E-17	5.537468E-18
1.208600E+04	1.107620E-17	5.538458E-18
1.208660E+04	1.109106E-17	5.549324E-18
1.208720E+04	1.108601E-17	5.427563E-18
1.208780E+04	1.108106E-17	5.418970E-18
1.208840E+04	1.103638E-17	5.390287E-18
1.208900E+04	1.111184E-17	5.369702E-18
1.208960E+04	1.104097E-17	5.287922E-18
1.209080E+04	1.099389E-17	5.256252E-18
1.209140E+04	1.093612E-17	5.227621E-18
1.209200E+04	1.091843E-17	5.221662E-18
1.209260E+04	1.085266E-17	5.222374E-18
1.209320E+04	1.080403E-17	5.207044E-18
1.209380E+04	1.082538E-17	5.141305E-18
1.209440E+04	1.085902E-17	5.171078E-18
1.209500E+04	1.083182E-17	5.201711E-18
1.209560E+04	1.082317E-17	5.195639E-18
1.209620E+04	1.082239E-17	5.255742E-18
1.209680E+04	1.082903E-17	5.262595E-18
1.209740E+04	1.084250E-17	5.288783E-18
1.209800E+04	1.086212E-17	5.300317E-18
1.209860E+04	1.088753E-17	5.320323E-18
1.209920E+04	1.091805E-17	5.354051E-18
1.209980E+04	1.095725E-17	5.369781E-18
1.210040E+04	1.099819E-17	5.421675E-18
1.210100E+04	1.104006E-17	5.406819E-18
1.210160E+04	1.108437E-17	5.518362E-18
1.210220E+04	1.113041E-17	5.576982E-18
1.210280E+04	1.119326E-17	5.587186E-18
1.210340E+04	1.120825E-17	5.681654E-18
1.210400E+04	1.123158E-17	5.772910E-18
1.210460E+04	1.125550E-17	5.724437E-18
1.210520E+04	1.131662E-17	5.788986E-18
1.210580E+04	1.139894E-17	5.858111E-18
1.210640E+04	1.143955E-17	5.905935E-18
1.210700E+04	1.148572E-17	5.948172E-18
1.210760E+04	1.153966E-17	5.965911E-18
1.210820E+04	1.156277E-17	5.971955E-18
1.210880E+04	1.156513E-17	5.981207E-18
1.210940E+04	1.159751E-17	5.997972E-18
1.211000E+04	1.164520E-17	6.015514E-18
1.211060E+04	1.164304E-17	5.998854E-18
1.211120E+04	1.164668E-17	5.996951E-18
1.211180E+04	1.165148E-17	5.891853E-18
1.211240E+04	1.165859E-17	5.897426E-18
1.211300E+04	1.166571E-17	5.900444E-18
1.211360E+04	1.167631E-17	5.997857E-18
1.211420E+04	1.168806E-17	6.002068E-18
1.211480E+04	1.168938E-17	6.038629E-18
1.211540E+04	1.170230E-17	6.077236E-18
1.211600E+04	1.171173E-17	6.090949E-18
1.211660E+04	1.173740E-17	6.097566E-18
1.211720E+04	1.179437E-17	6.135664E-18
1.211780E+04	1.183511E-17	6.169287E-18
1.211840E+04	1.177383E-17	6.161717E-18
1.211900E+04	1.173226E-17	6.142525E-18
1.212320E+04	1.170210E-17	6.186747E-18
1.212380E+04	1.167443E-17	6.205545E-18
1.212440E+04	1.167807E-17	6.212941E-18
1.212500E+04	1.165505E-17	6.205050E-18
1.212560E+04	1.164477E-17	6.206545E-18
1.212620E+04	1.161595E-17	6.214752E-18
1.212680E+04	1.156451E-17	6.246331E-18
1.212740E+04	1.155772E-17	6.283168E-18
1.212800E+04	1.154570E-17	6.308210E-18
1.212860E+04	1.152777E-17	6.263237E-18
1.212920E+04	1.152272E-17	6.264474E-18
1.212980E+04	1.153273E-17	6.266954E-18
1.213040E+04	1.155702E-17	6.271726E-18
1.213100E+04	1.163696E-17	6.288294E-18
1.213160E+04	1.168699E-17	6.284830E-18
1.213220E+04	1.173006E-17	6.294377E-18
1.213281E+04	1.178473E-17	6.306683E-18
1.213341E+04	1.177910E-17	6.308699E-18
1.213401E+04	1.179434E-17	6.298245E-18
1.213461E+04	1.182118E-17	6.303904E-18
1.213521E+04	1.182946E-17	6.314857E-18
1.213581E+04	1.182035E-17	6.318826E-18
1.213641E+04	1.180080E-17	6.371976E-18
1.213701E+04	1.180096E-17	6.366480E-18
1.213761E+04	1.173270E-17	6.438863E-18
1.213821E+04	1.167023E-17	6.421071E-18
1.213881E+04	1.157389E-17	6.391084E-18
1.213941E+04	1.158032E-17	6.376903E-18
1.214001E+04	1.155902E-17	6.378364E-18
1.214061E+04	1.155930E-17	6.380944E-18
1.214121E+04	1.153951E-17	6.360045E-18
1.214181E+04	1.154176E-17	6.359140E-18
1.214301E+04	1.148501E-17	6.344027E-18
1.214361E+04	1.141558E-17	6.311022E-18
1.214421E+04	1.134126E-17	6.241179E-18
1.214481E+04	1.140893E-17	6.251768E-18
1.214541E+04	1.145642E-17	6.198298E-18
1.214601E+04	1.146853E-17	6.212771E-18
1.214661E+04	1.154363E-17	6.210618E-18
1.214721E+04	1.151386E-17	6.193131E-18
1.214781E+04	1.140092E-17	6.143452E-18
1.214841E+04	1.138182E-17	6.113733E-18
1.214901E+04	1.142838E-17	6.138194E-18
1.214961E+04	1.148168E-17	6.097224E-18
1.215021E+04	1.150748E-17	6.094785E-18
1.215081E+04	1.143420E-17	5.993186E-18
1.215141E+04	1.148448E-17	5.952049E-18
1.215201E+04	1.147292E-17	5.948131E-18
1.215261E+04	1.145127E-17	5.862258E-18
1.215321E+04	1.141430E-17	5.778335E-18
1.215381E+04	1.133011E-17	5.705979E-18
1.215441E+04	1.140430E-17	5.705056E-18
1.215501E+04	1.145447E-17	5.677979E-18
1.215561E+04	1.145393E-17	5.648403E-18
1.215621E+04	1.138621E-17	5.614385E-18
1.215681E+04	1.145008E-17	5.616968E-18
1.215741E+04	1.144478E-17	5.597868E-18
1.215801E+04	1.146815E-17	5.590158E-18
1.215861E+04	1.146843E-17	5.596837E-18
1.215921E+04	1.147010E-17	5.600144E-18
1.215981E+04	1.143603E-17	5.585049E-18
1.216041E+04	1.148643E-17	5.596879E-18
1.216101E+04	1.149866E-17	5.600720E-18
1.216161E+04	1.151333E-17	5.601058E-18
1.216221E+04	1.146719E-17	5.700422E-18
1.216281E+04	1.150379E-17	5.687946E-18
1.216341E+04	1.145625E-17	5.677376E-18
1.216401E+04	1.146187E-17	5.647516E-18
1.216461E+04	1.144265E-17	5.644141E-18
1.216521E+04	1.142656E-17	5.646422E-18
1.216581E+04	1.142637E-17	5.651744E-18
1.216641E+04	1.133427E-17	5.594473E-18
1.216701E+04	1.132839E-17	5.567176E-18
1.216761E+04	1.128027E-17	5.593037E-18
1.216821E+04	1.130167E-17	5.640630E-18
1.216881E+04	1.131076E-17	5.597869E-18
1.216941E+04	1.135108E-17	5.496572E-18
1.217001E+04	1.134068E-17	5.486733E-18
1.217061E+04	1.130787E-17	5.484470E-18
1.217121E+04	1.131755E-17	5.490228E-18
1.217181E+04	1.129914E-17	5.476800E-18
1.217241E+04	1.133795E-17	5.450298E-18
1.217301E+04	1.136539E-17	5.421940E-18
1.217362E+04	1.127652E-17	5.370707E-18
1.217422E+04	1.128596E-17	5.358026E-18
1.217482E+04	1.129959E-17	5.356596E-18
1.217542E+04	1.129325E-17	5.358548E-18
1.217602E+04	1.131035E-17	5.363552E-18
1.217662E+04	1.132897E-17	5.374544E-18
1.217722E+04	1.127306E-17	5.360399E-18
1.217782E+04	1.132383E-17	5.406317E-18
1.217842E+04	1.134617E-17	5.445192E-18
1.217902E+04	1.135178E-17	5.441632E-18
1.217962E+04	1.134451E-17	5.428021E-18
1.218022E+04	1.128175E-17	5.412411E-18
1.218082E+04	1.128028E-17	5.402007E-18
1.218142E+04	1.130320E-17	5.380880E-18
1.218202E+04	1.129174E-17	5.311278E-18
1.218262E+04	1.130618E-17	5.315102E-18
1.218322E+04	1.133978E-17	5.214236E-18
1.218382E+04	1.130871E-17	5.204995E-18
1.218442E+04	1.135914E-17	5.218925E-18
1.218502E+04	1.135640E-17	5.213246E-18
1.218562E+04	1.135366E-17	5.201962E-18
1.218622E+04	1.135045E-17	5.198095E-18
1.218682E+04	1.134469E-17	5.195446E-18
1.218742E+04	1.133637E-17	5.197420E-18
1.218802E+04	1.132539E-17	5.189161E-18
1.218862E+04	1.131173E-17	5.189907E-18
1.218922E+04	1.129307E-17	5.181837E-18
1.218982E+04	1.127175E-17	5.178986E-18
1.219042E+04	1.124160E-17	5.166664E-18
1.219102E+04	1.120890E-17	5.188013E-18
1.219162E+04	1.117352E-17	5.188968E-18
1.219222E+04	1.113524E-17	5.183645E-18
1.219282E+04	1.116756E-17	5.192849E-18
1.219342E+04	1.120837E-17	5.218580E-18
1.219402E+04	1.121700E-17	5.200184E-18
1.219522E+04	1.127040E-17	5.211249E-18
1.219582E+04	1.125046E-17	5.209685E-18
1.219642E+04	1.130114E-17	5.266519E-18
1.219702E+04	1.136762E-17	5.286702E-18
1.219762E+04	1.140170E-17	5.300834E-18
1.219822E+04	1.145842E-17	5.332950E-18
1.219882E+04	1.146474E-17	5.354679E-18
1.219942E+04	1.150021E-17	5.345821E-18
1.220002E+04	1.154544E-17	5.371712E-18
1.220062E+04	1.156721E-17	5.452294E-18
1.220122E+04	1.153438E-17	5.496700E-18
1.220182E+04	1.158682E-17	5.545677E-18
1.220242E+04	1.160487E-17	5.580999E-18
1.220302E+04	1.159040E-17	5.603995E-18
1.220362E+04	1.162541E-17	5.635043E-18
1.220422E+04	1.165694E-17	5.643002E-18
1.220482E+04	1.170821E-17	5.650330E-18
1.220542E+04	1.172581E-17	5.655960E-18
1.220602E+04	1.171552E-17	5.652603E-18
1.220662E+04	1.173892E-17	5.660290E-18
1.220722E+04	1.174605E-17	5.661197E-18
1.220782E+04	1.174970E-17	5.557308E-18
1.220842E+04	1.177427E-17	5.512299E-18
1.220902E+04	1.174887E-17	5.519800E-18
1.220962E+04	1.175253E-17	5.520251E-18
1.221022E+04	1.173991E-17	5.480268E-18
1.221082E+04	1.174589E-17	5.486216E-18
1.221142E+04	1.176813E-17	5.486235E-18
1.221202E+04	1.177178E-17	5.553765E-18
1.221262E+04	1.178124E-17	5.639606E-18
1.221322E+04	1.175585E-17	5.668228E-18
1.221382E+04	1.180365E-17	5.683308E-18
1.221442E+04	1.186540E-17	5.689744E-18
1.221503E+04	1.185279E-17	5.664472E-18
1.221563E+04	1.191338E-17	5.697769E-18
1.221623E+04	1.185197E-17	5.667693E-18
1.221683E+04	1.183819E-17	5.776249E-18
1.221743E+04	1.183487E-17	5.783210E-18
1.221803E+04	1.184434E-17	5.818834E-18
1.221863E+04	1.190028E-17	5.930507E-18
1.221923E+04	1.186326E-17	5.932738E-18
1.221983E+04	1.189248E-17	5.945561E-18
1.222043E+04	1.192635E-17	5.952456E-18
1.222103E+04	1.195558E-17	5.954000E-18
1.222163E+04	1.193366E-17	5.960299E-18
1.222223E+04	1.193616E-17	5.982836E-18
1.222283E+04	1.188752E-17	6.034323E-18
1.222343E+04	1.184701E-17	6.170003E-18
1.222403E+04	1.180185E-17	6.265764E-18
1.222463E+04	1.175321E-17	6.257854E-18
1.222523E+04	1.169992E-17	6.247451E-18
1.222583E+04	1.164313E-17	6.298262E-18
1.222643E+04	1.158437E-17	6.311354E-18
1.222823E+04	1.152338E-17	6.297437E-18
1.222883E+04	1.146032E-17	6.281434E-18
1.223002E+04	1.139625E-17	6.265014E-18
1.223062E+04	1.133144E-17	6.248242E-18
1.223122E+04	1.126627E-17	6.231346E-18
1.223182E+04	1.120157E-17	6.214791E-18
1.223242E+04	1.112466E-17	6.195306E-18
1.223302E+04	1.104543E-17	6.175746E-18
1.223362E+04	1.106965E-17	6.182378E-18
1.223422E+04	1.105853E-17	6.182322E-18
1.223482E+04	1.108566E-17	6.188474E-18
1.223542E+04	1.114301E-17	6.206790E-18
1.223602E+04	1.112980E-17	6.200851E-18
1.223662E+04	1.108834E-17	6.192920E-18
1.223722E+04	1.105350E-17	6.248940E-18
1.223782E+04	1.104715E-17	6.246811E-18
1.223842E+04	1.102371E-17	6.217973E-18
1.223902E+04	1.099306E-17	6.198503E-18
1.223962E+04	1.087521E-17	6.178430E-18
1.224022E+04	1.077363E-17	6.180139E-18
1.224082E+04	1.070694E-17	6.154605E-18
1.224142E+04	1.064012E-17	6.147479E-18
1.224202E+04	1.062237E-17	6.152743E-18
1.224262E+04	1.059938E-17	6.149749E-18
1.224322E+04	1.060965E-17	6.126814E-18
1.224382E+04	1.061980E-17	6.128269E-18
1.224442E+04	1.063413E-17	6.228748E-18
1.224502E+04	1.063603E-17	6.211648E-18
1.224562E+04	1.064106E-17	6.189367E-18
1.224622E+04	1.062889E-17	6.186149E-18
1.224742E+04	1.062408E-17	6.149797E-18
1.224802E+04	1.062062E-17	6.087793E-18
1.224862E+04	1.059136E-17	6.027495E-18
1.224922E+04	1.056848E-17	6.004930E-18
1.224982E+04	1.049049E-17	5.988754E-18
1.225042E+04	1.043400E-17	5.947746E-18
1.225102E+04	1.035717E-17	5.909397E-18
1.225162E+04	1.029917E-17	5.900922E-18
1.225222E+04	1.022617E-17	5.890036E-18
1.225282E+04	1.020631E-17	5.895832E-18
1.225342E+04	1.020692E-17	5.897106E-18
1.225402E+04	1.015903E-17	5.909465E-18
1.225462E+04	1.018035E-17	5.920348E-18
1.225522E+04	1.015130E-17	5.938734E-18
1.225583E+04	1.011469E-17	5.916908E-18
1.225643E+04	1.010042E-17	5.897732E-18
1.225823E+04	1.009468E-17	5.902280E-18
1.225883E+04	1.006424E-17	5.899386E-18
1.225943E+04	1.005473E-17	5.881778E-18
1.226003E+04	1.006720E-17	5.892249E-18
1.226063E+04	1.008712E-17	5.842124E-18
1.226123E+04	1.008994E-17	5.769777E-18
1.226183E+04	1.013080E-17	5.706052E-18
1.226243E+04	1.013117E-17	5.692283E-18
1.226303E+04	1.011096E-17	5.704565E-18
1.226363E+04	1.012809E-17	5.747031E-18
1.226423E+04	1.010125E-17	5.747425E-18
1.226483E+04	1.009651E-17	5.793783E-18
1.226543E+04	1.008374E-17	5.740353E-18
1.226603E+04	1.008051E-17	5.730404E-18
1.226663E+04	1.005529E-17	5.686791E-18
1.226723E+04	1.004741E-17	5.590948E-18
1.226783E+04	1.000881E-17	5.610695E-18
1.226843E+04	9.982894E-18	5.616482E-18
1.226903E+04	9.955580E-18	5.646027E-18
1.226963E+04	9.943041E-18	5.645019E-18
1.227023E+04	9.949699E-18	5.640493E-18
1.227083E+04	9.942861E-18	5.616482E-18
1.227143E+04	9.900885E-18	5.579911E-18
1.227203E+04	9.851345E-18	5.431067E-18
1.227263E+04	9.821235E-18	5.246640E-18
1.227323E+04	9.781350E-18	5.241045E-18
1.227383E+04	9.746467E-18	5.277783E-18
1.227443E+04	9.713446E-18	5.200519E-18
1.227503E+04	9.670416E-18	5.160195E-18
1.227563E+04	9.612607E-18	5.136835E-18
1.227623E+04	9.557240E-18	5.136264E-18
1.227683E+04	9.536083E-18	5.218249E-18
1.227743E+04	9.510736E-18	5.212533E-18
1.227803E+04	9.502028E-18	5.209007E-18
1.227863E+04	9.507168E-18	5.211897E-18
1.227923E+04	9.497879E-18	5.214281E-18
1.227983E+04	9.411900E-18	5.192834E-18
1.228043E+04	9.442758E-18	5.203249E-18
1.228103E+04	9.434165E-18	5.200444E-18
1.228163E+04	9.401249E-18	5.191676E-18
1.228223E+04	9.389979E-18	5.187429E-18
1.228283E+04	9.361601E-18	5.187991E-18
1.228343E+04	9.369766E-18	5.216215E-18
1.228463E+04	9.362702E-18	5.140932E-18
1.228523E+04	9.354108E-18	5.185289E-18
1.228763E+04	9.387119E-18	5.200246E-18
1.228823E+04	9.417633E-18	5.252640E-18
1.228883E+04	9.445936E-18	5.256476E-18
1.228943E+04	9.471796E-18	5.221805E-18
1.229063E+04	9.494999E-18	5.282378E-18
1.229123E+04	9.515157E-18	5.313501E-18
1.229183E+04	9.532056E-18	5.333021E-18
1.229243E+04	9.545580E-18	5.340343E-18
1.229303E+04	9.556776E-18	5.297113E-18
1.229363E+04	9.562734E-18	5.308743E-18
1.229423E+04	9.541568E-18	5.196416E-18
1.229483E+04	9.533440E-18	5.224516E-18
1.229543E+04	9.512622E-18	5.227321E-18
1.229603E+04	9.495762E-18	5.248753E-18
1.229663E+04	9.483558E-18	5.266066E-18
1.229724E+04	9.493593E-18	5.358849E-18
1.229784E+04	9.500715E-18	5.360660E-18
1.229844E+04	9.473492E-18	5.331740E-18
1.229904E+04	9.407033E-18	5.276683E-18
1.229964E+04	9.404840E-18	5.278981E-18
1.230024E+04	9.398106E-18	5.277370E-18
1.230084E+04	9.371812E-18	5.246297E-18
1.230144E+04	9.374508E-18	5.234266E-18
1.230204E+04	9.381513E-18	5.225586E-18
1.230264E+04	9.382579E-18	5.224955E-18
1.230324E+04	9.378173E-18	5.199554E-18
1.230384E+04	9.368760E-18	5.190267E-18
1.230444E+04	9.354690E-18	5.156606E-18
1.230504E+04	9.336427E-18	5.163749E-18
1.230564E+04	9.314437E-18	5.174672E-18
1.230624E+04	9.289070E-18	5.255616E-18
1.230684E+04	9.260557E-18	5.244122E-18
1.230744E+04	9.229483E-18	5.238150E-18
1.230804E+04	9.209819E-18	5.246163E-18
1.230864E+04	9.181654E-18	5.331413E-18
1.230924E+04	9.164551E-18	5.311319E-18
1.230984E+04	9.129630E-18	5.280370E-18
1.231044E+04	9.073746E-18	5.265351E-18
1.231104E+04	9.072945E-18	5.216631E-18
1.231164E+04	9.099280E-18	5.175371E-18
1.231224E+04	9.091375E-18	5.108579E-18
1.231284E+04	9.095816E-18	5.095800E-18
1.231344E+04	9.118658E-18	5.013507E-18
1.231404E+04	9.085829E-18	5.007600E-18
1.231464E+04	9.106808E-18	5.036652E-18
1.231524E+04	9.107289E-18	5.026761E-18
1.231584E+04	9.083194E-18	4.940670E-18
1.231644E+04	9.134224E-18	4.941236E-18
1.231704E+04	9.145421E-18	4.916953E-18
1.231764E+04	9.141826E-18	4.922209E-18
1.231824E+04	9.171660E-18	4.918452E-18
1.231884E+04	9.222811E-18	4.936176E-18
1.231944E+04	9.211296E-18	4.905601E-18
1.232004E+04	9.205605E-18	4.850881E-18
1.232064E+04	9.175918E-18	4.851297E-18
1.232124E+04	9.155898E-18	4.823295E-18
1.232184E+04	9.155331E-18	4.793446E-18
1.232244E+04	9.156279E-18	4.838995E-18
1.232304E+04	9.163867E-18	4.813337E-18
1.232364E+04	9.117402E-18	4.835609E-18
1.232424E+04	9.085031E-18	4.850527E-18
1.232484E+04	9.109860E-18	4.811030E-18
1.232544E+04	9.099740E-18	4.827886E-18
1.232604E+04	9.099638E-18	4.851116E-18
1.232664E+04	9.101284E-18	4.875159E-18
1.232724E+04	9.042698E-18	4.880200E-18
1.232784E+04	9.043178E-18	4.898539E-18
1.232844E+04	9.043192E-18	4.914953E-18
1.232904E+04	9.003128E-18	4.920564E-18
1.232964E+04	9.022133E-18	4.939858E-18
1.233024E+04	9.039973E-18	4.955963E-18
1.233084E+04	9.068300E-18	4.947734E-18
1.233144E+04	9.100706E-18	4.939793E-18
1.233204E+04	9.130550E-18	4.995861E-18
1.233264E+04	9.195351E-18	4.969337E-18
1.233324E+04	9.238130E-18	5.000885E-18
1.233384E+04	9.232554E-18	4.973830E-18
1.233444E+04	9.218472E-18	4.964612E-18
1.233504E+04	9.219538E-18	4.962490E-18
1.233564E+04	9.202542E-18	4.898743E-18
1.233624E+04	9.213046E-18	4.866075E-18
1.233684E+04	9.257228E-18	4.853179E-18
1.233744E+04	9.302228E-18	4.852760E-18
1.233805E+04	9.262860E-18	4.848672E-18
1.233865E+04	9.233627E-18	4.844685E-18
1.233925E+04	9.229565E-18	4.842585E-18
1.233985E+04	9.246131E-18	4.866413E-18
1.234045E+04	9.225404E-18	4.867616E-18
1.234105E+04	9.216331E-18	4.836089E-18
1.234225E+04	9.247599E-18	4.821248E-18
1.234285E+04	9.294353E-18	4.719110E-18
1.234345E+04	9.366981E-18	4.738249E-18
1.234405E+04	9.306394E-18	4.707175E-18
1.234465E+04	9.225641E-18	4.675022E-18
1.234525E+04	9.289181E-18	4.687058E-18
1.234585E+04	9.306449E-18	4.689618E-18
1.234645E+04	9.289684E-18	4.684496E-18
1.234705E+04	9.282358E-18	4.729261E-18
1.234765E+04	9.259647E-18	4.767088E-18
1.234825E+04	9.273303E-18	4.780872E-18
1.234885E+04	9.267376E-18	4.786027E-18
1.234945E+04	9.269842E-18	4.784619E-18
1.235005E+04	9.272191E-18	4.780919E-18
1.235065E+04	9.258104E-18	4.809062E-18
1.235245E+04	9.259207E-18	4.795481E-18
1.235305E+04	9.248150E-18	4.697914E-18
1.235365E+04	9.251899E-18	4.701825E-18
1.235425E+04	9.262642E-18	4.693589E-18
1.235485E+04	9.258230E-18	4.662803E-18
1.235545E+04	9.255799E-18	4.541927E-18
1.235605E+04	9.273655E-18	4.557791E-18
1.235665E+04	9.284632E-18	4.571665E-18
1.235725E+04	9.356702E-18	4.557087E-18
1.235785E+04	9.319063E-18	4.556049E-18
1.235845E+04	9.326777E-18	4.564159E-18
1.235905E+04	9.353496E-18	4.577710E-18
1.235965E+04	9.335094E-18	4.534321E-18
1.236025E+04	9.279613E-18	4.524848E-18
1.236085E+04	9.267621E-18	4.526918E-18
1.236145E+04	9.295973E-18	4.517246E-18
1.236205E+04	9.308235E-18	4.517745E-18
1.236265E+04	9.377284E-18	4.541240E-18
1.236325E+04	9.387331E-18	4.548384E-18
1.236385E+04	9.418952E-18	4.561599E-18
1.236445E+04	9.516691E-18	4.576909E-18
1.236505E+04	9.550063E-18	4.585617E-18
1.236565E+04	9.573175E-18	4.579242E-18
1.236625E+04	9.593022E-18	4.588945E-18
1.236684E+04	9.623482E-18	4.589835E-18
1.236744E+04	9.640415E-18	4.574643E-18
1.236804E+04	9.652567E-18	4.580143E-18
1.236864E+04	9.647810E-18	4.577099E-18
1.236924E+04	9.586024E-18	4.528585E-18
1.236984E+04	9.605523E-18	4.530977E-18
1.237044E+04	9.617792E-18	4.515238E-18
1.237104E+04	9.660501E-18	4.503857E-18
1.237164E+04	9.693998E-18	4.513210E-18
1.237224E+04	9.687025E-18	4.522927E-18
1.237284E+04	9.703261E-18	4.529633E-18
1.237344E+04	9.677043E-18	4.515389E-18
1.237404E+04	9.655840E-18	4.495442E-18
1.237464E+04	9.685840E-18	4.485717E-18
1.237524E+04	9.686798E-18	4.465727E-18
1.237584E+04	9.685656E-18	4.443218E-18
1.237644E+04	9.693146E-18	4.422636E-18
1.237704E+04	9.724315E-18	4.410098E-18
1.237764E+04	9.727606E-18	4.411761E-18
1.237824E+04	9.753177E-18	4.418991E-18
1.237884E+04	9.777932E-18	4.385253E-18
1.237945E+04	9.791609E-18	4.402369E-18
1.238005E+04	9.829548E-18	4.414253E-18
1.238065E+04	9.898517E-18	4.444592E-18
1.238125E+04	9.960023E-18	4.446216E-18
1.238185E+04	9.993300E-18	4.457379E-18
1.238245E+04	1.006262E-17	4.506093E-18
1.238305E+04	1.011025E-17	4.523146E-18
1.238365E+04	1.017865E-17	4.545180E-18
1.238425E+04	1.018836E-17	4.553809E-18
1.238485E+04	1.018980E-17	4.553974E-18
1.238545E+04	1.016008E-17	4.530327E-18
1.238605E+04	1.020736E-17	4.618367E-18
1.238665E+04	1.022641E-17	4.568391E-18
1.238725E+04	1.021326E-17	4.546966E-18
1.238785E+04	1.025215E-17	4.594403E-18
1.238845E+04	1.026361E-17	4.600004E-18
1.238905E+04	1.034065E-17	4.624000E-18
1.238965E+04	1.031899E-17	4.642054E-18
1.239025E+04	1.035146E-17	4.654745E-18
1.239085E+04	1.034589E-17	4.652037E-18
1.239145E+04	1.036343E-17	4.657982E-18
1.239205E+04	1.035366E-17	4.690939E-18
1.239265E+04	1.034121E-17	4.729983E-18
1.239325E+04	1.039667E-17	4.750143E-18
1.239385E+04	1.040721E-17	4.696578E-18
1.239445E+04	1.038811E-17	4.669345E-18
1.239505E+04	1.037659E-17	4.736096E-18
1.239565E+04	1.037651E-17	4.732187E-18
1.239625E+04	1.041996E-17	4.747591E-18
1.239685E+04	1.042536E-17	4.725269E-18
1.239745E+04	1.045516E-17	4.875470E-18
1.239805E+04	1.047818E-17	4.886077E-18
1.239865E+04	1.050214E-17	4.908588E-18
1.239925E+04	1.056229E-17	4.938710E-18
1.239985E+04	1.060166E-17	4.956325E-18
1.240045E+04	1.063099E-17	4.943949E-18
1.240105E+04	1.065565E-17	4.947510E-18
1.240165E+04	1.069036E-17	4.985970E-18
1.240225E+04	1.074210E-17	5.008720E-18
1.240285E+04	1.072744E-17	5.002409E-18
1.240345E+04	1.072806E-17	5.019488E-18
1.240405E+04	1.073557E-17	5.027747E-18
1.240465E+04	1.069336E-17	5.012936E-18
1.240525E+04	1.071044E-17	5.029957E-18
1.240585E+04	1.068877E-17	5.022397E-18
1.240645E+04	1.069838E-17	5.024631E-18
1.240705E+04	1.068278E-17	5.059426E-18
1.240765E+04	1.074527E-17	5.076121E-18
1.240825E+04	1.075733E-17	5.100894E-18
1.240885E+04	1.078142E-17	5.104239E-18
1.240945E+04	1.080925E-17	5.108906E-18
1.241005E+04	1.082155E-17	5.123140E-18
1.241065E+04	1.080349E-17	5.139211E-18
1.241125E+04	1.077925E-17	5.153545E-18
1.241185E+04	1.075805E-17	5.147312E-18
1.241245E+04	1.069528E-17	5.128659E-18
1.241305E+04	1.070454E-17	5.130130E-18
1.241365E+04	1.064306E-17	5.106974E-18
1.241425E+04	1.060690E-17	5.104012E-18
1.241485E+04	1.061371E-17	5.146936E-18
1.241545E+04	1.055444E-17	5.128602E-18
1.241605E+04	1.055436E-17	5.143731E-18
1.241665E+04	1.059830E-17	5.151509E-18
1.241725E+04	1.058830E-17	5.124042E-18
1.241785E+04	1.059301E-17	5.111364E-18
1.241845E+04	1.058359E-17	5.088982E-18
1.241905E+04	1.059963E-17	5.080939E-18
1.241965E+04	1.063224E-17	5.081932E-18
1.242026E+04	1.071099E-17	5.103609E-18
1.242086E+04	1.076614E-17	5.116502E-18
1.242266E+04	1.086774E-17	5.149805E-18
1.242386E+04	1.086584E-17	5.148961E-18
1.242446E+04	1.085783E-17	5.146568E-18
1.242506E+04	1.082284E-17	5.144352E-18
1.242566E+04	1.077196E-17	5.138075E-18
1.242626E+04	1.076663E-17	5.130290E-18
1.242686E+04	1.077835E-17	5.106953E-18
1.242746E+04	1.077337E-17	5.088133E-18
1.242806E+04	1.081195E-17	5.189565E-18
1.242866E+04	1.081316E-17	5.231485E-18
1.242926E+04	1.079277E-17	5.207018E-18
1.242986E+04	1.083859E-17	5.225432E-18
1.243046E+04	1.086094E-17	5.278956E-18
1.243106E+04	1.080878E-17	5.290399E-18
1.243166E+04	1.078242E-17	5.278065E-18
1.243226E+04	1.077884E-17	5.301691E-18
1.243286E+04	1.083822E-17	5.282375E-18
1.243346E+04	1.089784E-17	5.321570E-18
1.243406E+04	1.090454E-17	5.330320E-18
1.243466E+04	1.087865E-17	5.309957E-18
1.243526E+04	1.086421E-17	5.309575E-18
1.243586E+04	1.086262E-17	5.310664E-18
1.243646E+04	1.086126E-17	5.290719E-18
1.243706E+04	1.083525E-17	5.280378E-18
1.243766E+04	1.082642E-17	5.284604E-18
1.243826E+04	1.077004E-17	5.265609E-18
1.243886E+04	1.076797E-17	5.240298E-18
1.243946E+04	1.080026E-17	5.233665E-18
1.244006E+04	1.077799E-17	5.169298E-18
1.244066E+04	1.078819E-17	5.182036E-18
1.244126E+04	1.077819E-17	5.188597E-18
1.244186E+04	1.078267E-17	5.114015E-18
1.244246E+04	1.082220E-17	5.125719E-18
1.244306E+04	1.084958E-17	5.130718E-18
1.244366E+04	1.083491E-17	5.123776E-18
1.244426E+04	1.088425E-17	5.025506E-18
1.244486E+04	1.089142E-17	5.025593E-18
1.244546E+04	1.089661E-17	5.016593E-18
1.244606E+04	1.092727E-17	5.017509E-18
1.244666E+04	1.097744E-17	5.017921E-18
1.244726E+04	1.099372E-17	5.028755E-18
1.244786E+04	1.103981E-17	5.042321E-18
1.244846E+04	1.104219E-17	5.006992E-18
1.244906E+04	1.100040E-17	4.992415E-18
1.244966E+04	1.102183E-17	4.995744E-18
1.245026E+04	1.097584E-17	4.975229E-18
1.245086E+04	1.095076E-17	5.019560E-18
1.245146E+04	1.097336E-17	5.051166E-18
1.245206E+04	1.100086E-17	5.050165E-18
1.245266E+04	1.098420E-17	5.063559E-18
1.245326E+04	1.099044E-17	5.065257E-18
1.245386E+04	1.096267E-17	5.021315E-18
1.245446E+04	1.095044E-17	5.018552E-18
1.245506E+04	1.092910E-17	5.018271E-18
1.245566E+04	1.091734E-17	5.042372E-18
1.245626E+04	1.094859E-17	5.069573E-18
1.245686E+04	1.098884E-17	5.074921E-18
1.245746E+04	1.100887E-17	5.062904E-18
1.245806E+04	1.101885E-17	5.054409E-18
1.245866E+04	1.097729E-17	5.070137E-18
1.245926E+04	1.096214E-17	5.161629E-18
1.245986E+04	1.097387E-17	5.171767E-18
1.246046E+04	1.095908E-17	5.273296E-18
1.246106E+04	1.096999E-17	5.275724E-18
1.246167E+04	1.096536E-17	5.257017E-18
1.246227E+04	1.098797E-17	5.261078E-18
1.246287E+04	1.102098E-17	5.256868E-18
1.246347E+04	1.107000E-17	5.258251E-18
1.246407E+04	1.113364E-17	5.274287E-18
1.246467E+04	1.114888E-17	5.285702E-18
1.246527E+04	1.119803E-17	5.308052E-18
1.246647E+04	1.121519E-17	5.347037E-18
1.246707E+04	1.124119E-17	5.360981E-18
1.246767E+04	1.118945E-17	5.345522E-18
1.246827E+04	1.122691E-17	5.365487E-18
1.246887E+04	1.124614E-17	5.365716E-18
1.246947E+04	1.121707E-17	5.358817E-18
1.247007E+04	1.122776E-17	5.407284E-18
1.247067E+04	1.123787E-17	5.413523E-18
1.247127E+04	1.129661E-17	5.415161E-18
1.247187E+04	1.124428E-17	5.411965E-18
1.247247E+04	1.124702E-17	5.455337E-18
1.247307E+04	1.124356E-17	5.464086E-18
1.247367E+04	1.123192E-17	5.360079E-18
1.247427E+04	1.121653E-17	5.304023E-18
1.247487E+04	1.121424E-17	5.326669E-18
1.247547E+04	1.120131E-17	5.345700E-18
1.247607E+04	1.122463E-17	5.285086E-18
1.247667E+04	1.128163E-17	5.255268E-18
1.247727E+04	1.131278E-17	5.297365E-18
1.247787E+04	1.131096E-17	5.252107E-18
1.247847E+04	1.124564E-17	5.247573E-18
1.247907E+04	1.126639E-17	5.242925E-18
1.247967E+04	1.123674E-17	5.263544E-18
1.248027E+04	1.121890E-17	5.253091E-18
1.248087E+04	1.126058E-17	5.293120E-18
1.248147E+04	1.127349E-17	5.385562E-18
1.248207E+04	1.128945E-17	5.396719E-18
1.248267E+04	1.131055E-17	5.407040E-18
1.248327E+04	1.132346E-17	5.424189E-18
1.248387E+04	1.130667E-17	5.419863E-18
1.248447E+04	1.126275E-17	5.501441E-18
1.248507E+04	1.127765E-17	5.511733E-18
1.248567E+04	1.123747E-17	5.492107E-18
1.248627E+04	1.121869E-17	5.616774E-18
1.248687E+04	1.119991E-17	5.609230E-18
1.248747E+04	1.113961E-17	5.619359E-18
1.248807E+04	1.108515E-17	5.620476E-18
1.248867E+04	1.102871E-17	5.609141E-18
1.248927E+04	1.101425E-17	5.638919E-18
1.248987E+04	1.101231E-17	5.643212E-18
1.249047E+04	1.098054E-17	5.634316E-18
1.249107E+04	1.091613E-17	5.672859E-18
1.249167E+04	1.094647E-17	5.688658E-18
1.249227E+04	1.096091E-17	5.721111E-18
1.249287E+04	1.095861E-17	5.714667E-18
1.249347E+04	1.091281E-17	5.704663E-18
1.249407E+04	1.091425E-17	5.720591E-18
1.249467E+04	1.094425E-17	5.726501E-18
1.249527E+04	1.098570E-17	5.742870E-18
1.249587E+04	1.106273E-17	5.756862E-18
1.249647E+04	1.111600E-17	5.724093E-18
1.249707E+04	1.113302E-17	5.747490E-18
1.249767E+04	1.110920E-17	5.743785E-18
1.249827E+04	1.116821E-17	5.747830E-18
1.249887E+04	1.120114E-17	5.757535E-18
1.249947E+04	1.117357E-17	5.756642E-18
1.250007E+04	1.115514E-17	5.862384E-18
1.250067E+04	1.116104E-17	5.956143E-18
1.250127E+04	1.111159E-17	5.922862E-18
1.250187E+04	1.120443E-17	5.994773E-18
1.250248E+04	1.130616E-17	6.140649E-18
1.250308E+04	1.135184E-17	6.159682E-18
1.250368E+04	1.130579E-17	6.137800E-18
1.250428E+04	1.133638E-17	6.122887E-18
1.250488E+04	1.125792E-17	6.031349E-18
1.250548E+04	1.123410E-17	6.025261E-18
1.250608E+04	1.121894E-17	5.920004E-18
1.250667E+04	1.125070E-17	5.936585E-18
1.250727E+04	1.123109E-17	5.955586E-18
1.250787E+04	1.120493E-17	5.977370E-18
1.250907E+04	1.117682E-17	5.976644E-18
1.250967E+04	1.114001E-17	5.971841E-18
1.251027E+04	1.115960E-17	5.972767E-18
1.251087E+04	1.117136E-17	5.975529E-18
1.251147E+04	1.113630E-17	5.962086E-18
1.251207E+04	1.113716E-17	5.947330E-18
1.251267E+04	1.113686E-17	5.944408E-18
1.251327E+04	1.113949E-17	5.973451E-18
1.251387E+04	1.121374E-17	6.009121E-18
1.251447E+04	1.124726E-17	6.022408E-18
1.251507E+04	1.122051E-17	6.023154E-18
1.251567E+04	1.113231E-17	5.958009E-18
1.251627E+04	1.101215E-17	5.929800E-18
1.251687E+04	1.093448E-17	5.912616E-18
1.251747E+04	1.083995E-17	5.918823E-18
1.251807E+04	1.079564E-17	5.863166E-18
1.251867E+04	1.084648E-17	5.861346E-18
1.251927E+04	1.078554E-17	5.858145E-18
1.251987E+04	1.077411E-17	5.853526E-18
1.252047E+04	1.066389E-17	5.792229E-18
1.252107E+04	1.071263E-17	5.782167E-18
1.252167E+04	1.079496E-17	5.829168E-18
1.252227E+04	1.075345E-17	5.823941E-18
1.252287E+04	1.072212E-17	5.796231E-18
1.252347E+04	1.068025E-17	5.792568E-18
1.252407E+04	1.059261E-17	5.736496E-18
1.252467E+04	1.056807E-17	5.727819E-18
1.252527E+04	1.056085E-17	5.689802E-18
1.252587E+04	1.051371E-17	5.700131E-18
1.252647E+04	1.046318E-17	5.674217E-18
1.252707E+04	1.048312E-17	5.612508E-18
1.252767E+04	1.046314E-17	5.605194E-18
1.252827E+04	1.045791E-17	5.626496E-18
1.252887E+04	1.043219E-17	5.614935E-18
1.252947E+04	1.040928E-17	5.606818E-18
1.253007E+04	1.037138E-17	5.524544E-18
1.253067E+04	1.035456E-17	5.483823E-18
1.253127E+04	1.031772E-17	5.483643E-18
1.253187E+04	1.035136E-17	5.370515E-18
1.253247E+04	1.034859E-17	5.398706E-18
1.253307E+04	1.030799E-17	5.357941E-18
1.253367E+04	1.029281E-17	5.343682E-18
1.253427E+04	1.021603E-17	5.323391E-18
1.253487E+04	1.018960E-17	5.355467E-18
1.253547E+04	1.017816E-17	5.343109E-18
1.253607E+04	1.012046E-17	5.338092E-18
1.253667E+04	1.013560E-17	5.324184E-18
1.253727E+04	1.010531E-17	5.330665E-18
1.253787E+04	1.012841E-17	5.311373E-18
1.253847E+04	1.017471E-17	5.341383E-18
1.254027E+04	1.016298E-17	5.332698E-18
1.254087E+04	1.026784E-17	5.336376E-18
1.254147E+04	1.030020E-17	5.351616E-18
1.254207E+04	1.027423E-17	5.437936E-18
1.254267E+04	1.028516E-17	5.440598E-18
1.254327E+04	1.032081E-17	5.444632E-18
1.254388E+04	1.037168E-17	5.430484E-18
1.254448E+04	1.041587E-17	5.452187E-18
1.254508E+04	1.045105E-17	5.451338E-18
1.254568E+04	1.042860E-17	5.460039E-18
1.254628E+04	1.046191E-17	5.469762E-18
1.254688E+04	1.052332E-17	5.439898E-18
1.254748E+04	1.051458E-17	5.312585E-18
1.254808E+04	1.060095E-17	5.332403E-18
1.254868E+04	1.059760E-17	5.435289E-18
1.254928E+04	1.057409E-17	5.317547E-18
1.254988E+04	1.064618E-17	5.353006E-18
1.255048E+04	1.062994E-17	5.398023E-18
1.255108E+04	1.062412E-17	5.441483E-18
1.255168E+04	1.064806E-17	5.435864E-18
1.255228E+04	1.062456E-17	5.435857E-18
1.255288E+04	1.070040E-17	5.471963E-18
1.255348E+04	1.069821E-17	5.454739E-18
1.255408E+04	1.074500E-17	5.422174E-18
1.255468E+04	1.070720E-17	5.423677E-18
1.255528E+04	1.073314E-17	5.429812E-18
1.255588E+04	1.076751E-17	5.508299E-18
1.255648E+04	1.076826E-17	5.521084E-18
1.255708E+04	1.077018E-17	5.552254E-18
1.255768E+04	1.080854E-17	5.647060E-18
1.255828E+04	1.082850E-17	5.687221E-18
1.255888E+04	1.083897E-17	5.750748E-18
1.255948E+04	1.094881E-17	5.749606E-18
1.256008E+04	1.097791E-17	5.728351E-18
1.256068E+04	1.101065E-17	5.755078E-18
1.256128E+04	1.102312E-17	5.876327E-18
1.256188E+04	1.111645E-17	5.921474E-18
1.256248E+04	1.116723E-17	5.917650E-18
1.256308E+04	1.116810E-17	5.916974E-18
1.256368E+04	1.120800E-17	5.970311E-18
1.256428E+04	1.120395E-17	5.965839E-18
1.256488E+04	1.127806E-17	5.989169E-18
1.256548E+04	1.130811E-17	5.994813E-18
1.256608E+04	1.132949E-17	6.055566E-18
1.256668E+04	1.128865E-17	6.062719E-18
1.256728E+04	1.131460E-17	6.082100E-18
1.256788E+04	1.130375E-17	6.061202E-18
1.256908E+04	1.126753E-17	6.077014E-18
1.256968E+04	1.125492E-17	6.081891E-18
1.257028E+04	1.134862E-17	6.106047E-18
1.257088E+04	1.141396E-17	6.148760E-18
1.257148E+04	1.149969E-17	6.183641E-18
1.257208E+04	1.164778E-17	6.260452E-18
1.257268E+04	1.164385E-17	6.309671E-18
1.257328E+04	1.159398E-17	6.629414E-18
1.257388E+04	1.162791E-17	6.730818E-18
1.257448E+04	1.163418E-17	6.823343E-18
1.257508E+04	1.170515E-17	6.850875E-18
1.257568E+04	1.169994E-17	6.945486E-18
1.257628E+04	1.172321E-17	7.001484E-18
1.257688E+04	1.170603E-17	6.988059E-18
1.257748E+04	1.175521E-17	7.034087E-18
1.257808E+04	1.186675E-17	7.053346E-18
1.257868E+04	1.187631E-17	7.045257E-18
1.257928E+04	1.190462E-17	7.027856E-18
1.257988E+04	1.211464E-17	7.088141E-18
1.258048E+04	1.212069E-17	7.099363E-18
1.258108E+04	1.215487E-17	7.136074E-18
1.258168E+04	1.211285E-17	7.095758E-18
1.258228E+04	1.219041E-17	7.167136E-18
1.258288E+04	1.214370E-17	7.209934E-18
1.258348E+04	1.227050E-17	7.298302E-18
1.258408E+04	1.218275E-17	7.352793E-18
1.258469E+04	1.213604E-17	7.467321E-18
1.258529E+04	1.213271E-17	7.445408E-18
1.258589E+04	1.210827E-17	7.520211E-18
1.258649E+04	1.210728E-17	7.602813E-18
1.258709E+04	1.216022E-17	7.613876E-18
1.258769E+04	1.224248E-17	7.636226E-18
1.258829E+04	1.227081E-17	7.654268E-18
1.258889E+04	1.231907E-17	7.787266E-18
1.258949E+04	1.238844E-17	7.799947E-18
1.259009E+04	1.246485E-17	7.805454E-18
1.259069E+04	1.251663E-17	7.894030E-18
1.259129E+04	1.263174E-17	8.068762E-18
1.259189E+04	1.270112E-17	8.310120E-18
1.259249E+04	1.269075E-17	8.252216E-18
1.259309E+04	1.264756E-17	8.225261E-18
1.259369E+04	1.260201E-17	8.243308E-18
1.259429E+04	1.240987E-17	8.160737E-18
1.259489E+04	1.229982E-17	8.139860E-18
1.259549E+04	1.212175E-17	8.106017E-18
1.259609E+04	1.194367E-17	8.040966E-18
1.259669E+04	1.191101E-17	8.005238E-18
1.259729E+04	1.182557E-17	7.999524E-18
1.259969E+04	1.174887E-17	7.988677E-18
1.260029E+04	1.180887E-17	7.991782E-18
1.260209E+04	1.173786E-17	7.973870E-18
1.260389E+04	1.174777E-17	7.972385E-18
1.260449E+04	1.175968E-17	7.962708E-18
1.260629E+04	1.182825E-17	7.994274E-18
1.260689E+04	1.185776E-17	7.945947E-18
1.260749E+04	1.181219E-17	7.958572E-18
1.260809E+04	1.169235E-17	7.920665E-18
1.260869E+04	1.161053E-17	7.829985E-18
1.260929E+04	1.158501E-17	7.780711E-18
1.260989E+04	1.153884E-17	7.761460E-18
1.261049E+04	1.150840E-17	7.760709E-18
1.261109E+04	1.150716E-17	7.760367E-18
1.261169E+04	1.141101E-17	7.768170E-18
1.261289E+04	1.126388E-17	7.618689E-18
1.261409E+04	1.116965E-17	7.614698E-18
1.261469E+04	1.108839E-17	7.599051E-18
1.261529E+04	1.101933E-17	7.622164E-18
1.261589E+04	1.103076E-17	7.532757E-18
1.261649E+04	1.101039E-17	7.687068E-18
1.261709E+04	1.099800E-17	7.688696E-18
1.261769E+04	1.108841E-17	7.725155E-18
1.261829E+04	1.115382E-17	7.714174E-18
1.261889E+04	1.118004E-17	7.759501E-18
1.261949E+04	1.117622E-17	7.756378E-18
1.262009E+04	1.121101E-17	7.731465E-18
1.262069E+04	1.124533E-17	7.734673E-18
1.262129E+04	1.124890E-17	7.794370E-18
1.262189E+04	1.123299E-17	7.798680E-18
1.262249E+04	1.129137E-17	7.771383E-18
1.262309E+04	1.135222E-17	7.851647E-18
1.262429E+04	1.134916E-17	7.795379E-18
1.262489E+04	1.129053E-17	7.754751E-18
1.262549E+04	1.115573E-17	7.525470E-18
1.262610E+04	1.109652E-17	7.498238E-18
1.262670E+04	1.105420E-17	7.410624E-18
1.262730E+04	1.094122E-17	7.395826E-18
1.262790E+04	1.089373E-17	7.271795E-18
1.262850E+04	1.080669E-17	7.268751E-18
1.262910E+04	1.073701E-17	7.286415E-18
1.262970E+04	1.064961E-17	7.274771E-18
1.263030E+04	1.064519E-17	7.272918E-18
1.263090E+04	1.055497E-17	7.361322E-18
1.263150E+04	1.047907E-17	7.422338E-18
1.263210E+04	1.045035E-17	7.408882E-18
1.263270E+04	1.042820E-17	7.421021E-18
1.263330E+04	1.049187E-17	7.442587E-18
1.263390E+04	1.047172E-17	7.404114E-18
1.263450E+04	1.043655E-17	7.361109E-18
1.263570E+04	1.041820E-17	7.320932E-18
1.263630E+04	1.045299E-17	7.352928E-18
1.263690E+04	1.043107E-17	7.254684E-18
1.263750E+04	1.045706E-17	7.118542E-18
1.263810E+04	1.049385E-17	7.151323E-18
1.263870E+04	1.051279E-17	7.135849E-18
1.263930E+04	1.051589E-17	7.054473E-18
1.263990E+04	1.055937E-17	7.066203E-18
1.264050E+04	1.056059E-17	6.998350E-18
1.264110E+04	1.058623E-17	7.028104E-18
1.264170E+04	1.063136E-17	6.923695E-18
1.264230E+04	1.065078E-17	6.935254E-18
1.264290E+04	1.069955E-17	6.946733E-18
1.264350E+04	1.073682E-17	6.923426E-18
1.264410E+04	1.077186E-17	6.723345E-18
1.264470E+04	1.077859E-17	6.483587E-18
1.264530E+04	1.083782E-17	6.571442E-18
1.264590E+04	1.086265E-17	6.668329E-18
1.264650E+04	1.092059E-17	6.753661E-18
1.264709E+04	1.096444E-17	6.727618E-18
1.264769E+04	1.101440E-17	6.738493E-18
1.264829E+04	1.104463E-17	6.883577E-18
1.264889E+04	1.105889E-17	6.992189E-18
1.264949E+04	1.108924E-17	7.150377E-18
1.265009E+04	1.112123E-17	7.139614E-18
1.265069E+04	1.115147E-17	7.152655E-18
1.265129E+04	1.121787E-17	7.156486E-18
1.265189E+04	1.127324E-17	7.168854E-18
1.265249E+04	1.131393E-17	7.197476E-18
1.265309E+04	1.138129E-17	7.206545E-18
1.265369E+04	1.142151E-17	7.206883E-18
1.265429E+04	1.148593E-17	7.282495E-18
1.265489E+04	1.151582E-17	7.238040E-18
1.265549E+04	1.153667E-17	7.192116E-18
1.265609E+04	1.158629E-17	8.084530E-18
1.265669E+04	1.162676E-17	8.102590E-18
1.265909E+04	1.170558E-17	8.089218E-18
1.265969E+04	1.172033E-17	8.136279E-18
1.266029E+04	1.178570E-17	8.157656E-18
1.266089E+04	1.183052E-17	8.202627E-18
1.266149E+04	1.192468E-17	8.411437E-18
1.266269E+04	1.196381E-17	8.575642E-18
1.266329E+04	1.201803E-17	8.693936E-18
1.266449E+04	1.211238E-17	8.654702E-18
1.266509E+04	1.217953E-17	8.668787E-18
1.266569E+04	1.226313E-17	8.461598E-18
1.266629E+04	1.232206E-17	8.489145E-18
1.266690E+04	1.246089E-17	8.574503E-18
1.266750E+04	1.255508E-17	8.677537E-18
1.266810E+04	1.265866E-17	8.743114E-18
1.266870E+04	1.277517E-17	8.921105E-18
1.266930E+04	1.290344E-17	9.189336E-18
1.266990E+04	1.302231E-17	9.479329E-18
1.267050E+04	1.315646E-17	9.797201E-18
1.267170E+04	1.325674E-17	1.017126E-17
1.267230E+04	1.330864E-17	1.026572E-17
1.267290E+04	1.338170E-17	1.023728E-17
1.267350E+04	1.348649E-17	1.025850E-17
1.267410E+04	1.366413E-17	1.042286E-17
1.267470E+04	1.375483E-17	1.043970E-17
1.267530E+04	1.390311E-17	1.051832E-17
1.267590E+04	1.407019E-17	1.071718E-17
1.267650E+04	1.416089E-17	1.072394E-17
1.267710E+04	1.428333E-17	1.084664E-17
1.267770E+04	1.438932E-17	1.085215E-17
1.267830E+04	1.448708E-17	1.100447E-17
1.267890E+04	1.458838E-17	1.103744E-17
1.267950E+04	1.470613E-17	1.113716E-17
1.268190E+04	1.479518E-17	1.109934E-17
1.268250E+04	1.485652E-17	1.119224E-17
1.268310E+04	1.500485E-17	1.136538E-17
1.268370E+04	1.513202E-17	1.140870E-17
1.268490E+04	1.527001E-17	1.151028E-17
1.268550E+04	1.536780E-17	1.152761E-17
1.268670E+04	1.551991E-17	1.154697E-17
1.268730E+04	1.568824E-17	1.156168E-17
1.268790E+04	1.579075E-17	1.152492E-17
1.268850E+04	1.582509E-17	1.153761E-17
1.268910E+04	1.591114E-17	1.160474E-17
1.269030E+04	1.605740E-17	1.168604E-17
1.269150E+04	1.612843E-17	1.170102E-17
1.269210E+04	1.622861E-17	1.172390E-17
1.269270E+04	1.635936E-17	1.179194E-17
1.269450E+04	1.655410E-17	1.183565E-17
1.269510E+04	1.672014E-17	1.185191E-17
1.269570E+04	1.686971E-17	1.186004E-17
1.269630E+04	1.703105E-17	1.201786E-17
1.269690E+04	1.721591E-17	1.216847E-17
1.269810E+04	1.741633E-17	1.225768E-17
1.269870E+04	1.761531E-17	1.236799E-17
1.269930E+04	1.786016E-17	1.241004E-17
1.269990E+04	1.792981E-17	1.240948E-17
1.270050E+04	1.787365E-17	1.235783E-17
1.270110E+04	1.793389E-17	1.238031E-17
1.270170E+04	1.794828E-17	1.241326E-17
1.270230E+04	1.794973E-17	1.243795E-17
1.270290E+04	1.799352E-17	1.239950E-17
1.270350E+04	1.799144E-17	1.231726E-17
1.270410E+04	1.797878E-17	1.218949E-17
1.270470E+04	1.786969E-17	1.214693E-17
1.270530E+04	1.791347E-17	1.213169E-17
1.270590E+04	1.781731E-17	1.219183E-17
1.270650E+04	1.783875E-17	1.219361E-17
1.270770E+04	1.785106E-17	1.218706E-17
1.270831E+04	1.787251E-17	1.221332E-17
1.270891E+04	1.785514E-17	1.221324E-17
1.270951E+04	1.782954E-17	1.220062E-17
1.271011E+04	1.779335E-17	1.220547E-17
1.271071E+04	1.775481E-17	1.222388E-17
1.271131E+04	1.771980E-17	1.177396E-17
1.271191E+04	1.765773E-17	1.174790E-17
1.271251E+04	1.761448E-17	1.175427E-17
1.271311E+04	1.752418E-17	1.169995E-17
1.271371E+04	1.742446E-17	1.168770E-17
1.271431E+04	1.732474E-17	1.159736E-17
1.271491E+04	1.722384E-17	1.148364E-17
1.271551E+04	1.712059E-17	1.129614E-17
1.271611E+04	1.700674E-17	1.113948E-17
1.271671E+04	1.697054E-17	1.110691E-17
1.271791E+04	1.700753E-17	1.110237E-17
1.271851E+04	1.705602E-17	1.110851E-17
1.271911E+04	1.707393E-17	1.110570E-17
1.271971E+04	1.713302E-17	1.110031E-17
1.272031E+04	1.711917E-17	1.106390E-17
1.272091E+04	1.705001E-17	1.099470E-17
1.272271E+04	1.698138E-17	1.089806E-17
1.272331E+04	1.692988E-17	1.073196E-17
1.272391E+04	1.695367E-17	1.053296E-17
1.272451E+04	1.679391E-17	1.023741E-17
1.272511E+04	1.670121E-17	9.881439E-18
1.272571E+04	1.668264E-17	9.793726E-18
1.272631E+04	1.664878E-17	9.786049E-18
1.272691E+04	1.664432E-17	9.773635E-18
1.272811E+04	1.664601E-17	9.621164E-18
1.272871E+04	1.660391E-17	9.584409E-18
1.272931E+04	1.649825E-17	9.435230E-18
1.272991E+04	1.641260E-17	9.176454E-18
1.273051E+04	1.630577E-17	9.151790E-18
1.273111E+04	1.616598E-17	8.970870E-18
1.273171E+04	1.606384E-17	8.901314E-18
1.273231E+04	1.592404E-17	8.703626E-18
1.273291E+04	1.581837E-17	8.640914E-18
1.273351E+04	1.572328E-17	8.546513E-18
1.273411E+04	1.565526E-17	8.544214E-18
1.273471E+04	1.559666E-17	8.399085E-18
1.273531E+04	1.549921E-17	8.201674E-18
1.273591E+04	1.536999E-17	8.135621E-18
1.273651E+04	1.524193E-17	7.982508E-18
1.273711E+04	1.515036E-17	7.979174E-18
1.273891E+04	1.507338E-17	7.977513E-18
1.274011E+04	1.503029E-17	7.978444E-18
1.274071E+04	1.496342E-17	7.966392E-18
1.274191E+04	1.487442E-17	7.943853E-18
1.274251E+04	1.483698E-17	7.871019E-18
1.274311E+04	1.470184E-17	7.741955E-18
1.274371E+04	1.464085E-17	7.701796E-18
1.274431E+04	1.455514E-17	7.703059E-18
1.274491E+04	1.439997E-17	7.613948E-18
1.274611E+04	1.436509E-17	7.625418E-18
1.274731E+04	1.417952E-17	7.590866E-18
1.274791E+04	1.401374E-17	7.573991E-18
1.274851E+04	1.392447E-17	7.359409E-18
1.274912E+04	1.382933E-17	7.139457E-18
1.274972E+04	1.367766E-17	6.941765E-18
1.275032E+04	1.359898E-17	6.765407E-18
1.275092E+04	1.349205E-17	6.585915E-18
1.275152E+04	1.334154E-17	6.396477E-18
1.275212E+04	1.324167E-17	6.225326E-18
1.275272E+04	1.313590E-17	6.059599E-18
1.275332E+04	1.303248E-17	5.904374E-18
1.275392E+04	1.296556E-17	5.766688E-18
1.275452E+04	1.284212E-17	5.635714E-18
1.275512E+04	1.272457E-17	5.514830E-18
1.275572E+04	1.271299E-17	5.513762E-18
1.275632E+04	1.255068E-17	5.448914E-18
1.275752E+04	1.252163E-17	5.442770E-18
1.275812E+04	1.246529E-17	5.356802E-18
1.275872E+04	1.238541E-17	5.322664E-18
1.275932E+04	1.229727E-17	5.311752E-18
1.275992E+04	1.220560E-17	5.304252E-18
1.276052E+04	1.213277E-17	5.313617E-18
1.276172E+04	1.201184E-17	5.299791E-18
1.276232E+04	1.195903E-17	5.284325E-18
1.276292E+04	1.192505E-17	5.282790E-18
1.276352E+04	1.184515E-17	5.251361E-18
1.276412E+04	1.176995E-17	5.242283E-18
1.276472E+04	1.166354E-17	5.109282E-18
1.276532E+04	1.162202E-17	5.151338E-18
1.276592E+04	1.157356E-17	5.145947E-18
1.276652E+04	1.151307E-17	5.152649E-18
1.276712E+04	1.135577E-17	5.106444E-18
1.276772E+04	1.126536E-17	5.197875E-18
1.276832E+04	1.122301E-17	5.244652E-18
1.276892E+04	1.121447E-17	5.263464E-18
1.276952E+04	1.108659E-17	5.227521E-18
1.277012E+04	1.098711E-17	5.193292E-18
1.277072E+04	1.091271E-17	5.174797E-18
1.277132E+04	1.081910E-17	5.173723E-18
1.277192E+04	1.077521E-17	5.225957E-18
1.277312E+04	1.068106E-17	5.324018E-18
1.277372E+04	1.067498E-17	5.602962E-18
1.277432E+04	1.062744E-17	6.306609E-18
1.277552E+04	1.060597E-17	7.064011E-18
1.277612E+04	1.061002E-17	7.863718E-18
1.277672E+04	1.066061E-17	8.701590E-18
1.277732E+04	1.068081E-17	8.886410E-18
1.277792E+04	1.077087E-17	8.920863E-18
1.277852E+04	1.074005E-17	8.957381E-18
1.277912E+04	1.072172E-17	8.959425E-18
1.277972E+04	1.070751E-17	8.965098E-18
1.278092E+04	1.058023E-17	8.945205E-18
1.278272E+04	1.061053E-17	8.992869E-18
1.278392E+04	1.071822E-17	9.230850E-18
1.278452E+04	1.076859E-17	9.255056E-18
1.278512E+04	1.083581E-17	9.261892E-18
1.278572E+04	1.080899E-17	9.304729E-18
1.278632E+04	1.089401E-17	9.335737E-18
1.278692E+04	1.092635E-17	9.356236E-18
1.278751E+04	1.092852E-17	9.350218E-18
1.278811E+04	1.092351E-17	9.337868E-18
1.278871E+04	1.086840E-17	9.325415E-18
1.278931E+04	1.092832E-17	9.327085E-18
1.278991E+04	1.099143E-17	9.326425E-18
1.279052E+04	1.085029E-17	9.290124E-18
1.279112E+04	1.086672E-17	9.297291E-18
1.279232E+04	1.097939E-17	9.300160E-18
1.279292E+04	1.103814E-17	9.335849E-18
1.279352E+04	1.104102E-17	9.371724E-18
1.279412E+04	1.113867E-17	9.406411E-18
1.279472E+04	1.112765E-17	9.409651E-18
1.279532E+04	1.123474E-17	9.418837E-18
1.279592E+04	1.133841E-17	9.416499E-18
1.279652E+04	1.137866E-17	9.391975E-18
1.279712E+04	1.141126E-17	9.368001E-18
1.279772E+04	1.144774E-17	9.347569E-18
1.279832E+04	1.149413E-17	9.333337E-18
1.279892E+04	1.150610E-17	9.318757E-18
1.280012E+04	1.147074E-17	9.305954E-18
1.280252E+04	1.148748E-17	9.310529E-18
1.280312E+04	1.140560E-17	9.332668E-18
1.280372E+04	1.137772E-17	9.322223E-18
1.280432E+04	1.137566E-17	9.312528E-18
1.280492E+04	1.122821E-17	9.311896E-18
1.280552E+04	1.114279E-17	9.358026E-18
1.280672E+04	1.099598E-17	9.369069E-18
1.280732E+04	1.099261E-17	9.389000E-18
1.280792E+04	1.097132E-17	9.396372E-18
1.280852E+04	1.107279E-17	9.415525E-18
1.280912E+04	1.114902E-17	9.424690E-18
1.280972E+04	1.126263E-17	9.441568E-18
1.281032E+04	1.138096E-17	9.469527E-18
1.281092E+04	1.136487E-17	9.483619E-18
1.281152E+04	1.147648E-17	9.526400E-18
1.281212E+04	1.155815E-17	9.575103E-18
1.281272E+04	1.148085E-17	9.610161E-18
1.281332E+04	1.153764E-17	9.642706E-18
1.281392E+04	1.148923E-17	9.642319E-18
1.281452E+04	1.146099E-17	9.609662E-18
1.281512E+04	1.135785E-17	9.549046E-18
1.281572E+04	1.124245E-17	9.537717E-18
1.281632E+04	1.127741E-17	9.549144E-18
1.281692E+04	1.135260E-17	9.566174E-18
1.281752E+04	1.136257E-17	9.500410E-18
1.281812E+04	1.137631E-17	9.505484E-18
1.281872E+04	1.140774E-17	9.511100E-18
1.281932E+04	1.145227E-17	9.513582E-18
1.281992E+04	1.145316E-17	9.405079E-18
1.282052E+04	1.154463E-17	9.348966E-18
1.282112E+04	1.165710E-17	9.387158E-18
1.282232E+04	1.181483E-17	9.401643E-18
1.282292E+04	1.188815E-17	9.409669E-18
1.282352E+04	1.201573E-17	9.456323E-18
1.282412E+04	1.208316E-17	9.481090E-18
1.282472E+04	1.221901E-17	9.489972E-18
1.282532E+04	1.229234E-17	9.527935E-18
1.282592E+04	1.223473E-17	9.415640E-18
1.282652E+04	1.218891E-17	9.016634E-18
1.282712E+04	1.217848E-17	8.491828E-18
1.282772E+04	1.212794E-17	7.799098E-18
1.282832E+04	1.207032E-17	6.851533E-18
1.282892E+04	1.204573E-17	6.595764E-18
1.282952E+04	1.202586E-17	6.603132E-18
1.283012E+04	1.200717E-17	6.544237E-18
1.283072E+04	1.193539E-17	6.525947E-18
1.283133E+04	1.183293E-17	6.487093E-18
1.283253E+04	1.177171E-17	6.472517E-18
1.283313E+04	1.171915E-17	6.403165E-18
1.283493E+04	1.170991E-17	6.115981E-18
1.283553E+04	1.167445E-17	6.093169E-18
1.283613E+04	1.162885E-17	6.158334E-18
1.283673E+04	1.168107E-17	6.136890E-18
1.283733E+04	1.166131E-17	6.127722E-18
1.283793E+04	1.165571E-17	6.133903E-18
1.283853E+04	1.163925E-17	6.219642E-18
1.283913E+04	1.163212E-17	6.205414E-18
1.283973E+04	1.161448E-17	6.185505E-18
1.284033E+04	1.167851E-17	6.191989E-18
1.284093E+04	1.172507E-17	6.202880E-18
1.284153E+04	1.175617E-17	6.220751E-18
1.284333E+04	1.176145E-17	6.204554E-18
1.284453E+04	1.173006E-17	6.278645E-18
1.284513E+04	1.173391E-17	6.282660E-18
1.284573E+04	1.171355E-17	6.223159E-18
1.284633E+04	1.170677E-17	6.183686E-18
1.284693E+04	1.166753E-17	6.150775E-18
1.284753E+04	1.165402E-17	6.152713E-18
1.284813E+04	1.166613E-17	6.154952E-18
1.284873E+04	1.163196E-17	6.164757E-18
1.284933E+04	1.158634E-17	6.159211E-18
1.284993E+04	1.156291E-17	6.174957E-18
1.285053E+04	1.152048E-17	6.187076E-18
1.285113E+04	1.147179E-17	6.228217E-18
1.285173E+04	1.144293E-17	6.222039E-18
1.285233E+04	1.136236E-17	6.154864E-18
1.285293E+04	1.128745E-17	6.099400E-18
1.285353E+04	1.123250E-17	6.092375E-18
1.285413E+04	1.116243E-17	6.098543E-18
1.285473E+04	1.111444E-17	6.127134E-18
1.285533E+04	1.103952E-17	5.978911E-18
1.285593E+04	1.098928E-17	5.851607E-18
1.285653E+04	1.094565E-17	5.803766E-18
1.285713E+04	1.087923E-17	5.773997E-18
1.285773E+04	1.083348E-17	5.725010E-18
1.285833E+04	1.076599E-17	5.706112E-18
1.285893E+04	1.073629E-17	5.702234E-18
1.285953E+04	1.070859E-17	5.701214E-18
1.286013E+04	1.065326E-17	5.732020E-18
1.286073E+04	1.057054E-17	5.739757E-18
1.286133E+04	1.050954E-17	5.772966E-18
1.286193E+04	1.048184E-17	5.748909E-18
1.286253E+04	1.044622E-17	5.951023E-18
1.286493E+04	1.040519E-17	5.937582E-18
1.286613E+04	1.036584E-17	5.925893E-18
1.286673E+04	1.034309E-17	5.951467E-18
1.286733E+04	1.035081E-17	5.965054E-18
1.286793E+04	1.031365E-17	5.963847E-18
1.286853E+04	1.032551E-17	5.982367E-18
1.286913E+04	1.034787E-17	6.023449E-18
1.286973E+04	1.030150E-17	6.023674E-18
1.287033E+04	1.032753E-17	6.269287E-18
1.287093E+04	1.032131E-17	6.268599E-18
1.287153E+04	1.035088E-17	6.275383E-18
1.287213E+04	1.033805E-17	6.279454E-18
1.287274E+04	1.030668E-17	6.302461E-18
1.287334E+04	1.028263E-17	6.295901E-18
1.287394E+04	1.028433E-17	6.302066E-18
1.287454E+04	1.030138E-17	6.320088E-18
1.287514E+04	1.032658E-17	6.329992E-18
1.287574E+04	1.033808E-17	6.359471E-18
1.287634E+04	1.035396E-17	6.294581E-18
1.287694E+04	1.038979E-17	6.290822E-18
1.287754E+04	1.040732E-17	6.342763E-18
1.287814E+04	1.041493E-17	6.362855E-18
1.287874E+04	1.044651E-17	6.435779E-18
1.287934E+04	1.048082E-17	6.470880E-18
1.287994E+04	1.050449E-17	6.662488E-18
1.288054E+04	1.050950E-17	6.647079E-18
1.288114E+04	1.054097E-17	6.704553E-18
1.288174E+04	1.057906E-17	6.842843E-18
1.288234E+04	1.060144E-17	6.837228E-18
1.288294E+04	1.065040E-17	6.851388E-18
1.288354E+04	1.069676E-17	6.834759E-18
1.288414E+04	1.075329E-17	6.839132E-18
1.288474E+04	1.079044E-17	6.875623E-18
1.288534E+04	1.084933E-17	6.843413E-18
1.288594E+04	1.080141E-17	6.847168E-18
1.288714E+04	1.078663E-17	6.838086E-18
1.288774E+04	1.075655E-17	6.790617E-18
1.288834E+04	1.075967E-17	6.719996E-18
1.288894E+04	1.075795E-17	6.721070E-18
1.288954E+04	1.072574E-17	6.713893E-18
1.289014E+04	1.076490E-17	6.754282E-18
1.289074E+04	1.082593E-17	6.795035E-18
1.289134E+04	1.086392E-17	6.823094E-18
1.289194E+04	1.085546E-17	6.837325E-18
1.289254E+04	1.087915E-17	6.774805E-18
1.289314E+04	1.097433E-17	6.769478E-18
1.289374E+04	1.103324E-17	6.788271E-18
1.289434E+04	1.109239E-17	6.801680E-18
1.289494E+04	1.114326E-17	6.812516E-18
1.289554E+04	1.127120E-17	6.822295E-18
1.289614E+04	1.140871E-17	6.849629E-18
1.289674E+04	1.152802E-17	6.862422E-18
1.289734E+04	1.161271E-17	6.948844E-18
1.289794E+04	1.170154E-17	6.945406E-18
1.289854E+04	1.177890E-17	6.930258E-18
1.289914E+04	1.183736E-17	6.884263E-18
1.289974E+04	1.186000E-17	6.900224E-18
1.290034E+04	1.190983E-17	6.903869E-18
1.290094E+04	1.187692E-17	6.908465E-18
1.290154E+04	1.178456E-17	6.876287E-18
1.290214E+04	1.169242E-17	6.833580E-18
1.290274E+04	1.151459E-17	6.756846E-18
1.290334E+04	1.131428E-17	6.715522E-18
1.290394E+04	1.121044E-17	6.689337E-18
1.290454E+04	1.120860E-17	6.674486E-18
1.290574E+04	1.112053E-17	6.653266E-18
1.290634E+04	1.114470E-17	6.659127E-18
1.290754E+04	1.112874E-17	6.702374E-18
1.290814E+04	1.114854E-17	6.685294E-18
1.290934E+04	1.108765E-17	6.658015E-18
1.290994E+04	1.098449E-17	6.608989E-18
1.291054E+04	1.097225E-17	6.582363E-18
1.291114E+04	1.093932E-17	6.526645E-18
1.291174E+04	1.095876E-17	6.498156E-18
1.291234E+04	1.096154E-17	6.319614E-18
1.291294E+04	1.096928E-17	6.324455E-18
1.291354E+04	1.090867E-17	6.326622E-18
1.291415E+04	1.086699E-17	6.284374E-18
1.291535E+04	1.087348E-17	6.272610E-18
1.291595E+04	1.091906E-17	6.336683E-18
1.291655E+04	1.094797E-17	6.347539E-18
1.291715E+04	1.097333E-17	6.334075E-18
1.291955E+04	1.100288E-17	6.330008E-18
1.292015E+04	1.100731E-17	6.147593E-18
1.292075E+04	1.105065E-17	6.156583E-18
1.292135E+04	1.110073E-17	6.169689E-18
1.292195E+04	1.114573E-17	6.175331E-18
1.292255E+04	1.118505E-17	6.095476E-18
1.292315E+04	1.121811E-17	6.101748E-18
1.292375E+04	1.124454E-17	6.139262E-18
1.292435E+04	1.125560E-17	6.105404E-18
1.292495E+04	1.125850E-17	6.065911E-18
1.292555E+04	1.125170E-17	6.034392E-18
1.292615E+04	1.123460E-17	6.026097E-18
1.292675E+04	1.120639E-17	6.019262E-18
1.292734E+04	1.116635E-17	5.963495E-18
1.292794E+04	1.104813E-17	5.952677E-18
1.292854E+04	1.104321E-17	5.884980E-18
1.292914E+04	1.100057E-17	5.850055E-18
1.292974E+04	1.098099E-17	5.636556E-18
1.293034E+04	1.099666E-17	5.607659E-18
1.293094E+04	1.088776E-17	5.503415E-18
1.293154E+04	1.076656E-17	5.321153E-18
1.293214E+04	1.067245E-17	5.297078E-18
1.293274E+04	1.057490E-17	5.273703E-18
1.293334E+04	1.048291E-17	5.235580E-18
1.293394E+04	1.040724E-17	5.148140E-18
1.293454E+04	1.038020E-17	5.097142E-18
1.293514E+04	1.034120E-17	5.103137E-18
1.293574E+04	1.029144E-17	5.068732E-18
1.293634E+04	1.024061E-17	5.099542E-18
1.293694E+04	1.021711E-17	5.099151E-18
1.293754E+04	1.023383E-17	5.105949E-18
1.293814E+04	1.024878E-17	5.109414E-18
1.293874E+04	1.022942E-17	5.107144E-18
1.293934E+04	1.019705E-17	5.066050E-18
1.293994E+04	1.016609E-17	5.026760E-18
1.294114E+04	1.013848E-17	5.008202E-18
1.294174E+04	1.009474E-17	4.987301E-18
1.294234E+04	1.004095E-17	4.970950E-18
1.294294E+04	1.003625E-17	5.004460E-18
1.294354E+04	1.002197E-17	5.023218E-18
1.294414E+04	9.997755E-18	5.061412E-18
1.294474E+04	9.988446E-18	5.050803E-18
1.294534E+04	9.941150E-18	5.101900E-18
1.294594E+04	9.941426E-18	5.093115E-18
1.294654E+04	9.965725E-18	5.114290E-18
1.294714E+04	9.942214E-18	5.037885E-18
1.294774E+04	9.902370E-18	5.027217E-18
1.294834E+04	9.887496E-18	5.023305E-18
1.294894E+04	9.772615E-18	4.973969E-18
1.294954E+04	9.728742E-18	4.884420E-18
1.295014E+04	9.762509E-18	4.890202E-18
1.295074E+04	9.744673E-18	4.876967E-18
1.295134E+04	9.706835E-18	4.865869E-18
1.295194E+04	9.680357E-18	4.843392E-18
1.295254E+04	9.611505E-18	4.824014E-18
1.295314E+04	9.601951E-18	4.817695E-18
1.295374E+04	9.538067E-18	4.787772E-18
1.295434E+04	9.497500E-18	4.755879E-18
1.295495E+04	9.493746E-18	4.703483E-18
1.295555E+04	9.461818E-18	4.692200E-18
1.295615E+04	9.456286E-18	4.624457E-18
1.295675E+04	9.429209E-18	4.627620E-18
1.295735E+04	9.452205E-18	4.643198E-18
1.295795E+04	9.401215E-18	4.668972E-18
1.295855E+04	9.399352E-18	4.686086E-18
1.295915E+04	9.354989E-18	4.765604E-18
1.295975E+04	9.312400E-18	4.854981E-18
1.296035E+04	9.265785E-18	4.836399E-18
1.296095E+04	9.278717E-18	4.877341E-18
1.296155E+04	9.168998E-18	4.827457E-18
1.296215E+04	9.160974E-18	4.820160E-18
1.296275E+04	9.124299E-18	4.860641E-18
1.296335E+04	9.094963E-18	4.795209E-18
1.296395E+04	9.067757E-18	4.774729E-18
1.296455E+04	8.999702E-18	4.740566E-18
1.296515E+04	8.990373E-18	4.781576E-18
1.296575E+04	9.028641E-18	4.728573E-18
1.296635E+04	8.960346E-18	4.711654E-18
1.296695E+04	8.936688E-18	4.715828E-18
1.296755E+04	8.933278E-18	4.742416E-18
1.296815E+04	8.928683E-18	4.730254E-18
1.296875E+04	8.977611E-18	4.740938E-18
1.296935E+04	8.972661E-18	4.709824E-18
1.297055E+04	8.920723E-18	4.708878E-18
1.297115E+04	8.907839E-18	4.699175E-18
1.297235E+04	8.923872E-18	4.702804E-18
1.297295E+04	8.936211E-18	4.711493E-18
1.297355E+04	9.004568E-18	4.730956E-18
1.297415E+04	9.052912E-18	4.731919E-18
1.297475E+04	9.093796E-18	4.751644E-18
1.297535E+04	9.095835E-18	4.728423E-18
1.297595E+04	9.149749E-18	4.739026E-18
1.297655E+04	9.200112E-18	4.763416E-18
1.297715E+04	9.165911E-18	4.777762E-18
1.297775E+04	9.162621E-18	4.756187E-18
1.297835E+04	9.196760E-18	4.766880E-18
1.297895E+04	9.177007E-18	4.803017E-18
1.297955E+04	9.151568E-18	4.857044E-18
1.298015E+04	9.173745E-18	4.862787E-18
1.298075E+04	9.163230E-18	4.850328E-18
1.298135E+04	9.198793E-18	4.859239E-18
1.298195E+04	9.251178E-18	4.854115E-18
1.298315E+04	9.231334E-18	4.867071E-18
1.298495E+04	9.178347E-18	4.809236E-18
1.298555E+04	9.115113E-18	4.777815E-18
1.298615E+04	9.139544E-18	4.786155E-18
1.298675E+04	9.047875E-18	4.770902E-18
1.298735E+04	9.048730E-18	4.771756E-18
1.298795E+04	9.058707E-18	4.801780E-18
1.298855E+04	9.104109E-18	4.814186E-18
1.298915E+04	9.145720E-18	4.807258E-18
1.298975E+04	9.152382E-18	4.837459E-18
1.299035E+04	9.153949E-18	4.837179E-18
1.299095E+04	9.148645E-18	4.819291E-18
1.299155E+04	9.200568E-18	4.805200E-18
1.299215E+04	9.139812E-18	4.740115E-18
1.299275E+04	9.165314E-18	4.754588E-18
1.299335E+04	9.174702E-18	4.683324E-18
1.299395E+04	9.198902E-18	4.702102E-18
1.299455E+04	9.150466E-18	4.682655E-18
1.299515E+04	9.191729E-18	4.683112E-18
1.299575E+04	9.203844E-18	4.697415E-18
1.299636E+04	9.239898E-18	4.719834E-18
1.299696E+04	9.302021E-18	4.747423E-18
1.299756E+04	9.342461E-18	4.771024E-18
1.299816E+04	9.314168E-18	4.778411E-18
1.299876E+04	9.312420E-18	4.787452E-18
1.299936E+04	9.349780E-18	4.812441E-18
1.299996E+04	9.335234E-18	4.881223E-18
1.300056E+04	9.415260E-18	4.913959E-18
1.300116E+04	9.387085E-18	4.928859E-18
1.300176E+04	9.325961E-18	4.915625E-18
1.300236E+04	9.359295E-18	4.911491E-18
1.300296E+04	9.326139E-18	4.912344E-18
1.300416E+04	9.420426E-18	4.972375E-18
1.300476E+04	9.425436E-18	4.972576E-18
1.300536E+04	9.412311E-18	4.967781E-18
1.300596E+04	9.396103E-18	4.961107E-18
1.300656E+04	9.372665E-18	4.920110E-18
1.300716E+04	9.329076E-18	4.930844E-18
1.300776E+04	9.325431E-18	4.824889E-18
1.300836E+04	9.348339E-18	4.749576E-18
1.300896E+04	9.316008E-18	4.766215E-18
1.300956E+04	9.254396E-18	4.719923E-18
1.301016E+04	9.228583E-18	4.719946E-18
1.301076E+04	9.192811E-18	4.730232E-18
1.301136E+04	9.137596E-18	4.662111E-18
1.301196E+04	9.154220E-18	4.644180E-18
1.301256E+04	9.175112E-18	4.636187E-18
1.301316E+04	9.192448E-18	4.640588E-18
1.301376E+04	9.235511E-18	4.607809E-18
1.301436E+04	9.291262E-18	4.646434E-18
1.301496E+04	9.290343E-18	4.660941E-18
1.301556E+04	9.323332E-18	4.673427E-18
1.301616E+04	9.373632E-18	4.664805E-18
1.301676E+04	9.405320E-18	4.697257E-18
1.301736E+04	9.434400E-18	4.706606E-18
1.301796E+04	9.442020E-18	4.760119E-18
1.301916E+04	9.463427E-18	4.772356E-18
1.301976E+04	9.400023E-18	4.755468E-18
1.302156E+04	9.407943E-18	4.756359E-18
1.302216E+04	9.393745E-18	4.749699E-18
1.302276E+04	9.373735E-18	4.782939E-18
1.302336E+04	9.306766E-18	4.759573E-18
1.302396E+04	9.319722E-18	4.745197E-18
1.302456E+04	9.356752E-18	4.747317E-18
1.302516E+04	9.382754E-18	4.753869E-18
1.302576E+04	9.385394E-18	4.727185E-18
1.302636E+04	9.403807E-18	4.706837E-18
1.302696E+04	9.424000E-18	4.743515E-18
1.302756E+04	9.393552E-18	4.803880E-18
1.302816E+04	9.374370E-18	4.843227E-18
1.302876E+04	9.284857E-18	4.742477E-18
1.302936E+04	9.253219E-18	4.735399E-18
1.302996E+04	9.264753E-18	4.738380E-18
1.303056E+04	9.249245E-18	4.727751E-18
1.303116E+04	9.231008E-18	4.720863E-18
1.303176E+04	9.231630E-18	4.715268E-18
1.303236E+04	9.234624E-18	4.700865E-18
1.303296E+04	9.258613E-18	4.718654E-18
1.303356E+04	9.263506E-18	4.712619E-18
1.303416E+04	9.257130E-18	4.699133E-18
1.303476E+04	9.290017E-18	4.697464E-18
1.303536E+04	9.340580E-18	4.704261E-18
1.303596E+04	9.376435E-18	4.724476E-18
1.303656E+04	9.350606E-18	4.721938E-18
1.303717E+04	9.281123E-18	4.681625E-18
1.303777E+04	9.242005E-18	4.654427E-18
1.303837E+04	9.188649E-18	4.646899E-18
1.303897E+04	9.152375E-18	4.631839E-18
1.303957E+04	9.090119E-18	4.607063E-18
1.304017E+04	9.048623E-18	4.597380E-18
1.304077E+04	9.042123E-18	4.584630E-18
1.304137E+04	9.019133E-18	4.568773E-18
1.304197E+04	9.029836E-18	4.562222E-18
1.304257E+04	9.027845E-18	4.579363E-18
1.304317E+04	8.938055E-18	4.560287E-18
1.304377E+04	8.921231E-18	4.550355E-18
1.304437E+04	8.890999E-18	4.537258E-18
1.304497E+04	8.825051E-18	4.502961E-18
1.304557E+04	8.784612E-18	4.487755E-18
1.304617E+04	8.719136E-18	4.452215E-18
1.304677E+04	8.678101E-18	4.415974E-18
1.304737E+04	8.681087E-18	4.350892E-18
1.304797E+04	8.705315E-18	4.346481E-18
1.304857E+04	8.697266E-18	4.338060E-18
1.304917E+04	8.698117E-18	4.335145E-18
1.304977E+04	8.692086E-18	4.332970E-18
1.305037E+04	8.684630E-18	4.322301E-18
1.305157E+04	8.687993E-18	4.283119E-18
1.305217E+04	8.675315E-18	4.277417E-18
1.305337E+04	8.651738E-18	4.262123E-18
1.305397E+04	8.637872E-18	4.277752E-18
1.305457E+04	8.635400E-18	4.271618E-18
1.305517E+04	8.626518E-18	4.225014E-18
1.305577E+04	8.570873E-18	4.222618E-18
1.305637E+04	8.577775E-18	4.206985E-18
1.305697E+04	8.619573E-18	4.222787E-18
1.305757E+04	8.614607E-18	4.250512E-18
1.305817E+04	8.586971E-18	4.269218E-18
1.305877E+04	8.572509E-18	4.267716E-18
1.305937E+04	8.571103E-18	4.282102E-18
1.305997E+04	8.576225E-18	4.291596E-18
1.306057E+04	8.575769E-18	4.296601E-18
1.306117E+04	8.550148E-18	4.293421E-18
1.306177E+04	8.574026E-18	4.288448E-18
1.306237E+04	8.551371E-18	4.249628E-18
1.306297E+04	8.514708E-18	4.217381E-18
1.306357E+04	8.549034E-18	4.213267E-18
1.306417E+04	8.512013E-18	4.202803E-18
1.306477E+04	8.504908E-18	4.162818E-18
1.306537E+04	8.458745E-18	4.149936E-18
1.306597E+04	8.456624E-18	4.094468E-18
1.306657E+04	8.481573E-18	4.079527E-18
1.306717E+04	8.510915E-18	4.126899E-18
1.306777E+04	8.516156E-18	4.125543E-18
1.306837E+04	8.471058E-18	4.113232E-18
1.306897E+04	8.451722E-18	4.089571E-18
1.306957E+04	8.467174E-18	4.095560E-18
1.307016E+04	8.481320E-18	4.078754E-18
1.307076E+04	8.445360E-18	4.073171E-18
1.307136E+04	8.422105E-18	4.069344E-18
1.307196E+04	8.407041E-18	4.061480E-18
1.307256E+04	8.406464E-18	4.076089E-18
1.307316E+04	8.392706E-18	4.008956E-18
1.307376E+04	8.391297E-18	3.960508E-18
1.307436E+04	8.425274E-18	3.869703E-18
1.307496E+04	8.410565E-18	3.890159E-18
1.307556E+04	8.394669E-18	3.918876E-18
1.307616E+04	8.390647E-18	3.918719E-18
1.307676E+04	8.363469E-18	3.907677E-18
1.307736E+04	8.336764E-18	3.900082E-18
1.307796E+04	8.321459E-18	3.924155E-18
1.307857E+04	8.305562E-18	3.919439E-18
1.307917E+04	8.250709E-18	3.896801E-18
1.307977E+04	8.323881E-18	3.922417E-18
1.308037E+04	8.337791E-18	3.926079E-18
1.308097E+04	8.341726E-18	3.968402E-18
1.308157E+04	8.291977E-18	3.919697E-18
1.308217E+04	8.274769E-18	3.920689E-18
1.308277E+04	8.299726E-18	4.002290E-18
1.308337E+04	8.334303E-18	4.005764E-18
1.308397E+04	8.335506E-18	4.006416E-18
1.308457E+04	8.308559E-18	3.971191E-18
1.308577E+04	8.337096E-18	3.984318E-18
1.308637E+04	8.393058E-18	4.027678E-18
1.308697E+04	8.420751E-18	4.055052E-18
1.308757E+04	8.400930E-18	4.051083E-18
1.308817E+04	8.410212E-18	4.079887E-18
1.308877E+04	8.443133E-18	4.087424E-18
1.308937E+04	8.432578E-18	4.051648E-18
1.308997E+04	8.405509E-18	4.032801E-18
1.309057E+04	8.414554E-18	4.024116E-18
1.309117E+04	8.418490E-18	4.023975E-18
1.309177E+04	8.394865E-18	4.015532E-18
1.309237E+04	8.384308E-18	4.005682E-18
1.309297E+04	8.385155E-18	4.000995E-18
1.309357E+04	8.420576E-18	4.033741E-18
1.309417E+04	8.415721E-18	4.045510E-18
1.309477E+04	8.444371E-18	4.064737E-18
1.309537E+04	8.443081E-18	4.066020E-18
1.309597E+04	8.412087E-18	4.105643E-18
1.309657E+04	8.437293E-18	4.119918E-18
1.309717E+04	8.434339E-18	4.125629E-18
1.309777E+04	8.462516E-18	4.132830E-18
1.309837E+04	8.496279E-18	4.162886E-18
1.309897E+04	8.554521E-18	4.238790E-18
1.309957E+04	8.561907E-18	4.251648E-18
1.310017E+04	8.567867E-18	4.277100E-18
1.310077E+04	8.552676E-18	4.285275E-18
1.310137E+04	8.579788E-18	4.282916E-18
1.310197E+04	8.588482E-18	4.285218E-18
1.310257E+04	8.578163E-18	4.240057E-18
1.310317E+04	8.589947E-18	4.212362E-18
1.310377E+04	8.614091E-18	4.203050E-18
1.310437E+04	8.666757E-18	4.218626E-18
1.310497E+04	8.684485E-18	4.245486E-18
1.310557E+04	8.740601E-18	4.303821E-18
1.310617E+04	8.771880E-18	4.358263E-18
1.310677E+04	8.818729E-18	4.388964E-18
1.310737E+04	8.806391E-18	4.385452E-18
1.310797E+04	8.797857E-18	4.381651E-18
1.310857E+04	8.803584E-18	4.392557E-18
1.310917E+04	8.830588E-18	4.400979E-18
1.310977E+04	8.839169E-18	4.401249E-18
1.311037E+04	8.817084E-18	4.405400E-18
1.311097E+04	8.814135E-18	4.407111E-18
1.311157E+04	8.822360E-18	4.387313E-18
1.311217E+04	8.836528E-18	4.398504E-18
1.311277E+04	8.801961E-18	4.396666E-18
1.311337E+04	8.778091E-18	4.413722E-18
1.311397E+04	8.779540E-18	4.415797E-18
1.311457E+04	8.812134E-18	4.422796E-18
1.311517E+04	8.807877E-18	4.454365E-18
1.311577E+04	8.804572E-18	4.452723E-18
1.311637E+04	8.742539E-18	4.521138E-18
1.311697E+04	8.682288E-18	4.500486E-18
1.311757E+04	8.671729E-18	4.499872E-18
1.311817E+04	8.704918E-18	4.508817E-18
1.311877E+04	8.738466E-18	4.515351E-18
1.311938E+04	8.725888E-18	4.497372E-18
1.311998E+04	8.704034E-18	4.495975E-18
1.312058E+04	8.727596E-18	4.498113E-18
1.312118E+04	8.749494E-18	4.483862E-18
1.312178E+04	8.737270E-18	4.481931E-18
1.312238E+04	8.759526E-18	4.517821E-18
1.312298E+04	8.759191E-18	4.516218E-18
1.312358E+04	8.782875E-18	4.487886E-18
1.312478E+04	8.760090E-18	4.498684E-18
1.312538E+04	8.749530E-18	4.493036E-18
1.312598E+04	8.761086E-18	4.497958E-18
1.312658E+04	8.788934E-18	4.513662E-18
1.312718E+04	8.804891E-18	4.495618E-18
1.312778E+04	8.792309E-18	4.496502E-18
1.312838E+04	8.769500E-18	4.466780E-18
1.312898E+04	8.764052E-18	4.394872E-18
1.312958E+04	8.771923E-18	4.393417E-18
1.313018E+04	8.780033E-18	4.394212E-18
1.313078E+04	8.785526E-18	4.388980E-18
1.313138E+04	8.808977E-18	4.390372E-18
1.313198E+04	8.846582E-18	4.374466E-18
1.313258E+04	8.829955E-18	4.340299E-18
1.313318E+04	8.815588E-18	4.335252E-18
1.313378E+04	8.814660E-18	4.309606E-18
1.313438E+04	8.798270E-18	4.303454E-18
1.313498E+04	8.814587E-18	4.307573E-18
1.313558E+04	8.759422E-18	4.287219E-18
1.313618E+04	8.756946E-18	4.290467E-18
1.313678E+04	8.746026E-18	4.279062E-18
1.313738E+04	8.736770E-18	4.275808E-18
1.313798E+04	8.730726E-18	4.319491E-18
1.313858E+04	8.758820E-18	4.328540E-18
1.313918E+04	8.758248E-18	4.309941E-18
1.313978E+04	8.728531E-18	4.293142E-18
1.314038E+04	8.719870E-18	4.291205E-18
1.314098E+04	8.709661E-18	4.288877E-18
1.314158E+04	8.691482E-18	4.269232E-18
1.314218E+04	8.686150E-18	4.260059E-18
1.314278E+04	8.637871E-18	4.239932E-18
1.314338E+04	8.668109E-18	4.248409E-18
1.314398E+04	8.707985E-18	4.251563E-18
1.314458E+04	8.708363E-18	4.195199E-18
1.314518E+04	8.705767E-18	4.156137E-18
1.314578E+04	8.700316E-18	4.134319E-18
1.314638E+04	8.720682E-18	4.128050E-18
1.314698E+04	8.736766E-18	4.128206E-18
1.314758E+04	8.741072E-18	4.153421E-18
1.314818E+04	8.771077E-18	4.172616E-18
1.314878E+04	8.741235E-18	4.165584E-18
1.314938E+04	8.745422E-18	4.216325E-18
1.314998E+04	8.747943E-18	4.193537E-18
1.315058E+04	8.765456E-18	4.161318E-18
1.315118E+04	8.801295E-18	4.160885E-18
1.315178E+04	8.747296E-18	4.072747E-18
1.315238E+04	8.732325E-18	4.052270E-18
1.315298E+04	8.767213E-18	4.067065E-18
1.315418E+04	8.778563E-18	4.081081E-18
1.315478E+04	8.815834E-18	4.115341E-18
1.315538E+04	8.815500E-18	4.126080E-18
1.315598E+04	8.780417E-18	4.159153E-18
1.315658E+04	8.794840E-18	4.162016E-18
1.315718E+04	8.790936E-18	4.163053E-18
1.315778E+04	8.787626E-18	4.190196E-18
1.315838E+04	8.787768E-18	4.189125E-18
1.315898E+04	8.744113E-18	4.129674E-18
1.315958E+04	8.692124E-18	4.103303E-18
1.316018E+04	8.684409E-18	4.115833E-18
1.316079E+04	8.696335E-18	4.113994E-18
1.316139E+04	8.683740E-18	4.099451E-18
1.316199E+04	8.716851E-18	4.098703E-18
1.316259E+04	8.698066E-18	4.004986E-18
1.316319E+04	8.666545E-18	4.012484E-18
1.316379E+04	8.600861E-18	4.027292E-18
1.316439E+04	8.636948E-18	4.036612E-18
1.316499E+04	8.608995E-18	4.028223E-18
1.316559E+04	8.591160E-18	4.023007E-18
1.316619E+04	8.582490E-18	4.015001E-18
1.316679E+04	8.560249E-18	4.009471E-18
1.316739E+04	8.546222E-18	4.010365E-18
1.316799E+04	8.511837E-18	3.999043E-18
1.316859E+04	8.508403E-18	3.966729E-18
1.316919E+04	8.487945E-18	3.961578E-18
1.316979E+04	8.455820E-18	3.949111E-18
1.317039E+04	8.418693E-18	3.917578E-18
1.317099E+04	8.368707E-18	3.892483E-18
1.317159E+04	8.333483E-18	3.899264E-18
1.317219E+04	8.363621E-18	3.960803E-18
1.317279E+04	8.362208E-18	3.950221E-18
1.317339E+04	8.372940E-18	3.945088E-18
1.317399E+04	8.382720E-18	3.962300E-18
1.317459E+04	8.387261E-18	3.966042E-18
1.317519E+04	8.398232E-18	3.965384E-18
1.317579E+04	8.407775E-18	3.965700E-18
1.317639E+04	8.396837E-18	3.967569E-18
1.317699E+04	8.411024E-18	3.971083E-18
1.317759E+04	8.405325E-18	3.972440E-18
1.317819E+04	8.430229E-18	3.989314E-18
1.317879E+04	8.441202E-18	4.018964E-18
1.317939E+04	8.422405E-18	4.018469E-18
1.317999E+04	8.402059E-18	4.028542E-18
1.318059E+04	8.415175E-18	4.030433E-18
1.318119E+04	8.381967E-18	4.029096E-18
1.318179E+04	8.371147E-18	4.048968E-18
1.318239E+04	8.349370E-18	4.058675E-18
1.318299E+04	8.341526E-18	4.059640E-18
1.318359E+04	8.332490E-18	4.004945E-18
1.318419E+04	8.293204E-18	4.121309E-18
1.318479E+04	8.274759E-18	4.134396E-18
1.318539E+04	8.279776E-18	4.164275E-18
1.318599E+04	8.306113E-18	4.188919E-18
1.318659E+04	8.303270E-18	4.191485E-18
1.318719E+04	8.287683E-18	4.244244E-18
1.318779E+04	8.285554E-18	4.258035E-18
1.318839E+04	8.270561E-18	4.260519E-18
1.318899E+04	8.223765E-18	4.249190E-18
1.318959E+04	8.219491E-18	4.239932E-18
1.319019E+04	8.202471E-18	4.242227E-18
1.319079E+04	8.169966E-18	4.232627E-18
1.319139E+04	8.156519E-18	4.238359E-18
1.319199E+04	8.147359E-18	4.232881E-18
1.319259E+04	8.136651E-18	4.241054E-18
1.319319E+04	8.074361E-18	4.208342E-18
1.319379E+04	8.040898E-18	4.191103E-18
1.319439E+04	8.040075E-18	4.190421E-18
1.319499E+04	8.058075E-18	4.136193E-18
1.319559E+04	8.075719E-18	4.139895E-18
1.319619E+04	8.095864E-18	4.138165E-18
1.319679E+04	8.097068E-18	4.075431E-18
1.319739E+04	8.119836E-18	4.080318E-18
1.319799E+04	8.162382E-18	4.090197E-18
1.319859E+04	8.177646E-18	4.093163E-18
1.319919E+04	8.190884E-18	4.081705E-18
1.320039E+04	8.211405E-18	4.053017E-18
1.320099E+04	8.207726E-18	4.038118E-18
1.320160E+04	8.189273E-18	4.000324E-18
1.320220E+04	8.223961E-18	4.010979E-18
1.320280E+04	8.226954E-18	4.004436E-18
1.320340E+04	8.210167E-18	3.969601E-18
1.320400E+04	8.214590E-18	3.959836E-18
1.320460E+04	8.193989E-18	3.945768E-18
1.320520E+04	8.195910E-18	3.957105E-18
1.320580E+04	8.185794E-18	3.946052E-18
1.320640E+04	8.195103E-18	3.946027E-18
1.320700E+04	8.194283E-18	3.925815E-18
1.320760E+04	8.207882E-18	3.929271E-18
1.320820E+04	8.205394E-18	3.930339E-18
1.320940E+04	8.228542E-18	3.924205E-18
1.321000E+04	8.207700E-18	3.888038E-18
1.321059E+04	8.191744E-18	3.872960E-18
1.321119E+04	8.170543E-18	3.871564E-18
1.321180E+04	8.135873E-18	3.867722E-18
1.321239E+04	8.117412E-18	3.868306E-18
1.321299E+04	8.101334E-18	3.855789E-18
1.321359E+04	8.086448E-18	3.842548E-18
1.321419E+04	8.063217E-18	3.844622E-18
1.321479E+04	8.136415E-18	3.869458E-18
1.321539E+04	8.175405E-18	3.887564E-18
1.321599E+04	8.224648E-18	3.910263E-18
1.321659E+04	8.249218E-18	3.916520E-18
1.321719E+04	8.272478E-18	3.924441E-18
1.321779E+04	8.286321E-18	3.908954E-18
1.321839E+04	8.313992E-18	3.926075E-18
1.321899E+04	8.315439E-18	3.922651E-18
1.321959E+04	8.312474E-18	3.932626E-18
1.322019E+04	8.321908E-18	3.918422E-18
1.322079E+04	8.319540E-18	3.947832E-18
1.322139E+04	8.304773E-18	3.956916E-18
1.322199E+04	8.283210E-18	3.965456E-18
1.322259E+04	8.321734E-18	3.977778E-18
1.322319E+04	8.343687E-18	4.020603E-18
1.322379E+04	8.351095E-18	4.061756E-18
1.322439E+04	8.374838E-18	4.078853E-18
1.322499E+04	8.389400E-18	4.057031E-18
1.322559E+04	8.396691E-18	4.076215E-18
1.322619E+04	8.417931E-18	4.074757E-18
1.322679E+04	8.413299E-18	4.080730E-18
1.322739E+04	8.403897E-18	4.067766E-18
1.322799E+04	8.389486E-18	4.034858E-18
1.322859E+04	8.357428E-18	4.008102E-18
1.322919E+04	8.381054E-18	4.017532E-18
1.322979E+04	8.374752E-18	4.000790E-18
1.323039E+04	8.393848E-18	3.861122E-18
1.323099E+04	8.428328E-18	3.837524E-18
1.323159E+04	8.455535E-18	3.826442E-18
1.323219E+04	8.516252E-18	3.822111E-18
1.323279E+04	8.531655E-18	3.814375E-18
1.323339E+04	8.556838E-18	3.797683E-18
1.323459E+04	8.558428E-18	3.917702E-18
1.323519E+04	8.572878E-18	3.916719E-18
1.323579E+04	8.575284E-18	3.917672E-18
1.323639E+04	8.561946E-18	3.913534E-18
1.323699E+04	8.598105E-18	3.909947E-18
1.323759E+04	8.577253E-18	3.906032E-18
1.323819E+04	8.569759E-18	3.897552E-18
1.323879E+04	8.609975E-18	3.916568E-18
1.323939E+04	8.643154E-18	3.955298E-18
1.323999E+04	8.654864E-18	3.957615E-18
1.324059E+04	8.661566E-18	3.967754E-18
1.324119E+04	8.695225E-18	3.976138E-18
1.324179E+04	8.676162E-18	3.972525E-18
1.324239E+04	8.651611E-18	3.975973E-18
1.324300E+04	8.677878E-18	3.987253E-18
1.324360E+04	8.703070E-18	3.990795E-18
1.324420E+04	8.766078E-18	4.004862E-18
1.324480E+04	8.806064E-18	4.014977E-18
1.324540E+04	8.839491E-18	4.021667E-18
1.324600E+04	8.844049E-18	4.020622E-18
1.324660E+04	8.873182E-18	4.042702E-18
1.324720E+04	8.907566E-18	4.052614E-18
1.324780E+04	8.926322E-18	4.060725E-18
1.324840E+04	8.967389E-18	4.100070E-18
1.324900E+04	8.998316E-18	4.117500E-18
1.324960E+04	9.016478E-18	4.123611E-18
1.325020E+04	9.029510E-18	4.136226E-18
1.325080E+04	9.042185E-18	4.146764E-18
1.325140E+04	9.051162E-18	4.132869E-18
1.325200E+04	9.053934E-18	4.125609E-18
1.325260E+04	9.054081E-18	4.132805E-18
1.325320E+04	9.066996E-18	4.134989E-18
1.325380E+04	9.114992E-18	4.146513E-18
1.325440E+04	9.136738E-18	4.158163E-18
1.325500E+04	9.158366E-18	4.163250E-18
1.325560E+04	9.167106E-18	4.164699E-18
1.325620E+04	9.245536E-18	4.193379E-18
1.325680E+04	9.304636E-18	4.210106E-18
1.325740E+04	9.381639E-18	4.229800E-18
1.325800E+04	9.381195E-18	4.230340E-18
1.325860E+04	9.432782E-18	4.253028E-18
1.325920E+04	9.454417E-18	4.278758E-18
1.325980E+04	9.444069E-18	4.266817E-18
1.326040E+04	9.477162E-18	4.264060E-18
1.326100E+04	9.498798E-18	4.257004E-18
1.326160E+04	9.520078E-18	4.249286E-18
1.326220E+04	9.571792E-18	4.264047E-18
1.326280E+04	9.617301E-18	4.272202E-18
1.326340E+04	9.633809E-18	4.307157E-18
1.326400E+04	9.649721E-18	4.280848E-18
1.326460E+04	9.666827E-18	4.307352E-18
1.326520E+04	9.633564E-18	4.353037E-18
1.326580E+04	9.626082E-18	4.375042E-18
1.326640E+04	9.670523E-18	4.359388E-18
1.326700E+04	9.781093E-18	4.379838E-18
1.326760E+04	9.855260E-18	4.384575E-18
1.326820E+04	9.920715E-18	4.389800E-18
1.326880E+04	9.957762E-18	4.372526E-18
1.326940E+04	1.001749E-17	4.356710E-18
1.327000E+04	1.008068E-17	4.357784E-18
1.327060E+04	1.012967E-17	4.371680E-18
1.327120E+04	1.012363E-17	4.347801E-18
1.327180E+04	1.013084E-17	4.350859E-18
1.327240E+04	1.015882E-17	4.359652E-18
1.327300E+04	1.013726E-17	4.360151E-18
1.327360E+04	1.012047E-17	4.370623E-18
1.327420E+04	1.012923E-17	4.374543E-18
1.327480E+04	1.013322E-17	4.368950E-18
1.327540E+04	1.008945E-17	4.355903E-18
1.327600E+04	1.008185E-17	4.353987E-18
1.327660E+04	1.014625E-17	4.371924E-18
1.327720E+04	1.012075E-17	4.344866E-18
1.327780E+04	1.008103E-17	4.334869E-18
1.327840E+04	1.005744E-17	4.320139E-18
1.327900E+04	1.006285E-17	4.257882E-18
1.327960E+04	1.009179E-17	4.148250E-18
1.328020E+04	1.008133E-17	4.144385E-18
1.328080E+04	1.007290E-17	4.145448E-18
1.328140E+04	1.002148E-17	4.133548E-18
1.328200E+04	1.002069E-17	4.137429E-18
1.328260E+04	9.990996E-18	4.152902E-18
1.328320E+04	9.997727E-18	4.151945E-18
1.328381E+04	9.997654E-18	4.170273E-18
1.328441E+04	1.000510E-17	4.134555E-18
1.328501E+04	1.001685E-17	4.138875E-18
1.328561E+04	1.002943E-17	4.135788E-18
1.328621E+04	1.004023E-17	4.138627E-18
1.328681E+04	9.992977E-18	4.120934E-18
1.328741E+04	9.992184E-18	4.114468E-18
1.328801E+04	9.996528E-18	4.109681E-18
1.328861E+04	1.000433E-17	4.112517E-18
1.328921E+04	9.976311E-18	4.117100E-18
1.328981E+04	1.000610E-17	4.134694E-18
1.329041E+04	1.000136E-17	4.141838E-18
1.329101E+04	1.002792E-17	4.156287E-18
1.329161E+04	1.001435E-17	4.139842E-18
1.329221E+04	1.004402E-17	4.150421E-18
1.329281E+04	1.006102E-17	4.151983E-18
1.329341E+04	1.003945E-17	4.118169E-18
1.329401E+04	1.000306E-17	4.094185E-18
1.329461E+04	9.972403E-18	4.083103E-18
1.329521E+04	9.987020E-18	4.077528E-18
1.329581E+04	1.000474E-17	4.075971E-18
1.329641E+04	1.000742E-17	4.076654E-18
1.329701E+04	9.989779E-18	4.071238E-18
1.329761E+04	9.999022E-18	4.065889E-18
1.329821E+04	1.001304E-17	4.069987E-18
1.329881E+04	9.968526E-18	4.056113E-18
1.329941E+04	9.920543E-18	4.033086E-18
1.330001E+04	9.892629E-18	4.022255E-18
1.330061E+04	9.850139E-18	4.006311E-18
1.330121E+04	9.887457E-18	4.005358E-18
1.330181E+04	9.894070E-18	4.001277E-18
1.330241E+04	9.921234E-18	4.004287E-18
1.330301E+04	9.885074E-18	3.985282E-18
1.330361E+04	9.856798E-18	3.959059E-18
1.330421E+04	9.842024E-18	3.929889E-18
1.330481E+04	9.839676E-18	3.939314E-18
1.330541E+04	9.815341E-18	3.930950E-18
1.330601E+04	9.811678E-18	3.953089E-18
1.330661E+04	9.824385E-18	3.968512E-18
1.330721E+04	9.812835E-18	3.966160E-18
1.330781E+04	9.826380E-18	3.979762E-18
1.330841E+04	9.815427E-18	3.950183E-18
1.330901E+04	9.804593E-18	3.924258E-18
1.330961E+04	9.819692E-18	3.907857E-18
1.331021E+04	9.849370E-18	3.876112E-18
1.331081E+04	9.838417E-18	3.882318E-18
1.331141E+04	9.815154E-18	3.885847E-18
1.331201E+04	9.767391E-18	3.878931E-18
1.331261E+04	9.777470E-18	3.910243E-18
1.331321E+04	9.775359E-18	3.909012E-18
1.331381E+04	9.762492E-18	3.903160E-18
1.331441E+04	9.755839E-18	3.940424E-18
1.331501E+04	9.721577E-18	3.927795E-18
1.331561E+04	9.678588E-18	3.909890E-18
1.331621E+04	9.669902E-18	3.907390E-18
1.331681E+04	9.697432E-18	3.913607E-18
1.331741E+04	9.719345E-18	3.910757E-18
1.331801E+04	9.707551E-18	3.896824E-18
1.331861E+04	9.699342E-18	3.873908E-18
1.331921E+04	9.683842E-18	3.871906E-18
1.331981E+04	9.712809E-18	3.885103E-18
1.332041E+04	9.694798E-18	3.888581E-18
1.332101E+04	9.654911E-18	3.885289E-18
1.332161E+04	9.664871E-18	3.890566E-18
1.332221E+04	9.678060E-18	3.909391E-18
1.332281E+04	9.665546E-18	3.917351E-18
1.332341E+04	9.684354E-18	3.922465E-18
1.332401E+04	9.681404E-18	3.921945E-18
1.332522E+04	9.653748E-18	3.965419E-18
1.332582E+04	9.686187E-18	3.976627E-18
1.332642E+04	9.740624E-18	4.007864E-18
1.332702E+04	9.786815E-18	4.039331E-18
1.332762E+04	9.856201E-18	4.080744E-18
1.332822E+04	9.887808E-18	4.066091E-18
1.332882E+04	9.886176E-18	4.077943E-18
1.332942E+04	9.847240E-18	4.034179E-18
1.333002E+04	9.851107E-18	4.041741E-18
1.333062E+04	9.840388E-18	4.049821E-18
1.333122E+04	9.827157E-18	4.050116E-18
1.333182E+04	9.824328E-18	4.049675E-18
1.333242E+04	9.780844E-18	4.041340E-18
1.333302E+04	9.734248E-18	4.022378E-18
1.333362E+04	9.789056E-18	4.040458E-18
1.333422E+04	9.841714E-18	4.063153E-18
1.333482E+04	9.823937E-18	4.050514E-18
1.333542E+04	9.808074E-18	4.036486E-18
1.333602E+04	9.819356E-18	4.157240E-18
1.333662E+04	9.843435E-18	4.259229E-18
1.333722E+04	9.880192E-18	4.345614E-18
1.333782E+04	9.887530E-18	4.407453E-18
1.333842E+04	9.886855E-18	4.453902E-18
1.333902E+04	9.870632E-18	4.484813E-18
1.333962E+04	9.881318E-18	4.512589E-18
1.334022E+04	9.925135E-18	4.541554E-18
1.334082E+04	9.922906E-18	4.552282E-18
1.334142E+04	9.928690E-18	4.559792E-18
1.334202E+04	9.943565E-18	4.565506E-18
1.334262E+04	9.952340E-18	4.567816E-18
1.334322E+04	9.925470E-18	4.560462E-18
1.334382E+04	9.945728E-18	4.566742E-18
1.334442E+04	9.930461E-18	4.582864E-18
1.334502E+04	9.880862E-18	4.579897E-18
1.334562E+04	9.867866E-18	4.644369E-18
1.334622E+04	9.881426E-18	4.690199E-18
1.334682E+04	9.897617E-18	4.757974E-18
1.334742E+04	9.870385E-18	4.755565E-18
1.334802E+04	9.891243E-18	4.790392E-18
1.334862E+04	9.850252E-18	4.861461E-18
1.334922E+04	9.830315E-18	4.856488E-18
1.334982E+04	9.800209E-18	4.843168E-18
1.335042E+04	9.817358E-18	4.921880E-18
1.335102E+04	9.856521E-18	4.951519E-18
1.335162E+04	9.870800E-18	4.948615E-18
1.335222E+04	9.866296E-18	4.938168E-18
1.335282E+04	9.853537E-18	4.933718E-18
1.335342E+04	9.796029E-18	4.911556E-18
1.335401E+04	9.855415E-18	4.917470E-18
1.335461E+04	9.895301E-18	4.924196E-18
1.335521E+04	9.907787E-18	4.938542E-18
1.335581E+04	9.904001E-18	4.941063E-18
1.335641E+04	9.926300E-18	4.983180E-18
1.335701E+04	1.000161E-17	5.002619E-18
1.335761E+04	1.001984E-17	5.000706E-18
1.335821E+04	1.003843E-17	4.993770E-18
1.335881E+04	1.006445E-17	5.000637E-18
1.335941E+04	1.008842E-17	5.012133E-18
1.336001E+04	1.012006E-17	4.991385E-18
1.336061E+04	1.010814E-17	4.990249E-18
1.336121E+04	1.009407E-17	4.999308E-18
1.336181E+04	1.015658E-17	5.007337E-18
1.336241E+04	1.013413E-17	5.004635E-18
1.336301E+04	1.008978E-17	5.004003E-18
1.336361E+04	1.011914E-17	5.030727E-18
1.336421E+04	1.015964E-17	5.039077E-18
1.336481E+04	1.016316E-17	5.041483E-18
1.336541E+04	1.015842E-17	5.040508E-18
1.336602E+04	1.017702E-17	5.034922E-18
1.336662E+04	1.019766E-17	5.034460E-18
1.336722E+04	1.022260E-17	5.035247E-18
1.336782E+04	1.022061E-17	5.046137E-18
1.336842E+04	1.022030E-17	5.032497E-18
1.336902E+04	1.021101E-17	5.030224E-18
1.336962E+04	1.020783E-17	5.025383E-18
1.337022E+04	1.018166E-17	5.005328E-18
1.337082E+04	1.019931E-17	5.010355E-18
1.337142E+04	1.020247E-17	5.006916E-18
1.337202E+04	1.019856E-17	4.987074E-18
1.337262E+04	1.022854E-17	4.981825E-18
1.337322E+04	1.025708E-17	4.988752E-18
1.337382E+04	1.028227E-17	4.978830E-18
1.337442E+04	1.028507E-17	4.979449E-18
1.337502E+04	1.031194E-17	4.977020E-18
1.337562E+04	1.032037E-17	4.959502E-18
1.337622E+04	1.033047E-17	4.959566E-18
1.337682E+04	1.034393E-17	4.964109E-18
1.337742E+04	1.036086E-17	4.969363E-18
1.337802E+04	1.040174E-17	4.983869E-18
1.337862E+04	1.035893E-17	4.986151E-18
1.337922E+04	1.030151E-17	5.009042E-18
1.337982E+04	1.025666E-17	4.985344E-18
1.338042E+04	1.023994E-17	4.988324E-18
1.338102E+04	1.022479E-17	4.955772E-18
1.338162E+04	1.021346E-17	4.882835E-18
1.338222E+04	1.020752E-17	4.814971E-18
1.338282E+04	1.020170E-17	4.758846E-18
1.338342E+04	1.019528E-17	4.710706E-18
1.338402E+04	1.018826E-17	4.700578E-18
1.338462E+04	1.018017E-17	4.727177E-18
1.338522E+04	1.017064E-17	4.704234E-18
1.338582E+04	1.015931E-17	4.712281E-18
1.338642E+04	1.007313E-17	4.696839E-18
1.338702E+04	1.004803E-17	4.686260E-18
1.338762E+04	1.001885E-17	4.677190E-18
1.338822E+04	9.990755E-18	4.670327E-18
1.338882E+04	9.982775E-18	4.684335E-18
1.338942E+04	9.943896E-18	4.662016E-18
1.339002E+04	9.912920E-18	4.690489E-18
1.339062E+04	9.859427E-18	4.604274E-18
1.339122E+04	9.922469E-18	4.595990E-18
1.339182E+04	9.911852E-18	4.538908E-18
1.339242E+04	9.861351E-18	4.534949E-18
1.339302E+04	9.914813E-18	4.512287E-18
1.339362E+04	9.920845E-18	4.452152E-18
1.339422E+04	9.943288E-18	4.485881E-18
1.339482E+04	9.924406E-18	4.572019E-18
1.339542E+04	9.903727E-18	4.547651E-18
1.339602E+04	9.901015E-18	4.686214E-18
1.339662E+04	9.925854E-18	4.708429E-18
1.339722E+04	9.917751E-18	4.708250E-18
1.339782E+04	9.877545E-18	4.796832E-18
1.339842E+04	9.867764E-18	4.801209E-18
1.339902E+04	9.849598E-18	4.838851E-18
1.339962E+04	9.819451E-18	4.854037E-18
1.340022E+04	9.824405E-18	4.840690E-18
1.340082E+04	9.889618E-18	4.900861E-18
1.340142E+04	9.865581E-18	4.850784E-18
1.340202E+04	9.809554E-18	4.874357E-18
1.340262E+04	9.759996E-18	4.970609E-18
1.340322E+04	9.730204E-18	4.962280E-18
1.340382E+04	9.734677E-18	4.962218E-18
1.340442E+04	9.765390E-18	4.978094E-18
1.340502E+04	9.835882E-18	4.988837E-18
1.340562E+04	9.793149E-18	4.978033E-18
1.340622E+04	9.741428E-18	4.977437E-18
1.340682E+04	9.765553E-18	5.002952E-18
1.340743E+04	9.830301E-18	5.011874E-18
1.340803E+04	9.835496E-18	5.013736E-18
1.340863E+04	9.741473E-18	4.977188E-18
1.340923E+04	9.654278E-18	4.952768E-18
1.340983E+04	9.571993E-18	4.941896E-18
1.341043E+04	9.479520E-18	4.931609E-18
1.341103E+04	9.373861E-18	4.916021E-18
1.341163E+04	9.311101E-18	4.915513E-18
1.341223E+04	9.272786E-18	4.908377E-18
1.341283E+04	9.300382E-18	4.902393E-18
1.341343E+04	9.301854E-18	4.980319E-18
1.341403E+04	9.256346E-18	5.002732E-18
1.341463E+04	9.155827E-18	5.006507E-18
1.341523E+04	9.059859E-18	4.976423E-18
1.341583E+04	9.022375E-18	5.063400E-18
1.341643E+04	8.909382E-18	5.074491E-18
1.341703E+04	8.935537E-18	5.076554E-18
1.341763E+04	8.859935E-18	5.078608E-18
1.341883E+04	8.812043E-18	5.134300E-18
1.341943E+04	8.761965E-18	5.124068E-18
1.342003E+04	8.694386E-18	5.121053E-18
1.342063E+04	8.673672E-18	5.117001E-18
1.342183E+04	8.636079E-18	5.152841E-18
1.342243E+04	8.587313E-18	5.153007E-18
1.342303E+04	8.610231E-18	5.237483E-18
1.342363E+04	8.555349E-18	5.250882E-18
1.342423E+04	8.448678E-18	5.223449E-18
1.342483E+04	8.411175E-18	5.210797E-18
1.342543E+04	8.392012E-18	5.204287E-18
1.342603E+04	8.351749E-18	5.204667E-18
1.342663E+04	8.324673E-18	5.249640E-18
1.342723E+04	8.335000E-18	5.201612E-18
1.342783E+04	8.294495E-18	5.183143E-18
1.342843E+04	8.334795E-18	5.189474E-18
1.342903E+04	8.305079E-18	5.184342E-18
1.342963E+04	8.403771E-18	5.212299E-18
1.343023E+04	8.461460E-18	5.273097E-18
1.343083E+04	8.441456E-18	5.235461E-18
1.343143E+04	8.397471E-18	5.267391E-18
1.343203E+04	8.406842E-18	5.250685E-18
1.343263E+04	8.353863E-18	5.271071E-18
1.343323E+04	8.333136E-18	5.271540E-18
1.343383E+04	8.342626E-18	5.284064E-18
1.343443E+04	8.363389E-18	5.290287E-18
1.343503E+04	8.378156E-18	5.285948E-18
1.343563E+04	8.384650E-18	5.291377E-18
1.343623E+04	8.386107E-18	5.288329E-18
1.343683E+04	8.376771E-18	5.305412E-18
1.343743E+04	8.447304E-18	5.312455E-18
1.343803E+04	8.605982E-18	5.341139E-18
1.343863E+04	8.563071E-18	5.330667E-18
1.343923E+04	8.560454E-18	5.333936E-18
1.343983E+04	8.536489E-18	5.294826E-18
1.344043E+04	8.708252E-18	5.309284E-18
1.344103E+04	8.670616E-18	5.230118E-18
1.344163E+04	8.737803E-18	5.192510E-18
1.344223E+04	8.766733E-18	5.050765E-18
1.344283E+04	8.991644E-18	5.065446E-18
1.344343E+04	8.947174E-18	5.068988E-18
1.344403E+04	8.961955E-18	4.991560E-18
1.344463E+04	9.112035E-18	5.042043E-18
1.344523E+04	9.274834E-18	5.037291E-18
1.344643E+04	9.386455E-18	5.042171E-18
1.344703E+04	9.480413E-18	5.071866E-18
1.344763E+04	9.558181E-18	5.023575E-18
1.344824E+04	9.627797E-18	5.025518E-18
1.344884E+04	9.686496E-18	5.010918E-18
1.344944E+04	9.749515E-18	4.927632E-18
1.345004E+04	9.806898E-18	4.938879E-18
1.345064E+04	9.832733E-18	4.949126E-18
1.345124E+04	9.800624E-18	4.927311E-18
1.345184E+04	9.762275E-18	4.918492E-18
1.345244E+04	9.718767E-18	4.903926E-18
1.345304E+04	9.587796E-18	4.846034E-18
1.345364E+04	9.444103E-18	4.789900E-18
1.345424E+04	9.325122E-18	4.765286E-18
1.345484E+04	9.239370E-18	4.734247E-18
1.345544E+04	9.150976E-18	4.705826E-18
1.345604E+04	9.060660E-18	4.692726E-18
1.345664E+04	9.024094E-18	4.777664E-18
1.345724E+04	8.968329E-18	4.740315E-18
1.345784E+04	8.895763E-18	4.711266E-18
1.345844E+04	8.854153E-18	4.692746E-18
1.345904E+04	8.797542E-18	4.676237E-18
1.345964E+04	8.833326E-18	4.692882E-18
1.346024E+04	8.880151E-18	4.652071E-18
1.346084E+04	8.861097E-18	4.702571E-18
1.346144E+04	8.912124E-18	4.864039E-18
1.346204E+04	8.969992E-18	4.861843E-18
1.346264E+04	8.997022E-18	4.853715E-18
1.346324E+04	8.978089E-18	4.940038E-18
1.346384E+04	8.932874E-18	4.934991E-18
1.346504E+04	8.937609E-18	4.944831E-18
1.346564E+04	8.932116E-18	4.890223E-18
1.346624E+04	8.971269E-18	4.919850E-18
1.346684E+04	8.987859E-18	4.913259E-18
1.346744E+04	8.998689E-18	4.914643E-18
1.346804E+04	9.000638E-18	4.888282E-18
1.346864E+04	9.003907E-18	4.889879E-18
1.346924E+04	9.010418E-18	4.814772E-18
1.346984E+04	9.017648E-18	4.786897E-18
1.347044E+04	9.031480E-18	4.855630E-18
1.347104E+04	9.032109E-18	4.845050E-18
1.347164E+04	9.080032E-18	4.925795E-18
1.347224E+04	9.153285E-18	4.935397E-18
1.347284E+04	9.206133E-18	4.995144E-18
1.347344E+04	9.251060E-18	5.081365E-18
1.347404E+04	9.311234E-18	5.094939E-18
1.347524E+04	9.346355E-18	5.139145E-18
1.347704E+04	9.394239E-18	5.289141E-18
1.347764E+04	9.413242E-18	5.695546E-18
1.347824E+04	9.454457E-18	5.629690E-18
1.347884E+04	9.456174E-18	5.608295E-18
1.347944E+04	9.469777E-18	5.750101E-18
1.348004E+04	9.495026E-18	6.200872E-18
1.348064E+04	9.526760E-18	6.298490E-18
1.348184E+04	9.569939E-18	6.326932E-18
1.348244E+04	9.601556E-18	6.344595E-18
1.348304E+04	9.709900E-18	6.377531E-18
1.348424E+04	9.710460E-18	6.414759E-18
1.348484E+04	9.776904E-18	6.514477E-18
1.348544E+04	9.818733E-18	6.502753E-18
1.348604E+04	9.895628E-18	6.501844E-18
1.348664E+04	9.994261E-18	6.678492E-18
1.348724E+04	1.002241E-17	6.762207E-18
1.348784E+04	1.014062E-17	6.777126E-18
1.348844E+04	1.033293E-17	6.854978E-18
1.348905E+04	1.056080E-17	6.937737E-18
1.348965E+04	1.087322E-17	7.000858E-18
1.349145E+04	1.124211E-17	7.156243E-18
1.349205E+04	1.172486E-17	7.403760E-18
1.349325E+04	1.223762E-17	7.507162E-18
1.349385E+04	1.267982E-17	7.596817E-18
1.349445E+04	1.305598E-17	7.675570E-18
1.349505E+04	1.336969E-17	7.748955E-18
1.349565E+04	1.362335E-17	7.789410E-18
1.349625E+04	1.370405E-17	7.812245E-18
1.349684E+04	1.367305E-17	7.813892E-18
1.349744E+04	1.360961E-17	7.920286E-18
1.349804E+04	1.351494E-17	7.928499E-18
1.349864E+04	1.339143E-17	7.995565E-18
1.349924E+04	1.318984E-17	7.954137E-18
1.349984E+04	1.295221E-17	7.912158E-18
1.350044E+04	1.273739E-17	7.940473E-18
1.350104E+04	1.254779E-17	7.930882E-18
1.350224E+04	1.239924E-17	7.901193E-18
1.350284E+04	1.220362E-17	7.869287E-18
1.350344E+04	1.203082E-17	7.888563E-18
1.350404E+04	1.187567E-17	7.877607E-18
1.350524E+04	1.172540E-17	7.961868E-18
1.350584E+04	1.161566E-17	8.011118E-18
1.350644E+04	1.153102E-17	7.998930E-18
1.350704E+04	1.138439E-17	8.048140E-18
1.350884E+04	1.123728E-17	8.021981E-18
1.350944E+04	1.108450E-17	8.000714E-18
1.351004E+04	1.102016E-17	8.030856E-18
1.351064E+04	1.103128E-17	8.039986E-18
1.351124E+04	1.104119E-17	8.040446E-18
1.351244E+04	1.102413E-17	8.047458E-18
1.351304E+04	1.101795E-17	8.064183E-18
1.351364E+04	1.105418E-17	8.112177E-18
1.351424E+04	1.104367E-17	8.137699E-18
1.351484E+04	1.100515E-17	8.021446E-18
1.351544E+04	1.099656E-17	8.240304E-18
1.351604E+04	1.096093E-17	8.330929E-18
1.351664E+04	1.091123E-17	8.312087E-18
1.351724E+04	1.089916E-17	8.334817E-18
1.351844E+04	1.083317E-17	8.718191E-18
1.351904E+04	1.075583E-17	8.758963E-18
1.351964E+04	1.069795E-17	8.741578E-18
1.352024E+04	1.062553E-17	8.733804E-18
1.352084E+04	1.059722E-17	9.457453E-18
1.352144E+04	1.061530E-17	9.600274E-18
1.352204E+04	1.069565E-17	9.609310E-18
1.352264E+04	1.075257E-17	9.820662E-18
1.352444E+04	1.084230E-17	1.007821E-17
1.352504E+04	1.093167E-17	1.024797E-17
1.352564E+04	1.098931E-17	1.039485E-17
1.352624E+04	1.104828E-17	1.047801E-17
1.352684E+04	1.111939E-17	1.059004E-17
1.352744E+04	1.130964E-17	1.063322E-17
1.352804E+04	1.140733E-17	1.064124E-17
1.352864E+04	1.150779E-17	1.069115E-17
1.352924E+04	1.167256E-17	1.074038E-17
1.352984E+04	1.173287E-17	1.072625E-17
1.353105E+04	1.181682E-17	1.058427E-17
1.353165E+04	1.187569E-17	1.060310E-17
1.353225E+04	1.198891E-17	1.068593E-17
1.353285E+04	1.241691E-17	1.079557E-17
1.353345E+04	1.281511E-17	1.070270E-17
1.353405E+04	1.316162E-17	1.070562E-17
1.353465E+04	1.345042E-17	1.078285E-17
1.353525E+04	1.371879E-17	1.088224E-17
1.353585E+04	1.394749E-17	1.091388E-17
1.353645E+04	1.413290E-17	1.094845E-17
1.353705E+04	1.429668E-17	1.100223E-17
1.353765E+04	1.440394E-17	1.105540E-17
1.353825E+04	1.444506E-17	1.115409E-17
1.353885E+04	1.450663E-17	1.106826E-17
1.354005E+04	1.458528E-17	1.102698E-17
1.354065E+04	1.459875E-17	1.102568E-17
1.354245E+04	1.453814E-17	1.098934E-17
1.354365E+04	1.448691E-17	1.095603E-17
1.354425E+04	1.450398E-17	1.095636E-17
1.354485E+04	1.450663E-17	1.090743E-17
1.354545E+04	1.448041E-17	1.079962E-17
1.354665E+04	1.459516E-17	1.082956E-17
1.354785E+04	1.466661E-17	1.086632E-17
1.354845E+04	1.468129E-17	1.089907E-17
1.354905E+04	1.465146E-17	1.093261E-17
1.354965E+04	1.466373E-17	1.098695E-17
1.355025E+04	1.477825E-17	1.105415E-17
1.355085E+04	1.487834E-17	1.111631E-17
1.355205E+04	1.501478E-17	1.107447E-17
1.355385E+04	1.507447E-17	1.110940E-17
1.355445E+04	1.516134E-17	1.110448E-17
1.355505E+04	1.527228E-17	1.115993E-17
1.355565E+04	1.541089E-17	1.121732E-17
1.355745E+04	1.548505E-17	1.122682E-17
1.355805E+04	1.553585E-17	1.125584E-17
1.355865E+04	1.562755E-17	1.130316E-17
1.355985E+04	1.571951E-17	1.134864E-17
1.356045E+04	1.581243E-17	1.135142E-17
1.356105E+04	1.590294E-17	1.141138E-17
1.356225E+04	1.599011E-17	1.137893E-17
1.356345E+04	1.615069E-17	1.139216E-17
1.356405E+04	1.629777E-17	1.150394E-17
1.356465E+04	1.638709E-17	1.159488E-17
1.356525E+04	1.652696E-17	1.173088E-17
1.356585E+04	1.669813E-17	1.186701E-17
1.356645E+04	1.682959E-17	1.202269E-17
1.356705E+04	1.695864E-17	1.219734E-17
1.356765E+04	1.709974E-17	1.221978E-17
1.357005E+04	1.727058E-17	1.242131E-17
1.357126E+04	1.742643E-17	1.248306E-17
1.357186E+04	1.756754E-17	1.264143E-17
1.357246E+04	1.772191E-17	1.268991E-17
1.357306E+04	1.791600E-17	1.277509E-17
1.357366E+04	1.814621E-17	1.275006E-17
1.357426E+04	1.838605E-17	1.275250E-17
1.357486E+04	1.862711E-17	1.282043E-17
1.357546E+04	1.886938E-17	1.307931E-17
1.357606E+04	1.909962E-17	1.331499E-17
1.357666E+04	1.934793E-17	1.430090E-17
1.357786E+04	1.957851E-17	1.636318E-17
1.357846E+04	1.981118E-17	1.879247E-17
1.357906E+04	2.007155E-17	2.037412E-17
1.357966E+04	2.032230E-17	2.187909E-17
1.358026E+04	2.058028E-17	2.315178E-17
1.358086E+04	2.081781E-17	2.412633E-17
1.358386E+04	2.107359E-17	2.442264E-17
1.358446E+04	2.132078E-17	2.448703E-17
1.358506E+04	2.155593E-17	2.452971E-17
1.358566E+04	2.182842E-17	2.455237E-17
1.358626E+04	2.206479E-17	2.455551E-17
1.358686E+04	2.228552E-17	2.455042E-17
1.358806E+04	2.234768E-17	2.455179E-17
1.358866E+04	2.245763E-17	2.457976E-17
1.358926E+04	2.257602E-17	2.460982E-17
1.358986E+04	2.268839E-17	2.464385E-17
1.359106E+04	2.281078E-17	2.467923E-17
1.359166E+04	2.294363E-17	2.471668E-17
1.359226E+04	2.298375E-17	2.472699E-17
1.359406E+04	2.306559E-17	2.472062E-17
1.359526E+04	2.314465E-17	2.472972E-17
1.359646E+04	2.324057E-17	2.475894E-17
1.359706E+04	2.329034E-17	2.483195E-17
1.359766E+04	2.336540E-17	2.486664E-17
1.359826E+04	2.351516E-17	2.496544E-17
1.359886E+04	2.361673E-17	2.498711E-17
1.359946E+04	2.364483E-17	2.495853E-17
1.360006E+04	2.381025E-17	2.496001E-17
1.360066E+04	2.395761E-17	2.493342E-17
1.360126E+04	2.419291E-17	2.496011E-17
1.360186E+04	2.437642E-17	2.498113E-17
1.360306E+04	2.454950E-17	2.500132E-17
1.360366E+04	2.454870E-17	2.501054E-17
1.360426E+04	2.463103E-17	2.503040E-17
1.360486E+04	2.472662E-17	2.505181E-17
1.360546E+04	2.470293E-17	2.509924E-17
1.360606E+04	2.472503E-17	2.515420E-17
1.360726E+04	2.469452E-17	2.520907E-17
1.360786E+04	2.474072E-17	2.526226E-17
1.360846E+04	2.479173E-17	2.530351E-17
1.360906E+04	2.484998E-17	2.533537E-17
1.360966E+04	2.487690E-17	2.535343E-17
1.361026E+04	2.496166E-17	2.537470E-17
1.361387E+04	2.500512E-17	2.538332E-17
1.361627E+04	2.513693E-17	2.540276E-17
1.361687E+04	2.517351E-17	2.540833E-17
1.361747E+04	2.518477E-17	2.540872E-17
1.361807E+04	2.519121E-17	2.542330E-17
1.361987E+04	2.511051E-17	2.549530E-17
1.362047E+04	2.510490E-17	2.555052E-17
1.362107E+04	2.511014E-17	2.557293E-17
1.362167E+04	2.518890E-17	2.556399E-17
1.362227E+04	2.521222E-17	2.557483E-17
1.362287E+04	2.513188E-17	2.554544E-17
1.362347E+04	2.499488E-17	2.553347E-17
1.362707E+04	2.483342E-17	2.551886E-17
1.362827E+04	2.479807E-17	2.553582E-17
1.362887E+04	2.483224E-17	2.548872E-17
1.362947E+04	2.470607E-17	2.603419E-17
1.363007E+04	2.463776E-17	2.644845E-17
1.363067E+04	2.457427E-17	2.678406E-17
1.363127E+04	2.449751E-17	2.697789E-17
1.363187E+04	2.452927E-17	2.711912E-17
1.363247E+04	2.445010E-17	2.733036E-17
1.363427E+04	2.437053E-17	2.732757E-17
1.363487E+04	2.433235E-17	2.738941E-17
1.363547E+04	2.422062E-17	2.722764E-17
1.363607E+04	2.409561E-17	2.712540E-17
1.363667E+04	2.393202E-17	2.699162E-17
1.364086E+04	2.380817E-17	2.678083E-17
1.364147E+04	2.364817E-17	2.673709E-17
1.364206E+04	2.354485E-17	2.677284E-17
1.364866E+04	2.345988E-17	2.680532E-17
1.364926E+04	2.331311E-17	2.673780E-17
1.365046E+04	2.326563E-17	2.650668E-17
1.365106E+04	2.308628E-17	2.563990E-17
1.365226E+04	2.298933E-17	2.417003E-17
1.365347E+04	2.288756E-17	2.276063E-17
1.365407E+04	2.275523E-17	2.139983E-17
1.365467E+04	2.262894E-17	2.012956E-17
1.365647E+04	2.248528E-17	1.886396E-17
1.365707E+04	2.235777E-17	1.831145E-17
1.365767E+04	2.223749E-17	1.810363E-17
1.365827E+04	2.201947E-17	1.793795E-17
1.365887E+04	2.191004E-17	1.783590E-17
1.365947E+04	2.183680E-17	1.777845E-17
1.366007E+04	2.171891E-17	1.777285E-17
1.366187E+04	2.160898E-17	1.776534E-17
1.366247E+04	2.153935E-17	1.775788E-17
1.366307E+04	2.145162E-17	1.774792E-17
1.366367E+04	2.134216E-17	1.774050E-17
1.366427E+04	2.123150E-17	1.773741E-17
1.366487E+04	2.108342E-17	1.773148E-17
1.366547E+04	2.097154E-17	1.772955E-17
1.366607E+04	2.080293E-17	1.771560E-17
1.366787E+04	2.060242E-17	1.769776E-17
1.366907E+04	2.049569E-17	1.769035E-17
1.366967E+04	2.043810E-17	1.763061E-17
1.367147E+04	2.030997E-17	1.759388E-17
1.367207E+04	2.026082E-17	1.753638E-17
1.367267E+04	2.020925E-17	1.754519E-17
1.367387E+04	2.014836E-17	1.755402E-17
1.367447E+04	2.007748E-17	1.756592E-17
1.367927E+04	2.002219E-17	1.758182E-17
1.368107E+04	1.998456E-17	1.759395E-17
1.368167E+04	1.997523E-17	1.760510E-17
1.368227E+04	1.998160E-17	1.761496E-17
1.368527E+04	1.992288E-17	1.761124E-17
1.368647E+04	1.964582E-17	1.757346E-17
1.368707E+04	1.963770E-17	1.757030E-17
1.368767E+04	1.959214E-17	1.752545E-17
1.368827E+04	1.953691E-17	1.747490E-17
1.368887E+04	1.923414E-17	1.738155E-17
1.369007E+04	1.914300E-17	1.732208E-17
1.369067E+04	1.924596E-17	1.729949E-17
1.369187E+04	1.947002E-17	1.730725E-17
1.369247E+04	1.945464E-17	1.731320E-17
1.369307E+04	1.967115E-17	1.737369E-17
1.369367E+04	1.976085E-17	1.743676E-17
1.369427E+04	1.968146E-17	1.749244E-17
1.369488E+04	1.950908E-17	1.755205E-17
1.369548E+04	1.925456E-17	1.761749E-17
1.369608E+04	1.898071E-17	1.767012E-17
1.369668E+04	1.868873E-17	1.766724E-17
1.369728E+04	1.832910E-17	1.770104E-17
1.369968E+04	1.795948E-17	1.772055E-17
1.370028E+04	1.758773E-17	1.770865E-17
1.370148E+04	1.717156E-17	1.761080E-17
1.370268E+04	1.675295E-17	1.756489E-17
1.370328E+04	1.633645E-17	1.745590E-17
1.370448E+04	1.591778E-17	1.733839E-17
1.370508E+04	1.550004E-17	1.719161E-17
1.370568E+04	1.517410E-17	1.717923E-17
1.370628E+04	1.486990E-17	1.622741E-17
1.370808E+04	1.456013E-17	1.533381E-17
1.370868E+04	1.425469E-17	1.443821E-17
1.371168E+04	1.398279E-17	1.369274E-17
1.371228E+04	1.374015E-17	1.294916E-17
1.371288E+04	1.346970E-17	1.221078E-17
1.371348E+04	1.324274E-17	1.156916E-17
1.371408E+04	1.309433E-17	1.097703E-17
1.371468E+04	1.300754E-17	1.086398E-17
1.371528E+04	1.295458E-17	1.087118E-17
1.371588E+04	1.284483E-17	1.111544E-17
1.371708E+04	1.272924E-17	1.122661E-17
1.372008E+04	1.261910E-17	1.128155E-17
1.372068E+04	1.250328E-17	1.125592E-17
1.372128E+04	1.223880E-17	1.120727E-17
1.372188E+04	1.195399E-17	1.112557E-17
1.372248E+04	1.166737E-17	1.102572E-17
1.372308E+04	1.141470E-17	1.090530E-17
1.372368E+04	1.118801E-17	1.089681E-17
1.372428E+04	1.097497E-17	1.085420E-17
1.372608E+04	1.091012E-17	1.079667E-17
1.372728E+04	1.087978E-17	1.064085E-17
1.372788E+04	1.087356E-17	1.052752E-17
1.372848E+04	1.076143E-17	1.053545E-17
1.372908E+04	1.055307E-17	1.049295E-17
1.372968E+04	1.032669E-17	1.065095E-17
1.373028E+04	1.019061E-17	1.062054E-17
1.373208E+04	1.004991E-17	1.058333E-17
1.373268E+04	9.913698E-18	1.052992E-17
1.373388E+04	9.771477E-18	1.047491E-17
1.373448E+04	9.643355E-18	1.039222E-17
1.373508E+04	9.507973E-18	1.033534E-17
1.373569E+04	9.432805E-18	1.025815E-17
1.373629E+04	9.418693E-18	1.015761E-17
1.373689E+04	9.395875E-18	1.007894E-17
1.373749E+04	9.350928E-18	1.004581E-17
1.373809E+04	9.348060E-18	9.965272E-18
1.373869E+04	9.359340E-18	9.861688E-18
1.373929E+04	9.409196E-18	9.800108E-18
1.373989E+04	9.493759E-18	9.703127E-18
1.374049E+04	9.613879E-18	9.768431E-18
1.374109E+04	9.765686E-18	9.732925E-18
1.374169E+04	9.949546E-18	9.641268E-18
1.374229E+04	1.016909E-17	9.630848E-18
1.374469E+04	1.031284E-17	9.521152E-18
1.374649E+04	1.059456E-17	9.459037E-18
1.374709E+04	1.084450E-17	9.376827E-18
1.374769E+04	1.117766E-17	9.397951E-18
1.374829E+04	1.148737E-17	9.408462E-18
1.374889E+04	1.176915E-17	9.384136E-18
1.375009E+04	1.213727E-17	9.410940E-18
1.375069E+04	1.242899E-17	9.523576E-18
1.375129E+04	1.265056E-17	9.638282E-18
1.375189E+04	1.281045E-17	9.720200E-18
1.375249E+04	1.290502E-17	9.798435E-18
1.375309E+04	1.292338E-17	9.829073E-18
1.375369E+04	1.277963E-17	9.818185E-18
1.375429E+04	1.253548E-17	9.801097E-18
1.375489E+04	1.228405E-17	9.754317E-18
1.375549E+04	1.202657E-17	9.751658E-18
1.375669E+04	1.176395E-17	9.725175E-18
1.375729E+04	1.149580E-17	9.668273E-18
1.375849E+04	1.135160E-17	9.590971E-18
1.375909E+04	1.129141E-17	9.480448E-18
1.375969E+04	1.122227E-17	9.319424E-18
1.376029E+04	1.116825E-17	9.018387E-18
1.376089E+04	1.113105E-17	8.637052E-18
1.376149E+04	1.116366E-17	8.465226E-18
1.376209E+04	1.122108E-17	8.538573E-18
1.376269E+04	1.130585E-17	8.646963E-18
1.376329E+04	1.139485E-17	8.747549E-18
1.376389E+04	1.148822E-17	8.826610E-18
1.376449E+04	1.158570E-17	8.930440E-18
1.376509E+04	1.168754E-17	8.925820E-18
1.376569E+04	1.179580E-17	9.070245E-18
1.376629E+04	1.190854E-17	9.124539E-18
1.376689E+04	1.205505E-17	9.287374E-18
1.376749E+04	1.218183E-17	9.348402E-18
1.376809E+04	1.238051E-17	9.428601E-18
1.377109E+04	1.251952E-17	9.484497E-18
1.377169E+04	1.267707E-17	9.530245E-18
1.377229E+04	1.284310E-17	9.546638E-18
1.377349E+04	1.287620E-17	9.528536E-18
1.377409E+04	1.294662E-17	9.425682E-18
1.377469E+04	1.306667E-17	9.304446E-18
1.377529E+04	1.316493E-17	8.883236E-18
1.377589E+04	1.325473E-17	8.655448E-18
1.377649E+04	1.333121E-17	8.564796E-18
1.377710E+04	1.342585E-17	8.597945E-18
1.377770E+04	1.349750E-17	8.691806E-18
1.377830E+04	1.362725E-17	8.712882E-18
1.377890E+04	1.379090E-17	8.743134E-18
1.377950E+04	1.396788E-17	8.774789E-18
1.378010E+04	1.416181E-17	8.891863E-18
1.378070E+04	1.436301E-17	8.988788E-18
1.378130E+04	1.457148E-17	9.808225E-18
1.378190E+04	1.478481E-17	1.188301E-17
1.378250E+04	1.501024E-17	1.345722E-17
1.378310E+04	1.523931E-17	1.465787E-17
1.378370E+04	1.546840E-17	1.554678E-17
1.378430E+04	1.570233E-17	1.612023E-17
1.378550E+04	1.593775E-17	1.655041E-17
1.378609E+04	1.617533E-17	1.673794E-17
1.378909E+04	1.643702E-17	1.688869E-17
1.378969E+04	1.670733E-17	1.701701E-17
1.379029E+04	1.698976E-17	1.706122E-17
1.379089E+04	1.707602E-17	1.706309E-17
1.379149E+04	1.722526E-17	1.707216E-17
1.379209E+04	1.749924E-17	1.710141E-17
1.379269E+04	1.764970E-17	1.711102E-17
1.379509E+04	1.787614E-17	1.710855E-17
1.379569E+04	1.810291E-17	1.714005E-17
1.379629E+04	1.844113E-17	1.720222E-17
1.379689E+04	1.863522E-17	1.721686E-17
1.379749E+04	1.851683E-17	1.724326E-17
1.379809E+04	1.835847E-17	1.714403E-17
1.379869E+04	1.818194E-17	1.706979E-17
1.379989E+04	1.804445E-17	1.706494E-17
1.380229E+04	1.786394E-17	1.694774E-17
1.380469E+04	1.770522E-17	1.693179E-17
1.380529E+04	1.750562E-17	1.690175E-17
1.380649E+04	1.736688E-17	1.690185E-17
1.380709E+04	1.731265E-17	1.701867E-17
1.381069E+04	1.730831E-17	1.716606E-17
1.381189E+04	1.725073E-17	1.736420E-17
1.381249E+04	1.714681E-17	1.759882E-17
1.381309E+04	1.713255E-17	1.784504E-17
1.381369E+04	1.712072E-17	1.807358E-17
1.381429E+04	1.705556E-17	1.804729E-17
1.381489E+04	1.703282E-17	1.802781E-17
1.381549E+04	1.700039E-17	1.803489E-17
1.381609E+04	1.722728E-17	1.806380E-17
1.381790E+04	1.732630E-17	1.807035E-17
1.381850E+04	1.748050E-17	1.808487E-17
1.381910E+04	1.763956E-17	1.818715E-17
1.381970E+04	1.782891E-17	1.835578E-17
1.382090E+04	1.799070E-17	1.856972E-17
1.382150E+04	1.817885E-17	1.855493E-17
1.382330E+04	1.834702E-17	1.854081E-17
1.382570E+04	1.849612E-17	1.856491E-17
1.382690E+04	1.862523E-17	1.851118E-17
1.382750E+04	1.873585E-17	1.845770E-17
1.383230E+04	1.883047E-17	1.840591E-17
1.383290E+04	1.849980E-17	1.832285E-17
1.383350E+04	1.819579E-17	1.824547E-17
1.383710E+04	1.791145E-17	1.820692E-17
1.383770E+04	1.764619E-17	1.812536E-17
1.383830E+04	1.740761E-17	1.798953E-17
1.383890E+04	1.718357E-17	1.790817E-17
1.383950E+04	1.697407E-17	1.779862E-17
1.384010E+04	1.677670E-17	1.775024E-17
1.384130E+04	1.659657E-17	1.763033E-17
1.384190E+04	1.642706E-17	1.756667E-17
1.384310E+04	1.627238E-17	1.750711E-17
1.384370E+04	1.612955E-17	1.745214E-17
1.384430E+04	1.596245E-17	1.740166E-17
1.384490E+04	1.573592E-17	1.736376E-17
1.384550E+04	1.553486E-17	1.733676E-17
1.384850E+04	1.541607E-17	1.732118E-17
1.385390E+04	1.542322E-17	1.731770E-17
1.385450E+04	1.529488E-17	1.729824E-17
1.385570E+04	1.521896E-17	1.728997E-17
1.385690E+04	1.507874E-17	1.727548E-17
1.385750E+04	1.497344E-17	1.731888E-17
1.385810E+04	1.486571E-17	1.716581E-17
1.385870E+04	1.475312E-17	1.718074E-17
1.385931E+04	1.462598E-17	1.719441E-17
1.385991E+04	1.454007E-17	1.720977E-17
1.386051E+04	1.443233E-17	1.708690E-17
1.386111E+04	1.435006E-17	1.699553E-17
1.386171E+04	1.423139E-17	1.677153E-17
1.386231E+04	1.414790E-17	1.573173E-17
1.386411E+04	1.406124E-17	1.471011E-17
1.386471E+04	1.390979E-17	1.370229E-17
1.386531E+04	1.375834E-17	1.284247E-17
1.386591E+04	1.359839E-17	1.202325E-17
1.386651E+04	1.342872E-17	1.147056E-17
1.386711E+04	1.324812E-17	1.122095E-17
1.386771E+04	1.305660E-17	1.102486E-17
1.386831E+04	1.283595E-17	1.084335E-17
1.386891E+04	1.259951E-17	1.079453E-17
1.386951E+04	1.239826E-17	1.075622E-17
1.387011E+04	1.235842E-17	1.074379E-17
1.387071E+04	1.227852E-17	1.073558E-17
1.387131E+04	1.219377E-17	1.072334E-17
1.387191E+04	1.211908E-17	1.070736E-17
1.387251E+04	1.200422E-17	1.068033E-17
1.387311E+04	1.190939E-17	1.064832E-17
1.387371E+04	1.195231E-17	1.062413E-17
1.387431E+04	1.189461E-17	1.056141E-17
1.387491E+04	1.187672E-17	1.047816E-17
1.387551E+04	1.184159E-17	1.043379E-17
1.387611E+04	1.185454E-17	1.040550E-17
1.387671E+04	1.184356E-17	1.041564E-17
1.387791E+04	1.183716E-17	1.045744E-17
1.387851E+04	1.181927E-17	1.045290E-17
1.388031E+04	1.187582E-17	1.049169E-17
1.388091E+04	1.181932E-17	1.027058E-17
1.388331E+04	1.175357E-17	9.991152E-18
1.388391E+04	1.161742E-17	9.584727E-18
1.388451E+04	1.151090E-17	9.037651E-18
1.388511E+04	1.143326E-17	8.377038E-18
1.388571E+04	1.141973E-17	7.657489E-18
1.388631E+04	1.139381E-17	7.695317E-18
1.388691E+04	1.140262E-17	7.696756E-18
1.388811E+04	1.143275E-17	7.701375E-18
1.388871E+04	1.146900E-17	7.712717E-18
1.388991E+04	1.154624E-17	7.726402E-18
1.389051E+04	1.160630E-17	7.737823E-18
1.389111E+04	1.165968E-17	7.270843E-18
1.389171E+04	1.168465E-17	6.489529E-18
1.389231E+04	1.171933E-17	5.322127E-18
1.389291E+04	1.170191E-17	5.041777E-18
1.389351E+04	1.171279E-17	5.069210E-18
1.389411E+04	1.160502E-17	5.009077E-18
1.389471E+04	1.157036E-17	5.018100E-18
1.389531E+04	1.159278E-17	5.069447E-18
1.389591E+04	1.158483E-17	5.119895E-18
1.389651E+04	1.159219E-17	5.110117E-18
1.389771E+04	1.158504E-17	5.088189E-18
1.389831E+04	1.163017E-17	5.022739E-18
1.389891E+04	1.160182E-17	5.024992E-18
1.389951E+04	1.159120E-17	5.005216E-18
1.390012E+04	1.164897E-17	5.014327E-18
1.390072E+04	1.173747E-17	5.020327E-18
1.390132E+04	1.180362E-17	5.083167E-18
1.390312E+04	1.184830E-17	5.132904E-18
1.390372E+04	1.177513E-17	5.141768E-18
1.390432E+04	1.180630E-17	5.138687E-18
1.390492E+04	1.169898E-17	5.171313E-18
1.390552E+04	1.164002E-17	5.237111E-18
1.390792E+04	1.167845E-17	5.261390E-18
1.390972E+04	1.159848E-17	5.343931E-18
1.391032E+04	1.167460E-17	5.376027E-18
1.391152E+04	1.168009E-17	5.499728E-18
1.391212E+04	1.162780E-17	5.477640E-18
1.391272E+04	1.181243E-17	5.501214E-18
1.391332E+04	1.182320E-17	5.566951E-18
1.391392E+04	1.180857E-17	5.552310E-18
1.391452E+04	1.178373E-17	5.582585E-18
1.391512E+04	1.186376E-17	5.596470E-18
1.391572E+04	1.194380E-17	5.594482E-18
1.391632E+04	1.200111E-17	5.753814E-18
1.391692E+04	1.205271E-17	5.809751E-18
1.391752E+04	1.205303E-17	5.931908E-18
1.391812E+04	1.203767E-17	6.920191E-18
1.391932E+04	1.207429E-17	7.844212E-18
1.392052E+04	1.205269E-17	8.722014E-18
1.392292E+04	1.209724E-17	9.593543E-18
1.392352E+04	1.212843E-17	1.045259E-17
1.392472E+04	1.221051E-17	1.131164E-17
1.392592E+04	1.227777E-17	1.293201E-17
1.392652E+04	1.253323E-17	1.444600E-17
1.392712E+04	1.274008E-17	1.585626E-17
1.392772E+04	1.293113E-17	1.718936E-17
1.392832E+04	1.311490E-17	1.846268E-17
1.392892E+04	1.329259E-17	1.968796E-17
1.392952E+04	1.346421E-17	1.970932E-17
1.393011E+04	1.363341E-17	1.972708E-17
1.393072E+04	1.378559E-17	1.973659E-17
1.393132E+04	1.392684E-17	1.974301E-17
1.393191E+04	1.408389E-17	1.974368E-17
1.393251E+04	1.421421E-17	1.974002E-17
1.393311E+04	1.438465E-17	1.973730E-17
1.393371E+04	1.451376E-17	1.972906E-17
1.393431E+04	1.465624E-17	1.973969E-17
1.393491E+04	1.482670E-17	1.973860E-17
1.393551E+04	1.500931E-17	1.975163E-17
1.393611E+04	1.517248E-17	1.972557E-17
1.393671E+04	1.536484E-17	1.970103E-17
1.393731E+04	1.557787E-17	1.984169E-17
1.393851E+04	1.575591E-17	1.991389E-17
1.393911E+04	1.590452E-17	1.992239E-17
1.393971E+04	1.606164E-17	1.997629E-17
1.394031E+04	1.616770E-17	2.002105E-17
1.394091E+04	1.632726E-17	2.002962E-17
1.394152E+04	1.650750E-17	2.010455E-17
1.394212E+04	1.666221E-17	2.012111E-17
1.394272E+04	1.697988E-17	2.009906E-17
1.394332E+04	1.715893E-17	2.013111E-17
1.394392E+04	1.737689E-17	2.017512E-17
1.394452E+04	1.767148E-17	2.019056E-17
1.394512E+04	1.803905E-17	2.023915E-17
1.394572E+04	1.839811E-17	2.026895E-17
1.394632E+04	1.848963E-17	2.031307E-17
1.394692E+04	1.839994E-17	2.030550E-17
1.394752E+04	1.829686E-17	2.029318E-17
1.394812E+04	1.818162E-17	2.031804E-17
1.395412E+04	1.807271E-17	2.033969E-17
1.395472E+04	1.795136E-17	2.035839E-17
1.395532E+04	1.785677E-17	2.038093E-17
1.395592E+04	1.781205E-17	2.040831E-17
1.395652E+04	1.776733E-17	2.043571E-17
1.395712E+04	1.765814E-17	2.043373E-17
1.395772E+04	1.761828E-17	2.045118E-17
1.395832E+04	1.757356E-17	2.045652E-17
1.395952E+04	1.752426E-17	2.045933E-17
1.396012E+04	1.752333E-17	2.049563E-17
1.396192E+04	1.753393E-17	2.051595E-17
1.396252E+04	1.755490E-17	2.052047E-17
1.396312E+04	1.758926E-17	2.055191E-17
1.396372E+04	1.763457E-17	2.058554E-17
1.396492E+04	1.769478E-17	2.054729E-17
1.396552E+04	1.777660E-17	2.059720E-17
1.396612E+04	1.787302E-17	2.056922E-17
1.396672E+04	1.795971E-17	2.053225E-17
1.396732E+04	1.804276E-17	2.053109E-17
1.396792E+04	1.812215E-17	2.048423E-17
1.396852E+04	1.819790E-17	2.048362E-17
1.396912E+04	1.826270E-17	2.042152E-17
1.396972E+04	1.828125E-17	2.044214E-17
1.397032E+04	1.821097E-17	2.046109E-17
1.397152E+04	1.811908E-17	2.047821E-17
1.397212E+04	1.799402E-17	2.048619E-17
1.397272E+04	1.783244E-17	2.045118E-17
1.397332E+04	1.764166E-17	2.045200E-17
1.397392E+04	1.743747E-17	2.042845E-17
1.397452E+04	1.737934E-17	2.032517E-17
1.397512E+04	1.735650E-17	2.027422E-17
1.397572E+04	1.735557E-17	2.017863E-17
1.397632E+04	1.734125E-17	1.998616E-17
1.397692E+04	1.731597E-17	1.975899E-17
1.397752E+04	1.729556E-17	1.949172E-17
1.397812E+04	1.712787E-17	1.916268E-17
1.397872E+04	1.691148E-17	1.877316E-17
1.397932E+04	1.665491E-17	1.831474E-17
1.397992E+04	1.648841E-17	1.725210E-17
1.398052E+04	1.642538E-17	1.601555E-17
1.398112E+04	1.639400E-17	1.454381E-17
1.398172E+04	1.628593E-17	1.273572E-17
1.398233E+04	1.619124E-17	1.042226E-17
1.398293E+04	1.610507E-17	7.102120E-18
1.398413E+04	1.603986E-17	7.085534E-18
1.398473E+04	1.600482E-17	7.076897E-18
1.398533E+04	1.599291E-17	7.076636E-18
1.398593E+04	1.595056E-17	7.069963E-18
1.398653E+04	1.578889E-17	7.035121E-18
1.398713E+04	1.564913E-17	7.006344E-18
1.398773E+04	1.560434E-17	7.000921E-18
1.398833E+04	1.553641E-17	6.990938E-18
1.398893E+04	1.546848E-17	6.974880E-18
1.398953E+04	1.536889E-17	6.919740E-18
1.399013E+04	1.533261E-17	6.872676E-18
1.399073E+04	1.527198E-17	6.805484E-18
1.399133E+04	1.521987E-17	6.826794E-18
1.399193E+04	1.519334E-17	6.712868E-18
1.399313E+04	1.509276E-17	6.598670E-18
1.399493E+04	1.497660E-17	6.791291E-18
1.399553E+04	1.486480E-17	6.429125E-18
1.399613E+04	1.478954E-17	6.439210E-18
1.399673E+04	1.465217E-17	7.063369E-18
1.399733E+04	1.450991E-17	6.962908E-18
1.399793E+04	1.446387E-17	6.942274E-18
1.400033E+04	1.430161E-17	6.916971E-18
1.400093E+04	1.415812E-17	6.957299E-18
1.400153E+04	1.407553E-17	6.969673E-18
1.400273E+04	1.400169E-17	6.988019E-18
1.400393E+04	1.390227E-17	6.967994E-18
1.400453E+04	1.382941E-17	6.953719E-18
1.400753E+04	1.374649E-17	6.903564E-18
1.400873E+04	1.367384E-17	6.903497E-18
1.400933E+04	1.355589E-17	6.900902E-18
1.400993E+04	1.343185E-17	6.857800E-18
1.401113E+04	1.332630E-17	6.860075E-18
1.401233E+04	1.322804E-17	6.825562E-18
1.401533E+04	1.310728E-17	6.794392E-18
1.401593E+04	1.295518E-17	7.442374E-18
1.401653E+04	1.283233E-17	7.739263E-18
1.401713E+04	1.273749E-17	7.949326E-18
1.401773E+04	1.272917E-17	8.127925E-18
1.401833E+04	1.271110E-17	8.260673E-18
1.401953E+04	1.257869E-17	8.337545E-18
1.402013E+04	1.248506E-17	8.387799E-18
1.402193E+04	1.239549E-17	8.377558E-18
1.402253E+04	1.226529E-17	8.342734E-18
1.402313E+04	1.219846E-17	8.214442E-18
1.402374E+04	1.202864E-17	8.157368E-18
1.402434E+04	1.198423E-17	8.155635E-18
1.402494E+04	1.193239E-17	8.040579E-18
1.402554E+04	1.183617E-17	8.020511E-18
1.402614E+04	1.175568E-17	7.978049E-18
1.402674E+04	1.164435E-17	7.931448E-18
1.402734E+04	1.157104E-17	7.888116E-18
1.402794E+04	1.150455E-17	7.842554E-18
1.402854E+04	1.138236E-17	7.810869E-18
1.402914E+04	1.130892E-17	7.751802E-18
1.402974E+04	1.121123E-17	7.701762E-18
1.403034E+04	1.106355E-17	7.633946E-18
1.403094E+04	1.093317E-17	7.703026E-18
1.403154E+04	1.085253E-17	7.641937E-18
1.403214E+04	1.079444E-17	7.576656E-18
1.403274E+04	1.074415E-17	7.549971E-18
1.403334E+04	1.074688E-17	7.535417E-18
1.403394E+04	1.067489E-17	7.564324E-18
1.403454E+04	1.062971E-17	7.583217E-18
1.403514E+04	1.064366E-17	7.608498E-18
1.403574E+04	1.060665E-17	7.621798E-18
1.403634E+04	1.054599E-17	7.625872E-18
1.403694E+04	1.051714E-17	7.635179E-18
1.403754E+04	1.048940E-17	7.643484E-18
1.403814E+04	1.044458E-17	7.648869E-18
1.403874E+04	1.040171E-17	7.654153E-18
1.404114E+04	1.035776E-17	7.656091E-18
1.404234E+04	1.031164E-17	7.647777E-18
1.404354E+04	1.026625E-17	7.637731E-18
1.404474E+04	1.022147E-17	7.625383E-18
1.404534E+04	1.017700E-17	7.610341E-18
1.404594E+04	1.018717E-17	7.626617E-18
1.404654E+04	1.018941E-17	7.613365E-18
1.404714E+04	1.021543E-17	7.623593E-18
1.404894E+04	1.025216E-17	7.654897E-18
1.404954E+04	1.024050E-17	7.684268E-18
1.405014E+04	1.027786E-17	7.720467E-18
1.405074E+04	1.029974E-17	7.753359E-18
1.405134E+04	1.037407E-17	7.792208E-18
1.405194E+04	1.040156E-17	7.822059E-18
1.405374E+04	1.051892E-17	7.802272E-18
1.405434E+04	1.061168E-17	7.827999E-18
1.405494E+04	1.074920E-17	7.845516E-18
1.405554E+04	1.088027E-17	7.881974E-18
1.405794E+04	1.100687E-17	7.915077E-18
1.405854E+04	1.115101E-17	7.948508E-18
1.405914E+04	1.131271E-17	7.904370E-18
1.405974E+04	1.152663E-17	7.927903E-18
1.406034E+04	1.167151E-17	7.846083E-18
1.406094E+04	1.175747E-17	7.496869E-18
1.406154E+04	1.188345E-17	7.510182E-18
1.406214E+04	1.202871E-17	7.540422E-18
1.406274E+04	1.230684E-17	7.613389E-18
1.406334E+04	1.254373E-17	7.667766E-18
1.406394E+04	1.274282E-17	7.714630E-18
1.406455E+04	1.303342E-17	7.784598E-18
1.406515E+04	1.331915E-17	7.852229E-18
1.406635E+04	1.364172E-17	7.902267E-18
1.406755E+04	1.370439E-17	7.893263E-18
1.406875E+04	1.370850E-17	7.899330E-18
1.406995E+04	1.368455E-17	7.826960E-18
1.407055E+04	1.365914E-17	7.794828E-18
1.407115E+04	1.358614E-17	7.701667E-18
1.407295E+04	1.352091E-17	7.687484E-18
1.407535E+04	1.326793E-17	7.606531E-18
1.407594E+04	1.300696E-17	7.047707E-18
1.407655E+04	1.271303E-17	6.718760E-18
1.407715E+04	1.238979E-17	6.432148E-18
1.407774E+04	1.202724E-17	6.151565E-18
1.407834E+04	1.162281E-17	5.878549E-18
1.407894E+04	1.162910E-17	5.710943E-18
1.407954E+04	1.163552E-17	5.570639E-18
1.408014E+04	1.163754E-17	5.503047E-18
1.408074E+04	1.164518E-17	5.481607E-18
1.408134E+04	1.164207E-17	5.479918E-18
1.408194E+04	1.163469E-17	5.493712E-18
1.408254E+04	1.162255E-17	5.476773E-18
1.408314E+04	1.165290E-17	5.475735E-18
1.408374E+04	1.157484E-17	5.438502E-18
1.408434E+04	1.146979E-17	5.448163E-18
1.408494E+04	1.134692E-17	5.432918E-18
1.408554E+04	1.125555E-17	5.416795E-18
1.408674E+04	1.125115E-17	5.421369E-18
1.408734E+04	1.125256E-17	5.464897E-18
1.408794E+04	1.129804E-17	5.459760E-18
1.408854E+04	1.127930E-17	5.455619E-18
1.408914E+04	1.112381E-17	5.419825E-18
1.408974E+04	1.107906E-17	5.337369E-18
1.409034E+04	1.097619E-17	5.314381E-18
1.409154E+04	1.094676E-17	5.296626E-18
1.409274E+04	1.098350E-17	5.369476E-18
1.409334E+04	1.091298E-17	5.403624E-18
1.409394E+04	1.093575E-17	5.447073E-18
1.409514E+04	1.100950E-17	5.444611E-18
1.409634E+04	1.103294E-17	5.378902E-18
1.409754E+04	1.102707E-17	5.318623E-18
1.409814E+04	1.094469E-17	5.248794E-18
1.409934E+04	1.088972E-17	5.185585E-18
1.410054E+04	1.085454E-17	5.154591E-18
1.410174E+04	1.080238E-17	5.088007E-18
1.410234E+04	1.070741E-17	5.010779E-18
1.410474E+04	1.063164E-17	4.943413E-18
1.410534E+04	1.059126E-17	4.906768E-18
1.410595E+04	1.056163E-17	4.846201E-18
1.410655E+04	1.054153E-17	4.788063E-18
1.410715E+04	1.050811E-17	4.713265E-18
1.410775E+04	1.043230E-17	4.696656E-18
1.410835E+04	1.036442E-17	5.088573E-18
1.410895E+04	1.033588E-17	5.432741E-18
1.410955E+04	1.029391E-17	5.413264E-18
1.411015E+04	1.024631E-17	5.409745E-18
1.411075E+04	1.021337E-17	5.417313E-18
1.411135E+04	1.017811E-17	5.405854E-18
1.411195E+04	1.021260E-17	5.472436E-18
1.411255E+04	1.018772E-17	5.572081E-18
1.411315E+04	1.009785E-17	5.666850E-18
1.411375E+04	1.011585E-17	5.756431E-18
1.411435E+04	1.012102E-17	5.806729E-18
1.411495E+04	1.011972E-17	5.840586E-18
1.411555E+04	1.010510E-17	5.859974E-18
1.411615E+04	1.010368E-17	5.866243E-18
1.411675E+04	1.010446E-17	5.864522E-18
1.411735E+04	1.010877E-17	5.860113E-18
1.411795E+04	1.011823E-17	5.857355E-18
1.411855E+04	1.013085E-17	5.858414E-18
1.411915E+04	1.014532E-17	5.864557E-18
1.411975E+04	1.016393E-17	5.876712E-18
1.412035E+04	1.018695E-17	5.864757E-18
1.412215E+04	1.021397E-17	5.847566E-18
1.412335E+04	1.022799E-17	5.826678E-18
1.412395E+04	1.023976E-17	5.819501E-18
1.412455E+04	1.024922E-17	5.807002E-18
1.412515E+04	1.025219E-17	5.796912E-18
1.412575E+04	1.024845E-17	5.872070E-18
1.412635E+04	1.024116E-17	5.865145E-18
1.412695E+04	1.021432E-17	5.879180E-18
1.412755E+04	1.019163E-17	5.868510E-18
1.412815E+04	1.016772E-17	5.857111E-18
1.412875E+04	1.014625E-17	5.847474E-18
1.412935E+04	1.018076E-17	5.847326E-18
1.412995E+04	1.022945E-17	5.849930E-18
1.413175E+04	1.028007E-17	5.852947E-18
1.413415E+04	1.036643E-17	5.861936E-18
1.413475E+04	1.047870E-17	5.875678E-18
1.413535E+04	1.059684E-17	5.890540E-18
1.413595E+04	1.066559E-17	5.895970E-18
1.413655E+04	1.073765E-17	5.908929E-18
1.413715E+04	1.082548E-17	5.925289E-18
1.413775E+04	1.086735E-17	5.914770E-18
1.413835E+04	1.094736E-17	5.876717E-18
1.413895E+04	1.102248E-17	5.830216E-18
1.414075E+04	1.106642E-17	5.918389E-18
1.414135E+04	1.114522E-17	5.951750E-18
1.414195E+04	1.120507E-17	5.956950E-18
1.414315E+04	1.128980E-17	5.912482E-18
1.414375E+04	1.136054E-17	5.914259E-18
1.414435E+04	1.141123E-17	5.924946E-18
1.414555E+04	1.142480E-17	5.930126E-18
1.414676E+04	1.146614E-17	5.860604E-18
1.414736E+04	1.151170E-17	5.902994E-18
1.414856E+04	1.148859E-17	5.882939E-18
1.414916E+04	1.156411E-17	5.896926E-18
1.414976E+04	1.166825E-17	5.872229E-18
1.415036E+04	1.159262E-17	5.955764E-18
1.415156E+04	1.170331E-17	5.981580E-18
1.415216E+04	1.175474E-17	5.962362E-18
1.415336E+04	1.177017E-17	5.969058E-18
1.415396E+04	1.181292E-17	5.955741E-18
1.415456E+04	1.183134E-17	5.955946E-18
1.415516E+04	1.184352E-17	5.959340E-18
1.415576E+04	1.181998E-17	5.949652E-18
1.415636E+04	1.188733E-17	5.974312E-18
1.415696E+04	1.197938E-17	6.000905E-18
1.415756E+04	1.199120E-17	6.008235E-18
1.415816E+04	1.209231E-17	6.047565E-18
1.415876E+04	1.218425E-17	6.058602E-18
1.415936E+04	1.234041E-17	6.136146E-18
1.415996E+04	1.245560E-17	6.155129E-18
1.416056E+04	1.257936E-17	6.315979E-18
1.416116E+04	1.250739E-17	6.325299E-18
1.416176E+04	1.247701E-17	6.342321E-18
1.416236E+04	1.245764E-17	6.354076E-18
1.416296E+04	1.243215E-17	6.097885E-18
1.416356E+04	1.241767E-17	5.830466E-18
1.416416E+04	1.234079E-17	5.805010E-18
1.416476E+04	1.225657E-17	5.775539E-18
1.416536E+04	1.225310E-17	5.758510E-18
1.416596E+04	1.229490E-17	5.765982E-18
1.416656E+04	1.227308E-17	5.720052E-18
1.416716E+04	1.228306E-17	5.612214E-18
1.416776E+04	1.230773E-17	5.538992E-18
1.416836E+04	1.235443E-17	5.679717E-18
1.416896E+04	1.243539E-17	5.651940E-18
1.416956E+04	1.241968E-17	5.642610E-18
1.417016E+04	1.236237E-17	5.662112E-18
1.417076E+04	1.235033E-17	5.647476E-18
1.417136E+04	1.238724E-17	5.724711E-18
1.417196E+04	1.235196E-17	5.733300E-18
1.417256E+04	1.235093E-17	5.746375E-18
1.417316E+04	1.245515E-17	5.779092E-18
1.417376E+04	1.251654E-17	5.782827E-18
1.417436E+04	1.259017E-17	5.782678E-18
1.417496E+04	1.262586E-17	5.806678E-18
1.417556E+04	1.264565E-17	5.824542E-18
1.417616E+04	1.268012E-17	5.984045E-18
1.417676E+04	1.266809E-17	5.978941E-18
1.417736E+04	1.270379E-17	6.109224E-18
1.417796E+04	1.271623E-17	6.404282E-18
1.417856E+04	1.266381E-17	6.564140E-18
1.417916E+04	1.264198E-17	6.622098E-18
1.417976E+04	1.253815E-17	6.581045E-18
1.418036E+04	1.252734E-17	6.583046E-18
1.418096E+04	1.249205E-17	6.628767E-18
1.418156E+04	1.242615E-17	6.686088E-18
1.418216E+04	1.235414E-17	6.713839E-18
1.418276E+04	1.226253E-17	6.705429E-18
1.418336E+04	1.216517E-17	6.688645E-18
1.418396E+04	1.207454E-17	6.681587E-18
1.418576E+04	1.195149E-17	6.680141E-18
1.418636E+04	1.182963E-17	6.661350E-18
1.418696E+04	1.173299E-17	6.667317E-18
1.418877E+04	1.165239E-17	6.673147E-18
1.418937E+04	1.162981E-17	6.667759E-18
1.418997E+04	1.154675E-17	6.655937E-18
1.419177E+04	1.147397E-17	6.656739E-18
1.419237E+04	1.151113E-17	6.667964E-18
1.419297E+04	1.149871E-17	6.611504E-18
1.419357E+04	1.148530E-17	6.593528E-18
1.419417E+04	1.150459E-17	6.605385E-18
1.419477E+04	1.148224E-17	6.654632E-18
1.419597E+04	1.143915E-17	6.648100E-18
1.419657E+04	1.137480E-17	6.637531E-18
1.419717E+04	1.129857E-17	6.615192E-18
1.419777E+04	1.123483E-17	6.610658E-18
1.419837E+04	1.115946E-17	6.565617E-18
1.419957E+04	1.106761E-17	6.551641E-18
1.420017E+04	1.100129E-17	6.543530E-18
1.420077E+04	1.095211E-17	6.539613E-18
1.420137E+04	1.098229E-17	6.457825E-18
1.420197E+04	1.099509E-17	6.468034E-18
1.420257E+04	1.098902E-17	6.461694E-18
1.420317E+04	1.096654E-17	6.387274E-18
1.420377E+04	1.095300E-17	6.325281E-18
1.420497E+04	1.091159E-17	6.336437E-18
1.420557E+04	1.090796E-17	6.357954E-18
1.420617E+04	1.090361E-17	6.370701E-18
1.420677E+04	1.087476E-17	6.380643E-18
1.420737E+04	1.081638E-17	6.393730E-18
1.420797E+04	1.077957E-17	6.422685E-18
1.420857E+04	1.076467E-17	6.453450E-18
1.420917E+04	1.072969E-17	6.502402E-18
1.420977E+04	1.069434E-17	6.540461E-18
1.421037E+04	1.067528E-17	6.616486E-18
1.421097E+04	1.066369E-17	6.511455E-18
1.421157E+04	1.063434E-17	6.473670E-18
1.421217E+04	1.060414E-17	6.443024E-18
1.421277E+04	1.057184E-17	6.445673E-18
1.421337E+04	1.056515E-17	6.512527E-18
1.421397E+04	1.053617E-17	6.598100E-18
1.421457E+04	1.047533E-17	6.590088E-18
1.421517E+04	1.046814E-17	6.591295E-18
1.421577E+04	1.039027E-17	6.602702E-18
1.421637E+04	1.029806E-17	6.584354E-18
1.421697E+04	1.032543E-17	6.607087E-18
1.421757E+04	1.030464E-17	6.617777E-18
1.421817E+04	1.025237E-17	6.589268E-18
1.421877E+04	1.019397E-17	6.453610E-18
1.421937E+04	1.023359E-17	6.488460E-18
1.421997E+04	1.032258E-17	6.472994E-18
1.422057E+04	1.029824E-17	6.419266E-18
1.422117E+04	1.024633E-17	6.411965E-18
1.422177E+04	1.021317E-17	6.364547E-18
1.422237E+04	1.012670E-17	6.330084E-18
1.422297E+04	1.009047E-17	6.316795E-18
1.422357E+04	1.013315E-17	6.313478E-18
1.422416E+04	1.006041E-17	6.303773E-18
1.422536E+04	9.972252E-18	6.285474E-18
1.422596E+04	9.936383E-18	6.265323E-18
1.422656E+04	9.909460E-18	6.293264E-18
1.422716E+04	9.846015E-18	6.153148E-18
1.422776E+04	9.878650E-18	6.162747E-18
1.422836E+04	9.958960E-18	6.097974E-18
1.422897E+04	9.973217E-18	5.798897E-18
1.422957E+04	9.968598E-18	5.501726E-18
1.423017E+04	9.971945E-18	5.513851E-18
1.423077E+04	9.954702E-18	5.510764E-18
1.423137E+04	9.966750E-18	5.515361E-18
1.423197E+04	9.962498E-18	5.470241E-18
1.423317E+04	1.001761E-17	5.370571E-18
1.423377E+04	1.007060E-17	5.346015E-18
1.423437E+04	1.008768E-17	5.370740E-18
1.423497E+04	1.009409E-17	5.381203E-18
1.423557E+04	1.010541E-17	5.359346E-18
1.423617E+04	1.017532E-17	5.326546E-18
1.423677E+04	1.019362E-17	5.316300E-18
1.423857E+04	1.022513E-17	5.313689E-18
1.423917E+04	1.016535E-17	5.291219E-18
1.424037E+04	1.010290E-17	5.292315E-18
1.424097E+04	1.015284E-17	5.359097E-18
1.424157E+04	1.017041E-17	5.449332E-18
1.424217E+04	1.018382E-17	5.451567E-18
1.424277E+04	1.024332E-17	5.539309E-18
1.424337E+04	1.024128E-17	5.539252E-18
1.424397E+04	1.034897E-17	5.559565E-18
1.424457E+04	1.033602E-17	5.521801E-18
1.424517E+04	1.032515E-17	5.567151E-18
1.424577E+04	1.033022E-17	5.598809E-18
1.424637E+04	1.033725E-17	5.614409E-18
1.424697E+04	1.030541E-17	5.707180E-18
1.424757E+04	1.024500E-17	5.754338E-18
1.424817E+04	1.022678E-17	5.784583E-18
1.424877E+04	1.019641E-17	5.780303E-18
1.424937E+04	1.017830E-17	5.774934E-18
1.424997E+04	1.017233E-17	5.944017E-18
1.425057E+04	1.014772E-17	5.991993E-18
1.425117E+04	1.010190E-17	5.975402E-18
1.425177E+04	1.006159E-17	5.967098E-18
1.425237E+04	9.976892E-18	5.965067E-18
1.425297E+04	9.999618E-18	5.965137E-18
1.425357E+04	1.003694E-17	5.951868E-18
1.425417E+04	1.004188E-17	5.916563E-18
1.425477E+04	1.001052E-17	5.870656E-18
1.425537E+04	9.977938E-18	5.811586E-18
1.425597E+04	1.004126E-17	5.790157E-18
1.425657E+04	1.004056E-17	5.781333E-18
1.425717E+04	1.001190E-17	5.764446E-18
1.425777E+04	1.002298E-17	5.680495E-18
1.425837E+04	9.993211E-18	5.540170E-18
1.425897E+04	9.953630E-18	5.524856E-18
1.425957E+04	9.957715E-18	5.528264E-18
1.426017E+04	9.944014E-18	5.523265E-18
1.426077E+04	9.934115E-18	5.513970E-18
1.426137E+04	9.881897E-18	5.480206E-18
1.426197E+04	9.874818E-18	5.417289E-18
1.426257E+04	9.873136E-18	5.557696E-18
1.426437E+04	9.874837E-18	5.605520E-18
1.426497E+04	9.901248E-18	5.591683E-18
1.426557E+04	9.915882E-18	5.699187E-18
1.426617E+04	9.907576E-18	5.757142E-18
1.426677E+04	9.895712E-18	5.830822E-18
1.426737E+04	9.922615E-18	5.840734E-18
1.426797E+04	9.955040E-18	5.795809E-18
1.426857E+04	9.915449E-18	5.843724E-18
1.426917E+04	1.001670E-17	5.868617E-18
1.426977E+04	1.009404E-17	5.870732E-18
1.427038E+04	1.011015E-17	5.886027E-18
1.427098E+04	1.009632E-17	5.910201E-18
1.427158E+04	1.008593E-17	5.928678E-18
1.427218E+04	1.013530E-17	5.976568E-18
1.427278E+04	1.021816E-17	6.084286E-18
1.427338E+04	1.018728E-17	6.111135E-18
1.427398E+04	1.024781E-17	6.134963E-18
1.427458E+04	1.028970E-17	6.225257E-18
1.427518E+04	1.030250E-17	6.212427E-18
1.427578E+04	1.031739E-17	6.228235E-18
1.427638E+04	1.027731E-17	6.201100E-18
1.427698E+04	1.026949E-17	6.165665E-18
1.427758E+04	1.024867E-17	6.174012E-18
1.427818E+04	1.024368E-17	6.178531E-18
1.427878E+04	1.025428E-17	6.094179E-18
1.427938E+04	1.023260E-17	6.088845E-18
1.427998E+04	1.024491E-17	6.107688E-18
1.428058E+04	1.024409E-17	6.065346E-18
1.428118E+04	1.025690E-17	6.069385E-18
1.428178E+04	1.026762E-17	6.066050E-18
1.428238E+04	1.033761E-17	6.063494E-18
1.428298E+04	1.031691E-17	6.052531E-18
1.428418E+04	1.038831E-17	6.073897E-18
1.428478E+04	1.048004E-17	6.090002E-18
1.428538E+04	1.056232E-17	6.103911E-18
1.428598E+04	1.061662E-17	6.111379E-18
1.428658E+04	1.064588E-17	6.124400E-18
1.428718E+04	1.069957E-17	6.125391E-18
1.428778E+04	1.069753E-17	6.111551E-18
1.428838E+04	1.071133E-17	6.053048E-18
1.428898E+04	1.074636E-17	6.088796E-18
1.428958E+04	1.081073E-17	6.066495E-18
1.429018E+04	1.082993E-17	6.067028E-18
1.429078E+04	1.083563E-17	6.107864E-18
1.429138E+04	1.086563E-17	6.127007E-18
1.429318E+04	1.078267E-17	6.126515E-18
1.429378E+04	1.076541E-17	6.147633E-18
1.429438E+04	1.088663E-17	6.267335E-18
1.429498E+04	1.092953E-17	6.176508E-18
1.429558E+04	1.099355E-17	6.143609E-18
1.429618E+04	1.106088E-17	6.133329E-18
1.429678E+04	1.119624E-17	6.158359E-18
1.429738E+04	1.120980E-17	6.182705E-18
1.429798E+04	1.125099E-17	6.081114E-18
1.429858E+04	1.129378E-17	6.155276E-18
1.429918E+04	1.135400E-17	6.203311E-18
1.429978E+04	1.145978E-17	6.235325E-18
1.430038E+04	1.155107E-17	6.230890E-18
1.430098E+04	1.154647E-17	6.215715E-18
1.430158E+04	1.155328E-17	6.211411E-18
1.430218E+04	1.153971E-17	6.224080E-18
1.430278E+04	1.140678E-17	6.197916E-18
1.430338E+04	1.129718E-17	6.180383E-18
1.430398E+04	1.123313E-17	6.143740E-18
1.430458E+04	1.123638E-17	6.114432E-18
1.430518E+04	1.127291E-17	6.020921E-18
1.430578E+04	1.124963E-17	5.964149E-18
1.430638E+04	1.118951E-17	5.957127E-18
1.430698E+04	1.118011E-17	5.954271E-18
1.430758E+04	1.119638E-17	5.957322E-18
1.430818E+04	1.118477E-17	5.955319E-18
1.430878E+04	1.114748E-17	5.948598E-18
1.430938E+04	1.109645E-17	5.936512E-18
1.430998E+04	1.105523E-17	5.944680E-18
1.431058E+04	1.105934E-17	5.850395E-18
1.431119E+04	1.106234E-17	5.825093E-18
1.431179E+04	1.103070E-17	5.814987E-18
1.431239E+04	1.101577E-17	5.733738E-18
1.431299E+04	1.101189E-17	5.673633E-18
1.431359E+04	1.099979E-17	5.566102E-18
1.431419E+04	1.099627E-17	5.582100E-18
1.431479E+04	1.095972E-17	5.597659E-18
1.431599E+04	1.094938E-17	5.536560E-18
1.431659E+04	1.099931E-17	5.589836E-18
1.431719E+04	1.102331E-17	5.662062E-18
1.431779E+04	1.100740E-17	5.750174E-18
1.431839E+04	1.099320E-17	5.824000E-18
1.431899E+04	1.100467E-17	5.820161E-18
1.431959E+04	1.100411E-17	5.785170E-18
1.432019E+04	1.101448E-17	5.686726E-18
1.432079E+04	1.101466E-17	5.640448E-18
1.432139E+04	1.104579E-17	5.626435E-18
1.432439E+04	1.104421E-17	5.536342E-18
1.432499E+04	1.106098E-17	5.521024E-18
1.432559E+04	1.107528E-17	5.637798E-18
1.432619E+04	1.107386E-17	5.657854E-18
1.432679E+04	1.111397E-17	5.809819E-18
1.432739E+04	1.110075E-17	5.817113E-18
1.432799E+04	1.110584E-17	5.934408E-18
1.432859E+04	1.115456E-17	5.932014E-18
1.432919E+04	1.121298E-17	5.968096E-18
1.432979E+04	1.125740E-17	5.983499E-18
1.433039E+04	1.134262E-17	6.183084E-18
1.433099E+04	1.146569E-17	6.201483E-18
1.433159E+04	1.156099E-17	6.222937E-18
1.433219E+04	1.165297E-17	6.265388E-18
1.433279E+04	1.173095E-17	6.288976E-18
1.433339E+04	1.178423E-17	6.322027E-18
1.433399E+04	1.180396E-17	6.327472E-18
1.433459E+04	1.184089E-17	6.337565E-18
1.433519E+04	1.183715E-17	6.337966E-18
1.433579E+04	1.182566E-17	6.409056E-18
1.433639E+04	1.180741E-17	6.409649E-18
1.433699E+04	1.183451E-17	6.370785E-18
1.433759E+04	1.184884E-17	6.326866E-18
1.433819E+04	1.184927E-17	6.310612E-18
1.433879E+04	1.190170E-17	6.296670E-18
1.433939E+04	1.191676E-17	6.299582E-18
1.433999E+04	1.189359E-17	6.275642E-18
1.434059E+04	1.189857E-17	6.291721E-18
1.434119E+04	1.185574E-17	6.233149E-18
1.434179E+04	1.180688E-17	6.257307E-18
1.434359E+04	1.179748E-17	6.384485E-18
1.434419E+04	1.175464E-17	6.514713E-18
1.434479E+04	1.175335E-17	6.500736E-18
1.434539E+04	1.179005E-17	6.549248E-18
1.434599E+04	1.180216E-17	6.570545E-18
1.434659E+04	1.181981E-17	6.554556E-18
1.434719E+04	1.182909E-17	6.662281E-18
1.434779E+04	1.179116E-17	6.585422E-18
1.434839E+04	1.180131E-17	6.597407E-18
1.434899E+04	1.176621E-17	6.590286E-18
1.434959E+04	1.168931E-17	6.563380E-18
1.435019E+04	1.167031E-17	6.571659E-18
1.435079E+04	1.168242E-17	6.560298E-18
1.435139E+04	1.165494E-17	6.570202E-18
1.435200E+04	1.164234E-17	6.610593E-18
1.435260E+04	1.164129E-17	6.605565E-18
1.435320E+04	1.167763E-17	6.593596E-18
1.435380E+04	1.166220E-17	6.569852E-18
1.435440E+04	1.163730E-17	6.582805E-18
1.435500E+04	1.165765E-17	6.607545E-18
1.435620E+04	1.170585E-17	6.627945E-18
1.435680E+04	1.174748E-17	6.636551E-18
1.435740E+04	1.174766E-17	6.645372E-18
1.435800E+04	1.174526E-17	6.687876E-18
1.435860E+04	1.175430E-17	6.690038E-18
1.435920E+04	1.176334E-17	6.704749E-18
1.435980E+04	1.176205E-17	6.674993E-18
1.436040E+04	1.175191E-17	6.673131E-18
1.436100E+04	1.173586E-17	6.688278E-18
1.436160E+04	1.170542E-17	6.681299E-18
1.436220E+04	1.173992E-17	6.746468E-18
1.436280E+04	1.179016E-17	6.775535E-18
1.436340E+04	1.178076E-17	6.763992E-18
1.436400E+04	1.171071E-17	6.761912E-18
1.436460E+04	1.169490E-17	6.735588E-18
1.436520E+04	1.167811E-17	6.705112E-18
1.436640E+04	1.166803E-17	6.668019E-18
1.436700E+04	1.162171E-17	6.640768E-18
1.436760E+04	1.154785E-17	6.647281E-18
1.436820E+04	1.156254E-17	6.602604E-18
1.436880E+04	1.158979E-17	6.643370E-18
1.436940E+04	1.161457E-17	6.646453E-18
1.437000E+04	1.156875E-17	6.761472E-18
1.437179E+04	1.156991E-17	6.898948E-18
1.437239E+04	1.156468E-17	6.898021E-18
1.437359E+04	1.148667E-17	6.904733E-18
1.437419E+04	1.143752E-17	6.887995E-18
1.437479E+04	1.143794E-17	6.797401E-18
1.437539E+04	1.141918E-17	6.838569E-18
1.437779E+04	1.138864E-17	6.731030E-18
1.437839E+04	1.136409E-17	6.747283E-18
1.437899E+04	1.134643E-17	6.685664E-18
1.437959E+04	1.133258E-17	6.700275E-18
1.438019E+04	1.135527E-17	6.743475E-18
1.438079E+04	1.136628E-17	6.737812E-18
1.438139E+04	1.134615E-17	6.568371E-18
1.438199E+04	1.140380E-17	6.576096E-18
1.438259E+04	1.132399E-17	6.573492E-18
1.438319E+04	1.127778E-17	6.553894E-18
1.438379E+04	1.122885E-17	6.535896E-18
1.438439E+04	1.118916E-17	6.544607E-18
1.438499E+04	1.116066E-17	6.537390E-18
1.438559E+04	1.113745E-17	6.532433E-18
1.438619E+04	1.113073E-17	6.530408E-18
1.438679E+04	1.114235E-17	6.452636E-18
1.438739E+04	1.115077E-17	6.451681E-18
1.438799E+04	1.118442E-17	6.458408E-18
1.438859E+04	1.120355E-17	6.464568E-18
1.438919E+04	1.117899E-17	6.458907E-18
1.438979E+04	1.123000E-17	6.474421E-18
1.439039E+04	1.129713E-17	6.485678E-18
1.439099E+04	1.125878E-17	6.473380E-18
1.439159E+04	1.123077E-17	6.447694E-18
1.439219E+04	1.122541E-17	6.460674E-18
1.439279E+04	1.116281E-17	6.385224E-18
1.439340E+04	1.111683E-17	6.130682E-18
1.439400E+04	1.111393E-17	5.973115E-18
1.439460E+04	1.111176E-17	5.961809E-18
1.439520E+04	1.113520E-17	5.927771E-18
1.439580E+04	1.117021E-17	5.911400E-18
1.439640E+04	1.121039E-17	5.919249E-18
1.439700E+04	1.128529E-17	5.757902E-18
1.439760E+04	1.133681E-17	5.724990E-18
1.439820E+04	1.137207E-17	5.682152E-18
1.439880E+04	1.130380E-17	5.648557E-18
1.439940E+04	1.124328E-17	5.634442E-18
1.440000E+04	1.121859E-17	5.609194E-18
1.440060E+04	1.120436E-17	5.619520E-18
1.440120E+04	1.119801E-17	5.588702E-18
1.440180E+04	1.124042E-17	5.614358E-18
1.440240E+04	1.120821E-17	5.639440E-18
1.440300E+04	1.115827E-17	5.608072E-18
1.440360E+04	1.114651E-17	5.608610E-18
1.440420E+04	1.115567E-17	5.579781E-18
1.440480E+04	1.116434E-17	5.585817E-18
1.440540E+04	1.115528E-17	5.678708E-18
1.440600E+04	1.116050E-17	5.699350E-18
1.440660E+04	1.118530E-17	5.691876E-18
1.440720E+04	1.120149E-17	5.656695E-18
1.440780E+04	1.119587E-17	5.653867E-18
1.440840E+04	1.119839E-17	5.631659E-18
1.440900E+04	1.118292E-17	5.614142E-18
1.440960E+04	1.117559E-17	5.618624E-18
1.441020E+04	1.112207E-17	5.595545E-18
1.441080E+04	1.112064E-17	5.601022E-18
1.441140E+04	1.118276E-17	5.553820E-18
1.441200E+04	1.116126E-17	5.519997E-18
1.441260E+04	1.122843E-17	5.535209E-18
1.441320E+04	1.124351E-17	5.515167E-18
1.441380E+04	1.124516E-17	5.550614E-18
1.441440E+04	1.128684E-17	5.552740E-18
1.441500E+04	1.127409E-17	5.541566E-18
1.441560E+04	1.129532E-17	5.499561E-18
1.441620E+04	1.124599E-17	5.344934E-18
1.441680E+04	1.118593E-17	5.263797E-18
1.441740E+04	1.118894E-17	5.193828E-18
1.441800E+04	1.121510E-17	5.203140E-18
1.441860E+04	1.119261E-17	5.053514E-18
1.441920E+04	1.120622E-17	4.889863E-18
1.441980E+04	1.122598E-17	4.932195E-18
1.442040E+04	1.118193E-17	4.911968E-18
1.442100E+04	1.124468E-17	4.925012E-18
1.442160E+04	1.128686E-17	4.929740E-18
1.442220E+04	1.132670E-17	4.851294E-18
1.442280E+04	1.136088E-17	4.826369E-18
1.442340E+04	1.139801E-17	4.772238E-18
1.442400E+04	1.144266E-17	4.731948E-18
1.442460E+04	1.144752E-17	4.712130E-18
1.442520E+04	1.147899E-17	4.645063E-18
1.442580E+04	1.152216E-17	4.638390E-18
1.442640E+04	1.158443E-17	4.645688E-18
1.442700E+04	1.161147E-17	4.661834E-18
1.442760E+04	1.164406E-17	4.652728E-18
1.442880E+04	1.169395E-17	4.644455E-18
1.442940E+04	1.167577E-17	4.687386E-18
1.443000E+04	1.165439E-17	4.666193E-18
1.443060E+04	1.168636E-17	4.709565E-18
1.443120E+04	1.170342E-17	4.741476E-18
1.443180E+04	1.173379E-17	4.772883E-18
1.443240E+04	1.175591E-17	4.796454E-18
1.443300E+04	1.182571E-17	4.826070E-18
1.443360E+04	1.184179E-17	4.837037E-18
1.443421E+04	1.185886E-17	4.837449E-18
1.443481E+04	1.186545E-17	4.830951E-18
1.443541E+04	1.189570E-17	4.826549E-18
1.443601E+04	1.192213E-17	4.816667E-18
1.443661E+04	1.191542E-17	4.794588E-18
1.443721E+04	1.191770E-17	4.777447E-18
1.443781E+04	1.192096E-17	4.778711E-18
1.443841E+04	1.190932E-17	4.744241E-18
1.443901E+04	1.189866E-17	4.747458E-18
1.443961E+04	1.186877E-17	4.735098E-18
1.444021E+04	1.183815E-17	4.764388E-18
1.444081E+04	1.175551E-17	4.736940E-18
1.444141E+04	1.171909E-17	4.760210E-18
1.444201E+04	1.175316E-17	4.793173E-18
1.444261E+04	1.172426E-17	4.807203E-18
1.444321E+04	1.176561E-17	4.830166E-18
1.444381E+04	1.176604E-17	4.824362E-18
1.444441E+04	1.173750E-17	4.818334E-18
1.444501E+04	1.178230E-17	4.833686E-18
1.444561E+04	1.187739E-17	4.858633E-18
1.444621E+04	1.193403E-17	4.852625E-18
1.444681E+04	1.203751E-17	4.871813E-18
1.444741E+04	1.202143E-17	4.788214E-18
1.444801E+04	1.198180E-17	4.727474E-18
1.444861E+04	1.198889E-17	4.731396E-18
1.444921E+04	1.199240E-17	4.739480E-18
1.444981E+04	1.198075E-17	4.733268E-18
1.445041E+04	1.191868E-17	4.721051E-18
1.445101E+04	1.192516E-17	4.633514E-18
1.445161E+04	1.191573E-17	4.622431E-18
1.445221E+04	1.186352E-17	4.605468E-18
1.445281E+04	1.184854E-17	4.610879E-18
1.445341E+04	1.185920E-17	4.614591E-18
1.445401E+04	1.185198E-17	4.616725E-18
1.445461E+04	1.186647E-17	4.628823E-18
1.445521E+04	1.187479E-17	4.622201E-18
1.445581E+04	1.192762E-17	4.635060E-18
1.445821E+04	1.193847E-17	4.632903E-18
1.445881E+04	1.194211E-17	4.645527E-18
1.445941E+04	1.194143E-17	4.652087E-18
1.446001E+04	1.191214E-17	4.644266E-18
1.446061E+04	1.189038E-17	4.625271E-18
1.446121E+04	1.189068E-17	4.585194E-18
1.446181E+04	1.189679E-17	4.599821E-18
1.446241E+04	1.191411E-17	4.609683E-18
1.446301E+04	1.190554E-17	4.614450E-18
1.446361E+04	1.194284E-17	4.613689E-18
1.446421E+04	1.184178E-17	4.604165E-18
1.446481E+04	1.177093E-17	4.571627E-18
1.446541E+04	1.173954E-17	4.571902E-18
1.446601E+04	1.176538E-17	4.570900E-18
1.446661E+04	1.178455E-17	4.570052E-18
1.446721E+04	1.177672E-17	4.526296E-18
1.446781E+04	1.169007E-17	4.498466E-18
1.446841E+04	1.171677E-17	4.497643E-18
1.446901E+04	1.165812E-17	4.477073E-18
1.446961E+04	1.167347E-17	4.490863E-18
1.447021E+04	1.165379E-17	4.490281E-18
1.447081E+04	1.166964E-17	4.485854E-18
1.447141E+04	1.166143E-17	4.486995E-18
1.447201E+04	1.161684E-17	4.465639E-18
1.447261E+04	1.162947E-17	4.482967E-18
1.447321E+04	1.164051E-17	4.493142E-18
1.447381E+04	1.161269E-17	4.509746E-18
1.447441E+04	1.159991E-17	4.499384E-18
1.447501E+04	1.154199E-17	4.492354E-18
1.447562E+04	1.155254E-17	4.486508E-18
1.447622E+04	1.158836E-17	4.451494E-18
1.447682E+04	1.159286E-17	4.409740E-18
1.447742E+04	1.153827E-17	4.376385E-18
1.447802E+04	1.156373E-17	4.390732E-18
1.447862E+04	1.159870E-17	4.387162E-18
1.447922E+04	1.154546E-17	4.354174E-18
1.447982E+04	1.151689E-17	4.325503E-18
1.448042E+04	1.149104E-17	4.299593E-18
1.448102E+04	1.151355E-17	4.324287E-18
1.448162E+04	1.146475E-17	4.305014E-18
1.448222E+04	1.148910E-17	4.338890E-18
1.448282E+04	1.154320E-17	4.383791E-18
1.448342E+04	1.155238E-17	4.482140E-18
1.448402E+04	1.146706E-17	4.458089E-18
1.448462E+04	1.146600E-17	4.475427E-18
1.448522E+04	1.148481E-17	4.489563E-18
1.448582E+04	1.147141E-17	4.519318E-18
1.448642E+04	1.151082E-17	4.548524E-18
1.448702E+04	1.156924E-17	4.536671E-18
1.448762E+04	1.150242E-17	4.520280E-18
1.448822E+04	1.154109E-17	4.537094E-18
1.448882E+04	1.152079E-17	4.511313E-18
1.448942E+04	1.143187E-17	4.478254E-18
1.449002E+04	1.132740E-17	4.439002E-18
1.449062E+04	1.133350E-17	4.432182E-18
1.449122E+04	1.131899E-17	4.422336E-18
1.449182E+04	1.128596E-17	4.410116E-18
1.449242E+04	1.124159E-17	4.396664E-18
1.449302E+04	1.117746E-17	4.379595E-18
1.449362E+04	1.112235E-17	4.365629E-18
1.449422E+04	1.101786E-17	4.339660E-18
1.449482E+04	1.102038E-17	4.341933E-18
1.449542E+04	1.095945E-17	4.328183E-18
1.449602E+04	1.097345E-17	4.324251E-18
1.449662E+04	1.097349E-17	4.319481E-18
1.449722E+04	1.095366E-17	4.298960E-18
1.449782E+04	1.092680E-17	4.284291E-18
1.449842E+04	1.087785E-17	4.266171E-18
1.449902E+04	1.080877E-17	4.273392E-18
1.449962E+04	1.079857E-17	4.278938E-18
1.450022E+04	1.081897E-17	4.326237E-18
1.450082E+04	1.078853E-17	4.308196E-18
1.450142E+04	1.076401E-17	4.295600E-18
1.450202E+04	1.072652E-17	4.289086E-18
1.450262E+04	1.070471E-17	4.285365E-18
1.450322E+04	1.070463E-17	4.285513E-18
1.450382E+04	1.070554E-17	4.281446E-18
1.450442E+04	1.070805E-17	4.282382E-18
1.450502E+04	1.071216E-17	4.297259E-18
1.450562E+04	1.071837E-17	4.298484E-18
1.450622E+04	1.072681E-17	4.300947E-18
1.450682E+04	1.073771E-17	4.301702E-18
1.450742E+04	1.075170E-17	4.299297E-18
1.450802E+04	1.076866E-17	4.296186E-18
1.450862E+04	1.078932E-17	4.301273E-18
1.450922E+04	1.078022E-17	4.283261E-18
1.450982E+04	1.075866E-17	4.278108E-18
1.451042E+04	1.075623E-17	4.270674E-18
1.451102E+04	1.076010E-17	4.304585E-18
1.451162E+04	1.076718E-17	4.318507E-18
1.451222E+04	1.074882E-17	4.319461E-18
1.451282E+04	1.073120E-17	4.317514E-18
1.451342E+04	1.070334E-17	4.359448E-18
1.451402E+04	1.062917E-17	4.340960E-18
1.451462E+04	1.062415E-17	4.360656E-18
1.451522E+04	1.061468E-17	4.345894E-18
1.451582E+04	1.059076E-17	4.370915E-18
1.451643E+04	1.062735E-17	4.396392E-18
1.451823E+04	1.057894E-17	4.408891E-18
1.451883E+04	1.060503E-17	4.399678E-18
1.451942E+04	1.064002E-17	4.413881E-18
1.452002E+04	1.062067E-17	4.379670E-18
1.452062E+04	1.059860E-17	4.398671E-18
1.452122E+04	1.064557E-17	4.402490E-18
1.452182E+04	1.061621E-17	4.418263E-18
1.452242E+04	1.058402E-17	4.411154E-18
1.452302E+04	1.056430E-17	4.410825E-18
1.452362E+04	1.054643E-17	4.395553E-18
1.452422E+04	1.056919E-17	4.386510E-18
1.452482E+04	1.053081E-17	4.370444E-18
1.452542E+04	1.054431E-17	4.373169E-18
1.452602E+04	1.057856E-17	4.386383E-18
1.452662E+04	1.063048E-17	4.401973E-18
1.452722E+04	1.064929E-17	4.372120E-18
1.452782E+04	1.065909E-17	4.374878E-18
1.452842E+04	1.064727E-17	4.350205E-18
1.452902E+04	1.065114E-17	4.326338E-18
1.452962E+04	1.063969E-17	4.235905E-18
1.453022E+04	1.061934E-17	4.230476E-18
1.453082E+04	1.062012E-17	4.197002E-18
1.453142E+04	1.060608E-17	4.190064E-18
1.453202E+04	1.058697E-17	4.140911E-18
1.453262E+04	1.057144E-17	4.124346E-18
1.453322E+04	1.053627E-17	4.131060E-18
1.453382E+04	1.051209E-17	4.129780E-18
1.453442E+04	1.052275E-17	4.101086E-18
1.453502E+04	1.058604E-17	4.116636E-18
1.453562E+04	1.053370E-17	4.096450E-18
1.453622E+04	1.050532E-17	4.089126E-18
1.453682E+04	1.043197E-17	4.070130E-18
1.453742E+04	1.040828E-17	4.064152E-18
1.453802E+04	1.042635E-17	4.068964E-18
1.453862E+04	1.042318E-17	4.068475E-18
1.453922E+04	1.047486E-17	4.081530E-18
1.453982E+04	1.054285E-17	4.098320E-18
1.454042E+04	1.059861E-17	4.111489E-18
1.454102E+04	1.064721E-17	4.120252E-18
1.454162E+04	1.066664E-17	4.120616E-18
1.454222E+04	1.068077E-17	4.126285E-18
1.454282E+04	1.070119E-17	4.131137E-18
1.454342E+04	1.072706E-17	4.130902E-18
1.454402E+04	1.076343E-17	4.123659E-18
1.454462E+04	1.080424E-17	4.137817E-18
1.454522E+04	1.084964E-17	4.118662E-18
1.454582E+04	1.083052E-17	4.128487E-18
1.454642E+04	1.082611E-17	4.086174E-18
1.454702E+04	1.081849E-17	4.096360E-18
1.454762E+04	1.083163E-17	4.094957E-18
1.454822E+04	1.085095E-17	4.135213E-18
1.454882E+04	1.085977E-17	4.141147E-18
1.454942E+04	1.087896E-17	4.148447E-18
1.455002E+04	1.086306E-17	4.134785E-18
1.455062E+04	1.084568E-17	4.134604E-18
1.455122E+04	1.084461E-17	4.158092E-18
1.455182E+04	1.082981E-17	4.155853E-18
1.455242E+04	1.081564E-17	4.193367E-18
1.455302E+04	1.080258E-17	4.181205E-18
1.455362E+04	1.080348E-17	4.251096E-18
1.455422E+04	1.082009E-17	4.255123E-18
1.455482E+04	1.081469E-17	4.263172E-18
1.455542E+04	1.078964E-17	4.265527E-18
1.455602E+04	1.077867E-17	4.269177E-18
1.455662E+04	1.079936E-17	4.268159E-18
1.455722E+04	1.078914E-17	4.236658E-18
1.455783E+04	1.080957E-17	4.223949E-18
1.455843E+04	1.082952E-17	4.232186E-18
1.455903E+04	1.086269E-17	4.239154E-18
1.455963E+04	1.090340E-17	4.226189E-18
1.456083E+04	1.091769E-17	4.236023E-18
1.456143E+04	1.091910E-17	4.225769E-18
1.456203E+04	1.090220E-17	4.214488E-18
1.456323E+04	1.088411E-17	4.180846E-18
1.456503E+04	1.087051E-17	4.153515E-18
1.456563E+04	1.086028E-17	4.124020E-18
1.456623E+04	1.085328E-17	4.167313E-18
1.456683E+04	1.084849E-17	4.147552E-18
1.456743E+04	1.086720E-17	4.142397E-18
1.456803E+04	1.086650E-17	4.117487E-18
1.456863E+04	1.086864E-17	4.102268E-18
1.456923E+04	1.086448E-17	4.078478E-18
1.456983E+04	1.085970E-17	4.074250E-18
1.457043E+04	1.089622E-17	4.082752E-18
1.457103E+04	1.091505E-17	4.103508E-18
1.457163E+04	1.095676E-17	4.112837E-18
1.457223E+04	1.099056E-17	4.118487E-18
1.457283E+04	1.103055E-17	4.121775E-18
1.457343E+04	1.107140E-17	4.122087E-18
1.457403E+04	1.108381E-17	4.127186E-18
1.457463E+04	1.110623E-17	4.126940E-18
1.457523E+04	1.112866E-17	4.139592E-18
1.457583E+04	1.116902E-17	4.158474E-18
1.457643E+04	1.120320E-17	4.176854E-18
1.457703E+04	1.123391E-17	4.194769E-18
1.457763E+04	1.126389E-17	4.211965E-18
1.457823E+04	1.127593E-17	4.223385E-18
1.457883E+04	1.127733E-17	4.229461E-18
1.457943E+04	1.130892E-17	4.239989E-18
1.458003E+04	1.131342E-17	4.239115E-18
1.458063E+04	1.133251E-17	4.233537E-18
1.458123E+04	1.137016E-17	4.246530E-18
1.458183E+04	1.138319E-17	4.256675E-18
1.458243E+04	1.141800E-17	4.272583E-18
1.458303E+04	1.144439E-17	4.286261E-18
1.458363E+04	1.143330E-17	4.309985E-18
1.458423E+04	1.141282E-17	4.303318E-18
1.458483E+04	1.140470E-17	4.301429E-18
1.458543E+04	1.141650E-17	4.314199E-18
1.458603E+04	1.141420E-17	4.362669E-18
1.458663E+04	1.143936E-17	4.368352E-18
1.458723E+04	1.145511E-17	4.373032E-18
1.458783E+04	1.146494E-17	4.384074E-18
1.458843E+04	1.148107E-17	4.411338E-18
1.458903E+04	1.148730E-17	4.437433E-18
1.458963E+04	1.150665E-17	4.439086E-18
1.459023E+04	1.152599E-17	4.439212E-18
1.459083E+04	1.156155E-17	4.462322E-18
1.459143E+04	1.158919E-17	4.484535E-18
1.459203E+04	1.164343E-17	4.517637E-18
1.459263E+04	1.166971E-17	4.532099E-18
1.459323E+04	1.165454E-17	4.518369E-18
1.459383E+04	1.162898E-17	4.509936E-18
1.459443E+04	1.157941E-17	4.484713E-18
1.459503E+04	1.152997E-17	4.478231E-18
1.459563E+04	1.153942E-17	4.474914E-18
1.459623E+04	1.154962E-17	4.471724E-18
1.459683E+04	1.157503E-17	4.492942E-18
1.459743E+04	1.159327E-17	4.533387E-18
1.459803E+04	1.163131E-17	4.550878E-18
1.459864E+04	1.163903E-17	4.527317E-18
1.459924E+04	1.161545E-17	4.515876E-18
1.459984E+04	1.158172E-17	4.470106E-18
1.460044E+04	1.152026E-17	4.450963E-18
1.460104E+04	1.150410E-17	4.374274E-18
1.460164E+04	1.144525E-17	4.414200E-18
1.460224E+04	1.139765E-17	4.398432E-18
1.460464E+04	1.143447E-17	4.405425E-18
1.460644E+04	1.140948E-17	4.401382E-18
1.460704E+04	1.140705E-17	4.516649E-18
1.460764E+04	1.142344E-17	4.557286E-18
1.460824E+04	1.137670E-17	4.561035E-18
1.460884E+04	1.133800E-17	4.600757E-18
1.460944E+04	1.130240E-17	4.677538E-18
1.461004E+04	1.128685E-17	4.680049E-18
1.461064E+04	1.126263E-17	4.805970E-18
1.461124E+04	1.121948E-17	4.791975E-18
1.461184E+04	1.122596E-17	4.810127E-18
1.461244E+04	1.117798E-17	4.806572E-18
1.461304E+04	1.119386E-17	4.819013E-18
1.461364E+04	1.117076E-17	4.833856E-18
1.461424E+04	1.112327E-17	4.795055E-18
1.461484E+04	1.109224E-17	4.797628E-18
1.461544E+04	1.103521E-17	4.790790E-18
1.461604E+04	1.101247E-17	4.784439E-18
1.461664E+04	1.101994E-17	4.786574E-18
1.461724E+04	1.100847E-17	4.773247E-18
1.461784E+04	1.101630E-17	4.771825E-18
1.461844E+04	1.099443E-17	4.765832E-18
1.461904E+04	1.099088E-17	4.745544E-18
1.461964E+04	1.101865E-17	4.748048E-18
1.462024E+04	1.109533E-17	4.765242E-18
1.462084E+04	1.111877E-17	4.768714E-18
1.462144E+04	1.115026E-17	4.794844E-18
1.462204E+04	1.113668E-17	4.814912E-18
1.462264E+04	1.111344E-17	4.828745E-18
1.462324E+04	1.109095E-17	4.872062E-18
1.462384E+04	1.107613E-17	4.865553E-18
1.462444E+04	1.107221E-17	4.860801E-18
1.462504E+04	1.106953E-17	4.862210E-18
1.462564E+04	1.101459E-17	4.845745E-18
1.462624E+04	1.095705E-17	4.828201E-18
1.462684E+04	1.095994E-17	4.823509E-18
1.462744E+04	1.092097E-17	4.809205E-18
1.462804E+04	1.090021E-17	4.798411E-18
1.462864E+04	1.091337E-17	4.794813E-18
1.462924E+04	1.089904E-17	4.784895E-18
1.462984E+04	1.089153E-17	4.776287E-18
1.463044E+04	1.086246E-17	4.762813E-18
1.463104E+04	1.086237E-17	4.755129E-18
1.463164E+04	1.086613E-17	4.728806E-18
1.463224E+04	1.082468E-17	4.719868E-18
1.463284E+04	1.080762E-17	4.718032E-18
1.463344E+04	1.074821E-17	4.711970E-18
1.463404E+04	1.074181E-17	4.666017E-18
1.463464E+04	1.076723E-17	4.682460E-18
1.463524E+04	1.076504E-17	4.728834E-18
1.463584E+04	1.071330E-17	4.765492E-18
1.463644E+04	1.066293E-17	4.773928E-18
1.463704E+04	1.059298E-17	4.775346E-18
1.463764E+04	1.054917E-17	4.789451E-18
1.463824E+04	1.049111E-17	4.798334E-18
1.463884E+04	1.044283E-17	4.781869E-18
1.463944E+04	1.043927E-17	4.771246E-18
1.464005E+04	1.039595E-17	4.730364E-18
1.464065E+04	1.034557E-17	4.714802E-18
1.464125E+04	1.031810E-17	4.688290E-18
1.464185E+04	1.030908E-17	4.684117E-18
1.464245E+04	1.030217E-17	4.684478E-18
1.464305E+04	1.031224E-17	4.679579E-18
1.464365E+04	1.031635E-17	4.657145E-18
1.464425E+04	1.029829E-17	4.655046E-18
1.464485E+04	1.025459E-17	4.627007E-18
1.464545E+04	1.017992E-17	4.568094E-18
1.464605E+04	1.013621E-17	4.537233E-18
1.464665E+04	1.008854E-17	4.505283E-18
1.464725E+04	1.004805E-17	4.498448E-18
1.464785E+04	9.983780E-18	4.484530E-18
1.464845E+04	9.935609E-18	4.476408E-18
1.464905E+04	9.873561E-18	4.465134E-18
1.464965E+04	9.846573E-18	4.392129E-18
1.465025E+04	9.812894E-18	4.387994E-18
1.465085E+04	9.775621E-18	4.381506E-18
1.465145E+04	9.755816E-18	4.376759E-18
1.465205E+04	9.763270E-18	4.275452E-18
1.465265E+04	9.748173E-18	4.232191E-18
1.465325E+04	9.696895E-18	4.208908E-18
1.465385E+04	9.652555E-18	4.136639E-18
1.465445E+04	9.622091E-18	4.027475E-18
1.465505E+04	9.589891E-18	3.982892E-18
1.465565E+04	9.556080E-18	3.831116E-18
1.465625E+04	9.520904E-18	3.791166E-18
1.465685E+04	9.484488E-18	3.766995E-18
1.465745E+04	9.447204E-18	3.741252E-18
1.465805E+04	9.409299E-18	3.722081E-18
1.465865E+04	9.370897E-18	3.697450E-18
1.465925E+04	9.337327E-18	3.677878E-18
1.465985E+04	9.308961E-18	3.657656E-18
1.466045E+04	9.285427E-18	3.643777E-18
1.466285E+04	9.281633E-18	3.702038E-18
1.466345E+04	9.255247E-18	3.695255E-18
1.466405E+04	9.237163E-18	3.688081E-18
1.466465E+04	9.234448E-18	3.692690E-18
1.466525E+04	9.248961E-18	3.737511E-18
1.466585E+04	9.252690E-18	3.763185E-18
1.466645E+04	9.231135E-18	3.757808E-18
1.466705E+04	9.227676E-18	3.796012E-18
1.466765E+04	9.218886E-18	3.852268E-18
1.466824E+04	9.205138E-18	3.851898E-18
1.466884E+04	9.186184E-18	3.824630E-18
1.466944E+04	9.201565E-18	3.818694E-18
1.467004E+04	9.191659E-18	3.756827E-18
1.467064E+04	9.194768E-18	3.766095E-18
1.467124E+04	9.193663E-18	3.772363E-18
1.467184E+04	9.239044E-18	3.775380E-18
1.467244E+04	9.263104E-18	3.782228E-18
1.467304E+04	9.241669E-18	3.777067E-18
1.467364E+04	9.237961E-18	3.776668E-18
1.467424E+04	9.286691E-18	3.792245E-18
1.467484E+04	9.290422E-18	3.804432E-18
1.467544E+04	9.279896E-18	3.817738E-18
1.467604E+04	9.266890E-18	3.825287E-18
1.467664E+04	9.253512E-18	3.889793E-18
1.467724E+04	9.254762E-18	3.891151E-18
1.467784E+04	9.268907E-18	3.933314E-18
1.467844E+04	9.274373E-18	3.936648E-18
1.467904E+04	9.286907E-18	3.960670E-18
1.467964E+04	9.304896E-18	4.027755E-18
1.468024E+04	9.332681E-18	4.012080E-18
1.468085E+04	9.321164E-18	4.031278E-18
1.468145E+04	9.294642E-18	4.094634E-18
1.468205E+04	9.287213E-18	4.046279E-18
1.468265E+04	9.291564E-18	4.085525E-18
1.468325E+04	9.280292E-18	4.046692E-18
1.468385E+04	9.270259E-18	4.019323E-18
1.468445E+04	9.301518E-18	4.077100E-18
1.468505E+04	9.314301E-18	4.079932E-18
1.468565E+04	9.328325E-18	4.184815E-18
1.468625E+04	9.348054E-18	4.195198E-18
1.468685E+04	9.363939E-18	4.213012E-18
1.468745E+04	9.403262E-18	4.222168E-18
1.468805E+04	9.437749E-18	4.232037E-18
1.468865E+04	9.473230E-18	4.242120E-18
1.468925E+04	9.528926E-18	4.290546E-18
1.468985E+04	9.549527E-18	4.305018E-18
1.469045E+04	9.594189E-18	4.442706E-18
1.469105E+04	9.634138E-18	4.522465E-18
1.469165E+04	9.662555E-18	4.593653E-18
1.469225E+04	9.718010E-18	4.604864E-18
1.469285E+04	9.774335E-18	4.616470E-18
1.469345E+04	9.808584E-18	4.623600E-18
1.469405E+04	9.799052E-18	4.622173E-18
1.469465E+04	9.830326E-18	4.629749E-18
1.469585E+04	9.859262E-18	4.634426E-18
1.469645E+04	9.834970E-18	4.650674E-18
1.469765E+04	9.849271E-18	4.675933E-18
1.469885E+04	9.845463E-18	4.674533E-18
1.469945E+04	9.839651E-18	4.688750E-18
1.470005E+04	9.816845E-18	4.681600E-18
1.470065E+04	9.836463E-18	4.721074E-18
1.470125E+04	9.906570E-18	4.740280E-18
1.470185E+04	9.899022E-18	4.740808E-18
1.470245E+04	9.985010E-18	4.756798E-18
1.470305E+04	1.005996E-17	4.767185E-18
1.470365E+04	1.011171E-17	4.778324E-18
1.470425E+04	1.017153E-17	4.773040E-18
1.470485E+04	1.021411E-17	4.790212E-18
1.470545E+04	1.027356E-17	4.789236E-18
1.470605E+04	1.034802E-17	4.808284E-18
1.470665E+04	1.038601E-17	4.823797E-18
1.470725E+04	1.039559E-17	4.860491E-18
1.470785E+04	1.042242E-17	4.865697E-18
1.470845E+04	1.040569E-17	4.862146E-18
1.470905E+04	1.043512E-17	4.876865E-18
1.471025E+04	1.045912E-17	4.835897E-18
1.471085E+04	1.047565E-17	4.840179E-18
1.471145E+04	1.049107E-17	4.842378E-18
1.471205E+04	1.051665E-17	4.840260E-18
1.471265E+04	1.044360E-17	4.786035E-18
1.471325E+04	1.044660E-17	4.763157E-18
1.471385E+04	1.044539E-17	4.773849E-18
1.471445E+04	1.043474E-17	4.766315E-18
1.471505E+04	1.047001E-17	4.757307E-18
1.471565E+04	1.045564E-17	4.764892E-18
1.471625E+04	1.045505E-17	4.782159E-18
1.471685E+04	1.049838E-17	4.825375E-18
1.471745E+04	1.046254E-17	4.821034E-18
1.471805E+04	1.043564E-17	4.812590E-18
1.471865E+04	1.044609E-17	4.819815E-18
1.471925E+04	1.041137E-17	4.814439E-18
1.471985E+04	1.041499E-17	4.824199E-18
1.472045E+04	1.041378E-17	4.827957E-18
1.472105E+04	1.041728E-17	4.828103E-18
1.472165E+04	1.041792E-17	4.835692E-18
1.472226E+04	1.037886E-17	4.824077E-18
1.472286E+04	1.038372E-17	4.810967E-18
1.472346E+04	1.039243E-17	4.807138E-18
1.472406E+04	1.040413E-17	4.751258E-18
1.472466E+04	1.045827E-17	4.785208E-18
1.472526E+04	1.049690E-17	4.771769E-18
1.472586E+04	1.052423E-17	4.775098E-18
1.472646E+04	1.049000E-17	4.752082E-18
1.472706E+04	1.054476E-17	4.694857E-18
1.472766E+04	1.058141E-17	4.701286E-18
1.472826E+04	1.065244E-17	4.691353E-18
1.472886E+04	1.069132E-17	4.618503E-18
1.472946E+04	1.072971E-17	4.634236E-18
1.473006E+04	1.076325E-17	4.548269E-18
1.473066E+04	1.076254E-17	4.559144E-18
1.473126E+04	1.075314E-17	4.557980E-18
1.473186E+04	1.074832E-17	4.484585E-18
1.473246E+04	1.074028E-17	4.464866E-18
1.473306E+04	1.073460E-17	4.352400E-18
1.473366E+04	1.073848E-17	4.346074E-18
1.473426E+04	1.074074E-17	4.345732E-18
1.473486E+04	1.074450E-17	4.351024E-18
1.473546E+04	1.074838E-17	4.347391E-18
1.473666E+04	1.073018E-17	4.334958E-18
1.473726E+04	1.072090E-17	4.306134E-18
1.473786E+04	1.074266E-17	4.305186E-18
1.473846E+04	1.072717E-17	4.186527E-18
1.473906E+04	1.073415E-17	4.151010E-18
1.473966E+04	1.069109E-17	4.083595E-18
1.474026E+04	1.062966E-17	4.070482E-18
1.474086E+04	1.057443E-17	4.055771E-18
1.474146E+04	1.055856E-17	4.051619E-18
1.474206E+04	1.053686E-17	4.046354E-18
1.474266E+04	1.051193E-17	4.044538E-18
1.474326E+04	1.052226E-17	4.051964E-18
1.474386E+04	1.050937E-17	4.023018E-18
1.474446E+04	1.051933E-17	3.993554E-18
1.474506E+04	1.051402E-17	3.993212E-18
1.474566E+04	1.049070E-17	3.960287E-18
1.474626E+04	1.048389E-17	3.959046E-18
1.474686E+04	1.048876E-17	3.922936E-18
1.474746E+04	1.047674E-17	3.912479E-18
1.474806E+04	1.047800E-17	3.907857E-18
1.474866E+04	1.046934E-17	3.903187E-18
1.474926E+04	1.047023E-17	3.901193E-18
1.474986E+04	1.047733E-17	3.902889E-18
1.475046E+04	1.045575E-17	3.894994E-18
1.475106E+04	1.041814E-17	3.873489E-18
1.475166E+04	1.036488E-17	3.862802E-18
1.475226E+04	1.037323E-17	3.869021E-18
1.475286E+04	1.039113E-17	3.874127E-18
1.475346E+04	1.041774E-17	3.850835E-18
1.475406E+04	1.041553E-17	3.866768E-18
1.475466E+04	1.047977E-17	3.902654E-18
1.475526E+04	1.053370E-17	3.927456E-18
1.475586E+04	1.056726E-17	3.955321E-18
1.475646E+04	1.064778E-17	3.992907E-18
1.475706E+04	1.068892E-17	4.017512E-18
1.475766E+04	1.073404E-17	4.039496E-18
1.475826E+04	1.077270E-17	4.055229E-18
1.475946E+04	1.073350E-17	4.046136E-18
1.476006E+04	1.074247E-17	4.036103E-18
1.476066E+04	1.070374E-17	4.004146E-18
1.476126E+04	1.070662E-17	3.971634E-18
1.476186E+04	1.077138E-17	3.941648E-18
1.476246E+04	1.086160E-17	3.912161E-18
1.476307E+04	1.092424E-17	3.849986E-18
1.476367E+04	1.093682E-17	3.824625E-18
1.476427E+04	1.092318E-17	3.818150E-18
1.476487E+04	1.095663E-17	3.814284E-18
1.476547E+04	1.098450E-17	3.817103E-18
1.476607E+04	1.101087E-17	3.848094E-18
1.476667E+04	1.102755E-17	3.854784E-18
1.476727E+04	1.105752E-17	3.863661E-18
1.476787E+04	1.103320E-17	3.944135E-18
1.476847E+04	1.102714E-17	3.929625E-18
1.476907E+04	1.101599E-17	3.953477E-18
1.477027E+04	1.101183E-17	3.988477E-18
1.477087E+04	1.101546E-17	4.079070E-18
1.477147E+04	1.099201E-17	4.020840E-18
1.477207E+04	1.101640E-17	4.113240E-18
1.477267E+04	1.098312E-17	4.131028E-18
1.477327E+04	1.100266E-17	4.354095E-18
1.477387E+04	1.104967E-17	4.550260E-18
1.477447E+04	1.106896E-17	4.714971E-18
1.477507E+04	1.109521E-17	4.811510E-18
1.477567E+04	1.114122E-17	4.897438E-18
1.477627E+04	1.113455E-17	4.957634E-18
1.477747E+04	1.116357E-17	5.010406E-18
1.477807E+04	1.119989E-17	5.051005E-18
1.477867E+04	1.124889E-17	5.056383E-18
1.477927E+04	1.125762E-17	5.052493E-18
1.477987E+04	1.121739E-17	5.038151E-18
1.478047E+04	1.116808E-17	5.022312E-18
1.478107E+04	1.109391E-17	5.005143E-18
1.478167E+04	1.107083E-17	5.005456E-18
1.478227E+04	1.104637E-17	5.000352E-18
1.478287E+04	1.105784E-17	5.001667E-18
1.478347E+04	1.104693E-17	5.099847E-18
1.478407E+04	1.102123E-17	5.109885E-18
1.478467E+04	1.103978E-17	5.114797E-18
1.478527E+04	1.107176E-17	5.124076E-18
1.478587E+04	1.110585E-17	5.125826E-18
1.478647E+04	1.113559E-17	5.125235E-18
1.478707E+04	1.113562E-17	5.170569E-18
1.478767E+04	1.111328E-17	5.197611E-18
1.478827E+04	1.110945E-17	5.215021E-18
1.478887E+04	1.109581E-17	5.211293E-18
1.478947E+04	1.109087E-17	5.232921E-18
1.479007E+04	1.114895E-17	5.244773E-18
1.479067E+04	1.120219E-17	5.251818E-18
1.479127E+04	1.120334E-17	5.249768E-18
1.479187E+04	1.119094E-17	5.245903E-18
1.479247E+04	1.117904E-17	5.242894E-18
1.479307E+04	1.118653E-17	5.244364E-18
1.479367E+04	1.118060E-17	5.244329E-18
1.479427E+04	1.115639E-17	5.241086E-18
1.479487E+04	1.118153E-17	5.248106E-18
1.479547E+04	1.117224E-17	5.248744E-18
1.479607E+04	1.112987E-17	5.243480E-18
1.479667E+04	1.112580E-17	5.245725E-18
1.479727E+04	1.113988E-17	5.251139E-18
1.480027E+04	1.117759E-17	5.259738E-18
1.480087E+04	1.118259E-17	5.260715E-18
1.480147E+04	1.121011E-17	5.264107E-18
1.480207E+04	1.126261E-17	5.270244E-18
1.480267E+04	1.126824E-17	5.262548E-18
1.480628E+04	1.133236E-17	5.262529E-18
1.480688E+04	1.133351E-17	5.246662E-18
1.480748E+04	1.137234E-17	5.234323E-18
1.480808E+04	1.144003E-17	5.224007E-18
1.480868E+04	1.149230E-17	5.214141E-18
1.480928E+04	1.157504E-17	5.214156E-18
1.480988E+04	1.162669E-17	5.210838E-18
1.481048E+04	1.164451E-17	5.203313E-18
1.481108E+04	1.167564E-17	5.203127E-18
1.481168E+04	1.168725E-17	5.199939E-18
1.481228E+04	1.167708E-17	5.208392E-18
1.481288E+04	1.165623E-17	5.206542E-18
1.481348E+04	1.166634E-17	5.206953E-18
1.481408E+04	1.160928E-17	5.208769E-18
1.481468E+04	1.156964E-17	5.197887E-18
1.481528E+04	1.151545E-17	5.212169E-18
1.481588E+04	1.150503E-17	5.254382E-18
1.481648E+04	1.151365E-17	5.302600E-18
1.481708E+04	1.149378E-17	5.308578E-18
1.481767E+04	1.147429E-17	5.265058E-18
1.481827E+04	1.147407E-17	5.295439E-18
1.481887E+04	1.146478E-17	5.310032E-18
1.481947E+04	1.147663E-17	5.221060E-18
1.482007E+04	1.148674E-17	5.215941E-18
1.482067E+04	1.148678E-17	5.173429E-18
1.482127E+04	1.151580E-17	5.148673E-18
1.482187E+04	1.153225E-17	5.036358E-18
1.482247E+04	1.151711E-17	5.022934E-18
1.482307E+04	1.149724E-17	4.978281E-18
1.482427E+04	1.148735E-17	4.926438E-18
1.482487E+04	1.148739E-17	4.797893E-18
1.482547E+04	1.150310E-17	4.672412E-18
1.482607E+04	1.150786E-17	4.551024E-18
1.482667E+04	1.152618E-17	4.508497E-18
1.482787E+04	1.155425E-17	4.478852E-18
1.482847E+04	1.157170E-17	4.465702E-18
1.482907E+04	1.157398E-17	4.415431E-18
1.482967E+04	1.156978E-17	4.369250E-18
1.483027E+04	1.154642E-17	4.356880E-18
1.483087E+04	1.155417E-17	4.438447E-18
1.483147E+04	1.156080E-17	4.449089E-18
1.483267E+04	1.158501E-17	4.455999E-18
1.483387E+04	1.160648E-17	4.459340E-18
1.483447E+04	1.161672E-17	4.507735E-18
1.483507E+04	1.161427E-17	4.511221E-18
1.483567E+04	1.163434E-17	4.529249E-18
1.483627E+04	1.163002E-17	4.428592E-18
1.483687E+04	1.161599E-17	4.565891E-18
1.483747E+04	1.159114E-17	4.565390E-18
1.483807E+04	1.158731E-17	4.712570E-18
1.483867E+04	1.157702E-17	4.705790E-18
1.483927E+04	1.156548E-17	4.765682E-18
1.483987E+04	1.154871E-17	4.897654E-18
1.484047E+04	1.150668E-17	4.939231E-18
1.484107E+04	1.146390E-17	4.910218E-18
1.484167E+04	1.147513E-17	4.937684E-18
1.484227E+04	1.145039E-17	4.916550E-18
1.484287E+04	1.142105E-17	4.914448E-18
1.484347E+04	1.135599E-17	4.909803E-18
1.484407E+04	1.133387E-17	4.906533E-18
1.484467E+04	1.132207E-17	4.922967E-18
1.484528E+04	1.132609E-17	4.954308E-18
1.484588E+04	1.129064E-17	4.950416E-18
1.484648E+04	1.126391E-17	4.953697E-18
1.484708E+04	1.126917E-17	4.956392E-18
1.484768E+04	1.124492E-17	4.948628E-18
1.484828E+04	1.116417E-17	4.958690E-18
1.484888E+04	1.113606E-17	4.962423E-18
1.484948E+04	1.113796E-17	5.006998E-18
1.485008E+04	1.114869E-17	5.013125E-18
1.485068E+04	1.112432E-17	5.083533E-18
1.485128E+04	1.109422E-17	5.074534E-18
1.485188E+04	1.103287E-17	5.059516E-18
1.485248E+04	1.099991E-17	5.102708E-18
1.485308E+04	1.099670E-17	5.099521E-18
1.485368E+04	1.097170E-17	5.113469E-18
1.485428E+04	1.093799E-17	5.156749E-18
1.485488E+04	1.095357E-17	5.207624E-18
1.485548E+04	1.097626E-17	5.214088E-18
1.485608E+04	1.097192E-17	5.273419E-18
1.485668E+04	1.095626E-17	5.370469E-18
1.485728E+04	1.093275E-17	5.433460E-18
1.485788E+04	1.091124E-17	5.456319E-18
1.485848E+04	1.092994E-17	5.494344E-18
1.485908E+04	1.094054E-17	5.500567E-18
1.486028E+04	1.093773E-17	5.498504E-18
1.486088E+04	1.091484E-17	5.494788E-18
1.486208E+04	1.090007E-17	5.489272E-18
1.486328E+04	1.087422E-17	5.478864E-18
1.486388E+04	1.090550E-17	5.486126E-18
1.486448E+04	1.091399E-17	5.475129E-18
1.486508E+04	1.090579E-17	5.449498E-18
1.486568E+04	1.084778E-17	5.408884E-18
1.486628E+04	1.084494E-17	5.391631E-18
1.486688E+04	1.082940E-17	5.383759E-18
1.486748E+04	1.082407E-17	5.362911E-18
1.486808E+04	1.079345E-17	5.485864E-18
1.486868E+04	1.075786E-17	5.620362E-18
1.486928E+04	1.071118E-17	5.611484E-18
1.486988E+04	1.066125E-17	5.603192E-18
1.487048E+04	1.064558E-17	5.591030E-18
1.487108E+04	1.062156E-17	5.586103E-18
1.487168E+04	1.063117E-17	5.596374E-18
1.487228E+04	1.059856E-17	5.587832E-18
1.487288E+04	1.057417E-17	5.586132E-18
1.487348E+04	1.055725E-17	5.586646E-18
1.487408E+04	1.056561E-17	5.591394E-18
1.487468E+04	1.054097E-17	5.586804E-18
1.487528E+04	1.052429E-17	5.569744E-18
1.487588E+04	1.051049E-17	5.547655E-18
1.487648E+04	1.048609E-17	5.511808E-18
1.487708E+04	1.045297E-17	5.505325E-18
1.487768E+04	1.044041E-17	5.503918E-18
1.487828E+04	1.044852E-17	5.503509E-18
1.487888E+04	1.045053E-17	5.430731E-18
1.487948E+04	1.046724E-17	5.429820E-18
1.488008E+04	1.047161E-17	5.435792E-18
1.488068E+04	1.047462E-17	5.439497E-18
1.488128E+04	1.054265E-17	5.421465E-18
1.488188E+04	1.056771E-17	5.438534E-18
1.488548E+04	1.058999E-17	5.452638E-18
1.488669E+04	1.062342E-17	5.475964E-18
1.488909E+04	1.062872E-17	5.359586E-18
1.488969E+04	1.060569E-17	5.343979E-18
1.489029E+04	1.061642E-17	5.225839E-18
1.489089E+04	1.063687E-17	5.204994E-18
1.489149E+04	1.063764E-17	5.167964E-18
1.489209E+04	1.064027E-17	5.014692E-18
1.489269E+04	1.065848E-17	4.942518E-18
1.489329E+04	1.068529E-17	4.954191E-18
1.489389E+04	1.070026E-17	4.937690E-18
1.489449E+04	1.067249E-17	4.926772E-18
1.489509E+04	1.063974E-17	4.919521E-18
1.489569E+04	1.065271E-17	4.939783E-18
1.489629E+04	1.064663E-17	4.937175E-18
1.489689E+04	1.065013E-17	4.922211E-18
1.489749E+04	1.072804E-17	4.916892E-18
1.489809E+04	1.076207E-17	4.941196E-18
1.489869E+04	1.082914E-17	4.943772E-18
1.489929E+04	1.089147E-17	4.953193E-18
1.489989E+04	1.094732E-17	4.964366E-18
1.490049E+04	1.097376E-17	4.935282E-18
1.490109E+04	1.094836E-17	4.929533E-18
1.490169E+04	1.099499E-17	4.885423E-18
1.490229E+04	1.095002E-17	4.869766E-18
1.490289E+04	1.092462E-17	4.787795E-18
1.490349E+04	1.089473E-17	4.780636E-18
1.490409E+04	1.084091E-17	4.767216E-18
1.490469E+04	1.077499E-17	4.700356E-18
1.490529E+04	1.073974E-17	4.692432E-18
1.490589E+04	1.072380E-17	4.666424E-18
1.490649E+04	1.069902E-17	4.602964E-18
1.490709E+04	1.068096E-17	4.539810E-18
1.490769E+04	1.068173E-17	4.534210E-18
1.490829E+04	1.072849E-17	4.474179E-18
1.490889E+04	1.073287E-17	4.348392E-18
1.490949E+04	1.069748E-17	4.243405E-18
1.491009E+04	1.066035E-17	4.188209E-18
1.491069E+04	1.065489E-17	4.137543E-18
1.491129E+04	1.067622E-17	4.145753E-18
1.491189E+04	1.074779E-17	4.162764E-18
1.491249E+04	1.078471E-17	4.174117E-18
1.491309E+04	1.077488E-17	4.182285E-18
1.491369E+04	1.076978E-17	4.185169E-18
1.491429E+04	1.072766E-17	4.173550E-18
1.491489E+04	1.077493E-17	4.194662E-18
1.491549E+04	1.084065E-17	4.230233E-18
1.491609E+04	1.083368E-17	4.221474E-18
1.491669E+04	1.084031E-17	4.225255E-18
1.491729E+04	1.084519E-17	4.231826E-18
1.491789E+04	1.080481E-17	4.225446E-18
1.491849E+04	1.082877E-17	4.051805E-18
1.491909E+04	1.085809E-17	3.905108E-18
1.491969E+04	1.086771E-17	3.908179E-18
1.492029E+04	1.084753E-17	3.906165E-18
1.492089E+04	1.083346E-17	3.898836E-18
1.492149E+04	1.081926E-17	3.895278E-18
1.492209E+04	1.079472E-17	3.873214E-18
1.492269E+04	1.078738E-17	3.889381E-18
1.492329E+04	1.077717E-17	3.881900E-18
1.492389E+04	1.079639E-17	3.918719E-18
1.492449E+04	1.081374E-17	3.921516E-18
1.492509E+04	1.081164E-17	3.943275E-18
1.492569E+04	1.078297E-17	3.967716E-18
1.492629E+04	1.076890E-17	3.964501E-18
1.492689E+04	1.074847E-17	3.959232E-18
1.492750E+04	1.076183E-17	4.028475E-18
1.492810E+04	1.077569E-17	4.042596E-18
1.492870E+04	1.080750E-17	4.052456E-18
1.492990E+04	1.083223E-17	4.066565E-18
1.493230E+04	1.084689E-17	4.106558E-18
1.493290E+04	1.085127E-17	4.104015E-18
1.493350E+04	1.084655E-17	4.109785E-18
1.493410E+04	1.082861E-17	4.089596E-18
1.493470E+04	1.080331E-17	4.070381E-18
1.493530E+04	1.077090E-17	4.053823E-18
1.493590E+04	1.073188E-17	4.024087E-18
1.493650E+04	1.069709E-17	3.994864E-18
1.493710E+04	1.065420E-17	4.000765E-18
1.493770E+04	1.062304E-17	3.961159E-18
1.493830E+04	1.058039E-17	3.952216E-18
1.493890E+04	1.052078E-17	3.924580E-18
1.493950E+04	1.046080E-17	3.909105E-18
1.494010E+04	1.041703E-17	3.916356E-18
1.494070E+04	1.043862E-17	3.917351E-18
1.494130E+04	1.044412E-17	3.922368E-18
1.494190E+04	1.040946E-17	3.977960E-18
1.494250E+04	1.035146E-17	3.959062E-18
1.494310E+04	1.035247E-17	3.933456E-18
1.494370E+04	1.035048E-17	3.949784E-18
1.494430E+04	1.027889E-17	3.928636E-18
1.494490E+04	1.022750E-17	3.906776E-18
1.494550E+04	1.015516E-17	3.883911E-18
1.494610E+04	1.012011E-17	3.910652E-18
1.494670E+04	1.011164E-17	3.907062E-18
1.494730E+04	1.011601E-17	3.907627E-18
1.494790E+04	1.010366E-17	3.942511E-18
1.494850E+04	1.011777E-17	3.941043E-18
1.494910E+04	1.008546E-17	3.931517E-18
1.494970E+04	1.005865E-17	3.925177E-18
1.495030E+04	1.008560E-17	3.960634E-18
1.495090E+04	1.003632E-17	3.952340E-18
1.495150E+04	9.999649E-18	3.944082E-18
1.495210E+04	1.001151E-17	3.946640E-18
1.495270E+04	1.002711E-17	3.959667E-18
1.495330E+04	9.994299E-18	3.985134E-18
1.495390E+04	9.979581E-18	3.986862E-18
1.495450E+04	9.983079E-18	3.988601E-18
1.495510E+04	1.003175E-17	3.999511E-18
1.495570E+04	1.003811E-17	4.003544E-18
1.495630E+04	1.003375E-17	4.004438E-18
1.495690E+04	1.006944E-17	4.020153E-18
1.495750E+04	1.002203E-17	4.127969E-18
1.495810E+04	1.003764E-17	4.128395E-18
1.495870E+04	1.002055E-17	4.122092E-18
1.495930E+04	1.000445E-17	4.139363E-18
1.495990E+04	1.007908E-17	4.147933E-18
1.496050E+04	1.008308E-17	4.181485E-18
1.496110E+04	1.010842E-17	4.181362E-18
1.496170E+04	1.015235E-17	4.191312E-18
1.496230E+04	1.010468E-17	4.163507E-18
1.496290E+04	1.003256E-17	4.126218E-18
1.496350E+04	1.000348E-17	4.123267E-18
1.496410E+04	1.002208E-17	4.149700E-18
1.496470E+04	1.012280E-17	4.166878E-18
1.496530E+04	1.012168E-17	4.176345E-18
1.496590E+04	1.012206E-17	4.205584E-18
1.496650E+04	1.012082E-17	4.209120E-18
1.496709E+04	1.012682E-17	4.208377E-18
1.496769E+04	1.011597E-17	4.202032E-18
1.496830E+04	1.015928E-17	4.220310E-18
1.496890E+04	1.018762E-17	4.228346E-18
1.496950E+04	1.022307E-17	4.251901E-18
1.497010E+04	1.025353E-17	4.243113E-18
1.497070E+04	1.027563E-17	4.266561E-18
1.497130E+04	1.032694E-17	4.252024E-18
1.497190E+04	1.033082E-17	4.254122E-18
1.497250E+04	1.039349E-17	4.252619E-18
1.497310E+04	1.037677E-17	4.215797E-18
1.497370E+04	1.032160E-17	4.202111E-18
1.497430E+04	1.035332E-17	4.210439E-18
1.497490E+04	1.040763E-17	4.206454E-18
1.497550E+04	1.041974E-17	4.281214E-18
1.497610E+04	1.045895E-17	4.290856E-18
1.497670E+04	1.042126E-17	4.276666E-18
1.497730E+04	1.039468E-17	4.237326E-18
1.497790E+04	1.037558E-17	4.231862E-18
1.497850E+04	1.040805E-17	4.214864E-18
1.497910E+04	1.050406E-17	4.340331E-18
1.497970E+04	1.060569E-17	4.358017E-18
1.498030E+04	1.070158E-17	4.391576E-18
1.498090E+04	1.078661E-17	4.416444E-18
1.498150E+04	1.078188E-17	4.400920E-18
1.498210E+04	1.078788E-17	4.403040E-18
1.498270E+04	1.082423E-17	4.416956E-18
1.498330E+04	1.088979E-17	4.436620E-18
1.498390E+04	1.088930E-17	4.435367E-18
1.498450E+04	1.086260E-17	4.450498E-18
1.498510E+04	1.098572E-17	4.482600E-18
1.498570E+04	1.108449E-17	4.549878E-18
1.498630E+04	1.104768E-17	4.549843E-18
1.498690E+04	1.111949E-17	4.521692E-18
1.498750E+04	1.113374E-17	4.537534E-18
1.498810E+04	1.118370E-17	4.545626E-18
1.498870E+04	1.122417E-17	4.545321E-18
1.498930E+04	1.118061E-17	4.536790E-18
1.498990E+04	1.113730E-17	4.559368E-18
1.499050E+04	1.115055E-17	4.550715E-18
1.499110E+04	1.119665E-17	4.543722E-18
1.499170E+04	1.122751E-17	4.554057E-18
1.499230E+04	1.122240E-17	4.557407E-18
1.499290E+04	1.126813E-17	4.547764E-18
1.499350E+04	1.130486E-17	4.551974E-18
1.499410E+04	1.132411E-17	4.556995E-18
1.499470E+04	1.136584E-17	4.590727E-18
1.499530E+04	1.140245E-17	4.597258E-18
1.499590E+04	1.143918E-17	4.608382E-18
1.499650E+04	1.145806E-17	4.620569E-18
1.499710E+04	1.144721E-17	4.618062E-18
1.499770E+04	1.142713E-17	4.608887E-18
1.499830E+04	1.141303E-17	4.613793E-18
1.499890E+04	1.142442E-17	4.654422E-18
1.499950E+04	1.146790E-17	4.778610E-18
1.500010E+04	1.149565E-17	4.889163E-18
1.500070E+04	1.151390E-17	4.974018E-18
1.500130E+04	1.153590E-17	5.038793E-18
1.500190E+04	1.158026E-17	5.084788E-18
1.500250E+04	1.157866E-17	5.023304E-18
1.500310E+04	1.156319E-17	5.034002E-18
1.500370E+04	1.155197E-17	5.039753E-18
1.500430E+04	1.151852E-17	5.021898E-18
1.500490E+04	1.147432E-17	5.013498E-18
1.500550E+04	1.149495E-17	4.976036E-18
1.500610E+04	1.148086E-17	4.973416E-18
1.500670E+04	1.147313E-17	4.969819E-18
1.500730E+04	1.142356E-17	4.962641E-18
1.500790E+04	1.140647E-17	5.005341E-18
1.500850E+04	1.139274E-17	4.998794E-18
1.500910E+04	1.140388E-17	5.028019E-18
1.500971E+04	1.139016E-17	5.024705E-18
1.501031E+04	1.140742E-17	5.060735E-18
1.501091E+04	1.149363E-17	5.050438E-18
1.501151E+04	1.155649E-17	5.036159E-18
1.501211E+04	1.157012E-17	5.031946E-18
1.501271E+04	1.161949E-17	5.054701E-18
1.501331E+04	1.163650E-17	5.099816E-18
1.501391E+04	1.161279E-17	5.143740E-18
1.501451E+04	1.161043E-17	5.141306E-18
1.501511E+04	1.163694E-17	5.148688E-18
1.501571E+04	1.166270E-17	5.143059E-18
1.501631E+04	1.165060E-17	5.134432E-18
1.501691E+04	1.165449E-17	5.141291E-18
1.501751E+04	1.168900E-17	5.137078E-18
1.501811E+04	1.175449E-17	5.153673E-18
1.501871E+04	1.180786E-17	5.226587E-18
1.501931E+04	1.183637E-17	5.254886E-18
1.501991E+04	1.186438E-17	5.297966E-18
1.502051E+04	1.187802E-17	5.224211E-18
1.502111E+04	1.188892E-17	5.219817E-18
1.502171E+04	1.190656E-17	5.252411E-18
1.502231E+04	1.190121E-17	5.257344E-18
1.502291E+04	1.190486E-17	5.252676E-18
1.502351E+04	1.192974E-17	5.260756E-18
1.502411E+04	1.194126E-17	5.196411E-18
1.502531E+04	1.196043E-17	5.200867E-18
1.502591E+04	1.191147E-17	5.163446E-18
1.502651E+04	1.194598E-17	5.159852E-18
1.502711E+04	1.196138E-17	5.159317E-18
1.502771E+04	1.195615E-17	5.152050E-18
1.502831E+04	1.195917E-17	5.149823E-18
1.502891E+04	1.195407E-17	5.146396E-18
1.502951E+04	1.194210E-17	5.168209E-18
1.503011E+04	1.194137E-17	5.277285E-18
1.503071E+04	1.194965E-17	5.254097E-18
1.503131E+04	1.194304E-17	5.276368E-18
1.503191E+04	1.190482E-17	5.287470E-18
1.503251E+04	1.186198E-17	5.268375E-18
1.503311E+04	1.184150E-17	5.249137E-18
1.503371E+04	1.177566E-17	5.322572E-18
1.503431E+04	1.173444E-17	5.301912E-18
1.503491E+04	1.171433E-17	5.298004E-18
1.503551E+04	1.171723E-17	5.274497E-18
1.503611E+04	1.171775E-17	5.271384E-18
1.503671E+04	1.170389E-17	5.256159E-18
1.503731E+04	1.165667E-17	5.240735E-18
1.503791E+04	1.160681E-17	5.224807E-18
1.503851E+04	1.160146E-17	5.202962E-18
1.503911E+04	1.155835E-17	5.192758E-18
1.503971E+04	1.151475E-17	5.181435E-18
1.504031E+04	1.149839E-17	5.162428E-18
1.504091E+04	1.146115E-17	5.135046E-18
1.504151E+04	1.142380E-17	5.126054E-18
1.504211E+04	1.135893E-17	5.141942E-18
1.504271E+04	1.131320E-17	5.189648E-18
1.504331E+04	1.128058E-17	5.182572E-18
1.504391E+04	1.129110E-17	5.166709E-18
1.504451E+04	1.131737E-17	5.153449E-18
1.504511E+04	1.127650E-17	5.050847E-18
1.504571E+04	1.128914E-17	4.989417E-18
1.504631E+04	1.133578E-17	4.906043E-18
1.504691E+04	1.132955E-17	4.823621E-18
1.504751E+04	1.130306E-17	4.787625E-18
1.504811E+04	1.126844E-17	4.804917E-18
1.504871E+04	1.126270E-17	4.813462E-18
1.504931E+04	1.127409E-17	4.837838E-18
1.504991E+04	1.130236E-17	4.882556E-18
1.505052E+04	1.127262E-17	4.999546E-18
1.505412E+04	1.126982E-17	4.998454E-18
1.505472E+04	1.126046E-17	5.012483E-18
1.505592E+04	1.123935E-17	5.049000E-18
1.505712E+04	1.122587E-17	5.063833E-18
1.505772E+04	1.121600E-17	5.147463E-18
1.505832E+04	1.116587E-17	5.367053E-18
1.505892E+04	1.109311E-17	5.438171E-18
1.505952E+04	1.102872E-17	5.499767E-18
1.506012E+04	1.103898E-17	5.507126E-18
1.506072E+04	1.101073E-17	5.503128E-18
1.506252E+04	1.097161E-17	5.492956E-18
1.506312E+04	1.092585E-17	5.493736E-18
1.506372E+04	1.090322E-17	5.483160E-18
1.506432E+04	1.085946E-17	5.442612E-18
1.506492E+04	1.082420E-17	5.402671E-18
1.506552E+04	1.083046E-17	5.426506E-18
1.506612E+04	1.079169E-17	5.418997E-18
1.506672E+04	1.076856E-17	5.413803E-18
1.506972E+04	1.069567E-17	5.402171E-18
1.507032E+04	1.070668E-17	5.398920E-18
1.507092E+04	1.069580E-17	5.393928E-18
1.507152E+04	1.069768E-17	5.392048E-18
1.507212E+04	1.068330E-17	5.323432E-18
1.507272E+04	1.069181E-17	5.314966E-18
1.507332E+04	1.068369E-17	5.246407E-18
1.507392E+04	1.065442E-17	5.274361E-18
1.507452E+04	1.063791E-17	5.327558E-18
1.507512E+04	1.066956E-17	5.358167E-18
1.507572E+04	1.068808E-17	5.360690E-18
1.507632E+04	1.070547E-17	5.378308E-18
1.507692E+04	1.069997E-17	5.380426E-18
1.507752E+04	1.069247E-17	5.373888E-18
1.507812E+04	1.075402E-17	5.391244E-18
1.507872E+04	1.076991E-17	5.450018E-18
1.507932E+04	1.070399E-17	5.427558E-18
1.507992E+04	1.069223E-17	5.415294E-18
1.508052E+04	1.064933E-17	5.407270E-18
1.508112E+04	1.062093E-17	5.407249E-18
1.508172E+04	1.062381E-17	5.421249E-18
1.508232E+04	1.065659E-17	5.409521E-18
1.508292E+04	1.064646E-17	5.369664E-18
1.508352E+04	1.064133E-17	5.381824E-18
1.508412E+04	1.064746E-17	5.399699E-18
1.508472E+04	1.065172E-17	5.419725E-18
1.508892E+04	1.066100E-17	5.450748E-18
1.508952E+04	1.066550E-17	5.464340E-18
1.509012E+04	1.065124E-17	5.454998E-18
1.509072E+04	1.064461E-17	5.457804E-18
1.509132E+04	1.064073E-17	5.554965E-18
1.509193E+04	1.067177E-17	5.573069E-18
1.509253E+04	1.066889E-17	5.573147E-18
1.509313E+04	1.067828E-17	5.596469E-18
1.509373E+04	1.067090E-17	5.600160E-18
1.509433E+04	1.067978E-17	5.734044E-18
1.509493E+04	1.065601E-17	5.755322E-18
1.509553E+04	1.065451E-17	5.755129E-18
1.509613E+04	1.068542E-17	5.763171E-18
1.509673E+04	1.070319E-17	5.790940E-18
1.509733E+04	1.070695E-17	5.827452E-18
1.509793E+04	1.070057E-17	5.826381E-18
1.509853E+04	1.072485E-17	5.856838E-18
1.509913E+04	1.073712E-17	5.849449E-18
1.509973E+04	1.075389E-17	5.857531E-18
1.510033E+04	1.079682E-17	5.865135E-18
1.510093E+04	1.086703E-17	5.861570E-18
1.510153E+04	1.090220E-17	5.856145E-18
1.510213E+04	1.092023E-17	5.821029E-18
1.510273E+04	1.093312E-17	5.821386E-18
1.510333E+04	1.096529E-17	5.826546E-18
1.510393E+04	1.098707E-17	5.827627E-18
1.510453E+04	1.096530E-17	5.789140E-18
1.510513E+04	1.098145E-17	5.790158E-18
1.510573E+04	1.102301E-17	5.814669E-18
1.510633E+04	1.105305E-17	5.826900E-18
1.510693E+04	1.110225E-17	5.714153E-18
1.510753E+04	1.111039E-17	5.719353E-18
1.510813E+04	1.108423E-17	5.708321E-18
1.510873E+04	1.107573E-17	5.680321E-18
1.510993E+04	1.110703E-17	5.671922E-18
1.511053E+04	1.115999E-17	5.567986E-18
1.511113E+04	1.119341E-17	5.418394E-18
1.511173E+04	1.121182E-17	5.332905E-18
1.511233E+04	1.123411E-17	5.241836E-18
1.511293E+04	1.124839E-17	5.217683E-18
1.511353E+04	1.129208E-17	5.222717E-18
1.511413E+04	1.132539E-17	5.244502E-18
1.511473E+04	1.137497E-17	5.248619E-18
1.511533E+04	1.137385E-17	5.249763E-18
1.511593E+04	1.135709E-17	5.246057E-18
1.511653E+04	1.135096E-17	5.244433E-18
1.511713E+04	1.137350E-17	5.231651E-18
1.511773E+04	1.139041E-17	5.242337E-18
1.511833E+04	1.142359E-17	5.269678E-18
1.511892E+04	1.146379E-17	5.274871E-18
1.511952E+04	1.150912E-17	5.269120E-18
1.512012E+04	1.154907E-17	5.284701E-18
1.512072E+04	1.156460E-17	5.301271E-18
1.512132E+04	1.155973E-17	5.296121E-18
1.512192E+04	1.157727E-17	5.293551E-18
1.512252E+04	1.162911E-17	5.308013E-18
1.512312E+04	1.166518E-17	5.291180E-18
1.512372E+04	1.173230E-17	5.250183E-18
1.512432E+04	1.174346E-17	5.206050E-18
1.512492E+04	1.172657E-17	5.227239E-18
1.512552E+04	1.168313E-17	5.204893E-18
1.512612E+04	1.164758E-17	5.200957E-18
1.512672E+04	1.162467E-17	5.234457E-18
1.512732E+04	1.156421E-17	5.238377E-18
1.512792E+04	1.151788E-17	5.173869E-18
1.512852E+04	1.146505E-17	5.168147E-18
1.512912E+04	1.143613E-17	5.162539E-18
1.512972E+04	1.142787E-17	5.164585E-18
1.513032E+04	1.139670E-17	5.182275E-18
1.513092E+04	1.135138E-17	5.167109E-18
1.513152E+04	1.132909E-17	5.214109E-18
1.513212E+04	1.131570E-17	5.151080E-18
1.513273E+04	1.131445E-17	5.131888E-18
1.513333E+04	1.130281E-17	5.063899E-18
1.513393E+04	1.131935E-17	5.012737E-18
1.513453E+04	1.128930E-17	4.963613E-18
1.513513E+04	1.121579E-17	4.977262E-18
1.513573E+04	1.118411E-17	4.875029E-18
1.513633E+04	1.120966E-17	4.880881E-18
1.513693E+04	1.121443E-17	4.789971E-18
1.513753E+04	1.119364E-17	4.804705E-18
1.513813E+04	1.118663E-17	4.803929E-18
1.513873E+04	1.119690E-17	4.787038E-18
1.513933E+04	1.122559E-17	4.829453E-18
1.513993E+04	1.125703E-17	4.736978E-18
1.514053E+04	1.126818E-17	4.706775E-18
1.514113E+04	1.127432E-17	4.738744E-18
1.514173E+04	1.125166E-17	4.754117E-18
1.514233E+04	1.123049E-17	4.778640E-18
1.514293E+04	1.119593E-17	4.716145E-18
1.514353E+04	1.119380E-17	4.728229E-18
1.514413E+04	1.119881E-17	4.668631E-18
1.514473E+04	1.113807E-17	4.616502E-18
1.514533E+04	1.114446E-17	4.611501E-18
1.514593E+04	1.117477E-17	4.611031E-18
1.514653E+04	1.116613E-17	4.643449E-18
1.514713E+04	1.121148E-17	4.696142E-18
1.514773E+04	1.126272E-17	4.700874E-18
1.514833E+04	1.126786E-17	4.698775E-18
1.514893E+04	1.125634E-17	4.703717E-18
1.514953E+04	1.126185E-17	4.690797E-18
1.515013E+04	1.125346E-17	4.680756E-18
1.515073E+04	1.125209E-17	4.728437E-18
1.515133E+04	1.123793E-17	4.669851E-18
1.515193E+04	1.125723E-17	4.633412E-18
1.515253E+04	1.122366E-17	4.621649E-18
1.515313E+04	1.122278E-17	4.653666E-18
1.515373E+04	1.121777E-17	4.650030E-18
1.515433E+04	1.117581E-17	4.640916E-18
1.515493E+04	1.116942E-17	4.630949E-18
1.515553E+04	1.122392E-17	4.626943E-18
1.515613E+04	1.122718E-17	4.571489E-18
1.515673E+04	1.126076E-17	4.528111E-18
1.515733E+04	1.131764E-17	4.541112E-18
1.515793E+04	1.136726E-17	4.570619E-18
1.515853E+04	1.139119E-17	4.619053E-18
1.515913E+04	1.133106E-17	4.586469E-18
1.515973E+04	1.131790E-17	4.594174E-18
1.516033E+04	1.131402E-17	4.616880E-18
1.516093E+04	1.133645E-17	4.621627E-18
1.516153E+04	1.132054E-17	4.621853E-18
1.516213E+04	1.130977E-17	4.602610E-18
1.516273E+04	1.129436E-17	4.593066E-18
1.516333E+04	1.127632E-17	4.567488E-18
1.516393E+04	1.125251E-17	4.555148E-18
1.516453E+04	1.125653E-17	4.559952E-18
1.516513E+04	1.127269E-17	4.560285E-18
1.516573E+04	1.126104E-17	4.533912E-18
1.516633E+04	1.126204E-17	4.536592E-18
1.516693E+04	1.125854E-17	4.565628E-18
1.516753E+04	1.126919E-17	4.562794E-18
1.516813E+04	1.130491E-17	4.569761E-18
1.516873E+04	1.128035E-17	4.572371E-18
1.516933E+04	1.127208E-17	4.571296E-18
1.516993E+04	1.124714E-17	4.543698E-18
1.517053E+04	1.123210E-17	4.538501E-18
1.517113E+04	1.127559E-17	4.542279E-18
1.517173E+04	1.129063E-17	4.498383E-18
1.517233E+04	1.128048E-17	4.467763E-18
1.517293E+04	1.122484E-17	4.444745E-18
1.517354E+04	1.114325E-17	4.436054E-18
1.517414E+04	1.106994E-17	4.433484E-18
1.517474E+04	1.101893E-17	4.419525E-18
1.517534E+04	1.097155E-17	4.372039E-18
1.517594E+04	1.103559E-17	4.398399E-18
1.517654E+04	1.104787E-17	4.341194E-18
1.517714E+04	1.102067E-17	4.298536E-18
1.517774E+04	1.098069E-17	4.288532E-18
1.517834E+04	1.100024E-17	4.276461E-18
1.517894E+04	1.105175E-17	4.277787E-18
1.517954E+04	1.096902E-17	4.259189E-18
1.518014E+04	1.089795E-17	4.264113E-18
1.518074E+04	1.093166E-17	4.310007E-18
1.518134E+04	1.089193E-17	4.328233E-18
1.518194E+04	1.089669E-17	4.335950E-18
1.518674E+04	1.088737E-17	4.325156E-18
1.518794E+04	1.086831E-17	4.339574E-18
1.518854E+04	1.086943E-17	4.342611E-18
1.518914E+04	1.086404E-17	4.298506E-18
1.518974E+04	1.085062E-17	4.222235E-18
1.519034E+04	1.081576E-17	4.212770E-18
1.519094E+04	1.079946E-17	4.186182E-18
1.519154E+04	1.080785E-17	4.166708E-18
1.519214E+04	1.078415E-17	4.090067E-18
1.519274E+04	1.075217E-17	4.088111E-18
1.519334E+04	1.074201E-17	4.072277E-18
1.519394E+04	1.071405E-17	4.069521E-18
1.519454E+04	1.068721E-17	4.059460E-18
1.519514E+04	1.065561E-17	4.051965E-18
1.519574E+04	1.058802E-17	4.035747E-18
1.519634E+04	1.055203E-17	3.985200E-18
1.519694E+04	1.054562E-17	3.966030E-18
1.519754E+04	1.056492E-17	3.975253E-18
1.519814E+04	1.056178E-17	3.977839E-18
1.519874E+04	1.052077E-17	3.967542E-18
1.519934E+04	1.049330E-17	3.940958E-18
1.519994E+04	1.046207E-17	3.933875E-18
1.520054E+04	1.040137E-17	3.868255E-18
1.520114E+04	1.032550E-17	3.855283E-18
1.520174E+04	1.029213E-17	3.859600E-18
1.520234E+04	1.024158E-17	3.848955E-18
1.520294E+04	1.016420E-17	3.765081E-18
1.520354E+04	1.013108E-17	3.760200E-18
1.520414E+04	1.011803E-17	3.807439E-18
1.520474E+04	1.009607E-17	3.811245E-18
1.520534E+04	1.014182E-17	3.812546E-18
1.520594E+04	1.012714E-17	3.809759E-18
1.520654E+04	1.015295E-17	3.827786E-18
1.520714E+04	1.020611E-17	3.850841E-18
1.520774E+04	1.025337E-17	3.895170E-18
1.520834E+04	1.027054E-17	3.921300E-18
1.520894E+04	1.036007E-17	3.958232E-18
1.520954E+04	1.037147E-17	3.947486E-18
1.521014E+04	1.032706E-17	3.898265E-18
1.521074E+04	1.030397E-17	3.893538E-18
1.521134E+04	1.029079E-17	3.873917E-18
1.521194E+04	1.026231E-17	3.868846E-18
1.521254E+04	1.029452E-17	3.877460E-18
1.521314E+04	1.039108E-17	3.894740E-18
1.521374E+04	1.045416E-17	3.910496E-18
1.521434E+04	1.045289E-17	3.911586E-18
1.521495E+04	1.048147E-17	3.918540E-18
1.521555E+04	1.053100E-17	3.934331E-18
1.521615E+04	1.059383E-17	3.947310E-18
1.521675E+04	1.065954E-17	3.925334E-18
1.521735E+04	1.066417E-17	3.934216E-18
1.521795E+04	1.065990E-17	3.935352E-18
1.521855E+04	1.065349E-17	3.930583E-18
1.521915E+04	1.064182E-17	3.935538E-18
1.521975E+04	1.064833E-17	3.933634E-18
1.522035E+04	1.063326E-17	3.975019E-18
1.522095E+04	1.064291E-17	4.002379E-18
1.522155E+04	1.068128E-17	4.012450E-18
1.522215E+04	1.071238E-17	4.038203E-18
1.522275E+04	1.068277E-17	4.025295E-18
1.522335E+04	1.068640E-17	4.013533E-18
1.522395E+04	1.069002E-17	3.998268E-18
1.522455E+04	1.074583E-17	4.010249E-18
1.522515E+04	1.073315E-17	4.010971E-18
1.522575E+04	1.075221E-17	3.989136E-18
1.522635E+04	1.076337E-17	3.976739E-18
1.522695E+04	1.078067E-17	3.966395E-18
1.522755E+04	1.079333E-17	3.996755E-18
1.522815E+04	1.080223E-17	4.003092E-18
1.522875E+04	1.080585E-17	3.988923E-18
1.522935E+04	1.078765E-17	3.982469E-18
1.522995E+04	1.078676E-17	3.916994E-18
1.523055E+04	1.079779E-17	3.903407E-18
1.523115E+04	1.082702E-17	3.985481E-18
1.523175E+04	1.084884E-17	4.014919E-18
1.523235E+04	1.089512E-17	4.005957E-18
1.523295E+04	1.092334E-17	3.986163E-18
1.523355E+04	1.093713E-17	3.992405E-18
1.523415E+04	1.095782E-17	4.060831E-18
1.523475E+04	1.096685E-17	4.062199E-18
1.523535E+04	1.096508E-17	4.061118E-18
1.523655E+04	1.099806E-17	4.063278E-18
1.523715E+04	1.104599E-17	4.074207E-18
1.523775E+04	1.105187E-17	4.078596E-18
1.523835E+04	1.105350E-17	4.082406E-18
1.523895E+04	1.108323E-17	4.125949E-18
1.523955E+04	1.113077E-17	4.129255E-18
1.524015E+04	1.114658E-17	4.141873E-18
1.524075E+04	1.114080E-17	4.144916E-18
1.524135E+04	1.119412E-17	4.153374E-18
1.524195E+04	1.123389E-17	4.160679E-18
1.524255E+04	1.126638E-17	4.116306E-18
1.524315E+04	1.128419E-17	4.121023E-18
1.524375E+04	1.125859E-17	4.119139E-18
1.524435E+04	1.128820E-17	4.141302E-18
1.524495E+04	1.130789E-17	4.163271E-18
1.524555E+04	1.127463E-17	4.153542E-18
1.524615E+04	1.126195E-17	4.134503E-18
1.524675E+04	1.124927E-17	4.138270E-18
1.524735E+04	1.130648E-17	4.166898E-18
1.524795E+04	1.134275E-17	4.214438E-18
1.524855E+04	1.136558E-17	4.209185E-18
1.524915E+04	1.136382E-17	4.206146E-18
1.524975E+04	1.136996E-17	4.183201E-18
1.525035E+04	1.134310E-17	4.176249E-18
1.525095E+04	1.131786E-17	4.168508E-18
1.525155E+04	1.131497E-17	4.168023E-18
1.525215E+04	1.128785E-17	4.155277E-18
1.525275E+04	1.125785E-17	4.140870E-18
1.525335E+04	1.124002E-17	4.099958E-18
1.525395E+04	1.125796E-17	4.050587E-18
1.525455E+04	1.125469E-17	4.035704E-18
1.525515E+04	1.125832E-17	4.032855E-18
1.525576E+04	1.123924E-17	4.031439E-18
1.525636E+04	1.124588E-17	4.049524E-18
1.525696E+04	1.123533E-17	4.051647E-18
1.525756E+04	1.122854E-17	4.061432E-18
1.525816E+04	1.125916E-17	4.079161E-18
1.525876E+04	1.128614E-17	4.095161E-18
1.525936E+04	1.129140E-17	4.104357E-18
1.525996E+04	1.132930E-17	4.119782E-18
1.526056E+04	1.132729E-17	4.124588E-18
1.526116E+04	1.135678E-17	4.135188E-18
1.526176E+04	1.133769E-17	4.132959E-18
1.526236E+04	1.134835E-17	4.135418E-18
1.526296E+04	1.136667E-17	4.139711E-18
1.526356E+04	1.137030E-17	4.139032E-18
1.526416E+04	1.138046E-17	4.137036E-18
1.526476E+04	1.140004E-17	4.175159E-18
1.526536E+04	1.144196E-17	4.226462E-18
1.526596E+04	1.148940E-17	4.234336E-18
1.526656E+04	1.150521E-17	4.219016E-18
1.526716E+04	1.151864E-17	4.216073E-18
1.526776E+04	1.151512E-17	4.184951E-18
1.526836E+04	1.154310E-17	4.189344E-18
1.526896E+04	1.156293E-17	4.195283E-18
1.526956E+04	1.152551E-17	4.217314E-18
1.527016E+04	1.154685E-17	4.228283E-18
1.527075E+04	1.158639E-17	4.239318E-18
1.527135E+04	1.162003E-17	4.296701E-18
1.527195E+04	1.168568E-17	4.445515E-18
1.527255E+04	1.171393E-17	4.498497E-18
1.527315E+04	1.173363E-17	4.491424E-18
1.527375E+04	1.176753E-17	4.474421E-18
1.527435E+04	1.181071E-17	4.483197E-18
1.527495E+04	1.183494E-17	4.538244E-18
1.527555E+04	1.186293E-17	4.566300E-18
1.527615E+04	1.187373E-17	4.545842E-18
1.527675E+04	1.187259E-17	4.468113E-18
1.527735E+04	1.185589E-17	4.452210E-18
1.527795E+04	1.186291E-17	4.471262E-18
1.527855E+04	1.189292E-17	4.477682E-18
1.527915E+04	1.193335E-17	4.486498E-18
1.527975E+04	1.194540E-17	4.452344E-18
1.528035E+04	1.197590E-17	4.480203E-18
1.528095E+04	1.202274E-17	4.501358E-18
1.528155E+04	1.205249E-17	4.508560E-18
1.528215E+04	1.207246E-17	4.517739E-18
1.528275E+04	1.210460E-17	4.523318E-18
1.528335E+04	1.213021E-17	4.554172E-18
1.528395E+04	1.213925E-17	4.531079E-18
1.528455E+04	1.216009E-17	4.537418E-18
1.528755E+04	1.219989E-17	4.538839E-18
1.528875E+04	1.223530E-17	4.590346E-18
1.528935E+04	1.223894E-17	4.602518E-18
1.528995E+04	1.226154E-17	4.609069E-18
1.529055E+04	1.229997E-17	4.619363E-18
1.529115E+04	1.235359E-17	4.631343E-18
1.529175E+04	1.237871E-17	4.638055E-18
1.529235E+04	1.238512E-17	4.671085E-18
1.529295E+04	1.238524E-17	4.654733E-18
1.529355E+04	1.242380E-17	4.652841E-18
1.529415E+04	1.241513E-17	4.653906E-18
1.529475E+04	1.240144E-17	4.669103E-18
1.529535E+04	1.238147E-17	4.631079E-18
1.529595E+04	1.236175E-17	4.592049E-18
1.529655E+04	1.235308E-17	4.589096E-18
1.529716E+04	1.235634E-17	4.589600E-18
1.529776E+04	1.233449E-17	4.579974E-18
1.529836E+04	1.231790E-17	4.576442E-18
1.529896E+04	1.234039E-17	4.583700E-18
1.529956E+04	1.235382E-17	4.591317E-18
1.530016E+04	1.234515E-17	4.621161E-18
1.530076E+04	1.233422E-17	4.618677E-18
1.530136E+04	1.235005E-17	4.621321E-18
1.530196E+04	1.232078E-17	4.624989E-18
1.530256E+04	1.231500E-17	4.625668E-18
1.530316E+04	1.231223E-17	4.627014E-18
1.530376E+04	1.233433E-17	4.630544E-18
1.530436E+04	1.232968E-17	4.614336E-18
1.530496E+04	1.234538E-17	4.613667E-18
1.530556E+04	1.238608E-17	4.610750E-18
1.530616E+04	1.239989E-17	4.601453E-18
1.530676E+04	1.241823E-17	4.592919E-18
1.530736E+04	1.246823E-17	4.591030E-18
1.530796E+04	1.248292E-17	4.580679E-18
1.530856E+04	1.249297E-17	4.568816E-18
1.530916E+04	1.253091E-17	4.562683E-18
1.530976E+04	1.255854E-17	4.550669E-18
1.531036E+04	1.258166E-17	4.536127E-18
1.531096E+04	1.259937E-17	4.520083E-18
1.531156E+04	1.261457E-17	4.497856E-18
1.531216E+04	1.262098E-17	4.476231E-18
1.531276E+04	1.262864E-17	4.477569E-18
1.531336E+04	1.260489E-17	4.439749E-18
1.531396E+04	1.257361E-17	4.419356E-18
1.531456E+04	1.254521E-17	4.413600E-18
1.531516E+04	1.257762E-17	4.427867E-18
1.531576E+04	1.259282E-17	4.429980E-18
1.531636E+04	1.259295E-17	4.436879E-18
1.531696E+04	1.258427E-17	4.445240E-18
1.531756E+04	1.260953E-17	4.435169E-18
1.531816E+04	1.262850E-17	4.440773E-18
1.531876E+04	1.267008E-17	4.487583E-18
1.531936E+04	1.269534E-17	4.487979E-18
1.531996E+04	1.268541E-17	4.396907E-18
1.532056E+04	1.268679E-17	4.374327E-18
1.532116E+04	1.271204E-17	4.371992E-18
1.532176E+04	1.271217E-17	4.379737E-18
1.532236E+04	1.269847E-17	4.380939E-18
1.532296E+04	1.267849E-17	4.331169E-18
1.532356E+04	1.266102E-17	4.304755E-18
1.532416E+04	1.265235E-17	4.301542E-18
1.532476E+04	1.266629E-17	4.303624E-18
1.532536E+04	1.270662E-17	4.301199E-18
1.532596E+04	1.271931E-17	4.289852E-18
1.532656E+04	1.274834E-17	4.301791E-18
1.533136E+04	1.275058E-17	4.299998E-18
1.533196E+04	1.274442E-17	4.288926E-18
1.533256E+04	1.273198E-17	4.261500E-18
1.533316E+04	1.272079E-17	4.244041E-18
1.533376E+04	1.271211E-17	4.242560E-18
1.533436E+04	1.270344E-17	4.240759E-18
1.533496E+04	1.269728E-17	4.235928E-18
1.533556E+04	1.269363E-17	4.199246E-18
1.533616E+04	1.269124E-17	4.223756E-18
1.533676E+04	1.268884E-17	4.233975E-18
1.533736E+04	1.268897E-17	4.268712E-18
1.533797E+04	1.269160E-17	4.235852E-18
1.533857E+04	1.269675E-17	4.224563E-18
1.533917E+04	1.270441E-17	4.225018E-18
1.533977E+04	1.271836E-17	4.221273E-18
1.534037E+04	1.273859E-17	4.214436E-18
1.534097E+04	1.276134E-17	4.214374E-18
1.534157E+04	1.275015E-17	4.155747E-18
1.534217E+04	1.272262E-17	4.148082E-18
1.534277E+04	1.271897E-17	4.146985E-18
1.534337E+04	1.275177E-17	4.154197E-18
1.534397E+04	1.276446E-17	4.120944E-18
1.534457E+04	1.274824E-17	4.117268E-18
1.534517E+04	1.276219E-17	4.121741E-18
1.534577E+04	1.276608E-17	4.118977E-18
1.534637E+04	1.275866E-17	4.117195E-18
1.534697E+04	1.277135E-17	4.126547E-18
1.534757E+04	1.276141E-17	4.126453E-18
1.534817E+04	1.277411E-17	4.128284E-18
1.534877E+04	1.281697E-17	4.131402E-18
1.534937E+04	1.284600E-17	4.096640E-18
1.534997E+04	1.286246E-17	4.102573E-18
1.535057E+04	1.287390E-17	4.105117E-18
1.535117E+04	1.289791E-17	4.103401E-18
1.535177E+04	1.288923E-17	4.099668E-18
1.535237E+04	1.282523E-17	4.081871E-18
1.535297E+04	1.277256E-17	4.067386E-18
1.535357E+04	1.279530E-17	4.073073E-18
1.535417E+04	1.280800E-17	4.077261E-18
1.535477E+04	1.280560E-17	4.078874E-18
1.535537E+04	1.277178E-17	4.073836E-18
1.535597E+04	1.276184E-17	4.076531E-18
1.535657E+04	1.275064E-17	4.093703E-18
1.535717E+04	1.275202E-17	4.096092E-18
1.535777E+04	1.275466E-17	4.099490E-18
1.535837E+04	1.276106E-17	4.100606E-18
1.535897E+04	1.276244E-17	4.103690E-18
1.535957E+04	1.275124E-17	4.100656E-18
1.536017E+04	1.274633E-17	4.098311E-18
1.536077E+04	1.271879E-17	4.089851E-18
1.536137E+04	1.270633E-17	4.087357E-18
1.536197E+04	1.273411E-17	4.093292E-18
1.536257E+04	1.269777E-17	4.086485E-18
1.536317E+04	1.274315E-17	4.140586E-18
1.536377E+04	1.269549E-17	4.190168E-18
1.536437E+04	1.264783E-17	4.185150E-18
1.536497E+04	1.260645E-17	4.172465E-18
1.536557E+04	1.260028E-17	4.167554E-18
1.536617E+04	1.257198E-17	4.153642E-18
1.536677E+04	1.255009E-17	4.161761E-18
1.536737E+04	1.256002E-17	4.173215E-18
1.536797E+04	1.258440E-17	4.171872E-18
1.536857E+04	1.261218E-17	4.176038E-18
1.536917E+04	1.264373E-17	4.185382E-18
1.536977E+04	1.262876E-17	4.187663E-18
1.537037E+04	1.259996E-17	4.190736E-18
1.537097E+04	1.258247E-17	4.200585E-18
1.537157E+04	1.256586E-17	4.214423E-18
1.537217E+04	1.255918E-17	4.233648E-18
1.537277E+04	1.256860E-17	4.259208E-18
1.537337E+04	1.257249E-17	4.290107E-18
1.537397E+04	1.260945E-17	4.330495E-18
1.537457E+04	1.257687E-17	4.355563E-18
1.537517E+04	1.253297E-17	4.345330E-18
1.537577E+04	1.251712E-17	4.334474E-18
1.537637E+04	1.255672E-17	4.346651E-18
1.537697E+04	1.257733E-17	4.355406E-18
1.537757E+04	1.255808E-17	4.359389E-18
1.537817E+04	1.253317E-17	4.358376E-18
1.537877E+04	1.250989E-17	4.350388E-18
1.537938E+04	1.248435E-17	4.345237E-18
1.537998E+04	1.244221E-17	4.353393E-18
1.538058E+04	1.241188E-17	4.348781E-18
1.538118E+04	1.237527E-17	4.324702E-18
1.538178E+04	1.235174E-17	4.315361E-18
1.538238E+04	1.230268E-17	4.297664E-18
1.538298E+04	1.225122E-17	4.282087E-18
1.538358E+04	1.220316E-17	4.279229E-18
1.538418E+04	1.217925E-17	4.271109E-18
1.538478E+04	1.212012E-17	4.255672E-18
1.538538E+04	1.210790E-17	4.256128E-18
1.538598E+04	1.210801E-17	4.276028E-18
1.538658E+04	1.209605E-17	4.272898E-18
1.538718E+04	1.207792E-17	4.276505E-18
1.538778E+04	1.202029E-17	4.292123E-18
1.538838E+04	1.196606E-17	4.285816E-18
1.538898E+04	1.189573E-17	4.272342E-18
1.538958E+04	1.183043E-17	4.267971E-18
1.539018E+04	1.185267E-17	4.278861E-18
1.539078E+04	1.183203E-17	4.288740E-18
1.539138E+04	1.180609E-17	4.316264E-18
1.539198E+04	1.180872E-17	4.355786E-18
1.539258E+04	1.183159E-17	4.375305E-18
1.539318E+04	1.184679E-17	4.382524E-18
1.539378E+04	1.185885E-17	4.392174E-18
1.539438E+04	1.184637E-17	4.386174E-18
1.539498E+04	1.183289E-17	4.380514E-18
1.539678E+04	1.184881E-17	4.382269E-18
1.539738E+04	1.184225E-17	4.388468E-18
1.539798E+04	1.183543E-17	4.390054E-18
1.539858E+04	1.182019E-17	4.386901E-18
1.539918E+04	1.182734E-17	4.397764E-18
1.539978E+04	1.179474E-17	4.390258E-18
1.540038E+04	1.177823E-17	4.419360E-18
1.540098E+04	1.176953E-17	4.420209E-18
1.540158E+04	1.177178E-17	4.416482E-18
1.540218E+04	1.178194E-17	4.412932E-18
1.540278E+04	1.178721E-17	4.393476E-18
1.540338E+04	1.177083E-17	4.386130E-18
1.540398E+04	1.174502E-17	4.375834E-18
1.540458E+04	1.171857E-17	4.368641E-18
1.540518E+04	1.173327E-17	4.363798E-18
1.540578E+04	1.169840E-17	4.356778E-18
1.540638E+04	1.167824E-17	4.352416E-18
1.540698E+04	1.166614E-17	4.347139E-18
1.540758E+04	1.161328E-17	4.327217E-18
1.540818E+04	1.157500E-17	4.307326E-18
1.540878E+04	1.154793E-17	4.298296E-18
1.540938E+04	1.155268E-17	4.251875E-18
1.540998E+04	1.149755E-17	4.158589E-18
1.541058E+04	1.153426E-17	4.130496E-18
1.541118E+04	1.155613E-17	4.149366E-18
1.541178E+04	1.151484E-17	4.139898E-18
1.541238E+04	1.147065E-17	4.109730E-18
1.541298E+04	1.144873E-17	4.100284E-18
1.541358E+04	1.145990E-17	4.096298E-18
1.541418E+04	1.146365E-17	4.090573E-18
1.541478E+04	1.146400E-17	4.080093E-18
1.541538E+04	1.146498E-17	4.068004E-18
1.541598E+04	1.145678E-17	4.048581E-18
1.541658E+04	1.148494E-17	4.035901E-18
1.541718E+04	1.151373E-17	4.021489E-18
1.541778E+04	1.153761E-17	4.005137E-18
1.541838E+04	1.147517E-17	3.968598E-18
1.541898E+04	1.149792E-17	3.941231E-18
1.541958E+04	1.152948E-17	3.909459E-18
1.542019E+04	1.153814E-17	3.865242E-18
1.542079E+04	1.151533E-17	3.814247E-18
1.542139E+04	1.148145E-17	3.803750E-18
1.542199E+04	1.145550E-17	3.810981E-18
1.542259E+04	1.144528E-17	3.852785E-18
1.542318E+04	1.143053E-17	3.854207E-18
1.542378E+04	1.141804E-17	3.850322E-18
1.542438E+04	1.139637E-17	3.843555E-18
1.542498E+04	1.136589E-17	3.829481E-18
1.542558E+04	1.135126E-17	3.822458E-18
1.542618E+04	1.134167E-17	3.813028E-18
1.542678E+04	1.134138E-17	3.787388E-18
1.542738E+04	1.134966E-17	3.778897E-18
1.542858E+04	1.134822E-17	3.781335E-18
1.543338E+04	1.135352E-17	3.773328E-18
1.543398E+04	1.134959E-17	3.781636E-18
1.543458E+04	1.134415E-17	3.773500E-18
1.543518E+04	1.135331E-17	3.782649E-18
1.543578E+04	1.136247E-17	3.783487E-18
1.543638E+04	1.132430E-17	3.793241E-18
1.543698E+04	1.132062E-17	3.798547E-18
1.543758E+04	1.131417E-17	3.851071E-18
1.543818E+04	1.132572E-17	3.877282E-18
1.543878E+04	1.134998E-17	3.930623E-18
1.543938E+04	1.134731E-17	3.954171E-18
1.543998E+04	1.132286E-17	3.958016E-18
1.544058E+04	1.135278E-17	3.960643E-18
1.544118E+04	1.136786E-17	3.972406E-18
1.544178E+04	1.138860E-17	3.965186E-18
1.544238E+04	1.136931E-17	3.929029E-18
1.544298E+04	1.134951E-17	3.875458E-18
1.544358E+04	1.132985E-17	3.865022E-18
1.544418E+04	1.130804E-17	3.870427E-18
1.544478E+04	1.128711E-17	3.873949E-18
1.544538E+04	1.126744E-17	3.873861E-18
1.544598E+04	1.124915E-17	3.888982E-18
1.544658E+04	1.123288E-17	3.889436E-18
1.544718E+04	1.121875E-17	3.881408E-18
1.544778E+04	1.121305E-17	3.877578E-18
1.544838E+04	1.121541E-17	3.943398E-18
1.544898E+04	1.122583E-17	3.976431E-18
1.544958E+04	1.124757E-17	4.111528E-18
1.545018E+04	1.125346E-17	4.087395E-18
1.545078E+04	1.127772E-17	4.163500E-18
1.545138E+04	1.131055E-17	4.241586E-18
1.545198E+04	1.134237E-17	4.249137E-18
1.545258E+04	1.137469E-17	4.255983E-18
1.545318E+04	1.140286E-17	4.261939E-18
1.545378E+04	1.145004E-17	4.272007E-18
1.545438E+04	1.146952E-17	4.282226E-18
1.545498E+04	1.147705E-17	4.283568E-18
1.545558E+04	1.154236E-17	4.297407E-18
1.545618E+04	1.159697E-17	4.316358E-18
1.545678E+04	1.162766E-17	4.324350E-18
1.545738E+04	1.165218E-17	4.331007E-18
1.545798E+04	1.167721E-17	4.334933E-18
1.545858E+04	1.170223E-17	4.371772E-18
1.545918E+04	1.172159E-17	4.375746E-18
1.545978E+04	1.176273E-17	4.386713E-18
1.546038E+04	1.181030E-17	4.396789E-18
1.546099E+04	1.183873E-17	4.390307E-18
1.546159E+04	1.186098E-17	4.408816E-18
1.546219E+04	1.188450E-17	4.421517E-18
1.546279E+04	1.194252E-17	4.442988E-18
1.546339E+04	1.200243E-17	4.488245E-18
1.546399E+04	1.204080E-17	4.539242E-18
1.546459E+04	1.208862E-17	4.582344E-18
1.546519E+04	1.211000E-17	4.583759E-18
1.546579E+04	1.213289E-17	4.588755E-18
1.546639E+04	1.214117E-17	4.588814E-18
1.546699E+04	1.215109E-17	4.590305E-18
1.546759E+04	1.214187E-17	4.584976E-18
1.546819E+04	1.214764E-17	4.582592E-18
1.546879E+04	1.217569E-17	4.592104E-18
1.546939E+04	1.218158E-17	4.594400E-18
1.546999E+04	1.219352E-17	4.596325E-18
1.547059E+04	1.220608E-17	4.591509E-18
1.547119E+04	1.223804E-17	4.604753E-18
1.547179E+04	1.224872E-17	4.602196E-18
1.547239E+04	1.227828E-17	4.586349E-18
1.547299E+04	1.227951E-17	4.569718E-18
1.547359E+04	1.225468E-17	4.563172E-18
1.547419E+04	1.232480E-17	4.580960E-18
1.547479E+04	1.228673E-17	4.576209E-18
1.547539E+04	1.232436E-17	4.586243E-18
1.547599E+04	1.230721E-17	4.584704E-18
1.547659E+04	1.231587E-17	4.589390E-18
1.547719E+04	1.230589E-17	4.589817E-18
1.547779E+04	1.231166E-17	4.592244E-18
1.547839E+04	1.231389E-17	4.585483E-18
1.547899E+04	1.230467E-17	4.567382E-18
1.547959E+04	1.226988E-17	4.561044E-18
1.548019E+04	1.227237E-17	4.559011E-18
1.548079E+04	1.229098E-17	4.563315E-18
1.548139E+04	1.228768E-17	4.539348E-18
1.548199E+04	1.227002E-17	4.512005E-18
1.548259E+04	1.223019E-17	4.455758E-18
1.548319E+04	1.218167E-17	4.513396E-18
1.548379E+04	1.215884E-17	4.543320E-18
1.548439E+04	1.211901E-17	4.516182E-18
1.548499E+04	1.210122E-17	4.530477E-18
1.548559E+04	1.206768E-17	4.548363E-18
1.548619E+04	1.206287E-17	4.538332E-18
1.548739E+04	1.208170E-17	4.543930E-18
1.548799E+04	1.208204E-17	4.544547E-18
1.548859E+04	1.208705E-17	4.555626E-18
1.548919E+04	1.209344E-17	4.542014E-18
1.548979E+04	1.210978E-17	4.532334E-18
1.549039E+04	1.212449E-17	4.595680E-18
1.549099E+04	1.214172E-17	4.688845E-18
1.549159E+04	1.216083E-17	4.756038E-18
1.549219E+04	1.220111E-17	4.888885E-18
1.549279E+04	1.220385E-17	4.887987E-18
1.549339E+04	1.224425E-17	4.957759E-18
1.549399E+04	1.228503E-17	4.930666E-18
1.549459E+04	1.231259E-17	4.895082E-18
1.549519E+04	1.233750E-17	4.783539E-18
1.549579E+04	1.237476E-17	4.772239E-18
1.549639E+04	1.239135E-17	4.723122E-18
1.549699E+04	1.243126E-17	4.680482E-18
1.549759E+04	1.244332E-17	4.680017E-18
1.549819E+04	1.245500E-17	4.683542E-18
1.549879E+04	1.248231E-17	4.702190E-18
1.549939E+04	1.251050E-17	4.708637E-18
1.549999E+04	1.250694E-17	4.697380E-18
1.550059E+04	1.254093E-17	4.707810E-18
1.550119E+04	1.256735E-17	4.725587E-18
1.550179E+04	1.256707E-17	4.726152E-18
1.550240E+04	1.255192E-17	4.716662E-18
1.550300E+04	1.254370E-17	4.708570E-18
1.550360E+04	1.252931E-17	4.705135E-18
1.550420E+04	1.253545E-17	4.684992E-18
1.550480E+04	1.255545E-17	4.689228E-18
1.550540E+04	1.255215E-17	4.695405E-18
1.550600E+04	1.256232E-17	4.696630E-18
1.550720E+04	1.255772E-17	4.696557E-18
1.550840E+04	1.257618E-17	4.693168E-18
1.550900E+04	1.254163E-17	4.665765E-18
1.550960E+04	1.251640E-17	4.652116E-18
1.551020E+04	1.250074E-17	4.621867E-18
1.551080E+04	1.248975E-17	4.556004E-18
1.551140E+04	1.246817E-17	4.529611E-18
1.551200E+04	1.243891E-17	4.525916E-18
1.551260E+04	1.239982E-17	4.521761E-18
1.551320E+04	1.235442E-17	4.518187E-18
1.551380E+04	1.232024E-17	4.517192E-18
1.551440E+04	1.229854E-17	4.528475E-18
1.551500E+04	1.227343E-17	4.540529E-18
1.551560E+04	1.225638E-17	4.558802E-18
1.551620E+04	1.224992E-17	4.581418E-18
1.551680E+04	1.224485E-17	4.611512E-18
1.551740E+04	1.225313E-17	4.643362E-18
1.551800E+04	1.225826E-17	4.660577E-18
1.551860E+04	1.225696E-17	4.674733E-18
1.551920E+04	1.223677E-17	4.678633E-18
1.551980E+04	1.222854E-17	4.680292E-18
1.552040E+04	1.219096E-17	4.672102E-18
1.552100E+04	1.216799E-17	4.664656E-18
1.552160E+04	1.215258E-17	4.657588E-18
1.552220E+04	1.214359E-17	4.651943E-18
1.552280E+04	1.213448E-17	4.647635E-18
1.552340E+04	1.212537E-17	4.645799E-18
1.552400E+04	1.211639E-17	4.647317E-18
1.552460E+04	1.210740E-17	4.644571E-18
1.552520E+04	1.209388E-17	4.639177E-18
1.552580E+04	1.207104E-17	4.645793E-18
1.552640E+04	1.205877E-17	4.649583E-18
1.552700E+04	1.205659E-17	4.668398E-18
1.552760E+04	1.203261E-17	4.681720E-18
1.552820E+04	1.201102E-17	4.675895E-18
1.552880E+04	1.199183E-17	4.669345E-18
1.552940E+04	1.197125E-17	4.652183E-18
1.553000E+04	1.194890E-17	4.570654E-18
1.553060E+04	1.192681E-17	4.501487E-18
1.553120E+04	1.188984E-17	4.492331E-18
1.553180E+04	1.187266E-17	4.461429E-18
1.553240E+04	1.186809E-17	4.435362E-18
1.553300E+04	1.184410E-17	4.466189E-18
1.553360E+04	1.182200E-17	4.502278E-18
1.553420E+04	1.182108E-17	4.504857E-18
1.553480E+04	1.180163E-17	4.504343E-18
1.553540E+04	1.179113E-17	4.502302E-18
1.553600E+04	1.179210E-17	4.505711E-18
1.553720E+04	1.178054E-17	4.423602E-18
1.553780E+04	1.178138E-17	4.313793E-18
1.553840E+04	1.176508E-17	4.218321E-18
1.553900E+04	1.175193E-17	4.089032E-18
1.553960E+04	1.176576E-17	4.116948E-18
1.554020E+04	1.175424E-17	4.021768E-18
1.554080E+04	1.173038E-17	4.001202E-18
1.554140E+04	1.173072E-17	4.001863E-18
1.554200E+04	1.172853E-17	4.028279E-18
1.554260E+04	1.173567E-17	4.029299E-18
1.554321E+04	1.175038E-17	4.055228E-18
1.554381E+04	1.170950E-17	4.046800E-18
1.554441E+04	1.167328E-17	4.091180E-18
1.554501E+04	1.164689E-17	4.228643E-18
1.554561E+04	1.163336E-17	4.331302E-18
1.554621E+04	1.164403E-17	4.347915E-18
1.554681E+04	1.162798E-17	4.343650E-18
1.554741E+04	1.159629E-17	4.339471E-18
1.554801E+04	1.156209E-17	4.309084E-18
1.554861E+04	1.155713E-17	4.305030E-18
1.554921E+04	1.150666E-17	4.308529E-18
1.554981E+04	1.145216E-17	4.296558E-18
1.555041E+04	1.146321E-17	4.322849E-18
1.555101E+04	1.145043E-17	4.326524E-18
1.555161E+04	1.144786E-17	4.327646E-18
1.555221E+04	1.138554E-17	4.323107E-18
1.555281E+04	1.137642E-17	4.321438E-18
1.555341E+04	1.128397E-17	4.302508E-18
1.555401E+04	1.134771E-17	4.315583E-18
1.555461E+04	1.136405E-17	4.327535E-18
1.555521E+04	1.142691E-17	4.363284E-18
1.555581E+04	1.142938E-17	4.354675E-18
1.555641E+04	1.140286E-17	4.348976E-18
1.555701E+04	1.142727E-17	4.357175E-18
1.555761E+04	1.140453E-17	4.358828E-18
1.555821E+04	1.138103E-17	4.354372E-18
1.555881E+04	1.135880E-17	4.347790E-18
1.555941E+04	1.135119E-17	4.342695E-18
1.556001E+04	1.133172E-17	4.328833E-18
1.556061E+04	1.135210E-17	4.319603E-18
1.556121E+04	1.137537E-17	4.306750E-18
1.556181E+04	1.139613E-17	4.288889E-18
1.556241E+04	1.141612E-17	4.273718E-18
1.556301E+04	1.139994E-17	4.262458E-18
1.556361E+04	1.139636E-17	4.235942E-18
1.556421E+04	1.134210E-17	4.204033E-18
1.556481E+04	1.133297E-17	4.195741E-18
1.556541E+04	1.138171E-17	4.196828E-18
1.556601E+04	1.139175E-17	4.200667E-18
1.556661E+04	1.132816E-17	4.188658E-18
1.556841E+04	1.127884E-17	4.186599E-18
1.556901E+04	1.129896E-17	4.199014E-18
1.556961E+04	1.128895E-17	4.203553E-18
1.557021E+04	1.129205E-17	4.208657E-18
1.557081E+04	1.130562E-17	4.212505E-18
1.557141E+04	1.133167E-17	4.216687E-18
1.557201E+04	1.132531E-17	4.216473E-18
1.557261E+04	1.134077E-17	4.215356E-18
1.557321E+04	1.134412E-17	4.212006E-18
1.557381E+04	1.134924E-17	4.182251E-18
1.557441E+04	1.136722E-17	4.154550E-18
1.557501E+04	1.136642E-17	4.153864E-18
1.557561E+04	1.132438E-17	4.145327E-18
1.557621E+04	1.136165E-17	4.161584E-18
1.557681E+04	1.141304E-17	4.169016E-18
1.557741E+04	1.144237E-17	4.167535E-18
1.557800E+04	1.147133E-17	4.178114E-18
1.557860E+04	1.147884E-17	4.177388E-18
1.557920E+04	1.149380E-17	4.186456E-18
1.557980E+04	1.149778E-17	4.173839E-18
1.558040E+04	1.155737E-17	4.156759E-18
1.558100E+04	1.156981E-17	4.155993E-18
1.558160E+04	1.151680E-17	4.137479E-18
1.558220E+04	1.154814E-17	4.153297E-18
1.558280E+04	1.153977E-17	4.155609E-18
1.558340E+04	1.157742E-17	4.167533E-18
1.558400E+04	1.161672E-17	4.177768E-18
1.558461E+04	1.165349E-17	4.165432E-18
1.558521E+04	1.167362E-17	4.162442E-18
1.558581E+04	1.167811E-17	4.142347E-18
1.558641E+04	1.167301E-17	4.141332E-18
1.558701E+04	1.167599E-17	4.140338E-18
1.558761E+04	1.171465E-17	4.147207E-18
1.558821E+04	1.172961E-17	4.121650E-18
1.558881E+04	1.173498E-17	4.122208E-18
1.558941E+04	1.176999E-17	4.107504E-18
1.559001E+04	1.173488E-17	4.098190E-18
1.559061E+04	1.175059E-17	4.043247E-18
1.559121E+04	1.177602E-17	3.905356E-18
1.559181E+04	1.179778E-17	3.777589E-18
1.559241E+04	1.180480E-17	3.766265E-18
1.559301E+04	1.185216E-17	3.778845E-18
1.559361E+04	1.187128E-17	3.774439E-18
1.559421E+04	1.186127E-17	3.772776E-18
1.559481E+04	1.183650E-17	3.761941E-18
1.559901E+04	1.182075E-17	3.742200E-18
1.559961E+04	1.182209E-17	3.744799E-18
1.560021E+04	1.183667E-17	3.711540E-18
1.560081E+04	1.184873E-17	3.709312E-18
1.560141E+04	1.186797E-17	3.722958E-18
1.560201E+04	1.189138E-17	3.717022E-18
1.560261E+04	1.191807E-17	3.728957E-18
1.560321E+04	1.193832E-17	3.740643E-18
1.560381E+04	1.204170E-17	3.773817E-18
1.560441E+04	1.205262E-17	3.774281E-18
1.560501E+04	1.210390E-17	3.756836E-18
1.560561E+04	1.219252E-17	3.778933E-18
1.560621E+04	1.228455E-17	3.806965E-18
1.560681E+04	1.232246E-17	3.815420E-18
1.560741E+04	1.236164E-17	3.821647E-18
1.560801E+04	1.238922E-17	3.828193E-18
1.560861E+04	1.238160E-17	3.826751E-18
1.560921E+04	1.241144E-17	3.832921E-18
1.560981E+04	1.243624E-17	3.840832E-18
1.561041E+04	1.240466E-17	3.832288E-18
1.561101E+04	1.236992E-17	3.822893E-18
1.561161E+04	1.232925E-17	3.811622E-18
1.561221E+04	1.238975E-17	3.820239E-18
1.561281E+04	1.239222E-17	3.820936E-18
1.561341E+04	1.239457E-17	3.824927E-18
1.561401E+04	1.239603E-17	3.826480E-18
1.561461E+04	1.239396E-17	3.855855E-18
1.561521E+04	1.242406E-17	3.898698E-18
1.561581E+04	1.243107E-17	3.894305E-18
1.561641E+04	1.244162E-17	3.891963E-18
1.561701E+04	1.242996E-17	3.877444E-18
1.561761E+04	1.241137E-17	3.864433E-18
1.561821E+04	1.242544E-17	3.858361E-18
1.561881E+04	1.245567E-17	3.859243E-18
1.561941E+04	1.249939E-17	3.884390E-18
1.562001E+04	1.253365E-17	3.886477E-18
1.562061E+04	1.253146E-17	3.886376E-18
1.562121E+04	1.251425E-17	3.894078E-18
1.562181E+04	1.250145E-17	3.889338E-18
1.562241E+04	1.249232E-17	3.903560E-18
1.562301E+04	1.248962E-17	3.918166E-18
1.562361E+04	1.249285E-17	3.948870E-18
1.562421E+04	1.250049E-17	3.947645E-18
1.562481E+04	1.246751E-17	3.926586E-18
1.562542E+04	1.250998E-17	3.949254E-18
1.562602E+04	1.248103E-17	3.956176E-18
1.562662E+04	1.246786E-17	4.023304E-18
1.562782E+04	1.247457E-17	4.145491E-18
1.562842E+04	1.244891E-17	4.136731E-18
1.562902E+04	1.243270E-17	4.246027E-18
1.563022E+04	1.243890E-17	4.298213E-18
1.563262E+04	1.244008E-17	4.308017E-18
1.563322E+04	1.241618E-17	4.325849E-18
1.563382E+04	1.241625E-17	4.321239E-18
1.563442E+04	1.241052E-17	4.322312E-18
1.563502E+04	1.236908E-17	4.318474E-18
1.563562E+04	1.238391E-17	4.347322E-18
1.563622E+04	1.238752E-17	4.367988E-18
1.563682E+04	1.244172E-17	4.384890E-18
1.563742E+04	1.244671E-17	4.404140E-18
1.563802E+04	1.242092E-17	4.401736E-18
1.563862E+04	1.240774E-17	4.412791E-18
1.563922E+04	1.240718E-17	4.412710E-18
1.563982E+04	1.241230E-17	4.413644E-18
1.564042E+04	1.242246E-17	4.417012E-18
1.564102E+04	1.243692E-17	4.457411E-18
1.564162E+04	1.245490E-17	4.461379E-18
1.564222E+04	1.247554E-17	4.472004E-18
1.564282E+04	1.249820E-17	4.500838E-18
1.564342E+04	1.252224E-17	4.509364E-18
1.564402E+04	1.254667E-17	4.522191E-18
1.564462E+04	1.257096E-17	4.534039E-18
1.564522E+04	1.258920E-17	4.536842E-18
1.564582E+04	1.260883E-17	4.546004E-18
1.564642E+04	1.265483E-17	4.559047E-18
1.564702E+04	1.269276E-17	4.570182E-18
1.564762E+04	1.270671E-17	4.572697E-18
1.564822E+04	1.272066E-17	4.582931E-18
1.564882E+04	1.276995E-17	4.592552E-18
1.564942E+04	1.281797E-17	4.595584E-18
1.565002E+04	1.284075E-17	4.595380E-18
1.565062E+04	1.286228E-17	4.610300E-18
1.565122E+04	1.288885E-17	4.639040E-18
1.565182E+04	1.289270E-17	4.688270E-18
1.565542E+04	1.288556E-17	4.701134E-18
1.565602E+04	1.289446E-17	4.716266E-18
1.565662E+04	1.292356E-17	4.735899E-18
1.565722E+04	1.292994E-17	4.732411E-18
1.565782E+04	1.294010E-17	4.745902E-18
1.565842E+04	1.289348E-17	4.742703E-18
1.565902E+04	1.290112E-17	4.799423E-18
1.565962E+04	1.292265E-17	4.873454E-18
1.566022E+04	1.291893E-17	4.877505E-18
1.566082E+04	1.290007E-17	4.906635E-18
1.566142E+04	1.287995E-17	4.908850E-18
1.566202E+04	1.287875E-17	4.911597E-18
1.566262E+04	1.289018E-17	4.925707E-18
1.566322E+04	1.289025E-17	4.926308E-18
1.566382E+04	1.287644E-17	4.907032E-18
1.566442E+04	1.287524E-17	4.915460E-18
1.566502E+04	1.282609E-17	4.916054E-18
1.566562E+04	1.285014E-17	4.892070E-18
1.566622E+04	1.279720E-17	4.853963E-18
1.566683E+04	1.276951E-17	4.849974E-18
1.566743E+04	1.276831E-17	4.863866E-18
1.566803E+04	1.281760E-17	4.967460E-18
1.566863E+04	1.283029E-17	4.968159E-18
1.566923E+04	1.277609E-17	4.958931E-18
1.566983E+04	1.284935E-17	4.972581E-18
1.567043E+04	1.286962E-17	4.963029E-18
1.567103E+04	1.291764E-17	5.008078E-18
1.567163E+04	1.286470E-17	4.992185E-18
1.567223E+04	1.288370E-17	5.000984E-18
1.567283E+04	1.286988E-17	5.059994E-18
1.567343E+04	1.281694E-17	5.079744E-18
1.567403E+04	1.283215E-17	5.100770E-18
1.567463E+04	1.285115E-17	5.103225E-18
1.567523E+04	1.286132E-17	5.116361E-18
1.567583E+04	1.284750E-17	5.112395E-18
1.567643E+04	1.286019E-17	5.101746E-18
1.567703E+04	1.283501E-17	5.082539E-18
1.567763E+04	1.281236E-17	5.016918E-18
1.567823E+04	1.280359E-17	4.932728E-18
1.567883E+04	1.278598E-17	4.946723E-18
1.567943E+04	1.281003E-17	4.878957E-18
1.568003E+04	1.281262E-17	4.871824E-18
1.568063E+04	1.279754E-17	4.915802E-18
1.568123E+04	1.279129E-17	4.893036E-18
1.568183E+04	1.275980E-17	4.885765E-18
1.568243E+04	1.275229E-17	4.880163E-18
1.568303E+04	1.275362E-17	4.879641E-18
1.568363E+04	1.272213E-17	4.849492E-18
1.568423E+04	1.270073E-17	4.825514E-18
1.568483E+04	1.268313E-17	4.819499E-18
1.568543E+04	1.265794E-17	4.795827E-18
1.568603E+04	1.264286E-17	4.789216E-18
1.568663E+04	1.263030E-17	4.776204E-18
1.568723E+04	1.266318E-17	4.787549E-18
1.568783E+04	1.267713E-17	4.828181E-18
1.568843E+04	1.266078E-17	4.827854E-18
1.568903E+04	1.269998E-17	4.804876E-18
1.568963E+04	1.269499E-17	4.805463E-18
1.569023E+04	1.266223E-17	4.797027E-18
1.569083E+04	1.265725E-17	4.775421E-18
1.569143E+04	1.264721E-17	4.781444E-18
1.569203E+04	1.262834E-17	4.790651E-18
1.569263E+04	1.261363E-17	4.780349E-18
1.569323E+04	1.257961E-17	4.773635E-18
1.569383E+04	1.255253E-17	4.802574E-18
1.569443E+04	1.250513E-17	4.825963E-18
1.569503E+04	1.250658E-17	4.824674E-18
1.569563E+04	1.250348E-17	4.822735E-18
1.569623E+04	1.251238E-17	4.818495E-18
1.569683E+04	1.249035E-17	4.812048E-18
1.569743E+04	1.250417E-17	4.815957E-18
1.569803E+04	1.249236E-17	4.824059E-18
1.569863E+04	1.250240E-17	4.831055E-18
1.569923E+04	1.252038E-17	4.828887E-18
1.569983E+04	1.252814E-17	4.837259E-18
1.570163E+04	1.253779E-17	4.819890E-18
1.570223E+04	1.259807E-17	4.809345E-18
1.570283E+04	1.258424E-17	4.800052E-18
1.570343E+04	1.255754E-17	4.795056E-18
1.570403E+04	1.254548E-17	4.785775E-18
1.570463E+04	1.253821E-17	4.768773E-18
1.570523E+04	1.251782E-17	4.721089E-18
1.570583E+04	1.251270E-17	4.655700E-18
1.570643E+04	1.252488E-17	4.654872E-18
1.570703E+04	1.251396E-17	4.619490E-18
1.570764E+04	1.253838E-17	4.673246E-18
1.570824E+04	1.254311E-17	4.676484E-18
1.570884E+04	1.254734E-17	4.662168E-18
1.570944E+04	1.255068E-17	4.736622E-18
1.571004E+04	1.255313E-17	4.736007E-18
1.571064E+04	1.255445E-17	4.796757E-18
1.571124E+04	1.255439E-17	4.840668E-18
1.571184E+04	1.255268E-17	4.882400E-18
1.571244E+04	1.254920E-17	4.910836E-18
1.571304E+04	1.254522E-17	4.929094E-18
1.571364E+04	1.254186E-17	4.924422E-18
1.571424E+04	1.253763E-17	4.844553E-18
1.571484E+04	1.253251E-17	4.847648E-18
1.571544E+04	1.252625E-17	4.844375E-18
1.571604E+04	1.251899E-17	4.841252E-18
1.571664E+04	1.251058E-17	4.837375E-18
1.571724E+04	1.250092E-17	4.795506E-18
1.571784E+04	1.248999E-17	4.792690E-18
1.571844E+04	1.247767E-17	4.778380E-18
1.571904E+04	1.246397E-17	4.726374E-18
1.571964E+04	1.245380E-17	4.684969E-18
1.572024E+04	1.242746E-17	4.648846E-18
1.572084E+04	1.238358E-17	4.618000E-18
1.572144E+04	1.232884E-17	4.592006E-18
1.572204E+04	1.229139E-17	4.575825E-18
1.572264E+04	1.224700E-17	4.562658E-18
1.572324E+04	1.223317E-17	4.558772E-18
1.572384E+04	1.220772E-17	4.553490E-18
1.572444E+04	1.218138E-17	4.539188E-18
1.572504E+04	1.217032E-17	4.520682E-18
1.572564E+04	1.216356E-17	4.492632E-18
1.572624E+04	1.213836E-17	4.452227E-18
1.572684E+04	1.212010E-17	4.396734E-18
1.572744E+04	1.212003E-17	4.426967E-18
1.572804E+04	1.211667E-17	4.446146E-18
1.572864E+04	1.209223E-17	4.444134E-18
1.572924E+04	1.207877E-17	4.489363E-18
1.572984E+04	1.204789E-17	4.481098E-18
1.573044E+04	1.207067E-17	4.490352E-18
1.573104E+04	1.212716E-17	4.506099E-18
1.573164E+04	1.217002E-17	4.515333E-18
1.573224E+04	1.218106E-17	4.521890E-18
1.573283E+04	1.217934E-17	4.526305E-18
1.573343E+04	1.214745E-17	4.512294E-18
1.573403E+04	1.214964E-17	4.477538E-18
1.573463E+04	1.216674E-17	4.565466E-18
1.573523E+04	1.214305E-17	4.584472E-18
1.573583E+04	1.211848E-17	4.614722E-18
1.573643E+04	1.209871E-17	4.635875E-18
1.573703E+04	1.206087E-17	4.638566E-18
1.573763E+04	1.203958E-17	4.689041E-18
1.573823E+04	1.202979E-17	4.688613E-18
1.573883E+04	1.201847E-17	4.685937E-18
1.573943E+04	1.200880E-17	4.697087E-18
1.574003E+04	1.202122E-17	4.718250E-18
1.574063E+04	1.201837E-17	4.786392E-18
1.574123E+04	1.209835E-17	4.831868E-18
1.574183E+04	1.212732E-17	4.860556E-18
1.574243E+04	1.221526E-17	4.879139E-18
1.574303E+04	1.218867E-17	4.893785E-18
1.574363E+04	1.221473E-17	4.912307E-18
1.574423E+04	1.219925E-17	4.896293E-18
1.574483E+04	1.220814E-17	4.921589E-18
1.574543E+04	1.221399E-17	4.903615E-18
1.574603E+04	1.227163E-17	4.856295E-18
1.574663E+04	1.230855E-17	4.873662E-18
1.574723E+04	1.237036E-17	4.897039E-18
1.574783E+04	1.233366E-17	4.872445E-18
1.574844E+04	1.239824E-17	4.885950E-18
1.574904E+04	1.231898E-17	4.865463E-18
1.574964E+04	1.224099E-17	4.850293E-18
1.575024E+04	1.230620E-17	4.856606E-18
1.575084E+04	1.233365E-17	4.859818E-18
1.575144E+04	1.233635E-17	4.864569E-18
1.575204E+04	1.238452E-17	4.877838E-18
1.575264E+04	1.238722E-17	4.825945E-18
1.575324E+04	1.235999E-17	4.862036E-18
1.575384E+04	1.242684E-17	4.892224E-18
1.575444E+04	1.239519E-17	4.825229E-18
1.575504E+04	1.243477E-17	4.873043E-18
1.575564E+04	1.250302E-17	4.849236E-18
1.575624E+04	1.252592E-17	4.804307E-18
1.575684E+04	1.255376E-17	4.769301E-18
1.575744E+04	1.258993E-17	4.748109E-18
1.575804E+04	1.266979E-17	4.760832E-18
1.575864E+04	1.272794E-17	4.764669E-18
1.575924E+04	1.276335E-17	4.766861E-18
1.575984E+04	1.281391E-17	4.805999E-18
1.576044E+04	1.285438E-17	4.813613E-18
1.576104E+04	1.286958E-17	4.817153E-18
1.576164E+04	1.291005E-17	4.830462E-18
1.576224E+04	1.294672E-17	4.839518E-18
1.576284E+04	1.299729E-17	4.877147E-18
1.576344E+04	1.300870E-17	4.890384E-18
1.576404E+04	1.307822E-17	4.958200E-18
1.576464E+04	1.314773E-17	4.961745E-18
1.576524E+04	1.318314E-17	4.959805E-18
1.576584E+04	1.319708E-17	4.958465E-18
1.576644E+04	1.323629E-17	4.975171E-18
1.576704E+04	1.325781E-17	4.982462E-18
1.576764E+04	1.332858E-17	4.996427E-18
1.576824E+04	1.338042E-17	5.015628E-18
1.576884E+04	1.338426E-17	5.078597E-18
1.576944E+04	1.337799E-17	5.101641E-18
1.577004E+04	1.338309E-17	5.105788E-18
1.577064E+04	1.338819E-17	5.262601E-18
1.577124E+04	1.339203E-17	5.257265E-18
1.577184E+04	1.342618E-17	5.274953E-18
1.577244E+04	1.347675E-17	5.256762E-18
1.577304E+04	1.350459E-17	5.248848E-18
1.577364E+04	1.358800E-17	5.258282E-18
1.577424E+04	1.368025E-17	5.218161E-18
1.577484E+04	1.371693E-17	5.231352E-18
1.577544E+04	1.375739E-17	5.240447E-18
1.577604E+04	1.372208E-17	5.254651E-18
1.577664E+04	1.367918E-17	5.247457E-18
1.577724E+04	1.366281E-17	5.245404E-18
1.577784E+04	1.367170E-17	5.244380E-18
1.577844E+04	1.366669E-17	5.247748E-18
1.577904E+04	1.367432E-17	5.256008E-18
1.577964E+04	1.370215E-17	5.196558E-18
1.578024E+04	1.371231E-17	5.184393E-18
1.578084E+04	1.371362E-17	5.162434E-18
1.578144E+04	1.374272E-17	5.151380E-18
1.578204E+04	1.374655E-17	5.155563E-18
1.578264E+04	1.378955E-17	5.120098E-18
1.578324E+04	1.376307E-17	5.108813E-18
1.578384E+04	1.374291E-17	5.122953E-18
1.578444E+04	1.373537E-17	5.129865E-18
1.578504E+04	1.373668E-17	5.100472E-18
1.578564E+04	1.369378E-17	5.018668E-18
1.578624E+04	1.368246E-17	5.011405E-18
1.578684E+04	1.372040E-17	5.026774E-18
1.578744E+04	1.377855E-17	5.068187E-18
1.578804E+04	1.381776E-17	5.086325E-18
1.578864E+04	1.385443E-17	5.082492E-18
1.578924E+04	1.391259E-17	5.096204E-18
1.578985E+04	1.396063E-17	5.066728E-18
1.579045E+04	1.401121E-17	5.085474E-18
1.579105E+04	1.406052E-17	5.119764E-18
1.579165E+04	1.408962E-17	5.111058E-18
1.579225E+04	1.411998E-17	5.111096E-18
1.579285E+04	1.410992E-17	5.119639E-18
1.579345E+04	1.409102E-17	5.114653E-18
1.579405E+04	1.407464E-17	5.109793E-18
1.579465E+04	1.407342E-17	5.127804E-18
1.579525E+04	1.404441E-17	5.133154E-18
1.579585E+04	1.399898E-17	5.120986E-18
1.579645E+04	1.400661E-17	5.116789E-18
1.579705E+04	1.404202E-17	5.156213E-18
1.579765E+04	1.406354E-17	5.181825E-18
1.579825E+04	1.406738E-17	5.181024E-18
1.579885E+04	1.410279E-17	5.181966E-18
1.579945E+04	1.410536E-17	5.240018E-18
1.580005E+04	1.411172E-17	5.240981E-18
1.580065E+04	1.412819E-17	5.212888E-18
1.580125E+04	1.414971E-17	5.213749E-18
1.580185E+04	1.420660E-17	5.229140E-18
1.580245E+04	1.415864E-17	5.219336E-18
1.580305E+04	1.415363E-17	5.193797E-18
1.580365E+04	1.419157E-17	5.197304E-18
1.580485E+04	1.422198E-17	5.195118E-18
1.580545E+04	1.425739E-17	5.171323E-18
1.580605E+04	1.427891E-17	5.229401E-18
1.580665E+04	1.431685E-17	5.272123E-18
1.580725E+04	1.438385E-17	5.311160E-18
1.580785E+04	1.442937E-17	5.350190E-18
1.580845E+04	1.446479E-17	5.342126E-18
1.580905E+04	1.445599E-17	5.324820E-18
1.580965E+04	1.444971E-17	5.268267E-18
1.581025E+04	1.447123E-17	5.344932E-18
1.581085E+04	1.449907E-17	5.355120E-18
1.581145E+04	1.449153E-17	5.521371E-18
1.581205E+04	1.450042E-17	5.643274E-18
1.581265E+04	1.451309E-17	5.656530E-18
1.581325E+04	1.451566E-17	5.656411E-18
1.581385E+04	1.451317E-17	5.673230E-18
1.581445E+04	1.455617E-17	5.642699E-18
1.581505E+04	1.452716E-17	5.624141E-18
1.581565E+04	1.455625E-17	5.636162E-18
1.581625E+04	1.454240E-17	5.512133E-18
1.581685E+04	1.452475E-17	5.522612E-18
1.581745E+04	1.453364E-17	5.524740E-18
1.581805E+04	1.453747E-17	5.629447E-18
1.581865E+04	1.456404E-17	5.811165E-18
1.581925E+04	1.456787E-17	5.815642E-18
1.581985E+04	1.457296E-17	5.827299E-18
1.582045E+04	1.454142E-17	5.864587E-18
1.582105E+04	1.452630E-17	5.857224E-18
1.582165E+04	1.455666E-17	5.923474E-18
1.582225E+04	1.454280E-17	5.970247E-18
1.582285E+04	1.455042E-17	5.968406E-18
1.582345E+04	1.449614E-17	6.073258E-18
1.582405E+04	1.448986E-17	6.075173E-18
1.582465E+04	1.453285E-17	6.119078E-18
1.582525E+04	1.453921E-17	6.113862E-18
1.582585E+04	1.453546E-17	6.104248E-18
1.582645E+04	1.454687E-17	6.095499E-18
1.582705E+04	1.456460E-17	6.141975E-18
1.582765E+04	1.458485E-17	6.130403E-18
1.582825E+04	1.460889E-17	6.117006E-18
1.582885E+04	1.463546E-17	6.102528E-18
1.582945E+04	1.466203E-17	6.095590E-18
1.583005E+04	1.468987E-17	6.106566E-18
1.583066E+04	1.471770E-17	6.091896E-18
1.583126E+04	1.474427E-17	6.071362E-18
1.583186E+04	1.477463E-17	6.048398E-18
1.583246E+04	1.479994E-17	6.017790E-18
1.583306E+04	1.482019E-17	6.045462E-18
1.583366E+04	1.481770E-17	6.030048E-18
1.583426E+04	1.478362E-17	6.026748E-18
1.583486E+04	1.473691E-17	6.017849E-18
1.583546E+04	1.472053E-17	6.016668E-18
1.583606E+04	1.472562E-17	6.015394E-18
1.583666E+04	1.472060E-17	6.047242E-18
1.583726E+04	1.470042E-17	6.043234E-18
1.583786E+04	1.470172E-17	6.044893E-18
1.583846E+04	1.469291E-17	6.044400E-18
1.583906E+04	1.465378E-17	6.044495E-18
1.583966E+04	1.462223E-17	6.049034E-18
1.584026E+04	1.462479E-17	6.054418E-18
1.584086E+04	1.463114E-17	6.067099E-18
1.584206E+04	1.458952E-17	6.082287E-18
1.584266E+04	1.460219E-17	6.147162E-18
1.584326E+04	1.459085E-17	6.188392E-18
1.584386E+04	1.453655E-17	6.237988E-18
1.584446E+04	1.451385E-17	6.278931E-18
1.584506E+04	1.449998E-17	6.276809E-18
1.584806E+04	1.451026E-17	6.217720E-18
1.584866E+04	1.447870E-17	6.187501E-18
1.584926E+04	1.447242E-17	6.185827E-18
1.584986E+04	1.449140E-17	6.207870E-18
1.585046E+04	1.449396E-17	6.206802E-18
1.585106E+04	1.450284E-17	6.205602E-18
1.585166E+04	1.454836E-17	6.218166E-18
1.585226E+04	1.452312E-17	6.220948E-18
1.585286E+04	1.453579E-17	6.227283E-18
1.585346E+04	1.455224E-17	6.243481E-18
1.585406E+04	1.453711E-17	6.230566E-18
1.585466E+04	1.447270E-17	6.191119E-18
1.585526E+04	1.447652E-17	6.187575E-18
1.585586E+04	1.446897E-17	6.163113E-18
1.585646E+04	1.443868E-17	6.144056E-18
1.585706E+04	1.440080E-17	6.134140E-18
1.585766E+04	1.433639E-17	6.111112E-18
1.585826E+04	1.436675E-17	6.049143E-18
1.585886E+04	1.433771E-17	6.043068E-18
1.585946E+04	1.432005E-17	5.872656E-18
1.586006E+04	1.432893E-17	5.752336E-18
1.586066E+04	1.428979E-17	5.739615E-18
1.586126E+04	1.426328E-17	5.732687E-18
1.586186E+04	1.419760E-17	5.703367E-18
1.586246E+04	1.415467E-17	5.697478E-18
1.586306E+04	1.410921E-17	5.695011E-18
1.586366E+04	1.408649E-17	5.683738E-18
1.586426E+04	1.405999E-17	5.671752E-18
1.586486E+04	1.401452E-17	5.659245E-18
1.586546E+04	1.395895E-17	5.647526E-18
1.586606E+04	1.391223E-17	5.528562E-18
1.586666E+04	1.387687E-17	5.321623E-18
1.587026E+04	1.382649E-17	5.314277E-18
1.587086E+04	1.378481E-17	5.411142E-18
1.587146E+04	1.375325E-17	5.353311E-18
1.587207E+04	1.369388E-17	5.353310E-18
1.587267E+04	1.362062E-17	5.248131E-18
1.587327E+04	1.359411E-17	5.176611E-18
1.587387E+04	1.355875E-17	5.170978E-18
1.587447E+04	1.352971E-17	5.038658E-18
1.587507E+04	1.351457E-17	5.055966E-18
1.587567E+04	1.349817E-17	5.031570E-18
1.587627E+04	1.346281E-17	5.047210E-18
1.587687E+04	1.342745E-17	5.039124E-18
1.587747E+04	1.337946E-17	5.121791E-18
1.587807E+04	1.336558E-17	5.102841E-18
1.587867E+04	1.331632E-17	5.090797E-18
1.587927E+04	1.329486E-17	5.085591E-18
1.587987E+04	1.329488E-17	5.088594E-18
1.588047E+04	1.327469E-17	5.062880E-18
1.588107E+04	1.325449E-17	5.011359E-18
1.588167E+04	1.324567E-17	5.007871E-18
1.588227E+04	1.323431E-17	4.990045E-18
1.588287E+04	1.324697E-17	4.992347E-18
1.588347E+04	1.325710E-17	4.981483E-18
1.588407E+04	1.328493E-17	4.935556E-18
1.588467E+04	1.328874E-17	4.918234E-18
1.588527E+04	1.329255E-17	4.922320E-18
1.588587E+04	1.328625E-17	4.939425E-18
1.588647E+04	1.330902E-17	4.950958E-18
1.588707E+04	1.329514E-17	4.945507E-18
1.588767E+04	1.330527E-17	4.913581E-18
1.588826E+04	1.328633E-17	4.913249E-18
1.588886E+04	1.323834E-17	4.905121E-18
1.588946E+04	1.320171E-17	4.896630E-18
1.589006E+04	1.318025E-17	4.894887E-18
1.589066E+04	1.309560E-17	4.891382E-18
1.589126E+04	1.307161E-17	4.876540E-18
1.589186E+04	1.308174E-17	4.863549E-18
1.589246E+04	1.312346E-17	4.858273E-18
1.589306E+04	1.315001E-17	4.815907E-18
1.589366E+04	1.316899E-17	4.752590E-18
1.589426E+04	1.320439E-17	4.661717E-18
1.589486E+04	1.321704E-17	4.557765E-18
1.589666E+04	1.324364E-17	4.549875E-18
1.589726E+04	1.322344E-17	4.538992E-18
1.589786E+04	1.323988E-17	4.517836E-18
1.589846E+04	1.323737E-17	4.517649E-18
1.589906E+04	1.323360E-17	4.487679E-18
1.589966E+04	1.321719E-17	4.483346E-18
1.590026E+04	1.321089E-17	4.485264E-18
1.590086E+04	1.319700E-17	4.498520E-18
1.590146E+04	1.316669E-17	4.530113E-18
1.590206E+04	1.315533E-17	4.535142E-18
1.590266E+04	1.316799E-17	4.514212E-18
1.590326E+04	1.315284E-17	4.456697E-18
1.590386E+04	1.315286E-17	4.455960E-18
1.590446E+04	1.316930E-17	4.441794E-18
1.590506E+04	1.314657E-17	4.436179E-18
1.590566E+04	1.311246E-17	4.433154E-18
1.590626E+04	1.309731E-17	4.438600E-18
1.590686E+04	1.307332E-17	4.446657E-18
1.590746E+04	1.303163E-17	4.462698E-18
1.590806E+04	1.301395E-17	4.488964E-18
1.590866E+04	1.298869E-17	4.526847E-18
1.590926E+04	1.295838E-17	4.528370E-18
1.590986E+04	1.292048E-17	4.528625E-18
1.591046E+04	1.288764E-17	4.549537E-18
1.591106E+04	1.286490E-17	4.540555E-18
1.591166E+04	1.286871E-17	4.543122E-18
1.591226E+04	1.287378E-17	4.528494E-18
1.591287E+04	1.285105E-17	4.524483E-18
1.591347E+04	1.284095E-17	4.523034E-18
1.591407E+04	1.282706E-17	4.513510E-18
1.591467E+04	1.282455E-17	4.538324E-18
1.591527E+04	1.282582E-17	4.564571E-18
1.591587E+04	1.282710E-17	4.577555E-18
1.591647E+04	1.281321E-17	4.573417E-18
1.591707E+04	1.281449E-17	4.466930E-18
1.591767E+04	1.279428E-17	4.461003E-18
1.591827E+04	1.281704E-17	4.444990E-18
1.591887E+04	1.282716E-17	4.442203E-18
1.591947E+04	1.284866E-17	4.447825E-18
1.592007E+04	1.281076E-17	4.433490E-18
1.592067E+04	1.272862E-17	4.386077E-18
1.592127E+04	1.268567E-17	4.370871E-18
1.592187E+04	1.269579E-17	4.367850E-18
1.592247E+04	1.267684E-17	4.353676E-18
1.592307E+04	1.267180E-17	4.359403E-18
1.592367E+04	1.265033E-17	4.279367E-18
1.592427E+04	1.263302E-17	4.245050E-18
1.592487E+04	1.261357E-17	4.245707E-18
1.592547E+04	1.259500E-17	4.242056E-18
1.592607E+04	1.259274E-17	4.239945E-18
1.592667E+04	1.262990E-17	4.255077E-18
1.592727E+04	1.265797E-17	4.259187E-18
1.592787E+04	1.268199E-17	4.263056E-18
1.592847E+04	1.271991E-17	4.267303E-18
1.592907E+04	1.275531E-17	4.271663E-18
1.592967E+04	1.271993E-17	4.280182E-18
1.593027E+04	1.273258E-17	4.290180E-18
1.593087E+04	1.267445E-17	4.310650E-18
1.593147E+04	1.267952E-17	4.333397E-18
1.593207E+04	1.259966E-17	4.323035E-18
1.593267E+04	1.266311E-17	4.352383E-18
1.593327E+04	1.268586E-17	4.374743E-18
1.593387E+04	1.273642E-17	4.398813E-18
1.593447E+04	1.279836E-17	4.418258E-18
1.593507E+04	1.284386E-17	4.433650E-18
1.593567E+04	1.287420E-17	4.445574E-18
1.593627E+04	1.292602E-17	4.454096E-18
1.593687E+04	1.291213E-17	4.431746E-18
1.593747E+04	1.288686E-17	4.427263E-18
1.593807E+04	1.285275E-17	4.420161E-18
1.593867E+04	1.290836E-17	4.430868E-18
1.593927E+04	1.296271E-17	4.441776E-18
1.593987E+04	1.293618E-17	4.422591E-18
1.594047E+04	1.290459E-17	4.415781E-18
1.594107E+04	1.291976E-17	4.404495E-18
1.594167E+04	1.289575E-17	4.399642E-18
1.594227E+04	1.292356E-17	4.419315E-18
1.594287E+04	1.295896E-17	4.431348E-18
1.594347E+04	1.297918E-17	4.438680E-18
1.594407E+04	1.307650E-17	4.463258E-18
1.594467E+04	1.305629E-17	4.461505E-18
1.594527E+04	1.302596E-17	4.456857E-18
1.594587E+04	1.304240E-17	4.426387E-18
1.594647E+04	1.309169E-17	4.370656E-18
1.594707E+04	1.311697E-17	4.349704E-18
1.594767E+04	1.308791E-17	4.326425E-18
1.594827E+04	1.307401E-17	4.314617E-18
1.594887E+04	1.306896E-17	4.310522E-18
1.594947E+04	1.308034E-17	4.313686E-18
1.595007E+04	1.310815E-17	4.322075E-18
1.595067E+04	1.314986E-17	4.332667E-18
1.595127E+04	1.315239E-17	4.331712E-18
1.595187E+04	1.319410E-17	4.334591E-18
1.595247E+04	1.318273E-17	4.317182E-18
1.595307E+04	1.321812E-17	4.300341E-18
1.595368E+04	1.319284E-17	4.262601E-18
1.595428E+04	1.316504E-17	4.252382E-18
1.595488E+04	1.314862E-17	4.231576E-18
1.595548E+04	1.315873E-17	4.178538E-18
1.595608E+04	1.317643E-17	4.180007E-18
1.595668E+04	1.322445E-17	4.185930E-18
1.595728E+04	1.323204E-17	4.190814E-18
1.595788E+04	1.326364E-17	4.198139E-18
1.595848E+04	1.327501E-17	4.207964E-18
1.595908E+04	1.330029E-17	4.227094E-18
1.595968E+04	1.331419E-17	4.196921E-18
1.596028E+04	1.330788E-17	4.176211E-18
1.596088E+04	1.330535E-17	4.192805E-18
1.596148E+04	1.332936E-17	4.218088E-18
1.596208E+04	1.332052E-17	4.222980E-18
1.596268E+04	1.328134E-17	4.213923E-18
1.596328E+04	1.326238E-17	4.207515E-18
1.596388E+04	1.323711E-17	4.209214E-18
1.596448E+04	1.320046E-17	4.195360E-18
1.596508E+04	1.320804E-17	4.188325E-18
1.596568E+04	1.323332E-17	4.198949E-18
1.596628E+04	1.327502E-17	4.196622E-18
1.596688E+04	1.330283E-17	4.198988E-18
1.596748E+04	1.330030E-17	4.199818E-18
1.596808E+04	1.332305E-17	4.215771E-18
1.596868E+04	1.335085E-17	4.217178E-18
1.596928E+04	1.336854E-17	4.230553E-18
1.596988E+04	1.336475E-17	4.270851E-18
1.597048E+04	1.335211E-17	4.272352E-18
1.597108E+04	1.332431E-17	4.271291E-18
1.597168E+04	1.330788E-17	4.265080E-18
1.597228E+04	1.331166E-17	4.263816E-18
1.597408E+04	1.334325E-17	4.302745E-18
1.597468E+04	1.339128E-17	4.314491E-18
1.597528E+04	1.340518E-17	4.326104E-18
1.597588E+04	1.341402E-17	4.316303E-18
1.597648E+04	1.344308E-17	4.317705E-18
1.597708E+04	1.347468E-17	4.293925E-18
1.597768E+04	1.347594E-17	4.279949E-18
1.597828E+04	1.347467E-17	4.267720E-18
1.597888E+04	1.349236E-17	4.265435E-18
1.597948E+04	1.351258E-17	4.252659E-18
1.598008E+04	1.350878E-17	4.243037E-18
1.598068E+04	1.351257E-17	4.231990E-18
1.598128E+04	1.350877E-17	4.222135E-18
1.598188E+04	1.349992E-17	4.209676E-18
1.598248E+04	1.350624E-17	4.203225E-18
1.598308E+04	1.350497E-17	4.196955E-18
1.598368E+04	1.353024E-17	4.206515E-18
1.598428E+04	1.355930E-17	4.214909E-18
1.598488E+04	1.358078E-17	4.216660E-18
1.598548E+04	1.357951E-17	4.185069E-18
1.598608E+04	1.359720E-17	4.202474E-18
1.598668E+04	1.366418E-17	4.217901E-18
1.598728E+04	1.368439E-17	4.218943E-18
1.598788E+04	1.367933E-17	4.215278E-18
1.598848E+04	1.370207E-17	4.214849E-18
1.598908E+04	1.370965E-17	4.220995E-18
1.598968E+04	1.368816E-17	4.228065E-18
1.599028E+04	1.371090E-17	4.271869E-18
1.599088E+04	1.371974E-17	4.273879E-18
1.599148E+04	1.372858E-17	4.304872E-18
1.599208E+04	1.376016E-17	4.312629E-18
1.599268E+04	1.375637E-17	4.312022E-18
1.599328E+04	1.382587E-17	4.328515E-18
1.599388E+04	1.385619E-17	4.335734E-18
1.599448E+04	1.383217E-17	4.330573E-18
1.599509E+04	1.381194E-17	4.325837E-18
1.599569E+04	1.383342E-17	4.331112E-18
1.599629E+04	1.385995E-17	4.342182E-18
1.599689E+04	1.386247E-17	4.345173E-18
1.599749E+04	1.384982E-17	4.342140E-18
1.599809E+04	1.382833E-17	4.344994E-18
1.599869E+04	1.380430E-17	4.356238E-18
1.599929E+04	1.382578E-17	4.366617E-18
1.599989E+04	1.381692E-17	4.362630E-18
1.600049E+04	1.380301E-17	4.353746E-18
1.600109E+04	1.378404E-17	4.346979E-18
1.600169E+04	1.379288E-17	4.351900E-18
1.600229E+04	1.377771E-17	4.357277E-18
1.600289E+04	1.375747E-17	4.368404E-18
1.600349E+04	1.375241E-17	4.469675E-18
1.600409E+04	1.373976E-17	4.583573E-18
1.600469E+04	1.373090E-17	4.711237E-18
1.600529E+04	1.372078E-17	4.849766E-18
1.600589E+04	1.370940E-17	4.998042E-18
1.600649E+04	1.374603E-17	4.984631E-18
1.600709E+04	1.373338E-17	4.967251E-18
1.600769E+04	1.372832E-17	4.956755E-18
1.600829E+04	1.376116E-17	4.974154E-18
1.600889E+04	1.375483E-17	4.972375E-18
1.600949E+04	1.373713E-17	4.968399E-18
1.601009E+04	1.374091E-17	4.962706E-18
1.601069E+04	1.375859E-17	4.966578E-18
1.601129E+04	1.375731E-17	4.974745E-18
1.601189E+04	1.374719E-17	4.980024E-18
1.601249E+04	1.375096E-17	4.979765E-18
1.601309E+04	1.373958E-17	4.983725E-18
1.601369E+04	1.373830E-17	5.002089E-18
1.601429E+04	1.373070E-17	4.988836E-18
1.601489E+04	1.369783E-17	4.978093E-18
1.601549E+04	1.370919E-17	4.973757E-18
1.601609E+04	1.374962E-17	4.979019E-18
1.601669E+04	1.376730E-17	4.985444E-18
1.601729E+04	1.376602E-17	4.984468E-18
1.601789E+04	1.375968E-17	4.999007E-18
1.601849E+04	1.381022E-17	5.018445E-18
1.601909E+04	1.381526E-17	4.996432E-18
1.601969E+04	1.379376E-17	4.991510E-18
1.602029E+04	1.379501E-17	4.986192E-18
1.602089E+04	1.379752E-17	4.986417E-18
1.602149E+04	1.379245E-17	4.985316E-18
1.602209E+04	1.378485E-17	5.004447E-18
1.602269E+04	1.376967E-17	4.993966E-18
1.602329E+04	1.374564E-17	4.985550E-18
1.602389E+04	1.373931E-17	5.001964E-18
1.602449E+04	1.376583E-17	5.047167E-18
1.602509E+04	1.380878E-17	5.070028E-18
1.602869E+04	1.382510E-17	5.074848E-18
1.602929E+04	1.381876E-17	5.072917E-18
1.602989E+04	1.382127E-17	5.073720E-18
1.603049E+04	1.383894E-17	5.075857E-18
1.603109E+04	1.383640E-17	5.087245E-18
1.603229E+04	1.384268E-17	5.077492E-18
1.603289E+04	1.388310E-17	5.089579E-18
1.603349E+04	1.392352E-17	5.124736E-18
1.603409E+04	1.391465E-17	5.141252E-18
1.603469E+04	1.392474E-17	5.125147E-18
1.603529E+04	1.394241E-17	5.143834E-18
1.603590E+04	1.395629E-17	5.172162E-18
1.603650E+04	1.395627E-17	5.173390E-18
1.603710E+04	1.397015E-17	5.173175E-18
1.603770E+04	1.399035E-17	5.171955E-18
1.603830E+04	1.401055E-17	5.158485E-18
1.603890E+04	1.401305E-17	5.121617E-18
1.603950E+04	1.403831E-17	5.132444E-18
1.604010E+04	1.405597E-17	5.123159E-18
1.604070E+04	1.405469E-17	5.120265E-18
1.604130E+04	1.404329E-17	5.116708E-18
1.604190E+04	1.403190E-17	5.112901E-18
1.604250E+04	1.402682E-17	5.113815E-18
1.604310E+04	1.401922E-17	5.112290E-18
1.604369E+04	1.402804E-17	5.126679E-18
1.604430E+04	1.403433E-17	5.144278E-18
1.604490E+04	1.402546E-17	5.141412E-18
1.604549E+04	1.403808E-17	5.148066E-18
1.604609E+04	1.405195E-17	5.155568E-18
1.604669E+04	1.405825E-17	5.166072E-18
1.604729E+04	1.407718E-17	5.161814E-18
1.604789E+04	1.407463E-17	5.163940E-18
1.604849E+04	1.407713E-17	5.160877E-18
1.604909E+04	1.406194E-17	5.158151E-18
1.604969E+04	1.404802E-17	5.156947E-18
1.605029E+04	1.403536E-17	5.154489E-18
1.605089E+04	1.402269E-17	5.148578E-18
1.605149E+04	1.401130E-17	5.137626E-18
1.605209E+04	1.399990E-17	5.055072E-18
1.605269E+04	1.398976E-17	4.949405E-18
1.605329E+04	1.398089E-17	4.817203E-18
1.605389E+04	1.397202E-17	4.653515E-18
1.605449E+04	1.396441E-17	4.451496E-18
1.605509E+04	1.395807E-17	4.450802E-18
1.605569E+04	1.395299E-17	4.446649E-18
1.605629E+04	1.394538E-17	4.430446E-18
1.605689E+04	1.391250E-17	4.396277E-18
1.605749E+04	1.387709E-17	4.394308E-18
1.605809E+04	1.388591E-17	4.401441E-18
1.605869E+04	1.386440E-17	4.402645E-18
1.605929E+04	1.383404E-17	4.404906E-18
1.605989E+04	1.382391E-17	4.422635E-18
1.606049E+04	1.381882E-17	4.427041E-18
1.606109E+04	1.380237E-17	4.424467E-18
1.606169E+04	1.378212E-17	4.403836E-18
1.606229E+04	1.376061E-17	4.363441E-18
1.606289E+04	1.373784E-17	4.355531E-18
1.606349E+04	1.371254E-17	4.349450E-18
1.606409E+04	1.368598E-17	4.340327E-18
1.606469E+04	1.365815E-17	4.273671E-18
1.606529E+04	1.362906E-17	4.276585E-18
1.606589E+04	1.363029E-17	4.271041E-18
1.606649E+04	1.364416E-17	4.276348E-18
1.606709E+04	1.367446E-17	4.286319E-18
1.606769E+04	1.367190E-17	4.293889E-18
1.606829E+04	1.366555E-17	4.330565E-18
1.606889E+04	1.367437E-17	4.331718E-18
1.606949E+04	1.367181E-17	4.331074E-18
1.607009E+04	1.366673E-17	4.329133E-18
1.607069E+04	1.363890E-17	4.308876E-18
1.607129E+04	1.363255E-17	4.329228E-18
1.607189E+04	1.364642E-17	4.330283E-18
1.607249E+04	1.364639E-17	4.306753E-18
1.607309E+04	1.364256E-17	4.264066E-18
1.607369E+04	1.363622E-17	4.240762E-18
1.607429E+04	1.362987E-17	4.258507E-18
1.607609E+04	1.361587E-17	4.265214E-18
1.607730E+04	1.360949E-17	4.259928E-18
1.607790E+04	1.361830E-17	4.261876E-18
1.607850E+04	1.362711E-17	4.253446E-18
1.607970E+04	1.362705E-17	4.253661E-18
1.608090E+04	1.364972E-17	4.257753E-18
1.608150E+04	1.366611E-17	4.242815E-18
1.608210E+04	1.367871E-17	4.228104E-18
1.608270E+04	1.370142E-17	4.231631E-18
1.608330E+04	1.367486E-17	4.229100E-18
1.608390E+04	1.366345E-17	4.206663E-18
1.608450E+04	1.367352E-17	4.212209E-18
1.608510E+04	1.366085E-17	4.212007E-18
1.608570E+04	1.364187E-17	4.207073E-18
1.608630E+04	1.365194E-17	4.210008E-18
1.608690E+04	1.364811E-17	4.201893E-18
1.608750E+04	1.360891E-17	4.189374E-18
1.608810E+04	1.357729E-17	4.180147E-18
1.608870E+04	1.354945E-17	4.173873E-18
1.608930E+04	1.355068E-17	4.171759E-18
1.608990E+04	1.353927E-17	4.180263E-18
1.609050E+04	1.351144E-17	4.176366E-18
1.609110E+04	1.351393E-17	4.173237E-18
1.609170E+04	1.352021E-17	4.158203E-18
1.609230E+04	1.349870E-17	4.158909E-18
1.609290E+04	1.350624E-17	4.196657E-18
1.609350E+04	1.348725E-17	4.225803E-18
1.609410E+04	1.343415E-17	4.210072E-18
1.609470E+04	1.343159E-17	4.238603E-18
1.609530E+04	1.343660E-17	4.240393E-18
1.609590E+04	1.342267E-17	4.222442E-18
1.609650E+04	1.340620E-17	4.218309E-18
1.609710E+04	1.339227E-17	4.214341E-18
1.609770E+04	1.333538E-17	4.198789E-18
1.609830E+04	1.330123E-17	4.188956E-18
1.609890E+04	1.329992E-17	4.187304E-18
1.609950E+04	1.329483E-17	4.185063E-18
1.610010E+04	1.326826E-17	4.178033E-18
1.610070E+04	1.325180E-17	4.174095E-18
1.610130E+04	1.323660E-17	4.170645E-18
1.610190E+04	1.324414E-17	4.172596E-18
1.610250E+04	1.324915E-17	4.174009E-18
1.610310E+04	1.325291E-17	4.174872E-18
1.610370E+04	1.324781E-17	4.173197E-18
1.610430E+04	1.321619E-17	4.164783E-18
1.610490E+04	1.317446E-17	4.153597E-18
1.610550E+04	1.317821E-17	4.152828E-18
1.610610E+04	1.319585E-17	4.154672E-18
1.610670E+04	1.317813E-17	4.146368E-18
1.610730E+04	1.317935E-17	4.142891E-18
1.610790E+04	1.316794E-17	4.123551E-18
1.610850E+04	1.320580E-17	4.124185E-18
1.610910E+04	1.321586E-17	4.126265E-18
1.610970E+04	1.321456E-17	4.125745E-18
1.611030E+04	1.320441E-17	4.123350E-18
1.611090E+04	1.317910E-17	4.114763E-18
1.611150E+04	1.317148E-17	4.112729E-18
1.611210E+04	1.316386E-17	4.105341E-18
1.611270E+04	1.314487E-17	4.095788E-18
1.611330E+04	1.313724E-17	4.063611E-18
1.611390E+04	1.315236E-17	4.068835E-18
1.611450E+04	1.318769E-17	4.058071E-18
1.611510E+04	1.321797E-17	4.058261E-18
1.611570E+04	1.322171E-17	4.055824E-18
1.611630E+04	1.322799E-17	4.030227E-18
1.611690E+04	1.324563E-17	4.039668E-18
1.611750E+04	1.325569E-17	4.050533E-18
1.611811E+04	1.326196E-17	4.052214E-18
1.611871E+04	1.325939E-17	4.043701E-18
1.611931E+04	1.328967E-17	4.031649E-18
1.611991E+04	1.333763E-17	4.043615E-18
1.612051E+04	1.338306E-17	4.054693E-18
1.612111E+04	1.340954E-17	4.061099E-18
1.612171E+04	1.348150E-17	4.075830E-18
1.612231E+04	1.351051E-17	4.054667E-18
1.612291E+04	1.355342E-17	4.049194E-18
1.612351E+04	1.352684E-17	4.042574E-18
1.612411E+04	1.346111E-17	4.026063E-18
1.612471E+04	1.339284E-17	4.009499E-18
1.612531E+04	1.333342E-17	3.994284E-18
1.612591E+04	1.327906E-17	3.981011E-18
1.612651E+04	1.328280E-17	3.970867E-18
1.612711E+04	1.327770E-17	3.967430E-18
1.612771E+04	1.323723E-17	3.958258E-18
1.612831E+04	1.320434E-17	3.932139E-18
1.612891E+04	1.320682E-17	3.906129E-18
1.612951E+04	1.320425E-17	3.926793E-18
1.613011E+04	1.320673E-17	3.921806E-18
1.613071E+04	1.319657E-17	3.913975E-18
1.613131E+04	1.317758E-17	3.909415E-18
1.613191E+04	1.316363E-17	3.906375E-18
1.613251E+04	1.314337E-17	3.898898E-18
1.613311E+04	1.310038E-17	3.892979E-18
1.613371E+04	1.304728E-17	3.888451E-18
1.613431E+04	1.303460E-17	3.901221E-18
1.613491E+04	1.301434E-17	3.909899E-18
1.613551E+04	1.297766E-17	3.925955E-18
1.613611E+04	1.291698E-17	3.945063E-18
1.613671E+04	1.286893E-17	3.976305E-18
1.613731E+04	1.283604E-17	3.946677E-18
1.613791E+04	1.283599E-17	3.922550E-18
1.613851E+04	1.282836E-17	3.905991E-18
1.613911E+04	1.280305E-17	3.898094E-18
1.613971E+04	1.282068E-17	3.865531E-18
1.614031E+04	1.283074E-17	3.872278E-18
1.614091E+04	1.280164E-17	3.864683E-18
1.614151E+04	1.276875E-17	3.856151E-18
1.614211E+04	1.278007E-17	3.882360E-18
1.614271E+04	1.277875E-17	3.879987E-18
1.614331E+04	1.279639E-17	3.885469E-18
1.614391E+04	1.283297E-17	3.906159E-18
1.614451E+04	1.284934E-17	3.915451E-18
1.614511E+04	1.285434E-17	3.918674E-18
1.614571E+04	1.286818E-17	3.923676E-18
1.614631E+04	1.286813E-17	3.922700E-18
1.614691E+04	1.284029E-17	3.914353E-18
1.614751E+04	1.282382E-17	3.916363E-18
1.614811E+04	1.281619E-17	3.918321E-18
1.614871E+04	1.278961E-17	3.909438E-18
1.614931E+04	1.276682E-17	3.915236E-18
1.614991E+04	1.279203E-17	3.921826E-18
1.615051E+04	1.279072E-17	3.918868E-18
1.615111E+04	1.276540E-17	3.916803E-18
1.615171E+04	1.278935E-17	3.920167E-18
1.615231E+04	1.280824E-17	3.926533E-18
1.615291E+04	1.280566E-17	3.950945E-18
1.615351E+04	1.280940E-17	3.973592E-18
1.615411E+04	1.283460E-17	3.987609E-18
1.615471E+04	1.281055E-17	4.036133E-18
1.615531E+04	1.280671E-17	4.042453E-18
1.615591E+04	1.280287E-17	4.041722E-18
1.615651E+04	1.280029E-17	4.047813E-18
1.615711E+04	1.280276E-17	4.053920E-18
1.615771E+04	1.282165E-17	4.058179E-18
1.615831E+04	1.284559E-17	4.062871E-18
1.615891E+04	1.284680E-17	4.088267E-18
1.615952E+04	1.285811E-17	4.097583E-18
1.616012E+04	1.288836E-17	4.103117E-18
1.616072E+04	1.292619E-17	4.108446E-18
1.616132E+04	1.294256E-17	4.112735E-18
1.616192E+04	1.298039E-17	4.114961E-18
1.616252E+04	1.299422E-17	4.112858E-18
1.616312E+04	1.298027E-17	4.108538E-18
1.616372E+04	1.298653E-17	4.111790E-18
1.616432E+04	1.299152E-17	4.116533E-18
1.616492E+04	1.298010E-17	4.113065E-18
1.616552E+04	1.297499E-17	4.113962E-18
1.616612E+04	1.298377E-17	4.139295E-18
1.616672E+04	1.298371E-17	4.139209E-18
1.616732E+04	1.298492E-17	4.197804E-18
1.616792E+04	1.296971E-17	4.195157E-18
1.616852E+04	1.298733E-17	4.226961E-18
1.616912E+04	1.302389E-17	4.243786E-18
1.616972E+04	1.307940E-17	4.258162E-18
1.617032E+04	1.313364E-17	4.284412E-18
1.617092E+04	1.314116E-17	4.295104E-18
1.617152E+04	1.313983E-17	4.301452E-18
1.617212E+04	1.313977E-17	4.301084E-18
1.617272E+04	1.314097E-17	4.304272E-18
1.617332E+04	1.314218E-17	4.309346E-18
1.617392E+04	1.314843E-17	4.314882E-18
1.617452E+04	1.315721E-17	4.295491E-18
1.617512E+04	1.316725E-17	4.297715E-18
1.617572E+04	1.317855E-17	4.301540E-18
1.617632E+04	1.317344E-17	4.300364E-18
1.617692E+04	1.315948E-17	4.350469E-18
1.617752E+04	1.314679E-17	4.343549E-18
1.617812E+04	1.313410E-17	4.341810E-18
1.617872E+04	1.316056E-17	4.414723E-18
1.617932E+04	1.318196E-17	4.443224E-18
1.617992E+04	1.320210E-17	4.427335E-18
1.618052E+04	1.319951E-17	4.414280E-18
1.618112E+04	1.319945E-17	4.430468E-18
1.618172E+04	1.319560E-17	4.412378E-18
1.618232E+04	1.321826E-17	4.416352E-18
1.618292E+04	1.326618E-17	4.428015E-18
1.618352E+04	1.329011E-17	4.407263E-18
1.618412E+04	1.327994E-17	4.424295E-18
1.618472E+04	1.325588E-17	4.418969E-18
1.618532E+04	1.327854E-17	4.421163E-18
1.618592E+04	1.329237E-17	4.432562E-18
1.618652E+04	1.331124E-17	4.439610E-18
1.618712E+04	1.333895E-17	4.423759E-18
1.618772E+04	1.332500E-17	4.424622E-18
1.618832E+04	1.330978E-17	4.424426E-18
1.618892E+04	1.333875E-17	4.429149E-18
1.618952E+04	1.336141E-17	4.429959E-18
1.619552E+04	1.338219E-17	4.539869E-18
1.619612E+04	1.343136E-17	4.562520E-18
1.619672E+04	1.347043E-17	4.630677E-18
1.619732E+04	1.347920E-17	4.634496E-18
1.619792E+04	1.348165E-17	4.651847E-18
1.619852E+04	1.351188E-17	4.667643E-18
1.619912E+04	1.355347E-17	4.676262E-18
1.619972E+04	1.356224E-17	4.682707E-18
1.620033E+04	1.355207E-17	4.690087E-18
1.620093E+04	1.357472E-17	4.703035E-18
1.620152E+04	1.360369E-17	4.712231E-18
1.620212E+04	1.359477E-17	4.710387E-18
1.620273E+04	1.357955E-17	4.711375E-18
1.620332E+04	1.357822E-17	4.700304E-18
1.620392E+04	1.357309E-17	4.707343E-18
1.620452E+04	1.356923E-17	4.701079E-18
1.620512E+04	1.357547E-17	4.670515E-18
1.620572E+04	1.358549E-17	4.677065E-18
1.620632E+04	1.357658E-17	4.684435E-18
1.620692E+04	1.357146E-17	4.685947E-18
1.620752E+04	1.356507E-17	4.687113E-18
1.620812E+04	1.356373E-17	4.693085E-18
1.620872E+04	1.357755E-17	4.701645E-18
1.620932E+04	1.358757E-17	4.686673E-18
1.620992E+04	1.358244E-17	4.682795E-18
1.621052E+04	1.360383E-17	4.690357E-18
1.621112E+04	1.362143E-17	4.695330E-18
1.621172E+04	1.366301E-17	4.699527E-18
1.621232E+04	1.368439E-17	4.704562E-18
1.621292E+04	1.373481E-17	4.714315E-18
1.621352E+04	1.379659E-17	4.756473E-18
1.621412E+04	1.380914E-17	4.771675E-18
1.621472E+04	1.380527E-17	4.771383E-18
1.621532E+04	1.379636E-17	4.771159E-18
1.621592E+04	1.377860E-17	4.767637E-18
1.621652E+04	1.375580E-17	4.750738E-18
1.621712E+04	1.372922E-17	4.771674E-18
1.621772E+04	1.369758E-17	4.747059E-18
1.621832E+04	1.366215E-17	4.738339E-18
1.621892E+04	1.362294E-17	4.708273E-18
1.621952E+04	1.358121E-17	4.704056E-18
1.622012E+04	1.353695E-17	4.715084E-18
1.622072E+04	1.348007E-17	4.688812E-18
1.622132E+04	1.341687E-17	4.665404E-18
1.622192E+04	1.341174E-17	4.655896E-18
1.622252E+04	1.342050E-17	4.661288E-18
1.622312E+04	1.341159E-17	4.665143E-18
1.622372E+04	1.340898E-17	4.663888E-18
1.622432E+04	1.340007E-17	4.663149E-18
1.622492E+04	1.338358E-17	4.658129E-18
1.622552E+04	1.337719E-17	4.664037E-18
1.622612E+04	1.338342E-17	4.665145E-18
1.622672E+04	1.338082E-17	4.664515E-18
1.622732E+04	1.338326E-17	4.609317E-18
1.622792E+04	1.338318E-17	4.628636E-18
1.622852E+04	1.337805E-17	4.628695E-18
1.622912E+04	1.336030E-17	4.562366E-18
1.622972E+04	1.334002E-17	4.529567E-18
1.623032E+04	1.332606E-17	4.524182E-18
1.623092E+04	1.331336E-17	4.505802E-18
1.623152E+04	1.330318E-17	4.457300E-18
1.623212E+04	1.329679E-17	4.447148E-18
1.623272E+04	1.331311E-17	4.455099E-18
1.623632E+04	1.331009E-17	4.451152E-18
1.623692E+04	1.329360E-17	4.449587E-18
1.623752E+04	1.329352E-17	4.436304E-18
1.623812E+04	1.330606E-17	4.442093E-18
1.623872E+04	1.331229E-17	4.466559E-18
1.623932E+04	1.331220E-17	4.455904E-18
1.623992E+04	1.329950E-17	4.448497E-18
1.624052E+04	1.327165E-17	4.436472E-18
1.624113E+04	1.325011E-17	4.441788E-18
1.624173E+04	1.326012E-17	4.460729E-18
1.624233E+04	1.326004E-17	4.459695E-18
1.624293E+04	1.325617E-17	4.465027E-18
1.624353E+04	1.324725E-17	4.375440E-18
1.624413E+04	1.323707E-17	4.375417E-18
1.624473E+04	1.322184E-17	4.367948E-18
1.624533E+04	1.320282E-17	4.362101E-18
1.624593E+04	1.318129E-17	4.347485E-18
1.624653E+04	1.315596E-17	4.380472E-18
1.624713E+04	1.312811E-17	4.432513E-18
1.624773E+04	1.309648E-17	4.412516E-18
1.624833E+04	1.306232E-17	4.400599E-18
1.624893E+04	1.302438E-17	4.390274E-18
1.624953E+04	1.298896E-17	4.381028E-18
1.625013E+04	1.297626E-17	4.382516E-18
1.625073E+04	1.294589E-17	4.368183E-18
1.625133E+04	1.288902E-17	4.345468E-18
1.625193E+04	1.285865E-17	4.309534E-18
1.625253E+04	1.280682E-17	4.299890E-18
1.625313E+04	1.276384E-17	4.279067E-18
1.625373E+04	1.270066E-17	4.259731E-18
1.625433E+04	1.268165E-17	4.265837E-18
1.625493E+04	1.275096E-17	4.308603E-18
1.625553E+04	1.274709E-17	4.303469E-18
1.625613E+04	1.276594E-17	4.300214E-18
1.625673E+04	1.275323E-17	4.290421E-18
1.625733E+04	1.276324E-17	4.288412E-18
1.625793E+04	1.274423E-17	4.278776E-18
1.625853E+04	1.278578E-17	4.286018E-18
1.625913E+04	1.272765E-17	4.277901E-18
1.625973E+04	1.271116E-17	4.280273E-18
1.626033E+04	1.267701E-17	4.271820E-18
1.626093E+04	1.267566E-17	4.273897E-18
1.626153E+04	1.267305E-17	4.245121E-18
1.626213E+04	1.267297E-17	4.231405E-18
1.626273E+04	1.269054E-17	4.228080E-18
1.626333E+04	1.270055E-17	4.225676E-18
1.626393E+04	1.277743E-17	4.242436E-18
1.626453E+04	1.277986E-17	4.239435E-18
1.626513E+04	1.279996E-17	4.257221E-18
1.626573E+04	1.278978E-17	4.220861E-18
1.626633E+04	1.272535E-17	4.212731E-18
1.626693E+04	1.272273E-17	4.211949E-18
1.626753E+04	1.271381E-17	4.202364E-18
1.626813E+04	1.267840E-17	4.169216E-18
1.626873E+04	1.265560E-17	4.165031E-18
1.626933E+04	1.263533E-17	4.169165E-18
1.626993E+04	1.261089E-17	4.176538E-18
1.627053E+04	1.262001E-17	4.196536E-18
1.627113E+04	1.252833E-17	4.166093E-18
1.627173E+04	1.250868E-17	4.156962E-18
1.627233E+04	1.251440E-17	4.151627E-18
1.627293E+04	1.249816E-17	4.155640E-18
1.627353E+04	1.247915E-17	4.144077E-18
1.627413E+04	1.244778E-17	4.136384E-18
1.627473E+04	1.241678E-17	4.129424E-18
1.627533E+04	1.236724E-17	4.118155E-18
1.627593E+04	1.231404E-17	4.084571E-18
1.627653E+04	1.225390E-17	4.061182E-18
1.627713E+04	1.222959E-17	4.046473E-18
1.627773E+04	1.220667E-17	4.030902E-18
1.627833E+04	1.217328E-17	4.022295E-18
1.627893E+04	1.215667E-17	4.018484E-18
1.627953E+04	1.211268E-17	4.002952E-18
1.628013E+04	1.208774E-17	3.972988E-18
1.628073E+04	1.211288E-17	3.972129E-18
1.628133E+04	1.211027E-17	3.971210E-18
1.628193E+04	1.208344E-17	3.971454E-18
1.628254E+04	1.206594E-17	3.958913E-18
1.628314E+04	1.203154E-17	3.948302E-18
1.628374E+04	1.200938E-17	4.040430E-18
1.628434E+04	1.201219E-17	4.142416E-18
1.628494E+04	1.198675E-17	4.201431E-18
1.628554E+04	1.195450E-17	4.203020E-18
1.628614E+04	1.192388E-17	4.182915E-18
1.628674E+04	1.188797E-17	4.155819E-18
1.628734E+04	1.187792E-17	4.149998E-18
1.628794E+04	1.188616E-17	4.149122E-18
1.628854E+04	1.187774E-17	4.136553E-18
1.628914E+04	1.182972E-17	4.123283E-18
1.628974E+04	1.181097E-17	4.068517E-18
1.629034E+04	1.182248E-17	4.105884E-18
1.629094E+04	1.182378E-17	4.151527E-18
1.629154E+04	1.180339E-17	4.161945E-18
1.629214E+04	1.176949E-17	4.209934E-18
1.629274E+04	1.173636E-17	4.362312E-18
1.629334E+04	1.170247E-17	4.350377E-18
1.629394E+04	1.168725E-17	4.346216E-18
1.629454E+04	1.167618E-17	4.342808E-18
1.629514E+04	1.166941E-17	4.337790E-18
1.629574E+04	1.165305E-17	4.335108E-18
1.629634E+04	1.164754E-17	4.339742E-18
1.629694E+04	1.161983E-17	4.333588E-18
1.629754E+04	1.159881E-17	4.335989E-18
1.629814E+04	1.160868E-17	4.340047E-18
1.629874E+04	1.156067E-17	4.332341E-18
1.629934E+04	1.152489E-17	4.310656E-18
1.629994E+04	1.150147E-17	4.270030E-18
1.630054E+04	1.151487E-17	4.270798E-18
1.630114E+04	1.154467E-17	4.279988E-18
1.630174E+04	1.151608E-17	4.274824E-18
1.630234E+04	1.155547E-17	4.281103E-18
1.630294E+04	1.160330E-17	4.290471E-18
1.630354E+04	1.161960E-17	4.290073E-18
1.630414E+04	1.161686E-17	4.304204E-18
1.630474E+04	1.160605E-17	4.293631E-18
1.630534E+04	1.163018E-17	4.302524E-18
1.630594E+04	1.166376E-17	4.306985E-18
1.630654E+04	1.166732E-17	4.316367E-18
1.630714E+04	1.167215E-17	4.319400E-18
1.630774E+04	1.168050E-17	4.321114E-18
1.630834E+04	1.170500E-17	4.328390E-18
1.630894E+04	1.173303E-17	4.340874E-18
1.630954E+04	1.176572E-17	4.351083E-18
1.631014E+04	1.176550E-17	4.323457E-18
1.631074E+04	1.174713E-17	4.318971E-18
1.631134E+04	1.176242E-17	4.320768E-18
1.631194E+04	1.174442E-17	4.320229E-18
1.631254E+04	1.177673E-17	4.324239E-18
1.631314E+04	1.173187E-17	4.314936E-18
1.631374E+04	1.171450E-17	4.310406E-18
1.631554E+04	1.171750E-17	4.299736E-18
1.631674E+04	1.171882E-17	4.289497E-18
1.631734E+04	1.171053E-17	4.267799E-18
1.631794E+04	1.170968E-17	4.267897E-18
1.631854E+04	1.173972E-17	4.273775E-18
1.631914E+04	1.178287E-17	4.284110E-18
1.631974E+04	1.181745E-17	4.282347E-18
1.632034E+04	1.183059E-17	4.285424E-18
1.632094E+04	1.182369E-17	4.285174E-18
1.632154E+04	1.180745E-17	4.283409E-18
1.632214E+04	1.177218E-17	4.275645E-18
1.632274E+04	1.175532E-17	4.298971E-18
1.632335E+04	1.175219E-17	4.317454E-18
1.632395E+04	1.174529E-17	4.404196E-18
1.632455E+04	1.173498E-17	4.404826E-18
1.632515E+04	1.172202E-17	4.643006E-18
1.632575E+04	1.170654E-17	4.640364E-18
1.632635E+04	1.169497E-17	4.657186E-18
1.632695E+04	1.171618E-17	4.669253E-18
1.632755E+04	1.175088E-17	4.675994E-18
1.632815E+04	1.177801E-17	4.726626E-18
1.632875E+04	1.178800E-17	4.730630E-18
1.632935E+04	1.180416E-17	4.846549E-18
1.632995E+04	1.180381E-17	4.840118E-18
1.633055E+04	1.182023E-17	4.727248E-18
1.633115E+04	1.182026E-17	4.627509E-18
1.633175E+04	1.179721E-17	4.550231E-18
1.633235E+04	1.179169E-17	4.551662E-18
1.633295E+04	1.179651E-17	4.585673E-18
1.633355E+04	1.180082E-17	4.606504E-18
1.633415E+04	1.180904E-17	4.784824E-18
1.633475E+04	1.182054E-17	4.796447E-18
1.633535E+04	1.179548E-17	4.861565E-18
1.633595E+04	1.176097E-17	4.871722E-18
1.633655E+04	1.175482E-17	4.889654E-18
1.633715E+04	1.176014E-17	4.883711E-18
1.633775E+04	1.175172E-17	4.855168E-18
1.633835E+04	1.171657E-17	4.809542E-18
1.633895E+04	1.171332E-17	4.701019E-18
1.633955E+04	1.170944E-17	4.540756E-18
1.634015E+04	1.173253E-17	4.541781E-18
1.634075E+04	1.173836E-17	4.565235E-18
1.634135E+04	1.174620E-17	4.694210E-18
1.634195E+04	1.176059E-17	4.696661E-18
1.634255E+04	1.179603E-17	4.716643E-18
1.634315E+04	1.182404E-17	4.717531E-18
1.634375E+04	1.184208E-17	4.719853E-18
1.634435E+04	1.187021E-17	4.722164E-18
1.634495E+04	1.186961E-17	4.725633E-18
1.634555E+04	1.180938E-17	4.713019E-18
1.634615E+04	1.175937E-17	4.714932E-18
1.634675E+04	1.172751E-17	4.708891E-18
1.634735E+04	1.170963E-17	4.708608E-18
1.634795E+04	1.174721E-17	4.710781E-18
1.634855E+04	1.177144E-17	4.734675E-18
1.634915E+04	1.182338E-17	4.746163E-18
1.634975E+04	1.187004E-17	4.773890E-18
1.635035E+04	1.191127E-17	4.783097E-18
1.635095E+04	1.194721E-17	4.782133E-18
1.635215E+04	1.199022E-17	4.790079E-18
1.635275E+04	1.195798E-17	4.780275E-18
1.635335E+04	1.192032E-17	4.772943E-18
1.635395E+04	1.186413E-17	4.757367E-18
1.635455E+04	1.177934E-17	4.740873E-18
1.635515E+04	1.172543E-17	4.732959E-18
1.635575E+04	1.170440E-17	4.726844E-18
1.635635E+04	1.172534E-17	4.728363E-18
1.635695E+04	1.176607E-17	4.732850E-18
1.635755E+04	1.182292E-17	4.746551E-18
1.635815E+04	1.186956E-17	4.752014E-18
1.635875E+04	1.188546E-17	4.752455E-18
1.635935E+04	1.193122E-17	4.758258E-18
1.635994E+04	1.199488E-17	4.768387E-18
1.636055E+04	1.205740E-17	4.779165E-18
1.636115E+04	1.208803E-17	4.784553E-18
1.636174E+04	1.209347E-17	4.785701E-18
1.636234E+04	1.207282E-17	4.782437E-18
1.636294E+04	1.207561E-17	4.784082E-18
1.636354E+04	1.211179E-17	4.792345E-18
1.636414E+04	1.213889E-17	4.799069E-18
1.636475E+04	1.215970E-17	4.805323E-18
1.636535E+04	1.217672E-17	4.812036E-18
1.636595E+04	1.219072E-17	4.818628E-18
1.636655E+04	1.220434E-17	4.820522E-18
1.636715E+04	1.221771E-17	4.827083E-18
1.636775E+04	1.221080E-17	4.834143E-18
1.636835E+04	1.219947E-17	4.818764E-18
1.636895E+04	1.219457E-17	4.806083E-18
1.636955E+04	1.221248E-17	4.721999E-18
1.637015E+04	1.224361E-17	4.736256E-18
1.637075E+04	1.227361E-17	4.546313E-18
1.637135E+04	1.226455E-17	4.567439E-18
1.637195E+04	1.226947E-17	4.548167E-18
1.637255E+04	1.226848E-17	4.555037E-18
1.637315E+04	1.227819E-17	4.569873E-18
1.637375E+04	1.229660E-17	4.530167E-18
1.637435E+04	1.228288E-17	4.523951E-18
1.637495E+04	1.227696E-17	4.403891E-18
1.637555E+04	1.226009E-17	4.402664E-18
1.637615E+04	1.226036E-17	4.424038E-18
1.637675E+04	1.226251E-17	4.425425E-18
1.637735E+04	1.227310E-17	4.432011E-18
1.637795E+04	1.226681E-17	4.419455E-18
1.637855E+04	1.226997E-17	4.395039E-18
1.637915E+04	1.227502E-17	4.380077E-18
1.637975E+04	1.227755E-17	4.198792E-18
1.638035E+04	1.228739E-17	4.198002E-18
1.638095E+04	1.232607E-17	4.119616E-18
1.638155E+04	1.232066E-17	4.087983E-18
1.638215E+04	1.231475E-17	4.052877E-18
1.638275E+04	1.231917E-17	4.069221E-18
1.638335E+04	1.231313E-17	4.179474E-18
1.638395E+04	1.231087E-17	4.166753E-18
1.638455E+04	1.232033E-17	4.168685E-18
1.638515E+04	1.234099E-17	4.171940E-18
1.638575E+04	1.232891E-17	4.171945E-18
1.638635E+04	1.230914E-17	4.130828E-18
1.638755E+04	1.230966E-17	4.024869E-18
1.638815E+04	1.231609E-17	4.159141E-18
1.638875E+04	1.231698E-17	4.206761E-18
1.638935E+04	1.230225E-17	4.246917E-18
1.638995E+04	1.229861E-17	4.281776E-18
1.639055E+04	1.229647E-17	4.303527E-18
1.639115E+04	1.228577E-17	4.307213E-18
1.639175E+04	1.228276E-17	4.311627E-18
1.639235E+04	1.229158E-17	4.302453E-18
1.639295E+04	1.228416E-17	4.300665E-18
1.639355E+04	1.227673E-17	4.292554E-18
1.639415E+04	1.226666E-17	4.294801E-18
1.639475E+04	1.225344E-17	4.282869E-18
1.639535E+04	1.225018E-17	4.299643E-18
1.639595E+04	1.225509E-17	4.300667E-18
1.639655E+04	1.225598E-17	4.303885E-18
1.639715E+04	1.225158E-17	4.313367E-18
1.639775E+04	1.226103E-17	4.326328E-18
1.639835E+04	1.222414E-17	4.316512E-18
1.639895E+04	1.221999E-17	4.317730E-18
1.639955E+04	1.220223E-17	4.315811E-18
1.640015E+04	1.211975E-17	4.298128E-18
1.640075E+04	1.204634E-17	4.286014E-18
1.640135E+04	1.197860E-17	4.271227E-18
1.640195E+04	1.193856E-17	4.260151E-18
1.640255E+04	1.189110E-17	4.255972E-18
1.640315E+04	1.184791E-17	4.240372E-18
1.640375E+04	1.180939E-17	4.230761E-18
1.640435E+04	1.177615E-17	4.229075E-18
1.640495E+04	1.174871E-17	4.225465E-18
1.640556E+04	1.172718E-17	4.224982E-18
1.640616E+04	1.171233E-17	4.225503E-18
1.640676E+04	1.170491E-17	4.224402E-18
1.640736E+04	1.170555E-17	4.224088E-18
1.640796E+04	1.171463E-17	4.235099E-18
1.640856E+04	1.174221E-17	4.241804E-18
1.640916E+04	1.178566E-17	4.250200E-18
1.640976E+04	1.177735E-17	4.252178E-18
1.641036E+04	1.175482E-17	4.248738E-18
1.641096E+04	1.174954E-17	4.254067E-18
1.641156E+04	1.173746E-17	4.253889E-18
1.641216E+04	1.174062E-17	4.261902E-18
1.641276E+04	1.176606E-17	4.267651E-18
1.641336E+04	1.174755E-17	4.274057E-18
1.641396E+04	1.172893E-17	4.264954E-18
1.641456E+04	1.172125E-17	4.263733E-18
1.641516E+04	1.171685E-17	4.446842E-18
1.641576E+04	1.173688E-17	4.504124E-18
1.641636E+04	1.174381E-17	4.640970E-18
1.641696E+04	1.176169E-17	4.744002E-18
1.641756E+04	1.180223E-17	4.752830E-18
1.641816E+04	1.181382E-17	4.738140E-18
1.641876E+04	1.181685E-17	4.750579E-18
1.641936E+04	1.180489E-17	4.790804E-18
1.641996E+04	1.179080E-17	4.854752E-18
1.642056E+04	1.176638E-17	4.882939E-18
1.642116E+04	1.176210E-17	4.923255E-18
1.642176E+04	1.177432E-17	4.947252E-18
1.642236E+04	1.177546E-17	4.985860E-18
1.642296E+04	1.175859E-17	5.080394E-18
1.642356E+04	1.175633E-17	5.262860E-18
1.642416E+04	1.175117E-17	5.422996E-18
1.642476E+04	1.176238E-17	5.473475E-18
1.642536E+04	1.177976E-17	5.473877E-18
1.642596E+04	1.179826E-17	5.471732E-18
1.642656E+04	1.176818E-17	5.476692E-18
1.642716E+04	1.175283E-17	5.481529E-18
1.642776E+04	1.173899E-17	5.481638E-18
1.642836E+04	1.170488E-17	5.450808E-18
1.642896E+04	1.167731E-17	5.378767E-18
1.642956E+04	1.165554E-17	5.376119E-18
1.643016E+04	1.166159E-17	5.378034E-18
1.643076E+04	1.166197E-17	5.373768E-18
1.643136E+04	1.165404E-17	5.367433E-18
1.643196E+04	1.162447E-17	5.398734E-18
1.643256E+04	1.161604E-17	5.408744E-18
1.643316E+04	1.162133E-17	5.316541E-18
1.643376E+04	1.159326E-17	5.258524E-18
1.643436E+04	1.157527E-17	5.213584E-18
1.643496E+04	1.156231E-17	5.180077E-18
1.643556E+04	1.156697E-17	5.162429E-18
1.643616E+04	1.156760E-17	5.156314E-18
1.643676E+04	1.156811E-17	5.149293E-18
1.643736E+04	1.159806E-17	5.151742E-18
1.643796E+04	1.159341E-17	5.150475E-18
1.643916E+04	1.161657E-17	5.156736E-18
1.643976E+04	1.163041E-17	5.160500E-18
1.644036E+04	1.157341E-17	5.144580E-18
1.644096E+04	1.156913E-17	5.130736E-18
1.644156E+04	1.155164E-17	5.114846E-18
1.644216E+04	1.155328E-17	5.111402E-18
1.644276E+04	1.154737E-17	5.087382E-18
1.644336E+04	1.160538E-17	5.089646E-18
1.644396E+04	1.162425E-17	5.094399E-18
1.644456E+04	1.171247E-17	5.107747E-18
1.644516E+04	1.173172E-17	5.109263E-18
1.644576E+04	1.174052E-17	5.108967E-18
1.644637E+04	1.177009E-17	5.113558E-18
1.644697E+04	1.179576E-17	5.118061E-18
1.644757E+04	1.181224E-17	5.116494E-18
1.644817E+04	1.181324E-17	5.113392E-18
1.644877E+04	1.181161E-17	5.109151E-18
1.644937E+04	1.174328E-17	5.096840E-18
1.644997E+04	1.172831E-17	5.085691E-18
1.645057E+04	1.165394E-17	5.073038E-18
1.645117E+04	1.161255E-17	5.065084E-18
1.645177E+04	1.163167E-17	5.067847E-18
1.645237E+04	1.159720E-17	5.062661E-18
1.645297E+04	1.156700E-17	5.057349E-18
1.645357E+04	1.157606E-17	5.053962E-18
1.645417E+04	1.157253E-17	5.053277E-18
1.645477E+04	1.155567E-17	5.050767E-18
1.645537E+04	1.154473E-17	5.041761E-18
1.645597E+04	1.151126E-17	5.033830E-18
1.645657E+04	1.156447E-17	5.036365E-18
1.645717E+04	1.156057E-17	5.025970E-18
1.645777E+04	1.153818E-17	5.014398E-18
1.645837E+04	1.152534E-17	5.007026E-18
1.645897E+04	1.152345E-17	4.982630E-18
1.645957E+04	1.152723E-17	4.969271E-18
1.646017E+04	1.151439E-17	4.965491E-18
1.646077E+04	1.151917E-17	4.820698E-18
1.646137E+04	1.152596E-17	4.779307E-18
1.646197E+04	1.153439E-17	4.620059E-18
1.646257E+04	1.151023E-17	4.483288E-18
1.646317E+04	1.148608E-17	4.476401E-18
1.646377E+04	1.150545E-17	4.480837E-18
1.646437E+04	1.150607E-17	4.461393E-18
1.646497E+04	1.152494E-17	4.427612E-18
1.646557E+04	1.152997E-17	4.346908E-18
1.646617E+04	1.150367E-17	4.291873E-18
1.646677E+04	1.150682E-17	4.251163E-18
1.646737E+04	1.151197E-17	4.218675E-18
1.646797E+04	1.149524E-17	4.173944E-18
1.646857E+04	1.148831E-17	4.050889E-18
1.646917E+04	1.148969E-17	3.808108E-18
1.646977E+04	1.147661E-17	3.541051E-18
1.647037E+04	1.146805E-17	3.444069E-18
1.647097E+04	1.145849E-17	3.440483E-18
1.647157E+04	1.145270E-17	3.445479E-18
1.647217E+04	1.145458E-17	3.444976E-18
1.647277E+04	1.147747E-17	3.445279E-18
1.647337E+04	1.148602E-17	3.443748E-18
1.647397E+04	1.144941E-17	3.442054E-18
1.647457E+04	1.143369E-17	3.418109E-18
1.647517E+04	1.143934E-17	3.429151E-18
1.647577E+04	1.144714E-17	3.440872E-18
1.647637E+04	1.143405E-17	3.448026E-18
1.647697E+04	1.143002E-17	3.457739E-18
1.647757E+04	1.144398E-17	3.424117E-18
1.647817E+04	1.143731E-17	3.401638E-18
1.647877E+04	1.143152E-17	3.408907E-18
1.647997E+04	1.144119E-17	3.423988E-18
1.648057E+04	1.144307E-17	3.438203E-18
1.648117E+04	1.143489E-17	3.450684E-18
1.648177E+04	1.141162E-17	3.444293E-18
1.648237E+04	1.139564E-17	3.434436E-18
1.648297E+04	1.142230E-17	3.477813E-18
1.648357E+04	1.145134E-17	3.491938E-18
1.648417E+04	1.143687E-17	3.491483E-18
1.648477E+04	1.143259E-17	3.487966E-18
1.648537E+04	1.144377E-17	3.524479E-18
1.648597E+04	1.149180E-17	3.543314E-18
1.648657E+04	1.155931E-17	3.566800E-18
1.648717E+04	1.156785E-17	3.620480E-18
1.648778E+04	1.158092E-17	3.625877E-18
1.648838E+04	1.153640E-17	3.614907E-18
1.648898E+04	1.155361E-17	3.622091E-18
1.648958E+04	1.157234E-17	3.630482E-18
1.649018E+04	1.161734E-17	3.640286E-18
1.649078E+04	1.166221E-17	3.651385E-18
1.649138E+04	1.165516E-17	3.648801E-18
1.649198E+04	1.166345E-17	3.649471E-18
1.649258E+04	1.169625E-17	3.658184E-18
1.649318E+04	1.172239E-17	3.669963E-18
1.649378E+04	1.173960E-17	3.674942E-18
1.649438E+04	1.173242E-17	3.679120E-18
1.649498E+04	1.174247E-17	3.687329E-18
1.649558E+04	1.176395E-17	3.702556E-18
1.649618E+04	1.179914E-17	3.712057E-18
1.649678E+04	1.184425E-17	3.724207E-18
1.649798E+04	1.185742E-17	3.729190E-18
1.649858E+04	1.183880E-17	3.735565E-18
1.649918E+04	1.180171E-17	3.732149E-18
1.649978E+04	1.181967E-17	3.738521E-18
1.650038E+04	1.183134E-17	3.759286E-18
1.650278E+04	1.186283E-17	3.775711E-18
1.650398E+04	1.189800E-17	3.784795E-18
1.650458E+04	1.192676E-17	3.808278E-18
1.650518E+04	1.192850E-17	3.808019E-18
1.650578E+04	1.188349E-17	3.802181E-18
1.650638E+04	1.185570E-17	3.823688E-18
1.650698E+04	1.183406E-17	3.828648E-18
1.650758E+04	1.180991E-17	3.821663E-18
1.650818E+04	1.178728E-17	3.815689E-18
1.650878E+04	1.177381E-17	3.812665E-18
1.650938E+04	1.175947E-17	3.808120E-18
1.650998E+04	1.174952E-17	3.788943E-18
1.651058E+04	1.174461E-17	3.819048E-18
1.651118E+04	1.173881E-17	3.858270E-18
1.651178E+04	1.173188E-17	3.859197E-18
1.651238E+04	1.172621E-17	3.863708E-18
1.651298E+04	1.172858E-17	3.862964E-18
1.651358E+04	1.173334E-17	3.849153E-18
1.651418E+04	1.170856E-17	3.847757E-18
1.651478E+04	1.166934E-17	3.838394E-18
1.651538E+04	1.163602E-17	3.812526E-18
1.651598E+04	1.162030E-17	3.850897E-18
1.651658E+04	1.159641E-17	3.874643E-18
1.651718E+04	1.159061E-17	3.868098E-18
1.651778E+04	1.157011E-17	3.861230E-18
1.651838E+04	1.156771E-17	3.882391E-18
1.651898E+04	1.155626E-17	3.886658E-18
1.651958E+04	1.153438E-17	3.903708E-18
1.652017E+04	1.154354E-17	3.924504E-18
1.652078E+04	1.157054E-17	3.936791E-18
1.652137E+04	1.156436E-17	3.933719E-18
1.652197E+04	1.154299E-17	3.925990E-18
1.652257E+04	1.154309E-17	3.957238E-18
1.652317E+04	1.155539E-17	3.961238E-18
1.652377E+04	1.158063E-17	3.966786E-18
1.652437E+04	1.159204E-17	3.968291E-18
1.652497E+04	1.157846E-17	3.962885E-18
1.652557E+04	1.160457E-17	3.965238E-18
1.652617E+04	1.160858E-17	3.959716E-18
1.652677E+04	1.159323E-17	3.947823E-18
1.652737E+04	1.158806E-17	3.936778E-18
1.652797E+04	1.160387E-17	3.929128E-18
1.652858E+04	1.160963E-17	3.918211E-18
1.652918E+04	1.158725E-17	3.899988E-18
1.652978E+04	1.158133E-17	3.895853E-18
1.653038E+04	1.156975E-17	3.891725E-18
1.653098E+04	1.155114E-17	3.852238E-18
1.653158E+04	1.152914E-17	3.839553E-18
1.653218E+04	1.153327E-17	3.837570E-18
1.653278E+04	1.158877E-17	3.852431E-18
1.653338E+04	1.161425E-17	3.829855E-18
1.653398E+04	1.168081E-17	3.848656E-18
1.653458E+04	1.174334E-17	3.858300E-18
1.653518E+04	1.176304E-17	3.825283E-18
1.653578E+04	1.175021E-17	3.820697E-18
1.653638E+04	1.173110E-17	3.816420E-18
1.653698E+04	1.170608E-17	3.804410E-18
1.653758E+04	1.165933E-17	3.788150E-18
1.653818E+04	1.161120E-17	3.776910E-18
1.653878E+04	1.156647E-17	3.772326E-18
1.653938E+04	1.159760E-17	3.782839E-18
1.653998E+04	1.162383E-17	3.787881E-18
1.654058E+04	1.166199E-17	3.797460E-18
1.654118E+04	1.171873E-17	3.805681E-18
1.654178E+04	1.178628E-17	3.822417E-18
1.654238E+04	1.183135E-17	3.827272E-18
1.654298E+04	1.184777E-17	3.829947E-18
1.654358E+04	1.187136E-17	3.825023E-18
1.654418E+04	1.185174E-17	3.823485E-18
1.654478E+04	1.184418E-17	3.848461E-18
1.654538E+04	1.186877E-17	3.858690E-18
1.654598E+04	1.187189E-17	3.885848E-18
1.654658E+04	1.187123E-17	3.885245E-18
1.654718E+04	1.188565E-17	3.891723E-18
1.654778E+04	1.189780E-17	3.883158E-18
1.654838E+04	1.191749E-17	3.881696E-18
1.654898E+04	1.193178E-17	3.883756E-18
1.654958E+04	1.192862E-17	3.878017E-18
1.655018E+04	1.191879E-17	3.877969E-18
1.655138E+04	1.191874E-17	3.874837E-18
1.655198E+04	1.193416E-17	3.851703E-18
1.655318E+04	1.194339E-17	3.844432E-18
1.655498E+04	1.195310E-17	3.863899E-18
1.655558E+04	1.194918E-17	3.886987E-18
1.655618E+04	1.192228E-17	3.882260E-18
1.655678E+04	1.190957E-17	3.881343E-18
1.655738E+04	1.191921E-17	3.883304E-18
1.655798E+04	1.191692E-17	3.850593E-18
1.655858E+04	1.189229E-17	3.802420E-18
1.655918E+04	1.188485E-17	3.803307E-18
1.655978E+04	1.188859E-17	3.806941E-18
1.656038E+04	1.190086E-17	3.858332E-18
1.656098E+04	1.189280E-17	3.856255E-18
1.656158E+04	1.189817E-17	3.853120E-18
1.656218E+04	1.190153E-17	3.922425E-18
1.656278E+04	1.189610E-17	3.921114E-18
1.656338E+04	1.189946E-17	3.893329E-18
1.656398E+04	1.188888E-17	3.877561E-18
1.656458E+04	1.190806E-17	3.901280E-18
1.656518E+04	1.193063E-17	3.905855E-18
1.656578E+04	1.195495E-17	3.893787E-18
1.656638E+04	1.195316E-17	3.891940E-18
1.656698E+04	1.195275E-17	3.873457E-18
1.656758E+04	1.191996E-17	3.853314E-18
1.656818E+04	1.190461E-17	3.856382E-18
1.656878E+04	1.191638E-17	3.858615E-18
1.656938E+04	1.190417E-17	3.867496E-18
1.656999E+04	1.190803E-17	3.851506E-18
1.657059E+04	1.191352E-17	3.856273E-18
1.657119E+04	1.190809E-17	3.849898E-18
1.657179E+04	1.190204E-17	3.845970E-18
1.657239E+04	1.190715E-17	3.843350E-18
1.657299E+04	1.189607E-17	3.840230E-18
1.657359E+04	1.190784E-17	3.840491E-18
1.657419E+04	1.190542E-17	3.838985E-18
1.657479E+04	1.189146E-17	3.836138E-18
1.657539E+04	1.188929E-17	3.836874E-18
1.657599E+04	1.188248E-17	3.836377E-18
1.657659E+04	1.187630E-17	3.835516E-18
1.657719E+04	1.188016E-17	3.836851E-18
1.657779E+04	1.188954E-17	3.841046E-18
1.657839E+04	1.188687E-17	3.840185E-18
1.657899E+04	1.188558E-17	3.839073E-18
1.657959E+04	1.190149E-17	3.843470E-18
1.658019E+04	1.191338E-17	3.844598E-18
1.658079E+04	1.189402E-17	3.839697E-18
1.658139E+04	1.188394E-17	3.830533E-18
1.658199E+04	1.188604E-17	3.831131E-18
1.658259E+04	1.188463E-17	3.825529E-18
1.658319E+04	1.189652E-17	3.837087E-18
1.658379E+04	1.188845E-17	3.844521E-18
1.658439E+04	1.186420E-17	3.846626E-18
1.658499E+04	1.185300E-17	3.849862E-18
1.658559E+04	1.183753E-17	3.854551E-18
1.658619E+04	1.181341E-17	3.850132E-18
1.658679E+04	1.181400E-17	3.853862E-18
1.658739E+04	1.180029E-17	3.857344E-18
1.658799E+04	1.179009E-17	3.861693E-18
1.658859E+04	1.178316E-17	3.864233E-18
1.658919E+04	1.176343E-17	3.863317E-18
1.658979E+04	1.174658E-17	3.865050E-18
1.659039E+04	1.173764E-17	3.865279E-18
1.659099E+04	1.174426E-17	3.867054E-18
1.659159E+04	1.173807E-17	3.872880E-18
1.659219E+04	1.171747E-17	3.837082E-18
1.659279E+04	1.171329E-17	3.827890E-18
1.659339E+04	1.172242E-17	3.797859E-18
1.659399E+04	1.173744E-17	3.801269E-18
1.659459E+04	1.175722E-17	3.821657E-18
1.659519E+04	1.178153E-17	3.827646E-18
1.659579E+04	1.180984E-17	3.831860E-18
1.659639E+04	1.184179E-17	3.854276E-18
1.659699E+04	1.187851E-17	3.852458E-18
1.659759E+04	1.191887E-17	3.871107E-18
1.659819E+04	1.196186E-17	3.887790E-18
1.659879E+04	1.200748E-17	3.903600E-18
1.659939E+04	1.205536E-17	3.914733E-18
1.659999E+04	1.210524E-17	3.910752E-18
1.660059E+04	1.214007E-17	3.905037E-18
1.660119E+04	1.215671E-17	3.911219E-18
1.660179E+04	1.219417E-17	3.932687E-18
1.660239E+04	1.221483E-17	3.943219E-18
1.660299E+04	1.213388E-17	3.929799E-18
1.660359E+04	1.208455E-17	3.915443E-18
1.660419E+04	1.200160E-17	3.889145E-18
1.660479E+04	1.193634E-17	3.869771E-18
1.660539E+04	1.185679E-17	3.801048E-18
1.660599E+04	1.175642E-17	3.782578E-18
1.660659E+04	1.169279E-17	3.763118E-18
1.660719E+04	1.160120E-17	3.658900E-18
1.660779E+04	1.161183E-17	3.658818E-18
1.660839E+04	1.160001E-17	3.648473E-18
1.660899E+04	1.158530E-17	3.635771E-18
1.660959E+04	1.153221E-17	3.604960E-18
1.661019E+04	1.144603E-17	3.594612E-18
1.661080E+04	1.131996E-17	3.565771E-18
1.661140E+04	1.126462E-17	3.551785E-18
1.661200E+04	1.119123E-17	3.541640E-18
1.661260E+04	1.116688E-17	3.531300E-18
1.661320E+04	1.108985E-17	3.494535E-18
1.661380E+04	1.098963E-17	3.469858E-18
1.661440E+04	1.086998E-17	3.435993E-18
1.661500E+04	1.078744E-17	3.414019E-18
1.661560E+04	1.069852E-17	3.382640E-18
1.661620E+04	1.065097E-17	3.370945E-18
1.661680E+04	1.062462E-17	3.362928E-18
1.661740E+04	1.060691E-17	3.366540E-18
1.661800E+04	1.058244E-17	3.360133E-18
1.661860E+04	1.054643E-17	3.352015E-18
1.661920E+04	1.053538E-17	3.352833E-18
1.661980E+04	1.052996E-17	3.349418E-18
1.662040E+04	1.053320E-17	3.367737E-18
1.662100E+04	1.053769E-17	3.372885E-18
1.662160E+04	1.051560E-17	3.369450E-18
1.662220E+04	1.053451E-17	3.394891E-18
1.662280E+04	1.053612E-17	3.401595E-18
1.662340E+04	1.054763E-17	3.410954E-18
1.662400E+04	1.054811E-17	3.412121E-18
1.662460E+04	1.052589E-17	3.414043E-18
1.662520E+04	1.053690E-17	3.430304E-18
1.662580E+04	1.052321E-17	3.427535E-18
1.662640E+04	1.053623E-17	3.431761E-18
1.662700E+04	1.058459E-17	3.465509E-18
1.662760E+04	1.060863E-17	3.467988E-18
1.662820E+04	1.061638E-17	3.459559E-18
1.662880E+04	1.064656E-17	3.457606E-18
1.662940E+04	1.066898E-17	3.461300E-18
1.663000E+04	1.070931E-17	3.463076E-18
1.663060E+04	1.074275E-17	3.461912E-18
1.663120E+04	1.075012E-17	3.452707E-18
1.663180E+04	1.074019E-17	3.445909E-18
1.663240E+04	1.073151E-17	3.441668E-18
1.663300E+04	1.074063E-17	3.435903E-18
1.663360E+04	1.075765E-17	3.433352E-18
1.663420E+04	1.074872E-17	3.422176E-18
1.663480E+04	1.074694E-17	3.415771E-18
1.663540E+04	1.073187E-17	3.412381E-18
1.663600E+04	1.072031E-17	3.500097E-18
1.663660E+04	1.067141E-17	3.519504E-18
1.663720E+04	1.064932E-17	3.514005E-18
1.663780E+04	1.063087E-17	3.539441E-18
1.663840E+04	1.065165E-17	3.548080E-18
1.663900E+04	1.066541E-17	3.552611E-18
1.663960E+04	1.068668E-17	3.554977E-18
1.664020E+04	1.071472E-17	3.572184E-18
1.664080E+04	1.074903E-17	3.582252E-18
1.664140E+04	1.078910E-17	3.605468E-18
1.664200E+04	1.083418E-17	3.615612E-18
1.664260E+04	1.088378E-17	3.626617E-18
1.664320E+04	1.093750E-17	3.665149E-18
1.664380E+04	1.096228E-17	3.675857E-18
1.664440E+04	1.097879E-17	3.698557E-18
1.664500E+04	1.100582E-17	3.723200E-18
1.664560E+04	1.106994E-17	3.727346E-18
1.664620E+04	1.111852E-17	3.731916E-18
1.664680E+04	1.113439E-17	3.721564E-18
1.664740E+04	1.114852E-17	3.717278E-18
1.664800E+04	1.117442E-17	3.710397E-18
1.664860E+04	1.120746E-17	3.715909E-18
1.664920E+04	1.126668E-17	3.734763E-18
1.664980E+04	1.129896E-17	3.747922E-18
1.665040E+04	1.133914E-17	3.752960E-18
1.665100E+04	1.140876E-17	3.760277E-18
1.665161E+04	1.144780E-17	3.764785E-18
1.665221E+04	1.147520E-17	3.771424E-18
1.665281E+04	1.148581E-17	3.772044E-18
1.665341E+04	1.150668E-17	3.773186E-18
1.665401E+04	1.155187E-17	3.787755E-18
1.665461E+04	1.156811E-17	3.786509E-18
1.665521E+04	1.156268E-17	3.763936E-18
1.665581E+04	1.158831E-17	3.763204E-18
1.665641E+04	1.162497E-17	3.774011E-18
1.665701E+04	1.164584E-17	3.780206E-18
1.665761E+04	1.164918E-17	3.789221E-18
1.665821E+04	1.167832E-17	3.800423E-18
1.665881E+04	1.172274E-17	3.810244E-18
1.665941E+04	1.175401E-17	3.809123E-18
1.666001E+04	1.184640E-17	3.826414E-18
1.666061E+04	1.184397E-17	3.837564E-18
1.666121E+04	1.185995E-17	3.840301E-18
1.666181E+04	1.190387E-17	3.858668E-18
1.666241E+04	1.191133E-17	3.861911E-18
1.666301E+04	1.192994E-17	3.889587E-18
1.666361E+04	1.192914E-17	3.932893E-18
1.666421E+04	1.199184E-17	4.004066E-18
1.666481E+04	1.205603E-17	4.104315E-18
1.666541E+04	1.205560E-17	4.189602E-18
1.666601E+04	1.209400E-17	4.325035E-18
1.666661E+04	1.211185E-17	4.485408E-18
1.666721E+04	1.213572E-17	4.654326E-18
1.666781E+04	1.213879E-17	4.856272E-18
1.666841E+04	1.212834E-17	5.082349E-18
1.666901E+04	1.213843E-17	5.300359E-18
1.666961E+04	1.217544E-17	5.519709E-18
1.667021E+04	1.222197E-17	5.679465E-18
1.667081E+04	1.224233E-17	5.838888E-18
1.667141E+04	1.230563E-17	5.869464E-18
1.667201E+04	1.238408E-17	5.869574E-18
1.667261E+04	1.240757E-17	5.872863E-18
1.667321E+04	1.243393E-17	5.877541E-18
1.667381E+04	1.245715E-17	5.883730E-18
1.667441E+04	1.247450E-17	5.882286E-18
1.667501E+04	1.250950E-17	5.886195E-18
1.667561E+04	1.258468E-17	5.930537E-18
1.667621E+04	1.261580E-17	6.017965E-18
1.667681E+04	1.265818E-17	6.046448E-18
1.667741E+04	1.266049E-17	6.086035E-18
1.667801E+04	1.265028E-17	6.084922E-18
1.667861E+04	1.265761E-17	6.109914E-18
1.667921E+04	1.267244E-17	6.248342E-18
1.667981E+04	1.267350E-17	6.246164E-18
1.668041E+04	1.270961E-17	6.254178E-18
1.668101E+04	1.274197E-17	6.214408E-18
1.668160E+04	1.276431E-17	6.211142E-18
1.668221E+04	1.276663E-17	6.290511E-18
1.668280E+04	1.275016E-17	6.417825E-18
1.668340E+04	1.273119E-17	6.514747E-18
1.668400E+04	1.271597E-17	6.620470E-18
1.668460E+04	1.270702E-17	6.625484E-18
1.668520E+04	1.268930E-17	6.633003E-18
1.668580E+04	1.267784E-17	6.638717E-18
1.668640E+04	1.267515E-17	6.637589E-18
1.668700E+04	1.267746E-17	6.641441E-18
1.668760E+04	1.265474E-17	6.631505E-18
1.668820E+04	1.263952E-17	6.605331E-18
1.668880E+04	1.262932E-17	6.596947E-18
1.668940E+04	1.261786E-17	6.579813E-18
1.669000E+04	1.260140E-17	6.562677E-18
1.669060E+04	1.257242E-17	6.553278E-18
1.669120E+04	1.255220E-17	6.556292E-18
1.669180E+04	1.252447E-17	6.542538E-18
1.669240E+04	1.250839E-17	6.531584E-18
1.669301E+04	1.247778E-17	6.550631E-18
1.669361E+04	1.247246E-17	6.551866E-18
1.669421E+04	1.247365E-17	6.548348E-18
1.669481E+04	1.245919E-17	6.547588E-18
1.669541E+04	1.243935E-17	6.541685E-18
1.669601E+04	1.242427E-17	6.532144E-18
1.669661E+04	1.240355E-17	6.528019E-18
1.669721E+04	1.238572E-17	6.519552E-18
1.669781E+04	1.238253E-17	6.505843E-18
1.669841E+04	1.239310E-17	6.503936E-18
1.669901E+04	1.239616E-17	6.494139E-18
1.669961E+04	1.238421E-17	6.488560E-18
1.670021E+04	1.237763E-17	6.483044E-18
1.670081E+04	1.235842E-17	6.472361E-18
1.670141E+04	1.233671E-17	6.469028E-18
1.670201E+04	1.232726E-17	6.457051E-18
1.670261E+04	1.232895E-17	6.441035E-18
1.670321E+04	1.234603E-17	6.433050E-18
1.670381E+04	1.234934E-17	6.435886E-18
1.670441E+04	1.234664E-17	6.437081E-18
1.670501E+04	1.233582E-17	6.507653E-18
1.670561E+04	1.231311E-17	6.542864E-18
1.670621E+04	1.228364E-17	6.580950E-18
1.670681E+04	1.225718E-17	6.611503E-18
1.670741E+04	1.221583E-17	6.627475E-18
1.670801E+04	1.216947E-17	6.629385E-18
1.670861E+04	1.215953E-17	6.622273E-18
1.670921E+04	1.216509E-17	6.602382E-18
1.670981E+04	1.214852E-17	6.563259E-18
1.671041E+04	1.214532E-17	6.508635E-18
1.671101E+04	1.216115E-17	6.438175E-18
1.671161E+04	1.214757E-17	6.343193E-18
1.671221E+04	1.213513E-17	6.222966E-18
1.671281E+04	1.213831E-17	6.078547E-18
1.671341E+04	1.213737E-17	5.881129E-18
1.671401E+04	1.211867E-17	5.693752E-18
1.671461E+04	1.210410E-17	5.465668E-18
1.671521E+04	1.207864E-17	5.260638E-18
1.671581E+04	1.205656E-17	5.035976E-18
1.671641E+04	1.203311E-17	5.022080E-18
1.671701E+04	1.202304E-17	5.008203E-18
1.671761E+04	1.201322E-17	5.027109E-18
1.671821E+04	1.199890E-17	5.028116E-18
1.671881E+04	1.197945E-17	5.031247E-18
1.671941E+04	1.194512E-17	5.060178E-18
1.672001E+04	1.193680E-17	5.069030E-18
1.672061E+04	1.190835E-17	5.046077E-18
1.672121E+04	1.186227E-17	4.897451E-18
1.672181E+04	1.181956E-17	4.825178E-18
1.672241E+04	1.179674E-17	4.738564E-18
1.672301E+04	1.176129E-17	4.721224E-18
1.672361E+04	1.171921E-17	4.711908E-18
1.672421E+04	1.169239E-17	4.583718E-18
1.672481E+04	1.167394E-17	4.584831E-18
1.672541E+04	1.165025E-17	4.579471E-18
1.672601E+04	1.162493E-17	4.538909E-18
1.672661E+04	1.159511E-17	4.528025E-18
1.672721E+04	1.156805E-17	4.461819E-18
1.672781E+04	1.151872E-17	4.289602E-18
1.672841E+04	1.149191E-17	4.324507E-18
1.672901E+04	1.147885E-17	4.184470E-18
1.672961E+04	1.145616E-17	4.167535E-18
1.673021E+04	1.143122E-17	4.138644E-18
1.673081E+04	1.138678E-17	4.144365E-18
1.673141E+04	1.134871E-17	4.118721E-18
1.673201E+04	1.131865E-17	4.114134E-18
1.673261E+04	1.129234E-17	4.145747E-18
1.673321E+04	1.126278E-17	4.215444E-18
1.673382E+04	1.121096E-17	4.202746E-18
1.673442E+04	1.117253E-17	4.200598E-18
1.673502E+04	1.113022E-17	4.193091E-18
1.673562E+04	1.107666E-17	4.187699E-18
1.673622E+04	1.101611E-17	4.185301E-18
1.673682E+04	1.096180E-17	4.276339E-18
1.673742E+04	1.090912E-17	4.327755E-18
1.673802E+04	1.086857E-17	4.297090E-18
1.673862E+04	1.084227E-17	4.313149E-18
1.673922E+04	1.080047E-17	4.303181E-18
1.673982E+04	1.077992E-17	4.334782E-18
1.674042E+04	1.077212E-17	4.426407E-18
1.674102E+04	1.073570E-17	4.422334E-18
1.674162E+04	1.070291E-17	4.427784E-18
1.674222E+04	1.066099E-17	4.483928E-18
1.674282E+04	1.063757E-17	4.477274E-18
1.674342E+04	1.060852E-17	4.470502E-18
1.674402E+04	1.057911E-17	4.479928E-18
1.674462E+04	1.054644E-17	4.507749E-18
1.674522E+04	1.052440E-17	4.517533E-18
1.674582E+04	1.050523E-17	4.516152E-18
1.674642E+04	1.046495E-17	4.509018E-18
1.674702E+04	1.042241E-17	4.501395E-18
1.674762E+04	1.038087E-17	4.496636E-18
1.674822E+04	1.035621E-17	4.492297E-18
1.674882E+04	1.033805E-17	4.550452E-18
1.674942E+04	1.034988E-17	4.562824E-18
1.675002E+04	1.034984E-17	4.470460E-18
1.675062E+04	1.032993E-17	4.391802E-18
1.675122E+04	1.032301E-17	4.331574E-18
1.675182E+04	1.030860E-17	4.282766E-18
1.675242E+04	1.028294E-17	4.244787E-18
1.675302E+04	1.024703E-17	4.218311E-18
1.675362E+04	1.022950E-17	4.238474E-18
1.675422E+04	1.021621E-17	4.239958E-18
1.675482E+04	1.021130E-17	4.236875E-18
1.675542E+04	1.018527E-17	4.232447E-18
1.675602E+04	1.017248E-17	4.250016E-18
1.675662E+04	1.017494E-17	4.251278E-18
1.675722E+04	1.017290E-17	4.237096E-18
1.675782E+04	1.019273E-17	4.210322E-18
1.675842E+04	1.019431E-17	4.210044E-18
1.675902E+04	1.019902E-17	4.214300E-18
1.675962E+04	1.020647E-17	4.212307E-18
1.676022E+04	1.022629E-17	4.218174E-18
1.676082E+04	1.022438E-17	4.203258E-18
1.676142E+04	1.022683E-17	4.210633E-18
1.676202E+04	1.024116E-17	4.216090E-18
1.676262E+04	1.026735E-17	4.221364E-18
1.676322E+04	1.029566E-17	4.224960E-18
1.676382E+04	1.031048E-17	4.227605E-18
1.676442E+04	1.032730E-17	4.210691E-18
1.676502E+04	1.034562E-17	4.218558E-18
1.676562E+04	1.038580E-17	4.236273E-18
1.676622E+04	1.043147E-17	4.236088E-18
1.676682E+04	1.047127E-17	4.249761E-18
1.676742E+04	1.050982E-17	4.249170E-18
1.676802E+04	1.053463E-17	4.257769E-18
1.676862E+04	1.056131E-17	4.238578E-18
1.676922E+04	1.059061E-17	4.255385E-18
1.676982E+04	1.062853E-17	4.285153E-18
1.677042E+04	1.067419E-17	4.301252E-18
1.677102E+04	1.072160E-17	4.295584E-18
1.677162E+04	1.077600E-17	4.312005E-18
1.677222E+04	1.082403E-17	4.320966E-18
1.677282E+04	1.087406E-17	4.330790E-18
1.677342E+04	1.091672E-17	4.216025E-18
1.677402E+04	1.098597E-17	4.241679E-18
1.677462E+04	1.104623E-17	4.287364E-18
1.677523E+04	1.111236E-17	4.329008E-18
1.677583E+04	1.117049E-17	4.361557E-18
1.677643E+04	1.119678E-17	4.396215E-18
1.677703E+04	1.123131E-17	4.397530E-18
1.677763E+04	1.125248E-17	4.365200E-18
1.677823E+04	1.127052E-17	4.295748E-18
1.677883E+04	1.126596E-17	4.295056E-18
1.677943E+04	1.125416E-17	4.283350E-18
1.678003E+04	1.122164E-17	4.275491E-18
1.678063E+04	1.118087E-17	4.262892E-18
1.678123E+04	1.115172E-17	4.241356E-18
1.678183E+04	1.109197E-17	4.116819E-18
1.678243E+04	1.101875E-17	4.024871E-18
1.678303E+04	1.095327E-17	4.011729E-18
1.678363E+04	1.089915E-17	3.975724E-18
1.678423E+04	1.083217E-17	3.962951E-18
1.678483E+04	1.085072E-17	3.921987E-18
1.678543E+04	1.082469E-17	3.824784E-18
1.678603E+04	1.081740E-17	3.820986E-18
1.678663E+04	1.080136E-17	3.815753E-18
1.678723E+04	1.079943E-17	3.744078E-18
1.678783E+04	1.078914E-17	3.741901E-18
1.678843E+04	1.077560E-17	3.739128E-18
1.678903E+04	1.080638E-17	3.726949E-18
1.678963E+04	1.073729E-17	3.669776E-18
1.679023E+04	1.068631E-17	3.641331E-18
1.679083E+04	1.062209E-17	3.622832E-18
1.679143E+04	1.058334E-17	3.613220E-18
1.679203E+04	1.056631E-17	3.610568E-18
1.679263E+04	1.059247E-17	3.622051E-18
1.679323E+04	1.056521E-17	3.620297E-18
1.679383E+04	1.054955E-17	3.528181E-18
1.679443E+04	1.047761E-17	3.491640E-18
1.679503E+04	1.045884E-17	3.487011E-18
1.679563E+04	1.049885E-17	3.499258E-18
1.679623E+04	1.055533E-17	3.514374E-18
1.679683E+04	1.059434E-17	3.531774E-18
1.679743E+04	1.063373E-17	3.552019E-18
1.679803E+04	1.064528E-17	3.555752E-18
1.679863E+04	1.066095E-17	3.530289E-18
1.679923E+04	1.065740E-17	3.524326E-18
1.679983E+04	1.067282E-17	3.527499E-18
1.680043E+04	1.067863E-17	3.529600E-18
1.680103E+04	1.066622E-17	3.522114E-18
1.680163E+04	1.064108E-17	3.515983E-18
1.680223E+04	1.064427E-17	3.516998E-18
1.680283E+04	1.062974E-17	3.516940E-18
1.680343E+04	1.063754E-17	3.510680E-18
1.680403E+04	1.063961E-17	3.492330E-18
1.680463E+04	1.064167E-17	3.495184E-18
1.680523E+04	1.062278E-17	3.476981E-18
1.680583E+04	1.060612E-17	3.474129E-18
1.680643E+04	1.062042E-17	3.479624E-18
1.680703E+04	1.059616E-17	3.468525E-18
1.680763E+04	1.059311E-17	3.444476E-18
1.680823E+04	1.060203E-17	3.448954E-18
1.680883E+04	1.058376E-17	3.449650E-18
1.680943E+04	1.056873E-17	3.445974E-18
1.681003E+04	1.054984E-17	3.431451E-18
1.681063E+04	1.052671E-17	3.417183E-18
1.681123E+04	1.050345E-17	3.411906E-18
1.681183E+04	1.047994E-17	3.395860E-18
1.681243E+04	1.045655E-17	3.387719E-18
1.681303E+04	1.044477E-17	3.383413E-18
1.681363E+04	1.041166E-17	3.376617E-18
1.681423E+04	1.039489E-17	3.359787E-18
1.681483E+04	1.038174E-17	3.333408E-18
1.681543E+04	1.036547E-17	3.323563E-18
1.681604E+04	1.034658E-17	3.320828E-18
1.681664E+04	1.032557E-17	3.309812E-18
1.681724E+04	1.030282E-17	3.307710E-18
1.681784E+04	1.027383E-17	3.304445E-18
1.681844E+04	1.028949E-17	3.307082E-18
1.681904E+04	1.030141E-17	3.307312E-18
1.681964E+04	1.030922E-17	3.261853E-18
1.682024E+04	1.031278E-17	3.223533E-18
1.682084E+04	1.031186E-17	3.146683E-18
1.682144E+04	1.030644E-17	3.130668E-18
1.682204E+04	1.031075E-17	3.140401E-18
1.682264E+04	1.030783E-17	3.139720E-18
1.682324E+04	1.029581E-17	3.141690E-18
1.682384E+04	1.027592E-17	3.142520E-18
1.682444E+04	1.025430E-17	3.145603E-18
1.682504E+04	1.023454E-17	3.149736E-18
1.682564E+04	1.024122E-17	3.156609E-18
1.682624E+04	1.026873E-17	3.164765E-18
1.682684E+04	1.029549E-17	3.185787E-18
1.682744E+04	1.025777E-17	3.177510E-18
1.682804E+04	1.022655E-17	3.168670E-18
1.682864E+04	1.023772E-17	3.170408E-18
1.682924E+04	1.024228E-17	3.197986E-18
1.682984E+04	1.024534E-17	3.201126E-18
1.683044E+04	1.023980E-17	3.190711E-18
1.683104E+04	1.021020E-17	3.180994E-18
1.683164E+04	1.019793E-17	3.165205E-18
1.683224E+04	1.021421E-17	3.164468E-18
1.683284E+04	1.019059E-17	3.166102E-18
1.683344E+04	1.016984E-17	3.159962E-18
1.683404E+04	1.016131E-17	3.161992E-18
1.683464E+04	1.015926E-17	3.160401E-18
1.683524E+04	1.016183E-17	3.161762E-18
1.683584E+04	1.013996E-17	3.156218E-18
1.683644E+04	1.014041E-17	3.160062E-18
1.683704E+04	1.016279E-17	3.170603E-18
1.683764E+04	1.019765E-17	3.181619E-18
1.683824E+04	1.021654E-17	3.182204E-18
1.683884E+04	1.022222E-17	3.184577E-18
1.684004E+04	1.026237E-17	3.202534E-18
1.684064E+04	1.028226E-17	3.207246E-18
1.684124E+04	1.029467E-17	3.209622E-18
1.684184E+04	1.031817E-17	3.216891E-18
1.684244E+04	1.027811E-17	3.202967E-18
1.684303E+04	1.027506E-17	3.194794E-18
1.684363E+04	1.027214E-17	3.193504E-18
1.684424E+04	1.028866E-17	3.214043E-18
1.684483E+04	1.031777E-17	3.234592E-18
1.684543E+04	1.031958E-17	3.238997E-18
1.684603E+04	1.033984E-17	3.245971E-18
1.684663E+04	1.031897E-17	3.231984E-18
1.684723E+04	1.028476E-17	3.224486E-18
1.684783E+04	1.029517E-17	3.230119E-18
1.684843E+04	1.028876E-17	3.227271E-18
1.684903E+04	1.030578E-17	3.245473E-18
1.684963E+04	1.030572E-17	3.254634E-18
1.685023E+04	1.033844E-17	3.264839E-18
1.685083E+04	1.040692E-17	3.285344E-18
1.685143E+04	1.047078E-17	3.311799E-18
1.685203E+04	1.050212E-17	3.310703E-18
1.685263E+04	1.050281E-17	3.317819E-18
1.685323E+04	1.052854E-17	3.328242E-18
1.685383E+04	1.052113E-17	3.319829E-18
1.685443E+04	1.049639E-17	3.310875E-18
1.685503E+04	1.052848E-17	3.321256E-18
1.685563E+04	1.053352E-17	3.322675E-18
1.685623E+04	1.051303E-17	3.318032E-18
1.685684E+04	1.052742E-17	3.322817E-18
1.685744E+04	1.053907E-17	3.327561E-18
1.685804E+04	1.053190E-17	3.335711E-18
1.685864E+04	1.050892E-17	3.329738E-18
1.685924E+04	1.049241E-17	3.326522E-18
1.685984E+04	1.048437E-17	3.327527E-18
1.686044E+04	1.047995E-17	3.325813E-18
1.686104E+04	1.047441E-17	3.324654E-18
1.686164E+04	1.045977E-17	3.321137E-18
1.686224E+04	1.044813E-17	3.314793E-18
1.686284E+04	1.039674E-17	3.296932E-18
1.686344E+04	1.036467E-17	3.298662E-18
1.686404E+04	1.034268E-17	3.290807E-18
1.686464E+04	1.033988E-17	3.297548E-18
1.686524E+04	1.034755E-17	3.307561E-18
1.686584E+04	1.034300E-17	3.298255E-18
1.686644E+04	1.036237E-17	3.303672E-18
1.686704E+04	1.038037E-17	3.285271E-18
1.686764E+04	1.040858E-17	3.289060E-18
1.686824E+04	1.041301E-17	3.296100E-18
1.686884E+04	1.040871E-17	3.293707E-18
1.686944E+04	1.041363E-17	3.293220E-18
1.687004E+04	1.042889E-17	3.294387E-18
1.687064E+04	1.044227E-17	3.297771E-18
1.687124E+04	1.043847E-17	3.295081E-18
1.687184E+04	1.041600E-17	3.287028E-18
1.687244E+04	1.042527E-17	3.289477E-18
1.687304E+04	1.046095E-17	3.305482E-18
1.687364E+04	1.045902E-17	3.304523E-18
1.687424E+04	1.045734E-17	3.303956E-18
1.687484E+04	1.047919E-17	3.287077E-18
1.687544E+04	1.049631E-17	3.288552E-18
1.687604E+04	1.048703E-17	3.282781E-18
1.687664E+04	1.047040E-17	3.278219E-18
1.687724E+04	1.045253E-17	3.273653E-18
1.687784E+04	1.044624E-17	3.270492E-18
1.687844E+04	1.044618E-17	3.262843E-18
1.687904E+04	1.045695E-17	3.265711E-18
1.687964E+04	1.046373E-17	3.264246E-18
1.688024E+04	1.045919E-17	3.261769E-18
1.688084E+04	1.045153E-17	3.254802E-18
1.688144E+04	1.044225E-17	3.253664E-18
1.688204E+04	1.044692E-17	3.266727E-18
1.688264E+04	1.045557E-17	3.264950E-18
1.688324E+04	1.046409E-17	3.261892E-18
1.688384E+04	1.047797E-17	3.277137E-18
1.688444E+04	1.050517E-17	3.290245E-18
1.688504E+04	1.051618E-17	3.288738E-18
1.688564E+04	1.050740E-17	3.287445E-18
1.688624E+04	1.051281E-17	3.289868E-18
1.688684E+04	1.050316E-17	3.284966E-18
1.688744E+04	1.048641E-17	3.270145E-18
1.688804E+04	1.051236E-17	3.275273E-18
1.688864E+04	1.054491E-17	3.285231E-18
1.688924E+04	1.058243E-17	3.286275E-18
1.688984E+04	1.064534E-17	3.296891E-18
1.689044E+04	1.069692E-17	3.314004E-18
1.689104E+04	1.069972E-17	3.313594E-18
1.689164E+04	1.071271E-17	3.317726E-18
1.689224E+04	1.072845E-17	3.323955E-18
1.689284E+04	1.073721E-17	3.330106E-18
1.689344E+04	1.075320E-17	3.336409E-18
1.689404E+04	1.076968E-17	3.325481E-18
1.689464E+04	1.078168E-17	3.317071E-18
1.689524E+04	1.077439E-17	3.314166E-18
1.689584E+04	1.076834E-17	3.318877E-18
1.689644E+04	1.077349E-17	3.310406E-18
1.689704E+04	1.077927E-17	3.322573E-18
1.689764E+04	1.076812E-17	3.314591E-18
1.689825E+04	1.076344E-17	3.322861E-18
1.689885E+04	1.077718E-17	3.329128E-18
1.689945E+04	1.078445E-17	3.331473E-18
1.690005E+04	1.078599E-17	3.341945E-18
1.690065E+04	1.077074E-17	3.339589E-18
1.690125E+04	1.076059E-17	3.355042E-18
1.690545E+04	1.075323E-17	3.352334E-18
1.690605E+04	1.074818E-17	3.351727E-18
1.690665E+04	1.074201E-17	3.345515E-18
1.690725E+04	1.074381E-17	3.363905E-18
1.690785E+04	1.074485E-17	3.362720E-18
1.690845E+04	1.074801E-17	3.364357E-18
1.690905E+04	1.075341E-17	3.364717E-18
1.690965E+04	1.075309E-17	3.365347E-18
1.691025E+04	1.074269E-17	3.377506E-18
1.691085E+04	1.073441E-17	3.386667E-18
1.691145E+04	1.073906E-17	3.388169E-18
1.691205E+04	1.074222E-17	3.379879E-18
1.691265E+04	1.075135E-17	3.381009E-18
1.691325E+04	1.074978E-17	3.365529E-18
1.691385E+04	1.076053E-17	3.371148E-18
1.691445E+04	1.077849E-17	3.381706E-18
1.691505E+04	1.076859E-17	3.380596E-18
1.691565E+04	1.077635E-17	3.382750E-18
1.691625E+04	1.079182E-17	3.388465E-18
1.691685E+04	1.080592E-17	3.383965E-18
1.691745E+04	1.078681E-17	3.379727E-18
1.691805E+04	1.076361E-17	3.374637E-18
1.691865E+04	1.074053E-17	3.368909E-18
1.691925E+04	1.071832E-17	3.357299E-18
1.691985E+04	1.070394E-17	3.353924E-18
1.692045E+04	1.067900E-17	3.347500E-18
1.692105E+04	1.066102E-17	3.335775E-18
1.692165E+04	1.065361E-17	3.327824E-18
1.692225E+04	1.064396E-17	3.325512E-18
1.692285E+04	1.063655E-17	3.323884E-18
1.692345E+04	1.064828E-17	3.327391E-18
1.692405E+04	1.066338E-17	3.334930E-18
1.692465E+04	1.065584E-17	3.333937E-18
1.692525E+04	1.061810E-17	3.325300E-18
1.692585E+04	1.058097E-17	3.317250E-18
1.692645E+04	1.058351E-17	3.319811E-18
1.692705E+04	1.059127E-17	3.323989E-18
1.692765E+04	1.057068E-17	3.321294E-18
1.692825E+04	1.055507E-17	3.320009E-18
1.692885E+04	1.055077E-17	3.322243E-18
1.692945E+04	1.053379E-17	3.319633E-18
1.693005E+04	1.050699E-17	3.313226E-18
1.693065E+04	1.047124E-17	3.290634E-18
1.693125E+04	1.044245E-17	3.282018E-18
1.693185E+04	1.042597E-17	3.272180E-18
1.693245E+04	1.041633E-17	3.258837E-18
1.693305E+04	1.040681E-17	3.250016E-18
1.693365E+04	1.039531E-17	3.244893E-18
1.693425E+04	1.037659E-17	3.242273E-18
1.693485E+04	1.035614E-17	3.243444E-18
1.693545E+04	1.032972E-17	3.246778E-18
1.693605E+04	1.031411E-17	3.263633E-18
1.693665E+04	1.029241E-17	3.259475E-18
1.693725E+04	1.026724E-17	3.253568E-18
1.693785E+04	1.024542E-17	3.247826E-18
1.693845E+04	1.023454E-17	3.262039E-18
1.693906E+04	1.023720E-17	3.270623E-18
1.693966E+04	1.021563E-17	3.267547E-18
1.694026E+04	1.019742E-17	3.263825E-18
1.694086E+04	1.019288E-17	3.260285E-18
1.694146E+04	1.019778E-17	3.260445E-18
1.694206E+04	1.020492E-17	3.259010E-18
1.694266E+04	1.020473E-17	3.265120E-18
1.694326E+04	1.020242E-17	3.264222E-18
1.694386E+04	1.016396E-17	3.271489E-18
1.694446E+04	1.014115E-17	3.252816E-18
1.694506E+04	1.012294E-17	3.259870E-18
1.694566E+04	1.010734E-17	3.249423E-18
1.694626E+04	1.009026E-17	3.266444E-18
1.694686E+04	1.009677E-17	3.267057E-18
1.694746E+04	1.009994E-17	3.265721E-18
1.694806E+04	1.008956E-17	3.260563E-18
1.694866E+04	1.009819E-17	3.251314E-18
1.694926E+04	1.011129E-17	3.257922E-18
1.694986E+04	1.010774E-17	3.241705E-18
1.695046E+04	1.011575E-17	3.244334E-18
1.695106E+04	1.009158E-17	3.238030E-18
1.695166E+04	1.006456E-17	3.231735E-18
1.695226E+04	1.006300E-17	3.215576E-18
1.695346E+04	1.007690E-17	3.218856E-18
1.695406E+04	1.007646E-17	3.212654E-18
1.695466E+04	1.006882E-17	3.211381E-18
1.695526E+04	1.006241E-17	3.205819E-18
1.695586E+04	1.007576E-17	3.200965E-18
1.695646E+04	1.004402E-17	3.192119E-18
1.695706E+04	1.006892E-17	3.201376E-18
1.695766E+04	1.008947E-17	3.198095E-18
1.695826E+04	1.006158E-17	3.185112E-18
1.695886E+04	1.001170E-17	3.167681E-18
1.695946E+04	9.979843E-18	3.159366E-18
1.696006E+04	9.974437E-18	3.157576E-18
1.696066E+04	9.955493E-18	3.151646E-18
1.696126E+04	9.935804E-18	3.147012E-18
1.696186E+04	9.904940E-18	3.136616E-18
1.696246E+04	9.881155E-18	3.147460E-18
1.696306E+04	9.877489E-18	3.154487E-18
1.696366E+04	9.862646E-18	3.154351E-18
1.696426E+04	9.846562E-18	3.150200E-18
1.696486E+04	9.837557E-18	3.148972E-18
1.696546E+04	9.855001E-18	3.153687E-18
1.696606E+04	9.854315E-18	3.155980E-18
1.696666E+04	9.868033E-18	3.163638E-18
1.696726E+04	9.887958E-18	3.170546E-18
1.696786E+04	9.885905E-18	3.179652E-18
1.696846E+04	9.900863E-18	3.190858E-18
1.696906E+04	9.911847E-18	3.193221E-18
1.696966E+04	9.928293E-18	3.193074E-18
1.697026E+04	9.930585E-18	3.203331E-18
1.697086E+04	9.917482E-18	3.200991E-18
1.697146E+04	9.914312E-18	3.206808E-18
1.697206E+04	9.946275E-18	3.227734E-18
1.697266E+04	9.960608E-18	3.229692E-18
1.697326E+04	9.960167E-18	3.225541E-18
1.697386E+04	9.960223E-18	3.220846E-18
1.697446E+04	9.970335E-18	3.217479E-18
1.697506E+04	9.970142E-18	3.213411E-18
1.697566E+04	9.962502E-18	3.209274E-18
1.697626E+04	9.965164E-18	3.210600E-18
1.697686E+04	9.965716E-18	3.214114E-18
1.697746E+04	9.963786E-18	3.215012E-18
1.697806E+04	9.965827E-18	3.216581E-18
1.697866E+04	9.981398E-18	3.220740E-18
1.697926E+04	1.000504E-17	3.225594E-18
1.697986E+04	1.002420E-17	3.227228E-18
1.698047E+04	1.004300E-17	3.226049E-18
1.698107E+04	1.006340E-17	3.222362E-18
1.698167E+04	1.008269E-17	3.209689E-18
1.698227E+04	1.006351E-17	3.207795E-18
1.698287E+04	1.002720E-17	3.203201E-18
1.698347E+04	1.000504E-17	3.200598E-18
1.698407E+04	1.001924E-17	3.191601E-18
1.698467E+04	1.003518E-17	3.206444E-18
1.698527E+04	1.004082E-17	3.241614E-18
1.698587E+04	1.006668E-17	3.273932E-18
1.698647E+04	1.008361E-17	3.283152E-18
1.698707E+04	1.010500E-17	3.288876E-18
1.698767E+04	1.011709E-17	3.292248E-18
1.698827E+04	1.012992E-17	3.291317E-18
1.698887E+04	1.012216E-17	3.289545E-18
1.698947E+04	1.011563E-17	3.269009E-18
1.699007E+04	1.012040E-17	3.271619E-18
1.699067E+04	1.012417E-17	3.262565E-18
1.699127E+04	1.010710E-17	3.257382E-18
1.699187E+04	1.011856E-17	3.237778E-18
1.699247E+04	1.014492E-17	3.249372E-18
1.699307E+04	1.014075E-17	3.257184E-18
1.699367E+04	1.014129E-17	3.257244E-18
1.699427E+04	1.015487E-17	3.306257E-18
1.699487E+04	1.016459E-17	3.323105E-18
1.699547E+04	1.015695E-17	3.337706E-18
1.699607E+04	1.015328E-17	3.348505E-18
1.699667E+04	1.016077E-17	3.352406E-18
1.699727E+04	1.016318E-17	3.348636E-18
1.699787E+04	1.016124E-17	3.345616E-18
1.699847E+04	1.018411E-17	3.352819E-18
1.699907E+04	1.019644E-17	3.367856E-18
1.699967E+04	1.018818E-17	3.397733E-18
1.700027E+04	1.018140E-17	3.414733E-18
1.700087E+04	1.016161E-17	3.404814E-18
1.700147E+04	1.015570E-17	3.392689E-18
1.700207E+04	1.014980E-17	3.389086E-18
1.700267E+04	1.013670E-17	3.386297E-18
1.700327E+04	1.010054E-17	3.377555E-18
1.701046E+04	1.008376E-17	3.375125E-18
1.701106E+04	1.007836E-17	3.363750E-18
1.701166E+04	1.006440E-17	3.352267E-18
1.701226E+04	1.007077E-17	3.356297E-18
1.701286E+04	1.006685E-17	3.356586E-18
1.701346E+04	1.006950E-17	3.358443E-18
1.701406E+04	1.008827E-17	3.352700E-18
1.701466E+04	1.009328E-17	3.348698E-18
1.701526E+04	1.008800E-17	3.357128E-18
1.701586E+04	1.008730E-17	3.357089E-18
1.701646E+04	1.008512E-17	3.356556E-18
1.701706E+04	1.011169E-17	3.369788E-18
1.701766E+04	1.013566E-17	3.381135E-18
1.701826E+04	1.013472E-17	3.378969E-18
1.701886E+04	1.012832E-17	3.377263E-18
1.701946E+04	1.009602E-17	3.376797E-18
1.702006E+04	1.008429E-17	3.400075E-18
1.702066E+04	1.011111E-17	3.416368E-18
1.702127E+04	1.013111E-17	3.422252E-18
1.702187E+04	1.014119E-17	3.414666E-18
1.702247E+04	1.016231E-17	3.418333E-18
1.702307E+04	1.017586E-17	3.415489E-18
1.702367E+04	1.019016E-17	3.407699E-18
1.702427E+04	1.021214E-17	3.433392E-18
1.702487E+04	1.022545E-17	3.458521E-18
1.702547E+04	1.021322E-17	3.455721E-18
1.702607E+04	1.021959E-17	3.459040E-18
1.702667E+04	1.023079E-17	3.476760E-18
1.702727E+04	1.024632E-17	3.484039E-18
1.702787E+04	1.027202E-17	3.499410E-18
1.702847E+04	1.028358E-17	3.565969E-18
1.702907E+04	1.030234E-17	3.581435E-18
1.702967E+04	1.030610E-17	3.582322E-18
1.703027E+04	1.030118E-17	3.581205E-18
1.703087E+04	1.026826E-17	3.580711E-18
1.703147E+04	1.024526E-17	3.586223E-18
1.703207E+04	1.025026E-17	3.637870E-18
1.703267E+04	1.024138E-17	3.659713E-18
1.703327E+04	1.022594E-17	3.672137E-18
1.703387E+04	1.021285E-17	3.732269E-18
1.703447E+04	1.019406E-17	3.736052E-18
1.703507E+04	1.017899E-17	3.735428E-18
1.703567E+04	1.017147E-17	3.747911E-18
1.703627E+04	1.016545E-17	3.743886E-18
1.703687E+04	1.016239E-17	3.718162E-18
1.703747E+04	1.015934E-17	3.691351E-18
1.703807E+04	1.014600E-17	3.690601E-18
1.703867E+04	1.014134E-17	3.689951E-18
1.703927E+04	1.014250E-17	3.700319E-18
1.703987E+04	1.014812E-17	3.701638E-18
1.704047E+04	1.014445E-17	3.705847E-18
1.704107E+04	1.013198E-17	3.704490E-18
1.704167E+04	1.013239E-17	3.705154E-18
1.704227E+04	1.012278E-17	3.697298E-18
1.704287E+04	1.011539E-17	3.695499E-18
1.704347E+04	1.012571E-17	3.697813E-18
1.704407E+04	1.014483E-17	3.691850E-18
1.704467E+04	1.014995E-17	3.688164E-18
1.704527E+04	1.015644E-17	3.693679E-18
1.704587E+04	1.015970E-17	3.664471E-18
1.704647E+04	1.015999E-17	3.654802E-18
1.704707E+04	1.015731E-17	3.651196E-18
1.704767E+04	1.015165E-17	3.646979E-18
1.704827E+04	1.014315E-17	3.643356E-18
1.704887E+04	1.013180E-17	3.640398E-18
1.704947E+04	1.011760E-17	3.633464E-18
1.705007E+04	1.010353E-17	3.629946E-18
1.705067E+04	1.008983E-17	3.618350E-18
1.705127E+04	1.007898E-17	3.589314E-18
1.705187E+04	1.006961E-17	3.571935E-18
1.705247E+04	1.007200E-17	3.571614E-18
1.705307E+04	1.008554E-17	3.575854E-18
1.705367E+04	1.009339E-17	3.578611E-18
1.705427E+04	1.010779E-17	3.589237E-18
1.705487E+04	1.011650E-17	3.599916E-18
1.705547E+04	1.011853E-17	3.610002E-18
1.705607E+04	1.013367E-17	3.611347E-18
1.705667E+04	1.017110E-17	3.619736E-18
1.705727E+04	1.019268E-17	3.622544E-18
1.705787E+04	1.019161E-17	3.660632E-18
1.705847E+04	1.020972E-17	3.695594E-18
1.705907E+04	1.019838E-17	3.689590E-18
1.705967E+04	1.017217E-17	3.688513E-18
1.706027E+04	1.015464E-17	3.673322E-18
1.706087E+04	1.017386E-17	3.679816E-18
1.706147E+04	1.019631E-17	3.687128E-18
1.706208E+04	1.019733E-17	3.691951E-18
1.706268E+04	1.019973E-17	3.690611E-18
1.706328E+04	1.019581E-17	3.689153E-18
1.706388E+04	1.021057E-17	3.699013E-18
1.706448E+04	1.023252E-17	3.696099E-18
1.706508E+04	1.023466E-17	3.671878E-18
1.706568E+04	1.023272E-17	3.666938E-18
1.706628E+04	1.025182E-17	3.696710E-18
1.706688E+04	1.028391E-17	3.703542E-18
1.706748E+04	1.028110E-17	3.720782E-18
1.706808E+04	1.028795E-17	3.726651E-18
1.706868E+04	1.029702E-17	3.729090E-18
1.706928E+04	1.030027E-17	3.713653E-18
1.706988E+04	1.031392E-17	3.696612E-18
1.707048E+04	1.032534E-17	3.705323E-18
1.707108E+04	1.033181E-17	3.707101E-18
1.707168E+04	1.034014E-17	3.697722E-18
1.707228E+04	1.035255E-17	3.697342E-18
1.707288E+04	1.036471E-17	3.688908E-18
1.707348E+04	1.036573E-17	3.639209E-18
1.707408E+04	1.037393E-17	3.635776E-18
1.707468E+04	1.038436E-17	3.640562E-18
1.707528E+04	1.038737E-17	3.648541E-18
1.707588E+04	1.040608E-17	3.646574E-18
1.708008E+04	1.042685E-17	3.649471E-18
1.708068E+04	1.042738E-17	3.593772E-18
1.708128E+04	1.043384E-17	3.562496E-18
1.708188E+04	1.044402E-17	3.581522E-18
1.708248E+04	1.045469E-17	3.528542E-18
1.708308E+04	1.046820E-17	3.523519E-18
1.708368E+04	1.047566E-17	3.525836E-18
1.708428E+04	1.045207E-17	3.506058E-18
1.708488E+04	1.044777E-17	3.488789E-18
1.708548E+04	1.044285E-17	3.479980E-18
1.708608E+04	1.042396E-17	3.480942E-18
1.708668E+04	1.040581E-17	3.471551E-18
1.708728E+04	1.042724E-17	3.473615E-18
1.708788E+04	1.042925E-17	3.460884E-18
1.708848E+04	1.041840E-17	3.461118E-18
1.708908E+04	1.042313E-17	3.471860E-18
1.708968E+04	1.043021E-17	3.484800E-18
1.709028E+04	1.042357E-17	3.481062E-18
1.709088E+04	1.043164E-17	3.486925E-18
1.709148E+04	1.046975E-17	3.527363E-18
1.709208E+04	1.048116E-17	3.530921E-18
1.709268E+04	1.048082E-17	3.541214E-18
1.709328E+04	1.047566E-17	3.540008E-18
1.709388E+04	1.048113E-17	3.543481E-18
1.709448E+04	1.049130E-17	3.543176E-18
1.709508E+04	1.047599E-17	3.536659E-18
1.709568E+04	1.046440E-17	3.523453E-18
1.709628E+04	1.046567E-17	3.519405E-18
1.709688E+04	1.046755E-17	3.523213E-18
1.709748E+04	1.048155E-17	3.530621E-18
1.709808E+04	1.047775E-17	3.533904E-18
1.709868E+04	1.046653E-17	3.535605E-18
1.709928E+04	1.046953E-17	3.542010E-18
1.709988E+04	1.047302E-17	3.548624E-18
1.710048E+04	1.048652E-17	3.557681E-18
1.710108E+04	1.047604E-17	3.560547E-18
1.710168E+04	1.045840E-17	3.556186E-18
1.710228E+04	1.045867E-17	3.564531E-18
1.710288E+04	1.047205E-17	3.575376E-18
1.710349E+04	1.047752E-17	3.574141E-18
1.710409E+04	1.047915E-17	3.566667E-18
1.710469E+04	1.047819E-17	3.567216E-18
1.710529E+04	1.047464E-17	3.566801E-18
1.710589E+04	1.048344E-17	3.568286E-18
1.710649E+04	1.049323E-17	3.526298E-18
1.710709E+04	1.048510E-17	3.484487E-18
1.710769E+04	1.046882E-17	3.490043E-18
1.710829E+04	1.044302E-17	3.482266E-18
1.710889E+04	1.041648E-17	3.475820E-18
1.710949E+04	1.039154E-17	3.471491E-18
1.711009E+04	1.038157E-17	3.484850E-18
1.711069E+04	1.037579E-17	3.478724E-18
1.711129E+04	1.036284E-17	3.472222E-18
1.711189E+04	1.036028E-17	3.471045E-18
1.711249E+04	1.035994E-17	3.466136E-18
1.711309E+04	1.036615E-17	3.478607E-18
1.711369E+04	1.037483E-17	3.479335E-18
1.711429E+04	1.037090E-17	3.489952E-18
1.711489E+04	1.038329E-17	3.478193E-18
1.711549E+04	1.039258E-17	3.479949E-18
1.711609E+04	1.038755E-17	3.465050E-18
1.711669E+04	1.038498E-17	3.461644E-18
1.711729E+04	1.039675E-17	3.464113E-18
1.711789E+04	1.042198E-17	3.467481E-18
1.711849E+04	1.044474E-17	3.471979E-18
1.711909E+04	1.042660E-17	3.460173E-18
1.711969E+04	1.039390E-17	3.448357E-18
1.712029E+04	1.038627E-17	3.447395E-18
1.712089E+04	1.037938E-17	3.447696E-18
1.712449E+04	1.036596E-17	3.446907E-18
1.712509E+04	1.036735E-17	3.428403E-18
1.712569E+04	1.038010E-17	3.428719E-18
1.712629E+04	1.042064E-17	3.443999E-18
1.712689E+04	1.045907E-17	3.454474E-18
1.712749E+04	1.047219E-17	3.453687E-18
1.712809E+04	1.046641E-17	3.449920E-18
1.712869E+04	1.044927E-17	3.441963E-18
1.712929E+04	1.043497E-17	3.438785E-18
1.712989E+04	1.041104E-17	3.401887E-18
1.713049E+04	1.039193E-17	3.407359E-18
1.713109E+04	1.038455E-17	3.407538E-18
1.713169E+04	1.036544E-17	3.400591E-18
1.713229E+04	1.033719E-17	3.393444E-18
1.713289E+04	1.031277E-17	3.387917E-18
1.713349E+04	1.027773E-17	3.379312E-18
1.713409E+04	1.026122E-17	3.367834E-18
1.713469E+04	1.026779E-17	3.385805E-18
1.713529E+04	1.026634E-17	3.405161E-18
1.713589E+04	1.023649E-17	3.399451E-18
1.713649E+04	1.022825E-17	3.406903E-18
1.713709E+04	1.022926E-17	3.393230E-18
1.713769E+04	1.022423E-17	3.375470E-18
1.713829E+04	1.020500E-17	3.370734E-18
1.713889E+04	1.018467E-17	3.368628E-18
1.713949E+04	1.019284E-17	3.341305E-18
1.714009E+04	1.021423E-17	3.347678E-18
1.714069E+04	1.021846E-17	3.333602E-18
1.714129E+04	1.021194E-17	3.331617E-18
1.714189E+04	1.020556E-17	3.328611E-18
1.714249E+04	1.020917E-17	3.327496E-18
1.714309E+04	1.021734E-17	3.326921E-18
1.714369E+04	1.020811E-17	3.321155E-18
1.714430E+04	1.017778E-17	3.309282E-18
1.714490E+04	1.015572E-17	3.298870E-18
1.714550E+04	1.015649E-17	3.293432E-18
1.714610E+04	1.015578E-17	3.286900E-18
1.714670E+04	1.013606E-17	3.274676E-18
1.714730E+04	1.013844E-17	3.266180E-18
1.714790E+04	1.015044E-17	3.260202E-18
1.714850E+04	1.012776E-17	3.245104E-18
1.714910E+04	1.011582E-17	3.233263E-18
1.714970E+04	1.010956E-17	3.233218E-18
1.715030E+04	1.009133E-17	3.227868E-18
1.715090E+04	1.005200E-17	3.213314E-18
1.715150E+04	1.003426E-17	3.211935E-18
1.715210E+04	9.962971E-18	3.198514E-18
1.715270E+04	9.893660E-18	3.185222E-18
1.715330E+04	9.861616E-18	3.184406E-18
1.715390E+04	9.846228E-18	3.190663E-18
1.715450E+04	9.796172E-18	3.177981E-18
1.715510E+04	9.747352E-18	3.165692E-18
1.715570E+04	9.734806E-18	3.176474E-18
1.715630E+04	9.752733E-18	3.185388E-18
1.715690E+04	9.766588E-18	3.189209E-18
1.715750E+04	9.770327E-18	3.190003E-18
1.715810E+04	9.779000E-18	3.181519E-18
1.715870E+04	9.784342E-18	3.184593E-18
1.715930E+04	9.806213E-18	3.189770E-18
1.715990E+04	9.825370E-18	3.199186E-18
1.716050E+04	9.811590E-18	3.191699E-18
1.716110E+04	9.820014E-18	3.182700E-18
1.716170E+04	9.877037E-18	3.195646E-18
1.716230E+04	9.901495E-18	3.195252E-18
1.716290E+04	9.902516E-18	3.215750E-18
1.716350E+04	9.910813E-18	3.218085E-18
1.716410E+04	9.944272E-18	3.220045E-18
1.716470E+04	9.943195E-18	3.220288E-18
1.716530E+04	9.941131E-18	3.227433E-18
1.716590E+04	9.961760E-18	3.233177E-18
1.716650E+04	9.983128E-18	3.242551E-18
1.716710E+04	9.972800E-18	3.239936E-18
1.716770E+04	9.981588E-18	3.242509E-18
1.716830E+04	9.986923E-18	3.243422E-18
1.716890E+04	9.990407E-18	3.249504E-18
1.716950E+04	9.990562E-18	3.250510E-18
1.717010E+04	9.993060E-18	3.259311E-18
1.717069E+04	1.000407E-17	3.257507E-18
1.717129E+04	1.001038E-17	3.254350E-18
1.717190E+04	1.001226E-17	3.244730E-18
1.717309E+04	1.000826E-17	3.257061E-18
1.717369E+04	9.983629E-18	3.281714E-18
1.717429E+04	9.971330E-18	3.281032E-18
1.717489E+04	9.977033E-18	3.284926E-18
1.717549E+04	9.966461E-18	3.280068E-18
1.717609E+04	9.962301E-18	3.264911E-18
1.717669E+04	9.972194E-18	3.266539E-18
1.717729E+04	9.961747E-18	3.262299E-18
1.717789E+04	9.967325E-18	3.266293E-18
1.717849E+04	1.001358E-17	3.283085E-18
1.717909E+04	1.002853E-17	3.287921E-18
1.717969E+04	9.996509E-18	3.286700E-18
1.718029E+04	1.002884E-17	3.280404E-18
1.718089E+04	1.007213E-17	3.268627E-18
1.718149E+04	1.006316E-17	3.265990E-18
1.718209E+04	1.004827E-17	3.270949E-18
1.718269E+04	1.001761E-17	3.276706E-18
1.718329E+04	9.981775E-18	3.276612E-18
1.718389E+04	9.961222E-18	3.277389E-18
1.718449E+04	9.976905E-18	3.278045E-18
1.718509E+04	1.000158E-17	3.284698E-18
1.718570E+04	1.001886E-17	3.287476E-18
1.718630E+04	1.002789E-17	3.284953E-18
1.718690E+04	1.009200E-17	3.298460E-18
1.718750E+04	1.012013E-17	3.307367E-18
1.718810E+04	1.009329E-17	3.305419E-18
1.718870E+04	1.005672E-17	3.304987E-18
1.718930E+04	1.002175E-17	3.309718E-18
1.718990E+04	1.001377E-17	3.306773E-18
1.719050E+04	1.001305E-17	3.310384E-18
1.719110E+04	1.003083E-17	3.317891E-18
1.719170E+04	1.005020E-17	3.325074E-18
1.719230E+04	1.004246E-17	3.324477E-18
1.719290E+04	1.003350E-17	3.322130E-18
1.719350E+04	1.004720E-17	3.326469E-18
1.719410E+04	1.002086E-17	3.322257E-18
1.719470E+04	9.980974E-18	3.316005E-18
1.719530E+04	9.957964E-18	3.349653E-18
1.719590E+04	9.951587E-18	3.400812E-18
1.719650E+04	9.946196E-18	3.418348E-18
1.719710E+04	9.935630E-18	3.418162E-18
1.719770E+04	9.923587E-18	3.411236E-18
1.719830E+04	9.918566E-18	3.406140E-18
1.719890E+04	9.931900E-18	3.410389E-18
1.719950E+04	9.928111E-18	3.403572E-18
1.720010E+04	9.930480E-18	3.404053E-18
1.720070E+04	9.941226E-18	3.406446E-18
1.720130E+04	9.912802E-18	3.381721E-18
1.720190E+04	9.914679E-18	3.394908E-18
1.720250E+04	9.912491E-18	3.412924E-18
1.720310E+04	9.895524E-18	3.407596E-18
1.720370E+04	9.894199E-18	3.413089E-18
1.720430E+04	9.890780E-18	3.410627E-18
1.720490E+04	9.886006E-18	3.435438E-18
1.720550E+04	9.888499E-18	3.432242E-18
1.720610E+04	9.869933E-18	3.450800E-18
1.720730E+04	9.852383E-18	3.456557E-18
1.720790E+04	9.854137E-18	3.457526E-18
1.720850E+04	9.867835E-18	3.452429E-18
1.720910E+04	9.902220E-18	3.425947E-18
1.720970E+04	9.911977E-18	3.430471E-18
1.721090E+04	9.907355E-18	3.429596E-18
1.721150E+04	9.913540E-18	3.430950E-18
1.721210E+04	9.920463E-18	3.428526E-18
1.721270E+04	9.927879E-18	3.430646E-18
1.721330E+04	9.935540E-18	3.441672E-18
1.721390E+04	9.924979E-18	3.439246E-18
1.721450E+04	9.908018E-18	3.434965E-18
1.721510E+04	9.876037E-18	3.430029E-18
1.721570E+04	9.859570E-18	3.427981E-18
1.721630E+04	9.829315E-18	3.434725E-18
1.721690E+04	9.797461E-18	3.446619E-18
1.721750E+04	9.775703E-18	3.439718E-18
1.721810E+04	9.759854E-18	3.503249E-18
1.721870E+04	9.742775E-18	3.544328E-18
1.721930E+04	9.719788E-18	3.550870E-18
1.721990E+04	9.702095E-18	3.525561E-18
1.722050E+04	9.701758E-18	3.521484E-18
1.722110E+04	9.712621E-18	3.523978E-18
1.722170E+04	9.719422E-18	3.530630E-18
1.722230E+04	9.718592E-18	3.542737E-18
1.722290E+04	9.716655E-18	3.565821E-18
1.722350E+04	9.704502E-18	3.603410E-18
1.722410E+04	9.674751E-18	3.654637E-18
1.722470E+04	9.667399E-18	3.786128E-18
1.722530E+04	9.658325E-18	3.920315E-18
1.722590E+04	9.655527E-18	3.959122E-18
1.722651E+04	9.631805E-18	3.951636E-18
1.722711E+04	9.619287E-18	3.949428E-18
1.722771E+04	9.627564E-18	3.954095E-18
1.722831E+04	9.621198E-18	3.942808E-18
1.722891E+04	9.618401E-18	3.938711E-18
1.722951E+04	9.610683E-18	3.930840E-18
1.723011E+04	9.595581E-18	3.923289E-18
1.723071E+04	9.593031E-18	3.934303E-18
1.723131E+04	9.601431E-18	3.942339E-18
1.723191E+04	9.609830E-18	4.010449E-18
1.723251E+04	9.623889E-18	4.022702E-18
1.723311E+04	9.634994E-18	4.026312E-18
1.723371E+04	9.627521E-18	4.020919E-18
1.723431E+04	9.607870E-18	4.017276E-18
1.723491E+04	9.593017E-18	4.004766E-18
1.723551E+04	9.578165E-18	3.988524E-18
1.723611E+04	9.563682E-18	3.985246E-18
1.723671E+04	9.549570E-18	3.978216E-18
1.723731E+04	9.536318E-18	3.971975E-18
1.723791E+04	9.522083E-18	3.981912E-18
1.723851E+04	9.509325E-18	3.977952E-18
1.723911E+04	9.498043E-18	3.975871E-18
1.723971E+04	9.488730E-18	3.974461E-18
1.724031E+04	9.487904E-18	3.971576E-18
1.724091E+04	9.503928E-18	3.972628E-18
1.724151E+04	9.516753E-18	3.939881E-18
1.724211E+04	9.526995E-18	3.890752E-18
1.724331E+04	9.519929E-18	3.866931E-18
1.724391E+04	9.499056E-18	3.879802E-18
1.724451E+04	9.490605E-18	3.882697E-18
1.724511E+04	9.493222E-18	3.891965E-18
1.724571E+04	9.499650E-18	3.890001E-18
1.724631E+04	9.509522E-18	3.896795E-18
1.724691E+04	9.510539E-18	3.904281E-18
1.724871E+04	9.506459E-18	3.903770E-18
1.724931E+04	9.504156E-18	3.903542E-18
1.724991E+04	9.512550E-18	3.912773E-18
1.725051E+04	9.532624E-18	3.905826E-18
1.725111E+04	9.550607E-18	3.960208E-18
1.725171E+04	9.561459E-18	4.023138E-18
1.725231E+04	9.573293E-18	4.106236E-18
1.725291E+04	9.575906E-18	4.085480E-18
1.725351E+04	9.559956E-18	4.082929E-18
1.725411E+04	9.558512E-18	4.068338E-18
1.725471E+04	9.557192E-18	4.073201E-18
1.725531E+04	9.567550E-18	4.094320E-18
1.725591E+04	9.591797E-18	4.099693E-18
1.725651E+04	9.591090E-18	4.106836E-18
1.725711E+04	9.564325E-18	4.134945E-18
1.725771E+04	9.564356E-18	4.157894E-18
1.725831E+04	9.589585E-18	4.260399E-18
1.725891E+04	9.627595E-18	4.339086E-18
1.725951E+04	9.578092E-18	4.331175E-18
1.726011E+04	9.552682E-18	4.364492E-18
1.726071E+04	9.546937E-18	4.402797E-18
1.726131E+04	9.535292E-18	4.402639E-18
1.726191E+04	9.535447E-18	4.407358E-18
1.726251E+04	9.550840E-18	4.411930E-18
1.726311E+04	9.544604E-18	4.412797E-18
1.726371E+04	9.557538E-18	4.392096E-18
1.726431E+04	9.540857E-18	4.388802E-18
1.726491E+04	9.493455E-18	4.335303E-18
1.726551E+04	9.523470E-18	4.301655E-18
1.726611E+04	9.517111E-18	4.282853E-18
1.726671E+04	9.559166E-18	4.276491E-18
1.726732E+04	9.553787E-18	4.276433E-18
1.726792E+04	9.512656E-18	4.270614E-18
1.726852E+04	9.476442E-18	4.263550E-18
1.726912E+04	9.458167E-18	4.254232E-18
1.726972E+04	9.441368E-18	4.235580E-18
1.727032E+04	9.431080E-18	4.205054E-18
1.727092E+04	9.407894E-18	4.154925E-18
1.727152E+04	9.400065E-18	4.031176E-18
1.727212E+04	9.402924E-18	3.895011E-18
1.727272E+04	9.422735E-18	3.868894E-18
1.727332E+04	9.425717E-18	3.868681E-18
1.727392E+04	9.419239E-18	3.867561E-18
1.727452E+04	9.410919E-18	3.863748E-18
1.727512E+04	9.411197E-18	3.861256E-18
1.727572E+04	9.405457E-18	3.855867E-18
1.727632E+04	9.405490E-18	3.860815E-18
1.727692E+04	9.413998E-18	3.871411E-18
1.727752E+04	9.420049E-18	3.862907E-18
1.727812E+04	9.407063E-18	3.854528E-18
1.727872E+04	9.399481E-18	3.790826E-18
1.727932E+04	9.375442E-18	3.776941E-18
1.727992E+04	9.339982E-18	3.766831E-18
1.728052E+04	9.333507E-18	3.765937E-18
1.728112E+04	9.323102E-18	3.759182E-18
1.728172E+04	9.316505E-18	3.761182E-18
1.728232E+04	9.311382E-18	3.765431E-18
1.728292E+04	9.289926E-18	3.769771E-18
1.728352E+04	9.279646E-18	3.780106E-18
1.728412E+04	9.258807E-18	3.775631E-18
1.728472E+04	9.257369E-18	3.764282E-18
1.728532E+04	9.266490E-18	3.784476E-18
1.728592E+04	9.244670E-18	3.779800E-18
1.728652E+04	9.251704E-18	3.793267E-18
1.728712E+04	9.264018E-18	3.812237E-18
1.728772E+04	9.265894E-18	3.813663E-18
1.728832E+04	9.268753E-18	3.814019E-18
1.728892E+04	9.264982E-18	3.813388E-18
1.728952E+04	9.272383E-18	3.814117E-18
1.729012E+04	9.288255E-18	3.787173E-18
1.729072E+04	9.287184E-18	3.778018E-18
1.729132E+04	9.267086E-18	3.768221E-18
1.729192E+04	9.251162E-18	3.768160E-18
1.729252E+04	9.238307E-18	3.768770E-18
1.729312E+04	9.227418E-18	3.772940E-18
1.729372E+04	9.215669E-18	3.769491E-18
1.729432E+04	9.189560E-18	3.780114E-18
1.729492E+04	9.145162E-18	3.754387E-18
1.729552E+04	9.120651E-18	3.742605E-18
1.729612E+04	9.120934E-18	3.681447E-18
1.729672E+04	9.124163E-18	3.627598E-18
1.729732E+04	9.120764E-18	3.539344E-18
1.729792E+04	9.119819E-18	3.551298E-18
1.729852E+04	9.118139E-18	3.555640E-18
1.729912E+04	9.118421E-18	3.548482E-18
1.729972E+04	9.116372E-18	3.521475E-18
1.730032E+04	9.108556E-18	3.493973E-18
1.730092E+04	9.100617E-18	3.492414E-18
1.730152E+04	9.098445E-18	3.485877E-18
1.730212E+04	9.117258E-18	3.458793E-18
1.730272E+04	9.141223E-18	3.441595E-18
1.730332E+04	9.158929E-18	3.327209E-18
1.730392E+04	9.159946E-18	3.228499E-18
1.730452E+04	9.151270E-18	3.223681E-18
1.730512E+04	9.141245E-18	3.161647E-18
1.730572E+04	9.138705E-18	3.106248E-18
1.730632E+04	9.148188E-18	3.105860E-18
1.730692E+04	9.151046E-18	3.096783E-18
1.730752E+04	9.149242E-18	3.083398E-18
1.730812E+04	9.162527E-18	3.063701E-18
1.730873E+04	9.175808E-18	3.067630E-18
1.730933E+04	9.169464E-18	3.068648E-18
1.730993E+04	9.148768E-18	3.043944E-18
1.731053E+04	9.125250E-18	3.034759E-18
1.731113E+04	9.104801E-18	3.028268E-18
1.731173E+04	9.066934E-18	3.021381E-18
1.731233E+04	9.020605E-18	3.005926E-18
1.731293E+04	8.992799E-18	2.996763E-18
1.731353E+04	8.980572E-18	2.997972E-18
1.731413E+04	8.970799E-18	2.996205E-18
1.731473E+04	8.955875E-18	2.996234E-18
1.731533E+04	8.966094E-18	2.999297E-18
1.731593E+04	8.955341E-18	2.995699E-18
1.731653E+04	8.944710E-18	2.991908E-18
1.731713E+04	8.935184E-18	2.989593E-18
1.731773E+04	8.928234E-18	2.968834E-18
1.731833E+04	8.953782E-18	2.975542E-18
1.731893E+04	8.986196E-18	3.011156E-18
1.731953E+04	8.978141E-18	3.022954E-18
1.732013E+04	8.964936E-18	3.020728E-18
1.732073E+04	8.971841E-18	3.026729E-18
1.732133E+04	8.995301E-18	3.026727E-18
1.732193E+04	9.011156E-18	3.024858E-18
1.732253E+04	8.985568E-18	3.013711E-18
1.732313E+04	8.968563E-18	3.013133E-18
1.732373E+04	8.970685E-18	3.013890E-18
1.732433E+04	8.981636E-18	3.062151E-18
1.732493E+04	8.983391E-18	3.065867E-18
1.732553E+04	8.944687E-18	3.142599E-18
1.732613E+04	8.896422E-18	3.128099E-18
1.732673E+04	8.904431E-18	3.170403E-18
1.732733E+04	8.930705E-18	3.276868E-18
1.732793E+04	8.986645E-18	3.375387E-18
1.732853E+04	8.955668E-18	3.373688E-18
1.732913E+04	8.956810E-18	3.374066E-18
1.732973E+04	8.913332E-18	3.367744E-18
1.733153E+04	8.899844E-18	3.348492E-18
1.733213E+04	8.915449E-18	3.368674E-18
1.733273E+04	8.914385E-18	3.355584E-18
1.733333E+04	8.930235E-18	3.354260E-18
1.733393E+04	8.930151E-18	3.363567E-18
1.733453E+04	8.907393E-18	3.471966E-18
1.733513E+04	8.883779E-18	3.514288E-18
1.733573E+04	8.839210E-18	3.504733E-18
1.733633E+04	8.795867E-18	3.608701E-18
1.733692E+04	8.780468E-18	3.606558E-18
1.733753E+04	8.774872E-18	3.648525E-18
1.733812E+04	8.779448E-18	3.678257E-18
1.733872E+04	8.789538E-18	3.674622E-18
1.733932E+04	8.809920E-18	3.665998E-18
1.733992E+04	8.839981E-18	3.673264E-18
1.734052E+04	8.876903E-18	3.669070E-18
1.734112E+04	8.940533E-18	3.681570E-18
1.734172E+04	9.007101E-18	3.696450E-18
1.734232E+04	9.051980E-18	3.708106E-18
1.734292E+04	9.073088E-18	3.702291E-18
1.734352E+04	9.086109E-18	3.707810E-18
1.734412E+04	9.108072E-18	3.704000E-18
1.734472E+04	9.131995E-18	3.706740E-18
1.734532E+04	9.167433E-18	3.717168E-18
1.734592E+04	9.196130E-18	3.724548E-18
1.734652E+04	9.206452E-18	3.727155E-18
1.734712E+04	9.235392E-18	3.738823E-18
1.734772E+04	9.259676E-18	3.744831E-18
1.734832E+04	9.230430E-18	3.732125E-18
1.734892E+04	9.218824E-18	3.727931E-18
1.734953E+04	9.227180E-18	3.728790E-18
1.735013E+04	9.228190E-18	3.729768E-18
1.735073E+04	9.220626E-18	3.727869E-18
1.735133E+04	9.228495E-18	3.729860E-18
1.735193E+04	9.242487E-18	3.733449E-18
1.735253E+04	9.255376E-18	3.742084E-18
1.735313E+04	9.270714E-18	3.747704E-18
1.735373E+04	9.290950E-18	3.756221E-18
1.735433E+04	9.295632E-18	3.764876E-18
1.735493E+04	9.321377E-18	3.787049E-18
1.735553E+04	9.350672E-18	3.792572E-18
1.735613E+04	9.385231E-18	3.807636E-18
1.735673E+04	9.418931E-18	3.823840E-18
1.735733E+04	9.435732E-18	3.829116E-18
1.735793E+04	9.466123E-18	3.840695E-18
1.735853E+04	9.494554E-18	3.852757E-18
1.735913E+04	9.515270E-18	3.859974E-18
1.735973E+04	9.563288E-18	3.867821E-18
1.736033E+04	9.614243E-18	3.878995E-18
1.736093E+04	9.635444E-18	3.881643E-18
1.736153E+04	9.667907E-18	3.888604E-18
1.736213E+04	9.684331E-18	3.890954E-18
1.736273E+04	9.695980E-18	3.891514E-18
1.736333E+04	9.714850E-18	3.895811E-18
1.736393E+04	9.723560E-18	3.898096E-18
1.736453E+04	9.723210E-18	3.913101E-18
1.736513E+04	9.754687E-18	3.912088E-18
1.736573E+04	9.817499E-18	3.914486E-18
1.736633E+04	9.804049E-18	3.908987E-18
1.736693E+04	9.790110E-18	3.899247E-18
1.736753E+04	9.809588E-18	3.905256E-18
1.736813E+04	9.834204E-18	3.915979E-18
1.736873E+04	9.850987E-18	3.924784E-18
1.736933E+04	9.889187E-18	3.937096E-18
1.736993E+04	9.936320E-18	3.965014E-18
1.737053E+04	9.971089E-18	3.949686E-18
1.737113E+04	9.983461E-18	3.956441E-18
1.737173E+04	9.982492E-18	3.896044E-18
1.737233E+04	9.992783E-18	3.916028E-18
1.737293E+04	9.957181E-18	3.885442E-18
1.737353E+04	9.916687E-18	3.785862E-18
1.737413E+04	9.900669E-18	3.698474E-18
1.737473E+04	9.937513E-18	3.685658E-18
1.737533E+04	9.975334E-18	3.705701E-18
1.737593E+04	9.966535E-18	3.710260E-18
1.737653E+04	9.950272E-18	3.719949E-18
1.737713E+04	9.919938E-18	3.707679E-18
1.737773E+04	9.888016E-18	3.705913E-18
1.737833E+04	9.885091E-18	3.703940E-18
1.737893E+04	9.890976E-18	3.694012E-18
1.737953E+04	9.867743E-18	3.581207E-18
1.738013E+04	9.843532E-18	3.543492E-18
1.738073E+04	9.853209E-18	3.548690E-18
1.738193E+04	9.850788E-18	3.438322E-18
1.738253E+04	9.852635E-18	3.441401E-18
1.738313E+04	9.847143E-18	3.392083E-18
1.738673E+04	9.830460E-18	3.352240E-18
1.738853E+04	9.820348E-18	3.345543E-18
1.738913E+04	9.819871E-18	3.343184E-18
1.738973E+04	9.835660E-18	3.350582E-18
1.739033E+04	9.830535E-18	3.351663E-18
1.739094E+04	9.801317E-18	3.345364E-18
1.739154E+04	9.776261E-18	3.339285E-18
1.739214E+04	9.792294E-18	3.348002E-18
1.739274E+04	9.778367E-18	3.349349E-18
1.739334E+04	9.771899E-18	3.351846E-18
1.739394E+04	9.764943E-18	3.344475E-18
1.739454E+04	9.755664E-18	3.338468E-18
1.739514E+04	9.751765E-18	3.336416E-18
1.739574E+04	9.750067E-18	3.335946E-18
1.739634E+04	9.758517E-18	3.350232E-18
1.739694E+04	9.774057E-18	3.352844E-18
1.739754E+04	9.790086E-18	3.357136E-18
1.739814E+04	9.785086E-18	3.355562E-18
1.739874E+04	9.779108E-18	3.355217E-18
1.739934E+04	9.779487E-18	3.355885E-18
1.739994E+04	9.763364E-18	3.410197E-18
1.740054E+04	9.733672E-18	3.547621E-18
1.740114E+04	9.711071E-18	3.542458E-18
1.740174E+04	9.680404E-18	3.541322E-18
1.740234E+04	9.639592E-18	3.658310E-18
1.740294E+04	9.611251E-18	3.665036E-18
1.740354E+04	9.590855E-18	3.653025E-18
1.740414E+04	9.578893E-18	3.775493E-18
1.740474E+04	9.601399E-18	3.774179E-18
1.740534E+04	9.619260E-18	3.800399E-18
1.740594E+04	9.601921E-18	3.796637E-18
1.740654E+04	9.584583E-18	3.791922E-18
1.740714E+04	9.589243E-18	3.785933E-18
1.740774E+04	9.521801E-18	3.770600E-18
1.740834E+04	9.474282E-18	3.757752E-18
1.740894E+04	9.435196E-18	3.755723E-18
1.740954E+04	9.403200E-18	3.762537E-18
1.741014E+04	9.372549E-18	3.752910E-18
1.741074E+04	9.337868E-18	3.744483E-18
1.741134E+04	9.302821E-18	3.737119E-18
1.741194E+04	9.266799E-18	3.729306E-18
1.741254E+04	9.228701E-18	3.722020E-18
1.741314E+04	9.211865E-18	3.720235E-18
1.741374E+04	9.214944E-18	3.721755E-18
1.741434E+04	9.198842E-18	3.707076E-18
1.741494E+04	9.183962E-18	3.693589E-18
1.741554E+04	9.145748E-18	3.685449E-18
1.741614E+04	9.161534E-18	3.689490E-18
1.741674E+04	9.118191E-18	3.680131E-18
1.741734E+04	9.089144E-18	3.672021E-18
1.741794E+04	9.089171E-18	3.664456E-18
1.741854E+04	9.101170E-18	3.663092E-18
1.741914E+04	9.091181E-18	3.653153E-18
1.741974E+04	9.072397E-18	3.628080E-18
1.742034E+04	9.059111E-18	3.608694E-18
1.742094E+04	9.050588E-18	3.602213E-18
1.742154E+04	9.026799E-18	3.598602E-18
1.742214E+04	9.012293E-18	3.590601E-18
1.742274E+04	9.001330E-18	3.589819E-18
1.742334E+04	9.002580E-18	3.607268E-18
1.742394E+04	8.998457E-18	3.621173E-18
1.742454E+04	8.985785E-18	3.628027E-18
1.742574E+04	8.963251E-18	3.616979E-18
1.742634E+04	8.947040E-18	3.602784E-18
1.742694E+04	8.917274E-18	3.580136E-18
1.742754E+04	8.894470E-18	3.564263E-18
1.742814E+04	8.887175E-18	3.551194E-18
1.742874E+04	8.875850E-18	3.535087E-18
1.742934E+04	8.872341E-18	3.534788E-18
1.742994E+04	8.870053E-18	3.532046E-18
1.743054E+04	8.861782E-18	3.528105E-18
1.743114E+04	8.842767E-18	3.522441E-18
1.743175E+04	8.800308E-18	3.518522E-18
1.743235E+04	8.750651E-18	3.507951E-18
1.743295E+04	8.741895E-18	3.507037E-18
1.743355E+04	8.786612E-18	3.512494E-18
1.743415E+04	8.774804E-18	3.518936E-18
1.743475E+04	8.752741E-18	3.520035E-18
1.743535E+04	8.738859E-18	3.516759E-18
1.743595E+04	8.771120E-18	3.522589E-18
1.743655E+04	8.798130E-18	3.528784E-18
1.743715E+04	8.754098E-18	3.519990E-18
1.743775E+04	8.735456E-18	3.516127E-18
1.743835E+04	8.722919E-18	3.505142E-18
1.743895E+04	8.687069E-18	3.482048E-18
1.743955E+04	8.657567E-18	3.477733E-18
1.744015E+04	8.641737E-18	3.474496E-18
1.744075E+04	8.637135E-18	3.482056E-18
1.744135E+04	8.643274E-18	3.485478E-18
1.744195E+04	8.616705E-18	3.465895E-18
1.744255E+04	8.585134E-18	3.461302E-18
1.744315E+04	8.562473E-18	3.455565E-18
1.744375E+04	8.537006E-18	3.453676E-18
1.744435E+04	8.493358E-18	3.461758E-18
1.744555E+04	8.465494E-18	3.459026E-18
1.744615E+04	8.472245E-18	3.424767E-18
1.744675E+04	8.452030E-18	3.311269E-18
1.744735E+04	8.418517E-18	3.307277E-18
1.744795E+04	8.361822E-18	3.285889E-18
1.744855E+04	8.388585E-18	3.132149E-18
1.744915E+04	8.406317E-18	3.123261E-18
1.744975E+04	8.362560E-18	3.115899E-18
1.745035E+04	8.344912E-18	2.960986E-18
1.745095E+04	8.344710E-18	2.951516E-18
1.745155E+04	8.335726E-18	2.930480E-18
1.745215E+04	8.320398E-18	2.918261E-18
1.745275E+04	8.274817E-18	2.900465E-18
1.745335E+04	8.268640E-18	2.906540E-18
1.745395E+04	8.304547E-18	2.907445E-18
1.745455E+04	8.257262E-18	2.894917E-18
1.745515E+04	8.258405E-18	2.882006E-18
1.745575E+04	8.210270E-18	2.845028E-18
1.745635E+04	8.201533E-18	2.841480E-18
1.745695E+04	8.218288E-18	2.847749E-18
1.745755E+04	8.211138E-18	2.846058E-18
1.745815E+04	8.199963E-18	2.843851E-18
1.745875E+04	8.203057E-18	2.855121E-18
1.745935E+04	8.199810E-18	2.885639E-18
1.745995E+04	8.195953E-18	2.884325E-18
1.746055E+04	8.193803E-18	2.886215E-18
1.746115E+04	8.184215E-18	2.886251E-18
1.746175E+04	8.166213E-18	2.887229E-18
1.746235E+04	8.153821E-18	2.883903E-18
1.746295E+04	8.142405E-18	2.880510E-18
1.746355E+04	8.143549E-18	2.880927E-18
1.746415E+04	8.137256E-18	2.880825E-18
1.746475E+04	8.126694E-18	2.875300E-18
1.746535E+04	8.130033E-18	2.872985E-18
1.746595E+04	8.121667E-18	2.872786E-18
1.746655E+04	8.116594E-18	2.885525E-18
1.746715E+04	8.115543E-18	2.905744E-18
1.746775E+04	8.122783E-18	2.900796E-18
1.746835E+04	8.140141E-18	2.890394E-18
1.746895E+04	8.137628E-18	2.878970E-18
1.746955E+04	8.131700E-18	2.847731E-18
1.747015E+04	8.125164E-18	2.827469E-18
1.747075E+04	8.120335E-18	2.807181E-18
1.747135E+04	8.123063E-18	2.793422E-18
1.747195E+04	8.135664E-18	2.791515E-18
1.747256E+04	8.146434E-18	2.789116E-18
1.747316E+04	8.161959E-18	2.787867E-18
1.747376E+04	8.156154E-18	2.783951E-18
1.747436E+04	8.143889E-18	2.815476E-18
1.747496E+04	8.145885E-18	2.899938E-18
1.747556E+04	8.138253E-18	2.904813E-18
1.747616E+04	8.131230E-18	2.916167E-18
1.747676E+04	8.124695E-18	2.931785E-18
1.747736E+04	8.118769E-18	3.063446E-18
1.747796E+04	8.103948E-18	3.111177E-18
1.747856E+04	8.097658E-18	3.147688E-18
1.747916E+04	8.092465E-18	3.180836E-18
1.747976E+04	8.086540E-18	3.202241E-18
1.748036E+04	8.081835E-18	3.220042E-18
1.748096E+04	8.078226E-18	3.232904E-18
1.748156E+04	8.071450E-18	3.243763E-18
1.748216E+04	8.081244E-18	3.254994E-18
1.748276E+04	8.099079E-18	3.260103E-18
1.748336E+04	8.112893E-18	3.260128E-18
1.748396E+04	8.143763E-18	3.267739E-18
1.748456E+04	8.168540E-18	3.273570E-18
1.748516E+04	8.180402E-18	3.327546E-18
1.748576E+04	8.185197E-18	3.331155E-18
1.748636E+04	8.191088E-18	3.381259E-18
1.748696E+04	8.207334E-18	3.385944E-18
1.748756E+04	8.233080E-18	3.389771E-18
1.748816E+04	8.262480E-18	3.410034E-18
1.748876E+04	8.287493E-18	3.415927E-18
1.748936E+04	8.312505E-18	3.428850E-18
1.748996E+04	8.343362E-18	3.415980E-18
1.749056E+04	8.367153E-18	3.416005E-18
1.749116E+04	8.375718E-18	3.406615E-18
1.749176E+04	8.371616E-18	3.372249E-18
1.749236E+04	8.366174E-18	3.366849E-18
1.749296E+04	8.386308E-18	3.386550E-18
1.749356E+04	8.407050E-18	3.399734E-18
1.749416E+04	8.418536E-18	3.400581E-18
1.749476E+04	8.416260E-18	3.397338E-18
1.749536E+04	8.411061E-18	3.396247E-18
1.749596E+04	8.408907E-18	3.406494E-18
1.749656E+04	8.411623E-18	3.404294E-18
1.749716E+04	8.399606E-18	3.398914E-18
1.749776E+04	8.389659E-18	3.394488E-18
1.749836E+04	8.394080E-18	3.387372E-18
1.749896E+04	8.407146E-18	3.390120E-18
1.749956E+04	8.431535E-18	3.393531E-18
1.750016E+04	8.440582E-18	3.398333E-18
1.750076E+04	8.454376E-18	3.419323E-18
1.750136E+04	8.465979E-18	3.473410E-18
1.750196E+04	8.470641E-18	3.474216E-18
1.750256E+04	8.481999E-18	3.589054E-18
1.750316E+04	8.502730E-18	3.593051E-18
1.750376E+04	8.526503E-18	3.586230E-18
1.750435E+04	8.534937E-18	3.556871E-18
1.750555E+04	8.552533E-18	3.660199E-18
1.750615E+04	8.574964E-18	3.742988E-18
1.750675E+04	8.585100E-18	3.761061E-18
1.750735E+04	8.621648E-18	3.764095E-18
1.750795E+04	8.624114E-18	3.767928E-18
1.750855E+04	8.628162E-18	3.771833E-18
1.750915E+04	8.654360E-18	3.784259E-18
1.750975E+04	8.664980E-18	3.786133E-18
1.751035E+04	8.688985E-18	3.794509E-18
1.751095E+04	8.712990E-18	3.853651E-18
1.751155E+04	8.716305E-18	3.854059E-18
1.751215E+04	8.743107E-18	3.850809E-18
1.751275E+04	8.756156E-18	3.835681E-18
1.751335E+04	8.762390E-18	3.836542E-18
1.751396E+04	8.769958E-18	3.840929E-18
1.751456E+04	8.780451E-18	3.834373E-18
1.751516E+04	8.823674E-18	3.847167E-18
1.751576E+04	8.887215E-18	3.859147E-18
1.751636E+04	8.898311E-18	3.871676E-18
1.751696E+04	8.904541E-18	3.879786E-18
1.751756E+04	8.866970E-18	3.873662E-18
1.751816E+04	8.893031E-18	3.889650E-18
1.751876E+04	8.890865E-18	3.921250E-18
1.751936E+04	8.943810E-18	3.933919E-18
1.751996E+04	8.974612E-18	3.917085E-18
1.752056E+04	8.956021E-18	3.865004E-18
1.752116E+04	8.960909E-18	3.865181E-18
1.752176E+04	8.988059E-18	3.872459E-18
1.752236E+04	9.001583E-18	3.849768E-18
1.752296E+04	9.003185E-18	3.768305E-18
1.752356E+04	8.983257E-18	3.734162E-18
1.752416E+04	9.000794E-18	3.718162E-18
1.752476E+04	9.043873E-18	3.717327E-18
1.752536E+04	9.063718E-18	3.714376E-18
1.752596E+04	9.056075E-18	3.697693E-18
1.752656E+04	9.051594E-18	3.700350E-18
1.752716E+04	9.068884E-18	3.697223E-18
1.752776E+04	9.074376E-18	3.693874E-18
1.752836E+04	9.078286E-18	3.695992E-18
1.752896E+04	9.083778E-18	3.695319E-18
1.752956E+04	9.085134E-18	3.696129E-18
1.753016E+04	9.088679E-18	3.697437E-18
1.753076E+04	9.094656E-18	3.649852E-18
1.753136E+04	9.098565E-18	3.651728E-18
1.753196E+04	9.110621E-18	3.610454E-18
1.753256E+04	9.119150E-18	3.611308E-18
1.753316E+04	9.128408E-18	3.620744E-18
1.753376E+04	9.129520E-18	3.609208E-18
1.753436E+04	9.129415E-18	3.610377E-18
1.753496E+04	9.139402E-18	3.602142E-18
1.753556E+04	9.147929E-18	3.601323E-18
1.753616E+04	9.162534E-18	3.604409E-18
1.753676E+04	9.176774E-18	3.607796E-18
1.753736E+04	9.195876E-18	3.621107E-18
1.753796E+04	9.219596E-18	3.627265E-18
1.753856E+04	9.259362E-18	3.627405E-18
1.753916E+04	9.285632E-18	3.631068E-18
1.753976E+04	9.321868E-18	3.640922E-18
1.754036E+04	9.357131E-18	3.647821E-18
1.754096E+04	9.382910E-18	3.654755E-18
1.754156E+04	9.401031E-18	3.645231E-18
1.754216E+04	9.418057E-18	3.642223E-18
1.754276E+04	9.441888E-18	3.648809E-18
1.754336E+04	9.461586E-18	3.652540E-18
1.754396E+04	9.478366E-18	3.657291E-18
1.754456E+04	9.493929E-18	3.661677E-18
1.754516E+04	9.506454E-18	3.665184E-18
1.754576E+04	9.513509E-18	3.665887E-18
1.754636E+04	9.517162E-18	3.643152E-18
1.754696E+04	9.522758E-18	3.588025E-18
1.754756E+04	9.536131E-18	3.590808E-18
1.754816E+04	9.567002E-18	3.505848E-18
1.754876E+04	9.574419E-18	3.506383E-18
1.754936E+04	9.570049E-18	3.509186E-18
1.754996E+04	9.569447E-18	3.515189E-18
1.755056E+04	9.585125E-18	3.441483E-18
1.755116E+04	9.596794E-18	3.364603E-18
1.755176E+04	9.615873E-18	3.349478E-18
1.755236E+04	9.638717E-18	3.355380E-18
1.755296E+04	9.648682E-18	3.356325E-18
1.755356E+04	9.654395E-18	3.355615E-18
1.755416E+04	9.664480E-18	3.352261E-18
1.755477E+04	9.698736E-18	3.362073E-18
1.755537E+04	9.719024E-18	3.365203E-18
1.755597E+04	9.695094E-18	3.305648E-18
1.755657E+04	9.646629E-18	3.291060E-18
1.755717E+04	9.615778E-18	3.280301E-18
1.755777E+04	9.600234E-18	3.271176E-18
1.755837E+04	9.579103E-18	3.270339E-18
1.755897E+04	9.551050E-18	3.259688E-18
1.755957E+04	9.538545E-18	3.253825E-18
1.756017E+04	9.525797E-18	3.243529E-18
1.756077E+04	9.506492E-18	3.238999E-18
1.756137E+04	9.505769E-18	3.229682E-18
1.756197E+04	9.514033E-18	3.232534E-18
1.756257E+04	9.534926E-18	3.237629E-18
1.756317E+04	9.547317E-18	3.224136E-18
1.756377E+04	9.561165E-18	3.185843E-18
1.756437E+04	9.586306E-18	3.186009E-18
1.756497E+04	9.614359E-18	3.180029E-18
1.756557E+04	9.639618E-18	3.152419E-18
1.756617E+04	9.670219E-18	3.164965E-18
1.756677E+04	9.724616E-18	3.173597E-18
1.756737E+04	9.722794E-18	3.174541E-18
1.756797E+04	9.706889E-18	3.172296E-18
1.756857E+04	9.721094E-18	3.175673E-18
1.756917E+04	9.706403E-18	3.170234E-18
1.756977E+04	9.698633E-18	3.154870E-18
1.757037E+04	9.713687E-18	3.149913E-18
1.757097E+04	9.756783E-18	3.166454E-18
1.757157E+04	9.749256E-18	3.149471E-18
1.757217E+04	9.760908E-18	3.153752E-18
1.757277E+04	9.773531E-18	3.156825E-18
1.757337E+04	9.792344E-18	3.154916E-18
1.757397E+04	9.760660E-18	3.147223E-18
1.757457E+04	9.767092E-18	3.146316E-18
1.757517E+04	9.759200E-18	3.146042E-18
1.757577E+04	9.741356E-18	3.147965E-18
1.757637E+04	9.749001E-18	3.149707E-18
1.757697E+04	9.730188E-18	3.136261E-18
1.757757E+04	9.714531E-18	3.133199E-18
1.757817E+04	9.686252E-18	3.119056E-18
1.757877E+04	9.654335E-18	3.116762E-18
1.757937E+04	9.639166E-18	3.117331E-18
1.757997E+04	9.620357E-18	3.116225E-18
1.758057E+04	9.574488E-18	3.111975E-18
1.758117E+04	9.530563E-18	3.101902E-18
1.758177E+04	9.522194E-18	3.095409E-18
1.758237E+04	9.534817E-18	3.091307E-18
1.758297E+04	9.451583E-18	3.076010E-18
1.758357E+04	9.374662E-18	3.056926E-18
1.758417E+04	9.359381E-18	3.052167E-18
1.758477E+04	9.316196E-18	3.039352E-18
1.758537E+04	9.279807E-18	3.034033E-18
1.758597E+04	9.244269E-18	3.029572E-18
1.758657E+04	9.216983E-18	3.022798E-18
1.758717E+04	9.231188E-18	3.028989E-18
1.758777E+04	9.205844E-18	3.023586E-18
1.758837E+04	9.170675E-18	3.016592E-18
1.758897E+04	9.127987E-18	3.007063E-18
1.758957E+04	9.093550E-18	3.003781E-18
1.759017E+04	9.047712E-18	2.993781E-18
1.759077E+04	9.018373E-18	2.985930E-18
1.759137E+04	9.025059E-18	2.990098E-18
1.759197E+04	9.017676E-18	3.001241E-18
1.759257E+04	9.013932E-18	3.002425E-18
1.759317E+04	9.005579E-18	3.009227E-18
1.759377E+04	8.975759E-18	3.001039E-18
1.759437E+04	8.935389E-18	3.010871E-18
1.759497E+04	8.911151E-18	3.011750E-18
1.759557E+04	8.929724E-18	3.004922E-18
1.759618E+04	8.887657E-18	2.994047E-18
1.759678E+04	8.876034E-18	2.988444E-18
1.759738E+04	8.888058E-18	2.991752E-18
1.759798E+04	8.912450E-18	2.998015E-18
1.759858E+04	8.903616E-18	2.995551E-18
1.759918E+04	8.922429E-18	3.000960E-18
1.759978E+04	8.884615E-18	2.989951E-18
1.760038E+04	8.883785E-18	2.989122E-18
1.760098E+04	8.864283E-18	2.976617E-18
1.760158E+04	8.839083E-18	2.969567E-18
1.760218E+04	8.772178E-18	2.948621E-18
1.760278E+04	8.733888E-18	2.938317E-18
1.760338E+04	8.710997E-18	2.926699E-18
1.760398E+04	8.667013E-18	2.913343E-18
1.760458E+04	8.630062E-18	2.899546E-18
1.760518E+04	8.610691E-18	2.894251E-18
1.760578E+04	8.584411E-18	2.886502E-18
1.760638E+04	8.560556E-18	2.878018E-18
1.760698E+04	8.521915E-18	2.867181E-18
1.760758E+04	8.502426E-18	2.859876E-18
1.760818E+04	8.489969E-18	2.861332E-18
1.760878E+04	8.487209E-18	2.866240E-18
1.760938E+04	8.479601E-18	2.863758E-18
1.760998E+04	8.487386E-18	2.867253E-18
1.761058E+04	8.491413E-18	2.868735E-18
1.761118E+04	8.483927E-18	2.862090E-18
1.761178E+04	8.481894E-18	2.859936E-18
1.761238E+04	8.473924E-18	2.854329E-18
1.761298E+04	8.465953E-18	2.847862E-18
1.761358E+04	8.458468E-18	2.846059E-18
1.761418E+04	8.445773E-18	2.840870E-18
1.761478E+04	8.452708E-18	2.839562E-18
1.761538E+04	8.481091E-18	2.836909E-18
1.761598E+04	8.494083E-18	2.833991E-18
1.761658E+04	8.456185E-18	2.833635E-18
1.761718E+04	8.470753E-18	2.838200E-18
1.761778E+04	8.480231E-18	2.844047E-18
1.761838E+04	8.474564E-18	2.844348E-18
1.761898E+04	8.430128E-18	2.829847E-18
1.761958E+04	8.380606E-18	2.816083E-18
1.762018E+04	8.396991E-18	2.811187E-18
1.762078E+04	8.394960E-18	2.807177E-18
1.762138E+04	8.377061E-18	2.801653E-18
1.762198E+04	8.358799E-18	2.801640E-18
1.762258E+04	8.362221E-18	2.802234E-18
1.762318E+04	8.349774E-18	2.837732E-18
1.762378E+04	8.325700E-18	2.858106E-18
1.762438E+04	8.319432E-18	2.896978E-18
1.762498E+04	8.342476E-18	3.065183E-18
1.762558E+04	8.360796E-18	3.229415E-18
1.762618E+04	8.392558E-18	3.298065E-18
1.762678E+04	8.401186E-18	3.362321E-18
1.762738E+04	8.404485E-18	3.401396E-18
1.762798E+04	8.448839E-18	3.433941E-18
1.762858E+04	8.485925E-18	3.458756E-18
1.762918E+04	8.492491E-18	3.470400E-18
1.762978E+04	8.501599E-18	3.478346E-18
1.763038E+04	8.512645E-18	3.475177E-18
1.763098E+04	8.525507E-18	3.469361E-18
1.763158E+04	8.527469E-18	3.466902E-18
1.763218E+04	8.574960E-18	3.479964E-18
1.763278E+04	8.607677E-18	3.493535E-18
1.763338E+04	8.612543E-18	3.500851E-18
1.763398E+04	8.606028E-18	3.498954E-18
1.763458E+04	8.624333E-18	3.500947E-18
1.763518E+04	8.654623E-18	3.643989E-18
1.763578E+04	8.677043E-18	3.650279E-18
1.763638E+04	8.693044E-18	3.660243E-18
1.763699E+04	8.712431E-18	3.654485E-18
1.763759E+04	8.687877E-18	3.657191E-18
1.763819E+04	8.680150E-18	3.647208E-18
1.763879E+04	8.665765E-18	3.652388E-18
1.763939E+04	8.651140E-18	3.707020E-18
1.763999E+04	8.672465E-18	3.706785E-18
1.764059E+04	8.694637E-18	3.725060E-18
1.764119E+04	8.712329E-18	3.778829E-18
1.764179E+04	8.703877E-18	3.909625E-18
1.764239E+04	8.722052E-18	3.922698E-18
1.764299E+04	8.715778E-18	3.927800E-18
1.764359E+04	8.712288E-18	3.927222E-18
1.764419E+04	8.719085E-18	3.931285E-18
1.764479E+04	8.730843E-18	3.953741E-18
1.764539E+04	8.753493E-18	3.958650E-18
1.764599E+04	8.770333E-18	3.962611E-18
1.764659E+04	8.795158E-18	3.976217E-18
1.764779E+04	8.814433E-18	3.990500E-18
1.765259E+04	8.822551E-18	3.992223E-18
1.765379E+04	8.845811E-18	3.998050E-18
1.765439E+04	8.860101E-18	4.005372E-18
1.765499E+04	8.877294E-18	4.008621E-18
1.765559E+04	8.895091E-18	4.027117E-18
1.765619E+04	8.895105E-18	4.112578E-18
1.765679E+04	8.912296E-18	4.181850E-18
1.765739E+04	8.948838E-18	4.277713E-18
1.765799E+04	8.972800E-18	4.282729E-18
1.765859E+04	8.992164E-18	4.291354E-18
1.765919E+04	9.027492E-18	4.299021E-18
1.765979E+04	9.043830E-18	4.316906E-18
1.766039E+04	9.052185E-18	4.319829E-18
1.766099E+04	9.072029E-18	4.400625E-18
1.766159E+04	9.098402E-18	4.409031E-18
1.766219E+04	9.111592E-18	4.435758E-18
1.766279E+04	9.115954E-18	4.489689E-18
1.766339E+04	9.125273E-18	4.490882E-18
1.766399E+04	9.158414E-18	4.505448E-18
1.766459E+04	9.195906E-18	4.559636E-18
1.766519E+04	9.211026E-18	4.564767E-18
1.766579E+04	9.224090E-18	4.569597E-18
1.766639E+04	9.254323E-18	4.579155E-18
1.766699E+04	9.275607E-18	4.578026E-18
1.766759E+04	9.280084E-18	4.583278E-18
1.767059E+04	9.305608E-18	4.609021E-18
1.767119E+04	9.337404E-18	4.617848E-18
1.767178E+04	9.367989E-18	4.669475E-18
1.767238E+04	9.399902E-18	4.696223E-18
1.767299E+04	9.422748E-18	4.703677E-18
1.767358E+04	9.458767E-18	4.758922E-18
1.767418E+04	9.476896E-18	4.866859E-18
1.767478E+04	9.492970E-18	4.889975E-18
1.767538E+04	9.506141E-18	4.910835E-18
1.767598E+04	9.520400E-18	4.889835E-18
1.767658E+04	9.535625E-18	4.872575E-18
1.767718E+04	9.528733E-18	4.846820E-18
1.767779E+04	9.553741E-18	4.749182E-18
1.767839E+04	9.573798E-18	4.652824E-18
1.767899E+04	9.578385E-18	4.611974E-18
1.767959E+04	9.621521E-18	4.575937E-18
1.768019E+04	9.651845E-18	4.581372E-18
1.768079E+04	9.660659E-18	4.573416E-18
1.768139E+04	9.660289E-18	4.555230E-18
1.768199E+04	9.673573E-18	4.550706E-18
1.768259E+04	9.686373E-18	4.548466E-18
1.768319E+04	9.681653E-18	4.550024E-18
1.768379E+04	9.693123E-18	4.549883E-18
1.768439E+04	9.734435E-18	4.557753E-18
1.768499E+04	9.772723E-18	4.565661E-18
1.768559E+04	9.790109E-18	4.568482E-18
1.768619E+04	9.815951E-18	4.570881E-18
1.768679E+04	9.818839E-18	4.571092E-18
1.768739E+04	9.829337E-18	4.572331E-18
1.768799E+04	9.845633E-18	4.486303E-18
1.768859E+04	9.864827E-18	4.490596E-18
1.768919E+04	9.870491E-18	4.477898E-18
1.768979E+04	9.864076E-18	4.477326E-18
1.769039E+04	9.883751E-18	4.469225E-18
1.769099E+04	9.918161E-18	4.478894E-18
1.769159E+04	9.952447E-18	4.488019E-18
1.769219E+04	9.965717E-18	4.444214E-18
1.769279E+04	9.992030E-18	4.445019E-18
1.769339E+04	1.001303E-17	4.441417E-18
1.769399E+04	1.001579E-17	4.407749E-18
1.769459E+04	1.002845E-17	4.306867E-18
1.769519E+04	1.006092E-17	4.307470E-18
1.769579E+04	1.005377E-17	4.310970E-18
1.769639E+04	1.005714E-17	4.316161E-18
1.769699E+04	1.006907E-17	4.318679E-18
1.769759E+04	1.009659E-17	4.323191E-18
1.769819E+04	1.010985E-17	4.345709E-18
1.769879E+04	1.011973E-17	4.347680E-18
1.769939E+04	1.013202E-17	4.365761E-18
1.769999E+04	1.014625E-17	4.398210E-18
1.770059E+04	1.015734E-17	4.408444E-18
1.770119E+04	1.015224E-17	4.406903E-18
1.770179E+04	1.014305E-17	4.402002E-18
1.770239E+04	1.014242E-17	4.404830E-18
1.770299E+04	1.014602E-17	4.392728E-18
1.770359E+04	1.014817E-17	4.309946E-18
1.770419E+04	1.013705E-17	4.266172E-18
1.770479E+04	1.014511E-17	4.178451E-18
1.770539E+04	1.013797E-17	4.179834E-18
1.770599E+04	1.013397E-17	4.170511E-18
1.770659E+04	1.012139E-17	4.161419E-18
1.770719E+04	1.010797E-17	4.140685E-18
1.770779E+04	1.009045E-17	4.139995E-18
1.770839E+04	1.008440E-17	4.070819E-18
1.770899E+04	1.008233E-17	4.071676E-18
1.770959E+04	1.006770E-17	4.050124E-18
1.771019E+04	1.005682E-17	3.998078E-18
1.771079E+04	1.002494E-17	3.996454E-18
1.771139E+04	1.000791E-17	3.986704E-18
1.771199E+04	1.001670E-17	3.942519E-18
1.771259E+04	1.000305E-17	3.944280E-18
1.771319E+04	1.000653E-17	3.945924E-18
1.771379E+04	1.000084E-17	3.956517E-18
1.771439E+04	9.979945E-18	3.948108E-18
1.771499E+04	9.970516E-18	3.940030E-18
1.771559E+04	9.989924E-18	3.928402E-18
1.771619E+04	1.000885E-17	3.930289E-18
1.771679E+04	1.001076E-17	3.876111E-18
1.771739E+04	1.002341E-17	3.865619E-18
1.771799E+04	1.003775E-17	3.867909E-18
1.771859E+04	1.005353E-17	3.817755E-18
1.771920E+04	1.007052E-17	3.685656E-18
1.771980E+04	1.008835E-17	3.656729E-18
1.772040E+04	1.010666E-17	3.630443E-18
1.772100E+04	1.011050E-17	3.629516E-18
1.772160E+04	1.008045E-17	3.621287E-18
1.772220E+04	1.006052E-17	3.614029E-18
1.772280E+04	1.003023E-17	3.605678E-18
1.772340E+04	9.985580E-18	3.578435E-18
1.772400E+04	9.951791E-18	3.563062E-18
1.772460E+04	9.915712E-18	3.547797E-18
1.772520E+04	9.877222E-18	3.496526E-18
1.772580E+04	9.829207E-18	3.463176E-18
1.772640E+04	9.798681E-18	3.456043E-18
1.772700E+04	9.747174E-18	3.434857E-18
1.772760E+04	9.701698E-18	3.418677E-18
1.772820E+04	9.658757E-18	3.423813E-18
1.772880E+04	9.625224E-18	3.414879E-18
1.772940E+04	9.598325E-18	3.407177E-18
1.773000E+04	9.567327E-18	3.412487E-18
1.773060E+04	9.541516E-18	3.405697E-18
1.773120E+04	9.513174E-18	3.404167E-18
1.773180E+04	9.494238E-18	3.399195E-18
1.773240E+04	9.473976E-18	3.396379E-18
1.773300E+04	9.446723E-18	3.391151E-18
1.773360E+04	9.428875E-18	3.399381E-18
1.773420E+04	9.397767E-18	3.397845E-18
1.773480E+04	9.365937E-18	3.397367E-18
1.773540E+04	9.346284E-18	3.409311E-18
1.773600E+04	9.318796E-18	3.393239E-18
1.773660E+04	9.292516E-18	3.395005E-18
1.773720E+04	9.271420E-18	3.391701E-18
1.773780E+04	9.227422E-18	3.380255E-18
1.773840E+04	9.190418E-18	3.390568E-18
1.773900E+04	9.166675E-18	3.384660E-18
1.773960E+04	9.139558E-18	3.373140E-18
1.774020E+04	9.100871E-18	3.362661E-18
1.774080E+04	9.067008E-18	3.345546E-18
1.774140E+04	9.011935E-18	3.328037E-18
1.774200E+04	8.954455E-18	3.327141E-18
1.774260E+04	8.923972E-18	3.295868E-18
1.774320E+04	8.905783E-18	3.261728E-18
1.774380E+04	8.860360E-18	3.251679E-18
1.774440E+04	8.791201E-18	3.201045E-18
1.774500E+04	8.721804E-18	3.124037E-18
1.774560E+04	8.704104E-18	3.129128E-18
1.774620E+04	8.729903E-18	3.138574E-18
1.774680E+04	8.772088E-18	3.150949E-18
1.774740E+04	8.789329E-18	3.166997E-18
1.774800E+04	8.811509E-18	3.182632E-18
1.774860E+04	8.832483E-18	3.190357E-18
1.774920E+04	8.853818E-18	3.193986E-18
1.774980E+04	8.852863E-18	3.210609E-18
1.775040E+04	8.868414E-18	3.215957E-18
1.775100E+04	8.866977E-18	3.224107E-18
1.775160E+04	8.879635E-18	3.237763E-18
1.775220E+04	8.891689E-18	3.237250E-18
1.775280E+04	8.902780E-18	3.259635E-18
1.775340E+04	8.912303E-18	3.276379E-18
1.775400E+04	8.919659E-18	3.272987E-18
1.775460E+04	8.924243E-18	3.278147E-18
1.775520E+04	8.944003E-18	3.278632E-18
1.775580E+04	8.955452E-18	3.281868E-18
1.775640E+04	8.924625E-18	3.266175E-18
1.775700E+04	8.938603E-18	3.261377E-18
1.775760E+04	8.976426E-18	3.277349E-18
1.775820E+04	8.998952E-18	3.301859E-18
1.775880E+04	9.055438E-18	3.301387E-18
1.775940E+04	9.107585E-18	3.320621E-18
1.776001E+04	9.136484E-18	3.328856E-18
1.776061E+04	9.117821E-18	3.330120E-18
1.776121E+04	9.109634E-18	3.330893E-18
1.776181E+04	9.077004E-18	3.324353E-18
1.776241E+04	9.053527E-18	3.304752E-18
1.776301E+04	9.026560E-18	3.296316E-18
1.776361E+04	9.064611E-18	3.305244E-18
1.776421E+04	9.057269E-18	3.325205E-18
1.776481E+04	9.048363E-18	3.353821E-18
1.776541E+04	9.031271E-18	3.349392E-18
1.776601E+04	9.012012E-18	3.346673E-18
1.776661E+04	9.030435E-18	3.351449E-18
1.776721E+04	9.048255E-18	3.356329E-18
1.776781E+04	9.076789E-18	3.364616E-18
1.776841E+04	9.087023E-18	3.375171E-18
1.776901E+04	9.106164E-18	3.388747E-18
1.776961E+04	9.128675E-18	3.395437E-18
1.777021E+04	9.162740E-18	3.404382E-18
1.777081E+04	9.191868E-18	3.411197E-18
1.777141E+04	9.184645E-18	3.404112E-18
1.777201E+04	9.152630E-18	3.399648E-18
1.777261E+04	9.196078E-18	3.411212E-18
1.777321E+04	9.269611E-18	3.415855E-18
1.777381E+04	9.300899E-18	3.423018E-18
1.777441E+04	9.328454E-18	3.430854E-18
1.777501E+04	9.345177E-18	3.418386E-18
1.777561E+04	9.375136E-18	3.426596E-18
1.777621E+04	9.376213E-18	3.425716E-18
1.777681E+04	9.349493E-18	3.421022E-18
1.777741E+04	9.340343E-18	3.414970E-18
1.777801E+04	9.321085E-18	3.409275E-18
1.777861E+04	9.287390E-18	3.398285E-18
1.777921E+04	9.302908E-18	3.412218E-18
1.777981E+04	9.357166E-18	3.416861E-18
1.778041E+04	9.339594E-18	3.408199E-18
1.778101E+04	9.345003E-18	3.409976E-18
1.778161E+04	9.348486E-18	3.402842E-18
1.778221E+04	9.346315E-18	3.398715E-18
1.778281E+04	9.362671E-18	3.403199E-18
1.778341E+04	9.391656E-18	3.396941E-18
1.778401E+04	9.427497E-18	3.412160E-18
1.778461E+04	9.435308E-18	3.425893E-18
1.778521E+04	9.429285E-18	3.442244E-18
1.778581E+04	9.479196E-18	3.480394E-18
1.778641E+04	9.494703E-18	3.522126E-18
1.778701E+04	9.479057E-18	3.554849E-18
1.778761E+04	9.439356E-18	3.614315E-18
1.778821E+04	9.421066E-18	3.694721E-18
1.778881E+04	9.399771E-18	3.788381E-18
1.778941E+04	9.393870E-18	3.840493E-18
1.779001E+04	9.389894E-18	3.836399E-18
1.779061E+04	9.379905E-18	3.828703E-18
1.779121E+04	9.371240E-18	3.825417E-18
1.779181E+04	9.382056E-18	3.830513E-18
1.779241E+04	9.386979E-18	3.820489E-18
1.779301E+04	9.375908E-18	3.808494E-18
1.779361E+04	9.376022E-18	3.809166E-18
1.779421E+04	9.405113E-18	3.815005E-18
1.779481E+04	9.369394E-18	3.786955E-18
1.779541E+04	9.336323E-18	3.805670E-18
1.779601E+04	9.315516E-18	3.812422E-18
1.779661E+04	9.327654E-18	3.804950E-18
1.779721E+04	9.327167E-18	3.809947E-18
1.779781E+04	9.323313E-18	3.792594E-18
1.779841E+04	9.308761E-18	3.775416E-18
1.779901E+04	9.280745E-18	3.769048E-18
1.779961E+04	9.273888E-18	3.761157E-18
1.780021E+04	9.281937E-18	3.762224E-18
1.780081E+04	9.296838E-18	3.764651E-18
1.780142E+04	9.290337E-18	3.763184E-18
1.780202E+04	9.271460E-18	3.767186E-18
1.780262E+04	9.271456E-18	3.749540E-18
1.780322E+04	9.267003E-18	3.720781E-18
1.780382E+04	9.275171E-18	3.715926E-18
1.780442E+04	9.285142E-18	3.716691E-18
1.780502E+04	9.294631E-18	3.719060E-18
1.780562E+04	9.274194E-18	3.691765E-18
1.780622E+04	9.266979E-18	3.689059E-18
1.780682E+04	9.257961E-18	3.685981E-18
1.780742E+04	9.256033E-18	3.680517E-18
1.780802E+04	9.263479E-18	3.681146E-18
1.780862E+04	9.260950E-18	3.679232E-18
1.780922E+04	9.247487E-18	3.645242E-18
1.780982E+04	9.245920E-18	3.634953E-18
1.781042E+04	9.248198E-18	3.677151E-18
1.781102E+04	9.275588E-18	3.688254E-18
1.781162E+04	9.279908E-18	3.689217E-18
1.781222E+04	9.283627E-18	3.707941E-18
1.781282E+04	9.321946E-18	3.734024E-18
1.781342E+04	9.360384E-18	3.761908E-18
1.781402E+04	9.350645E-18	3.774766E-18
1.781462E+04	9.370459E-18	3.780017E-18
1.781522E+04	9.389912E-18	3.783377E-18
1.781582E+04	9.400594E-18	3.789189E-18
1.781642E+04	9.417162E-18	3.795537E-18
1.781702E+04	9.431206E-18	3.800816E-18
1.781762E+04	9.407173E-18	3.796633E-18
1.781822E+04	9.389627E-18	3.823689E-18
1.781882E+04	9.399106E-18	3.831600E-18
1.781942E+04	9.404382E-18	3.867261E-18
1.782002E+04	9.401129E-18	3.873727E-18
1.782062E+04	9.389350E-18	3.876460E-18
1.782122E+04	9.376250E-18	3.873432E-18
1.782182E+04	9.381285E-18	3.873881E-18
1.782242E+04	9.374071E-18	3.872884E-18
1.782302E+04	9.360372E-18	3.869948E-18
1.782362E+04	9.353399E-18	3.859578E-18
1.782422E+04	9.325291E-18	3.836790E-18
1.782482E+04	9.300427E-18	3.828756E-18
1.782542E+04	9.286491E-18	3.813744E-18
1.782602E+04	9.295370E-18	3.816448E-18
1.782662E+04	9.314574E-18	3.819557E-18
1.782722E+04	9.341821E-18	3.847092E-18
1.782782E+04	9.335330E-18	3.868383E-18
1.782842E+04	9.333280E-18	3.894553E-18
1.782902E+04	9.345398E-18	3.895948E-18
1.782962E+04	9.363037E-18	3.939223E-18
1.783022E+04	9.377314E-18	3.978014E-18
1.783082E+04	9.375624E-18	3.958275E-18
1.783142E+04	9.392541E-18	3.935493E-18
1.783202E+04	9.389530E-18	3.894778E-18
1.783262E+04	9.408606E-18	3.833783E-18
1.783322E+04	9.411116E-18	3.762101E-18
1.783382E+04	9.413266E-18	3.665503E-18
1.783442E+04	9.420937E-18	3.593984E-18
1.783502E+04	9.430768E-18	3.601011E-18
1.783562E+04	9.438319E-18	3.596452E-18
1.783622E+04	9.439987E-18	3.596271E-18
1.783682E+04	9.439016E-18	3.604284E-18
1.783742E+04	9.441405E-18	3.608434E-18
1.783802E+04	9.451834E-18	3.629870E-18
1.783862E+04	9.459142E-18	3.644295E-18
1.783922E+04	9.455050E-18	3.655799E-18
1.783982E+04	9.426958E-18	3.649636E-18
1.784042E+04	9.407628E-18	3.624712E-18
1.784102E+04	9.394178E-18	3.605388E-18
1.784162E+04	9.385048E-18	3.617356E-18
1.784222E+04	9.384434E-18	3.639674E-18
1.784283E+04	9.381424E-18	3.634759E-18
1.784342E+04	9.360657E-18	3.631319E-18
1.784402E+04	9.356928E-18	3.630209E-18
1.784462E+04	9.361837E-18	3.639306E-18
1.784522E+04	9.355709E-18	3.635193E-18
1.784582E+04	9.341903E-18	3.630104E-18
1.784642E+04	9.340574E-18	3.631714E-18
1.784702E+04	9.349442E-18	3.623172E-18
1.784762E+04	9.355070E-18	3.622226E-18
1.784822E+04	9.336467E-18	3.648902E-18
1.784882E+04	9.309949E-18	3.642146E-18
1.784942E+04	9.303343E-18	3.639239E-18
1.785002E+04	9.311131E-18	3.640129E-18
1.785062E+04	9.312441E-18	3.639660E-18
1.785122E+04	9.333542E-18	3.664144E-18
1.785182E+04	9.354521E-18	3.676368E-18
1.785242E+04	9.355350E-18	3.677986E-18
1.785302E+04	9.358338E-18	3.681441E-18
1.785362E+04	9.367562E-18	3.710220E-18
1.785422E+04	9.349084E-18	3.729887E-18
1.785482E+04	9.325809E-18	3.727959E-18
1.785542E+04	9.281911E-18	3.708677E-18
1.785602E+04	9.263556E-18	3.720500E-18
1.785662E+04	9.253955E-18	3.733514E-18
1.785722E+04	9.250111E-18	3.733798E-18
1.785782E+04	9.241830E-18	3.729547E-18
1.785842E+04	9.231871E-18	3.719059E-18
1.785902E+04	9.228387E-18	3.708781E-18
1.785962E+04	9.198166E-18	3.707074E-18
1.786022E+04	9.150564E-18	3.702558E-18
1.786082E+04	9.135213E-18	3.702348E-18
1.786142E+04	9.103679E-18	3.692377E-18
1.786202E+04	9.101638E-18	3.696430E-18
1.786262E+04	9.133041E-18	3.724809E-18
1.786322E+04	9.160607E-18	3.738025E-18
1.786382E+04	9.163838E-18	3.795128E-18
1.786442E+04	9.174501E-18	3.787037E-18
1.786502E+04	9.184923E-18	3.780409E-18
1.786562E+04	9.188512E-18	3.775007E-18
1.786622E+04	9.188146E-18	3.768970E-18
1.786682E+04	9.164169E-18	3.761794E-18
1.786742E+04	9.125092E-18	3.774929E-18
1.786802E+04	9.102556E-18	3.768128E-18
1.786862E+04	9.097877E-18	3.771368E-18
1.786922E+04	9.105783E-18	3.788229E-18
1.786982E+04	9.104220E-18	3.788031E-18
1.787042E+04	9.099303E-18	3.799777E-18
1.787102E+04	9.106728E-18	3.801649E-18
1.787162E+04	9.125896E-18	3.806800E-18
1.787222E+04	9.129965E-18	3.791648E-18
1.787282E+04	9.112466E-18	3.766756E-18
1.787342E+04	9.108986E-18	3.740408E-18
1.787402E+04	9.134622E-18	3.759230E-18
1.787462E+04	9.125630E-18	3.708617E-18
1.787522E+04	9.105138E-18	3.646385E-18
1.787582E+04	9.112561E-18	3.642104E-18
1.787642E+04	9.134360E-18	3.642474E-18
1.787702E+04	9.096139E-18	3.631260E-18
1.787762E+04	9.098769E-18	3.669732E-18
1.787822E+04	9.124999E-18	3.663088E-18
1.787942E+04	9.112770E-18	3.636236E-18
1.788002E+04	9.109411E-18	3.627700E-18
1.788062E+04	9.111562E-18	3.658410E-18
1.788122E+04	9.096704E-18	3.651056E-18
1.788182E+04	9.104365E-18	3.653591E-18
1.788242E+04	9.089628E-18	3.633266E-18
1.788303E+04	9.074289E-18	3.633577E-18
1.788363E+04	9.078117E-18	3.631049E-18
1.788423E+04	9.070568E-18	3.623632E-18
1.788483E+04	9.072001E-18	3.616072E-18
1.788543E+04	9.090199E-18	3.620828E-18
1.788603E+04	9.089955E-18	3.619860E-18
1.788663E+04	9.091267E-18	3.630798E-18
1.788723E+04	9.079647E-18	3.631582E-18
1.788783E+04	9.074373E-18	3.615625E-18
1.788843E+04	9.064909E-18	3.613504E-18
1.788903E+04	9.065982E-18	3.607852E-18
1.788963E+04	9.049694E-18	3.609394E-18
1.789023E+04	9.041549E-18	3.607241E-18
1.789083E+04	9.028136E-18	3.603838E-18
1.789143E+04	9.029090E-18	3.591320E-18
1.789203E+04	9.054706E-18	3.596371E-18
1.789263E+04	9.077328E-18	3.592046E-18
1.789323E+04	9.092168E-18	3.628746E-18
1.789383E+04	9.086177E-18	3.626187E-18
1.789443E+04	9.077792E-18	3.629227E-18
1.789503E+04	9.108431E-18	3.646381E-18
1.789563E+04	9.121592E-18	3.675986E-18
1.789623E+04	9.137505E-18	3.680649E-18
1.789683E+04	9.170893E-18	3.678996E-18
1.789743E+04	9.158916E-18	3.677141E-18
1.789803E+04	9.140956E-18	3.675342E-18
1.789863E+04	9.122517E-18	3.667312E-18
1.789923E+04	9.082777E-18	3.646160E-18
1.789983E+04	9.069727E-18	3.630758E-18
1.790043E+04	9.071995E-18	3.617372E-18
1.790103E+04	9.065408E-18	3.600692E-18
1.790163E+04	9.040871E-18	3.586166E-18
1.790223E+04	9.001378E-18	3.560401E-18
1.790283E+04	8.953749E-18	3.532974E-18
1.790343E+04	8.902892E-18	3.506324E-18
1.790403E+04	8.888054E-18	3.491455E-18
1.790463E+04	8.825237E-18	3.464335E-18
1.790523E+04	8.787788E-18	3.442035E-18
1.790583E+04	8.777621E-18	3.427069E-18
1.790643E+04	8.757284E-18	3.410380E-18
1.790703E+04	8.750587E-18	3.419500E-18
1.790763E+04	8.751428E-18	3.424099E-18
1.790823E+04	8.759446E-18	3.391954E-18
1.790883E+04	8.753348E-18	3.361021E-18
1.790943E+04	8.770696E-18	3.322154E-18
1.791003E+04	8.784575E-18	3.308895E-18
1.791063E+04	8.784577E-18	3.317432E-18
1.791123E+04	8.787569E-18	3.316474E-18
1.791183E+04	8.771902E-18	3.310412E-18
1.791243E+04	8.756116E-18	3.305483E-18
1.791303E+04	8.740330E-18	3.280603E-18
1.791363E+04	8.732440E-18	3.278612E-18
1.791423E+04	8.714742E-18	3.262521E-18
1.791483E+04	8.687597E-18	3.227992E-18
1.791543E+04	8.674566E-18	3.224463E-18
1.791603E+04	8.661775E-18	3.212866E-18
1.791663E+04	8.671227E-18	3.214142E-18
1.791723E+04	8.680559E-18	3.216870E-18
1.791783E+04	8.683434E-18	3.209607E-18
1.791843E+04	8.670763E-18	3.205730E-18
1.791903E+04	8.646255E-18	3.197032E-18
1.791963E+04	8.627248E-18	3.196715E-18
1.792023E+04	8.597362E-18	3.238395E-18
1.792083E+04	8.568195E-18	3.238729E-18
1.792143E+04	8.499455E-18	3.222617E-18
1.792203E+04	8.447218E-18	3.217864E-18
1.792263E+04	8.398450E-18	3.211518E-18
1.792323E+04	8.377660E-18	3.167161E-18
1.792383E+04	8.384725E-18	3.160644E-18
1.792444E+04	8.406132E-18	3.173777E-18
1.792504E+04	8.411284E-18	3.174629E-18
1.792564E+04	8.388583E-18	3.137707E-18
1.792624E+04	8.390986E-18	3.138856E-18
1.792684E+04	8.400919E-18	3.140778E-18
1.792744E+04	8.375351E-18	3.136143E-18
1.792804E+04	8.381459E-18	3.139936E-18
1.792864E+04	8.392945E-18	3.144420E-18
1.792924E+04	8.407897E-18	3.202257E-18
1.792984E+04	8.389144E-18	3.224356E-18
1.793044E+04	8.366568E-18	3.224606E-18
1.793104E+04	8.358214E-18	3.231342E-18
1.793164E+04	8.323570E-18	3.243819E-18
1.793224E+04	8.337565E-18	3.248872E-18
1.793284E+04	8.354428E-18	3.248262E-18
1.793344E+04	8.361251E-18	3.250354E-18
1.793404E+04	8.337007E-18	3.242920E-18
1.793464E+04	8.343950E-18	3.236880E-18
1.793524E+04	8.348623E-18	3.267538E-18
1.793584E+04	8.332983E-18	3.264162E-18
1.793644E+04	8.309697E-18	3.305337E-18
1.793704E+04	8.281036E-18	3.290048E-18
1.793764E+04	8.274480E-18	3.287264E-18
1.793824E+04	8.277122E-18	3.253890E-18
1.793884E+04	8.282035E-18	3.227027E-18
1.793944E+04	8.278823E-18	3.218116E-18
1.794004E+04	8.262352E-18	3.205645E-18
1.794064E+04	8.267981E-18	3.180080E-18
1.794124E+04	8.259992E-18	3.177686E-18
1.794184E+04	8.238028E-18	3.167453E-18
1.794244E+04	8.208779E-18	3.152760E-18
1.794304E+04	8.202345E-18	3.152512E-18
1.794364E+04	8.215141E-18	3.155398E-18
1.794424E+04	8.236536E-18	3.154637E-18
1.794484E+04	8.255302E-18	3.154624E-18
1.794544E+04	8.217815E-18	3.179869E-18
1.794604E+04	8.167791E-18	3.187459E-18
1.794664E+04	8.152999E-18	3.183861E-18
1.794724E+04	8.154569E-18	3.185344E-18
1.794784E+04	8.191964E-18	3.196203E-18
1.794844E+04	8.207862E-18	3.202513E-18
1.794904E+04	8.198205E-18	3.200524E-18
1.794964E+04	8.168250E-18	3.197909E-18
1.795024E+04	8.152147E-18	3.196485E-18
1.795084E+04	8.161119E-18	3.198705E-18
1.795144E+04	8.157673E-18	3.197849E-18
1.795204E+04	8.156616E-18	3.191225E-18
1.795264E+04	8.139082E-18	3.182694E-18
1.795324E+04	8.103760E-18	3.175508E-18
1.795384E+04	8.074290E-18	3.175727E-18
1.795444E+04	8.050194E-18	3.158921E-18
1.795504E+04	8.032546E-18	3.143546E-18
1.795564E+04	7.993291E-18	3.131106E-18
1.795624E+04	7.953919E-18	3.119891E-18
1.795684E+04	7.963611E-18	3.125566E-18
1.795744E+04	8.024151E-18	3.142824E-18
1.795804E+04	8.031811E-18	3.152347E-18
1.795864E+04	8.015717E-18	3.158980E-18
1.795924E+04	8.011441E-18	3.184139E-18
1.795984E+04	8.026739E-18	3.189579E-18
1.796044E+04	8.044661E-18	3.215222E-18
1.796104E+04	8.069385E-18	3.223341E-18
1.796164E+04	8.091841E-18	3.231962E-18
1.796224E+04	8.093769E-18	3.253422E-18
1.796284E+04	8.124456E-18	3.260426E-18
1.796344E+04	8.159319E-18	3.295543E-18
1.796404E+04	8.195850E-18	3.304125E-18
1.796464E+04	8.233573E-18	3.304833E-18
1.796525E+04	8.254585E-18	3.298451E-18
1.796585E+04	8.282281E-18	3.316828E-18
1.796645E+04	8.230152E-18	3.324205E-18
1.796705E+04	8.221456E-18	3.330617E-18
1.796765E+04	8.183649E-18	3.377823E-18
1.796825E+04	8.147991E-18	3.369803E-18
1.796885E+04	8.107683E-18	3.377768E-18
1.796945E+04	8.058668E-18	3.373819E-18
1.797005E+04	8.028981E-18	3.370167E-18
1.797065E+04	7.982357E-18	3.359021E-18
1.797125E+04	7.963291E-18	3.354644E-18
1.797185E+04	7.956393E-18	3.354227E-18
1.797245E+04	7.906673E-18	3.339488E-18
1.797305E+04	7.891309E-18	3.405077E-18
1.797365E+04	7.864375E-18	3.415152E-18
1.797425E+04	7.837204E-18	3.361000E-18
1.797485E+04	7.812778E-18	3.327196E-18
1.797545E+04	7.799445E-18	3.314625E-18
1.797605E+04	7.794104E-18	3.307135E-18
1.797665E+04	7.742131E-18	3.269334E-18
1.797725E+04	7.742516E-18	3.257839E-18
1.797785E+04	7.760431E-18	3.262270E-18
1.797845E+04	7.766659E-18	3.263400E-18
1.797905E+04	7.740808E-18	3.257360E-18
1.797965E+04	7.693853E-18	3.245048E-18
1.798025E+04	7.656558E-18	3.193652E-18
1.798085E+04	7.645736E-18	3.189629E-18
1.798145E+04	7.660551E-18	3.146250E-18
1.798205E+04	7.640311E-18	3.142955E-18
1.798265E+04	7.619714E-18	3.140184E-18
1.798325E+04	7.593514E-18	3.134304E-18
1.798385E+04	7.575304E-18	3.128146E-18
1.798445E+04	7.587734E-18	3.139692E-18
1.798505E+04	7.584188E-18	3.179467E-18
1.798565E+04	7.572417E-18	3.223671E-18
1.798625E+04	7.542527E-18	3.253190E-18
1.798685E+04	7.530281E-18	3.257976E-18
1.798745E+04	7.529717E-18	3.256551E-18
1.798805E+04	7.548106E-18	3.256573E-18
1.799585E+04	7.551021E-18	3.257662E-18
1.799705E+04	7.553944E-18	3.256589E-18
1.799765E+04	7.535984E-18	3.347133E-18
1.799825E+04	7.529463E-18	3.345942E-18
1.799885E+04	7.537001E-18	3.367875E-18
1.799945E+04	7.564911E-18	3.368551E-18
1.800005E+04	7.587101E-18	3.373071E-18
1.800065E+04	7.598091E-18	3.387503E-18
1.800125E+04	7.586685E-18	3.400073E-18
1.800185E+04	7.602678E-18	3.400807E-18
1.800245E+04	7.599372E-18	3.398451E-18
1.800305E+04	7.584393E-18	3.401825E-18
1.800365E+04	7.576562E-18	3.432449E-18
1.800425E+04	7.585764E-18	3.435354E-18
1.800485E+04	7.571620E-18	3.458511E-18
1.800545E+04	7.560931E-18	3.526048E-18
1.800606E+04	7.544641E-18	3.521305E-18
1.800666E+04	7.533477E-18	3.497992E-18
1.800726E+04	7.522671E-18	3.484893E-18
1.800786E+04	7.527109E-18	3.505496E-18
1.800846E+04	7.534524E-18	3.500888E-18
1.800906E+04	7.537414E-18	3.525357E-18
1.800966E+04	7.528157E-18	3.523463E-18
1.801026E+04	7.526283E-18	3.550441E-18
1.801086E+04	7.533340E-18	3.549848E-18
1.801146E+04	7.542659E-18	3.546270E-18
1.801206E+04	7.533641E-18	3.536256E-18
1.801266E+04	7.535815E-18	3.563736E-18
1.801326E+04	7.544657E-18	3.585697E-18
1.801385E+04	7.547069E-18	3.585126E-18
1.801446E+04	7.572102E-18	3.589813E-18
1.801505E+04	7.596895E-18	3.582926E-18
1.801565E+04	7.612877E-18	3.586380E-18
1.801625E+04	7.604692E-18	3.558561E-18
1.801685E+04	7.586031E-18	3.563372E-18
1.801745E+04	7.588560E-18	3.582973E-18
1.801805E+04	7.607398E-18	3.559145E-18
1.801865E+04	7.632186E-18	3.557142E-18
1.801925E+04	7.658520E-18	3.554413E-18
1.801985E+04	7.673187E-18	3.545547E-18
1.802105E+04	7.681097E-18	3.488088E-18
1.802165E+04	7.692192E-18	3.508802E-18
1.802225E+04	7.706500E-18	3.504840E-18
1.802285E+04	7.724140E-18	3.526374E-18
1.802345E+04	7.737495E-18	3.530635E-18
1.802405E+04	7.767509E-18	3.544157E-18
1.802465E+04	7.803352E-18	3.571526E-18
1.802525E+04	7.838361E-18	3.582785E-18
1.802585E+04	7.874319E-18	3.591561E-18
1.802645E+04	7.915274E-18	3.545459E-18
1.802705E+04	7.964436E-18	3.535358E-18
1.802765E+04	8.018830E-18	3.544820E-18
1.802825E+04	8.071794E-18	3.552227E-18
1.802885E+04	8.116902E-18	3.577032E-18
1.802945E+04	8.164031E-18	3.587914E-18
1.803005E+04	8.221745E-18	3.612747E-18
1.803065E+04	8.300037E-18	3.660867E-18
1.803125E+04	8.382727E-18	3.693422E-18
1.803185E+04	8.462557E-18	3.728811E-18
1.803245E+04	8.486949E-18	3.762271E-18
1.803305E+04	8.511339E-18	3.784106E-18
1.803365E+04	8.549882E-18	3.797330E-18
1.803425E+04	8.590208E-18	3.923719E-18
1.803485E+04	8.636003E-18	3.933738E-18
1.803545E+04	8.663479E-18	3.978086E-18
1.803605E+04	8.699040E-18	3.988963E-18
1.803665E+04	8.753035E-18	4.000629E-18
1.803725E+04	8.761238E-18	4.002469E-18
1.803785E+04	8.782047E-18	4.000000E-18
1.803845E+04	8.824975E-18	3.986873E-18
1.803905E+04	8.828180E-18	3.964118E-18
1.803965E+04	8.830553E-18	3.979622E-18
1.804025E+04	8.840536E-18	4.033694E-18
1.804085E+04	8.854443E-18	4.109599E-18
1.804145E+04	8.846232E-18	4.189687E-18
1.804205E+04	8.834692E-18	4.285178E-18
1.804265E+04	8.851451E-18	4.399241E-18
1.804325E+04	8.833729E-18	4.365108E-18
1.804385E+04	8.790802E-18	4.322362E-18
1.804445E+04	8.760955E-18	4.283363E-18
1.804505E+04	8.763567E-18	4.284951E-18
1.804565E+04	8.776521E-18	4.291772E-18
1.804625E+04	8.798272E-18	4.304842E-18
1.804685E+04	8.802785E-18	4.293507E-18
1.804746E+04	8.796475E-18	4.305815E-18
1.804806E+04	8.765325E-18	4.301341E-18
1.804866E+04	8.751889E-18	4.314826E-18
1.804926E+04	8.762820E-18	4.302614E-18
1.804986E+04	8.747126E-18	4.309418E-18
1.805046E+04	8.740229E-18	4.289954E-18
1.805106E+04	8.774099E-18	4.243068E-18
1.805166E+04	8.802382E-18	4.254151E-18
1.805226E+04	8.818302E-18	4.257002E-18
1.805286E+04	8.808907E-18	4.256278E-18
1.805346E+04	8.786321E-18	4.230507E-18
1.805406E+04	8.768134E-18	4.228236E-18
1.805466E+04	8.763138E-18	4.210964E-18
1.805526E+04	8.752439E-18	4.206679E-18
1.805586E+04	8.743760E-18	4.176706E-18
1.805646E+04	8.729140E-18	4.199554E-18
1.805706E+04	8.689331E-18	4.207235E-18
1.805766E+04	8.669010E-18	4.193175E-18
1.805826E+04	8.662710E-18	4.165527E-18
1.805886E+04	8.633599E-18	4.124971E-18
1.805946E+04	8.614351E-18	4.115755E-18
1.806006E+04	8.617320E-18	4.116894E-18
1.806186E+04	8.583817E-18	4.112768E-18
1.806246E+04	8.559821E-18	4.109469E-18
1.806426E+04	8.581323E-18	4.108753E-18
1.806486E+04	8.586788E-18	4.106397E-18
1.806546E+04	8.581561E-18	4.097075E-18
1.806606E+04	8.579423E-18	4.094125E-18
1.806666E+04	8.561370E-18	4.098228E-18
1.806726E+04	8.540705E-18	4.099508E-18
1.806786E+04	8.547832E-18	4.108937E-18
1.806846E+04	8.577642E-18	4.123720E-18
1.806906E+04	8.570992E-18	4.109051E-18
1.806966E+04	8.510427E-18	4.088585E-18
1.807026E+04	8.515654E-18	4.061090E-18
1.807086E+04	8.542255E-18	4.065298E-18
1.807146E+04	8.528007E-18	4.069056E-18
1.807326E+04	8.512931E-18	4.066544E-18
1.807386E+04	8.482063E-18	4.059523E-18
1.807446E+04	8.435405E-18	4.049874E-18
1.807506E+04	8.421280E-18	4.032372E-18
1.807566E+04	8.408463E-18	4.023148E-18
1.807626E+04	8.397545E-18	4.016355E-18
1.807686E+04	8.368583E-18	4.012208E-18
1.807746E+04	8.341878E-18	4.000574E-18
1.807806E+04	8.317668E-18	3.994137E-18
1.807866E+04	8.267107E-18	3.966079E-18
1.807926E+04	8.182124E-18	3.908449E-18
1.807986E+04	8.134536E-18	3.876954E-18
1.808046E+04	8.091699E-18	3.841731E-18
1.808106E+04	8.126370E-18	3.809055E-18
1.808166E+04	8.132317E-18	3.784979E-18
1.808226E+04	8.175293E-18	3.801083E-18
1.808286E+04	8.121896E-18	3.704801E-18
1.808346E+04	8.094850E-18	3.707924E-18
1.808406E+04	8.035050E-18	3.647150E-18
1.808466E+04	7.956503E-18	3.633047E-18
1.808526E+04	7.859923E-18	3.623682E-18
1.808586E+04	7.760501E-18	3.620931E-18
1.808646E+04	7.787222E-18	3.651573E-18
1.808706E+04	7.772529E-18	3.670272E-18
1.808766E+04	7.687237E-18	3.669722E-18
1.808827E+04	7.589607E-18	3.640756E-18
1.808887E+04	7.502901E-18	3.600964E-18
1.808947E+04	7.449539E-18	3.551575E-18
1.809007E+04	7.377672E-18	3.472636E-18
1.809067E+04	7.268319E-18	3.354420E-18
1.809127E+04	7.219832E-18	3.211986E-18
1.809187E+04	7.190329E-18	3.182188E-18
1.809247E+04	7.155490E-18	3.198822E-18
1.809307E+04	7.139514E-18	3.220181E-18
1.809367E+04	7.087833E-18	3.233106E-18
1.809427E+04	7.018481E-18	3.239901E-18
1.809487E+04	6.955538E-18	3.236448E-18
1.809547E+04	6.921778E-18	3.250604E-18
1.809607E+04	6.888730E-18	3.254431E-18
1.809667E+04	6.806582E-18	3.238248E-18
1.809727E+04	6.728708E-18	3.181646E-18
1.809787E+04	6.652380E-18	3.156940E-18
1.809847E+04	6.621597E-18	3.124212E-18
1.809907E+04	6.588800E-18	3.110333E-18
1.809967E+04	6.551261E-18	3.097564E-18
1.810027E+04	6.520839E-18	3.084904E-18
1.810087E+04	6.502633E-18	3.089503E-18
1.810147E+04	6.510516E-18	3.111905E-18
1.810207E+04	6.519346E-18	3.154384E-18
1.810267E+04	6.529600E-18	3.210729E-18
1.810327E+04	6.541038E-18	3.277533E-18
1.810387E+04	6.553661E-18	3.362018E-18
1.810447E+04	6.536524E-18	3.367299E-18
1.810507E+04	6.507651E-18	3.340897E-18
1.810567E+04	6.478423E-18	3.337912E-18
1.810627E+04	6.449435E-18	3.356767E-18
1.810687E+04	6.420922E-18	3.395389E-18
1.810747E+04	6.393121E-18	3.390089E-18
1.810807E+04	6.361411E-18	3.407873E-18
1.810867E+04	6.331599E-18	3.491033E-18
1.810927E+04	6.292661E-18	3.481053E-18
1.810987E+04	6.242227E-18	3.473062E-18
1.811047E+04	6.173898E-18	3.512261E-18
1.811107E+04	6.101544E-18	3.499944E-18
1.811167E+04	6.022200E-18	3.484212E-18
1.811227E+04	5.990031E-18	3.478386E-18
1.811407E+04	6.008256E-18	3.470299E-18
1.811527E+04	5.969170E-18	3.448479E-18
1.811707E+04	6.031355E-18	3.457686E-18
1.811947E+04	6.077601E-18	3.499121E-18
1.812007E+04	6.109420E-18	3.506705E-18
1.812067E+04	6.137447E-18	3.538154E-18
1.812127E+04	6.172106E-18	3.538140E-18
1.812187E+04	6.161272E-18	3.525803E-18
1.812247E+04	6.151742E-18	3.506597E-18
1.812307E+04	6.157493E-18	3.500850E-18
1.812367E+04	6.147371E-18	3.501318E-18
1.812427E+04	6.137960E-18	3.497051E-18
1.812487E+04	6.122864E-18	3.505971E-18
1.812547E+04	6.108124E-18	3.505512E-18
1.812607E+04	6.134604E-18	3.518482E-18
1.812667E+04	6.133367E-18	3.525390E-18
1.812727E+04	6.133077E-18	3.530522E-18
1.812787E+04	6.126037E-18	3.528356E-18
1.812847E+04	6.140551E-18	3.530526E-18
1.812907E+04	6.160513E-18	3.533897E-18
1.812968E+04	6.159272E-18	3.533672E-18
1.813028E+04	6.181008E-18	3.537672E-18
1.813088E+04	6.184270E-18	3.538276E-18
1.813148E+04	6.173085E-18	3.536024E-18
1.813208E+04	6.190911E-18	3.539701E-18
1.813268E+04	6.222235E-18	3.546075E-18
1.813328E+04	6.216378E-18	3.545287E-18
1.813388E+04	6.217388E-18	3.544991E-18
1.813448E+04	6.245038E-18	3.548952E-18
1.813508E+04	6.291038E-18	3.605745E-18
1.813568E+04	6.354201E-18	3.650545E-18
1.813628E+04	6.385634E-18	3.667746E-18
1.813688E+04	6.404397E-18	3.659016E-18
1.813748E+04	6.410729E-18	3.687300E-18
1.813808E+04	6.421086E-18	3.698582E-18
1.813868E+04	6.442214E-18	3.695044E-18
1.813928E+04	6.430315E-18	3.669760E-18
1.813988E+04	6.409894E-18	3.639541E-18
1.814048E+04	6.397523E-18	3.610779E-18
1.814108E+04	6.383851E-18	3.586086E-18
1.814168E+04	6.364499E-18	3.556318E-18
1.814228E+04	6.361836E-18	3.546778E-18
1.814288E+04	6.351124E-18	3.573100E-18
1.814348E+04	6.324437E-18	3.546756E-18
1.814408E+04	6.335384E-18	3.534001E-18
1.814468E+04	6.365148E-18	3.508718E-18
1.814528E+04	6.387809E-18	3.528847E-18
1.814588E+04	6.416504E-18	3.505765E-18
1.814648E+04	6.422005E-18	3.483500E-18
1.814708E+04	6.439456E-18	3.472839E-18
1.814768E+04	6.465071E-18	3.487694E-18
1.814828E+04	6.511391E-18	3.494177E-18
1.814888E+04	6.554395E-18	3.516412E-18
1.814948E+04	6.611122E-18	3.539852E-18
1.815008E+04	6.656132E-18	3.547378E-18
1.815068E+04	6.685878E-18	3.550599E-18
1.815128E+04	6.738100E-18	3.550247E-18
1.815188E+04	6.789610E-18	3.550167E-18
1.815248E+04	6.882521E-18	3.586241E-18
1.815308E+04	6.951295E-18	3.556468E-18
1.815368E+04	7.015451E-18	3.509338E-18
1.815548E+04	7.124392E-18	3.889948E-18
1.815608E+04	7.211837E-18	4.042133E-18
1.815668E+04	7.253742E-18	4.400229E-18
1.815728E+04	7.257442E-18	4.397573E-18
1.815788E+04	7.308331E-18	4.407980E-18
1.815848E+04	7.394697E-18	4.424999E-18
1.815908E+04	7.465092E-18	4.487889E-18
1.815968E+04	7.533710E-18	4.523047E-18
1.816028E+04	7.600195E-18	4.560116E-18
1.816088E+04	7.663839E-18	4.876119E-18
1.816148E+04	7.718847E-18	4.910052E-18
1.816208E+04	7.769003E-18	4.982543E-18
1.816268E+04	7.805914E-18	5.044697E-18
1.816328E+04	7.836910E-18	5.051807E-18
1.816388E+04	7.861284E-18	5.055491E-18
1.816448E+04	7.878207E-18	5.066209E-18
1.816508E+04	7.887090E-18	5.095495E-18
1.816568E+04	7.891480E-18	5.072017E-18
1.816628E+04	7.979098E-18	5.085203E-18
1.816688E+04	8.042713E-18	5.072104E-18
1.816748E+04	8.104433E-18	5.076951E-18
1.816808E+04	8.163785E-18	5.091656E-18
1.816868E+04	8.227507E-18	5.097693E-18
1.816928E+04	8.300565E-18	5.102022E-18
1.816988E+04	8.324682E-18	5.116797E-18
1.817049E+04	8.336973E-18	5.128126E-18
1.817109E+04	8.325629E-18	5.149234E-18
1.817169E+04	8.340643E-18	5.205613E-18
1.817229E+04	8.393712E-18	5.256770E-18
1.817289E+04	8.409314E-18	5.285444E-18
1.817349E+04	8.430705E-18	5.303792E-18
1.817409E+04	8.447605E-18	5.323912E-18
1.817469E+04	8.456467E-18	5.337218E-18
1.817529E+04	8.463793E-18	5.338531E-18
1.817589E+04	8.465328E-18	5.372181E-18
1.817649E+04	8.475016E-18	5.413150E-18
1.817709E+04	8.485886E-18	5.460194E-18
1.817769E+04	8.485766E-18	5.511458E-18
1.817829E+04	8.486591E-18	5.568362E-18
1.817889E+04	8.464140E-18	5.567357E-18
1.817949E+04	8.453269E-18	5.561767E-18
1.818009E+04	8.446770E-18	5.556372E-18
1.818069E+04	8.432473E-18	5.549510E-18
1.818129E+04	8.413925E-18	5.503521E-18
1.818189E+04	8.417351E-18	5.470604E-18
1.818309E+04	8.410854E-18	5.458140E-18
1.818489E+04	8.404002E-18	5.471735E-18
1.818549E+04	8.413334E-18	5.456485E-18
1.818608E+04	8.413452E-18	5.455657E-18
1.818669E+04	8.413570E-18	5.486084E-18
1.818728E+04	8.428451E-18	5.527875E-18
1.818788E+04	8.452071E-18	5.602353E-18
1.818848E+04	8.502262E-18	5.616774E-18
1.818908E+04	8.557529E-18	5.641987E-18
1.818968E+04	8.599920E-18	5.670660E-18
1.819028E+04	8.644080E-18	5.796927E-18
1.819088E+04	8.622227E-18	5.850565E-18
1.819148E+04	8.598368E-18	5.842112E-18
1.819208E+04	8.596119E-18	5.832812E-18
1.819268E+04	8.597884E-18	5.834598E-18
1.819328E+04	8.557262E-18	5.830350E-18
1.819388E+04	8.521600E-18	5.848593E-18
1.819448E+04	8.527263E-18	5.850984E-18
1.819508E+04	8.512856E-18	5.861059E-18
1.819568E+04	8.476490E-18	5.891816E-18
1.819628E+04	8.466689E-18	5.928021E-18
1.819688E+04	8.426077E-18	5.929623E-18
1.819808E+04	8.391015E-18	5.926503E-18
1.819868E+04	8.395028E-18	5.937102E-18
1.819928E+04	8.317948E-18	5.920512E-18
1.820348E+04	8.268276E-18	5.922959E-18
1.820888E+04	8.240223E-18	5.917938E-18
1.820948E+04	8.229845E-18	5.899111E-18
1.821008E+04	8.221354E-18	5.897366E-18
1.821068E+04	8.206375E-18	5.894758E-18
1.821129E+04	8.171456E-18	5.634557E-18
1.821189E+04	8.152350E-18	5.511419E-18
1.821489E+04	8.137873E-18	5.178135E-18
1.821549E+04	8.123371E-18	5.184170E-18
1.821609E+04	8.132814E-18	5.207709E-18
1.821669E+04	8.144733E-18	5.273339E-18
1.821729E+04	8.097681E-18	5.294698E-18
1.821909E+04	8.030011E-18	5.280361E-18
1.821969E+04	7.985326E-18	5.281141E-18
1.822089E+04	7.953273E-18	4.943058E-18
1.822149E+04	7.923923E-18	4.847229E-18
1.822269E+04	7.861337E-18	4.815705E-18
1.822329E+04	7.835058E-18	4.785789E-18
1.822389E+04	7.887658E-18	4.794451E-18
1.822449E+04	7.859611E-18	4.782334E-18
1.822509E+04	7.819304E-18	4.775417E-18
1.822749E+04	7.980040E-18	4.792889E-18
1.822809E+04	8.099935E-18	4.818976E-18
1.822869E+04	8.057625E-18	4.816362E-18
1.822929E+04	8.155233E-18	4.848332E-18
1.822989E+04	9.654553E-18	5.148285E-18
1.823049E+04	1.059345E-17	5.365706E-18
1.823109E+04	1.139015E-17	5.572631E-18
1.823169E+04	1.195933E-17	5.744492E-18
1.823229E+04	1.241156E-17	5.887090E-18
1.823289E+04	1.275417E-17	6.025971E-18
1.823349E+04	1.261592E-17	6.090829E-18
1.823409E+04	1.241169E-17	6.136106E-18
1.823469E+04	1.214619E-17	6.178897E-18
1.823529E+04	1.168615E-17	6.188388E-18
1.823589E+04	1.118748E-17	6.200458E-18
1.823649E+04	1.065491E-17	6.258631E-18
1.823709E+04	1.009220E-17	6.290745E-18
1.823769E+04	9.547556E-18	6.319237E-18
1.823829E+04	9.079996E-18	6.341239E-18
1.823889E+04	8.623302E-18	6.297902E-18
1.823949E+04	8.099360E-18	6.315156E-18
1.824009E+04	8.174061E-18	6.336537E-18
1.824069E+04	1.075824E-17	6.714011E-18
1.824129E+04	1.291052E-17	7.195306E-18
1.824189E+04	1.463716E-17	7.579859E-18
1.824249E+04	1.595140E-17	7.869566E-18
1.824309E+04	1.688273E-17	8.089617E-18
1.824369E+04	1.745591E-17	8.235488E-18
1.824429E+04	1.771927E-17	8.318063E-18
1.824489E+04	1.728884E-17	8.246268E-18
1.824549E+04	1.640026E-17	8.082741E-18
1.824609E+04	1.496876E-17	7.815765E-18
1.824789E+04	1.337876E-17	7.542236E-18
1.824849E+04	1.163437E-17	7.276828E-18
1.824909E+04	1.003645E-17	7.070085E-18
1.825149E+04	8.460396E-18	6.867215E-18
1.825209E+04	6.977009E-18	6.783019E-18
1.825270E+04	5.644063E-18	6.751439E-18
1.825390E+04	4.308366E-18	6.681189E-18
1.825450E+04	3.007518E-18	6.614319E-18
1.825510E+04	1.803871E-18	6.593744E-18
1.825690E+04	7.076078E-19	6.605291E-18
1.825750E+04	-3.232521E-19	6.617751E-18
1.825810E+04	-1.321223E-18	6.640709E-18
1.825870E+04	-2.259105E-18	6.617983E-18
1.826110E+04	-3.108154E-18	6.605110E-18
1.826170E+04	-3.896616E-18	6.648990E-18
1.826770E+04	-4.624303E-18	6.644625E-18
1.826830E+04	-5.251521E-18	6.611052E-18
1.826890E+04	-5.633042E-18	6.559828E-18
1.826950E+04	-5.814888E-18	6.506214E-18
1.827010E+04	-5.826841E-18	6.443976E-18
1.827070E+04	-5.632446E-18	6.368556E-18
1.827130E+04	-5.112314E-18	6.313979E-18
1.827190E+04	-4.481162E-18	6.272260E-18
1.827250E+04	-3.731823E-18	6.213835E-18
1.827310E+04	-2.876777E-18	6.160678E-18
1.827370E+04	-1.928501E-18	6.101197E-18
1.827430E+04	-8.983656E-19	6.050999E-18
1.827490E+04	2.022018E-19	6.024079E-18
1.827550E+04	7.421305E-19	5.984781E-18
1.827610E+04	9.984728E-19	5.914556E-18
1.827670E+04	9.944575E-19	5.798651E-18
1.827730E+04	7.540280E-19	5.627472E-18
1.827790E+04	3.003255E-19	5.442321E-18
1.827850E+04	-5.718923E-19	5.272586E-18
1.827910E+04	-1.568631E-18	5.159321E-18
1.827970E+04	-2.450072E-18	5.126641E-18
1.828030E+04	-3.211990E-18	5.083987E-18
1.828090E+04	-3.857806E-18	5.084920E-18
1.828330E+04	-4.421606E-18	5.105585E-18
1.828390E+04	-4.894467E-18	5.155060E-18
1.828450E+04	-5.115590E-18	5.224842E-18
1.828510E+04	-5.057251E-18	5.280097E-18
1.828570E+04	-4.091699E-18	5.290814E-18
1.828630E+04	-2.955979E-18	5.212750E-18
1.828690E+04	-1.661273E-18	5.122993E-18
1.828870E+04	-2.356992E-19	5.104351E-18
1.828930E+04	1.289891E-18	5.140765E-18
1.828990E+04	2.576888E-18	5.526435E-18
1.829050E+04	3.126638E-18	6.041564E-18
1.829110E+04	3.567994E-18	6.363975E-18
1.829170E+04	3.864414E-18	6.640907E-18
1.829230E+04	4.014853E-18	7.182766E-18
1.829290E+04	4.081255E-18	7.632030E-18
1.829411E+04	3.735531E-18	7.838889E-18
1.829471E+04	3.343527E-18	8.212897E-18
1.829591E+04	2.817155E-18	8.739723E-18
1.829651E+04	2.255187E-18	9.098607E-18
1.829711E+04	1.659765E-18	9.693035E-18
1.829771E+04	1.151357E-18	1.025592E-17
1.829831E+04	7.846720E-19	1.054936E-17
1.829891E+04	5.165792E-19	1.136981E-17
1.830011E+04	4.355471E-19	1.202146E-17
1.830251E+04	4.259357E-19	1.258621E-17
1.830311E+04	4.918443E-19	1.303949E-17
1.830371E+04	5.688726E-19	1.353392E-17
1.830431E+04	7.879491E-19	1.408668E-17
1.830491E+04	1.022059E-18	1.470908E-17
1.830611E+04	1.331028E-18	1.528267E-17
1.830671E+04	1.668405E-18	1.585627E-17
1.830791E+04	2.099892E-18	1.644292E-17
1.830851E+04	2.562873E-18	1.692227E-17
1.830911E+04	3.206436E-18	1.739673E-17
1.830971E+04	4.011424E-18	1.820608E-17
1.831031E+04	4.822590E-18	1.917005E-17
1.831091E+04	5.657194E-18	2.003366E-17
1.831151E+04	6.450772E-18	2.086156E-17
1.831331E+04	7.367287E-18	2.170478E-17
1.831391E+04	8.402107E-18	2.279712E-17
1.831451E+04	9.456240E-18	2.372227E-17
1.831511E+04	1.051982E-17	2.427352E-17
1.831571E+04	1.160729E-17	2.529198E-17
1.831631E+04	1.278497E-17	2.642926E-17
1.831691E+04	1.405356E-17	2.667809E-17
1.831751E+04	1.532090E-17	2.706143E-17
1.831811E+04	1.664452E-17	2.821942E-17
1.831871E+04	1.802674E-17	2.871896E-17
1.831931E+04	1.941945E-17	3.574486E-17
1.831991E+04	2.086490E-17	3.789095E-17
1.832051E+04	2.233961E-17	3.953382E-17
1.832111E+04	2.381423E-17	4.038407E-17
1.832171E+04	2.529229E-17	4.111424E-17
1.832231E+04	2.682777E-17	4.174127E-17
1.832291E+04	2.846056E-17	4.184250E-17
1.832351E+04	3.012730E-17	4.193265E-17
1.832771E+04	3.181079E-17	4.205729E-17
1.832951E+04	3.349626E-17	4.253166E-17
1.833011E+04	3.519283E-17	4.309504E-17
1.833071E+04	3.691980E-17	4.375215E-17
1.833191E+04	3.865496E-17	4.450381E-17
1.833251E+04	4.054239E-17	4.521849E-17
1.833311E+04	4.250009E-17	4.572342E-17
1.833371E+04	4.439199E-17	4.619059E-17
1.833432E+04	4.608554E-17	4.682904E-17
1.833492E+04	4.786229E-17	4.704547E-17
1.833552E+04	4.966239E-17	7.135278E-17
1.833612E+04	5.139203E-17	8.676483E-17
1.833672E+04	5.342179E-17	9.780344E-17
1.833732E+04	5.552415E-17	1.060174E-16
1.833792E+04	5.768854E-17	1.121822E-16
1.833852E+04	6.038636E-17	1.168370E-16
1.833912E+04	6.308404E-17	1.202790E-16
1.833972E+04	6.597386E-17	1.215533E-16
1.834032E+04	6.902534E-17	1.220357E-16
1.834092E+04	7.202739E-17	1.222461E-16
1.834152E+04	7.535640E-17	1.226242E-16
1.834212E+04	7.859142E-17	1.232452E-16
1.834272E+04	8.172778E-17	1.238209E-16
1.834332E+04	8.506209E-17	1.245098E-16
1.834452E+04	8.822838E-17	1.251449E-16
1.834512E+04	9.121991E-17	1.256620E-16
1.834572E+04	9.412569E-17	1.262808E-16
1.834632E+04	9.679920E-17	1.269196E-16
1.834752E+04	9.933610E-17	1.274802E-16
1.834812E+04	1.018850E-16	1.280377E-16
1.835352E+04	1.042552E-16	1.285942E-16
1.835412E+04	1.067821E-16	1.292252E-16
1.835592E+04	1.087074E-16	1.297761E-16
1.835652E+04	1.067488E-16	1.299208E-16
1.835712E+04	1.048360E-16	1.300960E-16
1.836251E+04	1.033273E-16	1.302867E-16
1.836311E+04	1.017970E-16	1.304448E-16
1.836371E+04	1.002961E-16	1.304266E-16
1.836611E+04	9.886402E-17	1.303052E-16
1.836671E+04	9.751326E-17	1.301670E-16
1.836731E+04	9.627032E-17	1.300958E-16
1.836791E+04	9.511528E-17	1.303283E-16
1.836851E+04	9.404813E-17	1.308308E-16
1.836911E+04	9.307120E-17	1.316494E-16
1.836971E+04	9.219152E-17	1.328422E-16
1.837091E+04	9.145212E-17	1.344325E-16
1.837151E+04	9.082662E-17	1.364596E-16
1.837331E+04	9.021942E-17	1.389187E-16
1.837391E+04	8.969822E-17	1.398385E-16
1.837451E+04	8.925783E-17	1.402157E-16
1.837511E+04	8.890409E-17	1.402332E-16
1.837572E+04	8.863461E-17	1.400734E-16
1.837632E+04	8.843425E-17	1.398843E-16
1.837692E+04	8.829711E-17	1.400314E-16
1.837872E+04	8.822515E-17	1.405653E-16
1.837992E+04	8.820723E-17	1.410722E-16
1.838172E+04	8.825582E-17	1.415229E-16
1.838232E+04	8.836681E-17	1.418590E-16
1.838292E+04	8.853747E-17	1.421992E-16
1.838352E+04	8.876077E-17	1.425431E-16
1.838412E+04	8.904725E-17	1.426051E-16
1.838472E+04	8.940742E-17	1.422947E-16
1.838532E+04	8.976758E-17	1.422247E-16
1.838592E+04	9.013473E-17	1.427388E-16
1.838652E+04	9.054165E-17	1.436445E-16
1.838712E+04	9.098247E-17	1.447699E-16
1.838772E+04	9.147357E-17	1.466998E-16
1.838832E+04	9.200441E-17	1.479230E-16
1.838892E+04	9.254927E-17	1.482202E-16
1.838952E+04	9.313386E-17	1.484287E-16
1.839012E+04	9.371375E-17	1.486027E-16
1.839072E+04	9.433571E-17	1.486999E-16
1.839192E+04	9.500170E-17	1.487624E-16
1.839252E+04	9.562708E-17	1.487461E-16
1.839312E+04	9.626061E-17	1.487992E-16
1.839372E+04	9.695376E-17	1.491309E-16
1.839432E+04	9.766557E-17	1.493956E-16
1.839492E+04	9.843232E-17	1.498244E-16
1.839612E+04	9.917278E-17	1.502249E-16
1.839672E+04	9.985054E-17	1.504764E-16
1.839732E+04	1.006545E-16	1.507488E-16
1.839792E+04	1.013708E-16	1.509352E-16
1.839852E+04	1.021806E-16	1.511972E-16
1.839912E+04	1.031786E-16	1.513827E-16
1.839972E+04	1.042408E-16	1.523250E-16
1.840092E+04	1.053502E-16	1.456306E-16
1.840152E+04	1.064579E-16	1.394324E-16
1.840212E+04	1.076064E-16	1.338754E-16
1.840272E+04	1.087934E-16	1.289563E-16
1.840332E+04	1.106538E-16	1.248564E-16
1.840452E+04	1.124547E-16	1.214801E-16
1.840512E+04	1.142002E-16	1.186277E-16
1.840632E+04	1.158792E-16	1.177425E-16
1.840812E+04	1.174856E-16	1.178113E-16
1.840872E+04	1.185341E-16	1.183620E-16
1.840932E+04	1.193488E-16	1.187900E-16
1.841052E+04	1.195056E-16	1.189296E-16
1.841112E+04	1.194905E-16	1.191073E-16
1.841172E+04	1.193234E-16	1.192505E-16
1.841412E+04	1.190059E-16	1.194087E-16
1.841472E+04	1.186286E-16	1.196809E-16
1.841532E+04	1.182397E-16	1.198254E-16
1.841592E+04	1.178390E-16	1.198916E-16
1.841653E+04	1.174150E-16	1.200416E-16
1.841713E+04	1.170611E-16	1.201531E-16
1.842073E+04	1.166789E-16	1.201924E-16
1.842133E+04	1.163017E-16	1.202465E-16
1.842193E+04	1.159597E-16	1.203002E-16
1.842253E+04	1.156387E-16	1.203871E-16
1.842313E+04	1.153048E-16	1.205061E-16
1.842553E+04	1.149891E-16	1.206144E-16
1.842613E+04	1.147628E-16	1.207296E-16
1.842733E+04	1.145612E-16	1.209647E-16
1.842793E+04	1.143302E-16	1.212669E-16
1.842853E+04	1.140829E-16	1.215411E-16
1.842913E+04	1.138589E-16	1.217380E-16
1.842973E+04	1.136443E-16	1.214691E-16
1.843153E+04	1.134255E-16	1.207824E-16
1.843213E+04	1.132133E-16	1.196275E-16
1.843273E+04	1.130034E-16	1.176399E-16
1.843333E+04	1.127994E-16	1.147758E-16
1.843393E+04	1.125965E-16	1.109901E-16
1.843453E+04	1.123937E-16	1.062342E-16
1.843513E+04	1.121908E-16	1.035270E-16
1.843573E+04	1.119868E-16	1.016283E-16
1.843633E+04	1.118121E-16	1.005922E-16
1.843693E+04	1.116489E-16	9.986733E-17
1.843753E+04	1.114823E-16	9.956231E-17
1.843813E+04	1.113052E-16	9.955035E-17
1.843873E+04	1.111153E-16	1.002301E-16
1.843933E+04	1.109149E-16	1.011505E-16
1.843993E+04	1.107051E-16	1.030881E-16
1.844053E+04	1.104872E-16	1.063057E-16
1.844113E+04	1.102612E-16	1.098221E-16
1.844173E+04	1.100316E-16	1.158858E-16
1.844233E+04	1.098172E-16	1.223399E-16
1.844293E+04	1.096099E-16	1.290569E-16
1.844353E+04	1.093920E-16	1.369072E-16
1.844413E+04	1.091532E-16	1.444427E-16
1.844473E+04	1.088852E-16	1.516536E-16
1.844533E+04	1.085939E-16	1.585109E-16
1.844593E+04	1.083178E-16	1.649550E-16
1.844653E+04	1.081222E-16	1.721716E-16
1.844713E+04	1.079697E-16	1.818977E-16
1.844773E+04	1.078068E-16	1.918628E-16
1.844833E+04	1.076054E-16	2.037968E-16
1.844893E+04	1.074763E-16	2.129525E-16
1.844953E+04	1.073204E-16	2.130875E-16
1.845013E+04	1.070736E-16	2.132749E-16
1.845073E+04	1.068850E-16	2.132242E-16
1.845133E+04	1.067408E-16	2.131070E-16
1.845193E+04	1.065581E-16	2.129301E-16
1.845253E+04	1.075114E-16	2.127024E-16
1.845313E+04	1.094641E-16	2.125329E-16
1.845373E+04	1.122681E-16	2.124504E-16
1.845433E+04	1.181472E-16	2.125735E-16
1.845613E+04	1.228480E-16	2.127189E-16
1.845673E+04	1.266108E-16	2.128240E-16
1.845733E+04	1.297788E-16	2.128503E-16
1.845794E+04	1.323868E-16	2.127630E-16
1.845854E+04	1.344934E-16	2.127010E-16
1.845914E+04	1.359819E-16	2.126653E-16
1.845974E+04	1.370156E-16	2.125639E-16
1.846154E+04	1.363393E-16	2.123056E-16
1.846214E+04	1.354144E-16	2.119604E-16
1.846274E+04	1.342098E-16	2.115500E-16
1.846634E+04	1.327647E-16	2.111650E-16
1.846694E+04	1.311991E-16	2.108671E-16
1.846874E+04	1.270506E-16	2.102797E-16
1.847054E+04	1.230777E-16	2.096774E-16
1.847114E+04	1.193103E-16	2.091293E-16
1.847414E+04	1.157292E-16	2.085892E-16
1.847474E+04	1.123507E-16	2.080776E-16
1.847534E+04	1.091716E-16	2.075143E-16
1.847774E+04	1.061594E-16	2.069376E-16
1.847834E+04	1.034469E-16	2.063407E-16
1.847894E+04	1.009629E-16	2.058173E-16
1.847954E+04	9.848480E-17	2.053659E-16
1.848014E+04	9.626544E-17	2.048966E-16
1.848074E+04	9.442125E-17	2.045066E-16
1.848194E+04	9.260943E-17	2.041143E-16
1.848254E+04	8.947045E-17	2.036397E-16
1.848494E+04	8.683888E-17	2.032009E-16
1.848554E+04	8.433398E-17	2.027879E-16
1.848794E+04	8.208760E-17	2.023733E-16
1.848914E+04	8.000934E-17	2.019681E-16
1.848974E+04	7.808608E-17	2.015889E-16
1.849034E+04	7.674386E-17	2.013404E-16
1.849214E+04	7.560224E-17	2.011248E-16
1.849274E+04	7.464322E-17	2.008940E-16
1.849394E+04	7.402200E-17	2.006375E-16
1.849454E+04	7.364042E-17	2.003157E-16
1.849514E+04	7.349164E-17	2.000268E-16
1.849574E+04	7.353258E-17	1.997920E-16
1.849634E+04	7.374461E-17	1.996106E-16
1.849694E+04	7.413003E-17	1.996559E-16
1.849814E+04	7.475301E-17	1.995211E-16
1.849875E+04	7.562360E-17	1.988717E-16
1.850055E+04	7.603013E-17	1.982382E-16
1.850115E+04	7.379271E-17	1.974905E-16
1.850175E+04	7.162174E-17	1.965169E-16
1.850235E+04	6.952536E-17	1.959871E-16
1.850295E+04	6.751170E-17	1.955668E-16
1.850355E+04	6.559590E-17	1.956378E-16
1.850415E+04	6.378491E-17	1.960386E-16
1.850655E+04	6.208382E-17	1.964753E-16
1.850715E+04	6.093274E-17	1.968569E-16
1.850775E+04	6.016792E-17	1.969867E-16
1.850835E+04	6.002428E-17	1.963862E-16
1.850895E+04	6.016910E-17	1.945463E-16
1.850955E+04	6.061516E-17	1.922780E-16
1.851015E+04	6.112981E-17	1.896086E-16
1.851075E+04	6.177004E-17	1.853502E-16
1.851135E+04	6.249281E-17	1.804279E-16
1.851195E+04	6.323298E-17	1.746678E-16
1.851255E+04	6.414870E-17	1.678368E-16
1.851315E+04	6.519114E-17	1.597534E-16
1.851375E+04	6.629631E-17	1.501232E-16
1.851435E+04	6.749676E-17	1.376531E-16
1.851495E+04	6.882157E-17	1.222560E-16
1.851555E+04	7.027885E-17	9.865546E-17
1.851615E+04	7.182675E-17	7.253890E-17
1.851675E+04	7.344780E-17	7.292394E-17
1.851735E+04	7.517108E-17	7.331158E-17
1.851795E+04	7.700238E-17	7.380112E-17
1.851855E+04	7.890333E-17	7.425982E-17
1.851915E+04	8.072279E-17	7.466764E-17
1.851975E+04	8.247588E-17	7.507161E-17
1.852035E+04	8.408124E-17	7.548037E-17
1.852095E+04	8.552375E-17	7.585660E-17
1.852215E+04	8.661146E-17	7.618853E-17
1.852275E+04	8.753653E-17	7.651218E-17
1.852335E+04	8.832670E-17	7.680480E-17
1.852395E+04	8.884835E-17	7.706787E-17
1.852575E+04	8.914746E-17	7.732713E-17
1.852635E+04	8.918789E-17	7.756355E-17
1.852695E+04	8.894707E-17	7.772587E-17
1.852755E+04	8.905257E-17	7.794417E-17
1.852815E+04	8.933006E-17	7.818378E-17
1.852875E+04	8.980623E-17	7.844603E-17
1.853475E+04	9.042965E-17	7.871061E-17
1.853535E+04	9.127969E-17	7.901251E-17
1.853595E+04	9.265822E-17	7.939354E-17
1.853655E+04	9.432707E-17	7.982259E-17
1.853715E+04	9.600164E-17	8.025794E-17
1.853894E+04	9.766813E-17	8.069733E-17
1.853955E+04	9.934699E-17	8.114521E-17
1.854195E+04	1.010983E-16	8.160625E-17
1.854255E+04	1.028768E-16	8.206975E-17
1.854315E+04	1.044612E-16	8.247722E-17
1.854375E+04	1.058504E-16	8.283826E-17
1.854435E+04	1.063211E-16	8.308598E-17
1.854615E+04	1.064779E-16	8.326888E-17
1.854675E+04	1.063146E-16	8.340629E-17
1.854915E+04	1.057648E-16	8.351800E-17
1.854975E+04	1.048505E-16	8.354789E-17
1.855035E+04	1.038445E-16	8.354517E-17
1.855095E+04	1.033900E-16	8.359548E-17
1.855155E+04	1.029099E-16	8.362256E-17
1.855215E+04	1.024612E-16	8.367876E-17
1.855275E+04	1.020323E-16	8.370956E-17
1.855335E+04	1.016335E-16	8.376501E-17
1.855395E+04	1.015853E-16	8.391693E-17
1.855455E+04	1.036505E-16	8.433069E-17
1.855515E+04	1.056750E-16	8.474160E-17
1.855575E+04	1.074789E-16	8.514960E-17
1.855635E+04	1.091863E-16	8.684332E-17
1.855695E+04	1.106720E-16	9.440845E-17
1.855755E+04	1.119569E-16	1.103515E-16
1.855815E+04	1.129713E-16	1.627350E-16
1.855875E+04	1.137443E-16	1.944109E-16
1.856235E+04	1.143835E-16	2.168689E-16
1.856475E+04	1.149259E-16	2.355391E-16
1.856655E+04	1.153973E-16	2.513114E-16
1.856955E+04	1.156948E-16	2.647735E-16
1.857015E+04	1.146524E-16	2.755482E-16
1.857075E+04	1.136680E-16	2.848670E-16
1.857135E+04	1.128054E-16	2.881298E-16
1.857315E+04	1.120384E-16	2.905891E-16
1.857375E+04	1.113696E-16	2.925867E-16
1.857435E+04	1.106776E-16	2.941239E-16
1.857495E+04	1.100425E-16	2.952845E-16
1.857555E+04	1.095686E-16	2.954517E-16
1.857615E+04	1.090762E-16	2.959517E-16
1.857675E+04	1.087704E-16	2.965287E-16
1.857735E+04	1.084972E-16	2.971302E-16
1.857795E+04	1.083004E-16	2.977580E-16
1.857855E+04	1.081999E-16	2.982747E-16
1.857915E+04	1.081782E-16	2.986452E-16
1.857975E+04	1.082435E-16	2.989502E-16
1.858035E+04	1.083563E-16	2.992227E-16
1.858096E+04	1.085072E-16	2.994506E-16
1.858156E+04	1.087568E-16	2.996253E-16
1.858216E+04	1.090492E-16	2.997902E-16
1.858276E+04	1.093983E-16	2.999805E-16
1.858336E+04	1.098518E-16	3.001177E-16
1.858456E+04	1.104562E-16	3.002416E-16
1.858516E+04	1.110811E-16	3.003863E-16
1.858576E+04	1.117581E-16	3.004643E-16
1.858636E+04	1.124907E-16	3.005219E-16
1.858696E+04	1.134191E-16	3.006227E-16
1.858756E+04	1.143729E-16	3.007019E-16
1.858816E+04	1.158817E-16	3.007716E-16
1.858876E+04	1.176511E-16	3.008308E-16
1.858936E+04	1.197100E-16	3.009160E-16
1.858996E+04	1.220238E-16	3.009918E-16
1.859176E+04	1.245387E-16	3.010282E-16
1.859416E+04	1.272696E-16	3.010924E-16
1.859596E+04	1.297024E-16	3.011415E-16
1.859656E+04	1.317603E-16	3.011446E-16
1.859716E+04	1.337602E-16	3.010663E-16
1.859776E+04	1.356325E-16	3.009830E-16
1.859896E+04	1.373734E-16	3.008861E-16
1.859956E+04	1.389096E-16	3.007877E-16
1.860556E+04	1.405017E-16	3.006318E-16
1.860616E+04	1.418405E-16	3.005363E-16
1.860676E+04	1.429130E-16	3.004270E-16
1.860736E+04	1.439044E-16	3.003022E-16
1.860796E+04	1.442939E-16	3.001444E-16
1.860916E+04	1.445980E-16	2.999625E-16
1.860976E+04	1.447211E-16	2.997672E-16
1.861036E+04	1.446128E-16	2.995590E-16
1.861096E+04	1.445970E-16	2.993446E-16
1.861156E+04	1.440720E-16	2.990789E-16
1.861216E+04	1.438595E-16	2.988307E-16
1.861276E+04	1.436585E-16	2.985832E-16
1.861336E+04	1.427401E-16	2.983073E-16
1.861396E+04	1.412894E-16	2.979910E-16
1.861456E+04	1.393990E-16	2.976516E-16
1.861516E+04	1.370690E-16	2.972555E-16
1.861576E+04	1.342994E-16	2.968497E-16
1.861636E+04	1.308242E-16	2.964219E-16
1.861696E+04	1.267937E-16	2.959937E-16
1.861756E+04	1.220461E-16	2.955370E-16
1.861816E+04	1.165236E-16	2.950187E-16
1.861876E+04	1.109759E-16	2.945335E-16
1.861936E+04	1.090116E-16	2.941879E-16
1.861996E+04	1.076132E-16	2.937988E-16
1.862056E+04	1.054548E-16	2.933900E-16
1.862116E+04	1.035059E-16	2.930029E-16
1.862177E+04	1.015941E-16	2.925725E-16
1.862237E+04	9.976809E-17	2.926869E-16
1.862297E+04	9.811798E-17	2.918327E-16
1.862357E+04	9.636502E-17	2.883549E-16
1.862417E+04	9.465033E-17	2.664415E-16
1.862477E+04	9.297853E-17	2.467843E-16
1.862537E+04	9.137507E-17	2.284420E-16
1.862597E+04	8.981218E-17	2.092502E-16
1.862657E+04	8.824823E-17	1.888972E-16
1.862717E+04	8.670172E-17	1.670155E-16
1.862777E+04	8.525129E-17	1.445317E-16
1.862837E+04	8.383563E-17	1.191370E-16
1.862897E+04	8.245590E-17	1.058297E-16
1.862957E+04	8.111442E-17	9.191570E-17
1.863017E+04	7.981232E-17	7.700628E-17
1.863077E+04	7.854847E-17	6.031336E-17
1.863137E+04	7.732746E-17	3.958563E-17
1.863197E+04	7.612850E-17	3.930506E-17
1.863257E+04	7.496429E-17	3.892522E-17
1.863317E+04	7.383600E-17	3.845537E-17
1.863377E+04	7.274245E-17	3.795054E-17
1.863437E+04	7.168249E-17	3.717174E-17
1.863497E+04	7.065612E-17	3.632186E-17
1.863557E+04	6.965178E-17	3.554206E-17
1.863617E+04	6.865789E-17	3.470902E-17
1.863677E+04	6.773689E-17	3.383715E-17
1.863797E+04	6.688336E-17	3.296078E-17
1.863857E+04	6.607115E-17	3.223350E-17
1.863977E+04	6.530332E-17	3.154262E-17
1.864037E+04	6.456288E-17	3.079895E-17
1.864097E+04	6.386640E-17	3.003779E-17
1.864277E+04	6.322291E-17	2.938238E-17
1.864337E+04	6.261554E-17	2.865304E-17
1.864397E+04	6.211566E-17	2.814213E-17
1.864457E+04	6.164124E-17	2.767311E-17
1.864517E+04	6.119920E-17	2.720985E-17
1.864577E+04	6.083460E-17	2.677370E-17
1.864637E+04	6.053935E-17	4.955238E-17
1.864697E+04	6.023603E-17	6.369297E-17
1.864757E+04	5.999512E-17	7.340155E-17
1.864937E+04	5.974612E-17	8.128126E-17
1.864997E+04	5.957688E-17	8.751443E-17
1.865057E+04	5.956590E-17	9.275035E-17
1.865117E+04	5.943133E-17	9.662747E-17
1.865177E+04	5.944923E-17	1.000217E-16
1.865237E+04	5.945675E-17	1.030110E-16
1.865297E+04	5.926905E-17	1.055510E-16
1.865357E+04	5.903748E-17	1.077029E-16
1.865417E+04	5.880476E-17	1.095117E-16
1.865477E+04	5.851084E-17	1.093144E-16
1.865537E+04	5.812339E-17	1.091410E-16
1.865597E+04	5.765858E-17	1.089265E-16
1.865657E+04	5.638655E-17	1.086801E-16
1.865717E+04	5.496099E-17	1.084397E-16
1.865777E+04	5.336577E-17	1.082153E-16
1.865837E+04	5.159049E-17	1.079412E-16
1.865897E+04	4.962478E-17	1.076381E-16
1.865957E+04	4.799636E-17	1.074464E-16
1.866017E+04	4.643963E-17	1.071821E-16
1.866077E+04	4.542220E-17	1.069787E-16
1.866137E+04	4.453761E-17	1.068010E-16
1.866197E+04	4.380085E-17	1.066105E-16
1.866258E+04	4.322691E-17	1.064487E-16
1.866318E+04	4.275231E-17	1.063148E-16
1.866378E+04	4.233776E-17	1.062079E-16
1.866438E+04	4.202022E-17	1.061353E-16
1.866498E+04	4.177080E-17	1.060946E-16
1.866558E+04	4.154333E-17	1.060870E-16
1.866618E+04	4.136781E-17	1.061127E-16
1.866678E+04	4.126503E-17	1.061760E-16
1.866738E+04	4.120035E-17	1.061633E-16
1.866798E+04	4.117376E-17	1.062552E-16
1.866858E+04	4.121642E-17	1.064693E-16
1.866918E+04	4.132371E-17	1.067995E-16
1.867218E+04	4.144579E-17	1.069412E-16
1.867278E+04	4.160614E-17	1.071880E-16
1.867458E+04	4.181597E-17	1.070663E-16
1.867518E+04	4.210552E-17	1.069703E-16
1.867638E+04	4.243536E-17	1.070265E-16
1.867698E+04	4.281947E-17	1.073911E-16
1.867878E+04	4.326449E-17	1.082670E-16
1.867938E+04	4.377542E-17	1.099358E-16
1.867998E+04	4.435324E-17	1.112133E-16
1.868058E+04	4.498985E-17	1.117897E-16
1.868118E+04	4.568986E-17	1.121716E-16
1.868178E+04	4.648788E-17	1.120504E-16
1.868238E+04	4.734583E-17	1.118326E-16
1.868358E+04	4.827383E-17	1.115535E-16
1.868418E+04	4.928851E-17	1.113241E-16
1.868478E+04	5.041038E-17	1.110973E-16
1.868538E+04	5.161753E-17	1.111011E-16
1.868598E+04	5.289380E-17	1.112844E-16
1.868778E+04	5.426485E-17	1.116096E-16
1.868838E+04	5.574961E-17	1.119616E-16
1.869018E+04	5.733356E-17	1.121643E-16
1.869078E+04	5.901290E-17	1.122985E-16
1.869138E+04	6.080628E-17	1.122410E-16
1.869198E+04	6.276442E-17	1.121527E-16
1.869258E+04	6.479623E-17	1.124173E-16
1.869318E+04	6.694781E-17	1.133071E-16
1.869378E+04	6.921455E-17	1.140207E-16
1.869438E+04	7.158375E-17	1.143501E-16
1.869678E+04	7.409620E-17	1.145845E-16
1.869738E+04	7.677957E-17	1.147269E-16
1.869918E+04	7.954689E-17	1.148184E-16
1.869978E+04	8.244876E-17	1.147394E-16
1.870038E+04	8.547030E-17	1.147071E-16
1.870098E+04	8.857925E-17	1.148797E-16
1.870158E+04	9.191965E-17	1.151957E-16
1.870218E+04	9.536932E-17	1.156257E-16
1.870278E+04	9.898126E-17	1.161926E-16
1.870338E+04	1.028015E-16	1.162680E-16
1.870399E+04	1.067541E-16	1.127527E-16
1.870459E+04	1.108550E-16	1.091805E-16
1.870519E+04	1.151389E-16	1.062318E-16
1.870579E+04	1.184030E-16	1.031266E-16
1.870639E+04	1.205424E-16	9.999742E-17
1.870699E+04	1.214605E-16	9.688134E-17
1.870759E+04	1.186576E-16	9.370014E-17
1.870819E+04	1.159816E-16	9.054670E-17
1.870999E+04	1.131585E-16	8.738613E-17
1.871059E+04	1.100763E-16	8.421158E-17
1.871299E+04	1.067950E-16	8.103289E-17
1.871359E+04	1.031675E-16	7.784302E-17
1.871538E+04	9.943543E-17	7.730068E-17
1.871599E+04	9.546891E-17	7.670069E-17
1.871658E+04	9.262650E-17	7.632186E-17
1.871838E+04	8.964546E-17	7.590241E-17
1.871898E+04	8.651110E-17	7.544959E-17
1.871958E+04	8.324106E-17	7.495118E-17
1.872018E+04	7.983306E-17	7.449065E-17
1.872078E+04	7.893043E-17	7.437379E-17
1.872138E+04	7.803477E-17	7.412145E-17
1.872318E+04	7.710818E-17	7.399436E-17
1.872378E+04	7.618045E-17	7.385274E-17
1.872798E+04	7.529254E-17	7.369015E-17
1.873038E+04	7.439079E-17	7.351052E-17
1.873098E+04	7.344389E-17	7.330700E-17
1.873278E+04	7.248247E-17	7.307499E-17
1.873338E+04	7.151732E-17	7.282258E-17
1.873398E+04	7.053613E-17	7.253346E-17
1.873458E+04	6.950897E-17	7.220853E-17
1.873758E+04	6.844398E-17	7.183303E-17
1.873818E+04	6.739981E-17	7.142643E-17
1.874118E+04	6.633531E-17	7.096560E-17
1.874178E+04	6.525343E-17	7.062079E-17
1.874238E+04	6.418196E-17	7.012642E-17
1.874298E+04	6.308296E-17	6.943205E-17
1.874358E+04	6.195296E-17	6.854131E-17
1.874418E+04	6.082189E-17	6.790774E-17
1.874479E+04	5.966670E-17	6.711128E-17
1.874539E+04	5.849436E-17	6.698767E-17
1.874599E+04	5.733589E-17	6.681492E-17
1.874659E+04	5.618668E-17	6.631718E-17
1.874719E+04	5.503064E-17	6.518688E-17
1.874839E+04	5.385355E-17	6.302595E-17
1.874899E+04	5.271033E-17	5.921162E-17
1.874959E+04	5.158442E-17	5.553042E-17
1.875019E+04	5.039994E-17	5.308455E-17
1.875079E+04	4.913851E-17	5.084672E-17
1.875139E+04	4.787255E-17	4.994977E-17
1.875199E+04	4.659977E-17	4.922962E-17
1.875499E+04	4.530339E-17	4.902214E-17
1.875559E+04	4.400447E-17	4.888841E-17
1.875619E+04	4.270793E-17	4.877835E-17
1.875679E+04	4.140227E-17	4.851629E-17
1.875739E+04	4.008979E-17	4.812233E-17
1.875919E+04	3.879926E-17	4.755882E-17
1.875979E+04	3.752492E-17	4.693241E-17
1.876039E+04	3.625756E-17	4.650086E-17
1.876099E+04	3.498338E-17	4.622193E-17
1.876159E+04	3.371387E-17	4.611996E-17
1.876219E+04	3.244213E-17	4.597713E-17
1.876279E+04	3.115553E-17	4.410856E-17
1.876459E+04	2.989139E-17	3.976572E-17
1.876519E+04	2.867509E-17	3.536221E-17
1.876579E+04	2.746116E-17	3.206882E-17
1.876639E+04	2.624615E-17	2.886672E-17
1.877059E+04	2.503488E-17	2.575971E-17
1.877119E+04	2.384894E-17	2.279241E-17
1.877299E+04	2.270997E-17	2.193532E-17
1.877359E+04	2.157706E-17	2.135557E-17
1.877419E+04	2.042469E-17	2.133278E-17
1.877539E+04	1.934646E-17	2.123719E-17
1.877599E+04	1.825167E-17	2.101496E-17
1.877659E+04	1.719139E-17	2.057786E-17
1.877719E+04	1.617479E-17	1.995940E-17
1.877779E+04	1.515941E-17	1.964695E-17
1.877839E+04	1.413031E-17	1.940835E-17
1.877899E+04	1.315407E-17	1.894022E-17
1.878079E+04	1.219670E-17	1.856156E-17
1.878199E+04	1.130869E-17	1.849923E-17
1.878319E+04	1.046074E-17	1.800904E-17
1.878379E+04	9.659181E-18	1.752232E-17
1.878439E+04	8.886710E-18	1.704281E-17
1.878499E+04	8.089839E-18	1.656500E-17
1.878559E+04	7.381269E-18	1.609663E-17
1.878620E+04	6.692821E-18	1.561866E-17
1.878680E+04	6.055484E-18	1.513473E-17
1.878740E+04	5.461677E-18	1.472945E-17
1.878800E+04	4.943985E-18	1.427992E-17
1.878860E+04	4.462125E-18	1.379868E-17
1.878920E+04	4.005308E-18	1.332158E-17
1.878980E+04	3.621378E-18	1.292661E-17
1.879040E+04	3.300692E-18	1.254574E-17
1.879100E+04	2.962814E-18	1.210199E-17
1.879160E+04	2.694140E-18	1.165036E-17
1.879220E+04	2.479748E-18	1.121499E-17
1.879280E+04	2.397647E-18	1.077404E-17
1.879340E+04	2.379680E-18	1.030124E-17
1.879400E+04	2.288410E-18	9.832332E-18
1.879460E+04	2.289605E-18	9.473659E-18
1.879520E+04	2.380390E-18	9.093622E-18
1.879580E+04	2.577046E-18	8.747069E-18
1.879640E+04	2.834943E-18	8.382675E-18
1.879700E+04	3.107163E-18	8.018900E-18
1.879760E+04	3.465735E-18	7.661996E-18
1.879820E+04	3.914895E-18	7.323937E-18
1.879880E+04	4.487667E-18	6.979308E-18
1.879940E+04	5.105708E-18	6.658515E-18
1.880000E+04	5.807318E-18	6.369744E-18
1.880060E+04	6.589394E-18	6.127821E-18
1.880120E+04	7.443672E-18	6.110935E-18
1.880300E+04	8.332274E-18	6.122779E-18
1.880360E+04	9.289371E-18	6.227116E-18
1.880600E+04	1.046874E-17	6.317305E-18
1.880660E+04	9.538293E-18	6.032381E-18
1.880720E+04	8.450376E-18	5.663343E-18
1.880780E+04	7.391642E-18	5.398409E-18
1.880840E+04	6.341568E-18	5.120419E-18
1.881260E+04	5.276416E-18	4.909065E-18
1.881680E+04	4.128620E-18	4.799445E-18
1.881740E+04	3.048391E-18	4.537033E-18
1.881800E+04	1.941755E-18	4.397805E-18
1.881860E+04	8.091175E-19	4.767025E-18
1.881920E+04	-3.490854E-19	5.037618E-18
1.881980E+04	-1.524533E-18	4.988026E-18
1.882040E+04	-2.724969E-18	5.329939E-18
1.882100E+04	-2.624986E-18	5.458511E-18
1.882160E+04	-2.440689E-18	5.495428E-18
1.882220E+04	-2.265682E-18	5.533922E-18
1.882280E+04	-2.027793E-18	5.548387E-18
1.882340E+04	-1.732756E-18	5.616878E-18
1.882400E+04	-1.375534E-18	5.700976E-18
1.882460E+04	-1.047370E-18	5.825408E-18
1.882520E+04	-7.193524E-19	5.998266E-18
1.882580E+04	-2.268492E-19	6.102813E-18
1.882640E+04	1.530228E-19	6.291569E-18
1.882701E+04	5.877117E-19	6.476924E-18
1.882761E+04	1.059415E-18	6.657508E-18
1.882821E+04	1.603048E-18	6.819856E-18
1.882881E+04	2.190512E-18	6.957831E-18
1.882941E+04	2.818712E-18	7.074062E-18
1.883001E+04	3.503791E-18	7.175709E-18
1.883061E+04	4.262577E-18	7.284909E-18
1.883121E+04	5.076856E-18	7.393312E-18
1.883181E+04	5.945823E-18	7.503556E-18
1.883241E+04	6.865693E-18	7.622773E-18
1.883301E+04	7.819975E-18	7.750331E-18
1.883361E+04	8.749470E-18	7.903680E-18
1.883421E+04	9.761346E-18	8.084789E-18
1.883481E+04	1.087163E-17	8.294103E-18
1.883601E+04	1.211818E-17	8.571572E-18
1.883661E+04	1.327981E-17	8.825198E-18
1.883841E+04	1.453211E-17	9.102345E-18
1.884021E+04	1.534809E-17	9.298701E-18
1.884081E+04	1.589818E-17	9.439016E-18
1.884141E+04	1.616898E-17	9.516363E-18
1.884201E+04	1.618453E-17	9.519054E-18
1.884261E+04	1.591968E-17	9.456761E-18
1.884321E+04	1.528176E-17	9.311912E-18
1.884381E+04	1.459924E-17	9.150618E-18
1.884441E+04	1.411475E-17	9.030743E-18
1.884501E+04	1.364287E-17	8.913492E-18
1.884561E+04	1.345251E-17	8.777829E-18
1.884621E+04	1.326903E-17	8.653423E-18
1.884681E+04	1.330984E-17	8.586270E-18
1.884741E+04	1.343646E-17	8.519547E-18
1.884801E+04	1.361227E-17	8.377573E-18
1.884861E+04	1.408326E-17	8.286025E-18
1.884921E+04	1.468694E-17	8.335470E-18
1.884981E+04	1.535122E-17	8.400635E-18
1.885041E+04	1.603834E-17	8.464691E-18
1.885101E+04	1.668538E-17	8.544718E-18
1.885161E+04	1.727175E-17	8.671664E-18
1.885221E+04	1.761329E-17	8.766958E-18
1.885281E+04	1.786329E-17	8.728370E-18
1.885341E+04	1.751274E-17	8.616540E-18
1.885401E+04	1.675958E-17	8.372797E-18
1.885461E+04	1.593212E-17	8.144792E-18
1.885521E+04	1.522823E-17	7.968333E-18
1.885581E+04	1.449121E-17	7.763336E-18
1.885641E+04	1.373480E-17	7.552689E-18
1.885701E+04	1.302075E-17	7.389499E-18
1.885761E+04	1.256062E-17	7.275169E-18
1.885821E+04	1.209252E-17	7.146650E-18
1.885881E+04	1.186917E-17	7.116949E-18
1.885941E+04	1.174875E-17	7.020020E-18
1.886001E+04	1.173011E-17	6.918994E-18
1.886061E+04	1.196304E-17	6.882226E-18
1.886121E+04	1.135300E-17	6.704361E-18
1.886181E+04	1.123684E-17	6.605844E-18
1.886241E+04	1.108125E-17	6.477102E-18
1.886301E+04	1.094555E-17	6.318949E-18
1.886361E+04	1.082335E-17	6.192633E-18
1.886721E+04	1.057672E-17	6.059398E-18
1.886782E+04	1.048690E-17	5.882815E-18
1.886842E+04	1.045002E-17	5.660320E-18
1.887022E+04	1.045996E-17	5.389802E-18
1.887082E+04	1.050949E-17	5.278195E-18
1.887142E+04	1.062495E-17	5.215763E-18
1.887202E+04	1.073847E-17	5.211460E-18
1.887262E+04	1.089529E-17	5.201893E-18
1.887322E+04	1.104468E-17	5.243664E-18
1.887382E+04	1.123656E-17	5.326331E-18
1.887442E+04	1.144763E-17	5.416395E-18
1.887502E+04	1.164270E-17	5.498908E-18
1.887562E+04	1.183661E-17	5.586635E-18
1.887622E+04	1.204193E-17	5.673588E-18
1.887682E+04	1.222096E-17	5.703677E-18
1.887742E+04	1.217376E-17	5.710151E-18
1.887802E+04	1.206144E-17	5.680349E-18
1.887862E+04	1.184059E-17	5.763773E-18
1.887922E+04	1.156949E-17	5.986834E-18
1.887982E+04	1.120506E-17	5.839760E-18
1.888042E+04	1.080308E-17	5.681980E-18
1.888102E+04	1.039323E-17	5.530060E-18
1.888162E+04	9.977473E-18	5.437593E-18
1.888222E+04	9.600803E-18	5.360794E-18
1.888282E+04	9.227581E-18	5.266626E-18
1.888342E+04	8.880195E-18	5.177475E-18
1.888402E+04	8.574747E-18	5.105446E-18
1.888462E+04	8.278683E-18	5.212891E-18
1.888522E+04	8.037685E-18	5.168860E-18
1.888582E+04	7.764267E-18	5.138596E-18
1.888642E+04	7.544882E-18	5.075870E-18
1.888702E+04	7.304156E-18	5.013435E-18
1.888762E+04	7.065384E-18	4.928586E-18
1.888822E+04	6.787116E-18	4.880779E-18
1.888882E+04	6.558194E-18	4.928926E-18
1.888942E+04	6.320721E-18	5.055538E-18
1.889002E+04	6.124254E-18	5.014317E-18
1.889062E+04	5.953033E-18	5.032047E-18
1.889122E+04	5.809567E-18	5.014233E-18
1.889182E+04	5.675242E-18	4.996850E-18
1.889242E+04	5.520033E-18	5.058983E-18
1.889302E+04	5.433904E-18	5.114343E-18
1.889362E+04	5.346296E-18	5.153796E-18
1.889422E+04	5.260861E-18	5.179218E-18
1.889841E+04	5.189934E-18	5.192501E-18
1.889961E+04	5.130968E-18	5.187433E-18
1.890561E+04	5.027238E-18	5.183710E-18
1.890621E+04	4.932735E-18	5.175478E-18
1.890681E+04	4.871325E-18	5.167982E-18
1.890741E+04	4.822695E-18	5.154568E-18
1.890801E+04	4.789470E-18	5.121026E-18
1.890861E+04	4.764118E-18	5.113406E-18
1.890922E+04	4.752113E-18	5.110212E-18
1.890982E+04	4.752773E-18	5.119244E-18
1.891042E+04	4.767235E-18	5.122495E-18
1.891102E+04	4.794472E-18	5.083115E-18
1.891162E+04	4.834482E-18	5.112694E-18
1.891402E+04	4.886837E-18	5.107450E-18
1.891462E+04	4.945885E-18	5.166248E-18
1.891522E+04	5.020439E-18	5.184105E-18
1.891582E+04	5.107647E-18	5.203665E-18
1.891642E+04	5.191657E-18	5.220287E-18
1.891702E+04	5.315347E-18	5.223031E-18
1.891822E+04	5.409907E-18	5.217286E-18
1.891942E+04	5.521445E-18	5.227672E-18
1.892302E+04	5.590018E-18	5.236047E-18
1.892362E+04	5.740103E-18	5.215544E-18
1.892422E+04	5.895537E-18	5.238922E-18
1.892482E+04	6.044806E-18	5.261897E-18
1.892542E+04	6.197144E-18	5.334139E-18
1.892662E+04	6.353278E-18	5.425161E-18
1.892782E+04	6.517827E-18	5.462687E-18
1.892842E+04	6.705232E-18	5.505315E-18
1.892902E+04	6.893880E-18	5.566915E-18
1.893022E+04	7.083677E-18	5.592123E-18
1.893082E+04	7.276286E-18	5.662999E-18
1.893142E+04	7.469909E-18	5.844909E-18
1.893202E+04	7.663977E-18	5.931332E-18
1.893262E+04	7.858489E-18	5.966134E-18
1.893322E+04	7.956023E-18	6.041917E-18
1.893382E+04	8.064377E-18	6.192185E-18
1.893442E+04	8.191181E-18	6.242823E-18
1.893622E+04	8.334467E-18	6.271813E-18
1.893682E+04	8.470933E-18	6.292380E-18
1.893802E+04	8.627302E-18	6.338820E-18
1.893922E+04	8.799259E-18	6.379612E-18
1.893982E+04	8.972825E-18	6.383348E-18
1.894042E+04	9.137268E-18	6.400814E-18
1.894102E+04	9.301701E-18	6.396688E-18
1.894162E+04	9.497219E-18	6.494344E-18
1.894222E+04	9.702635E-18	6.470594E-18
1.894282E+04	9.882185E-18	6.506229E-18
1.894342E+04	1.008359E-17	6.338634E-18
1.894402E+04	1.030047E-17	5.980759E-18
1.894462E+04	1.053089E-17	6.039022E-18
1.894522E+04	1.070698E-17	6.091972E-18
1.894582E+04	1.088898E-17	6.155552E-18
1.894642E+04	1.109488E-17	6.150042E-18
1.894702E+04	1.134120E-17	6.269211E-18
1.894762E+04	1.160275E-17	6.389943E-18
1.894822E+04	1.184722E-17	6.535520E-18
1.894882E+04	1.205295E-17	6.676438E-18
1.894942E+04	1.226778E-17	6.490950E-18
1.895003E+04	1.252358E-17	6.514230E-18
1.895063E+04	1.274181E-17	6.493603E-18
1.895123E+04	1.299644E-17	6.655591E-18
1.895183E+04	1.321464E-17	6.659488E-18
1.895243E+04	1.342485E-17	6.742700E-18
1.895303E+04	1.362708E-17	8.144317E-18
1.895363E+04	1.381451E-17	8.164163E-18
1.895423E+04	1.399281E-17	7.960518E-18
1.895483E+04	1.415062E-17	8.009043E-18
1.895543E+04	1.428793E-17	8.164136E-18
1.895603E+04	1.441271E-17	8.187323E-18
1.895663E+04	1.452269E-17	8.263652E-18
1.895723E+04	1.461673E-17	8.313399E-18
1.895783E+04	1.469597E-17	8.332257E-18
1.895843E+04	1.475813E-17	8.431349E-18
1.895903E+04	1.496823E-17	8.726885E-18
1.895963E+04	1.517377E-17	9.457961E-18
1.896023E+04	1.529395E-17	1.021042E-17
1.896083E+04	1.547101E-17	1.136854E-17
1.896143E+04	1.562190E-17	1.250957E-17
1.896203E+04	1.573864E-17	1.401760E-17
1.896263E+04	1.589861E-17	1.573492E-17
1.896323E+04	1.601193E-17	1.736291E-17
1.896383E+04	1.614002E-17	1.905235E-17
1.896443E+04	1.627608E-17	2.091657E-17
1.896503E+04	1.642691E-17	2.269179E-17
1.896563E+04	1.658002E-17	2.323213E-17
1.896623E+04	1.670922E-17	2.357225E-17
1.896683E+04	1.684979E-17	2.364672E-17
1.896743E+04	1.698353E-17	2.366006E-17
1.896803E+04	1.711157E-17	2.364767E-17
1.896863E+04	1.723392E-17	2.370308E-17
1.896923E+04	1.734261E-17	2.378149E-17
1.896983E+04	1.744675E-17	2.388920E-17
1.897043E+04	1.754405E-17	2.396441E-17
1.897103E+04	1.763453E-17	2.406979E-17
1.897163E+04	1.771931E-17	2.416916E-17
1.897223E+04	1.777338E-17	2.422839E-17
1.897283E+04	1.783086E-17	2.429562E-17
1.897343E+04	1.788834E-17	2.430791E-17
1.897403E+04	1.795946E-17	2.438186E-17
1.897463E+04	1.803740E-17	2.439272E-17
1.897523E+04	1.812443E-17	2.439126E-17
1.898123E+04	1.822372E-17	2.442189E-17
1.898183E+04	1.833914E-17	2.449772E-17
1.898243E+04	1.845455E-17	2.455821E-17
1.898303E+04	1.856654E-17	2.465130E-17
1.898363E+04	1.867511E-17	2.470681E-17
1.898423E+04	1.877573E-17	2.470244E-17
1.898483E+04	1.885360E-17	2.472008E-17
1.898543E+04	1.892125E-17	2.475103E-17
1.898603E+04	1.897979E-17	2.475704E-17
1.898783E+04	1.902131E-17	2.473511E-17
1.899084E+04	1.904921E-17	2.474684E-17
1.899144E+04	1.906910E-17	2.476892E-17
1.899384E+04	1.907710E-17	2.479904E-17
1.899444E+04	1.907768E-17	2.481382E-17
1.899684E+04	1.908454E-17	2.482962E-17
1.899864E+04	1.908855E-17	2.485994E-17
1.899924E+04	1.909140E-17	2.487822E-17
1.900044E+04	1.910732E-17	2.491354E-17
1.900224E+04	1.913176E-17	2.494360E-17
1.900284E+04	1.914029E-17	2.497334E-17
1.900524E+04	1.914260E-17	2.498102E-17
1.900584E+04	1.913977E-17	2.499656E-17
1.900704E+04	1.915114E-17	2.501066E-17
1.900764E+04	1.917442E-17	2.501882E-17
1.900884E+04	1.919033E-17	2.502242E-17
1.900944E+04	1.913301E-17	2.501422E-17
1.901004E+04	1.905980E-17	2.500564E-17
1.901064E+04	1.897978E-17	2.494940E-17
1.901124E+04	1.890771E-17	2.492017E-17
1.901184E+04	1.885608E-17	2.488849E-17
1.901244E+04	1.881127E-17	2.483118E-17
1.901304E+04	1.875964E-17	2.484328E-17
1.901364E+04	1.867510E-17	2.484139E-17
1.901424E+04	1.859625E-17	2.485649E-17
1.901484E+04	1.855371E-17	2.477422E-17
1.901544E+04	1.845330E-17	2.474465E-17
1.901604E+04	1.838354E-17	2.473874E-17
1.901664E+04	1.833080E-17	2.443761E-17
1.901724E+04	1.824288E-17	2.432926E-17
1.901784E+04	1.815611E-17	2.429548E-17
1.901844E+04	1.809431E-17	2.425963E-17
1.901964E+04	1.798659E-17	2.415218E-17
1.902024E+04	1.787601E-17	2.408888E-17
1.902084E+04	1.773820E-17	2.400010E-17
1.902144E+04	1.763671E-17	2.393877E-17
1.902204E+04	1.755451E-17	2.392744E-17
1.902264E+04	1.740311E-17	2.392086E-17
1.902324E+04	1.728008E-17	2.391255E-17
1.902384E+04	1.718201E-17	2.377813E-17
1.902744E+04	1.710528E-17	2.359557E-17
1.902804E+04	1.704467E-17	2.321242E-17
1.902864E+04	1.696818E-17	2.274164E-17
1.902984E+04	1.686626E-17	2.194940E-17
1.903044E+04	1.674896E-17	2.082147E-17
1.903104E+04	1.659764E-17	1.948084E-17
1.903164E+04	1.643500E-17	1.774329E-17
1.903225E+04	1.626101E-17	1.526930E-17
1.903345E+04	1.610018E-17	1.200544E-17
1.903405E+04	1.589789E-17	1.049119E-17
1.903585E+04	1.570602E-17	9.211485E-18
1.903645E+04	1.545501E-17	8.622882E-18
1.903705E+04	1.516660E-17	8.268739E-18
1.903765E+04	1.500971E-17	8.239316E-18
1.903825E+04	1.484717E-17	8.196568E-18
1.903885E+04	1.467669E-17	8.114055E-18
1.903945E+04	1.446089E-17	7.975857E-18
1.904005E+04	1.424509E-17	7.919364E-18
1.904065E+04	1.408259E-17	7.840782E-18
1.904125E+04	1.389969E-17	7.766921E-18
1.904185E+04	1.371680E-17	7.698424E-18
1.904245E+04	1.346365E-17	7.592534E-18
1.904305E+04	1.327059E-17	7.604901E-18
1.904365E+04	1.304353E-17	7.494902E-18
1.904425E+04	1.282669E-17	7.453408E-18
1.904485E+04	1.262233E-17	7.463355E-18
1.904545E+04	1.245198E-17	7.466336E-18
1.904785E+04	1.229982E-17	7.383672E-18
1.905625E+04	1.202863E-17	7.301734E-18
1.905685E+04	1.172474E-17	7.141985E-18
1.905745E+04	1.153639E-17	7.017642E-18
1.905865E+04	1.136471E-17	6.971939E-18
1.905925E+04	1.114105E-17	6.925237E-18
1.905985E+04	1.093372E-17	6.893033E-18
1.906045E+04	1.077056E-17	6.864963E-18
1.906165E+04	1.060801E-17	6.832775E-18
1.906225E+04	1.044680E-17	6.795601E-18
1.906285E+04	1.028628E-17	6.741548E-18
1.906345E+04	1.012622E-17	6.664871E-18
1.906585E+04	9.957143E-18	6.580827E-18
1.906645E+04	9.788173E-18	6.466829E-18
1.906705E+04	9.614005E-18	6.351185E-18
1.906765E+04	9.433961E-18	6.233479E-18
1.907065E+04	9.247529E-18	6.169800E-18
1.907125E+04	9.056888E-18	6.055226E-18
1.907185E+04	8.860939E-18	5.940159E-18
1.907245E+04	8.667039E-18	5.836090E-18
1.907306E+04	8.490913E-18	5.751367E-18
1.907366E+04	8.322159E-18	5.668262E-18
1.907426E+04	8.144473E-18	5.581853E-18
1.907486E+04	7.993731E-18	5.500102E-18
1.907546E+04	7.837566E-18	5.415168E-18
1.907606E+04	7.694876E-18	5.309042E-18
1.907665E+04	7.531034E-18	5.204452E-18
1.907726E+04	7.368107E-18	5.095751E-18
1.907785E+04	7.219785E-18	4.922432E-18
1.907845E+04	7.074075E-18	4.844571E-18
1.907905E+04	6.915135E-18	4.687719E-18
1.907965E+04	6.755979E-18	4.589076E-18
1.908025E+04	6.600225E-18	4.391286E-18
1.908085E+04	6.449572E-18	4.434116E-18
1.908205E+04	6.322952E-18	4.478834E-18
1.908265E+04	6.190532E-18	4.519983E-18
1.908325E+04	6.090018E-18	4.562322E-18
1.908385E+04	6.016318E-18	4.590015E-18
1.908445E+04	5.919661E-18	4.604666E-18
1.908505E+04	5.843594E-18	4.564603E-18
1.908865E+04	5.769858E-18	4.509971E-18
1.908925E+04	5.695734E-18	4.444208E-18
1.908985E+04	5.657348E-18	4.366788E-18
1.909045E+04	5.646554E-18	4.280317E-18
1.909105E+04	5.546207E-18	4.164150E-18
1.909165E+04	5.455590E-18	4.033040E-18
1.909225E+04	5.403986E-18	3.947192E-18
1.909285E+04	5.384156E-18	3.883586E-18
1.909345E+04	5.360595E-18	3.834461E-18
1.909405E+04	5.333419E-18	3.798623E-18
1.909465E+04	5.294373E-18	3.793720E-18
1.909525E+04	5.292636E-18	3.804197E-18
1.909585E+04	5.317465E-18	3.826384E-18
1.909645E+04	5.301484E-18	3.848624E-18
1.909705E+04	5.315686E-18	3.872257E-18
1.909765E+04	5.302984E-18	3.872606E-18
1.909885E+04	5.244804E-18	3.858931E-18
1.909945E+04	5.215264E-18	3.846435E-18
1.910005E+04	5.255122E-18	3.863760E-18
1.910065E+04	5.299273E-18	3.895396E-18
1.910125E+04	5.327260E-18	3.938969E-18
1.910185E+04	5.386662E-18	4.000189E-18
1.910245E+04	5.456911E-18	4.075984E-18
1.910305E+04	5.519244E-18	4.062304E-18
1.910605E+04	5.572111E-18	4.110477E-18
1.910665E+04	5.708324E-18	4.172344E-18
1.910725E+04	5.865204E-18	4.224596E-18
1.910845E+04	6.052405E-18	4.263266E-18
1.910905E+04	6.234907E-18	4.299298E-18
1.910965E+04	6.369612E-18	4.295581E-18
1.911085E+04	6.545239E-18	4.320405E-18
1.911145E+04	6.750184E-18	4.363347E-18
1.911205E+04	6.988102E-18	4.413880E-18
1.911265E+04	7.174046E-18	4.428335E-18
1.911446E+04	7.325439E-18	4.433405E-18
1.911506E+04	7.290214E-18	4.427026E-18
1.911866E+04	7.587955E-18	4.484993E-18
1.911986E+04	7.849474E-18	4.517387E-18
1.912046E+04	8.125652E-18	4.550558E-18
1.912106E+04	8.461543E-18	4.607833E-18
1.912166E+04	8.774268E-18	4.654794E-18
1.912226E+04	9.113732E-18	4.706695E-18
1.912286E+04	9.447871E-18	4.769016E-18
1.912346E+04	9.740445E-18	4.827250E-18
1.912526E+04	9.984328E-18	4.932379E-18
1.912586E+04	1.018282E-17	4.971539E-18
1.912646E+04	1.029326E-17	4.982911E-18
1.912706E+04	1.038191E-17	5.039807E-18
1.912766E+04	1.039673E-17	5.206772E-18
1.912826E+04	1.038085E-17	5.330323E-18
1.913006E+04	1.028142E-17	5.402112E-18
1.913066E+04	1.010992E-17	5.380778E-18
1.913246E+04	9.891806E-18	5.341172E-18
1.913306E+04	9.608961E-18	5.280094E-18
1.913426E+04	9.239317E-18	5.187134E-18
1.913606E+04	8.811239E-18	5.063085E-18
1.913666E+04	8.542239E-18	4.979355E-18
1.913786E+04	8.295465E-18	4.908182E-18
1.913846E+04	8.112693E-18	4.852619E-18
1.913966E+04	7.981478E-18	4.810275E-18
1.914086E+04	7.937360E-18	4.788446E-18
1.914146E+04	7.930700E-18	4.776454E-18
1.914206E+04	7.937237E-18	4.776340E-18
1.914326E+04	7.958768E-18	4.780256E-18
1.914566E+04	7.986148E-18	4.785916E-18
1.914686E+04	8.018611E-18	4.792519E-18
1.914746E+04	8.029316E-18	4.793575E-18
1.914806E+04	8.043065E-18	4.748727E-18
1.914866E+04	8.073500E-18	4.715963E-18
1.914926E+04	8.060524E-18	4.677651E-18
1.914986E+04	8.090056E-18	4.647604E-18
1.915046E+04	8.070992E-18	4.621264E-18
1.915106E+04	8.058130E-18	4.598799E-18
1.915166E+04	8.061390E-18	4.582051E-18
1.915226E+04	8.097344E-18	4.588349E-18
1.915286E+04	8.131267E-18	4.596856E-18
1.915346E+04	8.197429E-18	4.630369E-18
1.915406E+04	8.252201E-18	4.642075E-18
1.915466E+04	8.270786E-18	4.645623E-18
1.915527E+04	8.284181E-18	4.645919E-18
1.915587E+04	8.290139E-18	4.642196E-18
1.915647E+04	8.296999E-18	4.635985E-18
1.915707E+04	8.304986E-18	4.626048E-18
1.915767E+04	8.314212E-18	4.613391E-18
1.915827E+04	8.325128E-18	4.598837E-18
1.915887E+04	8.345059E-18	4.584093E-18
1.915947E+04	8.363975E-18	4.567509E-18
1.916007E+04	8.386271E-18	4.550378E-18
1.916067E+04	8.409128E-18	4.530640E-18
1.916307E+04	8.432714E-18	4.519124E-18
1.916367E+04	8.456694E-18	4.521326E-18
1.916427E+04	8.482137E-18	4.526501E-18
1.916487E+04	8.507466E-18	4.531915E-18
1.916547E+04	8.552735E-18	4.531446E-18
1.916607E+04	8.596425E-18	4.522475E-18
1.916667E+04	8.658926E-18	4.499786E-18
1.916727E+04	8.725478E-18	4.464801E-18
1.916787E+04	8.821204E-18	4.410357E-18
1.916847E+04	8.890902E-18	4.389890E-18
1.916907E+04	8.962174E-18	4.374734E-18
1.916967E+04	9.030737E-18	4.364244E-18
1.917027E+04	9.099860E-18	4.369615E-18
1.917087E+04	9.186888E-18	4.389343E-18
1.917147E+04	9.249019E-18	4.401703E-18
1.917207E+04	9.333898E-18	4.420510E-18
1.917267E+04	9.405144E-18	4.435359E-18
1.917327E+04	9.513551E-18	4.460830E-18
1.917387E+04	9.556746E-18	4.469522E-18
1.917447E+04	9.596334E-18	4.477791E-18
1.917507E+04	9.632204E-18	4.485305E-18
1.917567E+04	9.664243E-18	4.467011E-18
1.917627E+04	9.690874E-18	4.452649E-18
1.917687E+04	9.726851E-18	4.461183E-18
1.917747E+04	9.742670E-18	4.476785E-18
1.917807E+04	9.746665E-18	4.478157E-18
1.917867E+04	9.724539E-18	4.487244E-18
1.917927E+04	9.707143E-18	4.501063E-18
1.917987E+04	9.694701E-18	4.512012E-18
1.918047E+04	9.645221E-18	4.574932E-18
1.918107E+04	9.587525E-18	4.474830E-18
1.918167E+04	9.636667E-18	4.485445E-18
1.918227E+04	9.683555E-18	4.514735E-18
1.918287E+04	9.717833E-18	4.471347E-18
1.918347E+04	9.740402E-18	4.304101E-18
1.918407E+04	9.786382E-18	4.172016E-18
1.918467E+04	9.826620E-18	4.059085E-18
1.918527E+04	9.861002E-18	3.979336E-18
1.918587E+04	9.889529E-18	3.968656E-18
1.918647E+04	9.901172E-18	3.961188E-18
1.918707E+04	9.905836E-18	3.959683E-18
1.918767E+04	9.901159E-18	3.959543E-18
1.918827E+04	9.889280E-18	3.976738E-18
1.918887E+04	9.898671E-18	3.974930E-18
1.918947E+04	9.894107E-18	3.975792E-18
1.919007E+04	9.899896E-18	3.979081E-18
1.919067E+04	9.903210E-18	3.977614E-18
1.919127E+04	9.912599E-18	3.978905E-18
1.919187E+04	9.945730E-18	4.008803E-18
1.919427E+04	9.950312E-18	4.097145E-18
1.919487E+04	9.931573E-18	4.103604E-18
1.919668E+04	9.906066E-18	4.102905E-18
1.919728E+04	9.874731E-18	4.104474E-18
1.919848E+04	9.874270E-18	4.105971E-18
1.919908E+04	9.891193E-18	4.115583E-18
1.919968E+04	9.857949E-18	4.123346E-18
1.920028E+04	9.852489E-18	4.137336E-18
1.920208E+04	9.840722E-18	4.122275E-18
1.920268E+04	9.808497E-18	4.125256E-18
1.920508E+04	9.780707E-18	4.125467E-18
1.920628E+04	9.763498E-18	4.119864E-18
1.920928E+04	9.750726E-18	4.130755E-18
1.920988E+04	9.707947E-18	4.135516E-18
1.921108E+04	9.678380E-18	4.157460E-18
1.921168E+04	9.670792E-18	4.179962E-18
1.921228E+04	9.656010E-18	4.188930E-18
1.921288E+04	9.640443E-18	4.194749E-18
1.921528E+04	9.630220E-18	4.199891E-18
1.921588E+04	9.633762E-18	4.206509E-18
1.921648E+04	9.623143E-18	4.205575E-18
1.921708E+04	9.581281E-18	4.194273E-18
1.921768E+04	9.537287E-18	4.180803E-18
1.921828E+04	9.497229E-18	4.167831E-18
1.921888E+04	9.481895E-18	4.161496E-18
1.921948E+04	9.457685E-18	4.151870E-18
1.922008E+04	9.438983E-18	4.142986E-18
1.922068E+04	9.386684E-18	4.126218E-18
1.922128E+04	9.372254E-18	4.121656E-18
1.922188E+04	9.355915E-18	4.117664E-18
1.922248E+04	9.327555E-18	4.111064E-18
1.922308E+04	9.285153E-18	4.102027E-18
1.922368E+04	9.240843E-18	4.093149E-18
1.922428E+04	9.194401E-18	4.084648E-18
1.922488E+04	9.146614E-18	4.069972E-18
1.922548E+04	9.097706E-18	4.066952E-18
1.922608E+04	9.047903E-18	4.061439E-18
1.922668E+04	8.997541E-18	4.044166E-18
1.922728E+04	8.955044E-18	4.016696E-18
1.922788E+04	8.913224E-18	3.994750E-18
1.922848E+04	8.858265E-18	3.980524E-18
1.922908E+04	8.804656E-18	3.959121E-18
1.922968E+04	8.770707E-18	3.965192E-18
1.923028E+04	8.764837E-18	3.961182E-18
1.923088E+04	8.760315E-18	3.963279E-18
1.923148E+04	8.755344E-18	3.963527E-18
1.923208E+04	8.750036E-18	3.962644E-18
1.923268E+04	8.744280E-18	3.964060E-18
1.923328E+04	8.732909E-18	3.960022E-18
1.923388E+04	8.720641E-18	3.953446E-18
1.923448E+04	8.694337E-18	3.934558E-18
1.923508E+04	8.663430E-18	3.912121E-18
1.923568E+04	8.629943E-18	3.892624E-18
1.923749E+04	8.593374E-18	3.861097E-18
1.923809E+04	8.557872E-18	3.825061E-18
1.923869E+04	8.522933E-18	3.716486E-18
1.923929E+04	8.490242E-18	3.700487E-18
1.924049E+04	8.459665E-18	3.681703E-18
1.924109E+04	8.432816E-18	3.660959E-18
1.924289E+04	8.407838E-18	3.666284E-18
1.924349E+04	8.385932E-18	3.675178E-18
1.924409E+04	8.366609E-18	3.681457E-18
1.924469E+04	8.349755E-18	3.703483E-18
1.924529E+04	8.336270E-18	3.722114E-18
1.924649E+04	8.326360E-18	3.749405E-18
1.924709E+04	8.315121E-18	3.782830E-18
1.924769E+04	8.294906E-18	3.822610E-18
1.924829E+04	8.271998E-18	3.862830E-18
1.925009E+04	8.228641E-18	3.885265E-18
1.925069E+04	8.162204E-18	3.882310E-18
1.925189E+04	8.100248E-18	3.881379E-18
1.925249E+04	8.036401E-18	3.859261E-18
1.925309E+04	7.974576E-18	3.842967E-18
1.925369E+04	7.910288E-18	3.873148E-18
1.925429E+04	7.917911E-18	3.854227E-18
1.925489E+04	7.920262E-18	3.753845E-18
1.925549E+04	7.923061E-18	3.736059E-18
1.925609E+04	7.922159E-18	3.731394E-18
1.925669E+04	7.925743E-18	3.723873E-18
1.925729E+04	7.950863E-18	3.727551E-18
1.925789E+04	7.972280E-18	3.725759E-18
1.925849E+04	7.948944E-18	3.702399E-18
1.925909E+04	7.925610E-18	3.683470E-18
1.925969E+04	7.934241E-18	3.685887E-18
1.926028E+04	7.933674E-18	3.666863E-18
1.926088E+04	7.910342E-18	3.650795E-18
1.926149E+04	7.859088E-18	3.639232E-18
1.926208E+04	7.813668E-18	3.617404E-18
1.926268E+04	7.785072E-18	3.574964E-18
1.926328E+04	7.772960E-18	3.550186E-18
1.926388E+04	7.785966E-18	3.532648E-18
1.926448E+04	7.778677E-18	3.514542E-18
1.926508E+04	7.785179E-18	3.507409E-18
1.926568E+04	7.778675E-18	3.526256E-18
1.926628E+04	7.770826E-18	3.515971E-18
1.926688E+04	7.834394E-18	3.530124E-18
1.926748E+04	7.876208E-18	3.543619E-18
1.926808E+04	7.896496E-18	3.553111E-18
1.926868E+04	7.872165E-18	3.546386E-18
1.927048E+04	7.812632E-18	3.538095E-18
1.927108E+04	7.763534E-18	3.544186E-18
1.927168E+04	7.719819E-18	3.548686E-18
1.927228E+04	7.662545E-18	3.546353E-18
1.927348E+04	7.632064E-18	3.549017E-18
1.927408E+04	7.607972E-18	3.551125E-18
1.927528E+04	7.588143E-18	3.552121E-18
1.927588E+04	7.590053E-18	3.553334E-18
1.927648E+04	7.612806E-18	3.558159E-18
1.927708E+04	7.639592E-18	3.561303E-18
1.927768E+04	7.648223E-18	3.565798E-18
1.927829E+04	7.654721E-18	3.551670E-18
1.927889E+04	7.674557E-18	3.540659E-18
1.927949E+04	7.687780E-18	3.539155E-18
1.928009E+04	7.709070E-18	3.544353E-18
1.928069E+04	7.726437E-18	3.548117E-18
1.928129E+04	7.744699E-18	3.539356E-18
1.928189E+04	7.719380E-18	3.533913E-18
1.928249E+04	7.732712E-18	3.529546E-18
1.928429E+04	7.782674E-18	3.550319E-18
1.928609E+04	7.801376E-18	3.556066E-18
1.928669E+04	7.800479E-18	3.563011E-18
1.928729E+04	7.819518E-18	3.583942E-18
1.928789E+04	7.860172E-18	3.626028E-18
1.928849E+04	7.870920E-18	3.645554E-18
1.928909E+04	7.870580E-18	3.648701E-18
1.928969E+04	7.881328E-18	3.650583E-18
1.929029E+04	7.908761E-18	3.654972E-18
1.929089E+04	7.919059E-18	3.660777E-18
1.929149E+04	7.892738E-18	3.648844E-18
1.929209E+04	7.893406E-18	3.659644E-18
1.929269E+04	7.879853E-18	3.661494E-18
1.929329E+04	7.975920E-18	3.696077E-18
1.929389E+04	8.037943E-18	3.736264E-18
1.929449E+04	8.037263E-18	3.806828E-18
1.929509E+04	8.096258E-18	3.860020E-18
1.929569E+04	8.148085E-18	3.866975E-18
1.929629E+04	8.192855E-18	3.869859E-18
1.929689E+04	8.230906E-18	3.861546E-18
1.929749E+04	8.262349E-18	3.851305E-18
1.929809E+04	8.287074E-18	3.831431E-18
1.929869E+04	8.299820E-18	3.805724E-18
1.929929E+04	8.309990E-18	3.768768E-18
1.929989E+04	8.317810E-18	3.734051E-18
1.930169E+04	8.323356E-18	3.682735E-18
1.930229E+04	8.327816E-18	3.675516E-18
1.930289E+04	8.331045E-18	3.658002E-18
1.930349E+04	8.333379E-18	3.665024E-18
1.930409E+04	8.339517E-18	3.673304E-18
1.930469E+04	8.348341E-18	3.640230E-18
1.930529E+04	8.368578E-18	3.650590E-18
1.930589E+04	8.389598E-18	3.662266E-18
1.930649E+04	8.406253E-18	3.671894E-18
1.930709E+04	8.427718E-18	3.682109E-18
1.930769E+04	8.440901E-18	3.689184E-18
1.930829E+04	8.448490E-18	3.693463E-18
1.930889E+04	8.447463E-18	3.698158E-18
1.930949E+04	8.420031E-18	3.690423E-18
1.931009E+04	8.411732E-18	3.685799E-18
1.931069E+04	8.417643E-18	3.686054E-18
1.931189E+04	8.427337E-18	3.686142E-18
1.931249E+04	8.453830E-18	3.689661E-18
1.931309E+04	8.454816E-18	3.684352E-18
1.931369E+04	8.445175E-18	3.673389E-18
1.931429E+04	8.478489E-18	3.681990E-18
1.931489E+04	8.500727E-18	3.681489E-18
1.931549E+04	8.469722E-18	3.668142E-18
1.931609E+04	8.481222E-18	3.668249E-18
1.931669E+04	8.458943E-18	3.660185E-18
1.931729E+04	8.412620E-18	3.624972E-18
1.931789E+04	8.455659E-18	3.636550E-18
1.931849E+04	8.469394E-18	3.639253E-18
1.931910E+04	8.465903E-18	3.637167E-18
1.931970E+04	8.477624E-18	3.639705E-18
1.932030E+04	8.472906E-18	3.636454E-18
1.932090E+04	8.463492E-18	3.618975E-18
1.932150E+04	8.468615E-18	3.608182E-18
1.932210E+04	8.476645E-18	3.600179E-18
1.932270E+04	8.445540E-18	3.582274E-18
1.932330E+04	8.449098E-18	3.576593E-18
1.932390E+04	8.451425E-18	3.572227E-18
1.932450E+04	8.438548E-18	3.564832E-18
1.932510E+04	8.426677E-18	3.560988E-18
1.932570E+04	8.432136E-18	3.562842E-18
1.932630E+04	8.418589E-18	3.576482E-18
1.932750E+04	8.393398E-18	3.574502E-18
1.932810E+04	8.392821E-18	3.575117E-18
1.932870E+04	8.367763E-18	3.567666E-18
1.932930E+04	8.352767E-18	3.569005E-18
1.932990E+04	8.378234E-18	3.578515E-18
1.933050E+04	8.420801E-18	3.589516E-18
1.933110E+04	8.446711E-18	3.593407E-18
1.933170E+04	8.448479E-18	3.588452E-18
1.933230E+04	8.437954E-18	3.574972E-18
1.933290E+04	8.452798E-18	3.595460E-18
1.933350E+04	8.458812E-18	3.600529E-18
1.933410E+04	8.440017E-18	3.594483E-18
1.933470E+04	8.446367E-18	3.596476E-18
1.933530E+04	8.472160E-18	3.555245E-18
1.933590E+04	8.508455E-18	3.535097E-18
1.933650E+04	8.553687E-18	3.576831E-18
1.933710E+04	8.574223E-18	3.618775E-18
1.933770E+04	8.552859E-18	3.643436E-18
1.933830E+04	8.515295E-18	3.612273E-18
1.933890E+04	8.482202E-18	3.607828E-18
1.933950E+04	8.467880E-18	3.612318E-18
1.934010E+04	8.463614E-18	3.617615E-18
1.934070E+04	8.433654E-18	3.611065E-18
1.934130E+04	8.406264E-18	3.592501E-18
1.934190E+04	8.404123E-18	3.535719E-18
1.934250E+04	8.388353E-18	3.498166E-18
1.934310E+04	8.379734E-18	3.492060E-18
1.934370E+04	8.393231E-18	3.495077E-18
1.934430E+04	8.392989E-18	3.498353E-18
1.934490E+04	8.397215E-18	3.505006E-18
1.934610E+04	8.404884E-18	3.506394E-18
1.934670E+04	8.420278E-18	3.506323E-18
1.934730E+04	8.437346E-18	3.527444E-18
1.934790E+04	8.456534E-18	3.535331E-18
1.934850E+04	8.477174E-18	3.543895E-18
1.934970E+04	8.498683E-18	3.557140E-18
1.935030E+04	8.519655E-18	3.554258E-18
1.935090E+04	8.540848E-18	3.555377E-18
1.935150E+04	8.561036E-18	3.554502E-18
1.935210E+04	8.594397E-18	3.563362E-18
1.935270E+04	8.589013E-18	3.564320E-18
1.935330E+04	8.557393E-18	3.545753E-18
1.935390E+04	8.527449E-18	3.531439E-18
1.935450E+04	8.501860E-18	3.515455E-18
1.935510E+04	8.485874E-18	3.503494E-18
1.935570E+04	8.456605E-18	3.494184E-18
1.935630E+04	8.446984E-18	3.595788E-18
1.935690E+04	8.453773E-18	3.596311E-18
1.935750E+04	8.426293E-18	3.629329E-18
1.935810E+04	8.390778E-18	3.613014E-18
1.935870E+04	8.377700E-18	3.609579E-18
1.935930E+04	8.360493E-18	3.600116E-18
1.935990E+04	8.346189E-18	3.593734E-18
1.936051E+04	8.331212E-18	3.586538E-18
1.936111E+04	8.308204E-18	3.593809E-18
1.936171E+04	8.296582E-18	3.588535E-18
1.936231E+04	8.308284E-18	3.591050E-18
1.936351E+04	8.281581E-18	3.628911E-18
1.936411E+04	8.245745E-18	3.734783E-18
1.936471E+04	8.236469E-18	3.775309E-18
1.936531E+04	8.215589E-18	3.868361E-18
1.936591E+04	8.189354E-18	4.048514E-18
1.936651E+04	8.185437E-18	4.104569E-18
1.936711E+04	8.201826E-18	4.130852E-18
1.936771E+04	8.223792E-18	4.195166E-18
1.936831E+04	8.242745E-18	4.250357E-18
1.936891E+04	8.265267E-18	4.298515E-18
1.936951E+04	8.294035E-18	4.341042E-18
1.937011E+04	8.315327E-18	4.375534E-18
1.937071E+04	8.325909E-18	4.402114E-18
1.937131E+04	8.317637E-18	4.409339E-18
1.937191E+04	8.313940E-18	4.414343E-18
1.937251E+04	8.359546E-18	4.428449E-18
1.937311E+04	8.401134E-18	4.444940E-18
1.937371E+04	8.443611E-18	4.450485E-18
1.937431E+04	8.538955E-18	4.474428E-18
1.937491E+04	8.617339E-18	4.495178E-18
1.937551E+04	8.682448E-18	4.512779E-18
1.937611E+04	8.675506E-18	4.506800E-18
1.937671E+04	8.666558E-18	4.516576E-18
1.937731E+04	8.668539E-18	4.532823E-18
1.937791E+04	8.662156E-18	4.539670E-18
1.937851E+04	8.658339E-18	4.544412E-18
1.937911E+04	8.661546E-18	4.544568E-18
1.937971E+04	8.660740E-18	4.511007E-18
1.938031E+04	8.664059E-18	4.484549E-18
1.938091E+04	8.682653E-18	4.520441E-18
1.938151E+04	8.713623E-18	4.521920E-18
1.938211E+04	8.755963E-18	4.528938E-18
1.938271E+04	8.772658E-18	4.533466E-18
1.938331E+04	8.748213E-18	4.526385E-18
1.938391E+04	8.730904E-18	4.502081E-18
1.938451E+04	8.754399E-18	4.492673E-18
1.938511E+04	8.793499E-18	4.561972E-18
1.938571E+04	8.823233E-18	4.631306E-18
1.938631E+04	8.856420E-18	4.635170E-18
1.938691E+04	8.901756E-18	4.713971E-18
1.938811E+04	8.903920E-18	4.721629E-18
1.938871E+04	8.870449E-18	4.712955E-18
1.938931E+04	8.874541E-18	4.721665E-18
1.939051E+04	8.901113E-18	4.736942E-18
1.939111E+04	8.913116E-18	4.741029E-18
1.939171E+04	8.918432E-18	4.741108E-18
1.939231E+04	8.949267E-18	4.748581E-18
1.939291E+04	8.983333E-18	4.752945E-18
1.939351E+04	8.959896E-18	4.747854E-18
1.939411E+04	8.949945E-18	4.753108E-18
1.939651E+04	8.952259E-18	4.740720E-18
1.939711E+04	8.943534E-18	4.728964E-18
1.939771E+04	8.944057E-18	4.719986E-18
1.939831E+04	8.951821E-18	4.704460E-18
1.939891E+04	8.968498E-18	4.710301E-18
1.939951E+04	8.968797E-18	4.714194E-18
1.940011E+04	8.970210E-18	4.718446E-18
1.940071E+04	8.974743E-18	4.715041E-18
1.940132E+04	8.976486E-18	4.705292E-18
1.940192E+04	8.974557E-18	4.726124E-18
1.940252E+04	8.964163E-18	4.725760E-18
1.940312E+04	8.964574E-18	4.725060E-18
1.940372E+04	8.989266E-18	4.733768E-18
1.940432E+04	9.038236E-18	4.745092E-18
1.940492E+04	9.076845E-18	4.654433E-18
1.940552E+04	9.105429E-18	4.656582E-18
1.940612E+04	9.132452E-18	4.643749E-18
1.940852E+04	9.150668E-18	4.666954E-18
1.940912E+04	9.173900E-18	4.673618E-18
1.940972E+04	9.200917E-18	4.680395E-18
1.941032E+04	9.228822E-18	4.688038E-18
1.941092E+04	9.257395E-18	4.694376E-18
1.941152E+04	9.305895E-18	4.687030E-18
1.941212E+04	9.350384E-18	4.696796E-18
1.941272E+04	9.365702E-18	4.722508E-18
1.941452E+04	9.388607E-18	4.707904E-18
1.941512E+04	9.385332E-18	4.610675E-18
1.941572E+04	9.378607E-18	4.551731E-18
1.941632E+04	9.378560E-18	4.425676E-18
1.941692E+04	9.351466E-18	4.344761E-18
1.941752E+04	9.353312E-18	4.359720E-18
1.941812E+04	9.361614E-18	4.324772E-18
1.941872E+04	9.361012E-18	4.320143E-18
1.941932E+04	9.396135E-18	4.317846E-18
1.941992E+04	9.450065E-18	4.305321E-18
1.942052E+04	9.484739E-18	4.304166E-18
1.942112E+04	9.503052E-18	4.293990E-18
1.942172E+04	9.523144E-18	4.282284E-18
1.942232E+04	9.558369E-18	4.283000E-18
1.942292E+04	9.646004E-18	4.301689E-18
1.942352E+04	9.719279E-18	4.320427E-18
1.942412E+04	9.725454E-18	4.324573E-18
1.942472E+04	9.760558E-18	4.343830E-18
1.942532E+04	9.817468E-18	4.377166E-18
1.942592E+04	9.805949E-18	4.398919E-18
1.942652E+04	9.782860E-18	4.425116E-18
1.942712E+04	9.745754E-18	4.456484E-18
1.942772E+04	9.736241E-18	4.452664E-18
1.942832E+04	9.775344E-18	4.454383E-18
1.942892E+04	9.787412E-18	4.459320E-18
1.942952E+04	9.771557E-18	4.460605E-18
1.943012E+04	9.763379E-18	4.470044E-18
1.943072E+04	9.777783E-18	4.476461E-18
1.943132E+04	9.803753E-18	4.480861E-18
1.943192E+04	9.819489E-18	4.435956E-18
1.943252E+04	9.843233E-18	4.440219E-18
1.943312E+04	9.868309E-18	4.458731E-18
1.943372E+04	9.897944E-18	4.467763E-18
1.943432E+04	9.931804E-18	4.459220E-18
1.943492E+04	9.969332E-18	4.475876E-18
1.943552E+04	1.001008E-17	4.489846E-18
1.943612E+04	1.005372E-17	4.435407E-18
1.943672E+04	1.010526E-17	4.372047E-18
1.943732E+04	1.007528E-17	4.391683E-18
1.943792E+04	1.004986E-17	4.300146E-18
1.943852E+04	1.008815E-17	4.304827E-18
1.943912E+04	1.015402E-17	4.325104E-18
1.943972E+04	1.017463E-17	4.324835E-18
1.944032E+04	1.014944E-17	4.320274E-18
1.944092E+04	1.012680E-17	4.313578E-18
1.944152E+04	1.007548E-17	4.305182E-18
1.944213E+04	1.003772E-17	4.304433E-18
1.944273E+04	1.002431E-17	4.306112E-18
1.944333E+04	9.998903E-18	4.306162E-18
1.944393E+04	9.975161E-18	4.297035E-18
1.944513E+04	9.953470E-18	4.293201E-18
1.944572E+04	9.932621E-18	4.282712E-18
1.944633E+04	9.953901E-18	4.318350E-18
1.944692E+04	9.986182E-18	4.377582E-18
1.944752E+04	9.961778E-18	4.372193E-18
1.944812E+04	9.911256E-18	4.357335E-18
1.944872E+04	9.886855E-18	4.354891E-18
1.944932E+04	9.871902E-18	4.495215E-18
1.944992E+04	9.859395E-18	4.653934E-18
1.945052E+04	9.836109E-18	4.764636E-18
1.945112E+04	9.806268E-18	4.768770E-18
1.945172E+04	9.760093E-18	4.756535E-18
1.945232E+04	9.746702E-18	4.750887E-18
1.945292E+04	9.744534E-18	4.752499E-18
1.945352E+04	9.731811E-18	4.750460E-18
1.945412E+04	9.717977E-18	4.745962E-18
1.945472E+04	9.685811E-18	4.739693E-18
1.945532E+04	9.639870E-18	4.716511E-18
1.945592E+04	9.642260E-18	4.711955E-18
1.945652E+04	9.645095E-18	4.718649E-18
1.945712E+04	9.590050E-18	4.730136E-18
1.945772E+04	9.539118E-18	4.716578E-18
1.945832E+04	9.540400E-18	4.778845E-18
1.945892E+04	9.539128E-18	4.837278E-18
1.945952E+04	9.547075E-18	4.827861E-18
1.946012E+04	9.573572E-18	4.837699E-18
1.946072E+04	9.563190E-18	4.840383E-18
1.946132E+04	9.512157E-18	4.857031E-18
1.946192E+04	9.531988E-18	4.884572E-18
1.946252E+04	9.531271E-18	4.851977E-18
1.946312E+04	9.487906E-18	4.829665E-18
1.946372E+04	9.436214E-18	4.823594E-18
1.946432E+04	9.405071E-18	4.792447E-18
1.946492E+04	9.464549E-18	4.790618E-18
1.946552E+04	9.503590E-18	4.800457E-18
1.946612E+04	9.486440E-18	4.784729E-18
1.946672E+04	9.499605E-18	4.779151E-18
1.946732E+04	9.501221E-18	4.796736E-18
1.946792E+04	9.479186E-18	4.795763E-18
1.946852E+04	9.465924E-18	4.792270E-18
1.946912E+04	9.437341E-18	4.787220E-18
1.946972E+04	9.451061E-18	4.786910E-18
1.947032E+04	9.476326E-18	4.787055E-18
1.947092E+04	9.473058E-18	4.780273E-18
1.947152E+04	9.503318E-18	4.766851E-18
1.947212E+04	9.551560E-18	4.748993E-18
1.947272E+04	9.599799E-18	4.720504E-18
1.947332E+04	9.644928E-18	4.721830E-18
1.947392E+04	9.671516E-18	4.727953E-18
1.947452E+04	9.676013E-18	4.732547E-18
1.947512E+04	9.701711E-18	4.733457E-18
1.947572E+04	9.718749E-18	4.731179E-18
1.947632E+04	9.740448E-18	4.778223E-18
1.947692E+04	9.836620E-18	4.823153E-18
1.947752E+04	9.878959E-18	4.836626E-18
1.947812E+04	9.851153E-18	4.817786E-18
1.947872E+04	9.841771E-18	4.803389E-18
1.947932E+04	9.854918E-18	4.809488E-18
1.947992E+04	9.849199E-18	4.810362E-18
1.948052E+04	9.804418E-18	4.802614E-18
1.948112E+04	9.793708E-18	4.802762E-18
1.948172E+04	9.830823E-18	4.808723E-18
1.948232E+04	9.882584E-18	4.829444E-18
1.948292E+04	9.930901E-18	4.824643E-18
1.948353E+04	9.990196E-18	4.872379E-18
1.948413E+04	1.004838E-17	4.963911E-18
1.948473E+04	1.010535E-17	5.016167E-18
1.948533E+04	1.018816E-17	5.063744E-18
1.948593E+04	1.013051E-17	5.149489E-18
1.948653E+04	1.011957E-17	5.163513E-18
1.948713E+04	1.019893E-17	5.178508E-18
1.948773E+04	1.023946E-17	5.183461E-18
1.948833E+04	1.027733E-17	5.190396E-18
1.948893E+04	1.029357E-17	5.188791E-18
1.948953E+04	1.027408E-17	5.174874E-18
1.949013E+04	1.022809E-17	5.166296E-18
1.949073E+04	1.018221E-17	5.170661E-18
1.949133E+04	1.017604E-17	5.138199E-18
1.949193E+04	1.016322E-17	5.181350E-18
1.949253E+04	1.018977E-17	5.287390E-18
1.949313E+04	1.016286E-17	5.280903E-18
1.949373E+04	1.014494E-17	5.289271E-18
1.949433E+04	1.012657E-17	5.252139E-18
1.949493E+04	1.019615E-17	5.152376E-18
1.949553E+04	1.026117E-17	5.086169E-18
1.949613E+04	1.025778E-17	5.145701E-18
1.949673E+04	1.025249E-17	5.160300E-18
1.949733E+04	1.029556E-17	5.197357E-18
1.949793E+04	1.032786E-17	5.204966E-18
1.949853E+04	1.034442E-17	5.229503E-18
1.949913E+04	1.037550E-17	5.248586E-18
1.949973E+04	1.040525E-17	5.259059E-18
1.950033E+04	1.043301E-17	5.266242E-18
1.950093E+04	1.047994E-17	5.276527E-18
1.950153E+04	1.049449E-17	5.271616E-18
1.950213E+04	1.048932E-17	5.248409E-18
1.950273E+04	1.050520E-17	5.269500E-18
1.950333E+04	1.048872E-17	5.236494E-18
1.950393E+04	1.048798E-17	5.220674E-18
1.950453E+04	1.051073E-17	5.281292E-18
1.950513E+04	1.049846E-17	5.329518E-18
1.950573E+04	1.047888E-17	5.417487E-18
1.950633E+04	1.051194E-17	5.411853E-18
1.950693E+04	1.049546E-17	5.396105E-18
1.950753E+04	1.048208E-17	5.461435E-18
1.950813E+04	1.044898E-17	5.623248E-18
1.950873E+04	1.040524E-17	5.642940E-18
1.950933E+04	1.040483E-17	5.644571E-18
1.950993E+04	1.043124E-17	5.652311E-18
1.951053E+04	1.044513E-17	5.696252E-18
1.951113E+04	1.044594E-17	5.711923E-18
1.951173E+04	1.040199E-17	5.701167E-18
1.951233E+04	1.035681E-17	5.678677E-18
1.951293E+04	1.034145E-17	5.674564E-18
1.951353E+04	1.034459E-17	5.676230E-18
1.951413E+04	1.032557E-17	5.669995E-18
1.951473E+04	1.030135E-17	5.714503E-18
1.951533E+04	1.028477E-17	5.808535E-18
1.951593E+04	1.027783E-17	5.801218E-18
1.951653E+04	1.027244E-17	5.836155E-18
1.951833E+04	1.026536E-17	5.853060E-18
1.951893E+04	1.025997E-17	5.854189E-18
1.951953E+04	1.025348E-17	5.852757E-18
1.952073E+04	1.026242E-17	5.854538E-18
1.952133E+04	1.026301E-17	5.846041E-18
1.952193E+04	1.024976E-17	5.854398E-18
1.952253E+04	1.024648E-17	5.850292E-18
1.952313E+04	1.022869E-17	5.816639E-18
1.952373E+04	1.019296E-17	5.791122E-18
1.952434E+04	1.015590E-17	5.780627E-18
1.952494E+04	1.014808E-17	5.785706E-18
1.952554E+04	1.014613E-17	5.784898E-18
1.952614E+04	1.014042E-17	5.784156E-18
1.952674E+04	1.012795E-17	5.779632E-18
1.952734E+04	1.010264E-17	5.784962E-18
1.952794E+04	1.007035E-17	5.804787E-18
1.952854E+04	1.002024E-17	5.791749E-18
1.952914E+04	9.995713E-18	5.779407E-18
1.952974E+04	1.001613E-17	5.783714E-18
1.953034E+04	1.003522E-17	5.776213E-18
1.953214E+04	1.002474E-17	5.711391E-18
1.953274E+04	1.001050E-17	5.775452E-18
1.953334E+04	1.001520E-17	5.751712E-18
1.953394E+04	1.003716E-17	5.644858E-18
1.953454E+04	1.005824E-17	5.702114E-18
1.953514E+04	1.006570E-17	5.806589E-18
1.953574E+04	1.009021E-17	5.852024E-18
1.953634E+04	1.010265E-17	5.943857E-18
1.953694E+04	1.009074E-17	6.001746E-18
1.953754E+04	1.008238E-17	6.015813E-18
1.953814E+04	1.005830E-17	6.004304E-18
1.953874E+04	1.009885E-17	5.992878E-18
1.953934E+04	1.012733E-17	6.008207E-18
1.953994E+04	1.012704E-17	5.966068E-18
1.954054E+04	1.011802E-17	5.956965E-18
1.954114E+04	1.009217E-17	5.955315E-18
1.954174E+04	1.005105E-17	5.933175E-18
1.954234E+04	1.000606E-17	5.869198E-18
1.954294E+04	9.960306E-18	5.868084E-18
1.954354E+04	9.912780E-18	5.884548E-18
1.954414E+04	9.862712E-18	5.823925E-18
1.954474E+04	9.831012E-18	5.813223E-18
1.954534E+04	9.826750E-18	5.804135E-18
1.954594E+04	9.832888E-18	5.809058E-18
1.954654E+04	9.845662E-18	5.796926E-18
1.954714E+04	9.864189E-18	5.787090E-18
1.954774E+04	9.876298E-18	5.787025E-18
1.954834E+04	9.881548E-18	5.839294E-18
1.954894E+04	9.895537E-18	5.859840E-18
1.954954E+04	9.926669E-18	5.867569E-18
1.955014E+04	9.950167E-18	5.877080E-18
1.955074E+04	9.925884E-18	5.864290E-18
1.955134E+04	9.925824E-18	5.855804E-18
1.955194E+04	9.933837E-18	5.910975E-18
1.955254E+04	9.918183E-18	5.881673E-18
1.955314E+04	9.901424E-18	5.810786E-18
1.955374E+04	9.875044E-18	5.724500E-18
1.955434E+04	9.812285E-18	5.734261E-18
1.955554E+04	9.768050E-18	5.717094E-18
1.955614E+04	9.751740E-18	5.655007E-18
1.955674E+04	9.709115E-18	5.448716E-18
1.955734E+04	9.681308E-18	5.394198E-18
1.955794E+04	9.680260E-18	5.420351E-18
1.955854E+04	9.667492E-18	5.419252E-18
1.955914E+04	9.649197E-18	5.394503E-18
1.955974E+04	9.626591E-18	5.440025E-18
1.956034E+04	9.588731E-18	5.499170E-18
1.956094E+04	9.554631E-18	5.510797E-18
1.956154E+04	9.528161E-18	5.504268E-18
1.956214E+04	9.492185E-18	5.539160E-18
1.956274E+04	9.473014E-18	5.587578E-18
1.956334E+04	9.503254E-18	5.541030E-18
1.956394E+04	9.557588E-18	5.447880E-18
1.956454E+04	9.562512E-18	5.458538E-18
1.956514E+04	9.544336E-18	5.466316E-18
1.956575E+04	9.507588E-18	5.476608E-18
1.956635E+04	9.427854E-18	5.502102E-18
1.956695E+04	9.347462E-18	5.559531E-18
1.956755E+04	9.268511E-18	5.623246E-18
1.956815E+04	9.220618E-18	5.619218E-18
1.956875E+04	9.191846E-18	5.602464E-18
1.956935E+04	9.153019E-18	5.655741E-18
1.956995E+04	9.106349E-18	5.670934E-18
1.957115E+04	9.042630E-18	5.666915E-18
1.957175E+04	9.027678E-18	5.682972E-18
1.957235E+04	9.033831E-18	5.693780E-18
1.957295E+04	9.016229E-18	5.696076E-18
1.957355E+04	8.978299E-18	5.686895E-18
1.957415E+04	8.931643E-18	5.680977E-18
1.957475E+04	8.864994E-18	5.663146E-18
1.957535E+04	8.817902E-18	5.622012E-18
1.957595E+04	8.811687E-18	5.621126E-18
1.957655E+04	8.804920E-18	5.624570E-18
1.957715E+04	8.803014E-18	5.624220E-18
1.957775E+04	8.773161E-18	5.614522E-18
1.957835E+04	8.687639E-18	5.596321E-18
1.957895E+04	8.662983E-18	5.505645E-18
1.957955E+04	8.668481E-18	5.520782E-18
1.958015E+04	8.674642E-18	5.521843E-18
1.958075E+04	8.672077E-18	5.488988E-18
1.958135E+04	8.627876E-18	5.398862E-18
1.958195E+04	8.566669E-18	5.338633E-18
1.958255E+04	8.530535E-18	5.249609E-18
1.958315E+04	8.509864E-18	5.193080E-18
1.958375E+04	8.445574E-18	5.166031E-18
1.958435E+04	8.374551E-18	5.183558E-18
1.958495E+04	8.330255E-18	5.209841E-18
1.958555E+04	8.338412E-18	5.192278E-18
1.958615E+04	8.350322E-18	5.151855E-18
1.958735E+04	8.372705E-18	5.052578E-18
1.958795E+04	8.362200E-18	5.038627E-18
1.958855E+04	8.337123E-18	5.028230E-18
1.958915E+04	8.316242E-18	4.994081E-18
1.958975E+04	8.315234E-18	4.981912E-18
1.959155E+04	8.303049E-18	4.925508E-18
1.959215E+04	8.270029E-18	4.896060E-18
1.959275E+04	8.243193E-18	4.874705E-18
1.959335E+04	8.233578E-18	4.862879E-18
1.959395E+04	8.225398E-18	4.855892E-18
1.959455E+04	8.210928E-18	4.842196E-18
1.959515E+04	8.185752E-18	4.835194E-18
1.959575E+04	8.144022E-18	4.822997E-18
1.959635E+04	8.114435E-18	4.767305E-18
1.959695E+04	8.087609E-18	4.778288E-18
1.959755E+04	8.047873E-18	4.769583E-18
1.959815E+04	8.015201E-18	4.764143E-18
1.959875E+04	7.996104E-18	4.767257E-18
1.959935E+04	8.008679E-18	4.762113E-18
1.959995E+04	8.020150E-18	4.670604E-18
1.960055E+04	8.003592E-18	4.662241E-18
1.960115E+04	7.992222E-18	4.693687E-18
1.960175E+04	7.937821E-18	4.648750E-18
1.960235E+04	7.878679E-18	4.593631E-18
1.960295E+04	7.892027E-18	4.591938E-18
1.960355E+04	7.931964E-18	4.621517E-18
1.960415E+04	7.948509E-18	4.634743E-18
1.960475E+04	7.924014E-18	4.632145E-18
1.960535E+04	7.958430E-18	4.604723E-18
1.960595E+04	8.031344E-18	4.618142E-18
1.960656E+04	8.060236E-18	4.610892E-18
1.960716E+04	8.092439E-18	4.541868E-18
1.960776E+04	8.119126E-18	4.463320E-18
1.960836E+04	8.119227E-18	4.437592E-18
1.960896E+04	8.127933E-18	4.463636E-18
1.960956E+04	8.156160E-18	4.488369E-18
1.961016E+04	8.211186E-18	4.470473E-18
1.961076E+04	8.254740E-18	4.502660E-18
1.961136E+04	8.198150E-18	4.474238E-18
1.961196E+04	8.146196E-18	4.448426E-18
1.961256E+04	8.189196E-18	4.408961E-18
1.961316E+04	8.176504E-18	4.380746E-18
1.961376E+04	8.143743E-18	4.329704E-18
1.961436E+04	8.189827E-18	4.262532E-18
1.961496E+04	8.244730E-18	4.175252E-18
1.961556E+04	8.312310E-18	4.186882E-18
1.961616E+04	8.356291E-18	4.197281E-18
1.961676E+04	8.351204E-18	4.107573E-18
1.961736E+04	8.369492E-18	4.063681E-18
1.961796E+04	8.417436E-18	4.068088E-18
1.961856E+04	8.461409E-18	4.058912E-18
1.961916E+04	8.501079E-18	4.062950E-18
1.961976E+04	8.535677E-18	4.096930E-18
1.962036E+04	8.564870E-18	4.152469E-18
1.962096E+04	8.588220E-18	4.231494E-18
1.962156E+04	8.604954E-18	4.274077E-18
1.962216E+04	8.614742E-18	4.280389E-18
1.962276E+04	8.616704E-18	4.312284E-18
1.962336E+04	8.621091E-18	4.337035E-18
1.962396E+04	8.631209E-18	4.342163E-18
1.962456E+04	8.636146E-18	4.333134E-18
1.962516E+04	8.625543E-18	4.320069E-18
1.962576E+04	8.689994E-18	4.314493E-18
1.962636E+04	8.742319E-18	4.303060E-18
1.962696E+04	8.720913E-18	4.294987E-18
1.962756E+04	8.667220E-18	4.247423E-18
1.962816E+04	8.639095E-18	4.221307E-18
1.962876E+04	8.669486E-18	4.217707E-18
1.962936E+04	8.701198E-18	4.199218E-18
1.962996E+04	8.749547E-18	4.193927E-18
1.963056E+04	8.799767E-18	4.206560E-18
1.963116E+04	8.838414E-18	4.187125E-18
1.963176E+04	8.882899E-18	4.165434E-18
1.963236E+04	8.918567E-18	4.183989E-18
1.963296E+04	8.945529E-18	4.187861E-18
1.963356E+04	8.967642E-18	4.194219E-18
1.963415E+04	8.947449E-18	4.207675E-18
1.963476E+04	8.904564E-18	4.254979E-18
1.963535E+04	8.914889E-18	4.297124E-18
1.963715E+04	8.989591E-18	4.318626E-18
1.963775E+04	9.045625E-18	4.337629E-18
1.963835E+04	9.075221E-18	4.345995E-18
1.963895E+04	9.100188E-18	4.356062E-18
1.963955E+04	9.084623E-18	4.357083E-18
1.964015E+04	9.059807E-18	4.353622E-18
1.964075E+04	9.117483E-18	4.370947E-18
1.964135E+04	9.131544E-18	4.374906E-18
1.964195E+04	9.108931E-18	4.380468E-18
1.964255E+04	9.089953E-18	4.415977E-18
1.964315E+04	9.041354E-18	4.361608E-18
1.964375E+04	9.003550E-18	4.381875E-18
1.964435E+04	8.994597E-18	4.371459E-18
1.964495E+04	8.994455E-18	4.361389E-18
1.964555E+04	9.005323E-18	4.364348E-18
1.964615E+04	9.035349E-18	4.368935E-18
1.964675E+04	9.078586E-18	4.364557E-18
1.964736E+04	9.088677E-18	4.350535E-18
1.964796E+04	9.098440E-18	4.386024E-18
1.964856E+04	9.109524E-18	4.388205E-18
1.964916E+04	9.093415E-18	4.390788E-18
1.964976E+04	9.127837E-18	4.433501E-18
1.965036E+04	9.215209E-18	4.468420E-18
1.965096E+04	9.211868E-18	4.591720E-18
1.965156E+04	9.222617E-18	4.638405E-18
1.965216E+04	9.274534E-18	4.650996E-18
1.965276E+04	9.338996E-18	4.705011E-18
1.965336E+04	9.386394E-18	4.750209E-18
1.965396E+04	9.336931E-18	4.738287E-18
1.965456E+04	9.289892E-18	4.713229E-18
1.965516E+04	9.308891E-18	4.720475E-18
1.965576E+04	9.301807E-18	4.731131E-18
1.965636E+04	9.297584E-18	4.812928E-18
1.965696E+04	9.314491E-18	4.802498E-18
1.965756E+04	9.344052E-18	4.835177E-18
1.965816E+04	9.394851E-18	4.874416E-18
1.965876E+04	9.401190E-18	4.868201E-18
1.965936E+04	9.440320E-18	4.854734E-18
1.965996E+04	9.529404E-18	4.856785E-18
1.966056E+04	9.563246E-18	4.855338E-18
1.966116E+04	9.551755E-18	4.841962E-18
1.966176E+04	9.550827E-18	4.844702E-18
1.966236E+04	9.552319E-18	4.849378E-18
1.966296E+04	9.570755E-18	4.854117E-18
1.966356E+04	9.614713E-18	4.871853E-18
1.966416E+04	9.610153E-18	4.876217E-18
1.966476E+04	9.622205E-18	4.874176E-18
1.966536E+04	9.633046E-18	4.866373E-18
1.966596E+04	9.626726E-18	4.848527E-18
1.966656E+04	9.636026E-18	4.821401E-18
1.966716E+04	9.656215E-18	4.779372E-18
1.966776E+04	9.682454E-18	4.758407E-18
1.966836E+04	9.705501E-18	4.764293E-18
1.966896E+04	9.729646E-18	4.765083E-18
1.966956E+04	9.790306E-18	4.762467E-18
1.967016E+04	9.826766E-18	4.775095E-18
1.967076E+04	9.836609E-18	4.788619E-18
1.967136E+04	9.811808E-18	4.792559E-18
1.967196E+04	9.778541E-18	4.856406E-18
1.967256E+04	9.762981E-18	4.847175E-18
1.967316E+04	9.767436E-18	4.848701E-18
1.967376E+04	9.758695E-18	4.837835E-18
1.967436E+04	9.739729E-18	4.925595E-18
1.967496E+04	9.753640E-18	4.963737E-18
1.967556E+04	9.748859E-18	5.015978E-18
1.967616E+04	9.735282E-18	5.022497E-18
1.967676E+04	9.708072E-18	5.010162E-18
1.967736E+04	9.686910E-18	5.005830E-18
1.967796E+04	9.673885E-18	5.001836E-18
1.967856E+04	9.691425E-18	4.999596E-18
1.967916E+04	9.744363E-18	5.013187E-18
1.967976E+04	9.799057E-18	5.033741E-18
1.968036E+04	9.793286E-18	5.020859E-18
1.968096E+04	9.807413E-18	4.991828E-18
1.968156E+04	9.808347E-18	4.962073E-18
1.968216E+04	9.854240E-18	4.987541E-18
1.968276E+04	9.901669E-18	4.999114E-18
1.968336E+04	9.970089E-18	5.017533E-18
1.968396E+04	9.935517E-18	5.014513E-18
1.968456E+04	9.863469E-18	4.993247E-18
1.968516E+04	9.854400E-18	4.986993E-18
1.968576E+04	9.853135E-18	4.984933E-18
1.968636E+04	9.809230E-18	4.973292E-18
1.968696E+04	9.766975E-18	4.951780E-18
1.968756E+04	9.747360E-18	4.896521E-18
1.968816E+04	9.718516E-18	4.883336E-18
1.968877E+04	9.684614E-18	4.843098E-18
1.968937E+04	9.651158E-18	4.833078E-18
1.968997E+04	9.623528E-18	4.828229E-18
1.969057E+04	9.615347E-18	4.828982E-18
1.969117E+04	9.615188E-18	4.832262E-18
1.969177E+04	9.593165E-18	4.826764E-18
1.969237E+04	9.585536E-18	4.816626E-18
1.969297E+04	9.590212E-18	4.792680E-18
1.969357E+04	9.577090E-18	4.791109E-18
1.969417E+04	9.542216E-18	4.782952E-18
1.969477E+04	9.492624E-18	4.731344E-18
1.969537E+04	9.439629E-18	4.701440E-18
1.969597E+04	9.393667E-18	4.551993E-18
1.969657E+04	9.358363E-18	4.482789E-18
1.969957E+04	9.333003E-18	4.472857E-18
1.970017E+04	9.300453E-18	4.438441E-18
1.970077E+04	9.243852E-18	4.401875E-18
1.970137E+04	9.204607E-18	4.397770E-18
1.970197E+04	9.146694E-18	4.381212E-18
1.970257E+04	9.065064E-18	4.332827E-18
1.970317E+04	9.040323E-18	4.260264E-18
1.970377E+04	9.052918E-18	4.169760E-18
1.970437E+04	9.028618E-18	4.163693E-18
1.970497E+04	9.000915E-18	4.126128E-18
1.970557E+04	8.988475E-18	4.088026E-18
1.970617E+04	8.983833E-18	4.088252E-18
1.970677E+04	8.996867E-18	4.094558E-18
1.970737E+04	8.983221E-18	4.092837E-18
1.970797E+04	8.947948E-18	4.137397E-18
1.970857E+04	8.910481E-18	4.161900E-18
1.970917E+04	8.890801E-18	4.163132E-18
1.970977E+04	8.853996E-18	4.167579E-18
1.971037E+04	8.816095E-18	4.177226E-18
1.971097E+04	8.780831E-18	4.203483E-18
1.971157E+04	8.737886E-18	4.221451E-18
1.971217E+04	8.690222E-18	4.214850E-18
1.971277E+04	8.652440E-18	4.208768E-18
1.971337E+04	8.634857E-18	4.219015E-18
1.971397E+04	8.650531E-18	4.309431E-18
1.971457E+04	8.648534E-18	4.338022E-18
1.971517E+04	8.651585E-18	4.333410E-18
1.971577E+04	8.657051E-18	4.333259E-18
1.971637E+04	8.642543E-18	4.311057E-18
1.971697E+04	8.639668E-18	4.300880E-18
1.971757E+04	8.649853E-18	4.299962E-18
1.971817E+04	8.670901E-18	4.293978E-18
1.971877E+04	8.670220E-18	4.284627E-18
1.971937E+04	8.645179E-18	4.191674E-18
1.971997E+04	8.622773E-18	4.186112E-18
1.972057E+04	8.625825E-18	4.192728E-18
1.972117E+04	8.628328E-18	4.213551E-18
1.972177E+04	8.613495E-18	4.076904E-18
1.972237E+04	8.611170E-18	4.025240E-18
1.972297E+04	8.612137E-18	3.969452E-18
1.972357E+04	8.604657E-18	3.953164E-18
1.972417E+04	8.597286E-18	3.952488E-18
1.972477E+04	8.599131E-18	3.959869E-18
1.972537E+04	8.612165E-18	3.974258E-18
1.972597E+04	8.638911E-18	3.994877E-18
1.972657E+04	8.684413E-18	4.029082E-18
1.972717E+04	8.663659E-18	4.042128E-18
1.972777E+04	8.641919E-18	4.063910E-18
1.972837E+04	8.641569E-18	4.080455E-18
1.972897E+04	8.644619E-18	4.118791E-18
1.972958E+04	8.668504E-18	4.197696E-18
1.973018E+04	8.698314E-18	4.207686E-18
1.973078E+04	8.722858E-18	4.239082E-18
1.973138E+04	8.746304E-18	4.249358E-18
1.973198E+04	8.768214E-18	4.251761E-18
1.973258E+04	8.788258E-18	4.257877E-18
1.973318E+04	8.805778E-18	4.263221E-18
1.973378E+04	8.820447E-18	4.272696E-18
1.973438E+04	8.831606E-18	4.279978E-18
1.973498E+04	8.838926E-18	4.283976E-18
1.973558E+04	8.841751E-18	4.283648E-18
1.973618E+04	8.839641E-18	4.282586E-18
1.973678E+04	8.831939E-18	4.299017E-18
1.973738E+04	8.818208E-18	4.321941E-18
1.973798E+04	8.783318E-18	4.312782E-18
1.973858E+04	8.752486E-18	4.300392E-18
1.973918E+04	8.746761E-18	4.298912E-18
1.973978E+04	8.721852E-18	4.282192E-18
1.974038E+04	8.694752E-18	4.273227E-18
1.974098E+04	8.687494E-18	4.268416E-18
1.974158E+04	8.684403E-18	4.259238E-18
1.974218E+04	8.686463E-18	4.247167E-18
1.974278E+04	8.695210E-18	4.238947E-18
1.974338E+04	8.711739E-18	4.244568E-18
1.974398E+04	8.720375E-18	4.253031E-18
1.974458E+04	8.745342E-18	4.269845E-18
1.974518E+04	8.774581E-18	4.296228E-18
1.974578E+04	8.791654E-18	4.321335E-18
1.974638E+04	8.804890E-18	4.344083E-18
1.974698E+04	8.802234E-18	4.344471E-18
1.974758E+04	8.795195E-18	4.341321E-18
1.974818E+04	8.805471E-18	4.343578E-18
1.974878E+04	8.807967E-18	4.343263E-18
1.974938E+04	8.803229E-18	4.347388E-18
1.974998E+04	8.806272E-18	4.368028E-18
1.975058E+04	8.809863E-18	4.384192E-18
1.975118E+04	8.802716E-18	4.384260E-18
1.975178E+04	8.770368E-18	4.372386E-18
1.975238E+04	8.741419E-18	4.377453E-18
1.975298E+04	8.756515E-18	4.321556E-18
1.975358E+04	8.788592E-18	4.302025E-18
1.975418E+04	8.811354E-18	4.333327E-18
1.975478E+04	8.819874E-18	4.322506E-18
1.975538E+04	8.823902E-18	4.316780E-18
1.975598E+04	8.821576E-18	4.292716E-18
1.975658E+04	8.819359E-18	4.248218E-18
1.975718E+04	8.815719E-18	4.239247E-18
1.975778E+04	8.841544E-18	4.244236E-18
1.975838E+04	8.892561E-18	4.251477E-18
1.975898E+04	8.895491E-18	4.182363E-18
1.975958E+04	8.890972E-18	4.153573E-18
1.976018E+04	8.907812E-18	4.152981E-18
1.976078E+04	8.920598E-18	4.157139E-18
1.976138E+04	8.925279E-18	4.154380E-18
1.976198E+04	8.947263E-18	4.160890E-18
1.976258E+04	8.986987E-18	4.171851E-18
1.976318E+04	9.024190E-18	4.184693E-18
1.976378E+04	9.058106E-18	4.197911E-18
1.976438E+04	9.067601E-18	4.206383E-18
1.976498E+04	9.063408E-18	4.206062E-18
1.976618E+04	9.110098E-18	4.217010E-18
1.976798E+04	9.097736E-18	4.189136E-18
1.976918E+04	9.060447E-18	4.181337E-18
1.977159E+04	9.053528E-18	4.179662E-18
1.977219E+04	9.068165E-18	4.219258E-18
1.977279E+04	9.111479E-18	4.290669E-18
1.977339E+04	9.153477E-18	4.316314E-18
1.977399E+04	9.169423E-18	4.317666E-18
1.977459E+04	9.178145E-18	4.315111E-18
1.977519E+04	9.223750E-18	4.379430E-18
1.977579E+04	9.297151E-18	4.423520E-18
1.977639E+04	9.358948E-18	4.419361E-18
1.977699E+04	9.353545E-18	4.389030E-18
1.977759E+04	9.314984E-18	4.340813E-18
1.977819E+04	9.286164E-18	4.287222E-18
1.977879E+04	9.311842E-18	4.209603E-18
1.977939E+04	9.331172E-18	4.259512E-18
1.977999E+04	9.325443E-18	4.244905E-18
1.978059E+04	9.312711E-18	4.235309E-18
1.978119E+04	9.313439E-18	4.240385E-18
1.978179E+04	9.344583E-18	4.249022E-18
1.978239E+04	9.377368E-18	4.261746E-18
1.978299E+04	9.380500E-18	4.265994E-18
1.978359E+04	9.388446E-18	4.269631E-18
1.978419E+04	9.418710E-18	4.286923E-18
1.978479E+04	9.438033E-18	4.314439E-18
1.978539E+04	9.448821E-18	4.338600E-18
1.978599E+04	9.453045E-18	4.336049E-18
1.978659E+04	9.454425E-18	4.306431E-18
1.978719E+04	9.484027E-18	4.314865E-18
1.978779E+04	9.536160E-18	4.328649E-18
1.978839E+04	9.561601E-18	4.329069E-18
1.978899E+04	9.549743E-18	4.325238E-18
1.978959E+04	9.529573E-18	4.318979E-18
1.979019E+04	9.540247E-18	4.322356E-18
1.979079E+04	9.529047E-18	4.320505E-18
1.979139E+04	9.572640E-18	4.334397E-18
1.979199E+04	9.655711E-18	4.359491E-18
1.979259E+04	9.690987E-18	4.370989E-18
1.979319E+04	9.721777E-18	4.382087E-18
1.979379E+04	9.754206E-18	4.384286E-18
1.979439E+04	9.827967E-18	4.386508E-18
1.979499E+04	9.891228E-18	4.381665E-18
1.979559E+04	9.891174E-18	4.352314E-18
1.979619E+04	9.899539E-18	4.352933E-18
1.979679E+04	9.912496E-18	4.354979E-18
1.979739E+04	9.941415E-18	4.346125E-18
1.979799E+04	9.976893E-18	4.346030E-18
1.979859E+04	1.000428E-17	4.345272E-18
1.979919E+04	1.001526E-17	4.329283E-18
1.979979E+04	1.001335E-17	4.314275E-18
1.980039E+04	1.002630E-17	4.312687E-18
1.980099E+04	1.005947E-17	4.323086E-18
1.980159E+04	1.007712E-17	4.309271E-18
1.980219E+04	1.007116E-17	4.306169E-18
1.980279E+04	1.009646E-17	4.304512E-18
1.980339E+04	1.011149E-17	4.269364E-18
1.980399E+04	1.011044E-17	4.257933E-18
1.980459E+04	1.010612E-17	4.248360E-18
1.980519E+04	1.010945E-17	4.238929E-18
1.980579E+04	1.011562E-17	4.241109E-18
1.980639E+04	1.012321E-17	4.241575E-18
1.980699E+04	1.013211E-17	4.245215E-18
1.980759E+04	1.014276E-17	4.243539E-18
1.980819E+04	1.015516E-17	4.238989E-18
1.980879E+04	1.016963E-17	4.239562E-18
1.980939E+04	1.018607E-17	4.246279E-18
1.980999E+04	1.020491E-17	4.254848E-18
1.981059E+04	1.022627E-17	4.260837E-18
1.981119E+04	1.025024E-17	4.268401E-18
1.981180E+04	1.029071E-17	4.280767E-18
1.981240E+04	1.035391E-17	4.298054E-18
1.981300E+04	1.039088E-17	4.302674E-18
1.981360E+04	1.039453E-17	4.296359E-18
1.981420E+04	1.040812E-17	4.298272E-18
1.981480E+04	1.042772E-17	4.303111E-18
1.981540E+04	1.043289E-17	4.305144E-18
1.981600E+04	1.046024E-17	4.309743E-18
1.981660E+04	1.049721E-17	4.322106E-18
1.981720E+04	1.053351E-17	4.303627E-18
1.981780E+04	1.056894E-17	4.258420E-18
1.981840E+04	1.057662E-17	4.244977E-18
1.981900E+04	1.057579E-17	4.243841E-18
1.981960E+04	1.058565E-17	4.243662E-18
1.982020E+04	1.057673E-17	4.172902E-18
1.982080E+04	1.057481E-17	4.126634E-18
1.982140E+04	1.058150E-17	4.129604E-18
1.982200E+04	1.058209E-17	4.129941E-18
1.982260E+04	1.058245E-17	4.137316E-18
1.982320E+04	1.059570E-17	4.148266E-18
1.982379E+04	1.059956E-17	4.139635E-18
1.982440E+04	1.058769E-17	4.081317E-18
1.982499E+04	1.057441E-17	4.073139E-18
1.982559E+04	1.053503E-17	4.056940E-18
1.982619E+04	1.050078E-17	4.046585E-18
1.982679E+04	1.047833E-17	4.040925E-18
1.982739E+04	1.045380E-17	4.030969E-18
1.982799E+04	1.047633E-17	4.035750E-18
1.982859E+04	1.050181E-17	4.042019E-18
1.982919E+04	1.046418E-17	4.017927E-18
1.982979E+04	1.043387E-17	3.991526E-18
1.983039E+04	1.043315E-17	3.969162E-18
1.983099E+04	1.043123E-17	3.951460E-18
1.983159E+04	1.045987E-17	3.961876E-18
1.983219E+04	1.049724E-17	3.974360E-18
1.983279E+04	1.051900E-17	3.987683E-18
1.983339E+04	1.051500E-17	3.984072E-18
1.983399E+04	1.049496E-17	3.977294E-18
1.983459E+04	1.047164E-17	3.969426E-18
1.983519E+04	1.043850E-17	3.967485E-18
1.983579E+04	1.041693E-17	3.959401E-18
1.983639E+04	1.040737E-17	3.959001E-18
1.983699E+04	1.037674E-17	3.947331E-18
1.983759E+04	1.034634E-17	3.933752E-18
1.983819E+04	1.030589E-17	3.913632E-18
1.983879E+04	1.025836E-17	3.894896E-18
1.983939E+04	1.023385E-17	3.887750E-18
1.983999E+04	1.020552E-17	3.896409E-18
1.984059E+04	1.017993E-17	3.897554E-18
1.984119E+04	1.016885E-17	3.896745E-18
1.984179E+04	1.016824E-17	3.898286E-18
1.984239E+04	1.016174E-17	3.896217E-18
1.984299E+04	1.015099E-17	3.892542E-18
1.984359E+04	1.015017E-17	3.893396E-18
1.984419E+04	1.015272E-17	3.900857E-18
1.984479E+04	1.015452E-17	3.904220E-18
1.984539E+04	1.015860E-17	3.919205E-18
1.984599E+04	1.017109E-17	3.972291E-18
1.984659E+04	1.018085E-17	3.996857E-18
1.984719E+04	1.020915E-17	4.006735E-18
1.984779E+04	1.022261E-17	4.010826E-18
1.984839E+04	1.020226E-17	4.012110E-18
1.984899E+04	1.017919E-17	4.013669E-18
1.984959E+04	1.016975E-17	4.014743E-18
1.985019E+04	1.016914E-17	4.014738E-18
1.985079E+04	1.017213E-17	4.016821E-18
1.985139E+04	1.016815E-17	4.022996E-18
1.985199E+04	1.016067E-17	4.039721E-18
1.985260E+04	1.015188E-17	4.035906E-18
1.985320E+04	1.014484E-17	4.032612E-18
1.985380E+04	1.014969E-17	4.032615E-18
1.985440E+04	1.013196E-17	4.024490E-18
1.985500E+04	1.009636E-17	4.015550E-18
1.985560E+04	1.007580E-17	4.008524E-18
1.985620E+04	1.004957E-17	4.009600E-18
1.985680E+04	1.001211E-17	3.996840E-18
1.985740E+04	1.000715E-17	3.997441E-18
1.985800E+04	1.000699E-17	4.020341E-18
1.985860E+04	9.998535E-18	4.032670E-18
1.985920E+04	9.985287E-18	4.034890E-18
1.985980E+04	9.967679E-18	4.031997E-18
1.986040E+04	9.953997E-18	4.042540E-18
1.986100E+04	9.945440E-18	4.049414E-18
1.986160E+04	9.942225E-18	4.058939E-18
1.986220E+04	9.956343E-18	4.065595E-18
1.986280E+04	9.997603E-18	4.078734E-18
1.986340E+04	1.003167E-17	4.092221E-18
1.986400E+04	1.005396E-17	4.109635E-18
1.986460E+04	1.006262E-17	4.117532E-18
1.986520E+04	1.005482E-17	4.116956E-18
1.986580E+04	1.003559E-17	4.127607E-18
1.986640E+04	1.002441E-17	4.138534E-18
1.986700E+04	9.998308E-18	4.131886E-18
1.986760E+04	9.970352E-18	4.116399E-18
1.986820E+04	9.952861E-18	4.103349E-18
1.986880E+04	9.973731E-18	4.114538E-18
1.986940E+04	9.990351E-18	4.116537E-18
1.987000E+04	9.975039E-18	4.112336E-18
1.987060E+04	9.961800E-18	4.108347E-18
1.987120E+04	9.940388E-18	4.096987E-18
1.987180E+04	9.899582E-18	4.079565E-18
1.987240E+04	9.875340E-18	4.069902E-18
1.987300E+04	9.869623E-18	4.069080E-18
1.987360E+04	9.852792E-18	4.066347E-18
1.987420E+04	9.854485E-18	4.069295E-18
1.987480E+04	9.847461E-18	4.064964E-18
1.987540E+04	9.856344E-18	4.072377E-18
1.987600E+04	9.848885E-18	4.075503E-18
1.987660E+04	9.822580E-18	4.073215E-18
1.987720E+04	9.802812E-18	4.068619E-18
1.987780E+04	9.783481E-18	4.061122E-18
1.987840E+04	9.753694E-18	4.059078E-18
1.987900E+04	9.729899E-18	4.059754E-18
1.987960E+04	9.716890E-18	4.063460E-18
1.988020E+04	9.712921E-18	4.048601E-18
1.988080E+04	9.694794E-18	4.057720E-18
1.988140E+04	9.663815E-18	4.046417E-18
1.988200E+04	9.642422E-18	4.048878E-18
1.988260E+04	9.625496E-18	4.043312E-18
1.988320E+04	9.624689E-18	4.047438E-18
1.988380E+04	9.621705E-18	4.046375E-18
1.988440E+04	9.583762E-18	4.036654E-18
1.988500E+04	9.564988E-18	4.015393E-18
1.988560E+04	9.595110E-18	4.027715E-18
1.988620E+04	9.621092E-18	4.034697E-18
1.988680E+04	9.634768E-18	4.035323E-18
1.988740E+04	9.627211E-18	4.033778E-18
1.988800E+04	9.618456E-18	4.033677E-18
1.988860E+04	9.638773E-18	4.048367E-18
1.988920E+04	9.678469E-18	4.050886E-18
1.988980E+04	9.706078E-18	4.066041E-18
1.989040E+04	9.726826E-18	4.065432E-18
1.989100E+04	9.738755E-18	4.031562E-18
1.989160E+04	9.760481E-18	4.025801E-18
1.989220E+04	9.783948E-18	4.028171E-18
1.989280E+04	9.762237E-18	4.024430E-18
1.989341E+04	9.723431E-18	4.006143E-18
1.989401E+04	9.720772E-18	3.998174E-18
1.989461E+04	9.741843E-18	4.002322E-18
1.989521E+04	9.744408E-18	4.003441E-18
1.989581E+04	9.743925E-18	4.005610E-18
1.989641E+04	9.751497E-18	4.012505E-18
1.989701E+04	9.766143E-18	4.001885E-18
1.989761E+04	9.794829E-18	4.013990E-18
1.989821E+04	9.807731E-18	4.018067E-18
1.989881E+04	9.811274E-18	4.022672E-18
1.989941E+04	9.820149E-18	4.025210E-18
1.990001E+04	9.832397E-18	4.021956E-18
1.990061E+04	9.833001E-18	4.047133E-18
1.990121E+04	9.841330E-18	4.069311E-18
1.990181E+04	9.863044E-18	4.085977E-18
1.990241E+04	9.881384E-18	4.092572E-18
1.990301E+04	9.907774E-18	4.074581E-18
1.990361E+04	9.937862E-18	4.068014E-18
1.990421E+04	9.949779E-18	4.063569E-18
1.990481E+04	9.975186E-18	4.071064E-18
1.990541E+04	1.002986E-17	4.082498E-18
1.990601E+04	1.000957E-17	4.078512E-18
1.990661E+04	9.995153E-18	4.068775E-18
1.990721E+04	1.003122E-17	4.079745E-18
1.990781E+04	1.009600E-17	4.101788E-18
1.990841E+04	1.015491E-17	4.120803E-18
1.990901E+04	1.020521E-17	4.129850E-18
1.990961E+04	1.024747E-17	4.141832E-18
1.991021E+04	1.028211E-17	4.161200E-18
1.991081E+04	1.030957E-17	4.156591E-18
1.991141E+04	1.032680E-17	4.148054E-18
1.991201E+04	1.033805E-17	4.150909E-18
1.991261E+04	1.034397E-17	4.153480E-18
1.991321E+04	1.034499E-17	4.153916E-18
1.991381E+04	1.034134E-17	4.148638E-18
1.991441E+04	1.031844E-17	4.140992E-18
1.991501E+04	1.029304E-17	4.132741E-18
1.991561E+04	1.025274E-17	4.123871E-18
1.991621E+04	1.021647E-17	4.112556E-18
1.991681E+04	1.018172E-17	4.102580E-18
1.991741E+04	1.018209E-17	4.102706E-18
1.991801E+04	1.018530E-17	4.104137E-18
1.991861E+04	1.014577E-17	4.088169E-18
1.991921E+04	1.015071E-17	4.086980E-18
1.991981E+04	1.011630E-17	4.075888E-18
1.992041E+04	1.005840E-17	4.053301E-18
1.992101E+04	1.004117E-17	4.048853E-18
1.992161E+04	1.004100E-17	4.043497E-18
1.992221E+04	1.004247E-17	4.042268E-18
1.992281E+04	1.012123E-17	4.062367E-18
1.992341E+04	1.011183E-17	4.048576E-18
1.992401E+04	1.009416E-17	4.030122E-18
1.992461E+04	1.013933E-17	4.035583E-18
1.992521E+04	1.019493E-17	4.063574E-18
1.992581E+04	1.023737E-17	4.070645E-18
1.992641E+04	1.022720E-17	4.075851E-18
1.992701E+04	1.015943E-17	4.038549E-18
1.992761E+04	1.012274E-17	4.025881E-18
1.992821E+04	1.012725E-17	4.027373E-18
1.992881E+04	1.014415E-17	4.034795E-18
1.992941E+04	1.013116E-17	4.029287E-18
1.993001E+04	1.017066E-17	4.041203E-18
1.993061E+04	1.023624E-17	4.052083E-18
1.993121E+04	1.029019E-17	4.089618E-18
1.993181E+04	1.032241E-17	4.105460E-18
1.993241E+04	1.034527E-17	4.111844E-18
1.993301E+04	1.036260E-17	4.112238E-18
1.993361E+04	1.036862E-17	4.098471E-18
1.993421E+04	1.036899E-17	4.099025E-18
1.993482E+04	1.034980E-17	4.089815E-18
1.993542E+04	1.032442E-17	4.088018E-18
1.993602E+04	1.030817E-17	4.083429E-18
1.993662E+04	1.028008E-17	4.072526E-18
1.993722E+04	1.024026E-17	4.061339E-18
1.993782E+04	1.024226E-17	4.062505E-18
1.993842E+04	1.024340E-17	4.063100E-18
1.993902E+04	1.021314E-17	4.052169E-18
1.993962E+04	1.021395E-17	4.052384E-18
1.994022E+04	1.022736E-17	4.058815E-18
1.994082E+04	1.020134E-17	4.048287E-18
1.994142E+04	1.023496E-17	4.062546E-18
1.994202E+04	1.024869E-17	4.107028E-18
1.994262E+04	1.020595E-17	4.090640E-18
1.994322E+04	1.019546E-17	4.086950E-18
1.994382E+04	1.018845E-17	4.087116E-18
1.994442E+04	1.023032E-17	4.103077E-18
1.994502E+04	1.028326E-17	4.123834E-18
1.994562E+04	1.028417E-17	4.100818E-18
1.994622E+04	1.023068E-17	4.057934E-18
1.994682E+04	1.021455E-17	4.061077E-18
1.994742E+04	1.024816E-17	4.077359E-18
1.994802E+04	1.020347E-17	4.063933E-18
1.994862E+04	1.015118E-17	4.044877E-18
1.994922E+04	1.017849E-17	4.054934E-18
1.994982E+04	1.019157E-17	4.067345E-18
1.995042E+04	1.016534E-17	4.057325E-18
1.995102E+04	1.014412E-17	4.043825E-18
1.995162E+04	1.015220E-17	4.044789E-18
1.995222E+04	1.020448E-17	4.062962E-18
1.995282E+04	1.018607E-17	4.078340E-18
1.995342E+04	1.025050E-17	4.105417E-18
1.995402E+04	1.034923E-17	4.140539E-18
1.995462E+04	1.035938E-17	4.145492E-18
1.995522E+04	1.040295E-17	4.151591E-18
1.995582E+04	1.053337E-17	4.194288E-18
1.995642E+04	1.060831E-17	4.237132E-18
1.995702E+04	1.059055E-17	4.255702E-18
1.995762E+04	1.059233E-17	4.254875E-18
1.995822E+04	1.060181E-17	4.269447E-18
1.995882E+04	1.062909E-17	4.283952E-18
1.995942E+04	1.070565E-17	4.310552E-18
1.996002E+04	1.073326E-17	4.332653E-18
1.996062E+04	1.073839E-17	4.376564E-18
1.996122E+04	1.080799E-17	4.404787E-18
1.996182E+04	1.086642E-17	4.448273E-18
1.996242E+04	1.085636E-17	4.449878E-18
1.996302E+04	1.081700E-17	4.438383E-18
1.996362E+04	1.080325E-17	4.437052E-18
1.996422E+04	1.084485E-17	4.455144E-18
1.996482E+04	1.088991E-17	4.465766E-18
1.996542E+04	1.094387E-17	4.480867E-18
1.996602E+04	1.095334E-17	4.481791E-18
1.996662E+04	1.093677E-17	4.486935E-18
1.996722E+04	1.094082E-17	4.516339E-18
1.996782E+04	1.094270E-17	4.538683E-18
1.996842E+04	1.093915E-17	4.539115E-18
1.996902E+04	1.093234E-17	4.538080E-18
1.996962E+04	1.092880E-17	4.536637E-18
1.997022E+04	1.093610E-17	4.541074E-18
1.997082E+04	1.093146E-17	4.534745E-18
1.997142E+04	1.091381E-17	4.525048E-18
1.997202E+04	1.096559E-17	4.555616E-18
1.997262E+04	1.102061E-17	4.575426E-18
1.997322E+04	1.102032E-17	4.589898E-18
1.997382E+04	1.098640E-17	4.652035E-18
1.997442E+04	1.096875E-17	4.695143E-18
1.997502E+04	1.095219E-17	4.749783E-18
1.997563E+04	1.094430E-17	4.753809E-18
1.997623E+04	1.094400E-17	4.831319E-18
1.997683E+04	1.093395E-17	4.927274E-18
1.997743E+04	1.089787E-17	5.003602E-18
1.997803E+04	1.086938E-17	5.065860E-18
1.997863E+04	1.086041E-17	5.119034E-18
1.997923E+04	1.086229E-17	5.163182E-18
1.997983E+04	1.084313E-17	5.182382E-18
1.998043E+04	1.081909E-17	5.187807E-18
1.998103E+04	1.081252E-17	5.195597E-18
1.998163E+04	1.082936E-17	5.207067E-18
1.998223E+04	1.085108E-17	5.214590E-18
1.998283E+04	1.087247E-17	5.219007E-18
1.998343E+04	1.089170E-17	5.228830E-18
1.998403E+04	1.089682E-17	5.245297E-18
1.998463E+04	1.089220E-17	5.264754E-18
1.998523E+04	1.088106E-17	5.297966E-18
1.998583E+04	1.085475E-17	5.290510E-18
1.998643E+04	1.087072E-17	5.289277E-18
1.998703E+04	1.086068E-17	5.309352E-18
1.998763E+04	1.085822E-17	5.308961E-18
1.998823E+04	1.090454E-17	5.365549E-18
1.998883E+04	1.096711E-17	5.504220E-18
1.998943E+04	1.105136E-17	5.543349E-18
1.999003E+04	1.106191E-17	5.546933E-18
1.999063E+04	1.102584E-17	5.537499E-18
1.999123E+04	1.103530E-17	5.722628E-18
1.999183E+04	1.107294E-17	5.720443E-18
1.999243E+04	1.106289E-17	5.730548E-18
1.999303E+04	1.103767E-17	5.765529E-18
1.999363E+04	1.103846E-17	5.847031E-18
1.999423E+04	1.105659E-17	5.904216E-18
1.999483E+04	1.110505E-17	5.910925E-18
1.999543E+04	1.112968E-17	6.057547E-18
1.999603E+04	1.112396E-17	6.107173E-18
1.999663E+04	1.112908E-17	6.108136E-18
1.999783E+04	1.117833E-17	6.123433E-18
1.999843E+04	1.120187E-17	6.124148E-18
1.999903E+04	1.117665E-17	6.144151E-18
1.999963E+04	1.114060E-17	6.248265E-18
2.000023E+04	1.116630E-17	6.339530E-18
2.000083E+04	1.118550E-17	6.382853E-18
2.000143E+04	1.120795E-17	6.417121E-18
2.000203E+04	1.123474E-17	6.424330E-18
2.000323E+04	1.127097E-17	6.410049E-18
2.000383E+04	1.128583E-17	6.413164E-18
2.000443E+04	1.129528E-17	6.418311E-18
2.000503E+04	1.131447E-17	6.431810E-18
2.000563E+04	1.133583E-17	6.451649E-18
2.000863E+04	1.134515E-17	6.492599E-18
2.000923E+04	1.135785E-17	6.528082E-18
2.001043E+04	1.138431E-17	6.536651E-18
2.001103E+04	1.140566E-17	6.525508E-18
2.001163E+04	1.141944E-17	6.569651E-18
2.001223E+04	1.143429E-17	6.572717E-18
2.001283E+04	1.144157E-17	6.577498E-18
2.001463E+04	1.144931E-17	6.599584E-18
2.001523E+04	1.146850E-17	6.621777E-18
2.001583E+04	1.141731E-17	6.609365E-18
2.001644E+04	1.139535E-17	6.700968E-18
2.001703E+04	1.138097E-17	6.727994E-18
2.001763E+04	1.137201E-17	6.721482E-18
2.001823E+04	1.139985E-17	6.709717E-18
2.001883E+04	1.142444E-17	6.737865E-18
2.001943E+04	1.136460E-17	6.721147E-18
2.002003E+04	1.127554E-17	6.794809E-18
2.002063E+04	1.127200E-17	6.829643E-18
2.002123E+04	1.122624E-17	6.819372E-18
2.002183E+04	1.120970E-17	6.925763E-18
2.002243E+04	1.118993E-17	7.026638E-18
2.002423E+04	1.117172E-17	7.022097E-18
2.002483E+04	1.116060E-17	7.029261E-18
2.002543E+04	1.115489E-17	7.067519E-18
2.002603E+04	1.114810E-17	7.134398E-18
2.002663E+04	1.115430E-17	7.142193E-18
2.002723E+04	1.117889E-17	7.142556E-18
2.002783E+04	1.119807E-17	7.153875E-18
2.002843E+04	1.119020E-17	7.121468E-18
2.003023E+04	1.114603E-17	7.209874E-18
2.003083E+04	1.107974E-17	7.139891E-18
2.003143E+04	1.109675E-17	7.113203E-18
2.003263E+04	1.106695E-17	7.382534E-18
2.003323E+04	1.104394E-17	7.462330E-18
2.003563E+04	1.101357E-17	7.444041E-18
2.003623E+04	1.098731E-17	7.429089E-18
2.003683E+04	1.096972E-17	7.416098E-18
2.003863E+04	1.095587E-17	7.409409E-18
2.003923E+04	1.094368E-17	7.451367E-18
2.003983E+04	1.094447E-17	7.450455E-18
2.004043E+04	1.094742E-17	7.449805E-18
2.004103E+04	1.093416E-17	7.554998E-18
2.004163E+04	1.092197E-17	7.592288E-18
2.004223E+04	1.091736E-17	7.598853E-18
2.004283E+04	1.092139E-17	7.647277E-18
2.004343E+04	1.092110E-17	7.616689E-18
2.004403E+04	1.090460E-17	7.667575E-18
2.004463E+04	1.087079E-17	7.662265E-18
2.004523E+04	1.085861E-17	7.599218E-18
2.004583E+04	1.091454E-17	7.596682E-18
2.004643E+04	1.094344E-17	7.606125E-18
2.004703E+04	1.089126E-17	7.594503E-18
2.004763E+04	1.085421E-17	7.459312E-18
2.004823E+04	1.082041E-17	7.455475E-18
2.005003E+04	1.077480E-17	7.430562E-18
2.005063E+04	1.077473E-17	7.402404E-18
2.005123E+04	1.080093E-17	7.345187E-18
2.005183E+04	1.079459E-17	7.300944E-18
2.005243E+04	1.078350E-17	7.342908E-18
2.005303E+04	1.078094E-17	7.248018E-18
2.005483E+04	1.078463E-17	7.234010E-18
2.005543E+04	1.079645E-17	7.235945E-18
2.005663E+04	1.080776E-17	7.249642E-18
2.005723E+04	1.082045E-17	7.244401E-18
2.005784E+04	1.083528E-17	7.223142E-18
2.005904E+04	1.083903E-17	7.123423E-18
2.005964E+04	1.082362E-17	7.032905E-18
2.006024E+04	1.081577E-17	6.984802E-18
2.006084E+04	1.082305E-17	6.964826E-18
2.006144E+04	1.080656E-17	6.947907E-18
2.006204E+04	1.079568E-17	6.933266E-18
2.006264E+04	1.078427E-17	6.927476E-18
2.006324E+04	1.075784E-17	6.922033E-18
2.006384E+04	1.076274E-17	6.932538E-18
2.006444E+04	1.080837E-17	6.941672E-18
2.006504E+04	1.082537E-17	6.922667E-18
2.006564E+04	1.077431E-17	6.896652E-18
2.006684E+04	1.078444E-17	6.905672E-18
2.006744E+04	1.078437E-17	6.903143E-18
2.006804E+04	1.079856E-17	6.870809E-18
2.006864E+04	1.077354E-17	6.865006E-18
2.006924E+04	1.071893E-17	6.849325E-18
2.006984E+04	1.069834E-17	6.845913E-18
2.007044E+04	1.064330E-17	6.806668E-18
2.007104E+04	1.062196E-17	6.815206E-18
2.007164E+04	1.061769E-17	6.744773E-18
2.007224E+04	1.066244E-17	6.742625E-18
2.007284E+04	1.065579E-17	6.771726E-18
2.007344E+04	1.066577E-17	6.886287E-18
2.007404E+04	1.064961E-17	6.851581E-18
2.007464E+04	1.064706E-17	6.924568E-18
2.007524E+04	1.064743E-17	6.845365E-18
2.007584E+04	1.064920E-17	6.817607E-18
2.007644E+04	1.065475E-17	6.856855E-18
2.007704E+04	1.059066E-17	6.827508E-18
2.007824E+04	1.055545E-17	6.722984E-18
2.007884E+04	1.056143E-17	6.728087E-18
2.007944E+04	1.055047E-17	6.730876E-18
2.008004E+04	1.056455E-17	6.639294E-18
2.008064E+04	1.055747E-17	6.536628E-18
2.008124E+04	1.055687E-17	6.474139E-18
2.008184E+04	1.055767E-17	6.490977E-18
2.008244E+04	1.057466E-17	6.391657E-18
2.008304E+04	1.058097E-17	6.385869E-18
2.008364E+04	1.055446E-17	6.260641E-18
2.008424E+04	1.057534E-17	6.269382E-18
2.008484E+04	1.057981E-17	6.258265E-18
2.008544E+04	1.058536E-17	5.922422E-18
2.008604E+04	1.064185E-17	5.816535E-18
2.008664E+04	1.065463E-17	5.810123E-18
2.008724E+04	1.062370E-17	5.802190E-18
2.008784E+04	1.056169E-17	5.790197E-18
2.008844E+04	1.056163E-17	5.794117E-18
2.008904E+04	1.057247E-17	5.755955E-18
2.008964E+04	1.056723E-17	5.761506E-18
2.009024E+04	1.057051E-17	5.766187E-18
2.009084E+04	1.056171E-17	5.627876E-18
2.009144E+04	1.059402E-17	5.565201E-18
2.009204E+04	1.063928E-17	5.574920E-18
2.009264E+04	1.067935E-17	5.523616E-18
2.009324E+04	1.073043E-17	5.537822E-18
2.009384E+04	1.079229E-17	5.501028E-18
2.009444E+04	1.077874E-17	5.513263E-18
2.009504E+04	1.077468E-17	5.496363E-18
2.009564E+04	1.078313E-17	5.493049E-18
2.009624E+04	1.082029E-17	5.497427E-18
2.009684E+04	1.088689E-17	5.516750E-18
2.009744E+04	1.092975E-17	5.568134E-18
2.009804E+04	1.094241E-17	5.612042E-18
2.009865E+04	1.095722E-17	5.628866E-18
2.009925E+04	1.095693E-17	5.698990E-18
2.010105E+04	1.094744E-17	5.715297E-18
2.010165E+04	1.096225E-17	5.727247E-18
2.010225E+04	1.097060E-17	5.669772E-18
2.010285E+04	1.097354E-17	5.653866E-18
2.010345E+04	1.096786E-17	5.613030E-18
2.010405E+04	1.095787E-17	5.610894E-18
2.010465E+04	1.091121E-17	5.583497E-18
2.010525E+04	1.094328E-17	5.592873E-18
2.010585E+04	1.098936E-17	5.605886E-18
2.010645E+04	1.100956E-17	5.643911E-18
2.010765E+04	1.098958E-17	5.671701E-18
2.010825E+04	1.096018E-17	5.659943E-18
2.010885E+04	1.092862E-17	5.661676E-18
2.010945E+04	1.089276E-17	5.701586E-18
2.011005E+04	1.085582E-17	5.740168E-18
2.011065E+04	1.081564E-17	5.730221E-18
2.011125E+04	1.077903E-17	5.721310E-18
2.011305E+04	1.074078E-17	5.694319E-18
2.011365E+04	1.070287E-17	5.677430E-18
2.011425E+04	1.066519E-17	5.670237E-18
2.011485E+04	1.062815E-17	5.643944E-18
2.011545E+04	1.060869E-17	5.633835E-18
2.011605E+04	1.059699E-17	5.630898E-18
2.011665E+04	1.059445E-17	5.630532E-18
2.011725E+04	1.060247E-17	5.632492E-18
2.011785E+04	1.062806E-17	5.633520E-18
2.011845E+04	1.061496E-17	5.601500E-18
2.011905E+04	1.058386E-17	5.593244E-18
2.011965E+04	1.059802E-17	5.573037E-18
2.012085E+04	1.057301E-17	5.553584E-18
2.012145E+04	1.060743E-17	5.556598E-18
2.012205E+04	1.069056E-17	5.519789E-18
2.012265E+04	1.070472E-17	5.446782E-18
2.012325E+04	1.072039E-17	5.478894E-18
2.012385E+04	1.073746E-17	5.421370E-18
2.012445E+04	1.066520E-17	5.411727E-18
2.012625E+04	1.066437E-17	5.441139E-18
2.012685E+04	1.068715E-17	5.463151E-18
2.012745E+04	1.065078E-17	5.339657E-18
2.012805E+04	1.060644E-17	5.306583E-18
2.012865E+04	1.053345E-17	5.281933E-18
2.012925E+04	1.049331E-17	5.239124E-18
2.012985E+04	1.054292E-17	5.248549E-18
2.013045E+04	1.058530E-17	5.235611E-18
2.013105E+04	1.056650E-17	5.229241E-18
2.013165E+04	1.052798E-17	5.194228E-18
2.013225E+04	1.055237E-17	5.193426E-18
2.013285E+04	1.052970E-17	5.158416E-18
2.013345E+04	1.046125E-17	5.094951E-18
2.013405E+04	1.039861E-17	5.066258E-18
2.013525E+04	1.033776E-17	5.049550E-18
2.013585E+04	1.028074E-17	5.034034E-18
2.013645E+04	1.023417E-17	5.027394E-18
2.013705E+04	1.018598E-17	5.016659E-18
2.013765E+04	1.013898E-17	5.004413E-18
2.013825E+04	1.011298E-17	5.006809E-18
2.013885E+04	1.009872E-17	4.997996E-18
2.013945E+04	1.010266E-17	5.056808E-18
2.014006E+04	1.011036E-17	5.073923E-18
2.014126E+04	1.012254E-17	5.107960E-18
2.014186E+04	1.011818E-17	5.134906E-18
2.014246E+04	1.011200E-17	5.138291E-18
2.014306E+04	1.014586E-17	5.180010E-18
2.014366E+04	1.014474E-17	5.172550E-18
2.014426E+04	1.012176E-17	5.215756E-18
2.014486E+04	1.013420E-17	5.200734E-18
2.014546E+04	1.009605E-17	5.226324E-18
2.014606E+04	1.007845E-17	5.254440E-18
2.014666E+04	1.011414E-17	5.263696E-18
2.014726E+04	1.012562E-17	5.365366E-18
2.014786E+04	1.013848E-17	5.376766E-18
2.014906E+04	1.010588E-17	5.361804E-18
2.014966E+04	1.004384E-17	5.292258E-18
2.015026E+04	1.001894E-17	5.278808E-18
2.015086E+04	1.008368E-17	5.223750E-18
2.015146E+04	1.012884E-17	5.212369E-18
2.015206E+04	1.009112E-17	5.192122E-18
2.015266E+04	1.014080E-17	5.321946E-18
2.015326E+04	1.021887E-17	5.357097E-18
2.015386E+04	1.023755E-17	5.362409E-18
2.015446E+04	1.028355E-17	5.384677E-18
2.015506E+04	1.036012E-17	5.412987E-18
2.015566E+04	1.044593E-17	5.435084E-18
2.015626E+04	1.051151E-17	5.450013E-18
2.015686E+04	1.053835E-17	5.418574E-18
2.015746E+04	1.064288E-17	5.403000E-18
2.015806E+04	1.064992E-17	5.403657E-18
2.015866E+04	1.061188E-17	5.373642E-18
2.015926E+04	1.066206E-17	5.320717E-18
2.015986E+04	1.066265E-17	5.252017E-18
2.016046E+04	1.057814E-17	5.226470E-18
2.016106E+04	1.054688E-17	5.254100E-18
2.016166E+04	1.059211E-17	5.273686E-18
2.016226E+04	1.060345E-17	5.334864E-18
2.016286E+04	1.061770E-17	5.452642E-18
2.016346E+04	1.063948E-17	5.458618E-18
2.016526E+04	1.063736E-17	5.457838E-18
2.016586E+04	1.065914E-17	5.463821E-18
2.016646E+04	1.066381E-17	5.487070E-18
2.016706E+04	1.060944E-17	5.472443E-18
2.016766E+04	1.056830E-17	5.461158E-18
2.016886E+04	1.059560E-17	5.486589E-18
2.016946E+04	1.065512E-17	5.555165E-18
2.017006E+04	1.068431E-17	5.661483E-18
2.017126E+04	1.065258E-17	5.731906E-18
2.017186E+04	1.062929E-17	5.727507E-18
2.017246E+04	1.060052E-17	5.720606E-18
2.017306E+04	1.059412E-17	5.650987E-18
2.017366E+04	1.061621E-17	5.638147E-18
2.017426E+04	1.061787E-17	5.645130E-18
2.017486E+04	1.063308E-17	5.638893E-18
2.017546E+04	1.066162E-17	5.614555E-18
2.017606E+04	1.068467E-17	5.555807E-18
2.017666E+04	1.068612E-17	5.559849E-18
2.017726E+04	1.069090E-17	5.563527E-18
2.017846E+04	1.071098E-17	5.570834E-18
2.017906E+04	1.076650E-17	5.588490E-18
2.018087E+04	1.075169E-17	5.587678E-18
2.018147E+04	1.072390E-17	5.584916E-18
2.018207E+04	1.072727E-17	5.586056E-18
2.018267E+04	1.075516E-17	5.599042E-18
2.018327E+04	1.076993E-17	5.612055E-18
2.018387E+04	1.078362E-17	5.619488E-18
2.018447E+04	1.079624E-17	5.628867E-18
2.018507E+04	1.081423E-17	5.640072E-18
2.018567E+04	1.082685E-17	5.647363E-18
2.018627E+04	1.085451E-17	5.657006E-18
2.018687E+04	1.087250E-17	5.658378E-18
2.018747E+04	1.087759E-17	5.657455E-18
2.018807E+04	1.086979E-17	5.653112E-18
2.018867E+04	1.088670E-17	5.644571E-18
2.018927E+04	1.091436E-17	5.651065E-18
2.018987E+04	1.094739E-17	5.605204E-18
2.019047E+04	1.096430E-17	5.590135E-18
2.019107E+04	1.095112E-17	5.550717E-18
2.019167E+04	1.094977E-17	5.517637E-18
2.019227E+04	1.097312E-17	5.509475E-18
2.019287E+04	1.100722E-17	5.480386E-18
2.019347E+04	1.102949E-17	5.485870E-18
2.019407E+04	1.104855E-17	5.439767E-18
2.019467E+04	1.108371E-17	5.448621E-18
2.019527E+04	1.109847E-17	5.351835E-18
2.019587E+04	1.115833E-17	5.305021E-18
2.019647E+04	1.119672E-17	5.320590E-18
2.019707E+04	1.117602E-17	5.227454E-18
2.019767E+04	1.115748E-17	5.235575E-18
2.019827E+04	1.110349E-17	5.187985E-18
2.019887E+04	1.110106E-17	5.187860E-18
2.019947E+04	1.116736E-17	5.208701E-18
2.020007E+04	1.119392E-17	5.216396E-18
2.020067E+04	1.119793E-17	5.217138E-18
2.020127E+04	1.126530E-17	5.237225E-18
2.020187E+04	1.133267E-17	5.132329E-18
2.020247E+04	1.137103E-17	5.130383E-18
2.020307E+04	1.137396E-17	5.139982E-18
2.020367E+04	1.134683E-17	5.155282E-18
2.020427E+04	1.136909E-17	5.161100E-18
2.020487E+04	1.142678E-17	5.176640E-18
2.020547E+04	1.146943E-17	5.206618E-18
2.020607E+04	1.145626E-17	5.234060E-18
2.020667E+04	1.145167E-17	5.232197E-18
2.020727E+04	1.150720E-17	5.250574E-18
2.020787E+04	1.157133E-17	5.253371E-18
2.020847E+04	1.157962E-17	5.254432E-18
2.020907E+04	1.160509E-17	5.261866E-18
2.020967E+04	1.161982E-17	5.266922E-18
2.021027E+04	1.161845E-17	5.235832E-18
2.021087E+04	1.162352E-17	5.224715E-18
2.021147E+04	1.164899E-17	5.163232E-18
2.021206E+04	1.165620E-17	5.027245E-18
2.021267E+04	1.165912E-17	5.025477E-18
2.021326E+04	1.166741E-17	5.028098E-18
2.021386E+04	1.169395E-17	5.037334E-18
2.021446E+04	1.171512E-17	5.033593E-18
2.021506E+04	1.171052E-17	5.030016E-18
2.021566E+04	1.168983E-17	5.022754E-18
2.021626E+04	1.167666E-17	5.008321E-18
2.021686E+04	1.166777E-17	4.965720E-18
2.021746E+04	1.165782E-17	4.864650E-18
2.021806E+04	1.163606E-17	4.768965E-18
2.021866E+04	1.159284E-17	4.739686E-18
2.021926E+04	1.162259E-17	4.750388E-18
2.021986E+04	1.162765E-17	4.747855E-18
2.022046E+04	1.162950E-17	4.744232E-18
2.022106E+04	1.161955E-17	4.701108E-18
2.022167E+04	1.158062E-17	4.682602E-18
2.022227E+04	1.153419E-17	4.675898E-18
2.022287E+04	1.154570E-17	4.692842E-18
2.022347E+04	1.158832E-17	4.707549E-18
2.022407E+04	1.155584E-17	4.698730E-18
2.022467E+04	1.157915E-17	4.737509E-18
2.022527E+04	1.159602E-17	4.750880E-18
2.022587E+04	1.161074E-17	4.751037E-18
2.022647E+04	1.161152E-17	4.748513E-18
2.022707E+04	1.160479E-17	4.747064E-18
2.022767E+04	1.159805E-17	4.739386E-18
2.022827E+04	1.160419E-17	4.732747E-18
2.022887E+04	1.160068E-17	4.733269E-18
2.022947E+04	1.157357E-17	4.718054E-18
2.023007E+04	1.154217E-17	4.698496E-18
2.023067E+04	1.152901E-17	4.687457E-18
2.023127E+04	1.154480E-17	4.687562E-18
2.023187E+04	1.158205E-17	4.697248E-18
2.023247E+04	1.152920E-17	4.681800E-18
2.023307E+04	1.153320E-17	4.683313E-18
2.023367E+04	1.153934E-17	4.687068E-18
2.023427E+04	1.154119E-17	4.687955E-18
2.023487E+04	1.154090E-17	4.688337E-18
2.023547E+04	1.154168E-17	4.694088E-18
2.023607E+04	1.154138E-17	4.694147E-18
2.023667E+04	1.156146E-17	4.709517E-18
2.023727E+04	1.157189E-17	4.713425E-18
2.023787E+04	1.155230E-17	4.706942E-18
2.023847E+04	1.153485E-17	4.700918E-18
2.023907E+04	1.151097E-17	4.688914E-18
2.023967E+04	1.149245E-17	4.681734E-18
2.024027E+04	1.149966E-17	4.680796E-18
2.024087E+04	1.148436E-17	4.671470E-18
2.024147E+04	1.148943E-17	4.670550E-18
2.024207E+04	1.148271E-17	4.665088E-18
2.024267E+04	1.147491E-17	4.632261E-18
2.024327E+04	1.140601E-17	4.606545E-18
2.024387E+04	1.135105E-17	4.583657E-18
2.024447E+04	1.137328E-17	4.584123E-18
2.024507E+04	1.139764E-17	4.595146E-18
2.024567E+04	1.142844E-17	4.611090E-18
2.024627E+04	1.148710E-17	4.636210E-18
2.024687E+04	1.149967E-17	4.642678E-18
2.024747E+04	1.147794E-17	4.624346E-18
2.024807E+04	1.148194E-17	4.623353E-18
2.024867E+04	1.148272E-17	4.589573E-18
2.024927E+04	1.148457E-17	4.590530E-18
2.024987E+04	1.149071E-17	4.594342E-18
2.025047E+04	1.148399E-17	4.578575E-18
2.025107E+04	1.147191E-17	4.542543E-18
2.025167E+04	1.146198E-17	4.540773E-18
2.025227E+04	1.144240E-17	4.532755E-18
2.025287E+04	1.141318E-17	4.523861E-18
2.025347E+04	1.139039E-17	4.518627E-18
2.025407E+04	1.137510E-17	4.512372E-18
2.025467E+04	1.135767E-17	4.505993E-18
2.025527E+04	1.135738E-17	4.515628E-18
2.025587E+04	1.135066E-17	4.525057E-18
2.025647E+04	1.134823E-17	4.524840E-18
2.025707E+04	1.136188E-17	4.527981E-18
2.025767E+04	1.135195E-17	4.529082E-18
2.025827E+04	1.129381E-17	4.504469E-18
2.025887E+04	1.124424E-17	4.487007E-18
2.025947E+04	1.125896E-17	4.490338E-18
2.026007E+04	1.121690E-17	4.475043E-18
2.026067E+04	1.117698E-17	4.467004E-18
2.026127E+04	1.112099E-17	4.459976E-18
2.026187E+04	1.110893E-17	4.448646E-18
2.026247E+04	1.112043E-17	4.451092E-18
2.026308E+04	1.110944E-17	4.450664E-18
2.026368E+04	1.116699E-17	4.466495E-18
2.026428E+04	1.122348E-17	4.497594E-18
2.026488E+04	1.123283E-17	4.500767E-18
2.026548E+04	1.117472E-17	4.479874E-18
2.026608E+04	1.112838E-17	4.465699E-18
2.026668E+04	1.107134E-17	4.446175E-18
2.026728E+04	1.105714E-17	4.435060E-18
2.026788E+04	1.102367E-17	4.409229E-18
2.026848E+04	1.099233E-17	4.390595E-18
2.026908E+04	1.097278E-17	4.377560E-18
2.026968E+04	1.095216E-17	4.345156E-18
2.027388E+04	1.098556E-17	4.345226E-18
2.027448E+04	1.099064E-17	4.349384E-18
2.027568E+04	1.097938E-17	4.346329E-18
2.027628E+04	1.099944E-17	4.363175E-18
2.027688E+04	1.096919E-17	4.355255E-18
2.027748E+04	1.096785E-17	4.356037E-18
2.027808E+04	1.096543E-17	4.355660E-18
2.027868E+04	1.095766E-17	4.352185E-18
2.027928E+04	1.096809E-17	4.358773E-18
2.027988E+04	1.096246E-17	4.358000E-18
2.028048E+04	1.096754E-17	4.360815E-18
2.028108E+04	1.094372E-17	4.352762E-18
2.028168E+04	1.093702E-17	4.343385E-18
2.028228E+04	1.092925E-17	4.337493E-18
2.028288E+04	1.089152E-17	4.338366E-18
2.028348E+04	1.089981E-17	4.346897E-18
2.028408E+04	1.095197E-17	4.367029E-18
2.028468E+04	1.102554E-17	4.385513E-18
2.028528E+04	1.104666E-17	4.395329E-18
2.028588E+04	1.107314E-17	4.398043E-18
2.028648E+04	1.109319E-17	4.422070E-18
2.028708E+04	1.108435E-17	4.433470E-18
2.028768E+04	1.110013E-17	4.438119E-18
2.028828E+04	1.110627E-17	4.450520E-18
2.028888E+04	1.108459E-17	4.446995E-18
2.028948E+04	1.106291E-17	4.439872E-18
2.029008E+04	1.102840E-17	4.429312E-18
2.029068E+04	1.098640E-17	4.416307E-18
2.029128E+04	1.101073E-17	4.426993E-18
2.029188E+04	1.100511E-17	4.427316E-18
2.029248E+04	1.098771E-17	4.423793E-18
2.029308E+04	1.097353E-17	4.421458E-18
2.029368E+04	1.092833E-17	4.408394E-18
2.029428E+04	1.090024E-17	4.397202E-18
2.029488E+04	1.089997E-17	4.396346E-18
2.029548E+04	1.090398E-17	4.396773E-18
2.029608E+04	1.093258E-17	4.405768E-18
2.029668E+04	1.094300E-17	4.408168E-18
2.029728E+04	1.092562E-17	4.399401E-18
2.029788E+04	1.090181E-17	4.397451E-18
2.029848E+04	1.087908E-17	4.387349E-18
2.029908E+04	1.090020E-17	4.395365E-18
2.029968E+04	1.091597E-17	4.398515E-18
2.030028E+04	1.094885E-17	4.409638E-18
2.030088E+04	1.097745E-17	4.417540E-18
2.030148E+04	1.100498E-17	4.425790E-18
2.030208E+04	1.100150E-17	4.426568E-18
2.030268E+04	1.098732E-17	4.423499E-18
2.030328E+04	1.096887E-17	4.416905E-18
2.030389E+04	1.095362E-17	4.413170E-18
2.030449E+04	1.095228E-17	4.403934E-18
2.030509E+04	1.095307E-17	4.393181E-18
2.030569E+04	1.096242E-17	4.395271E-18
2.030629E+04	1.095894E-17	4.395019E-18
2.030689E+04	1.094584E-17	4.386034E-18
2.030749E+04	1.094129E-17	4.384820E-18
2.030809E+04	1.095278E-17	4.388114E-18
2.030869E+04	1.097495E-17	4.395318E-18
2.030929E+04	1.099499E-17	4.421369E-18
2.030989E+04	1.100541E-17	4.427725E-18
2.031049E+04	1.102544E-17	4.423482E-18
2.031109E+04	1.103586E-17	4.427800E-18
2.031169E+04	1.103665E-17	4.436540E-18
2.031229E+04	1.104172E-17	4.439002E-18
2.031289E+04	1.106069E-17	4.458971E-18
2.031349E+04	1.107965E-17	4.451089E-18
2.031409E+04	1.109754E-17	4.459013E-18
2.031469E+04	1.109620E-17	4.465331E-18
2.031529E+04	1.106813E-17	4.450957E-18
2.031589E+04	1.107427E-17	4.457280E-18
2.031649E+04	1.106331E-17	4.457057E-18
2.031709E+04	1.104807E-17	4.450289E-18
2.031769E+04	1.103497E-17	4.451782E-18
2.031829E+04	1.103042E-17	4.451045E-18
2.031889E+04	1.102374E-17	4.450237E-18
2.031949E+04	1.101278E-17	4.447243E-18
2.032009E+04	1.099007E-17	4.440563E-18
2.032069E+04	1.100048E-17	4.448437E-18
2.032129E+04	1.103119E-17	4.453625E-18
2.032189E+04	1.104053E-17	4.459921E-18
2.032249E+04	1.103812E-17	4.467339E-18
2.032309E+04	1.106135E-17	4.467227E-18
2.032369E+04	1.109633E-17	4.477759E-18
2.032429E+04	1.110140E-17	4.479172E-18
2.032489E+04	1.109578E-17	4.475456E-18
2.032549E+04	1.110085E-17	4.480677E-18
2.032609E+04	1.110805E-17	4.482467E-18
2.032669E+04	1.111525E-17	4.483694E-18
2.032729E+04	1.111177E-17	4.483444E-18
2.032789E+04	1.112004E-17	4.474251E-18
2.032849E+04	1.114861E-17	4.480596E-18
2.032909E+04	1.116970E-17	4.484440E-18
2.032969E+04	1.119185E-17	4.493983E-18
2.033029E+04	1.120332E-17	4.497445E-18
2.033089E+04	1.119663E-17	4.495149E-18
2.033149E+04	1.120170E-17	4.480762E-18
2.033209E+04	1.121103E-17	4.465085E-18
2.033269E+04	1.120755E-17	4.465415E-18
2.033329E+04	1.121154E-17	4.458890E-18
2.033389E+04	1.120379E-17	4.453118E-18
2.033449E+04	1.119284E-17	4.449234E-18
2.033509E+04	1.119363E-17	4.451970E-18
2.033569E+04	1.120403E-17	4.454613E-18
2.033629E+04	1.118560E-17	4.458244E-18
2.033689E+04	1.116076E-17	4.468473E-18
2.033749E+04	1.115621E-17	4.479001E-18
2.034049E+04	1.117192E-17	4.485007E-18
2.034109E+04	1.118979E-17	4.496077E-18
2.034169E+04	1.120019E-17	4.499957E-18
2.034229E+04	1.122340E-17	4.505674E-18
2.034289E+04	1.125301E-17	4.514231E-18
2.034349E+04	1.123566E-17	4.505695E-18
2.034409E+04	1.121616E-17	4.496475E-18
2.034470E+04	1.124150E-17	4.505613E-18
2.034530E+04	1.126898E-17	4.510910E-18
2.034590E+04	1.128578E-17	4.519134E-18
2.034650E+04	1.128657E-17	4.516814E-18
2.034710E+04	1.129696E-17	4.522962E-18
2.034770E+04	1.132016E-17	4.530718E-18
2.034830E+04	1.133163E-17	4.534078E-18
2.034890E+04	1.136657E-17	4.547574E-18
2.034950E+04	1.139830E-17	4.557028E-18
2.035010E+04	1.140656E-17	4.565131E-18
2.035070E+04	1.142656E-17	4.572312E-18
2.035130E+04	1.144015E-17	4.578577E-18
2.035190E+04	1.144734E-17	4.584427E-18
2.035250E+04	1.147053E-17	4.595076E-18
2.035310E+04	1.147665E-17	4.598897E-18
2.035370E+04	1.147637E-17	4.598521E-18
2.035430E+04	1.148676E-17	4.604469E-18
2.035490E+04	1.149288E-17	4.607619E-18
2.035550E+04	1.151820E-17	4.617898E-18
2.035610E+04	1.154032E-17	4.626679E-18
2.035670E+04	1.156351E-17	4.623356E-18
2.035730E+04	1.157710E-17	4.621354E-18
2.035790E+04	1.157255E-17	4.613666E-18
2.035850E+04	1.158186E-17	4.612332E-18
2.035910E+04	1.159758E-17	4.610766E-18
2.035970E+04	1.162183E-17	4.622378E-18
2.036030E+04	1.162901E-17	4.615882E-18
2.036090E+04	1.163619E-17	4.623813E-18
2.036150E+04	1.166578E-17	4.635161E-18
2.036210E+04	1.168469E-17	4.628385E-18
2.036270E+04	1.168974E-17	4.636731E-18
2.036330E+04	1.170438E-17	4.637636E-18
2.036390E+04	1.171690E-17	4.632895E-18
2.036450E+04	1.172087E-17	4.642737E-18
2.036510E+04	1.171419E-17	4.649502E-18
2.036570E+04	1.172457E-17	4.652709E-18
2.036630E+04	1.172854E-17	4.641428E-18
2.036690E+04	1.172506E-17	4.642969E-18
2.036750E+04	1.170771E-17	4.634575E-18
2.036810E+04	1.169889E-17	4.635726E-18
2.036870E+04	1.170820E-17	4.651858E-18
2.036930E+04	1.172604E-17	4.665606E-18
2.036990E+04	1.174601E-17	4.661838E-18
2.037050E+04	1.175745E-17	4.665820E-18
2.037110E+04	1.176037E-17	4.672935E-18
2.037170E+04	1.175794E-17	4.670906E-18
2.037230E+04	1.176086E-17	4.673411E-18
2.037290E+04	1.177230E-17	4.672962E-18
2.037350E+04	1.175921E-17	4.669468E-18
2.037410E+04	1.174506E-17	4.669982E-18
2.037470E+04	1.173838E-17	4.670994E-18
2.037530E+04	1.175515E-17	4.677075E-18
2.037590E+04	1.177725E-17	4.685074E-18
2.037650E+04	1.177803E-17	4.689714E-18
2.037710E+04	1.179267E-17	4.693298E-18
2.037770E+04	1.181796E-17	4.710746E-18
2.037830E+04	1.182087E-17	4.715550E-18
2.037890E+04	1.181419E-17	4.711410E-18
2.037950E+04	1.181283E-17	4.717969E-18
2.038010E+04	1.181148E-17	4.720582E-18
2.038070E+04	1.179307E-17	4.714417E-18
2.038130E+04	1.176827E-17	4.712948E-18
2.038190E+04	1.176691E-17	4.715595E-18
2.038250E+04	1.177302E-17	4.716981E-18
2.038310E+04	1.177486E-17	4.719934E-18
2.038370E+04	1.178310E-17	4.714855E-18
2.038430E+04	1.177109E-17	4.692819E-18
2.038490E+04	1.177826E-17	4.682721E-18
2.038550E+04	1.178224E-17	4.682344E-18
2.038611E+04	1.175211E-17	4.665573E-18
2.038671E+04	1.173797E-17	4.658433E-18
2.038731E+04	1.175260E-17	4.663925E-18
2.038791E+04	1.174805E-17	4.662175E-18
2.038851E+04	1.175416E-17	4.664560E-18
2.038911E+04	1.175600E-17	4.665085E-18
2.038971E+04	1.173973E-17	4.659330E-18
2.039031E+04	1.173093E-17	4.654056E-18
2.039091E+04	1.173277E-17	4.653020E-18
2.039151E+04	1.174207E-17	4.655321E-18
2.039211E+04	1.176736E-17	4.661354E-18
2.039271E+04	1.177666E-17	4.663079E-18
2.039331E+04	1.175720E-17	4.656122E-18
2.039391E+04	1.174413E-17	4.649726E-18
2.039451E+04	1.175662E-17	4.653118E-18
2.039511E+04	1.175847E-17	4.642661E-18
2.039571E+04	1.174966E-17	4.639854E-18
2.039631E+04	1.174192E-17	4.634256E-18
2.039691E+04	1.172459E-17	4.626634E-18
2.039751E+04	1.170833E-17	4.619132E-18
2.039811E+04	1.169206E-17	4.618904E-18
2.039871E+04	1.169285E-17	4.621408E-18
2.039931E+04	1.168830E-17	4.631323E-18
2.039991E+04	1.166459E-17	4.624343E-18
2.040051E+04	1.165472E-17	4.623014E-18
2.040111E+04	1.164911E-17	4.620627E-18
2.040171E+04	1.163711E-17	4.611223E-18
2.040231E+04	1.160488E-17	4.598641E-18
2.040291E+04	1.157159E-17	4.586366E-18
2.040351E+04	1.155959E-17	4.583372E-18
2.040411E+04	1.156250E-17	4.582523E-18
2.040471E+04	1.156222E-17	4.576881E-18
2.040531E+04	1.154384E-17	4.568507E-18
2.040591E+04	1.151268E-17	4.551142E-18
2.040651E+04	1.152731E-17	4.557663E-18
2.040711E+04	1.155684E-17	4.571710E-18
2.040831E+04	1.156587E-17	4.583628E-18
2.041370E+04	1.156654E-17	4.587164E-18
2.041430E+04	1.157690E-17	4.590807E-18
2.041490E+04	1.157769E-17	4.585884E-18
2.041550E+04	1.158805E-17	4.578285E-18
2.041610E+04	1.159309E-17	4.579868E-18
2.041670E+04	1.158004E-17	4.575483E-18
2.041730E+04	1.157976E-17	4.575828E-18
2.041790E+04	1.158906E-17	4.584740E-18
2.041850E+04	1.158772E-17	4.583723E-18
2.041910E+04	1.156296E-17	4.561431E-18
2.041970E+04	1.155842E-17	4.549305E-18
2.042030E+04	1.155814E-17	4.550443E-18
2.042090E+04	1.157063E-17	4.554360E-18
2.042150E+04	1.157887E-17	4.555895E-18
2.042210E+04	1.157114E-17	4.553361E-18
2.042270E+04	1.159001E-17	4.563010E-18
2.042330E+04	1.157803E-17	4.564466E-18
2.042390E+04	1.153838E-17	4.548729E-18
2.042450E+04	1.154236E-17	4.550791E-18
2.042510E+04	1.155910E-17	4.552685E-18
2.042570E+04	1.154606E-17	4.548042E-18
2.042630E+04	1.151599E-17	4.537165E-18
2.042691E+04	1.147954E-17	4.526306E-18
2.042751E+04	1.146756E-17	4.522291E-18
2.042811E+04	1.147898E-17	4.515933E-18
2.042871E+04	1.146913E-17	4.511536E-18
2.042931E+04	1.148268E-17	4.516370E-18
2.042991E+04	1.149730E-17	4.519923E-18
2.043051E+04	1.145873E-17	4.529571E-18
2.043111E+04	1.142016E-17	4.517065E-18
2.043171E+04	1.139542E-17	4.514827E-18
2.043231E+04	1.138451E-17	4.508850E-18
2.043291E+04	1.136934E-17	4.500722E-18
2.043351E+04	1.134354E-17	4.492517E-18
2.043411E+04	1.130285E-17	4.477250E-18
2.043471E+04	1.130684E-17	4.478868E-18
2.043531E+04	1.129487E-17	4.482716E-18
2.043591E+04	1.129140E-17	4.481826E-18
2.043651E+04	1.128050E-17	4.479758E-18
2.043711E+04	1.126427E-17	4.473999E-18
2.043771E+04	1.126188E-17	4.473052E-18
2.043831E+04	1.125310E-17	4.472373E-18
2.043891E+04	1.121667E-17	4.463524E-18
2.043951E+04	1.117493E-17	4.449630E-18
2.044011E+04	1.115340E-17	4.441642E-18
2.044071E+04	1.115207E-17	4.442053E-18
2.044131E+04	1.115499E-17	4.459319E-18
2.044191E+04	1.111857E-17	4.453685E-18
2.044251E+04	1.109385E-17	4.445817E-18
2.044311E+04	1.110847E-17	4.459276E-18
2.044371E+04	1.114010E-17	4.484321E-18
2.044431E+04	1.112282E-17	4.484401E-18
2.044491E+04	1.111086E-17	4.481041E-18
2.044551E+04	1.111166E-17	4.481399E-18
2.044611E+04	1.114116E-17	4.493078E-18
2.044671E+04	1.117278E-17	4.516677E-18
2.044731E+04	1.117464E-17	4.516639E-18
2.044791E+04	1.115311E-17	4.513153E-18
2.044851E+04	1.114859E-17	4.507076E-18
2.044911E+04	1.117384E-17	4.514226E-18
2.044971E+04	1.120546E-17	4.512413E-18
2.045031E+04	1.120094E-17	4.511874E-18
2.045091E+04	1.117197E-17	4.499457E-18
2.045151E+04	1.113663E-17	4.490251E-18
2.045211E+04	1.110236E-17	4.478312E-18
2.045271E+04	1.108827E-17	4.474196E-18
2.045331E+04	1.108270E-17	4.475661E-18
2.045391E+04	1.107287E-17	4.473364E-18
2.045451E+04	1.107048E-17	4.475701E-18
2.045511E+04	1.107871E-17	4.479772E-18
2.045571E+04	1.106145E-17	4.474917E-18
2.045631E+04	1.105055E-17	4.470155E-18
2.045691E+04	1.103754E-17	4.466188E-18
2.045751E+04	1.102134E-17	4.458502E-18
2.045811E+04	1.100195E-17	4.437875E-18
2.045871E+04	1.099956E-17	4.432494E-18
2.045931E+04	1.102586E-17	4.443825E-18
2.045991E+04	1.106172E-17	4.475558E-18
2.046051E+04	1.107315E-17	4.483503E-18
2.046111E+04	1.108351E-17	4.487408E-18
2.046171E+04	1.109918E-17	4.492721E-18
2.046231E+04	1.106917E-17	4.479492E-18
2.046291E+04	1.101472E-17	4.455543E-18
2.046351E+04	1.101552E-17	4.449713E-18
2.046411E+04	1.102163E-17	4.457964E-18
2.046471E+04	1.102562E-17	4.458024E-18
2.046531E+04	1.103811E-17	4.462909E-18
2.046591E+04	1.103572E-17	4.467358E-18
2.046651E+04	1.101952E-17	4.458088E-18
2.046711E+04	1.102139E-17	4.460001E-18
2.046772E+04	1.104555E-17	4.466253E-18
2.046832E+04	1.101448E-17	4.454783E-18
2.046892E+04	1.094412E-17	4.429472E-18
2.046952E+04	1.094174E-17	4.421397E-18
2.047012E+04	1.096378E-17	4.429256E-18
2.047072E+04	1.098158E-17	4.436074E-18
2.047132E+04	1.099193E-17	4.439877E-18
2.047192E+04	1.099698E-17	4.439974E-18
2.047252E+04	1.099885E-17	4.443358E-18
2.047312E+04	1.100708E-17	4.449097E-18
2.047372E+04	1.095160E-17	4.428151E-18
2.047432E+04	1.098001E-17	4.440653E-18
2.047492E+04	1.100417E-17	4.445801E-18
2.047552E+04	1.098161E-17	4.408499E-18
2.047612E+04	1.094525E-17	4.393757E-18
2.047672E+04	1.092482E-17	4.376026E-18
2.047732E+04	1.091076E-17	4.371074E-18
2.047792E+04	1.089669E-17	4.366293E-18
2.047852E+04	1.088370E-17	4.357259E-18
2.047912E+04	1.085371E-17	4.353985E-18
2.047972E+04	1.086088E-17	4.395548E-18
2.048032E+04	1.087124E-17	4.395430E-18
2.048092E+04	1.084445E-17	4.420606E-18
2.048152E+04	1.084737E-17	4.424650E-18
2.048212E+04	1.086835E-17	4.432753E-18
2.048272E+04	1.084049E-17	4.429098E-18
2.048332E+04	1.083705E-17	4.426034E-18
2.048392E+04	1.087607E-17	4.440544E-18
2.048452E+04	1.088430E-17	4.443638E-18
2.048512E+04	1.085220E-17	4.438647E-18
2.048572E+04	1.080949E-17	4.423064E-18
2.048632E+04	1.079119E-17	4.402851E-18
2.048692E+04	1.079837E-17	4.399665E-18
2.048752E+04	1.081615E-17	4.405417E-18
2.048812E+04	1.081165E-17	4.396987E-18
2.048872E+04	1.078062E-17	4.371645E-18
2.048932E+04	1.075808E-17	4.371756E-18
2.048992E+04	1.075358E-17	4.373595E-18
2.049052E+04	1.076500E-17	4.377942E-18
2.049112E+04	1.076050E-17	4.421825E-18
2.049172E+04	1.075388E-17	4.410747E-18
2.049232E+04	1.075787E-17	4.418769E-18
2.049292E+04	1.076823E-17	4.436148E-18
2.049352E+04	1.077752E-17	4.462867E-18
2.049412E+04	1.077833E-17	4.463254E-18
2.049472E+04	1.078656E-17	4.477872E-18
2.049532E+04	1.077676E-17	4.484775E-18
2.049592E+04	1.079030E-17	4.489230E-18
2.049652E+04	1.083036E-17	4.524658E-18
2.049712E+04	1.085769E-17	4.534208E-18
2.049832E+04	1.088052E-17	4.571453E-18
2.049892E+04	1.089512E-17	4.610503E-18
2.049952E+04	1.090016E-17	4.608880E-18
2.050012E+04	1.089566E-17	4.601830E-18
2.050072E+04	1.087950E-17	4.604788E-18
2.050132E+04	1.087606E-17	4.603579E-18
2.050192E+04	1.088217E-17	4.616139E-18
2.050252E+04	1.089570E-17	4.638937E-18
2.050312E+04	1.089120E-17	4.642646E-18
2.050372E+04	1.087822E-17	4.642448E-18
2.050432E+04	1.088114E-17	4.643494E-18
2.050492E+04	1.087771E-17	4.645044E-18
2.050552E+04	1.088169E-17	4.627356E-18
2.050612E+04	1.088568E-17	4.646016E-18
2.050672E+04	1.088967E-17	4.655262E-18
2.050732E+04	1.089153E-17	4.658377E-18
2.050792E+04	1.092203E-17	4.692249E-18
2.050852E+04	1.095783E-17	4.756835E-18
2.050913E+04	1.095121E-17	4.755195E-18
2.050973E+04	1.096261E-17	4.753673E-18
2.051033E+04	1.097296E-17	4.760900E-18
2.051093E+04	1.097907E-17	4.797316E-18
2.051153E+04	1.096290E-17	4.809500E-18
2.051213E+04	1.094144E-17	4.816484E-18
2.051273E+04	1.093270E-17	4.888178E-18
2.051333E+04	1.092502E-17	4.888422E-18
2.051393E+04	1.091841E-17	4.884706E-18
2.051453E+04	1.089059E-17	4.878399E-18
2.051513E+04	1.086913E-17	4.900030E-18
2.051573E+04	1.086357E-17	4.919433E-18
2.051633E+04	1.085166E-17	4.915612E-18
2.051693E+04	1.085034E-17	4.920195E-18
2.051753E+04	1.086917E-17	4.923758E-18
2.051813E+04	1.086362E-17	4.955029E-18
2.051873E+04	1.085382E-17	4.998258E-18
2.051933E+04	1.086099E-17	4.999049E-18
2.051993E+04	1.087027E-17	5.004988E-18
2.052053E+04	1.088168E-17	5.044656E-18
2.052113E+04	1.089521E-17	5.082393E-18
2.052173E+04	1.090873E-17	5.103048E-18
2.052233E+04	1.092225E-17	5.109235E-18
2.052293E+04	1.093578E-17	5.113570E-18
2.052353E+04	1.094718E-17	5.117190E-18
2.052413E+04	1.095646E-17	5.120586E-18
2.052473E+04	1.096045E-17	5.122096E-18
2.052533E+04	1.095807E-17	5.103774E-18
2.052593E+04	1.094934E-17	5.111275E-18
2.052653E+04	1.095862E-17	5.085965E-18
2.052713E+04	1.096154E-17	5.083815E-18
2.052773E+04	1.096235E-17	5.091994E-18
2.052833E+04	1.095362E-17	5.133198E-18
2.052893E+04	1.095866E-17	5.163028E-18
2.052953E+04	1.094357E-17	5.159050E-18
2.053013E+04	1.091788E-17	5.160116E-18
2.053073E+04	1.092293E-17	5.169936E-18
2.053133E+04	1.094810E-17	5.197817E-18
2.053193E+04	1.096798E-17	5.296699E-18
2.053253E+04	1.100375E-17	5.307250E-18
2.053313E+04	1.102892E-17	5.314763E-18
2.053373E+04	1.103290E-17	5.315006E-18
2.053433E+04	1.104747E-17	5.334772E-18
2.053493E+04	1.105781E-17	5.331248E-18
2.053553E+04	1.107556E-17	5.343761E-18
2.053613E+04	1.110285E-17	5.353534E-18
2.053673E+04	1.107928E-17	5.354447E-18
2.053733E+04	1.102818E-17	5.343699E-18
2.053793E+04	1.099085E-17	5.396131E-18
2.053853E+04	1.098424E-17	5.378697E-18
2.053913E+04	1.099670E-17	5.371157E-18
2.053973E+04	1.100068E-17	5.381798E-18
2.054033E+04	1.101737E-17	5.382769E-18
2.054093E+04	1.105524E-17	5.385148E-18
2.054153E+04	1.106028E-17	5.387129E-18
2.054213E+04	1.107803E-17	5.372999E-18
2.054273E+04	1.112755E-17	5.444138E-18
2.054333E+04	1.116859E-17	5.487330E-18
2.054393E+04	1.116728E-17	5.506101E-18
2.054453E+04	1.111195E-17	5.489614E-18
2.054513E+04	1.109157E-17	5.492727E-18
2.054573E+04	1.113897E-17	5.500067E-18
2.054633E+04	1.116730E-17	5.508399E-18
2.054693E+04	1.117551E-17	5.508337E-18
2.054753E+04	1.116678E-17	5.498863E-18
2.054813E+04	1.117288E-17	5.504705E-18
2.054873E+04	1.118215E-17	5.527866E-18
2.054933E+04	1.116495E-17	5.549511E-18
2.054994E+04	1.119327E-17	5.558399E-18
2.055054E+04	1.123007E-17	5.568479E-18
2.055114E+04	1.119276E-17	5.562156E-18
2.055174E+04	1.114803E-17	5.550437E-18
2.055234E+04	1.112554E-17	5.543226E-18
2.055294E+04	1.112423E-17	5.552500E-18
2.055354E+04	1.114726E-17	5.515949E-18
2.055414E+04	1.116606E-17	5.533992E-18
2.055474E+04	1.117533E-17	5.558049E-18
2.055534E+04	1.119201E-17	5.568647E-18
2.055594E+04	1.121398E-17	5.540299E-18
2.055654E+04	1.122748E-17	5.518681E-18
2.055714E+04	1.123463E-17	5.528915E-18
2.055774E+04	1.122379E-17	5.499727E-18
2.056494E+04	1.119635E-17	5.502590E-18
2.056554E+04	1.115483E-17	5.486209E-18
2.056614E+04	1.114187E-17	5.483546E-18
2.056674E+04	1.111940E-17	5.452134E-18
2.056734E+04	1.111702E-17	5.433303E-18
2.056794E+04	1.113158E-17	5.438174E-18
2.056854E+04	1.112604E-17	5.434559E-18
2.056914E+04	1.112684E-17	5.436407E-18
2.056974E+04	1.111812E-17	5.400324E-18
2.057034E+04	1.110940E-17	5.347097E-18
2.057094E+04	1.113348E-17	5.353155E-18
2.057154E+04	1.115121E-17	5.355629E-18
2.057274E+04	1.115916E-17	5.335495E-18
2.057334E+04	1.116525E-17	5.309064E-18
2.057394E+04	1.120731E-17	5.314996E-18
2.057454E+04	1.121868E-17	5.329861E-18
2.057514E+04	1.121843E-17	5.331453E-18
2.057574E+04	1.123721E-17	5.338356E-18
2.057634E+04	1.125176E-17	5.344471E-18
2.057694E+04	1.124939E-17	5.335069E-18
2.057754E+04	1.125230E-17	5.318535E-18
2.057814E+04	1.126156E-17	5.315659E-18
2.057874E+04	1.125179E-17	5.311370E-18
2.057934E+04	1.123884E-17	5.309418E-18
2.057994E+04	1.122378E-17	5.300192E-18
2.058054E+04	1.121929E-17	5.255749E-18
2.058114E+04	1.122961E-17	5.232856E-18
2.058174E+04	1.122829E-17	5.229073E-18
2.058234E+04	1.121429E-17	5.215084E-18
2.058294E+04	1.122144E-17	5.202067E-18
2.058354E+04	1.121589E-17	5.207121E-18
2.058414E+04	1.120718E-17	5.147742E-18
2.058474E+04	1.119635E-17	5.144768E-18
2.058534E+04	1.120138E-17	5.150769E-18
2.058594E+04	1.119478E-17	5.153639E-18
2.058654E+04	1.117655E-17	5.137557E-18
2.058714E+04	1.115092E-17	5.132163E-18
2.058774E+04	1.113481E-17	5.127174E-18
2.058834E+04	1.112821E-17	5.127088E-18
2.058894E+04	1.110893E-17	5.077511E-18
2.058954E+04	1.108225E-17	5.059914E-18
2.059014E+04	1.106825E-17	5.004727E-18
2.059075E+04	1.104791E-17	5.027422E-18
2.059135E+04	1.102652E-17	5.015780E-18
2.059195E+04	1.101570E-17	5.009651E-18
2.059255E+04	1.099853E-17	5.006286E-18
2.059315E+04	1.099406E-17	5.003219E-18
2.059375E+04	1.097795E-17	4.998174E-18
2.059435E+04	1.097453E-17	4.993654E-18
2.059495E+04	1.095843E-17	4.927035E-18
2.059555E+04	1.096875E-17	4.873613E-18
2.059615E+04	1.096321E-17	4.815507E-18
2.059675E+04	1.098410E-17	4.827561E-18
2.059735E+04	1.100393E-17	4.827514E-18
2.059795E+04	1.101214E-17	4.833471E-18
2.059855E+04	1.100555E-17	4.833748E-18
2.059915E+04	1.100635E-17	4.830290E-18
2.059975E+04	1.101456E-17	4.822164E-18
2.060035E+04	1.102910E-17	4.816806E-18
2.060095E+04	1.105844E-17	4.800428E-18
2.060155E+04	1.104657E-17	4.766698E-18
2.060215E+04	1.101779E-17	4.752257E-18
2.060275E+04	1.101120E-17	4.759409E-18
2.060335E+04	1.101412E-17	4.743295E-18
2.060395E+04	1.101281E-17	4.740748E-18
2.060455E+04	1.102735E-17	4.745176E-18
2.060515E+04	1.103978E-17	4.723630E-18
2.060575E+04	1.106594E-17	4.760773E-18
2.060635E+04	1.110267E-17	4.760967E-18
2.060695E+04	1.112989E-17	4.751122E-18
2.060755E+04	1.112330E-17	4.740275E-18
2.060815E+04	1.111988E-17	4.744503E-18
2.060875E+04	1.115554E-17	4.761219E-18
2.060935E+04	1.119649E-17	4.758340E-18
2.060994E+04	1.122476E-17	4.728748E-18
2.061054E+04	1.119493E-17	4.700729E-18
2.061115E+04	1.117038E-17	4.704618E-18
2.061174E+04	1.117541E-17	4.710092E-18
2.061234E+04	1.113713E-17	4.715530E-18
2.061294E+04	1.114850E-17	4.807109E-18
2.061354E+04	1.119578E-17	4.904038E-18
2.061414E+04	1.120397E-17	4.906085E-18
2.061474E+04	1.120266E-17	4.904196E-18
2.061534E+04	1.122248E-17	4.911195E-18
2.061594E+04	1.125708E-17	4.923737E-18
2.061654E+04	1.129273E-17	4.941282E-18
2.061714E+04	1.130198E-17	4.949016E-18
2.061774E+04	1.128800E-17	4.938876E-18
2.061834E+04	1.129197E-17	4.971089E-18
2.061894E+04	1.126743E-17	4.992032E-18
2.061954E+04	1.123338E-17	4.966325E-18
2.062014E+04	1.122468E-17	4.999476E-18
2.062074E+04	1.122548E-17	5.009286E-18
2.062134E+04	1.124213E-17	5.031904E-18
2.062194E+04	1.123448E-17	5.042817E-18
2.062254E+04	1.123212E-17	5.039591E-18
2.062314E+04	1.123503E-17	5.027741E-18
2.062374E+04	1.123795E-17	5.028623E-18
2.062434E+04	1.122291E-17	5.022450E-18
2.062494E+04	1.123533E-17	5.024442E-18
2.062554E+04	1.123719E-17	5.062660E-18
2.062614E+04	1.124116E-17	5.099808E-18
2.062674E+04	1.126730E-17	5.145261E-18
2.062734E+04	1.128816E-17	5.222981E-18
2.062794E+04	1.128896E-17	5.263092E-18
2.062854E+04	1.129082E-17	5.243237E-18
2.062914E+04	1.131274E-17	5.218699E-18
2.062974E+04	1.132726E-17	5.234067E-18
2.063034E+04	1.132173E-17	5.224575E-18
2.063094E+04	1.132253E-17	5.216218E-18
2.063154E+04	1.135077E-17	5.219650E-18
2.063215E+04	1.138007E-17	5.233266E-18
2.063275E+04	1.136820E-17	5.232432E-18
2.063335E+04	1.133207E-17	5.222452E-18
2.063395E+04	1.135292E-17	5.231388E-18
2.063455E+04	1.137694E-17	5.279916E-18
2.063515E+04	1.138302E-17	5.265534E-18
2.063575E+04	1.136904E-17	5.248258E-18
2.063635E+04	1.135824E-17	5.248982E-18
2.063695E+04	1.136748E-17	5.253657E-18
2.063755E+04	1.139466E-17	5.264644E-18
2.063815E+04	1.140602E-17	5.269866E-18
2.063875E+04	1.138993E-17	5.266137E-18
2.063935E+04	1.136330E-17	5.259806E-18
2.063995E+04	1.136621E-17	5.264160E-18
2.064055E+04	1.138389E-17	5.285743E-18
2.064115E+04	1.139736E-17	5.301428E-18
2.064175E+04	1.142137E-17	5.306946E-18
2.064235E+04	1.143166E-17	5.373886E-18
2.064295E+04	1.145040E-17	5.381021E-18
2.064355E+04	1.146492E-17	5.383100E-18
2.064415E+04	1.148049E-17	5.397983E-18
2.064475E+04	1.148550E-17	5.407951E-18
2.064535E+04	1.151268E-17	5.423311E-18
2.064595E+04	1.154829E-17	5.439863E-18
2.064655E+04	1.158390E-17	5.455057E-18
2.064715E+04	1.160368E-17	5.464487E-18
2.064775E+04	1.161925E-17	5.462564E-18
2.064835E+04	1.161899E-17	5.456187E-18
2.064895E+04	1.159341E-17	5.442935E-18
2.064955E+04	1.157312E-17	5.436478E-18
2.065015E+04	1.156759E-17	5.421495E-18
2.065075E+04	1.155467E-17	5.378216E-18
2.065135E+04	1.151223E-17	5.372822E-18
2.065195E+04	1.151302E-17	5.378626E-18
2.065255E+04	1.155917E-17	5.395443E-18
2.065315E+04	1.154521E-17	5.390384E-18
2.065375E+04	1.155233E-17	5.391371E-18
2.065435E+04	1.157528E-17	5.398460E-18
2.065495E+04	1.155604E-17	5.391809E-18
2.065555E+04	1.150727E-17	5.376601E-18
2.065615E+04	1.150175E-17	5.365873E-18
2.065675E+04	1.148884E-17	5.357088E-18
2.065735E+04	1.142953E-17	5.320256E-18
2.065795E+04	1.141979E-17	5.229301E-18
2.065855E+04	1.147647E-17	5.160381E-18
2.065915E+04	1.149414E-17	5.163442E-18
2.065975E+04	1.146964E-17	5.157248E-18
2.066035E+04	1.145252E-17	5.149397E-18
2.066095E+04	1.143645E-17	5.146729E-18
2.066155E+04	1.140035E-17	5.133392E-18
2.066215E+04	1.139904E-17	5.144032E-18
2.066275E+04	1.140406E-17	5.149514E-18
2.066335E+04	1.147866E-17	5.171464E-18
2.066395E+04	1.148051E-17	5.138992E-18
2.066455E+04	1.145812E-17	5.142596E-18
2.066515E+04	1.142519E-17	5.091903E-18
2.066575E+04	1.142283E-17	5.079278E-18
2.066635E+04	1.143206E-17	5.067712E-18
2.066695E+04	1.143287E-17	5.069413E-18
2.066755E+04	1.143999E-17	5.077801E-18
2.066815E+04	1.146082E-17	5.085935E-18
2.066875E+04	1.147849E-17	5.098391E-18
2.066935E+04	1.143713E-17	5.099388E-18
2.067055E+04	1.138287E-17	5.093352E-18
2.067115E+04	1.136576E-17	5.064799E-18
2.067175E+04	1.132862E-17	5.026147E-18
2.067235E+04	1.128516E-17	4.981569E-18
2.067296E+04	1.128491E-17	4.909942E-18
2.067356E+04	1.127623E-17	4.862505E-18
2.067416E+04	1.122961E-17	4.832993E-18
2.067476E+04	1.120091E-17	4.811906E-18
2.067536E+04	1.119961E-17	4.803320E-18
2.067596E+04	1.119620E-17	4.803409E-18
2.067656E+04	1.117277E-17	4.807037E-18
2.067716E+04	1.115040E-17	4.809947E-18
2.067776E+04	1.114489E-17	4.810233E-18
2.067836E+04	1.116361E-17	4.836755E-18
2.067896E+04	1.118865E-17	4.848824E-18
2.067956E+04	1.120526E-17	4.875451E-18
2.068016E+04	1.121028E-17	4.862035E-18
2.068076E+04	1.120372E-17	4.862115E-18
2.068136E+04	1.118978E-17	4.863871E-18
2.068196E+04	1.119480E-17	4.858814E-18
2.068256E+04	1.117348E-17	4.857441E-18
2.068316E+04	1.114585E-17	4.848151E-18
2.068376E+04	1.114876E-17	4.853154E-18
2.068436E+04	1.115905E-17	4.857315E-18
2.068496E+04	1.115881E-17	4.857384E-18
2.068556E+04	1.116910E-17	4.859233E-18
2.068616E+04	1.118465E-17	4.845323E-18
2.068676E+04	1.118968E-17	4.832503E-18
2.068736E+04	1.117047E-17	4.824731E-18
2.068796E+04	1.112809E-17	4.739768E-18
2.068856E+04	1.109309E-17	4.723633E-18
2.068916E+04	1.109496E-17	4.724375E-18
2.068976E+04	1.109261E-17	4.713296E-18
2.069036E+04	1.107341E-17	4.699873E-18
2.069096E+04	1.105421E-17	4.684614E-18
2.069156E+04	1.103712E-17	4.675417E-18
2.069216E+04	1.101265E-17	4.668662E-18
2.069276E+04	1.102294E-17	4.668148E-18
2.069336E+04	1.104903E-17	4.674650E-18
2.069396E+04	1.105300E-17	4.696707E-18
2.069456E+04	1.105697E-17	4.697123E-18
2.069516E+04	1.103567E-17	4.690303E-18
2.069576E+04	1.101964E-17	4.687784E-18
2.069636E+04	1.104256E-17	4.702925E-18
2.069696E+04	1.105390E-17	4.694415E-18
2.069756E+04	1.101365E-17	4.685893E-18
2.069816E+04	1.096498E-17	4.674685E-18
2.069876E+04	1.094158E-17	4.661738E-18
2.069936E+04	1.090238E-17	4.647405E-18
2.069996E+04	1.086951E-17	4.642056E-18
2.070056E+04	1.083874E-17	4.635420E-18
2.070116E+04	1.084377E-17	4.639643E-18
2.070176E+04	1.085301E-17	4.643423E-18
2.070236E+04	1.086014E-17	4.645682E-18
2.070296E+04	1.086832E-17	4.648302E-18
2.070356E+04	1.086914E-17	4.648683E-18
2.070416E+04	1.090470E-17	4.661427E-18
2.070476E+04	1.093604E-17	4.673156E-18
2.070536E+04	1.095370E-17	4.680666E-18
2.070596E+04	1.096504E-17	4.686715E-18
2.070656E+04	1.096796E-17	4.690916E-18
2.070716E+04	1.094983E-17	4.688961E-18
2.070776E+04	1.093485E-17	4.678281E-18
2.070836E+04	1.093356E-17	4.684076E-18
2.070896E+04	1.090280E-17	4.663889E-18
2.070956E+04	1.087310E-17	4.660677E-18
2.071016E+04	1.086129E-17	4.653993E-18
2.071076E+04	1.085895E-17	4.649229E-18
2.071136E+04	1.084292E-17	4.644747E-18
2.071196E+04	1.079533E-17	4.630291E-18
2.071256E+04	1.077195E-17	4.615100E-18
2.071316E+04	1.077171E-17	4.612947E-18
2.071377E+04	1.076727E-17	4.613749E-18
2.071437E+04	1.076072E-17	4.608869E-18
2.071497E+04	1.076575E-17	4.599696E-18
2.071557E+04	1.075920E-17	4.587864E-18
2.071617E+04	1.075371E-17	4.574310E-18
2.071677E+04	1.075663E-17	4.564781E-18
2.071737E+04	1.077008E-17	4.563823E-18
2.071797E+04	1.077616E-17	4.564089E-18
2.071857E+04	1.074542E-17	4.555181E-18
2.071917E+04	1.077675E-17	4.569865E-18
2.071977E+04	1.083754E-17	4.590489E-18
2.072037E+04	1.084888E-17	4.602462E-18
2.072097E+04	1.082655E-17	4.604430E-18
2.072157E+04	1.077582E-17	4.571486E-18
2.072217E+04	1.073982E-17	4.549292E-18
2.072277E+04	1.073012E-17	4.542440E-18
2.072337E+04	1.072042E-17	4.528859E-18
2.072457E+04	1.070944E-17	4.521830E-18
2.072577E+04	1.072476E-17	4.539919E-18
2.072637E+04	1.070244E-17	4.511836E-18
2.072697E+04	1.065488E-17	4.485253E-18
2.072757E+04	1.068094E-17	4.491431E-18
2.072817E+04	1.076485E-17	4.554080E-18
2.072877E+04	1.085192E-17	4.574878E-18
2.072937E+04	1.088113E-17	4.584968E-18
2.072997E+04	1.085881E-17	4.574363E-18
2.073057E+04	1.085753E-17	4.569209E-18
2.073117E+04	1.082575E-17	4.556883E-18
2.073177E+04	1.078450E-17	4.578056E-18
2.073237E+04	1.079268E-17	4.577951E-18
2.073297E+04	1.080086E-17	4.584864E-18
2.073357E+04	1.079222E-17	4.615015E-18
2.073417E+04	1.076885E-17	4.685535E-18
2.073477E+04	1.075601E-17	4.710776E-18
2.073537E+04	1.078942E-17	4.734437E-18
2.073597E+04	1.080812E-17	4.741812E-18
2.073657E+04	1.078476E-17	4.742856E-18
2.073717E+04	1.078032E-17	4.747324E-18
2.073777E+04	1.077063E-17	4.742014E-18
2.073837E+04	1.077565E-17	4.742959E-18
2.073897E+04	1.076386E-17	4.744421E-18
2.073957E+04	1.077835E-17	4.749187E-18
2.074017E+04	1.080230E-17	4.743120E-18
2.074077E+04	1.076422E-17	4.737157E-18
2.074137E+04	1.073455E-17	4.742319E-18
2.074197E+04	1.076586E-17	4.751255E-18
2.074257E+04	1.081294E-17	4.761254E-18
2.074317E+04	1.086106E-17	4.776938E-18
2.074377E+04	1.090813E-17	4.774596E-18
2.074437E+04	1.090685E-17	4.758088E-18
2.074497E+04	1.089085E-17	4.753157E-18
2.074557E+04	1.090849E-17	4.759089E-18
2.074617E+04	1.092192E-17	4.780429E-18
2.074677E+04	1.092694E-17	4.780233E-18
2.074737E+04	1.093722E-17	4.778167E-18
2.074797E+04	1.093804E-17	4.776070E-18
2.074857E+04	1.093780E-17	4.774379E-18
2.074917E+04	1.093967E-17	4.774151E-18
2.074977E+04	1.097938E-17	4.792841E-18
2.075037E+04	1.101593E-17	4.808356E-18
2.075097E+04	1.105142E-17	4.823065E-18
2.075157E+04	1.104698E-17	4.822125E-18
2.075217E+04	1.102889E-17	4.834744E-18
2.075277E+04	1.103811E-17	4.881008E-18
2.075337E+04	1.105364E-17	4.885637E-18
2.075397E+04	1.108072E-17	4.891451E-18
2.075457E+04	1.112567E-17	4.901532E-18
2.075518E+04	1.113699E-17	4.898638E-18
2.075578E+04	1.113045E-17	4.899031E-18
2.075638E+04	1.111445E-17	4.898816E-18
2.075698E+04	1.111527E-17	4.902875E-18
2.075758E+04	1.109822E-17	4.913674E-18
2.075818E+04	1.107592E-17	4.913236E-18
2.075878E+04	1.107674E-17	4.917893E-18
2.075938E+04	1.106074E-17	4.912647E-18
2.075998E+04	1.106471E-17	4.940092E-18
2.076058E+04	1.107498E-17	4.955344E-18
2.076118E+04	1.108526E-17	4.959140E-18
2.076178E+04	1.110183E-17	4.963656E-18
2.076238E+04	1.111315E-17	4.968015E-18
2.076298E+04	1.112342E-17	4.979988E-18
2.076358E+04	1.112529E-17	4.982978E-18
2.076418E+04	1.111245E-17	4.976690E-18
2.076478E+04	1.115318E-17	4.992329E-18
2.076538E+04	1.119286E-17	5.002060E-18
2.076598E+04	1.123043E-17	5.036786E-18
2.076658E+04	1.124700E-17	5.049024E-18
2.076718E+04	1.126042E-17	5.047521E-18
2.076778E+04	1.127383E-17	5.051857E-18
2.076838E+04	1.128515E-17	5.063506E-18
2.076898E+04	1.129436E-17	5.070171E-18
2.076958E+04	1.130463E-17	5.053925E-18
2.077018E+04	1.131279E-17	5.055953E-18
2.077078E+04	1.131990E-17	5.028663E-18
2.077138E+04	1.132597E-17	5.017204E-18
2.077198E+04	1.132993E-17	5.021828E-18
2.077258E+04	1.133074E-17	5.013531E-18
2.077318E+04	1.131580E-17	4.983327E-18
2.077378E+04	1.129561E-17	4.987267E-18
2.077438E+04	1.125967E-17	4.973210E-18
2.077498E+04	1.125209E-17	4.973705E-18
2.077558E+04	1.124450E-17	4.972377E-18
2.077618E+04	1.122851E-17	4.964128E-18
2.077678E+04	1.121568E-17	4.931618E-18
2.077738E+04	1.121964E-17	4.944482E-18
2.077798E+04	1.121521E-17	4.937937E-18
2.077858E+04	1.121602E-17	4.920575E-18
2.077918E+04	1.122629E-17	4.852345E-18
2.077978E+04	1.125860E-17	4.831501E-18
2.078038E+04	1.122896E-17	4.820362E-18
2.078098E+04	1.121613E-17	4.814039E-18
2.078158E+04	1.118335E-17	4.823566E-18
2.078218E+04	1.116002E-17	4.810337E-18
2.078278E+04	1.120283E-17	4.827733E-18
2.078338E+04	1.124039E-17	4.832534E-18
2.078398E+04	1.125905E-17	4.831053E-18
2.078458E+04	1.127875E-17	4.851941E-18
2.078518E+04	1.130056E-17	4.861403E-18
2.078578E+04	1.131397E-17	4.864434E-18
2.078638E+04	1.131478E-17	4.852839E-18
2.078698E+04	1.131140E-17	4.857094E-18
2.078758E+04	1.133215E-17	4.864831E-18
2.078818E+04	1.135396E-17	4.880571E-18
2.078878E+04	1.135057E-17	4.896431E-18
2.078938E+04	1.135138E-17	4.948193E-18
2.078998E+04	1.135010E-17	4.963434E-18
2.079058E+04	1.133097E-17	4.954730E-18
2.079118E+04	1.136327E-17	5.016823E-18
2.079178E+04	1.139766E-17	5.035404E-18
2.079238E+04	1.142995E-17	5.046168E-18
2.079298E+04	1.145070E-17	5.051948E-18
2.079358E+04	1.146516E-17	5.058684E-18
2.079418E+04	1.150164E-17	5.087792E-18
2.079478E+04	1.153498E-17	5.092240E-18
2.079538E+04	1.155573E-17	5.116601E-18
2.079599E+04	1.160480E-17	5.136324E-18
2.079659E+04	1.161715E-17	5.194795E-18
2.079719E+04	1.159592E-17	5.235456E-18
2.079779E+04	1.159463E-17	5.214790E-18
2.079839E+04	1.159544E-17	5.221564E-18
2.079899E+04	1.158261E-17	5.219664E-18
2.079959E+04	1.156349E-17	5.241001E-18
2.080019E+04	1.156325E-17	5.271822E-18
2.080079E+04	1.158294E-17	5.273597E-18
2.080139E+04	1.159004E-17	5.266091E-18
2.080199E+04	1.159085E-17	5.272465E-18
2.080259E+04	1.158851E-17	5.251971E-18
2.080319E+04	1.160191E-17	5.251306E-18
2.080379E+04	1.162160E-17	5.253048E-18
2.080439E+04	1.163290E-17	5.255835E-18
2.080499E+04	1.166203E-17	5.238947E-18
2.080559E+04	1.166598E-17	5.228508E-18
2.080619E+04	1.167203E-17	5.227895E-18
2.080679E+04	1.171584E-17	5.238113E-18
2.080739E+04	1.174392E-17	5.256455E-18
2.080799E+04	1.172899E-17	5.244047E-18
2.080859E+04	1.169519E-17	5.235594E-18
2.080919E+04	1.174739E-17	5.253161E-18
2.080979E+04	1.177336E-17	5.252350E-18
2.081039E+04	1.177941E-17	5.250185E-18
2.081099E+04	1.176868E-17	5.224281E-18
2.081159E+04	1.175061E-17	5.210339E-18
2.081219E+04	1.173674E-17	5.215830E-18
2.081279E+04	1.172496E-17	5.215938E-18
2.081338E+04	1.172052E-17	5.205114E-18
2.081399E+04	1.168882E-17	5.186636E-18
2.081458E+04	1.171375E-17	5.191511E-18
2.081518E+04	1.179110E-17	5.213937E-18
2.081578E+04	1.180868E-17	5.225365E-18
2.081638E+04	1.182207E-17	5.233107E-18
2.081698E+04	1.183127E-17	5.234242E-18
2.081758E+04	1.183941E-17	5.242948E-18
2.081818E+04	1.184546E-17	5.246630E-18
2.081878E+04	1.185046E-17	5.240895E-18
2.081938E+04	1.185231E-17	5.236529E-18
2.081998E+04	1.185207E-17	5.233496E-18
2.082058E+04	1.184973E-17	5.249975E-18
2.082118E+04	1.184529E-17	5.272915E-18
2.082178E+04	1.183876E-17	5.271064E-18
2.082238E+04	1.182908E-17	5.261023E-18
2.082298E+04	1.184142E-17	5.267225E-18
2.082358E+04	1.184222E-17	5.254795E-18
2.082418E+04	1.183045E-17	5.246419E-18
2.082478E+04	1.185641E-17	5.271185E-18
2.082538E+04	1.191277E-17	5.293373E-18
2.082598E+04	1.195341E-17	5.307029E-18
2.082658E+04	1.195840E-17	5.318167E-18
2.082718E+04	1.196235E-17	5.336658E-18
2.082778E+04	1.196420E-17	5.353209E-18
2.082838E+04	1.196605E-17	5.352203E-18
2.082898E+04	1.197210E-17	5.352368E-18
2.082958E+04	1.198338E-17	5.344184E-18
2.083018E+04	1.198523E-17	5.344100E-18
2.083078E+04	1.196298E-17	5.334389E-18
2.083138E+04	1.195749E-17	5.332569E-18
2.083198E+04	1.194258E-17	5.325020E-18
2.083258E+04	1.192976E-17	5.344332E-18
2.083318E+04	1.192637E-17	5.359443E-18
2.083378E+04	1.191984E-17	5.362133E-18
2.083438E+04	1.190388E-17	5.326152E-18
2.083498E+04	1.191097E-17	5.331440E-18
2.083558E+04	1.192959E-17	5.355100E-18
2.083618E+04	1.194087E-17	5.306600E-18
2.083679E+04	1.194063E-17	5.309782E-18
2.083739E+04	1.193200E-17	5.319034E-18
2.083799E+04	1.191604E-17	5.324777E-18
2.083859E+04	1.190951E-17	5.331137E-18
2.083919E+04	1.193547E-17	5.335999E-18
2.083979E+04	1.196246E-17	5.354343E-18
2.084039E+04	1.197060E-17	5.340405E-18
2.084099E+04	1.198607E-17	5.349621E-18
2.084159E+04	1.200888E-17	5.308991E-18
2.084219E+04	1.200863E-17	5.251276E-18
2.084279E+04	1.198639E-17	5.243918E-18
2.084339E+04	1.197881E-17	5.234770E-18
2.084399E+04	1.197229E-17	5.230823E-18
2.084459E+04	1.197100E-17	5.207067E-18
2.084519E+04	1.199903E-17	5.188207E-18
2.084579E+04	1.200403E-17	5.188534E-18
2.084639E+04	1.200693E-17	5.188912E-18
2.084699E+04	1.198259E-17	5.182809E-18
2.084759E+04	1.192370E-17	5.168549E-18
2.084819E+04	1.188366E-17	5.167093E-18
2.084879E+04	1.188237E-17	5.175202E-18
2.084939E+04	1.187375E-17	5.171790E-18
2.084999E+04	1.184104E-17	5.190899E-18
2.085059E+04	1.181881E-17	5.230869E-18
2.085119E+04	1.179134E-17	5.249040E-18
2.085179E+04	1.175445E-17	5.274531E-18
2.085239E+04	1.171651E-17	5.252852E-18
2.085299E+04	1.169533E-17	5.243545E-18
2.085359E+04	1.168043E-17	5.230611E-18
2.085419E+04	1.166135E-17	5.224681E-18
2.085479E+04	1.165797E-17	5.242035E-18
2.085539E+04	1.163784E-17	5.259856E-18
2.085599E+04	1.161562E-17	5.252577E-18
2.085659E+04	1.161015E-17	5.250116E-18
2.085719E+04	1.160782E-17	5.241974E-18
2.085779E+04	1.159921E-17	5.233111E-18
2.085839E+04	1.158955E-17	5.231471E-18
2.085899E+04	1.158409E-17	5.248847E-18
2.085959E+04	1.159746E-17	5.253257E-18
2.086019E+04	1.159723E-17	5.253114E-18
2.086079E+04	1.158234E-17	5.270003E-18
2.086139E+04	1.156745E-17	5.307447E-18
2.086199E+04	1.155780E-17	5.315600E-18
2.086259E+04	1.153767E-17	5.302798E-18
2.086319E+04	1.150080E-17	5.291666E-18
2.086379E+04	1.145870E-17	5.278579E-18
2.086439E+04	1.144172E-17	5.276802E-18
2.086499E+04	1.141218E-17	5.266328E-18
2.086559E+04	1.141928E-17	5.264830E-18
2.086619E+04	1.145464E-17	5.253474E-18
2.086679E+04	1.145441E-17	5.245304E-18
2.086739E+04	1.144371E-17	5.245301E-18
2.086799E+04	1.144139E-17	5.259670E-18
2.086859E+04	1.143279E-17	5.256941E-18
2.086919E+04	1.140744E-17	5.253021E-18
2.086979E+04	1.137058E-17	5.225935E-18
2.087039E+04	1.135570E-17	5.212602E-18
2.087099E+04	1.135861E-17	5.216609E-18
2.087159E+04	1.136048E-17	5.172842E-18
2.087219E+04	1.133618E-17	5.145791E-18
2.087279E+04	1.132654E-17	5.119813E-18
2.087339E+04	1.133991E-17	5.152542E-18
2.087399E+04	1.134492E-17	5.154215E-18
2.087459E+04	1.134574E-17	5.158535E-18
2.087519E+04	1.135912E-17	5.177917E-18
2.087579E+04	1.135366E-17	5.185975E-18
2.087639E+04	1.133251E-17	5.195257E-18
2.087699E+04	1.129775E-17	5.187957E-18
2.087759E+04	1.126404E-17	5.210396E-18
2.087820E+04	1.125230E-17	5.220608E-18
2.087880E+04	1.124162E-17	5.210401E-18
2.087940E+04	1.119536E-17	5.183068E-18
2.088000E+04	1.115538E-17	5.165838E-18
2.088060E+04	1.114364E-17	5.186125E-18
2.088120E+04	1.112564E-17	5.206427E-18
2.088180E+04	1.113274E-17	5.196542E-18
2.088240E+04	1.115240E-17	5.267201E-18
2.088300E+04	1.115113E-17	5.253648E-18
2.088360E+04	1.116765E-17	5.344423E-18
2.088420E+04	1.118312E-17	5.338081E-18
2.088480E+04	1.119754E-17	5.331974E-18
2.088540E+04	1.120150E-17	5.323095E-18
2.088600E+04	1.120442E-17	5.315828E-18
2.088660E+04	1.119688E-17	5.315279E-18
2.088720E+04	1.117260E-17	5.309391E-18
2.088780E+04	1.115773E-17	5.289970E-18
2.088840E+04	1.114391E-17	5.289169E-18
2.088900E+04	1.112382E-17	5.287160E-18
2.088960E+04	1.111523E-17	5.287585E-18
2.089020E+04	1.112965E-17	5.296595E-18
2.089080E+04	1.114303E-17	5.307312E-18
2.089140E+04	1.112712E-17	5.304737E-18
2.089200E+04	1.113109E-17	5.296395E-18
2.089260E+04	1.114551E-17	5.295642E-18
2.089320E+04	1.115365E-17	5.281053E-18
2.089380E+04	1.114611E-17	5.322248E-18
2.089440E+04	1.114589E-17	5.329767E-18
2.089500E+04	1.117914E-17	5.312386E-18
2.089560E+04	1.119042E-17	5.265325E-18
2.089620E+04	1.118497E-17	5.234762E-18
2.089680E+04	1.117743E-17	5.192119E-18
2.089740E+04	1.117617E-17	5.190933E-18
2.089800E+04	1.115608E-17	5.191890E-18
2.089860E+04	1.114122E-17	5.188899E-18
2.089920E+04	1.112323E-17	5.190225E-18
2.089980E+04	1.111673E-17	5.170950E-18
2.090040E+04	1.110606E-17	5.144979E-18
2.090100E+04	1.109748E-17	5.142327E-18
2.090160E+04	1.110249E-17	5.145887E-18
2.090220E+04	1.108136E-17	5.134975E-18
2.090280E+04	1.105187E-17	5.125636E-18
2.090340E+04	1.102342E-17	5.113140E-18
2.090400E+04	1.101275E-17	5.084426E-18
2.090460E+04	1.104076E-17	5.097671E-18
2.090520E+04	1.104891E-17	5.100672E-18
2.090580E+04	1.103301E-17	5.069279E-18
2.090640E+04	1.104325E-17	5.033345E-18
2.090700E+04	1.106185E-17	5.032586E-18
2.090760E+04	1.103550E-17	5.024484E-18
2.090820E+04	1.102170E-17	5.025614E-18
2.090880E+04	1.105389E-17	5.034849E-18
2.090940E+04	1.105471E-17	5.032206E-18
2.091000E+04	1.101164E-17	5.018216E-18
2.091060E+04	1.096857E-17	4.993071E-18
2.091120E+04	1.093805E-17	4.982832E-18
2.091180E+04	1.093052E-17	4.984835E-18
2.091240E+04	1.092299E-17	4.975497E-18
2.091300E+04	1.094891E-17	4.964703E-18
2.091360E+04	1.097796E-17	4.973376E-18
2.091420E+04	1.098192E-17	4.970982E-18
2.091480E+04	1.096394E-17	4.973444E-18
2.091540E+04	1.094596E-17	4.968820E-18
2.091600E+04	1.094888E-17	4.967001E-18
2.091660E+04	1.096748E-17	4.972743E-18
2.091720E+04	1.095786E-17	4.968369E-18
2.091780E+04	1.094825E-17	4.965318E-18
2.091840E+04	1.093967E-17	4.929587E-18
2.091901E+04	1.091229E-17	4.920667E-18
2.091961E+04	1.090267E-17	4.915969E-18
2.092021E+04	1.088470E-17	4.893761E-18
2.092081E+04	1.088240E-17	4.882255E-18
2.092141E+04	1.085397E-17	4.860075E-18
2.092201E+04	1.081719E-17	4.843027E-18
2.092261E+04	1.080445E-17	4.769583E-18
2.092321E+04	1.077916E-17	4.724023E-18
2.092381E+04	1.076119E-17	4.710729E-18
2.092441E+04	1.074427E-17	4.705336E-18
2.092501E+04	1.072003E-17	4.692602E-18
2.092561E+04	1.072714E-17	4.666597E-18
2.092621E+04	1.076349E-17	4.644837E-18
2.092681E+04	1.081447E-17	4.661743E-18
2.092741E+04	1.083307E-17	4.582989E-18
2.092801E+04	1.084957E-17	4.588886E-18
2.092861E+04	1.087861E-17	4.484278E-18
2.092921E+04	1.089721E-17	4.491228E-18
2.092981E+04	1.089386E-17	4.490754E-18
2.093041E+04	1.089261E-17	4.490959E-18
2.093101E+04	1.092269E-17	4.500461E-18
2.093161E+04	1.094337E-17	4.507541E-18
2.093221E+04	1.093167E-17	4.507304E-18
2.093281E+04	1.092623E-17	4.503300E-18
2.093341E+04	1.093229E-17	4.502747E-18
2.093401E+04	1.095297E-17	4.504169E-18
2.093461E+04	1.097365E-17	4.512870E-18
2.093521E+04	1.099641E-17	4.514124E-18
2.093581E+04	1.102544E-17	4.513774E-18
2.093641E+04	1.103463E-17	4.519393E-18
2.093701E+04	1.107410E-17	4.534666E-18
2.093761E+04	1.111984E-17	4.543883E-18
2.093821E+04	1.115618E-17	4.556860E-18
2.093881E+04	1.116849E-17	4.514123E-18
2.093941E+04	1.116306E-17	4.506679E-18
2.094001E+04	1.122132E-17	4.528178E-18
2.094061E+04	1.128898E-17	4.553304E-18
2.094121E+04	1.135350E-17	4.577195E-18
2.094181E+04	1.138983E-17	4.590880E-18
2.094241E+04	1.140945E-17	4.598252E-18
2.094301E+04	1.143116E-17	4.599537E-18
2.094361E+04	1.144765E-17	4.608694E-18
2.094421E+04	1.146727E-17	4.611308E-18
2.094481E+04	1.147227E-17	4.614685E-18
2.094541E+04	1.149188E-17	4.623855E-18
2.094601E+04	1.154909E-17	4.653010E-18
2.094661E+04	1.155409E-17	4.667155E-18
2.094721E+04	1.154760E-17	4.671320E-18
2.094781E+04	1.153068E-17	4.671782E-18
2.094841E+04	1.150853E-17	4.674256E-18
2.094901E+04	1.148117E-17	4.666347E-18
2.094961E+04	1.146947E-17	4.665112E-18
2.095021E+04	1.146821E-17	4.666615E-18
2.095081E+04	1.145338E-17	4.659368E-18
2.095141E+04	1.142811E-17	4.644938E-18
2.095201E+04	1.140492E-17	4.631504E-18
2.095261E+04	1.138592E-17	4.637429E-18
2.095321E+04	1.137735E-17	4.634437E-18
2.095381E+04	1.137296E-17	4.638809E-18
2.095441E+04	1.135604E-17	4.647301E-18
2.095501E+04	1.134643E-17	4.645099E-18
2.095561E+04	1.133996E-17	4.636760E-18
2.095621E+04	1.135122E-17	4.644502E-18
2.095681E+04	1.133952E-17	4.642341E-18
2.095741E+04	1.133305E-17	4.639601E-18
2.095801E+04	1.134431E-17	4.643382E-18
2.095861E+04	1.136393E-17	4.655303E-18
2.095921E+04	1.139084E-17	4.664629E-18
2.095981E+04	1.141567E-17	4.663169E-18
2.096042E+04	1.143841E-17	4.667876E-18
2.096102E+04	1.141733E-17	4.661449E-18
2.096162E+04	1.138685E-17	4.664120E-18
2.096222E+04	1.138663E-17	4.670663E-18
2.096282E+04	1.135511E-17	4.660325E-18
2.096342E+04	1.135698E-17	4.663353E-18
2.096402E+04	1.137973E-17	4.672524E-18
2.096462E+04	1.135551E-17	4.667434E-18
2.096522E+04	1.132713E-17	4.656969E-18
2.096582E+04	1.131439E-17	4.654990E-18
2.096642E+04	1.129853E-17	4.648954E-18
2.096702E+04	1.131292E-17	4.650949E-18
2.096762E+04	1.134818E-17	4.648692E-18
2.096822E+04	1.138344E-17	4.655229E-18
2.096882E+04	1.140931E-17	4.657770E-18
2.096942E+04	1.137675E-17	4.638040E-18
2.097002E+04	1.131916E-17	4.617413E-18
2.097062E+04	1.129704E-17	4.610288E-18
2.097122E+04	1.125823E-17	4.608993E-18
2.097182E+04	1.125384E-17	4.609035E-18
2.097242E+04	1.131309E-17	4.630278E-18
2.097302E+04	1.133270E-17	4.639012E-18
2.097362E+04	1.133979E-17	4.642426E-18
2.097422E+04	1.132810E-17	4.639497E-18
2.097482E+04	1.130390E-17	4.633248E-18
2.097542E+04	1.128700E-17	4.634243E-18
2.097602E+04	1.124611E-17	4.618371E-18
2.097662E+04	1.119896E-17	4.598699E-18
2.097722E+04	1.116955E-17	4.580407E-18
2.097782E+04	1.112970E-17	4.569221E-18
2.097842E+04	1.111385E-17	4.559038E-18
2.097902E+04	1.111990E-17	4.562857E-18
2.097962E+04	1.109988E-17	4.550717E-18
2.098022E+04	1.108090E-17	4.547660E-18
2.098082E+04	1.110363E-17	4.557470E-18
2.098142E+04	1.114827E-17	4.571637E-18
2.098202E+04	1.115745E-17	4.574971E-18
2.098262E+04	1.113117E-17	4.565663E-18
2.098322E+04	1.110385E-17	4.558278E-18
2.098382E+04	1.109738E-17	4.551936E-18
2.098442E+04	1.110656E-17	4.559399E-18
2.098502E+04	1.110218E-17	4.565148E-18
2.098562E+04	1.109155E-17	4.564706E-18
2.098622E+04	1.106110E-17	4.558756E-18
2.098682E+04	1.099834E-17	4.544086E-18
2.098742E+04	1.097728E-17	4.546546E-18
2.098802E+04	1.096977E-17	4.559552E-18
2.098862E+04	1.093412E-17	4.564442E-18
2.098922E+04	1.090264E-17	4.579290E-18
2.098982E+04	1.089827E-17	4.612529E-18
2.099042E+04	1.088451E-17	4.645323E-18
2.099102E+04	1.082175E-17	4.663762E-18
2.099162E+04	1.078089E-17	4.691049E-18
2.099222E+04	1.074733E-17	4.733554E-18
2.099282E+04	1.071169E-17	4.784342E-18
2.099342E+04	1.070419E-17	4.847756E-18
2.099402E+04	1.071338E-17	4.846477E-18
2.099462E+04	1.072882E-17	4.865545E-18
2.099522E+04	1.073383E-17	4.883197E-18
2.099582E+04	1.079826E-17	4.908339E-18
2.099642E+04	1.081995E-17	4.909695E-18
2.099702E+04	1.076450E-17	4.894268E-18
2.099762E+04	1.074242E-17	4.890205E-18
2.099822E+04	1.073179E-17	4.878615E-18
2.099882E+04	1.072847E-17	4.872297E-18
2.099942E+04	1.073557E-17	4.863585E-18
2.100002E+04	1.077081E-17	4.875350E-18
2.100062E+04	1.080396E-17	4.890290E-18
2.100123E+04	1.082669E-17	4.900054E-18
2.100183E+04	1.084420E-17	4.903004E-18
2.100243E+04	1.085860E-17	4.912024E-18
2.100303E+04	1.088237E-17	4.929465E-18
2.100363E+04	1.091135E-17	4.935156E-18
2.100423E+04	1.093095E-17	4.940156E-18
2.100483E+04	1.091199E-17	4.933832E-18
2.100543E+04	1.090866E-17	4.950131E-18
2.100603E+04	1.093451E-17	4.985604E-18
2.100663E+04	1.094577E-17	4.978034E-18
2.100723E+04	1.094870E-17	4.978654E-18
2.100783E+04	1.098705E-17	4.996564E-18
2.100843E+04	1.102749E-17	5.009233E-18
2.100903E+04	1.105229E-17	5.044474E-18
2.100963E+04	1.106668E-17	5.065076E-18
2.101023E+04	1.107794E-17	5.073317E-18
2.101083E+04	1.112358E-17	5.083183E-18
2.101203E+04	1.115964E-17	5.094227E-18
2.101263E+04	1.113130E-17	5.087561E-18
2.101323E+04	1.113943E-17	5.092098E-18
2.101383E+04	1.116111E-17	5.103118E-18
2.101443E+04	1.118070E-17	5.105674E-18
2.101503E+04	1.118362E-17	5.109116E-18
2.101563E+04	1.116779E-17	5.109051E-18
2.101623E+04	1.114675E-17	5.097432E-18
2.101683E+04	1.113196E-17	5.075497E-18
2.101743E+04	1.112447E-17	5.073915E-18
2.101803E+04	1.111385E-17	5.079466E-18
2.101863E+04	1.110427E-17	5.076045E-18
2.101923E+04	1.111344E-17	5.084151E-18
2.101983E+04	1.111741E-17	5.085433E-18
2.102042E+04	1.111616E-17	5.081731E-18
2.102103E+04	1.112117E-17	5.072379E-18
2.102162E+04	1.113659E-17	5.076814E-18
2.102222E+04	1.114264E-17	5.084367E-18
2.102282E+04	1.115598E-17	5.093983E-18
2.102342E+04	1.117869E-17	5.090699E-18
2.102402E+04	1.117015E-17	5.086512E-18
2.102462E+04	1.116474E-17	5.079338E-18
2.102522E+04	1.114892E-17	5.071000E-18
2.102582E+04	1.113934E-17	5.067515E-18
2.102642E+04	1.114851E-17	5.070628E-18
2.102702E+04	1.118372E-17	5.082249E-18
2.102762E+04	1.121164E-17	5.101228E-18
2.102822E+04	1.122080E-17	5.137477E-18
2.102882E+04	1.122164E-17	5.168750E-18
2.102942E+04	1.122977E-17	5.181408E-18
2.103002E+04	1.125144E-17	5.179018E-18
2.103062E+04	1.125331E-17	5.169022E-18
2.103122E+04	1.125624E-17	5.169567E-18
2.103182E+04	1.126540E-17	5.177429E-18
2.103242E+04	1.127978E-17	5.186652E-18
2.103302E+04	1.128374E-17	5.184832E-18
2.103362E+04	1.130644E-17	5.188732E-18
2.103422E+04	1.133019E-17	5.193830E-18
2.103482E+04	1.134768E-17	5.180186E-18
2.103542E+04	1.136830E-17	5.159446E-18
2.103602E+04	1.139412E-17	5.172144E-18
2.103662E+04	1.142828E-17	5.211880E-18
2.103722E+04	1.145202E-17	5.199926E-18
2.103782E+04	1.147784E-17	5.154477E-18
2.103842E+04	1.150574E-17	5.098997E-18
2.103902E+04	1.152115E-17	5.079921E-18
2.103962E+04	1.152927E-17	5.104867E-18
2.104022E+04	1.154676E-17	5.128284E-18
2.104082E+04	1.156945E-17	5.124481E-18
2.104142E+04	1.157862E-17	5.168221E-18
2.104203E+04	1.159506E-17	5.189371E-18
2.104263E+04	1.159902E-17	5.194727E-18
2.104323E+04	1.159569E-17	5.206672E-18
2.104383E+04	1.159548E-17	5.230965E-18
2.104443E+04	1.159319E-17	5.236746E-18
2.104503E+04	1.160131E-17	5.251770E-18
2.104563E+04	1.162816E-17	5.307546E-18
2.104623E+04	1.166542E-17	5.336859E-18
2.104683E+04	1.169019E-17	5.347731E-18
2.104743E+04	1.170872E-17	5.350902E-18
2.104803E+04	1.173245E-17	5.352151E-18
2.104863E+04	1.174993E-17	5.349307E-18
2.104923E+04	1.177054E-17	5.357831E-18
2.104983E+04	1.178386E-17	5.368459E-18
2.105043E+04	1.178677E-17	5.395051E-18
2.105103E+04	1.179176E-17	5.389241E-18
2.105163E+04	1.179676E-17	5.373336E-18
2.105223E+04	1.182464E-17	5.392168E-18
2.105283E+04	1.187438E-17	5.399301E-18
2.105343E+04	1.190955E-17	5.398487E-18
2.105403E+04	1.192495E-17	5.403949E-18
2.105463E+04	1.194243E-17	5.392274E-18
2.105523E+04	1.196719E-17	5.394073E-18
2.105583E+04	1.199195E-17	5.416145E-18
2.105643E+04	1.201671E-17	5.431223E-18
2.105703E+04	1.203730E-17	5.441915E-18
2.105763E+04	1.204645E-17	5.445375E-18
2.105823E+04	1.205040E-17	5.446842E-18
2.105883E+04	1.205331E-17	5.452591E-18
2.105943E+04	1.207078E-17	5.476915E-18
2.106003E+04	1.209242E-17	5.486986E-18
2.106063E+04	1.211821E-17	5.492792E-18
2.106123E+04	1.214089E-17	5.501745E-18
2.106183E+04	1.216252E-17	5.516691E-18
2.106243E+04	1.218831E-17	5.524831E-18
2.106303E+04	1.220890E-17	5.529636E-18
2.106363E+04	1.223470E-17	5.546869E-18
2.106423E+04	1.225216E-17	5.549938E-18
2.106483E+04	1.225819E-17	5.556904E-18
2.106543E+04	1.227982E-17	5.567624E-18
2.106603E+04	1.228376E-17	5.566274E-18
2.106663E+04	1.227419E-17	5.585730E-18
2.106723E+04	1.227605E-17	5.593514E-18
2.106783E+04	1.227895E-17	5.592053E-18
2.106843E+04	1.226522E-17	5.587364E-18
2.106903E+04	1.225148E-17	5.597205E-18
2.106963E+04	1.223878E-17	5.604725E-18
2.107023E+04	1.222713E-17	5.601126E-18
2.107083E+04	1.221339E-17	5.594902E-18
2.107143E+04	1.221734E-17	5.596576E-18
2.107203E+04	1.222441E-17	5.597660E-18
2.107263E+04	1.221379E-17	5.587633E-18
2.107323E+04	1.221254E-17	5.563965E-18
2.107383E+04	1.223520E-17	5.564047E-18
2.107443E+04	1.224019E-17	5.565143E-18
2.107503E+04	1.222022E-17	5.557135E-18
2.107563E+04	1.220648E-17	5.552877E-18
2.107623E+04	1.220107E-17	5.571493E-18
2.107683E+04	1.218838E-17	5.617906E-18
2.107743E+04	1.217465E-17	5.637880E-18
2.107803E+04	1.216300E-17	5.641239E-18
2.107863E+04	1.214407E-17	5.634936E-18
2.107923E+04	1.212826E-17	5.624834E-18
2.107983E+04	1.210621E-17	5.687260E-18
2.108043E+04	1.208833E-17	5.759856E-18
2.108103E+04	1.207356E-17	5.735915E-18
2.108163E+04	1.206295E-17	5.670281E-18
2.108223E+04	1.204819E-17	5.648509E-18
2.108283E+04	1.202406E-17	5.633572E-18
2.108344E+04	1.200618E-17	5.621573E-18
2.108404E+04	1.199349E-17	5.573454E-18
2.108464E+04	1.196937E-17	5.560543E-18
2.108524E+04	1.193278E-17	5.537814E-18
2.108584E+04	1.190762E-17	5.540186E-18
2.108644E+04	1.189182E-17	5.498414E-18
2.108704E+04	1.188018E-17	5.479567E-18
2.108764E+04	1.186646E-17	5.468497E-18
2.108824E+04	1.185274E-17	5.435967E-18
2.108884E+04	1.182447E-17	5.394022E-18
2.108944E+04	1.178476E-17	5.362010E-18
2.109004E+04	1.177728E-17	5.355289E-18
2.109064E+04	1.178332E-17	5.325385E-18
2.109124E+04	1.175505E-17	5.304931E-18
2.109184E+04	1.172159E-17	5.296100E-18
2.109244E+04	1.170371E-17	5.297347E-18
2.109304E+04	1.165050E-17	5.279922E-18
2.109364E+04	1.160457E-17	5.282252E-18
2.109424E+04	1.158046E-17	5.307394E-18
2.109484E+04	1.156467E-17	5.295558E-18
2.109544E+04	1.155304E-17	5.262679E-18
2.109604E+04	1.153726E-17	5.254082E-18
2.109664E+04	1.152874E-17	5.251870E-18
2.109724E+04	1.151919E-17	5.244184E-18
2.109784E+04	1.148989E-17	5.236759E-18
2.109844E+04	1.144813E-17	5.223162E-18
2.109904E+04	1.141572E-17	5.210239E-18
2.109964E+04	1.140201E-17	5.208636E-18
2.110024E+04	1.138623E-17	5.201624E-18
2.110084E+04	1.137252E-17	5.184377E-18
2.110144E+04	1.137025E-17	5.179685E-18
2.110204E+04	1.136486E-17	5.176317E-18
2.110264E+04	1.134908E-17	5.170998E-18
2.110324E+04	1.134369E-17	5.169160E-18
2.110384E+04	1.135181E-17	5.162948E-18
2.110444E+04	1.136616E-17	5.148553E-18
2.110504E+04	1.138155E-17	5.149415E-18
2.110564E+04	1.140526E-17	5.157499E-18
2.110624E+04	1.143727E-17	5.168243E-18
2.110684E+04	1.146409E-17	5.167007E-18
2.110744E+04	1.149922E-17	5.172860E-18
2.110804E+04	1.151149E-17	5.167136E-18
2.110864E+04	1.150506E-17	5.157976E-18
2.110924E+04	1.150175E-17	5.158380E-18
2.110984E+04	1.151090E-17	5.159778E-18
2.111044E+04	1.152733E-17	5.157231E-18
2.111104E+04	1.152298E-17	5.163620E-18
2.111164E+04	1.149993E-17	5.145124E-18
2.111224E+04	1.148934E-17	5.138823E-18
2.111284E+04	1.149538E-17	5.145260E-18
2.111344E+04	1.149830E-17	5.155400E-18
2.111404E+04	1.150226E-17	5.141824E-18
2.111464E+04	1.151453E-17	5.131755E-18
2.111524E+04	1.152576E-17	5.134422E-18
2.111584E+04	1.153803E-17	5.145479E-18
2.111644E+04	1.155549E-17	5.151216E-18
2.111704E+04	1.156776E-17	5.157356E-18
2.111764E+04	1.155303E-17	5.152441E-18
2.111824E+04	1.152894E-17	5.143607E-18
2.111884E+04	1.152355E-17	5.124823E-18
2.111944E+04	1.150778E-17	5.112536E-18
2.112004E+04	1.148682E-17	5.107578E-18
2.112064E+04	1.147831E-17	5.106894E-18
2.112124E+04	1.147916E-17	5.110036E-18
2.112184E+04	1.148520E-17	5.056159E-18
2.112244E+04	1.147669E-17	5.014363E-18
2.112304E+04	1.145365E-17	4.994665E-18
2.112364E+04	1.143165E-17	4.988611E-18
2.112425E+04	1.142211E-17	4.990106E-18
2.112485E+04	1.142503E-17	4.908492E-18
2.112545E+04	1.142069E-17	4.807694E-18
2.112605E+04	1.140388E-17	4.802281E-18
2.112665E+04	1.140265E-17	4.808485E-18
2.112725E+04	1.141492E-17	4.794604E-18
2.112785E+04	1.139916E-17	4.785840E-18
2.112845E+04	1.137508E-17	4.780791E-18
2.112905E+04	1.136970E-17	4.778731E-18
2.112965E+04	1.136951E-17	4.769825E-18
2.113025E+04	1.137659E-17	4.757243E-18
2.113085E+04	1.139716E-17	4.753575E-18
2.113145E+04	1.142397E-17	4.755782E-18
2.113205E+04	1.143104E-17	4.753832E-18
2.113265E+04	1.142255E-17	4.748585E-18
2.113325E+04	1.142962E-17	4.750510E-18
2.113385E+04	1.146058E-17	4.761866E-18
2.113445E+04	1.148738E-17	4.771647E-18
2.113505E+04	1.150691E-17	4.777872E-18
2.113565E+04	1.150984E-17	4.782747E-18
2.113625E+04	1.150549E-17	4.787105E-18
2.113685E+04	1.150842E-17	4.780258E-18
2.113745E+04	1.151757E-17	4.776976E-18
2.113805E+04	1.152776E-17	4.785932E-18
2.113865E+04	1.154002E-17	4.765933E-18
2.113925E+04	1.155125E-17	4.726952E-18
2.113985E+04	1.155625E-17	4.722382E-18
2.114045E+04	1.155190E-17	4.718421E-18
2.114105E+04	1.153822E-17	4.710863E-18
2.114165E+04	1.152453E-17	4.707120E-18
2.114225E+04	1.152019E-17	4.716427E-18
2.114285E+04	1.152000E-17	4.715143E-18
2.114345E+04	1.152292E-17	4.723932E-18
2.114405E+04	1.152481E-17	4.723564E-18
2.114465E+04	1.154226E-17	4.723790E-18
2.114525E+04	1.157217E-17	4.730326E-18
2.114585E+04	1.158858E-17	4.735378E-18
2.114645E+04	1.160604E-17	4.740333E-18
2.114705E+04	1.161518E-17	4.743881E-18
2.114765E+04	1.162122E-17	4.746441E-18
2.114825E+04	1.162725E-17	4.748388E-18
2.114885E+04	1.163744E-17	4.752932E-18
2.114945E+04	1.160819E-17	4.742964E-18
2.115005E+04	1.155300E-17	4.723767E-18
2.115065E+04	1.150715E-17	4.707407E-18
2.115125E+04	1.147064E-17	4.693413E-18
2.115185E+04	1.146631E-17	4.693105E-18
2.115245E+04	1.148791E-17	4.703009E-18
2.115305E+04	1.149498E-17	4.707965E-18
2.115365E+04	1.150932E-17	4.713250E-18
2.115425E+04	1.150394E-17	4.712438E-18
2.115485E+04	1.145188E-17	4.692894E-18
2.115545E+04	1.141019E-17	4.681046E-18
2.115605E+04	1.137472E-17	4.662539E-18
2.115665E+04	1.132473E-17	4.632930E-18
2.115725E+04	1.126956E-17	4.608167E-18
2.115785E+04	1.123514E-17	4.595128E-18
2.115845E+04	1.121006E-17	4.573343E-18
2.115905E+04	1.120365E-17	4.573348E-18
2.115965E+04	1.122421E-17	4.584579E-18
2.116025E+04	1.126345E-17	4.598082E-18
2.116085E+04	1.130373E-17	4.602648E-18
2.116145E+04	1.134504E-17	4.658424E-18
2.116205E+04	1.139258E-17	4.702855E-18
2.116265E+04	1.144218E-17	4.738041E-18
2.116325E+04	1.145652E-17	4.746725E-18
2.116385E+04	1.144285E-17	4.741387E-18
2.116445E+04	1.144370E-17	4.739025E-18
2.116506E+04	1.146218E-17	4.743031E-18
2.116566E+04	1.148793E-17	4.748926E-18
2.116626E+04	1.149293E-17	4.731624E-18
2.116686E+04	1.147615E-17	4.721121E-18
2.116746E+04	1.145625E-17	4.714072E-18
2.116806E+04	1.143740E-17	4.705487E-18
2.116866E+04	1.144862E-17	4.705251E-18
2.116926E+04	1.147852E-17	4.709575E-18
2.116986E+04	1.150322E-17	4.715509E-18
2.117046E+04	1.152274E-17	4.718516E-18
2.117106E+04	1.153604E-17	4.720449E-18
2.117166E+04	1.154622E-17	4.720191E-18
2.117226E+04	1.156471E-17	4.723262E-18
2.117286E+04	1.158526E-17	4.727174E-18
2.117346E+04	1.159337E-17	4.727278E-18
2.117406E+04	1.159733E-17	4.725587E-18
2.117466E+04	1.159922E-17	4.723306E-18
2.117526E+04	1.160111E-17	4.727421E-18
2.117586E+04	1.159470E-17	4.727510E-18
2.117646E+04	1.160592E-17	4.731332E-18
2.117706E+04	1.163062E-17	4.749002E-18
2.117766E+04	1.164806E-17	4.769547E-18
2.117826E+04	1.165306E-17	4.793372E-18
2.117886E+04	1.165806E-17	4.810556E-18
2.117946E+04	1.167653E-17	4.822433E-18
2.118006E+04	1.170953E-17	4.835272E-18
2.118066E+04	1.172489E-17	4.832123E-18
2.118126E+04	1.173715E-17	4.823272E-18
2.118186E+04	1.175147E-17	4.840120E-18
2.118246E+04	1.173988E-17	4.851489E-18
2.118306E+04	1.172103E-17	4.847545E-18
2.118366E+04	1.169907E-17	4.843454E-18
2.118426E+04	1.166467E-17	4.839644E-18
2.118486E+04	1.162198E-17	4.833352E-18
2.118546E+04	1.157929E-17	4.814600E-18
2.118606E+04	1.155319E-17	4.814563E-18
2.118666E+04	1.154678E-17	4.818142E-18
2.118726E+04	1.156111E-17	4.808734E-18
2.118786E+04	1.157648E-17	4.817938E-18
2.118846E+04	1.158251E-17	4.820312E-18
2.118906E+04	1.158855E-17	4.821317E-18
2.118966E+04	1.156349E-17	4.808264E-18
2.119026E+04	1.151977E-17	4.794381E-18
2.119086E+04	1.147501E-17	4.778063E-18
2.119146E+04	1.144269E-17	4.767493E-18
2.119206E+04	1.143318E-17	4.765537E-18
2.119266E+04	1.142782E-17	4.767267E-18
2.119326E+04	1.136752E-17	4.752455E-18
2.119386E+04	1.129790E-17	4.729330E-18
2.119446E+04	1.129668E-17	4.728769E-18
2.119506E+04	1.127992E-17	4.728469E-18
2.119566E+04	1.123310E-17	4.713301E-18
2.119626E+04	1.120079E-17	4.712483E-18
2.119686E+04	1.118092E-17	4.708476E-18
2.119746E+04	1.116935E-17	4.706866E-18
2.119806E+04	1.116295E-17	4.703720E-18
2.119866E+04	1.115345E-17	4.698861E-18
2.119926E+04	1.114291E-17	4.695627E-18
2.119986E+04	1.114066E-17	4.695368E-18
2.120046E+04	1.113427E-17	4.690187E-18
2.120106E+04	1.112477E-17	4.683142E-18
2.120166E+04	1.111216E-17	4.674795E-18
2.120226E+04	1.109437E-17	4.673477E-18
2.120286E+04	1.107139E-17	4.660563E-18
2.120346E+04	1.104531E-17	4.656132E-18
2.120406E+04	1.101302E-17	4.644658E-18
2.120466E+04	1.097554E-17	4.629282E-18
2.120526E+04	1.093289E-17	4.612491E-18
2.120586E+04	1.092028E-17	4.607799E-18
2.120647E+04	1.089628E-17	4.556045E-18
2.120707E+04	1.089093E-17	4.521858E-18
2.120767E+04	1.089801E-17	4.502947E-18
2.120827E+04	1.087815E-17	4.491489E-18
2.120887E+04	1.083550E-17	4.478880E-18
2.120947E+04	1.079596E-17	4.469932E-18
2.121007E+04	1.076575E-17	4.459000E-18
2.121067E+04	1.074175E-17	4.457849E-18
2.121127E+04	1.070843E-17	4.441549E-18
2.121187E+04	1.067304E-17	4.424396E-18
2.121247E+04	1.065837E-17	4.419076E-18
2.121307E+04	1.066856E-17	4.426856E-18
2.121367E+04	1.066944E-17	4.428940E-18
2.121427E+04	1.064855E-17	4.424084E-18
2.121487E+04	1.062249E-17	4.414770E-18
2.121547E+04	1.058710E-17	4.405000E-18
2.121607E+04	1.054861E-17	4.385528E-18
2.121667E+04	1.051012E-17	4.363718E-18
2.121727E+04	1.045816E-17	4.342676E-18
2.121787E+04	1.041760E-17	4.326766E-18
2.121847E+04	1.039880E-17	4.320489E-18
2.121907E+04	1.039449E-17	4.323295E-18
2.121967E+04	1.039744E-17	4.333137E-18
2.122027E+04	1.039313E-17	4.330267E-18
2.122087E+04	1.039194E-17	4.334063E-18
2.122147E+04	1.040628E-17	4.360690E-18
2.122207E+04	1.040301E-17	4.380856E-18
2.122267E+04	1.037592E-17	4.392317E-18
2.122327E+04	1.036023E-17	4.404981E-18
2.122387E+04	1.033935E-17	4.425139E-18
2.122447E+04	1.032987E-17	4.462037E-18
2.122507E+04	1.032930E-17	4.510128E-18
2.122567E+04	1.032883E-17	4.563763E-18
2.122627E+04	1.033230E-17	4.585713E-18
2.122687E+04	1.032551E-17	4.678908E-18
2.122747E+04	1.031313E-17	4.783772E-18
2.122807E+04	1.032085E-17	4.803872E-18
2.122867E+04	1.033187E-17	4.802006E-18
2.122927E+04	1.034135E-17	4.802989E-18
2.122987E+04	1.035237E-17	4.806461E-18
2.123047E+04	1.036661E-17	4.823259E-18
2.123106E+04	1.036438E-17	4.833959E-18
2.123167E+04	1.037457E-17	4.841254E-18
2.123226E+04	1.039305E-17	4.849182E-18
2.123286E+04	1.039600E-17	4.848929E-18
2.123346E+04	1.042484E-17	4.857432E-18
2.123406E+04	1.045471E-17	4.869182E-18
2.123466E+04	1.045040E-17	4.866066E-18
2.123526E+04	1.042643E-17	4.860591E-18
2.123586E+04	1.040867E-17	4.860004E-18
2.123646E+04	1.039609E-17	4.857340E-18
2.123706E+04	1.038765E-17	4.852929E-18
2.123766E+04	1.038853E-17	4.853373E-18
2.123826E+04	1.039665E-17	4.856740E-18
2.123886E+04	1.040685E-17	4.865188E-18
2.123946E+04	1.040358E-17	4.869686E-18
2.124006E+04	1.039721E-17	4.867265E-18
2.124066E+04	1.039706E-17	4.868006E-18
2.124126E+04	1.038965E-17	4.856296E-18
2.124186E+04	1.038846E-17	4.853091E-18
2.124246E+04	1.039452E-17	4.852986E-18
2.124306E+04	1.038401E-17	4.849104E-18
2.124366E+04	1.036936E-17	4.847085E-18
2.124426E+04	1.037852E-17	4.854972E-18
2.124486E+04	1.040114E-17	4.858286E-18
2.124546E+04	1.043203E-17	4.871562E-18
2.124606E+04	1.044430E-17	4.885891E-18
2.124666E+04	1.043586E-17	4.900488E-18
2.124727E+04	1.044916E-17	4.921302E-18
2.124787E+04	1.047074E-17	4.943696E-18
2.124847E+04	1.047886E-17	4.950916E-18
2.124907E+04	1.048284E-17	4.949427E-18
2.124967E+04	1.048683E-17	4.950457E-18
2.125027E+04	1.049391E-17	4.963914E-18
2.125087E+04	1.051860E-17	4.988472E-18
2.125147E+04	1.054949E-17	5.007434E-18
2.125207E+04	1.056796E-17	5.013795E-18
2.125267E+04	1.059575E-17	5.032006E-18
2.125327E+04	1.061422E-17	5.074355E-18
2.125387E+04	1.061716E-17	5.104717E-18
2.125447E+04	1.063356E-17	5.113027E-18
2.125507E+04	1.064789E-17	5.116378E-18
2.125567E+04	1.064152E-17	5.102372E-18
2.125627E+04	1.064861E-17	5.098871E-18
2.125687E+04	1.066915E-17	5.104582E-18
2.125747E+04	1.066692E-17	5.102596E-18
2.125807E+04	1.065745E-17	5.090935E-18
2.125867E+04	1.065626E-17	5.083958E-18
2.125927E+04	1.066024E-17	5.084969E-18
2.125987E+04	1.067043E-17	5.087896E-18
2.126047E+04	1.066096E-17	5.082240E-18
2.126107E+04	1.065355E-17	5.079568E-18
2.126167E+04	1.066788E-17	5.080362E-18
2.126227E+04	1.068014E-17	5.082946E-18
2.126287E+04	1.067998E-17	5.084544E-18
2.126347E+04	1.068707E-17	5.086728E-18
2.126407E+04	1.069415E-17	5.088497E-18
2.126467E+04	1.070020E-17	5.091124E-18
2.126527E+04	1.072695E-17	5.098696E-18
2.126587E+04	1.076817E-17	5.108491E-18
2.126647E+04	1.078353E-17	5.104567E-18
2.126707E+04	1.078751E-17	5.092419E-18
2.126767E+04	1.080391E-17	5.080013E-18
2.126827E+04	1.082340E-17	5.065750E-18
2.126887E+04	1.085014E-17	5.047584E-18
2.126947E+04	1.087585E-17	5.022284E-18
2.127007E+04	1.090672E-17	4.990840E-18
2.127067E+04	1.094173E-17	4.951996E-18
2.127127E+04	1.096123E-17	4.936572E-18
2.127187E+04	1.095797E-17	4.821713E-18
2.127247E+04	1.094746E-17	4.671624E-18
2.127307E+04	1.097109E-17	4.639978E-18
2.127367E+04	1.101438E-17	4.653758E-18
2.127427E+04	1.104215E-17	4.660830E-18
2.127487E+04	1.109267E-17	4.674200E-18
2.127547E+04	1.113905E-17	4.685807E-18
2.127607E+04	1.117199E-17	4.687524E-18
2.127667E+04	1.120493E-17	4.696818E-18
2.127727E+04	1.123890E-17	4.712134E-18
2.127787E+04	1.127183E-17	4.725856E-18
2.127847E+04	1.129132E-17	4.731321E-18
2.127907E+04	1.130150E-17	4.734517E-18
2.127967E+04	1.132098E-17	4.740790E-18
2.128027E+04	1.134874E-17	4.743291E-18
2.128087E+04	1.137754E-17	4.743605E-18
2.128147E+04	1.140530E-17	4.757910E-18
2.128207E+04	1.141858E-17	4.770142E-18
2.128267E+04	1.142875E-17	4.773325E-18
2.128327E+04	1.144100E-17	4.777746E-18
2.128387E+04	1.145841E-17	4.785976E-18
2.128447E+04	1.149341E-17	4.805518E-18
2.128507E+04	1.152944E-17	4.835573E-18
2.128567E+04	1.156133E-17	4.891411E-18
2.128627E+04	1.159425E-17	4.923857E-18
2.128687E+04	1.163441E-17	4.939170E-18
2.128747E+04	1.167457E-17	4.953508E-18
2.128808E+04	1.171473E-17	4.970786E-18
2.128868E+04	1.177040E-17	4.985916E-18
2.128928E+04	1.182814E-17	4.996964E-18
2.128988E+04	1.186933E-17	5.033467E-18
2.129048E+04	1.190121E-17	5.059069E-18
2.129108E+04	1.192689E-17	5.063375E-18
2.129168E+04	1.193603E-17	5.057944E-18
2.129228E+04	1.193068E-17	5.037760E-18
2.129288E+04	1.193672E-17	5.026099E-18
2.129348E+04	1.195723E-17	5.028812E-18
2.129408E+04	1.198497E-17	5.040008E-18
2.129468E+04	1.200237E-17	5.047077E-18
2.129528E+04	1.200841E-17	5.055073E-18
2.129588E+04	1.202478E-17	5.055029E-18
2.129648E+04	1.204838E-17	5.055836E-18
2.129708E+04	1.205131E-17	5.056595E-18
2.129768E+04	1.204391E-17	5.048177E-18
2.129828E+04	1.204167E-17	5.008405E-18
2.129888E+04	1.206631E-17	4.989970E-18
2.129948E+04	1.211059E-17	4.999645E-18
2.130008E+04	1.214556E-17	5.011038E-18
2.130068E+04	1.216296E-17	5.016331E-18
2.130128E+04	1.216589E-17	5.029110E-18
2.130188E+04	1.216572E-17	5.030224E-18
2.130248E+04	1.217899E-17	5.061131E-18
2.130308E+04	1.220879E-17	5.075122E-18
2.130368E+04	1.223343E-17	5.098549E-18
2.130428E+04	1.223325E-17	5.120970E-18
2.130488E+04	1.223411E-17	5.132759E-18
2.130548E+04	1.224841E-17	5.140308E-18
2.130608E+04	1.225651E-17	5.134434E-18
2.130668E+04	1.225324E-17	5.133287E-18
2.130728E+04	1.225616E-17	5.135976E-18
2.130788E+04	1.226219E-17	5.137268E-18
2.130848E+04	1.225789E-17	5.136123E-18
2.130908E+04	1.226392E-17	5.138432E-18
2.130968E+04	1.228441E-17	5.146753E-18
2.131028E+04	1.229044E-17	5.147297E-18
2.131088E+04	1.227477E-17	5.139204E-18
2.131148E+04	1.227873E-17	5.146700E-18
2.131208E+04	1.228063E-17	5.162390E-18
2.131268E+04	1.227219E-17	5.159297E-18
2.131328E+04	1.227201E-17	5.164712E-18
2.131388E+04	1.228734E-17	5.189009E-18
2.131448E+04	1.230371E-17	5.193967E-18
2.131508E+04	1.232110E-17	5.205492E-18
2.131568E+04	1.232403E-17	5.205323E-18
2.131628E+04	1.231869E-17	5.206366E-18
2.131688E+04	1.230612E-17	5.200211E-18
2.131748E+04	1.228218E-17	5.191264E-18
2.131808E+04	1.225825E-17	5.186138E-18
2.131868E+04	1.224464E-17	5.180760E-18
2.131928E+04	1.224137E-17	5.181018E-18
2.131988E+04	1.223500E-17	5.180283E-18
2.132048E+04	1.221004E-17	5.172540E-18
2.132108E+04	1.218817E-17	5.170924E-18
2.132168E+04	1.218387E-17	5.174042E-18
2.132228E+04	1.218577E-17	5.174394E-18
2.132288E+04	1.218766E-17	5.177147E-18
2.132348E+04	1.216683E-17	5.177613E-18
2.132408E+04	1.212637E-17	5.164110E-18
2.132468E+04	1.209417E-17	5.152996E-18
2.132528E+04	1.207851E-17	5.147511E-18
2.132588E+04	1.206181E-17	5.141077E-18
2.132648E+04	1.202755E-17	5.113859E-18
2.132708E+04	1.199640E-17	5.091117E-18
2.132768E+04	1.198900E-17	5.088496E-18
2.132828E+04	1.198057E-17	5.085383E-18
2.132888E+04	1.194632E-17	5.079188E-18
2.132949E+04	1.190173E-17	5.066895E-18
2.133009E+04	1.185714E-17	5.037969E-18
2.133069E+04	1.181463E-17	4.984340E-18
2.133129E+04	1.179071E-17	4.962372E-18
2.133189E+04	1.177092E-17	4.956168E-18
2.133249E+04	1.173874E-17	4.945288E-18
2.133309E+04	1.171378E-17	4.935325E-18
2.133369E+04	1.170846E-17	4.935805E-18
2.133429E+04	1.169487E-17	4.949625E-18
2.133489E+04	1.166786E-17	4.910424E-18
2.133549E+04	1.164394E-17	4.885962E-18
2.133609E+04	1.163552E-17	4.883091E-18
2.133669E+04	1.163536E-17	4.881979E-18
2.133729E+04	1.163727E-17	4.882109E-18
2.133789E+04	1.164951E-17	4.883480E-18
2.133849E+04	1.166794E-17	4.890118E-18
2.133909E+04	1.168947E-17	4.900544E-18
2.133969E+04	1.170480E-17	4.908605E-18
2.134029E+04	1.175525E-17	4.922119E-18
2.134089E+04	1.180880E-17	4.941088E-18
2.134149E+04	1.183446E-17	4.949900E-18
2.134209E+04	1.183430E-17	4.964795E-18
2.134269E+04	1.182278E-17	4.959856E-18
2.134329E+04	1.182468E-17	4.960817E-18
2.134389E+04	1.182246E-17	4.952930E-18
2.134449E+04	1.180681E-17	4.951576E-18
2.134509E+04	1.179529E-17	4.947539E-18
2.134569E+04	1.179823E-17	4.958100E-18
2.134629E+04	1.179497E-17	4.952748E-18
2.134689E+04	1.177519E-17	4.944274E-18
2.134749E+04	1.176161E-17	4.916380E-18
2.134809E+04	1.175836E-17	4.918176E-18
2.134869E+04	1.175923E-17	4.906194E-18
2.134929E+04	1.177043E-17	4.889402E-18
2.134989E+04	1.177647E-17	4.880319E-18
2.135049E+04	1.176289E-17	4.876259E-18
2.135109E+04	1.174725E-17	4.882177E-18
2.135169E+04	1.172644E-17	4.877790E-18
2.135229E+04	1.169634E-17	4.868562E-18
2.135289E+04	1.168276E-17	4.865979E-18
2.135349E+04	1.167228E-17	4.863075E-18
2.135409E+04	1.165251E-17	4.856230E-18
2.135469E+04	1.163583E-17	4.847298E-18
2.135529E+04	1.163052E-17	4.844571E-18
2.135589E+04	1.162726E-17	4.843602E-18
2.135649E+04	1.161679E-17	4.832233E-18
2.135709E+04	1.161973E-17	4.816078E-18
2.135769E+04	1.163300E-17	4.823284E-18
2.135829E+04	1.163697E-17	4.821876E-18
2.135889E+04	1.162753E-17	4.804148E-18
2.135949E+04	1.161189E-17	4.804372E-18
2.136009E+04	1.159006E-17	4.786512E-18
2.136069E+04	1.156100E-17	4.781414E-18
2.136129E+04	1.153194E-17	4.770693E-18
2.136189E+04	1.151011E-17	4.762576E-18
2.136249E+04	1.149757E-17	4.757586E-18
2.136309E+04	1.148400E-17	4.749244E-18
2.136369E+04	1.145804E-17	4.739430E-18
2.136429E+04	1.142280E-17	4.732607E-18
2.136489E+04	1.140613E-17	4.733873E-18
2.136549E+04	1.139876E-17	4.731514E-18
2.136609E+04	1.139241E-17	4.726766E-18
2.136669E+04	1.141600E-17	4.730765E-18
2.136729E+04	1.144063E-17	4.745727E-18
2.136789E+04	1.144873E-17	4.753361E-18
2.136849E+04	1.145065E-17	4.747244E-18
2.136909E+04	1.145256E-17	4.746489E-18
2.136969E+04	1.144932E-17	4.745133E-18
2.137030E+04	1.144194E-17	4.742254E-18
2.137090E+04	1.143973E-17	4.741963E-18
2.137150E+04	1.143545E-17	4.744211E-18
2.137210E+04	1.143117E-17	4.742267E-18
2.137270E+04	1.143206E-17	4.748941E-18
2.137330E+04	1.143397E-17	4.750981E-18
2.137390E+04	1.141525E-17	4.736569E-18
2.137450E+04	1.139033E-17	4.718312E-18
2.137510E+04	1.138709E-17	4.716481E-18
2.137570E+04	1.139004E-17	4.717548E-18
2.137630E+04	1.137441E-17	4.707285E-18
2.137690E+04	1.136085E-17	4.700768E-18
2.137750E+04	1.134832E-17	4.695206E-18
2.137810E+04	1.133269E-17	4.686587E-18
2.137870E+04	1.132532E-17	4.689230E-18
2.137930E+04	1.131383E-17	4.671147E-18
2.137990E+04	1.131162E-17	4.670673E-18
2.138050E+04	1.132385E-17	4.670327E-18
2.138110E+04	1.132164E-17	4.673232E-18
2.138170E+04	1.129674E-17	4.663981E-18
2.138230E+04	1.127595E-17	4.660007E-18
2.138290E+04	1.126343E-17	4.659863E-18
2.138350E+04	1.125296E-17	4.664674E-18
2.138410E+04	1.123734E-17	4.667555E-18
2.138470E+04	1.121553E-17	4.659078E-18
2.138530E+04	1.118959E-17	4.636505E-18
2.138590E+04	1.117604E-17	4.623169E-18
2.138650E+04	1.116145E-17	4.621352E-18
2.138710E+04	1.116028E-17	4.606637E-18
2.138770E+04	1.116117E-17	4.606357E-18
2.138830E+04	1.114349E-17	4.600241E-18
2.138890E+04	1.111033E-17	4.598384E-18
2.138950E+04	1.108956E-17	4.595379E-18
2.139010E+04	1.109870E-17	4.598667E-18
2.139070E+04	1.110062E-17	4.589641E-18
2.139130E+04	1.108913E-17	4.577490E-18
2.139190E+04	1.107145E-17	4.572033E-18
2.139250E+04	1.105481E-17	4.569051E-18
2.139310E+04	1.105054E-17	4.563746E-18
2.139370E+04	1.105143E-17	4.563498E-18
2.139430E+04	1.104820E-17	4.560144E-18
2.139490E+04	1.102433E-17	4.550384E-18
2.139550E+04	1.099738E-17	4.533544E-18
2.139610E+04	1.099311E-17	4.521649E-18
2.139670E+04	1.098678E-17	4.520326E-18
2.139730E+04	1.096086E-17	4.506344E-18
2.139790E+04	1.094525E-17	4.498117E-18
2.139850E+04	1.095336E-17	4.501851E-18
2.139910E+04	1.096354E-17	4.507710E-18
2.139970E+04	1.096134E-17	4.508235E-18
2.140030E+04	1.095604E-17	4.506881E-18
2.140090E+04	1.095178E-17	4.510348E-18
2.140150E+04	1.094649E-17	4.509614E-18
2.140210E+04	1.093294E-17	4.506945E-18
2.140270E+04	1.091837E-17	4.499121E-18
2.140330E+04	1.090379E-17	4.502103E-18
2.140390E+04	1.087581E-17	4.499543E-18
2.140450E+04	1.085814E-17	4.487693E-18
2.140510E+04	1.085491E-17	4.486475E-18
2.140570E+04	1.084962E-17	4.481558E-18
2.140630E+04	1.085670E-17	4.481415E-18
2.140690E+04	1.087719E-17	4.489137E-18
2.140750E+04	1.089356E-17	4.495491E-18
2.140810E+04	1.090992E-17	4.501456E-18
2.140870E+04	1.093763E-17	4.512384E-18
2.140930E+04	1.096019E-17	4.512265E-18
2.140990E+04	1.096108E-17	4.502907E-18
2.141050E+04	1.096404E-17	4.505748E-18
2.141111E+04	1.097628E-17	4.508182E-18
2.141171E+04	1.097614E-17	4.516088E-18
2.141231E+04	1.095951E-17	4.509177E-18
2.141291E+04	1.095937E-17	4.502581E-18
2.141351E+04	1.095717E-17	4.502809E-18
2.141411E+04	1.094879E-17	4.506756E-18
2.141471E+04	1.096103E-17	4.515826E-18
2.141531E+04	1.094749E-17	4.510867E-18
2.141591E+04	1.091024E-17	4.496760E-18
2.141651E+04	1.088845E-17	4.484886E-18
2.141711E+04	1.089656E-17	4.487383E-18
2.141771E+04	1.091190E-17	4.487892E-18
2.141831E+04	1.092207E-17	4.489981E-18
2.141891E+04	1.092916E-17	4.494273E-18
2.141951E+04	1.092387E-17	4.491439E-18
2.142011E+04	1.091549E-17	4.488674E-18
2.142071E+04	1.091742E-17	4.496557E-18
2.142131E+04	1.093378E-17	4.502670E-18
2.142191E+04	1.096561E-17	4.516010E-18
2.142251E+04	1.100981E-17	4.532184E-18
2.142311E+04	1.105710E-17	4.553859E-18
2.142371E+04	1.109511E-17	4.561338E-18
2.142431E+04	1.110837E-17	4.559340E-18
2.142491E+04	1.112577E-17	4.566541E-18
2.142551E+04	1.115347E-17	4.576585E-18
2.142611E+04	1.116055E-17	4.575992E-18
2.142671E+04	1.115938E-17	4.575791E-18
2.142731E+04	1.115203E-17	4.568222E-18
2.142791E+04	1.115396E-17	4.563294E-18
2.142851E+04	1.117238E-17	4.557496E-18
2.142911E+04	1.118152E-17	4.545836E-18
2.142971E+04	1.118242E-17	4.539674E-18
2.143031E+04	1.119465E-17	4.544010E-18
2.143091E+04	1.121720E-17	4.551847E-18
2.143151E+04	1.124901E-17	4.562749E-18
2.143211E+04	1.126228E-17	4.568336E-18
2.143271E+04	1.126008E-17	4.563071E-18
2.143331E+04	1.127644E-17	4.576379E-18
2.143391E+04	1.129074E-17	4.580887E-18
2.143451E+04	1.128957E-17	4.573644E-18
2.143511E+04	1.128325E-17	4.572277E-18
2.143571E+04	1.129239E-17	4.576118E-18
2.143631E+04	1.130153E-17	4.580299E-18
2.143691E+04	1.128800E-17	4.575309E-18
2.143751E+04	1.127344E-17	4.563757E-18
2.143811E+04	1.126815E-17	4.559320E-18
2.143871E+04	1.127935E-17	4.564147E-18
2.143931E+04	1.129365E-17	4.570251E-18
2.143991E+04	1.130691E-17	4.575349E-18
2.144051E+04	1.132224E-17	4.582050E-18
2.144111E+04	1.133138E-17	4.584943E-18
2.144171E+04	1.133433E-17	4.581392E-18
2.144231E+04	1.135687E-17	4.590100E-18
2.144291E+04	1.138044E-17	4.599076E-18
2.144351E+04	1.138134E-17	4.601262E-18
2.144410E+04	1.138120E-17	4.606582E-18
2.144471E+04	1.139240E-17	4.609443E-18
2.144531E+04	1.139742E-17	4.612254E-18
2.144590E+04	1.140244E-17	4.610546E-18
2.144650E+04	1.140849E-17	4.611753E-18
2.144710E+04	1.139290E-17	4.603761E-18
2.144770E+04	1.135979E-17	4.591956E-18
2.144830E+04	1.134935E-17	4.579089E-18
2.144890E+04	1.135025E-17	4.577150E-18
2.144950E+04	1.134084E-17	4.570278E-18
2.145010E+04	1.131804E-17	4.563509E-18
2.145070E+04	1.130039E-17	4.555334E-18
2.145130E+04	1.129820E-17	4.554563E-18
2.145190E+04	1.127643E-17	4.546874E-18
2.145251E+04	1.125363E-17	4.537429E-18
2.145311E+04	1.126792E-17	4.544914E-18
2.145371E+04	1.128015E-17	4.554011E-18
2.145431E+04	1.128414E-17	4.554181E-18
2.145491E+04	1.126649E-17	4.544950E-18
2.145551E+04	1.123030E-17	4.533500E-18
2.145611E+04	1.120235E-17	4.532013E-18
2.145671E+04	1.119501E-17	4.524348E-18
2.145731E+04	1.120106E-17	4.541457E-18
2.145791E+04	1.119990E-17	4.543593E-18
2.145851E+04	1.117608E-17	4.539479E-18
2.145911E+04	1.114195E-17	4.522799E-18
2.145971E+04	1.111607E-17	4.511749E-18
2.146031E+04	1.109740E-17	4.509348E-18
2.146091E+04	1.108800E-17	4.506683E-18
2.146151E+04	1.108375E-17	4.505565E-18
2.146211E+04	1.106817E-17	4.500430E-18
2.146271E+04	1.103507E-17	4.491707E-18
2.146331E+04	1.101434E-17	4.486053E-18
2.146391E+04	1.102555E-17	4.485894E-18
2.146451E+04	1.102645E-17	4.488209E-18
2.146511E+04	1.101087E-17	4.481334E-18
2.146571E+04	1.101075E-17	4.488345E-18
2.146631E+04	1.102813E-17	4.507804E-18
2.146691E+04	1.103831E-17	4.511922E-18
2.146751E+04	1.103097E-17	4.518808E-18
2.146811E+04	1.101745E-17	4.530776E-18
2.146871E+04	1.101321E-17	4.534357E-18
2.146931E+04	1.101617E-17	4.534708E-18
2.146991E+04	1.101811E-17	4.534302E-18
2.147051E+04	1.101386E-17	4.535632E-18
2.147111E+04	1.099726E-17	4.529851E-18
2.147171E+04	1.097035E-17	4.527755E-18
2.147231E+04	1.094036E-17	4.516296E-18
2.147291E+04	1.090728E-17	4.511009E-18
2.147351E+04	1.087934E-17	4.502289E-18
2.147411E+04	1.087510E-17	4.505488E-18
2.147471E+04	1.087292E-17	4.504923E-18
2.147531E+04	1.086764E-17	4.509457E-18
2.147591E+04	1.088194E-17	4.519709E-18
2.147651E+04	1.089212E-17	4.526975E-18
2.147711E+04	1.087654E-17	4.523800E-18
2.147771E+04	1.083626E-17	4.509954E-18
2.147831E+04	1.080524E-17	4.494006E-18
2.147891E+04	1.079997E-17	4.487555E-18
2.147951E+04	1.078131E-17	4.478017E-18
2.148011E+04	1.076368E-17	4.471255E-18
2.148071E+04	1.075326E-17	4.467201E-18
2.148131E+04	1.073049E-17	4.458766E-18
2.148191E+04	1.071183E-17	4.452198E-18
2.148251E+04	1.069420E-17	4.446454E-18
2.148311E+04	1.067864E-17	4.442159E-18
2.148371E+04	1.065998E-17	4.437514E-18
2.148431E+04	1.063412E-17	4.432531E-18
2.148491E+04	1.060002E-17	4.425720E-18
2.148551E+04	1.057004E-17	4.421727E-18
2.148611E+04	1.055551E-17	4.424869E-18
2.148671E+04	1.053480E-17	4.427385E-18
2.148731E+04	1.049967E-17	4.427332E-18
2.148791E+04	1.046351E-17	4.428840E-18
2.148851E+04	1.043148E-17	4.426949E-18
2.148911E+04	1.039841E-17	4.406176E-18
2.148971E+04	1.036741E-17	4.395009E-18
2.149031E+04	1.033435E-17	4.388291E-18
2.149091E+04	1.029614E-17	4.406551E-18
2.149151E+04	1.026987E-17	4.422519E-18
2.149211E+04	1.025596E-17	4.432921E-18
2.149271E+04	1.024658E-17	4.429258E-18
2.149332E+04	1.022660E-17	4.421639E-18
2.149392E+04	1.021094E-17	4.403917E-18
2.149452E+04	1.020218E-17	4.403370E-18
2.149512E+04	1.018467E-17	4.396499E-18
2.149572E+04	1.015768E-17	4.386501E-18
2.149632E+04	1.013019E-17	4.378553E-18
2.149692E+04	1.009651E-17	4.372790E-18
2.149752E+04	1.005903E-17	4.360687E-18
2.149812E+04	1.002124E-17	4.348579E-18
2.149872E+04	9.997455E-18	4.339928E-18
2.149932E+04	9.982522E-18	4.337281E-18
2.149992E+04	9.968001E-18	4.359429E-18
2.150052E+04	9.949877E-18	4.343134E-18
2.150112E+04	9.921973E-18	4.318913E-18
2.150172E+04	9.896027E-18	4.315443E-18
2.150232E+04	9.883155E-18	4.300099E-18
2.150292E+04	9.867812E-18	4.293397E-18
2.150352E+04	9.848970E-18	4.276863E-18
2.150412E+04	9.831055E-18	4.268414E-18
2.150472E+04	9.814479E-18	4.268265E-18
2.150532E+04	9.799035E-18	4.260027E-18
2.150592E+04	9.784724E-18	4.258592E-18
2.150712E+04	9.774220E-18	4.254158E-18
2.150772E+04	9.759189E-18	4.252179E-18
2.150832E+04	9.747967E-18	4.248091E-18
2.150892E+04	9.736952E-18	4.246618E-18
2.150952E+04	9.731700E-18	4.249078E-18
2.151012E+04	9.719039E-18	4.245071E-18
2.151072E+04	9.697114E-18	4.243300E-18
2.151132E+04	9.690937E-18	4.234504E-18
2.151192E+04	9.682085E-18	4.227710E-18
2.151252E+04	9.661808E-18	4.225244E-18
2.151312E+04	9.635769E-18	4.208498E-18
2.151372E+04	9.618581E-18	4.181845E-18
2.151432E+04	9.622286E-18	4.179671E-18
2.151492E+04	9.631651E-18	4.183724E-18
2.151552E+04	9.627329E-18	4.182078E-18
2.151612E+04	9.613538E-18	4.173300E-18
2.151672E+04	9.625580E-18	4.176518E-18
2.151732E+04	9.637724E-18	4.171338E-18
2.151792E+04	9.640399E-18	4.172704E-18
2.151852E+04	9.635666E-18	4.164854E-18
2.151912E+04	9.642047E-18	4.178177E-18
2.151972E+04	9.652338E-18	4.179451E-18
2.152032E+04	9.666334E-18	4.187103E-18
2.152092E+04	9.674155E-18	4.184020E-18
2.152152E+04	9.667878E-18	4.176155E-18
2.152212E+04	9.671583E-18	4.178614E-18
2.152272E+04	9.693399E-18	4.183426E-18
2.152332E+04	9.716861E-18	4.190586E-18
2.152392E+04	9.737235E-18	4.203592E-18
2.152452E+04	9.753596E-18	4.212410E-18
2.152512E+04	9.762960E-18	4.220309E-18
2.152572E+04	9.765327E-18	4.221309E-18
2.152632E+04	9.769546E-18	4.232987E-18
2.152692E+04	9.780041E-18	4.237016E-18
2.152752E+04	9.777572E-18	4.248030E-18
2.152812E+04	9.755862E-18	4.243579E-18
2.152872E+04	9.748248E-18	4.239796E-18
2.152932E+04	9.759258E-18	4.243295E-18
2.152992E+04	9.769239E-18	4.246518E-18
2.153052E+04	9.795373E-18	4.253134E-18
2.153112E+04	9.834677E-18	4.266989E-18
2.153172E+04	9.847435E-18	4.275085E-18
2.153232E+04	9.861839E-18	4.270631E-18
2.153292E+04	9.896202E-18	4.270483E-18
2.153352E+04	9.924495E-18	4.268535E-18
2.153413E+04	9.955460E-18	4.280702E-18
2.153473E+04	9.995583E-18	4.294881E-18
2.153533E+04	1.001050E-17	4.306676E-18
2.153593E+04	1.000957E-17	4.303958E-18
2.153653E+04	1.001276E-17	4.276038E-18
2.153713E+04	1.002953E-17	4.261823E-18
2.153773E+04	1.004784E-17	4.249556E-18
2.153833E+04	1.006646E-17	4.260531E-18
2.153893E+04	1.008888E-17	4.271957E-18
2.153953E+04	1.011398E-17	4.281396E-18
2.154013E+04	1.015534E-17	4.292253E-18
2.154073E+04	1.017190E-17	4.298355E-18
2.154133E+04	1.019123E-17	4.306977E-18
2.154193E+04	1.022878E-17	4.318675E-18
2.154253E+04	1.025449E-17	4.322948E-18
2.154313E+04	1.026416E-17	4.324547E-18
2.154373E+04	1.030294E-17	4.336092E-18
2.154433E+04	1.035426E-17	4.353819E-18
2.154493E+04	1.038399E-17	4.392128E-18
2.154553E+04	1.042708E-17	4.404757E-18
2.154613E+04	1.047224E-17	4.421313E-18
2.154673E+04	1.050504E-17	4.432421E-18
2.154733E+04	1.051728E-17	4.433624E-18
2.154793E+04	1.052540E-17	4.438643E-18
2.154853E+04	1.055615E-17	4.452380E-18
2.154913E+04	1.058279E-17	4.461759E-18
2.154973E+04	1.060428E-17	4.488791E-18
2.155033E+04	1.061548E-17	4.496005E-18
2.155093E+04	1.063183E-17	4.507435E-18
2.155153E+04	1.064715E-17	4.512195E-18
2.155213E+04	1.066658E-17	4.520521E-18
2.155273E+04	1.066956E-17	4.520430E-18
2.155333E+04	1.066431E-17	4.516612E-18
2.155393E+04	1.068786E-17	4.522732E-18
2.155453E+04	1.071243E-17	4.528612E-18
2.155513E+04	1.070924E-17	4.523741E-18
2.155573E+04	1.068856E-17	4.512063E-18
2.155633E+04	1.068537E-17	4.506415E-18
2.155693E+04	1.071303E-17	4.511814E-18
2.155753E+04	1.073966E-17	4.517984E-18
2.155813E+04	1.073750E-17	4.514552E-18
2.155873E+04	1.074253E-17	4.514686E-18
2.155933E+04	1.077122E-17	4.524450E-18
2.155993E+04	1.080093E-17	4.534888E-18
2.156053E+04	1.081316E-17	4.539129E-18
2.156113E+04	1.081614E-17	4.540167E-18
2.156173E+04	1.083351E-17	4.546665E-18
2.156233E+04	1.083855E-17	4.548606E-18
2.156293E+04	1.081273E-17	4.539083E-18
2.156353E+04	1.079823E-17	4.533524E-18
2.156413E+04	1.081149E-17	4.528143E-18
2.156473E+04	1.082064E-17	4.530387E-18
2.156533E+04	1.082156E-17	4.528995E-18
2.156593E+04	1.081014E-17	4.524848E-18
2.156653E+04	1.080283E-17	4.522539E-18
2.156713E+04	1.081918E-17	4.523504E-18
2.156773E+04	1.083552E-17	4.530236E-18
2.156833E+04	1.084158E-17	4.531499E-18
2.156893E+04	1.085587E-17	4.529327E-18
2.156953E+04	1.084445E-17	4.521136E-18
2.157013E+04	1.079911E-17	4.499230E-18
2.157073E+04	1.077844E-17	4.491855E-18
2.157133E+04	1.080815E-17	4.496464E-18
2.157193E+04	1.082552E-17	4.506444E-18
2.157253E+04	1.082130E-17	4.491543E-18
2.157313E+04	1.079446E-17	4.477099E-18
2.157373E+04	1.078510E-17	4.474199E-18
2.157433E+04	1.079631E-17	4.476350E-18
2.157493E+04	1.080031E-17	4.478544E-18
2.157554E+04	1.076833E-17	4.464191E-18
2.157614E+04	1.074047E-17	4.444716E-18
2.157674E+04	1.070952E-17	4.417703E-18
2.157734E+04	1.067652E-17	4.403877E-18
2.157794E+04	1.064455E-17	4.391843E-18
2.157854E+04	1.060640E-17	4.371706E-18
2.157914E+04	1.058266E-17	4.341353E-18
2.157974E+04	1.059283E-17	4.342748E-18
2.158034E+04	1.059787E-17	4.341259E-18
2.158094E+04	1.058440E-17	4.353116E-18
2.158154E+04	1.058944E-17	4.390022E-18
2.158214E+04	1.060167E-17	4.389855E-18
2.158274E+04	1.060980E-17	4.396567E-18
2.158334E+04	1.060352E-17	4.391887E-18
2.158394E+04	1.058595E-17	4.384874E-18
2.158454E+04	1.058893E-17	4.384020E-18
2.158514E+04	1.060219E-17	4.396223E-18
2.158574E+04	1.059695E-17	4.392777E-18
2.158634E+04	1.058759E-17	4.400994E-18
2.158694E+04	1.058030E-17	4.410309E-18
2.158754E+04	1.058225E-17	4.405885E-18
2.158814E+04	1.061504E-17	4.418830E-18
2.158874E+04	1.064989E-17	4.431915E-18
2.158934E+04	1.065595E-17	4.434262E-18
2.158994E+04	1.063632E-17	4.420908E-18
2.159054E+04	1.060847E-17	4.395502E-18
2.159114E+04	1.056725E-17	4.384775E-18
2.159174E+04	1.053015E-17	4.368655E-18
2.159234E+04	1.052697E-17	4.367353E-18
2.159294E+04	1.053200E-17	4.368425E-18
2.159354E+04	1.052163E-17	4.368448E-18
2.159414E+04	1.050714E-17	4.363110E-18
2.159474E+04	1.049984E-17	4.340455E-18
2.159534E+04	1.048021E-17	4.325203E-18
2.159594E+04	1.044311E-17	4.309584E-18
2.159654E+04	1.041732E-17	4.320619E-18
2.159714E+04	1.040283E-17	4.319127E-18
2.159774E+04	1.040274E-17	4.317530E-18
2.159834E+04	1.041703E-17	4.320818E-18
2.159894E+04	1.043029E-17	4.328141E-18
2.159954E+04	1.043122E-17	4.340849E-18
2.160014E+04	1.041673E-17	4.333942E-18
2.160074E+04	1.041149E-17	4.331017E-18
2.160134E+04	1.042270E-17	4.336960E-18
2.160194E+04	1.046165E-17	4.353138E-18
2.160254E+04	1.048519E-17	4.366592E-18
2.160314E+04	1.049126E-17	4.372356E-18
2.160374E+04	1.049733E-17	4.374901E-18
2.160434E+04	1.047770E-17	4.374608E-18
2.160494E+04	1.043444E-17	4.380578E-18
2.160554E+04	1.040660E-17	4.381407E-18
2.160614E+04	1.039417E-17	4.378268E-18
2.160674E+04	1.039305E-17	4.377860E-18
2.160734E+04	1.040117E-17	4.382384E-18
2.160794E+04	1.041649E-17	4.388227E-18
2.160854E+04	1.043283E-17	4.400069E-18
2.160914E+04	1.042965E-17	4.402922E-18
2.160974E+04	1.042750E-17	4.403530E-18
2.161034E+04	1.043460E-17	4.407509E-18
2.161094E+04	1.043553E-17	4.404960E-18
2.161154E+04	1.045495E-17	4.421402E-18
2.161214E+04	1.049801E-17	4.443224E-18
2.161274E+04	1.051230E-17	4.478520E-18
2.161334E+04	1.049473E-17	4.474365E-18
2.161394E+04	1.046484E-17	4.485620E-18
2.161454E+04	1.045961E-17	4.513312E-18
2.161514E+04	1.045951E-17	4.516107E-18
2.161574E+04	1.042037E-17	4.502584E-18
2.161635E+04	1.042644E-17	4.505602E-18
2.161695E+04	1.043764E-17	4.509630E-18
2.161755E+04	1.040775E-17	4.508822E-18
2.161815E+04	1.040560E-17	4.511144E-18
2.161875E+04	1.039626E-17	4.505950E-18
2.161935E+04	1.036945E-17	4.498405E-18
2.161995E+04	1.038580E-17	4.502811E-18
2.162055E+04	1.040419E-17	4.514312E-18
2.162115E+04	1.039691E-17	4.512072E-18
2.162175E+04	1.040709E-17	4.520986E-18
2.162235E+04	1.042035E-17	4.535176E-18
2.162295E+04	1.042436E-17	4.550125E-18
2.162355E+04	1.042632E-17	4.552041E-18
2.162415E+04	1.042931E-17	4.579574E-18
2.162475E+04	1.043332E-17	4.590255E-18
2.162535E+04	1.042398E-17	4.594045E-18
2.162595E+04	1.040334E-17	4.600003E-18
2.162655E+04	1.038784E-17	4.565666E-18
2.162715E+04	1.037850E-17	4.561752E-18
2.162775E+04	1.037943E-17	4.564193E-18
2.162835E+04	1.038447E-17	4.578851E-18
2.162895E+04	1.039465E-17	4.581103E-18
2.162955E+04	1.041099E-17	4.587410E-18
2.163015E+04	1.040474E-17	4.588749E-18
2.163075E+04	1.039951E-17	4.592859E-18
2.163135E+04	1.041688E-17	4.590212E-18
2.163195E+04	1.042706E-17	4.585974E-18
2.163255E+04	1.045264E-17	4.595023E-18
2.163315E+04	1.047720E-17	4.603173E-18
2.163375E+04	1.045862E-17	4.597426E-18
2.163435E+04	1.044722E-17	4.593869E-18
2.163495E+04	1.044508E-17	4.575941E-18
2.163555E+04	1.041109E-17	4.564108E-18
2.163615E+04	1.037915E-17	4.551803E-18
2.163675E+04	1.036776E-17	4.549981E-18
2.163735E+04	1.038821E-17	4.568936E-18
2.163795E+04	1.041996E-17	4.579994E-18
2.163855E+04	1.042706E-17	4.591782E-18
2.163915E+04	1.039615E-17	4.590260E-18
2.163975E+04	1.036936E-17	4.588456E-18
2.164035E+04	1.038467E-17	4.602198E-18
2.164095E+04	1.041744E-17	4.617998E-18
2.164155E+04	1.043584E-17	4.597856E-18
2.164215E+04	1.042856E-17	4.584421E-18
2.164275E+04	1.041717E-17	4.577568E-18
2.164335E+04	1.042221E-17	4.577767E-18
2.164395E+04	1.044060E-17	4.596247E-18
2.164455E+04	1.045900E-17	4.602114E-18
2.164515E+04	1.047328E-17	4.612286E-18
2.164575E+04	1.046395E-17	4.618830E-18
2.164635E+04	1.044845E-17	4.625292E-18
2.164695E+04	1.045452E-17	4.641779E-18
2.164755E+04	1.047394E-17	4.652054E-18
2.164815E+04	1.048412E-17	4.654154E-18
2.164875E+04	1.046863E-17	4.648783E-18
2.164935E+04	1.045518E-17	4.639773E-18
2.164995E+04	1.046947E-17	4.621071E-18
2.165055E+04	1.048478E-17	4.615217E-18
2.165115E+04	1.049496E-17	4.616140E-18
2.165175E+04	1.050924E-17	4.623542E-18
2.165235E+04	1.051121E-17	4.629615E-18
2.165295E+04	1.049160E-17	4.623156E-18
2.165355E+04	1.047919E-17	4.617151E-18
2.165415E+04	1.047397E-17	4.610020E-18
2.165475E+04	1.047490E-17	4.606405E-18
2.165535E+04	1.048508E-17	4.624427E-18
2.165595E+04	1.049628E-17	4.628467E-18
2.165655E+04	1.049825E-17	4.628781E-18
2.165716E+04	1.049199E-17	4.667336E-18
2.165776E+04	1.047034E-17	4.659340E-18
2.165836E+04	1.044047E-17	4.648229E-18
2.165896E+04	1.041369E-17	4.628007E-18
2.165956E+04	1.041052E-17	4.624665E-18
2.166016E+04	1.041761E-17	4.641715E-18
2.166076E+04	1.041958E-17	4.646896E-18
2.166135E+04	1.042257E-17	4.664060E-18
2.166196E+04	1.043377E-17	4.668476E-18
2.166256E+04	1.042342E-17	4.658204E-18
2.166315E+04	1.039355E-17	4.647700E-18
2.166375E+04	1.038320E-17	4.645407E-18
2.166435E+04	1.035744E-17	4.660479E-18
2.166495E+04	1.033374E-17	4.663582E-18
2.166555E+04	1.034802E-17	4.667064E-18
2.166615E+04	1.035512E-17	4.669049E-18
2.166675E+04	1.035195E-17	4.669160E-18
2.166735E+04	1.037445E-17	4.675248E-18
2.166795E+04	1.038771E-17	4.667653E-18
2.166855E+04	1.037736E-17	4.678519E-18
2.166915E+04	1.036700E-17	4.656105E-18
2.166975E+04	1.036178E-17	4.640196E-18
2.167035E+04	1.035040E-17	4.649157E-18
2.167095E+04	1.033184E-17	4.622517E-18
2.167155E+04	1.031430E-17	4.616223E-18
2.167215E+04	1.029881E-17	4.611226E-18
2.167275E+04	1.028332E-17	4.601895E-18
2.167335E+04	1.027400E-17	4.595200E-18
2.167395E+04	1.028007E-17	4.597010E-18
2.167455E+04	1.029744E-17	4.608722E-18
2.167515E+04	1.029940E-17	4.599608E-18
2.167575E+04	1.029521E-17	4.592543E-18
2.167635E+04	1.028589E-17	4.591967E-18
2.167695E+04	1.027451E-17	4.588724E-18
2.167755E+04	1.027134E-17	4.587306E-18
2.167815E+04	1.026510E-17	4.584524E-18
2.167875E+04	1.026080E-17	4.581757E-18
2.167935E+04	1.025394E-17	4.586605E-18
2.167995E+04	1.023630E-17	4.584314E-18
2.168055E+04	1.022205E-17	4.622053E-18
2.168115E+04	1.019713E-17	4.611064E-18
2.168175E+04	1.017569E-17	4.604421E-18
2.168235E+04	1.015128E-17	4.583517E-18
2.168295E+04	1.013057E-17	4.572401E-18
2.168355E+04	1.011581E-17	4.558175E-18
2.168415E+04	1.009232E-17	4.581946E-18
2.168475E+04	1.008741E-17	4.573181E-18
2.168535E+04	1.009421E-17	4.568391E-18
2.168595E+04	1.007513E-17	4.599989E-18
2.168655E+04	1.003276E-17	4.584519E-18
2.168715E+04	1.000610E-17	4.576130E-18
2.168775E+04	1.001607E-17	4.626902E-18
2.168835E+04	1.001763E-17	4.621569E-18
2.168895E+04	9.996100E-18	4.607523E-18
2.168955E+04	9.976518E-18	4.601418E-18
2.169015E+04	9.961760E-18	4.597853E-18
2.169075E+04	9.928014E-18	4.587702E-18
2.169135E+04	9.878259E-18	4.564711E-18
2.169195E+04	9.854573E-18	4.547273E-18
2.169255E+04	9.841459E-18	4.542203E-18
2.169315E+04	9.812129E-18	4.536835E-18
2.169375E+04	9.768637E-18	4.521866E-18
2.169435E+04	9.748032E-18	4.518169E-18
2.169495E+04	9.741693E-18	4.518018E-18
2.169555E+04	9.733814E-18	4.514138E-18
2.169615E+04	9.727782E-18	4.513451E-18
2.169675E+04	9.724009E-18	4.514442E-18
2.169735E+04	9.720339E-18	4.513053E-18
2.169795E+04	9.700967E-18	4.521380E-18
2.169856E+04	9.669280E-18	4.508577E-18
2.169916E+04	9.661505E-18	4.501310E-18
2.169976E+04	9.672818E-18	4.518213E-18
2.170036E+04	9.684849E-18	4.513398E-18
2.170096E+04	9.656654E-18	4.510738E-18
2.170156E+04	9.627330E-18	4.503214E-18
2.170216E+04	9.617401E-18	4.451262E-18
2.170276E+04	9.613835E-18	4.426659E-18
2.170336E+04	9.631203E-18	4.432633E-18
2.170396E+04	9.633383E-18	4.440682E-18
2.170456E+04	9.617504E-18	4.435615E-18
2.170516E+04	9.637847E-18	4.431584E-18
2.170576E+04	9.644132E-18	4.434155E-18
2.170636E+04	9.609064E-18	4.433836E-18
2.170696E+04	9.584977E-18	4.424140E-18
2.170756E+04	9.575666E-18	4.441079E-18
2.170816E+04	9.570562E-18	4.437173E-18
2.170876E+04	9.567100E-18	4.451364E-18
2.170936E+04	9.567639E-18	4.448753E-18
2.170996E+04	9.576696E-18	4.448644E-18
2.171056E+04	9.598988E-18	4.452964E-18
2.171116E+04	9.612558E-18	4.461464E-18
2.171176E+04	9.615253E-18	4.453839E-18
2.171236E+04	9.612201E-18	4.456017E-18
2.171296E+04	9.600326E-18	4.457738E-18
2.171356E+04	9.578704E-18	4.431021E-18
2.171416E+04	9.556057E-18	4.418212E-18
2.171476E+04	9.553519E-18	4.419165E-18
2.171536E+04	9.563909E-18	4.404987E-18
2.171596E+04	9.559217E-18	4.402615E-18
2.171656E+04	9.563041E-18	4.404086E-18
2.171716E+04	9.573636E-18	4.406920E-18
2.171776E+04	9.598287E-18	4.413402E-18
2.171836E+04	9.632274E-18	4.415832E-18
2.171896E+04	9.661027E-18	4.425634E-18
2.171956E+04	9.687729E-18	4.430578E-18
2.172016E+04	9.696066E-18	4.453379E-18
2.172076E+04	9.719074E-18	4.469834E-18
2.172136E+04	9.748955E-18	4.478898E-18
2.172196E+04	9.760062E-18	4.481873E-18
2.172256E+04	9.801124E-18	4.499704E-18
2.172316E+04	9.823105E-18	4.509097E-18
2.172376E+04	9.797792E-18	4.500516E-18
2.172436E+04	9.798024E-18	4.492061E-18
2.172496E+04	9.840214E-18	4.504051E-18
2.172556E+04	9.856552E-18	4.466514E-18
2.172616E+04	9.848885E-18	4.480126E-18
2.172676E+04	9.869941E-18	4.487057E-18
2.172736E+04	9.880636E-18	4.492981E-18
2.172796E+04	9.883330E-18	4.496853E-18
2.172856E+04	9.883562E-18	4.494732E-18
2.172916E+04	9.859687E-18	4.445830E-18
2.172976E+04	9.850892E-18	4.441711E-18
2.173036E+04	9.862203E-18	4.441809E-18
2.173096E+04	9.872283E-18	4.400851E-18
2.173156E+04	9.889646E-18	4.415614E-18
2.173216E+04	9.900751E-18	4.417984E-18
2.173276E+04	9.894316E-18	4.369164E-18
2.173336E+04	9.906755E-18	4.383705E-18
2.173396E+04	9.907500E-18	4.398939E-18
2.173456E+04	9.917682E-18	4.403352E-18
2.173516E+04	9.938942E-18	4.410020E-18
2.173576E+04	9.929840E-18	4.439052E-18
2.173636E+04	9.919713E-18	4.456704E-18
2.173696E+04	9.938921E-18	4.463103E-18
2.173756E+04	9.967155E-18	4.471319E-18
2.173816E+04	9.983183E-18	4.474747E-18
2.173876E+04	9.975928E-18	4.472420E-18
2.173937E+04	9.958210E-18	4.462978E-18
2.173997E+04	9.960801E-18	4.466258E-18
2.174057E+04	9.984727E-18	4.479846E-18
2.174117E+04	1.000547E-17	4.495320E-18
2.174177E+04	1.001381E-17	4.498934E-18
2.174237E+04	1.001691E-17	4.496426E-18
2.174297E+04	1.001089E-17	4.494438E-18
2.174357E+04	9.997788E-18	4.492291E-18
2.174417E+04	1.000664E-17	4.495552E-18
2.174477E+04	1.004738E-17	4.495859E-18
2.174537E+04	1.007643E-17	4.501161E-18
2.174597E+04	1.006713E-17	4.492719E-18
2.174657E+04	1.004654E-17	4.464731E-18
2.174717E+04	1.003724E-17	4.467561E-18
2.174777E+04	1.007490E-17	4.484477E-18
2.174837E+04	1.010272E-17	4.494469E-18
2.174897E+04	1.010162E-17	4.484191E-18
2.174957E+04	1.010934E-17	4.467707E-18
2.175017E+04	1.010691E-17	4.461311E-18
2.175077E+04	1.009217E-17	4.452848E-18
2.175137E+04	1.009558E-17	4.424822E-18
2.175197E+04	1.012966E-17	4.439611E-18
2.175257E+04	1.012804E-17	4.417585E-18
2.175317E+04	1.010120E-17	4.408418E-18
2.175377E+04	1.011343E-17	4.409142E-18
2.175437E+04	1.011818E-17	4.390706E-18
2.175497E+04	1.011739E-17	4.393710E-18
2.175557E+04	1.010972E-17	4.391222E-18
2.175617E+04	1.009058E-17	4.412203E-18
2.175677E+04	1.006610E-17	4.408163E-18
2.175737E+04	1.008048E-17	4.406004E-18
2.175797E+04	1.009384E-17	4.404707E-18
2.175857E+04	1.010095E-17	4.411286E-18
2.175917E+04	1.011482E-17	4.422081E-18
2.175977E+04	1.013700E-17	4.455887E-18
2.176037E+04	1.016163E-17	4.464694E-18
2.176097E+04	1.018381E-17	4.474740E-18
2.176157E+04	1.020455E-17	4.482112E-18
2.176217E+04	1.020438E-17	4.505332E-18
2.176277E+04	1.020471E-17	4.522501E-18
2.176337E+04	1.020074E-17	4.535809E-18
2.176397E+04	1.020149E-17	4.536240E-18
2.176457E+04	1.021454E-17	4.552563E-18
2.176517E+04	1.023569E-17	4.542689E-18
2.176577E+04	1.025151E-17	4.537726E-18
2.176637E+04	1.026056E-17	4.540884E-18
2.176697E+04	1.027689E-17	4.544819E-18
2.176757E+04	1.029323E-17	4.548764E-18
2.176817E+04	1.031263E-17	4.558960E-18
2.176877E+04	1.035255E-17	4.576821E-18
2.176937E+04	1.037810E-17	4.599581E-18
2.176997E+04	1.037393E-17	4.616418E-18
2.177057E+04	1.035232E-17	4.605416E-18
2.177117E+04	1.033585E-17	4.583432E-18
2.177177E+04	1.033987E-17	4.583064E-18
2.177237E+04	1.035210E-17	4.584157E-18
2.177297E+04	1.037766E-17	4.590828E-18
2.177357E+04	1.040527E-17	4.652574E-18
2.177417E+04	1.040314E-17	4.667115E-18
2.177477E+04	1.039282E-17	4.694555E-18
2.177537E+04	1.039684E-17	4.722275E-18
2.177597E+04	1.040600E-17	4.711240E-18
2.177657E+04	1.040900E-17	4.702428E-18
2.177717E+04	1.042635E-17	4.708506E-18
2.177777E+04	1.046524E-17	4.706676E-18
2.177837E+04	1.050105E-17	4.713969E-18
2.177897E+04	1.052865E-17	4.712313E-18
2.177957E+04	1.054498E-17	4.712095E-18
2.178018E+04	1.052748E-17	4.707324E-18
2.178078E+04	1.051203E-17	4.667331E-18
2.178138E+04	1.052221E-17	4.649511E-18
2.178198E+04	1.054776E-17	4.680996E-18
2.178258E+04	1.055794E-17	4.715263E-18
2.178318E+04	1.055376E-17	4.712459E-18
2.178378E+04	1.052909E-17	4.708777E-18
2.178438E+04	1.051569E-17	4.700263E-18
2.178498E+04	1.049716E-17	4.691594E-18
2.178558E+04	1.046839E-17	4.676722E-18
2.178618E+04	1.047959E-17	4.674380E-18
2.178678E+04	1.049387E-17	4.676892E-18
2.178738E+04	1.048969E-17	4.673352E-18
2.178798E+04	1.047117E-17	4.655289E-18
2.178858E+04	1.044855E-17	4.644762E-18
2.178918E+04	1.044232E-17	4.642863E-18
2.178978E+04	1.043405E-17	4.646858E-18
2.179038E+04	1.042988E-17	4.651044E-18
2.179098E+04	1.044518E-17	4.666875E-18
2.179158E+04	1.043896E-17	4.662595E-18
2.179218E+04	1.041839E-17	4.683644E-18
2.179278E+04	1.040294E-17	4.683073E-18
2.179338E+04	1.038442E-17	4.677822E-18
2.179398E+04	1.036180E-17	4.673037E-18
2.179458E+04	1.035250E-17	4.669813E-18
2.179518E+04	1.034116E-17	4.672456E-18
2.179578E+04	1.033699E-17	4.683057E-18
2.179878E+04	1.032741E-17	4.692981E-18
2.179998E+04	1.032829E-17	4.691246E-18
2.180058E+04	1.035180E-17	4.728200E-18
2.180358E+04	1.032378E-17	4.725797E-18
2.180418E+04	1.030218E-17	4.708616E-18
2.180478E+04	1.034516E-17	4.730828E-18
2.180538E+04	1.036251E-17	4.737348E-18
2.180598E+04	1.036654E-17	4.739066E-18
2.180658E+04	1.040542E-17	4.725764E-18
2.180718E+04	1.041457E-17	4.728425E-18
2.180778E+04	1.040938E-17	4.726049E-18
2.180838E+04	1.041648E-17	4.728545E-18
2.180898E+04	1.041334E-17	4.723467E-18
2.180958E+04	1.040610E-17	4.711016E-18
2.181018E+04	1.038860E-17	4.678450E-18
2.181078E+04	1.037931E-17	4.675509E-18
2.181138E+04	1.038437E-17	4.678757E-18
2.181198E+04	1.038430E-17	4.689378E-18
2.181258E+04	1.039345E-17	4.673817E-18
2.181318E+04	1.041490E-17	4.665439E-18
2.181378E+04	1.043123E-17	4.656857E-18
2.181438E+04	1.044346E-17	4.660561E-18
2.181498E+04	1.044442E-17	4.664618E-18
2.181558E+04	1.043922E-17	4.664637E-18
2.181618E+04	1.042788E-17	4.661362E-18
2.181678E+04	1.040732E-17	4.659681E-18
2.181738E+04	1.040725E-17	4.661149E-18
2.181798E+04	1.040718E-17	4.665554E-18
2.181858E+04	1.038457E-17	4.677274E-18
2.181918E+04	1.037425E-17	4.675373E-18
2.181978E+04	1.037111E-17	4.664770E-18
2.182038E+04	1.032596E-17	4.653182E-18
2.182098E+04	1.031052E-17	4.655987E-18
2.182159E+04	1.031558E-17	4.675931E-18
2.182219E+04	1.029911E-17	4.675205E-18
2.182279E+04	1.030519E-17	4.677396E-18
2.182339E+04	1.032357E-17	4.686688E-18
2.182399E+04	1.033375E-17	4.637742E-18
2.182459E+04	1.031217E-17	4.614037E-18
2.182519E+04	1.028546E-17	4.576286E-18
2.182579E+04	1.027924E-17	4.550837E-18
2.182639E+04	1.029557E-17	4.573709E-18
2.182699E+04	1.030063E-17	4.587617E-18
2.182759E+04	1.026265E-17	4.595753E-18
2.182819E+04	1.022775E-17	4.601310E-18
2.182879E+04	1.020504E-17	4.587753E-18
2.182939E+04	1.020016E-17	4.592967E-18
2.182999E+04	1.020245E-17	4.597986E-18
2.183059E+04	1.019019E-17	4.600436E-18
2.183119E+04	1.017107E-17	4.594056E-18
2.183179E+04	1.013678E-17	4.581740E-18
2.183239E+04	1.009809E-17	4.545094E-18
2.183299E+04	1.010315E-17	4.512513E-18
2.183359E+04	1.009765E-17	4.510223E-18
2.183419E+04	1.007116E-17	4.497604E-18
2.183479E+04	1.003564E-17	4.485197E-18
2.183539E+04	1.001908E-17	4.481519E-18
2.183599E+04	1.003705E-17	4.494661E-18
2.183659E+04	1.004908E-17	4.515031E-18
2.183719E+04	1.004123E-17	4.533202E-18
2.183779E+04	1.001074E-17	4.542411E-18
2.183839E+04	9.962727E-18	4.522736E-18
2.183899E+04	9.924143E-18	4.509464E-18
2.183959E+04	9.908508E-18	4.512645E-18
2.184019E+04	9.891746E-18	4.509642E-18
2.184079E+04	9.877649E-18	4.498622E-18
2.184139E+04	9.886807E-18	4.491499E-18
2.184199E+04	9.870456E-18	4.486024E-18
2.184259E+04	9.854412E-18	4.448462E-18
2.184319E+04	9.858244E-18	4.439325E-18
2.184379E+04	9.857055E-18	4.437732E-18
2.184439E+04	9.864267E-18	4.437087E-18
2.184499E+04	9.870762E-18	4.439063E-18
2.184559E+04	9.857690E-18	4.427102E-18
2.184619E+04	9.845336E-18	4.406760E-18
2.184679E+04	9.845787E-18	4.391430E-18
2.184739E+04	9.861809E-18	4.396730E-18
2.184799E+04	9.866870E-18	4.371059E-18
2.184859E+04	9.872443E-18	4.363674E-18
2.184919E+04	9.868592E-18	4.361656E-18
2.184979E+04	9.877443E-18	4.357758E-18
2.185039E+04	9.894181E-18	4.351555E-18
2.185099E+04	9.885823E-18	4.352645E-18
2.185159E+04	9.913318E-18	4.367742E-18
2.185219E+04	9.956894E-18	4.387835E-18
2.185279E+04	9.956321E-18	4.399385E-18
2.185339E+04	9.955031E-18	4.415053E-18
2.185399E+04	9.956301E-18	4.415582E-18
2.185459E+04	9.938007E-18	4.408897E-18
2.185519E+04	9.914387E-18	4.408454E-18
2.185579E+04	9.912585E-18	4.410722E-18
2.185639E+04	9.917441E-18	4.409601E-18
2.185699E+04	9.928033E-18	4.403556E-18
2.185759E+04	9.954195E-18	4.408256E-18
2.185819E+04	9.961100E-18	4.408607E-18
2.185879E+04	9.947416E-18	4.411159E-18
2.185939E+04	9.939059E-18	4.424903E-18
2.185999E+04	9.938384E-18	4.408669E-18
2.186059E+04	9.936890E-18	4.399257E-18
2.186119E+04	9.922183E-18	4.394202E-18
2.186179E+04	9.898668E-18	4.380707E-18
2.186240E+04	9.888876E-18	4.383291E-18
2.186300E+04	9.885949E-18	4.375945E-18
2.186360E+04	9.889270E-18	4.351284E-18
2.186420E+04	9.899452E-18	4.353594E-18
2.186480E+04	9.902056E-18	4.363826E-18
2.186540E+04	9.906093E-18	4.340110E-18
2.186600E+04	9.931640E-18	4.348199E-18
2.186660E+04	9.944997E-18	4.355030E-18
2.186720E+04	9.959789E-18	4.352540E-18
2.186780E+04	9.976936E-18	4.375293E-18
2.186840E+04	9.971243E-18	4.370141E-18
2.186900E+04	9.971389E-18	4.374772E-18
2.186960E+04	9.994988E-18	4.383383E-18
2.187020E+04	1.001357E-17	4.384929E-18
2.187080E+04	1.001843E-17	4.378716E-18
2.187140E+04	1.003311E-17	4.369751E-18
2.187200E+04	1.006736E-17	4.378432E-18
2.187260E+04	1.007970E-17	4.356727E-18
2.187320E+04	1.007462E-17	4.333331E-18
2.187380E+04	1.008398E-17	4.347957E-18
2.187440E+04	1.008474E-17	4.343004E-18
2.187500E+04	1.006338E-17	4.332724E-18
2.187560E+04	1.006383E-17	4.325932E-18
2.187620E+04	1.007504E-17	4.332345E-18
2.187680E+04	1.006617E-17	4.331279E-18
2.187740E+04	1.005690E-17	4.326971E-18
2.187800E+04	1.008869E-17	4.338434E-18
2.187860E+04	1.011781E-17	4.357662E-18
2.187920E+04	1.011683E-17	4.359642E-18
2.187980E+04	1.011391E-17	4.362481E-18
2.188040E+04	1.012501E-17	4.363909E-18
2.188100E+04	1.017902E-17	4.382182E-18
2.188160E+04	1.021122E-17	4.381674E-18
2.188220E+04	1.023041E-17	4.370656E-18
2.188279E+04	1.022073E-17	4.348087E-18
2.188340E+04	1.018094E-17	4.332820E-18
2.188399E+04	1.016419E-17	4.327086E-18
2.188460E+04	1.016669E-17	4.317457E-18
2.188519E+04	1.016233E-17	4.302989E-18
2.188579E+04	1.015326E-17	4.299394E-18
2.188639E+04	1.014460E-17	4.292534E-18
2.188699E+04	1.013768E-17	4.289022E-18
2.188759E+04	1.010526E-17	4.278977E-18
2.188819E+04	1.011104E-17	4.296052E-18
2.188879E+04	1.012993E-17	4.307893E-18
2.188939E+04	1.014861E-17	4.316597E-18
2.188999E+04	1.018265E-17	4.331073E-18
2.189059E+04	1.019283E-17	4.335353E-18
2.189119E+04	1.020250E-17	4.337977E-18
2.189179E+04	1.020592E-17	4.337951E-18
2.189239E+04	1.016296E-17	4.322052E-18
2.189299E+04	1.013260E-17	4.310756E-18
2.189359E+04	1.014892E-17	4.320413E-18
2.189419E+04	1.015941E-17	4.325741E-18
2.189479E+04	1.016396E-17	4.327091E-18
2.189539E+04	1.017558E-17	4.331258E-18
2.189599E+04	1.017931E-17	4.333668E-18
2.189659E+04	1.018478E-17	4.330929E-18
2.189719E+04	1.021063E-17	4.334135E-18
2.189779E+04	1.022285E-17	4.331367E-18
2.189839E+04	1.023252E-17	4.322480E-18
2.189899E+04	1.024097E-17	4.326181E-18
2.189959E+04	1.024705E-17	4.333722E-18
2.190019E+04	1.025621E-17	4.331344E-18
2.190079E+04	1.026127E-17	4.347311E-18
2.190139E+04	1.025814E-17	4.348754E-18
2.190199E+04	1.023259E-17	4.337691E-18
2.190259E+04	1.020847E-17	4.337573E-18
2.190320E+04	1.021149E-17	4.363572E-18
2.190380E+04	1.020774E-17	4.351784E-18
2.190440E+04	1.017912E-17	4.347614E-18
2.190500E+04	1.016105E-17	4.351705E-18
2.190560E+04	1.015597E-17	4.354325E-18
2.190620E+04	1.013861E-17	4.357102E-18
2.190680E+04	1.011030E-17	4.385250E-18
2.190740E+04	1.011997E-17	4.380715E-18
2.190800E+04	1.012370E-17	4.388479E-18
2.190860E+04	1.012150E-17	4.391611E-18
2.190920E+04	1.010905E-17	4.388098E-18
2.190980E+04	1.008320E-17	4.371049E-18
2.191040E+04	1.006850E-17	4.370650E-18
2.191100E+04	1.010131E-17	4.376258E-18
2.191160E+04	1.012409E-17	4.363195E-18
2.191220E+04	1.010059E-17	4.353515E-18
2.191280E+04	1.007146E-17	4.330434E-18
2.191340E+04	1.006178E-17	4.327355E-18
2.191400E+04	1.005876E-17	4.331579E-18
2.191460E+04	1.003362E-17	4.335943E-18
2.191520E+04	9.991490E-18	4.322212E-18
2.191580E+04	9.968401E-18	4.317457E-18
2.191640E+04	9.994964E-18	4.327737E-18
2.191700E+04	1.002081E-17	4.336606E-18
2.191760E+04	1.001052E-17	4.331236E-18
2.191820E+04	9.981597E-18	4.323700E-18
2.191880E+04	9.937523E-18	4.298243E-18
2.191940E+04	9.918122E-18	4.300783E-18
2.192000E+04	9.923085E-18	4.302644E-18
2.192060E+04	9.903581E-18	4.308264E-18
2.192120E+04	9.887047E-18	4.303558E-18
2.192180E+04	9.865190E-18	4.293555E-18
2.192240E+04	9.840978E-18	4.284777E-18
2.192300E+04	9.822909E-18	4.281246E-18
2.192360E+04	9.798187E-18	4.260662E-18
2.192420E+04	9.787488E-18	4.252681E-18
2.192480E+04	9.782420E-18	4.249122E-18
2.192540E+04	9.789022E-18	4.259739E-18
2.192600E+04	9.776891E-18	4.281683E-18
2.192660E+04	9.783595E-18	4.283231E-18
2.192720E+04	9.790504E-18	4.314271E-18
2.192780E+04	9.753295E-18	4.325537E-18
2.192840E+04	9.704519E-18	4.329145E-18
2.192900E+04	9.681744E-18	4.339002E-18
2.192960E+04	9.682819E-18	4.354353E-18
2.193020E+04	9.681642E-18	4.364475E-18
2.193080E+04	9.650985E-18	4.362137E-18
2.193140E+04	9.590440E-18	4.347507E-18
2.193200E+04	9.523857E-18	4.329125E-18
2.193260E+04	9.475187E-18	4.309835E-18
2.193320E+04	9.454257E-18	4.284084E-18
2.193380E+04	9.457073E-18	4.282533E-18
2.193440E+04	9.431332E-18	4.299323E-18
2.193500E+04	9.357894E-18	4.281714E-18
2.193560E+04	9.319053E-18	4.271322E-18
2.193620E+04	9.282464E-18	4.263216E-18
2.193680E+04	9.225813E-18	4.254451E-18
2.193740E+04	9.180935E-18	4.242409E-18
2.193800E+04	9.133293E-18	4.227757E-18
2.193860E+04	9.093942E-18	4.211630E-18
2.193920E+04	9.058891E-18	4.197400E-18
2.193980E+04	9.050656E-18	4.194735E-18
2.194040E+04	9.043035E-18	4.247453E-18
2.194100E+04	8.998978E-18	4.258675E-18
2.194160E+04	8.940899E-18	4.239902E-18
2.194220E+04	8.898276E-18	4.228633E-18
2.194280E+04	8.877146E-18	4.218052E-18
2.194340E+04	8.868299E-18	4.213480E-18
2.194400E+04	8.852083E-18	4.214160E-18
2.194461E+04	8.805264E-18	4.193913E-18
2.194521E+04	8.758856E-18	4.178835E-18
2.194581E+04	8.733634E-18	4.155440E-18
2.194641E+04	8.695005E-18	4.154537E-18
2.194701E+04	8.651464E-18	4.141479E-18
2.194761E+04	8.629416E-18	4.125736E-18
2.194821E+04	8.586081E-18	4.086460E-18
2.194881E+04	8.521561E-18	4.071302E-18
2.194941E+04	8.504631E-18	4.088341E-18
2.195001E+04	8.483506E-18	4.077685E-18
2.195061E+04	8.448666E-18	4.060598E-18
2.195121E+04	8.426109E-18	4.050946E-18
2.195181E+04	8.392806E-18	4.020477E-18
2.195301E+04	8.344929E-18	4.005221E-18
2.195361E+04	8.307840E-18	3.986592E-18
2.195421E+04	8.278529E-18	3.979007E-18
2.195481E+04	8.233664E-18	3.968120E-18
2.195721E+04	8.185913E-18	3.949496E-18
2.195781E+04	8.156707E-18	3.934552E-18
2.195841E+04	8.124021E-18	3.952528E-18
2.195901E+04	8.093894E-18	3.951617E-18
2.195961E+04	8.070522E-18	3.949752E-18
2.196021E+04	8.051755E-18	3.948778E-18
2.196081E+04	8.037696E-18	3.984738E-18
2.196141E+04	8.028139E-18	3.976507E-18
2.196201E+04	8.023188E-18	3.963321E-18
2.196261E+04	8.021716E-18	3.961815E-18
2.196321E+04	8.039073E-18	3.964963E-18
2.196381E+04	8.031973E-18	3.964276E-18
2.196441E+04	8.006248E-18	3.952520E-18
2.196501E+04	8.016749E-18	3.969095E-18
2.196561E+04	8.029399E-18	3.968650E-18
2.196621E+04	8.011452E-18	3.966946E-18
2.196681E+04	7.978259E-18	3.946989E-18
2.196741E+04	7.966657E-18	3.943355E-18
2.196801E+04	7.949530E-18	3.928353E-18
2.196861E+04	7.925547E-18	3.930199E-18
2.196921E+04	7.907601E-18	3.932367E-18
2.196981E+04	7.889451E-18	3.927441E-18
2.197041E+04	7.868232E-18	3.925697E-18
2.197101E+04	7.832175E-18	3.930599E-18
2.197161E+04	7.783840E-18	3.924855E-18
2.197221E+04	7.767738E-18	3.962132E-18
2.197281E+04	7.767394E-18	3.991280E-18
2.197341E+04	7.770836E-18	3.970387E-18
2.197401E+04	7.787579E-18	3.975676E-18
2.197461E+04	7.805244E-18	3.954780E-18
2.197521E+04	7.829457E-18	3.973602E-18
2.197581E+04	7.826043E-18	3.963139E-18
2.197641E+04	7.807383E-18	3.940257E-18
2.197701E+04	7.810927E-18	3.941990E-18
2.197761E+04	7.838210E-18	3.963994E-18
2.197821E+04	7.871529E-18	3.965359E-18
2.197881E+04	7.862692E-18	3.955144E-18
2.197941E+04	7.820909E-18	3.938438E-18
2.198001E+04	7.774420E-18	3.921617E-18
2.198061E+04	7.753510E-18	3.915352E-18
2.198121E+04	7.777007E-18	3.927966E-18
2.198181E+04	7.829356E-18	3.919551E-18
2.198241E+04	7.881193E-18	3.927012E-18
2.198301E+04	7.887398E-18	3.938835E-18
2.198361E+04	7.847560E-18	3.938709E-18
2.198421E+04	7.847728E-18	3.927838E-18
2.198481E+04	7.884218E-18	3.940052E-18
2.198542E+04	7.887147E-18	3.939571E-18
2.198602E+04	7.897649E-18	3.950591E-18
2.198662E+04	7.923395E-18	3.964222E-18
2.198722E+04	7.949857E-18	3.974213E-18
2.198782E+04	7.977444E-18	3.935148E-18
2.198842E+04	8.000939E-18	3.910645E-18
2.198902E+04	8.031902E-18	3.920844E-18
2.198962E+04	8.050792E-18	3.929787E-18
2.199022E+04	8.068762E-18	3.934975E-18
2.199082E+04	8.078444E-18	3.943183E-18
2.199142E+04	8.097232E-18	3.943966E-18
2.199202E+04	8.117247E-18	3.950135E-18
2.199262E+04	8.129793E-18	3.953969E-18
2.199322E+04	8.111545E-18	3.947495E-18
2.199382E+04	8.103324E-18	3.926116E-18
2.199442E+04	8.143493E-18	3.936755E-18
2.199502E+04	8.174250E-18	3.957858E-18
2.199562E+04	8.191912E-18	3.965483E-18
2.199622E+04	8.219906E-18	3.974861E-18
2.199682E+04	8.232861E-18	3.921251E-18
2.199742E+04	8.242236E-18	3.938434E-18
2.199802E+04	8.268695E-18	3.975370E-18
2.199862E+04	8.273364E-18	3.972793E-18
2.199922E+04	8.277009E-18	3.954286E-18
2.199982E+04	8.327100E-18	3.995865E-18
2.200042E+04	8.373917E-18	4.051417E-18
2.200102E+04	8.391782E-18	4.071101E-18
2.200162E+04	8.419468E-18	4.073108E-18
2.200222E+04	8.440197E-18	4.086583E-18
2.200282E+04	8.450594E-18	4.091520E-18
2.200342E+04	8.454239E-18	4.065367E-18
2.200402E+04	8.456656E-18	4.052004E-18
2.200462E+04	8.508893E-18	4.069267E-18
2.200522E+04	8.529315E-18	4.071372E-18
2.200582E+04	8.541246E-18	4.047775E-18
2.200642E+04	8.579671E-18	4.058656E-18
2.200702E+04	8.598456E-18	4.061440E-18
2.200762E+04	8.593303E-18	4.060405E-18
2.200822E+04	8.588764E-18	4.059687E-18
2.200882E+04	8.603047E-18	4.068726E-18
2.200942E+04	8.591859E-18	4.063906E-18
2.201002E+04	8.592640E-18	4.064122E-18
2.201062E+04	8.623495E-18	4.080196E-18
2.201122E+04	8.662533E-18	4.099152E-18
2.201182E+04	8.687761E-18	4.127193E-18
2.201242E+04	8.700408E-18	4.135817E-18
2.201302E+04	8.741798E-18	4.146609E-18
2.201362E+04	8.775618E-18	4.148240E-18
2.201422E+04	8.796550E-18	4.177971E-18
2.201482E+04	8.822289E-18	4.196359E-18
2.201542E+04	8.829206E-18	4.190992E-18
2.201602E+04	8.846250E-18	4.180387E-18
2.201662E+04	8.876387E-18	4.190899E-18
2.201722E+04	8.882588E-18	4.151857E-18
2.201782E+04	8.892370E-18	4.111821E-18
2.201842E+04	8.910845E-18	4.121108E-18
2.201902E+04	8.936072E-18	4.130232E-18
2.201962E+04	8.953320E-18	4.138887E-18
2.202022E+04	8.951338E-18	4.108009E-18
2.202082E+04	8.956516E-18	4.094162E-18
2.202142E+04	8.966707E-18	4.108390E-18
2.202202E+04	8.979556E-18	4.095468E-18
2.202262E+04	9.001714E-18	4.074062E-18
2.202322E+04	9.002493E-18	4.091628E-18
2.202382E+04	9.010638E-18	4.125188E-18
2.202442E+04	9.035659E-18	4.157668E-18
2.202502E+04	9.061089E-18	4.186896E-18
2.202562E+04	9.066676E-18	4.203192E-18
2.202623E+04	9.111846E-18	4.225176E-18
2.202683E+04	9.163562E-18	4.252418E-18
2.202743E+04	9.157387E-18	4.256611E-18
2.202803E+04	9.144051E-18	4.241262E-18
2.202863E+04	9.116193E-18	4.213981E-18
2.202923E+04	9.109506E-18	4.209788E-18
2.202983E+04	9.122764E-18	4.210141E-18
2.203043E+04	9.146761E-18	4.218457E-18
2.203103E+04	9.164520E-18	4.212174E-18
2.203163E+04	9.168368E-18	4.221372E-18
2.203223E+04	9.179376E-18	4.224676E-18
2.203283E+04	9.182508E-18	4.232744E-18
2.203343E+04	9.205380E-18	4.254015E-18
2.203403E+04	9.237048E-18	4.287367E-18
2.203463E+04	9.261658E-18	4.286097E-18
2.203523E+04	9.301916E-18	4.311559E-18
2.203583E+04	9.325708E-18	4.318643E-18
2.203643E+04	9.333851E-18	4.321434E-18
2.203703E+04	9.331256E-18	4.319936E-18
2.203763E+04	9.312910E-18	4.317388E-18
2.203823E+04	9.292110E-18	4.310766E-18
2.203883E+04	9.275811E-18	4.310357E-18
2.203943E+04	9.280579E-18	4.319074E-18
2.204003E+04	9.277268E-18	4.354346E-18
2.204063E+04	9.267310E-18	4.355110E-18
2.204123E+04	9.242011E-18	4.340284E-18
2.204183E+04	9.209349E-18	4.332282E-18
2.204243E+04	9.200618E-18	4.322951E-18
2.204303E+04	9.209376E-18	4.307304E-18
2.204363E+04	9.207600E-18	4.306392E-18
2.204423E+04	9.203574E-18	4.305497E-18
2.204483E+04	9.233809E-18	4.309449E-18
2.204543E+04	9.278565E-18	4.288656E-18
2.204603E+04	9.291925E-18	4.295152E-18
2.204663E+04	9.284115E-18	4.309722E-18
2.204723E+04	9.273135E-18	4.301353E-18
2.204783E+04	9.255610E-18	4.357527E-18
2.204843E+04	9.218859E-18	4.418121E-18
2.204903E+04	9.193767E-18	4.413198E-18
2.204963E+04	9.190253E-18	4.417717E-18
2.205083E+04	9.158375E-18	4.450224E-18
2.205143E+04	9.120398E-18	4.443064E-18
2.205203E+04	9.102056E-18	4.434691E-18
2.205263E+04	9.089237E-18	4.463919E-18
2.205323E+04	9.113540E-18	4.469409E-18
2.205383E+04	9.146637E-18	4.487682E-18
2.205443E+04	9.150589E-18	4.486685E-18
2.205503E+04	9.142372E-18	4.482580E-18
2.205563E+04	9.135178E-18	4.474169E-18
2.205623E+04	9.133915E-18	4.473523E-18
2.205683E+04	9.107291E-18	4.455338E-18
2.205743E+04	9.095495E-18	4.431050E-18
2.205803E+04	9.088812E-18	4.449094E-18
2.205863E+04	9.095833E-18	4.471297E-18
2.205923E+04	9.103160E-18	4.471335E-18
2.205983E+04	9.098216E-18	4.438124E-18
2.206043E+04	9.092454E-18	4.427919E-18
2.206103E+04	9.080454E-18	4.423669E-18
2.206163E+04	9.082464E-18	4.427413E-18
2.206223E+04	9.083758E-18	4.462748E-18
2.206283E+04	9.072782E-18	4.482194E-18
2.206343E+04	9.069883E-18	4.481728E-18
2.206403E+04	9.068621E-18	4.457442E-18
2.206463E+04	9.057236E-18	4.452121E-18
2.206523E+04	9.035727E-18	4.453619E-18
2.206583E+04	8.988246E-18	4.423039E-18
2.206643E+04	8.955183E-18	4.411341E-18
2.206703E+04	8.932857E-18	4.402741E-18
2.206764E+04	8.922393E-18	4.403072E-18
2.206824E+04	8.920927E-18	4.410227E-18
2.206884E+04	8.900443E-18	4.435602E-18
2.206944E+04	8.867688E-18	4.439901E-18
2.207004E+04	8.860190E-18	4.419199E-18
2.207064E+04	8.849522E-18	4.403872E-18
2.207124E+04	8.824846E-18	4.382839E-18
2.207184E+04	8.794034E-18	4.365739E-18
2.207244E+04	8.799114E-18	4.363477E-18
2.207304E+04	8.807976E-18	4.360240E-18
2.207364E+04	8.816737E-18	4.379118E-18
2.207424E+04	8.782245E-18	4.367697E-18
2.207484E+04	8.735587E-18	4.351931E-18
2.207544E+04	8.706822E-18	4.349075E-18
2.207604E+04	8.680818E-18	4.340812E-18
2.207664E+04	8.654712E-18	4.353697E-18
2.207724E+04	8.640059E-18	4.351160E-18
2.207784E+04	8.634505E-18	4.355130E-18
2.207844E+04	8.635905E-18	4.370783E-18
2.207904E+04	8.657549E-18	4.376055E-18
2.207964E+04	8.640953E-18	4.345319E-18
2.208024E+04	8.608407E-18	4.355222E-18
2.208084E+04	8.590379E-18	4.342444E-18
2.208144E+04	8.585440E-18	4.344781E-18
2.208204E+04	8.546453E-18	4.353367E-18
2.208264E+04	8.510432E-18	4.363000E-18
2.208324E+04	8.494655E-18	4.354850E-18
2.208384E+04	8.462417E-18	4.350964E-18
2.208444E+04	8.404209E-18	4.329652E-18
2.208504E+04	8.337005E-18	4.302279E-18
2.208564E+04	8.308551E-18	4.254082E-18
2.208624E+04	8.301568E-18	4.245533E-18
2.208684E+04	8.304708E-18	4.246892E-18
2.208744E+04	8.295067E-18	4.246315E-18
2.208804E+04	8.263649E-18	4.236288E-18
2.208864E+04	8.237138E-18	4.227180E-18
2.208924E+04	8.245288E-18	4.227758E-18
2.208984E+04	8.239021E-18	4.228321E-18
2.209044E+04	8.225087E-18	4.216487E-18
2.209104E+04	8.235281E-18	4.226868E-18
2.209164E+04	8.245578E-18	4.231302E-18
2.209224E+04	8.237983E-18	4.222988E-18
2.209284E+04	8.223129E-18	4.217351E-18
2.209344E+04	8.204492E-18	4.147651E-18
2.209404E+04	8.189843E-18	4.063655E-18
2.209464E+04	8.201060E-18	4.061846E-18
2.209524E+04	8.240187E-18	4.082123E-18
2.209584E+04	8.248541E-18	4.099481E-18
2.209644E+04	8.252704E-18	4.083802E-18
2.209704E+04	8.284675E-18	4.104377E-18
2.209764E+04	8.300594E-18	4.109978E-18
2.209824E+04	8.311095E-18	4.134221E-18
2.209884E+04	8.332433E-18	4.140840E-18
2.209944E+04	8.334755E-18	4.140627E-18
2.210004E+04	8.336259E-18	4.140991E-18
2.210064E+04	8.345431E-18	4.138086E-18
2.210124E+04	8.339677E-18	4.130701E-18
2.210184E+04	8.352938E-18	4.137171E-18
2.210244E+04	8.371515E-18	4.147826E-18
2.210304E+04	8.381096E-18	4.132669E-18
2.210364E+04	8.429831E-18	4.139800E-18
2.210424E+04	8.447181E-18	4.162125E-18
2.210484E+04	8.439587E-18	4.180938E-18
2.210544E+04	8.432197E-18	4.206222E-18
2.210604E+04	8.432986E-18	4.214240E-18
2.210664E+04	8.463626E-18	4.221414E-18
2.210724E+04	8.480976E-18	4.183726E-18
2.210784E+04	8.487796E-18	4.155949E-18
2.210845E+04	8.508928E-18	4.168585E-18
2.210904E+04	8.510841E-18	4.169683E-18
2.210965E+04	8.518377E-18	4.173103E-18
2.211024E+04	8.518757E-18	4.167565E-18
2.211085E+04	8.513003E-18	4.169051E-18
2.211144E+04	8.467176E-18	4.153891E-18
2.211204E+04	8.439240E-18	4.141703E-18
2.211264E+04	8.436144E-18	4.137868E-18
2.211324E+04	8.416079E-18	4.128856E-18
2.211384E+04	8.401842E-18	4.103385E-18
2.211444E+04	8.394044E-18	4.123657E-18
2.211504E+04	8.383384E-18	4.122622E-18
2.211564E+04	8.397054E-18	4.132355E-18
2.211624E+04	8.427285E-18	4.156275E-18
2.211684E+04	8.442283E-18	4.186301E-18
2.211744E+04	8.450331E-18	4.265320E-18
2.211804E+04	8.464614E-18	4.319277E-18
2.211864E+04	8.473275E-18	4.308457E-18
2.211924E+04	8.499927E-18	4.324495E-18
2.211984E+04	8.526272E-18	4.366781E-18
2.212104E+04	8.515176E-18	4.365037E-18
2.212224E+04	8.520333E-18	4.370007E-18
2.212344E+04	8.541027E-18	4.359964E-18
2.212404E+04	8.566861E-18	4.358605E-18
2.212464E+04	8.575930E-18	4.357165E-18
2.212524E+04	8.547690E-18	4.322385E-18
2.212584E+04	8.547866E-18	4.312847E-18
2.212644E+04	8.573495E-18	4.318719E-18
2.212704E+04	8.560179E-18	4.295534E-18
2.212764E+04	8.541548E-18	4.297623E-18
2.212824E+04	8.545200E-18	4.294374E-18
2.212884E+04	8.567762E-18	4.278372E-18
2.212944E+04	8.579796E-18	4.259737E-18
2.213004E+04	8.550432E-18	4.245434E-18
2.213064E+04	8.526282E-18	4.234027E-18
2.213124E+04	8.538520E-18	4.236815E-18
2.213184E+04	8.556074E-18	4.243374E-18
2.213244E+04	8.590698E-18	4.261364E-18
2.213304E+04	8.609273E-18	4.281264E-18
2.213364E+04	8.606384E-18	4.290806E-18
2.213424E+04	8.580087E-18	4.285544E-18
2.213484E+04	8.558084E-18	4.271749E-18
2.213544E+04	8.580237E-18	4.281106E-18
2.213604E+04	8.596155E-18	4.287657E-18
2.213664E+04	8.623317E-18	4.295024E-18
2.213724E+04	8.669183E-18	4.306038E-18
2.213784E+04	8.687963E-18	4.305283E-18
2.213844E+04	8.669435E-18	4.277585E-18
2.213904E+04	8.661129E-18	4.259638E-18
2.213964E+04	8.676945E-18	4.264375E-18
2.214024E+04	8.707274E-18	4.275074E-18
2.214084E+04	8.732084E-18	4.283434E-18
2.214144E+04	8.744016E-18	4.292462E-18
2.214204E+04	8.756254E-18	4.282855E-18
2.214264E+04	8.768492E-18	4.228671E-18
2.214324E+04	8.783489E-18	4.235233E-18
2.214384E+04	8.793581E-18	4.232897E-18
2.214444E+04	8.788648E-18	4.195905E-18
2.214504E+04	8.772267E-18	4.168416E-18
2.214564E+04	8.766210E-18	4.155790E-18
2.214624E+04	8.758313E-18	4.149807E-18
2.214684E+04	8.746328E-18	4.144371E-18
2.214744E+04	8.746403E-18	4.144298E-18
2.214804E+04	8.763547E-18	4.152433E-18
2.214864E+04	8.761987E-18	4.155744E-18
2.214925E+04	8.743563E-18	4.170998E-18
2.214985E+04	8.727797E-18	4.159676E-18
2.215045E+04	8.721638E-18	4.147217E-18
2.215105E+04	8.727437E-18	4.136089E-18
2.215165E+04	8.709218E-18	4.123993E-18
2.215225E+04	8.692124E-18	4.090264E-18
2.215285E+04	8.677380E-18	4.081070E-18
2.215345E+04	8.651701E-18	4.104411E-18
2.215405E+04	8.644725E-18	4.093671E-18
2.215465E+04	8.641735E-18	4.100267E-18
2.215525E+04	8.642016E-18	4.107147E-18
2.215585E+04	8.662635E-18	4.120655E-18
2.215645E+04	8.666084E-18	4.126088E-18
2.215705E+04	8.659313E-18	4.124228E-18
2.215765E+04	8.641606E-18	4.116135E-18
2.215825E+04	8.599065E-18	4.107056E-18
2.215885E+04	8.583709E-18	4.104938E-18
2.215945E+04	8.561506E-18	4.094826E-18
2.216005E+04	8.558006E-18	4.091164E-18
2.216065E+04	8.586801E-18	4.088018E-18
2.216125E+04	8.579418E-18	4.022153E-18
2.216185E+04	8.548528E-18	4.010174E-18
2.216245E+04	8.515493E-18	3.993943E-18
2.216305E+04	8.511278E-18	3.985645E-18
2.216365E+04	8.538234E-18	3.972690E-18
2.216425E+04	8.571934E-18	3.914033E-18
2.216485E+04	8.575895E-18	3.863708E-18
2.216545E+04	8.550832E-18	3.877662E-18
2.216605E+04	8.507782E-18	3.858291E-18
2.216665E+04	8.473930E-18	3.807328E-18
2.216725E+04	8.466240E-18	3.796717E-18
2.216785E+04	8.483283E-18	3.798292E-18
2.216845E+04	8.481828E-18	3.797385E-18
2.216905E+04	8.463715E-18	3.825833E-18
2.216965E+04	8.461442E-18	3.825222E-18
2.217025E+04	8.466324E-18	3.841806E-18
2.217085E+04	8.467526E-18	3.842865E-18
2.217145E+04	8.470976E-18	3.847984E-18
2.217205E+04	8.477799E-18	3.867381E-18
2.217265E+04	8.469191E-18	3.865393E-18
2.217325E+04	8.433195E-18	3.848000E-18
2.217385E+04	8.400264E-18	3.865082E-18
2.217445E+04	8.384298E-18	3.860852E-18
2.217505E+04	8.371603E-18	3.858376E-18
2.217565E+04	8.354513E-18	3.854264E-18
2.217625E+04	8.352344E-18	3.853912E-18
2.217685E+04	8.368773E-18	3.872256E-18
2.217745E+04	8.406663E-18	3.881467E-18
2.217805E+04	8.416246E-18	3.875807E-18
2.217865E+04	8.397113E-18	3.862453E-18
2.217925E+04	8.400053E-18	3.858390E-18
2.217985E+04	8.394512E-18	3.853993E-18
2.218045E+04	8.376605E-18	3.845618E-18
2.218105E+04	8.375049E-18	3.853637E-18
2.218165E+04	8.384019E-18	3.911050E-18
2.218225E+04	8.382258E-18	3.922240E-18
2.218285E+04	8.379170E-18	3.946714E-18
2.218345E+04	8.398256E-18	4.013714E-18
2.218405E+04	8.404365E-18	4.019258E-18
2.218465E+04	8.401174E-18	4.019997E-18
2.218525E+04	8.407078E-18	4.021400E-18
2.218585E+04	8.395712E-18	4.017602E-18
2.218645E+04	8.389660E-18	4.011478E-18
2.218705E+04	8.385039E-18	4.006616E-18
2.218765E+04	8.372039E-18	4.004788E-18
2.218825E+04	8.361593E-18	3.999814E-18
2.218885E+04	8.337965E-18	3.988328E-18
2.218945E+04	8.332629E-18	3.987732E-18
2.219005E+04	8.341600E-18	3.991883E-18
2.219066E+04	8.332585E-18	4.000667E-18
2.219126E+04	8.368225E-18	4.015786E-18
2.219186E+04	8.440551E-18	4.041248E-18
2.219246E+04	8.469140E-18	4.050850E-18
2.219306E+04	8.507744E-18	4.082004E-18
2.219366E+04	8.553500E-18	4.167279E-18
2.219426E+04	8.553682E-18	4.136044E-18
2.219486E+04	8.542317E-18	4.142991E-18
2.219546E+04	8.550776E-18	4.158645E-18
2.219606E+04	8.581204E-18	4.171561E-18
2.219666E+04	8.606728E-18	4.160886E-18
2.219726E+04	8.587903E-18	4.154846E-18
2.219786E+04	8.569284E-18	4.145318E-18
2.219846E+04	8.544431E-18	4.100019E-18
2.219906E+04	8.561065E-18	4.116818E-18
2.219966E+04	8.590471E-18	4.124217E-18
2.220026E+04	8.575428E-18	4.114361E-18
2.220086E+04	8.536781E-18	4.172035E-18
2.220146E+04	8.510703E-18	4.172352E-18
2.220206E+04	8.530606E-18	4.179479E-18
2.220266E+04	8.539883E-18	4.182617E-18
2.220326E+04	8.553349E-18	4.192369E-18
2.220386E+04	8.563239E-18	4.205833E-18
2.220446E+04	8.563625E-18	4.264209E-18
2.220506E+04	8.561151E-18	4.325490E-18
2.220566E+04	8.534256E-18	4.385460E-18
2.220626E+04	8.531272E-18	4.411811E-18
2.220686E+04	8.569158E-18	4.421562E-18
2.220746E+04	8.593455E-18	4.433165E-18
2.220806E+04	8.617650E-18	4.437485E-18
2.220866E+04	8.655230E-18	4.461741E-18
2.220926E+04	8.648976E-18	4.459568E-18
2.220986E+04	8.664076E-18	4.464900E-18
2.221046E+04	8.681323E-18	4.445427E-18
2.221106E+04	8.681403E-18	4.441484E-18
2.221166E+04	8.709378E-18	4.450946E-18
2.221226E+04	8.722537E-18	4.450060E-18
2.221286E+04	8.744790E-18	4.456407E-18
2.221346E+04	8.748141E-18	4.466349E-18
2.221406E+04	8.741886E-18	4.426285E-18
2.221466E+04	8.748915E-18	4.429282E-18
2.221526E+04	8.783633E-18	4.430125E-18
2.221586E+04	8.815082E-18	4.463572E-18
2.221646E+04	8.842954E-18	4.492016E-18
2.221706E+04	8.867659E-18	4.489420E-18
2.221766E+04	8.887868E-18	4.489332E-18
2.221826E+04	8.904092E-18	4.510265E-18
2.221886E+04	8.915105E-18	4.485324E-18
2.221946E+04	8.920295E-18	4.484928E-18
2.222006E+04	8.921806E-18	4.484868E-18
2.222066E+04	8.915654E-18	4.480376E-18
2.222126E+04	8.920332E-18	4.481952E-18
2.222186E+04	8.942789E-18	4.475779E-18
2.222246E+04	8.999371E-18	4.493849E-18
2.222306E+04	9.014778E-18	4.498395E-18
2.222366E+04	8.996263E-18	4.490190E-18
2.222426E+04	9.002372E-18	4.490622E-18
2.222486E+04	9.005825E-18	4.489170E-18
2.222546E+04	8.992214E-18	4.483345E-18
2.222606E+04	8.966650E-18	4.467857E-18
2.222666E+04	8.937817E-18	4.423223E-18
2.222726E+04	8.939329E-18	4.413284E-18
2.222786E+04	8.937673E-18	4.390554E-18
2.222846E+04	8.907205E-18	4.325572E-18
2.222906E+04	8.867645E-18	4.323916E-18
2.222966E+04	8.804279E-18	4.301906E-18
2.223026E+04	8.798128E-18	4.298707E-18
2.223086E+04	8.828146E-18	4.308498E-18
2.223147E+04	8.827716E-18	4.308647E-18
2.223207E+04	8.845269E-18	4.312565E-18
2.223267E+04	8.887853E-18	4.323562E-18
2.223327E+04	8.924715E-18	4.337404E-18
2.223387E+04	8.925001E-18	4.338245E-18
2.223447E+04	8.924776E-18	4.339257E-18
2.223507E+04	8.959186E-18	4.352226E-18
2.223567E+04	9.002383E-18	4.357135E-18
2.223627E+04	9.022489E-18	4.363973E-18
2.223687E+04	9.035955E-18	4.367677E-18
2.223747E+04	9.037263E-18	4.369081E-18
2.223807E+04	9.043270E-18	4.353730E-18
2.223867E+04	9.072469E-18	4.277494E-18
2.223927E+04	9.102588E-18	4.286718E-18
2.223987E+04	9.113397E-18	4.291631E-18
2.224047E+04	9.122367E-18	4.276064E-18
2.224107E+04	9.128988E-18	4.263834E-18
2.224167E+04	9.155632E-18	4.275874E-18
2.224227E+04	9.146622E-18	4.276086E-18
2.224287E+04	9.130153E-18	4.271750E-18
2.224347E+04	9.136467E-18	4.263232E-18
2.224407E+04	9.133892E-18	4.238748E-18
2.224467E+04	9.122021E-18	4.231525E-18
2.224527E+04	9.109435E-18	4.229837E-18
2.224587E+04	9.115341E-18	4.180897E-18
2.224647E+04	9.128500E-18	4.197406E-18
2.224707E+04	9.119796E-18	4.212150E-18
2.224767E+04	9.114770E-18	4.207671E-18
2.224827E+04	9.127623E-18	4.197546E-18
2.224887E+04	9.131894E-18	4.200009E-18
2.224947E+04	9.143623E-18	4.162656E-18
2.225007E+04	9.151265E-18	4.108220E-18
2.225067E+04	9.185266E-18	4.049124E-18
2.225127E+04	9.205474E-18	4.054560E-18
2.225187E+04	9.185839E-18	4.048175E-18
2.225247E+04	9.168248E-18	4.067077E-18
2.225307E+04	9.169863E-18	4.084919E-18
2.225367E+04	9.187006E-18	4.074377E-18
2.225427E+04	9.217124E-18	4.074352E-18
2.225487E+04	9.227729E-18	4.079005E-18
2.225547E+04	9.240276E-18	4.094631E-18
2.225607E+04	9.251289E-18	4.131700E-18
2.225667E+04	9.252189E-18	4.137470E-18
2.225727E+04	9.253805E-18	4.135422E-18
2.225787E+04	9.264819E-18	4.153044E-18
2.225847E+04	9.256729E-18	4.143071E-18
2.225907E+04	9.265597E-18	4.146510E-18
2.225967E+04	9.300823E-18	4.196100E-18
2.226027E+04	9.336559E-18	4.300096E-18
2.226087E+04	9.331534E-18	4.268493E-18
2.226147E+04	9.312513E-18	4.258328E-18
2.226207E+04	9.329554E-18	4.268263E-18
2.226267E+04	9.319422E-18	4.288231E-18
2.226327E+04	9.322059E-18	4.276653E-18
2.226387E+04	9.334605E-18	4.301836E-18
2.226447E+04	9.364416E-18	4.325864E-18
2.226507E+04	9.388404E-18	4.336198E-18
2.226567E+04	9.411472E-18	4.344085E-18
2.226627E+04	9.426368E-18	4.349281E-18
2.226687E+04	9.430639E-18	4.361942E-18
2.226747E+04	9.447170E-18	4.403264E-18
2.226807E+04	9.464824E-18	4.463878E-18
2.226867E+04	9.459901E-18	4.467938E-18
2.226927E+04	9.442618E-18	4.530245E-18
2.226987E+04	9.418287E-18	4.552476E-18
2.227047E+04	9.395589E-18	4.553756E-18
2.227107E+04	9.374936E-18	4.547368E-18
2.227167E+04	9.339163E-18	4.529341E-18
2.227228E+04	9.334650E-18	4.527943E-18
2.227288E+04	9.372939E-18	4.540525E-18
2.227348E+04	9.407346E-18	4.546994E-18
2.227408E+04	9.397623E-18	4.542597E-18
2.227468E+04	9.382078E-18	4.560240E-18
2.227528E+04	9.384409E-18	4.560977E-18
2.227588E+04	9.382654E-18	4.562664E-18
2.227648E+04	9.404497E-18	4.579732E-18
2.227708E+04	9.435635E-18	4.615572E-18
2.227768E+04	9.426628E-18	4.624857E-18
2.227828E+04	9.387690E-18	4.612650E-18
2.227888E+04	9.361418E-18	4.634060E-18
2.227948E+04	9.382955E-18	4.678061E-18
2.228008E+04	9.377625E-18	4.695337E-18
2.228068E+04	9.354521E-18	4.687074E-18
2.228128E+04	9.347353E-18	4.688662E-18
2.228188E+04	9.336302E-18	4.717071E-18
2.228248E+04	9.271623E-18	4.745493E-18
2.228308E+04	9.257713E-18	4.750839E-18
2.228368E+04	9.292529E-18	4.766149E-18
2.228428E+04	9.325711E-18	4.775484E-18
2.228488E+04	9.360118E-18	4.781050E-18
2.228548E+04	9.370724E-18	4.786567E-18
2.228608E+04	9.335874E-18	4.782612E-18
2.228668E+04	9.303679E-18	4.779442E-18
2.228728E+04	9.247276E-18	4.769977E-18
2.228788E+04	9.228055E-18	4.773605E-18
2.228848E+04	9.252758E-18	4.789822E-18
2.228908E+04	9.273375E-18	4.806923E-18
2.228968E+04	9.265186E-18	4.815730E-18
2.229028E+04	9.239530E-18	4.814597E-18
2.229088E+04	9.242884E-18	4.889005E-18
2.229148E+04	9.247975E-18	4.891429E-18
2.229208E+04	9.222727E-18	4.867242E-18
2.229268E+04	9.184712E-18	4.864868E-18
2.229328E+04	9.164368E-18	4.864918E-18
2.229388E+04	9.123493E-18	4.847149E-18
2.229448E+04	9.116020E-18	4.842521E-18
2.229508E+04	9.153593E-18	4.858727E-18
2.229568E+04	9.149593E-18	4.861256E-18
2.229628E+04	9.157340E-18	4.838254E-18
2.229688E+04	9.170501E-18	4.895493E-18
2.229748E+04	9.170178E-18	4.882682E-18
2.229808E+04	9.159335E-18	4.882396E-18
2.229868E+04	9.153496E-18	4.883654E-18
2.229928E+04	9.141121E-18	4.903104E-18
2.229988E+04	9.120063E-18	4.897473E-18
2.230048E+04	9.110037E-18	4.881328E-18
2.230108E+04	9.087753E-18	4.838556E-18
2.230168E+04	9.086716E-18	4.822994E-18
2.230228E+04	9.085679E-18	4.828287E-18
2.230288E+04	9.061966E-18	4.821105E-18
2.230348E+04	9.054085E-18	4.819001E-18
2.230408E+04	9.052742E-18	4.823291E-18
2.230468E+04	9.020653E-18	4.789873E-18
2.230528E+04	8.991425E-18	4.707408E-18
2.230588E+04	8.969142E-18	4.700366E-18
2.230648E+04	8.957380E-18	4.680492E-18
2.230708E+04	8.983412E-18	4.685431E-18
2.230828E+04	8.987876E-18	4.659833E-18
2.230888E+04	8.969782E-18	4.646772E-18
2.231008E+04	8.980783E-18	4.634935E-18
2.231068E+04	8.988327E-18	4.630749E-18
2.231128E+04	9.021610E-18	4.641908E-18
2.231188E+04	9.007704E-18	4.660916E-18
2.231248E+04	8.990938E-18	4.687867E-18
2.231308E+04	9.051289E-18	4.697069E-18
2.231369E+04	9.129515E-18	4.695876E-18
2.231429E+04	9.167394E-18	4.691416E-18
2.231489E+04	9.185662E-18	4.724916E-18
2.231549E+04	9.152043E-18	4.647630E-18
2.231609E+04	9.158974E-18	4.620886E-18
2.231669E+04	9.183677E-18	4.627217E-18
2.231729E+04	9.195613E-18	4.633351E-18
2.231789E+04	9.246464E-18	4.648828E-18
2.231849E+04	9.256051E-18	4.651595E-18
2.231909E+04	9.239591E-18	4.646894E-18
2.231969E+04	9.203726E-18	4.635086E-18
2.232029E+04	9.157748E-18	4.621711E-18
2.232089E+04	9.127500E-18	4.586546E-18
2.232149E+04	9.164767E-18	4.633025E-18
2.232209E+04	9.216639E-18	4.683526E-18
2.232269E+04	9.207535E-18	4.684911E-18
2.232329E+04	9.185560E-18	4.659995E-18
2.232389E+04	9.193104E-18	4.655068E-18
2.232449E+04	9.188800E-18	4.660612E-18
2.232509E+04	9.189603E-18	4.642556E-18
2.232569E+04	9.195411E-18	4.612552E-18
2.232629E+04	9.192231E-18	4.595179E-18
2.232689E+04	9.185782E-18	4.591748E-18
2.232749E+04	9.189139E-18	4.590700E-18
2.232809E+04	9.201483E-18	4.583498E-18
2.232869E+04	9.200652E-18	4.530584E-18
2.232929E+04	9.198187E-18	4.528607E-18
2.232989E+04	9.197867E-18	4.544877E-18
2.233049E+04	9.159654E-18	4.541069E-18
2.233109E+04	9.118785E-18	4.548311E-18
2.233169E+04	9.112439E-18	4.549923E-18
2.233229E+04	9.083827E-18	4.535087E-18
2.233289E+04	9.039997E-18	4.512920E-18
2.233349E+04	9.012816E-18	4.495275E-18
2.233409E+04	8.998605E-18	4.527797E-18
2.233469E+04	8.964683E-18	4.574572E-18
2.233529E+04	8.916870E-18	4.567435E-18
2.233589E+04	8.862726E-18	4.573397E-18
2.233649E+04	8.806232E-18	4.618189E-18
2.233709E+04	8.752087E-18	4.575974E-18
2.233769E+04	8.717553E-18	4.574911E-18
2.233829E+04	8.697113E-18	4.568639E-18
2.233889E+04	8.653080E-18	4.547976E-18
2.233949E+04	8.623653E-18	4.541581E-18
2.234008E+04	8.640493E-18	4.555109E-18
2.234069E+04	8.663870E-18	4.573165E-18
2.234128E+04	8.659466E-18	4.638434E-18
2.234188E+04	8.618089E-18	4.621663E-18
2.234248E+04	8.609702E-18	4.670714E-18
2.234308E+04	8.572105E-18	4.639845E-18
2.234368E+04	8.539206E-18	4.633043E-18
2.234428E+04	8.537560E-18	4.627305E-18
2.234488E+04	8.507521E-18	4.615474E-18
2.234548E+04	8.489329E-18	4.580643E-18
2.234608E+04	8.508825E-18	4.589397E-18
2.234668E+04	8.499417E-18	4.603817E-18
2.234788E+04	8.472839E-18	4.622015E-18
2.234848E+04	8.455771E-18	4.677610E-18
2.234908E+04	8.458109E-18	4.672245E-18
2.234968E+04	8.451867E-18	4.693896E-18
2.235028E+04	8.446443E-18	4.692970E-18
2.235088E+04	8.432644E-18	4.680770E-18
2.235148E+04	8.422215E-18	4.683810E-18
2.235208E+04	8.392177E-18	4.680315E-18
2.235268E+04	8.372863E-18	4.719282E-18
2.235328E+04	8.363967E-18	4.723983E-18
2.235388E+04	8.328924E-18	4.717193E-18
2.235449E+04	8.302768E-18	4.724821E-18
2.235509E+04	8.284271E-18	4.747447E-18
2.235569E+04	8.253519E-18	4.790580E-18
2.235629E+04	8.229814E-18	4.783843E-18
2.235689E+04	8.231437E-18	4.806273E-18
2.235749E+04	8.240618E-18	4.807878E-18
2.235809E+04	8.235603E-18	4.780576E-18
2.235869E+04	8.227933E-18	4.810572E-18
2.235929E+04	8.220263E-18	4.828001E-18
2.235989E+04	8.211265E-18	4.793989E-18
2.236049E+04	8.176632E-18	4.751708E-18
2.236109E+04	8.148026E-18	4.764515E-18
2.236169E+04	8.168748E-18	4.782607E-18
2.236229E+04	8.218168E-18	4.790835E-18
2.236289E+04	8.222447E-18	4.792896E-18
2.236349E+04	8.196394E-18	4.786918E-18
2.236409E+04	8.161660E-18	4.783157E-18
2.236469E+04	8.170229E-18	4.785020E-18
2.236529E+04	8.192687E-18	4.813720E-18
2.236589E+04	8.192064E-18	4.789706E-18
2.236649E+04	8.182658E-18	4.781516E-18
2.236709E+04	8.209304E-18	4.759654E-18
2.236769E+04	8.212460E-18	4.721360E-18
2.236829E+04	8.208059E-18	4.710603E-18
2.236889E+04	8.222857E-18	4.713958E-18
2.236949E+04	8.203035E-18	4.700954E-18
2.237009E+04	8.184744E-18	4.689040E-18
2.237069E+04	8.169721E-18	4.677274E-18
2.237129E+04	8.166239E-18	4.689238E-18
2.237189E+04	8.164289E-18	4.687353E-18
2.237249E+04	8.182458E-18	4.702801E-18
2.237309E+04	8.223300E-18	4.707208E-18
2.237369E+04	8.241877E-18	4.683051E-18
2.237429E+04	8.252898E-18	4.684365E-18
2.237489E+04	8.206114E-18	4.702050E-18
2.237549E+04	8.138088E-18	4.702397E-18
2.237609E+04	8.123781E-18	4.698659E-18
2.237669E+04	8.089967E-18	4.711454E-18
2.237729E+04	8.039201E-18	4.712252E-18
2.237789E+04	8.031328E-18	4.715988E-18
2.237849E+04	8.040919E-18	4.725293E-18
2.237909E+04	8.028757E-18	4.737032E-18
2.237969E+04	8.026604E-18	4.715832E-18
2.238029E+04	8.022918E-18	4.653251E-18
2.238089E+04	7.985940E-18	4.657600E-18
2.238149E+04	7.920774E-18	4.632068E-18
2.238209E+04	7.905957E-18	4.569711E-18
2.238269E+04	7.865609E-18	4.556085E-18
2.238329E+04	7.795645E-18	4.517141E-18
2.238389E+04	7.764590E-18	4.509533E-18
2.238449E+04	7.780615E-18	4.513689E-18
2.238509E+04	7.805015E-18	4.510772E-18
2.238569E+04	7.814402E-18	4.508774E-18
2.238629E+04	7.811534E-18	4.499950E-18
2.238689E+04	7.788956E-18	4.435218E-18
2.238749E+04	7.767093E-18	4.428725E-18
2.238809E+04	7.807118E-18	4.389240E-18
2.238869E+04	7.833458E-18	4.363097E-18
2.238929E+04	7.859287E-18	4.365353E-18
2.238989E+04	7.888690E-18	4.368087E-18
2.239049E+04	7.900120E-18	4.401354E-18
2.239109E+04	7.919822E-18	4.469813E-18
2.239169E+04	7.880087E-18	4.454358E-18
2.239229E+04	7.853119E-18	4.428293E-18
2.239289E+04	7.916121E-18	4.450961E-18
2.239349E+04	7.932861E-18	4.388957E-18
2.239409E+04	7.894455E-18	4.383349E-18
2.239469E+04	7.817650E-18	4.345547E-18
2.239530E+04	7.777201E-18	4.349869E-18
2.239590E+04	7.794248E-18	4.364777E-18
2.239650E+04	7.814563E-18	4.371863E-18
2.239710E+04	7.844987E-18	4.379695E-18
2.239770E+04	7.896552E-18	4.340642E-18
2.239830E+04	7.938721E-18	4.342805E-18
2.239890E+04	7.931667E-18	4.338059E-18
2.239950E+04	7.899286E-18	4.316374E-18
2.240010E+04	7.907346E-18	4.296804E-18
2.240070E+04	7.915712E-18	4.251196E-18
2.240130E+04	7.913867E-18	4.242337E-18
2.240190E+04	7.935100E-18	4.212014E-18
2.240250E+04	7.955415E-18	4.190743E-18
2.240310E+04	7.933451E-18	4.186525E-18
2.240370E+04	7.897497E-18	4.148993E-18
2.240430E+04	7.885541E-18	4.149637E-18
2.240490E+04	7.892172E-18	4.194983E-18
2.240550E+04	7.883280E-18	4.248342E-18
2.240610E+04	7.858355E-18	4.274551E-18
2.240670E+04	7.886125E-18	4.279914E-18
2.240730E+04	7.895513E-18	4.283901E-18
2.240790E+04	7.869363E-18	4.313438E-18
2.240850E+04	7.882631E-18	4.327360E-18
2.240910E+04	7.908971E-18	4.361411E-18
2.240970E+04	7.944298E-18	4.425536E-18
2.241030E+04	7.966553E-18	4.406387E-18
2.241090E+04	7.963278E-18	4.439152E-18
2.241150E+04	7.975526E-18	4.442339E-18
2.241210E+04	8.027192E-18	4.467761E-18
2.241270E+04	8.061599E-18	4.477120E-18
2.241330E+04	8.075685E-18	4.484767E-18
2.241390E+04	8.044021E-18	4.482952E-18
2.241450E+04	7.992239E-18	4.468243E-18
2.241510E+04	8.028280E-18	4.523059E-18
2.241570E+04	8.071879E-18	4.536960E-18
2.241630E+04	8.065847E-18	4.529242E-18
2.241690E+04	8.062572E-18	4.522762E-18
2.241750E+04	8.079415E-18	4.517167E-18
2.241810E+04	8.090437E-18	4.521033E-18
2.241870E+04	8.086550E-18	4.520003E-18
2.241930E+04	8.059686E-18	4.513454E-18
2.241990E+04	8.061926E-18	4.480100E-18
2.242050E+04	8.034449E-18	4.460910E-18
2.242110E+04	8.030562E-18	4.454239E-18
2.242170E+04	8.049447E-18	4.419395E-18
2.242230E+04	8.095395E-18	4.449819E-18
2.242290E+04	8.131742E-18	4.459159E-18
2.242350E+04	8.158185E-18	4.461507E-18
2.242410E+04	8.168799E-18	4.456446E-18
2.242470E+04	8.163380E-18	4.449477E-18
2.242530E+04	8.152447E-18	4.440636E-18
2.242590E+04	8.166635E-18	4.408783E-18
2.242650E+04	8.182049E-18	4.374585E-18
2.242710E+04	8.174281E-18	4.353445E-18
2.242770E+04	8.163144E-18	4.294692E-18
2.242830E+04	8.170592E-18	4.288288E-18
2.242890E+04	8.178143E-18	4.296598E-18
2.242950E+04	8.187123E-18	4.299865E-18
2.243010E+04	8.199882E-18	4.311307E-18
2.243070E+04	8.222750E-18	4.388469E-18
2.243130E+04	8.233262E-18	4.396806E-18
2.243190E+04	8.245102E-18	4.407146E-18
2.243250E+04	8.310145E-18	4.471329E-18
2.243310E+04	8.352211E-18	4.484588E-18
2.243370E+04	8.394278E-18	4.524649E-18
2.243430E+04	8.398867E-18	4.526378E-18
2.243490E+04	8.412034E-18	4.549877E-18
2.243550E+04	8.471971E-18	4.567879E-18
2.243610E+04	8.528538E-18	4.592060E-18
2.243671E+04	8.552632E-18	4.642413E-18
2.243731E+04	8.536900E-18	4.696639E-18
2.243791E+04	8.536894E-18	4.668594E-18
2.243851E+04	8.566910E-18	4.676437E-18
2.243911E+04	8.600399E-18	4.684268E-18
2.243971E+04	8.649715E-18	4.689040E-18
2.244031E+04	8.664925E-18	4.677316E-18
2.244091E+04	8.679522E-18	4.682784E-18
2.244151E+04	8.714134E-18	4.725130E-18
2.244211E+04	8.763246E-18	4.764298E-18
2.244271E+04	8.787033E-18	4.780876E-18
2.244331E+04	8.778960E-18	4.772645E-18
2.244391E+04	8.769458E-18	4.765675E-18
2.244451E+04	8.811524E-18	4.778145E-18
2.244511E+04	8.887901E-18	4.803500E-18
2.244571E+04	8.888713E-18	4.809792E-18
2.244631E+04	8.892077E-18	4.817075E-18
2.244691E+04	8.927812E-18	4.835061E-18
2.244751E+04	8.940673E-18	4.868393E-18
2.244811E+04	8.908501E-18	4.901967E-18
2.244871E+04	8.896650E-18	4.924551E-18
2.244931E+04	8.886126E-18	4.911286E-18
2.244991E+04	8.843334E-18	4.932073E-18
2.245051E+04	8.776750E-18	4.875252E-18
2.245111E+04	8.731201E-18	4.812885E-18
2.245171E+04	8.685550E-18	4.792756E-18
2.245231E+04	8.663488E-18	4.809470E-18
2.245291E+04	8.691769E-18	4.785499E-18
2.245351E+04	8.711778E-18	4.776213E-18
2.245411E+04	8.719432E-18	4.789813E-18
2.245531E+04	8.736271E-18	4.748476E-18
2.245591E+04	8.779971E-18	4.782098E-18
2.245651E+04	8.801921E-18	4.772059E-18
2.245711E+04	8.763623E-18	4.823374E-18
2.245771E+04	8.731350E-18	4.832991E-18
2.245831E+04	8.731957E-18	4.834541E-18
2.245891E+04	8.744513E-18	4.834686E-18
2.245951E+04	8.737973E-18	4.827460E-18
2.246011E+04	8.746954E-18	4.830828E-18
2.246071E+04	8.770946E-18	4.831539E-18
2.246131E+04	8.759607E-18	4.828735E-18
2.246191E+04	8.782885E-18	4.890479E-18
2.246251E+04	8.806877E-18	4.906800E-18
2.246311E+04	8.766231E-18	4.897297E-18
2.246371E+04	8.711289E-18	4.962443E-18
2.246431E+04	8.714654E-18	4.977708E-18
2.246491E+04	8.730375E-18	4.981177E-18
2.246551E+04	8.738642E-18	4.981056E-18
2.246611E+04	8.735983E-18	4.960003E-18
2.246671E+04	8.770697E-18	4.962673E-18
2.246731E+04	8.754151E-18	4.950858E-18
2.246791E+04	8.722695E-18	4.911478E-18
2.246851E+04	8.723712E-18	4.976331E-18
2.246911E+04	8.696239E-18	4.969337E-18
2.246971E+04	8.686330E-18	4.958492E-18
2.247031E+04	8.727580E-18	4.956703E-18
2.247091E+04	8.746263E-18	4.965910E-18
2.247151E+04	8.758819E-18	4.973044E-18
2.247211E+04	8.737779E-18	4.997122E-18
2.247271E+04	8.731955E-18	5.061193E-18
2.247331E+04	8.730930E-18	5.075215E-18
2.247391E+04	8.741138E-18	5.078178E-18
2.247451E+04	8.690485E-18	5.063647E-18
2.247511E+04	8.620125E-18	5.037267E-18
2.247571E+04	8.586016E-18	5.054571E-18
2.247631E+04	8.582744E-18	5.000050E-18
2.247691E+04	8.594790E-18	5.014926E-18
2.247752E+04	8.556188E-18	4.999182E-18
2.247812E+04	8.547811E-18	4.957371E-18
2.247872E+04	8.532694E-18	4.968841E-18
2.247932E+04	8.495420E-18	4.938939E-18
2.247992E+04	8.472237E-18	4.930044E-18
2.248052E+04	8.442927E-18	4.896312E-18
2.248112E+04	8.466307E-18	4.884648E-18
2.248172E+04	8.445983E-18	4.828792E-18
2.248232E+04	8.412283E-18	4.790082E-18
2.248292E+04	8.373375E-18	4.759109E-18
2.248352E+04	8.340287E-18	4.794184E-18
2.248412E+04	8.340182E-18	4.806033E-18
2.248472E+04	8.330376E-18	4.842443E-18
2.248532E+04	8.322408E-18	4.831261E-18
2.248592E+04	8.277475E-18	4.817097E-18
2.248712E+04	8.239790E-18	4.794779E-18
2.248772E+04	8.205273E-18	4.756361E-18
2.248832E+04	8.182397E-18	4.728596E-18
2.248892E+04	8.177595E-18	4.727917E-18
2.248952E+04	8.173507E-18	4.730126E-18
2.249012E+04	8.190353E-18	4.791406E-18
2.249072E+04	8.189534E-18	4.796500E-18
2.249132E+04	8.192084E-18	4.792797E-18
2.249192E+04	8.215465E-18	4.871254E-18
2.249252E+04	8.249874E-18	4.928461E-18
2.249312E+04	8.274583E-18	4.941572E-18
2.249372E+04	8.285915E-18	4.921839E-18
2.249432E+04	8.324613E-18	4.882757E-18
2.249492E+04	8.329512E-18	4.855342E-18
2.249552E+04	8.335738E-18	4.854245E-18
2.249612E+04	8.334613E-18	4.797610E-18
2.249672E+04	8.289681E-18	4.793689E-18
2.249732E+04	8.292640E-18	4.821608E-18
2.249792E+04	8.304482E-18	4.862003E-18
2.249852E+04	8.298558E-18	4.901306E-18
2.249912E+04	8.327249E-18	4.915409E-18
2.249972E+04	8.352877E-18	4.921346E-18
2.250032E+04	8.327245E-18	4.875250E-18
2.250092E+04	8.318461E-18	4.891101E-18
2.250152E+04	8.300997E-18	4.871209E-18
2.250212E+04	8.288844E-18	4.916338E-18
2.250272E+04	8.308550E-18	4.878733E-18
2.250332E+04	8.348678E-18	4.873163E-18
2.250392E+04	8.394422E-18	4.894713E-18
2.250452E+04	8.415761E-18	4.909166E-18
2.250512E+04	8.387066E-18	4.909103E-18
2.250572E+04	8.341420E-18	4.899151E-18
2.250632E+04	8.328144E-18	4.876425E-18
2.250692E+04	8.351015E-18	4.898878E-18
2.250752E+04	8.343457E-18	4.819288E-18
2.250812E+04	8.349582E-18	4.801686E-18
2.250872E+04	8.323848E-18	4.795458E-18
2.250932E+04	8.293417E-18	4.750445E-18
2.250992E+04	8.280651E-18	4.737898E-18
2.251052E+04	8.280037E-18	4.733329E-18
2.251112E+04	8.301887E-18	4.741880E-18
2.251172E+04	8.306277E-18	4.746139E-18
2.251232E+04	8.276663E-18	4.736434E-18
2.251292E+04	8.269411E-18	4.731510E-18
2.251352E+04	8.240104E-18	4.717313E-18
2.251412E+04	8.215493E-18	4.652942E-18
2.251472E+04	8.194151E-18	4.694676E-18
2.251652E+04	8.176277E-18	4.689565E-18
2.251712E+04	8.161674E-18	4.682292E-18
2.251772E+04	8.150543E-18	4.683356E-18
2.251833E+04	8.138697E-18	4.671275E-18
2.251893E+04	8.115925E-18	4.643552E-18
2.251953E+04	8.113779E-18	4.589862E-18
2.252013E+04	8.129401E-18	4.580251E-18
2.252073E+04	8.157277E-18	4.599591E-18
2.252133E+04	8.194853E-18	4.626806E-18
2.252193E+04	8.239576E-18	4.641950E-18
2.252253E+04	8.234776E-18	4.611513E-18
2.252313E+04	8.239983E-18	4.627263E-18
2.252373E+04	8.253767E-18	4.630907E-18
2.252433E+04	8.290629E-18	4.626191E-18
2.252493E+04	8.248966E-18	4.600441E-18
2.252553E+04	8.213941E-18	4.566948E-18
2.252613E+04	8.232831E-18	4.570299E-18
2.252673E+04	8.244165E-18	4.576932E-18
2.252733E+04	8.265403E-18	4.580863E-18
2.252793E+04	8.272448E-18	4.578610E-18
2.252853E+04	8.294198E-18	4.579764E-18
2.252913E+04	8.330446E-18	4.585538E-18
2.252973E+04	8.369350E-18	4.568486E-18
2.253033E+04	8.424388E-18	4.543217E-18
2.253093E+04	8.445524E-18	4.599228E-18
2.253153E+04	8.480140E-18	4.574754E-18
2.253213E+04	8.498519E-18	4.580949E-18
2.253273E+04	8.509138E-18	4.586150E-18
2.253333E+04	8.528335E-18	4.660633E-18
2.253393E+04	8.535482E-18	4.670884E-18
2.253453E+04	8.536503E-18	4.665944E-18
2.253513E+04	8.574999E-18	4.665556E-18
2.253573E+04	8.597361E-18	4.668008E-18
2.253633E+04	8.599709E-18	4.609942E-18
2.253693E+04	8.644638E-18	4.611908E-18
2.253753E+04	8.690078E-18	4.671521E-18
2.253813E+04	8.774013E-18	4.638993E-18
2.253873E+04	8.838037E-18	4.617513E-18
2.253933E+04	8.853762E-18	4.608987E-18
2.253993E+04	8.899508E-18	4.656613E-18
2.254053E+04	8.987221E-18	4.739643E-18
2.254113E+04	9.021837E-18	4.750513E-18
2.254173E+04	9.039094E-18	4.753713E-18
2.254233E+04	9.088414E-18	4.776221E-18
2.254293E+04	9.096276E-18	4.792561E-18
2.254353E+04	9.104343E-18	4.802019E-18
2.254413E+04	9.123438E-18	4.781546E-18
2.254473E+04	9.140389E-18	4.744619E-18
2.254533E+04	9.150396E-18	4.775951E-18
2.254593E+04	9.152950E-18	4.776443E-18
2.254653E+04	9.121704E-18	4.763920E-18
2.254713E+04	9.108634E-18	4.737896E-18
2.254773E+04	9.138962E-18	4.750205E-18
2.254833E+04	9.199208E-18	4.724014E-18
2.254893E+04	9.224021E-18	4.711738E-18
2.254953E+04	9.215955E-18	4.692089E-18
2.255013E+04	9.225758E-18	4.688297E-18
2.255073E+04	9.249142E-18	4.691361E-18
2.255133E+04	9.233827E-18	4.717882E-18
2.255193E+04	9.198395E-18	4.701166E-18
2.255253E+04	9.168272E-18	4.690116E-18
2.255313E+04	9.143052E-18	4.664211E-18
2.255373E+04	9.136824E-18	4.666772E-18
2.255433E+04	9.122325E-18	4.672747E-18
2.255493E+04	9.128759E-18	4.677924E-18
2.255553E+04	9.149692E-18	4.660573E-18
2.255613E+04	9.190640E-18	4.675692E-18
2.255673E+04	9.210042E-18	4.681628E-18
2.255733E+04	9.172058E-18	4.675587E-18
2.255793E+04	9.131214E-18	4.660705E-18
2.255853E+04	9.097008E-18	4.654515E-18
2.255913E+04	9.054429E-18	4.648866E-18
2.255974E+04	9.033497E-18	4.642192E-18
2.256034E+04	8.985914E-18	4.625021E-18
2.256094E+04	8.982648E-18	4.597486E-18
2.256154E+04	9.020839E-18	4.611781E-18
2.256214E+04	9.059336E-18	4.652306E-18
2.256274E+04	9.077003E-18	4.660519E-18
2.256334E+04	9.034628E-18	4.647320E-18
2.256394E+04	8.964376E-18	4.628249E-18
2.256514E+04	8.912609E-18	4.612096E-18
2.256574E+04	8.897600E-18	4.631836E-18
2.256634E+04	8.906791E-18	4.680745E-18
2.256694E+04	8.854818E-18	4.681712E-18
2.256754E+04	8.846344E-18	4.711432E-18
2.256814E+04	8.859110E-18	4.717257E-18
2.256874E+04	8.830622E-18	4.693920E-18
2.256934E+04	8.827561E-18	4.684271E-18
2.256994E+04	8.812756E-18	4.703965E-18
2.257054E+04	8.771402E-18	4.719626E-18
2.257114E+04	8.723820E-18	4.735871E-18
2.257174E+04	8.686143E-18	4.730492E-18
2.257234E+04	8.643972E-18	4.724140E-18
2.257294E+04	8.542168E-18	4.700015E-18
2.257354E+04	8.488664E-18	4.702156E-18
2.257414E+04	8.465282E-18	4.710248E-18
2.257474E+04	8.443942E-18	4.703831E-18
2.257533E+04	8.401261E-18	4.691803E-18
2.257594E+04	8.344693E-18	4.684621E-18
2.257653E+04	8.325600E-18	4.653625E-18
2.257713E+04	8.273321E-18	4.627609E-18
2.257773E+04	8.216651E-18	4.612029E-18
2.257833E+04	8.158857E-18	4.592104E-18
2.257893E+04	8.129655E-18	4.524760E-18
2.257953E+04	8.148038E-18	4.520370E-18
2.258013E+04	8.137726E-18	4.513311E-18
2.258073E+04	8.109852E-18	4.504558E-18
2.258133E+04	8.082386E-18	4.546349E-18
2.258193E+04	8.041645E-18	4.543470E-18
2.258253E+04	8.013771E-18	4.543416E-18
2.258313E+04	7.984467E-18	4.485639E-18
2.258433E+04	8.009489E-18	4.481936E-18
2.258493E+04	8.063100E-18	4.494333E-18
2.258553E+04	8.019602E-18	4.486866E-18
2.258613E+04	7.983253E-18	4.446478E-18
2.258673E+04	7.960484E-18	4.387820E-18
2.258733E+04	7.939043E-18	4.383295E-18
2.258793E+04	7.955077E-18	4.388816E-18
2.258853E+04	7.991942E-18	4.382438E-18
2.258913E+04	7.980406E-18	4.345553E-18
2.258973E+04	7.962130E-18	4.294049E-18
2.259033E+04	7.925168E-18	4.248913E-18
2.259093E+04	7.924660E-18	4.216277E-18
2.259153E+04	7.944268E-18	4.177494E-18
2.259213E+04	7.909961E-18	4.215625E-18
2.259273E+04	7.889541E-18	4.206782E-18
2.259333E+04	7.905167E-18	4.245445E-18
2.259453E+04	7.866982E-18	4.229757E-18
2.259513E+04	7.799999E-18	4.263117E-18
2.259573E+04	7.746392E-18	4.260972E-18
2.259633E+04	7.716884E-18	4.251443E-18
2.259693E+04	7.665830E-18	4.302920E-18
2.259753E+04	7.623558E-18	4.291865E-18
2.259813E+04	7.562804E-18	4.268830E-18
2.259873E+04	7.530233E-18	4.257826E-18
2.259933E+04	7.511957E-18	4.273285E-18
2.259993E+04	7.512981E-18	4.271927E-18
2.260054E+04	7.530854E-18	4.299545E-18
2.260114E+04	7.508188E-18	4.315640E-18
2.260174E+04	7.453764E-18	4.310839E-18
2.260234E+04	7.453154E-18	4.316848E-18
2.260294E+04	7.419868E-18	4.313818E-18
2.260354E+04	7.396181E-18	4.311707E-18
2.260414E+04	7.427533E-18	4.318650E-18
2.260474E+04	7.429374E-18	4.325614E-18
2.260534E+04	7.444183E-18	4.327955E-18
2.260594E+04	7.414369E-18	4.314268E-18
2.260654E+04	7.400383E-18	4.365073E-18
2.260714E+04	7.364953E-18	4.362016E-18
2.260834E+04	7.321969E-18	4.345535E-18
2.260894E+04	7.240996E-18	4.365542E-18
2.260954E+04	7.170438E-18	4.360161E-18
2.261014E+04	7.124490E-18	4.329123E-18
2.261074E+04	7.090183E-18	4.332455E-18
2.261134E+04	7.067721E-18	4.420887E-18
2.261194E+04	7.057309E-18	4.417832E-18
2.261254E+04	7.059048E-18	4.409378E-18
2.261314E+04	7.072938E-18	4.425258E-18
2.261374E+04	7.099389E-18	4.395703E-18
2.261434E+04	7.138605E-18	4.366818E-18
2.261494E+04	7.153414E-18	4.354782E-18
2.261554E+04	7.185788E-18	4.364339E-18
2.261614E+04	7.181605E-18	4.365416E-18
2.261734E+04	7.181101E-18	4.330884E-18
2.261794E+04	7.199894E-18	4.312077E-18
2.261854E+04	7.219605E-18	4.293934E-18
2.261914E+04	7.212053E-18	4.287848E-18
2.261974E+04	7.153851E-18	4.268410E-18
2.262094E+04	7.132312E-18	4.264164E-18
2.262154E+04	7.114241E-18	4.236096E-18
2.262214E+04	7.079321E-18	4.201339E-18
2.262274E+04	7.053081E-18	4.198281E-18
2.262334E+04	7.024187E-18	4.186115E-18
2.262394E+04	6.989369E-18	4.168948E-18
2.262454E+04	7.000707E-18	4.142061E-18
2.262514E+04	7.053198E-18	4.161916E-18
2.262574E+04	7.035740E-18	4.152220E-18
2.262634E+04	7.036765E-18	4.158440E-18
2.262694E+04	7.044326E-18	4.146585E-18
2.262754E+04	7.078130E-18	4.147993E-18
2.262814E+04	7.105807E-18	4.209008E-18
2.262874E+04	7.108466E-18	4.285980E-18
2.262934E+04	7.066194E-18	4.217852E-18
2.262994E+04	7.034746E-18	4.188934E-18
2.263114E+04	7.022705E-18	4.180064E-18
2.263174E+04	7.024444E-18	4.211979E-18
2.263234E+04	7.033741E-18	4.211487E-18
2.263294E+04	7.038749E-18	4.236452E-18
2.263354E+04	7.023231E-18	4.245454E-18
2.263414E+04	7.047028E-18	4.314820E-18
2.263474E+04	7.084509E-18	4.394511E-18
2.263534E+04	7.102690E-18	4.506256E-18
2.263594E+04	7.147728E-18	4.522340E-18
2.263654E+04	7.209614E-18	4.538041E-18
2.263714E+04	7.241887E-18	4.549164E-18
2.263774E+04	7.288763E-18	4.563204E-18
2.263834E+04	7.320628E-18	4.571479E-18
2.263894E+04	7.320122E-18	4.628550E-18
2.263954E+04	7.273357E-18	4.638878E-18
2.264014E+04	7.264784E-18	4.614613E-18
2.264074E+04	7.343112E-18	4.654072E-18
2.264135E+04	7.371301E-18	4.608574E-18
2.264195E+04	7.378045E-18	4.614745E-18
2.264255E+04	7.430027E-18	4.575733E-18
2.264315E+04	7.471696E-18	4.575738E-18
2.264375E+04	7.461489E-18	4.620743E-18
2.264435E+04	7.413090E-18	4.601635E-18
2.264495E+04	7.473650E-18	4.684046E-18
2.264555E+04	7.444654E-18	4.600536E-18
2.264615E+04	7.396153E-18	4.578395E-18
2.264675E+04	7.365216E-18	4.563086E-18
2.264735E+04	7.320596E-18	4.547841E-18
2.264795E+04	7.243502E-18	4.535076E-18
2.264855E+04	7.149763E-18	4.505356E-18
2.264915E+04	7.088497E-18	4.532576E-18
2.264975E+04	7.026925E-18	4.506043E-18
2.265035E+04	6.991597E-18	4.487960E-18
2.265095E+04	6.989968E-18	4.495361E-18
2.265155E+04	6.964443E-18	4.484648E-18
2.265215E+04	6.924418E-18	4.465671E-18
2.265275E+04	6.910535E-18	4.459256E-18
2.265335E+04	6.892669E-18	4.454967E-18
2.265455E+04	6.853669E-18	4.403499E-18
2.265515E+04	6.851019E-18	4.404103E-18
2.265575E+04	6.914439E-18	4.419411E-18
2.265635E+04	6.923431E-18	4.422046E-18
2.265695E+04	6.868904E-18	4.404565E-18
2.265755E+04	6.859514E-18	4.434689E-18
2.265815E+04	6.822655E-18	4.436104E-18
2.265875E+04	6.779055E-18	4.342193E-18
2.265935E+04	6.773035E-18	4.328336E-18
2.265995E+04	6.769976E-18	4.431159E-18
2.266055E+04	6.787750E-18	4.428522E-18
2.266115E+04	6.772641E-18	4.457919E-18
2.266175E+04	6.780918E-18	4.472139E-18
2.266235E+04	6.788071E-18	4.487127E-18
2.266295E+04	6.815955E-18	4.491295E-18
2.266355E+04	6.824334E-18	4.533384E-18
2.266415E+04	6.788189E-18	4.535742E-18
2.266475E+04	6.739687E-18	4.522806E-18
2.266535E+04	6.694556E-18	4.515787E-18
2.266595E+04	6.687923E-18	4.513684E-18
2.266655E+04	6.691911E-18	4.537864E-18
2.266715E+04	6.696716E-18	4.531853E-18
2.266775E+04	6.685794E-18	4.528609E-18
2.266835E+04	6.686514E-18	4.541516E-18
2.266895E+04	6.718483E-18	4.546299E-18
2.266955E+04	6.716752E-18	4.570321E-18
2.267015E+04	6.729012E-18	4.575992E-18
2.267075E+04	6.732796E-18	4.577450E-18
2.267135E+04	6.745362E-18	4.573512E-18
2.267195E+04	6.770591E-18	4.580293E-18
2.267315E+04	6.771726E-18	4.585033E-18
2.267375E+04	6.771731E-18	4.586451E-18
2.267495E+04	6.791043E-18	4.606762E-18
2.267555E+04	6.825770E-18	4.574508E-18
2.267615E+04	6.839664E-18	4.501893E-18
2.267675E+04	6.863464E-18	4.582437E-18
2.267735E+04	6.869086E-18	4.591708E-18
2.267795E+04	6.854489E-18	4.606422E-18
2.267855E+04	6.867260E-18	4.579069E-18
2.267915E+04	6.876252E-18	4.612589E-18
2.267975E+04	6.897601E-18	4.633901E-18
2.268035E+04	6.927427E-18	4.659847E-18
2.268095E+04	6.913748E-18	4.616144E-18
2.268215E+04	6.862699E-18	4.541413E-18
2.268276E+04	6.831864E-18	4.417754E-18
2.268456E+04	6.833516E-18	4.408904E-18
2.268516E+04	6.819429E-18	4.405272E-18
2.268576E+04	6.803811E-18	4.395719E-18
2.268636E+04	6.806676E-18	4.396817E-18
2.268756E+04	6.801786E-18	4.406914E-18
2.268816E+04	6.823136E-18	4.383112E-18
2.268876E+04	6.820896E-18	4.379968E-18
2.268936E+04	6.830399E-18	4.345380E-18
2.268996E+04	6.847562E-18	4.328084E-18
2.269056E+04	6.826020E-18	4.329868E-18
2.269116E+04	6.772310E-18	4.301797E-18
2.269176E+04	6.774154E-18	4.280841E-18
2.269236E+04	6.788458E-18	4.281972E-18
2.269296E+04	6.787034E-18	4.261801E-18
2.269356E+04	6.789389E-18	4.234243E-18
2.269416E+04	6.769992E-18	4.169836E-18
2.269476E+04	6.740995E-18	4.161962E-18
2.269596E+04	6.695665E-18	4.173413E-18
2.269656E+04	6.669221E-18	4.175105E-18
2.269716E+04	6.669227E-18	4.185877E-18
2.269776E+04	6.680059E-18	4.215607E-18
2.269836E+04	6.710805E-18	4.213330E-18
2.269896E+04	6.716530E-18	4.188305E-18
2.269956E+04	6.704996E-18	4.211152E-18
2.270016E+04	6.686314E-18	4.206805E-18
2.270076E+04	6.697963E-18	4.205629E-18
2.270136E+04	6.720437E-18	4.320472E-18
2.270196E+04	6.744545E-18	4.331383E-18
2.270256E+04	6.756500E-18	4.336832E-18
2.270316E+04	6.718107E-18	4.403545E-18
2.270376E+04	6.676243E-18	4.418282E-18
2.270436E+04	6.667364E-18	4.444817E-18
2.270496E+04	6.641533E-18	4.453102E-18
2.270556E+04	6.639497E-18	4.409135E-18
2.270616E+04	6.640831E-18	4.354168E-18
2.270676E+04	6.659017E-18	4.340285E-18
2.270736E+04	6.684044E-18	4.344101E-18
2.270796E+04	6.706519E-18	4.359622E-18
2.270856E+04	6.720823E-18	4.389294E-18
2.270916E+04	6.715009E-18	4.340003E-18
2.270976E+04	6.708786E-18	4.387615E-18
2.271036E+04	6.734018E-18	4.510246E-18
2.271096E+04	6.790399E-18	4.688736E-18
2.271156E+04	6.846065E-18	4.730603E-18
2.271216E+04	6.866701E-18	4.737726E-18
2.271276E+04	6.858947E-18	4.740387E-18
2.271336E+04	6.884690E-18	4.740060E-18
2.271396E+04	6.889293E-18	4.920716E-18
2.271456E+04	6.920857E-18	5.065568E-18
2.271516E+04	6.941290E-18	5.103814E-18
2.271576E+04	7.015442E-18	5.275124E-18
2.271636E+04	7.080504E-18	5.455289E-18
2.271696E+04	7.125550E-18	5.479611E-18
2.271756E+04	7.205115E-18	5.482437E-18
2.271816E+04	7.270587E-18	5.764747E-18
2.271876E+04	7.372008E-18	5.762441E-18
2.271936E+04	7.426144E-18	5.791883E-18
2.271996E+04	7.435547E-18	5.792042E-18
2.272056E+04	7.474364E-18	5.817488E-18
2.272116E+04	7.483564E-18	5.879917E-18
2.272176E+04	7.474482E-18	5.896482E-18
2.272296E+04	7.486754E-18	5.906762E-18
2.272357E+04	7.551818E-18	5.937283E-18
2.272417E+04	7.616168E-18	5.964199E-18
2.272477E+04	7.638236E-18	5.993602E-18
2.272537E+04	7.665309E-18	5.985817E-18
2.272837E+04	7.689148E-18	5.997490E-18
2.272897E+04	7.699267E-18	5.986094E-18
2.272957E+04	7.758103E-18	5.997889E-18
2.273017E+04	7.877297E-18	6.057362E-18
2.273077E+04	7.948593E-18	6.039795E-18
2.273137E+04	8.013455E-18	6.055043E-18
2.273197E+04	8.052989E-18	6.054252E-18
2.273257E+04	8.074752E-18	6.098295E-18
2.273317E+04	8.102643E-18	6.109109E-18
2.273377E+04	8.111027E-18	6.114194E-18
2.273497E+04	8.086840E-18	6.111523E-18
2.273557E+04	8.085420E-18	6.113389E-18
2.273617E+04	8.086144E-18	6.114790E-18
2.273677E+04	8.066851E-18	6.107011E-18
2.273737E+04	8.086265E-18	6.101696E-18
2.273797E+04	8.083517E-18	6.131913E-18
2.273857E+04	8.057278E-18	6.170190E-18
2.273977E+04	8.051170E-18	6.169612E-18
2.274037E+04	8.065273E-18	6.173362E-18
2.274097E+04	8.095616E-18	6.218541E-18
2.274157E+04	8.163135E-18	6.270178E-18
2.274217E+04	8.248630E-18	6.313527E-18
2.274277E+04	8.302872E-18	6.326244E-18
2.274337E+04	8.290831E-18	6.300574E-18
2.274397E+04	8.253766E-18	6.291620E-18
2.274457E+04	8.248159E-18	6.296529E-18
2.274517E+04	8.247658E-18	6.280198E-18
2.274577E+04	8.270852E-18	6.276366E-18
2.274637E+04	8.270556E-18	6.282782E-18
2.274697E+04	8.251876E-18	6.250676E-18
2.274757E+04	8.271700E-18	6.253767E-18
2.274817E+04	8.303473E-18	6.255433E-18
2.274877E+04	8.357104E-18	6.240547E-18
2.274937E+04	8.416148E-18	6.253120E-18
2.274997E+04	8.456807E-18	6.263098E-18
2.275057E+04	8.467133E-18	6.208449E-18
2.275117E+04	8.429354E-18	6.211668E-18
2.275177E+04	8.386672E-18	6.207296E-18
2.275237E+04	8.394854E-18	6.144564E-18
2.275297E+04	8.404056E-18	6.098660E-18
2.275357E+04	8.410603E-18	6.066691E-18
2.275537E+04	8.446587E-18	6.054320E-18
2.275597E+04	8.445781E-18	6.048316E-18
2.275657E+04	8.458865E-18	6.057049E-18
2.275777E+04	8.440399E-18	6.054706E-18
2.275837E+04	8.398637E-18	6.045600E-18
2.275897E+04	8.334302E-18	6.039495E-18
2.275957E+04	8.259038E-18	6.012850E-18
2.276017E+04	8.244750E-18	5.968819E-18
2.276077E+04	8.255689E-18	5.910971E-18
2.276137E+04	8.243443E-18	5.823838E-18
2.276197E+04	8.213119E-18	5.696112E-18
2.276257E+04	8.170641E-18	5.697117E-18
2.276317E+04	8.196697E-18	5.704140E-18
2.276377E+04	8.190885E-18	5.676427E-18
2.276438E+04	8.184768E-18	5.704959E-18
2.276498E+04	8.217973E-18	5.586754E-18
2.276558E+04	8.201540E-18	5.457697E-18
2.276618E+04	8.165701E-18	5.424147E-18
2.276678E+04	8.123835E-18	5.244219E-18
2.276738E+04	8.130893E-18	5.058152E-18
2.276798E+04	8.161648E-18	5.045096E-18
2.276858E+04	8.196385E-18	5.056404E-18
2.276918E+04	8.229898E-18	4.708441E-18
2.276978E+04	8.218367E-18	4.694861E-18
2.277038E+04	8.198359E-18	4.684663E-18
2.277098E+04	8.185909E-18	4.688844E-18
2.277158E+04	8.179792E-18	4.678346E-18
2.277218E+04	8.181948E-18	4.626263E-18
2.277278E+04	8.187576E-18	4.608212E-18
2.277338E+04	8.220170E-18	4.620917E-18
2.277398E+04	8.212316E-18	4.594084E-18
2.277458E+04	8.206199E-18	4.586816E-18
2.277518E+04	8.184352E-18	4.560842E-18
2.277578E+04	8.165876E-18	4.508445E-18
2.277638E+04	8.163436E-18	4.505840E-18
2.277698E+04	8.142407E-18	4.513392E-18
2.277758E+04	8.127710E-18	4.506354E-18
2.277818E+04	8.149885E-18	4.449587E-18
2.277878E+04	8.152246E-18	4.469968E-18
2.277938E+04	8.154504E-18	4.447695E-18
2.277998E+04	8.120400E-18	4.447075E-18
2.278058E+04	8.068728E-18	4.383268E-18
2.278118E+04	8.064143E-18	4.371428E-18
2.278178E+04	8.040049E-18	4.359767E-18
2.278238E+04	8.019530E-18	4.350752E-18
2.278298E+04	7.997581E-18	4.342159E-18
2.278358E+04	7.930894E-18	4.343574E-18
2.278418E+04	7.860938E-18	4.348923E-18
2.278478E+04	7.852573E-18	4.344158E-18
2.278538E+04	7.851665E-18	4.334447E-18
2.278598E+04	7.862606E-18	4.345140E-18
2.278658E+04	7.821045E-18	4.336307E-18
2.278718E+04	7.711253E-18	4.293367E-18
2.278778E+04	7.623421E-18	4.229031E-18
2.278838E+04	7.572973E-18	4.186378E-18
2.278898E+04	7.528143E-18	4.155919E-18
2.278958E+04	7.511913E-18	4.126940E-18
2.279018E+04	7.517440E-18	4.130922E-18
2.279078E+04	7.490689E-18	4.135581E-18
2.279138E+04	7.464245E-18	4.119209E-18
2.279198E+04	7.480088E-18	4.116511E-18
2.279258E+04	7.495931E-18	4.140322E-18
2.279318E+04	7.528526E-18	4.157922E-18
2.279378E+04	7.524247E-18	4.153795E-18
2.279438E+04	7.530182E-18	4.157091E-18
2.279498E+04	7.532543E-18	4.157316E-18
2.279558E+04	7.508652E-18	4.148673E-18
2.279618E+04	7.444005E-18	4.130861E-18
2.279678E+04	7.377418E-18	4.107804E-18
2.279738E+04	7.312567E-18	4.090238E-18
2.279798E+04	7.302057E-18	4.069422E-18
2.279858E+04	7.284498E-18	4.046523E-18
2.279918E+04	7.193498E-18	4.024222E-18
2.279978E+04	7.117512E-18	4.038037E-18
2.280038E+04	7.049800E-18	4.034409E-18
2.280098E+04	7.025500E-18	4.035591E-18
2.280158E+04	7.010188E-18	4.068535E-18
2.280218E+04	6.992732E-18	4.103116E-18
2.280278E+04	6.975377E-18	4.144978E-18
2.280338E+04	6.952507E-18	4.193210E-18
2.280398E+04	6.935255E-18	4.205103E-18
2.280458E+04	6.944254E-18	4.206309E-18
2.280518E+04	6.971538E-18	4.213615E-18
2.280579E+04	6.979414E-18	4.209812E-18
2.280639E+04	6.947351E-18	4.189943E-18
2.280699E+04	6.880148E-18	4.169050E-18
2.280759E+04	6.845428E-18	4.105303E-18
2.280819E+04	6.802843E-18	4.091019E-18
2.280879E+04	6.723689E-18	4.061115E-18
2.280939E+04	6.681410E-18	4.041894E-18
2.280999E+04	6.673555E-18	4.077248E-18
2.281059E+04	6.705538E-18	4.119115E-18
2.281119E+04	6.709736E-18	4.117205E-18
2.281179E+04	6.697386E-18	4.178519E-18
2.281239E+04	6.690349E-18	4.302813E-18
2.281299E+04	6.688827E-18	4.347737E-18
2.281359E+04	6.698746E-18	4.359136E-18
2.281419E+04	6.698143E-18	4.411111E-18
2.281479E+04	6.709288E-18	4.424223E-18
2.281539E+04	6.745460E-18	4.426015E-18
2.281599E+04	6.754051E-18	4.412868E-18
2.281659E+04	6.762540E-18	4.425342E-18
2.281719E+04	6.825271E-18	4.508689E-18
2.281778E+04	6.881669E-18	4.523717E-18
2.281838E+04	6.899352E-18	4.548073E-18
2.281899E+04	6.959734E-18	4.602025E-18
2.281958E+04	6.987632E-18	4.628803E-18
2.282018E+04	7.001229E-18	4.642324E-18
2.282078E+04	6.965896E-18	4.633178E-18
2.282138E+04	6.977654E-18	4.636055E-18
2.282198E+04	6.987574E-18	4.625978E-18
2.282258E+04	7.037129E-18	4.640095E-18
2.282318E+04	7.112528E-18	4.645704E-18
2.282378E+04	7.178122E-18	4.643577E-18
2.282438E+04	7.241672E-18	4.643549E-18
2.282498E+04	7.313599E-18	4.659243E-18
2.282558E+04	7.381542E-18	4.686514E-18
2.282618E+04	7.435593E-18	4.705835E-18
2.282678E+04	7.484434E-18	4.724875E-18
2.282738E+04	7.540630E-18	4.773164E-18
2.282798E+04	7.604795E-18	4.816700E-18
2.282858E+04	7.639539E-18	4.802175E-18
2.282918E+04	7.636181E-18	4.774280E-18
2.282978E+04	7.611268E-18	4.767182E-18
2.283038E+04	7.565209E-18	4.714853E-18
2.283098E+04	7.545506E-18	4.697956E-18
2.283158E+04	7.576879E-18	4.704802E-18
2.283218E+04	7.627765E-18	4.730068E-18
2.283278E+04	7.628697E-18	4.750938E-18
2.283338E+04	7.549846E-18	4.717637E-18
2.283398E+04	7.488259E-18	4.679444E-18
2.283458E+04	7.481836E-18	4.677894E-18
2.283518E+04	7.435163E-18	4.661821E-18
2.283578E+04	7.349978E-18	4.629749E-18
2.283638E+04	7.290638E-18	4.617712E-18
2.283698E+04	7.291059E-18	4.618564E-18
2.283758E+04	7.232536E-18	4.579719E-18
2.283818E+04	7.269937E-18	4.556611E-18
2.283878E+04	7.334410E-18	4.570480E-18
2.284058E+04	7.350077E-18	4.582075E-18
2.284118E+04	7.359897E-18	4.590847E-18
2.284178E+04	7.377889E-18	4.595330E-18
2.284238E+04	7.395166E-18	4.592896E-18
2.284298E+04	7.405598E-18	4.604658E-18
2.284358E+04	7.428290E-18	4.616024E-18
2.284418E+04	7.451493E-18	4.616536E-18
2.284478E+04	7.469689E-18	4.631330E-18
2.284538E+04	7.472256E-18	4.620945E-18
2.284598E+04	7.464505E-18	4.581793E-18
2.284659E+04	7.432542E-18	4.555355E-18
2.284719E+04	7.406607E-18	4.542539E-18
2.284779E+04	7.414690E-18	4.508345E-18
2.284839E+04	7.389470E-18	4.454319E-18
2.284899E+04	7.328698E-18	4.402593E-18
2.284959E+04	7.336577E-18	4.372879E-18
2.285019E+04	7.372550E-18	4.360422E-18
2.285079E+04	7.373584E-18	4.360615E-18
2.285139E+04	7.391782E-18	4.375263E-18
2.285199E+04	7.431637E-18	4.393349E-18
2.285259E+04	7.457088E-18	4.405834E-18
2.285319E+04	7.468236E-18	4.416623E-18
2.285379E+04	7.485515E-18	4.421415E-18
2.285439E+04	7.502282E-18	4.426358E-18
2.285499E+04	7.499741E-18	4.399793E-18
2.285559E+04	7.472273E-18	4.350212E-18
2.285619E+04	7.442864E-18	4.282536E-18
2.285679E+04	7.456465E-18	4.329325E-18
2.285739E+04	7.514506E-18	4.420394E-18
2.285799E+04	7.564783E-18	4.404950E-18
2.285859E+04	7.605150E-18	4.295480E-18
2.285919E+04	7.653793E-18	4.272732E-18
2.285979E+04	7.675261E-18	4.272106E-18
2.286039E+04	7.676092E-18	4.220575E-18
2.286099E+04	7.698479E-18	4.216703E-18
2.286159E+04	7.710140E-18	4.240388E-18
2.286219E+04	7.673272E-18	4.275459E-18
2.286279E+04	7.676555E-18	4.310395E-18
2.286339E+04	7.717537E-18	4.287433E-18
2.286399E+04	7.765976E-18	4.342879E-18
2.286459E+04	7.827595E-18	4.379951E-18
2.286519E+04	7.866023E-18	4.370265E-18
2.286579E+04	7.876969E-18	4.352112E-18
2.286639E+04	7.876268E-18	4.358204E-18
2.286699E+04	7.858710E-18	4.355860E-18
2.286759E+04	7.831753E-18	4.344496E-18
2.286819E+04	7.803161E-18	4.344627E-18
2.286879E+04	7.755055E-18	4.332960E-18
2.286939E+04	7.698163E-18	4.335768E-18
2.286999E+04	7.651999E-18	4.323077E-18
2.287059E+04	7.618911E-18	4.313519E-18
2.287119E+04	7.572542E-18	4.283955E-18
2.287179E+04	7.522596E-18	4.256743E-18
2.287239E+04	7.504425E-18	4.260302E-18
2.287299E+04	7.510466E-18	4.278119E-18
2.287359E+04	7.509561E-18	4.248900E-18
2.287419E+04	7.485565E-18	4.209928E-18
2.287479E+04	7.454725E-18	4.250047E-18
2.287539E+04	7.423782E-18	4.261130E-18
2.287599E+04	7.390080E-18	4.256466E-18
2.287659E+04	7.373849E-18	4.311244E-18
2.287719E+04	7.377848E-18	4.234712E-18
2.287779E+04	7.359676E-18	4.222903E-18
2.287839E+04	7.308299E-18	4.271802E-18
2.287899E+04	7.274903E-18	4.306313E-18
2.287959E+04	7.273282E-18	4.296665E-18
2.288019E+04	7.265123E-18	4.306371E-18
2.288079E+04	7.260539E-18	4.303776E-18
2.288139E+04	7.273732E-18	4.305117E-18
2.288199E+04	7.280796E-18	4.313125E-18
2.288259E+04	7.260069E-18	4.329071E-18
2.288319E+04	7.243327E-18	4.346910E-18
2.288379E+04	7.196955E-18	4.341043E-18
2.288439E+04	7.174594E-18	4.334777E-18
2.288499E+04	7.196676E-18	4.341269E-18
2.288559E+04	7.234084E-18	4.374835E-18
2.288619E+04	7.279462E-18	4.414631E-18
2.288679E+04	7.305223E-18	4.424230E-18
2.288740E+04	7.285416E-18	4.447238E-18
2.288800E+04	7.228316E-18	4.427759E-18
2.288860E+04	7.182966E-18	4.401072E-18
2.288920E+04	7.184103E-18	4.404072E-18
2.288980E+04	7.210069E-18	4.412615E-18
2.289040E+04	7.227759E-18	4.424444E-18
2.289100E+04	7.211731E-18	4.418367E-18
2.289160E+04	7.176905E-18	4.439246E-18
2.289220E+04	7.160571E-18	4.469638E-18
2.289280E+04	7.160891E-18	4.459809E-18
2.289340E+04	7.162540E-18	4.450286E-18
2.289400E+04	7.150804E-18	4.427578E-18
2.289460E+04	7.118837E-18	4.397963E-18
2.289520E+04	7.082171E-18	4.386915E-18
2.289580E+04	7.057561E-18	4.381948E-18
2.289640E+04	7.041431E-18	4.373592E-18
2.289700E+04	7.016106E-18	4.389910E-18
2.289760E+04	6.979541E-18	4.459812E-18
2.289820E+04	6.958200E-18	4.505128E-18
2.289940E+04	6.951177E-18	4.511551E-18
2.290000E+04	6.929326E-18	4.506173E-18
2.290060E+04	6.889491E-18	4.490806E-18
2.290120E+04	6.854152E-18	4.463497E-18
2.290180E+04	6.852122E-18	4.460633E-18
2.290240E+04	6.876555E-18	4.397399E-18
2.290300E+04	6.909368E-18	4.410401E-18
2.290360E+04	6.949230E-18	4.456027E-18
2.290420E+04	6.990625E-18	4.488415E-18
2.290480E+04	7.005966E-18	4.481592E-18
2.290540E+04	6.985545E-18	4.477209E-18
2.290600E+04	6.964816E-18	4.486702E-18
2.290660E+04	6.969939E-18	4.552469E-18
2.290720E+04	6.989878E-18	4.536791E-18
2.290780E+04	6.985294E-18	4.543674E-18
2.290840E+04	6.962216E-18	4.630063E-18
2.290900E+04	6.954260E-18	4.724507E-18
2.290960E+04	6.986869E-18	4.758539E-18
2.291020E+04	7.019171E-18	4.729043E-18
2.291080E+04	7.029914E-18	4.715840E-18
2.291140E+04	7.037592E-18	4.724514E-18
2.291200E+04	7.052218E-18	4.729477E-18
2.291260E+04	7.069092E-18	4.745239E-18
2.291320E+04	7.089746E-18	4.761480E-18
2.291380E+04	7.107234E-18	4.756388E-18
2.291440E+04	7.152003E-18	4.773475E-18
2.291500E+04	7.187065E-18	4.774399E-18
2.291560E+04	7.233368E-18	4.789544E-18
2.291620E+04	7.264650E-18	4.813376E-18
2.291680E+04	7.277233E-18	4.844333E-18
2.291740E+04	7.246185E-18	4.842208E-18
2.291800E+04	7.202262E-18	4.847819E-18
2.291860E+04	7.159258E-18	4.821790E-18
2.291920E+04	7.133421E-18	4.808666E-18
2.291980E+04	7.137114E-18	4.814485E-18
2.292040E+04	7.133654E-18	4.753118E-18
2.292100E+04	7.097497E-18	4.737006E-18
2.292160E+04	7.074111E-18	4.735332E-18
2.292220E+04	7.086592E-18	4.682914E-18
2.292280E+04	7.091001E-18	4.683692E-18
2.292340E+04	7.081717E-18	4.690991E-18
2.292400E+04	7.082243E-18	4.680549E-18
2.292460E+04	7.086958E-18	4.630398E-18
2.292520E+04	7.095147E-18	4.647547E-18
2.292640E+04	7.107337E-18	4.637739E-18
2.292700E+04	7.104695E-18	4.650072E-18
2.292760E+04	7.076200E-18	4.647373E-18
2.292820E+04	7.046070E-18	4.634739E-18
2.292881E+04	7.022072E-18	4.614874E-18
2.292941E+04	7.013094E-18	4.590434E-18
2.293001E+04	7.016992E-18	4.589587E-18
2.293061E+04	7.016189E-18	4.590366E-18
2.293121E+04	7.014161E-18	4.600263E-18
2.293181E+04	6.997417E-18	4.631859E-18
2.293241E+04	6.973622E-18	4.597682E-18
2.293301E+04	6.971900E-18	4.657488E-18
2.293361E+04	6.940952E-18	4.676375E-18
2.293421E+04	6.898048E-18	4.762899E-18
2.293481E+04	6.870268E-18	4.834224E-18
2.293541E+04	6.845655E-18	4.851510E-18
2.293601E+04	6.824517E-18	4.837486E-18
2.293661E+04	6.821772E-18	4.825325E-18
2.293721E+04	6.826998E-18	4.825214E-18
2.293781E+04	6.824662E-18	4.785057E-18
2.293841E+04	6.801685E-18	4.755484E-18
2.293901E+04	6.766444E-18	4.801920E-18
2.294021E+04	6.741641E-18	4.844058E-18
2.294081E+04	6.744415E-18	4.868936E-18
2.294141E+04	6.773042E-18	4.898120E-18
2.294201E+04	6.805758E-18	4.922235E-18
2.294261E+04	6.833057E-18	4.928811E-18
2.294321E+04	6.854532E-18	4.939461E-18
2.294381E+04	6.861394E-18	4.927159E-18
2.294441E+04	6.871628E-18	4.882720E-18
2.294501E+04	6.852839E-18	4.842202E-18
2.294561E+04	6.841920E-18	4.838770E-18
2.294621E+04	6.911834E-18	4.857903E-18
2.294681E+04	7.000040E-18	4.889847E-18
2.294741E+04	7.053400E-18	4.926991E-18
2.294801E+04	7.089591E-18	4.959115E-18
2.294861E+04	7.108308E-18	4.971309E-18
2.294921E+04	7.135813E-18	4.914587E-18
2.294981E+04	7.190911E-18	4.896521E-18
2.295041E+04	7.251221E-18	4.889102E-18
2.295101E+04	7.315005E-18	4.906641E-18
2.295161E+04	7.333621E-18	4.915207E-18
2.295221E+04	7.319125E-18	4.901336E-18
2.295281E+04	7.328135E-18	4.838461E-18
2.295341E+04	7.323450E-18	4.838005E-18
2.295401E+04	7.343087E-18	4.853089E-18
2.295521E+04	7.377866E-18	4.743394E-18
2.295581E+04	7.414979E-18	4.626736E-18
2.295641E+04	7.443917E-18	4.593452E-18
2.295701E+04	7.472037E-18	4.688584E-18
2.295761E+04	7.484726E-18	4.748644E-18
2.295821E+04	7.465632E-18	4.738346E-18
2.295881E+04	7.447560E-18	4.743307E-18
2.295941E+04	7.447066E-18	4.765015E-18
2.296001E+04	7.453419E-18	4.743641E-18
2.296061E+04	7.477758E-18	4.778683E-18
2.296121E+04	7.522946E-18	4.833408E-18
2.296181E+04	7.569872E-18	4.861035E-18
2.296241E+04	7.627733E-18	4.876288E-18
2.296301E+04	7.666585E-18	4.867869E-18
2.296361E+04	7.669668E-18	4.834485E-18
2.296421E+04	7.667335E-18	4.812179E-18
2.296481E+04	7.667761E-18	4.781743E-18
2.296541E+04	7.667369E-18	4.830595E-18
2.296601E+04	7.693550E-18	4.907795E-18
2.296661E+04	7.737819E-18	4.916237E-18
2.296721E+04	7.774935E-18	4.927449E-18
2.296781E+04	7.801014E-18	4.930133E-18
2.296841E+04	7.804404E-18	4.981577E-18
2.296901E+04	7.785515E-18	5.058849E-18
2.296962E+04	7.784307E-18	5.122134E-18
2.297022E+04	7.832154E-18	5.157987E-18
2.297082E+04	7.867125E-18	5.132988E-18
2.297142E+04	7.861624E-18	5.123371E-18
2.297202E+04	7.897208E-18	5.121742E-18
2.297262E+04	7.993398E-18	5.146866E-18
2.297322E+04	8.075893E-18	5.151922E-18
2.297382E+04	8.108514E-18	5.155448E-18
2.297442E+04	8.112110E-18	5.156305E-18
2.297502E+04	8.107325E-18	5.145367E-18
2.297562E+04	8.116440E-18	5.166642E-18
2.297622E+04	8.153762E-18	5.186976E-18
2.297682E+04	8.185975E-18	5.195931E-18
2.297742E+04	8.189673E-18	5.195811E-18
2.297802E+04	8.194803E-18	5.149150E-18
2.297862E+04	8.211072E-18	5.147639E-18
2.297922E+04	8.221414E-18	5.085375E-18
2.297982E+04	8.207533E-18	5.032131E-18
2.298042E+04	8.165137E-18	4.921626E-18
2.298102E+04	8.130100E-18	4.809349E-18
2.298162E+04	8.128177E-18	4.768100E-18
2.298222E+04	8.141175E-18	4.754889E-18
2.298282E+04	8.142012E-18	4.777809E-18
2.298342E+04	8.118013E-18	4.799754E-18
2.298402E+04	8.089414E-18	4.796279E-18
2.298462E+04	8.088104E-18	4.813765E-18
2.298522E+04	8.101512E-18	4.783364E-18
2.298582E+04	8.100407E-18	4.764243E-18
2.298642E+04	8.089796E-18	4.806976E-18
2.298702E+04	8.091962E-18	4.880679E-18
2.298762E+04	8.106188E-18	4.881202E-18
2.298822E+04	8.121742E-18	4.884635E-18
2.298882E+04	8.195658E-18	4.897667E-18
2.298942E+04	8.269778E-18	4.932901E-18
2.299002E+04	8.266118E-18	4.945976E-18
2.299062E+04	8.197249E-18	4.926052E-18
2.299122E+04	8.132877E-18	4.907933E-18
2.299182E+04	8.133816E-18	4.906163E-18
2.299242E+04	8.193116E-18	4.948483E-18
2.299302E+04	8.202335E-18	4.963433E-18
2.299362E+04	8.201230E-18	4.941510E-18
2.299422E+04	8.257056E-18	4.941861E-18
2.299482E+04	8.323308E-18	4.962901E-18
2.299542E+04	8.329972E-18	4.944533E-18
2.299602E+04	8.308425E-18	4.937923E-18
2.299662E+04	8.296384E-18	4.937877E-18
2.299722E+04	8.298550E-18	4.952517E-18
2.299782E+04	8.324225E-18	5.019594E-18
2.299842E+04	8.371365E-18	5.070390E-18
2.299902E+04	8.416665E-18	5.075614E-18
2.299962E+04	8.464623E-18	5.037301E-18
2.300022E+04	8.494387E-18	5.034288E-18
2.300082E+04	8.494919E-18	5.030468E-18
2.300142E+04	8.507205E-18	5.013666E-18
2.300202E+04	8.536049E-18	4.976495E-18
2.300262E+04	8.541589E-18	4.975081E-18
2.300322E+04	8.533331E-18	5.012925E-18
2.300382E+04	8.543470E-18	5.005871E-18
2.300442E+04	8.553917E-18	4.975337E-18
2.300502E+04	8.564466E-18	4.980290E-18
2.300562E+04	8.577059E-18	4.955383E-18
2.300622E+04	8.606313E-18	4.919790E-18
2.300682E+04	8.620951E-18	4.903581E-18
2.300742E+04	8.629865E-18	4.902258E-18
2.300802E+04	8.645729E-18	4.910036E-18
2.300862E+04	8.658936E-18	4.939450E-18
2.300922E+04	8.670814E-18	4.956510E-18
2.300982E+04	8.657139E-18	4.950414E-18
2.301043E+04	8.617909E-18	4.897569E-18
2.301103E+04	8.582154E-18	4.820295E-18
2.301163E+04	8.594645E-18	4.811967E-18
2.301223E+04	8.637598E-18	4.824093E-18
2.301283E+04	8.654996E-18	4.871148E-18
2.301343E+04	8.634062E-18	4.866902E-18
2.301403E+04	8.595445E-18	4.860985E-18
2.301463E+04	8.554170E-18	4.823343E-18
2.301523E+04	8.507988E-18	4.818622E-18
2.301583E+04	8.479899E-18	4.850024E-18
2.301643E+04	8.469084E-18	4.861597E-18
2.301703E+04	8.449786E-18	4.863327E-18
2.301763E+04	8.443776E-18	4.861584E-18
2.301823E+04	8.470578E-18	4.883611E-18
2.301883E+04	8.488079E-18	4.945824E-18
2.301943E+04	8.469189E-18	4.985356E-18
2.302003E+04	8.442939E-18	5.004448E-18
2.302063E+04	8.424458E-18	4.973230E-18
2.302123E+04	8.449830E-18	4.998943E-18
2.302183E+04	8.503824E-18	5.013661E-18
2.302243E+04	8.516725E-18	5.042309E-18
2.302303E+04	8.513987E-18	5.042805E-18
2.302363E+04	8.499901E-18	5.033949E-18
2.302423E+04	8.459033E-18	5.015143E-18
2.302483E+04	8.406205E-18	5.000361E-18
2.302543E+04	8.381386E-18	4.989067E-18
2.302603E+04	8.325184E-18	4.975808E-18
2.302663E+04	8.271435E-18	5.012571E-18
2.302723E+04	8.247740E-18	5.045486E-18
2.302783E+04	8.205031E-18	5.024223E-18
2.302843E+04	8.135641E-18	5.000176E-18
2.302903E+04	8.078722E-18	5.001797E-18
2.302963E+04	8.068009E-18	4.985282E-18
2.303023E+04	8.091235E-18	5.007407E-18
2.303083E+04	8.105669E-18	5.026270E-18
2.303143E+04	8.098125E-18	4.981616E-18
2.303203E+04	8.085571E-18	4.908037E-18
2.303263E+04	8.079458E-18	4.907847E-18
2.303323E+04	8.108102E-18	4.917117E-18
2.303383E+04	8.124479E-18	4.920310E-18
2.303443E+04	8.123580E-18	4.914288E-18
2.303503E+04	8.148646E-18	4.914321E-18
2.303623E+04	8.193770E-18	4.917586E-18
2.303683E+04	8.196346E-18	4.916964E-18
2.303803E+04	8.172773E-18	4.912310E-18
2.303863E+04	8.167069E-18	4.898224E-18
2.303923E+04	8.172202E-18	4.876521E-18
2.303983E+04	8.117939E-18	4.863334E-18
2.304043E+04	8.059791E-18	4.867515E-18
2.304103E+04	8.034663E-18	4.859227E-18
2.304163E+04	8.076394E-18	4.869434E-18
2.304223E+04	8.088989E-18	4.911260E-18
2.304283E+04	8.044028E-18	4.905345E-18
2.304343E+04	8.005507E-18	4.880739E-18
2.304403E+04	7.975574E-18	4.813862E-18
2.304463E+04	7.936645E-18	4.749775E-18
2.304523E+04	7.912845E-18	4.744542E-18
2.304583E+04	7.905914E-18	4.742747E-18
2.304643E+04	7.895813E-18	4.740047E-18
2.304703E+04	7.901661E-18	4.733419E-18
2.304763E+04	7.935009E-18	4.752329E-18
2.304823E+04	7.919899E-18	4.768907E-18
2.304883E+04	7.895384E-18	4.762256E-18
2.304943E+04	7.886510E-18	4.730432E-18
2.305003E+04	7.836129E-18	4.711841E-18
2.305063E+04	7.753442E-18	4.698519E-18
2.305123E+04	7.683329E-18	4.680220E-18
2.305184E+04	7.652271E-18	4.673384E-18
2.305424E+04	7.658178E-18	4.677017E-18
2.305484E+04	7.651757E-18	4.680135E-18
2.305544E+04	7.613234E-18	4.673735E-18
2.305604E+04	7.604155E-18	4.671234E-18
2.305664E+04	7.638220E-18	4.659110E-18
2.305724E+04	7.685269E-18	4.662801E-18
2.305784E+04	7.712177E-18	4.673757E-18
2.305844E+04	7.714140E-18	4.675475E-18
2.305904E+04	7.700052E-18	4.673985E-18
2.305964E+04	7.667458E-18	4.663532E-18
2.306024E+04	7.625458E-18	4.727208E-18
2.306084E+04	7.596647E-18	4.780782E-18
2.306144E+04	7.586750E-18	4.727164E-18
2.306204E+04	7.580942E-18	4.666670E-18
2.306264E+04	7.566547E-18	4.673819E-18
2.306324E+04	7.556138E-18	4.618743E-18
2.306384E+04	7.579265E-18	4.574246E-18
2.306444E+04	7.608219E-18	4.570330E-18
2.306503E+04	7.593107E-18	4.565381E-18
2.306563E+04	7.562762E-18	4.562463E-18
2.306624E+04	7.522806E-18	4.547705E-18
2.306683E+04	7.431115E-18	4.448213E-18
2.306743E+04	7.358952E-18	4.364952E-18
2.306803E+04	7.363777E-18	4.315973E-18
2.306863E+04	7.350505E-18	4.309156E-18
2.306923E+04	7.288668E-18	4.263676E-18
2.306983E+04	7.243599E-18	4.269251E-18
2.307043E+04	7.250980E-18	4.266803E-18
2.307103E+04	7.309891E-18	4.328535E-18
2.307163E+04	7.319113E-18	4.367053E-18
2.307223E+04	7.290811E-18	4.354744E-18
2.307283E+04	7.266496E-18	4.345796E-18
2.307343E+04	7.210077E-18	4.319443E-18
2.307403E+04	7.143126E-18	4.302667E-18
2.307463E+04	7.108689E-18	4.239246E-18
2.307523E+04	7.110139E-18	4.225333E-18
2.307583E+04	7.137867E-18	4.252009E-18
2.307643E+04	7.150871E-18	4.241317E-18
2.307703E+04	7.138826E-18	4.214087E-18
2.307763E+04	7.089153E-18	4.215167E-18
2.307823E+04	6.988050E-18	4.179852E-18
2.307883E+04	6.900137E-18	4.134709E-18
2.307943E+04	6.871526E-18	4.128015E-18
2.308003E+04	6.814695E-18	4.111430E-18
2.308063E+04	6.768293E-18	4.088431E-18
2.308123E+04	6.710337E-18	4.090226E-18
2.308183E+04	6.672114E-18	4.131880E-18
2.308243E+04	6.669372E-18	4.163214E-18
2.308303E+04	6.653132E-18	4.142283E-18
2.308363E+04	6.624419E-18	4.232807E-18
2.308423E+04	6.573823E-18	4.299961E-18
2.308483E+04	6.563309E-18	4.339123E-18
2.308543E+04	6.589299E-18	4.316359E-18
2.308603E+04	6.616515E-18	4.291966E-18
2.308663E+04	6.619806E-18	4.309712E-18
2.308723E+04	6.621971E-18	4.303707E-18
2.308783E+04	6.658697E-18	4.311451E-18
2.308843E+04	6.711682E-18	4.325301E-18
2.308903E+04	6.742580E-18	4.298421E-18
2.308963E+04	6.728079E-18	4.283676E-18
2.309023E+04	6.696604E-18	4.268142E-18
2.309083E+04	6.679239E-18	4.297847E-18
2.309143E+04	6.680280E-18	4.308876E-18
2.309203E+04	6.711997E-18	4.315286E-18
2.309264E+04	6.742385E-18	4.323476E-18
2.309324E+04	6.729315E-18	4.320315E-18
2.309384E+04	6.690784E-18	4.311983E-18
2.309444E+04	6.685895E-18	4.332817E-18
2.309504E+04	6.712806E-18	4.385178E-18
2.309564E+04	6.742990E-18	4.388144E-18
2.309624E+04	6.754972E-18	4.386713E-18
2.309684E+04	6.770534E-18	4.382716E-18
2.309744E+04	6.820044E-18	4.449143E-18
2.309804E+04	6.900743E-18	4.495979E-18
2.309864E+04	6.958742E-18	4.504644E-18
2.309924E+04	6.952012E-18	4.499281E-18
2.309984E+04	6.906425E-18	4.515817E-18
2.310044E+04	6.892844E-18	4.537941E-18
2.310104E+04	6.895522E-18	4.537330E-18
2.310164E+04	6.922742E-18	4.556080E-18
2.310224E+04	6.939838E-18	4.562580E-18
2.310284E+04	6.933211E-18	4.568420E-18
2.310344E+04	6.874636E-18	4.597447E-18
2.310404E+04	6.830582E-18	4.609169E-18
2.310464E+04	6.829578E-18	4.602583E-18
2.310524E+04	6.850663E-18	4.546570E-18
2.310584E+04	6.830844E-18	4.439909E-18
2.310644E+04	6.773700E-18	4.422695E-18
2.310704E+04	6.759709E-18	4.441825E-18
2.310764E+04	6.788872E-18	4.408667E-18
2.310824E+04	6.779381E-18	4.408703E-18
2.310884E+04	6.728372E-18	4.395244E-18
2.310944E+04	6.703439E-18	4.388864E-18
2.311004E+04	6.708776E-18	4.448732E-18
2.311064E+04	6.731906E-18	4.478476E-18
2.311124E+04	6.776307E-18	4.481524E-18
2.311184E+04	6.826128E-18	4.513255E-18
2.311244E+04	6.849463E-18	4.517160E-18
2.311304E+04	6.821053E-18	4.527304E-18
2.311424E+04	6.771187E-18	4.540012E-18
2.311484E+04	6.727744E-18	4.550898E-18
2.311544E+04	6.702913E-18	4.549460E-18
2.311604E+04	6.703137E-18	4.551251E-18
2.311664E+04	6.714610E-18	4.525718E-18
2.311724E+04	6.719333E-18	4.498434E-18
2.311784E+04	6.714955E-18	4.504244E-18
2.311844E+04	6.736450E-18	4.511337E-18
2.311904E+04	6.786579E-18	4.528798E-18
2.311964E+04	6.817278E-18	4.536782E-18
2.312024E+04	6.827422E-18	4.561603E-18
2.312144E+04	6.841165E-18	4.541256E-18
2.312204E+04	6.839344E-18	4.527747E-18
2.312264E+04	6.839261E-18	4.541312E-18
2.312324E+04	6.842554E-18	4.541566E-18
2.312384E+04	6.823551E-18	4.561222E-18
2.312444E+04	6.813446E-18	4.573576E-18
2.312504E+04	6.824409E-18	4.573703E-18
2.312564E+04	6.849689E-18	4.577693E-18
2.312624E+04	6.885298E-18	4.612408E-18
2.312684E+04	6.929908E-18	4.694478E-18
2.312744E+04	6.977279E-18	4.740038E-18
2.312804E+04	7.008492E-18	4.714645E-18
2.312864E+04	7.029068E-18	4.689577E-18
2.312924E+04	7.033589E-18	4.684467E-18
2.312984E+04	7.017348E-18	4.584695E-18
2.313044E+04	7.028516E-18	4.495190E-18
2.313104E+04	7.066581E-18	4.448004E-18
2.313164E+04	7.143919E-18	4.457481E-18
2.313224E+04	7.226679E-18	4.480948E-18
2.313284E+04	7.235904E-18	4.474915E-18
2.313345E+04	7.211176E-18	4.516213E-18
2.313465E+04	7.220831E-18	4.562169E-18
2.313525E+04	7.237012E-18	4.571638E-18
2.313585E+04	7.263931E-18	4.601156E-18
2.313645E+04	7.271316E-18	4.604984E-18
2.313705E+04	7.253030E-18	4.654593E-18
2.313765E+04	7.243437E-18	4.670324E-18
2.313825E+04	7.237526E-18	4.665808E-18
2.313885E+04	7.285412E-18	4.695565E-18
2.313945E+04	7.378301E-18	4.736548E-18
2.314005E+04	7.436824E-18	4.800012E-18
2.314065E+04	7.467427E-18	4.814972E-18
2.314125E+04	7.449243E-18	4.842077E-18
2.314185E+04	7.434844E-18	4.758718E-18
2.314245E+04	7.429241E-18	4.724030E-18
2.314305E+04	7.404102E-18	4.745525E-18
2.314365E+04	7.363519E-18	4.752617E-18
2.314425E+04	7.352188E-18	4.696984E-18
2.314485E+04	7.384735E-18	4.679918E-18
2.314545E+04	7.412065E-18	4.690423E-18
2.314605E+04	7.428861E-18	4.730207E-18
2.314665E+04	7.482170E-18	4.804730E-18
2.314725E+04	7.526173E-18	4.910048E-18
2.314785E+04	7.520467E-18	4.941138E-18
2.314845E+04	7.503715E-18	4.948280E-18
2.314905E+04	7.509568E-18	4.968769E-18
2.314965E+04	7.508465E-18	4.983815E-18
2.315025E+04	7.493043E-18	4.932507E-18
2.315085E+04	7.502270E-18	4.907753E-18
2.315145E+04	7.506281E-18	4.922129E-18
2.315205E+04	7.519191E-18	4.956863E-18
2.315265E+04	7.522896E-18	4.956922E-18
2.315325E+04	7.514326E-18	4.954794E-18
2.315385E+04	7.522122E-18	4.901614E-18
2.315445E+04	7.528896E-18	4.930507E-18
2.315505E+04	7.520940E-18	4.945941E-18
2.315565E+04	7.560035E-18	4.952162E-18
2.315625E+04	7.612120E-18	4.966370E-18
2.315685E+04	7.621860E-18	4.931824E-18
2.315745E+04	7.611143E-18	4.910129E-18
2.315925E+04	7.614484E-18	4.945401E-18
2.315985E+04	7.605813E-18	5.038319E-18
2.316045E+04	7.583333E-18	5.082398E-18
2.316105E+04	7.591947E-18	5.065920E-18
2.316165E+04	7.622554E-18	5.071505E-18
2.316225E+04	7.649172E-18	5.058482E-18
2.316285E+04	7.684587E-18	5.048133E-18
2.316345E+04	7.727571E-18	5.040334E-18
2.316405E+04	7.737107E-18	5.022612E-18
2.316465E+04	7.723321E-18	5.036689E-18
2.316525E+04	7.723958E-18	5.098371E-18
2.316765E+04	7.715868E-18	5.098164E-18
2.316825E+04	7.672520E-18	5.077879E-18
2.316885E+04	7.602167E-18	5.058864E-18
2.316945E+04	7.551454E-18	5.021847E-18
2.317005E+04	7.543089E-18	5.023306E-18
2.317065E+04	7.526336E-18	5.014600E-18
2.317125E+04	7.497308E-18	5.033967E-18
2.317185E+04	7.494159E-18	5.080719E-18
2.317245E+04	7.495921E-18	5.054757E-18
2.317305E+04	7.487249E-18	5.086553E-18
2.317365E+04	7.484101E-18	5.101579E-18
2.317425E+04	7.488931E-18	5.102439E-18
2.317486E+04	7.491410E-18	5.085225E-18
2.317546E+04	7.495013E-18	5.045146E-18
2.317606E+04	7.516927E-18	5.029724E-18
2.317666E+04	7.562266E-18	5.058636E-18
2.317726E+04	7.617017E-18	5.135343E-18
2.317786E+04	7.670541E-18	5.155095E-18
2.317846E+04	7.671281E-18	5.161273E-18
2.317906E+04	7.654221E-18	5.163690E-18
2.317966E+04	7.685547E-18	5.238938E-18
2.318026E+04	7.766385E-18	5.263931E-18
2.318086E+04	7.833516E-18	5.281323E-18
2.318146E+04	7.849294E-18	5.312567E-18
2.318206E+04	7.825585E-18	5.313581E-18
2.318266E+04	7.798705E-18	5.273488E-18
2.318326E+04	7.790954E-18	5.267029E-18
2.318386E+04	7.775633E-18	5.245094E-18
2.318446E+04	7.768701E-18	5.257786E-18
2.318506E+04	7.783660E-18	5.224168E-18
2.318566E+04	7.789413E-18	5.151561E-18
2.318626E+04	7.799667E-18	5.172827E-18
2.318686E+04	7.811354E-18	5.212147E-18
2.318746E+04	7.814958E-18	5.198584E-18
2.318806E+04	7.818563E-18	5.146911E-18
2.318866E+04	7.831068E-18	5.146124E-18
2.318926E+04	7.822703E-18	5.091941E-18
2.318986E+04	7.783239E-18	5.077717E-18
2.319046E+04	7.769759E-18	5.073630E-18
2.319106E+04	7.771932E-18	5.062196E-18
2.319166E+04	7.783618E-18	5.069909E-18
2.319226E+04	7.805229E-18	5.075308E-18
2.319286E+04	7.823872E-18	5.105570E-18
2.319346E+04	7.813666E-18	5.102510E-18
2.319406E+04	7.781771E-18	5.059751E-18
2.319466E+04	7.758675E-18	4.961227E-18
2.319526E+04	7.755221E-18	4.823359E-18
2.319586E+04	7.725065E-18	4.773954E-18
2.319646E+04	7.683144E-18	4.757867E-18
2.319706E+04	7.667719E-18	4.732329E-18
2.319766E+04	7.644315E-18	4.686232E-18
2.319826E+04	7.596051E-18	4.671904E-18
2.319886E+04	7.564973E-18	4.661993E-18
2.319946E+04	7.555687E-18	4.705583E-18
2.320006E+04	7.552948E-18	4.708440E-18
2.320066E+04	7.558906E-18	4.718212E-18
2.320126E+04	7.545118E-18	4.715954E-18
2.320186E+04	7.495522E-18	4.722434E-18
2.320246E+04	7.449813E-18	4.716319E-18
2.320306E+04	7.422929E-18	4.700598E-18
2.320366E+04	7.393181E-18	4.693356E-18
2.320546E+04	7.367980E-18	4.709462E-18
2.320606E+04	7.353270E-18	4.713289E-18
2.320666E+04	7.341323E-18	4.706208E-18
2.320726E+04	7.319554E-18	4.680300E-18
2.320786E+04	7.290009E-18	4.546076E-18
2.320846E+04	7.290134E-18	4.475235E-18
2.320906E+04	7.299979E-18	4.482566E-18
2.320966E+04	7.287520E-18	4.465184E-18
2.321026E+04	7.280177E-18	4.473294E-18
2.321086E+04	7.271299E-18	4.488324E-18
2.321146E+04	7.280018E-18	4.535612E-18
2.321206E+04	7.285566E-18	4.680363E-18
2.321266E+04	7.264001E-18	4.763564E-18
2.321326E+04	7.248984E-18	4.691775E-18
2.321386E+04	7.215755E-18	4.685750E-18
2.321446E+04	7.162778E-18	4.674903E-18
2.321506E+04	7.110518E-18	4.661404E-18
2.321567E+04	7.077391E-18	4.655384E-18
2.321627E+04	7.042421E-18	4.661232E-18
2.321687E+04	7.066590E-18	4.656497E-18
2.321747E+04	7.087588E-18	4.590057E-18
2.321807E+04	7.039828E-18	4.509795E-18
2.321867E+04	6.983883E-18	4.494410E-18
2.321927E+04	6.954745E-18	4.466631E-18
2.321987E+04	6.949446E-18	4.455584E-18
2.322047E+04	6.934428E-18	4.452183E-18
2.322107E+04	6.859041E-18	4.429572E-18
2.322167E+04	6.785905E-18	4.419538E-18
2.322227E+04	6.772113E-18	4.400884E-18
2.322287E+04	6.786153E-18	4.424791E-18
2.322347E+04	6.792928E-18	4.369054E-18
2.322407E+04	6.784866E-18	4.367307E-18
2.322467E+04	6.771586E-18	4.352923E-18
2.322527E+04	6.794528E-18	4.356744E-18
2.322587E+04	6.834353E-18	4.296924E-18
2.322647E+04	6.834273E-18	4.292417E-18
2.322707E+04	6.817718E-18	4.289341E-18
2.322767E+04	6.788169E-18	4.267196E-18
2.322827E+04	6.736416E-18	4.193865E-18
2.322887E+04	6.682206E-18	4.184859E-18
2.322947E+04	6.700851E-18	4.203360E-18
2.323007E+04	6.710286E-18	4.205242E-18
2.323067E+04	6.685034E-18	4.179718E-18
2.323127E+04	6.631744E-18	4.137501E-18
2.323187E+04	6.612631E-18	4.131995E-18
2.323247E+04	6.641201E-18	4.144772E-18
2.323307E+04	6.685632E-18	4.101661E-18
2.323367E+04	6.699877E-18	4.100404E-18
2.323427E+04	6.686187E-18	4.109708E-18
2.323487E+04	6.679250E-18	4.150574E-18
2.323547E+04	6.671495E-18	4.155210E-18
2.323607E+04	6.664149E-18	4.154340E-18
2.323667E+04	6.677269E-18	4.157803E-18
2.323727E+04	6.717812E-18	4.162869E-18
2.323787E+04	6.774012E-18	4.159328E-18
2.323847E+04	6.794090E-18	4.199620E-18
2.323907E+04	6.798308E-18	4.197971E-18
2.323967E+04	6.816749E-18	4.202139E-18
2.324027E+04	6.857294E-18	4.249768E-18
2.324087E+04	6.894360E-18	4.329347E-18
2.324147E+04	6.893871E-18	4.342892E-18
2.324207E+04	6.871994E-18	4.327690E-18
2.324267E+04	6.874882E-18	4.337121E-18
2.324327E+04	6.886263E-18	4.365916E-18
2.324387E+04	6.915655E-18	4.391204E-18
2.324447E+04	6.939418E-18	4.422547E-18
2.324507E+04	6.948037E-18	4.451069E-18
2.324567E+04	6.942432E-18	4.404584E-18
2.324627E+04	6.947059E-18	4.384406E-18
2.324687E+04	6.935518E-18	4.393664E-18
2.324747E+04	6.900850E-18	4.403164E-18
2.324807E+04	6.928912E-18	4.415336E-18
2.324867E+04	6.952472E-18	4.385812E-18
2.324927E+04	6.939089E-18	4.411689E-18
2.324987E+04	6.917007E-18	4.489544E-18
2.325047E+04	6.908741E-18	4.493023E-18
2.325107E+04	6.897814E-18	4.471225E-18
2.325167E+04	6.842166E-18	4.462284E-18
2.325227E+04	6.765743E-18	4.450180E-18
2.325287E+04	6.749801E-18	4.466166E-18
2.325347E+04	6.770086E-18	4.481940E-18
2.325407E+04	6.760387E-18	4.477920E-18
2.325467E+04	6.787221E-18	4.484049E-18
2.325527E+04	6.845474E-18	4.498257E-18
2.325587E+04	6.831272E-18	4.484017E-18
2.325648E+04	6.802640E-18	4.436221E-18
2.325708E+04	6.839300E-18	4.297417E-18
2.325768E+04	6.889468E-18	4.182384E-18
2.325828E+04	6.860631E-18	4.192698E-18
2.325888E+04	6.814601E-18	4.183951E-18
2.325948E+04	6.801934E-18	4.182359E-18
2.326008E+04	6.798988E-18	4.187134E-18
2.326068E+04	6.762987E-18	4.184052E-18
2.326128E+04	6.723915E-18	4.151644E-18
2.326188E+04	6.715955E-18	4.169723E-18
2.326248E+04	6.719969E-18	4.226834E-18
2.326308E+04	6.742199E-18	4.245352E-18
2.326368E+04	6.756447E-18	4.248940E-18
2.326428E+04	6.731498E-18	4.222170E-18
2.326488E+04	6.692630E-18	4.215209E-18
2.326548E+04	6.658777E-18	4.203147E-18
2.326608E+04	6.680087E-18	4.208212E-18
2.326668E+04	6.690855E-18	4.192164E-18
2.326728E+04	6.617496E-18	4.185435E-18
2.326788E+04	6.586201E-18	4.154638E-18
2.326848E+04	6.563605E-18	4.146836E-18
2.326908E+04	6.563115E-18	4.152429E-18
2.326968E+04	6.554130E-18	4.184455E-18
2.327028E+04	6.519662E-18	4.189271E-18
2.327088E+04	6.504843E-18	4.182337E-18
2.327148E+04	6.479176E-18	4.176140E-18
2.327208E+04	6.489432E-18	4.184014E-18
2.327268E+04	6.521898E-18	4.201080E-18
2.327328E+04	6.525912E-18	4.205552E-18
2.327388E+04	6.531665E-18	4.201214E-18
2.327448E+04	6.581224E-18	4.208544E-18
2.327508E+04	6.623823E-18	4.218174E-18
2.327568E+04	6.590480E-18	4.208651E-18
2.327628E+04	6.511386E-18	4.187764E-18
2.327688E+04	6.462689E-18	4.190310E-18
2.327748E+04	6.442036E-18	4.188812E-18
2.327808E+04	6.445742E-18	4.177290E-18
2.327868E+04	6.453133E-18	4.201824E-18
2.327928E+04	6.460115E-18	4.194146E-18
2.327988E+04	6.454405E-18	4.149028E-18
2.328048E+04	6.450333E-18	4.163015E-18
2.328108E+04	6.483210E-18	4.172547E-18
2.328168E+04	6.528881E-18	4.183942E-18
2.328468E+04	6.571264E-18	4.198122E-18
2.328528E+04	6.625432E-18	4.230043E-18
2.328588E+04	6.655240E-18	4.211901E-18
2.328648E+04	6.647074E-18	4.184106E-18
2.328708E+04	6.642900E-18	4.179155E-18
2.328768E+04	6.637191E-18	4.155964E-18
2.328828E+04	6.610601E-18	4.106275E-18
2.328888E+04	6.582885E-18	4.085350E-18
2.328948E+04	6.593552E-18	4.132644E-18
2.329008E+04	6.640966E-18	4.157840E-18
2.329068E+04	6.676098E-18	4.145545E-18
2.329128E+04	6.683593E-18	4.132021E-18
2.329188E+04	6.689450E-18	4.160431E-18
2.329248E+04	6.682615E-18	4.196438E-18
2.329308E+04	6.672606E-18	4.203508E-18
2.329368E+04	6.702211E-18	4.212652E-18
2.329428E+04	6.753414E-18	4.215466E-18
2.329488E+04	6.782610E-18	4.205222E-18
2.329548E+04	6.738618E-18	4.163549E-18
2.329608E+04	6.704555E-18	4.147119E-18
2.329668E+04	6.720956E-18	4.208933E-18
2.329728E+04	6.706341E-18	4.248097E-18
2.329789E+04	6.675451E-18	4.259211E-18
2.329849E+04	6.677112E-18	4.268068E-18
2.329909E+04	6.689316E-18	4.333589E-18
2.329969E+04	6.673780E-18	4.329294E-18
2.330029E+04	6.645345E-18	4.288507E-18
2.330089E+04	6.610360E-18	4.270124E-18
2.330149E+04	6.560634E-18	4.286484E-18
2.330209E+04	6.503844E-18	4.291054E-18
2.330269E+04	6.462920E-18	4.274030E-18
2.330329E+04	6.459052E-18	4.280039E-18
2.330389E+04	6.515990E-18	4.325257E-18
2.330449E+04	6.540171E-18	4.332358E-18
2.330509E+04	6.543674E-18	4.371013E-18
2.330569E+04	6.548508E-18	4.380063E-18
2.330629E+04	6.547097E-18	4.402327E-18
2.330689E+04	6.535655E-18	4.441367E-18
2.330749E+04	6.519503E-18	4.440013E-18
2.330809E+04	6.486051E-18	4.428102E-18
2.330869E+04	6.441748E-18	4.448352E-18
2.330929E+04	6.422218E-18	4.417625E-18
2.330989E+04	6.424390E-18	4.372623E-18
2.331049E+04	6.411207E-18	4.363056E-18
2.331109E+04	6.413993E-18	4.366956E-18
2.331169E+04	6.433159E-18	4.371898E-18
2.331229E+04	6.460616E-18	4.373901E-18
2.331289E+04	6.521140E-18	4.384738E-18
2.331349E+04	6.579719E-18	4.418413E-18
2.331409E+04	6.593153E-18	4.420092E-18
2.331469E+04	6.574134E-18	4.420724E-18
2.331529E+04	6.566275E-18	4.488351E-18
2.331589E+04	6.535790E-18	4.580656E-18
2.331649E+04	6.481146E-18	4.602761E-18
2.331709E+04	6.435715E-18	4.584535E-18
2.331769E+04	6.436965E-18	4.566645E-18
2.331829E+04	6.465039E-18	4.596675E-18
2.331888E+04	6.519729E-18	4.676004E-18
2.331949E+04	6.583327E-18	4.723874E-18
2.332008E+04	6.612117E-18	4.708657E-18
2.332069E+04	6.606919E-18	4.705843E-18
2.332128E+04	6.619125E-18	4.705302E-18
2.332188E+04	6.660201E-18	4.708156E-18
2.332248E+04	6.706294E-18	4.720241E-18
2.332308E+04	6.747064E-18	4.766078E-18
2.332368E+04	6.772477E-18	4.780890E-18
2.332428E+04	6.773320E-18	4.768101E-18
2.332488E+04	6.769146E-18	4.737473E-18
2.332548E+04	6.760672E-18	4.741071E-18
2.332608E+04	6.736227E-18	4.715046E-18
2.332668E+04	6.709325E-18	4.697534E-18
2.332728E+04	6.669216E-18	4.685788E-18
2.332788E+04	6.614773E-18	4.657332E-18
2.332848E+04	6.563606E-18	4.646049E-18
2.332908E+04	6.540901E-18	4.662208E-18
2.332968E+04	6.561605E-18	4.667726E-18
2.333028E+04	6.562140E-18	4.656874E-18
2.333088E+04	6.552744E-18	4.652944E-18
2.333148E+04	6.616756E-18	4.677171E-18
2.333208E+04	6.658142E-18	4.708480E-18
2.333268E+04	6.688164E-18	4.705293E-18
2.333328E+04	6.717981E-18	4.683412E-18
2.333388E+04	6.741962E-18	4.716927E-18
2.333448E+04	6.746389E-18	4.741090E-18
2.333628E+04	6.693118E-18	4.715464E-18
2.333688E+04	6.674610E-18	4.736626E-18
2.333748E+04	6.654258E-18	4.736802E-18
2.333808E+04	6.625614E-18	4.681053E-18
2.333869E+04	6.578745E-18	4.601185E-18
2.333929E+04	6.554912E-18	4.622049E-18
2.333989E+04	6.586880E-18	4.640057E-18
2.334049E+04	6.611579E-18	4.638644E-18
2.334109E+04	6.625015E-18	4.644899E-18
2.334229E+04	6.608782E-18	4.683092E-18
2.334289E+04	6.593550E-18	4.726269E-18
2.334349E+04	6.620195E-18	4.649843E-18
2.334409E+04	6.631276E-18	4.553038E-18
2.334469E+04	6.612358E-18	4.538026E-18
2.334529E+04	6.626307E-18	4.534793E-18
2.334589E+04	6.659095E-18	4.486106E-18
2.334649E+04	6.700690E-18	4.463359E-18
2.334709E+04	6.711158E-18	4.475390E-18
2.334769E+04	6.717530E-18	4.490828E-18
2.334829E+04	6.744074E-18	4.472943E-18
2.334889E+04	6.753108E-18	4.490874E-18
2.334949E+04	6.765727E-18	4.501789E-18
2.335009E+04	6.794012E-18	4.533163E-18
2.335069E+04	6.819634E-18	4.537438E-18
2.335129E+04	6.813822E-18	4.543366E-18
2.335189E+04	6.763059E-18	4.495253E-18
2.335249E+04	6.691100E-18	4.456088E-18
2.335309E+04	6.632861E-18	4.405702E-18
2.335369E+04	6.596124E-18	4.348878E-18
2.335429E+04	6.559183E-18	4.335258E-18
2.335489E+04	6.520706E-18	4.323795E-18
2.335549E+04	6.489293E-18	4.342790E-18
2.335609E+04	6.490136E-18	4.341603E-18
2.335669E+04	6.517397E-18	4.340782E-18
2.335729E+04	6.502265E-18	4.321148E-18
2.335789E+04	6.481399E-18	4.318575E-18
2.335849E+04	6.511630E-18	4.335943E-18
2.335909E+04	6.518003E-18	4.343308E-18
2.335969E+04	6.520176E-18	4.359641E-18
2.336029E+04	6.509243E-18	4.361942E-18
2.336089E+04	6.529747E-18	4.391993E-18
2.336149E+04	6.564689E-18	4.417468E-18
2.336209E+04	6.599426E-18	4.380709E-18
2.336269E+04	6.675739E-18	4.335571E-18
2.336329E+04	6.750209E-18	4.354059E-18
2.336389E+04	6.743782E-18	4.377141E-18
2.336449E+04	6.705611E-18	4.427444E-18
2.336509E+04	6.672968E-18	4.483742E-18
2.336569E+04	6.640121E-18	4.404590E-18
2.336629E+04	6.616695E-18	4.366289E-18
2.336749E+04	6.586738E-18	4.358438E-18
2.336809E+04	6.544572E-18	4.347122E-18
2.336869E+04	6.524524E-18	4.340294E-18
2.336929E+04	6.529053E-18	4.337537E-18
2.336989E+04	6.552323E-18	4.344809E-18
2.337049E+04	6.600068E-18	4.327161E-18
2.337109E+04	6.650476E-18	4.337120E-18
2.337229E+04	6.691487E-18	4.356827E-18
2.337289E+04	6.685060E-18	4.362918E-18
2.337349E+04	6.686518E-18	4.373653E-18
2.337409E+04	6.725150E-18	4.397005E-18
2.337469E+04	6.747397E-18	4.424811E-18
2.337529E+04	6.725814E-18	4.438168E-18
2.337589E+04	6.707405E-18	4.440554E-18
2.337649E+04	6.683772E-18	4.439607E-18
2.337709E+04	6.617230E-18	4.404074E-18
2.337769E+04	6.574242E-18	4.386214E-18
2.337829E+04	6.595670E-18	4.389874E-18
2.337889E+04	6.629490E-18	4.400154E-18
2.337950E+04	6.664744E-18	4.404013E-18
2.338010E+04	6.701739E-18	4.398279E-18
2.338070E+04	6.715589E-18	4.414005E-18
2.338130E+04	6.660516E-18	4.423496E-18
2.338190E+04	6.598785E-18	4.412441E-18
2.338250E+04	6.559687E-18	4.331743E-18
2.338310E+04	6.504817E-18	4.289588E-18
2.338370E+04	6.443700E-18	4.257744E-18
2.338430E+04	6.386986E-18	4.285927E-18
2.338490E+04	6.355568E-18	4.314643E-18
2.338550E+04	6.347603E-18	4.313594E-18
2.338610E+04	6.348958E-18	4.300426E-18
2.338670E+04	6.351029E-18	4.310748E-18
2.338730E+04	6.362114E-18	4.361931E-18
2.338790E+04	6.375861E-18	4.408578E-18
2.338850E+04	6.386126E-18	4.422466E-18
2.338910E+04	6.385125E-18	4.366121E-18
2.338970E+04	6.390782E-18	4.378058E-18
2.339030E+04	6.417434E-18	4.371227E-18
2.339090E+04	6.430158E-18	4.339152E-18
2.339150E+04	6.416457E-18	4.336441E-18
2.339210E+04	6.412691E-18	4.341377E-18
2.339270E+04	6.416095E-18	4.354862E-18
2.339330E+04	6.418986E-18	4.467221E-18
2.339390E+04	6.431403E-18	4.510975E-18
2.339450E+04	6.431939E-18	4.507360E-18
2.339510E+04	6.425305E-18	4.466208E-18
2.339570E+04	6.389072E-18	4.448128E-18
2.339630E+04	6.350175E-18	4.401320E-18
2.339690E+04	6.390553E-18	4.383179E-18
2.339750E+04	6.439739E-18	4.404210E-18
2.339810E+04	6.445294E-18	4.416933E-18
2.339870E+04	6.412030E-18	4.413693E-18
2.339930E+04	6.415127E-18	4.405165E-18
2.339990E+04	6.467592E-18	4.413903E-18
2.340050E+04	6.495578E-18	4.419666E-18
2.340110E+04	6.529095E-18	4.428009E-18
2.340170E+04	6.569782E-18	4.396298E-18
2.340230E+04	6.549526E-18	4.388879E-18
2.340290E+04	6.531012E-18	4.482410E-18
2.340350E+04	6.518028E-18	4.488893E-18
2.340410E+04	6.496542E-18	4.483391E-18
2.340530E+04	6.469754E-18	4.481408E-18
2.340590E+04	6.478997E-18	4.480595E-18
2.340650E+04	6.522861E-18	4.480695E-18
2.340710E+04	6.570924E-18	4.517672E-18
2.340770E+04	6.604136E-18	4.508911E-18
2.340830E+04	6.637143E-18	4.533029E-18
2.341010E+04	6.701544E-18	4.576596E-18
2.341070E+04	6.776241E-18	4.585208E-18
2.341130E+04	6.834243E-18	4.569857E-18
2.341190E+04	6.870837E-18	4.521365E-18
2.341310E+04	6.905715E-18	4.462523E-18
2.341370E+04	6.935959E-18	4.366722E-18
2.341430E+04	6.938853E-18	4.392489E-18
2.341490E+04	6.883769E-18	4.383730E-18
2.341550E+04	6.802667E-18	4.387524E-18
2.341610E+04	6.751168E-18	4.376661E-18
2.341670E+04	6.706122E-18	4.408645E-18
2.341730E+04	6.678592E-18	4.415854E-18
2.341790E+04	6.687222E-18	4.441442E-18
2.341850E+04	6.717261E-18	4.546324E-18
2.341910E+04	6.743817E-18	4.576668E-18
2.341970E+04	6.775393E-18	4.586069E-18
2.342030E+04	6.834934E-18	4.612632E-18
2.342091E+04	6.880955E-18	4.612939E-18
2.342151E+04	6.898600E-18	4.622146E-18
2.342211E+04	6.884080E-18	4.761449E-18
2.342271E+04	6.829199E-18	4.850650E-18
2.342331E+04	6.800746E-18	4.841855E-18
2.342391E+04	6.811938E-18	4.842823E-18
2.342451E+04	6.817803E-18	4.850762E-18
2.342511E+04	6.832477E-18	4.867086E-18
2.342571E+04	6.878806E-18	4.888882E-18
2.342631E+04	6.933126E-18	4.905807E-18
2.342751E+04	6.952233E-18	4.907394E-18
2.342811E+04	6.957791E-18	4.904851E-18
2.342871E+04	6.992545E-18	4.901038E-18
2.342931E+04	7.024944E-18	4.901311E-18
2.342991E+04	7.052425E-18	4.880391E-18
2.343051E+04	7.084312E-18	4.933671E-18
2.343111E+04	7.132693E-18	4.941495E-18
2.343291E+04	7.184919E-18	4.934188E-18
2.343351E+04	7.217319E-18	4.896417E-18
2.343411E+04	7.212941E-18	4.902665E-18
2.343531E+04	7.210127E-18	4.902255E-18
2.343591E+04	7.180445E-18	4.879707E-18
2.343651E+04	7.137034E-18	4.850311E-18
2.343711E+04	7.102024E-18	4.859222E-18
2.343771E+04	7.084737E-18	4.924226E-18
2.343831E+04	7.036306E-18	4.863679E-18
2.343891E+04	7.021272E-18	4.878854E-18
2.343951E+04	7.078978E-18	4.891934E-18
2.344011E+04	7.054417E-18	4.880689E-18
2.344071E+04	7.003526E-18	4.862793E-18
2.344131E+04	7.004577E-18	4.862522E-18
2.344191E+04	7.031241E-18	4.860081E-18
2.344251E+04	7.037108E-18	4.851180E-18
2.344311E+04	7.004145E-18	4.739310E-18
2.344371E+04	6.985731E-18	4.697849E-18
2.344431E+04	7.030017E-18	4.733644E-18
2.344491E+04	7.065800E-18	4.779213E-18
2.344551E+04	7.058450E-18	4.823606E-18
2.344611E+04	7.054174E-18	4.821573E-18
2.344671E+04	7.050615E-18	4.819967E-18
2.344731E+04	7.010582E-18	4.836907E-18
2.344791E+04	6.998622E-18	4.835860E-18
2.344851E+04	7.033689E-18	4.839847E-18
2.344911E+04	7.005745E-18	4.837332E-18
2.344971E+04	6.977391E-18	4.832053E-18
2.345031E+04	6.961127E-18	4.880324E-18
2.345091E+04	6.940765E-18	4.891244E-18
2.345151E+04	6.953394E-18	4.894176E-18
2.345211E+04	6.937027E-18	4.903334E-18
2.345271E+04	6.911234E-18	4.813809E-18
2.345331E+04	6.923146E-18	4.882798E-18
2.345391E+04	6.936800E-18	4.982132E-18
2.345451E+04	6.956294E-18	4.978619E-18
2.345511E+04	6.897611E-18	4.979826E-18
2.345571E+04	6.823251E-18	4.976698E-18
2.345631E+04	6.764875E-18	4.993655E-18
2.345691E+04	6.705063E-18	5.027518E-18
2.345871E+04	6.665693E-18	5.037432E-18
2.345931E+04	6.632930E-18	5.004448E-18
2.345991E+04	6.616255E-18	4.974540E-18
2.346051E+04	6.632982E-18	4.965054E-18
2.346111E+04	6.641102E-18	4.982027E-18
2.346172E+04	6.636312E-18	4.982217E-18
2.346232E+04	6.638899E-18	4.982175E-18
2.346292E+04	6.673456E-18	4.982581E-18
2.346352E+04	6.720616E-18	5.021010E-18
2.346472E+04	6.710319E-18	5.008310E-18
2.346532E+04	6.717210E-18	5.018022E-18
2.346592E+04	6.779126E-18	4.982934E-18
2.346652E+04	6.807331E-18	4.966026E-18
2.346712E+04	6.797110E-18	4.953201E-18
2.346772E+04	6.776336E-18	4.886574E-18
2.346832E+04	6.768984E-18	4.887991E-18
2.346892E+04	6.763579E-18	4.884542E-18
2.346952E+04	6.752334E-18	4.877169E-18
2.347012E+04	6.776133E-18	4.917823E-18
2.347072E+04	6.800957E-18	4.948217E-18
2.347132E+04	6.830700E-18	4.815176E-18
2.347192E+04	6.871100E-18	4.712229E-18
2.347252E+04	6.925642E-18	4.715668E-18
2.347312E+04	6.977725E-18	4.754898E-18
2.347372E+04	7.029705E-18	4.818722E-18
2.347432E+04	7.090294E-18	4.827365E-18
2.347492E+04	7.129671E-18	4.887135E-18
2.347552E+04	7.177042E-18	4.900622E-18
2.347612E+04	7.233533E-18	4.963848E-18
2.347672E+04	7.190419E-18	5.052102E-18
2.347732E+04	7.169645E-18	5.055273E-18
2.347792E+04	7.229211E-18	5.065333E-18
2.347852E+04	7.270332E-18	5.078397E-18
2.347912E+04	7.241359E-18	5.029628E-18
2.347972E+04	7.233599E-18	5.028031E-18
2.348152E+04	7.270986E-18	5.037355E-18
2.348212E+04	7.306677E-18	5.046451E-18
2.348272E+04	7.296252E-18	5.000507E-18
2.348332E+04	7.254675E-18	4.996332E-18
2.348392E+04	7.250399E-18	5.007244E-18
2.348452E+04	7.239462E-18	5.027025E-18
2.348512E+04	7.208849E-18	4.994404E-18
2.348572E+04	7.178645E-18	4.917846E-18
2.348632E+04	7.165761E-18	4.932691E-18
2.348692E+04	7.133815E-18	4.918482E-18
2.348752E+04	7.076965E-18	4.910196E-18
2.348812E+04	7.077506E-18	4.903511E-18
2.348872E+04	7.088499E-18	4.957051E-18
2.348932E+04	7.065571E-18	4.994806E-18
2.348992E+04	7.053095E-18	4.991744E-18
2.349052E+04	7.018484E-18	4.980390E-18
2.349112E+04	6.984999E-18	5.012993E-18
2.349172E+04	6.975393E-18	5.030257E-18
2.349232E+04	6.987411E-18	5.007251E-18
2.349292E+04	6.986414E-18	4.980393E-18
2.349352E+04	6.969531E-18	4.948932E-18
2.349412E+04	6.954185E-18	4.978015E-18
2.349532E+04	6.980272E-18	4.992215E-18
2.349592E+04	7.044251E-18	4.961857E-18
2.349652E+04	7.077587E-18	4.943291E-18
2.349712E+04	7.032213E-18	4.951759E-18
2.349772E+04	6.987351E-18	4.980409E-18
2.349892E+04	6.959222E-18	5.002067E-18
2.349952E+04	6.957917E-18	5.001617E-18
2.350012E+04	6.955792E-18	5.043774E-18
2.350072E+04	6.953154E-18	5.039408E-18
2.350132E+04	6.963226E-18	5.017681E-18
2.350192E+04	6.991029E-18	4.995413E-18
2.350253E+04	7.037690E-18	4.908116E-18
2.350313E+04	7.079945E-18	4.810340E-18
2.350373E+04	7.127632E-18	4.863307E-18
2.350433E+04	7.200225E-18	4.908082E-18
2.350493E+04	7.246068E-18	4.941274E-18
2.350553E+04	7.259011E-18	4.944002E-18
2.350613E+04	7.261910E-18	4.934375E-18
2.350673E+04	7.246667E-18	4.893666E-18
2.350733E+04	7.236446E-18	4.863037E-18
2.350793E+04	7.246417E-18	4.870087E-18
2.350853E+04	7.243165E-18	4.881701E-18
2.350913E+04	7.248319E-18	4.873060E-18
2.350973E+04	7.309538E-18	4.891063E-18
2.351033E+04	7.394742E-18	4.918894E-18
2.351093E+04	7.442945E-18	4.925191E-18
2.351153E+04	7.415710E-18	4.891050E-18
2.351213E+04	7.429885E-18	4.927830E-18
2.351273E+04	7.432169E-18	4.931253E-18
2.351333E+04	7.390379E-18	4.920791E-18
2.351393E+04	7.371241E-18	4.917691E-18
2.351453E+04	7.354153E-18	4.949380E-18
2.351513E+04	7.307545E-18	4.949327E-18
2.351573E+04	7.226496E-18	4.910226E-18
2.351633E+04	7.162769E-18	4.896809E-18
2.351693E+04	7.165975E-18	4.913711E-18
2.351753E+04	7.179739E-18	4.914929E-18
2.351813E+04	7.178025E-18	4.867023E-18
2.351873E+04	7.176003E-18	4.832454E-18
2.351933E+04	7.182592E-18	4.822515E-18
2.351993E+04	7.186106E-18	4.831639E-18
2.352053E+04	7.188697E-18	4.790733E-18
2.352233E+04	7.180788E-18	4.771241E-18
2.352293E+04	7.184609E-18	4.772368E-18
2.352353E+04	7.160344E-18	4.727722E-18
2.352413E+04	7.142844E-18	4.743256E-18
2.352473E+04	7.136312E-18	4.721238E-18
2.352533E+04	7.150692E-18	4.644467E-18
2.352593E+04	7.165379E-18	4.634344E-18
2.352653E+04	7.122765E-18	4.647103E-18
2.352713E+04	7.111517E-18	4.636176E-18
2.352773E+04	7.089711E-18	4.626405E-18
2.352833E+04	7.076414E-18	4.634498E-18
2.352893E+04	7.098174E-18	4.671593E-18
2.352953E+04	7.121985E-18	4.707408E-18
2.353013E+04	7.141285E-18	4.734143E-18
2.353073E+04	7.107793E-18	4.737161E-18
2.353133E+04	7.118175E-18	4.734050E-18
2.353193E+04	7.183401E-18	4.733817E-18
2.353253E+04	7.240427E-18	4.718216E-18
2.353313E+04	7.288739E-18	4.685410E-18
2.353373E+04	7.303018E-18	4.669984E-18
2.353433E+04	7.286030E-18	4.651655E-18
2.353493E+04	7.295490E-18	4.632868E-18
2.353553E+04	7.334885E-18	4.648831E-18
2.353613E+04	7.348857E-18	4.610596E-18
2.353673E+04	7.317312E-18	4.576343E-18
2.353733E+04	7.311805E-18	4.590290E-18
2.353793E+04	7.364733E-18	4.629268E-18
2.353853E+04	7.374399E-18	4.596039E-18
2.353913E+04	7.306768E-18	4.561970E-18
2.353973E+04	7.215455E-18	4.596598E-18
2.354033E+04	7.170069E-18	4.574453E-18
2.354093E+04	7.183937E-18	4.557135E-18
2.354153E+04	7.176483E-18	4.553718E-18
2.354213E+04	7.152932E-18	4.540221E-18
2.354273E+04	7.101497E-18	4.519155E-18
2.354333E+04	7.014794E-18	4.503972E-18
2.354454E+04	6.969127E-18	4.462354E-18
2.354514E+04	6.977152E-18	4.428484E-18
2.354574E+04	6.977590E-18	4.406148E-18
2.354634E+04	6.944914E-18	4.346112E-18
2.354694E+04	6.913058E-18	4.288565E-18
2.354814E+04	6.900913E-18	4.271152E-18
2.354874E+04	6.891817E-18	4.272370E-18
2.354934E+04	6.884360E-18	4.334175E-18
2.355114E+04	6.895312E-18	4.365826E-18
2.355174E+04	6.890829E-18	4.381456E-18
2.355234E+04	6.852615E-18	4.363206E-18
2.355294E+04	6.833367E-18	4.349974E-18
2.355354E+04	6.833805E-18	4.387717E-18
2.355594E+04	6.838735E-18	4.354018E-18
2.355654E+04	6.871880E-18	4.381420E-18
2.355714E+04	6.879085E-18	4.431163E-18
2.355894E+04	6.879681E-18	4.431039E-18
2.355954E+04	6.855922E-18	4.450962E-18
2.356014E+04	6.850926E-18	4.427693E-18
2.356074E+04	6.900682E-18	4.437356E-18
2.356134E+04	6.923370E-18	4.444388E-18
2.356194E+04	6.867518E-18	4.422904E-18
2.356254E+04	6.835043E-18	4.410715E-18
2.356434E+04	6.836870E-18	4.395607E-18
2.356494E+04	6.832899E-18	4.358464E-18
2.356554E+04	6.832209E-18	4.353831E-18
2.356794E+04	6.836627E-18	4.347865E-18
2.356854E+04	6.869775E-18	4.361557E-18
2.356914E+04	6.892771E-18	4.329785E-18
2.356974E+04	6.881213E-18	4.338269E-18
2.357034E+04	6.839200E-18	4.368616E-18
2.357094E+04	6.787856E-18	4.357459E-18
2.357154E+04	6.801932E-18	4.327129E-18
2.357214E+04	6.816315E-18	4.284399E-18
2.357334E+04	6.743465E-18	4.294390E-18
2.357394E+04	6.678174E-18	4.329523E-18
2.357454E+04	6.618523E-18	4.312594E-18
2.357514E+04	6.541028E-18	4.336967E-18
2.357574E+04	6.474403E-18	4.316073E-18
2.357634E+04	6.453716E-18	4.255292E-18
2.357694E+04	6.420929E-18	4.295720E-18
2.357754E+04	6.383937E-18	4.309907E-18
2.357814E+04	6.409291E-18	4.306714E-18
2.357994E+04	6.387528E-18	4.295574E-18
2.358053E+04	6.365302E-18	4.271042E-18
2.358113E+04	6.384299E-18	4.276949E-18
2.358174E+04	6.360125E-18	4.245228E-18
2.358233E+04	6.255348E-18	4.238609E-18
2.358294E+04	6.175695E-18	4.218639E-18
2.358353E+04	6.213560E-18	4.207837E-18
2.358474E+04	6.258733E-18	4.244202E-18
2.358534E+04	6.244608E-18	4.246205E-18
2.358594E+04	6.231610E-18	4.234397E-18
2.358654E+04	6.245377E-18	4.241709E-18
2.358714E+04	6.276783E-18	4.259407E-18
2.358774E+04	6.292909E-18	4.285879E-18
2.358834E+04	6.273656E-18	4.297598E-18
2.358894E+04	6.246506E-18	4.307790E-18
2.358954E+04	6.229200E-18	4.311953E-18
2.359014E+04	6.192512E-18	4.335976E-18
2.359074E+04	6.175001E-18	4.448507E-18
2.359134E+04	6.208459E-18	4.462901E-18
2.359194E+04	6.265607E-18	4.497350E-18
2.359254E+04	6.299168E-18	4.535913E-18
2.359314E+04	6.286478E-18	4.538507E-18
2.359374E+04	6.263019E-18	4.531059E-18
2.359434E+04	6.268890E-18	4.526097E-18
2.359554E+04	6.239509E-18	4.532284E-18
2.359614E+04	6.198512E-18	4.491573E-18
2.359674E+04	6.199666E-18	4.519839E-18
2.359734E+04	6.187590E-18	4.539623E-18
2.359794E+04	6.189154E-18	4.512830E-18
2.359854E+04	6.210101E-18	4.516931E-18
2.359914E+04	6.240484E-18	4.523676E-18
2.359974E+04	6.267996E-18	4.518821E-18
2.360034E+04	6.249151E-18	4.511157E-18
2.360094E+04	6.246203E-18	4.504797E-18
2.360154E+04	6.283663E-18	4.508440E-18
2.360214E+04	6.340098E-18	4.543722E-18
2.360274E+04	6.353457E-18	4.518695E-18
2.360334E+04	6.335023E-18	4.535307E-18
2.360394E+04	6.344690E-18	4.579574E-18
2.360454E+04	6.312819E-18	4.500519E-18
2.360514E+04	6.302282E-18	4.480218E-18
2.360574E+04	6.347128E-18	4.469651E-18
2.360634E+04	6.372180E-18	4.449301E-18
2.360694E+04	6.420719E-18	4.440748E-18
2.360754E+04	6.496234E-18	4.416369E-18
2.360814E+04	6.546415E-18	4.426328E-18
2.360874E+04	6.549827E-18	4.454378E-18
2.360934E+04	6.575085E-18	4.464438E-18
2.360994E+04	6.592447E-18	4.470840E-18
2.361054E+04	6.593807E-18	4.464226E-18
2.361114E+04	6.582553E-18	4.459393E-18
2.361174E+04	6.568631E-18	4.504842E-18
2.361234E+04	6.552350E-18	4.557776E-18
2.361294E+04	6.507863E-18	4.593877E-18
2.361354E+04	6.477837E-18	4.577746E-18
2.361414E+04	6.482993E-18	4.574204E-18
2.361474E+04	6.534612E-18	4.592283E-18
2.361534E+04	6.602439E-18	4.613756E-18
2.361594E+04	6.626160E-18	4.617661E-18
2.361654E+04	6.665473E-18	4.623756E-18
2.361714E+04	6.652474E-18	4.623014E-18
2.361774E+04	6.668503E-18	4.616438E-18
2.361834E+04	6.750999E-18	4.597295E-18
2.361894E+04	6.824880E-18	4.687213E-18
2.362074E+04	6.895331E-18	4.776522E-18
2.362134E+04	6.954033E-18	4.802788E-18
2.362194E+04	6.974166E-18	4.796438E-18
2.362254E+04	6.977170E-18	4.754333E-18
2.362314E+04	6.986329E-18	4.764655E-18
2.362374E+04	6.978050E-18	4.744624E-18
2.362434E+04	6.989568E-18	4.752811E-18
2.362494E+04	7.053913E-18	4.755158E-18
2.362675E+04	7.099957E-18	4.785212E-18
2.362735E+04	7.124503E-18	4.764510E-18
2.362795E+04	7.175823E-18	4.800123E-18
2.362855E+04	7.220886E-18	4.844712E-18
2.362915E+04	7.239483E-18	4.844857E-18
2.362975E+04	7.270800E-18	4.851259E-18
2.363035E+04	7.306427E-18	4.860583E-18
2.363095E+04	7.358569E-18	4.869028E-18
2.363155E+04	7.360959E-18	4.867405E-18
2.363215E+04	7.328472E-18	4.858454E-18
2.363275E+04	7.333119E-18	4.842698E-18
2.363335E+04	7.343613E-18	4.857651E-18
2.363395E+04	7.319024E-18	4.848508E-18
2.363455E+04	7.292588E-18	4.871972E-18
2.363515E+04	7.272000E-18	4.857074E-18
2.363575E+04	7.272646E-18	4.879874E-18
2.363635E+04	7.317814E-18	4.919956E-18
2.363695E+04	7.378063E-18	4.921279E-18
2.363755E+04	7.427745E-18	5.007298E-18
2.363815E+04	7.465529E-18	5.137400E-18
2.363875E+04	7.459302E-18	5.038184E-18
2.363935E+04	7.481493E-18	5.048204E-18
2.363995E+04	7.502760E-18	5.035403E-18
2.364055E+04	7.501151E-18	4.993700E-18
2.364115E+04	7.481177E-18	4.963397E-18
2.364175E+04	7.477824E-18	4.947633E-18
2.364235E+04	7.490679E-18	4.991189E-18
2.364295E+04	7.472655E-18	4.991946E-18
2.364355E+04	7.429291E-18	4.953328E-18
2.364415E+04	7.404700E-18	4.933707E-18
2.364475E+04	7.410887E-18	4.934271E-18
2.364535E+04	7.404558E-18	5.006993E-18
2.364595E+04	7.379249E-18	5.113424E-18
2.364655E+04	7.346143E-18	5.117531E-18
2.364715E+04	7.341660E-18	5.175281E-18
2.364775E+04	7.336254E-18	5.204486E-18
2.364835E+04	7.321409E-18	5.217873E-18
2.364895E+04	7.299587E-18	5.225777E-18
2.364955E+04	7.258683E-18	5.202344E-18
2.365015E+04	7.256970E-18	5.230496E-18
2.365075E+04	7.243253E-18	5.233925E-18
2.365135E+04	7.240821E-18	5.186163E-18
2.365195E+04	7.245264E-18	5.221482E-18
2.365255E+04	7.227956E-18	5.216106E-18
2.365315E+04	7.242453E-18	5.312011E-18
2.365375E+04	7.303324E-18	5.334060E-18
2.365435E+04	7.346959E-18	5.393265E-18
2.365495E+04	7.340014E-18	5.387507E-18
2.365555E+04	7.308137E-18	5.527167E-18
2.365615E+04	7.358647E-18	5.593965E-18
2.365675E+04	7.376633E-18	5.551901E-18
2.365735E+04	7.379948E-18	5.565910E-18
2.365795E+04	7.435794E-18	5.553954E-18
2.365855E+04	7.478610E-18	5.571855E-18
2.365915E+04	7.503882E-18	5.548073E-18
2.365975E+04	7.542903E-18	5.518356E-18
2.366035E+04	7.559249E-18	5.499218E-18
2.366095E+04	7.533015E-18	5.494560E-18
2.366155E+04	7.523813E-18	5.511503E-18
2.366215E+04	7.522306E-18	5.511428E-18
2.366275E+04	7.515771E-18	5.510476E-18
2.366335E+04	7.508416E-18	5.546380E-18
2.366395E+04	7.540461E-18	5.595957E-18
2.366455E+04	7.585947E-18	5.615638E-18
2.366515E+04	7.584954E-18	5.599237E-18
2.366575E+04	7.584473E-18	5.616796E-18
2.366635E+04	7.634988E-18	5.570596E-18
2.366696E+04	7.701408E-18	5.585952E-18
2.366756E+04	7.735918E-18	5.587078E-18
2.366816E+04	7.762424E-18	5.579214E-18
2.366876E+04	7.824740E-18	5.590155E-18
2.366996E+04	7.876933E-18	5.603601E-18
2.367056E+04	7.929298E-18	5.606709E-18
2.367116E+04	7.961860E-18	5.616884E-18
2.367176E+04	7.970821E-18	5.600827E-18
2.367236E+04	7.940893E-18	5.525916E-18
2.367476E+04	7.877306E-18	5.505103E-18
2.367656E+04	7.825690E-18	5.481009E-18
2.367716E+04	7.753482E-18	5.439832E-18
2.367776E+04	7.703952E-18	5.427481E-18
2.367836E+04	7.655140E-18	5.418662E-18
2.367896E+04	7.550300E-18	5.415675E-18
2.367956E+04	7.544380E-18	5.414833E-18
2.368016E+04	7.529841E-18	5.411203E-18
2.368316E+04	7.487929E-18	5.413840E-18
2.368376E+04	7.478931E-18	5.405498E-18
2.368436E+04	7.485839E-18	5.430943E-18
2.368496E+04	7.448106E-18	5.430247E-18
2.368556E+04	7.400317E-18	5.394122E-18
2.368616E+04	7.347704E-18	5.379728E-18
2.368676E+04	7.310997E-18	5.333868E-18
2.368736E+04	7.366547E-18	5.310193E-18
2.368796E+04	7.324196E-18	5.311205E-18
2.368856E+04	7.278765E-18	5.229058E-18
2.368916E+04	7.287417E-18	5.078228E-18
2.368976E+04	7.305510E-18	5.111187E-18
2.369096E+04	7.256006E-18	5.118005E-18
2.369156E+04	7.211190E-18	5.104911E-18
2.369216E+04	7.178688E-18	5.212151E-18
2.369276E+04	7.108625E-18	5.315718E-18
2.369336E+04	7.078894E-18	5.324956E-18
2.369396E+04	7.084775E-18	5.278174E-18
2.369456E+04	7.096608E-18	5.250512E-18
2.369516E+04	7.131942E-18	5.256745E-18
2.369576E+04	7.125405E-18	5.269968E-18
2.369636E+04	7.105526E-18	5.262628E-18
2.369696E+04	7.071997E-18	5.228300E-18
2.369756E+04	7.053656E-18	5.202600E-18
2.369816E+04	7.062000E-18	5.234166E-18
2.369876E+04	7.066546E-18	5.207789E-18
2.369996E+04	7.063631E-18	5.203787E-18
2.370056E+04	7.078236E-18	5.186818E-18
2.370116E+04	7.116856E-18	5.178611E-18
2.370176E+04	7.163585E-18	5.213549E-18
2.370716E+04	7.225447E-18	5.199207E-18
2.370777E+04	7.246931E-18	5.176887E-18
2.370897E+04	7.220308E-18	5.169281E-18
2.370957E+04	7.215823E-18	5.127272E-18
2.371017E+04	7.220370E-18	5.145983E-18
2.371197E+04	7.191417E-18	5.051310E-18
2.371257E+04	7.172871E-18	5.039763E-18
2.371317E+04	7.174441E-18	5.013529E-18
2.371377E+04	7.177039E-18	5.013895E-18
2.371437E+04	7.133652E-18	4.865650E-18
2.371497E+04	7.072816E-18	4.724393E-18
2.371677E+04	7.053098E-18	4.729244E-18
2.371737E+04	7.045944E-18	4.713016E-18
2.371797E+04	7.013847E-18	4.707991E-18
2.371857E+04	6.993143E-18	4.693283E-18
2.371917E+04	6.971207E-18	4.681767E-18
2.371977E+04	6.915193E-18	4.674192E-18
2.372037E+04	6.902905E-18	4.676550E-18
2.372097E+04	6.884459E-18	4.682795E-18
2.372157E+04	6.833986E-18	4.687507E-18
2.372217E+04	6.803324E-18	4.672161E-18
2.372277E+04	6.817109E-18	4.668466E-18
2.372337E+04	6.848447E-18	4.641795E-18
2.372397E+04	6.816450E-18	4.598820E-18
2.372517E+04	6.825337E-18	4.591929E-18
2.372577E+04	6.846411E-18	4.623475E-18
2.372697E+04	6.838566E-18	4.599516E-18
2.372757E+04	6.889820E-18	4.604959E-18
2.372817E+04	6.939842E-18	4.570533E-18
2.372877E+04	6.983603E-18	4.644853E-18
2.372937E+04	7.000674E-18	4.655794E-18
2.372997E+04	6.947324E-18	4.635339E-18
2.373057E+04	6.897567E-18	4.613635E-18
2.373117E+04	6.888872E-18	4.632939E-18
2.373177E+04	6.857387E-18	4.622114E-18
2.373237E+04	6.833190E-18	4.615305E-18
2.373297E+04	6.853854E-18	4.674593E-18
2.373357E+04	6.854808E-18	4.703185E-18
2.373417E+04	6.860895E-18	4.701714E-18
2.373477E+04	6.823968E-18	4.687905E-18
2.373537E+04	6.833648E-18	4.706910E-18
2.373657E+04	6.905775E-18	4.767961E-18
2.373717E+04	6.970686E-18	4.789506E-18
2.373777E+04	7.006340E-18	4.798032E-18
2.373837E+04	6.977933E-18	4.791364E-18
2.373897E+04	6.952401E-18	4.777179E-18
2.373957E+04	6.957668E-18	4.799683E-18
2.374017E+04	6.944250E-18	4.747923E-18
2.374077E+04	6.914097E-18	4.740223E-18
2.374137E+04	6.881276E-18	4.720908E-18
2.374197E+04	6.877405E-18	4.731376E-18
2.374257E+04	6.897660E-18	4.775896E-18
2.374317E+04	6.923356E-18	4.795632E-18
2.374377E+04	6.949053E-18	4.800140E-18
2.374437E+04	6.913151E-18	4.781840E-18
2.374497E+04	6.859693E-18	4.777015E-18
2.374557E+04	6.819888E-18	4.721336E-18
2.374617E+04	6.780495E-18	4.729188E-18
2.374677E+04	6.763687E-18	4.742163E-18
2.374737E+04	6.748830E-18	4.620452E-18
2.374918E+04	6.725820E-18	4.477002E-18
2.374978E+04	6.721537E-18	4.455886E-18
2.375098E+04	6.752500E-18	4.460691E-18
2.375158E+04	6.795344E-18	4.458940E-18
2.375218E+04	6.836545E-18	4.480825E-18
2.375278E+04	6.911628E-18	4.500004E-18
2.375458E+04	7.020860E-18	4.544968E-18
2.375518E+04	7.095535E-18	4.536358E-18
2.375578E+04	7.102240E-18	4.469275E-18
2.375638E+04	7.055041E-18	4.485003E-18
2.375698E+04	7.002092E-18	4.526470E-18
2.375758E+04	6.986209E-18	4.588274E-18
2.375818E+04	7.019198E-18	4.763684E-18
2.375878E+04	7.080424E-18	4.824995E-18
2.375938E+04	7.112593E-18	4.809373E-18
2.375998E+04	7.066831E-18	4.799427E-18
2.376058E+04	7.048380E-18	4.805933E-18
2.376118E+04	7.094103E-18	4.826598E-18
2.376178E+04	7.069081E-18	4.838535E-18
2.376238E+04	7.044572E-18	4.829300E-18
2.376298E+04	7.057438E-18	4.838093E-18
2.376358E+04	7.026050E-18	4.896310E-18
2.376418E+04	6.980696E-18	4.855269E-18
2.376478E+04	6.978879E-18	4.877171E-18
2.376538E+04	6.972030E-18	4.855984E-18
2.376658E+04	6.982258E-18	4.883044E-18
2.376718E+04	7.018946E-18	4.886033E-18
2.376778E+04	7.016205E-18	4.942446E-18
2.376898E+04	6.989467E-18	4.932073E-18
2.376958E+04	6.986828E-18	4.925595E-18
2.377018E+04	7.021977E-18	4.950371E-18
2.377078E+04	7.059899E-18	5.011058E-18
2.377138E+04	7.061882E-18	4.998379E-18
2.377198E+04	7.010981E-18	4.969885E-18
2.377258E+04	6.935435E-18	4.912265E-18
2.377318E+04	6.901785E-18	4.952278E-18
2.377378E+04	6.899864E-18	4.951420E-18
2.377438E+04	6.890242E-18	4.951317E-18
2.377498E+04	6.886371E-18	4.936262E-18
2.377558E+04	6.879008E-18	4.969851E-18
2.377798E+04	6.864240E-18	4.947426E-18
2.377858E+04	6.869405E-18	4.955897E-18
2.377918E+04	6.881862E-18	4.998308E-18
2.377978E+04	6.862894E-18	5.012053E-18
2.378038E+04	6.846289E-18	4.955315E-18
2.378158E+04	6.857338E-18	4.952423E-18
2.378218E+04	6.811773E-18	4.942021E-18
2.378278E+04	6.758813E-18	4.934983E-18
2.378338E+04	6.754016E-18	4.913406E-18
2.378398E+04	6.785163E-18	4.938874E-18
2.378458E+04	6.817748E-18	4.941611E-18
2.378518E+04	6.833183E-18	5.005130E-18
2.378578E+04	6.871622E-18	5.075631E-18
2.378638E+04	6.933271E-18	5.113944E-18
2.378698E+04	7.007346E-18	5.174300E-18
2.378758E+04	7.068996E-18	5.165367E-18
2.378878E+04	7.067724E-18	5.133549E-18
2.378938E+04	7.096306E-18	5.105739E-18
2.379119E+04	7.121975E-18	5.104712E-18
2.379179E+04	7.087191E-18	5.149522E-18
2.379239E+04	7.045628E-18	5.148127E-18
2.379299E+04	7.083146E-18	5.149437E-18
2.379359E+04	7.093140E-18	5.149825E-18
2.379419E+04	7.029496E-18	5.163126E-18
2.379479E+04	6.968111E-18	5.185687E-18
2.379539E+04	6.957974E-18	5.169001E-18
2.379599E+04	6.972692E-18	5.128456E-18
2.379719E+04	6.958992E-18	5.120415E-18
2.379779E+04	6.930574E-18	5.107019E-18
2.379839E+04	6.907086E-18	5.102234E-18
2.379959E+04	6.902731E-18	5.124304E-18
2.380019E+04	6.911800E-18	5.163412E-18
2.380079E+04	6.921280E-18	5.159857E-18
2.380139E+04	6.938669E-18	5.177168E-18
2.380199E+04	6.974032E-18	5.193937E-18
2.380259E+04	6.972831E-18	5.225902E-18
2.380319E+04	6.949650E-18	5.221972E-18
2.380379E+04	6.916300E-18	5.217702E-18
2.380439E+04	6.891373E-18	5.280873E-18
2.380499E+04	6.874970E-18	5.274443E-18
2.380559E+04	6.832375E-18	5.257491E-18
2.380619E+04	6.826654E-18	5.267121E-18
2.380679E+04	6.844146E-18	5.284949E-18
2.380739E+04	6.833392E-18	5.272525E-18
2.380799E+04	6.819146E-18	5.218774E-18
2.380859E+04	6.799763E-18	5.173971E-18
2.380919E+04	6.778943E-18	5.101141E-18
2.380979E+04	6.766750E-18	4.938960E-18
2.381039E+04	6.789378E-18	4.905236E-18
2.381099E+04	6.826489E-18	4.897622E-18
2.381159E+04	6.875413E-18	4.918769E-18
2.381219E+04	6.903588E-18	4.912819E-18
2.381279E+04	6.885541E-18	4.910828E-18
2.381339E+04	6.873143E-18	4.935495E-18
2.381399E+04	6.865984E-18	4.935584E-18
2.381459E+04	6.873924E-18	4.962725E-18
2.381519E+04	6.930142E-18	4.983219E-18
2.381639E+04	6.931643E-18	5.001724E-18
2.381699E+04	6.929414E-18	5.025242E-18
2.381759E+04	6.936842E-18	5.055538E-18
2.381819E+04	6.905954E-18	5.020144E-18
2.381879E+04	6.841578E-18	5.044662E-18
2.381939E+04	6.798158E-18	5.029090E-18
2.381999E+04	6.785862E-18	5.027433E-18
2.382059E+04	6.756411E-18	5.040633E-18
2.382239E+04	6.731951E-18	5.025661E-18
2.382299E+04	6.733009E-18	4.973785E-18
2.382359E+04	6.765706E-18	4.972618E-18
2.382419E+04	6.810422E-18	4.974357E-18
2.382479E+04	6.871473E-18	5.003115E-18
2.382539E+04	6.910745E-18	4.973569E-18
2.382599E+04	6.906154E-18	5.001146E-18
2.382659E+04	6.926320E-18	5.034290E-18
2.382719E+04	6.904573E-18	5.032102E-18
2.382779E+04	6.829818E-18	4.983472E-18
2.382839E+04	6.836731E-18	4.991394E-18
2.382899E+04	6.854843E-18	4.997773E-18
2.383019E+04	6.919728E-18	5.045768E-18
2.383080E+04	6.957462E-18	5.168227E-18
2.383140E+04	6.910442E-18	5.336704E-18
2.383200E+04	6.873387E-18	5.504508E-18
2.383260E+04	6.816094E-18	5.539884E-18
2.383320E+04	6.744109E-18	5.517873E-18
2.383380E+04	6.698320E-18	5.507616E-18
2.383440E+04	6.661264E-18	5.498847E-18
2.383500E+04	6.624823E-18	5.513337E-18
2.383560E+04	6.614477E-18	5.416920E-18
2.383620E+04	6.605775E-18	5.413037E-18
2.383680E+04	6.572416E-18	5.525345E-18
2.383740E+04	6.567000E-18	5.486680E-18
2.383800E+04	6.583982E-18	5.496273E-18
2.383920E+04	6.581165E-18	5.531240E-18
2.383980E+04	6.574722E-18	5.580287E-18
2.384040E+04	6.567252E-18	5.601596E-18
2.384100E+04	6.536769E-18	5.553048E-18
2.384160E+04	6.519230E-18	5.557709E-18
2.384280E+04	6.456926E-18	5.564146E-18
2.384340E+04	6.456133E-18	5.560253E-18
2.384400E+04	6.487190E-18	5.530616E-18
2.384460E+04	6.447870E-18	5.486105E-18
2.384520E+04	6.391391E-18	5.474802E-18
2.384580E+04	6.407139E-18	5.477487E-18
2.384640E+04	6.400182E-18	5.471334E-18
2.384700E+04	6.416958E-18	5.474776E-18
2.384760E+04	6.435584E-18	5.478166E-18
2.384820E+04	6.409208E-18	5.440922E-18
2.384940E+04	6.346386E-18	5.393484E-18
2.385000E+04	6.276445E-18	5.332572E-18
2.385060E+04	6.244828E-18	5.300918E-18
2.385119E+04	6.268385E-18	5.319266E-18
2.385299E+04	6.223981E-18	5.304797E-18
2.385359E+04	6.230791E-18	5.335371E-18
2.385419E+04	6.215201E-18	5.363859E-18
2.385479E+04	6.198071E-18	5.319602E-18
2.385539E+04	6.196763E-18	5.341745E-18
2.385599E+04	6.166069E-18	5.354291E-18
2.385659E+04	6.119653E-18	5.356344E-18
2.385719E+04	6.129135E-18	5.321454E-18
2.385779E+04	6.218043E-18	5.359171E-18
2.385839E+04	6.242835E-18	5.379020E-18
2.385899E+04	6.236698E-18	5.361663E-18
2.385959E+04	6.237138E-18	5.354089E-18
2.386019E+04	6.281453E-18	5.376659E-18
2.386079E+04	6.296176E-18	5.372702E-18
2.386139E+04	6.334840E-18	5.376726E-18
2.386199E+04	6.404435E-18	5.384319E-18
2.386259E+04	6.439401E-18	5.393198E-18
2.386559E+04	6.433074E-18	5.424182E-18
2.386619E+04	6.431151E-18	5.431816E-18
2.386679E+04	6.434469E-18	5.440827E-18
2.386739E+04	6.469437E-18	5.424256E-18
2.386799E+04	6.515297E-18	5.375858E-18
2.386859E+04	6.545847E-18	5.361529E-18
2.386979E+04	6.588553E-18	5.333773E-18
2.387039E+04	6.638731E-18	5.353287E-18
2.387099E+04	6.686957E-18	5.366630E-18
2.387160E+04	6.747310E-18	5.338940E-18
2.387220E+04	6.791427E-18	5.300531E-18
2.387280E+04	6.769774E-18	5.294846E-18
2.387340E+04	6.806492E-18	5.284104E-18
2.387400E+04	6.871368E-18	5.289887E-18
2.387520E+04	6.882222E-18	5.288260E-18
2.387580E+04	6.911747E-18	5.295582E-18
2.387700E+04	6.951170E-18	5.299791E-18
2.387760E+04	6.971653E-18	5.282071E-18
2.387820E+04	6.984531E-18	5.279680E-18
2.388120E+04	7.036899E-18	5.263523E-18
2.388180E+04	7.119251E-18	5.250273E-18
2.388240E+04	7.199034E-18	5.279917E-18
2.388300E+04	7.277174E-18	5.304630E-18
2.388360E+04	7.324482E-18	5.318603E-18
2.388420E+04	7.352779E-18	5.324677E-18
2.388480E+04	7.393305E-18	5.278865E-18
2.388540E+04	7.425096E-18	5.150894E-18
2.388600E+04	7.441882E-18	4.965185E-18
2.388660E+04	7.436367E-18	4.752250E-18
2.388720E+04	7.464048E-18	4.687759E-18
2.388780E+04	7.496765E-18	4.696943E-18
2.388840E+04	7.468536E-18	4.687579E-18
2.388900E+04	7.448734E-18	4.669443E-18
2.388960E+04	7.446816E-18	4.661643E-18
2.389020E+04	7.388061E-18	4.642231E-18
2.389080E+04	7.375351E-18	4.542109E-18
2.389140E+04	7.421738E-18	4.417316E-18
2.389200E+04	7.390219E-18	4.512668E-18
2.389260E+04	7.371650E-18	4.546300E-18
2.389320E+04	7.401696E-18	4.478774E-18
2.389380E+04	7.454250E-18	4.443779E-18
2.389440E+04	7.483680E-18	4.429883E-18
2.389500E+04	7.513932E-18	4.433656E-18
2.389560E+04	7.588689E-18	4.519217E-18
2.389620E+04	7.611028E-18	4.542255E-18
2.389740E+04	7.643167E-18	4.565654E-18
2.389800E+04	7.677737E-18	4.573198E-18
2.389860E+04	7.709944E-18	4.584335E-18
2.389920E+04	7.760961E-18	4.601938E-18
2.389980E+04	7.797999E-18	4.614353E-18
2.390040E+04	7.757846E-18	4.615593E-18
2.390100E+04	7.731672E-18	4.614822E-18
2.390160E+04	7.755759E-18	4.629537E-18
2.390220E+04	7.688264E-18	4.609365E-18
2.390400E+04	7.753436E-18	4.644984E-18
2.390460E+04	7.803941E-18	4.704318E-18
2.390520E+04	7.780747E-18	4.811030E-18
2.390580E+04	7.732985E-18	4.780165E-18
2.390640E+04	7.720789E-18	4.799632E-18
2.390700E+04	7.697080E-18	4.768977E-18
2.390760E+04	7.684164E-18	4.767099E-18
2.390820E+04	7.702805E-18	4.726826E-18
2.390940E+04	7.723435E-18	4.696245E-18
2.391000E+04	7.738478E-18	4.683811E-18
2.391060E+04	7.727412E-18	4.695854E-18
2.391120E+04	7.689414E-18	4.697644E-18
2.391301E+04	7.689110E-18	4.635962E-18
2.391361E+04	7.696856E-18	4.622702E-18
2.391481E+04	7.678012E-18	4.623979E-18
2.391661E+04	7.675549E-18	4.631781E-18
2.391721E+04	7.690696E-18	4.612673E-18
2.391781E+04	7.757757E-18	4.624438E-18
2.391841E+04	7.775269E-18	4.629647E-18
2.391901E+04	7.736241E-18	4.600888E-18
2.391961E+04	7.710474E-18	4.594351E-18
2.392021E+04	7.674838E-18	4.555978E-18
2.392081E+04	7.608772E-18	4.495900E-18
2.392141E+04	7.597396E-18	4.484665E-18
2.392201E+04	7.629403E-18	4.488448E-18
2.392261E+04	7.663980E-18	4.483033E-18
2.392321E+04	7.676455E-18	4.501604E-18
2.392381E+04	7.722958E-18	4.518803E-18
2.392441E+04	7.743349E-18	4.472434E-18
2.392501E+04	7.704731E-18	4.476948E-18
2.392561E+04	7.640718E-18	4.458198E-18
2.392621E+04	7.671493E-18	4.471480E-18
2.392681E+04	7.718306E-18	4.503914E-18
2.392741E+04	7.676396E-18	4.537033E-18
2.392801E+04	7.635926E-18	4.529612E-18
2.392861E+04	7.643055E-18	4.539948E-18
2.392921E+04	7.647820E-18	4.538165E-18
2.392981E+04	7.618658E-18	4.531526E-18
2.393041E+04	7.639975E-18	4.537892E-18
2.393101E+04	7.663348E-18	4.599895E-18
2.393161E+04	7.683020E-18	4.676449E-18
2.393221E+04	7.761398E-18	4.696230E-18
2.393281E+04	7.757630E-18	4.708859E-18
2.393341E+04	7.698035E-18	4.773889E-18
2.393401E+04	7.680593E-18	4.759119E-18
2.393461E+04	7.699238E-18	4.757626E-18
2.393521E+04	7.669355E-18	4.768450E-18
2.393581E+04	7.619423E-18	4.784801E-18
2.393641E+04	7.611028E-18	4.805163E-18
2.393701E+04	7.600474E-18	4.877339E-18
2.393761E+04	7.539437E-18	4.879545E-18
2.393821E+04	7.495775E-18	4.921857E-18
2.393881E+04	7.514009E-18	4.923397E-18
2.393941E+04	7.510548E-18	4.912985E-18
2.394001E+04	7.519631E-18	4.901710E-18
2.394061E+04	7.576010E-18	4.910990E-18
2.394121E+04	7.589206E-18	4.903455E-18
2.394301E+04	7.543249E-18	4.853164E-18
2.394361E+04	7.471824E-18	4.751754E-18
2.394421E+04	7.427132E-18	4.697802E-18
2.394481E+04	7.441768E-18	4.731620E-18
2.394541E+04	7.476762E-18	4.765693E-18
2.394601E+04	7.454176E-18	4.822444E-18
2.394661E+04	7.396938E-18	4.828447E-18
2.394721E+04	7.352245E-18	4.749057E-18
2.394781E+04	7.328116E-18	4.706631E-18
2.394841E+04	7.336479E-18	4.691452E-18
2.394901E+04	7.371885E-18	4.736833E-18
2.394961E+04	7.428884E-18	4.821353E-18
2.395201E+04	7.486297E-18	4.857111E-18
2.395321E+04	7.497781E-18	4.859562E-18
2.395382E+04	7.539668E-18	4.904998E-18
2.395442E+04	7.544022E-18	4.906540E-18
2.395622E+04	7.494153E-18	4.887242E-18
2.395682E+04	7.451719E-18	4.876996E-18
2.395742E+04	7.456998E-18	4.864048E-18
2.395802E+04	7.469578E-18	4.819660E-18
2.395862E+04	7.512186E-18	4.702934E-18
2.395922E+04	7.539574E-18	4.714431E-18
2.395982E+04	7.559662E-18	4.702910E-18
2.396042E+04	7.656875E-18	4.729250E-18
2.396162E+04	7.745590E-18	4.724966E-18
2.396222E+04	7.783058E-18	4.770646E-18
2.396282E+04	7.801399E-18	4.774099E-18
2.396342E+04	7.852751E-18	4.788199E-18
2.396402E+04	7.846412E-18	4.713522E-18
2.396462E+04	7.721913E-18	4.635230E-18
2.396642E+04	7.588846E-18	4.585202E-18
2.396702E+04	7.474320E-18	4.554284E-18
2.396762E+04	7.406789E-18	4.550484E-18
2.396822E+04	7.406721E-18	4.609394E-18
2.396882E+04	7.380326E-18	4.607217E-18
2.396942E+04	7.349406E-18	4.598477E-18
2.397002E+04	7.332986E-18	4.627456E-18
2.397182E+04	7.326815E-18	4.625650E-18
2.397242E+04	7.304224E-18	4.628854E-18
2.397302E+04	7.229491E-18	4.789060E-18
2.397362E+04	7.179852E-18	4.771114E-18
2.397422E+04	7.110980E-18	4.780589E-18
2.397482E+04	7.003334E-18	4.753803E-18
2.397542E+04	6.960172E-18	4.780881E-18
2.397602E+04	6.926986E-18	4.773014E-18
2.397662E+04	6.868910E-18	4.768441E-18
2.397722E+04	6.874290E-18	4.816055E-18
2.397782E+04	6.858175E-18	4.804018E-18
2.397842E+04	6.788374E-18	4.781346E-18
2.397902E+04	6.745312E-18	4.794566E-18
2.397962E+04	6.709244E-18	4.934227E-18
2.398022E+04	6.719561E-18	4.982114E-18
2.398082E+04	6.729363E-18	4.975228E-18
2.398142E+04	6.673238E-18	5.004351E-18
2.398202E+04	6.655785E-18	5.017491E-18
2.398262E+04	6.679061E-18	5.014126E-18
2.398322E+04	6.667779E-18	5.037943E-18
2.398382E+04	6.683135E-18	5.079234E-18
2.398442E+04	6.735107E-18	5.059867E-18
2.398622E+04	6.793726E-18	5.073369E-18
2.398682E+04	6.803530E-18	5.048166E-18
2.398742E+04	6.769414E-18	4.965682E-18
2.398802E+04	6.738692E-18	5.005722E-18
2.398862E+04	6.770300E-18	5.041360E-18
2.398982E+04	6.772627E-18	5.042236E-18
2.399042E+04	6.755070E-18	5.010302E-18
2.399102E+04	6.731959E-18	4.998422E-18
2.399162E+04	6.726539E-18	4.925864E-18
2.399222E+04	6.748274E-18	4.910936E-18
2.399282E+04	6.786056E-18	4.886419E-18
2.399342E+04	6.793699E-18	4.893927E-18
2.399402E+04	6.766782E-18	4.942127E-18
2.399463E+04	6.716207E-18	4.958670E-18
2.399523E+04	6.703381E-18	4.958631E-18
2.399583E+04	6.690555E-18	4.975506E-18
2.399643E+04	6.688015E-18	4.966975E-18
2.399703E+04	6.737215E-18	4.965660E-18
2.399763E+04	6.780038E-18	4.989738E-18
2.399823E+04	6.793133E-18	4.958529E-18
2.399883E+04	6.796251E-18	4.954213E-18
2.399943E+04	6.806056E-18	4.885666E-18
2.400003E+04	6.851246E-18	4.868844E-18
2.400183E+04	6.872533E-18	4.895878E-18
2.400243E+04	6.835945E-18	4.871818E-18
2.400303E+04	6.801311E-18	4.870879E-18
2.400363E+04	6.836935E-18	4.861540E-18
2.400423E+04	6.895603E-18	4.833709E-18
2.400483E+04	6.931640E-18	4.902515E-18
2.400543E+04	6.923340E-18	4.898220E-18
2.400603E+04	6.947547E-18	4.851599E-18
2.400663E+04	6.974635E-18	4.904306E-18
2.400723E+04	7.027030E-18	4.963800E-18
2.400783E+04	7.096296E-18	4.979719E-18
2.400903E+04	7.156646E-18	4.994486E-18
2.400963E+04	7.217890E-18	5.038536E-18
2.401023E+04	7.254341E-18	5.057166E-18
2.401083E+04	7.313014E-18	5.064892E-18
2.401143E+04	7.352346E-18	5.079989E-18
2.401203E+04	7.342402E-18	5.107195E-18
2.401263E+04	7.298098E-18	5.079493E-18
2.401323E+04	7.273751E-18	5.104727E-18
2.401383E+04	7.260411E-18	5.114836E-18
2.401443E+04	7.255199E-18	5.115519E-18
2.401503E+04	7.291035E-18	5.127050E-18
2.401563E+04	7.326665E-18	5.186257E-18
2.401623E+04	7.333695E-18	5.209942E-18
2.401803E+04	7.349643E-18	5.209028E-18
2.401863E+04	7.424266E-18	5.239004E-18
2.401923E+04	7.491380E-18	5.214857E-18
2.401983E+04	7.525881E-18	5.246642E-18
2.402043E+04	7.543303E-18	5.269635E-18
2.402103E+04	7.559492E-18	5.251358E-18
2.402163E+04	7.569919E-18	5.408999E-18
2.402343E+04	7.559841E-18	5.397954E-18
2.402403E+04	7.551440E-18	5.329871E-18
2.402463E+04	7.529150E-18	5.391660E-18
2.402523E+04	7.534124E-18	5.420773E-18
2.402583E+04	7.561528E-18	5.417588E-18
2.402643E+04	7.582861E-18	5.391248E-18
2.402703E+04	7.587013E-18	5.448359E-18
2.402763E+04	7.606083E-18	5.471357E-18
2.402823E+04	7.574841E-18	5.418068E-18
2.402883E+04	7.571379E-18	5.410932E-18
2.402943E+04	7.593228E-18	5.426889E-18
2.403003E+04	7.597585E-18	5.392603E-18
2.403123E+04	7.615149E-18	5.376086E-18
2.403183E+04	7.640496E-18	5.322547E-18
2.403243E+04	7.681072E-18	5.339072E-18
2.403303E+04	7.734921E-18	5.382369E-18
2.403363E+04	7.787536E-18	5.438438E-18
2.403423E+04	7.888614E-18	5.475107E-18
2.403604E+04	7.984419E-18	5.539087E-18
2.403664E+04	7.996187E-18	5.461859E-18
2.403724E+04	8.000650E-18	5.425523E-18
2.403784E+04	7.997395E-18	5.448609E-18
2.404024E+04	7.985817E-18	5.462904E-18
2.404084E+04	8.028455E-18	5.470740E-18
2.404144E+04	8.052675E-18	5.612096E-18
2.404204E+04	8.019785E-18	5.790073E-18
2.404264E+04	8.079917E-18	5.821464E-18
2.404324E+04	8.183988E-18	5.849404E-18
2.404384E+04	8.310801E-18	6.055018E-18
2.404504E+04	8.387748E-18	6.152900E-18
2.404564E+04	8.462186E-18	6.211968E-18
2.404624E+04	8.576449E-18	6.268686E-18
2.404924E+04	8.679456E-18	6.295997E-18
2.404984E+04	8.770981E-18	6.279251E-18
2.405044E+04	8.851290E-18	6.296482E-18
2.405164E+04	8.920734E-18	6.310973E-18
2.405224E+04	8.979125E-18	6.330859E-18
2.405284E+04	9.024859E-18	6.351503E-18
2.405344E+04	9.059994E-18	6.381949E-18
2.405584E+04	9.078485E-18	6.466152E-18
2.405644E+04	9.085732E-18	6.492612E-18
2.405704E+04	9.003343E-18	6.455503E-18
2.405764E+04	8.872997E-18	6.426607E-18
2.405824E+04	8.795957E-18	6.417513E-18
2.405884E+04	8.706259E-18	6.415949E-18
2.405944E+04	8.692819E-18	6.426041E-18
2.406004E+04	8.661060E-18	6.411631E-18
2.406064E+04	8.579901E-18	6.390718E-18
2.406124E+04	8.539497E-18	6.386981E-18
2.406184E+04	8.448972E-18	6.371609E-18
2.406244E+04	8.414124E-18	6.394358E-18
2.406424E+04	8.381516E-18	6.393636E-18
2.406484E+04	8.334008E-18	6.377383E-18
2.406544E+04	8.270238E-18	6.358391E-18
2.406604E+04	8.215422E-18	6.372894E-18
2.406724E+04	8.128842E-18	6.353199E-18
2.406784E+04	8.038825E-18	6.362020E-18
2.406844E+04	8.004797E-18	6.349396E-18
2.407024E+04	7.992458E-18	6.359871E-18
2.407084E+04	7.974794E-18	6.444753E-18
2.407144E+04	7.947557E-18	6.555659E-18
2.407204E+04	7.945640E-18	6.560581E-18
2.407264E+04	7.990347E-18	6.559857E-18
2.407324E+04	7.985548E-18	6.590798E-18
2.407384E+04	7.968809E-18	6.585168E-18
2.407444E+04	7.979654E-18	6.594808E-18
2.407504E+04	7.995235E-18	6.605387E-18
2.407564E+04	8.003301E-18	6.587928E-18
2.407685E+04	8.034257E-18	6.631387E-18
2.407745E+04	8.041809E-18	6.617530E-18
2.407805E+04	7.985957E-18	6.601091E-18
2.407865E+04	7.968703E-18	6.582713E-18
2.407925E+04	7.943421E-18	6.591865E-18
2.407985E+04	7.914330E-18	6.657431E-18
2.408045E+04	7.889767E-18	6.592077E-18
2.408105E+04	7.908641E-18	6.644291E-18
2.408165E+04	7.880682E-18	6.581153E-18
2.408225E+04	7.812784E-18	6.499733E-18
2.408285E+04	7.805410E-18	6.443500E-18
2.408345E+04	7.911984E-18	6.481527E-18
2.408405E+04	8.006927E-18	6.516598E-18
2.408585E+04	8.066127E-18	6.472617E-18
2.408645E+04	8.075019E-18	6.446614E-18
2.408705E+04	8.121173E-18	6.457658E-18
2.408765E+04	8.135417E-18	6.510443E-18
2.408825E+04	8.163044E-18	6.546375E-18
2.408885E+04	8.113158E-18	6.545783E-18
2.408945E+04	8.075418E-18	6.462955E-18
2.409005E+04	8.025841E-18	6.438432E-18
2.409065E+04	8.042246E-18	6.458488E-18
2.409125E+04	8.135034E-18	6.446781E-18
2.409185E+04	8.231014E-18	6.438419E-18
2.409245E+04	8.293950E-18	6.445428E-18
2.409305E+04	8.324152E-18	6.420159E-18
2.409365E+04	8.377927E-18	6.452328E-18
2.409425E+04	8.382600E-18	6.479005E-18
2.409485E+04	8.363596E-18	6.467140E-18
2.409545E+04	8.485624E-18	6.512035E-18
2.409605E+04	8.604668E-18	6.538859E-18
2.409665E+04	8.589474E-18	6.473793E-18
2.409845E+04	8.519080E-18	6.364456E-18
2.409905E+04	8.463015E-18	6.359552E-18
2.409965E+04	8.460482E-18	6.375150E-18
2.410085E+04	8.527994E-18	6.224793E-18
2.410265E+04	8.517513E-18	6.140339E-18
2.410325E+04	8.507877E-18	6.105361E-18
2.410385E+04	8.523772E-18	6.077787E-18
2.410445E+04	8.525461E-18	6.076345E-18
2.410505E+04	8.495852E-18	6.118604E-18
2.410565E+04	8.440813E-18	6.116468E-18
2.410625E+04	8.456194E-18	6.119818E-18
2.410685E+04	8.514918E-18	6.140621E-18
2.410745E+04	8.533285E-18	6.186680E-18
2.410805E+04	8.542180E-18	6.227062E-18
2.410865E+04	8.542839E-18	6.159932E-18
2.410925E+04	8.501492E-18	6.123518E-18
2.410985E+04	8.513167E-18	6.126384E-18
2.411045E+04	8.571893E-18	6.139947E-18
2.411105E+04	8.531060E-18	6.135668E-18
2.411165E+04	8.487963E-18	6.104397E-18
2.411225E+04	8.506433E-18	6.155525E-18
2.411285E+04	8.499576E-18	6.162462E-18
2.411345E+04	8.484173E-18	6.191079E-18
2.411405E+04	8.495230E-18	6.197191E-18
2.411465E+04	8.516584E-18	6.156359E-18
2.411525E+04	8.482751E-18	6.160369E-18
2.411645E+04	8.394802E-18	6.171870E-18
2.411705E+04	8.377545E-18	6.170305E-18
2.411766E+04	8.426390E-18	6.156419E-18
2.411826E+04	8.500460E-18	6.169285E-18
2.411886E+04	8.548482E-18	6.192247E-18
2.411946E+04	8.590120E-18	6.158944E-18
2.412006E+04	8.589544E-18	6.195187E-18
2.412066E+04	8.540059E-18	6.159156E-18
2.412126E+04	8.509932E-18	5.993001E-18
2.412186E+04	8.477539E-18	5.774059E-18
2.412246E+04	8.513103E-18	5.810000E-18
2.412306E+04	8.527354E-18	5.837450E-18
2.412426E+04	8.552766E-18	5.821208E-18
2.412486E+04	8.553013E-18	5.842683E-18
2.412546E+04	8.574884E-18	5.850251E-18
2.412606E+04	8.537959E-18	5.900817E-18
2.412666E+04	8.488987E-18	6.209358E-18
2.412726E+04	8.514977E-18	6.425315E-18
2.412786E+04	8.552705E-18	6.679540E-18
2.412846E+04	8.599495E-18	6.925066E-18
2.412906E+04	8.616836E-18	7.148049E-18
2.412966E+04	8.660228E-18	7.339786E-18
2.413026E+04	8.689926E-18	7.477751E-18
2.413146E+04	8.683317E-18	7.599385E-18
2.413325E+04	8.650491E-18	7.708191E-18
2.413385E+04	8.647238E-18	7.830874E-18
2.413445E+04	8.644705E-18	7.963041E-18
2.413505E+04	8.619209E-18	8.073511E-18
2.413565E+04	8.637580E-18	8.183367E-18
2.413625E+04	8.693745E-18	8.187472E-18
2.413685E+04	8.659083E-18	8.245029E-18
2.413805E+04	8.621786E-18	8.231356E-18
2.413865E+04	8.614104E-18	8.270494E-18
2.413925E+04	8.594580E-18	8.234088E-18
2.413985E+04	8.601109E-18	8.191713E-18
2.414045E+04	8.653568E-18	8.224900E-18
2.414285E+04	8.717379E-18	8.238382E-18
2.414345E+04	8.779726E-18	8.287563E-18
2.414405E+04	8.734044E-18	8.256093E-18
2.414465E+04	8.660555E-18	8.246176E-18
2.414525E+04	8.688815E-18	8.300347E-18
2.414585E+04	8.733861E-18	8.308057E-18
2.414645E+04	8.741010E-18	8.316368E-18
2.414705E+04	8.724574E-18	8.361766E-18
2.414765E+04	8.713288E-18	8.396670E-18
2.414825E+04	8.676667E-18	8.398135E-18
2.414885E+04	8.685154E-18	8.399387E-18
2.414945E+04	8.725876E-18	8.454214E-18
2.415005E+04	8.687092E-18	8.421876E-18
2.415065E+04	8.683529E-18	8.406352E-18
2.415125E+04	8.690369E-18	8.387032E-18
2.415245E+04	8.699104E-18	8.374972E-18
2.415305E+04	8.735296E-18	8.371812E-18
2.415365E+04	8.725349E-18	8.365189E-18
2.415425E+04	8.733939E-18	8.362230E-18
2.415485E+04	8.749740E-18	8.360722E-18
2.415605E+04	8.711820E-18	8.352767E-18
2.415665E+04	8.712068E-18	8.321283E-18
2.415725E+04	8.729722E-18	8.304919E-18
2.415785E+04	8.716787E-18	8.309808E-18
2.415845E+04	8.737223E-18	8.316017E-18
2.415906E+04	8.719963E-18	8.314558E-18
2.416086E+04	8.617401E-18	8.261157E-18
2.416146E+04	8.589427E-18	8.227227E-18
2.416206E+04	8.633140E-18	8.235866E-18
2.416266E+04	8.705591E-18	8.311017E-18
2.416326E+04	8.805749E-18	8.342726E-18
2.416386E+04	8.878716E-18	8.433077E-18
2.416446E+04	8.931289E-18	8.494692E-18
2.416506E+04	8.966044E-18	8.446276E-18
2.416686E+04	9.008612E-18	8.464392E-18
2.416746E+04	9.026784E-18	8.431558E-18
2.416866E+04	9.052520E-18	8.437988E-18
2.416926E+04	9.126418E-18	8.449595E-18
2.417046E+04	9.146181E-18	8.454080E-18
2.417106E+04	9.114499E-18	8.406507E-18
2.417166E+04	9.116604E-18	8.417759E-18
2.417286E+04	9.135749E-18	8.408236E-18
2.417346E+04	9.103140E-18	8.396612E-18
2.417406E+04	9.114515E-18	8.438317E-18
2.417466E+04	9.163077E-18	8.465659E-18
2.417526E+04	9.234713E-18	8.465815E-18
2.417586E+04	9.262364E-18	8.482796E-18
2.417646E+04	9.311443E-18	8.481745E-18
2.417706E+04	9.347336E-18	8.513040E-18
2.417766E+04	9.351708E-18	8.584763E-18
2.417826E+04	9.352783E-18	8.640155E-18
2.417886E+04	9.280823E-18	8.619540E-18
2.418006E+04	9.199018E-18	8.611096E-18
2.418066E+04	9.188246E-18	8.652825E-18
2.418126E+04	9.204567E-18	8.640367E-18
2.418186E+04	9.150941E-18	8.486479E-18
2.418366E+04	9.064953E-18	8.323472E-18
2.418426E+04	9.094769E-18	8.180829E-18
2.418606E+04	9.170620E-18	8.037874E-18
2.418666E+04	9.235773E-18	7.920183E-18
2.418726E+04	9.271978E-18	7.782842E-18
2.419146E+04	9.209450E-18	7.630756E-18
2.419446E+04	9.217505E-18	7.464941E-18
2.419506E+04	9.211780E-18	7.310893E-18
2.419566E+04	9.188953E-18	7.141581E-18
2.419626E+04	9.169320E-18	6.953784E-18
2.419686E+04	9.153395E-18	6.757187E-18
2.419806E+04	9.094861E-18	6.552430E-18
2.419866E+04	9.073681E-18	6.552849E-18
2.419926E+04	9.080938E-18	6.501053E-18
2.419987E+04	9.061510E-18	6.543057E-18
2.420047E+04	9.067839E-18	6.544424E-18
2.420107E+04	9.073447E-18	6.528958E-18
2.420167E+04	9.117589E-18	6.531339E-18
2.420227E+04	9.149573E-18	6.522026E-18
2.420287E+04	9.137460E-18	6.518013E-18
2.420467E+04	9.122963E-18	6.495013E-18
2.420527E+04	9.155979E-18	6.484999E-18
2.420707E+04	9.154877E-18	6.507793E-18
2.420767E+04	9.139157E-18	6.490295E-18
2.420827E+04	9.134256E-18	6.578675E-18
2.420887E+04	9.120905E-18	6.595718E-18
2.420947E+04	9.109410E-18	6.548902E-18
2.421007E+04	9.099459E-18	6.543704E-18
2.421067E+04	9.119596E-18	6.553112E-18
2.421127E+04	9.064618E-18	6.513512E-18
2.421187E+04	8.985836E-18	6.430225E-18
2.421247E+04	8.955998E-18	6.433483E-18
2.421307E+04	8.937804E-18	6.427631E-18
2.421367E+04	8.919918E-18	6.424609E-18
2.421487E+04	8.939274E-18	6.428529E-18
2.421547E+04	8.925304E-18	6.437395E-18
2.421607E+04	8.911231E-18	6.433754E-18
2.421667E+04	8.970731E-18	6.469811E-18
2.421847E+04	8.946131E-18	6.480896E-18
2.421907E+04	8.859822E-18	6.515975E-18
2.421967E+04	8.798656E-18	6.532991E-18
2.422027E+04	8.712757E-18	6.539856E-18
2.422087E+04	8.663234E-18	6.523350E-18
2.422207E+04	8.618493E-18	6.486677E-18
2.422267E+04	8.619050E-18	6.435118E-18
2.422327E+04	8.657427E-18	6.434866E-18
2.422387E+04	8.689518E-18	6.443873E-18
2.422447E+04	8.696465E-18	6.433270E-18
2.422507E+04	8.664767E-18	6.331970E-18
2.422567E+04	8.611223E-18	6.297500E-18
2.422627E+04	8.549846E-18	6.173330E-18
2.422687E+04	8.466002E-18	6.083456E-18
2.422747E+04	8.379685E-18	6.093176E-18
2.422927E+04	8.289223E-18	6.055927E-18
2.422987E+04	8.225678E-18	6.056994E-18
2.423047E+04	8.196142E-18	6.032034E-18
2.423107E+04	8.156402E-18	6.052160E-18
2.423287E+04	8.095305E-18	6.151005E-18
2.423347E+04	7.990947E-18	6.254075E-18
2.423467E+04	7.900745E-18	6.196154E-18
2.423527E+04	7.859251E-18	6.198916E-18
2.423587E+04	7.849704E-18	6.223732E-18
2.423647E+04	7.821298E-18	6.132251E-18
2.423707E+04	7.850400E-18	6.117619E-18
2.423767E+04	7.821993E-18	6.114555E-18
2.423827E+04	7.737005E-18	6.041777E-18
2.424007E+04	7.684865E-18	6.051562E-18
2.424068E+04	7.588023E-18	6.065821E-18
2.424128E+04	7.495198E-18	5.827000E-18
2.424188E+04	7.445455E-18	5.603293E-18
2.424248E+04	7.426218E-18	5.599404E-18
2.424308E+04	7.409557E-18	5.504432E-18
2.424428E+04	7.407981E-18	5.496334E-18
2.424488E+04	7.415026E-18	5.505432E-18
2.424548E+04	7.354355E-18	5.514201E-18
2.424608E+04	7.278326E-18	5.490737E-18
2.424668E+04	7.238680E-18	5.514560E-18
2.424728E+04	7.201507E-18	5.519620E-18
2.424788E+04	7.229268E-18	5.520448E-18
2.424848E+04	7.239817E-18	5.543111E-18
2.424908E+04	7.162240E-18	5.475219E-18
2.424968E+04	7.091464E-18	5.436887E-18
2.425148E+04	7.039104E-18	5.402528E-18
2.425208E+04	7.037902E-18	5.438653E-18
2.425268E+04	7.028041E-18	5.505412E-18
2.425328E+04	7.108784E-18	5.574700E-18
2.425388E+04	7.199628E-18	5.614803E-18
2.425448E+04	7.183996E-18	5.596956E-18
2.425508E+04	7.141254E-18	5.613117E-18
2.425628E+04	7.219561E-18	5.629741E-18
2.425688E+04	7.304223E-18	5.621800E-18
2.425988E+04	7.311824E-18	5.662218E-18
2.426048E+04	7.311757E-18	5.666114E-18
2.426348E+04	7.331110E-18	5.679230E-18
2.426408E+04	7.380524E-18	5.691135E-18
2.426468E+04	7.429628E-18	5.706542E-18
2.426528E+04	7.442241E-18	5.697009E-18
2.426588E+04	7.538663E-18	5.674748E-18
2.426648E+04	7.592614E-18	5.675344E-18
2.426708E+04	7.591827E-18	5.634365E-18
2.426768E+04	7.666603E-18	5.631495E-18
2.426828E+04	7.712617E-18	5.633197E-18
2.426888E+04	7.733479E-18	5.570556E-18
2.426948E+04	7.703003E-18	5.544474E-18
2.427008E+04	7.752936E-18	5.558954E-18
2.427068E+04	7.833900E-18	5.594741E-18
2.427128E+04	7.906308E-18	5.620138E-18
2.427188E+04	8.044798E-18	5.613614E-18
2.427248E+04	8.132156E-18	5.664371E-18
2.427308E+04	8.166216E-18	5.700197E-18
2.427368E+04	8.281926E-18	5.732866E-18
2.427428E+04	8.367740E-18	5.755494E-18
2.427488E+04	8.389121E-18	5.740745E-18
2.427548E+04	8.380399E-18	5.724421E-18
2.427608E+04	8.428380E-18	5.711000E-18
2.427668E+04	8.444813E-18	5.676727E-18
2.427728E+04	8.421968E-18	5.666797E-18
2.427788E+04	8.443865E-18	5.742722E-18
2.427848E+04	8.450608E-18	5.797424E-18
2.427908E+04	8.360337E-18	5.799688E-18
2.427968E+04	8.263363E-18	5.769932E-18
2.428028E+04	8.183606E-18	5.777302E-18
2.428269E+04	8.114897E-18	5.813924E-18
2.428449E+04	8.032123E-18	5.794167E-18
2.428509E+04	7.931638E-18	5.841466E-18
2.428689E+04	7.792772E-18	5.805884E-18
2.428749E+04	7.744455E-18	5.752130E-18
2.428809E+04	7.819965E-18	5.748077E-18
2.428869E+04	7.780412E-18	5.747102E-18
2.429049E+04	7.797539E-18	5.740856E-18
2.429109E+04	7.782008E-18	5.741974E-18
2.429169E+04	7.790914E-18	5.749496E-18
2.429229E+04	7.879625E-18	5.660313E-18
2.429289E+04	7.936580E-18	5.487445E-18
2.429349E+04	7.944456E-18	5.485712E-18
2.429409E+04	7.898095E-18	5.466972E-18
2.429469E+04	7.887102E-18	5.459009E-18
2.429589E+04	7.877487E-18	5.459988E-18
2.429649E+04	7.857728E-18	5.458550E-18
2.429709E+04	7.898187E-18	5.501330E-18
2.429769E+04	7.912662E-18	5.504298E-18
2.429829E+04	7.939716E-18	5.551729E-18
2.429889E+04	7.979454E-18	5.565795E-18
2.429949E+04	8.022080E-18	5.579160E-18
2.430009E+04	8.058003E-18	5.585513E-18
2.430129E+04	8.099638E-18	5.794103E-18
2.430189E+04	8.092357E-18	5.850381E-18
2.430249E+04	8.137150E-18	5.831763E-18
2.430309E+04	8.207516E-18	5.858845E-18
2.430369E+04	8.299331E-18	5.877061E-18
2.430429E+04	8.384135E-18	5.906675E-18
2.430489E+04	8.425733E-18	6.018620E-18
2.430609E+04	8.486760E-18	6.057737E-18
2.430669E+04	8.597244E-18	6.057821E-18
2.430729E+04	8.660293E-18	6.032204E-18
2.430789E+04	8.674154E-18	6.047682E-18
2.430849E+04	8.704928E-18	6.056101E-18
2.431149E+04	8.790529E-18	6.086045E-18
2.431209E+04	8.863998E-18	6.056628E-18
2.431269E+04	8.847644E-18	6.014354E-18
2.431329E+04	8.803653E-18	5.978076E-18
2.431389E+04	8.788331E-18	5.959560E-18
2.431449E+04	8.856644E-18	5.987686E-18
2.431569E+04	8.921496E-18	5.996000E-18
2.431629E+04	8.923293E-18	5.942037E-18
2.431689E+04	8.881158E-18	5.912701E-18
2.431869E+04	8.841275E-18	5.863355E-18
2.431929E+04	8.863285E-18	5.860058E-18
2.431989E+04	8.871683E-18	5.860491E-18
2.432049E+04	8.907204E-18	5.884053E-18
2.432109E+04	8.902504E-18	5.930404E-18
2.432169E+04	8.973916E-18	6.003047E-18
2.432229E+04	8.985821E-18	6.071814E-18
2.432290E+04	9.024541E-18	6.156874E-18
2.432530E+04	9.076184E-18	6.215980E-18
2.432590E+04	9.113462E-18	6.203515E-18
2.432770E+04	9.059243E-18	6.187164E-18
2.432950E+04	9.041328E-18	6.327475E-18
2.433010E+04	9.094799E-18	6.382544E-18
2.433070E+04	9.094844E-18	6.392364E-18
2.433130E+04	9.091485E-18	6.390634E-18
2.433250E+04	9.096939E-18	6.437046E-18
2.433310E+04	9.015501E-18	6.429102E-18
2.433370E+04	8.913227E-18	6.370196E-18
2.433430E+04	8.913993E-18	6.351038E-18
2.433610E+04	8.970030E-18	6.371662E-18
2.433670E+04	9.039286E-18	6.390507E-18
2.433730E+04	9.078629E-18	6.399623E-18
2.433790E+04	9.058457E-18	6.485362E-18
2.433850E+04	9.083257E-18	6.505435E-18
2.433910E+04	9.108367E-18	6.507996E-18
2.433970E+04	9.115426E-18	6.515705E-18
2.434030E+04	9.155803E-18	6.495695E-18
2.434090E+04	9.191847E-18	6.617121E-18
2.434150E+04	9.237382E-18	6.604444E-18
2.434270E+04	9.268315E-18	6.659325E-18
2.434330E+04	9.238654E-18	6.710497E-18
2.434390E+04	9.214149E-18	6.667159E-18
2.434570E+04	9.228418E-18	6.722002E-18
2.434630E+04	9.229083E-18	6.737962E-18
2.434690E+04	9.214480E-18	6.910054E-18
2.434750E+04	9.366473E-18	6.955205E-18
2.435110E+04	9.480535E-18	7.012572E-18
2.435170E+04	9.557744E-18	7.105132E-18
2.435230E+04	9.621750E-18	7.198830E-18
2.435290E+04	9.651405E-18	7.228276E-18
2.435350E+04	9.685805E-18	7.220517E-18
2.435710E+04	9.677840E-18	7.167548E-18
2.435770E+04	9.696354E-18	7.173037E-18
2.435830E+04	9.832579E-18	7.159197E-18
2.435890E+04	9.926198E-18	7.222008E-18
2.435950E+04	9.946880E-18	7.225935E-18
2.436010E+04	9.984172E-18	7.235515E-18
2.436070E+04	9.990824E-18	7.296229E-18
2.436130E+04	9.993143E-18	7.249784E-18
2.436190E+04	1.006562E-17	7.276098E-18
2.436250E+04	1.007722E-17	7.253210E-18
2.436671E+04	1.008283E-17	7.269897E-18
2.436731E+04	1.010764E-17	7.287657E-18
2.436851E+04	1.011043E-17	7.289937E-18
2.436911E+04	1.010532E-17	7.157415E-18
2.436971E+04	1.007390E-17	7.136316E-18
2.437031E+04	1.010934E-17	7.153985E-18
2.437091E+04	1.017109E-17	7.211045E-18
2.437151E+04	1.015680E-17	7.150820E-18
2.437211E+04	1.013621E-17	7.138996E-18
2.437511E+04	1.021385E-17	7.045616E-18
2.437571E+04	1.021060E-17	7.012347E-18
2.437631E+04	1.010984E-17	7.116963E-18
2.437691E+04	1.010060E-17	7.172841E-18
2.437751E+04	1.005216E-17	7.160731E-18
2.437811E+04	9.990507E-18	7.272443E-18
2.437871E+04	9.974048E-18	7.366436E-18
2.437991E+04	9.970226E-18	7.377653E-18
2.438051E+04	9.998960E-18	7.361962E-18
2.438111E+04	1.003729E-17	7.337313E-18
2.438171E+04	1.003641E-17	7.320025E-18
2.438231E+04	1.005431E-17	7.308764E-18
2.438291E+04	1.002764E-17	7.291625E-18
2.438351E+04	1.002108E-17	7.327089E-18
2.438411E+04	9.952618E-18	7.340807E-18
2.438471E+04	1.001706E-17	7.392226E-18
2.438531E+04	1.005343E-17	7.423951E-18
2.438651E+04	1.002887E-17	7.419796E-18
2.438711E+04	1.006668E-17	7.428671E-18
2.438771E+04	9.970456E-18	7.401907E-18
2.438831E+04	9.871341E-18	7.455807E-18
2.438951E+04	9.780218E-18	7.458362E-18
2.439011E+04	9.712986E-18	7.390644E-18
2.439071E+04	9.657517E-18	7.313533E-18
2.439191E+04	9.591156E-18	7.299856E-18
2.439251E+04	9.574899E-18	7.343541E-18
2.439311E+04	9.529645E-18	7.222019E-18
2.439371E+04	9.483152E-18	7.163490E-18
2.439431E+04	9.442437E-18	7.199380E-18
2.439551E+04	9.419724E-18	7.215519E-18
2.439611E+04	9.411825E-18	7.167230E-18
2.439671E+04	9.361511E-18	7.150796E-18
2.439731E+04	9.259805E-18	7.167402E-18
2.439791E+04	9.168934E-18	7.141435E-18
2.439851E+04	9.069909E-18	7.100879E-18
2.439911E+04	9.004422E-18	7.099984E-18
2.439971E+04	8.918812E-18	7.136480E-18
2.440031E+04	8.745893E-18	7.149891E-18
2.440151E+04	8.626679E-18	7.201449E-18
2.440211E+04	8.593698E-18	7.213915E-18
2.440271E+04	8.596011E-18	7.229049E-18
2.440331E+04	8.577270E-18	7.430640E-18
2.440391E+04	8.526124E-18	7.350887E-18
2.440452E+04	8.426576E-18	7.324909E-18
2.440512E+04	8.326819E-18	7.256040E-18
2.440572E+04	8.326758E-18	7.228250E-18
2.440632E+04	8.339493E-18	7.230405E-18
2.440692E+04	8.375863E-18	7.225562E-18
2.440752E+04	8.357844E-18	7.234226E-18
2.440812E+04	8.382758E-18	7.150018E-18
2.440872E+04	8.338317E-18	7.131961E-18
2.440932E+04	8.247329E-18	7.075603E-18
2.440992E+04	8.156134E-18	7.019402E-18
2.441052E+04	8.141210E-18	6.922977E-18
2.441232E+04	8.193968E-18	6.956035E-18
2.441292E+04	8.149525E-18	6.955386E-18
2.441352E+04	8.150185E-18	6.933832E-18
2.441412E+04	8.217210E-18	6.945761E-18
2.441472E+04	8.196092E-18	6.933429E-18
2.441532E+04	8.160937E-18	6.881263E-18
2.441772E+04	8.205792E-18	6.901739E-18
2.441832E+04	8.225960E-18	6.964577E-18
2.441892E+04	8.234980E-18	6.887119E-18
2.441952E+04	8.190948E-18	6.890287E-18
2.442012E+04	8.154966E-18	6.902930E-18
2.442192E+04	8.125361E-18	6.904939E-18
2.442251E+04	8.096293E-18	6.860641E-18
2.442311E+04	8.104385E-18	6.846082E-18
2.442371E+04	8.136423E-18	6.885892E-18
2.442431E+04	8.040778E-18	6.942671E-18
2.442491E+04	8.024406E-18	6.932809E-18
2.442551E+04	8.146454E-18	6.996906E-18
2.442611E+04	8.274696E-18	6.979605E-18
2.442671E+04	8.362064E-18	7.009846E-18
2.442731E+04	8.415781E-18	7.021510E-18
2.442791E+04	8.336238E-18	6.995096E-18
2.442851E+04	8.245752E-18	6.977031E-18
2.442911E+04	8.284295E-18	6.867590E-18
2.442971E+04	8.265446E-18	6.809075E-18
2.443031E+04	8.173204E-18	6.791408E-18
2.443091E+04	8.127515E-18	6.659632E-18
2.443151E+04	8.071916E-18	6.535257E-18
2.443211E+04	8.055337E-18	6.544335E-18
2.443271E+04	8.002731E-18	6.547306E-18
2.443331E+04	8.038797E-18	6.591213E-18
2.443391E+04	8.083432E-18	6.638874E-18
2.443511E+04	8.055228E-18	6.681055E-18
2.443571E+04	8.096147E-18	6.745873E-18
2.443631E+04	8.174333E-18	6.784041E-18
2.443691E+04	8.176335E-18	6.954256E-18
2.443751E+04	8.185460E-18	7.078026E-18
2.443811E+04	8.250744E-18	7.066674E-18
2.443871E+04	8.323564E-18	7.080815E-18
2.443931E+04	8.411457E-18	7.095265E-18
2.443991E+04	8.383832E-18	7.071814E-18
2.444051E+04	8.343922E-18	7.003414E-18
2.444111E+04	8.373592E-18	6.927883E-18
2.444171E+04	8.462107E-18	7.237912E-18
2.444351E+04	8.491449E-18	7.284550E-18
2.444531E+04	8.620108E-18	7.374403E-18
2.444592E+04	8.756427E-18	7.375742E-18
2.444652E+04	8.752754E-18	7.376151E-18
2.444712E+04	8.814019E-18	7.394282E-18
2.444772E+04	8.858560E-18	7.517813E-18
2.444832E+04	8.931595E-18	7.556407E-18
2.444892E+04	8.899119E-18	7.564961E-18
2.444952E+04	9.012316E-18	7.596716E-18
2.445132E+04	9.068099E-18	7.566625E-18
2.445192E+04	9.014871E-18	7.585934E-18
2.445252E+04	9.021007E-18	7.587117E-18
2.445312E+04	9.141333E-18	7.647747E-18
2.445372E+04	9.135183E-18	7.692469E-18
2.445432E+04	9.085980E-18	7.580833E-18
2.445492E+04	9.073946E-18	7.458936E-18
2.445552E+04	9.025465E-18	7.485147E-18
2.445612E+04	9.098196E-18	7.459775E-18
2.445672E+04	9.142948E-18	7.276351E-18
2.445732E+04	9.117904E-18	7.206895E-18
2.445792E+04	9.173498E-18	7.217703E-18
2.445852E+04	9.288770E-18	7.262056E-18
2.445912E+04	9.322889E-18	7.165907E-18
2.445972E+04	9.317876E-18	7.121654E-18
2.446032E+04	9.292626E-18	7.108334E-18
2.446092E+04	9.314871E-18	7.132173E-18
2.446152E+04	9.354670E-18	7.106194E-18
2.446212E+04	9.330865E-18	7.138867E-18
2.446272E+04	9.326575E-18	7.129397E-18
2.446332E+04	9.341490E-18	7.084868E-18
2.446392E+04	9.341020E-18	7.083341E-18
2.446452E+04	9.404672E-18	7.147474E-18
2.446512E+04	9.525838E-18	7.207479E-18
2.446572E+04	9.563883E-18	7.246339E-18
2.446632E+04	9.598625E-18	7.391116E-18
2.446692E+04	9.634916E-18	7.404089E-18
2.446752E+04	9.673996E-18	7.426755E-18
2.446812E+04	9.769041E-18	7.455213E-18
2.447112E+04	9.934295E-18	7.481578E-18
2.447232E+04	1.006585E-17	7.515740E-18
2.447292E+04	1.002500E-17	7.524414E-18
2.447532E+04	1.002696E-17	7.565838E-18
2.447592E+04	9.957823E-18	7.595609E-18
2.447652E+04	9.979042E-18	7.627004E-18
2.447712E+04	1.005912E-17	7.670312E-18
2.447892E+04	1.003872E-17	7.660619E-18
2.447952E+04	1.010590E-17	7.615522E-18
2.448132E+04	1.017028E-17	7.621045E-18
2.448192E+04	1.015804E-17	7.571689E-18
2.448252E+04	1.015799E-17	7.561209E-18
2.448312E+04	1.021092E-17	7.572043E-18
2.448372E+04	1.024236E-17	7.602940E-18
2.448432E+04	1.026782E-17	7.646863E-18
2.448492E+04	1.039334E-17	7.764494E-18
2.448552E+04	1.048737E-17	7.865026E-18
2.448733E+04	1.046068E-17	7.854539E-18
2.448793E+04	1.049688E-17	7.882885E-18
2.448853E+04	1.043600E-17	7.851736E-18
2.448913E+04	1.036376E-17	7.849870E-18
2.448973E+04	1.040202E-17	7.924217E-18
2.449033E+04	1.055596E-17	8.001013E-18
2.449093E+04	1.065722E-17	7.990799E-18
2.449153E+04	1.078018E-17	7.969855E-18
2.449213E+04	1.089797E-17	7.941109E-18
