#wls	flux	fluxerr
3.289398E+03	9.251981E-18	7.822946E-19
3.289398E+03	9.251981E-18	7.822946E-19
3.365638E+03	9.053696E-18	7.406063E-19
3.365638E+03	9.053696E-18	7.406063E-19
3.443646E+03	8.899567E-18	7.029610E-19
3.443646E+03	8.899567E-18	7.029610E-19
3.523461E+03	8.925938E-18	6.788081E-19
3.523461E+03	8.925938E-18	6.788081E-19
3.605127E+03	9.051007E-18	6.611393E-19
3.605127E+03	9.051007E-18	6.611393E-19
3.688685E+03	9.452504E-18	6.610962E-19
3.688685E+03	9.452504E-18	6.610962E-19
3.774180E+03	1.006085E-17	6.717176E-19
3.774180E+03	1.006085E-17	6.717176E-19
3.861657E+03	1.112672E-17	7.068622E-19
3.861657E+03	1.112672E-17	7.068622E-19
3.951161E+03	1.255753E-17	7.562648E-19
3.951161E+03	1.255753E-17	7.562648E-19
4.042739E+03	1.455889E-17	8.285604E-19
4.042739E+03	1.455889E-17	8.285604E-19
4.136440E+03	1.700999E-17	9.105515E-19
4.136440E+03	1.700999E-17	9.105515E-19
4.232313E+03	2.004568E-17	1.006882E-18
4.232313E+03	2.004568E-17	1.006882E-18
4.330408E+03	2.360396E-17	1.106117E-18
4.330408E+03	2.360396E-17	1.106117E-18
4.430777E+03	2.761875E-17	1.207859E-18
4.430777E+03	2.761875E-17	1.207859E-18
4.533472E+03	3.207878E-17	1.300508E-18
4.533472E+03	3.207878E-17	1.300508E-18
4.638547E+03	3.631260E-17	1.374055E-18
4.638547E+03	3.631260E-17	1.374055E-18
4.746057E+03	4.070788E-17	1.428054E-18
4.746057E+03	4.070788E-17	1.428054E-18
4.856060E+03	4.357298E-17	1.441282E-18
4.856060E+03	4.357298E-17	1.441282E-18
4.968612E+03	4.654831E-17	1.444201E-18
4.968612E+03	4.654831E-17	1.444201E-18
5.083772E+03	4.714337E-17	1.402272E-18
5.083772E+03	4.714337E-17	1.402272E-18
5.201602E+03	4.741422E-17	1.347902E-18
5.201602E+03	4.741422E-17	1.347902E-18
5.322163E+03	4.707799E-17	1.288562E-18
5.322163E+03	4.707799E-17	1.288562E-18
5.445518E+03	4.665336E-17	1.226206E-18
5.445518E+03	4.665336E-17	1.226206E-18
5.571732E+03	4.749496E-17	1.189356E-18
5.571732E+03	4.749496E-17	1.189356E-18
5.588042E+03	3.052388E-17	7.594644E-19
5.588242E+03	3.056422E-17	7.604026E-19
5.588442E+03	3.060672E-17	7.613945E-19
5.588642E+03	3.062036E-17	7.616683E-19
5.588842E+03	3.064882E-17	7.623107E-19
5.589042E+03	3.064131E-17	7.620583E-19
5.589242E+03	3.070018E-17	7.634567E-19
5.589442E+03	3.067147E-17	7.626770E-19
5.589642E+03	3.066114E-17	7.623543E-19
5.589842E+03	3.065645E-17	7.621721E-19
5.590042E+03	3.063625E-17	7.616043E-19
5.590243E+03	3.066758E-17	7.623169E-19
5.590443E+03	3.069610E-17	7.629600E-19
5.590643E+03	3.067658E-17	7.624091E-19
5.590843E+03	3.066203E-17	7.619816E-19
5.591043E+03	3.066795E-17	7.620629E-19
5.591243E+03	3.069506E-17	7.626708E-19
5.591443E+03	3.069464E-17	7.625942E-19
5.591643E+03	3.068997E-17	7.624123E-19
5.591843E+03	3.067824E-17	7.620549E-19
5.592043E+03	3.066933E-17	7.617679E-19
5.592243E+03	3.068586E-17	7.621124E-19
5.592443E+03	3.068474E-17	7.620185E-19
5.592643E+03	3.066100E-17	7.613632E-19
5.592843E+03	3.064506E-17	7.609015E-19
5.593043E+03	3.062208E-17	7.602648E-19
5.593243E+03	3.058150E-17	7.591916E-19
5.593443E+03	3.057123E-17	7.588708E-19
5.593643E+03	3.055253E-17	7.583407E-19
5.593843E+03	3.055634E-17	7.583695E-19
5.594043E+03	3.059466E-17	7.592546E-19
5.594243E+03	3.062315E-17	7.598957E-19
5.594443E+03	3.065309E-17	7.605725E-19
5.594642E+03	3.062164E-17	7.597266E-19
5.594842E+03	3.061984E-17	7.596157E-19
5.595042E+03	3.055394E-17	7.579150E-19
5.595243E+03	3.053527E-17	7.573856E-19
5.595443E+03	3.051028E-17	7.566999E-19
5.595643E+03	3.052605E-17	7.570251E-19
5.595843E+03	3.055309E-17	7.576298E-19
5.596043E+03	3.049999E-17	7.562470E-19
5.596243E+03	3.044979E-17	7.549365E-19
5.596443E+03	3.043679E-17	7.545484E-19
5.596643E+03	3.044412E-17	7.546643E-19
5.596843E+03	3.039821E-17	7.534606E-19
5.597043E+03	3.039434E-17	7.532990E-19
5.597243E+03	3.041497E-17	7.537443E-19
5.597443E+03	3.043912E-17	7.542770E-19
5.597643E+03	3.046820E-17	7.549317E-19
5.597843E+03	3.042718E-17	7.538493E-19
5.598043E+03	3.044434E-17	7.542084E-19
5.598243E+03	3.041664E-17	7.534565E-19
5.598443E+03	3.040857E-17	7.531907E-19
5.598643E+03	3.037393E-17	7.522668E-19
5.598843E+03	3.041486E-17	7.532146E-19
5.599043E+03	3.042502E-17	7.534000E-19
5.599243E+03	3.045971E-17	7.541931E-19
5.599443E+03	3.047269E-17	7.544482E-19
5.599643E+03	3.044148E-17	7.536097E-19
5.599843E+03	3.047339E-17	7.543333E-19
5.600043E+03	3.048217E-17	7.544845E-19
5.600243E+03	3.040541E-17	7.525186E-19
5.600443E+03	3.043029E-17	7.530682E-19
5.600643E+03	3.038934E-17	7.519887E-19
5.600844E+03	3.029050E-17	7.494766E-19
5.601044E+03	3.033693E-17	7.505595E-19
5.601244E+03	3.028634E-17	7.492421E-19
5.601444E+03	3.031671E-17	7.499275E-19
5.601644E+03	3.028011E-17	7.489561E-19
5.601844E+03	3.022684E-17	7.475726E-19
5.602044E+03	3.020633E-17	7.469998E-19
5.602244E+03	3.023524E-17	7.476489E-19
5.602444E+03	3.023770E-17	7.476438E-19
5.602644E+03	3.021511E-17	7.470194E-19
5.602844E+03	3.019602E-17	7.464816E-19
5.603044E+03	3.016374E-17	7.456177E-19
5.603244E+03	3.007050E-17	7.432474E-19
5.603444E+03	3.007088E-17	7.431913E-19
5.603644E+03	3.007750E-17	7.432892E-19
5.603844E+03	3.003567E-17	7.421899E-19
5.604044E+03	3.000978E-17	7.414847E-19
5.604244E+03	3.002745E-17	7.418557E-19
5.604444E+03	3.005482E-17	7.424663E-19
5.604644E+03	2.999023E-17	7.408051E-19
5.604844E+03	2.994991E-17	7.397437E-19
5.605044E+03	2.991172E-17	7.387349E-19
5.605244E+03	2.990592E-17	7.385262E-19
5.605444E+03	2.988153E-17	7.378586E-19
5.605644E+03	2.987986E-17	7.377521E-19
5.605844E+03	2.990161E-17	7.382236E-19
5.606044E+03	2.982706E-17	7.363178E-19
5.606245E+03	2.979040E-17	7.353472E-19
5.606445E+03	2.973050E-17	7.338036E-19
5.606645E+03	2.966321E-17	7.320778E-19
5.606845E+03	2.963631E-17	7.313490E-19
5.607044E+03	2.960944E-17	7.306212E-19
5.607244E+03	2.963099E-17	7.310880E-19
5.607444E+03	2.955304E-17	7.291001E-19
5.607645E+03	2.956095E-17	7.292298E-19
5.607845E+03	2.950899E-17	7.278835E-19
5.608044E+03	2.943612E-17	7.260216E-19
5.608244E+03	2.943722E-17	7.259841E-19
5.608444E+03	2.937804E-17	7.244603E-19
5.608644E+03	2.933318E-17	7.232894E-19
5.608844E+03	2.928163E-17	7.219540E-19
5.609044E+03	2.921875E-17	7.203395E-19
5.609244E+03	2.921244E-17	7.201197E-19
5.609444E+03	2.918127E-17	7.192871E-19
5.609644E+03	2.912531E-17	7.178437E-19
5.609844E+03	2.912909E-17	7.178728E-19
5.610044E+03	2.914831E-17	7.182822E-19
5.610244E+03	2.913934E-17	7.179972E-19
5.610444E+03	2.911898E-17	7.174313E-19
5.610644E+03	2.908122E-17	7.164370E-19
5.610844E+03	2.910711E-17	7.170108E-19
5.611044E+03	2.906670E-17	7.159512E-19
5.611244E+03	2.906580E-17	7.158649E-19
5.611444E+03	2.902811E-17	7.148728E-19
5.611645E+03	2.904528E-17	7.152312E-19
5.611845E+03	2.903101E-17	7.148158E-19
5.612045E+03	2.903881E-17	7.149438E-19
5.612245E+03	2.900250E-17	7.139858E-19
5.612445E+03	2.897025E-17	7.131278E-19
5.612645E+03	2.897937E-17	7.132884E-19
5.612845E+03	2.896381E-17	7.128414E-19
5.613045E+03	2.889898E-17	7.111820E-19
5.613245E+03	2.887815E-17	7.106056E-19
5.613445E+03	2.888991E-17	7.108311E-19
5.613645E+03	2.883520E-17	7.094213E-19
5.613845E+03	2.876536E-17	7.076394E-19
5.614045E+03	2.873273E-17	7.067729E-19
5.614245E+03	2.869352E-17	7.057450E-19
5.614445E+03	2.871513E-17	7.062130E-19
5.614645E+03	2.871097E-17	7.060470E-19
5.614845E+03	2.864078E-17	7.042576E-19
5.615045E+03	2.866367E-17	7.047570E-19
5.615245E+03	2.864830E-17	7.043156E-19
5.615445E+03	2.855854E-17	7.020455E-19
5.615645E+03	2.852222E-17	7.010893E-19
5.615845E+03	2.853385E-17	7.013121E-19
5.616045E+03	2.850608E-17	7.005663E-19
5.616245E+03	2.846654E-17	6.995315E-19
5.616445E+03	2.850244E-17	7.003502E-19
5.616645E+03	2.845832E-17	6.992030E-19
5.616846E+03	2.846208E-17	6.992319E-19
5.617046E+03	2.847043E-17	6.993737E-19
5.617246E+03	2.848796E-17	6.997411E-19
5.617446E+03	2.848779E-17	6.996735E-19
5.617646E+03	2.847449E-17	6.992838E-19
5.617846E+03	2.844484E-17	6.984922E-19
5.618046E+03	2.841390E-17	6.976694E-19
5.618246E+03	2.842159E-17	6.977948E-19
5.618446E+03	2.842273E-17	6.977597E-19
5.618646E+03	2.844614E-17	6.982711E-19
5.618846E+03	2.847351E-17	6.988795E-19
5.619046E+03	2.851600E-17	6.998587E-19
5.619245E+03	2.854079E-17	7.004041E-19
5.619445E+03	2.857352E-17	7.011434E-19
5.619645E+03	2.860101E-17	7.017543E-19
5.619846E+03	2.865227E-17	7.029479E-19
5.620046E+03	2.872147E-17	7.045816E-19
5.620245E+03	2.874779E-17	7.051634E-19
5.620445E+03	2.878341E-17	7.059728E-19
5.620645E+03	2.882239E-17	7.068646E-19
5.620845E+03	2.887871E-17	7.081813E-19
5.621045E+03	2.893248E-17	7.094354E-19
5.621245E+03	2.899503E-17	7.109042E-19
5.621445E+03	2.902962E-17	7.116876E-19
5.621645E+03	2.905288E-17	7.121930E-19
5.621845E+03	2.910699E-17	7.134542E-19
5.622045E+03	2.916656E-17	7.148491E-19
5.622246E+03	2.913689E-17	7.140565E-19
5.622446E+03	2.912804E-17	7.137743E-19
5.622646E+03	2.915810E-17	7.144458E-19
5.622846E+03	2.919694E-17	7.153321E-19
5.623046E+03	2.916859E-17	7.145723E-19
5.623246E+03	2.920341E-17	7.153599E-19
5.623446E+03	2.920262E-17	7.152749E-19
5.623646E+03	2.915681E-17	7.140875E-19
5.623846E+03	2.911174E-17	7.129186E-19
5.624046E+03	2.916529E-17	7.141645E-19
5.624246E+03	2.917928E-17	7.144417E-19
5.624446E+03	2.913553E-17	7.133050E-19
5.624646E+03	2.916159E-17	7.138776E-19
5.624846E+03	2.915476E-17	7.136451E-19
5.625046E+03	2.914727E-17	7.133962E-19
5.625246E+03	2.917200E-17	7.139360E-19
5.625446E+03	2.911888E-17	7.125706E-19
5.625646E+03	2.905113E-17	7.108473E-19
5.625846E+03	2.906910E-17	7.112216E-19
5.626046E+03	2.906899E-17	7.111537E-19
5.626246E+03	2.908229E-17	7.114135E-19
5.626446E+03	2.908084E-17	7.113128E-19
5.626646E+03	2.908477E-17	7.113434E-19
5.626846E+03	2.905054E-17	7.104409E-19
5.627046E+03	2.905848E-17	7.105695E-19
5.627246E+03	2.909319E-17	7.113529E-19
5.627446E+03	2.909980E-17	7.114490E-19
5.627647E+03	2.914734E-17	7.125451E-19
5.627847E+03	2.914121E-17	7.123297E-19
5.628047E+03	2.914247E-17	7.122947E-19
5.628247E+03	2.915446E-17	7.125222E-19
5.628447E+03	2.922698E-17	7.142284E-19
5.628647E+03	2.928348E-17	7.155431E-19
5.628847E+03	2.928204E-17	7.154420E-19
5.629047E+03	2.922606E-17	7.140082E-19
5.629247E+03	2.923676E-17	7.142035E-19
5.629447E+03	2.925016E-17	7.144647E-19
5.629647E+03	2.928175E-17	7.151704E-19
5.629847E+03	2.931946E-17	7.160251E-19
5.630047E+03	2.936940E-17	7.171782E-19
5.630247E+03	2.945534E-17	7.192102E-19
5.630447E+03	2.951638E-17	7.206339E-19
5.630647E+03	2.959185E-17	7.224096E-19
5.630847E+03	2.966001E-17	7.240063E-19
5.631047E+03	2.962172E-17	7.230047E-19
5.631247E+03	2.963258E-17	7.232027E-19
5.631447E+03	2.966462E-17	7.239173E-19
5.631646E+03	2.968368E-17	7.243156E-19
5.631846E+03	2.971167E-17	7.249312E-19
5.632047E+03	2.974585E-17	7.256974E-19
5.632247E+03	2.981712E-17	7.273685E-19
5.632447E+03	2.979442E-17	7.267472E-19
5.632646E+03	2.982387E-17	7.273984E-19
5.632846E+03	2.985957E-17	7.282012E-19
5.633047E+03	2.991389E-17	7.294578E-19
5.633247E+03	2.995383E-17	7.303636E-19
5.633447E+03	2.997310E-17	7.307656E-19
5.633647E+03	2.995512E-17	7.302592E-19
5.633847E+03	2.989583E-17	7.287458E-19
5.634047E+03	2.993920E-17	7.297350E-19
5.634247E+03	2.994606E-17	7.298340E-19
5.634447E+03	2.998743E-17	7.307741E-19
5.634647E+03	3.000122E-17	7.310418E-19
5.634847E+03	2.997702E-17	7.303839E-19
5.635047E+03	2.996871E-17	7.301133E-19
5.635247E+03	2.999215E-17	7.306161E-19
5.635447E+03	3.002392E-17	7.313216E-19
5.635647E+03	3.005018E-17	7.318928E-19
5.635847E+03	3.014927E-17	7.342375E-19
5.636047E+03	3.023267E-17	7.361997E-19
5.636247E+03	3.021595E-17	7.357238E-19
5.636447E+03	3.022151E-17	7.357901E-19
5.636647E+03	3.026746E-17	7.368398E-19
5.636847E+03	3.030789E-17	7.377551E-19
5.637047E+03	3.033790E-17	7.384164E-19
5.637247E+03	3.032114E-17	7.379391E-19
5.637447E+03	3.034628E-17	7.384817E-19
5.637647E+03	3.038893E-17	7.394502E-19
5.637847E+03	3.037494E-17	7.390402E-19
5.638047E+03	3.040573E-17	7.397199E-19
5.638248E+03	3.040014E-17	7.395141E-19
5.638448E+03	3.037424E-17	7.388148E-19
5.638648E+03	3.041064E-17	7.396306E-19
5.638848E+03	3.043447E-17	7.401403E-19
5.639048E+03	3.044779E-17	7.403948E-19
5.639248E+03	3.049973E-17	7.415878E-19
5.639448E+03	3.061443E-17	7.443068E-19
5.639648E+03	3.067089E-17	7.456090E-19
5.639848E+03	3.067938E-17	7.457452E-19
5.640048E+03	3.068788E-17	7.458816E-19
5.640248E+03	3.072537E-17	7.467222E-19
5.640448E+03	3.081892E-17	7.489253E-19
5.640648E+03	3.089853E-17	7.507889E-19
5.640848E+03	3.082677E-17	7.489746E-19
5.641048E+03	3.080835E-17	7.484563E-19
5.641248E+03	3.083606E-17	7.490588E-19
5.641448E+03	3.092995E-17	7.512685E-19
5.641648E+03	3.096063E-17	7.519426E-19
5.641848E+03	3.100132E-17	7.528596E-19
5.642048E+03	3.097995E-17	7.522696E-19
5.642248E+03	3.100211E-17	7.527364E-19
5.642448E+03	3.107647E-17	7.544704E-19
5.642648E+03	3.108869E-17	7.546955E-19
5.642848E+03	3.112096E-17	7.554074E-19
5.643048E+03	3.112172E-17	7.553542E-19
5.643248E+03	3.108810E-17	7.544667E-19
5.643448E+03	3.104452E-17	7.533375E-19
5.643649E+03	3.106317E-17	7.537181E-19
5.643849E+03	3.108540E-17	7.541859E-19
5.644048E+03	3.111480E-17	7.548280E-19
5.644248E+03	3.114784E-17	7.555576E-19
5.644449E+03	3.120820E-17	7.569497E-19
5.644649E+03	3.124277E-17	7.577162E-19
5.644849E+03	3.121335E-17	7.569306E-19
5.645048E+03	3.121485E-17	7.568952E-19
5.645248E+03	3.130849E-17	7.590936E-19
5.645448E+03	3.137567E-17	7.606500E-19
5.645648E+03	3.141477E-17	7.615254E-19
5.645848E+03	3.142280E-17	7.616475E-19
5.646048E+03	3.152071E-17	7.639477E-19
5.646248E+03	3.154764E-17	7.645277E-19
5.646448E+03	3.157243E-17	7.650553E-19
5.646648E+03	3.168320E-17	7.676663E-19
5.646848E+03	3.179363E-17	7.702683E-19
5.647048E+03	3.177249E-17	7.696827E-19
5.647248E+03	3.178940E-17	7.700190E-19
5.647448E+03	3.179607E-17	7.701069E-19
5.647648E+03	3.177201E-17	7.694506E-19
5.647848E+03	3.179040E-17	7.698222E-19
5.648048E+03	3.180293E-17	7.700520E-19
5.648248E+03	3.178912E-17	7.696439E-19
5.648448E+03	3.173728E-17	7.683154E-19
5.648648E+03	3.171766E-17	7.677667E-19
5.648848E+03	3.169366E-17	7.671123E-19
5.649049E+03	3.166678E-17	7.663879E-19
5.649249E+03	3.163481E-17	7.655407E-19
5.649449E+03	3.159851E-17	7.645891E-19
5.649649E+03	3.155935E-17	7.635683E-19
5.649849E+03	3.155219E-17	7.633218E-19
5.650049E+03	3.153632E-17	7.628645E-19
5.650249E+03	3.152990E-17	7.626359E-19
5.650449E+03	3.152783E-17	7.625126E-19
5.650649E+03	3.153375E-17	7.625824E-19
5.650849E+03	3.154622E-17	7.628106E-19
5.651049E+03	3.154779E-17	7.627751E-19
5.651249E+03	3.154499E-17	7.626341E-19
5.651449E+03	3.155456E-17	7.627921E-19
5.651649E+03	3.159976E-17	7.638112E-19
5.651849E+03	3.164721E-17	7.648845E-19
5.652049E+03	3.170350E-17	7.661709E-19
5.652249E+03	3.179575E-17	7.683262E-19
5.652449E+03	3.178197E-17	7.679192E-19
5.652649E+03	3.181798E-17	7.687151E-19
5.652849E+03	3.182544E-17	7.688212E-19
5.653049E+03	3.183657E-17	7.690157E-19
5.653249E+03	3.186017E-17	7.695115E-19
5.653449E+03	3.189554E-17	7.702915E-19
5.653649E+03	3.188540E-17	7.699722E-19
5.653849E+03	3.188114E-17	7.697948E-19
5.654049E+03	3.188937E-17	7.699190E-19
5.654250E+03	3.186456E-17	7.692452E-19
5.654450E+03	3.181925E-17	7.680770E-19
5.654650E+03	3.176085E-17	7.665930E-19
5.654850E+03	3.169598E-17	7.649532E-19
5.655050E+03	3.163051E-17	7.632992E-19
5.655250E+03	3.153394E-17	7.608951E-19
5.655450E+03	3.145650E-17	7.589529E-19
5.655650E+03	3.147043E-17	7.592153E-19
5.655850E+03	3.149451E-17	7.597224E-19
5.656050E+03	3.150845E-17	7.599849E-19
5.656249E+03	3.152529E-17	7.603176E-19
5.656449E+03	3.151675E-17	7.600377E-19
5.656650E+03	3.147487E-17	7.589536E-19
5.656850E+03	3.142433E-17	7.576614E-19
5.657050E+03	3.145129E-17	7.582375E-19
5.657249E+03	3.151017E-17	7.595836E-19
5.657449E+03	3.155753E-17	7.606512E-19
5.657649E+03	3.157879E-17	7.610895E-19
5.657849E+03	3.164229E-17	7.625457E-19
5.658049E+03	3.160679E-17	7.616158E-19
5.658249E+03	3.159751E-17	7.613181E-19
5.658449E+03	3.163118E-17	7.620549E-19
5.658649E+03	3.157751E-17	7.606878E-19
5.658849E+03	3.153846E-17	7.596729E-19
5.659049E+03	3.153429E-17	7.594983E-19
5.659249E+03	3.156935E-17	7.602684E-19
5.659449E+03	3.157245E-17	7.602687E-19
5.659650E+03	3.163378E-17	7.616708E-19
5.659850E+03	3.164417E-17	7.618466E-19
5.660050E+03	3.162688E-17	7.613559E-19
5.660250E+03	3.163582E-17	7.614965E-19
5.660450E+03	3.160181E-17	7.606032E-19
5.660650E+03	3.162749E-17	7.611468E-19
5.660850E+03	3.165246E-17	7.616732E-19
5.661050E+03	3.167526E-17	7.621472E-19
5.661250E+03	3.173314E-17	7.634650E-19
5.661450E+03	3.171728E-17	7.630085E-19
5.661650E+03	3.166859E-17	7.617626E-19
5.661850E+03	3.169070E-17	7.622194E-19
5.662050E+03	3.175811E-17	7.637658E-19
5.662250E+03	3.177077E-17	7.639952E-19
5.662450E+03	3.178269E-17	7.642068E-19
5.662650E+03	3.182025E-17	7.650348E-19
5.662850E+03	3.178825E-17	7.641903E-19
5.663050E+03	3.174313E-17	7.630305E-19
5.663250E+03	3.179968E-17	7.643148E-19
5.663450E+03	3.185048E-17	7.654602E-19
5.663650E+03	3.192045E-17	7.670663E-19
5.663850E+03	3.189864E-17	7.664668E-19
5.664050E+03	3.194371E-17	7.674740E-19
5.664250E+03	3.196896E-17	7.680050E-19
5.664450E+03	3.198172E-17	7.682358E-19
5.664650E+03	3.197018E-17	7.678827E-19
5.664850E+03	3.201019E-17	7.687680E-19
5.665051E+03	3.202150E-17	7.689632E-19
5.665251E+03	3.198048E-17	7.679024E-19
5.665451E+03	3.202125E-17	7.688054E-19
5.665651E+03	3.206503E-17	7.697804E-19
5.665851E+03	3.211036E-17	7.707922E-19
5.666051E+03	3.210322E-17	7.705447E-19
5.666251E+03	3.206800E-17	7.696233E-19
5.666451E+03	3.200114E-17	7.679425E-19
5.666651E+03	3.198150E-17	7.673954E-19
5.666851E+03	3.196998E-17	7.670429E-19
5.667051E+03	3.200265E-17	7.677507E-19
5.667251E+03	3.200144E-17	7.676455E-19
5.667451E+03	3.198476E-17	7.671693E-19
5.667651E+03	3.195263E-17	7.663226E-19
5.667851E+03	3.195584E-17	7.663236E-19
5.668051E+03	3.198114E-17	7.668542E-19
5.668251E+03	3.195564E-17	7.661667E-19
5.668450E+03	3.194635E-17	7.658680E-19
5.668650E+03	3.200552E-17	7.672103E-19
5.668850E+03	3.200284E-17	7.670699E-19
5.669051E+03	3.197736E-17	7.663824E-19
5.669251E+03	3.198500E-17	7.664893E-19
5.669450E+03	3.198748E-17	7.664728E-19
5.669650E+03	3.204527E-17	7.677810E-19
5.669850E+03	3.208912E-17	7.687550E-19
5.670050E+03	3.209236E-17	7.687560E-19
5.670251E+03	3.210522E-17	7.689871E-19
5.670451E+03	3.214027E-17	7.697500E-19
5.670651E+03	3.213760E-17	7.696092E-19
5.670851E+03	3.214678E-17	7.697522E-19
5.671051E+03	3.217226E-17	7.702853E-19
5.671251E+03	3.211556E-17	7.688512E-19
5.671451E+03	3.208629E-17	7.680736E-19
5.671651E+03	3.216131E-17	7.697923E-19
5.671851E+03	3.219125E-17	7.704320E-19
5.672051E+03	3.219674E-17	7.704863E-19
5.672251E+03	3.218815E-17	7.702037E-19
5.672451E+03	3.221441E-17	7.707549E-19
5.672651E+03	3.221546E-17	7.707029E-19
5.672851E+03	3.224249E-17	7.712722E-19
5.673051E+03	3.220348E-17	7.702618E-19
5.673251E+03	3.218082E-17	7.696428E-19
5.673451E+03	3.217965E-17	7.695376E-19
5.673651E+03	3.217330E-17	7.693087E-19
5.673851E+03	3.222701E-17	7.705155E-19
5.674051E+03	3.227486E-17	7.715820E-19
5.674251E+03	3.228633E-17	7.717787E-19
5.674451E+03	3.232757E-17	7.726870E-19
5.674651E+03	3.229963E-17	7.719414E-19
5.674851E+03	3.231781E-17	7.722984E-19
5.675051E+03	3.234346E-17	7.728335E-19
5.675251E+03	3.237434E-17	7.734935E-19
5.675451E+03	3.240899E-17	7.742434E-19
5.675652E+03	3.242426E-17	7.745300E-19
5.675852E+03	3.241042E-17	7.741214E-19
5.676052E+03	3.239659E-17	7.737130E-19
5.676252E+03	3.238724E-17	7.734117E-19
5.676452E+03	3.238908E-17	7.733776E-19
5.676652E+03	3.239016E-17	7.733255E-19
5.676852E+03	3.238902E-17	7.732202E-19
5.677052E+03	3.238117E-17	7.729547E-19
5.677252E+03	3.236438E-17	7.724759E-19
5.677452E+03	3.234759E-17	7.719973E-19
5.677652E+03	3.233231E-17	7.715546E-19
5.677852E+03	3.230588E-17	7.708459E-19
5.678052E+03	3.227799E-17	7.701024E-19
5.678252E+03	3.226422E-17	7.696961E-19
5.678452E+03	3.226532E-17	7.696445E-19
5.678652E+03	3.231700E-17	7.707990E-19
5.678852E+03	3.235906E-17	7.717241E-19
5.679052E+03	3.238776E-17	7.723302E-19
5.679252E+03	3.239110E-17	7.723317E-19
5.679452E+03	3.239074E-17	7.722446E-19
5.679652E+03	3.236427E-17	7.715353E-19
5.679852E+03	3.238029E-17	7.718389E-19
5.680052E+03	3.234490E-17	7.709171E-19
5.680252E+03	3.235124E-17	7.709897E-19
5.680452E+03	3.237546E-17	7.714887E-19
5.680651E+03	3.240418E-17	7.720948E-19
5.680851E+03	3.243666E-17	7.727902E-19
5.681052E+03	3.247068E-17	7.735217E-19
5.681252E+03	3.248827E-17	7.738619E-19
5.681453E+03	3.247446E-17	7.734538E-19
5.681653E+03	3.249953E-17	7.739722E-19
5.681852E+03	3.251564E-17	7.742774E-19
5.682052E+03	3.252577E-17	7.744397E-19
5.682252E+03	3.255838E-17	7.751371E-19
5.682452E+03	3.254604E-17	7.747642E-19
5.682652E+03	3.249104E-17	7.733759E-19
5.682852E+03	3.249592E-17	7.734133E-19
5.683052E+03	3.253151E-17	7.741813E-19
5.683252E+03	3.255140E-17	7.745756E-19
5.683452E+03	3.251660E-17	7.736683E-19
5.683652E+03	3.248259E-17	7.727802E-19
5.683852E+03	3.248599E-17	7.727819E-19
5.684052E+03	3.250735E-17	7.732110E-19
5.684252E+03	3.256020E-17	7.743889E-19
5.684452E+03	3.257562E-17	7.746763E-19
5.684652E+03	3.261582E-17	7.755529E-19
5.684852E+03	3.263727E-17	7.759835E-19
5.685052E+03	3.265875E-17	7.764144E-19
5.685252E+03	3.270583E-17	7.774539E-19
5.685452E+03	3.273413E-17	7.780470E-19
5.685652E+03	3.271874E-17	7.776013E-19
5.685852E+03	3.271690E-17	7.774779E-19
5.686052E+03	3.276181E-17	7.784652E-19
5.686253E+03	3.279245E-17	7.791126E-19
5.686453E+03	3.280270E-17	7.792763E-19
5.686653E+03	3.282354E-17	7.796912E-19
5.686853E+03	3.285650E-17	7.803938E-19
5.687053E+03	3.285391E-17	7.802520E-19
5.687253E+03	3.287706E-17	7.807214E-19
5.687453E+03	3.290856E-17	7.813890E-19
5.687653E+03	3.291583E-17	7.814810E-19
5.687853E+03	3.287386E-17	7.804042E-19
5.688053E+03	3.284631E-17	7.796700E-19
5.688253E+03	3.285509E-17	7.797979E-19
5.688453E+03	3.286917E-17	7.800516E-19
5.688653E+03	3.285676E-17	7.796767E-19
5.688853E+03	3.282091E-17	7.787457E-19
5.689053E+03	3.281684E-17	7.785687E-19
5.689253E+03	3.280598E-17	7.782305E-19
5.689453E+03	3.281777E-17	7.784298E-19
5.689653E+03	3.280388E-17	7.780199E-19
5.689853E+03	3.279452E-17	7.777176E-19
5.690053E+03	3.280330E-17	7.778453E-19
5.690253E+03	3.281435E-17	7.780267E-19
5.690453E+03	3.283597E-17	7.784589E-19
5.690653E+03	3.283645E-17	7.783896E-19
5.690853E+03	3.283012E-17	7.781590E-19
5.691053E+03	3.284875E-17	7.785197E-19
5.691253E+03	3.283183E-17	7.780381E-19
5.691453E+03	3.284365E-17	7.782375E-19
5.691654E+03	3.287138E-17	7.788133E-19
5.691854E+03	3.288019E-17	7.789412E-19
5.692054E+03	3.286478E-17	7.784953E-19
5.692254E+03	3.286225E-17	7.783544E-19
5.692454E+03	3.287938E-17	7.786793E-19
5.692654E+03	3.289729E-17	7.790225E-19
5.692854E+03	3.288339E-17	7.786123E-19
5.693053E+03	3.288388E-17	7.785433E-19
5.693253E+03	3.288968E-17	7.785996E-19
5.693453E+03	3.289018E-17	7.785303E-19
5.693654E+03	3.289371E-17	7.785325E-19
5.693854E+03	3.291922E-17	7.790550E-19
5.694053E+03	3.293639E-17	7.793807E-19
5.694253E+03	3.296800E-17	7.800473E-19
5.694453E+03	3.299813E-17	7.806788E-19
5.694653E+03	3.301612E-17	7.810228E-19
5.694853E+03	3.301207E-17	7.808455E-19
5.695053E+03	3.305366E-17	7.817475E-19
5.695253E+03	3.309911E-17	7.827407E-19
5.695453E+03	3.312402E-17	7.832480E-19
5.695653E+03	3.313828E-17	7.835033E-19
5.695853E+03	3.315177E-17	7.837403E-19
5.696053E+03	3.315458E-17	7.837247E-19
5.696253E+03	3.317649E-17	7.841606E-19
5.696453E+03	3.319383E-17	7.844882E-19
5.696653E+03	3.320430E-17	7.846534E-19
5.696853E+03	3.320789E-17	7.846561E-19
5.697054E+03	3.321914E-17	7.848393E-19
5.697254E+03	3.323957E-17	7.852395E-19
5.697454E+03	3.325312E-17	7.854773E-19
5.697654E+03	3.328199E-17	7.860768E-19
5.697854E+03	3.333776E-17	7.873114E-19
5.698054E+03	3.337057E-17	7.880033E-19
5.698254E+03	3.336419E-17	7.877701E-19
5.698454E+03	3.339856E-17	7.884988E-19
5.698654E+03	3.340834E-17	7.886467E-19
5.698854E+03	3.340197E-17	7.884133E-19
5.699054E+03	3.341407E-17	7.886159E-19
5.699254E+03	3.343309E-17	7.889818E-19
5.699454E+03	3.345136E-17	7.893298E-19
5.699654E+03	3.347041E-17	7.896961E-19
5.699854E+03	3.347791E-17	7.897899E-19
5.700054E+03	3.349852E-17	7.901928E-19
5.700254E+03	3.351220E-17	7.904321E-19
5.700454E+03	3.353516E-17	7.908902E-19
5.700654E+03	3.355272E-17	7.912208E-19
5.700854E+03	3.357879E-17	7.917520E-19
5.701054E+03	3.360489E-17	7.922839E-19
5.701254E+03	3.362946E-17	7.927793E-19
5.701454E+03	3.366490E-17	7.935309E-19
5.701654E+03	3.370581E-17	7.944113E-19
5.701854E+03	3.375300E-17	7.954393E-19
5.702054E+03	3.379480E-17	7.963401E-19
5.702255E+03	3.381174E-17	7.966546E-19
5.702455E+03	3.382790E-17	7.969509E-19
5.702655E+03	3.382694E-17	7.968440E-19
5.702855E+03	3.386728E-17	7.977097E-19
5.703055E+03	3.389206E-17	7.982087E-19
5.703255E+03	3.390436E-17	7.984138E-19
5.703455E+03	3.393620E-17	7.990788E-19
5.703655E+03	3.397903E-17	8.000023E-19
5.703855E+03	3.400937E-17	8.006318E-19
5.704055E+03	3.402721E-17	8.009667E-19
5.704255E+03	3.405056E-17	8.014310E-19
5.704455E+03	3.405352E-17	8.014157E-19
5.704655E+03	3.404708E-17	8.011787E-19
5.704855E+03	3.407749E-17	8.018092E-19
5.705055E+03	3.410087E-17	8.022739E-19
5.705255E+03	3.411563E-17	8.025357E-19
5.705454E+03	3.412566E-17	8.026867E-19
5.705654E+03	3.414515E-17	8.030596E-19
5.705855E+03	3.415522E-17	8.032104E-19
5.706055E+03	3.413226E-17	8.025848E-19
5.706255E+03	3.415411E-17	8.030130E-19
5.706454E+03	3.417597E-17	8.034418E-19
5.706654E+03	3.421204E-17	8.042037E-19
5.706854E+03	3.420558E-17	8.039662E-19
5.707054E+03	3.421724E-17	8.041544E-19
5.707254E+03	3.422340E-17	8.042132E-19
5.707454E+03	3.422877E-17	8.042534E-19
5.707655E+03	3.421366E-17	8.038120E-19
5.707855E+03	3.420722E-17	8.035746E-19
5.708055E+03	3.424174E-17	8.042995E-19
5.708255E+03	3.426211E-17	8.046919E-19
5.708455E+03	3.428248E-17	8.050842E-19
5.708655E+03	3.430999E-17	8.056438E-19
5.708855E+03	3.432249E-17	8.058510E-19
5.709055E+03	3.431999E-17	8.057059E-19
5.709255E+03	3.431511E-17	8.055049E-19
5.709455E+03	3.430155E-17	8.051002E-19
5.709655E+03	3.430221E-17	8.050294E-19
5.709855E+03	3.431077E-17	8.051438E-19
5.710055E+03	3.432882E-17	8.054809E-19
5.710255E+03	3.435320E-17	8.059664E-19
5.710455E+03	3.437999E-17	8.065082E-19
5.710655E+03	3.437907E-17	8.063999E-19
5.710855E+03	3.439479E-17	8.066817E-19
5.711055E+03	3.439863E-17	8.066851E-19
5.711255E+03	3.439772E-17	8.065770E-19
5.711455E+03	3.439998E-17	8.065432E-19
5.711655E+03	3.440462E-17	8.065651E-19
5.711855E+03	3.442828E-17	8.070328E-19
5.712055E+03	3.442579E-17	8.068874E-19
5.712255E+03	3.441221E-17	8.064821E-19
5.712455E+03	3.441766E-17	8.065227E-19
5.712655E+03	3.441675E-17	8.064145E-19
5.712855E+03	3.442458E-17	8.065108E-19
5.713056E+03	3.445066E-17	8.070341E-19
5.713256E+03	3.445531E-17	8.070560E-19
5.713456E+03	3.445601E-17	8.069851E-19
5.713656E+03	3.449084E-17	8.077135E-19
5.713856E+03	3.449869E-17	8.078100E-19
5.714056E+03	3.450972E-17	8.079807E-19
5.714256E+03	3.451598E-17	8.080400E-19
5.714456E+03	3.449682E-17	8.075040E-19
5.714656E+03	3.449832E-17	8.074516E-19
5.714856E+03	3.451890E-17	8.078456E-19
5.715056E+03	3.455221E-17	8.085376E-19
5.715256E+03	3.460149E-17	8.096031E-19
5.715456E+03	3.460539E-17	8.096064E-19
5.715656E+03	3.460452E-17	8.094981E-19
5.715856E+03	3.463234E-17	8.100610E-19
5.716056E+03	3.464183E-17	8.101949E-19
5.716256E+03	3.467607E-17	8.109077E-19
5.716456E+03	3.471515E-17	8.117333E-19
5.716656E+03	3.473746E-17	8.121668E-19
5.716856E+03	3.471980E-17	8.116655E-19
5.717056E+03	3.473012E-17	8.118185E-19
5.717256E+03	3.473566E-17	8.118594E-19
5.717456E+03	3.472920E-17	8.116201E-19
5.717655E+03	3.473711E-17	8.117172E-19
5.717855E+03	3.471307E-17	8.110669E-19
5.718056E+03	3.471702E-17	8.110703E-19
5.718256E+03	3.475055E-17	8.117652E-19
5.718457E+03	3.475850E-17	8.118620E-19
5.718657E+03	3.473925E-17	8.113237E-19
5.718856E+03	3.474399E-17	8.113461E-19
5.719056E+03	3.475994E-17	8.116300E-19
5.719256E+03	3.472948E-17	8.108303E-19
5.719456E+03	3.473184E-17	8.107966E-19
5.719656E+03	3.475659E-17	8.112858E-19
5.719856E+03	3.477336E-17	8.115884E-19
5.720056E+03	3.476850E-17	8.113863E-19
5.720256E+03	3.475887E-17	8.110725E-19
5.720456E+03	3.476283E-17	8.110762E-19
5.720656E+03	3.475319E-17	8.107624E-19
5.720856E+03	3.477075E-17	8.110834E-19
5.721056E+03	3.475872E-17	8.107137E-19
5.721256E+03	3.476109E-17	8.106801E-19
5.721456E+03	3.476746E-17	8.107397E-19
5.721656E+03	3.476823E-17	8.106687E-19
5.721856E+03	3.479303E-17	8.111579E-19
5.722056E+03	3.482105E-17	8.117220E-19
5.722256E+03	3.485472E-17	8.124177E-19
5.722456E+03	3.487156E-17	8.127207E-19
5.722656E+03	3.485788E-17	8.123127E-19
5.722856E+03	3.484824E-17	8.119987E-19
5.723056E+03	3.486026E-17	8.121894E-19
5.723256E+03	3.486987E-17	8.123238E-19
5.723456E+03	3.490761E-17	8.131136E-19
5.723657E+03	3.493898E-17	8.137540E-19
5.723857E+03	3.496391E-17	8.142451E-19
5.724057E+03	3.496310E-17	8.141365E-19
5.724257E+03	3.494780E-17	8.136904E-19
5.724457E+03	3.496872E-17	8.140877E-19
5.724657E+03	3.499368E-17	8.145789E-19
5.724857E+03	3.501464E-17	8.149768E-19
5.725057E+03	3.503964E-17	8.154686E-19
5.725257E+03	3.505014E-17	8.156227E-19
5.725457E+03	3.504530E-17	8.154200E-19
5.725657E+03	3.505741E-17	8.156116E-19
5.725857E+03	3.505821E-17	8.155401E-19
5.726057E+03	3.509618E-17	8.163330E-19
5.726257E+03	3.511722E-17	8.167318E-19
5.726457E+03	3.512855E-17	8.169049E-19
5.726657E+03	3.513179E-17	8.168898E-19
5.726857E+03	3.513100E-17	8.167808E-19
5.727057E+03	3.512374E-17	8.165216E-19
5.727257E+03	3.511971E-17	8.163374E-19
5.727457E+03	3.512377E-17	8.163412E-19
5.727657E+03	3.512460E-17	8.162699E-19
5.727857E+03	3.512786E-17	8.162551E-19
5.728057E+03	3.514568E-17	8.165783E-19
5.728257E+03	3.514652E-17	8.165072E-19
5.728457E+03	3.514655E-17	8.164171E-19
5.728657E+03	3.515548E-17	8.165338E-19
5.728857E+03	3.515794E-17	8.165001E-19
5.729058E+03	3.515879E-17	8.164285E-19
5.729258E+03	3.512970E-17	8.156622E-19
5.729458E+03	3.513296E-17	8.156472E-19
5.729658E+03	3.514514E-17	8.158391E-19
5.729858E+03	3.515327E-17	8.159368E-19
5.730057E+03	3.516545E-17	8.161288E-19
5.730257E+03	3.519222E-17	8.166592E-19
5.730458E+03	3.522308E-17	8.172837E-19
5.730658E+03	3.525234E-17	8.178712E-19
5.730858E+03	3.529381E-17	8.187419E-19
5.731057E+03	3.529710E-17	8.187272E-19
5.731257E+03	3.529389E-17	8.185615E-19
5.731457E+03	3.529476E-17	8.184901E-19
5.731657E+03	3.528507E-17	8.181738E-19
5.731857E+03	3.526888E-17	8.177069E-19
5.732057E+03	3.527868E-17	8.178428E-19
5.732257E+03	3.529987E-17	8.182423E-19
5.732457E+03	3.531863E-17	8.185854E-19
5.732657E+03	3.532845E-17	8.187215E-19
5.732857E+03	3.532363E-17	8.185180E-19
5.733057E+03	3.532695E-17	8.185032E-19
5.733257E+03	3.531645E-17	8.181681E-19
5.733457E+03	3.530595E-17	8.178331E-19
5.733657E+03	3.531252E-17	8.178936E-19
5.733857E+03	3.533049E-17	8.182179E-19
5.734057E+03	3.534847E-17	8.185423E-19
5.734257E+03	3.536972E-17	8.189422E-19
5.734458E+03	3.539506E-17	8.194366E-19
5.734658E+03	3.538862E-17	8.191953E-19
5.734858E+03	3.541560E-17	8.197277E-19
5.735058E+03	3.540916E-17	8.194865E-19
5.735258E+03	3.540272E-17	8.192452E-19
5.735458E+03	3.539792E-17	8.190419E-19
5.735658E+03	3.539882E-17	8.189704E-19
5.735858E+03	3.540951E-17	8.191254E-19
5.736058E+03	3.543081E-17	8.195257E-19
5.736258E+03	3.541867E-17	8.191525E-19
5.736458E+03	3.542121E-17	8.191189E-19
5.736658E+03	3.543354E-17	8.193116E-19
5.736858E+03	3.540672E-17	8.185990E-19
5.737058E+03	3.540927E-17	8.185654E-19
5.737258E+03	3.541019E-17	8.184942E-19
5.737458E+03	3.539970E-17	8.181592E-19
5.737658E+03	3.540958E-17	8.182950E-19
5.737858E+03	3.539746E-17	8.179225E-19
5.738058E+03	3.539105E-17	8.176817E-19
5.738258E+03	3.537486E-17	8.172154E-19
5.738458E+03	3.537986E-17	8.172383E-19
5.738658E+03	3.540687E-17	8.177695E-19
5.738858E+03	3.543063E-17	8.182257E-19
5.739058E+03	3.543891E-17	8.183240E-19
5.739258E+03	3.543821E-17	8.182150E-19
5.739458E+03	3.547507E-17	8.189732E-19
5.739659E+03	3.551035E-17	8.196941E-19
5.739859E+03	3.551701E-17	8.197548E-19
5.740059E+03	3.550814E-17	8.194570E-19
5.740259E+03	3.550336E-17	8.192537E-19
5.740459E+03	3.551003E-17	8.193144E-19
5.740659E+03	3.553061E-17	8.196960E-19
5.740859E+03	3.554301E-17	8.198889E-19
5.741059E+03	3.555297E-17	8.200253E-19
5.741259E+03	3.555966E-17	8.200862E-19
5.741459E+03	3.557617E-17	8.203736E-19
5.741659E+03	3.559598E-17	8.207369E-19
5.741859E+03	3.560677E-17	8.208922E-19
5.742059E+03	3.564383E-17	8.216529E-19
5.742259E+03	3.564889E-17	8.216759E-19
5.742458E+03	3.564246E-17	8.214345E-19
5.742658E+03	3.562620E-17	8.209659E-19
5.742859E+03	3.565180E-17	8.214616E-19
5.743059E+03	3.565524E-17	8.214470E-19
5.743258E+03	3.567262E-17	8.217541E-19
5.743458E+03	3.568345E-17	8.219096E-19
5.743658E+03	3.569018E-17	8.219706E-19
5.743858E+03	3.569116E-17	8.218992E-19
5.744058E+03	3.567324E-17	8.213926E-19
5.744258E+03	3.565862E-17	8.209620E-19
5.744458E+03	3.566536E-17	8.210231E-19
5.744658E+03	3.570496E-17	8.218406E-19
5.744858E+03	3.572074E-17	8.221096E-19
5.745059E+03	3.572175E-17	8.220381E-19
5.745259E+03	3.572849E-17	8.220991E-19
5.745459E+03	3.572785E-17	8.219899E-19
5.745659E+03	3.571896E-17	8.216913E-19
5.745859E+03	3.572408E-17	8.217146E-19
5.746059E+03	3.574071E-17	8.220028E-19
5.746259E+03	3.574747E-17	8.220638E-19
5.746459E+03	3.575423E-17	8.221248E-19
5.746659E+03	3.575688E-17	8.220912E-19
5.746859E+03	3.575789E-17	8.220199E-19
5.747059E+03	3.577289E-17	8.222702E-19
5.747259E+03	3.579450E-17	8.226721E-19
5.747459E+03	3.579056E-17	8.224870E-19
5.747659E+03	3.577427E-17	8.220179E-19
5.747859E+03	3.578600E-17	8.221927E-19
5.748059E+03	3.580267E-17	8.224810E-19
5.748259E+03	3.578309E-17	8.219363E-19
5.748459E+03	3.578411E-17	8.218650E-19
5.748659E+03	3.579584E-17	8.220395E-19
5.748859E+03	3.579769E-17	8.219871E-19
5.749059E+03	3.580449E-17	8.220482E-19
5.749259E+03	3.581623E-17	8.222229E-19
5.749459E+03	3.582716E-17	8.223786E-19
5.749659E+03	3.585129E-17	8.228375E-19
5.749859E+03	3.588702E-17	8.235622E-19
5.750059E+03	3.590045E-17	8.237751E-19
5.750259E+03	3.589983E-17	8.236657E-19
5.750460E+03	3.589840E-17	8.235370E-19
5.750660E+03	3.589779E-17	8.234277E-19
5.750860E+03	3.589718E-17	8.233182E-19
5.751060E+03	3.588583E-17	8.229625E-19
5.751260E+03	3.588935E-17	8.229479E-19
5.751460E+03	3.590197E-17	8.231418E-19
5.751660E+03	3.590302E-17	8.230703E-19
5.751860E+03	3.590242E-17	8.229610E-19
5.752060E+03	3.590098E-17	8.228325E-19
5.752260E+03	3.590783E-17	8.228939E-19
5.752460E+03	3.591054E-17	8.228604E-19
5.752660E+03	3.590993E-17	8.227509E-19
5.752860E+03	3.591347E-17	8.227363E-19
5.753060E+03	3.592198E-17	8.228354E-19
5.753260E+03	3.592635E-17	8.228399E-19
5.753460E+03	3.593900E-17	8.230336E-19
5.753660E+03	3.596573E-17	8.235499E-19
5.753860E+03	3.598585E-17	8.239146E-19
5.754060E+03	3.598940E-17	8.239000E-19
5.754260E+03	3.600374E-17	8.241321E-19
5.754460E+03	3.601891E-17	8.243833E-19
5.754660E+03	3.601832E-17	8.242736E-19
5.754859E+03	3.602270E-17	8.242782E-19
5.755060E+03	3.604537E-17	8.247001E-19
5.755260E+03	3.605974E-17	8.249325E-19
5.755459E+03	3.605583E-17	8.247471E-19
5.755660E+03	3.605278E-17	8.245804E-19
5.755860E+03	3.607296E-17	8.249455E-19
5.756060E+03	3.606076E-17	8.245701E-19
5.756260E+03	3.605438E-17	8.243277E-19
5.756460E+03	3.606046E-17	8.243703E-19
5.756660E+03	3.607401E-17	8.245834E-19
5.756860E+03	3.606845E-17	8.243600E-19
5.757060E+03	3.607370E-17	8.243833E-19
5.757260E+03	3.609807E-17	8.248434E-19
5.757460E+03	3.609418E-17	8.246579E-19
5.757660E+03	3.608532E-17	8.243587E-19
5.757860E+03	3.607811E-17	8.240972E-19
5.758060E+03	3.608586E-17	8.241776E-19
5.758260E+03	3.609195E-17	8.242199E-19
5.758460E+03	3.611135E-17	8.245661E-19
5.758660E+03	3.613908E-17	8.251023E-19
5.758860E+03	3.615601E-17	8.253917E-19
5.759060E+03	3.615963E-17	8.253772E-19
5.759260E+03	3.616823E-17	8.254765E-19
5.759460E+03	3.616768E-17	8.253669E-19
5.759660E+03	3.615132E-17	8.248964E-19
5.759860E+03	3.614412E-17	8.246349E-19
5.760060E+03	3.618438E-17	8.254563E-19
5.760260E+03	3.619134E-17	8.255177E-19
5.760460E+03	3.618664E-17	8.253131E-19
5.760660E+03	3.618360E-17	8.251465E-19
5.760860E+03	3.618890E-17	8.251700E-19
5.761061E+03	3.618088E-17	8.248893E-19
5.761261E+03	3.620702E-17	8.253877E-19
5.761461E+03	3.620482E-17	8.252400E-19
5.761661E+03	3.620345E-17	8.251115E-19
5.761861E+03	3.619876E-17	8.249070E-19
5.762061E+03	3.621574E-17	8.251964E-19
5.762261E+03	3.621271E-17	8.250298E-19
5.762461E+03	3.620218E-17	8.246923E-19
5.762661E+03	3.620500E-17	8.246588E-19
5.762861E+03	3.618448E-17	8.240938E-19
5.763061E+03	3.619730E-17	8.242880E-19
5.763261E+03	3.619845E-17	8.242166E-19
5.763461E+03	3.618793E-17	8.238794E-19
5.763661E+03	3.616742E-17	8.233149E-19
5.763861E+03	3.616359E-17	8.231299E-19
5.764061E+03	3.617557E-17	8.233049E-19
5.764261E+03	3.620672E-17	8.239160E-19
5.764461E+03	3.623875E-17	8.245469E-19
5.764661E+03	3.624826E-17	8.246653E-19
5.764861E+03	3.624524E-17	8.244988E-19
5.765061E+03	3.622555E-17	8.239528E-19
5.765261E+03	3.624174E-17	8.242229E-19
5.765461E+03	3.624959E-17	8.243033E-19
5.765661E+03	3.623657E-17	8.239093E-19
5.765861E+03	3.627448E-17	8.246729E-19
5.766061E+03	3.630239E-17	8.252092E-19
5.766262E+03	3.632281E-17	8.255746E-19
5.766462E+03	3.632566E-17	8.255410E-19
5.766662E+03	3.632768E-17	8.254883E-19
5.766862E+03	3.635648E-17	8.260442E-19
5.767061E+03	3.636853E-17	8.262200E-19
5.767261E+03	3.635465E-17	8.258060E-19
5.767462E+03	3.634916E-17	8.255822E-19
5.767662E+03	3.636291E-17	8.257959E-19
5.767861E+03	3.637413E-17	8.259525E-19
5.768061E+03	3.636277E-17	8.255958E-19
5.768261E+03	3.636648E-17	8.255812E-19
5.768461E+03	3.637521E-17	8.256807E-19
5.768661E+03	3.639233E-17	8.259704E-19
5.768861E+03	3.640191E-17	8.260890E-19
5.769061E+03	3.641233E-17	8.262265E-19
5.769261E+03	3.642528E-17	8.264212E-19
5.769461E+03	3.643151E-17	8.264637E-19
5.769661E+03	3.644363E-17	8.266394E-19
5.769861E+03	3.644736E-17	8.266249E-19
5.770061E+03	3.643683E-17	8.262868E-19
5.770261E+03	3.643972E-17	8.262532E-19
5.770461E+03	3.644345E-17	8.262387E-19
5.770661E+03	3.644047E-17	8.260719E-19
5.770861E+03	3.642995E-17	8.257340E-19
5.771061E+03	3.642865E-17	8.256055E-19
5.771261E+03	3.642567E-17	8.254387E-19
5.771461E+03	3.644452E-17	8.257665E-19
5.771662E+03	3.645835E-17	8.259798E-19
5.771862E+03	3.645957E-17	8.259082E-19
5.772062E+03	3.642304E-17	8.249813E-19
5.772262E+03	3.642427E-17	8.249098E-19
5.772462E+03	3.643725E-17	8.251041E-19
5.772662E+03	3.643093E-17	8.248616E-19
5.772862E+03	3.644727E-17	8.251322E-19
5.773062E+03	3.647621E-17	8.256877E-19
5.773262E+03	3.647745E-17	8.256162E-19
5.773462E+03	3.648457E-17	8.256775E-19
5.773662E+03	3.647993E-17	8.254729E-19
5.773862E+03	3.646521E-17	8.250402E-19
5.774062E+03	3.647906E-17	8.252538E-19
5.774262E+03	3.645260E-17	8.245554E-19
5.774462E+03	3.645719E-17	8.245597E-19
5.774662E+03	3.647272E-17	8.248110E-19
5.774862E+03	3.649918E-17	8.253095E-19
5.775062E+03	3.650463E-17	8.253328E-19
5.775262E+03	3.648656E-17	8.248244E-19
5.775462E+03	3.648950E-17	8.247908E-19
5.775662E+03	3.647900E-17	8.244535E-19
5.775862E+03	3.647857E-17	8.243440E-19
5.776062E+03	3.649915E-17	8.247090E-19
5.776262E+03	3.648614E-17	8.243149E-19
5.776462E+03	3.646808E-17	8.238070E-19
5.776662E+03	3.646683E-17	8.236787E-19
5.776862E+03	3.648236E-17	8.239295E-19
5.777063E+03	3.646350E-17	8.234029E-19
5.777263E+03	3.646477E-17	8.233314E-19
5.777463E+03	3.644085E-17	8.226915E-19
5.777663E+03	3.645555E-17	8.229232E-19
5.777863E+03	3.646523E-17	8.230414E-19
5.778063E+03	3.645223E-17	8.226479E-19
5.778263E+03	3.644511E-17	8.223872E-19
5.778463E+03	3.644303E-17	8.222400E-19
5.778663E+03	3.645018E-17	8.223011E-19
5.778863E+03	3.646322E-17	8.224951E-19
5.779063E+03	3.647794E-17	8.227267E-19
5.779263E+03	3.649182E-17	8.229395E-19
5.779462E+03	3.649478E-17	8.229061E-19
5.779663E+03	3.648180E-17	8.225126E-19
5.779863E+03	3.647973E-17	8.223654E-19
5.780062E+03	3.649865E-17	8.226920E-19
5.780262E+03	3.650162E-17	8.226585E-19
5.780462E+03	3.650712E-17	8.226818E-19
5.780662E+03	3.653196E-17	8.231409E-19
5.780862E+03	3.654589E-17	8.233539E-19
5.781062E+03	3.654887E-17	8.233204E-19
5.781262E+03	3.657038E-17	8.237039E-19
5.781462E+03	3.658600E-17	8.239549E-19
5.781662E+03	3.662102E-17	8.246426E-19
5.781862E+03	3.661643E-17	8.244381E-19
5.782062E+03	3.660931E-17	8.241769E-19
5.782263E+03	3.660727E-17	8.240293E-19
5.782463E+03	3.659593E-17	8.236731E-19
5.782663E+03	3.659978E-17	8.236586E-19
5.782863E+03	3.660868E-17	8.237578E-19
5.783063E+03	3.660579E-17	8.235915E-19
5.783263E+03	3.660542E-17	8.234821E-19
5.783463E+03	3.660675E-17	8.234106E-19
5.783663E+03	3.660554E-17	8.232823E-19
5.783863E+03	3.660518E-17	8.231729E-19
5.784063E+03	3.661999E-17	8.234046E-19
5.784263E+03	3.662217E-17	8.233522E-19
5.784463E+03	3.662940E-17	8.234134E-19
5.784663E+03	3.663833E-17	8.235127E-19
5.784863E+03	3.663375E-17	8.233083E-19
5.785063E+03	3.662159E-17	8.229337E-19
5.785263E+03	3.663473E-17	8.231274E-19
5.785463E+03	3.663776E-17	8.230939E-19
5.785663E+03	3.664754E-17	8.232120E-19
5.785863E+03	3.665648E-17	8.233112E-19
5.786063E+03	3.666120E-17	8.233156E-19
5.786263E+03	3.665917E-17	8.231683E-19
5.786463E+03	3.667402E-17	8.234001E-19
5.786663E+03	3.670155E-17	8.239163E-19
5.786863E+03	3.671136E-17	8.240345E-19
5.787063E+03	3.671440E-17	8.240009E-19
5.787263E+03	3.669801E-17	8.235310E-19
5.787463E+03	3.669345E-17	8.233268E-19
5.787664E+03	3.671004E-17	8.235965E-19
5.787864E+03	3.671731E-17	8.236577E-19
5.788064E+03	3.669923E-17	8.231500E-19
5.788264E+03	3.668623E-17	8.227565E-19
5.788464E+03	3.669605E-17	8.228745E-19
5.788664E+03	3.669741E-17	8.228031E-19
5.788864E+03	3.670469E-17	8.228641E-19
5.789064E+03	3.671198E-17	8.229253E-19
5.789264E+03	3.668968E-17	8.223234E-19
5.789464E+03	3.668514E-17	8.221194E-19
5.789664E+03	3.670425E-17	8.224457E-19
5.789864E+03	3.671493E-17	8.225825E-19
5.790064E+03	3.673068E-17	8.228331E-19
5.790264E+03	3.676590E-17	8.235197E-19
5.790464E+03	3.676559E-17	8.234103E-19
5.790664E+03	3.677459E-17	8.235094E-19
5.790864E+03	3.678275E-17	8.235894E-19
5.791064E+03	3.679939E-17	8.238594E-19
5.791264E+03	3.682111E-17	8.242429E-19
5.791464E+03	3.684286E-17	8.246270E-19
5.791664E+03	3.686038E-17	8.249161E-19
5.791864E+03	3.686432E-17	8.249015E-19
5.792064E+03	3.687505E-17	8.250387E-19
5.792264E+03	3.687900E-17	8.250240E-19
5.792463E+03	3.685831E-17	8.244586E-19
5.792663E+03	3.686141E-17	8.244249E-19
5.792864E+03	3.685689E-17	8.242203E-19
5.793064E+03	3.686848E-17	8.243764E-19
5.793264E+03	3.689196E-17	8.247983E-19
5.793464E+03	3.689932E-17	8.248595E-19
5.793664E+03	3.689648E-17	8.246929E-19
5.793864E+03	3.688005E-17	8.242225E-19
5.794064E+03	3.687977E-17	8.241129E-19
5.794264E+03	3.687608E-17	8.239273E-19
5.794464E+03	3.687155E-17	8.237230E-19
5.794664E+03	3.685515E-17	8.232533E-19
5.794864E+03	3.685232E-17	8.230868E-19
5.795064E+03	3.683762E-17	8.226552E-19
5.795264E+03	3.682717E-17	8.223186E-19
5.795464E+03	3.680824E-17	8.217927E-19
5.795664E+03	3.681391E-17	8.218160E-19
5.795864E+03	3.679075E-17	8.211959E-19
5.796064E+03	3.679217E-17	8.211245E-19
5.796264E+03	3.678174E-17	8.207884E-19
5.796464E+03	3.677555E-17	8.205470E-19
5.796664E+03	3.675665E-17	8.200222E-19
5.796864E+03	3.673355E-17	8.194036E-19
5.797064E+03	3.671722E-17	8.189362E-19
5.797264E+03	3.669751E-17	8.183936E-19
5.797464E+03	3.667698E-17	8.178326E-19
5.797664E+03	3.665224E-17	8.171781E-19
5.797864E+03	3.664945E-17	8.170127E-19
5.798064E+03	3.663907E-17	8.166784E-19
5.798265E+03	3.663883E-17	8.165695E-19
5.798465E+03	3.664364E-17	8.165737E-19
5.798665E+03	3.661135E-17	8.157509E-19
5.798865E+03	3.660351E-17	8.154733E-19
5.799065E+03	3.659484E-17	8.151771E-19
5.799265E+03	3.659965E-17	8.151812E-19
5.799465E+03	3.660109E-17	8.151102E-19
5.799665E+03	3.658905E-17	8.147391E-19
5.799865E+03	3.658880E-17	8.146305E-19
5.800065E+03	3.657256E-17	8.141658E-19
5.800265E+03	3.657401E-17	8.140950E-19
5.800465E+03	3.657714E-17	8.140616E-19
5.800665E+03	3.657017E-17	8.138033E-19
5.800865E+03	3.657161E-17	8.137323E-19
5.801065E+03	3.659750E-17	8.142050E-19
5.801265E+03	3.660654E-17	8.143027E-19
5.801465E+03	3.660968E-17	8.142693E-19
5.801665E+03	3.660523E-17	8.140671E-19
5.801865E+03	3.660333E-17	8.139214E-19
5.802065E+03	3.663008E-17	8.144128E-19
5.802265E+03	3.663745E-17	8.144731E-19
5.802465E+03	3.665156E-17	8.146834E-19
5.802665E+03	3.665050E-17	8.145562E-19
5.802865E+03	3.663847E-17	8.141852E-19
5.803065E+03	3.662813E-17	8.138519E-19
5.803265E+03	3.664563E-17	8.141371E-19
5.803465E+03	3.665808E-17	8.143098E-19
5.803666E+03	3.665788E-17	8.142013E-19
5.803866E+03	3.667117E-17	8.143927E-19
5.804066E+03	3.668109E-17	8.145093E-19
5.804266E+03	3.668427E-17	8.144758E-19
5.804466E+03	3.668575E-17	8.144047E-19
5.804666E+03	3.671934E-17	8.150466E-19
5.804865E+03	3.671067E-17	8.147506E-19
5.805065E+03	3.670032E-17	8.144168E-19
5.805266E+03	3.669929E-17	8.142895E-19
5.805465E+03	3.670667E-17	8.143498E-19
5.805665E+03	3.671661E-17	8.144663E-19
5.805865E+03	3.672403E-17	8.145266E-19
5.806065E+03	3.672553E-17	8.144555E-19
5.806265E+03	3.672702E-17	8.143845E-19
5.806465E+03	3.672259E-17	8.141822E-19
5.806665E+03	3.673340E-17	8.143174E-19
5.806865E+03	3.674759E-17	8.145276E-19
5.807065E+03	3.675925E-17	8.146818E-19
5.807265E+03	3.678192E-17	8.150796E-19
5.807465E+03	3.678597E-17	8.150648E-19
5.807665E+03	3.679680E-17	8.152002E-19
5.807865E+03	3.678729E-17	8.148851E-19
5.808065E+03	3.679473E-17	8.149453E-19
5.808265E+03	3.678354E-17	8.145927E-19
5.808465E+03	3.678929E-17	8.146154E-19
5.808665E+03	3.681114E-17	8.149946E-19
5.808865E+03	3.683470E-17	8.154115E-19
5.809066E+03	3.684812E-17	8.156030E-19
5.809266E+03	3.685134E-17	8.155694E-19
5.809466E+03	3.686049E-17	8.156670E-19
5.809666E+03	3.687051E-17	8.157837E-19
5.809866E+03	3.688223E-17	8.159380E-19
5.810066E+03	3.690584E-17	8.163552E-19
5.810266E+03	3.690907E-17	8.163215E-19
5.810466E+03	3.693271E-17	8.167389E-19
5.810666E+03	3.695042E-17	8.170251E-19
5.810866E+03	3.695366E-17	8.169914E-19
5.811066E+03	3.694923E-17	8.167882E-19
5.811266E+03	3.692526E-17	8.161529E-19
5.811466E+03	3.691575E-17	8.158374E-19
5.811666E+03	3.691135E-17	8.156348E-19
5.811866E+03	3.692564E-17	8.158452E-19
5.812066E+03	3.693484E-17	8.159429E-19
5.812266E+03	3.693384E-17	8.158153E-19
5.812466E+03	3.694985E-17	8.160634E-19
5.812666E+03	3.698545E-17	8.167440E-19
5.812866E+03	3.699551E-17	8.168606E-19
5.813066E+03	3.700645E-17	8.169962E-19
5.813266E+03	3.703017E-17	8.174140E-19
5.813466E+03	3.701808E-17	8.170412E-19
5.813666E+03	3.703755E-17	8.173650E-19
5.813866E+03	3.704508E-17	8.174253E-19
5.814066E+03	3.705689E-17	8.175798E-19
5.814267E+03	3.705078E-17	8.173385E-19
5.814467E+03	3.704980E-17	8.172108E-19
5.814667E+03	3.705819E-17	8.172898E-19
5.814867E+03	3.710160E-17	8.181407E-19
5.815067E+03	3.712539E-17	8.185591E-19
5.815267E+03	3.712954E-17	8.185441E-19
5.815467E+03	3.715335E-17	8.189627E-19
5.815667E+03	3.714895E-17	8.187590E-19
5.815867E+03	3.715224E-17	8.187251E-19
5.816067E+03	3.712987E-17	8.181257E-19
5.816267E+03	3.713487E-17	8.181295E-19
5.816467E+03	3.714074E-17	8.181521E-19
5.816667E+03	3.717740E-17	8.188530E-19
5.816867E+03	3.715247E-17	8.181973E-19
5.817066E+03	3.713694E-17	8.177491E-19
5.817266E+03	3.715307E-17	8.179976E-19
5.817467E+03	3.716923E-17	8.182461E-19
5.817666E+03	3.719135E-17	8.186269E-19
5.817866E+03	3.718267E-17	8.183290E-19
5.818066E+03	3.716972E-17	8.179371E-19
5.818266E+03	3.715250E-17	8.174513E-19
5.818466E+03	3.716093E-17	8.175301E-19
5.818666E+03	3.718479E-17	8.179481E-19
5.818866E+03	3.717356E-17	8.175941E-19
5.819066E+03	3.716489E-17	8.172966E-19
5.819266E+03	3.718105E-17	8.175449E-19
5.819466E+03	3.717496E-17	8.173039E-19
5.819667E+03	3.720913E-17	8.179475E-19
5.819867E+03	3.725532E-17	8.188557E-19
5.820067E+03	3.725865E-17	8.188216E-19
5.820267E+03	3.724997E-17	8.185236E-19
5.820467E+03	3.727047E-17	8.188666E-19
5.820667E+03	3.728582E-17	8.190965E-19
5.820867E+03	3.731836E-17	8.197038E-19
5.821067E+03	3.733461E-17	8.199530E-19
5.821267E+03	3.734397E-17	8.200509E-19
5.821467E+03	3.733099E-17	8.196582E-19
5.821667E+03	3.735583E-17	8.200959E-19
5.821867E+03	3.740050E-17	8.209687E-19
5.822067E+03	3.740214E-17	8.208966E-19
5.822267E+03	3.740377E-17	8.208246E-19
5.822467E+03	3.739078E-17	8.204314E-19
5.822667E+03	3.740017E-17	8.205295E-19
5.822867E+03	3.739148E-17	8.202308E-19
5.823067E+03	3.738795E-17	8.200455E-19
5.823267E+03	3.744042E-17	8.210882E-19
5.823467E+03	3.745415E-17	8.212809E-19
5.823667E+03	3.745149E-17	8.211142E-19
5.823867E+03	3.744279E-17	8.208154E-19
5.824067E+03	3.748239E-17	8.215751E-19
5.824267E+03	3.748837E-17	8.215978E-19
5.824467E+03	3.750384E-17	8.218283E-19
5.824667E+03	3.749946E-17	8.216238E-19
5.824867E+03	3.750889E-17	8.217218E-19
5.825068E+03	3.750280E-17	8.214793E-19
5.825268E+03	3.754334E-17	8.222586E-19
5.825468E+03	3.753550E-17	8.219782E-19
5.825668E+03	3.752248E-17	8.215843E-19
5.825868E+03	3.755267E-17	8.221366E-19
5.826068E+03	3.758116E-17	8.226514E-19
5.826268E+03	3.758282E-17	8.225789E-19
5.826468E+03	3.757844E-17	8.223741E-19
5.826668E+03	3.757407E-17	8.221694E-19
5.826868E+03	3.759392E-17	8.224948E-19
5.827068E+03	3.761638E-17	8.228771E-19
5.827268E+03	3.759987E-17	8.224068E-19
5.827468E+03	3.759550E-17	8.222021E-19
5.827668E+03	3.758420E-17	8.218459E-19
5.827868E+03	3.756685E-17	8.213574E-19
5.828068E+03	3.757026E-17	8.213230E-19
5.828268E+03	3.758061E-17	8.214400E-19
5.828468E+03	3.760740E-17	8.219163E-19
5.828668E+03	3.763162E-17	8.223362E-19
5.828868E+03	3.762551E-17	8.220934E-19
5.829068E+03	3.760642E-17	8.215671E-19
5.829267E+03	3.759338E-17	8.211733E-19
5.829467E+03	3.759248E-17	8.210444E-19
5.829667E+03	3.760023E-17	8.211044E-19
5.829868E+03	3.761667E-17	8.213534E-19
5.830067E+03	3.763049E-17	8.215463E-19
5.830268E+03	3.762615E-17	8.213414E-19
5.830468E+03	3.761399E-17	8.209664E-19
5.830668E+03	3.763649E-17	8.213479E-19
5.830868E+03	3.766248E-17	8.218054E-19
5.831068E+03	3.765378E-17	8.215060E-19
5.831268E+03	3.764682E-17	8.212444E-19
5.831468E+03	3.767368E-17	8.217207E-19
5.831668E+03	3.767627E-17	8.216673E-19
5.831868E+03	3.769186E-17	8.218975E-19
5.832068E+03	3.769793E-17	8.219198E-19
5.832268E+03	3.770573E-17	8.219799E-19
5.832468E+03	3.770744E-17	8.219074E-19
5.832668E+03	3.772219E-17	8.221189E-19
5.832868E+03	3.768572E-17	8.212140E-19
5.833068E+03	3.766489E-17	8.206502E-19
5.833268E+03	3.767009E-17	8.206534E-19
5.833468E+03	3.768830E-17	8.209402E-19
5.833668E+03	3.770565E-17	8.212081E-19
5.833868E+03	3.770912E-17	8.211735E-19
5.834068E+03	3.773344E-17	8.215928E-19
5.834268E+03	3.775777E-17	8.220122E-19
5.834468E+03	3.776995E-17	8.221670E-19
5.834668E+03	3.778300E-17	8.223406E-19
5.834868E+03	3.778996E-17	8.223816E-19
5.835068E+03	3.782217E-17	8.229720E-19
5.835268E+03	3.785528E-17	8.235817E-19
5.835468E+03	3.785616E-17	8.234901E-19
5.835669E+03	3.786927E-17	8.236638E-19
5.835869E+03	3.787276E-17	8.236291E-19
5.836069E+03	3.789981E-17	8.241065E-19
5.836269E+03	3.791118E-17	8.242426E-19
5.836469E+03	3.789897E-17	8.238660E-19
5.836669E+03	3.789811E-17	8.237365E-19
5.836869E+03	3.792519E-17	8.242140E-19
5.837069E+03	3.792345E-17	8.240651E-19
5.837269E+03	3.792261E-17	8.239355E-19
5.837469E+03	3.790953E-17	8.235404E-19
5.837669E+03	3.791130E-17	8.234676E-19
5.837869E+03	3.793839E-17	8.239448E-19
5.838069E+03	3.795415E-17	8.241757E-19
5.838269E+03	3.799001E-17	8.248431E-19
5.838469E+03	3.797255E-17	8.243526E-19
5.838669E+03	3.797695E-17	8.243365E-19
5.838869E+03	3.799360E-17	8.245864E-19
5.839069E+03	3.799101E-17	8.244186E-19
5.839269E+03	3.799716E-17	8.244407E-19
5.839469E+03	3.801820E-17	8.247854E-19
5.839669E+03	3.806817E-17	8.257578E-19
5.839869E+03	3.811205E-17	8.265976E-19
5.840069E+03	3.816302E-17	8.275910E-19
5.840269E+03	3.821847E-17	8.286811E-19
5.840469E+03	3.825725E-17	8.294095E-19
5.840669E+03	3.826434E-17	8.294505E-19
5.840869E+03	3.830052E-17	8.301223E-19
5.841070E+03	3.831382E-17	8.302972E-19
5.841270E+03	3.830416E-17	8.299752E-19
5.841470E+03	3.832803E-17	8.303796E-19
5.841669E+03	3.836867E-17	8.311479E-19
5.841869E+03	3.839789E-17	8.316678E-19
5.842069E+03	3.842183E-17	8.320731E-19
5.842270E+03	3.842190E-17	8.319609E-19
5.842469E+03	3.846176E-17	8.327113E-19
5.842669E+03	3.846891E-17	8.327528E-19
5.842869E+03	3.847251E-17	8.327174E-19
5.843069E+03	3.847877E-17	8.327393E-19
5.843269E+03	3.848857E-17	8.328381E-19
5.843469E+03	3.854274E-17	8.338966E-19
5.843669E+03	3.855345E-17	8.340146E-19
5.843869E+03	3.856240E-17	8.340944E-19
5.844069E+03	3.857667E-17	8.342894E-19
5.844269E+03	3.857585E-17	8.341578E-19
5.844469E+03	3.858036E-17	8.341415E-19
5.844669E+03	3.861954E-17	8.348745E-19
5.844869E+03	3.863651E-17	8.351274E-19
5.845069E+03	3.861791E-17	8.346112E-19
5.845269E+03	3.861620E-17	8.344603E-19
5.845469E+03	3.867055E-17	8.355205E-19
5.845669E+03	3.869378E-17	8.359082E-19
5.845869E+03	3.869119E-17	8.357378E-19
5.846069E+03	3.869038E-17	8.356061E-19
5.846270E+03	3.869315E-17	8.355510E-19
5.846470E+03	3.871284E-17	8.358616E-19
5.846670E+03	3.872986E-17	8.361146E-19
5.846870E+03	3.872460E-17	8.358864E-19
5.847070E+03	3.872647E-17	8.358122E-19
5.847270E+03	3.873280E-17	8.358342E-19
5.847470E+03	3.872753E-17	8.356061E-19
5.847670E+03	3.872762E-17	8.354934E-19
5.847870E+03	3.870989E-17	8.349962E-19
5.848070E+03	3.873048E-17	8.353257E-19
5.848270E+03	3.876091E-17	8.358672E-19
5.848470E+03	3.879673E-17	8.365246E-19
5.848670E+03	3.882274E-17	8.369704E-19
5.848870E+03	3.883714E-17	8.371659E-19
5.849070E+03	3.885066E-17	8.373421E-19
5.849270E+03	3.882840E-17	8.367473E-19
5.849470E+03	3.885355E-17	8.371740E-19
5.849670E+03	3.886259E-17	8.372537E-19
5.849870E+03	3.883498E-17	8.365435E-19
5.850070E+03	3.884671E-17	8.366810E-19
5.850270E+03	3.885934E-17	8.368376E-19
5.850470E+03	3.884066E-17	8.363203E-19
5.850670E+03	3.885867E-17	8.365925E-19
5.850870E+03	3.885162E-17	8.363255E-19
5.851070E+03	3.881329E-17	8.353851E-19
5.851270E+03	3.881072E-17	8.352146E-19
5.851470E+03	3.882603E-17	8.354287E-19
5.851671E+03	3.887000E-17	8.362588E-19
5.851871E+03	3.889877E-17	8.367620E-19
5.852071E+03	3.890605E-17	8.368032E-19
5.852271E+03	3.891065E-17	8.367865E-19
5.852471E+03	3.888838E-17	8.361919E-19
5.852671E+03	3.888314E-17	8.359635E-19
5.852871E+03	3.888774E-17	8.359467E-19
5.853071E+03	3.882881E-17	8.345646E-19
5.853271E+03	3.885309E-17	8.349708E-19
5.853471E+03	3.888902E-17	8.356272E-19
5.853671E+03	3.889273E-17	8.355912E-19
5.853870E+03	3.892600E-17	8.361905E-19
5.854070E+03	3.893330E-17	8.362316E-19
5.854270E+03	3.892716E-17	8.359837E-19
5.854471E+03	3.889327E-17	8.351395E-19
5.854671E+03	3.887013E-17	8.345269E-19
5.854870E+03	3.888368E-17	8.347024E-19
5.855070E+03	3.890532E-17	8.350509E-19
5.855270E+03	3.894310E-17	8.357459E-19
5.855470E+03	3.893966E-17	8.355559E-19
5.855670E+03	3.892366E-17	8.350965E-19
5.855870E+03	3.891754E-17	8.348492E-19
5.856070E+03	3.888364E-17	8.340061E-19
5.856270E+03	3.886947E-17	8.335861E-19
5.856470E+03	3.885351E-17	8.331279E-19
5.856670E+03	3.882505E-17	8.324017E-19
5.856871E+03	3.882075E-17	8.321931E-19
5.857071E+03	3.887099E-17	8.331539E-19
5.857271E+03	3.889084E-17	8.334634E-19
5.857471E+03	3.890353E-17	8.336192E-19
5.857671E+03	3.890548E-17	8.335447E-19
5.857871E+03	3.889758E-17	8.332592E-19
5.858071E+03	3.887357E-17	8.326287E-19
5.858271E+03	3.882184E-17	8.314047E-19
5.858471E+03	3.884168E-17	8.317135E-19
5.858671E+03	3.887047E-17	8.322138E-19
5.858871E+03	3.887601E-17	8.322161E-19
5.859071E+03	3.886722E-17	8.319117E-19
5.859271E+03	3.883787E-17	8.311672E-19
5.859471E+03	3.878532E-17	8.299265E-19
5.859671E+03	3.879353E-17	8.299861E-19
5.859871E+03	3.882855E-17	8.306191E-19
5.860071E+03	3.882872E-17	8.305067E-19
5.860271E+03	3.881280E-17	8.300499E-19
5.860471E+03	3.878350E-17	8.293072E-19
5.860671E+03	3.874173E-17	8.282979E-19
5.860871E+03	3.873477E-17	8.280331E-19
5.861071E+03	3.871711E-17	8.275395E-19
5.861271E+03	3.871283E-17	8.273321E-19
5.861471E+03	3.872371E-17	8.274486E-19
5.861671E+03	3.872033E-17	8.272602E-19
5.861871E+03	3.870982E-17	8.269196E-19
5.862071E+03	3.867436E-17	8.260462E-19
5.862272E+03	3.869327E-17	8.263335E-19
5.862472E+03	3.867120E-17	8.257460E-19
5.862672E+03	3.865447E-17	8.252729E-19
5.862872E+03	3.864576E-17	8.249709E-19
5.863072E+03	3.864507E-17	8.248401E-19
5.863272E+03	3.865060E-17	8.248421E-19
5.863472E+03	3.866236E-17	8.249771E-19
5.863672E+03	3.868304E-17	8.253022E-19
5.863872E+03	3.870908E-17	8.257414E-19
5.864072E+03	3.874315E-17	8.263519E-19
5.864272E+03	3.878441E-17	8.271154E-19
5.864472E+03	3.883287E-17	8.280322E-19
5.864672E+03	3.888766E-17	8.290835E-19
5.864872E+03	3.890039E-17	8.292381E-19
5.865072E+03	3.889523E-17	8.290111E-19
5.865272E+03	3.889096E-17	8.288032E-19
5.865472E+03	3.889295E-17	8.287286E-19
5.865672E+03	3.890839E-17	8.289405E-19
5.865872E+03	3.895163E-17	8.297446E-19
5.866072E+03	3.896888E-17	8.299948E-19
5.866271E+03	3.896010E-17	8.296912E-19
5.866471E+03	3.899353E-17	8.302857E-19
5.866672E+03	3.901712E-17	8.306698E-19
5.866872E+03	3.902183E-17	8.306526E-19
5.867072E+03	3.902744E-17	8.306545E-19
5.867271E+03	3.904471E-17	8.309051E-19
5.867471E+03	3.904763E-17	8.308496E-19
5.867672E+03	3.903170E-17	8.303923E-19
5.867872E+03	3.901754E-17	8.299735E-19
5.868072E+03	3.901597E-17	8.298226E-19
5.868272E+03	3.902159E-17	8.298243E-19
5.868472E+03	3.902990E-17	8.298835E-19
5.868672E+03	3.900318E-17	8.291976E-19
5.868872E+03	3.901419E-17	8.293141E-19
5.869072E+03	3.903419E-17	8.296214E-19
5.869272E+03	3.902903E-17	8.293941E-19
5.869472E+03	3.901130E-17	8.288994E-19
5.869672E+03	3.900614E-17	8.286721E-19
5.869872E+03	3.901536E-17	8.287502E-19
5.870072E+03	3.899494E-17	8.281988E-19
5.870272E+03	3.897902E-17	8.277429E-19
5.870472E+03	3.898823E-17	8.278208E-19
5.870672E+03	3.900374E-17	8.280323E-19
5.870872E+03	3.902016E-17	8.282629E-19
5.871072E+03	3.901591E-17	8.280547E-19
5.871272E+03	3.903502E-17	8.283425E-19
5.871472E+03	3.898677E-17	8.272006E-19
5.871672E+03	3.900677E-17	8.275071E-19
5.871872E+03	3.901510E-17	8.275657E-19
5.872072E+03	3.900098E-17	8.271483E-19
5.872272E+03	3.898776E-17	8.267500E-19
5.872472E+03	3.898622E-17	8.265993E-19
5.872672E+03	3.897839E-17	8.263155E-19
5.872873E+03	3.899392E-17	8.265262E-19
5.873073E+03	3.900766E-17	8.266992E-19
5.873273E+03	3.902049E-17	8.268531E-19
5.873473E+03	3.901716E-17	8.266643E-19
5.873673E+03	3.901921E-17	8.265897E-19
5.873873E+03	3.899971E-17	8.260584E-19
5.874073E+03	3.898202E-17	8.255656E-19
5.874273E+03	3.900384E-17	8.259095E-19
5.874473E+03	3.899871E-17	8.256827E-19
5.874673E+03	3.898821E-17	8.253422E-19
5.874873E+03	3.899386E-17	8.253437E-19
5.875073E+03	3.899233E-17	8.251931E-19
5.875273E+03	3.897644E-17	8.247386E-19
5.875473E+03	3.897582E-17	8.246073E-19
5.875673E+03	3.898238E-17	8.246278E-19
5.875873E+03	3.894497E-17	8.237183E-19
5.876073E+03	3.894434E-17	8.235868E-19
5.876273E+03	3.896615E-17	8.239297E-19
5.876473E+03	3.895297E-17	8.235329E-19
5.876673E+03	3.897747E-17	8.239325E-19
5.876873E+03	3.895532E-17	8.233460E-19
5.877073E+03	3.896278E-17	8.233853E-19
5.877273E+03	3.893706E-17	8.227235E-19
5.877473E+03	3.891493E-17	8.221377E-19
5.877673E+03	3.893045E-17	8.223474E-19
5.877873E+03	3.893880E-17	8.224054E-19
5.878073E+03	3.890324E-17	8.215361E-19
5.878274E+03	3.890086E-17	8.213671E-19
5.878474E+03	3.890921E-17	8.214251E-19
5.878673E+03	3.888082E-17	8.207082E-19
5.878873E+03	3.890440E-17	8.210876E-19
5.879074E+03	3.891367E-17	8.211643E-19
5.879274E+03	3.889784E-17	8.207119E-19
5.879473E+03	3.889633E-17	8.205621E-19
5.879673E+03	3.891902E-17	8.209225E-19
5.879873E+03	3.891574E-17	8.207347E-19
5.880073E+03	3.892320E-17	8.207738E-19
5.880273E+03	3.892978E-17	8.207939E-19
5.880473E+03	3.894353E-17	8.209652E-19
5.880673E+03	3.896088E-17	8.212122E-19
5.880873E+03	3.897733E-17	8.214404E-19
5.881073E+03	3.897046E-17	8.211768E-19
5.881273E+03	3.896269E-17	8.208943E-19
5.881473E+03	3.898633E-17	8.212737E-19
5.881673E+03	3.898843E-17	8.211990E-19
5.881873E+03	3.897438E-17	8.207843E-19
5.882073E+03	3.894419E-17	8.200298E-19
5.882273E+03	3.892210E-17	8.194460E-19
5.882473E+03	3.893496E-17	8.195980E-19
5.882673E+03	3.896577E-17	8.201276E-19
5.882873E+03	3.896159E-17	8.199210E-19
5.883073E+03	3.896102E-17	8.197901E-19
5.883273E+03	3.893443E-17	8.191117E-19
5.883473E+03	3.890160E-17	8.183022E-19
5.883674E+03	3.890014E-17	8.181523E-19
5.883874E+03	3.887719E-17	8.175508E-19
5.884074E+03	3.886498E-17	8.171754E-19
5.884274E+03	3.886620E-17	8.170823E-19
5.884474E+03	3.887457E-17	8.171397E-19
5.884674E+03	3.887311E-17	8.169902E-19
5.884874E+03	3.887702E-17	8.169535E-19
5.885074E+03	3.888093E-17	8.169169E-19
5.885274E+03	3.886874E-17	8.165419E-19
5.885474E+03	3.887532E-17	8.165615E-19
5.885674E+03	3.887923E-17	8.165248E-19
5.885874E+03	3.888495E-17	8.165259E-19
5.886074E+03	3.890499E-17	8.168277E-19
5.886274E+03	3.891966E-17	8.170166E-19
5.886474E+03	3.890924E-17	8.166790E-19
5.886674E+03	3.891138E-17	8.166048E-19
5.886874E+03	3.894578E-17	8.172075E-19
5.887074E+03	3.894791E-17	8.171330E-19
5.887274E+03	3.895363E-17	8.171340E-19
5.887474E+03	3.895667E-17	8.170783E-19
5.887674E+03	3.894356E-17	8.166841E-19
5.887874E+03	3.893852E-17	8.164593E-19
5.888074E+03	3.892543E-17	8.160656E-19
5.888274E+03	3.892757E-17	8.159913E-19
5.888474E+03	3.890552E-17	8.154098E-19
5.888674E+03	3.890407E-17	8.152602E-19
5.888875E+03	3.889012E-17	8.148481E-19
5.889075E+03	3.889316E-17	8.147925E-19
5.889275E+03	3.888993E-17	8.146057E-19
5.889475E+03	3.885179E-17	8.136878E-19
5.889675E+03	3.885395E-17	8.136137E-19
5.889875E+03	3.886593E-17	8.137455E-19
5.890075E+03	3.887525E-17	8.138212E-19
5.890475E+03	3.889028E-17	8.138974E-19
5.890675E+03	3.890945E-17	8.141793E-19
5.890874E+03	3.892055E-17	8.142926E-19
5.891074E+03	3.891106E-17	8.139747E-19
5.891275E+03	3.891324E-17	8.139002E-19
5.891475E+03	3.890554E-17	8.136197E-19
5.891675E+03	3.888173E-17	8.130023E-19
5.891874E+03	3.889373E-17	8.131343E-19
5.892074E+03	3.889589E-17	8.130599E-19
5.892274E+03	3.887477E-17	8.124991E-19
5.892474E+03	3.885456E-17	8.119574E-19
5.892674E+03	3.885314E-17	8.118084E-19
5.892874E+03	3.888753E-17	8.124073E-19
5.893074E+03	3.890493E-17	8.126512E-19
5.893274E+03	3.892232E-17	8.128949E-19
5.893474E+03	3.893436E-17	8.130265E-19
5.893674E+03	3.895626E-17	8.133641E-19
5.893874E+03	3.895036E-17	8.131212E-19
5.894074E+03	3.895613E-17	8.131217E-19
5.894275E+03	3.895474E-17	8.129722E-19
5.894475E+03	3.895602E-17	8.128791E-19
5.894675E+03	3.898511E-17	8.133662E-19
5.894875E+03	3.899807E-17	8.135166E-19
5.895075E+03	3.895898E-17	8.125811E-19
5.895275E+03	3.894143E-17	8.120952E-19
5.895475E+03	3.897142E-17	8.126007E-19
5.895675E+03	3.898438E-17	8.127507E-19
5.895875E+03	3.901890E-17	8.133502E-19
5.896075E+03	3.904265E-17	8.137252E-19
5.896275E+03	3.903586E-17	8.134634E-19
5.896475E+03	3.904345E-17	8.135012E-19
5.896675E+03	3.906273E-17	8.137825E-19
5.896875E+03	3.907303E-17	8.138766E-19
5.897075E+03	3.909052E-17	8.141206E-19
5.897275E+03	3.909993E-17	8.141960E-19
5.897475E+03	3.914087E-17	8.149277E-19
5.897675E+03	3.915209E-17	8.150407E-19
5.897875E+03	3.915610E-17	8.150034E-19
5.898075E+03	3.914119E-17	8.145722E-19
5.898275E+03	3.911907E-17	8.139912E-19
5.898475E+03	3.913030E-17	8.141041E-19
5.898675E+03	3.910548E-17	8.134671E-19
5.898875E+03	3.909060E-17	8.130368E-19
5.899075E+03	3.907122E-17	8.125131E-19
5.899275E+03	3.906623E-17	8.122888E-19
5.899475E+03	3.908643E-17	8.125882E-19
5.899676E+03	3.909947E-17	8.127379E-19
5.899876E+03	3.910620E-17	8.127569E-19
5.900076E+03	3.910301E-17	8.125700E-19
5.900276E+03	3.911874E-17	8.127760E-19
5.900476E+03	3.912367E-17	8.127574E-19
5.900676E+03	3.910968E-17	8.123460E-19
5.900876E+03	3.909299E-17	8.118786E-19
5.901076E+03	3.909522E-17	8.118039E-19
5.901276E+03	3.909924E-17	8.117666E-19
5.901476E+03	3.909968E-17	8.116548E-19
5.901676E+03	3.912982E-17	8.121595E-19
5.901876E+03	3.913205E-17	8.120848E-19
5.902076E+03	3.912347E-17	8.117857E-19
5.902276E+03	3.913022E-17	8.118046E-19
5.902476E+03	3.912974E-17	8.116736E-19
5.902676E+03	3.912117E-17	8.113747E-19
5.902876E+03	3.911890E-17	8.112066E-19
5.903075E+03	3.914275E-17	8.115806E-19
5.903275E+03	3.914769E-17	8.115618E-19
5.903475E+03	3.912109E-17	8.108894E-19
5.903676E+03	3.910985E-17	8.105346E-19
5.903876E+03	3.906889E-17	8.095647E-19
5.904075E+03	3.905131E-17	8.090802E-19
5.904275E+03	3.905625E-17	8.090615E-19
5.904475E+03	3.908278E-17	8.094901E-19
5.904675E+03	3.908593E-17	8.094342E-19
5.904876E+03	3.910350E-17	8.096763E-19
5.905076E+03	3.912737E-17	8.100492E-19
5.905276E+03	3.911701E-17	8.097134E-19
5.905476E+03	3.911295E-17	8.095082E-19
5.905676E+03	3.911340E-17	8.093962E-19
5.905876E+03	3.910844E-17	8.091724E-19
5.906076E+03	3.910620E-17	8.090047E-19
5.906276E+03	3.911026E-17	8.089673E-19
5.906476E+03	3.912873E-17	8.092280E-19
5.906676E+03	3.915622E-17	8.096750E-19
5.906876E+03	3.918284E-17	8.101038E-19
5.907076E+03	3.918961E-17	8.101223E-19
5.907276E+03	3.918285E-17	8.098610E-19
5.907476E+03	3.917158E-17	8.095065E-19
5.907676E+03	3.917566E-17	8.094690E-19
5.907876E+03	3.917883E-17	8.094129E-19
5.908076E+03	3.915855E-17	8.088723E-19
5.908276E+03	3.916081E-17	8.087975E-19
5.908476E+03	3.920910E-17	8.096730E-19
5.908676E+03	3.924209E-17	8.102323E-19
5.908876E+03	3.925069E-17	8.102880E-19
5.909076E+03	3.925026E-17	8.101571E-19
5.909276E+03	3.926609E-17	8.103619E-19
5.909476E+03	3.927471E-17	8.104177E-19
5.909676E+03	3.929237E-17	8.106599E-19
5.909876E+03	3.930098E-17	8.107155E-19
5.910076E+03	3.929965E-17	8.105658E-19
5.910277E+03	3.931282E-17	8.107146E-19
5.910477E+03	3.934319E-17	8.112185E-19
5.910677E+03	3.936451E-17	8.115356E-19
5.910877E+03	3.936046E-17	8.113298E-19
5.911077E+03	3.938270E-17	8.116657E-19
5.911277E+03	3.940496E-17	8.120017E-19
5.911477E+03	3.941543E-17	8.120948E-19
5.911677E+03	3.942318E-17	8.121318E-19
5.911877E+03	3.945090E-17	8.125802E-19
5.912077E+03	3.947321E-17	8.129167E-19
5.912277E+03	3.947823E-17	8.128973E-19
5.912477E+03	3.947964E-17	8.128033E-19
5.912677E+03	3.948468E-17	8.127842E-19
5.912877E+03	3.951974E-17	8.133827E-19
5.913077E+03	3.952297E-17	8.133260E-19
5.913277E+03	3.951982E-17	8.131382E-19
5.913477E+03	3.952670E-17	8.131565E-19
5.913677E+03	3.954449E-17	8.133994E-19
5.913877E+03	3.956412E-17	8.136797E-19
5.914077E+03	3.958285E-17	8.139415E-19
5.914277E+03	3.958426E-17	8.138472E-19
5.914477E+03	3.957748E-17	8.135843E-19
5.914677E+03	3.957980E-17	8.135087E-19
5.914877E+03	3.956209E-17	8.130213E-19
5.915077E+03	3.958446E-17	8.133576E-19
5.915277E+03	3.962236E-17	8.140127E-19
5.915477E+03	3.962926E-17	8.140308E-19
5.915677E+03	3.961883E-17	8.136929E-19
5.915877E+03	3.963576E-17	8.139170E-19
5.916078E+03	3.963629E-17	8.138037E-19
5.916278E+03	3.961674E-17	8.132786E-19
5.916477E+03	3.965374E-17	8.139149E-19
5.916677E+03	3.966521E-17	8.140267E-19
5.916877E+03	3.966391E-17	8.138760E-19
5.917077E+03	3.967173E-17	8.139127E-19
5.917277E+03	3.969235E-17	8.142118E-19
5.917477E+03	3.972397E-17	8.147363E-19
5.917677E+03	3.975011E-17	8.151484E-19
5.917877E+03	3.977078E-17	8.154479E-19
5.918077E+03	3.978596E-17	8.156348E-19
5.918277E+03	3.979565E-17	8.157093E-19
5.918477E+03	3.979985E-17	8.156709E-19
5.918677E+03	3.980404E-17	8.156325E-19
5.918877E+03	3.980457E-17	8.155189E-19
5.919077E+03	3.980694E-17	8.154429E-19
5.919277E+03	3.980472E-17	8.152731E-19
5.919477E+03	3.980892E-17	8.152347E-19
5.919677E+03	3.980212E-17	8.149709E-19
5.919877E+03	3.982559E-17	8.153268E-19
5.920077E+03	3.985639E-17	8.158329E-19
5.920277E+03	3.986978E-17	8.159823E-19
5.920477E+03	3.987767E-17	8.160189E-19
5.920677E+03	3.990209E-17	8.163937E-19
5.920878E+03	3.991736E-17	8.165807E-19
5.921078E+03	3.989494E-17	8.159971E-19
5.921278E+03	3.989732E-17	8.159209E-19
5.921478E+03	3.992728E-17	8.164086E-19
5.921678E+03	3.992875E-17	8.163136E-19
5.921878E+03	3.992102E-17	8.160306E-19
5.922078E+03	3.992249E-17	8.159357E-19
5.922278E+03	3.992029E-17	8.157656E-19
5.922478E+03	3.992083E-17	8.156517E-19
5.922678E+03	3.991771E-17	8.154630E-19
5.922878E+03	3.990723E-17	8.151239E-19
5.923078E+03	3.990687E-17	8.149915E-19
5.923278E+03	3.990468E-17	8.148217E-19
5.923478E+03	3.990707E-17	8.147454E-19
5.923678E+03	3.990303E-17	8.145380E-19
5.923878E+03	3.989166E-17	8.141807E-19
5.924078E+03	3.991610E-17	8.145545E-19
5.924278E+03	3.996448E-17	8.154165E-19
5.924478E+03	3.997333E-17	8.154718E-19
5.924678E+03	3.995918E-17	8.150577E-19
5.924878E+03	3.994134E-17	8.145686E-19
5.925078E+03	3.994835E-17	8.145862E-19
5.925278E+03	3.995719E-17	8.146412E-19
5.925478E+03	3.997157E-17	8.148089E-19
5.925678E+03	3.999608E-17	8.151830E-19
5.925878E+03	4.000954E-17	8.153319E-19
5.926078E+03	4.001380E-17	8.152931E-19
5.926279E+03	4.002545E-17	8.154043E-19
5.926479E+03	4.006937E-17	8.161733E-19
5.926679E+03	4.007548E-17	8.161720E-19
5.926879E+03	4.008252E-17	8.161894E-19
5.927079E+03	4.010341E-17	8.164889E-19
5.927279E+03	4.013725E-17	8.170518E-19
5.927479E+03	4.015539E-17	8.172951E-19
5.927678E+03	4.016521E-17	8.173693E-19
5.927878E+03	4.015654E-17	8.170668E-19
5.928078E+03	4.015157E-17	8.168396E-19
5.928279E+03	4.015866E-17	8.168569E-19
5.928479E+03	4.015369E-17	8.166298E-19
5.928678E+03	4.016814E-17	8.167980E-19
5.928878E+03	4.020019E-17	8.173234E-19
5.929078E+03	4.020726E-17	8.173408E-19
5.929278E+03	4.020693E-17	8.172077E-19
5.929478E+03	4.023809E-17	8.177144E-19
5.929678E+03	4.026185E-17	8.180708E-19
5.929878E+03	4.027820E-17	8.182764E-19
5.930078E+03	4.030478E-17	8.186896E-19
5.930278E+03	4.031652E-17	8.188013E-19
5.930478E+03	4.032362E-17	8.188186E-19
5.930678E+03	4.034744E-17	8.191754E-19
5.930878E+03	4.037500E-17	8.196079E-19
5.931078E+03	4.037467E-17	8.194742E-19
5.931278E+03	4.035483E-17	8.189445E-19
5.931479E+03	4.035639E-17	8.188486E-19
5.931679E+03	4.034956E-17	8.185830E-19
5.931879E+03	4.036596E-17	8.187888E-19
5.932079E+03	4.036658E-17	8.186741E-19
5.932279E+03	4.036904E-17	8.185971E-19
5.932479E+03	4.037988E-17	8.186897E-19
5.932679E+03	4.039352E-17	8.188390E-19
5.932879E+03	4.040343E-17	8.189127E-19
5.933079E+03	4.041522E-17	8.190244E-19
5.933279E+03	4.042700E-17	8.191358E-19
5.933479E+03	4.043786E-17	8.192285E-19
5.933679E+03	4.044499E-17	8.192456E-19
5.933879E+03	4.044748E-17	8.191686E-19
5.934079E+03	4.046766E-17	8.194498E-19
5.934279E+03	4.046083E-17	8.191839E-19
5.934479E+03	4.046145E-17	8.190690E-19
5.934679E+03	4.049190E-17	8.195579E-19
5.934879E+03	4.051211E-17	8.198392E-19
5.935079E+03	4.050528E-17	8.195732E-19
5.935279E+03	4.051057E-17	8.195526E-19
5.935479E+03	4.053359E-17	8.198906E-19
5.935679E+03	4.056410E-17	8.203797E-19
5.935879E+03	4.055913E-17	8.201513E-19
5.936079E+03	4.057097E-17	8.202628E-19
5.936279E+03	4.060432E-17	8.208089E-19
5.936479E+03	4.061711E-17	8.209395E-19
5.936679E+03	4.060559E-17	8.205784E-19
5.936880E+03	4.062027E-17	8.207464E-19
5.937080E+03	4.064617E-17	8.211415E-19
5.937280E+03	4.066929E-17	8.214802E-19
5.937480E+03	4.070929E-17	8.221595E-19
5.937680E+03	4.072868E-17	8.224227E-19
5.937880E+03	4.073589E-17	8.224397E-19
5.938080E+03	4.072528E-17	8.220970E-19
5.938280E+03	4.071467E-17	8.217543E-19
5.938480E+03	4.071626E-17	8.216578E-19
5.938680E+03	4.072910E-17	8.217882E-19
5.938880E+03	4.073819E-17	8.218431E-19
5.939080E+03	4.075385E-17	8.220303E-19
5.939280E+03	4.075169E-17	8.218581E-19
5.939480E+03	4.076924E-17	8.220831E-19
5.939680E+03	4.079149E-17	8.224030E-19
5.939880E+03	4.078088E-17	8.220601E-19
5.940079E+03	4.079466E-17	8.222097E-19
5.940279E+03	4.083479E-17	8.228896E-19
5.940480E+03	4.085899E-17	8.232474E-19
5.940680E+03	4.086529E-17	8.232453E-19
5.940880E+03	4.086501E-17	8.231105E-19
5.941079E+03	4.089107E-17	8.235067E-19
5.941279E+03	4.090115E-17	8.235806E-19
5.941479E+03	4.088487E-17	8.231234E-19
5.941679E+03	4.088742E-17	8.230455E-19
5.941879E+03	4.088526E-17	8.228727E-19
5.942080E+03	4.089443E-17	8.229273E-19
5.942280E+03	4.089887E-17	8.228873E-19
5.942480E+03	4.091367E-17	8.230556E-19
5.942680E+03	4.092941E-17	8.232429E-19
5.942880E+03	4.093669E-17	8.232598E-19
5.943080E+03	4.094396E-17	8.232766E-19
5.943280E+03	4.093992E-17	8.230657E-19
5.943480E+03	4.094155E-17	8.229689E-19
5.943680E+03	4.094505E-17	8.229097E-19
5.943880E+03	4.096648E-17	8.232108E-19
5.944080E+03	4.098319E-17	8.234170E-19
5.944280E+03	4.097067E-17	8.230356E-19
5.944480E+03	4.096192E-17	8.227303E-19
5.944680E+03	4.098525E-17	8.230691E-19
5.944880E+03	4.102276E-17	8.236924E-19
5.945080E+03	4.103289E-17	8.237659E-19
5.945280E+03	4.103546E-17	8.236876E-19
5.945480E+03	4.108342E-17	8.245203E-19
5.945680E+03	4.111345E-17	8.249926E-19
5.945880E+03	4.113024E-17	8.251994E-19
5.946080E+03	4.114514E-17	8.253680E-19
5.946280E+03	4.115910E-17	8.255177E-19
5.946480E+03	4.117117E-17	8.256292E-19
5.946680E+03	4.117945E-17	8.256649E-19
5.946880E+03	4.116972E-17	8.253394E-19
5.947080E+03	4.115526E-17	8.249190E-19
5.947280E+03	4.115501E-17	8.247836E-19
5.947481E+03	4.116426E-17	8.248379E-19
5.947681E+03	4.120100E-17	8.254434E-19
5.947881E+03	4.122543E-17	8.258022E-19
5.948081E+03	4.125082E-17	8.261800E-19
5.948281E+03	4.128003E-17	8.266342E-19
5.948481E+03	4.129025E-17	8.267079E-19
5.948681E+03	4.131377E-17	8.270480E-19
5.948881E+03	4.134969E-17	8.276360E-19
5.949081E+03	4.135993E-17	8.277098E-19
5.949281E+03	4.137684E-17	8.279168E-19
5.949481E+03	4.139376E-17	8.281241E-19
5.949681E+03	4.142116E-17	8.285410E-19
5.949881E+03	4.143810E-17	8.287483E-19
5.950081E+03	4.146459E-17	8.291466E-19
5.950281E+03	4.148441E-17	8.294113E-19
5.950481E+03	4.150137E-17	8.296187E-19
5.950681E+03	4.151070E-17	8.296735E-19
5.950881E+03	4.151334E-17	8.295945E-19
5.951081E+03	4.151406E-17	8.294772E-19
5.951281E+03	4.154347E-17	8.299330E-19
5.951481E+03	4.155567E-17	8.300449E-19
5.951681E+03	4.155928E-17	8.299850E-19
5.951881E+03	4.157915E-17	8.302499E-19
5.952081E+03	4.158180E-17	8.301707E-19
5.952281E+03	4.161125E-17	8.306267E-19
5.952480E+03	4.164264E-17	8.311217E-19
5.952681E+03	4.164532E-17	8.310423E-19
5.952882E+03	4.164032E-17	8.308096E-19
5.953082E+03	4.163818E-17	8.306346E-19
5.953282E+03	4.166289E-17	8.309953E-19
5.953481E+03	4.167993E-17	8.312034E-19
5.953681E+03	4.170466E-17	8.315641E-19
5.953881E+03	4.171693E-17	8.316763E-19
5.954081E+03	4.175131E-17	8.322290E-19
5.954281E+03	4.176648E-17	8.323987E-19
5.954481E+03	4.177107E-17	8.323575E-19
5.954681E+03	4.180164E-17	8.328338E-19
5.954881E+03	4.181298E-17	8.329269E-19
5.955081E+03	4.183781E-17	8.332884E-19
5.955281E+03	4.184337E-17	8.332663E-19
5.955481E+03	4.182679E-17	8.328031E-19
5.955681E+03	4.182561E-17	8.326468E-19
5.955881E+03	4.183311E-17	8.326631E-19
5.956081E+03	4.185891E-17	8.330436E-19
5.956281E+03	4.188764E-17	8.334820E-19
5.956481E+03	4.189129E-17	8.334215E-19
5.956681E+03	4.190748E-17	8.336103E-19
5.956881E+03	4.193333E-17	8.339913E-19
5.957081E+03	4.193120E-17	8.338156E-19
5.957281E+03	4.191748E-17	8.334095E-19
5.957481E+03	4.191632E-17	8.332530E-19
5.957681E+03	4.194314E-17	8.336529E-19
5.957881E+03	4.195068E-17	8.336691E-19
5.958082E+03	4.196789E-17	8.338770E-19
5.958282E+03	4.201797E-17	8.347385E-19
5.958482E+03	4.202261E-17	8.346970E-19
5.958682E+03	4.203112E-17	8.347323E-19
5.958882E+03	4.204544E-17	8.348829E-19
5.959082E+03	4.207043E-17	8.352451E-19
5.959282E+03	4.208574E-17	8.354152E-19
5.959482E+03	4.210396E-17	8.356430E-19
5.959682E+03	4.212122E-17	8.358514E-19
5.959882E+03	4.216178E-17	8.365221E-19
5.960082E+03	4.219170E-17	8.369814E-19
5.960282E+03	4.221192E-17	8.372481E-19
5.960482E+03	4.222436E-17	8.373605E-19
5.960682E+03	4.225627E-17	8.378587E-19
5.960882E+03	4.230184E-17	8.386276E-19
5.961082E+03	4.232796E-17	8.390108E-19
5.961282E+03	4.234824E-17	8.392779E-19
5.961482E+03	4.235294E-17	8.392360E-19
5.961682E+03	4.234300E-17	8.389043E-19
5.961882E+03	4.234281E-17	8.387658E-19
5.962082E+03	4.236799E-17	8.391296E-19
5.962282E+03	4.238830E-17	8.393968E-19
5.962482E+03	4.237837E-17	8.390651E-19
5.962682E+03	4.237135E-17	8.387913E-19
5.962882E+03	4.240436E-17	8.393097E-19
5.963082E+03	4.241492E-17	8.393836E-19
5.963282E+03	4.241963E-17	8.393416E-19
5.963483E+03	4.241166E-17	8.390482E-19
5.963683E+03	4.243689E-17	8.394120E-19
5.963883E+03	4.245822E-17	8.396985E-19
5.964083E+03	4.245805E-17	8.395599E-19
5.964283E+03	4.247058E-17	8.396724E-19
5.964483E+03	4.248900E-17	8.399010E-19
5.964683E+03	4.252504E-17	8.404781E-19
5.964882E+03	4.256012E-17	8.410363E-19
5.965083E+03	4.259428E-17	8.415749E-19
5.965283E+03	4.261373E-17	8.418235E-19
5.965483E+03	4.260670E-17	8.415487E-19
5.965682E+03	4.262417E-17	8.417586E-19
5.965882E+03	4.262204E-17	8.415807E-19
5.966082E+03	4.266017E-17	8.421975E-19
5.966282E+03	4.268163E-17	8.424850E-19
5.966482E+03	4.268146E-17	8.423456E-19
5.966682E+03	4.270194E-17	8.426137E-19
5.966882E+03	4.272243E-17	8.428818E-19
5.967082E+03	4.275081E-17	8.433053E-19
5.967282E+03	4.275558E-17	8.432629E-19
5.967482E+03	4.275049E-17	8.430263E-19
5.967682E+03	4.275329E-17	8.429450E-19
5.967882E+03	4.277185E-17	8.431745E-19
5.968082E+03	4.279533E-17	8.435010E-19
5.968282E+03	4.281095E-17	8.436722E-19
5.968482E+03	4.283742E-17	8.440572E-19
5.968682E+03	4.283431E-17	8.438593E-19
5.968883E+03	4.282036E-17	8.434473E-19
5.969083E+03	4.283403E-17	8.435797E-19
5.969283E+03	4.287038E-17	8.441589E-19
5.969483E+03	4.289097E-17	8.444274E-19
5.969683E+03	4.291552E-17	8.447738E-19
5.969883E+03	4.291734E-17	8.446727E-19
5.970083E+03	4.292016E-17	8.445913E-19
5.970283E+03	4.293287E-17	8.447043E-19
5.970483E+03	4.294558E-17	8.448172E-19
5.970683E+03	4.294938E-17	8.447550E-19
5.970883E+03	4.299080E-17	8.454325E-19
5.971083E+03	4.303325E-17	8.461298E-19
5.971283E+03	4.304598E-17	8.462428E-19
5.971483E+03	4.304089E-17	8.460052E-19
5.971683E+03	4.305661E-17	8.461768E-19
5.971883E+03	4.306342E-17	8.461730E-19
5.972083E+03	4.305832E-17	8.459355E-19
5.972283E+03	4.306115E-17	8.458536E-19
5.972483E+03	4.308780E-17	8.462394E-19
5.972683E+03	4.309262E-17	8.461965E-19
5.972883E+03	4.310539E-17	8.463096E-19
5.973083E+03	4.312511E-17	8.465590E-19
5.973283E+03	4.313988E-17	8.467113E-19
5.973483E+03	4.315863E-17	8.469413E-19
5.973683E+03	4.316744E-17	8.469764E-19
5.973883E+03	4.319116E-17	8.473040E-19
5.974084E+03	4.321395E-17	8.476121E-19
5.974284E+03	4.323571E-17	8.479010E-19
5.974484E+03	4.326547E-17	8.483462E-19
5.974684E+03	4.328626E-17	8.486157E-19
5.974884E+03	4.330408E-17	8.488268E-19
5.975084E+03	4.330994E-17	8.488032E-19
5.975284E+03	4.334773E-17	8.494053E-19
5.975484E+03	4.337156E-17	8.497337E-19
5.975684E+03	4.338143E-17	8.497885E-19
5.975884E+03	4.340329E-17	8.500781E-19
5.976084E+03	4.340817E-17	8.500349E-19
5.976284E+03	4.340505E-17	8.498351E-19
5.976484E+03	4.342093E-17	8.500071E-19
5.976684E+03	4.343981E-17	8.502381E-19
5.976884E+03	4.345870E-17	8.504688E-19
5.977084E+03	4.347459E-17	8.506410E-19
5.977283E+03	4.346946E-17	8.504022E-19
5.977484E+03	4.348538E-17	8.505741E-19
5.977684E+03	4.350730E-17	8.508638E-19
5.977883E+03	4.352820E-17	8.511341E-19
5.978083E+03	4.355016E-17	8.514242E-19
5.978283E+03	4.356409E-17	8.515572E-19
5.978483E+03	4.357902E-17	8.517099E-19
5.978683E+03	4.358996E-17	8.517842E-19
5.978883E+03	4.357980E-17	8.514465E-19
5.979083E+03	4.359275E-17	8.515600E-19
5.979283E+03	4.361674E-17	8.518892E-19
5.979484E+03	4.363273E-17	8.520614E-19
5.979684E+03	4.366378E-17	8.525282E-19
5.979884E+03	4.366368E-17	8.523865E-19
5.980084E+03	4.367161E-17	8.524018E-19
5.980284E+03	4.369566E-17	8.527314E-19
5.980484E+03	4.372273E-17	8.531198E-19
5.980684E+03	4.373370E-17	8.531942E-19
5.980884E+03	4.373965E-17	8.531702E-19
5.981084E+03	4.376372E-17	8.534999E-19
5.981284E+03	4.377774E-17	8.536332E-19
5.981484E+03	4.380386E-17	8.540026E-19
5.981684E+03	4.382596E-17	8.542932E-19
5.981884E+03	4.385110E-17	8.546429E-19
5.982084E+03	4.387726E-17	8.550126E-19
5.982284E+03	4.388930E-17	8.551068E-19
5.982484E+03	4.389628E-17	8.551023E-19
5.982684E+03	4.390427E-17	8.551176E-19
5.982884E+03	4.391227E-17	8.551328E-19
5.983084E+03	4.393140E-17	8.553648E-19
5.983284E+03	4.394547E-17	8.554982E-19
5.983484E+03	4.394842E-17	8.554150E-19
5.983684E+03	4.393518E-17	8.550169E-19
5.983884E+03	4.393711E-17	8.549139E-19
5.984084E+03	4.394513E-17	8.549292E-19
5.984284E+03	4.395111E-17	8.549051E-19
5.984484E+03	4.396114E-17	8.549595E-19
5.984685E+03	4.396514E-17	8.548958E-19
5.984885E+03	4.397214E-17	8.548913E-19
5.985085E+03	4.398118E-17	8.549262E-19
5.985285E+03	4.398616E-17	8.548824E-19
5.985485E+03	4.399115E-17	8.548385E-19
5.985685E+03	4.398702E-17	8.546175E-19
5.985885E+03	4.400011E-17	8.547311E-19
5.986085E+03	4.401421E-17	8.548643E-19
5.986285E+03	4.403340E-17	8.550961E-19
5.986485E+03	4.404651E-17	8.552096E-19
5.986685E+03	4.404948E-17	8.551263E-19
5.986885E+03	4.406361E-17	8.552596E-19
5.987085E+03	4.406556E-17	8.551565E-19
5.987285E+03	4.407869E-17	8.552701E-19
5.987485E+03	4.410196E-17	8.555806E-19
5.987685E+03	4.411204E-17	8.556350E-19
5.987885E+03	4.411807E-17	8.556108E-19
5.988085E+03	4.412614E-17	8.556259E-19
5.988285E+03	4.412606E-17	8.554832E-19
5.988485E+03	4.412905E-17	8.553999E-19
5.988685E+03	4.411781E-17	8.550409E-19
5.988885E+03	4.409742E-17	8.545046E-19
5.989085E+03	4.408213E-17	8.540672E-19
5.989285E+03	4.408917E-17	8.540625E-19
5.989485E+03	4.409724E-17	8.540776E-19
5.989685E+03	4.409210E-17	8.538369E-19
5.989885E+03	4.409001E-17	8.536554E-19
5.990086E+03	4.409200E-17	8.535521E-19
5.990285E+03	4.408888E-17	8.533512E-19
5.990485E+03	4.407866E-17	8.530123E-19
5.990685E+03	4.409181E-17	8.531255E-19
5.990885E+03	4.409175E-17	8.529834E-19
5.991085E+03	4.408357E-17	8.526840E-19
5.991285E+03	4.409977E-17	8.528561E-19
5.991485E+03	4.411697E-17	8.530475E-19
5.991685E+03	4.411489E-17	8.528662E-19
5.991885E+03	4.412804E-17	8.529791E-19
5.992085E+03	4.414121E-17	8.530922E-19
5.992285E+03	4.414725E-17	8.530677E-19
5.992485E+03	4.416653E-17	8.532987E-19
5.992685E+03	4.418886E-17	8.535888E-19
5.992885E+03	4.417253E-17	8.531319E-19
5.993085E+03	4.417961E-17	8.531272E-19
5.993285E+03	4.420500E-17	8.534760E-19
5.993485E+03	4.422939E-17	8.538054E-19
5.993685E+03	4.422120E-17	8.535056E-19
5.993885E+03	4.420690E-17	8.530881E-19
5.994085E+03	4.420177E-17	8.528475E-19
5.994285E+03	4.423533E-17	8.533535E-19
5.994485E+03	4.425668E-17	8.536236E-19
5.994685E+03	4.427192E-17	8.537759E-19
5.994885E+03	4.427087E-17	8.536139E-19
5.995085E+03	4.428409E-17	8.537269E-19
5.995285E+03	4.430955E-17	8.540758E-19
5.995486E+03	4.434015E-17	8.545231E-19
5.995686E+03	4.437178E-17	8.549905E-19
5.995886E+03	4.439116E-17	8.552219E-19
5.996086E+03	4.440749E-17	8.553942E-19
5.996286E+03	4.441563E-17	8.554088E-19
5.996486E+03	4.441560E-17	8.552660E-19
5.996686E+03	4.442887E-17	8.553793E-19
5.996886E+03	4.444828E-17	8.556107E-19
5.997086E+03	4.445746E-17	8.556451E-19
5.997286E+03	4.448507E-17	8.560340E-19
5.997486E+03	4.450554E-17	8.562853E-19
5.997686E+03	4.452806E-17	8.565762E-19
5.997886E+03	4.455470E-17	8.569460E-19
5.998086E+03	4.457006E-17	8.570987E-19
5.998286E+03	4.458133E-17	8.571727E-19
5.998486E+03	4.456591E-17	8.567335E-19
5.998686E+03	4.457204E-17	8.567086E-19
5.998886E+03	4.458332E-17	8.567826E-19
5.999086E+03	4.461101E-17	8.571720E-19
5.999286E+03	4.462744E-17	8.573447E-19
5.999486E+03	4.462742E-17	8.572014E-19
5.999686E+03	4.462225E-17	8.569593E-19
5.999886E+03	4.461402E-17	8.566584E-19
6.000086E+03	4.462222E-17	8.566729E-19
6.000286E+03	4.463042E-17	8.566875E-19
6.000486E+03	4.463657E-17	8.566627E-19
6.000687E+03	4.464789E-17	8.567362E-19
6.000887E+03	4.464788E-17	8.565931E-19
6.001087E+03	4.466432E-17	8.567654E-19
6.001287E+03	4.466637E-17	8.566617E-19
6.001487E+03	4.465504E-17	8.563014E-19
6.001687E+03	4.466120E-17	8.562766E-19
6.001887E+03	4.466118E-17	8.561332E-19
6.002087E+03	4.470130E-17	8.567592E-19
6.002287E+03	4.472394E-17	8.570499E-19
6.002486E+03	4.474245E-17	8.572620E-19
6.002686E+03	4.475687E-17	8.573951E-19
6.002886E+03	4.478057E-17	8.577056E-19
6.003087E+03	4.480225E-17	8.579768E-19
6.003286E+03	4.481976E-17	8.581693E-19
6.003486E+03	4.483730E-17	8.583617E-19
6.003686E+03	4.484866E-17	8.584355E-19
6.003886E+03	4.484866E-17	8.582919E-19
6.004086E+03	4.484246E-17	8.580297E-19
6.004286E+03	4.483626E-17	8.577677E-19
6.004486E+03	4.485588E-17	8.579994E-19
6.004686E+03	4.486208E-17	8.579743E-19
6.004886E+03	4.485898E-17	8.577714E-19
6.005086E+03	4.487965E-17	8.580230E-19
6.005286E+03	4.490446E-17	8.583536E-19
6.005486E+03	4.495102E-17	8.590997E-19
6.005686E+03	4.498105E-17	8.595295E-19
6.005886E+03	4.496966E-17	8.591681E-19
6.006087E+03	4.494692E-17	8.585890E-19
6.006287E+03	4.494693E-17	8.584453E-19
6.006487E+03	4.496971E-17	8.587364E-19
6.006687E+03	4.497800E-17	8.587507E-19
6.006887E+03	4.498734E-17	8.587850E-19
6.007087E+03	4.498321E-17	8.585622E-19
6.007287E+03	4.496457E-17	8.580626E-19
6.007487E+03	4.496666E-17	8.579584E-19
6.007687E+03	4.496150E-17	8.577161E-19
6.007887E+03	4.496979E-17	8.577304E-19
6.008087E+03	4.498844E-17	8.579422E-19
6.008287E+03	4.498639E-17	8.577591E-19
6.008487E+03	4.500920E-17	8.580500E-19
6.008687E+03	4.503410E-17	8.583805E-19
6.008887E+03	4.504138E-17	8.583750E-19
6.009087E+03	4.504554E-17	8.583103E-19
6.009287E+03	4.505179E-17	8.582851E-19
6.009487E+03	4.505803E-17	8.582598E-19
6.009687E+03	4.506947E-17	8.583335E-19
6.009887E+03	4.506638E-17	8.581304E-19
6.010087E+03	4.506952E-17	8.580459E-19
6.010287E+03	4.506953E-17	8.579021E-19
6.010487E+03	4.508825E-17	8.581140E-19
6.010687E+03	4.512046E-17	8.585828E-19
6.010887E+03	4.510387E-17	8.581226E-19
6.011087E+03	4.510909E-17	8.580776E-19
6.011288E+03	4.514135E-17	8.585463E-19
6.011488E+03	4.516945E-17	8.589362E-19
6.011688E+03	4.516013E-17	8.586144E-19
6.011888E+03	4.516016E-17	8.584705E-19
6.012088E+03	4.514667E-17	8.580696E-19
6.012288E+03	4.517270E-17	8.584197E-19
6.012488E+03	4.516857E-17	8.581968E-19
6.012688E+03	4.516340E-17	8.579541E-19
6.012888E+03	4.517696E-17	8.580672E-19
6.013088E+03	4.517803E-17	8.579430E-19
6.013288E+03	4.517806E-17	8.577992E-19
6.013488E+03	4.518226E-17	8.577344E-19
6.013688E+03	4.518854E-17	8.577090E-19
6.013888E+03	4.517921E-17	8.573875E-19
6.014088E+03	4.519694E-17	8.575794E-19
6.014288E+03	4.519074E-17	8.573171E-19
6.014488E+03	4.521368E-17	8.576077E-19
6.014688E+03	4.520643E-17	8.573257E-19
6.014887E+03	4.520333E-17	8.571230E-19
6.015087E+03	4.523147E-17	8.575121E-19
6.015288E+03	4.523988E-17	8.575260E-19
6.015488E+03	4.523679E-17	8.573228E-19
6.015687E+03	4.525765E-17	8.575742E-19
6.015887E+03	4.525979E-17	8.574699E-19
6.016087E+03	4.526399E-17	8.574049E-19
6.016287E+03	4.527967E-17	8.575571E-19
6.016487E+03	4.529745E-17	8.577490E-19
6.016688E+03	4.530066E-17	8.576643E-19
6.016888E+03	4.529758E-17	8.574611E-19
6.017088E+03	4.528407E-17	8.570606E-19
6.017288E+03	4.528412E-17	8.569168E-19
6.017488E+03	4.531442E-17	8.573453E-19
6.017688E+03	4.532595E-17	8.574185E-19
6.017888E+03	4.532600E-17	8.572747E-19
6.018088E+03	4.534172E-17	8.574270E-19
6.018288E+03	4.535743E-17	8.575792E-19
6.018488E+03	4.536376E-17	8.575539E-19
6.018688E+03	4.536904E-17	8.575086E-19
6.018888E+03	4.536701E-17	8.573253E-19
6.019088E+03	4.535453E-17	8.569446E-19
6.019288E+03	4.536921E-17	8.570770E-19
6.019488E+03	4.537449E-17	8.570317E-19
6.019688E+03	4.538918E-17	8.571641E-19
6.019888E+03	4.537879E-17	8.568229E-19
6.020088E+03	4.539035E-17	8.568962E-19
6.020288E+03	4.539564E-17	8.568509E-19
6.020488E+03	4.537271E-17	8.562732E-19
6.020688E+03	4.536337E-17	8.559521E-19
6.020888E+03	4.538120E-17	8.561435E-19
6.021088E+03	4.541889E-17	8.567094E-19
6.021288E+03	4.542941E-17	8.567628E-19
6.021488E+03	4.545564E-17	8.571123E-19
6.021688E+03	4.546409E-17	8.571263E-19
6.021888E+03	4.545892E-17	8.568837E-19
6.022089E+03	4.545902E-17	8.567397E-19
6.022289E+03	4.548317E-17	8.570495E-19
6.022489E+03	4.548847E-17	8.570043E-19
6.022689E+03	4.550007E-17	8.570774E-19
6.022889E+03	4.549176E-17	8.567757E-19
6.023089E+03	4.550021E-17	8.567896E-19
6.023289E+03	4.550867E-17	8.568035E-19
6.023489E+03	4.552026E-17	8.568764E-19
6.023689E+03	4.552558E-17	8.568312E-19
6.023889E+03	4.552776E-17	8.567269E-19
6.024089E+03	4.551735E-17	8.563857E-19
6.024289E+03	4.550904E-17	8.560840E-19
6.024489E+03	4.550493E-17	8.558615E-19
6.024689E+03	4.551654E-17	8.559346E-19
6.024889E+03	4.552814E-17	8.560075E-19
6.025089E+03	4.553661E-17	8.560213E-19
6.025289E+03	4.554928E-17	8.561141E-19
6.025489E+03	4.556929E-17	8.563448E-19
6.025689E+03	4.555993E-17	8.560236E-19
6.025889E+03	4.556001E-17	8.558798E-19
6.026089E+03	4.558738E-17	8.562484E-19
6.026289E+03	4.560951E-17	8.565186E-19
6.026489E+03	4.561905E-17	8.565522E-19
6.026689E+03	4.563069E-17	8.566252E-19
6.026889E+03	4.564865E-17	8.568167E-19
6.027088E+03	4.566552E-17	8.569885E-19
6.027289E+03	4.569088E-17	8.573179E-19
6.027489E+03	4.571728E-17	8.576674E-19
6.027690E+03	4.572792E-17	8.577205E-19
6.027890E+03	4.574381E-17	8.578727E-19
6.028089E+03	4.577021E-17	8.582226E-19
6.028289E+03	4.578190E-17	8.582957E-19
6.028489E+03	4.577039E-17	8.579341E-19
6.028689E+03	4.576523E-17	8.576913E-19
6.028889E+03	4.577902E-17	8.578038E-19
6.029089E+03	4.580336E-17	8.581140E-19
6.029289E+03	4.580346E-17	8.579698E-19
6.029489E+03	4.581200E-17	8.579837E-19
6.029689E+03	4.582581E-17	8.580963E-19
6.029889E+03	4.585863E-17	8.585646E-19
6.030089E+03	4.587456E-17	8.587167E-19
6.030289E+03	4.590425E-17	8.591261E-19
6.030489E+03	4.592760E-17	8.594169E-19
6.030689E+03	4.594781E-17	8.596486E-19
6.030889E+03	4.597754E-17	8.600583E-19
6.031089E+03	4.599564E-17	8.602504E-19
6.031289E+03	4.600951E-17	8.603633E-19
6.031489E+03	4.603293E-17	8.606545E-19
6.031689E+03	4.604894E-17	8.608071E-19
6.031889E+03	4.604057E-17	8.605040E-19
6.032089E+03	4.606294E-17	8.607753E-19
6.032289E+03	4.604820E-17	8.603533E-19
6.032489E+03	4.605997E-17	8.604264E-19
6.032690E+03	4.609618E-17	8.609553E-19
6.032890E+03	4.611646E-17	8.611873E-19
6.033090E+03	4.613781E-17	8.614391E-19
6.033290E+03	4.614323E-17	8.613935E-19
6.033490E+03	4.616779E-17	8.617049E-19
6.033690E+03	4.619768E-17	8.621157E-19
6.033890E+03	4.620311E-17	8.620699E-19
6.034090E+03	4.620109E-17	8.618852E-19
6.034290E+03	4.622248E-17	8.621372E-19
6.034490E+03	4.622366E-17	8.620121E-19
6.034690E+03	4.624933E-17	8.623437E-19
6.034890E+03	4.628248E-17	8.628144E-19
6.035090E+03	4.630498E-17	8.630865E-19
6.035290E+03	4.630615E-17	8.629611E-19
6.035490E+03	4.633614E-17	8.633724E-19
6.035690E+03	4.636935E-17	8.638437E-19
6.035890E+03	4.639403E-17	8.641560E-19
6.036090E+03	4.642621E-17	8.646078E-19
6.036290E+03	4.647766E-17	8.654181E-19
6.036490E+03	4.650456E-17	8.657710E-19
6.036690E+03	4.651217E-17	8.657649E-19
6.036890E+03	4.652087E-17	8.657787E-19
6.037090E+03	4.654135E-17	8.660119E-19
6.037290E+03	4.655326E-17	8.660856E-19
6.037490E+03	4.656625E-17	8.661792E-19
6.037690E+03	4.658139E-17	8.663128E-19
6.037891E+03	4.657511E-17	8.660472E-19
6.038091E+03	4.657845E-17	8.659613E-19
6.038291E+03	4.657430E-17	8.657360E-19
6.038491E+03	4.661197E-17	8.662882E-19
6.038691E+03	4.665183E-17	8.668808E-19
6.038891E+03	4.667882E-17	8.672340E-19
6.039091E+03	4.668863E-17	8.672679E-19
6.039291E+03	4.670058E-17	8.673416E-19
6.039490E+03	4.671252E-17	8.674156E-19
6.039690E+03	4.669438E-17	8.669304E-19
6.039891E+03	4.669669E-17	8.668242E-19
6.040091E+03	4.671080E-17	8.669378E-19
6.040291E+03	4.673999E-17	8.673311E-19
6.040490E+03	4.676055E-17	8.675649E-19
6.040690E+03	4.674561E-17	8.671394E-19
6.040890E+03	4.672423E-17	8.665943E-19
6.041090E+03	4.672652E-17	8.664886E-19
6.041290E+03	4.675034E-17	8.667818E-19
6.041490E+03	4.674186E-17	8.664763E-19
6.041690E+03	4.675707E-17	8.666099E-19
6.041890E+03	4.676044E-17	8.665239E-19
6.042090E+03	4.673260E-17	8.658596E-19
6.042290E+03	4.674459E-17	8.659335E-19
6.042490E+03	4.675871E-17	8.660468E-19
6.042690E+03	4.675670E-17	8.658612E-19
6.042890E+03	4.675901E-17	8.657556E-19
6.043090E+03	4.678607E-17	8.661083E-19
6.043291E+03	4.680241E-17	8.662616E-19
6.043491E+03	4.681118E-17	8.662754E-19
6.043691E+03	4.681672E-17	8.662295E-19
6.043891E+03	4.683519E-17	8.664228E-19
6.044091E+03	4.685367E-17	8.666161E-19
6.044291E+03	4.686677E-17	8.667098E-19
6.044491E+03	4.686584E-17	8.665441E-19
6.044691E+03	4.689190E-17	8.668772E-19
6.044891E+03	4.690069E-17	8.668911E-19
6.045091E+03	4.691597E-17	8.670248E-19
6.045291E+03	4.692476E-17	8.670387E-19
6.045491E+03	4.694869E-17	8.673320E-19
6.045691E+03	4.695641E-17	8.673259E-19
6.045891E+03	4.694900E-17	8.670402E-19
6.046091E+03	4.694916E-17	8.668944E-19
6.046291E+03	4.694607E-17	8.666888E-19
6.046491E+03	4.696028E-17	8.668024E-19
6.046691E+03	4.694313E-17	8.663372E-19
6.046891E+03	4.692601E-17	8.658726E-19
6.047091E+03	4.696725E-17	8.664848E-19
6.047291E+03	4.697281E-17	8.664388E-19
6.047491E+03	4.696107E-17	8.660735E-19
6.047691E+03	4.693961E-17	8.655292E-19
6.047891E+03	4.694842E-17	8.655431E-19
6.048091E+03	4.696048E-17	8.656168E-19
6.048291E+03	4.697902E-17	8.658098E-19
6.048492E+03	4.699327E-17	8.659232E-19
6.048692E+03	4.699127E-17	8.657377E-19
6.048892E+03	4.697846E-17	8.653530E-19
6.049092E+03	4.696348E-17	8.649285E-19
6.049292E+03	4.698744E-17	8.652213E-19
6.049492E+03	4.702116E-17	8.656934E-19
6.049692E+03	4.704407E-17	8.659665E-19
6.049892E+03	4.704857E-17	8.659006E-19
6.050092E+03	4.703682E-17	8.655356E-19
6.050292E+03	4.706516E-17	8.659084E-19
6.050492E+03	4.703716E-17	8.652445E-19
6.050692E+03	4.704491E-17	8.652383E-19
6.050892E+03	4.706458E-17	8.654515E-19
6.051092E+03	4.704309E-17	8.649077E-19
6.051292E+03	4.703351E-17	8.645829E-19
6.051492E+03	4.704885E-17	8.647162E-19
6.051691E+03	4.709234E-17	8.653676E-19
6.051891E+03	4.711313E-17	8.656008E-19
6.052092E+03	4.709055E-17	8.650365E-19
6.052292E+03	4.711568E-17	8.653493E-19
6.052492E+03	4.713538E-17	8.655624E-19
6.052691E+03	4.717571E-17	8.661548E-19
6.052891E+03	4.720305E-17	8.665077E-19
6.053091E+03	4.721192E-17	8.665216E-19
6.053291E+03	4.725669E-17	8.671941E-19
6.053491E+03	4.727538E-17	8.673879E-19
6.053691E+03	4.729407E-17	8.675816E-19
6.053892E+03	4.733567E-17	8.681947E-19
6.054092E+03	4.737838E-17	8.688285E-19
6.054292E+03	4.736220E-17	8.683825E-19
6.054492E+03	4.735584E-17	8.681165E-19
6.054692E+03	4.734403E-17	8.677508E-19
6.054892E+03	4.735839E-17	8.678646E-19
6.055092E+03	4.738803E-17	8.682583E-19
6.055292E+03	4.740022E-17	8.683322E-19
6.055492E+03	4.742223E-17	8.685861E-19
6.055692E+03	4.741914E-17	8.683801E-19
6.055892E+03	4.741934E-17	8.682342E-19
6.056092E+03	4.742389E-17	8.681680E-19
6.056292E+03	4.743172E-17	8.681619E-19
6.056492E+03	4.746032E-17	8.685360E-19
6.056692E+03	4.749330E-17	8.689899E-19
6.056892E+03	4.750880E-17	8.691239E-19
6.057092E+03	4.751556E-17	8.690979E-19
6.057292E+03	4.754530E-17	8.694923E-19
6.057492E+03	4.758492E-17	8.700670E-19
6.057692E+03	4.760703E-17	8.703215E-19
6.057892E+03	4.762038E-17	8.704155E-19
6.058092E+03	4.763923E-17	8.706101E-19
6.058292E+03	4.767783E-17	8.711656E-19
6.058492E+03	4.770657E-17	8.715406E-19
6.058692E+03	4.769689E-17	8.712136E-19
6.058892E+03	4.770368E-17	8.711876E-19
6.059092E+03	4.772254E-17	8.713821E-19
6.059293E+03	4.773707E-17	8.714964E-19
6.059493E+03	4.774496E-17	8.714903E-19
6.059693E+03	4.777595E-17	8.719058E-19
6.059893E+03	4.781136E-17	8.724018E-19
6.060093E+03	4.783690E-17	8.727174E-19
6.060293E+03	4.784921E-17	8.727916E-19
6.060493E+03	4.786264E-17	8.728862E-19
6.060693E+03	4.788489E-17	8.731415E-19
6.060893E+03	4.790716E-17	8.733970E-19
6.061093E+03	4.792280E-17	8.735316E-19
6.061293E+03	4.792742E-17	8.734653E-19
6.061493E+03	4.793866E-17	8.735197E-19
6.061693E+03	4.793225E-17	8.732523E-19
6.061893E+03	4.791591E-17	8.728041E-19
6.062093E+03	4.791280E-17	8.725971E-19
6.062293E+03	4.792956E-17	8.727520E-19
6.062493E+03	4.794854E-17	8.729470E-19
6.062693E+03	4.794985E-17	8.728204E-19
6.062893E+03	4.795447E-17	8.727542E-19
6.063093E+03	4.795468E-17	8.726076E-19
6.063293E+03	4.795269E-17	8.724208E-19
6.063493E+03	4.795952E-17	8.723947E-19
6.063693E+03	4.795311E-17	8.721278E-19
6.063892E+03	4.794998E-17	8.719213E-19
6.064092E+03	4.796235E-17	8.719958E-19
6.064292E+03	4.797802E-17	8.721304E-19
6.064493E+03	4.796943E-17	8.718230E-19
6.064694E+03	4.794979E-17	8.713152E-19
6.064894E+03	4.796216E-17	8.713896E-19
6.065093E+03	4.797118E-17	8.714040E-19
6.065293E+03	4.797471E-17	8.713179E-19
6.065493E+03	4.799592E-17	8.715528E-19
6.065693E+03	4.803926E-17	8.721894E-19
6.065893E+03	4.805165E-17	8.722638E-19
6.066093E+03	4.803749E-17	8.718564E-19
6.066293E+03	4.803881E-17	8.717300E-19
6.066493E+03	4.804125E-17	8.716238E-19
6.066693E+03	4.804478E-17	8.715375E-19
6.066893E+03	4.804722E-17	8.714315E-19
6.067093E+03	4.803637E-17	8.710845E-19
6.067293E+03	4.807533E-17	8.716405E-19
6.067493E+03	4.810767E-17	8.720764E-19
6.067693E+03	4.809570E-17	8.717091E-19
6.067893E+03	4.811144E-17	8.718439E-19
6.068093E+03	4.809837E-17	8.714567E-19
6.068293E+03	4.807866E-17	8.709494E-19
6.068493E+03	4.805454E-17	8.703623E-19
6.068693E+03	4.808133E-17	8.706972E-19
6.068893E+03	4.811368E-17	8.711327E-19
6.069093E+03	4.813606E-17	8.713876E-19
6.069293E+03	4.815292E-17	8.715424E-19
6.069493E+03	4.817866E-17	8.718578E-19
6.069693E+03	4.818111E-17	8.717518E-19
6.069894E+03	4.817804E-17	8.715450E-19
6.070094E+03	4.818382E-17	8.714992E-19
6.070294E+03	4.817517E-17	8.711925E-19
6.070494E+03	4.816432E-17	8.708459E-19
6.070694E+03	4.816676E-17	8.707397E-19
6.070894E+03	4.816367E-17	8.705336E-19
6.071094E+03	4.817722E-17	8.706282E-19
6.071294E+03	4.821629E-17	8.711839E-19
6.071494E+03	4.819988E-17	8.707371E-19
6.071694E+03	4.823231E-17	8.711726E-19
6.071894E+03	4.826365E-17	8.715883E-19
6.072094E+03	4.828390E-17	8.718035E-19
6.072294E+03	4.830970E-17	8.721188E-19
6.072494E+03	4.832997E-17	8.723342E-19
6.072694E+03	4.833578E-17	8.722884E-19
6.072894E+03	4.833601E-17	8.721421E-19
6.073094E+03	4.835518E-17	8.723373E-19
6.073294E+03	4.835542E-17	8.721911E-19
6.073494E+03	4.833785E-17	8.717236E-19
6.073694E+03	4.836036E-17	8.719791E-19
6.073894E+03	4.835614E-17	8.717525E-19
6.074094E+03	4.834637E-17	8.714260E-19
6.074294E+03	4.836665E-17	8.716411E-19
6.074494E+03	4.836912E-17	8.715351E-19
6.074694E+03	4.834709E-17	8.709878E-19
6.074894E+03	4.831619E-17	8.702808E-19
6.075095E+03	4.828977E-17	8.696540E-19
6.075295E+03	4.827445E-17	8.692281E-19
6.075495E+03	4.825802E-17	8.687822E-19
6.075695E+03	4.823494E-17	8.682169E-19
6.075895E+03	4.823518E-17	8.680714E-19
6.076095E+03	4.820212E-17	8.673266E-19
6.076294E+03	4.818569E-17	8.668821E-19
6.076494E+03	4.818261E-17	8.666771E-19
6.076694E+03	4.816955E-17	8.662925E-19
6.076895E+03	4.816206E-17	8.660076E-19
6.077095E+03	4.816786E-17	8.659623E-19
6.077294E+03	4.815144E-17	8.655185E-19
6.077494E+03	4.814837E-17	8.653140E-19
6.077694E+03	4.817745E-17	8.656872E-19
6.077894E+03	4.817993E-17	8.655821E-19
6.078094E+03	4.816686E-17	8.651980E-19
6.078294E+03	4.817377E-17	8.651728E-19
6.078494E+03	4.816182E-17	8.648088E-19
6.078694E+03	4.813768E-17	8.642262E-19
6.078894E+03	4.813794E-17	8.640816E-19
6.079094E+03	4.816369E-17	8.643947E-19
6.079294E+03	4.819612E-17	8.648273E-19
6.079494E+03	4.820192E-17	8.647821E-19
6.079694E+03	4.822105E-17	8.649759E-19
6.079894E+03	4.824352E-17	8.652296E-19
6.080094E+03	4.825377E-17	8.652641E-19
6.080294E+03	4.825402E-17	8.651193E-19
6.080495E+03	4.824432E-17	8.647952E-19
6.080695E+03	4.825124E-17	8.647701E-19
6.080895E+03	4.823151E-17	8.642671E-19
6.081095E+03	4.823065E-17	8.641026E-19
6.081295E+03	4.824425E-17	8.641970E-19
6.081495E+03	4.823007E-17	8.637939E-19
6.081695E+03	4.822699E-17	8.635897E-19
6.081895E+03	4.824391E-17	8.637435E-19
6.082095E+03	4.825196E-17	8.637385E-19
6.082295E+03	4.823223E-17	8.632363E-19
6.082495E+03	4.822915E-17	8.630323E-19
6.082695E+03	4.822386E-17	8.627886E-19
6.082895E+03	4.823301E-17	8.628034E-19
6.083095E+03	4.824660E-17	8.628977E-19
6.083295E+03	4.824465E-17	8.627137E-19
6.083495E+03	4.822936E-17	8.622915E-19
6.083695E+03	4.824184E-17	8.623658E-19
6.083895E+03	4.825211E-17	8.624005E-19
6.084095E+03	4.821683E-17	8.616213E-19
6.084295E+03	4.821821E-17	8.614971E-19
6.084495E+03	4.824403E-17	8.618097E-19
6.084695E+03	4.824206E-17	8.616259E-19
6.084895E+03	4.823123E-17	8.612838E-19
6.085095E+03	4.823928E-17	8.612787E-19
6.085295E+03	4.826620E-17	8.616109E-19
6.085495E+03	4.828649E-17	8.618243E-19
6.085695E+03	4.829010E-17	8.617399E-19
6.085896E+03	4.830596E-17	8.618734E-19
6.086096E+03	4.833071E-17	8.621662E-19
6.086296E+03	4.832097E-17	8.618438E-19
6.086496E+03	4.830901E-17	8.614818E-19
6.086696E+03	4.832374E-17	8.615958E-19
6.086896E+03	4.833848E-17	8.617100E-19
6.087096E+03	4.834432E-17	8.616654E-19
6.087296E+03	4.833346E-17	8.613232E-19
6.087496E+03	4.833039E-17	8.611199E-19
6.087696E+03	4.833067E-17	8.609764E-19
6.087896E+03	4.834097E-17	8.610112E-19
6.088096E+03	4.836351E-17	8.612641E-19
6.088296E+03	4.837603E-17	8.613385E-19
6.088496E+03	4.837297E-17	8.611354E-19
6.088695E+03	4.838770E-17	8.612498E-19
6.088895E+03	4.838798E-17	8.611063E-19
6.089096E+03	4.838941E-17	8.609823E-19
6.089296E+03	4.838857E-17	8.608190E-19
6.089495E+03	4.839550E-17	8.607946E-19
6.089695E+03	4.838910E-17	8.605322E-19
6.089895E+03	4.835930E-17	8.598539E-19
6.090095E+03	4.835179E-17	8.595722E-19
6.090295E+03	4.835207E-17	8.594290E-19
6.090495E+03	4.833565E-17	8.589889E-19
6.090695E+03	4.831034E-17	8.583912E-19
6.090895E+03	4.832620E-17	8.585249E-19
6.091096E+03	4.833987E-17	8.586189E-19
6.091296E+03	4.835240E-17	8.586934E-19
6.091496E+03	4.835491E-17	8.585898E-19
6.091696E+03	4.833292E-17	8.580516E-19
6.091896E+03	4.831096E-17	8.575139E-19
6.092096E+03	4.831347E-17	8.574105E-19
6.092296E+03	4.831709E-17	8.573270E-19
6.092496E+03	4.831404E-17	8.571251E-19
6.092696E+03	4.829319E-17	8.566076E-19
6.092896E+03	4.828014E-17	8.562284E-19
6.093096E+03	4.831044E-17	8.566181E-19
6.093296E+03	4.832297E-17	8.566927E-19
6.093496E+03	4.831992E-17	8.564910E-19
6.093696E+03	4.832355E-17	8.564076E-19
6.093896E+03	4.833607E-17	8.564819E-19
6.094096E+03	4.834750E-17	8.565368E-19
6.094296E+03	4.835113E-17	8.564536E-19
6.094496E+03	4.834808E-17	8.562519E-19
6.094696E+03	4.834169E-17	8.559912E-19
6.094896E+03	4.834198E-17	8.558490E-19
6.095096E+03	4.839017E-17	8.565544E-19
6.095296E+03	4.842278E-17	8.569841E-19
6.095496E+03	4.842752E-17	8.569203E-19
6.095696E+03	4.847691E-17	8.576466E-19
6.095896E+03	4.849842E-17	8.578793E-19
6.096096E+03	4.850541E-17	8.578552E-19
6.096296E+03	4.850459E-17	8.576928E-19
6.096497E+03	4.848928E-17	8.572738E-19
6.096697E+03	4.848065E-17	8.569736E-19
6.096897E+03	4.848206E-17	8.568509E-19
6.097097E+03	4.849910E-17	8.570045E-19
6.097297E+03	4.851503E-17	8.571384E-19
6.097497E+03	4.854102E-17	8.574501E-19
6.097697E+03	4.855139E-17	8.574855E-19
6.097897E+03	4.857741E-17	8.577973E-19
6.098097E+03	4.860567E-17	8.581487E-19
6.098297E+03	4.862276E-17	8.583027E-19
6.098497E+03	4.863762E-17	8.584172E-19
6.098697E+03	4.865024E-17	8.584920E-19
6.098897E+03	4.866062E-17	8.585276E-19
6.099097E+03	4.867438E-17	8.586225E-19
6.099297E+03	4.869037E-17	8.587568E-19
6.099497E+03	4.871871E-17	8.591088E-19
6.099697E+03	4.872911E-17	8.591443E-19
6.099897E+03	4.873838E-17	8.591600E-19
6.100097E+03	4.873533E-17	8.589583E-19
6.100297E+03	4.875583E-17	8.591718E-19
6.100497E+03	4.877859E-17	8.594251E-19
6.100697E+03	4.880474E-17	8.597378E-19
6.100897E+03	4.883989E-17	8.602092E-19
6.101096E+03	4.887843E-17	8.607405E-19
6.101297E+03	4.891591E-17	8.612518E-19
6.101497E+03	4.890946E-17	8.609902E-19
6.101698E+03	4.889854E-17	8.606491E-19
6.101898E+03	4.890223E-17	8.605661E-19
6.102097E+03	4.891151E-17	8.605823E-19
6.102297E+03	4.892759E-17	8.607172E-19
6.102497E+03	4.895043E-17	8.609710E-19
6.102697E+03	4.898007E-17	8.613441E-19
6.102897E+03	4.900632E-17	8.616577E-19
6.103097E+03	4.903372E-17	8.619913E-19
6.103297E+03	4.905549E-17	8.622258E-19
6.103497E+03	4.907388E-17	8.624007E-19
6.103697E+03	4.909906E-17	8.626950E-19
6.103897E+03	4.910615E-17	8.626715E-19
6.104097E+03	4.910873E-17	8.625685E-19
6.104297E+03	4.912940E-17	8.627833E-19
6.104497E+03	4.914556E-17	8.629189E-19
6.104697E+03	4.916851E-17	8.631736E-19
6.104897E+03	4.921413E-17	8.638260E-19
6.105097E+03	4.924846E-17	8.642801E-19
6.105297E+03	4.925217E-17	8.641969E-19
6.105497E+03	4.922074E-17	8.634972E-19
6.105697E+03	4.922106E-17	8.633545E-19
6.105897E+03	4.923384E-17	8.634304E-19
6.106097E+03	4.924777E-17	8.635265E-19
6.106297E+03	4.925036E-17	8.634236E-19
6.106497E+03	4.929719E-17	8.640963E-19
6.106697E+03	4.933158E-17	8.645507E-19
6.106897E+03	4.934440E-17	8.646270E-19
6.107098E+03	4.937544E-17	8.650217E-19
6.107298E+03	4.942125E-17	8.656758E-19
6.107498E+03	4.942384E-17	8.655726E-19
6.107698E+03	4.942758E-17	8.654896E-19
6.107898E+03	4.944498E-17	8.656458E-19
6.108098E+03	4.944758E-17	8.655429E-19
6.108298E+03	4.942514E-17	8.650016E-19
6.108498E+03	4.945164E-17	8.653171E-19
6.108698E+03	4.947703E-17	8.656128E-19
6.108898E+03	4.949216E-17	8.657291E-19
6.109098E+03	4.948109E-17	8.653871E-19
6.109298E+03	4.946433E-17	8.649456E-19
6.109498E+03	4.947718E-17	8.650222E-19
6.109698E+03	4.949803E-17	8.652383E-19
6.109898E+03	4.951659E-17	8.654145E-19
6.110098E+03	4.951692E-17	8.652719E-19
6.110298E+03	4.950699E-17	8.649502E-19
6.110498E+03	4.951757E-17	8.649869E-19
6.110698E+03	4.951561E-17	8.648045E-19
6.110898E+03	4.950911E-17	8.645427E-19
6.111098E+03	4.949233E-17	8.641019E-19
6.111298E+03	4.949608E-17	8.640193E-19
6.111498E+03	4.952378E-17	8.643547E-19
6.111698E+03	4.953893E-17	8.644711E-19
6.111898E+03	4.955980E-17	8.646874E-19
6.112098E+03	4.957382E-17	8.647839E-19
6.112299E+03	4.955251E-17	8.642633E-19
6.112499E+03	4.955169E-17	8.641013E-19
6.112699E+03	4.957599E-17	8.643770E-19
6.112899E+03	4.959002E-17	8.644738E-19
6.113099E+03	4.960977E-17	8.646700E-19
6.113299E+03	4.963753E-17	8.650059E-19
6.113498E+03	4.965612E-17	8.651826E-19
6.113699E+03	4.968279E-17	8.654984E-19
6.113899E+03	4.969342E-17	8.655356E-19
6.114099E+03	4.969604E-17	8.654334E-19
6.114298E+03	4.972382E-17	8.657698E-19
6.114498E+03	4.974706E-17	8.660263E-19
6.114698E+03	4.973480E-17	8.656648E-19
6.114898E+03	4.973284E-17	8.654828E-19
6.115098E+03	4.975494E-17	8.657195E-19
6.115298E+03	4.978049E-17	8.660160E-19
6.115498E+03	4.977853E-17	8.658340E-19
6.115698E+03	4.977314E-17	8.655924E-19
6.115898E+03	4.978724E-17	8.656896E-19
6.116098E+03	4.981853E-17	8.660858E-19
6.116298E+03	4.985788E-17	8.666218E-19
6.116498E+03	4.987315E-17	8.667393E-19
6.116698E+03	4.988843E-17	8.668567E-19
6.116898E+03	4.986236E-17	8.662558E-19
6.117098E+03	4.983515E-17	8.656352E-19
6.117298E+03	4.984353E-17	8.656331E-19
6.117498E+03	4.985764E-17	8.657304E-19
6.117699E+03	4.984767E-17	8.654089E-19
6.117899E+03	4.984687E-17	8.652473E-19
6.118099E+03	4.988051E-17	8.656836E-19
6.118299E+03	4.991187E-17	8.660801E-19
6.118499E+03	4.992141E-17	8.660979E-19
6.118699E+03	4.991830E-17	8.658962E-19
6.118899E+03	4.993129E-17	8.659739E-19
6.119099E+03	4.995234E-17	8.661912E-19
6.119299E+03	4.996994E-17	8.663488E-19
6.119499E+03	4.998179E-17	8.664064E-19
6.119699E+03	5.001092E-17	8.667637E-19
6.119899E+03	5.003776E-17	8.670811E-19
6.120099E+03	5.005539E-17	8.672389E-19
6.120299E+03	5.006496E-17	8.672568E-19
6.120499E+03	5.007222E-17	8.672350E-19
6.120699E+03	5.008756E-17	8.673529E-19
6.120899E+03	5.008906E-17	8.672312E-19
6.121099E+03	5.009056E-17	8.671094E-19
6.121299E+03	5.007361E-17	8.666685E-19
6.121499E+03	5.008780E-17	8.667665E-19
6.121699E+03	5.012276E-17	8.672238E-19
6.121899E+03	5.015659E-17	8.676615E-19
6.122099E+03	5.017427E-17	8.678197E-19
6.122299E+03	5.018039E-17	8.677780E-19
6.122499E+03	5.019346E-17	8.678563E-19
6.122699E+03	5.019034E-17	8.676548E-19
6.122899E+03	5.020457E-17	8.677531E-19
6.123100E+03	5.024195E-17	8.682509E-19
6.123300E+03	5.024809E-17	8.682094E-19
6.123500E+03	5.024613E-17	8.680279E-19
6.123700E+03	5.026267E-17	8.681662E-19
6.123900E+03	5.027229E-17	8.681848E-19
6.124100E+03	5.029001E-17	8.683432E-19
6.124300E+03	5.029384E-17	8.682618E-19
6.124500E+03	5.030230E-17	8.682604E-19
6.124700E+03	5.031656E-17	8.683591E-19
6.124900E+03	5.034125E-17	8.686376E-19
6.125100E+03	5.036826E-17	8.689562E-19
6.125300E+03	5.039299E-17	8.692352E-19
6.125500E+03	5.044210E-17	8.699347E-19
6.125700E+03	5.044942E-17	8.699133E-19
6.125900E+03	5.043817E-17	8.695717E-19
6.126100E+03	5.047919E-17	8.701312E-19
6.126300E+03	5.049350E-17	8.702304E-19
6.126499E+03	5.049732E-17	8.701493E-19
6.126699E+03	5.050116E-17	8.700679E-19
6.126900E+03	5.048993E-17	8.697262E-19
6.127099E+03	5.049955E-17	8.697453E-19
6.127299E+03	5.053132E-17	8.701449E-19
6.127499E+03	5.056893E-17	8.706449E-19
6.127699E+03	5.059491E-17	8.709447E-19
6.127899E+03	5.057897E-17	8.705228E-19
6.128099E+03	5.057118E-17	8.702412E-19
6.128300E+03	5.058205E-17	8.702801E-19
6.128500E+03	5.058473E-17	8.701790E-19
6.128700E+03	5.060025E-17	8.702986E-19
6.128900E+03	5.062858E-17	8.706384E-19
6.129100E+03	5.065925E-17	8.710184E-19
6.129300E+03	5.068062E-17	8.712385E-19
6.129500E+03	5.069849E-17	8.713982E-19
6.129700E+03	5.071171E-17	8.714779E-19
6.129900E+03	5.072141E-17	8.714972E-19
6.130100E+03	5.071477E-17	8.712358E-19
6.130300E+03	5.071747E-17	8.711349E-19
6.130500E+03	5.073535E-17	8.712948E-19
6.130700E+03	5.074156E-17	8.712540E-19
6.130900E+03	5.077348E-17	8.716548E-19
6.131100E+03	5.080308E-17	8.720157E-19
6.131300E+03	5.085144E-17	8.726983E-19
6.131500E+03	5.089163E-17	8.732404E-19
6.131700E+03	5.090840E-17	8.733809E-19
6.131900E+03	5.091112E-17	8.732800E-19
6.132100E+03	5.094314E-17	8.736818E-19
6.132300E+03	5.096111E-17	8.738424E-19
6.132500E+03	5.096735E-17	8.738020E-19
6.132700E+03	5.097242E-17	8.737414E-19
6.132900E+03	5.101035E-17	8.742441E-19
6.133100E+03	5.102482E-17	8.743445E-19
6.133300E+03	5.102402E-17	8.741836E-19
6.133500E+03	5.104907E-17	8.744652E-19
6.133701E+03	5.107063E-17	8.746863E-19
6.133901E+03	5.107807E-17	8.746662E-19
6.134101E+03	5.109255E-17	8.747669E-19
6.134301E+03	5.110939E-17	8.749079E-19
6.134501E+03	5.108976E-17	8.744244E-19
6.134701E+03	5.110072E-17	8.744647E-19
6.134901E+03	5.113053E-17	8.748275E-19
6.135101E+03	5.116858E-17	8.753313E-19
6.135301E+03	5.119017E-17	8.755532E-19
6.135501E+03	5.120587E-17	8.756743E-19
6.135701E+03	5.122747E-17	8.758964E-19
6.135901E+03	5.124791E-17	8.760984E-19
6.136101E+03	5.124356E-17	8.758767E-19
6.136301E+03	5.126164E-17	8.760383E-19
6.136501E+03	5.127500E-17	8.761195E-19
6.136701E+03	5.126356E-17	8.757769E-19
6.136901E+03	5.130764E-17	8.763825E-19
6.137101E+03	5.133402E-17	8.766857E-19
6.137301E+03	5.131903E-17	8.762826E-19
6.137501E+03	5.132413E-17	8.762225E-19
6.137701E+03	5.134933E-17	8.765056E-19
6.137901E+03	5.138401E-17	8.769502E-19
6.138101E+03	5.139267E-17	8.769509E-19
6.138301E+03	5.142146E-17	8.772948E-19
6.138501E+03	5.145619E-17	8.777401E-19
6.138700E+03	5.148854E-17	8.781452E-19
6.138901E+03	5.150673E-17	8.783076E-19
6.139101E+03	5.156407E-17	8.791379E-19
6.139301E+03	5.159058E-17	8.794424E-19
6.139501E+03	5.160403E-17	8.795241E-19
6.139701E+03	5.163413E-17	8.798898E-19
6.139901E+03	5.167851E-17	8.804987E-19
6.140101E+03	5.170033E-17	8.807227E-19
6.140301E+03	5.174834E-17	8.813930E-19
6.140501E+03	5.178091E-17	8.818002E-19
6.140701E+03	5.179919E-17	8.819637E-19
6.140901E+03	5.179361E-17	8.817211E-19
6.141101E+03	5.180592E-17	8.817831E-19
6.141301E+03	5.184926E-17	8.823733E-19
6.141501E+03	5.187114E-17	8.825981E-19
6.141701E+03	5.188945E-17	8.827618E-19
6.141901E+03	5.191493E-17	8.830477E-19
6.142101E+03	5.192728E-17	8.831101E-19
6.142301E+03	5.194919E-17	8.833352E-19
6.142501E+03	5.197710E-17	8.836620E-19
6.142701E+03	5.202298E-17	8.842943E-19
6.142901E+03	5.203415E-17	8.843365E-19
6.143101E+03	5.205252E-17	8.845010E-19
6.143301E+03	5.207448E-17	8.847265E-19
6.143501E+03	5.209766E-17	8.849725E-19
6.143701E+03	5.212324E-17	8.852595E-19
6.143901E+03	5.215365E-17	8.856281E-19
6.144101E+03	5.217205E-17	8.857929E-19
6.144302E+03	5.220972E-17	8.862839E-19
6.144502E+03	5.222815E-17	8.864490E-19
6.144702E+03	5.223455E-17	8.864100E-19
6.144902E+03	5.226142E-17	8.867181E-19
6.145102E+03	5.228588E-17	8.869853E-19
6.145302E+03	5.231277E-17	8.872938E-19
6.145502E+03	5.234328E-17	8.876635E-19
6.145702E+03	5.235332E-17	8.876859E-19
6.145902E+03	5.235853E-17	8.876265E-19
6.146102E+03	5.240355E-17	8.882419E-19
6.146302E+03	5.241722E-17	8.883260E-19
6.146502E+03	5.241399E-17	8.881235E-19
6.146702E+03	5.243250E-17	8.882892E-19
6.146902E+03	5.247395E-17	8.888438E-19
6.147102E+03	5.248885E-17	8.889485E-19
6.147302E+03	5.251100E-17	8.891759E-19
6.147502E+03	5.255011E-17	8.896902E-19
6.147702E+03	5.257713E-17	8.900000E-19
6.147902E+03	5.258236E-17	8.899408E-19
6.148102E+03	5.259487E-17	8.900047E-19
6.148302E+03	5.259648E-17	8.898842E-19
6.148502E+03	5.260535E-17	8.898867E-19
6.148702E+03	5.264210E-17	8.903608E-19
6.148902E+03	5.267403E-17	8.907530E-19
6.149102E+03	5.270476E-17	8.911248E-19
6.149302E+03	5.270880E-17	8.910455E-19
6.149503E+03	5.269466E-17	8.906583E-19
6.149703E+03	5.271326E-17	8.908250E-19
6.149903E+03	5.273673E-17	8.910739E-19
6.150103E+03	5.274928E-17	8.911385E-19
6.150303E+03	5.277154E-17	8.913670E-19
6.150503E+03	5.280232E-17	8.917394E-19
6.150703E+03	5.279179E-17	8.914139E-19
6.150903E+03	5.279583E-17	8.913348E-19
6.151102E+03	5.279863E-17	8.912355E-19
6.151302E+03	5.281970E-17	8.914437E-19
6.151502E+03	5.283835E-17	8.916110E-19
6.151703E+03	5.284486E-17	8.915730E-19
6.151902E+03	5.285619E-17	8.916176E-19
6.152102E+03	5.287363E-17	8.917644E-19
6.152302E+03	5.289474E-17	8.919731E-19
6.152502E+03	5.293534E-17	8.925106E-19
6.152702E+03	5.297599E-17	8.930485E-19
6.152902E+03	5.300689E-17	8.934221E-19
6.153102E+03	5.300607E-17	8.932609E-19
6.153302E+03	5.302113E-17	8.933673E-19
6.153502E+03	5.304351E-17	8.935972E-19
6.153702E+03	5.305368E-17	8.936212E-19
6.153902E+03	5.307853E-17	8.938924E-19
6.154102E+03	5.312172E-17	8.944726E-19
6.154302E+03	5.316007E-17	8.949709E-19
6.154502E+03	5.319843E-17	8.954694E-19
6.154702E+03	5.319761E-17	8.953080E-19
6.154903E+03	5.323725E-17	8.958273E-19
6.155103E+03	5.325850E-17	8.960375E-19
6.155303E+03	5.325278E-17	8.957940E-19
6.155503E+03	5.326055E-17	8.957772E-19
6.155703E+03	5.328794E-17	8.960907E-19
6.155903E+03	5.331412E-17	8.963838E-19
6.156103E+03	5.332680E-17	8.964497E-19
6.156303E+03	5.332844E-17	8.963300E-19
6.156503E+03	5.334359E-17	8.964375E-19
6.156703E+03	5.337716E-17	8.968546E-19
6.156903E+03	5.338741E-17	8.968795E-19
6.157103E+03	5.340256E-17	8.969870E-19
6.157303E+03	5.341774E-17	8.970948E-19
6.157503E+03	5.341323E-17	8.968721E-19
6.157703E+03	5.340011E-17	8.965049E-19
6.157903E+03	5.338822E-17	8.961583E-19
6.158103E+03	5.340584E-17	8.963075E-19
6.158303E+03	5.340502E-17	8.961470E-19
6.158503E+03	5.339682E-17	8.958628E-19
6.158703E+03	5.341076E-17	8.959500E-19
6.158903E+03	5.341240E-17	8.958310E-19
6.159103E+03	5.340666E-17	8.955882E-19
6.159303E+03	5.341814E-17	8.956343E-19
6.159503E+03	5.343331E-17	8.957422E-19
6.159703E+03	5.344357E-17	8.957679E-19
6.159903E+03	5.343290E-17	8.954428E-19
6.160103E+03	5.344193E-17	8.954479E-19
6.160304E+03	5.346945E-17	8.957619E-19
6.160504E+03	5.351050E-17	8.963035E-19
6.160704E+03	5.353310E-17	8.965358E-19
6.160904E+03	5.355693E-17	8.967886E-19
6.161104E+03	5.358818E-17	8.971656E-19
6.161304E+03	5.361204E-17	8.974189E-19
6.161504E+03	5.365197E-17	8.979410E-19
6.161704E+03	5.367957E-17	8.982566E-19
6.161904E+03	5.369235E-17	8.983240E-19
6.162104E+03	5.369523E-17	8.982261E-19
6.162304E+03	5.373399E-17	8.987283E-19
6.162504E+03	5.376534E-17	8.991063E-19
6.162704E+03	5.377070E-17	8.990497E-19
6.162904E+03	5.380457E-17	8.994698E-19
6.163104E+03	5.380993E-17	8.994134E-19
6.163303E+03	5.378677E-17	8.988809E-19
6.163503E+03	5.381072E-17	8.991350E-19
6.163703E+03	5.384336E-17	8.995344E-19
6.163904E+03	5.385621E-17	8.996024E-19
6.164104E+03	5.387151E-17	8.997120E-19
6.164303E+03	5.389299E-17	8.999253E-19
6.164503E+03	5.392567E-17	9.003252E-19
6.164703E+03	5.393354E-17	9.003106E-19
6.164903E+03	5.393395E-17	9.001716E-19
6.165103E+03	5.394431E-17	9.001985E-19
6.165303E+03	5.395591E-17	9.002464E-19
6.165504E+03	5.397500E-17	9.004184E-19
6.165704E+03	5.400774E-17	9.008187E-19
6.165904E+03	5.405294E-17	9.014267E-19
6.166104E+03	5.407203E-17	9.015994E-19
6.166304E+03	5.408365E-17	9.016474E-19
6.166504E+03	5.410275E-17	9.018201E-19
6.166704E+03	5.411937E-17	9.019512E-19
6.166904E+03	5.414721E-17	9.022697E-19
6.167104E+03	5.416508E-17	9.024218E-19
6.167304E+03	5.420043E-17	9.028649E-19
6.167504E+03	5.423581E-17	9.033085E-19
6.167704E+03	5.426996E-17	9.037315E-19
6.167904E+03	5.428037E-17	9.037593E-19
6.168104E+03	5.428829E-17	9.037454E-19
6.168304E+03	5.430997E-17	9.039605E-19
6.168504E+03	5.435918E-17	9.046340E-19
6.168704E+03	5.439090E-17	9.050162E-19
6.168904E+03	5.439133E-17	9.048776E-19
6.169104E+03	5.438924E-17	9.046972E-19
6.169304E+03	5.440845E-17	9.048713E-19
6.169504E+03	5.442391E-17	9.049829E-19
6.169704E+03	5.444939E-17	9.052611E-19
6.169904E+03	5.447866E-17	9.056021E-19
6.170104E+03	5.448284E-17	9.055264E-19
6.170304E+03	5.448828E-17	9.054714E-19
6.170504E+03	5.452259E-17	9.058960E-19
6.170704E+03	5.453431E-17	9.059454E-19
6.170905E+03	5.451970E-17	9.055569E-19
6.171105E+03	5.452640E-17	9.055230E-19
6.171305E+03	5.456325E-17	9.059896E-19
6.171505E+03	5.458377E-17	9.061852E-19
6.171705E+03	5.462066E-17	9.066524E-19
6.171905E+03	5.462863E-17	9.066396E-19
6.172105E+03	5.464540E-17	9.067729E-19
6.172305E+03	5.466093E-17	9.068853E-19
6.172505E+03	5.468527E-17	9.071443E-19
6.172705E+03	5.469703E-17	9.071942E-19
6.172905E+03	5.471761E-17	9.073906E-19
6.173105E+03	5.474197E-17	9.076494E-19
6.173305E+03	5.476005E-17	9.078043E-19
6.173505E+03	5.477561E-17	9.079174E-19
6.173705E+03	5.479242E-17	9.080512E-19
6.173905E+03	5.482314E-17	9.084153E-19
6.174105E+03	5.484629E-17	9.086540E-19
6.174305E+03	5.488335E-17	9.091233E-19
6.174505E+03	5.490273E-17	9.092994E-19
6.174705E+03	5.490948E-17	9.092662E-19
6.174905E+03	5.491749E-17	9.092542E-19
6.175105E+03	5.492676E-17	9.092631E-19
6.175305E+03	5.494617E-17	9.094396E-19
6.175505E+03	5.496684E-17	9.096370E-19
6.175704E+03	5.497989E-17	9.097092E-19
6.175904E+03	5.499045E-17	9.097394E-19
6.176105E+03	5.500611E-17	9.098532E-19
6.176306E+03	5.500909E-17	9.097573E-19
6.176506E+03	5.502219E-17	9.098296E-19
6.176705E+03	5.502385E-17	9.097134E-19
6.176905E+03	5.504962E-17	9.099952E-19
6.177105E+03	5.507413E-17	9.102560E-19
6.177305E+03	5.508218E-17	9.102449E-19
6.177505E+03	5.508514E-17	9.101497E-19
6.177705E+03	5.512108E-17	9.105994E-19
6.177905E+03	5.515325E-17	9.109865E-19
6.178105E+03	5.515114E-17	9.108076E-19
6.178305E+03	5.516935E-17	9.109644E-19
6.178505E+03	5.517232E-17	9.108694E-19
6.178705E+03	5.517401E-17	9.107533E-19
6.178905E+03	5.516173E-17	9.104070E-19
6.179105E+03	5.515201E-17	9.101028E-19
6.179305E+03	5.514862E-17	9.099032E-19
6.179505E+03	5.514779E-17	9.097459E-19
6.179705E+03	5.517234E-17	9.100075E-19
6.179905E+03	5.518039E-17	9.099969E-19
6.180105E+03	5.517065E-17	9.096929E-19
6.180305E+03	5.519523E-17	9.099547E-19
6.180505E+03	5.521345E-17	9.101120E-19
6.180705E+03	5.522913E-17	9.102272E-19
6.180905E+03	5.523210E-17	9.101330E-19
6.181105E+03	5.524906E-17	9.102693E-19
6.181305E+03	5.525585E-17	9.102382E-19
6.181506E+03	5.525886E-17	9.101441E-19
6.181706E+03	5.526691E-17	9.101338E-19
6.181906E+03	5.527498E-17	9.101238E-19
6.182106E+03	5.527796E-17	9.100301E-19
6.182306E+03	5.529875E-17	9.102297E-19
6.182506E+03	5.530936E-17	9.102616E-19
6.182706E+03	5.534547E-17	9.107131E-19
6.182906E+03	5.537011E-17	9.109759E-19
6.183106E+03	5.538967E-17	9.111552E-19
6.183306E+03	5.539775E-17	9.111454E-19
6.183506E+03	5.540072E-17	9.110517E-19
6.183706E+03	5.541264E-17	9.111054E-19
6.183906E+03	5.542072E-17	9.110958E-19
6.184106E+03	5.543136E-17	9.111284E-19
6.184306E+03	5.542795E-17	9.109300E-19
6.184506E+03	5.540924E-17	9.104805E-19
6.184706E+03	5.540840E-17	9.103248E-19
6.184906E+03	5.540500E-17	9.101269E-19
6.185106E+03	5.540288E-17	9.099500E-19
6.185306E+03	5.541351E-17	9.099830E-19
6.185506E+03	5.541649E-17	9.098903E-19
6.185706E+03	5.542712E-17	9.099232E-19
6.185906E+03	5.544031E-17	9.099980E-19
6.186106E+03	5.546373E-17	9.102409E-19
6.186306E+03	5.547693E-17	9.103161E-19
6.186506E+03	5.547481E-17	9.101398E-19
6.186707E+03	5.547015E-17	9.099213E-19
6.186907E+03	5.548464E-17	9.100177E-19
6.187107E+03	5.548123E-17	9.098206E-19
6.187307E+03	5.550465E-17	9.100636E-19
6.187507E+03	5.554088E-17	9.105164E-19
6.187707E+03	5.552596E-17	9.101309E-19
6.187907E+03	5.554046E-17	9.102275E-19
6.188106E+03	5.559460E-17	9.109744E-19
6.188306E+03	5.561551E-17	9.111760E-19
6.188507E+03	5.563903E-17	9.114197E-19
6.188707E+03	5.565739E-17	9.115797E-19
6.188907E+03	5.568090E-17	9.118237E-19
6.189106E+03	5.567617E-17	9.116060E-19
6.189306E+03	5.567787E-17	9.114933E-19
6.189506E+03	5.568727E-17	9.115066E-19
6.189706E+03	5.568130E-17	9.112682E-19
6.189906E+03	5.570353E-17	9.114914E-19
6.190106E+03	5.573731E-17	9.119038E-19
6.190306E+03	5.572233E-17	9.115184E-19
6.190506E+03	5.571122E-17	9.111963E-19
6.190706E+03	5.574501E-17	9.116085E-19
6.190906E+03	5.579296E-17	9.122525E-19
6.191106E+03	5.579724E-17	9.121823E-19
6.191306E+03	5.577840E-17	9.117342E-19
6.191506E+03	5.579424E-17	9.118529E-19
6.191706E+03	5.580109E-17	9.118251E-19
6.191906E+03	5.583237E-17	9.121963E-19
6.192107E+03	5.585725E-17	9.124622E-19
6.192307E+03	5.586284E-17	9.124134E-19
6.192507E+03	5.586841E-17	9.123648E-19
6.192707E+03	5.585726E-17	9.120431E-19
6.192907E+03	5.584869E-17	9.117636E-19
6.193107E+03	5.585683E-17	9.117570E-19
6.193307E+03	5.587784E-17	9.119605E-19
6.193507E+03	5.590272E-17	9.122273E-19
6.193707E+03	5.589671E-17	9.119898E-19
6.193907E+03	5.589586E-17	9.118366E-19
6.194107E+03	5.590400E-17	9.118304E-19
6.194307E+03	5.590186E-17	9.116565E-19
6.194507E+03	5.593318E-17	9.120283E-19
6.194707E+03	5.595938E-17	9.123163E-19
6.194907E+03	5.596625E-17	9.122895E-19
6.195107E+03	5.598214E-17	9.124098E-19
6.195307E+03	5.599546E-17	9.124879E-19
6.195507E+03	5.601524E-17	9.126714E-19
6.195707E+03	5.603631E-17	9.128760E-19
6.195907E+03	5.604964E-17	9.129546E-19
6.196107E+03	5.604619E-17	9.127599E-19
6.196307E+03	5.606470E-17	9.129226E-19
6.196507E+03	5.609352E-17	9.132536E-19
6.196707E+03	5.611980E-17	9.135429E-19
6.196907E+03	5.615900E-17	9.140425E-19
6.197107E+03	5.617365E-17	9.141425E-19
6.197307E+03	5.620255E-17	9.144746E-19
6.197508E+03	5.623667E-17	9.148907E-19
6.197708E+03	5.626429E-17	9.152016E-19
6.197908E+03	5.628416E-17	9.153864E-19
6.198108E+03	5.627941E-17	9.151711E-19
6.198308E+03	5.629927E-17	9.153559E-19
6.198508E+03	5.631656E-17	9.154989E-19
6.198708E+03	5.632866E-17	9.155574E-19
6.198908E+03	5.635633E-17	9.158692E-19
6.199108E+03	5.634638E-17	9.155697E-19
6.199308E+03	5.635589E-17	9.155863E-19
6.199508E+03	5.636540E-17	9.156030E-19
6.199708E+03	5.637622E-17	9.156411E-19
6.199908E+03	5.637016E-17	9.154052E-19
6.200108E+03	5.636928E-17	9.152535E-19
6.200307E+03	5.639954E-17	9.156078E-19
6.200507E+03	5.642984E-17	9.159624E-19
6.200708E+03	5.646279E-17	9.163593E-19
6.200908E+03	5.650615E-17	9.169255E-19
6.201108E+03	5.655473E-17	9.175762E-19
6.201307E+03	5.659682E-17	9.181224E-19
6.201507E+03	5.661940E-17	9.183515E-19
6.201707E+03	5.664330E-17	9.186017E-19
6.201907E+03	5.666591E-17	9.188309E-19
6.202107E+03	5.667808E-17	9.188911E-19
6.202307E+03	5.669939E-17	9.190994E-19
6.202507E+03	5.670374E-17	9.190328E-19
6.202708E+03	5.671074E-17	9.190082E-19
6.202908E+03	5.672814E-17	9.191534E-19
6.203108E+03	5.675469E-17	9.194468E-19
6.203308E+03	5.676558E-17	9.194863E-19
6.203508E+03	5.676078E-17	9.192715E-19
6.203708E+03	5.676514E-17	9.192055E-19
6.203908E+03	5.676686E-17	9.190969E-19
6.204108E+03	5.678037E-17	9.191791E-19
6.204308E+03	5.679126E-17	9.192187E-19
6.204508E+03	5.680476E-17	9.193010E-19
6.204708E+03	5.679472E-17	9.190023E-19
6.204908E+03	5.676117E-17	9.183233E-19
6.205108E+03	5.676290E-17	9.182152E-19
6.205308E+03	5.678293E-17	9.184034E-19
6.205508E+03	5.681213E-17	9.187398E-19
6.205708E+03	5.681387E-17	9.186320E-19
6.205908E+03	5.680383E-17	9.183339E-19
6.206108E+03	5.680556E-17	9.182265E-19
6.206308E+03	5.682691E-17	9.184362E-19
6.206508E+03	5.685875E-17	9.188152E-19
6.206708E+03	5.686704E-17	9.188135E-19
6.206908E+03	5.688450E-17	9.189603E-19
6.207108E+03	5.690457E-17	9.191493E-19
6.207308E+03	5.692334E-17	9.193172E-19
6.207508E+03	5.693295E-17	9.193370E-19
6.207708E+03	5.694385E-17	9.193782E-19
6.207908E+03	5.697445E-17	9.197371E-19
6.208109E+03	5.699590E-17	9.199476E-19
6.208309E+03	5.699240E-17	9.197560E-19
6.208509E+03	5.699807E-17	9.197129E-19
6.208709E+03	5.701030E-17	9.197755E-19
6.208909E+03	5.701467E-17	9.197114E-19
6.209109E+03	5.701904E-17	9.196470E-19
6.209309E+03	5.701157E-17	9.193924E-19
6.209509E+03	5.701595E-17	9.193286E-19
6.209709E+03	5.701242E-17	9.191375E-19
6.209909E+03	5.699711E-17	9.187562E-19
6.210109E+03	5.698571E-17	9.184388E-19
6.210309E+03	5.699533E-17	9.184599E-19
6.210509E+03	5.704301E-17	9.190943E-19
6.210709E+03	5.706051E-17	9.192422E-19
6.210909E+03	5.706488E-17	9.191791E-19
6.211109E+03	5.708765E-17	9.194121E-19
6.211309E+03	5.709465E-17	9.193912E-19
6.211509E+03	5.709375E-17	9.192431E-19
6.211709E+03	5.713889E-17	9.198365E-19
6.211909E+03	5.714721E-17	9.198370E-19
6.212109E+03	5.714105E-17	9.196045E-19
6.212309E+03	5.716516E-17	9.198592E-19
6.212509E+03	5.718928E-17	9.201142E-19
6.212708E+03	5.718835E-17	9.199669E-19
6.212908E+03	5.722170E-17	9.203703E-19
6.213109E+03	5.724588E-17	9.206253E-19
6.213310E+03	5.726348E-17	9.207748E-19
6.213510E+03	5.727181E-17	9.207759E-19
6.213709E+03	5.728802E-17	9.209044E-19
6.213909E+03	5.730956E-17	9.211177E-19
6.214109E+03	5.732318E-17	9.212041E-19
6.214309E+03	5.732625E-17	9.211208E-19
6.214509E+03	5.734251E-17	9.212495E-19
6.214709E+03	5.734293E-17	9.211237E-19
6.214909E+03	5.735787E-17	9.212316E-19
6.215109E+03	5.735829E-17	9.211062E-19
6.215309E+03	5.735739E-17	9.209596E-19
6.215509E+03	5.738292E-17	9.212372E-19
6.215709E+03	5.739523E-17	9.213031E-19
6.215909E+03	5.739961E-17	9.212415E-19
6.216109E+03	5.741061E-17	9.212862E-19
6.216309E+03	5.741764E-17	9.212671E-19
6.216509E+03	5.742599E-17	9.212696E-19
6.216709E+03	5.742509E-17	9.211237E-19
6.216909E+03	5.744799E-17	9.213594E-19
6.217109E+03	5.745635E-17	9.213620E-19
6.217309E+03	5.748588E-17	9.217043E-19
6.217509E+03	5.751542E-17	9.220468E-19
6.217709E+03	5.752644E-17	9.220921E-19
6.217909E+03	5.752687E-17	9.219677E-19
6.218109E+03	5.752198E-17	9.217586E-19
6.218309E+03	5.751842E-17	9.215707E-19
6.218509E+03	5.752016E-17	9.214678E-19
6.218710E+03	5.752724E-17	9.214497E-19
6.218910E+03	5.756344E-17	9.218990E-19
6.219110E+03	5.756385E-17	9.217751E-19
6.219310E+03	5.756692E-17	9.216938E-19
6.219510E+03	5.757928E-17	9.217611E-19
6.219710E+03	5.759162E-17	9.218287E-19
6.219910E+03	5.760929E-17	9.219812E-19
6.220110E+03	5.760838E-17	9.218365E-19
6.220310E+03	5.760215E-17	9.216068E-19
6.220510E+03	5.760125E-17	9.214627E-19
6.220710E+03	5.760298E-17	9.213607E-19
6.220910E+03	5.762065E-17	9.215136E-19
6.221110E+03	5.765292E-17	9.218998E-19
6.221310E+03	5.767458E-17	9.221167E-19
6.221510E+03	5.768827E-17	9.222063E-19
6.221710E+03	5.768869E-17	9.220835E-19
6.221910E+03	5.770903E-17	9.222792E-19
6.222110E+03	5.772672E-17	9.224328E-19
6.222310E+03	5.772049E-17	9.222042E-19
6.222510E+03	5.771559E-17	9.219969E-19
6.222710E+03	5.772664E-17	9.220443E-19
6.222910E+03	5.772971E-17	9.219647E-19
6.223110E+03	5.773544E-17	9.219275E-19
6.223310E+03	5.774516E-17	9.219541E-19
6.223510E+03	5.776020E-17	9.220655E-19
6.223710E+03	5.776327E-17	9.219863E-19
6.223911E+03	5.779698E-17	9.223953E-19
6.224111E+03	5.780803E-17	9.224434E-19
6.224311E+03	5.779382E-17	9.220882E-19
6.224511E+03	5.777426E-17	9.216484E-19
6.224711E+03	5.776935E-17	9.214423E-19
6.224911E+03	5.777775E-17	9.214485E-19
6.225110E+03	5.776748E-17	9.211574E-19
6.225310E+03	5.777454E-17	9.211426E-19
6.225511E+03	5.780294E-17	9.214674E-19
6.225711E+03	5.782064E-17	9.216221E-19
6.225910E+03	5.782236E-17	9.215226E-19
6.226110E+03	5.783075E-17	9.215293E-19
6.226310E+03	5.786446E-17	9.219395E-19
6.226510E+03	5.787286E-17	9.219461E-19
6.226710E+03	5.789727E-17	9.222078E-19
6.226910E+03	5.789235E-17	9.220026E-19
6.227110E+03	5.789141E-17	9.218611E-19
6.227310E+03	5.788917E-17	9.216986E-19
6.227510E+03	5.790556E-17	9.218329E-19
6.227710E+03	5.792331E-17	9.219892E-19
6.227910E+03	5.792638E-17	9.219117E-19
6.228110E+03	5.792946E-17	9.218343E-19
6.228310E+03	5.792454E-17	9.216297E-19
6.228510E+03	5.793027E-17	9.215950E-19
6.228710E+03	5.794402E-17	9.216878E-19
6.228910E+03	5.799514E-17	9.223751E-19
6.229110E+03	5.800891E-17	9.224680E-19
6.229311E+03	5.802672E-17	9.226250E-19
6.229511E+03	5.804717E-17	9.228245E-19
6.229711E+03	5.805693E-17	9.228540E-19
6.229911E+03	5.806536E-17	9.228623E-19
6.230111E+03	5.807780E-17	9.229347E-19
6.230311E+03	5.808222E-17	9.228797E-19
6.230511E+03	5.805454E-17	9.223146E-19
6.230711E+03	5.804292E-17	9.220048E-19
6.230911E+03	5.806471E-17	9.222262E-19
6.231111E+03	5.809320E-17	9.225539E-19
6.231311E+03	5.810429E-17	9.226053E-19
6.231511E+03	5.810336E-17	9.224657E-19
6.231711E+03	5.809707E-17	9.222415E-19
6.231911E+03	5.811219E-17	9.223571E-19
6.232111E+03	5.812732E-17	9.224728E-19
6.232311E+03	5.815717E-17	9.228221E-19
6.232511E+03	5.816294E-17	9.227896E-19
6.232711E+03	5.815530E-17	9.225444E-19
6.232911E+03	5.814498E-17	9.222568E-19
6.233111E+03	5.815342E-17	9.222667E-19
6.233311E+03	5.814846E-17	9.220645E-19
6.233511E+03	5.814618E-17	9.219049E-19
6.233711E+03	5.815864E-17	9.219788E-19
6.233911E+03	5.816573E-17	9.219678E-19
6.234111E+03	5.816881E-17	9.218935E-19
6.234311E+03	5.817055E-17	9.217980E-19
6.234512E+03	5.817633E-17	9.217660E-19
6.234712E+03	5.818210E-17	9.217342E-19
6.234912E+03	5.818115E-17	9.215965E-19
6.235112E+03	5.818423E-17	9.215227E-19
6.235312E+03	5.818463E-17	9.214064E-19
6.235512E+03	5.817699E-17	9.211629E-19
6.235712E+03	5.819480E-17	9.213227E-19
6.235912E+03	5.820860E-17	9.214190E-19
6.236112E+03	5.820899E-17	9.213031E-19
6.236312E+03	5.822950E-17	9.215054E-19
6.236512E+03	5.821648E-17	9.211778E-19
6.236712E+03	5.824236E-17	9.214654E-19
6.236912E+03	5.825750E-17	9.215832E-19
6.237112E+03	5.825656E-17	9.214465E-19
6.237312E+03	5.826633E-17	9.214798E-19
6.237511E+03	5.825462E-17	9.211739E-19
6.237712E+03	5.826445E-17	9.212073E-19
6.237912E+03	5.829570E-17	9.215801E-19
6.238111E+03	5.831887E-17	9.218261E-19
6.238311E+03	5.831658E-17	9.216690E-19
6.238511E+03	5.832906E-17	9.217453E-19
6.238711E+03	5.832677E-17	9.215881E-19
6.238911E+03	5.832179E-17	9.213889E-19
6.239111E+03	5.834905E-17	9.216991E-19
6.239311E+03	5.837094E-17	9.219243E-19
6.239511E+03	5.839149E-17	9.221283E-19
6.239711E+03	5.839725E-17	9.220992E-19
6.239912E+03	5.838962E-17	9.218580E-19
6.240112E+03	5.838463E-17	9.216592E-19
6.240312E+03	5.839308E-17	9.216725E-19
6.240512E+03	5.842574E-17	9.220684E-19
6.240712E+03	5.841402E-17	9.217637E-19
6.240912E+03	5.836870E-17	9.209291E-19
6.241112E+03	5.837043E-17	9.208367E-19
6.241312E+03	5.836947E-17	9.207026E-19
6.241512E+03	5.836852E-17	9.205685E-19
6.241712E+03	5.834605E-17	9.200952E-19
6.241912E+03	5.834779E-17	9.200035E-19
6.242112E+03	5.838715E-17	9.205057E-19
6.242312E+03	5.840904E-17	9.207322E-19
6.242512E+03	5.841751E-17	9.207469E-19
6.242712E+03	5.843942E-17	9.209736E-19
6.242912E+03	5.843307E-17	9.207554E-19
6.243112E+03	5.843077E-17	9.206009E-19
6.243312E+03	5.844460E-17	9.207006E-19
6.243512E+03	5.843826E-17	9.204826E-19
6.243712E+03	5.845614E-17	9.206465E-19
6.243912E+03	5.844036E-17	9.202804E-19
6.244112E+03	5.845285E-17	9.203594E-19
6.244312E+03	5.846400E-17	9.204173E-19
6.244512E+03	5.847112E-17	9.204120E-19
6.244712E+03	5.851056E-17	9.209156E-19
6.244912E+03	5.850690E-17	9.207406E-19
6.245113E+03	5.849789E-17	9.204810E-19
6.245313E+03	5.849422E-17	9.203065E-19
6.245513E+03	5.849191E-17	9.201534E-19
6.245713E+03	5.850036E-17	9.201696E-19
6.245913E+03	5.850882E-17	9.201859E-19
6.246113E+03	5.852672E-17	9.203511E-19
6.246313E+03	5.849207E-17	9.196899E-19
6.246513E+03	5.848437E-17	9.194526E-19
6.246713E+03	5.849148E-17	9.194482E-19
6.246913E+03	5.848511E-17	9.192323E-19
6.247113E+03	5.850434E-17	9.194189E-19
6.247313E+03	5.851281E-17	9.194362E-19
6.247513E+03	5.853744E-17	9.197074E-19
6.247713E+03	5.853377E-17	9.195345E-19
6.247913E+03	5.854357E-17	9.195732E-19
6.248113E+03	5.854664E-17	9.195060E-19
6.248313E+03	5.856185E-17	9.196296E-19
6.248513E+03	5.856492E-17	9.195629E-19
6.248713E+03	5.855181E-17	9.192423E-19
6.248913E+03	5.856432E-17	9.193238E-19
6.249113E+03	5.859706E-17	9.197229E-19
6.249313E+03	5.861902E-17	9.199532E-19
6.249513E+03	5.861804E-17	9.198233E-19
6.249713E+03	5.860087E-17	9.194396E-19
6.249913E+03	5.862013E-17	9.196274E-19
6.250113E+03	5.864210E-17	9.198581E-19
6.250312E+03	5.864108E-17	9.197287E-19
6.250514E+03	5.864558E-17	9.196842E-19
6.250713E+03	5.865672E-17	9.197455E-19
6.250913E+03	5.865032E-17	9.195319E-19
6.251113E+03	5.865339E-17	9.194665E-19
6.251313E+03	5.863756E-17	9.191049E-19
6.251513E+03	5.865818E-17	9.193147E-19
6.251713E+03	5.868692E-17	9.196522E-19
6.251913E+03	5.869404E-17	9.196508E-19
6.252113E+03	5.869440E-17	9.195435E-19
6.252313E+03	5.870693E-17	9.196268E-19
6.252513E+03	5.871811E-17	9.196894E-19
6.252713E+03	5.872117E-17	9.196250E-19
6.252913E+03	5.873101E-17	9.196665E-19
6.253113E+03	5.878414E-17	9.203858E-19
6.253313E+03	5.880480E-17	9.205972E-19
6.253513E+03	5.881193E-17	9.205967E-19
6.253713E+03	5.881772E-17	9.205751E-19
6.253913E+03	5.882079E-17	9.205111E-19
6.254113E+03	5.884282E-17	9.207442E-19
6.254313E+03	5.883641E-17	9.205322E-19
6.254513E+03	5.881781E-17	9.201296E-19
6.254713E+03	5.883848E-17	9.203414E-19
6.254913E+03	5.888358E-17	9.209355E-19
6.255113E+03	5.893818E-17	9.216783E-19
6.255313E+03	5.895890E-17	9.218910E-19
6.255513E+03	5.898642E-17	9.222099E-19
6.255713E+03	5.900173E-17	9.223383E-19
6.255914E+03	5.900212E-17	9.222330E-19
6.256114E+03	5.901199E-17	9.222764E-19
6.256314E+03	5.902865E-17	9.224259E-19
6.256514E+03	5.902357E-17	9.222362E-19
6.256714E+03	5.903480E-17	9.223013E-19
6.256914E+03	5.904059E-17	9.222814E-19
6.257114E+03	5.905046E-17	9.223251E-19
6.257314E+03	5.907122E-17	9.225394E-19
6.257514E+03	5.907837E-17	9.225413E-19
6.257714E+03	5.907601E-17	9.223944E-19
6.257914E+03	5.908045E-17	9.223538E-19
6.258114E+03	5.906311E-17	9.219738E-19
6.258314E+03	5.904035E-17	9.215092E-19
6.258514E+03	5.902303E-17	9.211296E-19
6.258714E+03	5.903153E-17	9.211530E-19
6.258914E+03	5.905092E-17	9.213467E-19
6.259114E+03	5.906215E-17	9.214133E-19
6.259314E+03	5.905297E-17	9.211613E-19
6.259514E+03	5.905877E-17	9.211429E-19
6.259714E+03	5.909312E-17	9.215705E-19
6.259914E+03	5.911116E-17	9.217435E-19
6.260114E+03	5.911832E-17	9.217467E-19
6.260314E+03	5.914589E-17	9.220682E-19
6.260514E+03	5.914487E-17	9.219446E-19
6.260714E+03	5.914795E-17	9.218847E-19
6.260914E+03	5.915511E-17	9.218884E-19
6.261115E+03	5.915548E-17	9.217859E-19
6.261315E+03	5.915311E-17	9.216416E-19
6.261515E+03	5.915073E-17	9.214973E-19
6.261715E+03	5.915652E-17	9.214802E-19
6.261915E+03	5.915550E-17	9.213570E-19
6.262115E+03	5.916537E-17	9.214041E-19
6.262315E+03	5.916708E-17	9.213239E-19
6.262515E+03	5.918651E-17	9.215196E-19
6.262715E+03	5.919229E-17	9.215030E-19
6.262914E+03	5.918715E-17	9.213171E-19
6.263114E+03	5.917522E-17	9.210253E-19
6.263315E+03	5.918787E-17	9.211154E-19
6.263514E+03	5.920180E-17	9.212265E-19
6.263714E+03	5.922804E-17	9.215291E-19
6.263914E+03	5.922019E-17	9.213013E-19
6.264114E+03	5.924917E-17	9.216464E-19
6.264314E+03	5.924270E-17	9.214399E-19
6.264514E+03	5.924031E-17	9.212975E-19
6.264714E+03	5.925428E-17	9.214097E-19
6.264914E+03	5.923688E-17	9.210339E-19
6.265114E+03	5.923040E-17	9.208281E-19
6.265314E+03	5.925256E-17	9.210679E-19
6.265514E+03	5.925698E-17	9.210320E-19
6.265714E+03	5.926005E-17	9.209750E-19
6.265914E+03	5.925629E-17	9.208120E-19
6.266114E+03	5.924570E-17	9.205434E-19
6.266314E+03	5.924467E-17	9.204233E-19
6.266515E+03	5.924231E-17	9.202821E-19
6.266715E+03	5.924673E-17	9.202467E-19
6.266915E+03	5.925388E-17	9.202543E-19
6.267115E+03	5.925148E-17	9.201135E-19
6.267315E+03	5.927775E-17	9.204179E-19
6.267515E+03	5.928626E-17	9.204466E-19
6.267715E+03	5.927157E-17	9.201156E-19
6.267915E+03	5.924871E-17	9.196577E-19
6.268115E+03	5.922721E-17	9.192212E-19
6.268315E+03	5.918663E-17	9.184886E-19
6.268515E+03	5.916652E-17	9.180743E-19
6.268715E+03	5.912327E-17	9.173011E-19
6.268915E+03	5.908412E-17	9.165916E-19
6.269115E+03	5.905861E-17	9.160939E-19
6.269315E+03	5.904669E-17	9.158076E-19
6.269515E+03	5.901846E-17	9.152685E-19
6.269715E+03	5.898210E-17	9.146033E-19
6.269915E+03	5.895256E-17	9.140439E-19
6.270115E+03	5.892844E-17	9.135695E-19
6.270315E+03	5.891248E-17	9.132214E-19
6.270515E+03	5.888974E-17	9.127684E-19
6.270715E+03	5.889276E-17	9.127147E-19
6.270915E+03	5.889309E-17	9.126198E-19
6.271115E+03	5.889882E-17	9.126086E-19
6.271315E+03	5.888423E-17	9.122825E-19
6.271515E+03	5.890081E-17	9.124395E-19
6.271716E+03	5.892829E-17	9.127651E-19
6.271916E+03	5.892046E-17	9.125445E-19
6.272116E+03	5.892485E-17	9.125131E-19
6.272316E+03	5.893737E-17	9.126075E-19
6.272516E+03	5.895398E-17	9.127657E-19
6.272716E+03	5.897601E-17	9.130078E-19
6.272916E+03	5.898718E-17	9.130819E-19
6.273116E+03	5.899837E-17	9.131561E-19
6.273316E+03	5.904352E-17	9.137564E-19
6.273516E+03	5.908055E-17	9.142310E-19
6.273716E+03	5.909854E-17	9.144109E-19
6.273916E+03	5.912336E-17	9.146962E-19
6.274116E+03	5.914000E-17	9.148556E-19
6.274316E+03	5.917163E-17	9.152469E-19
6.274516E+03	5.918966E-17	9.154276E-19
6.274716E+03	5.916408E-17	9.149338E-19
6.274916E+03	5.914804E-17	9.145883E-19
6.275115E+03	5.912788E-17	9.141797E-19
6.275315E+03	5.911457E-17	9.138765E-19
6.275516E+03	5.913805E-17	9.141416E-19
6.275716E+03	5.917105E-17	9.145548E-19
6.275915E+03	5.916450E-17	9.143572E-19
6.276115E+03	5.914165E-17	9.139072E-19
6.276315E+03	5.912697E-17	9.135835E-19
6.276515E+03	5.913000E-17	9.135340E-19
6.276715E+03	5.913711E-17	9.135476E-19
6.276915E+03	5.913876E-17	9.134769E-19
6.277116E+03	5.911868E-17	9.130700E-19
6.277316E+03	5.909992E-17	9.126846E-19
6.277516E+03	5.913561E-17	9.131402E-19
6.277716E+03	5.914816E-17	9.132383E-19
6.277916E+03	5.916072E-17	9.133366E-19
6.278116E+03	5.918690E-17	9.136457E-19
6.278316E+03	5.918993E-17	9.135972E-19
6.278516E+03	5.920385E-17	9.137170E-19
6.278716E+03	5.917961E-17	9.132477E-19
6.278916E+03	5.914721E-17	9.126532E-19
6.279116E+03	5.914478E-17	9.125213E-19
6.279316E+03	5.915461E-17	9.125785E-19
6.279516E+03	5.917669E-17	9.128247E-19
6.279716E+03	5.916881E-17	9.126092E-19
6.279916E+03	5.915002E-17	9.122256E-19
6.280116E+03	5.912716E-17	9.117792E-19
6.280316E+03	5.909752E-17	9.112282E-19
6.280516E+03	5.909100E-17	9.110346E-19
6.280716E+03	5.909809E-17	9.110507E-19
6.280916E+03	5.912015E-17	9.112976E-19
6.281116E+03	5.912996E-17	9.113556E-19
6.281316E+03	5.913842E-17	9.113933E-19
6.281516E+03	5.911148E-17	9.108856E-19
6.281716E+03	5.909952E-17	9.106086E-19
6.281916E+03	5.912157E-17	9.108558E-19
6.282116E+03	5.913411E-17	9.109571E-19
6.282317E+03	5.912898E-17	9.107855E-19
6.282517E+03	5.911428E-17	9.104671E-19
6.282717E+03	5.911456E-17	9.103795E-19
6.282917E+03	5.909580E-17	9.099992E-19
6.283117E+03	5.907022E-17	9.095140E-19
6.283317E+03	5.907866E-17	9.095527E-19
6.283517E+03	5.909391E-17	9.096961E-19
6.283717E+03	5.909418E-17	9.096096E-19
6.283917E+03	5.909310E-17	9.095022E-19
6.284117E+03	5.910290E-17	9.095622E-19
6.284317E+03	5.911134E-17	9.096014E-19
6.284517E+03	5.910481E-17	9.094107E-19
6.284717E+03	5.909965E-17	9.092412E-19
6.284917E+03	5.911080E-17	9.093227E-19
6.285117E+03	5.911108E-17	9.092368E-19
6.285317E+03	5.911952E-17	9.092771E-19
6.285517E+03	5.912250E-17	9.092335E-19
6.285717E+03	5.912550E-17	9.091901E-19
6.285917E+03	5.912849E-17	9.091465E-19
6.286117E+03	5.913966E-17	9.092293E-19
6.286317E+03	5.915354E-17	9.093538E-19
6.286517E+03	5.914701E-17	9.091643E-19
6.286717E+03	5.914863E-17	9.091003E-19
6.286917E+03	5.917205E-17	9.093719E-19
6.287117E+03	5.917641E-17	9.093506E-19
6.287316E+03	5.917800E-17	9.092870E-19
6.287516E+03	5.915783E-17	9.088887E-19
6.287717E+03	5.916630E-17	9.089308E-19
6.287917E+03	5.918292E-17	9.090983E-19
6.288118E+03	5.919275E-17	9.091611E-19
6.288317E+03	5.920253E-17	9.092239E-19
6.288517E+03	5.920824E-17	9.092244E-19
6.288717E+03	5.920441E-17	9.090785E-19
6.288917E+03	5.920057E-17	9.089324E-19
6.289117E+03	5.920356E-17	9.088911E-19
6.289317E+03	5.920927E-17	9.088922E-19
6.289517E+03	5.921771E-17	9.089352E-19
6.289717E+03	5.922070E-17	9.088945E-19
6.289917E+03	5.921959E-17	9.087909E-19
6.290117E+03	5.921167E-17	9.085835E-19
6.290317E+03	5.924056E-17	9.089408E-19
6.290517E+03	5.926674E-17	9.092565E-19
6.290717E+03	5.927108E-17	9.092371E-19
6.290917E+03	5.928226E-17	9.093232E-19
6.291117E+03	5.929206E-17	9.093881E-19
6.291317E+03	5.929096E-17	9.092858E-19
6.291517E+03	5.929121E-17	9.092042E-19
6.291717E+03	5.932559E-17	9.096466E-19
6.291917E+03	5.936137E-17	9.101104E-19
6.292117E+03	5.935342E-17	9.099037E-19
6.292317E+03	5.937554E-17	9.101579E-19
6.292517E+03	5.939630E-17	9.103918E-19
6.292717E+03	5.939791E-17	9.103322E-19
6.292918E+03	5.940229E-17	9.103146E-19
6.293118E+03	5.944222E-17	9.108422E-19
6.293318E+03	5.947121E-17	9.112027E-19
6.293518E+03	5.950570E-17	9.116473E-19
6.293718E+03	5.954981E-17	9.122393E-19
6.293918E+03	5.957749E-17	9.125794E-19
6.294118E+03	5.957498E-17	9.124578E-19
6.294318E+03	5.958620E-17	9.125462E-19
6.294518E+03	5.960428E-17	9.127398E-19
6.294718E+03	5.962786E-17	9.130176E-19
6.294918E+03	5.963633E-17	9.130647E-19
6.295118E+03	5.964481E-17	9.131118E-19
6.295318E+03	5.966565E-17	9.133481E-19
6.295518E+03	5.967689E-17	9.134374E-19
6.295718E+03	5.970186E-17	9.137376E-19
6.295918E+03	5.972822E-17	9.140587E-19
6.296118E+03	5.973120E-17	9.140222E-19
6.296318E+03	5.974520E-17	9.141543E-19
6.296518E+03	5.975231E-17	9.141815E-19
6.296718E+03	5.976906E-17	9.143562E-19
6.296918E+03	5.978442E-17	9.145096E-19
6.297118E+03	5.980532E-17	9.147476E-19
6.297318E+03	5.981243E-17	9.147755E-19
6.297518E+03	5.984297E-17	9.151615E-19
6.297718E+03	5.985422E-17	9.152525E-19
6.297918E+03	5.986685E-17	9.153646E-19
6.298118E+03	5.987949E-17	9.154774E-19
6.298319E+03	5.987423E-17	9.153162E-19
6.298519E+03	5.986758E-17	9.151341E-19
6.298719E+03	5.990779E-17	9.156683E-19
6.298919E+03	5.995493E-17	9.163090E-19
6.299119E+03	5.994964E-17	9.161483E-19
6.299319E+03	5.996642E-17	9.163249E-19
6.299519E+03	5.998046E-17	9.164596E-19
6.299718E+03	5.997374E-17	9.162781E-19
6.299918E+03	5.996844E-17	9.161179E-19
6.300118E+03	5.997557E-17	9.161475E-19
6.300319E+03	6.000206E-17	9.164726E-19
6.300519E+03	6.000643E-17	9.164606E-19
6.300718E+03	6.000247E-17	9.163220E-19
6.300918E+03	6.001650E-17	9.164577E-19
6.301118E+03	6.002916E-17	9.165723E-19
6.301318E+03	6.002385E-17	9.164133E-19
6.301518E+03	6.003235E-17	9.164651E-19
6.301718E+03	6.001874E-17	9.161794E-19
6.301918E+03	5.999685E-17	9.157673E-19
6.302118E+03	6.001503E-17	9.159674E-19
6.302318E+03	6.005256E-17	9.164629E-19
6.302518E+03	6.008735E-17	9.169166E-19
6.302718E+03	6.007511E-17	9.166524E-19
6.302918E+03	6.006840E-17	9.164733E-19
6.303118E+03	6.007000E-17	9.164210E-19
6.303318E+03	6.006882E-17	9.163263E-19
6.303519E+03	6.005247E-17	9.159999E-19
6.303719E+03	6.002917E-17	9.155685E-19
6.303919E+03	6.002799E-17	9.154746E-19
6.304119E+03	6.000885E-17	9.151067E-19
6.304319E+03	5.998972E-17	9.147391E-19
6.304519E+03	6.000926E-17	9.149618E-19
6.304719E+03	6.001637E-17	9.149949E-19
6.304919E+03	6.002486E-17	9.150491E-19
6.305119E+03	6.004579E-17	9.152929E-19
6.305319E+03	6.005843E-17	9.154109E-19
6.305519E+03	6.005310E-17	9.152550E-19
6.305719E+03	6.007128E-17	9.154574E-19
6.305919E+03	6.007286E-17	9.154068E-19
6.306119E+03	6.007306E-17	9.153358E-19
6.306319E+03	6.009953E-17	9.156652E-19
6.306519E+03	6.010942E-17	9.157418E-19
6.306719E+03	6.012207E-17	9.158604E-19
6.306919E+03	6.013056E-17	9.159164E-19
6.307119E+03	6.016123E-17	9.163101E-19
6.307319E+03	6.020299E-17	9.168727E-19
6.307519E+03	6.019625E-17	9.166966E-19
6.307719E+03	6.020614E-17	9.167745E-19
6.307919E+03	6.022296E-17	9.169577E-19
6.308119E+03	6.025228E-17	9.173313E-19
6.308319E+03	6.028994E-17	9.178317E-19
6.308519E+03	6.031234E-17	9.181005E-19
6.308719E+03	6.033475E-17	9.183694E-19
6.308920E+03	6.035303E-17	9.185749E-19
6.309120E+03	6.036433E-17	9.186747E-19
6.309320E+03	6.038815E-17	9.189655E-19
6.309520E+03	6.040779E-17	9.191927E-19
6.309720E+03	6.042467E-17	9.193779E-19
6.309920E+03	6.046104E-17	9.198595E-19
6.310120E+03	6.047931E-17	9.200664E-19
6.310320E+03	6.050734E-17	9.204218E-19
6.310520E+03	6.052703E-17	9.206501E-19
6.310720E+03	6.052442E-17	9.205394E-19
6.310920E+03	6.052319E-17	9.204503E-19
6.311120E+03	6.055404E-17	9.208488E-19
6.311320E+03	6.056537E-17	9.209508E-19
6.311520E+03	6.055577E-17	9.207344E-19
6.311720E+03	6.058802E-17	9.211549E-19
6.311919E+03	6.062165E-17	9.215966E-19
6.312119E+03	6.063159E-17	9.216779E-19
6.312319E+03	6.064852E-17	9.218653E-19
6.312520E+03	6.065570E-17	9.219050E-19
6.312720E+03	6.068380E-17	9.222628E-19
6.312919E+03	6.070770E-17	9.225571E-19
6.313119E+03	6.069109E-17	9.222355E-19
6.313319E+03	6.067868E-17	9.219784E-19
6.313519E+03	6.069281E-17	9.221245E-19
6.313719E+03	6.071673E-17	9.224195E-19
6.313919E+03	6.074905E-17	9.228418E-19
6.314120E+03	6.077863E-17	9.232229E-19
6.314320E+03	6.079418E-17	9.233912E-19
6.314520E+03	6.080834E-17	9.235383E-19
6.314720E+03	6.083651E-17	9.238981E-19
6.314920E+03	6.085627E-17	9.241309E-19
6.315120E+03	6.087464E-17	9.243426E-19
6.315320E+03	6.089302E-17	9.245543E-19
6.315520E+03	6.092964E-17	9.250429E-19
6.315720E+03	6.097049E-17	9.255964E-19
6.315920E+03	6.101277E-17	9.261715E-19
6.316120E+03	6.103681E-17	9.264696E-19
6.316320E+03	6.104960E-17	9.265970E-19
6.316520E+03	6.106661E-17	9.267890E-19
6.316720E+03	6.105411E-17	9.265332E-19
6.316920E+03	6.104441E-17	9.263199E-19
6.317120E+03	6.105721E-17	9.264479E-19
6.317320E+03	6.106297E-17	9.264701E-19
6.317520E+03	6.104764E-17	9.261720E-19
6.317720E+03	6.104498E-17	9.260663E-19
6.317920E+03	6.107745E-17	9.264934E-19
6.318120E+03	6.107619E-17	9.264095E-19
6.318320E+03	6.109460E-17	9.266241E-19
6.318520E+03	6.109895E-17	9.266254E-19
6.318720E+03	6.109065E-17	9.264347E-19
6.318920E+03	6.108797E-17	9.263302E-19
6.319120E+03	6.108951E-17	9.262894E-19
6.319320E+03	6.110511E-17	9.264620E-19
6.319521E+03	6.111371E-17	9.265281E-19
6.319721E+03	6.111384E-17	9.264667E-19
6.319921E+03	6.111960E-17	9.264907E-19
6.320121E+03	6.111691E-17	9.263865E-19
6.320321E+03	6.111422E-17	9.262825E-19
6.320521E+03	6.114812E-17	9.267337E-19
6.320721E+03	6.118064E-17	9.271638E-19
6.320921E+03	6.118357E-17	9.271456E-19
6.321121E+03	6.119778E-17	9.272982E-19
6.321321E+03	6.120494E-17	9.273448E-19
6.321521E+03	6.119379E-17	9.271139E-19
6.321721E+03	6.119532E-17	9.270750E-19
6.321921E+03	6.123066E-17	9.275485E-19
6.322121E+03	6.126463E-17	9.280017E-19
6.322321E+03	6.128308E-17	9.282199E-19
6.322521E+03	6.128883E-17	9.282456E-19
6.322721E+03	6.130306E-17	9.283998E-19
6.322921E+03	6.130458E-17	9.283622E-19
6.323121E+03	6.127786E-17	9.278970E-19
6.323321E+03	6.127797E-17	9.278381E-19
6.323521E+03	6.126538E-17	9.275869E-19
6.323721E+03	6.127253E-17	9.276353E-19
6.323921E+03	6.130509E-17	9.280683E-19
6.324121E+03	6.130378E-17	9.279885E-19
6.324321E+03	6.129259E-17	9.277593E-19
6.324520E+03	6.131100E-17	9.279791E-19
6.324721E+03	6.132243E-17	9.280926E-19
6.324922E+03	6.134515E-17	9.283770E-19
6.325122E+03	6.137633E-17	9.287896E-19
6.325322E+03	6.141034E-17	9.292458E-19
6.325521E+03	6.142313E-17	9.293810E-19
6.325721E+03	6.142463E-17	9.293452E-19
6.325921E+03	6.140633E-17	9.290098E-19
6.326121E+03	6.139369E-17	9.287608E-19
6.326321E+03	6.140084E-17	9.288112E-19
6.326521E+03	6.141224E-17	9.289257E-19
6.326721E+03	6.145618E-17	9.295326E-19
6.326921E+03	6.150580E-17	9.302260E-19
6.327121E+03	6.155405E-17	9.308985E-19
6.327321E+03	6.158390E-17	9.312927E-19
6.327521E+03	6.160525E-17	9.315584E-19
6.327721E+03	6.163654E-17	9.319750E-19
6.327921E+03	6.165790E-17	9.322413E-19
6.328121E+03	6.166792E-17	9.323362E-19
6.328321E+03	6.168218E-17	9.324954E-19
6.328521E+03	6.168793E-17	9.325264E-19
6.328721E+03	6.170078E-17	9.326648E-19
6.328921E+03	6.172785E-17	9.330180E-19
6.329121E+03	6.175919E-17	9.334359E-19
6.329321E+03	6.176779E-17	9.335106E-19
6.329521E+03	6.179346E-17	9.338435E-19
6.329721E+03	6.181771E-17	9.341548E-19
6.329921E+03	6.180496E-17	9.339068E-19
6.330122E+03	6.180078E-17	9.337891E-19
6.330322E+03	6.181079E-17	9.338858E-19
6.330522E+03	6.182224E-17	9.340043E-19
6.330722E+03	6.180949E-17	9.337572E-19
6.330922E+03	6.178676E-17	9.333602E-19
6.331122E+03	6.180672E-17	9.336080E-19
6.331322E+03	6.182243E-17	9.337916E-19
6.331522E+03	6.184668E-17	9.341041E-19
6.331722E+03	6.185954E-17	9.342453E-19
6.331922E+03	6.186243E-17	9.342360E-19
6.332122E+03	6.184965E-17	9.339900E-19
6.332322E+03	6.183403E-17	9.337011E-19
6.332522E+03	6.184546E-17	9.338215E-19
6.332722E+03	6.184692E-17	9.337913E-19
6.332922E+03	6.183414E-17	9.335460E-19
6.333122E+03	6.186835E-17	9.340102E-19
6.333322E+03	6.187265E-17	9.340238E-19
6.333522E+03	6.186556E-17	9.338652E-19
6.333722E+03	6.189977E-17	9.343301E-19
6.333922E+03	6.190266E-17	9.343221E-19
6.334122E+03	6.188558E-17	9.340135E-19
6.334322E+03	6.190983E-17	9.343288E-19
6.334522E+03	6.194264E-17	9.347732E-19
6.334722E+03	6.195550E-17	9.349164E-19
6.334922E+03	6.197121E-17	9.351034E-19
6.335122E+03	6.198264E-17	9.352257E-19
6.335322E+03	6.200692E-17	9.355420E-19
6.335523E+03	6.203697E-17	9.359449E-19
6.335723E+03	6.203696E-17	9.358955E-19
6.335923E+03	6.206413E-17	9.362559E-19
6.336123E+03	6.205841E-17	9.361204E-19
6.336323E+03	6.206985E-17	9.362434E-19
6.336523E+03	6.207271E-17	9.362380E-19
6.336723E+03	6.207986E-17	9.362971E-19
6.336922E+03	6.209697E-17	9.365068E-19
6.337123E+03	6.211560E-17	9.367388E-19
6.337323E+03	6.213704E-17	9.370142E-19
6.337523E+03	6.217567E-17	9.375488E-19
6.337722E+03	6.221001E-17	9.380188E-19
6.337922E+03	6.224438E-17	9.384891E-19
6.338122E+03	6.226301E-17	9.387226E-19
6.338322E+03	6.226442E-17	9.386966E-19
6.338522E+03	6.226441E-17	9.386491E-19
6.338722E+03	6.227156E-17	9.387096E-19
6.338922E+03	6.227584E-17	9.387276E-19
6.339122E+03	6.229876E-17	9.390266E-19
6.339322E+03	6.231739E-17	9.392608E-19
6.339522E+03	6.230445E-17	9.390191E-19
6.339722E+03	6.227860E-17	9.385838E-19
6.339922E+03	6.230438E-17	9.389265E-19
6.340122E+03	6.232300E-17	9.391614E-19
6.340322E+03	6.233015E-17	9.392232E-19
6.340522E+03	6.234015E-17	9.393288E-19
6.340723E+03	6.235306E-17	9.394781E-19
6.340923E+03	6.237601E-17	9.397787E-19
6.341123E+03	6.238889E-17	9.399276E-19
6.341323E+03	6.237879E-17	9.397311E-19
6.341523E+03	6.241035E-17	9.401621E-19
6.341723E+03	6.241317E-17	9.401602E-19
6.341923E+03	6.240594E-17	9.400069E-19
6.342123E+03	6.241594E-17	9.401139E-19
6.342323E+03	6.243456E-17	9.403508E-19
6.342523E+03	6.244026E-17	9.403929E-19
6.342723E+03	6.243015E-17	9.401969E-19
6.342923E+03	6.245452E-17	9.405210E-19
6.343123E+03	6.245590E-17	9.404989E-19
6.343323E+03	6.246446E-17	9.405849E-19
6.343523E+03	6.248596E-17	9.408658E-19
6.343723E+03	6.246000E-17	9.404326E-19
6.343923E+03	6.244986E-17	9.402377E-19
6.344123E+03	6.247568E-17	9.405844E-19
6.344323E+03	6.247560E-17	9.405410E-19
6.344523E+03	6.246545E-17	9.403467E-19
6.344723E+03	6.246681E-17	9.403257E-19
6.344923E+03	6.245952E-17	9.401746E-19
6.345123E+03	6.246808E-17	9.402620E-19
6.345323E+03	6.250684E-17	9.408046E-19
6.345523E+03	6.253121E-17	9.411308E-19
6.345723E+03	6.250665E-17	9.407203E-19
6.345923E+03	6.247634E-17	9.402234E-19
6.346124E+03	6.248202E-17	9.402688E-19
6.346324E+03	6.249487E-17	9.404222E-19
6.346524E+03	6.249189E-17	9.403374E-19
6.346724E+03	6.250330E-17	9.404691E-19
6.346924E+03	6.250895E-17	9.405148E-19
6.347124E+03	6.253331E-17	9.408421E-19
6.347324E+03	6.255049E-17	9.410614E-19
6.347524E+03	6.255327E-17	9.410638E-19
6.347724E+03	6.258195E-17	9.414568E-19
6.347924E+03	6.261067E-17	9.418502E-19
6.348124E+03	6.261630E-17	9.418964E-19
6.348324E+03	6.262628E-17	9.420080E-19
6.348524E+03	6.263047E-17	9.420331E-19
6.348724E+03	6.263755E-17	9.421018E-19
6.348924E+03	6.266195E-17	9.424309E-19
6.349124E+03	6.267480E-17	9.425863E-19
6.349324E+03	6.271654E-17	9.431768E-19
6.349524E+03	6.272073E-17	9.432026E-19
6.349724E+03	6.269893E-17	9.428377E-19
6.349923E+03	6.271319E-17	9.430151E-19
6.350123E+03	6.273760E-17	9.433458E-19
6.350324E+03	6.272592E-17	9.431336E-19
6.350523E+03	6.274307E-17	9.433551E-19
6.350723E+03	6.275593E-17	9.435120E-19
6.350923E+03	6.274277E-17	9.432784E-19
6.351123E+03	6.273538E-17	9.431316E-19
6.351324E+03	6.272803E-17	9.429853E-19
6.351524E+03	6.273077E-17	9.429907E-19
6.351724E+03	6.273349E-17	9.429967E-19
6.351924E+03	6.271022E-17	9.426119E-19
6.352124E+03	6.273170E-17	9.428999E-19
6.352324E+03	6.277344E-17	9.434922E-19
6.352524E+03	6.279638E-17	9.438028E-19
6.352724E+03	6.280922E-17	9.439615E-19
6.352924E+03	6.281194E-17	9.439680E-19
6.353124E+03	6.282621E-17	9.441483E-19
6.353324E+03	6.286799E-17	9.447426E-19
6.353524E+03	6.288663E-17	9.449890E-19
6.353724E+03	6.286038E-17	9.445609E-19
6.353924E+03	6.285439E-17	9.444374E-19
6.354124E+03	6.285130E-17	9.443581E-19
6.354324E+03	6.285688E-17	9.444092E-19
6.354524E+03	6.288998E-17	9.448736E-19
6.354724E+03	6.293325E-17	9.454907E-19
6.354924E+03	6.294897E-17	9.456948E-19
6.355124E+03	6.294006E-17	9.455287E-19
6.355324E+03	6.293260E-17	9.453846E-19
6.355524E+03	6.295703E-17	9.457194E-19
6.355724E+03	6.298001E-17	9.460331E-19
6.355924E+03	6.299138E-17	9.461724E-19
6.356124E+03	6.301002E-17	9.464210E-19
6.356324E+03	6.303447E-17	9.467567E-19
6.356524E+03	6.306036E-17	9.471148E-19
6.356725E+03	6.310083E-17	9.476917E-19
6.356925E+03	6.313256E-17	9.481375E-19
6.357125E+03	6.315414E-17	9.484307E-19
6.357325E+03	6.314662E-17	9.482877E-19
6.357525E+03	6.314493E-17	9.482322E-19
6.357725E+03	6.315631E-17	9.483730E-19
6.357925E+03	6.316770E-17	9.485139E-19
6.358125E+03	6.317762E-17	9.486335E-19
6.358325E+03	6.318610E-17	9.487314E-19
6.358525E+03	6.318439E-17	9.486763E-19
6.358725E+03	6.317395E-17	9.484902E-19
6.358925E+03	6.318822E-17	9.486759E-19
6.359125E+03	6.319814E-17	9.487961E-19
6.359325E+03	6.320079E-17	9.488072E-19
6.359525E+03	6.322817E-17	9.491896E-19
6.359725E+03	6.325265E-17	9.495290E-19
6.359925E+03	6.324945E-17	9.494530E-19
6.360125E+03	6.325936E-17	9.495739E-19
6.360325E+03	6.330134E-17	9.501760E-19
6.360525E+03	6.331562E-17	9.503630E-19
6.360725E+03	6.331242E-17	9.502877E-19
6.360925E+03	6.331212E-17	9.502560E-19
6.361125E+03	6.332057E-17	9.503555E-19
6.361325E+03	6.332755E-17	9.504338E-19
6.361525E+03	6.333600E-17	9.505340E-19
6.361725E+03	6.337363E-17	9.510721E-19
6.361926E+03	6.339817E-17	9.514136E-19
6.362126E+03	6.340077E-17	9.514268E-19
6.362325E+03	6.342378E-17	9.517463E-19
6.362525E+03	6.343953E-17	9.519568E-19
6.362725E+03	6.345090E-17	9.521015E-19
6.362925E+03	6.345496E-17	9.521372E-19
6.363125E+03	6.347070E-17	9.523482E-19
6.363325E+03	6.349083E-17	9.526251E-19
6.363525E+03	6.349781E-17	9.527046E-19
6.363725E+03	6.350185E-17	9.527406E-19
6.363925E+03	6.350443E-17	9.527549E-19
6.364125E+03	6.352457E-17	9.530326E-19
6.364325E+03	6.351398E-17	9.528492E-19
6.364525E+03	6.350632E-17	9.527105E-19
6.364725E+03	6.349865E-17	9.525716E-19
6.364925E+03	6.350707E-17	9.526741E-19
6.365125E+03	6.349648E-17	9.524916E-19
6.365325E+03	6.346249E-17	9.519586E-19
6.365525E+03	6.346359E-17	9.519520E-19
6.365725E+03	6.344423E-17	9.516385E-19
6.365925E+03	6.342925E-17	9.513908E-19
6.366125E+03	6.345954E-17	9.518228E-19
6.366325E+03	6.346355E-17	9.518605E-19
6.366525E+03	6.346609E-17	9.518764E-19
6.366725E+03	6.346279E-17	9.518045E-19
6.366925E+03	6.345363E-17	9.516454E-19
6.367125E+03	6.345616E-17	9.516617E-19
6.367326E+03	6.346896E-17	9.518319E-19
6.367526E+03	6.344810E-17	9.514975E-19
6.367726E+03	6.346376E-17	9.517114E-19
6.367926E+03	6.348528E-17	9.520131E-19
6.368126E+03	6.348196E-17	9.519424E-19
6.368326E+03	6.349177E-17	9.520686E-19
6.368526E+03	6.350159E-17	9.521956E-19
6.368726E+03	6.347486E-17	9.517746E-19
6.368926E+03	6.347298E-17	9.517261E-19
6.369126E+03	6.349448E-17	9.520283E-19
6.369326E+03	6.348820E-17	9.519146E-19
6.369526E+03	6.349654E-17	9.520200E-19
6.369726E+03	6.351950E-17	9.523447E-19
6.369926E+03	6.351761E-17	9.522968E-19
6.370126E+03	6.352009E-17	9.523151E-19
6.370326E+03	6.353134E-17	9.524649E-19
6.370526E+03	6.353382E-17	9.524832E-19
6.370726E+03	6.354069E-17	9.525673E-19
6.370926E+03	6.352998E-17	9.523887E-19
6.371126E+03	6.353099E-17	9.523856E-19
6.371326E+03	6.353345E-17	9.524043E-19
6.371526E+03	6.352861E-17	9.523135E-19
6.371726E+03	6.352520E-17	9.522451E-19
6.371926E+03	6.353935E-17	9.524397E-19
6.372126E+03	6.354327E-17	9.524810E-19
6.372326E+03	6.355012E-17	9.525661E-19
6.372527E+03	6.355258E-17	9.525862E-19
6.372727E+03	6.356087E-17	9.526937E-19
6.372927E+03	6.358087E-17	9.529766E-19
6.373127E+03	6.358918E-17	9.530843E-19
6.373327E+03	6.359452E-17	9.531483E-19
6.373527E+03	6.359842E-17	9.531906E-19
6.373727E+03	6.359792E-17	9.531670E-19
6.373927E+03	6.359594E-17	9.531213E-19
6.374127E+03	6.359397E-17	9.530763E-19
6.374327E+03	6.359491E-17	9.530750E-19
6.374526E+03	6.358264E-17	9.528758E-19
6.374726E+03	6.354700E-17	9.523263E-19
6.374926E+03	6.355232E-17	9.523913E-19
6.375127E+03	6.354889E-17	9.523252E-19
6.375326E+03	6.354687E-17	9.522802E-19
6.375526E+03	6.354341E-17	9.522136E-19
6.375726E+03	6.355310E-17	9.523448E-19
6.375926E+03	6.356426E-17	9.524980E-19
6.376126E+03	6.355787E-17	9.523882E-19
6.376326E+03	6.355732E-17	9.523660E-19
6.376526E+03	6.356993E-17	9.525416E-19
6.376726E+03	6.356497E-17	9.524539E-19
6.376926E+03	6.357467E-17	9.525859E-19
6.377126E+03	6.358289E-17	9.526957E-19
6.377326E+03	6.355742E-17	9.523014E-19
6.377526E+03	6.354514E-17	9.521048E-19
6.377726E+03	6.355188E-17	9.521931E-19
6.377927E+03	6.357037E-17	9.524574E-19
6.378127E+03	6.357564E-17	9.525243E-19
6.378327E+03	6.357065E-17	9.524375E-19
6.378527E+03	6.356128E-17	9.522852E-19
6.378727E+03	6.355483E-17	9.521767E-19
6.378927E+03	6.355129E-17	9.521123E-19
6.379127E+03	6.354045E-17	9.519385E-19
6.379327E+03	6.352960E-17	9.517647E-19
6.379527E+03	6.351876E-17	9.515910E-19
6.379727E+03	6.347719E-17	9.509577E-19
6.379927E+03	6.346488E-17	9.507626E-19
6.380127E+03	6.344673E-17	9.504800E-19
6.380327E+03	6.345341E-17	9.505695E-19
6.380527E+03	6.347470E-17	9.508785E-19
6.380727E+03	6.349599E-17	9.511874E-19
6.380927E+03	6.350851E-17	9.513651E-19
6.381127E+03	6.352104E-17	9.515429E-19
6.381327E+03	6.353940E-17	9.518086E-19
6.381527E+03	6.355630E-17	9.520525E-19
6.381727E+03	6.356737E-17	9.522090E-19
6.381927E+03	6.357696E-17	9.523433E-19
6.382127E+03	6.358069E-17	9.523906E-19
6.382327E+03	6.358294E-17	9.524156E-19
6.382527E+03	6.359106E-17	9.525286E-19
6.382727E+03	6.359185E-17	9.525319E-19
6.382927E+03	6.361607E-17	9.528867E-19
6.383128E+03	6.363154E-17	9.531104E-19
6.383328E+03	6.363818E-17	9.532019E-19
6.383528E+03	6.366240E-17	9.535568E-19
6.383728E+03	6.369249E-17	9.540001E-19
6.383928E+03	6.371086E-17	9.542680E-19
6.384128E+03	6.374831E-17	9.548217E-19
6.384328E+03	6.375789E-17	9.549578E-19
6.384528E+03	6.375276E-17	9.548743E-19
6.384728E+03	6.376232E-17	9.550109E-19
6.384928E+03	6.376747E-17	9.550814E-19
6.385128E+03	6.376529E-17	9.550421E-19
6.385328E+03	6.374987E-17	9.548052E-19
6.385528E+03	6.372712E-17	9.544584E-19
6.385728E+03	6.375575E-17	9.548812E-19
6.385928E+03	6.376822E-17	9.550621E-19
6.386128E+03	6.378215E-17	9.552654E-19
6.386328E+03	6.377846E-17	9.552048E-19
6.386528E+03	6.377331E-17	9.551224E-19
6.386727E+03	6.379897E-17	9.555013E-19
6.386927E+03	6.382317E-17	9.558591E-19
6.387127E+03	6.381358E-17	9.557108E-19
6.387328E+03	6.382902E-17	9.559374E-19
6.387528E+03	6.385618E-17	9.563394E-19
6.387727E+03	6.384359E-17	9.561469E-19
6.387927E+03	6.383546E-17	9.560212E-19
6.388127E+03	6.385085E-17	9.562476E-19
6.388327E+03	6.387947E-17	9.566722E-19
6.388528E+03	6.390371E-17	9.570319E-19
6.388728E+03	6.393970E-17	9.575675E-19
6.388928E+03	6.396835E-17	9.579932E-19
6.389128E+03	6.399407E-17	9.583750E-19
6.389328E+03	6.402714E-17	9.588676E-19
6.389528E+03	6.404843E-17	9.591838E-19
6.389728E+03	6.406531E-17	9.594338E-19
6.389928E+03	6.409991E-17	9.599493E-19
6.390128E+03	6.412122E-17	9.602663E-19
6.390328E+03	6.413218E-17	9.604284E-19
6.390528E+03	6.414759E-17	9.606572E-19
6.390728E+03	6.417925E-17	9.611292E-19
6.390928E+03	6.420647E-17	9.615355E-19
6.391128E+03	6.421449E-17	9.616542E-19
6.391328E+03	6.423285E-17	9.619277E-19
6.391528E+03	6.422312E-17	9.617806E-19
6.391728E+03	6.422371E-17	9.617887E-19
6.391928E+03	6.423763E-17	9.619964E-19
6.392128E+03	6.423380E-17	9.619383E-19
6.392328E+03	6.421814E-17	9.617030E-19
6.392528E+03	6.423942E-17	9.620215E-19
6.392728E+03	6.426071E-17	9.623403E-19
6.392928E+03	6.428647E-17	9.627259E-19
6.393128E+03	6.431665E-17	9.631779E-19
6.393328E+03	6.432463E-17	9.632979E-19
6.393528E+03	6.434150E-17	9.635510E-19
6.393729E+03	6.434357E-17	9.635826E-19
6.393929E+03	6.433377E-17	9.634364E-19
6.394129E+03	6.433580E-17	9.634680E-19
6.394329E+03	6.435561E-17	9.637658E-19
6.394529E+03	6.435764E-17	9.637974E-19
6.394729E+03	6.435523E-17	9.637625E-19
6.394929E+03	6.436169E-17	9.638610E-19
6.395129E+03	6.438445E-17	9.642038E-19
6.395329E+03	6.439091E-17	9.643024E-19
6.395529E+03	6.440479E-17	9.645120E-19
6.395729E+03	6.442903E-17	9.648776E-19
6.395929E+03	6.444439E-17	9.651100E-19
6.396129E+03	6.447458E-17	9.655647E-19
6.396329E+03	6.449143E-17	9.658195E-19
6.396529E+03	6.451718E-17	9.662083E-19
6.396729E+03	6.455631E-17	9.667973E-19
6.396929E+03	6.459248E-17	9.673422E-19
6.397129E+03	6.462720E-17	9.678653E-19
6.397329E+03	6.461875E-17	9.677425E-19
6.397529E+03	6.460732E-17	9.675751E-19
6.397729E+03	6.460483E-17	9.675416E-19
6.397929E+03	6.458596E-17	9.672628E-19
6.398129E+03	6.459386E-17	9.673855E-19
6.398329E+03	6.458094E-17	9.671964E-19
6.398529E+03	6.456950E-17	9.670294E-19
6.398729E+03	6.457590E-17	9.671297E-19
6.398928E+03	6.458375E-17	9.672523E-19
6.399130E+03	6.459466E-17	9.674207E-19
6.399329E+03	6.459804E-17	9.674764E-19
6.399529E+03	6.459848E-17	9.674881E-19
6.399730E+03	6.461977E-17	9.678126E-19
6.399930E+03	6.463507E-17	9.680474E-19
6.400130E+03	6.466079E-17	9.684383E-19
6.400329E+03	6.466118E-17	9.684499E-19
6.400529E+03	6.464819E-17	9.682616E-19
6.400729E+03	6.464858E-17	9.682737E-19
6.400929E+03	6.465494E-17	9.683752E-19
6.401129E+03	6.468512E-17	9.688336E-19
6.401329E+03	6.471828E-17	9.693373E-19
6.401529E+03	6.475294E-17	9.698634E-19
6.401729E+03	6.478315E-17	9.703228E-19
6.401929E+03	6.482382E-17	9.709389E-19
6.402129E+03	6.484808E-17	9.713099E-19
6.402329E+03	6.487085E-17	9.716584E-19
6.402529E+03	6.486972E-17	9.716491E-19
6.402729E+03	6.489399E-17	9.720202E-19
6.402929E+03	6.495113E-17	9.728844E-19
6.403129E+03	6.498738E-17	9.734356E-19
6.403329E+03	6.498473E-17	9.734041E-19
6.403529E+03	6.498507E-17	9.734175E-19
6.403729E+03	6.501983E-17	9.739469E-19
6.403929E+03	6.505759E-17	9.745215E-19
6.404129E+03	6.508038E-17	9.748718E-19
6.404330E+03	6.508823E-17	9.749982E-19
6.404530E+03	6.509153E-17	9.750572E-19
6.404730E+03	6.509634E-17	9.751387E-19
6.404930E+03	6.509964E-17	9.751977E-19
6.405130E+03	6.509394E-17	9.751218E-19
6.405330E+03	6.510773E-17	9.753385E-19
6.405530E+03	6.512600E-17	9.756223E-19
6.405730E+03	6.514428E-17	9.759063E-19
6.405930E+03	6.517758E-17	9.764153E-19
6.406130E+03	6.521988E-17	9.770597E-19
6.406330E+03	6.525619E-17	9.776145E-19
6.406530E+03	6.530005E-17	9.782824E-19
6.406730E+03	6.532738E-17	9.787025E-19
6.406930E+03	6.536223E-17	9.792361E-19
6.407130E+03	6.541517E-17	9.800406E-19
6.407330E+03	6.544103E-17	9.804395E-19
6.407530E+03	6.543072E-17	9.802965E-19
6.407730E+03	6.545807E-17	9.807182E-19
6.407930E+03	6.548092E-17	9.810726E-19
6.408130E+03	6.549923E-17	9.813590E-19
6.408330E+03	6.553113E-17	9.818490E-19
6.408530E+03	6.557209E-17	9.824755E-19
6.408730E+03	6.558588E-17	9.826947E-19
6.408930E+03	6.561177E-17	9.830953E-19
6.409130E+03	6.561952E-17	9.832241E-19
6.409330E+03	6.562574E-17	9.833307E-19
6.409530E+03	6.562744E-17	9.833694E-19
6.409731E+03	6.565788E-17	9.838390E-19
6.409931E+03	6.568226E-17	9.842177E-19
6.410131E+03	6.571721E-17	9.847552E-19
6.410331E+03	6.574159E-17	9.851346E-19
6.410531E+03	6.575992E-17	9.854232E-19
6.410731E+03	6.577825E-17	9.857118E-19
6.410931E+03	6.577385E-17	9.856604E-19
6.411131E+03	6.579216E-17	9.859494E-19
6.411331E+03	6.583170E-17	9.865565E-19
6.411530E+03	6.585455E-17	9.869135E-19
6.411730E+03	6.586983E-17	9.871577E-19
6.411931E+03	6.588666E-17	9.874252E-19
6.412131E+03	6.589438E-17	9.875561E-19
6.412331E+03	6.592180E-17	9.879823E-19
6.412530E+03	6.595072E-17	9.884314E-19
6.412730E+03	6.597512E-17	9.888130E-19
6.412930E+03	6.598281E-17	9.889441E-19
6.413130E+03	6.601634E-17	9.894624E-19
6.413330E+03	6.602249E-17	9.895711E-19
6.413530E+03	6.604233E-17	9.898850E-19
6.413730E+03	6.608348E-17	9.905182E-19
6.413930E+03	6.609877E-17	9.907639E-19
6.414130E+03	6.610338E-17	9.908501E-19
6.414330E+03	6.610801E-17	9.909365E-19
6.414530E+03	6.610654E-17	9.909316E-19
6.414730E+03	6.613399E-17	9.913602E-19
6.414931E+03	6.617061E-17	9.919269E-19
6.415131E+03	6.621331E-17	9.925847E-19
6.415331E+03	6.623164E-17	9.928772E-19
6.415531E+03	6.624234E-17	9.930554E-19
6.415731E+03	6.626524E-17	9.934170E-19
6.415931E+03	6.626220E-17	9.933897E-19
6.416131E+03	6.628509E-17	9.937512E-19
6.416331E+03	6.631257E-17	9.941816E-19
6.416531E+03	6.633089E-17	9.944752E-19
6.416731E+03	6.633239E-17	9.945167E-19
6.416931E+03	6.635223E-17	9.948332E-19
6.417131E+03	6.639195E-17	9.954476E-19
6.417331E+03	6.643473E-17	9.961086E-19
6.417531E+03	6.647754E-17	9.967702E-19
6.417731E+03	6.650965E-17	9.972713E-19
6.417931E+03	6.652800E-17	9.975660E-19
6.418131E+03	6.654785E-17	9.978838E-19
6.418331E+03	6.656771E-17	9.982019E-19
6.418531E+03	6.659371E-17	9.986119E-19
6.418731E+03	6.660745E-17	9.988383E-19
6.418931E+03	6.662270E-17	9.990878E-19
6.419131E+03	6.662109E-17	9.990844E-19
6.419331E+03	6.664708E-17	9.994951E-19
6.419531E+03	6.669152E-17	1.000182E-18
6.419731E+03	6.673596E-17	1.000870E-18
6.419931E+03	6.674967E-17	1.001097E-18
6.420131E+03	6.675725E-17	1.001233E-18
6.420332E+03	6.676794E-17	1.001415E-18
6.420532E+03	6.678471E-17	1.001688E-18
6.420732E+03	6.682918E-17	1.002377E-18
6.420932E+03	6.681674E-17	1.002213E-18
6.421132E+03	6.682123E-17	1.002302E-18
6.421332E+03	6.685339E-17	1.002807E-18
6.421532E+03	6.689480E-17	1.003451E-18
6.421732E+03	6.693779E-17	1.004119E-18
6.421932E+03	6.695151E-17	1.004347E-18
6.422132E+03	6.698679E-17	1.004900E-18
6.422332E+03	6.703135E-17	1.005592E-18
6.422532E+03	6.706050E-17	1.006052E-18
6.422732E+03	6.708658E-17	1.006467E-18
6.422932E+03	6.710646E-17	1.006789E-18
6.423132E+03	6.711088E-17	1.006880E-18
6.423332E+03	6.712304E-17	1.007086E-18
6.423532E+03	6.714603E-17	1.007455E-18
6.423732E+03	6.716899E-17	1.007824E-18
6.423931E+03	6.719966E-17	1.008309E-18
6.424132E+03	6.721494E-17	1.008563E-18
6.424332E+03	6.723484E-17	1.008886E-18
6.424532E+03	6.726555E-17	1.009372E-18
6.424731E+03	6.727921E-17	1.009602E-18
6.424931E+03	6.731769E-17	1.010205E-18
6.425131E+03	6.736706E-17	1.010971E-18
6.425331E+03	6.742730E-17	1.011901E-18
6.425532E+03	6.745811E-17	1.012389E-18
6.425732E+03	6.746248E-17	1.012481E-18
6.425932E+03	6.745754E-17	1.012432E-18
6.426132E+03	6.747277E-17	1.012687E-18
6.426332E+03	6.750820E-17	1.013245E-18
6.426532E+03	6.754521E-17	1.013827E-18
6.426732E+03	6.756202E-17	1.014106E-18
6.426932E+03	6.758191E-17	1.014432E-18
6.427132E+03	6.761114E-17	1.014898E-18
6.427332E+03	6.765442E-17	1.015575E-18
6.427532E+03	6.772890E-17	1.016720E-18
6.427732E+03	6.775506E-17	1.017140E-18
6.427932E+03	6.777966E-17	1.017537E-18
6.428132E+03	6.779336E-17	1.017771E-18
6.428332E+03	6.781485E-17	1.018121E-18
6.428532E+03	6.785665E-17	1.018777E-18
6.428732E+03	6.790159E-17	1.019480E-18
6.428932E+03	6.791371E-17	1.019690E-18
6.429132E+03	6.794461E-17	1.020183E-18
6.429332E+03	6.798175E-17	1.020769E-18
6.429532E+03	6.800170E-17	1.021098E-18
6.429732E+03	6.801694E-17	1.021356E-18
6.429932E+03	6.802906E-17	1.021567E-18
6.430132E+03	6.803646E-17	1.021707E-18
6.430332E+03	6.806736E-17	1.022201E-18
6.430532E+03	6.809984E-17	1.022718E-18
6.430732E+03	6.811508E-17	1.022977E-18
6.430933E+03	6.811465E-17	1.023001E-18
6.431133E+03	6.810791E-17	1.022930E-18
6.431333E+03	6.812784E-17	1.023259E-18
6.431533E+03	6.814149E-17	1.023495E-18
6.431733E+03	6.815042E-17	1.023659E-18
6.431933E+03	6.817033E-17	1.023989E-18
6.432133E+03	6.818868E-17	1.024296E-18
6.432333E+03	6.821017E-17	1.024649E-18
6.432533E+03	6.823793E-17	1.025098E-18
6.432733E+03	6.822956E-17	1.025003E-18
6.432933E+03	6.824318E-17	1.025239E-18
6.433133E+03	6.827724E-17	1.025783E-18
6.433333E+03	6.828456E-17	1.025924E-18
6.433533E+03	6.831074E-17	1.026350E-18
6.433733E+03	6.831177E-17	1.026397E-18
6.433933E+03	6.834112E-17	1.026870E-18
6.434133E+03	6.835943E-17	1.027178E-18
6.434333E+03	6.836201E-17	1.027249E-18
6.434533E+03	6.839293E-17	1.027747E-18
6.434733E+03	6.839235E-17	1.027771E-18
6.434933E+03	6.840750E-17	1.028031E-18
6.435133E+03	6.839272E-17	1.027842E-18
6.435333E+03	6.839527E-17	1.027914E-18
6.435533E+03	6.844037E-17	1.028625E-18
6.435733E+03	6.846338E-17	1.029005E-18
6.435933E+03	6.849744E-17	1.029550E-18
6.436134E+03	6.850946E-17	1.029765E-18
6.436333E+03	6.851669E-17	1.029907E-18
6.436533E+03	6.853024E-17	1.030145E-18
6.436734E+03	6.856117E-17	1.030645E-18
6.436934E+03	6.860473E-17	1.031334E-18
6.437133E+03	6.864197E-17	1.031928E-18
6.437333E+03	6.868714E-17	1.032642E-18
6.437533E+03	6.869437E-17	1.032786E-18
6.437733E+03	6.872848E-17	1.033334E-18
6.437933E+03	6.878637E-17	1.034239E-18
6.438133E+03	6.881101E-17	1.034645E-18
6.438333E+03	6.882614E-17	1.034908E-18
6.438533E+03	6.886823E-17	1.035577E-18
6.438733E+03	6.892144E-17	1.036413E-18
6.438933E+03	6.896674E-17	1.037130E-18
6.439133E+03	6.897871E-17	1.037346E-18
6.439333E+03	6.899066E-17	1.037562E-18
6.439533E+03	6.900422E-17	1.037803E-18
6.439733E+03	6.900028E-17	1.037780E-18
6.439933E+03	6.902970E-17	1.038259E-18
6.440133E+03	6.906866E-17	1.038882E-18
6.440333E+03	6.909971E-17	1.039386E-18
6.440533E+03	6.914824E-17	1.040154E-18
6.440733E+03	6.916974E-17	1.040515E-18
6.440933E+03	6.920877E-17	1.041139E-18
6.441133E+03	6.921593E-17	1.041284E-18
6.441333E+03	6.922944E-17	1.041526E-18
6.441534E+03	6.925734E-17	1.041984E-18
6.441734E+03	6.926607E-17	1.042153E-18
6.441934E+03	6.930033E-17	1.042707E-18
6.442134E+03	6.932661E-17	1.043141E-18
6.442334E+03	6.936247E-17	1.043719E-18
6.442534E+03	6.940474E-17	1.044394E-18
6.442734E+03	6.942306E-17	1.044708E-18
6.442934E+03	6.945094E-17	1.045167E-18
6.443134E+03	6.948364E-17	1.045699E-18
6.443334E+03	6.953397E-17	1.046495E-18
6.443534E+03	6.956190E-17	1.046955E-18
6.443734E+03	6.958501E-17	1.047343E-18
6.443934E+03	6.961773E-17	1.047875E-18
6.444134E+03	6.963926E-17	1.048239E-18
6.444334E+03	6.968966E-17	1.049038E-18
6.444534E+03	6.972081E-17	1.049547E-18
6.444734E+03	6.975358E-17	1.050081E-18
6.444934E+03	6.977029E-17	1.050373E-18
6.445134E+03	6.980791E-17	1.050980E-18
6.445334E+03	6.984067E-17	1.051515E-18
6.445534E+03	6.987508E-17	1.052074E-18
6.445734E+03	6.990627E-17	1.052585E-18
6.445934E+03	6.991817E-17	1.052805E-18
6.446134E+03	6.992520E-17	1.052953E-18
6.446334E+03	6.991935E-17	1.052906E-18
6.446534E+03	6.994249E-17	1.053297E-18
6.446735E+03	6.998339E-17	1.053955E-18
6.446935E+03	6.999200E-17	1.054127E-18
6.447135E+03	7.000546E-17	1.054372E-18
6.447335E+03	7.003182E-17	1.054811E-18
6.447535E+03	7.007271E-17	1.055469E-18
6.447735E+03	7.009262E-17	1.055812E-18
6.447935E+03	7.011574E-17	1.056203E-18
6.448135E+03	7.014050E-17	1.056619E-18
6.448335E+03	7.019919E-17	1.057546E-18
6.448535E+03	7.022881E-17	1.058036E-18
6.448734E+03	7.024384E-17	1.058306E-18
6.448935E+03	7.025245E-17	1.058479E-18
6.449135E+03	7.026590E-17	1.058726E-18
6.449334E+03	7.028900E-17	1.059118E-18
6.449534E+03	7.033319E-17	1.059827E-18
6.449734E+03	7.036444E-17	1.060343E-18
6.449934E+03	7.038112E-17	1.060638E-18
6.450134E+03	7.036050E-17	1.060372E-18
6.450334E+03	7.035771E-17	1.060375E-18
6.450534E+03	7.039380E-17	1.060963E-18
6.450734E+03	7.041856E-17	1.061381E-18
6.450934E+03	7.044168E-17	1.061775E-18
6.451134E+03	7.045994E-17	1.062096E-18
6.451334E+03	7.048144E-17	1.062465E-18
6.451534E+03	7.049160E-17	1.062663E-18
6.451734E+03	7.048711E-17	1.062642E-18
6.451934E+03	7.049723E-17	1.062840E-18
6.452135E+03	7.049439E-17	1.062843E-18
6.452335E+03	7.047692E-17	1.062626E-18
6.452535E+03	7.048539E-17	1.062800E-18
6.452735E+03	7.051983E-17	1.063366E-18
6.452935E+03	7.054292E-17	1.063760E-18
6.453135E+03	7.053840E-17	1.063738E-18
6.453335E+03	7.053384E-17	1.063717E-18
6.453535E+03	7.055690E-17	1.064111E-18
6.453735E+03	7.055885E-17	1.064188E-18
6.453935E+03	7.054779E-17	1.064068E-18
6.454135E+03	7.055458E-17	1.064218E-18
6.454335E+03	7.057437E-17	1.064564E-18
6.454535E+03	7.058766E-17	1.064812E-18
6.454735E+03	7.059932E-17	1.065035E-18
6.454935E+03	7.062397E-17	1.065455E-18
6.455135E+03	7.066977E-17	1.066194E-18
6.455335E+03	7.071724E-17	1.066958E-18
6.455535E+03	7.071750E-17	1.067010E-18
6.455735E+03	7.071446E-17	1.067013E-18
6.455935E+03	7.072772E-17	1.067262E-18
6.456135E+03	7.075725E-17	1.067756E-18
6.456335E+03	7.077867E-17	1.068128E-18
6.456535E+03	7.075604E-17	1.067835E-18
6.456735E+03	7.073669E-17	1.067592E-18
6.456935E+03	7.073526E-17	1.067620E-18
6.457135E+03	7.073871E-17	1.067721E-18
6.457336E+03	7.074052E-17	1.067799E-18
6.457536E+03	7.075208E-17	1.068023E-18
6.457736E+03	7.073595E-17	1.067829E-18
6.457936E+03	7.070029E-17	1.067340E-18
6.458136E+03	7.067926E-17	1.067073E-18
6.458336E+03	7.069403E-17	1.067346E-18
6.458536E+03	7.071533E-17	1.067718E-18
6.458736E+03	7.071382E-17	1.067745E-18
6.458936E+03	7.070577E-17	1.067674E-18
6.459136E+03	7.070425E-17	1.067702E-18
6.459336E+03	7.072388E-17	1.068049E-18
6.459536E+03	7.072560E-17	1.068126E-18
6.459736E+03	7.071263E-17	1.067981E-18
6.459936E+03	7.070618E-17	1.067935E-18
6.460136E+03	7.072741E-17	1.068307E-18
6.460336E+03	7.074376E-17	1.068605E-18
6.460536E+03	7.075519E-17	1.068829E-18
6.460736E+03	7.073080E-17	1.068512E-18
6.460936E+03	7.074548E-17	1.068786E-18
6.461136E+03	7.073084E-17	1.068616E-18
6.461336E+03	7.073409E-17	1.068718E-18
6.461535E+03	7.074058E-17	1.068868E-18
6.461735E+03	7.074059E-17	1.068920E-18
6.461935E+03	7.074547E-17	1.069046E-18
6.462136E+03	7.074219E-17	1.069049E-18
6.462336E+03	7.073563E-17	1.069003E-18
6.462535E+03	7.073231E-17	1.069005E-18
6.462736E+03	7.072741E-17	1.068984E-18
6.462936E+03	7.073712E-17	1.069184E-18
6.463136E+03	7.074845E-17	1.069408E-18
6.463336E+03	7.074675E-17	1.069436E-18
6.463536E+03	7.074993E-17	1.069537E-18
6.463736E+03	7.074332E-17	1.069491E-18
6.463936E+03	7.073344E-17	1.069395E-18
6.464136E+03	7.071217E-17	1.069127E-18
6.464336E+03	7.067950E-17	1.068687E-18
6.464536E+03	7.066960E-17	1.068591E-18
6.464736E+03	7.067597E-17	1.068742E-18
6.464936E+03	7.070512E-17	1.069237E-18
6.465136E+03	7.071965E-17	1.069511E-18
6.465336E+03	7.073901E-17	1.069858E-18
6.465536E+03	7.078283E-17	1.070576E-18
6.465736E+03	7.082830E-17	1.071318E-18
6.465936E+03	7.084119E-17	1.071568E-18
6.466136E+03	7.084750E-17	1.071718E-18
6.466336E+03	7.083587E-17	1.071598E-18
6.466536E+03	7.084219E-17	1.071749E-18
6.466736E+03	7.086645E-17	1.072171E-18
6.466936E+03	7.087274E-17	1.072322E-18
6.467136E+03	7.088393E-17	1.072547E-18
6.467336E+03	7.091306E-17	1.073043E-18
6.467536E+03	7.093079E-17	1.073367E-18
6.467736E+03	7.092070E-17	1.073271E-18
6.467936E+03	7.093023E-17	1.073471E-18
6.468137E+03	7.095285E-17	1.073870E-18
6.468337E+03	7.097707E-17	1.074293E-18
6.468537E+03	7.097349E-17	1.074296E-18
6.468737E+03	7.095848E-17	1.074125E-18
6.468937E+03	7.098758E-17	1.074623E-18
6.469137E+03	7.099871E-17	1.074848E-18
6.469337E+03	7.098528E-17	1.074702E-18
6.469537E+03	7.095553E-17	1.074309E-18
6.469737E+03	7.094048E-17	1.074138E-18
6.469937E+03	7.094013E-17	1.074190E-18
6.470137E+03	7.094465E-17	1.074316E-18
6.470337E+03	7.090834E-17	1.073824E-18
6.470537E+03	7.087531E-17	1.073381E-18
6.470737E+03	7.086024E-17	1.073211E-18
6.470937E+03	7.083046E-17	1.072818E-18
6.471137E+03	7.082189E-17	1.072746E-18
6.471337E+03	7.080681E-17	1.072576E-18
6.471537E+03	7.080801E-17	1.072652E-18
6.471737E+03	7.079778E-17	1.072556E-18
6.471937E+03	7.080058E-17	1.072657E-18
6.472137E+03	7.081318E-17	1.072906E-18
6.472337E+03	7.081436E-17	1.072982E-18
6.472537E+03	7.078779E-17	1.072639E-18
6.472737E+03	7.076774E-17	1.072394E-18
6.472937E+03	7.076400E-17	1.072396E-18
6.473137E+03	7.078307E-17	1.072744E-18
6.473338E+03	7.079561E-17	1.072994E-18
6.473538E+03	7.077390E-17	1.072724E-18
6.473738E+03	7.073427E-17	1.072183E-18
6.473938E+03	7.070932E-17	1.071864E-18
6.474137E+03	7.069572E-17	1.071718E-18
6.474337E+03	7.068377E-17	1.071596E-18
6.474538E+03	7.066045E-17	1.071303E-18
6.474738E+03	7.066803E-17	1.071478E-18
6.474937E+03	7.066253E-17	1.071454E-18
6.475137E+03	7.063103E-17	1.071037E-18
6.475337E+03	7.061093E-17	1.070792E-18
6.475537E+03	7.059732E-17	1.070646E-18
6.475737E+03	7.059994E-17	1.070747E-18
6.475937E+03	7.060582E-17	1.070896E-18
6.476137E+03	7.058081E-17	1.070578E-18
6.476337E+03	7.057206E-17	1.070506E-18
6.476537E+03	7.056813E-17	1.070507E-18
6.476737E+03	7.057397E-17	1.070657E-18
6.476937E+03	7.057982E-17	1.070807E-18
6.477137E+03	7.058077E-17	1.070882E-18
6.477337E+03	7.058656E-17	1.071032E-18
6.477537E+03	7.058911E-17	1.071132E-18
6.477737E+03	7.058029E-17	1.071060E-18
6.477937E+03	7.055034E-17	1.070667E-18
6.478137E+03	7.053174E-17	1.070446E-18
6.478337E+03	7.050664E-17	1.070127E-18
6.478537E+03	7.049941E-17	1.070080E-18
6.478738E+03	7.048571E-17	1.069934E-18
6.478938E+03	7.048331E-17	1.069960E-18
6.479138E+03	7.047118E-17	1.069838E-18
6.479338E+03	7.043472E-17	1.069347E-18
6.479538E+03	7.042583E-17	1.069274E-18
6.479738E+03	7.040719E-17	1.069054E-18
6.479938E+03	7.040638E-17	1.069104E-18
6.480138E+03	7.042827E-17	1.069499E-18
6.480338E+03	7.040962E-17	1.069279E-18
6.480538E+03	7.038772E-17	1.069009E-18
6.480738E+03	7.038200E-17	1.068986E-18
6.480938E+03	7.039412E-17	1.069233E-18
6.481138E+03	7.038842E-17	1.069210E-18
6.481338E+03	7.038429E-17	1.069211E-18
6.481538E+03	7.037855E-17	1.069187E-18
6.481738E+03	7.037442E-17	1.069188E-18
6.481938E+03	7.035896E-17	1.069016E-18
6.482138E+03	7.035642E-17	1.069042E-18
6.482338E+03	7.034902E-17	1.068993E-18
6.482538E+03	7.033029E-17	1.068773E-18
6.482738E+03	7.029213E-17	1.068257E-18
6.482938E+03	7.027176E-17	1.068012E-18
6.483138E+03	7.025462E-17	1.067815E-18
6.483338E+03	7.025366E-17	1.067865E-18
6.483538E+03	7.025109E-17	1.067890E-18
6.483738E+03	7.024201E-17	1.067817E-18
6.483939E+03	7.021839E-17	1.067523E-18
6.484139E+03	7.022872E-17	1.067745E-18
6.484339E+03	7.023580E-17	1.067917E-18
6.484539E+03	7.026713E-17	1.068459E-18
6.484739E+03	7.025963E-17	1.068410E-18
6.484939E+03	7.024081E-17	1.068189E-18
6.485139E+03	7.024300E-17	1.068288E-18
6.485339E+03	7.024517E-17	1.068386E-18
6.485539E+03	7.025543E-17	1.068608E-18
6.485739E+03	7.027053E-17	1.068903E-18
6.485939E+03	7.028889E-17	1.069248E-18
6.486139E+03	7.030235E-17	1.069519E-18
6.486338E+03	7.029799E-17	1.069518E-18
6.486538E+03	7.028069E-17	1.069321E-18
6.486739E+03	7.029094E-17	1.069543E-18
6.486939E+03	7.029949E-17	1.069740E-18
6.487139E+03	7.029188E-17	1.069691E-18
6.487338E+03	7.027614E-17	1.069517E-18
6.487538E+03	7.025720E-17	1.069296E-18
6.487738E+03	7.025117E-17	1.069271E-18
6.487938E+03	7.025160E-17	1.069344E-18
6.488138E+03	7.026175E-17	1.069566E-18
6.488338E+03	7.027998E-17	1.069910E-18
6.488538E+03	7.027714E-17	1.069934E-18
6.488738E+03	7.025813E-17	1.069712E-18
6.488938E+03	7.025043E-17	1.069662E-18
6.489138E+03	7.024758E-17	1.069686E-18
6.489339E+03	7.023665E-17	1.069587E-18
6.489539E+03	7.021759E-17	1.069365E-18
6.489739E+03	7.021472E-17	1.069389E-18
6.489939E+03	7.024096E-17	1.069856E-18
6.490139E+03	7.025744E-17	1.070175E-18
6.490339E+03	7.023350E-17	1.069879E-18
6.490539E+03	7.019826E-17	1.069410E-18
6.490739E+03	7.018079E-17	1.069212E-18
6.490939E+03	7.016492E-17	1.069038E-18
6.491139E+03	7.017165E-17	1.069209E-18
6.491339E+03	7.016871E-17	1.069233E-18
6.491539E+03	7.015768E-17	1.069133E-18
6.491739E+03	7.017084E-17	1.069403E-18
6.491939E+03	7.015816E-17	1.069278E-18
6.492139E+03	7.014547E-17	1.069154E-18
6.492339E+03	7.015056E-17	1.069300E-18
6.492539E+03	7.014754E-17	1.069323E-18
6.492739E+03	7.014612E-17	1.069371E-18
6.492939E+03	7.015278E-17	1.069542E-18
6.493139E+03	7.017560E-17	1.069959E-18
6.493339E+03	7.014991E-17	1.069637E-18
6.493539E+03	7.012585E-17	1.069339E-18
6.493739E+03	7.011310E-17	1.069215E-18
6.493939E+03	7.009550E-17	1.069016E-18
6.494139E+03	7.007788E-17	1.068817E-18
6.494339E+03	7.008445E-17	1.068987E-18
6.494540E+03	7.006523E-17	1.068764E-18
6.494740E+03	7.005729E-17	1.068713E-18
6.494940E+03	7.007673E-17	1.069080E-18
6.495140E+03	7.007197E-17	1.069078E-18
6.495340E+03	7.006882E-17	1.069100E-18
6.495540E+03	7.008344E-17	1.069393E-18
6.495740E+03	7.005766E-17	1.069071E-18
6.495940E+03	7.002868E-17	1.068699E-18
6.496140E+03	7.004162E-17	1.068967E-18
6.496340E+03	7.001747E-17	1.068669E-18
6.496540E+03	7.002232E-17	1.068814E-18
6.496740E+03	7.004005E-17	1.069156E-18
6.496940E+03	7.006264E-17	1.069572E-18
6.497140E+03	7.007878E-17	1.069889E-18
6.497340E+03	7.006745E-17	1.069788E-18
6.497540E+03	7.006256E-17	1.069785E-18
6.497740E+03	7.006253E-17	1.069856E-18
6.497940E+03	7.005121E-17	1.069754E-18
6.498140E+03	7.003500E-17	1.069579E-18
6.498340E+03	7.003331E-17	1.069625E-18
6.498539E+03	7.003806E-17	1.069769E-18
6.498739E+03	7.004927E-17	1.070012E-18
6.498940E+03	7.004111E-17	1.069960E-18
6.499140E+03	7.002808E-17	1.069833E-18
6.499340E+03	7.001830E-17	1.069756E-18
6.499539E+03	7.001010E-17	1.069702E-18
6.499739E+03	7.003735E-17	1.070191E-18
6.499940E+03	7.004689E-17	1.070410E-18
6.500140E+03	7.003544E-17	1.070307E-18
6.500340E+03	7.003528E-17	1.070378E-18
6.500540E+03	7.004153E-17	1.070546E-18
6.500740E+03	7.006714E-17	1.071011E-18
6.500940E+03	7.008793E-17	1.071401E-18
6.501140E+03	7.011516E-17	1.071891E-18
6.501340E+03	7.012138E-17	1.072059E-18
6.501540E+03	7.012922E-17	1.072252E-18
6.501740E+03	7.015159E-17	1.072668E-18
6.501940E+03	7.015619E-17	1.072812E-18
6.502140E+03	7.017692E-17	1.073203E-18
6.502340E+03	7.021220E-17	1.073816E-18
6.502540E+03	7.021515E-17	1.073935E-18
6.502740E+03	7.019708E-17	1.073733E-18
6.502940E+03	7.021292E-17	1.074049E-18
6.503140E+03	7.026436E-17	1.074910E-18
6.503340E+03	7.028345E-17	1.075277E-18
6.503540E+03	7.028961E-17	1.075445E-18
6.503740E+03	7.030058E-17	1.075688E-18
6.503940E+03	7.031478E-17	1.075980E-18
6.504140E+03	7.032089E-17	1.076148E-18
6.504340E+03	7.032539E-17	1.076292E-18
6.504540E+03	7.032822E-17	1.076410E-18
6.504740E+03	7.031972E-17	1.076355E-18
6.504940E+03	7.031607E-17	1.076375E-18
6.505141E+03	7.032864E-17	1.076642E-18
6.505341E+03	7.032009E-17	1.076587E-18
6.505541E+03	7.029537E-17	1.076284E-18
6.505741E+03	7.029329E-17	1.076328E-18
6.505941E+03	7.028314E-17	1.076248E-18
6.506141E+03	7.026162E-17	1.075994E-18
6.506341E+03	7.025789E-17	1.076013E-18
6.506541E+03	7.027035E-17	1.076279E-18
6.506741E+03	7.026986E-17	1.076347E-18
6.506941E+03	7.025801E-17	1.076242E-18
6.507141E+03	7.024777E-17	1.076161E-18
6.507341E+03	7.024724E-17	1.076229E-18
6.507541E+03	7.022729E-17	1.076000E-18
6.507741E+03	7.021703E-17	1.075919E-18
6.507941E+03	7.022939E-17	1.076185E-18
6.508141E+03	7.020296E-17	1.075856E-18
6.508341E+03	7.017167E-17	1.075453E-18
6.508541E+03	7.018722E-17	1.075768E-18
6.508741E+03	7.017690E-17	1.075687E-18
6.508941E+03	7.016660E-17	1.075606E-18
6.509141E+03	7.017083E-17	1.075747E-18
6.509341E+03	7.015241E-17	1.075542E-18
6.509541E+03	7.016791E-17	1.075857E-18
6.509741E+03	7.017209E-17	1.075998E-18
6.509941E+03	7.014399E-17	1.075644E-18
6.510141E+03	7.015783E-17	1.075934E-18
6.510341E+03	7.015713E-17	1.076000E-18
6.510542E+03	7.013707E-17	1.075770E-18
6.510742E+03	7.015737E-17	1.076159E-18
6.510941E+03	7.014853E-17	1.076101E-18
6.511141E+03	7.015103E-17	1.076217E-18
6.511342E+03	7.014869E-17	1.076259E-18
6.511542E+03	7.013664E-17	1.076152E-18
6.511742E+03	7.012456E-17	1.076045E-18
6.511941E+03	7.010278E-17	1.075789E-18
6.512141E+03	7.009876E-17	1.075805E-18
6.512341E+03	7.009638E-17	1.075846E-18
6.512541E+03	7.008426E-17	1.075739E-18
6.512741E+03	7.004633E-17	1.075235E-18
6.512941E+03	7.000519E-17	1.074682E-18
6.513141E+03	6.996731E-17	1.074178E-18
6.513341E+03	6.993906E-17	1.073823E-18
6.513541E+03	6.992853E-17	1.073740E-18
6.513741E+03	6.992124E-17	1.073707E-18
6.513941E+03	6.993325E-17	1.073970E-18
6.514141E+03	6.992752E-17	1.073961E-18
6.514341E+03	6.991856E-17	1.073902E-18
6.514541E+03	6.992732E-17	1.074115E-18
6.514741E+03	6.993768E-17	1.074353E-18
6.514941E+03	6.992225E-17	1.074195E-18
6.515141E+03	6.995029E-17	1.074705E-18
6.515341E+03	6.996867E-17	1.075067E-18
6.515541E+03	6.998223E-17	1.075355E-18
6.515742E+03	6.999253E-17	1.075593E-18
6.515942E+03	6.999638E-17	1.075732E-18
6.516142E+03	6.999861E-17	1.075846E-18
6.516342E+03	7.000084E-17	1.075960E-18
6.516542E+03	7.002399E-17	1.076395E-18
6.516742E+03	7.005037E-17	1.076881E-18
6.516942E+03	7.004450E-17	1.076871E-18
6.517142E+03	7.006283E-17	1.077233E-18
6.517342E+03	7.009080E-17	1.077743E-18
6.517542E+03	7.010103E-17	1.077981E-18
6.517742E+03	7.009994E-17	1.078044E-18
6.517942E+03	7.012147E-17	1.078456E-18
6.518142E+03	7.013650E-17	1.078768E-18
6.518342E+03	7.014184E-17	1.078931E-18
6.518542E+03	7.016495E-17	1.079367E-18
6.518742E+03	7.018000E-17	1.079679E-18
6.518942E+03	7.015298E-17	1.079345E-18
6.519142E+03	7.013244E-17	1.079110E-18
6.519342E+03	7.012321E-17	1.079049E-18
6.519542E+03	7.011720E-17	1.079037E-18
6.519742E+03	7.013538E-17	1.079399E-18
6.519942E+03	7.016972E-17	1.080008E-18
6.520142E+03	7.020084E-17	1.080569E-18
6.520342E+03	7.019478E-17	1.080557E-18
6.520542E+03	7.020486E-17	1.080794E-18
6.520742E+03	7.022948E-17	1.081255E-18
6.520943E+03	7.021692E-17	1.081144E-18
6.521143E+03	7.022861E-17	1.081406E-18
6.521343E+03	7.026777E-17	1.082091E-18
6.521543E+03	7.025677E-17	1.082004E-18
6.521743E+03	7.025386E-17	1.082041E-18
6.521943E+03	7.026876E-17	1.082353E-18
6.522143E+03	7.029007E-17	1.082763E-18
6.522343E+03	7.029361E-17	1.082900E-18
6.522543E+03	7.029227E-17	1.082962E-18
6.522743E+03	7.031198E-17	1.083348E-18
6.522943E+03	7.036243E-17	1.084209E-18
6.523143E+03	7.037565E-17	1.084495E-18
6.523342E+03	7.039695E-17	1.084906E-18
6.523542E+03	7.042638E-17	1.085443E-18
6.523743E+03	7.042011E-17	1.085430E-18
6.523943E+03	7.041382E-17	1.085416E-18
6.524142E+03	7.040916E-17	1.085427E-18
6.524342E+03	7.039963E-17	1.085364E-18
6.524542E+03	7.040953E-17	1.085600E-18
6.524742E+03	7.040157E-17	1.085561E-18
6.524942E+03	7.038715E-17	1.085422E-18
6.525142E+03	7.036625E-17	1.085183E-18
6.525342E+03	7.036637E-17	1.085269E-18
6.525542E+03	7.036973E-17	1.085404E-18
6.525742E+03	7.035850E-17	1.085315E-18
6.525942E+03	7.033595E-17	1.085051E-18
6.526142E+03	7.035060E-17	1.085361E-18
6.526343E+03	7.036852E-17	1.085722E-18
6.526543E+03	7.036373E-17	1.085733E-18
6.526743E+03	7.035734E-17	1.085718E-18
6.526943E+03	7.036548E-17	1.085928E-18
6.527143E+03	7.037036E-17	1.086088E-18
6.527343E+03	7.038175E-17	1.086348E-18
6.527543E+03	7.039152E-17	1.086583E-18
6.527743E+03	7.042555E-17	1.087194E-18
6.527943E+03	7.046772E-17	1.087929E-18
6.528143E+03	7.045311E-17	1.087789E-18
6.528343E+03	7.043852E-17	1.087648E-18
6.528543E+03	7.047091E-17	1.088233E-18
6.528743E+03	7.048060E-17	1.088468E-18
6.528943E+03	7.048217E-17	1.088578E-18
6.529143E+03	7.050810E-17	1.089063E-18
6.529343E+03	7.055187E-17	1.089825E-18
6.529543E+03	7.058590E-17	1.090436E-18
6.529743E+03	7.061507E-17	1.090973E-18
6.529943E+03	7.063288E-17	1.091333E-18
6.530143E+03	7.065715E-17	1.091794E-18
6.530343E+03	7.068305E-17	1.092280E-18
6.530543E+03	7.071710E-17	1.092893E-18
6.530743E+03	7.074466E-17	1.093405E-18
6.530943E+03	7.076568E-17	1.093816E-18
6.531143E+03	7.079484E-17	1.094353E-18
6.531343E+03	7.082075E-17	1.094840E-18
6.531544E+03	7.082548E-17	1.095000E-18
6.531744E+03	7.084647E-17	1.095411E-18
6.531944E+03	7.088052E-17	1.096025E-18
6.532144E+03	7.091786E-17	1.096689E-18
6.532344E+03	7.093561E-17	1.097050E-18
6.532544E+03	7.094679E-17	1.097310E-18
6.532744E+03	7.097595E-17	1.097848E-18
6.532944E+03	7.099368E-17	1.098210E-18
6.533144E+03	7.099341E-17	1.098293E-18
6.533344E+03	7.099639E-17	1.098427E-18
6.533544E+03	7.105333E-17	1.099395E-18
6.533744E+03	7.108740E-17	1.100010E-18
6.533944E+03	7.107074E-17	1.099840E-18
6.534144E+03	7.108022E-17	1.100074E-18
6.534344E+03	7.107497E-17	1.100081E-18
6.534544E+03	7.104027E-17	1.099632E-18
6.534744E+03	7.103667E-17	1.099664E-18
6.534944E+03	7.108047E-17	1.100430E-18
6.535144E+03	7.109972E-17	1.100816E-18
6.535344E+03	7.112227E-17	1.101253E-18
6.535544E+03	7.115628E-17	1.101868E-18
6.535744E+03	7.117225E-17	1.102204E-18
6.535944E+03	7.118986E-17	1.102565E-18
6.536144E+03	7.120420E-17	1.102876E-18
6.536343E+03	7.121033E-17	1.103059E-18
6.536543E+03	7.121478E-17	1.103217E-18
6.536743E+03	7.123892E-17	1.103680E-18
6.536944E+03	7.124338E-17	1.103838E-18
6.537144E+03	7.125111E-17	1.104047E-18
6.537344E+03	7.126210E-17	1.104306E-18
6.537544E+03	7.129605E-17	1.104922E-18
6.537744E+03	7.132839E-17	1.105512E-18
6.537944E+03	7.131639E-17	1.105415E-18
6.538144E+03	7.130764E-17	1.105369E-18
6.538344E+03	7.131365E-17	1.105552E-18
6.538544E+03	7.133117E-17	1.105913E-18
6.538744E+03	7.137007E-17	1.106606E-18
6.538944E+03	7.141551E-17	1.107400E-18
6.539144E+03	7.142149E-17	1.107583E-18
6.539344E+03	7.143406E-17	1.107867E-18
6.539544E+03	7.144828E-17	1.108178E-18
6.539744E+03	7.147233E-17	1.108641E-18
6.539944E+03	7.147663E-17	1.108798E-18
6.540144E+03	7.148917E-17	1.109083E-18
6.540344E+03	7.150830E-17	1.109470E-18
6.540544E+03	7.153233E-17	1.109933E-18
6.540744E+03	7.157779E-17	1.110729E-18
6.540944E+03	7.159525E-17	1.111091E-18
6.541144E+03	7.160282E-17	1.111299E-18
6.541344E+03	7.163838E-17	1.111942E-18
6.541544E+03	7.167562E-17	1.112611E-18
6.541744E+03	7.168810E-17	1.112896E-18
6.541944E+03	7.172207E-17	1.113514E-18
6.542145E+03	7.175435E-17	1.114107E-18
6.542345E+03	7.175690E-17	1.114238E-18
6.542545E+03	7.175119E-17	1.114240E-18
6.542745E+03	7.180497E-17	1.115167E-18
6.542945E+03	7.185544E-17	1.116042E-18
6.543145E+03	7.188113E-17	1.116533E-18
6.543345E+03	7.189688E-17	1.116870E-18
6.543545E+03	7.193251E-17	1.117515E-18
6.543745E+03	7.195154E-17	1.117903E-18
6.543945E+03	7.196893E-17	1.118265E-18
6.544145E+03	7.196809E-17	1.118344E-18
6.544345E+03	7.196559E-17	1.118397E-18
6.544545E+03	7.198791E-17	1.118836E-18
6.544745E+03	7.200693E-17	1.119224E-18
6.544945E+03	7.200770E-17	1.119329E-18
6.545145E+03	7.201676E-17	1.119562E-18
6.545345E+03	7.202081E-17	1.119717E-18
6.545545E+03	7.203813E-17	1.120079E-18
6.545745E+03	7.204882E-17	1.120338E-18
6.545945E+03	7.205454E-17	1.120520E-18
6.546145E+03	7.207846E-17	1.120985E-18
6.546345E+03	7.208081E-17	1.121114E-18
6.546545E+03	7.209147E-17	1.121373E-18
6.546745E+03	7.211873E-17	1.121890E-18
6.546945E+03	7.213267E-17	1.122200E-18
6.547145E+03	7.211505E-17	1.122019E-18
6.547345E+03	7.212899E-17	1.122329E-18
6.547546E+03	7.215457E-17	1.122821E-18
6.547746E+03	7.215518E-17	1.122924E-18
6.547946E+03	7.216243E-17	1.123130E-18
6.548146E+03	7.218631E-17	1.123596E-18
6.548346E+03	7.221186E-17	1.124087E-18
6.548546E+03	7.222407E-17	1.124371E-18
6.548745E+03	7.225458E-17	1.124939E-18
6.548945E+03	7.230342E-17	1.125794E-18
6.549145E+03	7.232231E-17	1.126182E-18
6.549346E+03	7.232284E-17	1.126285E-18
6.549545E+03	7.233836E-17	1.126620E-18
6.549745E+03	7.235555E-17	1.126982E-18
6.549945E+03	7.237775E-17	1.127422E-18
6.550145E+03	7.238824E-17	1.127680E-18
6.550345E+03	7.238373E-17	1.127704E-18
6.550545E+03	7.239923E-17	1.128040E-18
6.550745E+03	7.245142E-17	1.128948E-18
6.550945E+03	7.247690E-17	1.129439E-18
6.551145E+03	7.248903E-17	1.129723E-18
6.551345E+03	7.251285E-17	1.130189E-18
6.551545E+03	7.251831E-17	1.130369E-18
6.551745E+03	7.251872E-17	1.130471E-18
6.551945E+03	7.254419E-17	1.130963E-18
6.552145E+03	7.258135E-17	1.131638E-18
6.552345E+03	7.262189E-17	1.132365E-18
6.552545E+03	7.265069E-17	1.132909E-18
6.552746E+03	7.266779E-17	1.133272E-18
6.552946E+03	7.268490E-17	1.133634E-18
6.553146E+03	7.269532E-17	1.133892E-18
6.553346E+03	7.270234E-17	1.134098E-18
6.553546E+03	7.271439E-17	1.134381E-18
6.553746E+03	7.273650E-17	1.134822E-18
6.553946E+03	7.274854E-17	1.135106E-18
6.554146E+03	7.274381E-17	1.135128E-18
6.554346E+03	7.276253E-17	1.135516E-18
6.554546E+03	7.277455E-17	1.135800E-18
6.554746E+03	7.279160E-17	1.136162E-18
6.554946E+03	7.283208E-17	1.136890E-18
6.555146E+03	7.287260E-17	1.137619E-18
6.555346E+03	7.288795E-17	1.137955E-18
6.555546E+03	7.289659E-17	1.138186E-18
6.555746E+03	7.290854E-17	1.138470E-18
6.555946E+03	7.291211E-17	1.138622E-18
6.556146E+03	7.291065E-17	1.138696E-18
6.556346E+03	7.291589E-17	1.138874E-18
6.556546E+03	7.293117E-17	1.139210E-18
6.556746E+03	7.293134E-17	1.139309E-18
6.556946E+03	7.293486E-17	1.139461E-18
6.557146E+03	7.294343E-17	1.139692E-18
6.557346E+03	7.297212E-17	1.140237E-18
6.557546E+03	7.298905E-17	1.140599E-18
6.557746E+03	7.301270E-17	1.141066E-18
6.557946E+03	7.303470E-17	1.141507E-18
6.558147E+03	7.303646E-17	1.141632E-18
6.558347E+03	7.303319E-17	1.141679E-18
6.558547E+03	7.304337E-17	1.141935E-18
6.558747E+03	7.306027E-17	1.142297E-18
6.558947E+03	7.307210E-17	1.142580E-18
6.559147E+03	7.307719E-17	1.142757E-18
6.559347E+03	7.306210E-17	1.142618E-18
6.559547E+03	7.306046E-17	1.142690E-18
6.559747E+03	7.309244E-17	1.143289E-18
6.559947E+03	7.310591E-17	1.143597E-18
6.560147E+03	7.309751E-17	1.143563E-18
6.560347E+03	7.309751E-17	1.143661E-18
6.560547E+03	7.309074E-17	1.143654E-18
6.560747E+03	7.308397E-17	1.143646E-18
6.560947E+03	7.307889E-17	1.143664E-18
6.561146E+03	7.307381E-17	1.143682E-18
6.561346E+03	7.308214E-17	1.143911E-18
6.561547E+03	7.311068E-17	1.144456E-18
6.561747E+03	7.312408E-17	1.144764E-18
6.561947E+03	7.311222E-17	1.144677E-18
6.562146E+03	7.312727E-17	1.145011E-18
6.562346E+03	7.314062E-17	1.145318E-18
6.562546E+03	7.314051E-17	1.145415E-18
6.562746E+03	7.315218E-17	1.145696E-18
6.562946E+03	7.318740E-17	1.146346E-18
6.563146E+03	7.318725E-17	1.146443E-18
6.563347E+03	7.319215E-17	1.146619E-18
6.563547E+03	7.321897E-17	1.147138E-18
6.563747E+03	7.323732E-17	1.147524E-18
6.563947E+03	7.325062E-17	1.147832E-18
6.564147E+03	7.325548E-17	1.148007E-18
6.564347E+03	7.324517E-17	1.147944E-18
6.564547E+03	7.325167E-17	1.148145E-18
6.564747E+03	7.325987E-17	1.148373E-18
6.564947E+03	7.326301E-17	1.148521E-18
6.565147E+03	7.327965E-17	1.148881E-18
6.565347E+03	7.326419E-17	1.148738E-18
6.565547E+03	7.324537E-17	1.148543E-18
6.565747E+03	7.327376E-17	1.149087E-18
6.565947E+03	7.330217E-17	1.149632E-18
6.566147E+03	7.331874E-17	1.149992E-18
6.566347E+03	7.334544E-17	1.150510E-18
6.566547E+03	7.333837E-17	1.150499E-18
6.566747E+03	7.333299E-17	1.150514E-18
6.566947E+03	7.332587E-17	1.150502E-18
6.567147E+03	7.334072E-17	1.150835E-18
6.567347E+03	7.333530E-17	1.150850E-18
6.567547E+03	7.333494E-17	1.150944E-18
6.567747E+03	7.333961E-17	1.151117E-18
6.567947E+03	7.334766E-17	1.151343E-18
6.568147E+03	7.334896E-17	1.151464E-18
6.568347E+03	7.335870E-17	1.151717E-18
6.568547E+03	7.336670E-17	1.151942E-18
6.568748E+03	7.337979E-17	1.152249E-18
6.568948E+03	7.337090E-17	1.152209E-18
6.569148E+03	7.335695E-17	1.152090E-18
6.569348E+03	7.334803E-17	1.152050E-18
6.569548E+03	7.333235E-17	1.151905E-18
6.569748E+03	7.330993E-17	1.151653E-18
6.569948E+03	7.331621E-17	1.151851E-18
6.570148E+03	7.332583E-17	1.152103E-18
6.570348E+03	7.331349E-17	1.152009E-18
6.570548E+03	7.329271E-17	1.151783E-18
6.570748E+03	7.329051E-17	1.151849E-18
6.570948E+03	7.330853E-17	1.152233E-18
6.571148E+03	7.332655E-17	1.152617E-18
6.571348E+03	7.331417E-17	1.152523E-18
6.571548E+03	7.331193E-17	1.152588E-18
6.571748E+03	7.331639E-17	1.152759E-18
6.571948E+03	7.328542E-17	1.152373E-18
6.572148E+03	7.329665E-17	1.152650E-18
6.572348E+03	7.329437E-17	1.152715E-18
6.572548E+03	7.329880E-17	1.152885E-18
6.572748E+03	7.329310E-17	1.152896E-18
6.572948E+03	7.329078E-17	1.152961E-18
6.573148E+03	7.331039E-17	1.153370E-18
6.573347E+03	7.334519E-17	1.154018E-18
6.573547E+03	7.337661E-17	1.154613E-18
6.573748E+03	7.336409E-17	1.154518E-18
6.573949E+03	7.333134E-17	1.154104E-18
6.574149E+03	7.332555E-17	1.154114E-18
6.574349E+03	7.335017E-17	1.154603E-18
6.574548E+03	7.337649E-17	1.155118E-18
6.574748E+03	7.338423E-17	1.155341E-18
6.574948E+03	7.338347E-17	1.155431E-18
6.575148E+03	7.336245E-17	1.155201E-18
6.575348E+03	7.337015E-17	1.155423E-18
6.575548E+03	7.338798E-17	1.155806E-18
6.575748E+03	7.340408E-17	1.156161E-18
6.575948E+03	7.342189E-17	1.156543E-18
6.576148E+03	7.344646E-17	1.157031E-18
6.576348E+03	7.346258E-17	1.157387E-18
6.576548E+03	7.349559E-17	1.158009E-18
6.576748E+03	7.353199E-17	1.158684E-18
6.576948E+03	7.354980E-17	1.159067E-18
6.577148E+03	7.357775E-17	1.159609E-18
6.577348E+03	7.358705E-17	1.159858E-18
6.577548E+03	7.358279E-17	1.159893E-18
6.577748E+03	7.359038E-17	1.160114E-18
6.577948E+03	7.359968E-17	1.160363E-18
6.578148E+03	7.360724E-17	1.160585E-18
6.578348E+03	7.359956E-17	1.160566E-18
6.578548E+03	7.359017E-17	1.160520E-18
6.578748E+03	7.358247E-17	1.160501E-18
6.578948E+03	7.358661E-17	1.160668E-18
6.579148E+03	7.357550E-17	1.160595E-18
6.579349E+03	7.356098E-17	1.160469E-18
6.579549E+03	7.355835E-17	1.160530E-18
6.579749E+03	7.358276E-17	1.161017E-18
6.579949E+03	7.360381E-17	1.161452E-18
6.580149E+03	7.358756E-17	1.161298E-18
6.580349E+03	7.356285E-17	1.161010E-18
6.580549E+03	7.356182E-17	1.161097E-18
6.580749E+03	7.357435E-17	1.161397E-18
6.580949E+03	7.357162E-17	1.161456E-18
6.581149E+03	7.355535E-17	1.161302E-18
6.581349E+03	7.356107E-17	1.161495E-18
6.581549E+03	7.356169E-17	1.161607E-18
6.581749E+03	7.355893E-17	1.161667E-18
6.581949E+03	7.355108E-17	1.161645E-18
6.582149E+03	7.353643E-17	1.161517E-18
6.582349E+03	7.352687E-17	1.161468E-18
6.582549E+03	7.352915E-17	1.161607E-18
6.582749E+03	7.351789E-17	1.161532E-18
6.582949E+03	7.352181E-17	1.161697E-18
6.583149E+03	7.351728E-17	1.161728E-18
6.583349E+03	7.350598E-17	1.161652E-18
6.583549E+03	7.351331E-17	1.161871E-18
6.583749E+03	7.350366E-17	1.161821E-18
6.583949E+03	7.347709E-17	1.161504E-18
6.584149E+03	7.348099E-17	1.161669E-18
6.584349E+03	7.348995E-17	1.161913E-18
6.584550E+03	7.350058E-17	1.162185E-18
6.584750E+03	7.352474E-17	1.162670E-18
6.584950E+03	7.355230E-17	1.163209E-18
6.585150E+03	7.356125E-17	1.163453E-18
6.585350E+03	7.356676E-17	1.163644E-18
6.585550E+03	7.356890E-17	1.163781E-18
6.585749E+03	7.357103E-17	1.163917E-18
6.585949E+03	7.356299E-17	1.163893E-18
6.586150E+03	7.355321E-17	1.163842E-18
6.586350E+03	7.355191E-17	1.163925E-18
6.586550E+03	7.355401E-17	1.164061E-18
6.586749E+03	7.354594E-17	1.164036E-18
6.586949E+03	7.352936E-17	1.163877E-18
6.587149E+03	7.351956E-17	1.163825E-18
6.587349E+03	7.347931E-17	1.163292E-18
6.587549E+03	7.344582E-17	1.162865E-18
6.587749E+03	7.344276E-17	1.162920E-18
6.587949E+03	7.344308E-17	1.163028E-18
6.588149E+03	7.346876E-17	1.163538E-18
6.588349E+03	7.348939E-17	1.163968E-18
6.588549E+03	7.346936E-17	1.163754E-18
6.588749E+03	7.345104E-17	1.163568E-18
6.588949E+03	7.344455E-17	1.163568E-18
6.589149E+03	7.345329E-17	1.163810E-18
6.589349E+03	7.346029E-17	1.164025E-18
6.589549E+03	7.344024E-17	1.163810E-18
6.589749E+03	7.341850E-17	1.163569E-18
6.589950E+03	7.341704E-17	1.163650E-18
6.590150E+03	7.341725E-17	1.163757E-18
6.590350E+03	7.339716E-17	1.163542E-18
6.590550E+03	7.336695E-17	1.163167E-18
6.590750E+03	7.335196E-17	1.163033E-18
6.590950E+03	7.336732E-17	1.163380E-18
6.591150E+03	7.338439E-17	1.163754E-18
6.591350E+03	7.335077E-17	1.163325E-18
6.591550E+03	7.331040E-17	1.162788E-18
6.591750E+03	7.331223E-17	1.162920E-18
6.591950E+03	7.333767E-17	1.163428E-18
6.592150E+03	7.334963E-17	1.163721E-18
6.592350E+03	7.333455E-17	1.163585E-18
6.592550E+03	7.333295E-17	1.163664E-18
6.592750E+03	7.331785E-17	1.163528E-18
6.592950E+03	7.327574E-17	1.162963E-18
6.593150E+03	7.325559E-17	1.162747E-18
6.593350E+03	7.323035E-17	1.162450E-18
6.593550E+03	7.319162E-17	1.161939E-18
6.593750E+03	7.317146E-17	1.161722E-18
6.593950E+03	7.315465E-17	1.161559E-18
6.594150E+03	7.314625E-17	1.161529E-18
6.594350E+03	7.315805E-17	1.161820E-18
6.594550E+03	7.316481E-17	1.162031E-18
6.594750E+03	7.316482E-17	1.162135E-18
6.594950E+03	7.317827E-17	1.162452E-18
6.595151E+03	7.319509E-17	1.162824E-18
6.595351E+03	7.322203E-17	1.163356E-18
6.595551E+03	7.322539E-17	1.163513E-18
6.595751E+03	7.321521E-17	1.163455E-18
6.595951E+03	7.321346E-17	1.163531E-18
6.596151E+03	7.319992E-17	1.163419E-18
6.596351E+03	7.318805E-17	1.163335E-18
6.596551E+03	7.317448E-17	1.163223E-18
6.596751E+03	7.316427E-17	1.163164E-18
6.596951E+03	7.314397E-17	1.162945E-18
6.597151E+03	7.312029E-17	1.162673E-18
6.597351E+03	7.312183E-17	1.162801E-18
6.597551E+03	7.312506E-17	1.162956E-18
6.597751E+03	7.311988E-17	1.162978E-18
6.597951E+03	7.311637E-17	1.163026E-18
6.598150E+03	7.310779E-17	1.162993E-18
6.598350E+03	7.310089E-17	1.162987E-18
6.598551E+03	7.307882E-17	1.162740E-18
6.598751E+03	7.308202E-17	1.162895E-18
6.598950E+03	7.310201E-17	1.163316E-18
6.599150E+03	7.310012E-17	1.163390E-18
6.599350E+03	7.307635E-17	1.163116E-18
6.599550E+03	7.304923E-17	1.162788E-18
6.599750E+03	7.305066E-17	1.162915E-18
6.599950E+03	7.303695E-17	1.162801E-18
6.600150E+03	7.303334E-17	1.162847E-18
6.600350E+03	7.306505E-17	1.163456E-18
6.600551E+03	7.306644E-17	1.163583E-18
6.600751E+03	7.303252E-17	1.163146E-18
6.600951E+03	7.300198E-17	1.162764E-18
6.601151E+03	7.298825E-17	1.162649E-18
6.601351E+03	7.298456E-17	1.162694E-18
6.601551E+03	7.298425E-17	1.162793E-18
6.601751E+03	7.298056E-17	1.162838E-18
6.601951E+03	7.298696E-17	1.163044E-18
6.602151E+03	7.299668E-17	1.163303E-18
6.602351E+03	7.297952E-17	1.163134E-18
6.602551E+03	7.296069E-17	1.162938E-18
6.602751E+03	7.292169E-17	1.162420E-18
6.602951E+03	7.289276E-17	1.162063E-18
6.603151E+03	7.287894E-17	1.161946E-18
6.603351E+03	7.284835E-17	1.161562E-18
6.603551E+03	7.281945E-17	1.161205E-18
6.603751E+03	7.281231E-17	1.161195E-18
6.603951E+03	7.281188E-17	1.161292E-18
6.604151E+03	7.277290E-17	1.160775E-18
6.604351E+03	7.275070E-17	1.160524E-18
6.604551E+03	7.275861E-17	1.160754E-18
6.604751E+03	7.276148E-17	1.160904E-18
6.604951E+03	7.275264E-17	1.160867E-18
6.605151E+03	7.275888E-17	1.161070E-18
6.605351E+03	7.276675E-17	1.161299E-18
6.605551E+03	7.271099E-17	1.160513E-18
6.605752E+03	7.269372E-17	1.160342E-18
6.605952E+03	7.269824E-17	1.160518E-18
6.606152E+03	7.269771E-17	1.160613E-18
6.606352E+03	7.271056E-17	1.160922E-18
6.606552E+03	7.273179E-17	1.161365E-18
6.606752E+03	7.271953E-17	1.161273E-18
6.606952E+03	7.268045E-17	1.160753E-18
6.607152E+03	7.265144E-17	1.160394E-18
6.607352E+03	7.263247E-17	1.160194E-18
6.607552E+03	7.263690E-17	1.160369E-18
6.607752E+03	7.263295E-17	1.160410E-18
6.607952E+03	7.264070E-17	1.160637E-18
6.608152E+03	7.261836E-17	1.160384E-18
6.608352E+03	7.259768E-17	1.160157E-18
6.608552E+03	7.260371E-17	1.160357E-18
6.608752E+03	7.260474E-17	1.160478E-18
6.608952E+03	7.259574E-17	1.160438E-18
6.609152E+03	7.259343E-17	1.160504E-18
6.609352E+03	7.259441E-17	1.160624E-18
6.609552E+03	7.259373E-17	1.160717E-18
6.609752E+03	7.258468E-17	1.160676E-18
6.609952E+03	7.256061E-17	1.160395E-18
6.610152E+03	7.254152E-17	1.160193E-18
6.610352E+03	7.256085E-17	1.160606E-18
6.610552E+03	7.257516E-17	1.160939E-18
6.610752E+03	7.256275E-17	1.160844E-18
6.610952E+03	7.255866E-17	1.160883E-18
6.611153E+03	7.254786E-17	1.160814E-18
6.611352E+03	7.252708E-17	1.160585E-18
6.611552E+03	7.252131E-17	1.160596E-18
6.611752E+03	7.253389E-17	1.160901E-18
6.611952E+03	7.254145E-17	1.161126E-18
6.612152E+03	7.253398E-17	1.161111E-18
6.612352E+03	7.253988E-17	1.161309E-18
6.612552E+03	7.252067E-17	1.161105E-18
6.612752E+03	7.248814E-17	1.160688E-18
6.612952E+03	7.249565E-17	1.160912E-18
6.613152E+03	7.248648E-17	1.160869E-18
6.613352E+03	7.247561E-17	1.160799E-18
6.613552E+03	7.246974E-17	1.160808E-18
6.613752E+03	7.247556E-17	1.161005E-18
6.613952E+03	7.246636E-17	1.160962E-18
6.614152E+03	7.243210E-17	1.160517E-18
6.614352E+03	7.240785E-17	1.160232E-18
6.614552E+03	7.236696E-17	1.159680E-18
6.614752E+03	7.233941E-17	1.159342E-18
6.614952E+03	7.234681E-17	1.159564E-18
6.615152E+03	7.236088E-17	1.159893E-18
6.615352E+03	7.236161E-17	1.160009E-18
6.615552E+03	7.236234E-17	1.160124E-18
6.615752E+03	7.236805E-17	1.160319E-18
6.615952E+03	7.235209E-17	1.160167E-18
6.616152E+03	7.237111E-17	1.160576E-18
6.616353E+03	7.237514E-17	1.160744E-18
6.616553E+03	7.236247E-17	1.160645E-18
6.616753E+03	7.236814E-17	1.160839E-18
6.616953E+03	7.239547E-17	1.161382E-18
6.617153E+03	7.241114E-17	1.161737E-18
6.617353E+03	7.240343E-17	1.161717E-18
6.617553E+03	7.239906E-17	1.161750E-18
6.617753E+03	7.238969E-17	1.161704E-18
6.617953E+03	7.238865E-17	1.161791E-18
6.618153E+03	7.238758E-17	1.161877E-18
6.618353E+03	7.238484E-17	1.161937E-18
6.618553E+03	7.238210E-17	1.161997E-18
6.618753E+03	7.238270E-17	1.162110E-18
6.618953E+03	7.238826E-17	1.162303E-18
6.619153E+03	7.237882E-17	1.162255E-18
6.619353E+03	7.236273E-17	1.162100E-18
6.619553E+03	7.236827E-17	1.162293E-18
6.619753E+03	7.237880E-17	1.162566E-18
6.619953E+03	7.238766E-17	1.162812E-18
6.620153E+03	7.239819E-17	1.163084E-18
6.620353E+03	7.240872E-17	1.163357E-18
6.620553E+03	7.241588E-17	1.163576E-18
6.620753E+03	7.240469E-17	1.163500E-18
6.620953E+03	7.238851E-17	1.163344E-18
6.621153E+03	7.240901E-17	1.163777E-18
6.621353E+03	7.241447E-17	1.163968E-18
6.621553E+03	7.238325E-17	1.163570E-18
6.621754E+03	7.237036E-17	1.163467E-18
6.621954E+03	7.235249E-17	1.163284E-18
6.622154E+03	7.233791E-17	1.163153E-18
6.622354E+03	7.234500E-17	1.163370E-18
6.622554E+03	7.236541E-17	1.163802E-18
6.622754E+03	7.237250E-17	1.164020E-18
6.622954E+03	7.236289E-17	1.163969E-18
6.623154E+03	7.235494E-17	1.163945E-18
6.623354E+03	7.235199E-17	1.164001E-18
6.623553E+03	7.235072E-17	1.164084E-18
6.623753E+03	7.235941E-17	1.164327E-18
6.623953E+03	7.236142E-17	1.164463E-18
6.624154E+03	7.234177E-17	1.164251E-18
6.624353E+03	7.231549E-17	1.163931E-18
6.624553E+03	7.228917E-17	1.163611E-18
6.624753E+03	7.228449E-17	1.163639E-18
6.624953E+03	7.228314E-17	1.163721E-18
6.625153E+03	7.227679E-17	1.163722E-18
6.625353E+03	7.226876E-17	1.163696E-18
6.625553E+03	7.227570E-17	1.163911E-18
6.625753E+03	7.228097E-17	1.164100E-18
6.625953E+03	7.227626E-17	1.164127E-18
6.626153E+03	7.225986E-17	1.163967E-18
6.626353E+03	7.222518E-17	1.163511E-18
6.626553E+03	7.221545E-17	1.163458E-18
6.626753E+03	7.220738E-17	1.163431E-18
6.626954E+03	7.221589E-17	1.163672E-18
6.627154E+03	7.223273E-17	1.164047E-18
6.627354E+03	7.221132E-17	1.163805E-18
6.627554E+03	7.218328E-17	1.163457E-18
6.627754E+03	7.215521E-17	1.163108E-18
6.627954E+03	7.217199E-17	1.163481E-18
6.628154E+03	7.222538E-17	1.164445E-18
6.628354E+03	7.224218E-17	1.164820E-18
6.628554E+03	7.224234E-17	1.164925E-18
6.628754E+03	7.224081E-17	1.165004E-18
6.628954E+03	7.224429E-17	1.165163E-18
6.629154E+03	7.225274E-17	1.165403E-18
6.629354E+03	7.226948E-17	1.165777E-18
6.629554E+03	7.227126E-17	1.165909E-18
6.629754E+03	7.227303E-17	1.166041E-18
6.629954E+03	7.226816E-17	1.166065E-18
6.630154E+03	7.228320E-17	1.166411E-18
6.630354E+03	7.230326E-17	1.166838E-18
6.630554E+03	7.233497E-17	1.167453E-18
6.630754E+03	7.236503E-17	1.168042E-18
6.630954E+03	7.237841E-17	1.168361E-18
6.631154E+03	7.240512E-17	1.168896E-18
6.631354E+03	7.243184E-17	1.169431E-18
6.631554E+03	7.244355E-17	1.169724E-18
6.631754E+03	7.246692E-17	1.170205E-18
6.631954E+03	7.247193E-17	1.170389E-18
6.632154E+03	7.249697E-17	1.170897E-18
6.632355E+03	7.252701E-17	1.171486E-18
6.632555E+03	7.252199E-17	1.171509E-18
6.632755E+03	7.253365E-17	1.171801E-18
6.632955E+03	7.255533E-17	1.172255E-18
6.633155E+03	7.256700E-17	1.172547E-18
6.633355E+03	7.257028E-17	1.172703E-18
6.633555E+03	7.255853E-17	1.172617E-18
6.633755E+03	7.254677E-17	1.172531E-18
6.633955E+03	7.254504E-17	1.172606E-18
6.634155E+03	7.254161E-17	1.172654E-18
6.634355E+03	7.253483E-17	1.172648E-18
6.634555E+03	7.252638E-17	1.172615E-18
6.634755E+03	7.251627E-17	1.172555E-18
6.634955E+03	7.250946E-17	1.172548E-18
6.635155E+03	7.253271E-17	1.173028E-18
6.635355E+03	7.255262E-17	1.173453E-18
6.635555E+03	7.255918E-17	1.173663E-18
6.635755E+03	7.256571E-17	1.173872E-18
6.635954E+03	7.254717E-17	1.173675E-18
6.636154E+03	7.256206E-17	1.174019E-18
6.636355E+03	7.258526E-17	1.174499E-18
6.636555E+03	7.259510E-17	1.174761E-18
6.636754E+03	7.261331E-17	1.175159E-18
6.636954E+03	7.262648E-17	1.175476E-18
6.637154E+03	7.264301E-17	1.175847E-18
6.637354E+03	7.264279E-17	1.175947E-18
6.637555E+03	7.262582E-17	1.175776E-18
6.637755E+03	7.262725E-17	1.175903E-18
6.637955E+03	7.264710E-17	1.176327E-18
6.638155E+03	7.268197E-17	1.176996E-18
6.638355E+03	7.269175E-17	1.177257E-18
6.638555E+03	7.268981E-17	1.177330E-18
6.638755E+03	7.268284E-17	1.177320E-18
6.638955E+03	7.268758E-17	1.177500E-18
6.639155E+03	7.271741E-17	1.178087E-18
6.639355E+03	7.272716E-17	1.178349E-18
6.639555E+03	7.272016E-17	1.178339E-18
6.639755E+03	7.273658E-17	1.178708E-18
6.639955E+03	7.273290E-17	1.178752E-18
6.640155E+03	7.272251E-17	1.178687E-18
6.640355E+03	7.272218E-17	1.178785E-18
6.640555E+03	7.273689E-17	1.179127E-18
6.640755E+03	7.273653E-17	1.179224E-18
6.640955E+03	7.274621E-17	1.179485E-18
6.641155E+03	7.275589E-17	1.179745E-18
6.641355E+03	7.274210E-17	1.179625E-18
6.641555E+03	7.274504E-17	1.179776E-18
6.641755E+03	7.274968E-17	1.179955E-18
6.641955E+03	7.274425E-17	1.179970E-18
6.642155E+03	7.274717E-17	1.180121E-18
6.642355E+03	7.274841E-17	1.180244E-18
6.642555E+03	7.275133E-17	1.180395E-18
6.642755E+03	7.276765E-17	1.180763E-18
6.642956E+03	7.278559E-17	1.181158E-18
6.643156E+03	7.281028E-17	1.181662E-18
6.643356E+03	7.282323E-17	1.181975E-18
6.643556E+03	7.281269E-17	1.181907E-18
6.643756E+03	7.281052E-17	1.181975E-18
6.643956E+03	7.281337E-17	1.182125E-18
6.644156E+03	7.282294E-17	1.182383E-18
6.644356E+03	7.281740E-17	1.182397E-18
6.644556E+03	7.279173E-17	1.182083E-18
6.644756E+03	7.279287E-17	1.182205E-18
6.644956E+03	7.281581E-17	1.182681E-18
6.645156E+03	7.281360E-17	1.182748E-18
6.645356E+03	7.280968E-17	1.182787E-18
6.645556E+03	7.281414E-17	1.182963E-18
6.645756E+03	7.282197E-17	1.183193E-18
6.645956E+03	7.284823E-17	1.183723E-18
6.646156E+03	7.285769E-17	1.183980E-18
6.646356E+03	7.285207E-17	1.183992E-18
6.646556E+03	7.283134E-17	1.183758E-18
6.646756E+03	7.282572E-17	1.183770E-18
6.646956E+03	7.284521E-17	1.184189E-18
6.647156E+03	7.286471E-17	1.184609E-18
6.647356E+03	7.288589E-17	1.185057E-18
6.647556E+03	7.288358E-17	1.185122E-18
6.647756E+03	7.288626E-17	1.185269E-18
6.647956E+03	7.289567E-17	1.185525E-18
6.648157E+03	7.290001E-17	1.185699E-18
6.648356E+03	7.290441E-17	1.185873E-18
6.648556E+03	7.291042E-17	1.186074E-18
6.648757E+03	7.292985E-17	1.186493E-18
6.648957E+03	7.294595E-17	1.186858E-18
6.649157E+03	7.296037E-17	1.187196E-18
6.649356E+03	7.300336E-17	1.187998E-18
6.649556E+03	7.301607E-17	1.188308E-18
6.649756E+03	7.300357E-17	1.188207E-18
6.649956E+03	7.300452E-17	1.188326E-18
6.650156E+03	7.301720E-17	1.188635E-18
6.650356E+03	7.301811E-17	1.188753E-18
6.650556E+03	7.302912E-17	1.189035E-18
6.650756E+03	7.306200E-17	1.189674E-18
6.650956E+03	7.308643E-17	1.190174E-18
6.651156E+03	7.310247E-17	1.190538E-18
6.651356E+03	7.310840E-17	1.190738E-18
6.651556E+03	7.311939E-17	1.191020E-18
6.651756E+03	7.314382E-17	1.191521E-18
6.651956E+03	7.315141E-17	1.191747E-18
6.652156E+03	7.314889E-17	1.191809E-18
6.652356E+03	7.315143E-17	1.191954E-18
6.652556E+03	7.317751E-17	1.192481E-18
6.652756E+03	7.319855E-17	1.192927E-18
6.652956E+03	7.320106E-17	1.193071E-18
6.653156E+03	7.317997E-17	1.192830E-18
6.653356E+03	7.317571E-17	1.192864E-18
6.653557E+03	7.319838E-17	1.193337E-18
6.653757E+03	7.320085E-17	1.193480E-18
6.653957E+03	7.320332E-17	1.193623E-18
6.654157E+03	7.320071E-17	1.193683E-18
6.654357E+03	7.320820E-17	1.193908E-18
6.654557E+03	7.323593E-17	1.194463E-18
6.654757E+03	7.327717E-17	1.195238E-18
6.654957E+03	7.330996E-17	1.195876E-18
6.655157E+03	7.335121E-17	1.196652E-18
6.655357E+03	7.337896E-17	1.197207E-18
6.655557E+03	7.338645E-17	1.197432E-18
6.655757E+03	7.340234E-17	1.197795E-18
6.655957E+03	7.343008E-17	1.198350E-18
6.656157E+03	7.344599E-17	1.198713E-18
6.656357E+03	7.343992E-17	1.198717E-18
6.656557E+03	7.344735E-17	1.198941E-18
6.656757E+03	7.346492E-17	1.199330E-18
6.656957E+03	7.349096E-17	1.199858E-18
6.657157E+03	7.349839E-17	1.200082E-18
6.657357E+03	7.349902E-17	1.200195E-18
6.657557E+03	7.350980E-17	1.200474E-18
6.657757E+03	7.353413E-17	1.200974E-18
6.657957E+03	7.354322E-17	1.201226E-18
6.658157E+03	7.354721E-17	1.201393E-18
6.658357E+03	7.355796E-17	1.201672E-18
6.658557E+03	7.356872E-17	1.201950E-18
6.658758E+03	7.358453E-17	1.202312E-18
6.658958E+03	7.359358E-17	1.202563E-18
6.659158E+03	7.360092E-17	1.202785E-18
6.659358E+03	7.360487E-17	1.202952E-18
6.659558E+03	7.362069E-17	1.203314E-18
6.659758E+03	7.362800E-17	1.203536E-18
6.659958E+03	7.362854E-17	1.203647E-18
6.660158E+03	7.362737E-17	1.203731E-18
6.660358E+03	7.361943E-17	1.203704E-18
6.660557E+03	7.361994E-17	1.203814E-18
6.660757E+03	7.362891E-17	1.204063E-18
6.660958E+03	7.363448E-17	1.204257E-18
6.661158E+03	7.366720E-17	1.204895E-18
6.661358E+03	7.370160E-17	1.205560E-18
6.661557E+03	7.372755E-17	1.206087E-18
6.661757E+03	7.374330E-17	1.206447E-18
6.661957E+03	7.373867E-17	1.206474E-18
6.662157E+03	7.376798E-17	1.207056E-18
6.662357E+03	7.378880E-17	1.207499E-18
6.662557E+03	7.376546E-17	1.207219E-18
6.662757E+03	7.375230E-17	1.207106E-18
6.662957E+03	7.376120E-17	1.207354E-18
6.663157E+03	7.377179E-17	1.207630E-18
6.663357E+03	7.378749E-17	1.207990E-18
6.663557E+03	7.378788E-17	1.208098E-18
6.663757E+03	7.378486E-17	1.208151E-18
6.663957E+03	7.379713E-17	1.208454E-18
6.664158E+03	7.381107E-17	1.208785E-18
6.664358E+03	7.380124E-17	1.208727E-18
6.664558E+03	7.380158E-17	1.208834E-18
6.664758E+03	7.379682E-17	1.208859E-18
6.664958E+03	7.380226E-17	1.209050E-18
6.665158E+03	7.382300E-17	1.209492E-18
6.665358E+03	7.381651E-17	1.209488E-18
6.665558E+03	7.380661E-17	1.209428E-18
6.665758E+03	7.380012E-17	1.209423E-18
6.665958E+03	7.378004E-17	1.209196E-18
6.666158E+03	7.378881E-17	1.209442E-18
6.666358E+03	7.382648E-17	1.210161E-18
6.666558E+03	7.385396E-17	1.210714E-18
6.666758E+03	7.385764E-17	1.210876E-18
6.666958E+03	7.387999E-17	1.211344E-18
6.667158E+03	7.389214E-17	1.211645E-18
6.667358E+03	7.389579E-17	1.211807E-18
6.667558E+03	7.391646E-17	1.212248E-18
6.667758E+03	7.393709E-17	1.212688E-18
6.667958E+03	7.394752E-17	1.212961E-18
6.668158E+03	7.395285E-17	1.213151E-18
6.668358E+03	7.394965E-17	1.213200E-18
6.668558E+03	7.393451E-17	1.213053E-18
6.668758E+03	7.394661E-17	1.213354E-18
6.668958E+03	7.396212E-17	1.213710E-18
6.669158E+03	7.399467E-17	1.214346E-18
6.669359E+03	7.402716E-17	1.214981E-18
6.669559E+03	7.402901E-17	1.215113E-18
6.669759E+03	7.403088E-17	1.215246E-18
6.669959E+03	7.405660E-17	1.215770E-18
6.670159E+03	7.405160E-17	1.215789E-18
6.670359E+03	7.405683E-17	1.215977E-18
6.670559E+03	7.409447E-17	1.216696E-18
6.670759E+03	7.410312E-17	1.216940E-18
6.670959E+03	7.408957E-17	1.216819E-18
6.671159E+03	7.410670E-17	1.217202E-18
6.671359E+03	7.414605E-17	1.217950E-18
6.671559E+03	7.416150E-17	1.218305E-18
6.671759E+03	7.415814E-17	1.218352E-18
6.671959E+03	7.417186E-17	1.218679E-18
6.672159E+03	7.418216E-17	1.218949E-18
6.672359E+03	7.420100E-17	1.219360E-18
6.672559E+03	7.421641E-17	1.219715E-18
6.672759E+03	7.422497E-17	1.219957E-18
6.672958E+03	7.423358E-17	1.220200E-18
6.673158E+03	7.423531E-17	1.220329E-18
6.673359E+03	7.422673E-17	1.220290E-18
6.673559E+03	7.422672E-17	1.220391E-18
6.673758E+03	7.422502E-17	1.220464E-18
6.673958E+03	7.422672E-17	1.220593E-18
6.674158E+03	7.424378E-17	1.220975E-18
6.674358E+03	7.426255E-17	1.221385E-18
6.674559E+03	7.427445E-17	1.221682E-18
6.674759E+03	7.429152E-17	1.222064E-18
6.674959E+03	7.431710E-17	1.222586E-18
6.675159E+03	7.430848E-17	1.222546E-18
6.675359E+03	7.431526E-17	1.222758E-18
6.675559E+03	7.433230E-17	1.223140E-18
6.675759E+03	7.434247E-17	1.223408E-18
6.675959E+03	7.434750E-17	1.223592E-18
6.676159E+03	7.435253E-17	1.223776E-18
6.676359E+03	7.436441E-17	1.224072E-18
6.676559E+03	7.436599E-17	1.224199E-18
6.676759E+03	7.439155E-17	1.224721E-18
6.676959E+03	7.439142E-17	1.224820E-18
6.677159E+03	7.437758E-17	1.224693E-18
6.677359E+03	7.439625E-17	1.225101E-18
6.677559E+03	7.442007E-17	1.225594E-18
6.677759E+03	7.443363E-17	1.225918E-18
6.677959E+03	7.443003E-17	1.225960E-18
6.678159E+03	7.444183E-17	1.226255E-18
6.678359E+03	7.445192E-17	1.226522E-18
6.678559E+03	7.446887E-17	1.226902E-18
6.678759E+03	7.448582E-17	1.227282E-18
6.678959E+03	7.449760E-17	1.227576E-18
6.679159E+03	7.450424E-17	1.227786E-18
6.679359E+03	7.452116E-17	1.228166E-18
6.679559E+03	7.454840E-17	1.228715E-18
6.679759E+03	7.456874E-17	1.229151E-18
6.679960E+03	7.459249E-17	1.229644E-18
6.680160E+03	7.460942E-17	1.230023E-18
6.680360E+03	7.460744E-17	1.230091E-18
6.680560E+03	7.462433E-17	1.230470E-18
6.680760E+03	7.464638E-17	1.230934E-18
6.680960E+03	7.463921E-17	1.230917E-18
6.681160E+03	7.463549E-17	1.230956E-18
6.681360E+03	7.465236E-17	1.231334E-18
6.681560E+03	7.464172E-17	1.231259E-18
6.681760E+03	7.465516E-17	1.231581E-18
6.681960E+03	7.466343E-17	1.231818E-18
6.682160E+03	7.464589E-17	1.231629E-18
6.682360E+03	7.464209E-17	1.231666E-18
6.682560E+03	7.464690E-17	1.231846E-18
6.682760E+03	7.464482E-17	1.231912E-18
6.682960E+03	7.464788E-17	1.232062E-18
6.683160E+03	7.466812E-17	1.232496E-18
6.683360E+03	7.469354E-17	1.233016E-18
6.683560E+03	7.472929E-17	1.233706E-18
6.683760E+03	7.472198E-17	1.233685E-18
6.683960E+03	7.471469E-17	1.233665E-18
6.684160E+03	7.472804E-17	1.233985E-18
6.684360E+03	7.475688E-17	1.234561E-18
6.684560E+03	7.478570E-17	1.235137E-18
6.684760E+03	7.478871E-17	1.235287E-18
6.684960E+03	7.478826E-17	1.235379E-18
6.685161E+03	7.477746E-17	1.235301E-18
6.685361E+03	7.477009E-17	1.235279E-18
6.685560E+03	7.477826E-17	1.235513E-18
6.685761E+03	7.480703E-17	1.236088E-18
6.685961E+03	7.481689E-17	1.236351E-18
6.686160E+03	7.482329E-17	1.236556E-18
6.686360E+03	7.482796E-17	1.236733E-18
6.686560E+03	7.484469E-17	1.237109E-18
6.686760E+03	7.485452E-17	1.237371E-18
6.686960E+03	7.484881E-17	1.237376E-18
6.687160E+03	7.483449E-17	1.237238E-18
6.687360E+03	7.484602E-17	1.237528E-18
6.687560E+03	7.486443E-17	1.237932E-18
6.687760E+03	7.487421E-17	1.238193E-18
6.687960E+03	7.488054E-17	1.238397E-18
6.688160E+03	7.489204E-17	1.238687E-18
6.688360E+03	7.489493E-17	1.238834E-18
6.688560E+03	7.490295E-17	1.239065E-18
6.688760E+03	7.489373E-17	1.239012E-18
6.688960E+03	7.490520E-17	1.239301E-18
6.689160E+03	7.490805E-17	1.239447E-18
6.689360E+03	7.489535E-17	1.239336E-18
6.689560E+03	7.489128E-17	1.239367E-18
6.689760E+03	7.488202E-17	1.239313E-18
6.689960E+03	7.486587E-17	1.239145E-18
6.690160E+03	7.486004E-17	1.239147E-18
6.690360E+03	7.488870E-17	1.239720E-18
6.690561E+03	7.491732E-17	1.240293E-18
6.690761E+03	7.493910E-17	1.240752E-18
6.690961E+03	7.495912E-17	1.241182E-18
6.691161E+03	7.496187E-17	1.241327E-18
6.691361E+03	7.494911E-17	1.241214E-18
6.691561E+03	7.493634E-17	1.241101E-18
6.691761E+03	7.491836E-17	1.240902E-18
6.691961E+03	7.489349E-17	1.240588E-18
6.692161E+03	7.488587E-17	1.240560E-18
6.692361E+03	7.488861E-17	1.240704E-18
6.692561E+03	7.489476E-17	1.240904E-18
6.692761E+03	7.491470E-17	1.241333E-18
6.692961E+03	7.493120E-17	1.241704E-18
6.693161E+03	7.492011E-17	1.241619E-18
6.693361E+03	7.492795E-17	1.241847E-18
6.693561E+03	7.494614E-17	1.242246E-18
6.693761E+03	7.493846E-17	1.242217E-18
6.693961E+03	7.493769E-17	1.242302E-18
6.694161E+03	7.492824E-17	1.242243E-18
6.694361E+03	7.492572E-17	1.242299E-18
6.694561E+03	7.493870E-17	1.242612E-18
6.694761E+03	7.495516E-17	1.242983E-18
6.694961E+03	7.496294E-17	1.243210E-18
6.695161E+03	7.497936E-17	1.243580E-18
6.695361E+03	7.500787E-17	1.244150E-18
6.695561E+03	7.501048E-17	1.244292E-18
6.695762E+03	7.500614E-17	1.244317E-18
6.695962E+03	7.502253E-17	1.244687E-18
6.696162E+03	7.503895E-17	1.245057E-18
6.696362E+03	7.503980E-17	1.245169E-18
6.696562E+03	7.506308E-17	1.245652E-18
6.696762E+03	7.505873E-17	1.245678E-18
6.696962E+03	7.506820E-17	1.245932E-18
6.697162E+03	7.508804E-17	1.246359E-18
6.697362E+03	7.510613E-17	1.246756E-18
6.697562E+03	7.512423E-17	1.247154E-18
6.697762E+03	7.513886E-17	1.247494E-18
6.697962E+03	7.512409E-17	1.247346E-18
6.698162E+03	7.510584E-17	1.247140E-18
6.698361E+03	7.511354E-17	1.247365E-18
6.698561E+03	7.511951E-17	1.247561E-18
6.698761E+03	7.511508E-17	1.247585E-18
6.698962E+03	7.512617E-17	1.247866E-18
6.699161E+03	7.513040E-17	1.248033E-18
6.699361E+03	7.510865E-17	1.247769E-18
6.699561E+03	7.509209E-17	1.247590E-18
6.699761E+03	7.508589E-17	1.247584E-18
6.699961E+03	7.509006E-17	1.247750E-18
6.700161E+03	7.508903E-17	1.247829E-18
6.700361E+03	7.507418E-17	1.247679E-18
6.700561E+03	7.506968E-17	1.247701E-18
6.700761E+03	7.505306E-17	1.247521E-18
6.700961E+03	7.502783E-17	1.247198E-18
6.701162E+03	7.500429E-17	1.246903E-18
6.701362E+03	7.497731E-17	1.246551E-18
6.701562E+03	7.496070E-17	1.246371E-18
6.701762E+03	7.495617E-17	1.246392E-18
6.701962E+03	7.495336E-17	1.246441E-18
6.702162E+03	7.495572E-17	1.246576E-18
6.702362E+03	7.494597E-17	1.246510E-18
6.702562E+03	7.493969E-17	1.246501E-18
6.702762E+03	7.493341E-17	1.246492E-18
6.702962E+03	7.493745E-17	1.246655E-18
6.703162E+03	7.494666E-17	1.246904E-18
6.703362E+03	7.493517E-17	1.246808E-18
6.703562E+03	7.491334E-17	1.246541E-18
6.703762E+03	7.490355E-17	1.246473E-18
6.703962E+03	7.488687E-17	1.246291E-18
6.704162E+03	7.488570E-17	1.246367E-18
6.704362E+03	7.486040E-17	1.246041E-18
6.704562E+03	7.485231E-17	1.246001E-18
6.704762E+03	7.487008E-17	1.246392E-18
6.704962E+03	7.487061E-17	1.246496E-18
6.705162E+03	7.488149E-17	1.246772E-18
6.705362E+03	7.489234E-17	1.247048E-18
6.705562E+03	7.487904E-17	1.246921E-18
6.705762E+03	7.487092E-17	1.246881E-18
6.705962E+03	7.485419E-17	1.246697E-18
6.706162E+03	7.481848E-17	1.246197E-18
6.706363E+03	7.481203E-17	1.246184E-18
6.706563E+03	7.481938E-17	1.246402E-18
6.706763E+03	7.482674E-17	1.246619E-18
6.706963E+03	7.484787E-17	1.247065E-18
6.707163E+03	7.484659E-17	1.247138E-18
6.707363E+03	7.484358E-17	1.247182E-18
6.707563E+03	7.485437E-17	1.247457E-18
6.707763E+03	7.483238E-17	1.247184E-18
6.707963E+03	7.483797E-17	1.247372E-18
6.708163E+03	7.483320E-17	1.247386E-18
6.708363E+03	7.483018E-17	1.247430E-18
6.708563E+03	7.483918E-17	1.247674E-18
6.708763E+03	7.483783E-17	1.247746E-18
6.708963E+03	7.484512E-17	1.247961E-18
6.709163E+03	7.482655E-17	1.247745E-18
6.709363E+03	7.479763E-17	1.247357E-18
6.709563E+03	7.478937E-17	1.247313E-18
6.709763E+03	7.480867E-17	1.247728E-18
6.709963E+03	7.481765E-17	1.247972E-18
6.710163E+03	7.482487E-17	1.248186E-18
6.710363E+03	7.485622E-17	1.248802E-18
6.710562E+03	7.487553E-17	1.249217E-18
6.710762E+03	7.487586E-17	1.249316E-18
6.710962E+03	7.485720E-17	1.249098E-18
6.711163E+03	7.486264E-17	1.249283E-18
6.711363E+03	7.488190E-17	1.249697E-18
6.711562E+03	7.489258E-17	1.249969E-18
6.711763E+03	7.489799E-17	1.250152E-18
6.711963E+03	7.490861E-17	1.250423E-18
6.712163E+03	7.489164E-17	1.250233E-18
6.712363E+03	7.487983E-17	1.250129E-18
6.712563E+03	7.486801E-17	1.250024E-18
6.712763E+03	7.486653E-17	1.250092E-18
6.712963E+03	7.487195E-17	1.250275E-18
6.713163E+03	7.488081E-17	1.250516E-18
6.713363E+03	7.488965E-17	1.250757E-18
6.713563E+03	7.487951E-17	1.250680E-18
6.713763E+03	7.486939E-17	1.250603E-18
6.713963E+03	7.488340E-17	1.250930E-18
6.714163E+03	7.488875E-17	1.251112E-18
6.714363E+03	7.489756E-17	1.251351E-18
6.714563E+03	7.487017E-17	1.250986E-18
6.714763E+03	7.483932E-17	1.250563E-18
6.714963E+03	7.482397E-17	1.250398E-18
6.715163E+03	7.482413E-17	1.250493E-18
6.715363E+03	7.482257E-17	1.250559E-18
6.715563E+03	7.482618E-17	1.250712E-18
6.715763E+03	7.481941E-17	1.250690E-18
6.715963E+03	7.481609E-17	1.250727E-18
6.716163E+03	7.481105E-17	1.250734E-18
6.716363E+03	7.479568E-17	1.250569E-18
6.716563E+03	7.478201E-17	1.250432E-18
6.716763E+03	7.478383E-17	1.250554E-18
6.716964E+03	7.479079E-17	1.250762E-18
6.717164E+03	7.478056E-17	1.250683E-18
6.717364E+03	7.479441E-17	1.251006E-18
6.717564E+03	7.481343E-17	1.251415E-18
6.717764E+03	7.482384E-17	1.251681E-18
6.717964E+03	7.484287E-17	1.252090E-18
6.718164E+03	7.484981E-17	1.252298E-18
6.718364E+03	7.483090E-17	1.252072E-18
6.718564E+03	7.483783E-17	1.252279E-18
6.718764E+03	7.484132E-17	1.252429E-18
6.718964E+03	7.484306E-17	1.252549E-18
6.719164E+03	7.483102E-17	1.252438E-18
6.719364E+03	7.483449E-17	1.252587E-18
6.719564E+03	7.486036E-17	1.253111E-18
6.719764E+03	7.487069E-17	1.253375E-18
6.719964E+03	7.484655E-17	1.253061E-18
6.720164E+03	7.485515E-17	1.253296E-18
6.720364E+03	7.486377E-17	1.253531E-18
6.720564E+03	7.485510E-17	1.253476E-18
6.720764E+03	7.484473E-17	1.253393E-18
6.720964E+03	7.483952E-17	1.253396E-18
6.721164E+03	7.483086E-17	1.253341E-18
6.721364E+03	7.482391E-17	1.253315E-18
6.721564E+03	7.481179E-17	1.253202E-18
6.721764E+03	7.481344E-17	1.253320E-18
6.721964E+03	7.481510E-17	1.253438E-18
6.722164E+03	7.482018E-17	1.253613E-18
6.722365E+03	7.481316E-17	1.253585E-18
6.722565E+03	7.479412E-17	1.253356E-18
6.722765E+03	7.479402E-17	1.253444E-18
6.722965E+03	7.481286E-17	1.253849E-18
6.723164E+03	7.479038E-17	1.253562E-18
6.723364E+03	7.478509E-17	1.253563E-18
6.723565E+03	7.479527E-17	1.253823E-18
6.723765E+03	7.477962E-17	1.253650E-18
6.723965E+03	7.477086E-17	1.253593E-18
6.724164E+03	7.477764E-17	1.253795E-18
6.724364E+03	7.477921E-17	1.253911E-18
6.724564E+03	7.477387E-17	1.253911E-18
6.724764E+03	7.477025E-17	1.253939E-18
6.724964E+03	7.477008E-17	1.254025E-18
6.725164E+03	7.479573E-17	1.254544E-18
6.725364E+03	7.481964E-17	1.255034E-18
6.725564E+03	7.480222E-17	1.254831E-18
6.725764E+03	7.480718E-17	1.255003E-18
6.725964E+03	7.482075E-17	1.255319E-18
6.726164E+03	7.483431E-17	1.255635E-18
6.726364E+03	7.482892E-17	1.255633E-18
6.726564E+03	7.482523E-17	1.255660E-18
6.726764E+03	7.483017E-17	1.255832E-18
6.726964E+03	7.483336E-17	1.255973E-18
6.727164E+03	7.482966E-17	1.256000E-18
6.727364E+03	7.483286E-17	1.256142E-18
6.727565E+03	7.481532E-17	1.255936E-18
6.727765E+03	7.480643E-17	1.255875E-18
6.727965E+03	7.480270E-17	1.255900E-18
6.728165E+03	7.481448E-17	1.256186E-18
6.728365E+03	7.483142E-17	1.256558E-18
6.728565E+03	7.484145E-17	1.256815E-18
6.728765E+03	7.483252E-17	1.256753E-18
6.728965E+03	7.480981E-17	1.256459E-18
6.729165E+03	7.478712E-17	1.256166E-18
6.729365E+03	7.476955E-17	1.255958E-18
6.729565E+03	7.476922E-17	1.256040E-18
6.729765E+03	7.476715E-17	1.256092E-18
6.729965E+03	7.474960E-17	1.255885E-18
6.730165E+03	7.474235E-17	1.255851E-18
6.730365E+03	7.473510E-17	1.255816E-18
6.730565E+03	7.470376E-17	1.255376E-18
6.730765E+03	7.466557E-17	1.254822E-18
6.730965E+03	7.466346E-17	1.254873E-18
6.731165E+03	7.464416E-17	1.254635E-18
6.731365E+03	7.463002E-17	1.254484E-18
6.731565E+03	7.467088E-17	1.255258E-18
6.731765E+03	7.466875E-17	1.255309E-18
6.731965E+03	7.463911E-17	1.254897E-18
6.732165E+03	7.465072E-17	1.255179E-18
6.732365E+03	7.464858E-17	1.255229E-18
6.732565E+03	7.465501E-17	1.255424E-18
6.732765E+03	7.467864E-17	1.255907E-18
6.732966E+03	7.470224E-17	1.256391E-18
6.733166E+03	7.472071E-17	1.256788E-18
6.733366E+03	7.473572E-17	1.257126E-18
6.733566E+03	7.474557E-17	1.257378E-18
6.733766E+03	7.476231E-17	1.257746E-18
6.733966E+03	7.477562E-17	1.258056E-18
6.734166E+03	7.478373E-17	1.258278E-18
6.734366E+03	7.478839E-17	1.258442E-18
6.734566E+03	7.478617E-17	1.258491E-18
6.734766E+03	7.478396E-17	1.258539E-18
6.734966E+03	7.480754E-17	1.259022E-18
6.735166E+03	7.483114E-17	1.259505E-18
6.735365E+03	7.485649E-17	1.260017E-18
6.735565E+03	7.485597E-17	1.260094E-18
6.735766E+03	7.484848E-17	1.260053E-18
6.735966E+03	7.484104E-17	1.260013E-18
6.736166E+03	7.484565E-17	1.260176E-18
6.736365E+03	7.485203E-17	1.260369E-18
6.736565E+03	7.486869E-17	1.260734E-18
6.736765E+03	7.487846E-17	1.260984E-18
6.736965E+03	7.488822E-17	1.261233E-18
6.737165E+03	7.491351E-17	1.261745E-18
6.737365E+03	7.493016E-17	1.262110E-18
6.737565E+03	7.493473E-17	1.262272E-18
6.737765E+03	7.493239E-17	1.262317E-18
6.737965E+03	7.494388E-17	1.262596E-18
6.738166E+03	7.495355E-17	1.262844E-18
6.738366E+03	7.494775E-17	1.262831E-18
6.738566E+03	7.493504E-17	1.262701E-18
6.738766E+03	7.493785E-17	1.262833E-18
6.738966E+03	7.494065E-17	1.262964E-18
6.739166E+03	7.493998E-17	1.263038E-18
6.739366E+03	7.491863E-17	1.262762E-18
6.739566E+03	7.491624E-17	1.262806E-18
6.739766E+03	7.489313E-17	1.262501E-18
6.739966E+03	7.488383E-17	1.262428E-18
6.740166E+03	7.488487E-17	1.262529E-18
6.740366E+03	7.489625E-17	1.262805E-18
6.740566E+03	7.490072E-17	1.262964E-18
6.740766E+03	7.489311E-17	1.262920E-18
6.740966E+03	7.489412E-17	1.263020E-18
6.741166E+03	7.492792E-17	1.263674E-18
6.741366E+03	7.493580E-17	1.263891E-18
6.741566E+03	7.494542E-17	1.264136E-18
6.741766E+03	7.497229E-17	1.264673E-18
6.741966E+03	7.498710E-17	1.265006E-18
6.742166E+03	7.500014E-17	1.265310E-18
6.742366E+03	7.500629E-17	1.265497E-18
6.742566E+03	7.500898E-17	1.265625E-18
6.742766E+03	7.502205E-17	1.265929E-18
6.742966E+03	7.502816E-17	1.266115E-18
6.743166E+03	7.503255E-17	1.266272E-18
6.743367E+03	7.502654E-17	1.266254E-18
6.743567E+03	7.501712E-17	1.266178E-18
6.743767E+03	7.500593E-17	1.266072E-18
6.743967E+03	7.501549E-17	1.266316E-18
6.744167E+03	7.503713E-17	1.266764E-18
6.744367E+03	7.504668E-17	1.267008E-18
6.744567E+03	7.505621E-17	1.267251E-18
6.744767E+03	7.507610E-17	1.267670E-18
6.744967E+03	7.510638E-17	1.268263E-18
6.745167E+03	7.510900E-17	1.268390E-18
6.745367E+03	7.509084E-17	1.268166E-18
6.745567E+03	7.508651E-17	1.268175E-18
6.745767E+03	7.509256E-17	1.268359E-18
6.745967E+03	7.508651E-17	1.268339E-18
6.746167E+03	7.508907E-17	1.268464E-18
6.746367E+03	7.508300E-17	1.268443E-18
6.746567E+03	7.506826E-17	1.268276E-18
6.746767E+03	7.507429E-17	1.268460E-18
6.746967E+03	7.506818E-17	1.268438E-18
6.747167E+03	7.505689E-17	1.268329E-18
6.747367E+03	7.506980E-17	1.268629E-18
6.747567E+03	7.506542E-17	1.268636E-18
6.747767E+03	7.503856E-17	1.268264E-18
6.747967E+03	7.503589E-17	1.268300E-18
6.748167E+03	7.505913E-17	1.268774E-18
6.748367E+03	7.505819E-17	1.268839E-18
6.748566E+03	7.504343E-17	1.268670E-18
6.748767E+03	7.505107E-17	1.268881E-18
6.748967E+03	7.504492E-17	1.268858E-18
6.749167E+03	7.504567E-17	1.268951E-18
6.749367E+03	7.505331E-17	1.269161E-18
6.749567E+03	7.503331E-17	1.268903E-18
6.749767E+03	7.502369E-17	1.268821E-18
6.749967E+03	7.502268E-17	1.268885E-18
6.750167E+03	7.503203E-17	1.269123E-18
6.750367E+03	7.504829E-17	1.269479E-18
6.750567E+03	7.505591E-17	1.269688E-18
6.750767E+03	7.506526E-17	1.269926E-18
6.750967E+03	7.507976E-17	1.270252E-18
6.751167E+03	7.510466E-17	1.270753E-18
6.751367E+03	7.511918E-17	1.271079E-18
6.751567E+03	7.514062E-17	1.271522E-18
6.751767E+03	7.515339E-17	1.271818E-18
6.751967E+03	7.514540E-17	1.271762E-18
6.752167E+03	7.512530E-17	1.271502E-18
6.752367E+03	7.512768E-17	1.271622E-18
6.752567E+03	7.513869E-17	1.271888E-18
6.752767E+03	7.514452E-17	1.272066E-18
6.752967E+03	7.515726E-17	1.272361E-18
6.753167E+03	7.518040E-17	1.272832E-18
6.753367E+03	7.520352E-17	1.273303E-18
6.753567E+03	7.521105E-17	1.273510E-18
6.753767E+03	7.522897E-17	1.273893E-18
6.753968E+03	7.523994E-17	1.274158E-18
6.754168E+03	7.525785E-17	1.274540E-18
6.754368E+03	7.525669E-17	1.274600E-18
6.754568E+03	7.525901E-17	1.274718E-18
6.754768E+03	7.525266E-17	1.274689E-18
6.754968E+03	7.524283E-17	1.274601E-18
6.755168E+03	7.525204E-17	1.274836E-18
6.755368E+03	7.528727E-17	1.275512E-18
6.755568E+03	7.529823E-17	1.275776E-18
6.755768E+03	7.528489E-17	1.275628E-18
6.755968E+03	7.526636E-17	1.275393E-18
6.756168E+03	7.526516E-17	1.275451E-18
6.756368E+03	7.528129E-17	1.275803E-18
6.756568E+03	7.528180E-17	1.275889E-18
6.756768E+03	7.525805E-17	1.275565E-18
6.756968E+03	7.525856E-17	1.275652E-18
6.757168E+03	7.526773E-17	1.275885E-18
6.757368E+03	7.525955E-17	1.275824E-18
6.757568E+03	7.527736E-17	1.276204E-18
6.757768E+03	7.528651E-17	1.276437E-18
6.757968E+03	7.529739E-17	1.276699E-18
6.758168E+03	7.531173E-17	1.277019E-18
6.758368E+03	7.531045E-17	1.277075E-18
6.758568E+03	7.529878E-17	1.276955E-18
6.758768E+03	7.529057E-17	1.276893E-18
6.758968E+03	7.529620E-17	1.277066E-18
6.759168E+03	7.530183E-17	1.277238E-18
6.759369E+03	7.530570E-17	1.277381E-18
6.759569E+03	7.529746E-17	1.277319E-18
6.759769E+03	7.527533E-17	1.277020E-18
6.759969E+03	7.526707E-17	1.276957E-18
6.760169E+03	7.527269E-17	1.277129E-18
6.760368E+03	7.527140E-17	1.277183E-18
6.760569E+03	7.525615E-17	1.277002E-18
6.760769E+03	7.525653E-17	1.277084E-18
6.760968E+03	7.526389E-17	1.277285E-18
6.761168E+03	7.526082E-17	1.277310E-18
6.761368E+03	7.526638E-17	1.277480E-18
6.761568E+03	7.528754E-17	1.277915E-18
6.761768E+03	7.530002E-17	1.278204E-18
6.761968E+03	7.531599E-17	1.278551E-18
6.762168E+03	7.533715E-17	1.278986E-18
6.762368E+03	7.533748E-17	1.279067E-18
6.762568E+03	7.534649E-17	1.279296E-18
6.762768E+03	7.536592E-17	1.279702E-18
6.762968E+03	7.535928E-17	1.279665E-18
6.763168E+03	7.535613E-17	1.279687E-18
6.763368E+03	7.535123E-17	1.279679E-18
6.763568E+03	7.535501E-17	1.279819E-18
6.763768E+03	7.537092E-17	1.280164E-18
6.763968E+03	7.538856E-17	1.280539E-18
6.764168E+03	7.538538E-17	1.280560E-18
6.764368E+03	7.539955E-17	1.280876E-18
6.764569E+03	7.541714E-17	1.281251E-18
6.764769E+03	7.540872E-17	1.281183E-18
6.764969E+03	7.541766E-17	1.281409E-18
6.765169E+03	7.543009E-17	1.281696E-18
6.765369E+03	7.543728E-17	1.281892E-18
6.765569E+03	7.544272E-17	1.282059E-18
6.765769E+03	7.544644E-17	1.282197E-18
6.765969E+03	7.545016E-17	1.282335E-18
6.766169E+03	7.545558E-17	1.282502E-18
6.766369E+03	7.545754E-17	1.282609E-18
6.766569E+03	7.546122E-17	1.282746E-18
6.766769E+03	7.547708E-17	1.283090E-18
6.766969E+03	7.546337E-17	1.282931E-18
6.767169E+03	7.544793E-17	1.282742E-18
6.767369E+03	7.546028E-17	1.283026E-18
6.767569E+03	7.548654E-17	1.283547E-18
6.767769E+03	7.549540E-17	1.283771E-18
6.767969E+03	7.549209E-17	1.283789E-18
6.768169E+03	7.547835E-17	1.283629E-18
6.768369E+03	7.549590E-17	1.284001E-18
6.768569E+03	7.551690E-17	1.284432E-18
6.768769E+03	7.553791E-17	1.284862E-18
6.768969E+03	7.556763E-17	1.285441E-18
6.769169E+03	7.558344E-17	1.285784E-18
6.769369E+03	7.559922E-17	1.286125E-18
6.769569E+03	7.561502E-17	1.286467E-18
6.769769E+03	7.562732E-17	1.286749E-18
6.769970E+03	7.564829E-17	1.287180E-18
6.770170E+03	7.565885E-17	1.287432E-18
6.770370E+03	7.566243E-17	1.287566E-18
6.770570E+03	7.565729E-17	1.287551E-18
6.770770E+03	7.567829E-17	1.287982E-18
6.770970E+03	7.572194E-17	1.288797E-18
6.771170E+03	7.574818E-17	1.289316E-18
6.771370E+03	7.574302E-17	1.289301E-18
6.771570E+03	7.573786E-17	1.289286E-18
6.771770E+03	7.572744E-17	1.289180E-18
6.771970E+03	7.572052E-17	1.289135E-18
6.772170E+03	7.573974E-17	1.289534E-18
6.772370E+03	7.579387E-17	1.290528E-18
6.772570E+03	7.577645E-17	1.290304E-18
6.772770E+03	7.576775E-17	1.290227E-18
6.772970E+03	7.577476E-17	1.290419E-18
6.773169E+03	7.578879E-17	1.290729E-18
6.773369E+03	7.581148E-17	1.291187E-18
6.773569E+03	7.582893E-17	1.291556E-18
6.773770E+03	7.584809E-17	1.291954E-18
6.773970E+03	7.586381E-17	1.292294E-18
6.774169E+03	7.587606E-17	1.292573E-18
6.774369E+03	7.588653E-17	1.292823E-18
6.774569E+03	7.590223E-17	1.293162E-18
6.774769E+03	7.590921E-17	1.293352E-18
6.774969E+03	7.590916E-17	1.293422E-18
6.775170E+03	7.592131E-17	1.293701E-18
6.775370E+03	7.593874E-17	1.294069E-18
6.775570E+03	7.596143E-17	1.294526E-18
6.775770E+03	7.597885E-17	1.294894E-18
6.775970E+03	7.599452E-17	1.295232E-18
6.776170E+03	7.602596E-17	1.295838E-18
6.776370E+03	7.605216E-17	1.296356E-18
6.776570E+03	7.607133E-17	1.296753E-18
6.776770E+03	7.607648E-17	1.296911E-18
6.776970E+03	7.607814E-17	1.297010E-18
6.777170E+03	7.610258E-17	1.297497E-18
6.777370E+03	7.613226E-17	1.298073E-18
6.777570E+03	7.613390E-17	1.298171E-18
6.777770E+03	7.613378E-17	1.298239E-18
6.777970E+03	7.614067E-17	1.298427E-18
6.778170E+03	7.615106E-17	1.298674E-18
6.778370E+03	7.614565E-17	1.298651E-18
6.778570E+03	7.615077E-17	1.298809E-18
6.778770E+03	7.617694E-17	1.299325E-18
6.778970E+03	7.619783E-17	1.299750E-18
6.779170E+03	7.620644E-17	1.299967E-18
6.779370E+03	7.619224E-17	1.299794E-18
6.779570E+03	7.617629E-17	1.299591E-18
6.779770E+03	7.615331E-17	1.299268E-18
6.779970E+03	7.616539E-17	1.299544E-18
6.780170E+03	7.614065E-17	1.299191E-18
6.780370E+03	7.613696E-17	1.299197E-18
6.780571E+03	7.612970E-17	1.299142E-18
6.780771E+03	7.613650E-17	1.299327E-18
6.780971E+03	7.612051E-17	1.299122E-18
6.781171E+03	7.608701E-17	1.298619E-18
6.781371E+03	7.612884E-17	1.299402E-18
6.781571E+03	7.610232E-17	1.299017E-18
6.781771E+03	7.605653E-17	1.298304E-18
6.781971E+03	7.601253E-17	1.297621E-18
6.782171E+03	7.598952E-17	1.297296E-18
6.782371E+03	7.598578E-17	1.297300E-18
6.782571E+03	7.594528E-17	1.296676E-18
6.782771E+03	7.591530E-17	1.296232E-18
6.782971E+03	7.588706E-17	1.295818E-18
6.783171E+03	7.584487E-17	1.295164E-18
6.783371E+03	7.581141E-17	1.294661E-18
6.783571E+03	7.578320E-17	1.294246E-18
6.783771E+03	7.577593E-17	1.294189E-18
6.783971E+03	7.576342E-17	1.294042E-18
6.784171E+03	7.573521E-17	1.293627E-18
6.784371E+03	7.574362E-17	1.293838E-18
6.784571E+03	7.573458E-17	1.293750E-18
6.784771E+03	7.570636E-17	1.293334E-18
6.784971E+03	7.568513E-17	1.293038E-18
6.785171E+03	7.566216E-17	1.292712E-18
6.785370E+03	7.565837E-17	1.292713E-18
6.785570E+03	7.567719E-17	1.293101E-18
6.785771E+03	7.566112E-17	1.292893E-18
6.785971E+03	7.563638E-17	1.292536E-18
6.786172E+03	7.566907E-17	1.293161E-18
6.786372E+03	7.566347E-17	1.293131E-18
6.786571E+03	7.565792E-17	1.293101E-18
6.786771E+03	7.565931E-17	1.293191E-18
6.786971E+03	7.563975E-17	1.292922E-18
6.787171E+03	7.562020E-17	1.292653E-18
6.787371E+03	7.562503E-17	1.292801E-18
6.787571E+03	7.564207E-17	1.293157E-18
6.787771E+03	7.565210E-17	1.293394E-18
6.787971E+03	7.564994E-17	1.293422E-18
6.788171E+03	7.565650E-17	1.293599E-18
6.788371E+03	7.568746E-17	1.294194E-18
6.788571E+03	7.572885E-17	1.294966E-18
6.788771E+03	7.574761E-17	1.295351E-18
6.788971E+03	7.575066E-17	1.295468E-18
6.789171E+03	7.575721E-17	1.295645E-18
6.789371E+03	7.574454E-17	1.295493E-18
6.789571E+03	7.573710E-17	1.295430E-18
6.789771E+03	7.574013E-17	1.295546E-18
6.789971E+03	7.576409E-17	1.296020E-18
6.790171E+03	7.578280E-17	1.296404E-18
6.790371E+03	7.580327E-17	1.296818E-18
6.790571E+03	7.582548E-17	1.297262E-18
6.790771E+03	7.582675E-17	1.297348E-18
6.790971E+03	7.581926E-17	1.297284E-18
6.791172E+03	7.580300E-17	1.297069E-18
6.791372E+03	7.584265E-17	1.297811E-18
6.791572E+03	7.581073E-17	1.297329E-18
6.791772E+03	7.577879E-17	1.296845E-18
6.791972E+03	7.579222E-17	1.297139E-18
6.792172E+03	7.581439E-17	1.297581E-18
6.792372E+03	7.579816E-17	1.297367E-18
6.792572E+03	7.575049E-17	1.296614E-18
6.792772E+03	7.571682E-17	1.296100E-18
6.792972E+03	7.569361E-17	1.295765E-18
6.793172E+03	7.567564E-17	1.295521E-18
6.793372E+03	7.566288E-17	1.295365E-18
6.793572E+03	7.565186E-17	1.295238E-18
6.793772E+03	7.563212E-17	1.294963E-18
6.793972E+03	7.562634E-17	1.294926E-18
6.794172E+03	7.561530E-17	1.294799E-18
6.794372E+03	7.561123E-17	1.294791E-18
6.794572E+03	7.562283E-17	1.295052E-18
6.794772E+03	7.563617E-17	1.295342E-18
6.794972E+03	7.564775E-17	1.295602E-18
6.795172E+03	7.564540E-17	1.295624E-18
6.795372E+03	7.563956E-17	1.295585E-18
6.795572E+03	7.564766E-17	1.295786E-18
6.795772E+03	7.564877E-17	1.295866E-18
6.795972E+03	7.559764E-17	1.295051E-18
6.796172E+03	7.556046E-17	1.294475E-18
6.796373E+03	7.555978E-17	1.294525E-18
6.796573E+03	7.556610E-17	1.294694E-18
6.796773E+03	7.555674E-17	1.294595E-18
6.796973E+03	7.554564E-17	1.294465E-18
6.797173E+03	7.551717E-17	1.294038E-18
6.797373E+03	7.547304E-17	1.293342E-18
6.797573E+03	7.544803E-17	1.292974E-18
6.797773E+03	7.543693E-17	1.292844E-18
6.797972E+03	7.542068E-17	1.292626E-18
6.798172E+03	7.540262E-17	1.292376E-18
6.798373E+03	7.538799E-17	1.292185E-18
6.798573E+03	7.537341E-17	1.291995E-18
6.798773E+03	7.535362E-17	1.291716E-18
6.798972E+03	7.533040E-17	1.291377E-18
6.799172E+03	7.531582E-17	1.291186E-18
6.799372E+03	7.531509E-17	1.291233E-18
6.799572E+03	7.531264E-17	1.291251E-18
6.799772E+03	7.533272E-17	1.291654E-18
6.799972E+03	7.533545E-17	1.291760E-18
6.800172E+03	7.531910E-17	1.291539E-18
6.800372E+03	7.532357E-17	1.291674E-18
6.800572E+03	7.532628E-17	1.291780E-18
6.800772E+03	7.532552E-17	1.291825E-18
6.800972E+03	7.531436E-17	1.291692E-18
6.801172E+03	7.533095E-17	1.292036E-18
6.801372E+03	7.535099E-17	1.292438E-18
6.801573E+03	7.533974E-17	1.292303E-18
6.801773E+03	7.531988E-17	1.292021E-18
6.801973E+03	7.532258E-17	1.292126E-18
6.802173E+03	7.531657E-17	1.292080E-18
6.802373E+03	7.530710E-17	1.291976E-18
6.802573E+03	7.533578E-17	1.292526E-18
6.802773E+03	7.533325E-17	1.292540E-18
6.802973E+03	7.532028E-17	1.292375E-18
6.803173E+03	7.532293E-17	1.292478E-18
6.803373E+03	7.531518E-17	1.292403E-18
6.803573E+03	7.530742E-17	1.292327E-18
6.803773E+03	7.531004E-17	1.292429E-18
6.803973E+03	7.532134E-17	1.292680E-18
6.804173E+03	7.532223E-17	1.292752E-18
6.804373E+03	7.531618E-17	1.292706E-18
6.804573E+03	7.531359E-17	1.292718E-18
6.804773E+03	7.531793E-17	1.292849E-18
6.804973E+03	7.531012E-17	1.292772E-18
6.805173E+03	7.530753E-17	1.292784E-18
6.805373E+03	7.530145E-17	1.292736E-18
6.805573E+03	7.527976E-17	1.292420E-18
6.805773E+03	7.527368E-17	1.292372E-18
6.805973E+03	7.527626E-17	1.292473E-18
6.806173E+03	7.525801E-17	1.292215E-18
6.806373E+03	7.522073E-17	1.291631E-18
6.806573E+03	7.517654E-17	1.290928E-18
6.806773E+03	7.515660E-17	1.290641E-18
6.806974E+03	7.515389E-17	1.290650E-18
6.807174E+03	7.515125E-17	1.290660E-18
6.807374E+03	7.513821E-17	1.290492E-18
6.807574E+03	7.511653E-17	1.290175E-18
6.807774E+03	7.510866E-17	1.290095E-18
6.807974E+03	7.510945E-17	1.290163E-18
6.808174E+03	7.512754E-17	1.290529E-18
6.808374E+03	7.514908E-17	1.290954E-18
6.808574E+03	7.515331E-17	1.291081E-18
6.808774E+03	7.515580E-17	1.291179E-18
6.808974E+03	7.514964E-17	1.291128E-18
6.809174E+03	7.514176E-17	1.291047E-18
6.809374E+03	7.512175E-17	1.290757E-18
6.809574E+03	7.512249E-17	1.290824E-18
6.809774E+03	7.515438E-17	1.291426E-18
6.809974E+03	7.517070E-17	1.291761E-18
6.810174E+03	7.518874E-17	1.292125E-18
6.810373E+03	7.519817E-17	1.292341E-18
6.810574E+03	7.519538E-17	1.292347E-18
6.810774E+03	7.519956E-17	1.292473E-18
6.810974E+03	7.521066E-17	1.292717E-18
6.811173E+03	7.522701E-17	1.293051E-18
6.811373E+03	7.523637E-17	1.293265E-18
6.811573E+03	7.525786E-17	1.293688E-18
6.811773E+03	7.527415E-17	1.294021E-18
6.811973E+03	7.525924E-17	1.293818E-18
6.812174E+03	7.523562E-17	1.293465E-18
6.812374E+03	7.522591E-17	1.293352E-18
6.812574E+03	7.523004E-17	1.293475E-18
6.812774E+03	7.523937E-17	1.293688E-18
6.812974E+03	7.524869E-17	1.293901E-18
6.813174E+03	7.524415E-17	1.293876E-18
6.813374E+03	7.525520E-17	1.294118E-18
6.813574E+03	7.526971E-17	1.294420E-18
6.813774E+03	7.527035E-17	1.294483E-18
6.813974E+03	7.524673E-17	1.294130E-18
6.814174E+03	7.523696E-17	1.294013E-18
6.814374E+03	7.525145E-17	1.294314E-18
6.814574E+03	7.523822E-17	1.294139E-18
6.814774E+03	7.523191E-17	1.294082E-18
6.814974E+03	7.523598E-17	1.294204E-18
6.815174E+03	7.523832E-17	1.294295E-18
6.815374E+03	7.527358E-17	1.294953E-18
6.815574E+03	7.529152E-17	1.295313E-18
6.815774E+03	7.526264E-17	1.294868E-18
6.815974E+03	7.525283E-17	1.294750E-18
6.816174E+03	7.526727E-17	1.295050E-18
6.816374E+03	7.530080E-17	1.295678E-18
6.816574E+03	7.530136E-17	1.295738E-18
6.816774E+03	7.526726E-17	1.295202E-18
6.816974E+03	7.526262E-17	1.295173E-18
6.817174E+03	7.526318E-17	1.295233E-18
6.817374E+03	7.525507E-17	1.295144E-18
6.817575E+03	7.526076E-17	1.295292E-18
6.817775E+03	7.528384E-17	1.295740E-18
6.817975E+03	7.529651E-17	1.296008E-18
6.818175E+03	7.530571E-17	1.296216E-18
6.818375E+03	7.530624E-17	1.296275E-18
6.818575E+03	7.531717E-17	1.296513E-18
6.818775E+03	7.533504E-17	1.296871E-18
6.818975E+03	7.533902E-17	1.296989E-18
6.819175E+03	7.533432E-17	1.296958E-18
6.819375E+03	7.531922E-17	1.296747E-18
6.819575E+03	7.530585E-17	1.296566E-18
6.819775E+03	7.530807E-17	1.296654E-18
6.819975E+03	7.531376E-17	1.296801E-18
6.820175E+03	7.531944E-17	1.296948E-18
6.820375E+03	7.531820E-17	1.296975E-18
6.820575E+03	7.532213E-17	1.297092E-18
6.820775E+03	7.531393E-17	1.296999E-18
6.820975E+03	7.530746E-17	1.296936E-18
6.821175E+03	7.530099E-17	1.296873E-18
6.821375E+03	7.534653E-17	1.297706E-18
6.821575E+03	7.533831E-17	1.297613E-18
6.821775E+03	7.534223E-17	1.297729E-18
6.821975E+03	7.535482E-17	1.297994E-18
6.822175E+03	7.535871E-17	1.298109E-18
6.822375E+03	7.537477E-17	1.298433E-18
6.822575E+03	7.539081E-17	1.298757E-18
6.822775E+03	7.540165E-17	1.298992E-18
6.822975E+03	7.539686E-17	1.298957E-18
6.823176E+03	7.539201E-17	1.298921E-18
6.823376E+03	7.538200E-17	1.298796E-18
6.823575E+03	7.538421E-17	1.298881E-18
6.823775E+03	7.541758E-17	1.299503E-18
6.823975E+03	7.541449E-17	1.299497E-18
6.824175E+03	7.540446E-17	1.299371E-18
6.824375E+03	7.543785E-17	1.299994E-18
6.824575E+03	7.545907E-17	1.300406E-18
6.824775E+03	7.546466E-17	1.300549E-18
6.824975E+03	7.544592E-17	1.300273E-18
6.825175E+03	7.541850E-17	1.299847E-18
6.825375E+03	7.540843E-17	1.299720E-18
6.825575E+03	7.541051E-17	1.299802E-18
6.825775E+03	7.544734E-17	1.300483E-18
6.825975E+03	7.544075E-17	1.300415E-18
6.826175E+03	7.542544E-17	1.300197E-18
6.826375E+03	7.542752E-17	1.300279E-18
6.826575E+03	7.546259E-17	1.300929E-18
6.826775E+03	7.546987E-17	1.301101E-18
6.826975E+03	7.547018E-17	1.301151E-18
6.827175E+03	7.546528E-17	1.301112E-18
6.827375E+03	7.547255E-17	1.301283E-18
6.827575E+03	7.547982E-17	1.301454E-18
6.827775E+03	7.548185E-17	1.301534E-18
6.827975E+03	7.548041E-17	1.301554E-18
6.828176E+03	7.548064E-17	1.301603E-18
6.828376E+03	7.548442E-17	1.301713E-18
6.828576E+03	7.548991E-17	1.301853E-18
6.828776E+03	7.548844E-17	1.301872E-18
6.828976E+03	7.548177E-17	1.301801E-18
6.829176E+03	7.547857E-17	1.301791E-18
6.829376E+03	7.549273E-17	1.302079E-18
6.829576E+03	7.550168E-17	1.302278E-18
6.829776E+03	7.549846E-17	1.302266E-18
6.829976E+03	7.550394E-17	1.302405E-18
6.830176E+03	7.551113E-17	1.302573E-18
6.830376E+03	7.553919E-17	1.303101E-18
6.830576E+03	7.557945E-17	1.303839E-18
6.830776E+03	7.560405E-17	1.304307E-18
6.830976E+03	7.562517E-17	1.304715E-18
6.831176E+03	7.566196E-17	1.305393E-18
6.831376E+03	7.567264E-17	1.305621E-18
6.831576E+03	7.568331E-17	1.305848E-18
6.831776E+03	7.569571E-17	1.306105E-18
6.831976E+03	7.571683E-17	1.306513E-18
6.832176E+03	7.571354E-17	1.306499E-18
6.832376E+03	7.572072E-17	1.306666E-18
6.832576E+03	7.573136E-17	1.306892E-18
6.832776E+03	7.574027E-17	1.307088E-18
6.832976E+03	7.575266E-17	1.307345E-18
6.833176E+03	7.574936E-17	1.307330E-18
6.833377E+03	7.575121E-17	1.307405E-18
6.833577E+03	7.575312E-17	1.307480E-18
6.833777E+03	7.574282E-17	1.307344E-18
6.833977E+03	7.572729E-17	1.307118E-18
6.834177E+03	7.573267E-17	1.307253E-18
6.834377E+03	7.576246E-17	1.307809E-18
6.834577E+03	7.579053E-17	1.308335E-18
6.834777E+03	7.580638E-17	1.308650E-18
6.834977E+03	7.580127E-17	1.308604E-18
6.835177E+03	7.578569E-17	1.308376E-18
6.835377E+03	7.578756E-17	1.308450E-18
6.835577E+03	7.579467E-17	1.308614E-18
6.835776E+03	7.580879E-17	1.308898E-18
6.835976E+03	7.580541E-17	1.308881E-18
6.836176E+03	7.580901E-17	1.308984E-18
6.836377E+03	7.581780E-17	1.309177E-18
6.836576E+03	7.582842E-17	1.309400E-18
6.836776E+03	7.584248E-17	1.309683E-18
6.836976E+03	7.584432E-17	1.309756E-18
6.837176E+03	7.582869E-17	1.309526E-18
6.837376E+03	7.581829E-17	1.309387E-18
6.837576E+03	7.581487E-17	1.309368E-18
6.837776E+03	7.582541E-17	1.309590E-18
6.837976E+03	7.582722E-17	1.309661E-18
6.838176E+03	7.582903E-17	1.309732E-18
6.838376E+03	7.584480E-17	1.310044E-18
6.838576E+03	7.584136E-17	1.310024E-18
6.838777E+03	7.584661E-17	1.310155E-18
6.838977E+03	7.587634E-17	1.310707E-18
6.839177E+03	7.590258E-17	1.311200E-18
6.839377E+03	7.590087E-17	1.311209E-18
6.839577E+03	7.591314E-17	1.311461E-18
6.839777E+03	7.591141E-17	1.311470E-18
6.839977E+03	7.592192E-17	1.311690E-18
6.840177E+03	7.593242E-17	1.311910E-18
6.840377E+03	7.592894E-17	1.311889E-18
6.840577E+03	7.593070E-17	1.311957E-18
6.840777E+03	7.593768E-17	1.312116E-18
6.840977E+03	7.593769E-17	1.312155E-18
6.841177E+03	7.593070E-17	1.312072E-18
6.841377E+03	7.594467E-17	1.312352E-18
6.841577E+03	7.597263E-17	1.312873E-18
6.841777E+03	7.596736E-17	1.312820E-18
6.841977E+03	7.595335E-17	1.312615E-18
6.842177E+03	7.597606E-17	1.313045E-18
6.842377E+03	7.597603E-17	1.313082E-18
6.842577E+03	7.597599E-17	1.313119E-18
6.842777E+03	7.599520E-17	1.313489E-18
6.842977E+03	7.601090E-17	1.313797E-18
6.843177E+03	7.603535E-17	1.314257E-18
6.843377E+03	7.606156E-17	1.314747E-18
6.843577E+03	7.608778E-17	1.315237E-18
6.843777E+03	7.609472E-17	1.315394E-18
6.843978E+03	7.610511E-17	1.315610E-18
6.844178E+03	7.612606E-17	1.316009E-18
6.844378E+03	7.614879E-17	1.316439E-18
6.844578E+03	7.617851E-17	1.316989E-18
6.844778E+03	7.619597E-17	1.317327E-18
6.844978E+03	7.620289E-17	1.317483E-18
6.845178E+03	7.621157E-17	1.317669E-18
6.845378E+03	7.622376E-17	1.317915E-18
6.845578E+03	7.623242E-17	1.318101E-18
6.845778E+03	7.623583E-17	1.318196E-18
6.845978E+03	7.623396E-17	1.318199E-18
6.846178E+03	7.624613E-17	1.318445E-18
6.846378E+03	7.624600E-17	1.318478E-18
6.846578E+03	7.623885E-17	1.318390E-18
6.846778E+03	7.623522E-17	1.318363E-18
6.846978E+03	7.622279E-17	1.318183E-18
6.847178E+03	7.622615E-17	1.318276E-18
6.847378E+03	7.623479E-17	1.318460E-18
6.847578E+03	7.622061E-17	1.318250E-18
6.847778E+03	7.620641E-17	1.318038E-18
6.847977E+03	7.621157E-17	1.318162E-18
6.848177E+03	7.621316E-17	1.318224E-18
6.848377E+03	7.620423E-17	1.318104E-18
6.848578E+03	7.622155E-17	1.318438E-18
6.848778E+03	7.620206E-17	1.318135E-18
6.848977E+03	7.618089E-17	1.317802E-18
6.849178E+03	7.619119E-17	1.318015E-18
6.849378E+03	7.619626E-17	1.318136E-18
6.849578E+03	7.620834E-17	1.318378E-18
6.849778E+03	7.621517E-17	1.318530E-18
6.849978E+03	7.622023E-17	1.318651E-18
6.850178E+03	7.622529E-17	1.318772E-18
6.850378E+03	7.623561E-17	1.318983E-18
6.850578E+03	7.625120E-17	1.319286E-18
6.850778E+03	7.626855E-17	1.319620E-18
6.850978E+03	7.627184E-17	1.319709E-18
6.851178E+03	7.628390E-17	1.319951E-18
6.851378E+03	7.628542E-17	1.320010E-18
6.851578E+03	7.627642E-17	1.319886E-18
6.851778E+03	7.627792E-17	1.319945E-18
6.851978E+03	7.628295E-17	1.320064E-18
6.852178E+03	7.627568E-17	1.319970E-18
6.852378E+03	7.627016E-17	1.319907E-18
6.852578E+03	7.629097E-17	1.320299E-18
6.852778E+03	7.629773E-17	1.320448E-18
6.852978E+03	7.629220E-17	1.320384E-18
6.853178E+03	7.630775E-17	1.320685E-18
6.853378E+03	7.633383E-17	1.321167E-18
6.853578E+03	7.633179E-17	1.321163E-18
6.853778E+03	7.632799E-17	1.321129E-18
6.853978E+03	7.632772E-17	1.321156E-18
6.854178E+03	7.633445E-17	1.321303E-18
6.854378E+03	7.632712E-17	1.321207E-18
6.854579E+03	7.631799E-17	1.321080E-18
6.854779E+03	7.630891E-17	1.320954E-18
6.854979E+03	7.630331E-17	1.320887E-18
6.855179E+03	7.629949E-17	1.320851E-18
6.855379E+03	7.630093E-17	1.320907E-18
6.855579E+03	7.630589E-17	1.321023E-18
6.855779E+03	7.631082E-17	1.321138E-18
6.855979E+03	7.632807E-17	1.321467E-18
6.856179E+03	7.633125E-17	1.321552E-18
6.856379E+03	7.632916E-17	1.321546E-18
6.856579E+03	7.632529E-17	1.321508E-18
6.856779E+03	7.633549E-17	1.321714E-18
6.856979E+03	7.635097E-17	1.322012E-18
6.857179E+03	7.634711E-17	1.321974E-18
6.857379E+03	7.633620E-17	1.321815E-18
6.857579E+03	7.629893E-17	1.321198E-18
6.857779E+03	7.628099E-17	1.320917E-18
6.857979E+03	7.629117E-17	1.321122E-18
6.858179E+03	7.630134E-17	1.321327E-18
6.858379E+03	7.630622E-17	1.321440E-18
6.858579E+03	7.631638E-17	1.321644E-18
6.858779E+03	7.633357E-17	1.321970E-18
6.858979E+03	7.634724E-17	1.322235E-18
6.859179E+03	7.632399E-17	1.321861E-18
6.859379E+03	7.630954E-17	1.321639E-18
6.859579E+03	7.630210E-17	1.321538E-18
6.859780E+03	7.629110E-17	1.321375E-18
6.859980E+03	7.629068E-17	1.321395E-18
6.860180E+03	7.627973E-17	1.321233E-18
6.860380E+03	7.626702E-17	1.321041E-18
6.860579E+03	7.627895E-17	1.321275E-18
6.860779E+03	7.628554E-17	1.321416E-18
6.860980E+03	7.627452E-17	1.321252E-18
6.861180E+03	7.626355E-17	1.321089E-18
6.861380E+03	7.624906E-17	1.320865E-18
6.861579E+03	7.626623E-17	1.321189E-18
6.861779E+03	7.630442E-17	1.321877E-18
6.861979E+03	7.630397E-17	1.321896E-18
6.862179E+03	7.628243E-17	1.321549E-18
6.862379E+03	7.626792E-17	1.321324E-18
6.862579E+03	7.626920E-17	1.321373E-18
6.862779E+03	7.628982E-17	1.321756E-18
6.862979E+03	7.631218E-17	1.322169E-18
6.863179E+03	7.629061E-17	1.321821E-18
6.863379E+03	7.626028E-17	1.321322E-18
6.863579E+03	7.627912E-17	1.321674E-18
6.863779E+03	7.631025E-17	1.322238E-18
6.863979E+03	7.631327E-17	1.322316E-18
6.864179E+03	7.631452E-17	1.322363E-18
6.864379E+03	7.633161E-17	1.322684E-18
6.864579E+03	7.633637E-17	1.322792E-18
6.864779E+03	7.633585E-17	1.322808E-18
6.864979E+03	7.633711E-17	1.322854E-18
6.865180E+03	7.632775E-17	1.322717E-18
6.865380E+03	7.631843E-17	1.322580E-18
6.865580E+03	7.632318E-17	1.322687E-18
6.865780E+03	7.632616E-17	1.322763E-18
6.865980E+03	7.634497E-17	1.323113E-18
6.866180E+03	7.635321E-17	1.323280E-18
6.866380E+03	7.633510E-17	1.322990E-18
6.866580E+03	7.632752E-17	1.322882E-18
6.866780E+03	7.630941E-17	1.322592E-18
6.866980E+03	7.627020E-17	1.321936E-18
6.867180E+03	7.625208E-17	1.321645E-18
6.867380E+03	7.624625E-17	1.321568E-18
6.867580E+03	7.622638E-17	1.321247E-18
6.867780E+03	7.623107E-17	1.321351E-18
6.867980E+03	7.624455E-17	1.321608E-18
6.868180E+03	7.625100E-17	1.321742E-18
6.868380E+03	7.623461E-17	1.321481E-18
6.868580E+03	7.622700E-17	1.321372E-18
6.868780E+03	7.623169E-17	1.321475E-18
6.868980E+03	7.622758E-17	1.321427E-18
6.869180E+03	7.621996E-17	1.321317E-18
6.869380E+03	7.621585E-17	1.321268E-18
6.869580E+03	7.622578E-17	1.321462E-18
6.869780E+03	7.622517E-17	1.321473E-18
6.869980E+03	7.623509E-17	1.321667E-18
6.870180E+03	7.624852E-17	1.321922E-18
6.870381E+03	7.625487E-17	1.322053E-18
6.870581E+03	7.624547E-17	1.321912E-18
6.870781E+03	7.624659E-17	1.321953E-18
6.870981E+03	7.624947E-17	1.322024E-18
6.871181E+03	7.623830E-17	1.321851E-18
6.871381E+03	7.621835E-17	1.321526E-18
6.871581E+03	7.619842E-17	1.321202E-18
6.871781E+03	7.616970E-17	1.320724E-18
6.871981E+03	7.612872E-17	1.320034E-18
6.872181E+03	7.614385E-17	1.320317E-18
6.872381E+03	7.613268E-17	1.320144E-18
6.872581E+03	7.610922E-17	1.319757E-18
6.872780E+03	7.611387E-17	1.319858E-18
6.872980E+03	7.611846E-17	1.319958E-18
6.873181E+03	7.613526E-17	1.320269E-18
6.873381E+03	7.614335E-17	1.320429E-18
6.873581E+03	7.614091E-17	1.320406E-18
6.873780E+03	7.614029E-17	1.320415E-18
6.873980E+03	7.613435E-17	1.320332E-18
6.874180E+03	7.611963E-17	1.320095E-18
6.874380E+03	7.609790E-17	1.319738E-18
6.874580E+03	7.608844E-17	1.319593E-18
6.874780E+03	7.609125E-17	1.319660E-18
6.874980E+03	7.608353E-17	1.319545E-18
6.875180E+03	7.608107E-17	1.319521E-18
6.875380E+03	7.607860E-17	1.319497E-18
6.875580E+03	7.606387E-17	1.319260E-18
6.875781E+03	7.604208E-17	1.318900E-18
6.875981E+03	7.602034E-17	1.318541E-18
6.876181E+03	7.600211E-17	1.318243E-18
6.876381E+03	7.596464E-17	1.317611E-18
6.876581E+03	7.594466E-17	1.317283E-18
6.876781E+03	7.594567E-17	1.317318E-18
6.876981E+03	7.592570E-17	1.316989E-18
6.877181E+03	7.590748E-17	1.316691E-18
6.877381E+03	7.589275E-17	1.316452E-18
6.877581E+03	7.587102E-17	1.316092E-18
6.877781E+03	7.585629E-17	1.315854E-18
6.877981E+03	7.585204E-17	1.315797E-18
6.878181E+03	7.582858E-17	1.315407E-18
6.878381E+03	7.579639E-17	1.314865E-18
6.878581E+03	7.578689E-17	1.314717E-18
6.878781E+03	7.577914E-17	1.314599E-18
6.878981E+03	7.578010E-17	1.314632E-18
6.879181E+03	7.578804E-17	1.314786E-18
6.879381E+03	7.578377E-17	1.314728E-18
6.879581E+03	7.576903E-17	1.314488E-18
6.879781E+03	7.578393E-17	1.314763E-18
6.879981E+03	7.576743E-17	1.314492E-18
6.880181E+03	7.573524E-17	1.313949E-18
6.880381E+03	7.572048E-17	1.313709E-18
6.880581E+03	7.570223E-17	1.313407E-18
6.880781E+03	7.570143E-17	1.313409E-18
6.880982E+03	7.568313E-17	1.313106E-18
6.881182E+03	7.566141E-17	1.312745E-18
6.881382E+03	7.565709E-17	1.312685E-18
6.881582E+03	7.565453E-17	1.312655E-18
6.881782E+03	7.565371E-17	1.312655E-18
6.881982E+03	7.564417E-17	1.312504E-18
6.882182E+03	7.563462E-17	1.312353E-18
6.882382E+03	7.563726E-17	1.312413E-18
6.882582E+03	7.563468E-17	1.312382E-18
6.882782E+03	7.562165E-17	1.312170E-18
6.882982E+03	7.561732E-17	1.312109E-18
6.883182E+03	7.561646E-17	1.312108E-18
6.883382E+03	7.560690E-17	1.311956E-18
6.883582E+03	7.558342E-17	1.311562E-18
6.883782E+03	7.555993E-17	1.311168E-18
6.883982E+03	7.555036E-17	1.311015E-18
6.884182E+03	7.554602E-17	1.310952E-18
6.884382E+03	7.554167E-17	1.310890E-18
6.884582E+03	7.554252E-17	1.310918E-18
6.884782E+03	7.554164E-17	1.310915E-18
6.884982E+03	7.554598E-17	1.311003E-18
6.885182E+03	7.554161E-17	1.310940E-18
6.885382E+03	7.553028E-17	1.310756E-18
6.885582E+03	7.551548E-17	1.310511E-18
6.885782E+03	7.552676E-17	1.310719E-18
6.885981E+03	7.554157E-17	1.310988E-18
6.886181E+03	7.555806E-17	1.311286E-18
6.886382E+03	7.556926E-17	1.311493E-18
6.886582E+03	7.559445E-17	1.311942E-18
6.886782E+03	7.561096E-17	1.312240E-18
6.886982E+03	7.560307E-17	1.312114E-18
6.887182E+03	7.558473E-17	1.311807E-18
6.887382E+03	7.557337E-17	1.311621E-18
6.887582E+03	7.555505E-17	1.311315E-18
6.887782E+03	7.551932E-17	1.310705E-18
6.887982E+03	7.549404E-17	1.310277E-18
6.888182E+03	7.549832E-17	1.310362E-18
6.888382E+03	7.551824E-17	1.310719E-18
6.888582E+03	7.553642E-17	1.311045E-18
6.888782E+03	7.553895E-17	1.311099E-18
6.888982E+03	7.555017E-17	1.311304E-18
6.889182E+03	7.555444E-17	1.311388E-18
6.889382E+03	7.553956E-17	1.311140E-18
6.889582E+03	7.552120E-17	1.310831E-18
6.889782E+03	7.551328E-17	1.310703E-18
6.889982E+03	7.551405E-17	1.310727E-18
6.890182E+03	7.551307E-17	1.310719E-18
6.890382E+03	7.549818E-17	1.310470E-18
6.890582E+03	7.548330E-17	1.310221E-18
6.890782E+03	7.549796E-17	1.310485E-18
6.890982E+03	7.549001E-17	1.310356E-18
6.891182E+03	7.545774E-17	1.309804E-18
6.891382E+03	7.544807E-17	1.309645E-18
6.891583E+03	7.543138E-17	1.309364E-18
6.891783E+03	7.540433E-17	1.308903E-18
6.891983E+03	7.537728E-17	1.308442E-18
6.892183E+03	7.536760E-17	1.308282E-18
6.892383E+03	7.534230E-17	1.307851E-18
6.892583E+03	7.532048E-17	1.307480E-18
6.892783E+03	7.531598E-17	1.307410E-18
6.892983E+03	7.530282E-17	1.307190E-18
6.893183E+03	7.528795E-17	1.306939E-18
6.893383E+03	7.527478E-17	1.306718E-18
6.893583E+03	7.525642E-17	1.306407E-18
6.893783E+03	7.523286E-17	1.306005E-18
6.893983E+03	7.520931E-17	1.305604E-18
6.894183E+03	7.519270E-17	1.305322E-18
6.894383E+03	7.517607E-17	1.305040E-18
6.894583E+03	7.515079E-17	1.304608E-18
6.894783E+03	7.509441E-17	1.303636E-18
6.894983E+03	7.507433E-17	1.303294E-18
6.895183E+03	7.508538E-17	1.303492E-18
6.895383E+03	7.506704E-17	1.303180E-18
6.895583E+03	7.505561E-17	1.302988E-18
6.895783E+03	7.505627E-17	1.303006E-18
6.895983E+03	7.502755E-17	1.302513E-18
6.896183E+03	7.498850E-17	1.301841E-18
6.896383E+03	7.498052E-17	1.301708E-18
6.896583E+03	7.499671E-17	1.301994E-18
6.896784E+03	7.499903E-17	1.302040E-18
6.896984E+03	7.496341E-17	1.301427E-18
6.897184E+03	7.491058E-17	1.300515E-18
6.897384E+03	7.488706E-17	1.300112E-18
6.897584E+03	7.486011E-17	1.299649E-18
6.897783E+03	7.485563E-17	1.299576E-18
6.897984E+03	7.485966E-17	1.299651E-18
6.898184E+03	7.485166E-17	1.299516E-18
6.898383E+03	7.484888E-17	1.299472E-18
6.898583E+03	7.484434E-17	1.299398E-18
6.898783E+03	7.483634E-17	1.299263E-18
6.898984E+03	7.482311E-17	1.299038E-18
6.899183E+03	7.479276E-17	1.298515E-18
6.899383E+03	7.477960E-17	1.298290E-18
6.899583E+03	7.480431E-17	1.298723E-18
6.899783E+03	7.482557E-17	1.299095E-18
6.899983E+03	7.480895E-17	1.298810E-18
6.900183E+03	7.479403E-17	1.298555E-18
6.900383E+03	7.479118E-17	1.298508E-18
6.900583E+03	7.480383E-17	1.298731E-18
6.900783E+03	7.478718E-17	1.298445E-18
6.900983E+03	7.477571E-17	1.298249E-18
6.901183E+03	7.478490E-17	1.298411E-18
6.901383E+03	7.480614E-17	1.298782E-18
6.901583E+03	7.481015E-17	1.298854E-18
6.901783E+03	7.478833E-17	1.298478E-18
6.901983E+03	7.479062E-17	1.298520E-18
6.902184E+03	7.478078E-17	1.298351E-18
6.902384E+03	7.475724E-17	1.297944E-18
6.902584E+03	7.474919E-17	1.297806E-18
6.902784E+03	7.474630E-17	1.297758E-18
6.902984E+03	7.475373E-17	1.297888E-18
6.903184E+03	7.476288E-17	1.298049E-18
6.903384E+03	7.475653E-17	1.297940E-18
6.903584E+03	7.474159E-17	1.297682E-18
6.903784E+03	7.471459E-17	1.297214E-18
6.903984E+03	7.469104E-17	1.296806E-18
6.904184E+03	7.468469E-17	1.296697E-18
6.904384E+03	7.468522E-17	1.296707E-18
6.904584E+03	7.469950E-17	1.296955E-18
6.904784E+03	7.469485E-17	1.296875E-18
6.904984E+03	7.468677E-17	1.296735E-18
6.905184E+03	7.468901E-17	1.296774E-18
6.905384E+03	7.468091E-17	1.296634E-18
6.905584E+03	7.465736E-17	1.296225E-18
6.905784E+03	7.463895E-17	1.295905E-18
6.905984E+03	7.463086E-17	1.295765E-18
6.906184E+03	7.462792E-17	1.295713E-18
6.906384E+03	7.463873E-17	1.295900E-18
6.906584E+03	7.463922E-17	1.295908E-18
6.906784E+03	7.461393E-17	1.295468E-18
6.906984E+03	7.459724E-17	1.295178E-18
6.907184E+03	7.459257E-17	1.295095E-18
6.907385E+03	7.456379E-17	1.294595E-18
6.907585E+03	7.454196E-17	1.294215E-18
6.907785E+03	7.454071E-17	1.294191E-18
6.907985E+03	7.453088E-17	1.294019E-18
6.908185E+03	7.451247E-17	1.293698E-18
6.908385E+03	7.448378E-17	1.293198E-18
6.908585E+03	7.445508E-17	1.292698E-18
6.908785E+03	7.443668E-17	1.292376E-18
6.908985E+03	7.442514E-17	1.292174E-18
6.909185E+03	7.440675E-17	1.291853E-18
6.909385E+03	7.437807E-17	1.291352E-18
6.909585E+03	7.436310E-17	1.291090E-18
6.909785E+03	7.434642E-17	1.290798E-18
6.909985E+03	7.431949E-17	1.290327E-18
6.910185E+03	7.428056E-17	1.289649E-18
6.910385E+03	7.424166E-17	1.288970E-18
6.910584E+03	7.421138E-17	1.288442E-18
6.910784E+03	7.419473E-17	1.288149E-18
6.910984E+03	7.418319E-17	1.287946E-18
6.911185E+03	7.417160E-17	1.287741E-18
6.911385E+03	7.414640E-17	1.287300E-18
6.911584E+03	7.413322E-17	1.287067E-18
6.911784E+03	7.413533E-17	1.287100E-18
6.911984E+03	7.412550E-17	1.286925E-18
6.912184E+03	7.410202E-17	1.286514E-18
6.912384E+03	7.409731E-17	1.286428E-18
6.912584E+03	7.409258E-17	1.286341E-18
6.912785E+03	7.408438E-17	1.286194E-18
6.912985E+03	7.407283E-17	1.285989E-18
6.913185E+03	7.406300E-17	1.285814E-18
6.913385E+03	7.406509E-17	1.285845E-18
6.913585E+03	7.405865E-17	1.285729E-18
6.913785E+03	7.404028E-17	1.285405E-18
6.913985E+03	7.401679E-17	1.284992E-18
6.914185E+03	7.400183E-17	1.284727E-18
6.914385E+03	7.398857E-17	1.284491E-18
6.914585E+03	7.396509E-17	1.284078E-18
6.914785E+03	7.393652E-17	1.283576E-18
6.914985E+03	7.392155E-17	1.283310E-18
6.915185E+03	7.392022E-17	1.283281E-18
6.915385E+03	7.392567E-17	1.283370E-18
6.915585E+03	7.391753E-17	1.283223E-18
6.915785E+03	7.389235E-17	1.282779E-18
6.915985E+03	7.386208E-17	1.282247E-18
6.916185E+03	7.384882E-17	1.282010E-18
6.916385E+03	7.381687E-17	1.281449E-18
6.916585E+03	7.378661E-17	1.280917E-18
6.916785E+03	7.377166E-17	1.280651E-18
6.916985E+03	7.374652E-17	1.280207E-18
6.917185E+03	7.371629E-17	1.279675E-18
6.917385E+03	7.368438E-17	1.279114E-18
6.917585E+03	7.366434E-17	1.278759E-18
6.917785E+03	7.366467E-17	1.278757E-18
6.917986E+03	7.365985E-17	1.278666E-18
6.918186E+03	7.365846E-17	1.278634E-18
6.918386E+03	7.365708E-17	1.278602E-18
6.918586E+03	7.364553E-17	1.278393E-18
6.918786E+03	7.364075E-17	1.278302E-18
6.918986E+03	7.362240E-17	1.277975E-18
6.919186E+03	7.360575E-17	1.277678E-18
6.919386E+03	7.358910E-17	1.277381E-18
6.919586E+03	7.358772E-17	1.277348E-18
6.919786E+03	7.359479E-17	1.277462E-18
6.919986E+03	7.358322E-17	1.277252E-18
6.920186E+03	7.355979E-17	1.276836E-18
6.920386E+03	7.354653E-17	1.276597E-18
6.920586E+03	7.352480E-17	1.276211E-18
6.920786E+03	7.351493E-17	1.276030E-18
6.920986E+03	7.349658E-17	1.275702E-18
6.921186E+03	7.348501E-17	1.275492E-18
6.921386E+03	7.347514E-17	1.275310E-18
6.921586E+03	7.346187E-17	1.275070E-18
6.921786E+03	7.345029E-17	1.274859E-18
6.921986E+03	7.344380E-17	1.274737E-18
6.922186E+03	7.343222E-17	1.274525E-18
6.922386E+03	7.341219E-17	1.274167E-18
6.922586E+03	7.339218E-17	1.273810E-18
6.922786E+03	7.337722E-17	1.273540E-18
6.922985E+03	7.336739E-17	1.273358E-18
6.923185E+03	7.335412E-17	1.273117E-18
6.923386E+03	7.335600E-17	1.273139E-18
6.923587E+03	7.334437E-17	1.272926E-18
6.923787E+03	7.330577E-17	1.272244E-18
6.923986E+03	7.327907E-17	1.271770E-18
6.924186E+03	7.326075E-17	1.271440E-18
6.924386E+03	7.324243E-17	1.271111E-18
6.924586E+03	7.324602E-17	1.271161E-18
6.924786E+03	7.325805E-17	1.271358E-18
6.924986E+03	7.326841E-17	1.271526E-18
6.925186E+03	7.325344E-17	1.271255E-18
6.925386E+03	7.321151E-17	1.270514E-18
6.925586E+03	7.317970E-17	1.269950E-18
6.925786E+03	7.315969E-17	1.269590E-18
6.925986E+03	7.314811E-17	1.269377E-18
6.926186E+03	7.315001E-17	1.269397E-18
6.926386E+03	7.315863E-17	1.269534E-18
6.926586E+03	7.315715E-17	1.269495E-18
6.926786E+03	7.315231E-17	1.269399E-18
6.926986E+03	7.314912E-17	1.269330E-18
6.927186E+03	7.313753E-17	1.269115E-18
6.927386E+03	7.314110E-17	1.269164E-18
6.927586E+03	7.316151E-17	1.269505E-18
6.927786E+03	7.318359E-17	1.269874E-18
6.927986E+03	7.319557E-17	1.270068E-18
6.928186E+03	7.320418E-17	1.270204E-18
6.928386E+03	7.321786E-17	1.270427E-18
6.928587E+03	7.319606E-17	1.270034E-18
6.928787E+03	7.319791E-17	1.270052E-18
6.928987E+03	7.320820E-17	1.270216E-18
6.929187E+03	7.320669E-17	1.270176E-18
6.929387E+03	7.320516E-17	1.270134E-18
6.929587E+03	7.320702E-17	1.270151E-18
6.929787E+03	7.320718E-17	1.270139E-18
6.929987E+03	7.318206E-17	1.269689E-18
6.930187E+03	7.316200E-17	1.269325E-18
6.930387E+03	7.315036E-17	1.269108E-18
6.930587E+03	7.314883E-17	1.269066E-18
6.930787E+03	7.313551E-17	1.268820E-18
6.930987E+03	7.312050E-17	1.268543E-18
6.931187E+03	7.311559E-17	1.268442E-18
6.931387E+03	7.312079E-17	1.268517E-18
6.931587E+03	7.311420E-17	1.268386E-18
6.931787E+03	7.310423E-17	1.268197E-18
6.931987E+03	7.309763E-17	1.268066E-18
6.932187E+03	7.309104E-17	1.267935E-18
6.932387E+03	7.307939E-17	1.267717E-18
6.932587E+03	7.307447E-17	1.267615E-18
6.932787E+03	7.305945E-17	1.267337E-18
6.932987E+03	7.305621E-17	1.267264E-18
6.933187E+03	7.305633E-17	1.267250E-18
6.933387E+03	7.304298E-17	1.267001E-18
6.933587E+03	7.302964E-17	1.266752E-18
6.933788E+03	7.303306E-17	1.266794E-18
6.933988E+03	7.303655E-17	1.266837E-18
6.934188E+03	7.302319E-17	1.266587E-18
6.934388E+03	7.302498E-17	1.266601E-18
6.934588E+03	7.302844E-17	1.266643E-18
6.934788E+03	7.302183E-17	1.266510E-18
6.934988E+03	7.301351E-17	1.266347E-18
6.935188E+03	7.299680E-17	1.266039E-18
6.935387E+03	7.299359E-17	1.265965E-18
6.935587E+03	7.299872E-17	1.266036E-18
6.935788E+03	7.299707E-17	1.265988E-18
6.935988E+03	7.299548E-17	1.265942E-18
6.936188E+03	7.299556E-17	1.265925E-18
6.936387E+03	7.300243E-17	1.266025E-18
6.936587E+03	7.301260E-17	1.266182E-18
6.936787E+03	7.302444E-17	1.266368E-18
6.936987E+03	7.302955E-17	1.266437E-18
6.937187E+03	7.302291E-17	1.266302E-18
6.937387E+03	7.302466E-17	1.266313E-18
6.937587E+03	7.302304E-17	1.266265E-18
6.937787E+03	7.301134E-17	1.266042E-18
6.937987E+03	7.300468E-17	1.265907E-18
6.938187E+03	7.298288E-17	1.265508E-18
6.938387E+03	7.297622E-17	1.265373E-18
6.938587E+03	7.297124E-17	1.265266E-18
6.938787E+03	7.295786E-17	1.265013E-18
6.938987E+03	7.296127E-17	1.265052E-18
6.939188E+03	7.295788E-17	1.264972E-18
6.939388E+03	7.294786E-17	1.264777E-18
6.939588E+03	7.293446E-17	1.264524E-18
6.939788E+03	7.292947E-17	1.264416E-18
6.939988E+03	7.295302E-17	1.264803E-18
6.940188E+03	7.295978E-17	1.264899E-18
6.940388E+03	7.294806E-17	1.264674E-18
6.940588E+03	7.294641E-17	1.264624E-18
6.940788E+03	7.295820E-17	1.264806E-18
6.940988E+03	7.295822E-17	1.264785E-18
6.941188E+03	7.295490E-17	1.264705E-18
6.941388E+03	7.293980E-17	1.264421E-18
6.941588E+03	7.291799E-17	1.264021E-18
6.941788E+03	7.290962E-17	1.263853E-18
6.941988E+03	7.290628E-17	1.263773E-18
6.942188E+03	7.292308E-17	1.264041E-18
6.942388E+03	7.294156E-17	1.264339E-18
6.942588E+03	7.294661E-17	1.264404E-18
6.942788E+03	7.294495E-17	1.264352E-18
6.942988E+03	7.295503E-17	1.264503E-18
6.943188E+03	7.294999E-17	1.264392E-18
6.943388E+03	7.295166E-17	1.264398E-18
6.943588E+03	7.295167E-17	1.264375E-18
6.943788E+03	7.293991E-17	1.264147E-18
6.943988E+03	7.293486E-17	1.264035E-18
6.944188E+03	7.293150E-17	1.263953E-18
6.944389E+03	7.292807E-17	1.263870E-18
6.944589E+03	7.293477E-17	1.263962E-18
6.944789E+03	7.294652E-17	1.264141E-18
6.944989E+03	7.295321E-17	1.264232E-18
6.945189E+03	7.294480E-17	1.264062E-18
6.945389E+03	7.293470E-17	1.263862E-18
6.945589E+03	7.293300E-17	1.263808E-18
6.945789E+03	7.292626E-17	1.263666E-18
6.945989E+03	7.292287E-17	1.263582E-18
6.946189E+03	7.292285E-17	1.263556E-18
6.946389E+03	7.291610E-17	1.263414E-18
6.946589E+03	7.291438E-17	1.263359E-18
6.946789E+03	7.291099E-17	1.263275E-18
6.946989E+03	7.292270E-17	1.263452E-18
6.947189E+03	7.293273E-17	1.263599E-18
6.947389E+03	7.293270E-17	1.263573E-18
6.947589E+03	7.294441E-17	1.263750E-18
6.947789E+03	7.294436E-17	1.263723E-18
6.947989E+03	7.294263E-17	1.263666E-18
6.948189E+03	7.294426E-17	1.263668E-18
6.948389E+03	7.294757E-17	1.263699E-18
6.948588E+03	7.295764E-17	1.263846E-18
6.948788E+03	7.297438E-17	1.264109E-18
6.948989E+03	7.298268E-17	1.264226E-18
6.949188E+03	7.298267E-17	1.264199E-18
6.949388E+03	7.297924E-17	1.264112E-18
6.949588E+03	7.296910E-17	1.263909E-18
6.949789E+03	7.295889E-17	1.263704E-18
6.949989E+03	7.294875E-17	1.263501E-18
6.950189E+03	7.295202E-17	1.263530E-18
6.950389E+03	7.295531E-17	1.263559E-18
6.950589E+03	7.295524E-17	1.263530E-18
6.950789E+03	7.296188E-17	1.263617E-18
6.950989E+03	7.296851E-17	1.263703E-18
6.951189E+03	7.296339E-17	1.263586E-18
6.951389E+03	7.295658E-17	1.263439E-18
6.951589E+03	7.295147E-17	1.263322E-18
6.951789E+03	7.295138E-17	1.263292E-18
6.951989E+03	7.294121E-17	1.263086E-18
6.952189E+03	7.293943E-17	1.263027E-18
6.952389E+03	7.292423E-17	1.262734E-18
6.952589E+03	7.291741E-17	1.262587E-18
6.952789E+03	7.292570E-17	1.262701E-18
6.952989E+03	7.293232E-17	1.262786E-18
6.953189E+03	7.293222E-17	1.262755E-18
6.953389E+03	7.292540E-17	1.262606E-18
6.953589E+03	7.293705E-17	1.262778E-18
6.953789E+03	7.294030E-17	1.262804E-18
6.953989E+03	7.293179E-17	1.262627E-18
6.954189E+03	7.292663E-17	1.262507E-18
6.954389E+03	7.293492E-17	1.262620E-18
6.954589E+03	7.292472E-17	1.262413E-18
6.954789E+03	7.292125E-17	1.262322E-18
6.954990E+03	7.292611E-17	1.262375E-18
6.955190E+03	7.292934E-17	1.262400E-18
6.955390E+03	7.292082E-17	1.262221E-18
6.955590E+03	7.291733E-17	1.262130E-18
6.955790E+03	7.292056E-17	1.262154E-18
6.955990E+03	7.292547E-17	1.262208E-18
6.956190E+03	7.293037E-17	1.262261E-18
6.956390E+03	7.294032E-17	1.262401E-18
6.956590E+03	7.294690E-17	1.262483E-18
6.956790E+03	7.296355E-17	1.262739E-18
6.956990E+03	7.297854E-17	1.262966E-18
6.957190E+03	7.298679E-17	1.263077E-18
6.957390E+03	7.299506E-17	1.263187E-18
6.957590E+03	7.299995E-17	1.263239E-18
6.957790E+03	7.299476E-17	1.263117E-18
6.957990E+03	7.299629E-17	1.263111E-18
6.958190E+03	7.301127E-17	1.263337E-18
6.958390E+03	7.303129E-17	1.263650E-18
6.958590E+03	7.303786E-17	1.263731E-18
6.958790E+03	7.304443E-17	1.263811E-18
6.958990E+03	7.304427E-17	1.263774E-18
6.959190E+03	7.304074E-17	1.263680E-18
6.959390E+03	7.306581E-17	1.264080E-18
6.959590E+03	7.307070E-17	1.264131E-18
6.959790E+03	7.306716E-17	1.264035E-18
6.959990E+03	7.309054E-17	1.264405E-18
6.960190E+03	7.310721E-17	1.264659E-18
6.960391E+03	7.312887E-17	1.265000E-18
6.960591E+03	7.314889E-17	1.265311E-18
6.960791E+03	7.314703E-17	1.265244E-18
6.960990E+03	7.315870E-17	1.265411E-18
6.961190E+03	7.317874E-17	1.265723E-18
6.961391E+03	7.319535E-17	1.265975E-18
6.961591E+03	7.319685E-17	1.265966E-18
6.961790E+03	7.320178E-17	1.266016E-18
6.961990E+03	7.319485E-17	1.265860E-18
6.962190E+03	7.320477E-17	1.265996E-18
6.962390E+03	7.321132E-17	1.266074E-18
6.962590E+03	7.322292E-17	1.266238E-18
6.962790E+03	7.325309E-17	1.266724E-18
6.962990E+03	7.326638E-17	1.266918E-18
6.963190E+03	7.328136E-17	1.267140E-18
6.963390E+03	7.329466E-17	1.267334E-18
6.963590E+03	7.330459E-17	1.267469E-18
6.963790E+03	7.332126E-17	1.267720E-18
6.963990E+03	7.334132E-17	1.268030E-18
6.964190E+03	7.336138E-17	1.268340E-18
6.964390E+03	7.337299E-17	1.268504E-18
6.964590E+03	7.337784E-17	1.268550E-18
6.964790E+03	7.339453E-17	1.268801E-18
6.964990E+03	7.340952E-17	1.269022E-18
6.965190E+03	7.342114E-17	1.269186E-18
6.965390E+03	7.342091E-17	1.269144E-18
6.965591E+03	7.342570E-17	1.269188E-18
6.965791E+03	7.342886E-17	1.269205E-18
6.965991E+03	7.343371E-17	1.269251E-18
6.966191E+03	7.344363E-17	1.269383E-18
6.966391E+03	7.345524E-17	1.269545E-18
6.966591E+03	7.345332E-17	1.269474E-18
6.966791E+03	7.345646E-17	1.269489E-18
6.966991E+03	7.346976E-17	1.269680E-18
6.967191E+03	7.347460E-17	1.269725E-18
6.967391E+03	7.349297E-17	1.270003E-18
6.967591E+03	7.350966E-17	1.270252E-18
6.967791E+03	7.352465E-17	1.270471E-18
6.967991E+03	7.353626E-17	1.270632E-18
6.968191E+03	7.353940E-17	1.270647E-18
6.968391E+03	7.355270E-17	1.270837E-18
6.968591E+03	7.355923E-17	1.270910E-18
6.968791E+03	7.359286E-17	1.271450E-18
6.968991E+03	7.362141E-17	1.271903E-18
6.969191E+03	7.362795E-17	1.271976E-18
6.969391E+03	7.358870E-17	1.271257E-18
6.969591E+03	7.360878E-17	1.271563E-18
6.969791E+03	7.364243E-17	1.272104E-18
6.969991E+03	7.366252E-17	1.272410E-18
6.970191E+03	7.366395E-17	1.272393E-18
6.970391E+03	7.366200E-17	1.272318E-18
6.970591E+03	7.366173E-17	1.272272E-18
6.970792E+03	7.365462E-17	1.272108E-18
6.970992E+03	7.363908E-17	1.271798E-18
6.971192E+03	7.363372E-17	1.271663E-18
6.971392E+03	7.362836E-17	1.271529E-18
6.971592E+03	7.361454E-17	1.271248E-18
6.971792E+03	7.361086E-17	1.271142E-18
6.971992E+03	7.360889E-17	1.271066E-18
6.972192E+03	7.359844E-17	1.270843E-18
6.972392E+03	7.358291E-17	1.270533E-18
6.972592E+03	7.357246E-17	1.270309E-18
6.972792E+03	7.356541E-17	1.270145E-18
6.972992E+03	7.356342E-17	1.270067E-18
6.973191E+03	7.356998E-17	1.270138E-18
6.973391E+03	7.356121E-17	1.269943E-18
6.973592E+03	7.353715E-17	1.269484E-18
6.973792E+03	7.351485E-17	1.269056E-18
6.973992E+03	7.350271E-17	1.268803E-18
6.974191E+03	7.347710E-17	1.268317E-18
6.974391E+03	7.344973E-17	1.267801E-18
6.974591E+03	7.343929E-17	1.267577E-18
6.974791E+03	7.343730E-17	1.267498E-18
6.974991E+03	7.342516E-17	1.267245E-18
6.975191E+03	7.341134E-17	1.266962E-18
6.975391E+03	7.339920E-17	1.266708E-18
6.975591E+03	7.338538E-17	1.266425E-18
6.975791E+03	7.336648E-17	1.266054E-18
6.975991E+03	7.334590E-17	1.265654E-18
6.976192E+03	7.330670E-17	1.264932E-18
6.976392E+03	7.330977E-17	1.264940E-18
6.976592E+03	7.331620E-17	1.265006E-18
6.976792E+03	7.332264E-17	1.265072E-18
6.976992E+03	7.327844E-17	1.264264E-18
6.977192E+03	7.327812E-17	1.264213E-18
6.977392E+03	7.327781E-17	1.264162E-18
6.977592E+03	7.327073E-17	1.263994E-18
6.977792E+03	7.326535E-17	1.263855E-18
6.977992E+03	7.327684E-17	1.264007E-18
6.978192E+03	7.330183E-17	1.264392E-18
6.978392E+03	7.325594E-17	1.263554E-18
6.978592E+03	7.327248E-17	1.263793E-18
6.978792E+03	7.329746E-17	1.264177E-18
6.978992E+03	7.329206E-17	1.264037E-18
6.979192E+03	7.327823E-17	1.263752E-18
6.979392E+03	7.327452E-17	1.263641E-18
6.979592E+03	7.328938E-17	1.263850E-18
6.979792E+03	7.327891E-17	1.263622E-18
6.979992E+03	7.328870E-17	1.263744E-18
6.980192E+03	7.329680E-17	1.263836E-18
6.980392E+03	7.329139E-17	1.263695E-18
6.980592E+03	7.329105E-17	1.263641E-18
6.980792E+03	7.329577E-17	1.263674E-18
6.980992E+03	7.329711E-17	1.263650E-18
6.981192E+03	7.330857E-17	1.263799E-18
6.981393E+03	7.332168E-17	1.263976E-18
6.981593E+03	7.335340E-17	1.264475E-18
6.981793E+03	7.337670E-17	1.264828E-18
6.981993E+03	7.339325E-17	1.265064E-18
6.982193E+03	7.339289E-17	1.265009E-18
6.982393E+03	7.338071E-17	1.264750E-18
6.982593E+03	7.337697E-17	1.264636E-18
6.982793E+03	7.338506E-17	1.264727E-18
6.982993E+03	7.340329E-17	1.264991E-18
6.983193E+03	7.338095E-17	1.264557E-18
6.983393E+03	7.338566E-17	1.264588E-18
6.983593E+03	7.339544E-17	1.264707E-18
6.983793E+03	7.338661E-17	1.264505E-18
6.983993E+03	7.337780E-17	1.264303E-18
6.984193E+03	7.337067E-17	1.264130E-18
6.984393E+03	7.335678E-17	1.263840E-18
6.984593E+03	7.333783E-17	1.263463E-18
6.984793E+03	7.332733E-17	1.263231E-18
6.984993E+03	7.332696E-17	1.263174E-18
6.985193E+03	7.330970E-17	1.262826E-18
6.985393E+03	7.328232E-17	1.262303E-18
6.985592E+03	7.325331E-17	1.261753E-18
6.985792E+03	7.322596E-17	1.261231E-18
6.985993E+03	7.319854E-17	1.260707E-18
6.986193E+03	7.316951E-17	1.260155E-18
6.986392E+03	7.317930E-17	1.260273E-18
6.986592E+03	7.318903E-17	1.260388E-18
6.986793E+03	7.318521E-17	1.260271E-18
6.986993E+03	7.316797E-17	1.259922E-18
6.987193E+03	7.313557E-17	1.259312E-18
6.987393E+03	7.311498E-17	1.258905E-18
6.987593E+03	7.309945E-17	1.258586E-18
6.987793E+03	7.309063E-17	1.258381E-18
6.987993E+03	7.309697E-17	1.258438E-18
6.988193E+03	7.309826E-17	1.258407E-18
6.988393E+03	7.303898E-17	1.257334E-18
6.988593E+03	7.304194E-17	1.257332E-18
6.988793E+03	7.304155E-17	1.257272E-18
6.988993E+03	7.302265E-17	1.256894E-18
6.989193E+03	7.296174E-17	1.255792E-18
6.989393E+03	7.292607E-17	1.255125E-18
6.989593E+03	7.294582E-17	1.255411E-18
6.989793E+03	7.297062E-17	1.255784E-18
6.989993E+03	7.297357E-17	1.255781E-18
6.990193E+03	7.297148E-17	1.255691E-18
6.990393E+03	7.297107E-17	1.255630E-18
6.990593E+03	7.297906E-17	1.255713E-18
6.990793E+03	7.298706E-17	1.255797E-18
6.990993E+03	7.298496E-17	1.255706E-18
6.991193E+03	7.298118E-17	1.255586E-18
6.991393E+03	7.296733E-17	1.255293E-18
6.991593E+03	7.296019E-17	1.255116E-18
6.991793E+03	7.295306E-17	1.254938E-18
6.991994E+03	7.293578E-17	1.254585E-18
6.992194E+03	7.290514E-17	1.254003E-18
6.992394E+03	7.286780E-17	1.253306E-18
6.992594E+03	7.284389E-17	1.252839E-18
6.992794E+03	7.281831E-17	1.252343E-18
6.992994E+03	7.283297E-17	1.252540E-18
6.993194E+03	7.284095E-17	1.252621E-18
6.993394E+03	7.282710E-17	1.252327E-18
6.993594E+03	7.280990E-17	1.251975E-18
6.993794E+03	7.279942E-17	1.251739E-18
6.993994E+03	7.277552E-17	1.251272E-18
6.994194E+03	7.275834E-17	1.250920E-18
6.994394E+03	7.275790E-17	1.250855E-18
6.994594E+03	7.275413E-17	1.250734E-18
6.994794E+03	7.274699E-17	1.250555E-18
6.994994E+03	7.274990E-17	1.250548E-18
6.995194E+03	7.274947E-17	1.250483E-18
6.995394E+03	7.274400E-17	1.250332E-18
6.995594E+03	7.273352E-17	1.250094E-18
6.995794E+03	7.272638E-17	1.249914E-18
6.995994E+03	7.272594E-17	1.249849E-18
6.996194E+03	7.272215E-17	1.249726E-18
6.996394E+03	7.271836E-17	1.249603E-18
6.996594E+03	7.271457E-17	1.249480E-18
6.996794E+03	7.271579E-17	1.249443E-18
6.996994E+03	7.271367E-17	1.249348E-18
6.997194E+03	7.270319E-17	1.249110E-18
6.997395E+03	7.268928E-17	1.248812E-18
6.997595E+03	7.268381E-17	1.248659E-18
6.997795E+03	7.266830E-17	1.248334E-18
6.997994E+03	7.264114E-17	1.247809E-18
6.998194E+03	7.262062E-17	1.247397E-18
6.998395E+03	7.261008E-17	1.247157E-18
6.998595E+03	7.260461E-17	1.247004E-18
6.998794E+03	7.258583E-17	1.246622E-18
6.998994E+03	7.257033E-17	1.246297E-18
6.999194E+03	7.256152E-17	1.246085E-18
6.999394E+03	7.255103E-17	1.245846E-18
6.999594E+03	7.253387E-17	1.245492E-18
6.999794E+03	7.251838E-17	1.245165E-18
6.999994E+03	7.250123E-17	1.244811E-18
7.000194E+03	7.248074E-17	1.244399E-18
7.000394E+03	7.246692E-17	1.244101E-18
7.000594E+03	7.244811E-17	1.243718E-18
7.000794E+03	7.242595E-17	1.243277E-18
7.000994E+03	7.240214E-17	1.242808E-18
7.001194E+03	7.237668E-17	1.242310E-18
7.001394E+03	7.236454E-17	1.242040E-18
7.001594E+03	7.234075E-17	1.241571E-18
7.001794E+03	7.232029E-17	1.241159E-18
7.001994E+03	7.229985E-17	1.240747E-18
7.002194E+03	7.229937E-17	1.240677E-18
7.002394E+03	7.230723E-17	1.240751E-18
7.002595E+03	7.231002E-17	1.240737E-18
7.002795E+03	7.229790E-17	1.240467E-18
7.002995E+03	7.228577E-17	1.240197E-18
7.003195E+03	7.229362E-17	1.240269E-18
7.003395E+03	7.229647E-17	1.240256E-18
7.003595E+03	7.230099E-17	1.240272E-18
7.003795E+03	7.231050E-17	1.240372E-18
7.003995E+03	7.231335E-17	1.240358E-18
7.004195E+03	7.230454E-17	1.240145E-18
7.004395E+03	7.229407E-17	1.239902E-18
7.004595E+03	7.229192E-17	1.239802E-18
7.004795E+03	7.229143E-17	1.239731E-18
7.004995E+03	7.229096E-17	1.239660E-18
7.005195E+03	7.228548E-17	1.239503E-18
7.005395E+03	7.228166E-17	1.239373E-18
7.005595E+03	7.228616E-17	1.239387E-18
7.005795E+03	7.226737E-17	1.239001E-18
7.005995E+03	7.224692E-17	1.238587E-18
7.006195E+03	7.223478E-17	1.238315E-18
7.006395E+03	7.223429E-17	1.238242E-18
7.006595E+03	7.224046E-17	1.238283E-18
7.006795E+03	7.222333E-17	1.237926E-18
7.006995E+03	7.221619E-17	1.237739E-18
7.007195E+03	7.219906E-17	1.237381E-18
7.007395E+03	7.218029E-17	1.236994E-18
7.007595E+03	7.216151E-17	1.236608E-18
7.007796E+03	7.214600E-17	1.236276E-18
7.007996E+03	7.214052E-17	1.236117E-18
7.008196E+03	7.213503E-17	1.235958E-18
7.008396E+03	7.212291E-17	1.235685E-18
7.008596E+03	7.211909E-17	1.235554E-18
7.008796E+03	7.211859E-17	1.235480E-18
7.008996E+03	7.211643E-17	1.235377E-18
7.009196E+03	7.211426E-17	1.235275E-18
7.009396E+03	7.210546E-17	1.235058E-18
7.009596E+03	7.209499E-17	1.234812E-18
7.009796E+03	7.208454E-17	1.234567E-18
7.009996E+03	7.207573E-17	1.234350E-18
7.010196E+03	7.207191E-17	1.234218E-18
7.010396E+03	7.205647E-17	1.233887E-18
7.010596E+03	7.203438E-17	1.233442E-18
7.010796E+03	7.201729E-17	1.233083E-18
7.010995E+03	7.201519E-17	1.232980E-18
7.011195E+03	7.200638E-17	1.232762E-18
7.011395E+03	7.199759E-17	1.232544E-18
7.011596E+03	7.200697E-17	1.232638E-18
7.011795E+03	7.200485E-17	1.232534E-18
7.011995E+03	7.199605E-17	1.232316E-18
7.012195E+03	7.199223E-17	1.232183E-18
7.012395E+03	7.195027E-17	1.231397E-18
7.012595E+03	7.192492E-17	1.230895E-18
7.012795E+03	7.194427E-17	1.231158E-18
7.012995E+03	7.194045E-17	1.231024E-18
7.013196E+03	7.191172E-17	1.230464E-18
7.013396E+03	7.186320E-17	1.229565E-18
7.013596E+03	7.183786E-17	1.229063E-18
7.013796E+03	7.184065E-17	1.229042E-18
7.013996E+03	7.182855E-17	1.228767E-18
7.014196E+03	7.181315E-17	1.228434E-18
7.014396E+03	7.180106E-17	1.228159E-18
7.014596E+03	7.178235E-17	1.227769E-18
7.014796E+03	7.175208E-17	1.227183E-18
7.014996E+03	7.173503E-17	1.226822E-18
7.015196E+03	7.171635E-17	1.226433E-18
7.015396E+03	7.169766E-17	1.226044E-18
7.015596E+03	7.168229E-17	1.225711E-18
7.015796E+03	7.167846E-17	1.225576E-18
7.015996E+03	7.167628E-17	1.225469E-18
7.016196E+03	7.166915E-17	1.225277E-18
7.016396E+03	7.165872E-17	1.225028E-18
7.016596E+03	7.166149E-17	1.225005E-18
7.016796E+03	7.166262E-17	1.224954E-18
7.016996E+03	7.165549E-17	1.224761E-18
7.017196E+03	7.164341E-17	1.224485E-18
7.017396E+03	7.163629E-17	1.224292E-18
7.017596E+03	7.160936E-17	1.223761E-18
7.017796E+03	7.160884E-17	1.223681E-18
7.017996E+03	7.160665E-17	1.223572E-18
7.018196E+03	7.161271E-17	1.223604E-18
7.018397E+03	7.157091E-17	1.222818E-18
7.018597E+03	7.157203E-17	1.222766E-18
7.018797E+03	7.157643E-17	1.222770E-18
7.018997E+03	7.156601E-17	1.222520E-18
7.019197E+03	7.155559E-17	1.222270E-18
7.019397E+03	7.152376E-17	1.221654E-18
7.019597E+03	7.150017E-17	1.221179E-18
7.019797E+03	7.148645E-17	1.220872E-18
7.019997E+03	7.148098E-17	1.220707E-18
7.020197E+03	7.148867E-17	1.220765E-18
7.020397E+03	7.150295E-17	1.220937E-18
7.020597E+03	7.149911E-17	1.220798E-18
7.020797E+03	7.148541E-17	1.220491E-18
7.020997E+03	7.148651E-17	1.220437E-18
7.021197E+03	7.147445E-17	1.220158E-18
7.021397E+03	7.144594E-17	1.219598E-18
7.021597E+03	7.142894E-17	1.219235E-18
7.021797E+03	7.143333E-17	1.219236E-18
7.021997E+03	7.144267E-17	1.219322E-18
7.022197E+03	7.144541E-17	1.219295E-18
7.022397E+03	7.145144E-17	1.219324E-18
7.022597E+03	7.145913E-17	1.219381E-18
7.022797E+03	7.143719E-17	1.218932E-18
7.022997E+03	7.145310E-17	1.219129E-18
7.023197E+03	7.147230E-17	1.219382E-18
7.023396E+03	7.146523E-17	1.219188E-18
7.023596E+03	7.143178E-17	1.218542E-18
7.023797E+03	7.142624E-17	1.218372E-18
7.023998E+03	7.142562E-17	1.218287E-18
7.024198E+03	7.142178E-17	1.218146E-18
7.024397E+03	7.141801E-17	1.218007E-18
7.024597E+03	7.139937E-17	1.217614E-18
7.024797E+03	7.138403E-17	1.217277E-18
7.024997E+03	7.137854E-17	1.217107E-18
7.025197E+03	7.135170E-17	1.216574E-18
7.025397E+03	7.132815E-17	1.216097E-18
7.025597E+03	7.132760E-17	1.216011E-18
7.025797E+03	7.134840E-17	1.216290E-18
7.025997E+03	7.135277E-17	1.216289E-18
7.026197E+03	7.135386E-17	1.216230E-18
7.026397E+03	7.133853E-17	1.215893E-18
7.026597E+03	7.133139E-17	1.215695E-18
7.026797E+03	7.132591E-17	1.215525E-18
7.026997E+03	7.131550E-17	1.215270E-18
7.027197E+03	7.131495E-17	1.215184E-18
7.027397E+03	7.128976E-17	1.214678E-18
7.027597E+03	7.126624E-17	1.214200E-18
7.027797E+03	7.124763E-17	1.213805E-18
7.027997E+03	7.122574E-17	1.213355E-18
7.028197E+03	7.119567E-17	1.212765E-18
7.028397E+03	7.118036E-17	1.212427E-18
7.028597E+03	7.117980E-17	1.212339E-18
7.028797E+03	7.118744E-17	1.212392E-18
7.028998E+03	7.116224E-17	1.211884E-18
7.029198E+03	7.115840E-17	1.211741E-18
7.029398E+03	7.115129E-17	1.211541E-18
7.029598E+03	7.113107E-17	1.211119E-18
7.029798E+03	7.112396E-17	1.210919E-18
7.029998E+03	7.112831E-17	1.210915E-18
7.030198E+03	7.112611E-17	1.210798E-18
7.030398E+03	7.110917E-17	1.210431E-18
7.030598E+03	7.110206E-17	1.210231E-18
7.030798E+03	7.111788E-17	1.210421E-18
7.030998E+03	7.112713E-17	1.210500E-18
7.031198E+03	7.111183E-17	1.210160E-18
7.031398E+03	7.109326E-17	1.209764E-18
7.031598E+03	7.107797E-17	1.209425E-18
7.031798E+03	7.106758E-17	1.209168E-18
7.031998E+03	7.106701E-17	1.209078E-18
7.032198E+03	7.105827E-17	1.208850E-18
7.032398E+03	7.104134E-17	1.208482E-18
7.032598E+03	7.102606E-17	1.208141E-18
7.032798E+03	7.101732E-17	1.207912E-18
7.032998E+03	7.101512E-17	1.207795E-18
7.033198E+03	7.100148E-17	1.207482E-18
7.033398E+03	7.098782E-17	1.207169E-18
7.033598E+03	7.097581E-17	1.206884E-18
7.033798E+03	7.095401E-17	1.206432E-18
7.033998E+03	7.094364E-17	1.206175E-18
7.034199E+03	7.095608E-17	1.206305E-18
7.034399E+03	7.096695E-17	1.206408E-18
7.034599E+03	7.096802E-17	1.206345E-18
7.034799E+03	7.096091E-17	1.206143E-18
7.034999E+03	7.094890E-17	1.205857E-18
7.035199E+03	7.094181E-17	1.205654E-18
7.035399E+03	7.093960E-17	1.205535E-18
7.035599E+03	7.093250E-17	1.205332E-18
7.035798E+03	7.093525E-17	1.205297E-18
7.035998E+03	7.093141E-17	1.205150E-18
7.036199E+03	7.091609E-17	1.204806E-18
7.036399E+03	7.091552E-17	1.204714E-18
7.036599E+03	7.090678E-17	1.204483E-18
7.036798E+03	7.091117E-17	1.204475E-18
7.036998E+03	7.091549E-17	1.204466E-18
7.037198E+03	7.089207E-17	1.203985E-18
7.037398E+03	7.089149E-17	1.203892E-18
7.037598E+03	7.090888E-17	1.204104E-18
7.037798E+03	7.091320E-17	1.204094E-18
7.037998E+03	7.091590E-17	1.204056E-18
7.038198E+03	7.091859E-17	1.204018E-18
7.038398E+03	7.091312E-17	1.203841E-18
7.038598E+03	7.090928E-17	1.203692E-18
7.038798E+03	7.091524E-17	1.203709E-18
7.038998E+03	7.091956E-17	1.203698E-18
7.039198E+03	7.091409E-17	1.203520E-18
7.039398E+03	7.092004E-17	1.203537E-18
7.039599E+03	7.091777E-17	1.203413E-18
7.039799E+03	7.089598E-17	1.202958E-18
7.039999E+03	7.088072E-17	1.202615E-18
7.040199E+03	7.086708E-17	1.202298E-18
7.040399E+03	7.085508E-17	1.202010E-18
7.040599E+03	7.086104E-17	1.202025E-18
7.040799E+03	7.087188E-17	1.202124E-18
7.040999E+03	7.086804E-17	1.201973E-18
7.041199E+03	7.085279E-17	1.201629E-18
7.041399E+03	7.084079E-17	1.201339E-18
7.041599E+03	7.082716E-17	1.201022E-18
7.041799E+03	7.082006E-17	1.200816E-18
7.041999E+03	7.081460E-17	1.200637E-18
7.042199E+03	7.079283E-17	1.200182E-18
7.042399E+03	7.078410E-17	1.199947E-18
7.042599E+03	7.079167E-17	1.199989E-18
7.042799E+03	7.078783E-17	1.199838E-18
7.042999E+03	7.077911E-17	1.199603E-18
7.043199E+03	7.076223E-17	1.199230E-18
7.043399E+03	7.075188E-17	1.198968E-18
7.043599E+03	7.074805E-17	1.198816E-18
7.043799E+03	7.074910E-17	1.198746E-18
7.043999E+03	7.075667E-17	1.198787E-18
7.044199E+03	7.075772E-17	1.198717E-18
7.044399E+03	7.075877E-17	1.198648E-18
7.044599E+03	7.076634E-17	1.198688E-18
7.044800E+03	7.076408E-17	1.198561E-18
7.045000E+03	7.075698E-17	1.198353E-18
7.045200E+03	7.075477E-17	1.198227E-18
7.045400E+03	7.076233E-17	1.198267E-18
7.045600E+03	7.075199E-17	1.198003E-18
7.045800E+03	7.076444E-17	1.198126E-18
7.046000E+03	7.077852E-17	1.198275E-18
7.046200E+03	7.076817E-17	1.198011E-18
7.046400E+03	7.077085E-17	1.197967E-18
7.046600E+03	7.077679E-17	1.197979E-18
7.046800E+03	7.077947E-17	1.197935E-18
7.047000E+03	7.077726E-17	1.197808E-18
7.047200E+03	7.077994E-17	1.197764E-18
7.047400E+03	7.077284E-17	1.197554E-18
7.047600E+03	7.076412E-17	1.197317E-18
7.047800E+03	7.076680E-17	1.197272E-18
7.048000E+03	7.075807E-17	1.197035E-18
7.048199E+03	7.073637E-17	1.196578E-18
7.048400E+03	7.072433E-17	1.196284E-18
7.048600E+03	7.072375E-17	1.196183E-18
7.048800E+03	7.073458E-17	1.196276E-18
7.048999E+03	7.073406E-17	1.196177E-18
7.049199E+03	7.072534E-17	1.195939E-18
7.049399E+03	7.071498E-17	1.195672E-18
7.049599E+03	7.068348E-17	1.195049E-18
7.049799E+03	7.065849E-17	1.194535E-18
7.049999E+03	7.064977E-17	1.194297E-18
7.050200E+03	7.062962E-17	1.193864E-18
7.050400E+03	7.062091E-17	1.193625E-18
7.050600E+03	7.063334E-17	1.193744E-18
7.050800E+03	7.063601E-17	1.193698E-18
7.051000E+03	7.063218E-17	1.193541E-18
7.051200E+03	7.062509E-17	1.193329E-18
7.051400E+03	7.063427E-17	1.193392E-18
7.051600E+03	7.063370E-17	1.193290E-18
7.051800E+03	7.063311E-17	1.193188E-18
7.052000E+03	7.063254E-17	1.193086E-18
7.052200E+03	7.063359E-17	1.193011E-18
7.052400E+03	7.062650E-17	1.192798E-18
7.052600E+03	7.062918E-17	1.192751E-18
7.052800E+03	7.063185E-17	1.192703E-18
7.053000E+03	7.061502E-17	1.192325E-18
7.053200E+03	7.060956E-17	1.192140E-18
7.053400E+03	7.061874E-17	1.192201E-18
7.053600E+03	7.062141E-17	1.192153E-18
7.053800E+03	7.060945E-17	1.191857E-18
7.054000E+03	7.059099E-17	1.191452E-18
7.054200E+03	7.058229E-17	1.191211E-18
7.054400E+03	7.060446E-17	1.191491E-18
7.054600E+03	7.062503E-17	1.191744E-18
7.054800E+03	7.063257E-17	1.191777E-18
7.055000E+03	7.063038E-17	1.191646E-18
7.055200E+03	7.061842E-17	1.191349E-18
7.055401E+03	7.060640E-17	1.191051E-18
7.055601E+03	7.058306E-17	1.190563E-18
7.055801E+03	7.055811E-17	1.190047E-18
7.056001E+03	7.053967E-17	1.189641E-18
7.056201E+03	7.053584E-17	1.189481E-18
7.056401E+03	7.053526E-17	1.189377E-18
7.056601E+03	7.054769E-17	1.189490E-18
7.056801E+03	7.056011E-17	1.189604E-18
7.057001E+03	7.055465E-17	1.189417E-18
7.057201E+03	7.055408E-17	1.189311E-18
7.057401E+03	7.054700E-17	1.189096E-18
7.057601E+03	7.053993E-17	1.188881E-18
7.057801E+03	7.053936E-17	1.188775E-18
7.058001E+03	7.055178E-17	1.188888E-18
7.058201E+03	7.054795E-17	1.188727E-18
7.058401E+03	7.055062E-17	1.188675E-18
7.058601E+03	7.053543E-17	1.188322E-18
7.058801E+03	7.052186E-17	1.187997E-18
7.059001E+03	7.052129E-17	1.187890E-18
7.059201E+03	7.052396E-17	1.187838E-18
7.059401E+03	7.053476E-17	1.187923E-18
7.059601E+03	7.053744E-17	1.187871E-18
7.059801E+03	7.053361E-17	1.187709E-18
7.060001E+03	7.053142E-17	1.187574E-18
7.060201E+03	7.053085E-17	1.187467E-18
7.060401E+03	7.053677E-17	1.187469E-18
7.060600E+03	7.052651E-17	1.187198E-18
7.060801E+03	7.051289E-17	1.186870E-18
7.061002E+03	7.049926E-17	1.186542E-18
7.061202E+03	7.048408E-17	1.186189E-18
7.061401E+03	7.047221E-17	1.185891E-18
7.061601E+03	7.045867E-17	1.185564E-18
7.061801E+03	7.045810E-17	1.185456E-18
7.062001E+03	7.046239E-17	1.185429E-18
7.062201E+03	7.046831E-17	1.185430E-18
7.062401E+03	7.048072E-17	1.185539E-18
7.062601E+03	7.047528E-17	1.185349E-18
7.062801E+03	7.046660E-17	1.185103E-18
7.063001E+03	7.044981E-17	1.184721E-18
7.063201E+03	7.042491E-17	1.184203E-18
7.063401E+03	7.041623E-17	1.183957E-18
7.063601E+03	7.042053E-17	1.183930E-18
7.063801E+03	7.044591E-17	1.184257E-18
7.064001E+03	7.045670E-17	1.184338E-18
7.064201E+03	7.043991E-17	1.183955E-18
7.064401E+03	7.041339E-17	1.183409E-18
7.064601E+03	7.042256E-17	1.183463E-18
7.064801E+03	7.042847E-17	1.183461E-18
7.065001E+03	7.041008E-17	1.183052E-18
7.065201E+03	7.039168E-17	1.182642E-18
7.065401E+03	7.038139E-17	1.182368E-18
7.065601E+03	7.037434E-17	1.182148E-18
7.065801E+03	7.035433E-17	1.181711E-18
7.066002E+03	7.034237E-17	1.181408E-18
7.066202E+03	7.033857E-17	1.181243E-18
7.066402E+03	7.032343E-17	1.180887E-18
7.066602E+03	7.030182E-17	1.180423E-18
7.066802E+03	7.028669E-17	1.180067E-18
7.067002E+03	7.026994E-17	1.179684E-18
7.067202E+03	7.024512E-17	1.179165E-18
7.067402E+03	7.024779E-17	1.179108E-18
7.067602E+03	7.025694E-17	1.179159E-18
7.067802E+03	7.025476E-17	1.179020E-18
7.068002E+03	7.023802E-17	1.178637E-18
7.068202E+03	7.022130E-17	1.178253E-18
7.068402E+03	7.022235E-17	1.178169E-18
7.068602E+03	7.022180E-17	1.178056E-18
7.068802E+03	7.022124E-17	1.177944E-18
7.069002E+03	7.022068E-17	1.177831E-18
7.069202E+03	7.019911E-17	1.177367E-18
7.069402E+03	7.019532E-17	1.177200E-18
7.069602E+03	7.019314E-17	1.177060E-18
7.069802E+03	7.018127E-17	1.176757E-18
7.070002E+03	7.016456E-17	1.176373E-18
7.070202E+03	7.014462E-17	1.175935E-18
7.070402E+03	7.013599E-17	1.175686E-18
7.070602E+03	7.013221E-17	1.175519E-18
7.070802E+03	7.012358E-17	1.175270E-18
7.071002E+03	7.011334E-17	1.174994E-18
7.071203E+03	7.011757E-17	1.174960E-18
7.071403E+03	7.012508E-17	1.174982E-18
7.071603E+03	7.011808E-17	1.174760E-18
7.071803E+03	7.012075E-17	1.174700E-18
7.072003E+03	7.012989E-17	1.174748E-18
7.072203E+03	7.011803E-17	1.174444E-18
7.072403E+03	7.010135E-17	1.174060E-18
7.072603E+03	7.010079E-17	1.173945E-18
7.072803E+03	7.011155E-17	1.174020E-18
7.073003E+03	7.013037E-17	1.174229E-18
7.073203E+03	7.013467E-17	1.174196E-18
7.073403E+03	7.014381E-17	1.174243E-18
7.073602E+03	7.014009E-17	1.174075E-18
7.073802E+03	7.013470E-17	1.173879E-18
7.074002E+03	7.012931E-17	1.173682E-18
7.074203E+03	7.013355E-17	1.173646E-18
7.074402E+03	7.013791E-17	1.173613E-18
7.074602E+03	7.013090E-17	1.173389E-18
7.074802E+03	7.012228E-17	1.173138E-18
7.075002E+03	7.011528E-17	1.172914E-18
7.075202E+03	7.010828E-17	1.172690E-18
7.075402E+03	7.010936E-17	1.172601E-18
7.075602E+03	7.010074E-17	1.172350E-18
7.075802E+03	7.009858E-17	1.172206E-18
7.076002E+03	7.007706E-17	1.171739E-18
7.076202E+03	7.007007E-17	1.171514E-18
7.076402E+03	7.005178E-17	1.171101E-18
7.076603E+03	7.004311E-17	1.170848E-18
7.076803E+03	7.003452E-17	1.170596E-18
7.077003E+03	7.003881E-17	1.170560E-18
7.077203E+03	7.004150E-17	1.170497E-18
7.077403E+03	7.003290E-17	1.170244E-18
7.077603E+03	7.002914E-17	1.170073E-18
7.077803E+03	7.001893E-17	1.169794E-18
7.078003E+03	7.003451E-17	1.169946E-18
7.078203E+03	7.003560E-17	1.169855E-18
7.078403E+03	7.001893E-17	1.169467E-18
7.078603E+03	7.001356E-17	1.169269E-18
7.078803E+03	6.999530E-17	1.168855E-18
7.079003E+03	6.998671E-17	1.168602E-18
7.079203E+03	6.999746E-17	1.168672E-18
7.079403E+03	6.999532E-17	1.168527E-18
7.079603E+03	6.998190E-17	1.168193E-18
7.079803E+03	6.998137E-17	1.168074E-18
7.080003E+03	6.996795E-17	1.167740E-18
7.080203E+03	6.994969E-17	1.167326E-18
7.080403E+03	6.994111E-17	1.167072E-18
7.080603E+03	6.993415E-17	1.166846E-18
7.080803E+03	6.992718E-17	1.166619E-18
7.081003E+03	6.991056E-17	1.166231E-18
7.081203E+03	6.989715E-17	1.165897E-18
7.081403E+03	6.989019E-17	1.165670E-18
7.081603E+03	6.988323E-17	1.165443E-18
7.081804E+03	6.987943E-17	1.165269E-18
7.082004E+03	6.988052E-17	1.165176E-18
7.082204E+03	6.987355E-17	1.164948E-18
7.082404E+03	6.988269E-17	1.164989E-18
7.082604E+03	6.988861E-17	1.164976E-18
7.082804E+03	6.987200E-17	1.164588E-18
7.083004E+03	6.986183E-17	1.164307E-18
7.083204E+03	6.985488E-17	1.164079E-18
7.083404E+03	6.983828E-17	1.163691E-18
7.083604E+03	6.980238E-17	1.162981E-18
7.083804E+03	6.977456E-17	1.162405E-18
7.084004E+03	6.979171E-17	1.162578E-18
7.084204E+03	6.978316E-17	1.162323E-18
7.084404E+03	6.975694E-17	1.161775E-18
7.084604E+03	6.976125E-17	1.161733E-18
7.084804E+03	6.978484E-17	1.162014E-18
7.085004E+03	6.981165E-17	1.162347E-18
7.085204E+03	6.981113E-17	1.162226E-18
7.085404E+03	6.978813E-17	1.161729E-18
7.085604E+03	6.977155E-17	1.161340E-18
7.085803E+03	6.975825E-17	1.161006E-18
7.086003E+03	6.974007E-17	1.160590E-18
7.086203E+03	6.972672E-17	1.160254E-18
7.086404E+03	6.972776E-17	1.160157E-18
7.086604E+03	6.972243E-17	1.159955E-18
7.086803E+03	6.973162E-17	1.159994E-18
7.087003E+03	6.973915E-17	1.160005E-18
7.087204E+03	6.971771E-17	1.159534E-18
7.087404E+03	6.972043E-17	1.159465E-18
7.087604E+03	6.971510E-17	1.159262E-18
7.087804E+03	6.969214E-17	1.158765E-18
7.088004E+03	6.968040E-17	1.158456E-18
7.088204E+03	6.967669E-17	1.158279E-18
7.088404E+03	6.965213E-17	1.157756E-18
7.088604E+03	6.965324E-17	1.157659E-18
7.088804E+03	6.965275E-17	1.157536E-18
7.089004E+03	6.965385E-17	1.157439E-18
7.089204E+03	6.964694E-17	1.157209E-18
7.089404E+03	6.963523E-17	1.156899E-18
7.089604E+03	6.962832E-17	1.156668E-18
7.089804E+03	6.962301E-17	1.156465E-18
7.090004E+03	6.962252E-17	1.156341E-18
7.090204E+03	6.961401E-17	1.156083E-18
7.090404E+03	6.959910E-17	1.155719E-18
7.090604E+03	6.959220E-17	1.155489E-18
7.090804E+03	6.958690E-17	1.155285E-18
7.091004E+03	6.958001E-17	1.155054E-18
7.091204E+03	6.957311E-17	1.154823E-18
7.091404E+03	6.957583E-17	1.154751E-18
7.091604E+03	6.957054E-17	1.154547E-18
7.091804E+03	6.958768E-17	1.154714E-18
7.092004E+03	6.961604E-17	1.155067E-18
7.092204E+03	6.961235E-17	1.154889E-18
7.092405E+03	6.962303E-17	1.154948E-18
7.092605E+03	6.961935E-17	1.154769E-18
7.092805E+03	6.959963E-17	1.154325E-18
7.093005E+03	6.959754E-17	1.154172E-18
7.093205E+03	6.961310E-17	1.154313E-18
7.093405E+03	6.962063E-17	1.154319E-18
7.093605E+03	6.960093E-17	1.153874E-18
7.093805E+03	6.961166E-17	1.153934E-18
7.094005E+03	6.963524E-17	1.154207E-18
7.094205E+03	6.964278E-17	1.154213E-18
7.094405E+03	6.963429E-17	1.153953E-18
7.094605E+03	6.963542E-17	1.153853E-18
7.094805E+03	6.963815E-17	1.153780E-18
7.095005E+03	6.962967E-17	1.153520E-18
7.095205E+03	6.960996E-17	1.153074E-18
7.095405E+03	6.959347E-17	1.152682E-18
7.095605E+03	6.958018E-17	1.152342E-18
7.095805E+03	6.958291E-17	1.152268E-18
7.096005E+03	6.959848E-17	1.152406E-18
7.096205E+03	6.959961E-17	1.152305E-18
7.096405E+03	6.957672E-17	1.151806E-18
7.096605E+03	6.954742E-17	1.151201E-18
7.096805E+03	6.952775E-17	1.150755E-18
7.097005E+03	6.953369E-17	1.150733E-18
7.097205E+03	6.954604E-17	1.150817E-18
7.097405E+03	6.955519E-17	1.150848E-18
7.097606E+03	6.952745E-17	1.150268E-18
7.097806E+03	6.950938E-17	1.149848E-18
7.098006E+03	6.949772E-17	1.149535E-18
7.098206E+03	6.946687E-17	1.148903E-18
7.098405E+03	6.943129E-17	1.148195E-18
7.098605E+03	6.941965E-17	1.147881E-18
7.098806E+03	6.940635E-17	1.147540E-18
7.099006E+03	6.938514E-17	1.147067E-18
7.099206E+03	6.937510E-17	1.146780E-18
7.099405E+03	6.938429E-17	1.146811E-18
7.099605E+03	6.940302E-17	1.146999E-18
7.099805E+03	6.941057E-17	1.147002E-18
7.100005E+03	6.938615E-17	1.146476E-18
7.100205E+03	6.937771E-17	1.146215E-18
7.100405E+03	6.937248E-17	1.146006E-18
7.100605E+03	6.935926E-17	1.145666E-18
7.100805E+03	6.937479E-17	1.145800E-18
7.101005E+03	6.938234E-17	1.145802E-18
7.101205E+03	6.937711E-17	1.145593E-18
7.101405E+03	6.936070E-17	1.145199E-18
7.101605E+03	6.933311E-17	1.144621E-18
7.101805E+03	6.932470E-17	1.144359E-18
7.102005E+03	6.930830E-17	1.143965E-18
7.102205E+03	6.928872E-17	1.143519E-18
7.102405E+03	6.927234E-17	1.143125E-18
7.102605E+03	6.926233E-17	1.142837E-18
7.102805E+03	6.926031E-17	1.142680E-18
7.103006E+03	6.924866E-17	1.142363E-18
7.103206E+03	6.921634E-17	1.141707E-18
7.103406E+03	6.918087E-17	1.140998E-18
7.103606E+03	6.917088E-17	1.140709E-18
7.103806E+03	6.914338E-17	1.140132E-18
7.104006E+03	6.913023E-17	1.139791E-18
7.104206E+03	6.911071E-17	1.139345E-18
7.104406E+03	6.909437E-17	1.138952E-18
7.104606E+03	6.907805E-17	1.138558E-18
7.104806E+03	6.906491E-17	1.138217E-18
7.105006E+03	6.905177E-17	1.137876E-18
7.105206E+03	6.902909E-17	1.137378E-18
7.105406E+03	6.901597E-17	1.137037E-18
7.105606E+03	6.902032E-17	1.136983E-18
7.105806E+03	6.900561E-17	1.136616E-18
7.106006E+03	6.898454E-17	1.136144E-18
7.106206E+03	6.897460E-17	1.135855E-18
7.106406E+03	6.895831E-17	1.135462E-18
7.106606E+03	6.894362E-17	1.135094E-18
7.106806E+03	6.894320E-17	1.134962E-18
7.107006E+03	6.892852E-17	1.134595E-18
7.107206E+03	6.892811E-17	1.134462E-18
7.107406E+03	6.894041E-17	1.134539E-18
7.107606E+03	6.894318E-17	1.134459E-18
7.107806E+03	6.894278E-17	1.134326E-18
7.108006E+03	6.893762E-17	1.134115E-18
7.108207E+03	6.893081E-17	1.133876E-18
7.108407E+03	6.892089E-17	1.133586E-18
7.108607E+03	6.891415E-17	1.133349E-18
7.108807E+03	6.890741E-17	1.133111E-18
7.109007E+03	6.890384E-17	1.132925E-18
7.109207E+03	6.889392E-17	1.132636E-18
7.109407E+03	6.888243E-17	1.132319E-18
7.109607E+03	6.886777E-17	1.131951E-18
7.109807E+03	6.885628E-17	1.131635E-18
7.110007E+03	6.885272E-17	1.131450E-18
7.110207E+03	6.884283E-17	1.131159E-18
7.110407E+03	6.884244E-17	1.131025E-18
7.110607E+03	6.883730E-17	1.130813E-18
7.110806E+03	6.882587E-17	1.130499E-18
7.111007E+03	6.882544E-17	1.130363E-18
7.111207E+03	6.881555E-17	1.130072E-18
7.111407E+03	6.878824E-17	1.129496E-18
7.111606E+03	6.877684E-17	1.129181E-18
7.111806E+03	6.877488E-17	1.129020E-18
7.112007E+03	6.877286E-17	1.128858E-18
7.112206E+03	6.875196E-17	1.128387E-18
7.112406E+03	6.872152E-17	1.127759E-18
7.112606E+03	6.869741E-17	1.127234E-18
7.112806E+03	6.868755E-17	1.126944E-18
7.113006E+03	6.868402E-17	1.126757E-18
7.113206E+03	6.867575E-17	1.126492E-18
7.113406E+03	6.868329E-17	1.126487E-18
7.113607E+03	6.868286E-17	1.126350E-18
7.113807E+03	6.864929E-17	1.125670E-18
7.114007E+03	6.864103E-17	1.125405E-18
7.114207E+03	6.863593E-17	1.125191E-18
7.114407E+03	6.862293E-17	1.124849E-18
7.114607E+03	6.860361E-17	1.124402E-18
7.114807E+03	6.857957E-17	1.123878E-18
7.115007E+03	6.855710E-17	1.123380E-18
7.115207E+03	6.854412E-17	1.123037E-18
7.115407E+03	6.852326E-17	1.122565E-18
7.115607E+03	6.850713E-17	1.122171E-18
7.115807E+03	6.848786E-17	1.121725E-18
7.116007E+03	6.848435E-17	1.121537E-18
7.116207E+03	6.848558E-17	1.121426E-18
7.116407E+03	6.847262E-17	1.121084E-18
7.116607E+03	6.844548E-17	1.120508E-18
7.116807E+03	6.841519E-17	1.119882E-18
7.117007E+03	6.840383E-17	1.119565E-18
7.117207E+03	6.839719E-17	1.119325E-18
7.117407E+03	6.836851E-17	1.118724E-18
7.117607E+03	6.835243E-17	1.118330E-18
7.117807E+03	6.835839E-17	1.118296E-18
7.118007E+03	6.835648E-17	1.118134E-18
7.118207E+03	6.833884E-17	1.117713E-18
7.118407E+03	6.831806E-17	1.117242E-18
7.118607E+03	6.830199E-17	1.116847E-18
7.118808E+03	6.828746E-17	1.116477E-18
7.119008E+03	6.827140E-17	1.116083E-18
7.119208E+03	6.823807E-17	1.115406E-18
7.119408E+03	6.822204E-17	1.115012E-18
7.119608E+03	6.821072E-17	1.114694E-18
7.119808E+03	6.819784E-17	1.114351E-18
7.120008E+03	6.817868E-17	1.113906E-18
7.120208E+03	6.815324E-17	1.113358E-18
7.120408E+03	6.813723E-17	1.112964E-18
7.120608E+03	6.812437E-17	1.112621E-18
7.120808E+03	6.813034E-17	1.112586E-18
7.121008E+03	6.813472E-17	1.112524E-18
7.121208E+03	6.812343E-17	1.112207E-18
7.121408E+03	6.811528E-17	1.111941E-18
7.121608E+03	6.810713E-17	1.111674E-18
7.121808E+03	6.808487E-17	1.111178E-18
7.122008E+03	6.805948E-17	1.110630E-18
7.122208E+03	6.804351E-17	1.110236E-18
7.122408E+03	6.804791E-17	1.110174E-18
7.122608E+03	6.805074E-17	1.110086E-18
7.122808E+03	6.804104E-17	1.109794E-18
7.123008E+03	6.802508E-17	1.109400E-18
7.123208E+03	6.801225E-17	1.109056E-18
7.123408E+03	6.798220E-17	1.108432E-18
7.123608E+03	6.795374E-17	1.107834E-18
7.123807E+03	6.793786E-17	1.107442E-18
7.124008E+03	6.793752E-17	1.107301E-18
7.124208E+03	6.793409E-17	1.107111E-18
7.124408E+03	6.792442E-17	1.106818E-18
7.124608E+03	6.790225E-17	1.106322E-18
7.124808E+03	6.787539E-17	1.105750E-18
7.125008E+03	6.785323E-17	1.105254E-18
7.125208E+03	6.783263E-17	1.104784E-18
7.125408E+03	6.780894E-17	1.104262E-18
7.125608E+03	6.778992E-17	1.103817E-18
7.125808E+03	6.777716E-17	1.103474E-18
7.126008E+03	6.777844E-17	1.103360E-18
7.126208E+03	6.776413E-17	1.102992E-18
7.126408E+03	6.775606E-17	1.102725E-18
7.126608E+03	6.774174E-17	1.102356E-18
7.126808E+03	6.770872E-17	1.101683E-18
7.127008E+03	6.769910E-17	1.101391E-18
7.127208E+03	6.768326E-17	1.100997E-18
7.127408E+03	6.767519E-17	1.100730E-18
7.127608E+03	6.765935E-17	1.100336E-18
7.127808E+03	6.764039E-17	1.099891E-18
7.128008E+03	6.763391E-17	1.099649E-18
7.128208E+03	6.762897E-17	1.099433E-18
7.128408E+03	6.761003E-17	1.098989E-18
7.128608E+03	6.758799E-17	1.098494E-18
7.128808E+03	6.758152E-17	1.098252E-18
7.129008E+03	6.756570E-17	1.097858E-18
7.129208E+03	6.756079E-17	1.097641E-18
7.129409E+03	6.754960E-17	1.097321E-18
7.129609E+03	6.754312E-17	1.097079E-18
7.129809E+03	6.754910E-17	1.097039E-18
7.130009E+03	6.753952E-17	1.096746E-18
7.130209E+03	6.752218E-17	1.096327E-18
7.130409E+03	6.751105E-17	1.096009E-18
7.130609E+03	6.749838E-17	1.095665E-18
7.130809E+03	6.747949E-17	1.095221E-18
7.131009E+03	6.745906E-17	1.094752E-18
7.131209E+03	6.744174E-17	1.094333E-18
7.131409E+03	6.741978E-17	1.093838E-18
7.131609E+03	6.740401E-17	1.093445E-18
7.131809E+03	6.739759E-17	1.093202E-18
7.132009E+03	6.739891E-17	1.093085E-18
7.132209E+03	6.739092E-17	1.092817E-18
7.132409E+03	6.736588E-17	1.092273E-18
7.132609E+03	6.732998E-17	1.091552E-18
7.132809E+03	6.730497E-17	1.091008E-18
7.133009E+03	6.728925E-17	1.090614E-18
7.133209E+03	6.727044E-17	1.090171E-18
7.133409E+03	6.726093E-17	1.089878E-18
7.133609E+03	6.724059E-17	1.089409E-18
7.133809E+03	6.721716E-17	1.088890E-18
7.134009E+03	6.720765E-17	1.088598E-18
7.134209E+03	6.719352E-17	1.088229E-18
7.134409E+03	6.718404E-17	1.087936E-18
7.134610E+03	6.718532E-17	1.087817E-18
7.134810E+03	6.717274E-17	1.087474E-18
7.135010E+03	6.715707E-17	1.087080E-18
7.135210E+03	6.716151E-17	1.087012E-18
7.135410E+03	6.717059E-17	1.087019E-18
7.135610E+03	6.714874E-17	1.086526E-18
7.135810E+03	6.711763E-17	1.085882E-18
7.136010E+03	6.708808E-17	1.085264E-18
7.136209E+03	6.706632E-17	1.084773E-18
7.136409E+03	6.705840E-17	1.084504E-18
7.136609E+03	6.704587E-17	1.084161E-18
7.136810E+03	6.702247E-17	1.083641E-18
7.137010E+03	6.698835E-17	1.082949E-18
7.137209E+03	6.695891E-17	1.082334E-18
7.137409E+03	6.694794E-17	1.082015E-18
7.137609E+03	6.694006E-17	1.081747E-18
7.137809E+03	6.692601E-17	1.081379E-18
7.138009E+03	6.690888E-17	1.080962E-18
7.138209E+03	6.688714E-17	1.080469E-18
7.138409E+03	6.687619E-17	1.080151E-18
7.138609E+03	6.686832E-17	1.079883E-18
7.138809E+03	6.686198E-17	1.079639E-18
7.139009E+03	6.685104E-17	1.079321E-18
7.139209E+03	6.682626E-17	1.078779E-18
7.139409E+03	6.681225E-17	1.078412E-18
7.139609E+03	6.680439E-17	1.078143E-18
7.139809E+03	6.679192E-17	1.077800E-18
7.140010E+03	6.677941E-17	1.077455E-18
7.140210E+03	6.677310E-17	1.077212E-18
7.140410E+03	6.676526E-17	1.076943E-18
7.140610E+03	6.675895E-17	1.076699E-18
7.140810E+03	6.675573E-17	1.076505E-18
7.141010E+03	6.675251E-17	1.076310E-18
7.141210E+03	6.674620E-17	1.076066E-18
7.141410E+03	6.672916E-17	1.075649E-18
7.141610E+03	6.671058E-17	1.075206E-18
7.141810E+03	6.668586E-17	1.074665E-18
7.142010E+03	6.666269E-17	1.074149E-18
7.142210E+03	6.664567E-17	1.073732E-18
7.142410E+03	6.663633E-17	1.073438E-18
7.142610E+03	6.662392E-17	1.073095E-18
7.142810E+03	6.660844E-17	1.072703E-18
7.143010E+03	6.659145E-17	1.072286E-18
7.143210E+03	6.656985E-17	1.071794E-18
7.143410E+03	6.655133E-17	1.071353E-18
7.143610E+03	6.653741E-17	1.070985E-18
7.143810E+03	6.652504E-17	1.070642E-18
7.144010E+03	6.649428E-17	1.070003E-18
7.144210E+03	6.646814E-17	1.069439E-18
7.144410E+03	6.643895E-17	1.068826E-18
7.144610E+03	6.642659E-17	1.068483E-18
7.144810E+03	6.643566E-17	1.068484E-18
7.145010E+03	6.644472E-17	1.068486E-18
7.145211E+03	6.644914E-17	1.068412E-18
7.145411E+03	6.645362E-17	1.068340E-18
7.145611E+03	6.643974E-17	1.067972E-18
7.145811E+03	6.641975E-17	1.067506E-18
7.146011E+03	6.641659E-17	1.067310E-18
7.146211E+03	6.643485E-17	1.067459E-18
7.146411E+03	6.642556E-17	1.067165E-18
7.146611E+03	6.642088E-17	1.066944E-18
7.146811E+03	6.643455E-17	1.067019E-18
7.147011E+03	6.645434E-17	1.067191E-18
7.147211E+03	6.644812E-17	1.066945E-18
7.147411E+03	6.640368E-17	1.066086E-18
7.147611E+03	6.637913E-17	1.065547E-18
7.147811E+03	6.637292E-17	1.065301E-18
7.148011E+03	6.637437E-17	1.065178E-18
7.148211E+03	6.635442E-17	1.064712E-18
7.148410E+03	6.633606E-17	1.064273E-18
7.148610E+03	6.634209E-17	1.064223E-18
7.148810E+03	6.633591E-17	1.063978E-18
7.149011E+03	6.633577E-17	1.063828E-18
7.149211E+03	6.634945E-17	1.063901E-18
7.149410E+03	6.635554E-17	1.063853E-18
7.149610E+03	6.634936E-17	1.063607E-18
7.149810E+03	6.633707E-17	1.063263E-18
7.150010E+03	6.632325E-17	1.062895E-18
7.150210E+03	6.632014E-17	1.062698E-18
7.150411E+03	6.632613E-17	1.062646E-18
7.150611E+03	6.631844E-17	1.062375E-18
7.150811E+03	6.631074E-17	1.062105E-18
7.151011E+03	6.630611E-17	1.061883E-18
7.151211E+03	6.630452E-17	1.061710E-18
7.151411E+03	6.630753E-17	1.061610E-18
7.151611E+03	6.631205E-17	1.061535E-18
7.151811E+03	6.630743E-17	1.061313E-18
7.152011E+03	6.631043E-17	1.061213E-18
7.152211E+03	6.632108E-17	1.061235E-18
7.152411E+03	6.632714E-17	1.061183E-18
7.152611E+03	6.633779E-17	1.061205E-18
7.152811E+03	6.633011E-17	1.060934E-18
7.153011E+03	6.631786E-17	1.060589E-18
7.153211E+03	6.631171E-17	1.060342E-18
7.153411E+03	6.631016E-17	1.060168E-18
7.153611E+03	6.631013E-17	1.060018E-18
7.153811E+03	6.630551E-17	1.059795E-18
7.154011E+03	6.630396E-17	1.059622E-18
7.154211E+03	6.630546E-17	1.059496E-18
7.154411E+03	6.631155E-17	1.059444E-18
7.154611E+03	6.632374E-17	1.059489E-18
7.154811E+03	6.633288E-17	1.059485E-18
7.155011E+03	6.633592E-17	1.059383E-18
7.155211E+03	6.634049E-17	1.059306E-18
7.155411E+03	6.634812E-17	1.059278E-18
7.155611E+03	6.635269E-17	1.059201E-18
7.155812E+03	6.636179E-17	1.059195E-18
7.156012E+03	6.636637E-17	1.059117E-18
7.156212E+03	6.636331E-17	1.058917E-18
7.156412E+03	6.635872E-17	1.058694E-18
7.156612E+03	6.635414E-17	1.058469E-18
7.156812E+03	6.634497E-17	1.058172E-18
7.157012E+03	6.632817E-17	1.057753E-18
7.157212E+03	6.630985E-17	1.057310E-18
7.157412E+03	6.628849E-17	1.056817E-18
7.157612E+03	6.628697E-17	1.056642E-18
7.157812E+03	6.629920E-17	1.056685E-18
7.158012E+03	6.629004E-17	1.056388E-18
7.158212E+03	6.626107E-17	1.055774E-18
7.158412E+03	6.624431E-17	1.055355E-18
7.158612E+03	6.624280E-17	1.055180E-18
7.158812E+03	6.624129E-17	1.055004E-18
7.159012E+03	6.624132E-17	1.054852E-18
7.159212E+03	6.623525E-17	1.054603E-18
7.159412E+03	6.623223E-17	1.054402E-18
7.159612E+03	6.623683E-17	1.054323E-18
7.159812E+03	6.623076E-17	1.054074E-18
7.160012E+03	6.622318E-17	1.053801E-18
7.160212E+03	6.621559E-17	1.053527E-18
7.160412E+03	6.621563E-17	1.053375E-18
7.160612E+03	6.620500E-17	1.053053E-18
7.160812E+03	6.620504E-17	1.052900E-18
7.161012E+03	6.619747E-17	1.052627E-18
7.161212E+03	6.618988E-17	1.052353E-18
7.161413E+03	6.618988E-17	1.052198E-18
7.161613E+03	6.618537E-17	1.051973E-18
7.161812E+03	6.616718E-17	1.051531E-18
7.162012E+03	6.615049E-17	1.051112E-18
7.162212E+03	6.614597E-17	1.050887E-18
7.162412E+03	6.615061E-17	1.050806E-18
7.162612E+03	6.615219E-17	1.050677E-18
7.162812E+03	6.615529E-17	1.050573E-18
7.163012E+03	6.615384E-17	1.050395E-18
7.163212E+03	6.615240E-17	1.050218E-18
7.163412E+03	6.614637E-17	1.049968E-18
7.163612E+03	6.614643E-17	1.049814E-18
7.163812E+03	6.615718E-17	1.049830E-18
7.164012E+03	6.615573E-17	1.049652E-18
7.164212E+03	6.615734E-17	1.049522E-18
7.164412E+03	6.614675E-17	1.049200E-18
7.164612E+03	6.612704E-17	1.048732E-18
7.164812E+03	6.611191E-17	1.048336E-18
7.165012E+03	6.609982E-17	1.047989E-18
7.165212E+03	6.609229E-17	1.047715E-18
7.165412E+03	6.606653E-17	1.047151E-18
7.165612E+03	6.603621E-17	1.046514E-18
7.165812E+03	6.601805E-17	1.046071E-18
7.166012E+03	6.600903E-17	1.045773E-18
7.166212E+03	6.600610E-17	1.045570E-18
7.166413E+03	6.600311E-17	1.045366E-18
7.166613E+03	6.599714E-17	1.045115E-18
7.166813E+03	6.599724E-17	1.044961E-18
7.167013E+03	6.599432E-17	1.044758E-18
7.167213E+03	6.599595E-17	1.044628E-18
7.167413E+03	6.599151E-17	1.044401E-18
7.167613E+03	6.598250E-17	1.044102E-18
7.167813E+03	6.597807E-17	1.043875E-18
7.168013E+03	6.597515E-17	1.043672E-18
7.168213E+03	6.596160E-17	1.043301E-18
7.168413E+03	6.594806E-17	1.042930E-18
7.168613E+03	6.593756E-17	1.042606E-18
7.168813E+03	6.591645E-17	1.042115E-18
7.169013E+03	6.589078E-17	1.041552E-18
7.169213E+03	6.587422E-17	1.041134E-18
7.169413E+03	6.585769E-17	1.040715E-18
7.169613E+03	6.583357E-17	1.040176E-18
7.169813E+03	6.579582E-17	1.039422E-18
7.170013E+03	6.575810E-17	1.038669E-18
7.170213E+03	6.573100E-17	1.038083E-18
7.170413E+03	6.571602E-17	1.037689E-18
7.170613E+03	6.571163E-17	1.037462E-18
7.170813E+03	6.571177E-17	1.037307E-18
7.171013E+03	6.569832E-17	1.036936E-18
7.171213E+03	6.568941E-17	1.036638E-18
7.171413E+03	6.568503E-17	1.036411E-18
7.171614E+03	6.567304E-17	1.036062E-18
7.171814E+03	6.565506E-17	1.035620E-18
7.172014E+03	6.564616E-17	1.035322E-18
7.172214E+03	6.564028E-17	1.035070E-18
7.172414E+03	6.561778E-17	1.034557E-18
7.172614E+03	6.559681E-17	1.034068E-18
7.172814E+03	6.558340E-17	1.033698E-18
7.173014E+03	6.558508E-17	1.033566E-18
7.173214E+03	6.559886E-17	1.033624E-18
7.173414E+03	6.559754E-17	1.033444E-18
7.173614E+03	6.558110E-17	1.033026E-18
7.173814E+03	6.557072E-17	1.032703E-18
7.174014E+03	6.557393E-17	1.032595E-18
7.174213E+03	6.557418E-17	1.032440E-18
7.174413E+03	6.557136E-17	1.032236E-18
7.174614E+03	6.556244E-17	1.031935E-18
7.174813E+03	6.555213E-17	1.031614E-18
7.175013E+03	6.554177E-17	1.031291E-18
7.175213E+03	6.552387E-17	1.030849E-18
7.175413E+03	6.550899E-17	1.030455E-18
7.175613E+03	6.549110E-17	1.030014E-18
7.175813E+03	6.547322E-17	1.029572E-18
7.176013E+03	6.546438E-17	1.029273E-18
7.176213E+03	6.546912E-17	1.029187E-18
7.176413E+03	6.545275E-17	1.028770E-18
7.176613E+03	6.543792E-17	1.028376E-18
7.176814E+03	6.544411E-17	1.028312E-18
7.177014E+03	6.543982E-17	1.028083E-18
7.177214E+03	6.544155E-17	1.027950E-18
7.177414E+03	6.543576E-17	1.027698E-18
7.177614E+03	6.542093E-17	1.027304E-18
7.177814E+03	6.540459E-17	1.026886E-18
7.178014E+03	6.538977E-17	1.026493E-18
7.178214E+03	6.537496E-17	1.026099E-18
7.178414E+03	6.535112E-17	1.025563E-18
7.178614E+03	6.532127E-17	1.024933E-18
7.178814E+03	6.528995E-17	1.024281E-18
7.179014E+03	6.525863E-17	1.023628E-18
7.179214E+03	6.523335E-17	1.023070E-18
7.179414E+03	6.520657E-17	1.022488E-18
7.179614E+03	6.517380E-17	1.021813E-18
7.179814E+03	6.517407E-17	1.021655E-18
7.180014E+03	6.514732E-17	1.021074E-18
7.180214E+03	6.511609E-17	1.020423E-18
7.180414E+03	6.509987E-17	1.020007E-18
7.180614E+03	6.508515E-17	1.019614E-18
7.180814E+03	6.508392E-17	1.019433E-18
7.181014E+03	6.508120E-17	1.019228E-18
7.181214E+03	6.507698E-17	1.019000E-18
7.181414E+03	6.508026E-17	1.018889E-18
7.181614E+03	6.508803E-17	1.018848E-18
7.181814E+03	6.508532E-17	1.018643E-18
7.182014E+03	6.507211E-17	1.018274E-18
7.182215E+03	6.506786E-17	1.018043E-18
7.182415E+03	6.506665E-17	1.017862E-18
7.182615E+03	6.506245E-17	1.017633E-18
7.182815E+03	6.506424E-17	1.017498E-18
7.183015E+03	6.506155E-17	1.017293E-18
7.183215E+03	6.503190E-17	1.016666E-18
7.183415E+03	6.499627E-17	1.015945E-18
7.183615E+03	6.496515E-17	1.015296E-18
7.183815E+03	6.495051E-17	1.014903E-18
7.184015E+03	6.495381E-17	1.014791E-18
7.184215E+03	6.497058E-17	1.014890E-18
7.184415E+03	6.497837E-17	1.014848E-18
7.184615E+03	6.499665E-17	1.014969E-18
7.184815E+03	6.500895E-17	1.014997E-18
7.185015E+03	6.498233E-17	1.014417E-18
7.185215E+03	6.496171E-17	1.013932E-18
7.185415E+03	6.495456E-17	1.013655E-18
7.185615E+03	6.495938E-17	1.013566E-18
7.185815E+03	6.495224E-17	1.013290E-18
7.186015E+03	6.491818E-17	1.012595E-18
7.186215E+03	6.489461E-17	1.012062E-18
7.186414E+03	6.488605E-17	1.011765E-18
7.186614E+03	6.486995E-17	1.011349E-18
7.186815E+03	6.484038E-17	1.010722E-18
7.187015E+03	6.481536E-17	1.010167E-18
7.187215E+03	6.480079E-17	1.009775E-18
7.187415E+03	6.478920E-17	1.009430E-18
7.187615E+03	6.476867E-17	1.008945E-18
7.187815E+03	6.474816E-17	1.008460E-18
7.188015E+03	6.473361E-17	1.008068E-18
7.188215E+03	6.472056E-17	1.007700E-18
7.188415E+03	6.471199E-17	1.007401E-18
7.188615E+03	6.470342E-17	1.007102E-18
7.188815E+03	6.469038E-17	1.006734E-18
7.189015E+03	6.468480E-17	1.006481E-18
7.189215E+03	6.468666E-17	1.006344E-18
7.189415E+03	6.469301E-17	1.006277E-18
7.189615E+03	6.468446E-17	1.005978E-18
7.189815E+03	6.467441E-17	1.005656E-18
7.190015E+03	6.466139E-17	1.005287E-18
7.190215E+03	6.464988E-17	1.004942E-18
7.190415E+03	6.464580E-17	1.004712E-18
7.190615E+03	6.463727E-17	1.004413E-18
7.190815E+03	6.462427E-17	1.004045E-18
7.191015E+03	6.462021E-17	1.003815E-18
7.191215E+03	6.462359E-17	1.003701E-18
7.191415E+03	6.461804E-17	1.003448E-18
7.191615E+03	6.460952E-17	1.003149E-18
7.191815E+03	6.460101E-17	1.002850E-18
7.192015E+03	6.458655E-17	1.002458E-18
7.192215E+03	6.458250E-17	1.002228E-18
7.192415E+03	6.456954E-17	1.001860E-18
7.192615E+03	6.454023E-17	1.001238E-18
7.192816E+03	6.454953E-17	1.001214E-18
7.193016E+03	6.452618E-17	1.000684E-18
7.193216E+03	6.449392E-17	1.000016E-18
7.193416E+03	6.446466E-17	9.993951E-19
7.193616E+03	6.445174E-17	9.990272E-19
7.193816E+03	6.444625E-17	9.987743E-19
7.194016E+03	6.444074E-17	9.985214E-19
7.194216E+03	6.443971E-17	9.983373E-19
7.194416E+03	6.443273E-17	9.980612E-19
7.194616E+03	6.442725E-17	9.978082E-19
7.194816E+03	6.441879E-17	9.975092E-19
7.195016E+03	6.442963E-17	9.975086E-19
7.195216E+03	6.442861E-17	9.973242E-19
7.195416E+03	6.441572E-17	9.969562E-19
7.195616E+03	6.439096E-17	9.964047E-19
7.195816E+03	6.437660E-17	9.960137E-19
7.196016E+03	6.436077E-17	9.956000E-19
7.196216E+03	6.434493E-17	9.951863E-19
7.196416E+03	6.432318E-17	9.946813E-19
7.196616E+03	6.431033E-17	9.943136E-19
7.196816E+03	6.430637E-17	9.940833E-19
7.197016E+03	6.430833E-17	9.939445E-19
7.197216E+03	6.430881E-17	9.937828E-19
7.197416E+03	6.430189E-17	9.935065E-19
7.197616E+03	6.429202E-17	9.931845E-19
7.197816E+03	6.427770E-17	9.927940E-19
7.198017E+03	6.426334E-17	9.924019E-19
7.198217E+03	6.426237E-17	9.922171E-19
7.198417E+03	6.426434E-17	9.920778E-19
7.198617E+03	6.426336E-17	9.918929E-19
7.198816E+03	6.426391E-17	9.917324E-19
7.199016E+03	6.426294E-17	9.915472E-19
7.199217E+03	6.424566E-17	9.911094E-19
7.199417E+03	6.421363E-17	9.904453E-19
7.199617E+03	6.419196E-17	9.899410E-19
7.199816E+03	6.418367E-17	9.896435E-19
7.200016E+03	6.416794E-17	9.892305E-19
7.200216E+03	6.414925E-17	9.887721E-19
7.200416E+03	6.413796E-17	9.884276E-19
7.200616E+03	6.413407E-17	9.881969E-19
7.200816E+03	6.411540E-17	9.877385E-19
7.201016E+03	6.409380E-17	9.872351E-19
7.201216E+03	6.408842E-17	9.869816E-19
7.201416E+03	6.408454E-17	9.867508E-19
7.201616E+03	6.406738E-17	9.863155E-19
7.201816E+03	6.404579E-17	9.858122E-19
7.202016E+03	6.402422E-17	9.853093E-19
7.202216E+03	6.400709E-17	9.848744E-19
7.202416E+03	6.398996E-17	9.844395E-19
7.202616E+03	6.397284E-17	9.840049E-19
7.202816E+03	6.395719E-17	9.835930E-19
7.203016E+03	6.393420E-17	9.830680E-19
7.203217E+03	6.391117E-17	9.825414E-19
7.203417E+03	6.390290E-17	9.822428E-19
7.203617E+03	6.389316E-17	9.819218E-19
7.203817E+03	6.388198E-17	9.815780E-19
7.204017E+03	6.386490E-17	9.811439E-19
7.204217E+03	6.384636E-17	9.806873E-19
7.204417E+03	6.383959E-17	9.804116E-19
7.204617E+03	6.384459E-17	9.803161E-19
7.204817E+03	6.382313E-17	9.798147E-19
7.205017E+03	6.379874E-17	9.792681E-19
7.205217E+03	6.377730E-17	9.787670E-19
7.205417E+03	6.376468E-17	9.784009E-19
7.205617E+03	6.374913E-17	9.779900E-19
7.205817E+03	6.373065E-17	9.775343E-19
7.206017E+03	6.371364E-17	9.771012E-19
7.206217E+03	6.369811E-17	9.766904E-19
7.206417E+03	6.368113E-17	9.762574E-19
7.206617E+03	6.366414E-17	9.758244E-19
7.206817E+03	6.364716E-17	9.753917E-19
7.207017E+03	6.363167E-17	9.749814E-19
7.207217E+03	6.361470E-17	9.745487E-19
7.207417E+03	6.359628E-17	9.740937E-19
7.207617E+03	6.358519E-17	9.737510E-19
7.207817E+03	6.357265E-17	9.733858E-19
7.208017E+03	6.355572E-17	9.729535E-19
7.208217E+03	6.353001E-17	9.723869E-19
7.208417E+03	6.350578E-17	9.718431E-19
7.208618E+03	6.348737E-17	9.713871E-19
7.208818E+03	6.347193E-17	9.709777E-19
7.209018E+03	6.345942E-17	9.706130E-19
7.209218E+03	6.344984E-17	9.702932E-19
7.209418E+03	6.344903E-17	9.701072E-19
7.209618E+03	6.343069E-17	9.696533E-19
7.209818E+03	6.340360E-17	9.690656E-19
7.210018E+03	6.337653E-17	9.684784E-19
7.210218E+03	6.336406E-17	9.681140E-19
7.210418E+03	6.336035E-17	9.678834E-19
7.210618E+03	6.335518E-17	9.676307E-19
7.210818E+03	6.333979E-17	9.672219E-19
7.211018E+03	6.332298E-17	9.667909E-19
7.211217E+03	6.331204E-17	9.664506E-19
7.211417E+03	6.329085E-17	9.659533E-19
7.211618E+03	6.327400E-17	9.655211E-19
7.211818E+03	6.326011E-17	9.651348E-19
7.212017E+03	6.324046E-17	9.646616E-19
7.212217E+03	6.322076E-17	9.641867E-19
7.212417E+03	6.320835E-17	9.638232E-19
7.212617E+03	6.319450E-17	9.634374E-19
7.212817E+03	6.317920E-17	9.630295E-19
7.213017E+03	6.315226E-17	9.624444E-19
7.213217E+03	6.311516E-17	9.617046E-19
7.213417E+03	6.309263E-17	9.611864E-19
7.213617E+03	6.306429E-17	9.605800E-19
7.213818E+03	6.302866E-17	9.598618E-19
7.214018E+03	6.300035E-17	9.592561E-19
7.214218E+03	6.298512E-17	9.588493E-19
7.214418E+03	6.297134E-17	9.584647E-19
7.214618E+03	6.294886E-17	9.579478E-19
7.214818E+03	6.292060E-17	9.573430E-19
7.215018E+03	6.290975E-17	9.570028E-19
7.215218E+03	6.290323E-17	9.567286E-19
7.215418E+03	6.289962E-17	9.564986E-19
7.215618E+03	6.288442E-17	9.560924E-19
7.215818E+03	6.286055E-17	9.555542E-19
7.216018E+03	6.283670E-17	9.550163E-19
7.216218E+03	6.281430E-17	9.545005E-19
7.216418E+03	6.280926E-17	9.542487E-19
7.216618E+03	6.278688E-17	9.537331E-19
7.216818E+03	6.275439E-17	9.530640E-19
7.217018E+03	6.273203E-17	9.525490E-19
7.217218E+03	6.270246E-17	9.519247E-19
7.217418E+03	6.267291E-17	9.513004E-19
7.217618E+03	6.264916E-17	9.507642E-19
7.217818E+03	6.261964E-17	9.501407E-19
7.218018E+03	6.258148E-17	9.493863E-19
7.218218E+03	6.255921E-17	9.488726E-19
7.218418E+03	6.255999E-17	9.487087E-19
7.218618E+03	6.256653E-17	9.486320E-19
7.218818E+03	6.255289E-17	9.482496E-19
7.219018E+03	6.253496E-17	9.478017E-19
7.219219E+03	6.251123E-17	9.472651E-19
7.219419E+03	6.246886E-17	9.464470E-19
7.219619E+03	6.244089E-17	9.458474E-19
7.219819E+03	6.242731E-17	9.454655E-19
7.220019E+03	6.239075E-17	9.447356E-19
7.220219E+03	6.235565E-17	9.440281E-19
7.220419E+03	6.233491E-17	9.435382E-19
7.220619E+03	6.231850E-17	9.431134E-19
7.220819E+03	6.230784E-17	9.427758E-19
7.221019E+03	6.230148E-17	9.425033E-19
7.221219E+03	6.229799E-17	9.422742E-19
7.221419E+03	6.228016E-17	9.418280E-19
7.221619E+03	6.226091E-17	9.413602E-19
7.221819E+03	6.225170E-17	9.410444E-19
7.222019E+03	6.222816E-17	9.405121E-19
7.222219E+03	6.220178E-17	9.399365E-19
7.222419E+03	6.217970E-17	9.394262E-19
7.222619E+03	6.214761E-17	9.387648E-19
7.222819E+03	6.210697E-17	9.379742E-19
7.223019E+03	6.208636E-17	9.374862E-19
7.223219E+03	6.207292E-17	9.371063E-19
7.223419E+03	6.206090E-17	9.367480E-19
7.223619E+03	6.204174E-17	9.362821E-19
7.223819E+03	6.202403E-17	9.358377E-19
7.224019E+03	6.199919E-17	9.352858E-19
7.224218E+03	6.196584E-17	9.346068E-19
7.224419E+03	6.193955E-17	9.340325E-19
7.224619E+03	6.191190E-17	9.334383E-19
7.224819E+03	6.189424E-17	9.329949E-19
7.225019E+03	6.187231E-17	9.324873E-19
7.225219E+03	6.184470E-17	9.318940E-19
7.225419E+03	6.181426E-17	9.312580E-19
7.225619E+03	6.178525E-17	9.306438E-19
7.225819E+03	6.175626E-17	9.300300E-19
7.226019E+03	6.174151E-17	9.296307E-19
7.226219E+03	6.171255E-17	9.290173E-19
7.226419E+03	6.168219E-17	9.283829E-19
7.226619E+03	6.166178E-17	9.278985E-19
7.226819E+03	6.164990E-17	9.275424E-19
7.227019E+03	6.162667E-17	9.270154E-19
7.227219E+03	6.160203E-17	9.264672E-19
7.227419E+03	6.159017E-17	9.261113E-19
7.227619E+03	6.156981E-17	9.256277E-19
7.227819E+03	6.154238E-17	9.250376E-19
7.228019E+03	6.151779E-17	9.244904E-19
7.228219E+03	6.150454E-17	9.241137E-19
7.228419E+03	6.148988E-17	9.237158E-19
7.228619E+03	6.147524E-17	9.233179E-19
7.228819E+03	6.145635E-17	9.228564E-19
7.229019E+03	6.143322E-17	9.223312E-19
7.229219E+03	6.141859E-17	9.219338E-19
7.229419E+03	6.140681E-17	9.215788E-19
7.229620E+03	6.139922E-17	9.212859E-19
7.229820E+03	6.139026E-17	9.209734E-19
7.230020E+03	6.137424E-17	9.205550E-19
7.230220E+03	6.135823E-17	9.201365E-19
7.230420E+03	6.134223E-17	9.197182E-19
7.230620E+03	6.131918E-17	9.191944E-19
7.230820E+03	6.130177E-17	9.187552E-19
7.231020E+03	6.129286E-17	9.184430E-19
7.231220E+03	6.126701E-17	9.178772E-19
7.231420E+03	6.123695E-17	9.172484E-19
7.231620E+03	6.121677E-17	9.167677E-19
7.231820E+03	6.120929E-17	9.164770E-19
7.232020E+03	6.121026E-17	9.163128E-19
7.232220E+03	6.119714E-17	9.159378E-19
7.232420E+03	6.118685E-17	9.156050E-19
7.232620E+03	6.118643E-17	9.154196E-19
7.232820E+03	6.116629E-17	9.149393E-19
7.233020E+03	6.114897E-17	9.145013E-19
7.233220E+03	6.113306E-17	9.140844E-19
7.233420E+03	6.111295E-17	9.136046E-19
7.233620E+03	6.109284E-17	9.131248E-19
7.233820E+03	6.107274E-17	9.126453E-19
7.234020E+03	6.104562E-17	9.120609E-19
7.234220E+03	6.101712E-17	9.114558E-19
7.234420E+03	6.099005E-17	9.108721E-19
7.234620E+03	6.096297E-17	9.102886E-19
7.234820E+03	6.093872E-17	9.097474E-19
7.235021E+03	6.092146E-17	9.093093E-19
7.235221E+03	6.090847E-17	9.089360E-19
7.235421E+03	6.089547E-17	9.085626E-19
7.235621E+03	6.086705E-17	9.079593E-19
7.235821E+03	6.084006E-17	9.073771E-19
7.236021E+03	6.082849E-17	9.070250E-19
7.236221E+03	6.079872E-17	9.064016E-19
7.236421E+03	6.076896E-17	9.057786E-19
7.236620E+03	6.075466E-17	9.053866E-19
7.236820E+03	6.074872E-17	9.051183E-19
7.237020E+03	6.073298E-17	9.047042E-19
7.237221E+03	6.071441E-17	9.042471E-19
7.237421E+03	6.070149E-17	9.038747E-19
7.237620E+03	6.068443E-17	9.034416E-19
7.237820E+03	6.066872E-17	9.030279E-19
7.238020E+03	6.064883E-17	9.025520E-19
7.238220E+03	6.062756E-17	9.020555E-19
7.238420E+03	6.060909E-17	9.016006E-19
7.238620E+03	6.059342E-17	9.011874E-19
7.238820E+03	6.057496E-17	9.007329E-19
7.239020E+03	6.055094E-17	9.001955E-19
7.239220E+03	6.053111E-17	8.997205E-19
7.239420E+03	6.051269E-17	8.992666E-19
7.239620E+03	6.049287E-17	8.987920E-19
7.239820E+03	6.047587E-17	8.983589E-19
7.240020E+03	6.045608E-17	8.978846E-19
7.240221E+03	6.043486E-17	8.973882E-19
7.240421E+03	6.041926E-17	8.969763E-19
7.240621E+03	6.039672E-17	8.964612E-19
7.240821E+03	6.036864E-17	8.958638E-19
7.241021E+03	6.034611E-17	8.953492E-19
7.241221E+03	6.032778E-17	8.948968E-19
7.241421E+03	6.031639E-17	8.945472E-19
7.241621E+03	6.030501E-17	8.941977E-19
7.241821E+03	6.028392E-17	8.937044E-19
7.242021E+03	6.025313E-17	8.930674E-19
7.242221E+03	6.022513E-17	8.924716E-19
7.242421E+03	6.018883E-17	8.917530E-19
7.242621E+03	6.015810E-17	8.911170E-19
7.242821E+03	6.013291E-17	8.905635E-19
7.243021E+03	6.010775E-17	8.900100E-19
7.243221E+03	6.009229E-17	8.896003E-19
7.243421E+03	6.006438E-17	8.890065E-19
7.243621E+03	6.003373E-17	8.883722E-19
7.243821E+03	6.002106E-17	8.880038E-19
7.244021E+03	6.000425E-17	8.875742E-19
7.244221E+03	5.997364E-17	8.869406E-19
7.244421E+03	5.996789E-17	8.866747E-19
7.244621E+03	5.996216E-17	8.864089E-19
7.244821E+03	5.994537E-17	8.859797E-19
7.245021E+03	5.993413E-17	8.856324E-19
7.245221E+03	5.993391E-17	8.854482E-19
7.245422E+03	5.992677E-17	8.851603E-19
7.245622E+03	5.990588E-17	8.846704E-19
7.245822E+03	5.987534E-17	8.840382E-19
7.246022E+03	5.985309E-17	8.835286E-19
7.246222E+03	5.983774E-17	8.831205E-19
7.246422E+03	5.982929E-17	8.828144E-19
7.246622E+03	5.982361E-17	8.825490E-19
7.246822E+03	5.981791E-17	8.822835E-19
7.247022E+03	5.980259E-17	8.818758E-19
7.247222E+03	5.979829E-17	8.816307E-19
7.247422E+03	5.978160E-17	8.812029E-19
7.247622E+03	5.975253E-17	8.805928E-19
7.247822E+03	5.973037E-17	8.800843E-19
7.248022E+03	5.971371E-17	8.796570E-19
7.248222E+03	5.969843E-17	8.792501E-19
7.248422E+03	5.967353E-17	8.787016E-19
7.248622E+03	5.965278E-17	8.782141E-19
7.248822E+03	5.963754E-17	8.778077E-19
7.249021E+03	5.962508E-17	8.774432E-19
7.249221E+03	5.961121E-17	8.770573E-19
7.249422E+03	5.959458E-17	8.766294E-19
7.249622E+03	5.957250E-17	8.761224E-19
7.249822E+03	5.955043E-17	8.756157E-19
7.250021E+03	5.953526E-17	8.752116E-19
7.250221E+03	5.952555E-17	8.748864E-19
7.250421E+03	5.951173E-17	8.745010E-19
7.250621E+03	5.949791E-17	8.741157E-19
7.250822E+03	5.948817E-17	8.737895E-19
7.251022E+03	5.947163E-17	8.733640E-19
7.251222E+03	5.944826E-17	8.728383E-19
7.251422E+03	5.942900E-17	8.723730E-19
7.251622E+03	5.941932E-17	8.720485E-19
7.251822E+03	5.940283E-17	8.716237E-19
7.252022E+03	5.939727E-17	8.713595E-19
7.252222E+03	5.938625E-17	8.710151E-19
7.252422E+03	5.935882E-17	8.704303E-19
7.252622E+03	5.934372E-17	8.700259E-19
7.252822E+03	5.932725E-17	8.696016E-19
7.253022E+03	5.931352E-17	8.692176E-19
7.253222E+03	5.930799E-17	8.689537E-19
7.253422E+03	5.929837E-17	8.686297E-19
7.253622E+03	5.927511E-17	8.681059E-19
7.253822E+03	5.925049E-17	8.675624E-19
7.254022E+03	5.923815E-17	8.671988E-19
7.254222E+03	5.922993E-17	8.668951E-19
7.254422E+03	5.922307E-17	8.666115E-19
7.254622E+03	5.920667E-17	8.661882E-19
7.254822E+03	5.919163E-17	8.657851E-19
7.255022E+03	5.918479E-17	8.655016E-19
7.255222E+03	5.919022E-17	8.653975E-19
7.255422E+03	5.919018E-17	8.652135E-19
7.255622E+03	5.917925E-17	8.648702E-19
7.255822E+03	5.914927E-17	8.642484E-19
7.256023E+03	5.912063E-17	8.636453E-19
7.256223E+03	5.909340E-17	8.630639E-19
7.256423E+03	5.907433E-17	8.626019E-19
7.256623E+03	5.905257E-17	8.621005E-19
7.256823E+03	5.902811E-17	8.615596E-19
7.257023E+03	5.901044E-17	8.611181E-19
7.257223E+03	5.900909E-17	8.609147E-19
7.257423E+03	5.900366E-17	8.606516E-19
7.257623E+03	5.899145E-17	8.602895E-19
7.257823E+03	5.897517E-17	8.598682E-19
7.258023E+03	5.896025E-17	8.594669E-19
7.258223E+03	5.895349E-17	8.591842E-19
7.258423E+03	5.894131E-17	8.588225E-19
7.258623E+03	5.893591E-17	8.585597E-19
7.258823E+03	5.893051E-17	8.582969E-19
7.259023E+03	5.891563E-17	8.578958E-19
7.259223E+03	5.890482E-17	8.575541E-19
7.259423E+03	5.888724E-17	8.571138E-19
7.259623E+03	5.888322E-17	8.568709E-19
7.259823E+03	5.886294E-17	8.563912E-19
7.260023E+03	5.883319E-17	8.557740E-19
7.260223E+03	5.881564E-17	8.553343E-19
7.260423E+03	5.878726E-17	8.547372E-19
7.260623E+03	5.875757E-17	8.541208E-19
7.260823E+03	5.872112E-17	8.534065E-19
7.261023E+03	5.870903E-17	8.530463E-19
7.261223E+03	5.871316E-17	8.529218E-19
7.261424E+03	5.870916E-17	8.526780E-19
7.261623E+03	5.869711E-17	8.523192E-19
7.261824E+03	5.868365E-17	8.519381E-19
7.262024E+03	5.868374E-17	8.517547E-19
7.262224E+03	5.867709E-17	8.514731E-19
7.262423E+03	5.866237E-17	8.510755E-19
7.262623E+03	5.864492E-17	8.506372E-19
7.262823E+03	5.863287E-17	8.502776E-19
7.263023E+03	5.861949E-17	8.498984E-19
7.263223E+03	5.861285E-17	8.496169E-19
7.263423E+03	5.861432E-17	8.494531E-19
7.263623E+03	5.860229E-17	8.490935E-19
7.263823E+03	5.857814E-17	8.485582E-19
7.264023E+03	5.855265E-17	8.480037E-19
7.264223E+03	5.854335E-17	8.476836E-19
7.264423E+03	5.852866E-17	8.472856E-19
7.264623E+03	5.851128E-17	8.468485E-19
7.264823E+03	5.849797E-17	8.464703E-19
7.265023E+03	5.849406E-17	8.462283E-19
7.265223E+03	5.848883E-17	8.459671E-19
7.265423E+03	5.847687E-17	8.456084E-19
7.265623E+03	5.846088E-17	8.451913E-19
7.265823E+03	5.844219E-17	8.447356E-19
7.266023E+03	5.843294E-17	8.444162E-19
7.266223E+03	5.842908E-17	8.441743E-19
7.266423E+03	5.841715E-17	8.438161E-19
7.266624E+03	5.840787E-17	8.434952E-19
7.266824E+03	5.839863E-17	8.431759E-19
7.267024E+03	5.839345E-17	8.429149E-19
7.267224E+03	5.837885E-17	8.425181E-19
7.267424E+03	5.837635E-17	8.422959E-19
7.267624E+03	5.836848E-17	8.419961E-19
7.267824E+03	5.835122E-17	8.415607E-19
7.268024E+03	5.834470E-17	8.412804E-19
7.268224E+03	5.834088E-17	8.410389E-19
7.268424E+03	5.833169E-17	8.407201E-19
7.268624E+03	5.831177E-17	8.402463E-19
7.268824E+03	5.828245E-17	8.396374E-19
7.269024E+03	5.826120E-17	8.391448E-19
7.269224E+03	5.826009E-17	8.389423E-19
7.269424E+03	5.826033E-17	8.387589E-19
7.269624E+03	5.825788E-17	8.385369E-19
7.269824E+03	5.824470E-17	8.381606E-19
7.270024E+03	5.821946E-17	8.376107E-19
7.270224E+03	5.820363E-17	8.371959E-19
7.270424E+03	5.819182E-17	8.368392E-19
7.270624E+03	5.817867E-17	8.364633E-19
7.270824E+03	5.817089E-17	8.361645E-19
7.271024E+03	5.816848E-17	8.359427E-19
7.271224E+03	5.816339E-17	8.356824E-19
7.271424E+03	5.815562E-17	8.353837E-19
7.271624E+03	5.815454E-17	8.351812E-19
7.271825E+03	5.815880E-17	8.350539E-19
7.272025E+03	5.816444E-17	8.349474E-19
7.272225E+03	5.817276E-17	8.348793E-19
7.272425E+03	5.817706E-17	8.347535E-19
7.272625E+03	5.819075E-17	8.347621E-19
7.272825E+03	5.819239E-17	8.345977E-19
7.273025E+03	5.819805E-17	8.344909E-19
7.273225E+03	5.819030E-17	8.341920E-19
7.273425E+03	5.818928E-17	8.339891E-19
7.273625E+03	5.818021E-17	8.336710E-19
7.273825E+03	5.816713E-17	8.332953E-19
7.274025E+03	5.815807E-17	8.329775E-19
7.274225E+03	5.814902E-17	8.326595E-19
7.274425E+03	5.814667E-17	8.324375E-19
7.274624E+03	5.814971E-17	8.322935E-19
7.274824E+03	5.815674E-17	8.322056E-19
7.275025E+03	5.814767E-17	8.318862E-19
7.275225E+03	5.814801E-17	8.317023E-19
7.275424E+03	5.814438E-17	8.314626E-19
7.275624E+03	5.813267E-17	8.311064E-19
7.275824E+03	5.813169E-17	8.309034E-19
7.276024E+03	5.813339E-17	8.307387E-19
7.276224E+03	5.812438E-17	8.304209E-19
7.276424E+03	5.811804E-17	8.301415E-19
7.276624E+03	5.811574E-17	8.299193E-19
7.276824E+03	5.810006E-17	8.295061E-19
7.277024E+03	5.809508E-17	8.292459E-19
7.277225E+03	5.809944E-17	8.291178E-19
7.277425E+03	5.810384E-17	8.289911E-19
7.277625E+03	5.811493E-17	8.289597E-19
7.277825E+03	5.811934E-17	8.288330E-19
7.278025E+03	5.812374E-17	8.287062E-19
7.278225E+03	5.812281E-17	8.285029E-19
7.278425E+03	5.812321E-17	8.283187E-19
7.278625E+03	5.812094E-17	8.280964E-19
7.278825E+03	5.812268E-17	8.279312E-19
7.279025E+03	5.811776E-17	8.276708E-19
7.279225E+03	5.811951E-17	8.275055E-19
7.279425E+03	5.811860E-17	8.273022E-19
7.279625E+03	5.811233E-17	8.270227E-19
7.279825E+03	5.811008E-17	8.268003E-19
7.280025E+03	5.810517E-17	8.265399E-19
7.280225E+03	5.810695E-17	8.263746E-19
7.280425E+03	5.810337E-17	8.261331E-19
7.280625E+03	5.811052E-17	8.260439E-19
7.280825E+03	5.812033E-17	8.259925E-19
7.281025E+03	5.810072E-17	8.255229E-19
7.281225E+03	5.810652E-17	8.254144E-19
7.281425E+03	5.812304E-17	8.254579E-19
7.281625E+03	5.812351E-17	8.252733E-19
7.281825E+03	5.811328E-17	8.249369E-19
7.282025E+03	5.809903E-17	8.245434E-19
7.282225E+03	5.809550E-17	8.243019E-19
7.282426E+03	5.809996E-17	8.241727E-19
7.282626E+03	5.811249E-17	8.241589E-19
7.282826E+03	5.813438E-17	8.242778E-19
7.283026E+03	5.814426E-17	8.242259E-19
7.283226E+03	5.814610E-17	8.240600E-19
7.283426E+03	5.814660E-17	8.238751E-19
7.283626E+03	5.816316E-17	8.239179E-19
7.283826E+03	5.815833E-17	8.236571E-19
7.284026E+03	5.814278E-17	8.232446E-19
7.284226E+03	5.816472E-17	8.233630E-19
7.284426E+03	5.817194E-17	8.232727E-19
7.284626E+03	5.816175E-17	8.229359E-19
7.284826E+03	5.815693E-17	8.226751E-19
7.285026E+03	5.816818E-17	8.226416E-19
7.285226E+03	5.818612E-17	8.227026E-19
7.285426E+03	5.819740E-17	8.226690E-19
7.285626E+03	5.818455E-17	8.222943E-19
7.285826E+03	5.817438E-17	8.219576E-19
7.286026E+03	5.816555E-17	8.216399E-19
7.286226E+03	5.815942E-17	8.213600E-19
7.286426E+03	5.815731E-17	8.211370E-19
7.286626E+03	5.815654E-17	8.209329E-19
7.286825E+03	5.816116E-17	8.208058E-19
7.287025E+03	5.816978E-17	8.207338E-19
7.287225E+03	5.817706E-17	8.206429E-19
7.287426E+03	5.818966E-17	8.206260E-19
7.287626E+03	5.820096E-17	8.205917E-19
7.287827E+03	5.820286E-17	8.204235E-19
7.288026E+03	5.820619E-17	8.202773E-19
7.288226E+03	5.821348E-17	8.201860E-19
7.288426E+03	5.821677E-17	8.200382E-19
7.288626E+03	5.822408E-17	8.199469E-19
7.288826E+03	5.822604E-17	8.197800E-19
7.289026E+03	5.821325E-17	8.194056E-19
7.289226E+03	5.820180E-17	8.190501E-19
7.289426E+03	5.819573E-17	8.187701E-19
7.289626E+03	5.820173E-17	8.186597E-19
7.289826E+03	5.821174E-17	8.186060E-19
7.290026E+03	5.821907E-17	8.185144E-19
7.290226E+03	5.820900E-17	8.181777E-19
7.290426E+03	5.820027E-17	8.178601E-19
7.290626E+03	5.820092E-17	8.176743E-19
7.290826E+03	5.818415E-17	8.172438E-19
7.291026E+03	5.817811E-17	8.169638E-19
7.291226E+03	5.818682E-17	8.168908E-19
7.291426E+03	5.820222E-17	8.169118E-19
7.291626E+03	5.820423E-17	8.167448E-19
7.291826E+03	5.819821E-17	8.164647E-19
7.292026E+03	5.819487E-17	8.162224E-19
7.292226E+03	5.821432E-17	8.162996E-19
7.292426E+03	5.822841E-17	8.163014E-19
7.292626E+03	5.824117E-17	8.162844E-19
7.292826E+03	5.824321E-17	8.161169E-19
7.293027E+03	5.823315E-17	8.157790E-19
7.293227E+03	5.823787E-17	8.156492E-19
7.293427E+03	5.826004E-17	8.157633E-19
7.293627E+03	5.826747E-17	8.156709E-19
7.293827E+03	5.826148E-17	8.153907E-19
7.294027E+03	5.825281E-17	8.150729E-19
7.294227E+03	5.826428E-17	8.150367E-19
7.294427E+03	5.826903E-17	8.149065E-19
7.294627E+03	5.826305E-17	8.146263E-19
7.294827E+03	5.828526E-17	8.147399E-19
7.295027E+03	5.831554E-17	8.149661E-19
7.295227E+03	5.833778E-17	8.150797E-19
7.295427E+03	5.835063E-17	8.150619E-19
7.295627E+03	5.836885E-17	8.151190E-19
7.295827E+03	5.838709E-17	8.151761E-19
7.296027E+03	5.839190E-17	8.150454E-19
7.296227E+03	5.839266E-17	8.148584E-19
7.296427E+03	5.839478E-17	8.146902E-19
7.296627E+03	5.839153E-17	8.144468E-19
7.296827E+03	5.839366E-17	8.142786E-19
7.297027E+03	5.841058E-17	8.143164E-19
7.297227E+03	5.841809E-17	8.142230E-19
7.297427E+03	5.842831E-17	8.141670E-19
7.297627E+03	5.843316E-17	8.140361E-19
7.297827E+03	5.841781E-17	8.136238E-19
7.298027E+03	5.840786E-17	8.132868E-19
7.298228E+03	5.840326E-17	8.130232E-19
7.298428E+03	5.840542E-17	8.128547E-19
7.298628E+03	5.841028E-17	8.127236E-19
7.298828E+03	5.840842E-17	8.124989E-19
7.299028E+03	5.841329E-17	8.123678E-19
7.299227E+03	5.841820E-17	8.122380E-19
7.299427E+03	5.842845E-17	8.121816E-19
7.299627E+03	5.843871E-17	8.121250E-19
7.299828E+03	5.844087E-17	8.119547E-19
7.300028E+03	5.844173E-17	8.117672E-19
7.300227E+03	5.845877E-17	8.118055E-19
7.300427E+03	5.847443E-17	8.118235E-19
7.300627E+03	5.846588E-17	8.115050E-19
7.300827E+03	5.848561E-17	8.115790E-19
7.301027E+03	5.849456E-17	8.115034E-19
7.301227E+03	5.849544E-17	8.113157E-19
7.301427E+03	5.850441E-17	8.112399E-19
7.301627E+03	5.851069E-17	8.111269E-19
7.301827E+03	5.851159E-17	8.109390E-19
7.302027E+03	5.851651E-17	8.108071E-19
7.302227E+03	5.853360E-17	8.108432E-19
7.302427E+03	5.855338E-17	8.109167E-19
7.302627E+03	5.855968E-17	8.108032E-19
7.302827E+03	5.857003E-17	8.107458E-19
7.303027E+03	5.858985E-17	8.108190E-19
7.303227E+03	5.860157E-17	8.107801E-19
7.303427E+03	5.862004E-17	8.108345E-19
7.303628E+03	5.863984E-17	8.109061E-19
7.303828E+03	5.865024E-17	8.108484E-19
7.304028E+03	5.867414E-17	8.109772E-19
7.304228E+03	5.869266E-17	8.110315E-19
7.304428E+03	5.870036E-17	8.109362E-19
7.304628E+03	5.870808E-17	8.108408E-19
7.304828E+03	5.871581E-17	8.107455E-19
7.305028E+03	5.872083E-17	8.106127E-19
7.305228E+03	5.872585E-17	8.104798E-19
7.305428E+03	5.872819E-17	8.103098E-19
7.305628E+03	5.873053E-17	8.101395E-19
7.305828E+03	5.873015E-17	8.099320E-19
7.306028E+03	5.873384E-17	8.097804E-19
7.306228E+03	5.873215E-17	8.095543E-19
7.306428E+03	5.873044E-17	8.093281E-19
7.306628E+03	5.872739E-17	8.090833E-19
7.306828E+03	5.873379E-17	8.089689E-19
7.307028E+03	5.873617E-17	8.087986E-19
7.307228E+03	5.872772E-17	8.084792E-19
7.307428E+03	5.871522E-17	8.081042E-19
7.307628E+03	5.871489E-17	8.078967E-19
7.307828E+03	5.871322E-17	8.076705E-19
7.308028E+03	5.870074E-17	8.072957E-19
7.308228E+03	5.869772E-17	8.070510E-19
7.308428E+03	5.872309E-17	8.071966E-19
7.308628E+03	5.873091E-17	8.071005E-19
7.308829E+03	5.872112E-17	8.067613E-19
7.309029E+03	5.870865E-17	8.063866E-19
7.309229E+03	5.871376E-17	8.062532E-19
7.309429E+03	5.872565E-17	8.062127E-19
7.309629E+03	5.873213E-17	8.060979E-19
7.309829E+03	5.873456E-17	8.059273E-19
7.310029E+03	5.873293E-17	8.057011E-19
7.310229E+03	5.872185E-17	8.053450E-19
7.310429E+03	5.871347E-17	8.050261E-19
7.310629E+03	5.871321E-17	8.048184E-19
7.310829E+03	5.872918E-17	8.048332E-19
7.311029E+03	5.873434E-17	8.046995E-19
7.311229E+03	5.873275E-17	8.044733E-19
7.311429E+03	5.873386E-17	8.042841E-19
7.311629E+03	5.873767E-17	8.041319E-19
7.311828E+03	5.874155E-17	8.039812E-19
7.312029E+03	5.874670E-17	8.038460E-19
7.312229E+03	5.875324E-17	8.037307E-19
7.312428E+03	5.876388E-17	8.036724E-19
7.312628E+03	5.875691E-17	8.033720E-19
7.312828E+03	5.875129E-17	8.030902E-19
7.313028E+03	5.874567E-17	8.028084E-19
7.313228E+03	5.874140E-17	8.025450E-19
7.313428E+03	5.874122E-17	8.023372E-19
7.313628E+03	5.873697E-17	8.020740E-19
7.313828E+03	5.873814E-17	8.018846E-19
7.314029E+03	5.873791E-17	8.016753E-19
7.314229E+03	5.873775E-17	8.014675E-19
7.314429E+03	5.874704E-17	8.013888E-19
7.314629E+03	5.875635E-17	8.013101E-19
7.314829E+03	5.875077E-17	8.010284E-19
7.315029E+03	5.874521E-17	8.007467E-19
7.315229E+03	5.875182E-17	8.006311E-19
7.315429E+03	5.875979E-17	8.005337E-19
7.315629E+03	5.876370E-17	8.003811E-19
7.315829E+03	5.876627E-17	8.002099E-19
7.316029E+03	5.876479E-17	7.999836E-19
7.316229E+03	5.878090E-17	7.999966E-19
7.316429E+03	5.879159E-17	7.999359E-19
7.316629E+03	5.879960E-17	7.998383E-19
7.316829E+03	5.881303E-17	7.998144E-19
7.317029E+03	5.881834E-17	7.996799E-19
7.317229E+03	5.881822E-17	7.994717E-19
7.317429E+03	5.881000E-17	7.991531E-19
7.317629E+03	5.881668E-17	7.990369E-19
7.317829E+03	5.881658E-17	7.988287E-19
7.318029E+03	5.881242E-17	7.985653E-19
7.318229E+03	5.882318E-17	7.985042E-19
7.318429E+03	5.882989E-17	7.983880E-19
7.318629E+03	5.882981E-17	7.981797E-19
7.318829E+03	5.883108E-17	7.979898E-19
7.319029E+03	5.883509E-17	7.978367E-19
7.319229E+03	5.882826E-17	7.975366E-19
7.319430E+03	5.881463E-17	7.971434E-19
7.319630E+03	5.881051E-17	7.968800E-19
7.319830E+03	5.882266E-17	7.968370E-19
7.320030E+03	5.882940E-17	7.967205E-19
7.320230E+03	5.881852E-17	7.963655E-19
7.320430E+03	5.881307E-17	7.960839E-19
7.320630E+03	5.881846E-17	7.959490E-19
7.320830E+03	5.882115E-17	7.957774E-19
7.321030E+03	5.881166E-17	7.954410E-19
7.321230E+03	5.882112E-17	7.953609E-19
7.321430E+03	5.882383E-17	7.951894E-19
7.321630E+03	5.882653E-17	7.950177E-19
7.321830E+03	5.883331E-17	7.949010E-19
7.322030E+03	5.883196E-17	7.946744E-19
7.322230E+03	5.883468E-17	7.945027E-19
7.322430E+03	5.885232E-17	7.945322E-19
7.322630E+03	5.887267E-17	7.945982E-19
7.322830E+03	5.888760E-17	7.945910E-19
7.323030E+03	5.887273E-17	7.941814E-19
7.323230E+03	5.886734E-17	7.938998E-19
7.323430E+03	5.886331E-17	7.936365E-19
7.323630E+03	5.885657E-17	7.933368E-19
7.323830E+03	5.886341E-17	7.932198E-19
7.324030E+03	5.886347E-17	7.930114E-19
7.324230E+03	5.886894E-17	7.928759E-19
7.324430E+03	5.886629E-17	7.926310E-19
7.324631E+03	5.886634E-17	7.924212E-19
7.324831E+03	5.887319E-17	7.923039E-19
7.325030E+03	5.887195E-17	7.920788E-19
7.325230E+03	5.887203E-17	7.918704E-19
7.325431E+03	5.888429E-17	7.918245E-19
7.325630E+03	5.889391E-17	7.917451E-19
7.325830E+03	5.888587E-17	7.914273E-19
7.326030E+03	5.887919E-17	7.911277E-19
7.326230E+03	5.887117E-17	7.908100E-19
7.326430E+03	5.886993E-17	7.905833E-19
7.326630E+03	5.887276E-17	7.904114E-19
7.326830E+03	5.887287E-17	7.902029E-19
7.327030E+03	5.886758E-17	7.899218E-19
7.327230E+03	5.886365E-17	7.896588E-19
7.327430E+03	5.886379E-17	7.894504E-19
7.327630E+03	5.886257E-17	7.892238E-19
7.327830E+03	5.885459E-17	7.889065E-19
7.328030E+03	5.884255E-17	7.885347E-19
7.328230E+03	5.882509E-17	7.880905E-19
7.328430E+03	5.881035E-17	7.876827E-19
7.328630E+03	5.880917E-17	7.874564E-19
7.328830E+03	5.880935E-17	7.872482E-19
7.329030E+03	5.880546E-17	7.869857E-19
7.329230E+03	5.880292E-17	7.867412E-19
7.329430E+03	5.880041E-17	7.864969E-19
7.329630E+03	5.880873E-17	7.863974E-19
7.329830E+03	5.882652E-17	7.864246E-19
7.330031E+03	5.883075E-17	7.862692E-19
7.330231E+03	5.882555E-17	7.859886E-19
7.330431E+03	5.882169E-17	7.857261E-19
7.330631E+03	5.883545E-17	7.856987E-19
7.330831E+03	5.885057E-17	7.856895E-19
7.331031E+03	5.884674E-17	7.854270E-19
7.331231E+03	5.884426E-17	7.851825E-19
7.331431E+03	5.882689E-17	7.847394E-19
7.331631E+03	5.880545E-17	7.842422E-19
7.331831E+03	5.880976E-17	7.840882E-19
7.332031E+03	5.881678E-17	7.839703E-19
7.332231E+03	5.880350E-17	7.835817E-19
7.332431E+03	5.878480E-17	7.831211E-19
7.332631E+03	5.877695E-17	7.828050E-19
7.332831E+03	5.877587E-17	7.825789E-19
7.333031E+03	5.878020E-17	7.824250E-19
7.333231E+03	5.878589E-17	7.822891E-19
7.333431E+03	5.879024E-17	7.821351E-19
7.333631E+03	5.879324E-17	7.819631E-19
7.333831E+03	5.880165E-17	7.818630E-19
7.334031E+03	5.880872E-17	7.817450E-19
7.334231E+03	5.880632E-17	7.815009E-19
7.334431E+03	5.880528E-17	7.812749E-19
7.334631E+03	5.881237E-17	7.811568E-19
7.334831E+03	5.882757E-17	7.811465E-19
7.335031E+03	5.883062E-17	7.809744E-19
7.335232E+03	5.883092E-17	7.807648E-19
7.335432E+03	5.883803E-17	7.806466E-19
7.335632E+03	5.884649E-17	7.805462E-19
7.335832E+03	5.886174E-17	7.805357E-19
7.336032E+03	5.886887E-17	7.804174E-19
7.336232E+03	5.887329E-17	7.802631E-19
7.336432E+03	5.887500E-17	7.800727E-19
7.336632E+03	5.887537E-17	7.798645E-19
7.336832E+03	5.888252E-17	7.797461E-19
7.337032E+03	5.888697E-17	7.795917E-19
7.337231E+03	5.888195E-17	7.793132E-19
7.337431E+03	5.888641E-17	7.791587E-19
7.337632E+03	5.888948E-17	7.789849E-19
7.337832E+03	5.888988E-17	7.787767E-19
7.338032E+03	5.889027E-17	7.785684E-19
7.338231E+03	5.890293E-17	7.785231E-19
7.338431E+03	5.891554E-17	7.784760E-19
7.338631E+03	5.891867E-17	7.783036E-19
7.338831E+03	5.891773E-17	7.780774E-19
7.339031E+03	5.892494E-17	7.779586E-19
7.339231E+03	5.893623E-17	7.778936E-19
7.339431E+03	5.894617E-17	7.778106E-19
7.339631E+03	5.895882E-17	7.777634E-19
7.339831E+03	5.897013E-17	7.776982E-19
7.340031E+03	5.897602E-17	7.775614E-19
7.340231E+03	5.899414E-17	7.775857E-19
7.340432E+03	5.902037E-17	7.777158E-19
7.340632E+03	5.904260E-17	7.777938E-19
7.340832E+03	5.905939E-17	7.778000E-19
7.341032E+03	5.908571E-17	7.779315E-19
7.341232E+03	5.911476E-17	7.780989E-19
7.341432E+03	5.914249E-17	7.782483E-19
7.341632E+03	5.914299E-17	7.780394E-19
7.341832E+03	5.913259E-17	7.776871E-19
7.342032E+03	5.914399E-17	7.776215E-19
7.342232E+03	5.914995E-17	7.774841E-19
7.342432E+03	5.914911E-17	7.772573E-19
7.342632E+03	5.915507E-17	7.771199E-19
7.342832E+03	5.915968E-17	7.769646E-19
7.343032E+03	5.914796E-17	7.765947E-19
7.343232E+03	5.912671E-17	7.760998E-19
7.343432E+03	5.914359E-17	7.761054E-19
7.343632E+03	5.916183E-17	7.761288E-19
7.343832E+03	5.916784E-17	7.759913E-19
7.344032E+03	5.916295E-17	7.757110E-19
7.344232E+03	5.916078E-17	7.754663E-19
7.344432E+03	5.918451E-17	7.755609E-19
7.344632E+03	5.920008E-17	7.755484E-19
7.344832E+03	5.920611E-17	7.754108E-19
7.345032E+03	5.920260E-17	7.751482E-19
7.345232E+03	5.921955E-17	7.751534E-19
7.345432E+03	5.922970E-17	7.750693E-19
7.345632E+03	5.922757E-17	7.748245E-19
7.345833E+03	5.924042E-17	7.747746E-19
7.346033E+03	5.925603E-17	7.747617E-19
7.346233E+03	5.924573E-17	7.744099E-19
7.346433E+03	5.923954E-17	7.741117E-19
7.346633E+03	5.925107E-17	7.740452E-19
7.346833E+03	5.925988E-17	7.739430E-19
7.347033E+03	5.927827E-17	7.739656E-19
7.347233E+03	5.929120E-17	7.739168E-19
7.347433E+03	5.929457E-17	7.737433E-19
7.347633E+03	5.929249E-17	7.734985E-19
7.347833E+03	5.929589E-17	7.733250E-19
7.348033E+03	5.930065E-17	7.731693E-19
7.348233E+03	5.930541E-17	7.730135E-19
7.348433E+03	5.931154E-17	7.728755E-19
7.348633E+03	5.931906E-17	7.727553E-19
7.348833E+03	5.933203E-17	7.727062E-19
7.349033E+03	5.933546E-17	7.725326E-19
7.349233E+03	5.933068E-17	7.722523E-19
7.349433E+03	5.933139E-17	7.720431E-19
7.349632E+03	5.932257E-17	7.717110E-19
7.349833E+03	5.933691E-17	7.716781E-19
7.350033E+03	5.936085E-17	7.717709E-19
7.350233E+03	5.936568E-17	7.716151E-19
7.350432E+03	5.936370E-17	7.713717E-19
7.350632E+03	5.936307E-17	7.711448E-19
7.350832E+03	5.937474E-17	7.710777E-19
7.351033E+03	5.938503E-17	7.709912E-19
7.351233E+03	5.939125E-17	7.708530E-19
7.351433E+03	5.939200E-17	7.706437E-19
7.351633E+03	5.939275E-17	7.704344E-19
7.351833E+03	5.939626E-17	7.702608E-19
7.352033E+03	5.939840E-17	7.700693E-19
7.352233E+03	5.939645E-17	7.698247E-19
7.352433E+03	5.939175E-17	7.695446E-19
7.352633E+03	5.938844E-17	7.692823E-19
7.352833E+03	5.938650E-17	7.690377E-19
7.353033E+03	5.938456E-17	7.687933E-19
7.353233E+03	5.938125E-17	7.685310E-19
7.353433E+03	5.938480E-17	7.683574E-19
7.353633E+03	5.938698E-17	7.681660E-19
7.353833E+03	5.938917E-17	7.679746E-19
7.354033E+03	5.939819E-17	7.678717E-19
7.354233E+03	5.940998E-17	7.678042E-19
7.354433E+03	5.941491E-17	7.676481E-19
7.354633E+03	5.940891E-17	7.673506E-19
7.354833E+03	5.940155E-17	7.670356E-19
7.355033E+03	5.940240E-17	7.668266E-19
7.355233E+03	5.941148E-17	7.667237E-19
7.355433E+03	5.941507E-17	7.665499E-19
7.355633E+03	5.941320E-17	7.663057E-19
7.355833E+03	5.942229E-17	7.662026E-19
7.356033E+03	5.942864E-17	7.660642E-19
7.356234E+03	5.942812E-17	7.658361E-19
7.356434E+03	5.942901E-17	7.656271E-19
7.356634E+03	5.941896E-17	7.652772E-19
7.356834E+03	5.941029E-17	7.649450E-19
7.357034E+03	5.940983E-17	7.647186E-19
7.357234E+03	5.941073E-17	7.645098E-19
7.357434E+03	5.941029E-17	7.642834E-19
7.357634E+03	5.942490E-17	7.642506E-19
7.357834E+03	5.942445E-17	7.640241E-19
7.358034E+03	5.942538E-17	7.638154E-19
7.358234E+03	5.943317E-17	7.636945E-19
7.358434E+03	5.943412E-17	7.634858E-19
7.358634E+03	5.944054E-17	7.633473E-19
7.358834E+03	5.944970E-17	7.632440E-19
7.359034E+03	5.945478E-17	7.630879E-19
7.359234E+03	5.945301E-17	7.628439E-19
7.359434E+03	5.945124E-17	7.626001E-19
7.359634E+03	5.945769E-17	7.624616E-19
7.359834E+03	5.946005E-17	7.622705E-19
7.360034E+03	5.946104E-17	7.620617E-19
7.360234E+03	5.946341E-17	7.618706E-19
7.360434E+03	5.946850E-17	7.617144E-19
7.360634E+03	5.947363E-17	7.615584E-19
7.360834E+03	5.946369E-17	7.612095E-19
7.361034E+03	5.945238E-17	7.608432E-19
7.361234E+03	5.944792E-17	7.605645E-19
7.361434E+03	5.944895E-17	7.603561E-19
7.361635E+03	5.945954E-17	7.602686E-19
7.361835E+03	5.946196E-17	7.600777E-19
7.362035E+03	5.946162E-17	7.598516E-19
7.362234E+03	5.946134E-17	7.596271E-19
7.362435E+03	5.946511E-17	7.594522E-19
7.362635E+03	5.948671E-17	7.595060E-19
7.362834E+03	5.949191E-17	7.593513E-19
7.363034E+03	5.948066E-17	7.589856E-19
7.363234E+03	5.947216E-17	7.586549E-19
7.363434E+03	5.946776E-17	7.583766E-19
7.363634E+03	5.946336E-17	7.580984E-19
7.363834E+03	5.944941E-17	7.576982E-19
7.364034E+03	5.943682E-17	7.573155E-19
7.364234E+03	5.942014E-17	7.568808E-19
7.364434E+03	5.941166E-17	7.565507E-19
7.364634E+03	5.940185E-17	7.562035E-19
7.364834E+03	5.938929E-17	7.558214E-19
7.365034E+03	5.938768E-17	7.555786E-19
7.365234E+03	5.938881E-17	7.553708E-19
7.365434E+03	5.938312E-17	7.550760E-19
7.365634E+03	5.937470E-17	7.547466E-19
7.365834E+03	5.937447E-17	7.545214E-19
7.366034E+03	5.937289E-17	7.542789E-19
7.366234E+03	5.937405E-17	7.540712E-19
7.366434E+03	5.938206E-17	7.539503E-19
7.366634E+03	5.938597E-17	7.537774E-19
7.366835E+03	5.940078E-17	7.537416E-19
7.367035E+03	5.941976E-17	7.537596E-19
7.367235E+03	5.942096E-17	7.535519E-19
7.367435E+03	5.941941E-17	7.533095E-19
7.367635E+03	5.943155E-17	7.532405E-19
7.367835E+03	5.943824E-17	7.531022E-19
7.368035E+03	5.944629E-17	7.529811E-19
7.368235E+03	5.945984E-17	7.529295E-19
7.368435E+03	5.946927E-17	7.528256E-19
7.368635E+03	5.947324E-17	7.526526E-19
7.368835E+03	5.947175E-17	7.524103E-19
7.369035E+03	5.947025E-17	7.521679E-19
7.369235E+03	5.946327E-17	7.518563E-19
7.369435E+03	5.946864E-17	7.517006E-19
7.369635E+03	5.947538E-17	7.515622E-19
7.369835E+03	5.947527E-17	7.513373E-19
7.370035E+03	5.946558E-17	7.509914E-19
7.370235E+03	5.945728E-17	7.506629E-19
7.370435E+03	5.945583E-17	7.504209E-19
7.370635E+03	5.944752E-17	7.500925E-19
7.370835E+03	5.943923E-17	7.497643E-19
7.371035E+03	5.943096E-17	7.494363E-19
7.371235E+03	5.942405E-17	7.491255E-19
7.371435E+03	5.942400E-17	7.489010E-19
7.371635E+03	5.942119E-17	7.486420E-19
7.371835E+03	5.942253E-17	7.484350E-19
7.372035E+03	5.941975E-17	7.481762E-19
7.372236E+03	5.941558E-17	7.478988E-19
7.372436E+03	5.941554E-17	7.476745E-19
7.372636E+03	5.941142E-17	7.473986E-19
7.372836E+03	5.941551E-17	7.472261E-19
7.373036E+03	5.941549E-17	7.470020E-19
7.373236E+03	5.940727E-17	7.466746E-19
7.373436E+03	5.940591E-17	7.464335E-19
7.373636E+03	5.940318E-17	7.461751E-19
7.373836E+03	5.939362E-17	7.458309E-19
7.374036E+03	5.938268E-17	7.454696E-19
7.374236E+03	5.937588E-17	7.451600E-19
7.374436E+03	5.937591E-17	7.449363E-19
7.374636E+03	5.936910E-17	7.446268E-19
7.374836E+03	5.937187E-17	7.444374E-19
7.375035E+03	5.937331E-17	7.442324E-19
7.375235E+03	5.937064E-17	7.439746E-19
7.375435E+03	5.936795E-17	7.437167E-19
7.375636E+03	5.936935E-17	7.435089E-19
7.375836E+03	5.937079E-17	7.433025E-19
7.376035E+03	5.937636E-17	7.431490E-19
7.376235E+03	5.938464E-17	7.430281E-19
7.376435E+03	5.939293E-17	7.429073E-19
7.376635E+03	5.940671E-17	7.428550E-19
7.376835E+03	5.939586E-17	7.424948E-19
7.377035E+03	5.940690E-17	7.424081E-19
7.377235E+03	5.941521E-17	7.422872E-19
7.377436E+03	5.941667E-17	7.420795E-19
7.377636E+03	5.941132E-17	7.417879E-19
7.377836E+03	5.940324E-17	7.414622E-19
7.378036E+03	5.940200E-17	7.412218E-19
7.378236E+03	5.941446E-17	7.411523E-19
7.378436E+03	5.942145E-17	7.410145E-19
7.378636E+03	5.941885E-17	7.407571E-19
7.378836E+03	5.941763E-17	7.405169E-19
7.379036E+03	5.941643E-17	7.402768E-19
7.379236E+03	5.941798E-17	7.400709E-19
7.379436E+03	5.941267E-17	7.397798E-19
7.379636E+03	5.941284E-17	7.395568E-19
7.379836E+03	5.941030E-17	7.392998E-19
7.380036E+03	5.940913E-17	7.390600E-19
7.380236E+03	5.942984E-17	7.390924E-19
7.380436E+03	5.945604E-17	7.391928E-19
7.380636E+03	5.947954E-17	7.392593E-19
7.380836E+03	5.949072E-17	7.391726E-19
7.381036E+03	5.948956E-17	7.389325E-19
7.381236E+03	5.948020E-17	7.385905E-19
7.381436E+03	5.948180E-17	7.383847E-19
7.381636E+03	5.947109E-17	7.380260E-19
7.381836E+03	5.945900E-17	7.376503E-19
7.382036E+03	5.947842E-17	7.376654E-19
7.382236E+03	5.949512E-17	7.376466E-19
7.382436E+03	5.950361E-17	7.375258E-19
7.382637E+03	5.947918E-17	7.369961E-19
7.382837E+03	5.947672E-17	7.367396E-19
7.383037E+03	5.949892E-17	7.367886E-19
7.383237E+03	5.950606E-17	7.366509E-19
7.383437E+03	5.951183E-17	7.364961E-19
7.383637E+03	5.952171E-17	7.363922E-19
7.383837E+03	5.953025E-17	7.362715E-19
7.384037E+03	5.953467E-17	7.360999E-19
7.384237E+03	5.954047E-17	7.359451E-19
7.384437E+03	5.954490E-17	7.357735E-19
7.384637E+03	5.955072E-17	7.356189E-19
7.384837E+03	5.955928E-17	7.354981E-19
7.385037E+03	5.956099E-17	7.352926E-19
7.385237E+03	5.955036E-17	7.349348E-19
7.385437E+03	5.955895E-17	7.348142E-19
7.385637E+03	5.955520E-17	7.345412E-19
7.385837E+03	5.953910E-17	7.341160E-19
7.386037E+03	5.954083E-17	7.339107E-19
7.386237E+03	5.954259E-17	7.337057E-19
7.386437E+03	5.953886E-17	7.334330E-19
7.386637E+03	5.954061E-17	7.332279E-19
7.386837E+03	5.953688E-17	7.329552E-19
7.387037E+03	5.953044E-17	7.326491E-19
7.387237E+03	5.952400E-17	7.323430E-19
7.387436E+03	5.951347E-17	7.319878E-19
7.387636E+03	5.950154E-17	7.316144E-19
7.387837E+03	5.949099E-17	7.312568E-19
7.388038E+03	5.948592E-17	7.309666E-19
7.388238E+03	5.947814E-17	7.306442E-19
7.388438E+03	5.946625E-17	7.302715E-19
7.388637E+03	5.946947E-17	7.300853E-19
7.388837E+03	5.946034E-17	7.297465E-19
7.389037E+03	5.944711E-17	7.293574E-19
7.389237E+03	5.943662E-17	7.290020E-19
7.389437E+03	5.944120E-17	7.288314E-19
7.389637E+03	5.945811E-17	7.288119E-19
7.389837E+03	5.943669E-17	7.283225E-19
7.390037E+03	5.944127E-17	7.281519E-19
7.390237E+03	5.945547E-17	7.280988E-19
7.390437E+03	5.946282E-17	7.279618E-19
7.390637E+03	5.945511E-17	7.276405E-19
7.390837E+03	5.944056E-17	7.272355E-19
7.391037E+03	5.943288E-17	7.269146E-19
7.391237E+03	5.942519E-17	7.265936E-19
7.391437E+03	5.941478E-17	7.262394E-19
7.391637E+03	5.940574E-17	7.259019E-19
7.391837E+03	5.939261E-17	7.255146E-19
7.392037E+03	5.937676E-17	7.250941E-19
7.392237E+03	5.936911E-17	7.247738E-19
7.392437E+03	5.937239E-17	7.245871E-19
7.392637E+03	5.938118E-17	7.244673E-19
7.392837E+03	5.938859E-17	7.243308E-19
7.393037E+03	5.939190E-17	7.241441E-19
7.393238E+03	5.939519E-17	7.239560E-19
7.393438E+03	5.940400E-17	7.238363E-19
7.393638E+03	5.940324E-17	7.235998E-19
7.393838E+03	5.938879E-17	7.231967E-19
7.394038E+03	5.937436E-17	7.227939E-19
7.394238E+03	5.937225E-17	7.225411E-19
7.394438E+03	5.937698E-17	7.223715E-19
7.394638E+03	5.936667E-17	7.220190E-19
7.394838E+03	5.937139E-17	7.218493E-19
7.395038E+03	5.939256E-17	7.218793E-19
7.395238E+03	5.938911E-17	7.216101E-19
7.395438E+03	5.936925E-17	7.211416E-19
7.395638E+03	5.936443E-17	7.208559E-19
7.395838E+03	5.936101E-17	7.205870E-19
7.396038E+03	5.935212E-17	7.202519E-19
7.396238E+03	5.935553E-17	7.200660E-19
7.396438E+03	5.937261E-17	7.200459E-19
7.396638E+03	5.937194E-17	7.198104E-19
7.396838E+03	5.936444E-17	7.194921E-19
7.397038E+03	5.937334E-17	7.193725E-19
7.397238E+03	5.938088E-17	7.192365E-19
7.397438E+03	5.938161E-17	7.190177E-19
7.397638E+03	5.937140E-17	7.186666E-19
7.397838E+03	5.937212E-17	7.184479E-19
7.398038E+03	5.937148E-17	7.182126E-19
7.398238E+03	5.935856E-17	7.178289E-19
7.398439E+03	5.934425E-17	7.174272E-19
7.398639E+03	5.934911E-17	7.172584E-19
7.398839E+03	5.935806E-17	7.171391E-19
7.399039E+03	5.936020E-17	7.169374E-19
7.399239E+03	5.935414E-17	7.166367E-19
7.399439E+03	5.935492E-17	7.164185E-19
7.399639E+03	5.935706E-17	7.162167E-19
7.399839E+03	5.936333E-17	7.160647E-19
7.400038E+03	5.937372E-17	7.159635E-19
7.400239E+03	5.937860E-17	7.157934E-19
7.400439E+03	5.937530E-17	7.155258E-19
7.400639E+03	5.936929E-17	7.152257E-19
7.400838E+03	5.935784E-17	7.148611E-19
7.401038E+03	5.935456E-17	7.145939E-19
7.401238E+03	5.935675E-17	7.143926E-19
7.401438E+03	5.934940E-17	7.140763E-19
7.401638E+03	5.932840E-17	7.135959E-19
7.401838E+03	5.932378E-17	7.133127E-19
7.402038E+03	5.931644E-17	7.129968E-19
7.402238E+03	5.931731E-17	7.127796E-19
7.402438E+03	5.933048E-17	7.127100E-19
7.402638E+03	5.933135E-17	7.124927E-19
7.402838E+03	5.932403E-17	7.121771E-19
7.403038E+03	5.931810E-17	7.118781E-19
7.403238E+03	5.930672E-17	7.115137E-19
7.403438E+03	5.930078E-17	7.112149E-19
7.403638E+03	5.930032E-17	7.109816E-19
7.403839E+03	5.929849E-17	7.107307E-19
7.404039E+03	5.928440E-17	7.103341E-19
7.404239E+03	5.926758E-17	7.099049E-19
7.404439E+03	5.926714E-17	7.096720E-19
7.404639E+03	5.926945E-17	7.094720E-19
7.404839E+03	5.926086E-17	7.091414E-19
7.405039E+03	5.925362E-17	7.088271E-19
7.405239E+03	5.925320E-17	7.085945E-19
7.405439E+03	5.925009E-17	7.083295E-19
7.405639E+03	5.924561E-17	7.080483E-19
7.405839E+03	5.923567E-17	7.077019E-19
7.406039E+03	5.922982E-17	7.074044E-19
7.406239E+03	5.921446E-17	7.069933E-19
7.406439E+03	5.919501E-17	7.065335E-19
7.406639E+03	5.918647E-17	7.062040E-19
7.406839E+03	5.918474E-17	7.059559E-19
7.407039E+03	5.918441E-17	7.057244E-19
7.407239E+03	5.917453E-17	7.053791E-19
7.407439E+03	5.916330E-17	7.050177E-19
7.407639E+03	5.914524E-17	7.045752E-19
7.407839E+03	5.914085E-17	7.042953E-19
7.408039E+03	5.914326E-17	7.040966E-19
7.408239E+03	5.913886E-17	7.038168E-19
7.408439E+03	5.913991E-17	7.036019E-19
7.408639E+03	5.913418E-17	7.033063E-19
7.408839E+03	5.913254E-17	7.030593E-19
7.409040E+03	5.912814E-17	7.027785E-19
7.409240E+03	5.912785E-17	7.025476E-19
7.409440E+03	5.912623E-17	7.023009E-19
7.409640E+03	5.911780E-17	7.019732E-19
7.409840E+03	5.910393E-17	7.015811E-19
7.410040E+03	5.909958E-17	7.013022E-19
7.410240E+03	5.911705E-17	7.012820E-19
7.410440E+03	5.911137E-17	7.009871E-19
7.410640E+03	5.910569E-17	7.006924E-19
7.410840E+03	5.911225E-17	7.005427E-19
7.411040E+03	5.912158E-17	7.004257E-19
7.411240E+03	5.911320E-17	7.000989E-19
7.411440E+03	5.910210E-17	6.997400E-19
7.411640E+03	5.909781E-17	6.994617E-19
7.411840E+03	5.909082E-17	6.991516E-19
7.412040E+03	5.907840E-17	6.987773E-19
7.412240E+03	5.907142E-17	6.984673E-19
7.412440E+03	5.905627E-17	6.980608E-19
7.412640E+03	5.903979E-17	6.976388E-19
7.412840E+03	5.903420E-17	6.973455E-19
7.413039E+03	5.901640E-17	6.969091E-19
7.413239E+03	5.900944E-17	6.965998E-19
7.413440E+03	5.900386E-17	6.963056E-19
7.413640E+03	5.899150E-17	6.959326E-19
7.413839E+03	5.898324E-17	6.956092E-19
7.414039E+03	5.898311E-17	6.953806E-19
7.414239E+03	5.897757E-17	6.950882E-19
7.414440E+03	5.897880E-17	6.948744E-19
7.414640E+03	5.896919E-17	6.945342E-19
7.414840E+03	5.896365E-17	6.942418E-19
7.415040E+03	5.897579E-17	6.941577E-19
7.415240E+03	5.897843E-17	6.939616E-19
7.415440E+03	5.895527E-17	6.934620E-19
7.415640E+03	5.893754E-17	6.930266E-19
7.415840E+03	5.893206E-17	6.927352E-19
7.416040E+03	5.892929E-17	6.924756E-19
7.416240E+03	5.892924E-17	6.922481E-19
7.416440E+03	5.893868E-17	6.921320E-19
7.416640E+03	5.893459E-17	6.918569E-19
7.416840E+03	5.892371E-17	6.915022E-19
7.417040E+03	5.892911E-17	6.913386E-19
7.417240E+03	5.893451E-17	6.911750E-19
7.417440E+03	5.892907E-17	6.908843E-19
7.417640E+03	5.892365E-17	6.905937E-19
7.417840E+03	5.891279E-17	6.902395E-19
7.418040E+03	5.889245E-17	6.897743E-19
7.418240E+03	5.888027E-17	6.894048E-19
7.418440E+03	5.887216E-17	6.890831E-19
7.418640E+03	5.887083E-17	6.888407E-19
7.418840E+03	5.885730E-17	6.884557E-19
7.419040E+03	5.885193E-17	6.881662E-19
7.419240E+03	5.885876E-17	6.880193E-19
7.419440E+03	5.886287E-17	6.878406E-19
7.419641E+03	5.886697E-17	6.876606E-19
7.419841E+03	5.886298E-17	6.873873E-19
7.420041E+03	5.885899E-17	6.871139E-19
7.420241E+03	5.884687E-17	6.867457E-19
7.420441E+03	5.882527E-17	6.862670E-19
7.420641E+03	5.881454E-17	6.859153E-19
7.420841E+03	5.881735E-17	6.857214E-19
7.421041E+03	5.881069E-17	6.854172E-19
7.421241E+03	5.880131E-17	6.850814E-19
7.421441E+03	5.880685E-17	6.849194E-19
7.421641E+03	5.881646E-17	6.848047E-19
7.421841E+03	5.881795E-17	6.845954E-19
7.422041E+03	5.880860E-17	6.842600E-19
7.422241E+03	5.881282E-17	6.840826E-19
7.422441E+03	5.881704E-17	6.839051E-19
7.422641E+03	5.880636E-17	6.835543E-19
7.422841E+03	5.880110E-17	6.832667E-19
7.423041E+03	5.879857E-17	6.830108E-19
7.423241E+03	5.880146E-17	6.828179E-19
7.423441E+03	5.880706E-17	6.826563E-19
7.423641E+03	5.880725E-17	6.824320E-19
7.423841E+03	5.880475E-17	6.821764E-19
7.424041E+03	5.879818E-17	6.818738E-19
7.424241E+03	5.879298E-17	6.815870E-19
7.424441E+03	5.878913E-17	6.813158E-19
7.424641E+03	5.879342E-17	6.811391E-19
7.424842E+03	5.879770E-17	6.809610E-19
7.425042E+03	5.879252E-17	6.806746E-19
7.425242E+03	5.877922E-17	6.802942E-19
7.425441E+03	5.876326E-17	6.798843E-19
7.425641E+03	5.875000E-17	6.795046E-19
7.425842E+03	5.874077E-17	6.791704E-19
7.426042E+03	5.873021E-17	6.788222E-19
7.426242E+03	5.871969E-17	6.784744E-19
7.426441E+03	5.871323E-17	6.781748E-19
7.426641E+03	5.870406E-17	6.778427E-19
7.426841E+03	5.868948E-17	6.774483E-19
7.427041E+03	5.868033E-17	6.771168E-19
7.427241E+03	5.867255E-17	6.768010E-19
7.427441E+03	5.867016E-17	6.765475E-19
7.427641E+03	5.867183E-17	6.763408E-19
7.427841E+03	5.867081E-17	6.761032E-19
7.428041E+03	5.866305E-17	6.757878E-19
7.428241E+03	5.866474E-17	6.755814E-19
7.428441E+03	5.865968E-17	6.752973E-19
7.428641E+03	5.864249E-17	6.748736E-19
7.428841E+03	5.862532E-17	6.744502E-19
7.429041E+03	5.861758E-17	6.741355E-19
7.429241E+03	5.861390E-17	6.738675E-19
7.429441E+03	5.859675E-17	6.734448E-19
7.429641E+03	5.858906E-17	6.731308E-19
7.429841E+03	5.857191E-17	6.727083E-19
7.430041E+03	5.855073E-17	6.722397E-19
7.430242E+03	5.853226E-17	6.718012E-19
7.430442E+03	5.852055E-17	6.714416E-19
7.430642E+03	5.851963E-17	6.712057E-19
7.430842E+03	5.851735E-17	6.709544E-19
7.431042E+03	5.850972E-17	6.706417E-19
7.431242E+03	5.850747E-17	6.703908E-19
7.431442E+03	5.849984E-17	6.700782E-19
7.431642E+03	5.848547E-17	6.696885E-19
7.431842E+03	5.848595E-17	6.694689E-19
7.432042E+03	5.847969E-17	6.691723E-19
7.432242E+03	5.846401E-17	6.687679E-19
7.432442E+03	5.844967E-17	6.683790E-19
7.432642E+03	5.844480E-17	6.680984E-19
7.432842E+03	5.844260E-17	6.678485E-19
7.433042E+03	5.845253E-17	6.677370E-19
7.433242E+03	5.846919E-17	6.677024E-19
7.433442E+03	5.848048E-17	6.676065E-19
7.433642E+03	5.846755E-17	6.672339E-19
7.433842E+03	5.845058E-17	6.668154E-19
7.434042E+03	5.844303E-17	6.665045E-19
7.434242E+03	5.844359E-17	6.662862E-19
7.434442E+03	5.843338E-17	6.659451E-19
7.434642E+03	5.842317E-17	6.656041E-19
7.434842E+03	5.841566E-17	6.652939E-19
7.435042E+03	5.841355E-17	6.650452E-19
7.435242E+03	5.841548E-17	6.648427E-19
7.435443E+03	5.839721E-17	6.644091E-19
7.435643E+03	5.839108E-17	6.641148E-19
7.435843E+03	5.839168E-17	6.638973E-19
7.436043E+03	5.838557E-17	6.636034E-19
7.436243E+03	5.838887E-17	6.634165E-19
7.436443E+03	5.838276E-17	6.631226E-19
7.436643E+03	5.837264E-17	6.627834E-19
7.436843E+03	5.836253E-17	6.624443E-19
7.437043E+03	5.835913E-17	6.621816E-19
7.437243E+03	5.835574E-17	6.619188E-19
7.437443E+03	5.835102E-17	6.616412E-19
7.437643E+03	5.835169E-17	6.614246E-19
7.437842E+03	5.834834E-17	6.611636E-19
7.438042E+03	5.835035E-17	6.609622E-19
7.438243E+03	5.833893E-17	6.606077E-19
7.438443E+03	5.832350E-17	6.602091E-19
7.438642E+03	5.831212E-17	6.598574E-19
7.438842E+03	5.830342E-17	6.595350E-19
7.439042E+03	5.831488E-17	6.594408E-19
7.439242E+03	5.832768E-17	6.593616E-19
7.439442E+03	5.833243E-17	6.591913E-19
7.439642E+03	5.833315E-17	6.589755E-19
7.439842E+03	5.832852E-17	6.586994E-19
7.440042E+03	5.832524E-17	6.584385E-19
7.440242E+03	5.831524E-17	6.581018E-19
7.440442E+03	5.831330E-17	6.578560E-19
7.440643E+03	5.831406E-17	6.576398E-19
7.440843E+03	5.830409E-17	6.573037E-19
7.441043E+03	5.831024E-17	6.571493E-19
7.441243E+03	5.831235E-17	6.569493E-19
7.441443E+03	5.829167E-17	6.564928E-19
7.441643E+03	5.826966E-17	6.560214E-19
7.441843E+03	5.825570E-17	6.556409E-19
7.442043E+03	5.825248E-17	6.553812E-19
7.442243E+03	5.825465E-17	6.551822E-19
7.442443E+03	5.823938E-17	6.547872E-19
7.442643E+03	5.823887E-17	6.545582E-19
7.442843E+03	5.823298E-17	6.542689E-19
7.443043E+03	5.822312E-17	6.539349E-19
7.443243E+03	5.821593E-17	6.536310E-19
7.443443E+03	5.819936E-17	6.532219E-19
7.443643E+03	5.818949E-17	6.528882E-19
7.443843E+03	5.818099E-17	6.525700E-19
7.444043E+03	5.816848E-17	6.522068E-19
7.444243E+03	5.815464E-17	6.518288E-19
7.444443E+03	5.813945E-17	6.514359E-19
7.444643E+03	5.812965E-17	6.511034E-19
7.444843E+03	5.812253E-17	6.508012E-19
7.445043E+03	5.812344E-17	6.505887E-19
7.445243E+03	5.812033E-17	6.503314E-19
7.445443E+03	5.811190E-17	6.500146E-19
7.445643E+03	5.812220E-17	6.499074E-19
7.445843E+03	5.812715E-17	6.497403E-19
7.446044E+03	5.812272E-17	6.494672E-19
7.446244E+03	5.812637E-17	6.492855E-19
7.446444E+03	5.812599E-17	6.490590E-19
7.446644E+03	5.812562E-17	6.488324E-19
7.446844E+03	5.811855E-17	6.485312E-19
7.447044E+03	5.810483E-17	6.481558E-19
7.447244E+03	5.809779E-17	6.478552E-19
7.447444E+03	5.810012E-17	6.476589E-19
7.447644E+03	5.809977E-17	6.474329E-19
7.447844E+03	5.809009E-17	6.471031E-19
7.448044E+03	5.809111E-17	6.468923E-19
7.448244E+03	5.808811E-17	6.466370E-19
7.448444E+03	5.807977E-17	6.463221E-19
7.448644E+03	5.806611E-17	6.459483E-19
7.448844E+03	5.805380E-17	6.455895E-19
7.449044E+03	5.802544E-17	6.450524E-19
7.449244E+03	5.800110E-17	6.445603E-19
7.449444E+03	5.800084E-17	6.443360E-19
7.449644E+03	5.800325E-17	6.441412E-19
7.449844E+03	5.799898E-17	6.438724E-19
7.450044E+03	5.799338E-17	6.435888E-19
7.450244E+03	5.798246E-17	6.432464E-19
7.450444E+03	5.797289E-17	6.429189E-19
7.450644E+03	5.796999E-17	6.426655E-19
7.450843E+03	5.797110E-17	6.424577E-19
7.451043E+03	5.796689E-17	6.421899E-19
7.451244E+03	5.795733E-17	6.418619E-19
7.451444E+03	5.795579E-17	6.416238E-19
7.451644E+03	5.795959E-17	6.414448E-19
7.451844E+03	5.795941E-17	6.412218E-19
7.452044E+03	5.793789E-17	6.407628E-19
7.452244E+03	5.792304E-17	6.403778E-19
7.452444E+03	5.790953E-17	6.400077E-19
7.452644E+03	5.790404E-17	6.397264E-19
7.452844E+03	5.791056E-17	6.395779E-19
7.453044E+03	5.791175E-17	6.393703E-19
7.453244E+03	5.791027E-17	6.391333E-19
7.453444E+03	5.791281E-17	6.389409E-19
7.453644E+03	5.792069E-17	6.388073E-19
7.453844E+03	5.792458E-17	6.386296E-19
7.454044E+03	5.791912E-17	6.383489E-19
7.454244E+03	5.790970E-17	6.380247E-19
7.454444E+03	5.789893E-17	6.376858E-19
7.454644E+03	5.789218E-17	6.373911E-19
7.454844E+03	5.789075E-17	6.371551E-19
7.455044E+03	5.788403E-17	6.368610E-19
7.455244E+03	5.787730E-17	6.365669E-19
7.455444E+03	5.786658E-17	6.362289E-19
7.455644E+03	5.784653E-17	6.357885E-19
7.455844E+03	5.781853E-17	6.352610E-19
7.456044E+03	5.779720E-17	6.348070E-19
7.456244E+03	5.778253E-17	6.344263E-19
7.456445E+03	5.777450E-17	6.341175E-19
7.456645E+03	5.777316E-17	6.338834E-19
7.456845E+03	5.777182E-17	6.336493E-19
7.457045E+03	5.776916E-17	6.334007E-19
7.457245E+03	5.776516E-17	6.331375E-19
7.457445E+03	5.776784E-17	6.329476E-19
7.457645E+03	5.777584E-17	6.328160E-19
7.457845E+03	5.778118E-17	6.326553E-19
7.458045E+03	5.777988E-17	6.324216E-19
7.458245E+03	5.778258E-17	6.322321E-19
7.458445E+03	5.778663E-17	6.320573E-19
7.458645E+03	5.777338E-17	6.316932E-19
7.458845E+03	5.775880E-17	6.313147E-19
7.459045E+03	5.775223E-17	6.310241E-19
7.459245E+03	5.774699E-17	6.307480E-19
7.459445E+03	5.775239E-17	6.305881E-19
7.459645E+03	5.776310E-17	6.304861E-19
7.459845E+03	5.776853E-17	6.303267E-19
7.460045E+03	5.776465E-17	6.300656E-19
7.460245E+03	5.775811E-17	6.297755E-19
7.460445E+03	5.773827E-17	6.293405E-19
7.460645E+03	5.772512E-17	6.289787E-19
7.460845E+03	5.773190E-17	6.288341E-19
7.461045E+03	5.774001E-17	6.287040E-19
7.461245E+03	5.774147E-17	6.285014E-19
7.461445E+03	5.774430E-17	6.283139E-19
7.461645E+03	5.773914E-17	6.280394E-19
7.461846E+03	5.772601E-17	6.276772E-19
7.462046E+03	5.771554E-17	6.273452E-19
7.462246E+03	5.770245E-17	6.269848E-19
7.462446E+03	5.768139E-17	6.265380E-19
7.462646E+03	5.766962E-17	6.261924E-19
7.462846E+03	5.767513E-17	6.260343E-19
7.463046E+03	5.767004E-17	6.257614E-19
7.463245E+03	5.765567E-17	6.253889E-19
7.463445E+03	5.765191E-17	6.251305E-19
7.463645E+03	5.765479E-17	6.249440E-19
7.463846E+03	5.764839E-17	6.246561E-19
7.464046E+03	5.764466E-17	6.243983E-19
7.464245E+03	5.764360E-17	6.241704E-19
7.464445E+03	5.762660E-17	6.237690E-19
7.464645E+03	5.761494E-17	6.234256E-19
7.464845E+03	5.762318E-17	6.232976E-19
7.465045E+03	5.762611E-17	6.231122E-19
7.465245E+03	5.762374E-17	6.228693E-19
7.465445E+03	5.761211E-17	6.225267E-19
7.465645E+03	5.761109E-17	6.222988E-19
7.465845E+03	5.761936E-17	6.221711E-19
7.466045E+03	5.761967E-17	6.219575E-19
7.466245E+03	5.761204E-17	6.216585E-19
7.466445E+03	5.760576E-17	6.213739E-19
7.466645E+03	5.759946E-17	6.210893E-19
7.466845E+03	5.759980E-17	6.208763E-19
7.467046E+03	5.760811E-17	6.207483E-19
7.467246E+03	5.762175E-17	6.206786E-19
7.467446E+03	5.763141E-17	6.205660E-19
7.467646E+03	5.763177E-17	6.203534E-19
7.467846E+03	5.763217E-17	6.201413E-19
7.468046E+03	5.763124E-17	6.199148E-19
7.468246E+03	5.762898E-17	6.196741E-19
7.468446E+03	5.762142E-17	6.193764E-19
7.468646E+03	5.761654E-17	6.191078E-19
7.468846E+03	5.760900E-17	6.188107E-19
7.469046E+03	5.759616E-17	6.184567E-19
7.469246E+03	5.757670E-17	6.180318E-19
7.469446E+03	5.755595E-17	6.175933E-19
7.469646E+03	5.754580E-17	6.172687E-19
7.469846E+03	5.753698E-17	6.169585E-19
7.470046E+03	5.753081E-17	6.166766E-19
7.470246E+03	5.753527E-17	6.165090E-19
7.470446E+03	5.753576E-17	6.162988E-19
7.470646E+03	5.752697E-17	6.159893E-19
7.470846E+03	5.751818E-17	6.156798E-19
7.471046E+03	5.751207E-17	6.153993E-19
7.471246E+03	5.751258E-17	6.151896E-19
7.471446E+03	5.750913E-17	6.149376E-19
7.471646E+03	5.749772E-17	6.146005E-19
7.471846E+03	5.748634E-17	6.142642E-19
7.472046E+03	5.748557E-17	6.140410E-19
7.472246E+03	5.748479E-17	6.138179E-19
7.472447E+03	5.748531E-17	6.136077E-19
7.472647E+03	5.748192E-17	6.133569E-19
7.472847E+03	5.748249E-17	6.131484E-19
7.473047E+03	5.747909E-17	6.128976E-19
7.473247E+03	5.747304E-17	6.126186E-19
7.473447E+03	5.746703E-17	6.123402E-19
7.473647E+03	5.746102E-17	6.120619E-19
7.473847E+03	5.745633E-17	6.117977E-19
7.474047E+03	5.745296E-17	6.115476E-19
7.474247E+03	5.744962E-17	6.112981E-19
7.474447E+03	5.744760E-17	6.110626E-19
7.474647E+03	5.744559E-17	6.108272E-19
7.474847E+03	5.744622E-17	6.106200E-19
7.475047E+03	5.744820E-17	6.104274E-19
7.475247E+03	5.745019E-17	6.102347E-19
7.475447E+03	5.745084E-17	6.100279E-19
7.475646E+03	5.746078E-17	6.099207E-19
7.475846E+03	5.746412E-17	6.097426E-19
7.476047E+03	5.746347E-17	6.095211E-19
7.476247E+03	5.745887E-17	6.092588E-19
7.476447E+03	5.745955E-17	6.090525E-19
7.476646E+03	5.746161E-17	6.088621E-19
7.476846E+03	5.745439E-17	6.085724E-19
7.477046E+03	5.744718E-17	6.082827E-19
7.477246E+03	5.744525E-17	6.080490E-19
7.477446E+03	5.744864E-17	6.078720E-19
7.477647E+03	5.744276E-17	6.075957E-19
7.477847E+03	5.744219E-17	6.073767E-19
7.478047E+03	5.745088E-17	6.072555E-19
7.478247E+03	5.746489E-17	6.071909E-19
7.478447E+03	5.747493E-17	6.070841E-19
7.478647E+03	5.747175E-17	6.068376E-19
7.478847E+03	5.747119E-17	6.066190E-19
7.479047E+03	5.747068E-17	6.064010E-19
7.479247E+03	5.746752E-17	6.061551E-19
7.479447E+03	5.746039E-17	6.058674E-19
7.479647E+03	5.744533E-17	6.054961E-19
7.479847E+03	5.743030E-17	6.051255E-19
7.480047E+03	5.742849E-17	6.048943E-19
7.480247E+03	5.743065E-17	6.047049E-19
7.480447E+03	5.742752E-17	6.044598E-19
7.480647E+03	5.742707E-17	6.042432E-19
7.480847E+03	5.742265E-17	6.039849E-19
7.481047E+03	5.741162E-17	6.036570E-19
7.481247E+03	5.739927E-17	6.033155E-19
7.481447E+03	5.739488E-17	6.030578E-19
7.481647E+03	5.740239E-17	6.029252E-19
7.481847E+03	5.740461E-17	6.027370E-19
7.482047E+03	5.739361E-17	6.024101E-19
7.482247E+03	5.739454E-17	6.022087E-19
7.482447E+03	5.740472E-17	6.021042E-19
7.482647E+03	5.741622E-17	6.020136E-19
7.482848E+03	5.742508E-17	6.018941E-19
7.483048E+03	5.742736E-17	6.017069E-19
7.483248E+03	5.742567E-17	6.014782E-19
7.483448E+03	5.743457E-17	6.013603E-19
7.483648E+03	5.744479E-17	6.012562E-19
7.483848E+03	5.744181E-17	6.010142E-19
7.484048E+03	5.743883E-17	6.007723E-19
7.484248E+03	5.743452E-17	6.005165E-19
7.484448E+03	5.743155E-17	6.002746E-19
7.484648E+03	5.743654E-17	6.001163E-19
7.484848E+03	5.745343E-17	6.000822E-19
7.485048E+03	5.746504E-17	5.999929E-19
7.485248E+03	5.746209E-17	5.997515E-19
7.485448E+03	5.745520E-17	5.994693E-19
7.485648E+03	5.745096E-17	5.992148E-19
7.485848E+03	5.745863E-17	5.990845E-19
7.486048E+03	5.747158E-17	5.990093E-19
7.486248E+03	5.747928E-17	5.988795E-19
7.486448E+03	5.747375E-17	5.986118E-19
7.486648E+03	5.747615E-17	5.984267E-19
7.486848E+03	5.748517E-17	5.983106E-19
7.487048E+03	5.749025E-17	5.981537E-19
7.487248E+03	5.749401E-17	5.979830E-19
7.487448E+03	5.749777E-17	5.978123E-19
7.487648E+03	5.750021E-17	5.976278E-19
7.487848E+03	5.750268E-17	5.974440E-19
7.488048E+03	5.749985E-17	5.972051E-19
7.488248E+03	5.751158E-17	5.971174E-19
7.488449E+03	5.751537E-17	5.969460E-19
7.488649E+03	5.752449E-17	5.968314E-19
7.488849E+03	5.755216E-17	5.969091E-19
7.489048E+03	5.755997E-17	5.967817E-19
7.489248E+03	5.754922E-17	5.964609E-19
7.489448E+03	5.755440E-17	5.963056E-19
7.489648E+03	5.757151E-17	5.962737E-19
7.489848E+03	5.758199E-17	5.961731E-19
7.490048E+03	5.759116E-17	5.960587E-19
7.490248E+03	5.760035E-17	5.959450E-19
7.490448E+03	5.760291E-17	5.957626E-19
7.490648E+03	5.761079E-17	5.956350E-19
7.490848E+03	5.762130E-17	5.955348E-19
7.491048E+03	5.762921E-17	5.954078E-19
7.491248E+03	5.761456E-17	5.950478E-19
7.491448E+03	5.760522E-17	5.947427E-19
7.491648E+03	5.761311E-17	5.946155E-19
7.491848E+03	5.760513E-17	5.943249E-19
7.492048E+03	5.760510E-17	5.941163E-19
7.492248E+03	5.759977E-17	5.938531E-19
7.492448E+03	5.759443E-17	5.935898E-19
7.492648E+03	5.757720E-17	5.932044E-19
7.492848E+03	5.756925E-17	5.929147E-19
7.493048E+03	5.756925E-17	5.927069E-19
7.493248E+03	5.756926E-17	5.924991E-19
7.493449E+03	5.756663E-17	5.922636E-19
7.493649E+03	5.755606E-17	5.919475E-19
7.493849E+03	5.755610E-17	5.917405E-19
7.494049E+03	5.756674E-17	5.916424E-19
7.494249E+03	5.756018E-17	5.913678E-19
7.494449E+03	5.754434E-17	5.909981E-19
7.494649E+03	5.754043E-17	5.907510E-19
7.494849E+03	5.755242E-17	5.906670E-19
7.495049E+03	5.755517E-17	5.904885E-19
7.495249E+03	5.753936E-17	5.901197E-19
7.495449E+03	5.752622E-17	5.897782E-19
7.495649E+03	5.752234E-17	5.895319E-19
7.495849E+03	5.752114E-17	5.893134E-19
7.496049E+03	5.752922E-17	5.891899E-19
7.496249E+03	5.753597E-17	5.890527E-19
7.496449E+03	5.755200E-17	5.890105E-19
7.496649E+03	5.751639E-17	5.884401E-19
7.496849E+03	5.750860E-17	5.881546E-19
7.497049E+03	5.751671E-17	5.880317E-19
7.497249E+03	5.748774E-17	5.875298E-19
7.497449E+03	5.751043E-17	5.875563E-19
7.497649E+03	5.760074E-17	5.882731E-19
7.497849E+03	5.758104E-17	5.878662E-19
7.498049E+03	5.754280E-17	5.872702E-19
7.498249E+03	5.754434E-17	5.870808E-19
7.498449E+03	5.750086E-17	5.864320E-19
7.498650E+03	5.756201E-17	5.868494E-19
7.498850E+03	5.761925E-17	5.872275E-19
7.499050E+03	5.767658E-17	5.876065E-19
7.499250E+03	5.772334E-17	5.878774E-19
7.499450E+03	5.775949E-17	5.880399E-19
7.499650E+03	5.779566E-17	5.882025E-19
7.499850E+03	5.782789E-17	5.883251E-19
7.500050E+03	5.785082E-17	5.883528E-19
7.500250E+03	5.787109E-17	5.883533E-19
7.500450E+03	5.789403E-17	5.883809E-19
7.500650E+03	5.790236E-17	5.882601E-19
7.500850E+03	5.790801E-17	5.881122E-19
7.501050E+03	5.791099E-17	5.879371E-19
7.501249E+03	5.790998E-17	5.877225E-19
7.501449E+03	5.790767E-17	5.874941E-19
7.501650E+03	5.790401E-17	5.872510E-19
7.501850E+03	5.789636E-17	5.869685E-19
7.502049E+03	5.788738E-17	5.866736E-19
7.502249E+03	5.787444E-17	5.863380E-19
7.502449E+03	5.786150E-17	5.860025E-19
7.502649E+03	5.784589E-17	5.856401E-19
7.502849E+03	5.783029E-17	5.852778E-19
7.503049E+03	5.780674E-17	5.848357E-19
7.503249E+03	5.778586E-17	5.844207E-19
7.503449E+03	5.776233E-17	5.839791E-19
7.503649E+03	5.773748E-17	5.835243E-19
7.503849E+03	5.771134E-17	5.830571E-19
7.504050E+03	5.776761E-17	5.834214E-19
7.504250E+03	5.769761E-17	5.825113E-19
7.504450E+03	5.758921E-17	5.812143E-19
7.504650E+03	5.752739E-17	5.803885E-19
7.504850E+03	5.758221E-17	5.807393E-19
7.505050E+03	5.763840E-17	5.811036E-19
7.505250E+03	5.769065E-17	5.814279E-19
7.505450E+03	5.773236E-17	5.816459E-19
7.505650E+03	5.777941E-17	5.819175E-19
7.505850E+03	5.783316E-17	5.822562E-19
7.506050E+03	5.788829E-17	5.826084E-19
7.506250E+03	5.793284E-17	5.828542E-19
7.506450E+03	5.797475E-17	5.830731E-19
7.506650E+03	5.802337E-17	5.833592E-19
7.506850E+03	5.807605E-17	5.836857E-19
7.507050E+03	5.812879E-17	5.840130E-19
7.507250E+03	5.818294E-17	5.843540E-19
7.507450E+03	5.823444E-17	5.846681E-19
7.507650E+03	5.827928E-17	5.849149E-19
7.507850E+03	5.832554E-17	5.851761E-19
7.508050E+03	5.837049E-17	5.854238E-19
7.508250E+03	5.841681E-17	5.856851E-19
7.508450E+03	5.846857E-17	5.860004E-19
7.508650E+03	5.851635E-17	5.862760E-19
7.508850E+03	5.856013E-17	5.865112E-19
7.509050E+03	5.860259E-17	5.867328E-19
7.509251E+03	5.866669E-17	5.871698E-19
7.509451E+03	5.862011E-17	5.865004E-19
7.509651E+03	5.855334E-17	5.856294E-19
7.509851E+03	5.849876E-17	5.848807E-19
7.510051E+03	5.844693E-17	5.841599E-19
7.510251E+03	5.847052E-17	5.841935E-19
7.510451E+03	5.844700E-17	5.837564E-19
7.510651E+03	5.836836E-17	5.827691E-19
7.510851E+03	5.828983E-17	5.817834E-19
7.511051E+03	5.822082E-17	5.808937E-19
7.511251E+03	5.815859E-17	5.800721E-19
7.511451E+03	5.812050E-17	5.794917E-19
7.511651E+03	5.816274E-17	5.797121E-19
7.511851E+03	5.808054E-17	5.786928E-19
7.512051E+03	5.799979E-17	5.776887E-19
7.512251E+03	5.792315E-17	5.767259E-19
7.512451E+03	5.783862E-17	5.756852E-19
7.512651E+03	5.778884E-17	5.749911E-19
7.512851E+03	5.785887E-17	5.754893E-19
7.513051E+03	5.780773E-17	5.747821E-19
7.513251E+03	5.772341E-17	5.737454E-19
7.513450E+03	5.766579E-17	5.729761E-19
7.513650E+03	5.761088E-17	5.722331E-19
7.513850E+03	5.755072E-17	5.714383E-19
7.514051E+03	5.750915E-17	5.708276E-19
7.514251E+03	5.749148E-17	5.704557E-19
7.514452E+03	5.753604E-17	5.707002E-19
7.514651E+03	5.756208E-17	5.707627E-19
7.514851E+03	5.758283E-17	5.707716E-19
7.515051E+03	5.759964E-17	5.707418E-19
7.515251E+03	5.760053E-17	5.705543E-19
7.515451E+03	5.759081E-17	5.702616E-19
7.515651E+03	5.757845E-17	5.699429E-19
7.515851E+03	5.756214E-17	5.695857E-19
7.516051E+03	5.753391E-17	5.691107E-19
7.516251E+03	5.750702E-17	5.686491E-19
7.516451E+03	5.748545E-17	5.682402E-19
7.516651E+03	5.745993E-17	5.677931E-19
7.516851E+03	5.743047E-17	5.673071E-19
7.517051E+03	5.740895E-17	5.668998E-19
7.517251E+03	5.739669E-17	5.665840E-19
7.517451E+03	5.739240E-17	5.663473E-19
7.517651E+03	5.738149E-17	5.660456E-19
7.517851E+03	5.736663E-17	5.657048E-19
7.518051E+03	5.734648E-17	5.653121E-19
7.518251E+03	5.731583E-17	5.648164E-19
7.518451E+03	5.728650E-17	5.643341E-19
7.518651E+03	5.725455E-17	5.638261E-19
7.518851E+03	5.721999E-17	5.632926E-19
7.519051E+03	5.719206E-17	5.628251E-19
7.519251E+03	5.716546E-17	5.623709E-19
7.519451E+03	5.712046E-17	5.617359E-19
7.519651E+03	5.706892E-17	5.610370E-19
7.519852E+03	5.701352E-17	5.603000E-19
7.520052E+03	5.698836E-17	5.598613E-19
7.520252E+03	5.696976E-17	5.594873E-19
7.520452E+03	5.693411E-17	5.589461E-19
7.520652E+03	5.690246E-17	5.584449E-19
7.520852E+03	5.687606E-17	5.579953E-19
7.521052E+03	5.685360E-17	5.575846E-19
7.521252E+03	5.681938E-17	5.570587E-19
7.521452E+03	5.678782E-17	5.565597E-19
7.521652E+03	5.677458E-17	5.562403E-19
7.521852E+03	5.675480E-17	5.558571E-19
7.522052E+03	5.672851E-17	5.554101E-19
7.522252E+03	5.669703E-17	5.549131E-19
7.522452E+03	5.666297E-17	5.543911E-19
7.522652E+03	5.663153E-17	5.538948E-19
7.522852E+03	5.660663E-17	5.534628E-19
7.523052E+03	5.658698E-17	5.530828E-19
7.523252E+03	5.656864E-17	5.527157E-19
7.523452E+03	5.654510E-17	5.522979E-19
7.523652E+03	5.651636E-17	5.518296E-19
7.523852E+03	5.648507E-17	5.513370E-19
7.524052E+03	5.646030E-17	5.509082E-19
7.524252E+03	5.643813E-17	5.505051E-19
7.524452E+03	5.641598E-17	5.501022E-19
7.524652E+03	5.639386E-17	5.497003E-19
7.524852E+03	5.637695E-17	5.493493E-19
7.525053E+03	5.636653E-17	5.490608E-19
7.525253E+03	5.636130E-17	5.488237E-19
7.525453E+03	5.635740E-17	5.486003E-19
7.525653E+03	5.634184E-17	5.482632E-19
7.525853E+03	5.632107E-17	5.478758E-19
7.526052E+03	5.629903E-17	5.474770E-19
7.526252E+03	5.628221E-17	5.471286E-19
7.526453E+03	5.627447E-17	5.468678E-19
7.526653E+03	5.625895E-17	5.465323E-19
7.526852E+03	5.623696E-17	5.461350E-19
7.527052E+03	5.622020E-17	5.457882E-19
7.527252E+03	5.620861E-17	5.454918E-19
7.527452E+03	5.619444E-17	5.451704E-19
7.527652E+03	5.616862E-17	5.447361E-19
7.527852E+03	5.613898E-17	5.442655E-19
7.528052E+03	5.611969E-17	5.438954E-19
7.528252E+03	5.609782E-17	5.435004E-19
7.528452E+03	5.608242E-17	5.431682E-19
7.528652E+03	5.606706E-17	5.428370E-19
7.528852E+03	5.605169E-17	5.425060E-19
7.529052E+03	5.603762E-17	5.421876E-19
7.529252E+03	5.602485E-17	5.418817E-19
7.529452E+03	5.601340E-17	5.415894E-19
7.529652E+03	5.600196E-17	5.412972E-19
7.529852E+03	5.599180E-17	5.410174E-19
7.530052E+03	5.598165E-17	5.407378E-19
7.530253E+03	5.597282E-17	5.404707E-19
7.530453E+03	5.596528E-17	5.402171E-19
7.530653E+03	5.602737E-17	5.406353E-19
7.530853E+03	5.604433E-17	5.406178E-19
7.531053E+03	5.600198E-17	5.400289E-19
7.531253E+03	5.597772E-17	5.396146E-19
7.531453E+03	5.599341E-17	5.395855E-19
7.531653E+03	5.600911E-17	5.395563E-19
7.531853E+03	5.600292E-17	5.393168E-19
7.532053E+03	5.600318E-17	5.391395E-19
7.532253E+03	5.600989E-17	5.390242E-19
7.532453E+03	5.601789E-17	5.389213E-19
7.532653E+03	5.602980E-17	5.388565E-19
7.532853E+03	5.604299E-17	5.388040E-19
7.533053E+03	5.606780E-17	5.388631E-19
7.533253E+03	5.610167E-17	5.390090E-19
7.533453E+03	5.614335E-17	5.392304E-19
7.533653E+03	5.619153E-17	5.395139E-19
7.533853E+03	5.624233E-17	5.398222E-19
7.534053E+03	5.629449E-17	5.401433E-19
7.534253E+03	5.635451E-17	5.405400E-19
7.534453E+03	5.641849E-17	5.409743E-19
7.534653E+03	5.650595E-17	5.416333E-19
7.534853E+03	5.647250E-17	5.411331E-19
7.535053E+03	5.643000E-17	5.405470E-19
7.535253E+03	5.639922E-17	5.400735E-19
7.535453E+03	5.637624E-17	5.396748E-19
7.535654E+03	5.637014E-17	5.394370E-19
7.535854E+03	5.637317E-17	5.392879E-19
7.536054E+03	5.636840E-17	5.390643E-19
7.536254E+03	5.635714E-17	5.387787E-19
7.536454E+03	5.635238E-17	5.385553E-19
7.536654E+03	5.635544E-17	5.384072E-19
7.536854E+03	5.637148E-17	5.383830E-19
7.537054E+03	5.640050E-17	5.384828E-19
7.537254E+03	5.642564E-17	5.385452E-19
7.537454E+03	5.645342E-17	5.386334E-19
7.537654E+03	5.649553E-17	5.388581E-19
7.537854E+03	5.654678E-17	5.391696E-19
7.538054E+03	5.660069E-17	5.395061E-19
7.538254E+03	5.665990E-17	5.398935E-19
7.538454E+03	5.672831E-17	5.403682E-19
7.538654E+03	5.681119E-17	5.409802E-19
7.538854E+03	5.688896E-17	5.415430E-19
7.539053E+03	5.684369E-17	5.409361E-19
7.539253E+03	5.679846E-17	5.403289E-19
7.539453E+03	5.677680E-17	5.399461E-19
7.539654E+03	5.677737E-17	5.397739E-19
7.539853E+03	5.676359E-17	5.394677E-19
7.540053E+03	5.675765E-17	5.392353E-19
7.540253E+03	5.676479E-17	5.391270E-19
7.540453E+03	5.677192E-17	5.390187E-19
7.540653E+03	5.677124E-17	5.388369E-19
7.540854E+03	5.676142E-17	5.385675E-19
7.541054E+03	5.675422E-17	5.383238E-19
7.541254E+03	5.675354E-17	5.381420E-19
7.541454E+03	5.675944E-17	5.380232E-19
7.541654E+03	5.675880E-17	5.378425E-19
7.541854E+03	5.675293E-17	5.376122E-19
7.542054E+03	5.675360E-17	5.374439E-19
7.542254E+03	5.675299E-17	5.372641E-19
7.542454E+03	5.676022E-17	5.371586E-19
7.542654E+03	5.676092E-17	5.369912E-19
7.542854E+03	5.675509E-17	5.367620E-19
7.543054E+03	5.675322E-17	5.365710E-19
7.543254E+03	5.676048E-17	5.364663E-19
7.543454E+03	5.676383E-17	5.363246E-19
7.543654E+03	5.676195E-17	5.361335E-19
7.543854E+03	5.676534E-17	5.359928E-19
7.544054E+03	5.676742E-17	5.358398E-19
7.544254E+03	5.676819E-17	5.356744E-19
7.544454E+03	5.677549E-17	5.355706E-19
7.544654E+03	5.678544E-17	5.354924E-19
7.544854E+03	5.679409E-17	5.354019E-19
7.545054E+03	5.680143E-17	5.352990E-19
7.545254E+03	5.681140E-17	5.352208E-19
7.545454E+03	5.680962E-17	5.350326E-19
7.545654E+03	5.681308E-17	5.348937E-19
7.545854E+03	5.681653E-17	5.347548E-19
7.546054E+03	5.681344E-17	5.345543E-19
7.546255E+03	5.680517E-17	5.343049E-19
7.546455E+03	5.682828E-17	5.343515E-19
7.546655E+03	5.685402E-17	5.344227E-19
7.546855E+03	5.686406E-17	5.343462E-19
7.547055E+03	5.686366E-17	5.341722E-19
7.547255E+03	5.687504E-17	5.341089E-19
7.547455E+03	5.688774E-17	5.340579E-19
7.547655E+03	5.690044E-17	5.340069E-19
7.547855E+03	5.690007E-17	5.338339E-19
7.548055E+03	5.689709E-17	5.336363E-19
7.548255E+03	5.689672E-17	5.334633E-19
7.548455E+03	5.689635E-17	5.332903E-19
7.548655E+03	5.689602E-17	5.331184E-19
7.548855E+03	5.688783E-17	5.328728E-19
7.549055E+03	5.688356E-17	5.326641E-19
7.549255E+03	5.689371E-17	5.325903E-19
7.549455E+03	5.690652E-17	5.325420E-19
7.549655E+03	5.691015E-17	5.324079E-19
7.549855E+03	5.691247E-17	5.322614E-19
7.550055E+03	5.692266E-17	5.321885E-19
7.550255E+03	5.693944E-17	5.321780E-19
7.550455E+03	5.695623E-17	5.321673E-19
7.550655E+03	5.698745E-17	5.322913E-19
7.550855E+03	5.702787E-17	5.325012E-19
7.551055E+03	5.706574E-17	5.326877E-19
7.551255E+03	5.710363E-17	5.328741E-19
7.551456E+03	5.715339E-17	5.331703E-19
7.551655E+03	5.719791E-17	5.334189E-19
7.551855E+03	5.723989E-17	5.336435E-19
7.552056E+03	5.727793E-17	5.338304E-19
7.552256E+03	5.731204E-17	5.339811E-19
7.552455E+03	5.734220E-17	5.340958E-19
7.552655E+03	5.736977E-17	5.341861E-19
7.552855E+03	5.739472E-17	5.342518E-19
7.553055E+03	5.741439E-17	5.342683E-19
7.553255E+03	5.743405E-17	5.342846E-19
7.553455E+03	5.744716E-17	5.342406E-19
7.553655E+03	5.746027E-17	5.341965E-19
7.553855E+03	5.747072E-17	5.341277E-19
7.554055E+03	5.748119E-17	5.340589E-19
7.554255E+03	5.749301E-17	5.340034E-19
7.554455E+03	5.750484E-17	5.339479E-19
7.554655E+03	5.751137E-17	5.338432E-19
7.554855E+03	5.751129E-17	5.336770E-19
7.555055E+03	5.750461E-17	5.334505E-19
7.555255E+03	5.749396E-17	5.331872E-19
7.555455E+03	5.749258E-17	5.330099E-19
7.555655E+03	5.749518E-17	5.328694E-19
7.555855E+03	5.750178E-17	5.327668E-19
7.556055E+03	5.751501E-17	5.327256E-19
7.556255E+03	5.753750E-17	5.327700E-19
7.556455E+03	5.756134E-17	5.328268E-19
7.556656E+03	5.758258E-17	5.328594E-19
7.556856E+03	5.761044E-17	5.329539E-19
7.557056E+03	5.764231E-17	5.330854E-19
7.557256E+03	5.767685E-17	5.332413E-19
7.557456E+03	5.771144E-17	5.333984E-19
7.557656E+03	5.774472E-17	5.335431E-19
7.557856E+03	5.777004E-17	5.336142E-19
7.558056E+03	5.779138E-17	5.336482E-19
7.558256E+03	5.780212E-17	5.335852E-19
7.558456E+03	5.780088E-17	5.334115E-19
7.558656E+03	5.778899E-17	5.331396E-19
7.558856E+03	5.778243E-17	5.329169E-19
7.559056E+03	5.778787E-17	5.328058E-19
7.559256E+03	5.779864E-17	5.327437E-19
7.559456E+03	5.781607E-17	5.327429E-19
7.559656E+03	5.782152E-17	5.326318E-19
7.559856E+03	5.782435E-17	5.324971E-19
7.560056E+03	5.783915E-17	5.324728E-19
7.560256E+03	5.784598E-17	5.323749E-19
7.560456E+03	5.786079E-17	5.323506E-19
7.560656E+03	5.788764E-17	5.324376E-19
7.560856E+03	5.790517E-17	5.324388E-19
7.561056E+03	5.792137E-17	5.324277E-19
7.561256E+03	5.794024E-17	5.324410E-19
7.561456E+03	5.795382E-17	5.324065E-19
7.561656E+03	5.797140E-17	5.324087E-19
7.561856E+03	5.799033E-17	5.324231E-19
7.562057E+03	5.799992E-17	5.323509E-19
7.562257E+03	5.800954E-17	5.322806E-19
7.562457E+03	5.802584E-17	5.322714E-19
7.562657E+03	5.804616E-17	5.322991E-19
7.562857E+03	5.806113E-17	5.322777E-19
7.563057E+03	5.807614E-17	5.322574E-19
7.563257E+03	5.808982E-17	5.322248E-19
7.563457E+03	5.810084E-17	5.321676E-19
7.563657E+03	5.811720E-17	5.321594E-19
7.563856E+03	5.813226E-17	5.321409E-19
7.564056E+03	5.814063E-17	5.320603E-19
7.564257E+03	5.815169E-17	5.320035E-19
7.564457E+03	5.817615E-17	5.320698E-19
7.564657E+03	5.819930E-17	5.321250E-19
7.564856E+03	5.822514E-17	5.322054E-19
7.565056E+03	5.824564E-17	5.322361E-19
7.565256E+03	5.825809E-17	5.321932E-19
7.565456E+03	5.826924E-17	5.321392E-19
7.565656E+03	5.828040E-17	5.320852E-19
7.565856E+03	5.829558E-17	5.320679E-19
7.566056E+03	5.831210E-17	5.320627E-19
7.566256E+03	5.832733E-17	5.320465E-19
7.566456E+03	5.834525E-17	5.320548E-19
7.566656E+03	5.836317E-17	5.320630E-19
7.566856E+03	5.838110E-17	5.320712E-19
7.567056E+03	5.839638E-17	5.320560E-19
7.567257E+03	5.841033E-17	5.320279E-19
7.567457E+03	5.842831E-17	5.320372E-19
7.567657E+03	5.845707E-17	5.321444E-19
7.567857E+03	5.847913E-17	5.321916E-19
7.568057E+03	5.850121E-17	5.322387E-19
7.568257E+03	5.852465E-17	5.322981E-19
7.568457E+03	5.854135E-17	5.322961E-19
7.568657E+03	5.856080E-17	5.323199E-19
7.568857E+03	5.857755E-17	5.323190E-19
7.569057E+03	5.859701E-17	5.323427E-19
7.569257E+03	5.862051E-17	5.324031E-19
7.569457E+03	5.863867E-17	5.324156E-19
7.569657E+03	5.866629E-17	5.325140E-19
7.569857E+03	5.868851E-17	5.325633E-19
7.570057E+03	5.871074E-17	5.326125E-19
7.570257E+03	5.873978E-17	5.327243E-19
7.570457E+03	5.875936E-17	5.327502E-19
7.570657E+03	5.877761E-17	5.327638E-19
7.570857E+03	5.879585E-17	5.327773E-19
7.571057E+03	5.881413E-17	5.327921E-19
7.571257E+03	5.883649E-17	5.328436E-19
7.571457E+03	5.886156E-17	5.329196E-19
7.571657E+03	5.888665E-17	5.329957E-19
7.571857E+03	5.890228E-17	5.329870E-19
7.572057E+03	5.892200E-17	5.330151E-19
7.572257E+03	5.895258E-17	5.331414E-19
7.572458E+03	5.898861E-17	5.333161E-19
7.572658E+03	5.902741E-17	5.335173E-19
7.572858E+03	5.906896E-17	5.337432E-19
7.573058E+03	5.911463E-17	5.340060E-19
7.573258E+03	5.916305E-17	5.342936E-19
7.573458E+03	5.921428E-17	5.346071E-19
7.573658E+03	5.926964E-17	5.349577E-19
7.573858E+03	5.932643E-17	5.353209E-19
7.574058E+03	5.938600E-17	5.357089E-19
7.574258E+03	5.940598E-17	5.357406E-19
7.574458E+03	5.940409E-17	5.355749E-19
7.574658E+03	5.941724E-17	5.355448E-19
7.574858E+03	5.944545E-17	5.356504E-19
7.575058E+03	5.947919E-17	5.358067E-19
7.575258E+03	5.949378E-17	5.357902E-19
7.575458E+03	5.950562E-17	5.357489E-19
7.575658E+03	5.951883E-17	5.357200E-19
7.575858E+03	5.952935E-17	5.356677E-19
7.576058E+03	5.954946E-17	5.357017E-19
7.576258E+03	5.956958E-17	5.357357E-19
7.576458E+03	5.959794E-17	5.358436E-19
7.576658E+03	5.962498E-17	5.359405E-19
7.576858E+03	5.963829E-17	5.359140E-19
7.577057E+03	5.964748E-17	5.358511E-19
7.577257E+03	5.965943E-17	5.358122E-19
7.577458E+03	5.968105E-17	5.358603E-19
7.577658E+03	5.970404E-17	5.359213E-19
7.577858E+03	5.972292E-17	5.359454E-19
7.578058E+03	5.973905E-17	5.359446E-19
7.578258E+03	5.975522E-17	5.359452E-19
7.578458E+03	5.977002E-17	5.359335E-19
7.578658E+03	5.978345E-17	5.359093E-19
7.578858E+03	5.979412E-17	5.358604E-19
7.579058E+03	5.980484E-17	5.358129E-19
7.579258E+03	5.981556E-17	5.357653E-19
7.579458E+03	5.982215E-17	5.356807E-19
7.579658E+03	5.985354E-17	5.358181E-19
7.579858E+03	5.987533E-17	5.358705E-19
7.580058E+03	5.988335E-17	5.357995E-19
7.580258E+03	5.990239E-17	5.358271E-19
7.580458E+03	5.992144E-17	5.358546E-19
7.580658E+03	5.993640E-17	5.358465E-19
7.580858E+03	5.995136E-17	5.358385E-19
7.581058E+03	5.996771E-17	5.358426E-19
7.581258E+03	5.997163E-17	5.357358E-19
7.581458E+03	5.997835E-17	5.356549E-19
7.581658E+03	5.999198E-17	5.356357E-19
7.581858E+03	6.000009E-17	5.355672E-19
7.582058E+03	6.000958E-17	5.355109E-19
7.582258E+03	6.003154E-17	5.355669E-19
7.582458E+03	6.004661E-17	5.355614E-19
7.582658E+03	6.006168E-17	5.355557E-19
7.582858E+03	6.008781E-17	5.356486E-19
7.583059E+03	6.010156E-17	5.356314E-19
7.583259E+03	6.011391E-17	5.356024E-19
7.583459E+03	6.012488E-17	5.355611E-19
7.583659E+03	6.013170E-17	5.354826E-19
7.583859E+03	6.014548E-17	5.354673E-19
7.584059E+03	6.017035E-17	5.355505E-19
7.584259E+03	6.019939E-17	5.356707E-19
7.584459E+03	6.022705E-17	5.357786E-19
7.584659E+03	6.025060E-17	5.358508E-19
7.584859E+03	6.027139E-17	5.358984E-19
7.585059E+03	6.029357E-17	5.359582E-19
7.585259E+03	6.031576E-17	5.360181E-19
7.585459E+03	6.033800E-17	5.360793E-19
7.585659E+03	6.035052E-17	5.360541E-19
7.585859E+03	6.037555E-17	5.361400E-19
7.586059E+03	6.040615E-17	5.362752E-19
7.586259E+03	6.042707E-17	5.363255E-19
7.586459E+03	6.044661E-17	5.363634E-19
7.586659E+03	6.046615E-17	5.364011E-19
7.586859E+03	6.049405E-17	5.365130E-19
7.587059E+03	6.051923E-17	5.366017E-19
7.587259E+03	6.054162E-17	5.366656E-19
7.587459E+03	6.057099E-17	5.367913E-19
7.587659E+03	6.059201E-17	5.368428E-19
7.587859E+03	6.060610E-17	5.368339E-19
7.588059E+03	6.061879E-17	5.368127E-19
7.588260E+03	6.063150E-17	5.367908E-19
7.588460E+03	6.064560E-17	5.367818E-19
7.588660E+03	6.066393E-17	5.368114E-19
7.588860E+03	6.069204E-17	5.369274E-19
7.589060E+03	6.071878E-17	5.370311E-19
7.589260E+03	6.074272E-17	5.371101E-19
7.589459E+03	6.075271E-17	5.370673E-19
7.589659E+03	6.075992E-17	5.369992E-19
7.589859E+03	6.077552E-17	5.370053E-19
7.590060E+03	6.079675E-17	5.370604E-19
7.590260E+03	6.081520E-17	5.370927E-19
7.590459E+03	6.082804E-17	5.370759E-19
7.590659E+03	6.085071E-17	5.371453E-19
7.590859E+03	6.087759E-17	5.372517E-19
7.591059E+03	6.090593E-17	5.373720E-19
7.591259E+03	6.092025E-17	5.373684E-19
7.591459E+03	6.093176E-17	5.373402E-19
7.591659E+03	6.097697E-17	5.376089E-19
7.591859E+03	6.098854E-17	5.375820E-19
7.592059E+03	6.099449E-17	5.375057E-19
7.592259E+03	6.102292E-17	5.376273E-19
7.592459E+03	6.105417E-17	5.377737E-19
7.592659E+03	6.108127E-17	5.378845E-19
7.592859E+03	6.109430E-17	5.378714E-19
7.593059E+03	6.112001E-17	5.379698E-19
7.593259E+03	6.113446E-17	5.379690E-19
7.593459E+03	6.113910E-17	5.378830E-19
7.593660E+03	6.115784E-17	5.379204E-19
7.593860E+03	6.118502E-17	5.380325E-19
7.594060E+03	6.120093E-17	5.380456E-19
7.594260E+03	6.121972E-17	5.380849E-19
7.594460E+03	6.123427E-17	5.380870E-19
7.594660E+03	6.125730E-17	5.381635E-19
7.594860E+03	6.127891E-17	5.382274E-19
7.595060E+03	6.130199E-17	5.383054E-19
7.595260E+03	6.132508E-17	5.383833E-19
7.595460E+03	6.134818E-17	5.384612E-19
7.595660E+03	6.135998E-17	5.384399E-19
7.595860E+03	6.136900E-17	5.383953E-19
7.596060E+03	6.138509E-17	5.384128E-19
7.596260E+03	6.140825E-17	5.384921E-19
7.596460E+03	6.142294E-17	5.384970E-19
7.596660E+03	6.144049E-17	5.385283E-19
7.596860E+03	6.145947E-17	5.385719E-19
7.597060E+03	6.147279E-17	5.385659E-19
7.597260E+03	6.148045E-17	5.385103E-19
7.597460E+03	6.149240E-17	5.384934E-19
7.597660E+03	6.150719E-17	5.385014E-19
7.597860E+03	6.152340E-17	5.385216E-19
7.598060E+03	6.154102E-17	5.385543E-19
7.598260E+03	6.156720E-17	5.386629E-19
7.598460E+03	6.158204E-17	5.386722E-19
7.598660E+03	6.160541E-17	5.387561E-19
7.598861E+03	6.162595E-17	5.388146E-19
7.599061E+03	6.164227E-17	5.388378E-19
7.599261E+03	6.166285E-17	5.388983E-19
7.599461E+03	6.167350E-17	5.388720E-19
7.599661E+03	6.169836E-17	5.389697E-19
7.599861E+03	6.173321E-17	5.391558E-19
7.600061E+03	6.175387E-17	5.392178E-19
7.600261E+03	6.177027E-17	5.392426E-19
7.600461E+03	6.178382E-17	5.392425E-19
7.600661E+03	6.179600E-17	5.392316E-19
7.600861E+03	6.181244E-17	5.392578E-19
7.601061E+03	6.183459E-17	5.393338E-19
7.601261E+03	6.185675E-17	5.394097E-19
7.601461E+03	6.186898E-17	5.394003E-19
7.601660E+03	6.187834E-17	5.393664E-19
7.601860E+03	6.189629E-17	5.394067E-19
7.602060E+03	6.191423E-17	5.394469E-19
7.602261E+03	6.193081E-17	5.394758E-19
7.602461E+03	6.194310E-17	5.394679E-19
7.602660E+03	6.196251E-17	5.395225E-19
7.602860E+03	6.198622E-17	5.396139E-19
7.603060E+03	6.199999E-17	5.396200E-19
7.603260E+03	6.201804E-17	5.396633E-19
7.603460E+03	6.203324E-17	5.396817E-19
7.603660E+03	6.205417E-17	5.397499E-19
7.603860E+03	6.207657E-17	5.398321E-19
7.604061E+03	6.209471E-17	5.398766E-19
7.604261E+03	6.211570E-17	5.399463E-19
7.604461E+03	6.212954E-17	5.399539E-19
7.604661E+03	6.214772E-17	5.400004E-19
7.604861E+03	6.216017E-17	5.399971E-19
7.605061E+03	6.216834E-17	5.399565E-19
7.605261E+03	6.217651E-17	5.399159E-19
7.605461E+03	6.218759E-17	5.399018E-19
7.605661E+03	6.220295E-17	5.399250E-19
7.605861E+03	6.220974E-17	5.398735E-19
7.606061E+03	6.221939E-17	5.398470E-19
7.606261E+03	6.222335E-17	5.397723E-19
7.606461E+03	6.223304E-17	5.397473E-19
7.606661E+03	6.224416E-17	5.397347E-19
7.606861E+03	6.224812E-17	5.396600E-19
7.607061E+03	6.225213E-17	5.395869E-19
7.607261E+03	6.225183E-17	5.394766E-19
7.607461E+03	6.226301E-17	5.394657E-19
7.607661E+03	6.227131E-17	5.394298E-19
7.607861E+03	6.226963E-17	5.393087E-19
7.608061E+03	6.227081E-17	5.392125E-19
7.608261E+03	6.229063E-17	5.392776E-19
7.608461E+03	6.231620E-17	5.393924E-19
7.608661E+03	6.233608E-17	5.394593E-19
7.608861E+03	6.235740E-17	5.395385E-19
7.609061E+03	6.236581E-17	5.395059E-19
7.609261E+03	6.236847E-17	5.394236E-19
7.609462E+03	6.238269E-17	5.394420E-19
7.609662E+03	6.239401E-17	5.394359E-19
7.609862E+03	6.239384E-17	5.393304E-19
7.610062E+03	6.241379E-17	5.393988E-19
7.610262E+03	6.243235E-17	5.394565E-19
7.610462E+03	6.244373E-17	5.394520E-19
7.610662E+03	6.245654E-17	5.394599E-19
7.610862E+03	6.247080E-17	5.394803E-19
7.611062E+03	6.247791E-17	5.394402E-19
7.611262E+03	6.248502E-17	5.394001E-19
7.611462E+03	6.249357E-17	5.393724E-19
7.611662E+03	6.251364E-17	5.394441E-19
7.611862E+03	6.252367E-17	5.394305E-19
7.612062E+03	6.252939E-17	5.393796E-19
7.612262E+03	6.254375E-17	5.394033E-19
7.612462E+03	6.255956E-17	5.394394E-19
7.612662E+03	6.256676E-17	5.394026E-19
7.612862E+03	6.257541E-17	5.393783E-19
7.613062E+03	6.259415E-17	5.394409E-19
7.613262E+03	6.260857E-17	5.394662E-19
7.613462E+03	6.261438E-17	5.394187E-19
7.613662E+03	6.261299E-17	5.393091E-19
7.613862E+03	6.261736E-17	5.392492E-19
7.614062E+03	6.262749E-17	5.392388E-19
7.614262E+03	6.263768E-17	5.392303E-19
7.614462E+03	6.264931E-17	5.392341E-19
7.614663E+03	6.266241E-17	5.392501E-19
7.614863E+03	6.267693E-17	5.392787E-19
7.615062E+03	6.269147E-17	5.393095E-19
7.615262E+03	6.269882E-17	5.392777E-19
7.615462E+03	6.271051E-17	5.392833E-19
7.615662E+03	6.271930E-17	5.392639E-19
7.615862E+03	6.273392E-17	5.392960E-19
7.616062E+03	6.274710E-17	5.393157E-19
7.616262E+03	6.275595E-17	5.392981E-19
7.616462E+03	6.275901E-17	5.392308E-19
7.616662E+03	6.275923E-17	5.391405E-19
7.616862E+03	6.276669E-17	5.391122E-19
7.617062E+03	6.276691E-17	5.390219E-19
7.617262E+03	6.277001E-17	5.389563E-19
7.617462E+03	6.278329E-17	5.389794E-19
7.617662E+03	6.279223E-17	5.389653E-19
7.617862E+03	6.279249E-17	5.388767E-19
7.618062E+03	6.280287E-17	5.388749E-19
7.618262E+03	6.281765E-17	5.389122E-19
7.618462E+03	6.282229E-17	5.388625E-19
7.618662E+03	6.282405E-17	5.387881E-19
7.618862E+03	6.283448E-17	5.387880E-19
7.619062E+03	6.285220E-17	5.388519E-19
7.619262E+03	6.284387E-17	5.386923E-19
7.619462E+03	6.282686E-17	5.384585E-19
7.619662E+03	6.282721E-17	5.383734E-19
7.619863E+03	6.281751E-17	5.382032E-19
7.620063E+03	6.279766E-17	5.379465E-19
7.620263E+03	6.280239E-17	5.379004E-19
7.620463E+03	6.280567E-17	5.378419E-19
7.620663E+03	6.281624E-17	5.378472E-19
7.620863E+03	6.282536E-17	5.378401E-19
7.621063E+03	6.283014E-17	5.377958E-19
7.621263E+03	6.283203E-17	5.377268E-19
7.621463E+03	6.283540E-17	5.376719E-19
7.621663E+03	6.283299E-17	5.375675E-19
7.621863E+03	6.282335E-17	5.374012E-19
7.622063E+03	6.282384E-17	5.373216E-19
7.622263E+03	6.282581E-17	5.372562E-19
7.622463E+03	6.282778E-17	5.371908E-19
7.622663E+03	6.282975E-17	5.371253E-19
7.622863E+03	6.282883E-17	5.370351E-19
7.623063E+03	6.282217E-17	5.368974E-19
7.623263E+03	6.280828E-17	5.366978E-19
7.623463E+03	6.280886E-17	5.366219E-19
7.623663E+03	6.281377E-17	5.365830E-19
7.623863E+03	6.281294E-17	5.364965E-19
7.624063E+03	6.280631E-17	5.363606E-19
7.624263E+03	6.280115E-17	5.362372E-19
7.624463E+03	6.279888E-17	5.361384E-19
7.624663E+03	6.279953E-17	5.360661E-19
7.624863E+03	6.280598E-17	5.360432E-19
7.625063E+03	6.281387E-17	5.360327E-19
7.625264E+03	6.280732E-17	5.358985E-19
7.625464E+03	6.281236E-17	5.358652E-19
7.625664E+03	6.282609E-17	5.359058E-19
7.625864E+03	6.283113E-17	5.358724E-19
7.626064E+03	6.282171E-17	5.357156E-19
7.626264E+03	6.282101E-17	5.356347E-19
7.626464E+03	6.282899E-17	5.356278E-19
7.626664E+03	6.281527E-17	5.354359E-19
7.626864E+03	6.280880E-17	5.353057E-19
7.627064E+03	6.281538E-17	5.352883E-19
7.627264E+03	6.282195E-17	5.352709E-19
7.627463E+03	6.283284E-17	5.352906E-19
7.627663E+03	6.282206E-17	5.351253E-19
7.627864E+03	6.280413E-17	5.349002E-19
7.628064E+03	6.279339E-17	5.347369E-19
7.628263E+03	6.278987E-17	5.346353E-19
7.628463E+03	6.279215E-17	5.345828E-19
7.628663E+03	6.280750E-17	5.346430E-19
7.628863E+03	6.281127E-17	5.346047E-19
7.629063E+03	6.281505E-17	5.345663E-19
7.629263E+03	6.281737E-17	5.345157E-19
7.629463E+03	6.282264E-17	5.344915E-19
7.629663E+03	6.283225E-17	5.345043E-19
7.629863E+03	6.282594E-17	5.343816E-19
7.630063E+03	6.280517E-17	5.341361E-19
7.630263E+03	6.279313E-17	5.339662E-19
7.630464E+03	6.278690E-17	5.338455E-19
7.630664E+03	6.279221E-17	5.338232E-19
7.630864E+03	6.280330E-17	5.338501E-19
7.631064E+03	6.280576E-17	5.338051E-19
7.631264E+03	6.280533E-17	5.337355E-19
7.631464E+03	6.280056E-17	5.336291E-19
7.631664E+03	6.279145E-17	5.334858E-19
7.631864E+03	6.278240E-17	5.333445E-19
7.632064E+03	6.276900E-17	5.331664E-19
7.632264E+03	6.275417E-17	5.329760E-19
7.632464E+03	6.275089E-17	5.328839E-19
7.632664E+03	6.273177E-17	5.326587E-19
7.632864E+03	6.271843E-17	5.324827E-19
7.633064E+03	6.271954E-17	5.324293E-19
7.633264E+03	6.270909E-17	5.322779E-19
7.633464E+03	6.269291E-17	5.320793E-19
7.633664E+03	6.267818E-17	5.318931E-19
7.633864E+03	6.266779E-17	5.317437E-19
7.634064E+03	6.264874E-17	5.315209E-19
7.634264E+03	6.263406E-17	5.313368E-19
7.634464E+03	6.261794E-17	5.311405E-19
7.634664E+03	6.260616E-17	5.309810E-19
7.634864E+03	6.260303E-17	5.308948E-19
7.635064E+03	6.258841E-17	5.307128E-19
7.635264E+03	6.258821E-17	5.306530E-19
7.635464E+03	6.258368E-17	5.305566E-19
7.635665E+03	6.257341E-17	5.304113E-19
7.635865E+03	6.256893E-17	5.303168E-19
7.636065E+03	6.255580E-17	5.301491E-19
7.636265E+03	6.253404E-17	5.299082E-19
7.636465E+03	6.252524E-17	5.297772E-19
7.636665E+03	6.251504E-17	5.296360E-19
7.636865E+03	6.249910E-17	5.294461E-19
7.637065E+03	6.248891E-17	5.293049E-19
7.637265E+03	6.247872E-17	5.291637E-19
7.637465E+03	6.246714E-17	5.290124E-19
7.637665E+03	6.246131E-17	5.289098E-19
7.637865E+03	6.244686E-17	5.287341E-19
7.638065E+03	6.241659E-17	5.284247E-19
7.638265E+03	6.239933E-17	5.282269E-19
7.638465E+03	6.239642E-17	5.281506E-19
7.638665E+03	6.239783E-17	5.281109E-19
7.638865E+03	6.238919E-17	5.279861E-19
7.639065E+03	6.237340E-17	5.278024E-19
7.639265E+03	6.235331E-17	5.275824E-19
7.639465E+03	6.234471E-17	5.274596E-19
7.639664E+03	6.232748E-17	5.272640E-19
7.639864E+03	6.230745E-17	5.270461E-19
7.640065E+03	6.229606E-17	5.269011E-19
7.640265E+03	6.228321E-17	5.267440E-19
7.640465E+03	6.227466E-17	5.266233E-19
7.640664E+03	6.226757E-17	5.265167E-19
7.640864E+03	6.225047E-17	5.263253E-19
7.641065E+03	6.223484E-17	5.261461E-19
7.641265E+03	6.222061E-17	5.259790E-19
7.641465E+03	6.220214E-17	5.257776E-19
7.641665E+03	6.219226E-17	5.256489E-19
7.641865E+03	6.218238E-17	5.255202E-19
7.642065E+03	6.215819E-17	5.252706E-19
7.642265E+03	6.212690E-17	5.249626E-19
7.642465E+03	6.211136E-17	5.247877E-19
7.642665E+03	6.208724E-17	5.245403E-19
7.642865E+03	6.205741E-17	5.242448E-19
7.643065E+03	6.203765E-17	5.240359E-19
7.643265E+03	6.201646E-17	5.238150E-19
7.643465E+03	6.199241E-17	5.235700E-19
7.643665E+03	6.196981E-17	5.233372E-19
7.643865E+03	6.195440E-17	5.231667E-19
7.644065E+03	6.194183E-17	5.230204E-19
7.644265E+03	6.192785E-17	5.228620E-19
7.644465E+03	6.189675E-17	5.225592E-19
7.644665E+03	6.186430E-17	5.222465E-19
7.644865E+03	6.185608E-17	5.221385E-19
7.645065E+03	6.184357E-17	5.219943E-19
7.645265E+03	6.182539E-17	5.218021E-19
7.645465E+03	6.180724E-17	5.216119E-19
7.645665E+03	6.179479E-17	5.214699E-19
7.645865E+03	6.177666E-17	5.212799E-19
7.646065E+03	6.176990E-17	5.211858E-19
7.646266E+03	6.176749E-17	5.211299E-19
7.646466E+03	6.174656E-17	5.209179E-19
7.646666E+03	6.172564E-17	5.207060E-19
7.646866E+03	6.171893E-17	5.206141E-19
7.647066E+03	6.171228E-17	5.205241E-19
7.647266E+03	6.169851E-17	5.203743E-19
7.647466E+03	6.167623E-17	5.201526E-19
7.647666E+03	6.164969E-17	5.198950E-19
7.647866E+03	6.162321E-17	5.196396E-19
7.648066E+03	6.159674E-17	5.193842E-19
7.648266E+03	6.156887E-17	5.191171E-19
7.648466E+03	6.154526E-17	5.188859E-19
7.648666E+03	6.150894E-17	5.185493E-19
7.648866E+03	6.147832E-17	5.182606E-19
7.649066E+03	6.147035E-17	5.181631E-19
7.649266E+03	6.145530E-17	5.180058E-19
7.649466E+03	6.144314E-17	5.178744E-19
7.649666E+03	6.143239E-17	5.177549E-19
7.649866E+03	6.140749E-17	5.175163E-19
7.650066E+03	6.138402E-17	5.172897E-19
7.650266E+03	6.136768E-17	5.171247E-19
7.650466E+03	6.134567E-17	5.169121E-19
7.650666E+03	6.132086E-17	5.166759E-19
7.650866E+03	6.129888E-17	5.164635E-19
7.651066E+03	6.127553E-17	5.162412E-19
7.651266E+03	6.125360E-17	5.160310E-19
7.651467E+03	6.123172E-17	5.158210E-19
7.651667E+03	6.120981E-17	5.156109E-19
7.651867E+03	6.118372E-17	5.153672E-19
7.652067E+03	6.116609E-17	5.151948E-19
7.652266E+03	6.114562E-17	5.149986E-19
7.652467E+03	6.112522E-17	5.148028E-19
7.652667E+03	6.111046E-17	5.146563E-19
7.652867E+03	6.110274E-17	5.145690E-19
7.653066E+03	6.109781E-17	5.145053E-19
7.653266E+03	6.108728E-17	5.143944E-19
7.653466E+03	6.106694E-17	5.142025E-19
7.653666E+03	6.104240E-17	5.139752E-19
7.653866E+03	6.102770E-17	5.138309E-19
7.654066E+03	6.101301E-17	5.136865E-19
7.654266E+03	6.099554E-17	5.135205E-19
7.654466E+03	6.098652E-17	5.134255E-19
7.654666E+03	6.097608E-17	5.133187E-19
7.654866E+03	6.095301E-17	5.131055E-19
7.655066E+03	6.092018E-17	5.128118E-19
7.655266E+03	6.088456E-17	5.124946E-19
7.655466E+03	6.085736E-17	5.122483E-19
7.655666E+03	6.082878E-17	5.119904E-19
7.655866E+03	6.080024E-17	5.117346E-19
7.656066E+03	6.077313E-17	5.114906E-19
7.656266E+03	6.074882E-17	5.112703E-19
7.656466E+03	6.072172E-17	5.110266E-19
7.656666E+03	6.069607E-17	5.107967E-19
7.656867E+03	6.066627E-17	5.105319E-19
7.657067E+03	6.063925E-17	5.102904E-19
7.657267E+03	6.061085E-17	5.100373E-19
7.657467E+03	6.058807E-17	5.098332E-19
7.657667E+03	6.056670E-17	5.096410E-19
7.657867E+03	6.053418E-17	5.093550E-19
7.658067E+03	6.050447E-17	5.090926E-19
7.658267E+03	6.047760E-17	5.088557E-19
7.658467E+03	6.044099E-17	5.085370E-19
7.658667E+03	6.040719E-17	5.082418E-19
7.658867E+03	6.038036E-17	5.080053E-19
7.659067E+03	6.035357E-17	5.077707E-19
7.659267E+03	6.032680E-17	5.075363E-19
7.659467E+03	6.031393E-17	5.074189E-19
7.659667E+03	6.030661E-17	5.073481E-19
7.659867E+03	6.028684E-17	5.071743E-19
7.660067E+03	6.026985E-17	5.070238E-19
7.660267E+03	6.025425E-17	5.068850E-19
7.660467E+03	6.023865E-17	5.067462E-19
7.660667E+03	6.022031E-17	5.065860E-19
7.660867E+03	6.020893E-17	5.064843E-19
7.661067E+03	6.018229E-17	5.062542E-19
7.661267E+03	6.015567E-17	5.060244E-19
7.661467E+03	6.013879E-17	5.058780E-19
7.661667E+03	6.011083E-17	5.056385E-19
7.661867E+03	6.007736E-17	5.053526E-19
7.662068E+03	6.005085E-17	5.051252E-19
7.662268E+03	6.003264E-17	5.049693E-19
7.662468E+03	6.001169E-17	5.047902E-19
7.662668E+03	6.000040E-17	5.046925E-19
7.662868E+03	5.997393E-17	5.044671E-19
7.663068E+03	5.994061E-17	5.041856E-19
7.663268E+03	5.991971E-17	5.040086E-19
7.663468E+03	5.990710E-17	5.039014E-19
7.663668E+03	5.988484E-17	5.037129E-19
7.663868E+03	5.985711E-17	5.034801E-19
7.664068E+03	5.982250E-17	5.031893E-19
7.664268E+03	5.978654E-17	5.028872E-19
7.664468E+03	5.976023E-17	5.026663E-19
7.664668E+03	5.974497E-17	5.025399E-19
7.664868E+03	5.972147E-17	5.023441E-19
7.665068E+03	5.969522E-17	5.021253E-19
7.665267E+03	5.966345E-17	5.018600E-19
7.665467E+03	5.963590E-17	5.016317E-19
7.665667E+03	5.961658E-17	5.014727E-19
7.665868E+03	5.960143E-17	5.013487E-19
7.666068E+03	5.959036E-17	5.012591E-19
7.666267E+03	5.958066E-17	5.011826E-19
7.666467E+03	5.956826E-17	5.010833E-19
7.666667E+03	5.954626E-17	5.009032E-19
7.666867E+03	5.952426E-17	5.007232E-19
7.667067E+03	5.950506E-17	5.005683E-19
7.667268E+03	5.947356E-17	5.003099E-19
7.667468E+03	5.945437E-17	5.001550E-19
7.667668E+03	5.945434E-17	5.001613E-19
7.667868E+03	5.945024E-17	5.001350E-19
7.668068E+03	5.944067E-17	5.000626E-19
7.668268E+03	5.943110E-17	4.999901E-19
7.668468E+03	5.942153E-17	4.999177E-19
7.668668E+03	5.941336E-17	4.998587E-19
7.668868E+03	5.940519E-17	4.997996E-19
7.669068E+03	5.938881E-17	4.996714E-19
7.669268E+03	5.936972E-17	4.995204E-19
7.669468E+03	5.935338E-17	4.993941E-19
7.669668E+03	5.934115E-17	4.993024E-19
7.669868E+03	5.932893E-17	4.992107E-19
7.670068E+03	5.932217E-17	4.991650E-19
7.670268E+03	5.931817E-17	4.991441E-19
7.670468E+03	5.930872E-17	4.990772E-19
7.670668E+03	5.929927E-17	4.990103E-19
7.670868E+03	5.929117E-17	4.989549E-19
7.671068E+03	5.928311E-17	4.989013E-19
7.671268E+03	5.927506E-17	4.988477E-19
7.671468E+03	5.926701E-17	4.987941E-19
7.671668E+03	5.925895E-17	4.987405E-19
7.671868E+03	5.925093E-17	4.986887E-19
7.672068E+03	5.924427E-17	4.986484E-19
7.672268E+03	5.923761E-17	4.986081E-19
7.672468E+03	5.923096E-17	4.985678E-19
7.672669E+03	5.921619E-17	4.984608E-19
7.672869E+03	5.920003E-17	4.983420E-19
7.673069E+03	5.918932E-17	4.982690E-19
7.673269E+03	5.918406E-17	4.982420E-19
7.673469E+03	5.917202E-17	4.981593E-19
7.673669E+03	5.915862E-17	4.980652E-19
7.673869E+03	5.915612E-17	4.980629E-19
7.674069E+03	5.915499E-17	4.980721E-19
7.674269E+03	5.914979E-17	4.980485E-19
7.674469E+03	5.915004E-17	4.980709E-19
7.674669E+03	5.915983E-17	4.981735E-19
7.674869E+03	5.915327E-17	4.981385E-19
7.675069E+03	5.913313E-17	4.979906E-19
7.675269E+03	5.910211E-17	4.977510E-19
7.675469E+03	5.908198E-17	4.976032E-19
7.675669E+03	5.907546E-17	4.975700E-19
7.675869E+03	5.906353E-17	4.974927E-19
7.676069E+03	5.904209E-17	4.973352E-19
7.676269E+03	5.903696E-17	4.973152E-19
7.676469E+03	5.903727E-17	4.973410E-19
7.676669E+03	5.902674E-17	4.972770E-19
7.676869E+03	5.901349E-17	4.971900E-19
7.677069E+03	5.901111E-17	4.971946E-19
7.677269E+03	5.901553E-17	4.972565E-19
7.677469E+03	5.901998E-17	4.973201E-19
7.677668E+03	5.900808E-17	4.972458E-19
7.677869E+03	5.900985E-17	4.972870E-19
7.678069E+03	5.902109E-17	4.974078E-19
7.678270E+03	5.902695E-17	4.974850E-19
7.678470E+03	5.902327E-17	4.974816E-19
7.678669E+03	5.902091E-17	4.974892E-19
7.678869E+03	5.902131E-17	4.975202E-19
7.679069E+03	5.901766E-17	4.975185E-19
7.679269E+03	5.900585E-17	4.974480E-19
7.679469E+03	5.899813E-17	4.974120E-19
7.679669E+03	5.899312E-17	4.973989E-19
7.679869E+03	5.899085E-17	4.974103E-19
7.680069E+03	5.899809E-17	4.975019E-19
7.680269E+03	5.900670E-17	4.976050E-19
7.680469E+03	5.899900E-17	4.975707E-19
7.680669E+03	5.899676E-17	4.975838E-19
7.680869E+03	5.899859E-17	4.976313E-19
7.681069E+03	5.899500E-17	4.976330E-19
7.681269E+03	5.899140E-17	4.976347E-19
7.681469E+03	5.898512E-17	4.976151E-19
7.681669E+03	5.898155E-17	4.976185E-19
7.681869E+03	5.897798E-17	4.976218E-19
7.682069E+03	5.897033E-17	4.975908E-19
7.682269E+03	5.897222E-17	4.976417E-19
7.682469E+03	5.898634E-17	4.977957E-19
7.682669E+03	5.900181E-17	4.979613E-19
7.682869E+03	5.899012E-17	4.978975E-19
7.683069E+03	5.898660E-17	4.979042E-19
7.683270E+03	5.900077E-17	4.980605E-19
7.683470E+03	5.901764E-17	4.982393E-19
7.683670E+03	5.902227E-17	4.983148E-19
7.683870E+03	5.902014E-17	4.983346E-19
7.684070E+03	5.902888E-17	4.984463E-19
7.684270E+03	5.904441E-17	4.986153E-19
7.684470E+03	5.905859E-17	4.987730E-19
7.684670E+03	5.907416E-17	4.989438E-19
7.684870E+03	5.909926E-17	4.991952E-19
7.685070E+03	5.912302E-17	4.994352E-19
7.685270E+03	5.911818E-17	4.994337E-19
7.685470E+03	5.911473E-17	4.994454E-19
7.685670E+03	5.911672E-17	4.995030E-19
7.685870E+03	5.910239E-17	4.994228E-19
7.686070E+03	5.910710E-17	4.995034E-19
7.686270E+03	5.911457E-17	4.996088E-19
7.686470E+03	5.911523E-17	4.996566E-19
7.686670E+03	5.911317E-17	4.996814E-19
7.686870E+03	5.911247E-17	4.997178E-19
7.687070E+03	5.911179E-17	4.997557E-19
7.687270E+03	5.910839E-17	4.997706E-19
7.687470E+03	5.911588E-17	4.998777E-19
7.687670E+03	5.912473E-17	4.999962E-19
7.687870E+03	5.913905E-17	5.001625E-19
7.688070E+03	5.915611E-17	5.003519E-19
7.688270E+03	5.918133E-17	5.006104E-19
7.688471E+03	5.920116E-17	5.008236E-19
7.688671E+03	5.922235E-17	5.010494E-19
7.688871E+03	5.924627E-17	5.012985E-19
7.689071E+03	5.924837E-17	5.013629E-19
7.689271E+03	5.925183E-17	5.014388E-19
7.689471E+03	5.927306E-17	5.016666E-19
7.689671E+03	5.930385E-17	5.019753E-19
7.689871E+03	5.933465E-17	5.022842E-19
7.690071E+03	5.937094E-17	5.026396E-19
7.690270E+03	5.940998E-17	5.030195E-19
7.690471E+03	5.944364E-17	5.033543E-19
7.690671E+03	5.948550E-17	5.037585E-19
7.690870E+03	5.950954E-17	5.040115E-19
7.691070E+03	5.952267E-17	5.041739E-19
7.691270E+03	5.955638E-17	5.045106E-19
7.691470E+03	5.959972E-17	5.049290E-19
7.691670E+03	5.964034E-17	5.053243E-19
7.691870E+03	5.966864E-17	5.056168E-19
7.692070E+03	5.969971E-17	5.059328E-19
7.692270E+03	5.974454E-17	5.063655E-19
7.692470E+03	5.978804E-17	5.067870E-19
7.692670E+03	5.983159E-17	5.072103E-19
7.692870E+03	5.986414E-17	5.075405E-19
7.693070E+03	5.988429E-17	5.077657E-19
7.693270E+03	5.991274E-17	5.080612E-19
7.693470E+03	5.992189E-17	5.081946E-19
7.693671E+03	5.999737E-17	5.088908E-19
7.693871E+03	6.005215E-17	5.094113E-19
7.694071E+03	6.008207E-17	5.097211E-19
7.694271E+03	6.014527E-17	5.103146E-19
7.694471E+03	6.016418E-17	5.105324E-19
7.694671E+03	6.011801E-17	5.101979E-19
7.694871E+03	6.018401E-17	5.108154E-19
7.695071E+03	6.027507E-17	5.116473E-19
7.695271E+03	6.032321E-17	5.121148E-19
7.695471E+03	6.042145E-17	5.130079E-19
7.695671E+03	6.040430E-17	5.129213E-19
7.695871E+03	6.039134E-17	5.128717E-19
7.696071E+03	6.037839E-17	5.128221E-19
7.696271E+03	6.036960E-17	5.128079E-19
7.696471E+03	6.036083E-17	5.127938E-19
7.696671E+03	6.035346E-17	5.127929E-19
7.696871E+03	6.034748E-17	5.128039E-19
7.697071E+03	6.034429E-17	5.128386E-19
7.697271E+03	6.034387E-17	5.128968E-19
7.697471E+03	6.034486E-17	5.129684E-19
7.697671E+03	6.034863E-17	5.130637E-19
7.697871E+03	6.035518E-17	5.131826E-19
7.698071E+03	6.036452E-17	5.133251E-19
7.698271E+03	6.037109E-17	5.134456E-19
7.698471E+03	6.038600E-17	5.136370E-19
7.698671E+03	6.040370E-17	5.138523E-19
7.698871E+03	6.043115E-17	5.141504E-19
7.699072E+03	6.045449E-17	5.144154E-19
7.699272E+03	6.047363E-17	5.146443E-19
7.699472E+03	6.049833E-17	5.149207E-19
7.699672E+03	6.054257E-17	5.153634E-19
7.699872E+03	6.059104E-17	5.158437E-19
7.700072E+03	6.062698E-17	5.162173E-19
7.700272E+03	6.066714E-17	5.166269E-19
7.700472E+03	6.071012E-17	5.170607E-19
7.700672E+03	6.076015E-17	5.175559E-19
7.700872E+03	6.080741E-17	5.180278E-19
7.701072E+03	6.076510E-17	5.177366E-19
7.701272E+03	6.087402E-17	5.187339E-19
7.701472E+03	6.101966E-17	5.200458E-19
7.701672E+03	6.110512E-17	5.208452E-19
7.701872E+03	6.107950E-17	5.206977E-19
7.702072E+03	6.104967E-17	5.205143E-19
7.702272E+03	6.102128E-17	5.203445E-19
7.702472E+03	6.099150E-17	5.201628E-19
7.702672E+03	6.095471E-17	5.199212E-19
7.702872E+03	6.091795E-17	5.196798E-19
7.703072E+03	6.087842E-17	5.194160E-19
7.703271E+03	6.084448E-17	5.191995E-19
7.703471E+03	6.080220E-17	5.189120E-19
7.703672E+03	6.075020E-17	5.185419E-19
7.703872E+03	6.070660E-17	5.182444E-19
7.704071E+03	6.065741E-17	5.178986E-19
7.704272E+03	6.060694E-17	5.175426E-19
7.704472E+03	6.055508E-17	5.171742E-19
7.704672E+03	6.048936E-17	5.166885E-19
7.704872E+03	6.043066E-17	5.162628E-19
7.705072E+03	6.037202E-17	5.158374E-19
7.705272E+03	6.030094E-17	5.153055E-19
7.705472E+03	6.022996E-17	5.147757E-19
7.705672E+03	6.015214E-17	5.141871E-19
7.705872E+03	6.006750E-17	5.135401E-19
7.706072E+03	5.997469E-17	5.128231E-19
7.706272E+03	5.985172E-17	5.118492E-19
7.706472E+03	5.984602E-17	5.118779E-19
7.706672E+03	5.987477E-17	5.122014E-19
7.706872E+03	5.988837E-17	5.123954E-19
7.707072E+03	5.990613E-17	5.126262E-19
7.707272E+03	5.983701E-17	5.121137E-19
7.707472E+03	5.981893E-17	5.120378E-19
7.707672E+03	5.987112E-17	5.125634E-19
7.707872E+03	5.991648E-17	5.130320E-19
7.708072E+03	5.994943E-17	5.133945E-19
7.708272E+03	5.999070E-17	5.138282E-19
7.708472E+03	6.000988E-17	5.140730E-19
7.708672E+03	5.993517E-17	5.135145E-19
7.708872E+03	5.998888E-17	5.140564E-19
7.709072E+03	6.005230E-17	5.146816E-19
7.709272E+03	6.010611E-17	5.152246E-19
7.709473E+03	6.016833E-17	5.158417E-19
7.709673E+03	6.019869E-17	5.161852E-19
7.709873E+03	6.010023E-17	5.154241E-19
7.710073E+03	6.012641E-17	5.157317E-19
7.710273E+03	6.018723E-17	5.163381E-19
7.710473E+03	6.022039E-17	5.167072E-19
7.710673E+03	6.025773E-17	5.171121E-19
7.710873E+03	6.029786E-17	5.175413E-19
7.711073E+03	6.032554E-17	5.178649E-19
7.711273E+03	6.033517E-17	5.180337E-19
7.711473E+03	6.027398E-17	5.175943E-19
7.711673E+03	6.021839E-17	5.172028E-19
7.711873E+03	6.016841E-17	5.168606E-19
7.712073E+03	6.012954E-17	5.166139E-19
7.712273E+03	6.009347E-17	5.163910E-19
7.712473E+03	6.006987E-17	5.162751E-19
7.712673E+03	6.004491E-17	5.161489E-19
7.712873E+03	6.002549E-17	5.160701E-19
7.713073E+03	6.001436E-17	5.160627E-19
7.713273E+03	6.000876E-17	5.161027E-19
7.713473E+03	6.000318E-17	5.161441E-19
7.713673E+03	6.000036E-17	5.162093E-19
7.713873E+03	5.999616E-17	5.162626E-19
7.714073E+03	5.999058E-17	5.163040E-19
7.714273E+03	5.998225E-17	5.163230E-19
7.714473E+03	5.996564E-17	5.162707E-19
7.714673E+03	5.994765E-17	5.162065E-19
7.714874E+03	5.993108E-17	5.161549E-19
7.715074E+03	5.992140E-17	5.161633E-19
7.715274E+03	5.992275E-17	5.162668E-19
7.715474E+03	5.991720E-17	5.163109E-19
7.715673E+03	5.990196E-17	5.162709E-19
7.715873E+03	5.990332E-17	5.163758E-19
7.716074E+03	5.991301E-17	5.165528E-19
7.716274E+03	5.991989E-17	5.167052E-19
7.716474E+03	5.992953E-17	5.168815E-19
7.716673E+03	5.993914E-17	5.170583E-19
7.716873E+03	5.995295E-17	5.172718E-19
7.717073E+03	5.995156E-17	5.173543E-19
7.717273E+03	5.995017E-17	5.174367E-19
7.717473E+03	5.995985E-17	5.176159E-19
7.717673E+03	5.996814E-17	5.177832E-19
7.717873E+03	5.998058E-17	5.179863E-19
7.718073E+03	5.999302E-17	5.181894E-19
7.718273E+03	6.000271E-17	5.183701E-19
7.718473E+03	6.001240E-17	5.185509E-19
7.718673E+03	6.000275E-17	5.185644E-19
7.718873E+03	6.000139E-17	5.186496E-19
7.719073E+03	6.001938E-17	5.189034E-19
7.719273E+03	6.003324E-17	5.191214E-19
7.719473E+03	6.003603E-17	5.192439E-19
7.719673E+03	6.004436E-17	5.194142E-19
7.719873E+03	6.004994E-17	5.195620E-19
7.720074E+03	6.005140E-17	5.196746E-19
7.720274E+03	6.005698E-17	5.198224E-19
7.720474E+03	6.006670E-17	5.200062E-19
7.720674E+03	6.007506E-17	5.201793E-19
7.720874E+03	6.007788E-17	5.203045E-19
7.721074E+03	6.008900E-17	5.205016E-19
7.721274E+03	6.010289E-17	5.207227E-19
7.721474E+03	6.011817E-17	5.209573E-19
7.721674E+03	6.013762E-17	5.212279E-19
7.721874E+03	6.015708E-17	5.214987E-19
7.722074E+03	6.018209E-17	5.218176E-19
7.722274E+03	6.020017E-17	5.220779E-19
7.722474E+03	6.020995E-17	5.222661E-19
7.722674E+03	6.022805E-17	5.225266E-19
7.722874E+03	6.025310E-17	5.228474E-19
7.723074E+03	6.027261E-17	5.231215E-19
7.723274E+03	6.029213E-17	5.233957E-19
7.723474E+03	6.031165E-17	5.236700E-19
7.723674E+03	6.033257E-17	5.239565E-19
7.723874E+03	6.035489E-17	5.242565E-19
7.724074E+03	6.037723E-17	5.245566E-19
7.724274E+03	6.040096E-17	5.248690E-19
7.724474E+03	6.042609E-17	5.251936E-19
7.724674E+03	6.045125E-17	5.255198E-19
7.724874E+03	6.047781E-17	5.258581E-19
7.725074E+03	6.050438E-17	5.261967E-19
7.725275E+03	6.053797E-17	5.265971E-19
7.725475E+03	6.057155E-17	5.269980E-19
7.725675E+03	6.060235E-17	5.273750E-19
7.725875E+03	6.063038E-17	5.277278E-19
7.726075E+03	6.066680E-17	5.281539E-19
7.726275E+03	6.070605E-17	5.286059E-19
7.726475E+03	6.073973E-17	5.290096E-19
7.726675E+03	6.077063E-17	5.293892E-19
7.726875E+03	6.080854E-17	5.298299E-19
7.727075E+03	6.085069E-17	5.303090E-19
7.727275E+03	6.089288E-17	5.307885E-19
7.727475E+03	6.093648E-17	5.312805E-19
7.727675E+03	6.090996E-17	5.311612E-19
7.727875E+03	6.091852E-17	5.313489E-19
7.728075E+03	6.099164E-17	5.320999E-19
7.728275E+03	6.105220E-17	5.327415E-19
7.728475E+03	6.106921E-17	5.330033E-19
7.728675E+03	6.108342E-17	5.332419E-19
7.728874E+03	6.112010E-17	5.336762E-19
7.729074E+03	6.115967E-17	5.341364E-19
7.729275E+03	6.119366E-17	5.345486E-19
7.729474E+03	6.122337E-17	5.349235E-19
7.729674E+03	6.125032E-17	5.352751E-19
7.729874E+03	6.127022E-17	5.355651E-19
7.730074E+03	6.127884E-17	5.357565E-19
7.730274E+03	6.127477E-17	5.358382E-19
7.730474E+03	6.126083E-17	5.358336E-19
7.730675E+03	6.123565E-17	5.357311E-19
7.730875E+03	6.120197E-17	5.355536E-19
7.731075E+03	6.115425E-17	5.352542E-19
7.731275E+03	6.110234E-17	5.349180E-19
7.731475E+03	6.104766E-17	5.345573E-19
7.731675E+03	6.096635E-17	5.339631E-19
7.731875E+03	6.101709E-17	5.345266E-19
7.732075E+03	6.107489E-17	5.351522E-19
7.732275E+03	6.112290E-17	5.356921E-19
7.732475E+03	6.116249E-17	5.361585E-19
7.732675E+03	6.119507E-17	5.365647E-19
7.732875E+03	6.122344E-17	5.369341E-19
7.733075E+03	6.125887E-17	5.373656E-19
7.733275E+03	6.129292E-17	5.377850E-19
7.733475E+03	6.132981E-17	5.382307E-19
7.733675E+03	6.136390E-17	5.386519E-19
7.733875E+03	6.137539E-17	5.388749E-19
7.734075E+03	6.136993E-17	5.389490E-19
7.734275E+03	6.136164E-17	5.389994E-19
7.734475E+03	6.134629E-17	5.389878E-19
7.734675E+03	6.132248E-17	5.389017E-19
7.734875E+03	6.129020E-17	5.387411E-19
7.735075E+03	6.125231E-17	5.385321E-19
7.735275E+03	6.119893E-17	5.381868E-19
7.735475E+03	6.114138E-17	5.378047E-19
7.735675E+03	6.108107E-17	5.373979E-19
7.735876E+03	6.100681E-17	5.368700E-19
7.736076E+03	6.103792E-17	5.372686E-19
7.736276E+03	6.109015E-17	5.378532E-19
7.736476E+03	6.112975E-17	5.383268E-19
7.736676E+03	6.113559E-17	5.385044E-19
7.736876E+03	6.114846E-17	5.387440E-19
7.737076E+03	6.115571E-17	5.389339E-19
7.737276E+03	6.116014E-17	5.390991E-19
7.737476E+03	6.115894E-17	5.392159E-19
7.737676E+03	6.116056E-17	5.393575E-19
7.737876E+03	6.118189E-17	5.396729E-19
7.738076E+03	6.120324E-17	5.399886E-19
7.738276E+03	6.121896E-17	5.402558E-19
7.738476E+03	6.123327E-17	5.405106E-19
7.738676E+03	6.125323E-17	5.408154E-19
7.738876E+03	6.127460E-17	5.411327E-19
7.739076E+03	6.129174E-17	5.414139E-19
7.739276E+03	6.130890E-17	5.416952E-19
7.739476E+03	6.133171E-17	5.420267E-19
7.739676E+03	6.135453E-17	5.423582E-19
7.739876E+03	6.136606E-17	5.425911E-19
7.740076E+03	6.138182E-17	5.428615E-19
7.740276E+03	6.140466E-17	5.431946E-19
7.740476E+03	6.141619E-17	5.434278E-19
7.740676E+03	6.143055E-17	5.436871E-19
7.740876E+03	6.145483E-17	5.440343E-19
7.741077E+03	6.146925E-17	5.442949E-19
7.741276E+03	6.147368E-17	5.444658E-19
7.741476E+03	6.148240E-17	5.446765E-19
7.741676E+03	6.149395E-17	5.449123E-19
7.741877E+03	6.150271E-17	5.451241E-19
7.742076E+03	6.151281E-17	5.453464E-19
7.742276E+03	6.153145E-17	5.456463E-19
7.742476E+03	6.156427E-17	5.460721E-19
7.742676E+03	6.159427E-17	5.464730E-19
7.742876E+03	6.162429E-17	5.468741E-19
7.743076E+03	6.166001E-17	5.473271E-19
7.743276E+03	6.170000E-17	5.478181E-19
7.743476E+03	6.170876E-17	5.480320E-19
7.743676E+03	6.171751E-17	5.482458E-19
7.743876E+03	6.172911E-17	5.484861E-19
7.744076E+03	6.173930E-17	5.487139E-19
7.744276E+03	6.175233E-17	5.489669E-19
7.744476E+03	6.176394E-17	5.492074E-19
7.744676E+03	6.177838E-17	5.494742E-19
7.744876E+03	6.180139E-17	5.498172E-19
7.745076E+03	6.182581E-17	5.501730E-19
7.745276E+03	6.185453E-17	5.505671E-19
7.745476E+03	6.188325E-17	5.509624E-19
7.745676E+03	6.191056E-17	5.513453E-19
7.745876E+03	6.194645E-17	5.518048E-19
7.746076E+03	6.198235E-17	5.522644E-19
7.746276E+03	6.200114E-17	5.525729E-19
7.746477E+03	6.202141E-17	5.528953E-19
7.746677E+03	6.205879E-17	5.533696E-19
7.746877E+03	6.209618E-17	5.538442E-19
7.747077E+03	6.212215E-17	5.542182E-19
7.747277E+03	6.214385E-17	5.545542E-19
7.747477E+03	6.215839E-17	5.548264E-19
7.747677E+03	6.216436E-17	5.550220E-19
7.747877E+03	6.215886E-17	5.551164E-19
7.748077E+03	6.215051E-17	5.551853E-19
7.748277E+03	6.213644E-17	5.552029E-19
7.748477E+03	6.211235E-17	5.551310E-19
7.748677E+03	6.208685E-17	5.550475E-19
7.748877E+03	6.206564E-17	5.550021E-19
7.749077E+03	6.205016E-17	5.550079E-19
7.749277E+03	6.203182E-17	5.549880E-19
7.749477E+03	6.201206E-17	5.549564E-19
7.749677E+03	6.200087E-17	5.550014E-19
7.749877E+03	6.199253E-17	5.550719E-19
7.750077E+03	6.198563E-17	5.551552E-19
7.750277E+03	6.198872E-17	5.553290E-19
7.750477E+03	6.199323E-17	5.555156E-19
7.750677E+03	6.200631E-17	5.557790E-19
7.750877E+03	6.200797E-17	5.559400E-19
7.751077E+03	6.200533E-17	5.560636E-19
7.751277E+03	6.201270E-17	5.562769E-19
7.751477E+03	6.202008E-17	5.564903E-19
7.751678E+03	6.203034E-17	5.567304E-19
7.751878E+03	6.205200E-17	5.570731E-19
7.752078E+03	6.208510E-17	5.575186E-19
7.752278E+03	6.211535E-17	5.579387E-19
7.752478E+03	6.215564E-17	5.584492E-19
7.752678E+03	6.218020E-17	5.588195E-19
7.752878E+03	6.218185E-17	5.589840E-19
7.753078E+03	6.219067E-17	5.592129E-19
7.753278E+03	6.220522E-17	5.594933E-19
7.753477E+03	6.221256E-17	5.597094E-19
7.753677E+03	6.220991E-17	5.598362E-19
7.753877E+03	6.221157E-17	5.600019E-19
7.754078E+03	6.219751E-17	5.600267E-19
7.754278E+03	6.218341E-17	5.600514E-19
7.754477E+03	6.216784E-17	5.600619E-19
7.754677E+03	6.214802E-17	5.600349E-19
7.754877E+03	6.211962E-17	5.599305E-19
7.755077E+03	6.209838E-17	5.598915E-19
7.755277E+03	6.208717E-17	5.599427E-19
7.755477E+03	6.208452E-17	5.600712E-19
7.755677E+03	6.209188E-17	5.602900E-19
7.755877E+03	6.209924E-17	5.605098E-19
7.756077E+03	6.210231E-17	5.606909E-19
7.756277E+03	6.210110E-17	5.608333E-19
7.756477E+03	6.209558E-17	5.609369E-19
7.756677E+03	6.209723E-17	5.611061E-19
7.756878E+03	6.210606E-17	5.613410E-19
7.757078E+03	6.211628E-17	5.615878E-19
7.757278E+03	6.212650E-17	5.618346E-19
7.757478E+03	6.213528E-17	5.620694E-19
7.757678E+03	6.213978E-17	5.622655E-19
7.757878E+03	6.214427E-17	5.624616E-19
7.758078E+03	6.215306E-17	5.626966E-19
7.758278E+03	6.216757E-17	5.629844E-19
7.758478E+03	6.217636E-17	5.632205E-19
7.758678E+03	6.218371E-17	5.634436E-19
7.758878E+03	6.219537E-17	5.637057E-19
7.759078E+03	6.221991E-17	5.640857E-19
7.759278E+03	6.224876E-17	5.645048E-19
7.759478E+03	6.227763E-17	5.649243E-19
7.759678E+03	6.229933E-17	5.652789E-19
7.759878E+03	6.232248E-17	5.656477E-19
7.760078E+03	6.235425E-17	5.660948E-19
7.760278E+03	6.238603E-17	5.665423E-19
7.760478E+03	6.241208E-17	5.669378E-19
7.760678E+03	6.244532E-17	5.673997E-19
7.760878E+03	6.247859E-17	5.678621E-19
7.761078E+03	6.249460E-17	5.681677E-19
7.761278E+03	6.251349E-17	5.684997E-19
7.761478E+03	6.252805E-17	5.687933E-19
7.761678E+03	6.252536E-17	5.689298E-19
7.761878E+03	6.252553E-17	5.690926E-19
7.762078E+03	6.253722E-17	5.693602E-19
7.762279E+03	6.255328E-17	5.696693E-19
7.762479E+03	6.256785E-17	5.699642E-19
7.762679E+03	6.259252E-17	5.703512E-19
7.762879E+03	6.261287E-17	5.706989E-19
7.763079E+03	6.262457E-17	5.709688E-19
7.763279E+03	6.264636E-17	5.713308E-19
7.763479E+03	6.267106E-17	5.717194E-19
7.763679E+03	6.270586E-17	5.722004E-19
7.763879E+03	6.273201E-17	5.726034E-19
7.764079E+03	6.275529E-17	5.729804E-19
7.764279E+03	6.278434E-17	5.734103E-19
7.764479E+03	6.280330E-17	5.737481E-19
7.764679E+03	6.282080E-17	5.740736E-19
7.764879E+03	6.283831E-17	5.743992E-19
7.765079E+03	6.285438E-17	5.747118E-19
7.765279E+03	6.286900E-17	5.750112E-19
7.765479E+03	6.288072E-17	5.752851E-19
7.765679E+03	6.289535E-17	5.755857E-19
7.765879E+03	6.291431E-17	5.759260E-19
7.766078E+03	6.293614E-17	5.762918E-19
7.766279E+03	6.294791E-17	5.765682E-19
7.766479E+03	6.296109E-17	5.768567E-19
7.766678E+03	6.297133E-17	5.771175E-19
7.766878E+03	6.297871E-17	5.773530E-19
7.767078E+03	6.298754E-17	5.776027E-19
7.767279E+03	6.299641E-17	5.778537E-19
7.767479E+03	6.300233E-17	5.780768E-19
7.767679E+03	6.301987E-17	5.784066E-19
7.767879E+03	6.304901E-17	5.788439E-19
7.768079E+03	6.307381E-17	5.792415E-19
7.768279E+03	6.308409E-17	5.795058E-19
7.768479E+03	6.308711E-17	5.797034E-19
7.768679E+03	6.310030E-17	5.799955E-19
7.768879E+03	6.312220E-17	5.803677E-19
7.769079E+03	6.314265E-17	5.807268E-19
7.769279E+03	6.316021E-17	5.810592E-19
7.769479E+03	6.316612E-17	5.812856E-19
7.769679E+03	6.317785E-17	5.815655E-19
7.769879E+03	6.318522E-17	5.818053E-19
7.770079E+03	6.317659E-17	5.818977E-19
7.770279E+03	6.315631E-17	5.818838E-19
7.770479E+03	6.314040E-17	5.819099E-19
7.770679E+03	6.312449E-17	5.819360E-19
7.770879E+03	6.310133E-17	5.818950E-19
7.771079E+03	6.307235E-17	5.818012E-19
7.771279E+03	6.308986E-17	5.821362E-19
7.771479E+03	6.314370E-17	5.828066E-19
7.771679E+03	6.317141E-17	5.832360E-19
7.771879E+03	6.317875E-17	5.834783E-19
7.772079E+03	6.318608E-17	5.837207E-19
7.772279E+03	6.319488E-17	5.839765E-19
7.772479E+03	6.320804E-17	5.842728E-19
7.772680E+03	6.323143E-17	5.846655E-19
7.772880E+03	6.325478E-17	5.850570E-19
7.773080E+03	6.326795E-17	5.853544E-19
7.773280E+03	6.327965E-17	5.856385E-19
7.773480E+03	6.329282E-17	5.859369E-19
7.773680E+03	6.330014E-17	5.861813E-19
7.773880E+03	6.331768E-17	5.865204E-19
7.774080E+03	6.334105E-17	5.869136E-19
7.774280E+03	6.336004E-17	5.872672E-19
7.774480E+03	6.336737E-17	5.875128E-19
7.774680E+03	6.337031E-17	5.877178E-19
7.774880E+03	6.337764E-17	5.879634E-19
7.775080E+03	6.337765E-17	5.881421E-19
7.775280E+03	6.337914E-17	5.883343E-19
7.775480E+03	6.338353E-17	5.885537E-19
7.775680E+03	6.338354E-17	5.887323E-19
7.775880E+03	6.338501E-17	5.889253E-19
7.776080E+03	6.338794E-17	5.891319E-19
7.776280E+03	6.339232E-17	5.893521E-19
7.776480E+03	6.340400E-17	5.896401E-19
7.776680E+03	6.341567E-17	5.899290E-19
7.776880E+03	6.342881E-17	5.902315E-19
7.777080E+03	6.343172E-17	5.904389E-19
7.777280E+03	6.342879E-17	5.905920E-19
7.777480E+03	6.342731E-17	5.907594E-19
7.777680E+03	6.343167E-17	5.909811E-19
7.777880E+03	6.343895E-17	5.912302E-19
7.778081E+03	6.343605E-17	5.913853E-19
7.778281E+03	6.345209E-17	5.917168E-19
7.778481E+03	6.347397E-17	5.921030E-19
7.778681E+03	6.349733E-17	5.925030E-19
7.778881E+03	6.350460E-17	5.927531E-19
7.779081E+03	6.351918E-17	5.930722E-19
7.779280E+03	6.353956E-17	5.934447E-19
7.779480E+03	6.354829E-17	5.937094E-19
7.779681E+03	6.356145E-17	5.940165E-19
7.779881E+03	6.358042E-17	5.943778E-19
7.780080E+03	6.357885E-17	5.945462E-19
7.780280E+03	6.358464E-17	5.947844E-19
7.780480E+03	6.359923E-17	5.951049E-19
7.780680E+03	6.360354E-17	5.953302E-19
7.780880E+03	6.362543E-17	5.957201E-19
7.781080E+03	6.364587E-17	5.960965E-19
7.781280E+03	6.364286E-17	5.962533E-19
7.781480E+03	6.366036E-17	5.966031E-19
7.781680E+03	6.368958E-17	5.970629E-19
7.781880E+03	6.370709E-17	5.974130E-19
7.782080E+03	6.372020E-17	5.977220E-19
7.782280E+03	6.374064E-17	5.981006E-19
7.782480E+03	6.375667E-17	5.984381E-19
7.782680E+03	6.376831E-17	5.987342E-19
7.782880E+03	6.378582E-17	5.990857E-19
7.783080E+03	6.380920E-17	5.994932E-19
7.783281E+03	6.381500E-17	5.997364E-19
7.783481E+03	6.379870E-17	5.997712E-19
7.783681E+03	6.378096E-17	5.997922E-19
7.783881E+03	6.379110E-17	6.000761E-19
7.784081E+03	6.380858E-17	6.004293E-19
7.784281E+03	6.382607E-17	6.007826E-19
7.784481E+03	6.383328E-17	6.010391E-19
7.784681E+03	6.384929E-17	6.013795E-19
7.784881E+03	6.387119E-17	6.017753E-19
7.785081E+03	6.389752E-17	6.022130E-19
7.785281E+03	6.392532E-17	6.026648E-19
7.785481E+03	6.394723E-17	6.030620E-19
7.785681E+03	6.396031E-17	6.033760E-19
7.785881E+03	6.397192E-17	6.036762E-19
7.786081E+03	6.396879E-17	6.038374E-19
7.786281E+03	6.397007E-17	6.040410E-19
7.786481E+03	6.398461E-17	6.043697E-19
7.786681E+03	6.400357E-17	6.047404E-19
7.786881E+03	6.401959E-17	6.050833E-19
7.787081E+03	6.403265E-17	6.053991E-19
7.787281E+03	6.405014E-17	6.057569E-19
7.787481E+03	6.407795E-17	6.062125E-19
7.787681E+03	6.409250E-17	6.065427E-19
7.787881E+03	6.409817E-17	6.067897E-19
7.788081E+03	6.411418E-17	6.071346E-19
7.788281E+03	6.413315E-17	6.075077E-19
7.788482E+03	6.413740E-17	6.077424E-19
7.788682E+03	6.413123E-17	6.078782E-19
7.788882E+03	6.416201E-17	6.083641E-19
7.789082E+03	6.418393E-17	6.087664E-19
7.789282E+03	6.418811E-17	6.090004E-19
7.789482E+03	6.419672E-17	6.092772E-19
7.789682E+03	6.419793E-17	6.094838E-19
7.789882E+03	6.421393E-17	6.098309E-19
7.790082E+03	6.422697E-17	6.101500E-19
7.790282E+03	6.423703E-17	6.104415E-19
7.790482E+03	6.425894E-17	6.108458E-19
7.790682E+03	6.427345E-17	6.111798E-19
7.790882E+03	6.427760E-17	6.114154E-19
7.791082E+03	6.428470E-17	6.116798E-19
7.791282E+03	6.428588E-17	6.118879E-19
7.791481E+03	6.428701E-17	6.120946E-19
7.791681E+03	6.428374E-17	6.122603E-19
7.791882E+03	6.427014E-17	6.123293E-19
7.792082E+03	6.427574E-17	6.125802E-19
7.792282E+03	6.428281E-17	6.128451E-19
7.792481E+03	6.428836E-17	6.130947E-19
7.792681E+03	6.431170E-17	6.135157E-19
7.792881E+03	6.433062E-17	6.138945E-19
7.793081E+03	6.433916E-17	6.141745E-19
7.793281E+03	6.433881E-17	6.143697E-19
7.793481E+03	6.433845E-17	6.145655E-19
7.793682E+03	6.433516E-17	6.147342E-19
7.793882E+03	6.433183E-17	6.149016E-19
7.794082E+03	6.434481E-17	6.152248E-19
7.794282E+03	6.436516E-17	6.156194E-19
7.794482E+03	6.437663E-17	6.159291E-19
7.794682E+03	6.439997E-17	6.163525E-19
7.794882E+03	6.441738E-17	6.167192E-19
7.795082E+03	6.442290E-17	6.169730E-19
7.795282E+03	6.442397E-17	6.171842E-19
7.795482E+03	6.443692E-17	6.175091E-19
7.795682E+03	6.443947E-17	6.177344E-19
7.795882E+03	6.444498E-17	6.179889E-19
7.796082E+03	6.446384E-17	6.183715E-19
7.796282E+03	6.446341E-17	6.185690E-19
7.796482E+03	6.446743E-17	6.188093E-19
7.796682E+03	6.446698E-17	6.190073E-19
7.796882E+03	6.445614E-17	6.191056E-19
7.797082E+03	6.446608E-17	6.194035E-19
7.797282E+03	6.448790E-17	6.198156E-19
7.797482E+03	6.450524E-17	6.201855E-19
7.797682E+03	6.451962E-17	6.205270E-19
7.797882E+03	6.453400E-17	6.208686E-19
7.798082E+03	6.454839E-17	6.212103E-19
7.798282E+03	6.456573E-17	6.215813E-19
7.798482E+03	6.458457E-17	6.219667E-19
7.798682E+03	6.458853E-17	6.222090E-19
7.798882E+03	6.458951E-17	6.224227E-19
7.799083E+03	6.459349E-17	6.226669E-19
7.799283E+03	6.460487E-17	6.229814E-19
7.799483E+03	6.462816E-17	6.234109E-19
7.799683E+03	6.463954E-17	6.237257E-19
7.799883E+03	6.464198E-17	6.239549E-19
7.800083E+03	6.464144E-17	6.241553E-19
7.800283E+03	6.464238E-17	6.243701E-19
7.800483E+03	6.465076E-17	6.246568E-19
7.800683E+03	6.464275E-17	6.247857E-19
7.800883E+03	6.463474E-17	6.249146E-19
7.801083E+03	6.464161E-17	6.251873E-19
7.801283E+03	6.466189E-17	6.255898E-19
7.801483E+03	6.467023E-17	6.258776E-19
7.801683E+03	6.466219E-17	6.260069E-19
7.801883E+03	6.467053E-17	6.262947E-19
7.802083E+03	6.468632E-17	6.266547E-19
7.802283E+03	6.469911E-17	6.269864E-19
7.802483E+03	6.471637E-17	6.273616E-19
7.802683E+03	6.472469E-17	6.276502E-19
7.802883E+03	6.472706E-17	6.278810E-19
7.803083E+03	6.473238E-17	6.281412E-19
7.803283E+03	6.474218E-17	6.284449E-19
7.803483E+03	6.475346E-17	6.287631E-19
7.803683E+03	6.477220E-17	6.291537E-19
7.803883E+03	6.479093E-17	6.295451E-19
7.804083E+03	6.480966E-17	6.299365E-19
7.804283E+03	6.483287E-17	6.303717E-19
7.804484E+03	6.484419E-17	6.306924E-19
7.804684E+03	6.485844E-17	6.310412E-19
7.804883E+03	6.488458E-17	6.315049E-19
7.805083E+03	6.490780E-17	6.319413E-19
7.805283E+03	6.491159E-17	6.321887E-19
7.805483E+03	6.490789E-17	6.323637E-19
7.805683E+03	6.490867E-17	6.325823E-19
7.805883E+03	6.490645E-17	6.327718E-19
7.806083E+03	6.491320E-17	6.330487E-19
7.806283E+03	6.492891E-17	6.334137E-19
7.806483E+03	6.494610E-17	6.337932E-19
7.806683E+03	6.496480E-17	6.341876E-19
7.806883E+03	6.498501E-17	6.345968E-19
7.807083E+03	6.499322E-17	6.348895E-19
7.807283E+03	6.500891E-17	6.352554E-19
7.807483E+03	6.502761E-17	6.356509E-19
7.807683E+03	6.504780E-17	6.360610E-19
7.807883E+03	6.506048E-17	6.363985E-19
7.808083E+03	6.507168E-17	6.367214E-19
7.808283E+03	6.507987E-17	6.370151E-19
7.808483E+03	6.509256E-17	6.373528E-19
7.808683E+03	6.510073E-17	6.376470E-19
7.808883E+03	6.511790E-17	6.380294E-19
7.809083E+03	6.513657E-17	6.384267E-19
7.809283E+03	6.514474E-17	6.387211E-19
7.809484E+03	6.515144E-17	6.390028E-19
7.809684E+03	6.516259E-17	6.393272E-19
7.809884E+03	6.517375E-17	6.396517E-19
7.810084E+03	6.517290E-17	6.398584E-19
7.810284E+03	6.517202E-17	6.400654E-19
7.810484E+03	6.518615E-17	6.404198E-19
7.810684E+03	6.520179E-17	6.407891E-19
7.810884E+03	6.522494E-17	6.412325E-19
7.811084E+03	6.524206E-17	6.416173E-19
7.811284E+03	6.525618E-17	6.419727E-19
7.811484E+03	6.527331E-17	6.423577E-19
7.811684E+03	6.529195E-17	6.427577E-19
7.811884E+03	6.530605E-17	6.431139E-19
7.812084E+03	6.531264E-17	6.433960E-19
7.812284E+03	6.530870E-17	6.435745E-19
7.812484E+03	6.529574E-17	6.436640E-19
7.812684E+03	6.528275E-17	6.437538E-19
7.812884E+03	6.527578E-17	6.439028E-19
7.813084E+03	6.527332E-17	6.440963E-19
7.813284E+03	6.525734E-17	6.441563E-19
7.813484E+03	6.525635E-17	6.443648E-19
7.813684E+03	6.527039E-17	6.447217E-19
7.813884E+03	6.528745E-17	6.451086E-19
7.814084E+03	6.530300E-17	6.454807E-19
7.814284E+03	6.533658E-17	6.460317E-19
7.814484E+03	6.536566E-17	6.465385E-19
7.814684E+03	6.539325E-17	6.470307E-19
7.814885E+03	6.541637E-17	6.474799E-19
7.815085E+03	6.543642E-17	6.478984E-19
7.815285E+03	6.545195E-17	6.482723E-19
7.815485E+03	6.546598E-17	6.486313E-19
7.815685E+03	6.547549E-17	6.489457E-19
7.815885E+03	6.548196E-17	6.492306E-19
7.816085E+03	6.548390E-17	6.494706E-19
7.816285E+03	6.550244E-17	6.498753E-19
7.816485E+03	6.553154E-17	6.503849E-19
7.816685E+03	6.555006E-17	6.507903E-19
7.816885E+03	6.557160E-17	6.512258E-19
7.817084E+03	6.560218E-17	6.517500E-19
7.817284E+03	6.560863E-17	6.520359E-19
7.817484E+03	6.560901E-17	6.522620E-19
7.817685E+03	6.560188E-17	6.524145E-19
7.817885E+03	6.558716E-17	6.524903E-19
7.818084E+03	6.559354E-17	6.527749E-19
7.818284E+03	6.560145E-17	6.530764E-19
7.818484E+03	6.559878E-17	6.532727E-19
7.818684E+03	6.559611E-17	6.534690E-19
7.818884E+03	6.560099E-17	6.537404E-19
7.819084E+03	6.560887E-17	6.540423E-19
7.819284E+03	6.561524E-17	6.543292E-19
7.819484E+03	6.562312E-17	6.546312E-19
7.819684E+03	6.563402E-17	6.549635E-19
7.819884E+03	6.564490E-17	6.552962E-19
7.820085E+03	6.566186E-17	6.556908E-19
7.820285E+03	6.568333E-17	6.561293E-19
7.820485E+03	6.568665E-17	6.563867E-19
7.820685E+03	6.570507E-17	6.567956E-19
7.820885E+03	6.572350E-17	6.572047E-19
7.821085E+03	6.574345E-17	6.576291E-19
7.821285E+03	6.577097E-17	6.581294E-19
7.821485E+03	6.579241E-17	6.585696E-19
7.821685E+03	6.579417E-17	6.588129E-19
7.821885E+03	6.579441E-17	6.590410E-19
7.822085E+03	6.579616E-17	6.592842E-19
7.822285E+03	6.580698E-17	6.596189E-19
7.822485E+03	6.582841E-17	6.600600E-19
7.822685E+03	6.583772E-17	6.603796E-19
7.822885E+03	6.583489E-17	6.605776E-19
7.823085E+03	6.584265E-17	6.608824E-19
7.823285E+03	6.586862E-17	6.613700E-19
7.823485E+03	6.587639E-17	6.616750E-19
7.823685E+03	6.587354E-17	6.618733E-19
7.823885E+03	6.588886E-17	6.622548E-19
7.824085E+03	6.590115E-17	6.626060E-19
7.824285E+03	6.591496E-17	6.629725E-19
7.824485E+03	6.591208E-17	6.631712E-19
7.824685E+03	6.593346E-17	6.636145E-19
7.824885E+03	6.596092E-17	6.641192E-19
7.825085E+03	6.597319E-17	6.644711E-19
7.825286E+03	6.600375E-17	6.650085E-19
7.825486E+03	6.602968E-17	6.654989E-19
7.825686E+03	6.603282E-17	6.657596E-19
7.825886E+03	6.602988E-17	6.659590E-19
7.826086E+03	6.603301E-17	6.662196E-19
7.826286E+03	6.604829E-17	6.666035E-19
7.826486E+03	6.606356E-17	6.669873E-19
7.826686E+03	6.606666E-17	6.672484E-19
7.826886E+03	6.607891E-17	6.676018E-19
7.827086E+03	6.609416E-17	6.679862E-19
7.827286E+03	6.609420E-17	6.682169E-19
7.827486E+03	6.609119E-17	6.684168E-19
7.827686E+03	6.608666E-17	6.686012E-19
7.827886E+03	6.608058E-17	6.687706E-19
7.828086E+03	6.608364E-17	6.690322E-19
7.828286E+03	6.608973E-17	6.693247E-19
7.828486E+03	6.610495E-17	6.697097E-19
7.828686E+03	6.612320E-17	6.701260E-19
7.828886E+03	6.613231E-17	6.704498E-19
7.829086E+03	6.613991E-17	6.707582E-19
7.829286E+03	6.615208E-17	6.711132E-19
7.829485E+03	6.616569E-17	6.714822E-19
7.829685E+03	6.617936E-17	6.718530E-19
7.829886E+03	6.617478E-17	6.720397E-19
7.830086E+03	6.616863E-17	6.722093E-19
7.830285E+03	6.617765E-17	6.725323E-19
7.830485E+03	6.619434E-17	6.729346E-19
7.830686E+03	6.621259E-17	6.733540E-19
7.830886E+03	6.622166E-17	6.736789E-19
7.831086E+03	6.623985E-17	6.740972E-19
7.831286E+03	6.625347E-17	6.744691E-19
7.831486E+03	6.626099E-17	6.747790E-19
7.831686E+03	6.626545E-17	6.750578E-19
7.831886E+03	6.626989E-17	6.753369E-19
7.832086E+03	6.628043E-17	6.756782E-19
7.832286E+03	6.628793E-17	6.759885E-19
7.832486E+03	6.629237E-17	6.762677E-19
7.832686E+03	6.629372E-17	6.765160E-19
7.832886E+03	6.630730E-17	6.768889E-19
7.833086E+03	6.632240E-17	6.772777E-19
7.833286E+03	6.633751E-17	6.776664E-19
7.833486E+03	6.635106E-17	6.780399E-19
7.833686E+03	6.636920E-17	6.784604E-19
7.833886E+03	6.638887E-17	6.788967E-19
7.834086E+03	6.639631E-17	6.792081E-19
7.834286E+03	6.640832E-17	6.795666E-19
7.834486E+03	6.641574E-17	6.798783E-19
7.834686E+03	6.641398E-17	6.800960E-19
7.834886E+03	6.641987E-17	6.803921E-19
7.835086E+03	6.643185E-17	6.807511E-19
7.835286E+03	6.644077E-17	6.810788E-19
7.835486E+03	6.644052E-17	6.813125E-19
7.835686E+03	6.644791E-17	6.816246E-19
7.835887E+03	6.646450E-17	6.820328E-19
7.836087E+03	6.647033E-17	6.823295E-19
7.836287E+03	6.647464E-17	6.826106E-19
7.836487E+03	6.647895E-17	6.828917E-19
7.836687E+03	6.647863E-17	6.831258E-19
7.836887E+03	6.649362E-17	6.835173E-19
7.837087E+03	6.650862E-17	6.839089E-19
7.837287E+03	6.650983E-17	6.841588E-19
7.837487E+03	6.650950E-17	6.843932E-19
7.837687E+03	6.651375E-17	6.846748E-19
7.837887E+03	6.653484E-17	6.851299E-19
7.838087E+03	6.655902E-17	6.856169E-19
7.838287E+03	6.657397E-17	6.860095E-19
7.838487E+03	6.659199E-17	6.864338E-19
7.838687E+03	6.660849E-17	6.868425E-19
7.838887E+03	6.661578E-17	6.871564E-19
7.839087E+03	6.662305E-17	6.874705E-19
7.839287E+03	6.663952E-17	6.878797E-19
7.839487E+03	6.665293E-17	6.882573E-19
7.839687E+03	6.666788E-17	6.886510E-19
7.839887E+03	6.669201E-17	6.891401E-19
7.840087E+03	6.671154E-17	6.895818E-19
7.840287E+03	6.672033E-17	6.899125E-19
7.840487E+03	6.672450E-17	6.901956E-19
7.840687E+03	6.672865E-17	6.904789E-19
7.840887E+03	6.673433E-17	6.907781E-19
7.841088E+03	6.674159E-17	6.910948E-19
7.841288E+03	6.675035E-17	6.914260E-19
7.841488E+03	6.677446E-17	6.919167E-19
7.841688E+03	6.679857E-17	6.924075E-19
7.841888E+03	6.680731E-17	6.927392E-19
7.842087E+03	6.681293E-17	6.930374E-19
7.842288E+03	6.683399E-17	6.934986E-19
7.842488E+03	6.685809E-17	6.939903E-19
7.842688E+03	6.687143E-17	6.943705E-19
7.842887E+03	6.688782E-17	6.947812E-19
7.843087E+03	6.689343E-17	6.950816E-19
7.843288E+03	6.689445E-17	6.953357E-19
7.843487E+03	6.690311E-17	6.956667E-19
7.843687E+03	6.691334E-17	6.960153E-19
7.843887E+03	6.691430E-17	6.962680E-19
7.844087E+03	6.691988E-17	6.965688E-19
7.844287E+03	6.693626E-17	6.969819E-19
7.844487E+03	6.696188E-17	6.974916E-19
7.844687E+03	6.698132E-17	6.979374E-19
7.844887E+03	6.698996E-17	6.982708E-19
7.845087E+03	6.700632E-17	6.986846E-19
7.845287E+03	6.702731E-17	6.991470E-19
7.845487E+03	6.704828E-17	6.996097E-19
7.845687E+03	6.707853E-17	7.001694E-19
7.845887E+03	6.709643E-17	7.006003E-19
7.846087E+03	6.709116E-17	7.007893E-19
7.846287E+03	6.709049E-17	7.010268E-19
7.846488E+03	6.709140E-17	7.012820E-19
7.846688E+03	6.709382E-17	7.015519E-19
7.846888E+03	6.711169E-17	7.019833E-19
7.847088E+03	6.712645E-17	7.023826E-19
7.847288E+03	6.713503E-17	7.027174E-19
7.847488E+03	6.714514E-17	7.030683E-19
7.847688E+03	6.716609E-17	7.035328E-19
7.847888E+03	6.718239E-17	7.039490E-19
7.848088E+03	6.720796E-17	7.044626E-19
7.848288E+03	6.722735E-17	7.049117E-19
7.848488E+03	6.723281E-17	7.052146E-19
7.848688E+03	6.723361E-17	7.054691E-19
7.848888E+03	6.724988E-17	7.058860E-19
7.849088E+03	6.727080E-17	7.063519E-19
7.849288E+03	6.728864E-17	7.067855E-19
7.849488E+03	6.729870E-17	7.071379E-19
7.849688E+03	6.730876E-17	7.074904E-19
7.849888E+03	6.731882E-17	7.078429E-19
7.850088E+03	6.733044E-17	7.082119E-19
7.850288E+03	6.734357E-17	7.085973E-19
7.850488E+03	6.735361E-17	7.089502E-19
7.850688E+03	6.736675E-17	7.093359E-19
7.850888E+03	6.737990E-17	7.097217E-19
7.851088E+03	6.739302E-17	7.101077E-19
7.851288E+03	6.740459E-17	7.104775E-19
7.851488E+03	6.741771E-17	7.108637E-19
7.851689E+03	6.742621E-17	7.112024E-19
7.851889E+03	6.744707E-17	7.116709E-19
7.852089E+03	6.747727E-17	7.122379E-19
7.852289E+03	6.748416E-17	7.125591E-19
7.852489E+03	6.748018E-17	7.127655E-19
7.852689E+03	6.749171E-17	7.131362E-19
7.852889E+03	6.751256E-17	7.136054E-19
7.853089E+03	6.751787E-17	7.139106E-19
7.853289E+03	6.751541E-17	7.141335E-19
7.853489E+03	6.751292E-17	7.143564E-19
7.853689E+03	6.750110E-17	7.144806E-19
7.853889E+03	6.749707E-17	7.146871E-19
7.854089E+03	6.748836E-17	7.148441E-19
7.854289E+03	6.747963E-17	7.150011E-19
7.854489E+03	6.748332E-17	7.152897E-19
7.854689E+03	6.748858E-17	7.155950E-19
7.854889E+03	6.749383E-17	7.159002E-19
7.855088E+03	6.749436E-17	7.161545E-19
7.855288E+03	6.750114E-17	7.164763E-19
7.855489E+03	6.751262E-17	7.168493E-19
7.855689E+03	6.752251E-17	7.172043E-19
7.855889E+03	6.753081E-17	7.175428E-19
7.856088E+03	6.753598E-17	7.178469E-19
7.856288E+03	6.754585E-17	7.182021E-19
7.856488E+03	6.753860E-17	7.183755E-19
7.856688E+03	6.752978E-17	7.185322E-19
7.856889E+03	6.753187E-17	7.188065E-19
7.857089E+03	6.753704E-17	7.191121E-19
7.857289E+03	6.754376E-17	7.194344E-19
7.857489E+03	6.755669E-17	7.198232E-19
7.857689E+03	6.755716E-17	7.200793E-19
7.857889E+03	6.755609E-17	7.203189E-19
7.858089E+03	6.756589E-17	7.206746E-19
7.858289E+03	6.757256E-17	7.209972E-19
7.858489E+03	6.758079E-17	7.213365E-19
7.858689E+03	6.759680E-17	7.217589E-19
7.858889E+03	6.761282E-17	7.221815E-19
7.859089E+03	6.762103E-17	7.225211E-19
7.859289E+03	6.761521E-17	7.227109E-19
7.859489E+03	6.762964E-17	7.231171E-19
7.859689E+03	6.763629E-17	7.234402E-19
7.859889E+03	6.764915E-17	7.238301E-19
7.860089E+03	6.766979E-17	7.243034E-19
7.860289E+03	6.766863E-17	7.245434E-19
7.860489E+03	6.766746E-17	7.247833E-19
7.860689E+03	6.767561E-17	7.251233E-19
7.860889E+03	6.769467E-17	7.255804E-19
7.861089E+03	6.771686E-17	7.260712E-19
7.861289E+03	6.772658E-17	7.264283E-19
7.861489E+03	6.772847E-17	7.267018E-19
7.861689E+03	6.773037E-17	7.269754E-19
7.861889E+03	6.773538E-17	7.272824E-19
7.862089E+03	6.774507E-17	7.276398E-19
7.862290E+03	6.776258E-17	7.280828E-19
7.862490E+03	6.778316E-17	7.285577E-19
7.862690E+03	6.779752E-17	7.289658E-19
7.862890E+03	6.780407E-17	7.292901E-19
7.863090E+03	6.781215E-17	7.296311E-19
7.863290E+03	6.782492E-17	7.300227E-19
7.863490E+03	6.783925E-17	7.304312E-19
7.863690E+03	6.784735E-17	7.307726E-19
7.863890E+03	6.784134E-17	7.309624E-19
7.864090E+03	6.784941E-17	7.313039E-19
7.864290E+03	6.787153E-17	7.317970E-19
7.864490E+03	6.788428E-17	7.321892E-19
7.864690E+03	6.789075E-17	7.325140E-19
7.864890E+03	6.790035E-17	7.328726E-19
7.865090E+03	6.790213E-17	7.331468E-19
7.865290E+03	6.790861E-17	7.334718E-19
7.865490E+03	6.792914E-17	7.339489E-19
7.865690E+03	6.794810E-17	7.344093E-19
7.865890E+03	6.795768E-17	7.347683E-19
7.866090E+03	6.796257E-17	7.350767E-19
7.866290E+03	6.796430E-17	7.353512E-19
7.866490E+03	6.795976E-17	7.355579E-19
7.866690E+03	6.797870E-17	7.360188E-19
7.866890E+03	6.800548E-17	7.365647E-19
7.867090E+03	6.800249E-17	7.367885E-19
7.867290E+03	6.799479E-17	7.369614E-19
7.867490E+03	6.800589E-17	7.373378E-19
7.867690E+03	6.802638E-17	7.378163E-19
7.867891E+03	6.804532E-17	7.382797E-19
7.868091E+03	6.805327E-17	7.386226E-19
7.868291E+03	6.805650E-17	7.389144E-19
7.868490E+03	6.805344E-17	7.391366E-19
7.868690E+03	6.805822E-17	7.394454E-19
7.868890E+03	6.806614E-17	7.397884E-19
7.869090E+03	6.807876E-17	7.401826E-19
7.869290E+03	6.809138E-17	7.405768E-19
7.869490E+03	6.810083E-17	7.409370E-19
7.869690E+03	6.810402E-17	7.412291E-19
7.869890E+03	6.810250E-17	7.414699E-19
7.870090E+03	6.811823E-17	7.418986E-19
7.870290E+03	6.813551E-17	7.423446E-19
7.870490E+03	6.814024E-17	7.426538E-19
7.870690E+03	6.814026E-17	7.429118E-19
7.870890E+03	6.814813E-17	7.432554E-19
7.871090E+03	6.815596E-17	7.435988E-19
7.871290E+03	6.814654E-17	7.437541E-19
7.871490E+03	6.813241E-17	7.438579E-19
7.871690E+03	6.811829E-17	7.439616E-19
7.871890E+03	6.812139E-17	7.442537E-19
7.872090E+03	6.813390E-17	7.446485E-19
7.872290E+03	6.814956E-17	7.450779E-19
7.872490E+03	6.815267E-17	7.453702E-19
7.872691E+03	6.815106E-17	7.456124E-19
7.872891E+03	6.816198E-17	7.459904E-19
7.873091E+03	6.818546E-17	7.465061E-19
7.873291E+03	6.819168E-17	7.468328E-19
7.873491E+03	6.818688E-17	7.470391E-19
7.873691E+03	6.820249E-17	7.474691E-19
7.873891E+03	6.822124E-17	7.479336E-19
7.874091E+03	6.821487E-17	7.481227E-19
7.874291E+03	6.819904E-17	7.482083E-19
7.874491E+03	6.820049E-17	7.484834E-19
7.874691E+03	6.820823E-17	7.488275E-19
7.874891E+03	6.820654E-17	7.490681E-19
7.875091E+03	6.821738E-17	7.494466E-19
7.875291E+03	6.822980E-17	7.498425E-19
7.875491E+03	6.822651E-17	7.500658E-19
7.875691E+03	6.821693E-17	7.502200E-19
7.875891E+03	6.821361E-17	7.504431E-19
7.876091E+03	6.822600E-17	7.508391E-19
7.876291E+03	6.823997E-17	7.512526E-19
7.876491E+03	6.823822E-17	7.514930E-19
7.876691E+03	6.823645E-17	7.517335E-19
7.876891E+03	6.824881E-17	7.521297E-19
7.877091E+03	6.826746E-17	7.525953E-19
7.877291E+03	6.828770E-17	7.530786E-19
7.877491E+03	6.831577E-17	7.536486E-19
7.877691E+03	6.834071E-17	7.541843E-19
7.877891E+03	6.836723E-17	7.547376E-19
7.878092E+03	6.839222E-17	7.552755E-19
7.878292E+03	6.841086E-17	7.557424E-19
7.878492E+03	6.842635E-17	7.561746E-19
7.878692E+03	6.842766E-17	7.564502E-19
7.878892E+03	6.842582E-17	7.566910E-19
7.879092E+03	6.845075E-17	7.572280E-19
7.879292E+03	6.847726E-17	7.577827E-19
7.879492E+03	6.846593E-17	7.579188E-19
7.879692E+03	6.846249E-17	7.581421E-19
7.879892E+03	6.849844E-17	7.588020E-19
7.880092E+03	6.851389E-17	7.592350E-19
7.880292E+03	6.851042E-17	7.594584E-19
7.880492E+03	6.853376E-17	7.599790E-19
7.880691E+03	6.856496E-17	7.605858E-19
7.880891E+03	6.858829E-17	7.611070E-19
7.881092E+03	6.860693E-17	7.615775E-19
7.881292E+03	6.862712E-17	7.620641E-19
7.881491E+03	6.864252E-17	7.624965E-19
7.881691E+03	6.865637E-17	7.629131E-19
7.881891E+03	6.866864E-17	7.633122E-19
7.882091E+03	6.867934E-17	7.636939E-19
7.882291E+03	6.869949E-17	7.641812E-19
7.882491E+03	6.873073E-17	7.647919E-19
7.882691E+03	6.875249E-17	7.652973E-19
7.882891E+03	6.877109E-17	7.657676E-19
7.883091E+03	6.879441E-17	7.662910E-19
7.883292E+03	6.882252E-17	7.668692E-19
7.883492E+03	6.884586E-17	7.673931E-19
7.883692E+03	6.886287E-17	7.678467E-19
7.883892E+03	6.888461E-17	7.683532E-19
7.884092E+03	6.891111E-17	7.689131E-19
7.884292E+03	6.893764E-17	7.694734E-19
7.884492E+03	6.895781E-17	7.699631E-19
7.884692E+03	6.897161E-17	7.703818E-19
7.884892E+03	6.898224E-17	7.707652E-19
7.885092E+03	6.900081E-17	7.712375E-19
7.885292E+03	6.901621E-17	7.716746E-19
7.885492E+03	6.903158E-17	7.721115E-19
7.885692E+03	6.904696E-17	7.725486E-19
7.885892E+03	6.905599E-17	7.729148E-19
7.886092E+03	6.907613E-17	7.734055E-19
7.886292E+03	6.910264E-17	7.739678E-19
7.886492E+03	6.912914E-17	7.745303E-19
7.886692E+03	6.914929E-17	7.750217E-19
7.886892E+03	6.916148E-17	7.754241E-19
7.887092E+03	6.916568E-17	7.757371E-19
7.887292E+03	6.917944E-17	7.761574E-19
7.887492E+03	6.919320E-17	7.765778E-19
7.887692E+03	6.919741E-17	7.768910E-19
7.887892E+03	6.920955E-17	7.772936E-19
7.888092E+03	6.922488E-17	7.777321E-19
7.888292E+03	6.923224E-17	7.780812E-19
7.888493E+03	6.924124E-17	7.784500E-19
7.888693E+03	6.924539E-17	7.787632E-19
7.888893E+03	6.924953E-17	7.790763E-19
7.889093E+03	6.926007E-17	7.794615E-19
7.889293E+03	6.928336E-17	7.799903E-19
7.889493E+03	6.930343E-17	7.804832E-19
7.889693E+03	6.931873E-17	7.809225E-19
7.889893E+03	6.934042E-17	7.814339E-19
7.890093E+03	6.935732E-17	7.818915E-19
7.890293E+03	6.935823E-17	7.821690E-19
7.890493E+03	6.936872E-17	7.825546E-19
7.890693E+03	6.937921E-17	7.829404E-19
7.890893E+03	6.938810E-17	7.833081E-19
7.891093E+03	6.940337E-17	7.837480E-19
7.891293E+03	6.942822E-17	7.842964E-19
7.891493E+03	6.943550E-17	7.846462E-19
7.891693E+03	6.943638E-17	7.849239E-19
7.891893E+03	6.944842E-17	7.853279E-19
7.892093E+03	6.946527E-17	7.857864E-19
7.892293E+03	6.947572E-17	7.861726E-19
7.892493E+03	6.949096E-17	7.866132E-19
7.892693E+03	6.949659E-17	7.869451E-19
7.892892E+03	6.948779E-17	7.871124E-19
7.893092E+03	6.948061E-17	7.872992E-19
7.893292E+03	6.948303E-17	7.875948E-19
7.893493E+03	6.949026E-17	7.879465E-19
7.893693E+03	6.950546E-17	7.883872E-19
7.893894E+03	6.951589E-17	7.887753E-19
7.894093E+03	6.951825E-17	7.890692E-19
7.894293E+03	6.951743E-17	7.893284E-19
7.894493E+03	6.951820E-17	7.896057E-19
7.894693E+03	6.952377E-17	7.899376E-19
7.894893E+03	6.952133E-17	7.901785E-19
7.895093E+03	6.952528E-17	7.904920E-19
7.895293E+03	6.954683E-17	7.910059E-19
7.895493E+03	6.953636E-17	7.911557E-19
7.895693E+03	6.953710E-17	7.914328E-19
7.895893E+03	6.952981E-17	7.916188E-19
7.896093E+03	6.954974E-17	7.921145E-19
7.896293E+03	6.956646E-17	7.925740E-19
7.896493E+03	6.957519E-17	7.929425E-19
7.896693E+03	6.957908E-17	7.932560E-19
7.896893E+03	6.958458E-17	7.935878E-19
7.897093E+03	6.959807E-17	7.940110E-19
7.897293E+03	6.960678E-17	7.943796E-19
7.897493E+03	6.962026E-17	7.948029E-19
7.897693E+03	6.963534E-17	7.952446E-19
7.897893E+03	6.964723E-17	7.956499E-19
7.898093E+03	6.965591E-17	7.960186E-19
7.898293E+03	6.965974E-17	7.963322E-19
7.898493E+03	6.967481E-17	7.967742E-19
7.898693E+03	6.969952E-17	7.973266E-19
7.898893E+03	6.972101E-17	7.978425E-19
7.899094E+03	6.974572E-17	7.983967E-19
7.899294E+03	6.975597E-17	7.987842E-19
7.899494E+03	6.976300E-17	7.991349E-19
7.899694E+03	6.978449E-17	7.996514E-19
7.899894E+03	6.981721E-17	8.002968E-19
7.900094E+03	6.984351E-17	8.008689E-19
7.900294E+03	6.985213E-17	8.012385E-19
7.900494E+03	6.985431E-17	8.015341E-19
7.900694E+03	6.987256E-17	8.020144E-19
7.900894E+03	6.988276E-17	8.024024E-19
7.901094E+03	6.989458E-17	8.028090E-19
7.901294E+03	6.990318E-17	8.031787E-19
7.901494E+03	6.990692E-17	8.034927E-19
7.901694E+03	6.992193E-17	8.039364E-19
7.901894E+03	6.992728E-17	8.042691E-19
7.902094E+03	6.993102E-17	8.045833E-19
7.902294E+03	6.994923E-17	8.050641E-19
7.902494E+03	6.996100E-17	8.054709E-19
7.902694E+03	6.997599E-17	8.059150E-19
7.902894E+03	6.999582E-17	8.064149E-19
7.903094E+03	7.002209E-17	8.069892E-19
7.903294E+03	7.004191E-17	8.074893E-19
7.903494E+03	7.004882E-17	8.078409E-19
7.903694E+03	7.005897E-17	8.082297E-19
7.903894E+03	7.005941E-17	8.085068E-19
7.904094E+03	7.005017E-17	8.086720E-19
7.904295E+03	7.005870E-17	8.090438E-19
7.904495E+03	7.008173E-17	8.095817E-19
7.904695E+03	7.009666E-17	8.100264E-19
7.904895E+03	7.010515E-17	8.103966E-19
7.905095E+03	7.010233E-17	8.106363E-19
7.905295E+03	7.009629E-17	8.108385E-19
7.905494E+03	7.008858E-17	8.110202E-19
7.905694E+03	7.008735E-17	8.112781E-19
7.905895E+03	7.009421E-17	8.116312E-19
7.906095E+03	7.010105E-17	8.119827E-19
7.906294E+03	7.010461E-17	8.122949E-19
7.906494E+03	7.010497E-17	8.125713E-19
7.906694E+03	7.011017E-17	8.129040E-19
7.906894E+03	7.011698E-17	8.132554E-19
7.907094E+03	7.012700E-17	8.136441E-19
7.907294E+03	7.013864E-17	8.140516E-19
7.907494E+03	7.015350E-17	8.144967E-19
7.907694E+03	7.016837E-17	8.149420E-19
7.907894E+03	7.018644E-17	8.154247E-19
7.908094E+03	7.019968E-17	8.158513E-19
7.908294E+03	7.021453E-17	8.162968E-19
7.908494E+03	7.023262E-17	8.167801E-19
7.908694E+03	7.023936E-17	8.171315E-19
7.908894E+03	7.023964E-17	8.174078E-19
7.909094E+03	7.023992E-17	8.176841E-19
7.909294E+03	7.024018E-17	8.179603E-19
7.909494E+03	7.022911E-17	8.181045E-19
7.909695E+03	7.023909E-17	8.184953E-19
7.909895E+03	7.026845E-17	8.191106E-19
7.910095E+03	7.028812E-17	8.196132E-19
7.910295E+03	7.030614E-17	8.200968E-19
7.910495E+03	7.031122E-17	8.204295E-19
7.910695E+03	7.030497E-17	8.206300E-19
7.910895E+03	7.030357E-17	8.208870E-19
7.911095E+03	7.030538E-17	8.211817E-19
7.911295E+03	7.031205E-17	8.215331E-19
7.911495E+03	7.033005E-17	8.220170E-19
7.911695E+03	7.034158E-17	8.224254E-19
7.911895E+03	7.035308E-17	8.228337E-19
7.912095E+03	7.036945E-17	8.232989E-19
7.912295E+03	7.037610E-17	8.236505E-19
7.912495E+03	7.038436E-17	8.240210E-19
7.912695E+03	7.040719E-17	8.245623E-19
7.912895E+03	7.041544E-17	8.249329E-19
7.913095E+03	7.041882E-17	8.252466E-19
7.913295E+03	7.043031E-17	8.256553E-19
7.913495E+03	7.044015E-17	8.260448E-19
7.913695E+03	7.045161E-17	8.264534E-19
7.913895E+03	7.046632E-17	8.269002E-19
7.914095E+03	7.047293E-17	8.272521E-19
7.914295E+03	7.047788E-17	8.275845E-19
7.914495E+03	7.048445E-17	8.279361E-19
7.914695E+03	7.049752E-17	8.283640E-19
7.914896E+03	7.049925E-17	8.286601E-19
7.915096E+03	7.049931E-17	8.289352E-19
7.915296E+03	7.051397E-17	8.293822E-19
7.915496E+03	7.053027E-17	8.298484E-19
7.915696E+03	7.055144E-17	8.303723E-19
7.915896E+03	7.056933E-17	8.308576E-19
7.916096E+03	7.057099E-17	8.311519E-19
7.916296E+03	7.058402E-17	8.315802E-19
7.916496E+03	7.061006E-17	8.321619E-19
7.916696E+03	7.063120E-17	8.326861E-19
7.916896E+03	7.065885E-17	8.332872E-19
7.917096E+03	7.067675E-17	8.337735E-19
7.917296E+03	7.068651E-17	8.341640E-19
7.917496E+03	7.069463E-17	8.345351E-19
7.917696E+03	7.070925E-17	8.349831E-19
7.917896E+03	7.073366E-17	8.355467E-19
7.918096E+03	7.075806E-17	8.361106E-19
7.918296E+03	7.076452E-17	8.364626E-19
7.918495E+03	7.076770E-17	8.367744E-19
7.918695E+03	7.077092E-17	8.370880E-19
7.918895E+03	7.077901E-17	8.374594E-19
7.919096E+03	7.077244E-17	8.376587E-19
7.919296E+03	7.076909E-17	8.378948E-19
7.919495E+03	7.077876E-17	8.382836E-19
7.919695E+03	7.078032E-17	8.385777E-19
7.919895E+03	7.077043E-17	8.387362E-19
7.920096E+03	7.076056E-17	8.388963E-19
7.920296E+03	7.075068E-17	8.390547E-19
7.920496E+03	7.075709E-17	8.394064E-19
7.920696E+03	7.077162E-17	8.398544E-19
7.920896E+03	7.078126E-17	8.402446E-19
7.921096E+03	7.078438E-17	8.405574E-19
7.921296E+03	7.079566E-17	8.409671E-19
7.921496E+03	7.080527E-17	8.413572E-19
7.921696E+03	7.081327E-17	8.417280E-19
7.921896E+03	7.082941E-17	8.421958E-19
7.922096E+03	7.085045E-17	8.427221E-19
7.922296E+03	7.086005E-17	8.431122E-19
7.922496E+03	7.086802E-17	8.434832E-19
7.922696E+03	7.088252E-17	8.439319E-19
7.922896E+03	7.090028E-17	8.444196E-19
7.923096E+03	7.090986E-17	8.448099E-19
7.923296E+03	7.092761E-17	8.452977E-19
7.923496E+03	7.094862E-17	8.458246E-19
7.923696E+03	7.095984E-17	8.462348E-19
7.923896E+03	7.095960E-17	8.465083E-19
7.924096E+03	7.095608E-17	8.467428E-19
7.924296E+03	7.095583E-17	8.470163E-19
7.924496E+03	7.095396E-17	8.472704E-19
7.924696E+03	7.094551E-17	8.474459E-19
7.924896E+03	7.093871E-17	8.476410E-19
7.925096E+03	7.093517E-17	8.478751E-19
7.925297E+03	7.095126E-17	8.483451E-19
7.925497E+03	7.096893E-17	8.488330E-19
7.925697E+03	7.098497E-17	8.493014E-19
7.925897E+03	7.098958E-17	8.496330E-19
7.926097E+03	7.099256E-17	8.499452E-19
7.926297E+03	7.099059E-17	8.501983E-19
7.926497E+03	7.098863E-17	8.504513E-19
7.926697E+03	7.098667E-17	8.507044E-19
7.926897E+03	7.097980E-17	8.508987E-19
7.927097E+03	7.097618E-17	8.511318E-19
7.927297E+03	7.097910E-17	8.514432E-19
7.927497E+03	7.098528E-17	8.517939E-19
7.927697E+03	7.099310E-17	8.521642E-19
7.927897E+03	7.100253E-17	8.525541E-19
7.928097E+03	7.102014E-17	8.530421E-19
7.928297E+03	7.103120E-17	8.534517E-19
7.928497E+03	7.103900E-17	8.538221E-19
7.928697E+03	7.103859E-17	8.540939E-19
7.928897E+03	7.104309E-17	8.544247E-19
7.929097E+03	7.105413E-17	8.548344E-19
7.929297E+03	7.105536E-17	8.551259E-19
7.929497E+03	7.107128E-17	8.555943E-19
7.929697E+03	7.109377E-17	8.561419E-19
7.929897E+03	7.109825E-17	8.564728E-19
7.930097E+03	7.110109E-17	8.567839E-19
7.930297E+03	7.111536E-17	8.572329E-19
7.930497E+03	7.110671E-17	8.574055E-19
7.930698E+03	7.108990E-17	8.574811E-19
7.930898E+03	7.110253E-17	8.579103E-19
7.931097E+03	7.113478E-17	8.585750E-19
7.931297E+03	7.114411E-17	8.589648E-19
7.931498E+03	7.114529E-17	8.592574E-19
7.931698E+03	7.115626E-17	8.596671E-19
7.931898E+03	7.117541E-17	8.601755E-19
7.932097E+03	7.117815E-17	8.604844E-19
7.932297E+03	7.117927E-17	8.607751E-19
7.932497E+03	7.117712E-17	8.610262E-19
7.932697E+03	7.116838E-17	8.611976E-19
7.932897E+03	7.117275E-17	8.615276E-19
7.933097E+03	7.118696E-17	8.619768E-19
7.933297E+03	7.119953E-17	8.624062E-19
7.933497E+03	7.120060E-17	8.626963E-19
7.933697E+03	7.120659E-17	8.630461E-19
7.933897E+03	7.121913E-17	8.634754E-19
7.934097E+03	7.123660E-17	8.639644E-19
7.934297E+03	7.125077E-17	8.644136E-19
7.934497E+03	7.126822E-17	8.649027E-19
7.934697E+03	7.128403E-17	8.653721E-19
7.934897E+03	7.129165E-17	8.657420E-19
7.935097E+03	7.129923E-17	8.661115E-19
7.935297E+03	7.131174E-17	8.665410E-19
7.935497E+03	7.132918E-17	8.670306E-19
7.935697E+03	7.134170E-17	8.674604E-19
7.935898E+03	7.134599E-17	8.677916E-19
7.936098E+03	7.135848E-17	8.682212E-19
7.936298E+03	7.136769E-17	8.686110E-19
7.936498E+03	7.136868E-17	8.689007E-19
7.936698E+03	7.137622E-17	8.692702E-19
7.936898E+03	7.140349E-17	8.698800E-19
7.937098E+03	7.141761E-17	8.703299E-19
7.937298E+03	7.141528E-17	8.705793E-19
7.937498E+03	7.141950E-17	8.709087E-19
7.937698E+03	7.141880E-17	8.711779E-19
7.937898E+03	7.140494E-17	8.712866E-19
7.938098E+03	7.140752E-17	8.715959E-19
7.938298E+03	7.143310E-17	8.721859E-19
7.938498E+03	7.145375E-17	8.727159E-19
7.938698E+03	7.145796E-17	8.730452E-19
7.938898E+03	7.147203E-17	8.734951E-19
7.939098E+03	7.148444E-17	8.739247E-19
7.939298E+03	7.148862E-17	8.742537E-19
7.939498E+03	7.148786E-17	8.745224E-19
7.939698E+03	7.149203E-17	8.748515E-19
7.939898E+03	7.148795E-17	8.750795E-19
7.940098E+03	7.147565E-17	8.752067E-19
7.940298E+03	7.146827E-17	8.753942E-19
7.940498E+03	7.146256E-17	8.756020E-19
7.940698E+03	7.145352E-17	8.757690E-19
7.940898E+03	7.145270E-17	8.760367E-19
7.941099E+03	7.145685E-17	8.763666E-19
7.941299E+03	7.145767E-17	8.766545E-19
7.941499E+03	7.146012E-17	8.769623E-19
7.941699E+03	7.146422E-17	8.772902E-19
7.941899E+03	7.146339E-17	8.775577E-19
7.942099E+03	7.146090E-17	8.778048E-19
7.942299E+03	7.145674E-17	8.780313E-19
7.942499E+03	7.146081E-17	8.783590E-19
7.942699E+03	7.146488E-17	8.786866E-19
7.942899E+03	7.146566E-17	8.789737E-19
7.943099E+03	7.146970E-17	8.793011E-19
7.943299E+03	7.147374E-17	8.796284E-19
7.943499E+03	7.148109E-17	8.799964E-19
7.943699E+03	7.147854E-17	8.802427E-19
7.943899E+03	7.146940E-17	8.804076E-19
7.944099E+03	7.146847E-17	8.806737E-19
7.944298E+03	7.147412E-17	8.810194E-19
7.944498E+03	7.147649E-17	8.813261E-19
7.944699E+03	7.147885E-17	8.816341E-19
7.944898E+03	7.148612E-17	8.819999E-19
7.945098E+03	7.148682E-17	8.822860E-19
7.945298E+03	7.148258E-17	8.825112E-19
7.945498E+03	7.148326E-17	8.827970E-19
7.945698E+03	7.148887E-17	8.831437E-19
7.945898E+03	7.149119E-17	8.834498E-19
7.946098E+03	7.148527E-17	8.836541E-19
7.946298E+03	7.148263E-17	8.838988E-19
7.946499E+03	7.149811E-17	8.843689E-19
7.946699E+03	7.151358E-17	8.848377E-19
7.946899E+03	7.152740E-17	8.852862E-19
7.947099E+03	7.154120E-17	8.857345E-19
7.947299E+03	7.154512E-17	8.860605E-19
7.947499E+03	7.154903E-17	8.863865E-19
7.947699E+03	7.154636E-17	8.866308E-19
7.947899E+03	7.155354E-17	8.869972E-19
7.948099E+03	7.156896E-17	8.874659E-19
7.948299E+03	7.157121E-17	8.877712E-19
7.948499E+03	7.156686E-17	8.879947E-19
7.948699E+03	7.156249E-17	8.882179E-19
7.948899E+03	7.156140E-17	8.884818E-19
7.949099E+03	7.155868E-17	8.887254E-19
7.949299E+03	7.155266E-17	8.889279E-19
7.949499E+03	7.153179E-17	8.889458E-19
7.949699E+03	7.153563E-17	8.892707E-19
7.949899E+03	7.155758E-17	8.898209E-19
7.950099E+03	7.155977E-17	8.901254E-19
7.950299E+03	7.155864E-17	8.903885E-19
7.950499E+03	7.155916E-17	8.906721E-19
7.950699E+03	7.155638E-17	8.909147E-19
7.950899E+03	7.154701E-17	8.910752E-19
7.951099E+03	7.154585E-17	8.913378E-19
7.951299E+03	7.153316E-17	8.914567E-19
7.951499E+03	7.151718E-17	8.915345E-19
7.951700E+03	7.152263E-17	8.918808E-19
7.951900E+03	7.155110E-17	8.925127E-19
7.952100E+03	7.157628E-17	8.931039E-19
7.952300E+03	7.159323E-17	8.935924E-19
7.952500E+03	7.160688E-17	8.940400E-19
7.952700E+03	7.163040E-17	8.946108E-19
7.952900E+03	7.166384E-17	8.953057E-19
7.953100E+03	7.169398E-17	8.959597E-19
7.953300E+03	7.171919E-17	8.965523E-19
7.953500E+03	7.174272E-17	8.971239E-19
7.953700E+03	7.175635E-17	8.975719E-19
7.953900E+03	7.175842E-17	8.978753E-19
7.954100E+03	7.176709E-17	8.982614E-19
7.954300E+03	7.178732E-17	8.987921E-19
7.954500E+03	7.180258E-17	8.992608E-19
7.954700E+03	7.182281E-17	8.997918E-19
7.954900E+03	7.185463E-17	9.004683E-19
7.955100E+03	7.186988E-17	9.009372E-19
7.955300E+03	7.187024E-17	9.012195E-19
7.955500E+03	7.188218E-17	9.016470E-19
7.955700E+03	7.189413E-17	9.020748E-19
7.955900E+03	7.189778E-17	9.023983E-19
7.956100E+03	7.189150E-17	9.025972E-19
7.956300E+03	7.188355E-17	9.027752E-19
7.956499E+03	7.187394E-17	9.029307E-19
7.956699E+03	7.187921E-17	9.032745E-19
7.956900E+03	7.188451E-17	9.036201E-19
7.957100E+03	7.187985E-17	9.038391E-19
7.957301E+03	7.188349E-17	9.041638E-19
7.957500E+03	7.189534E-17	9.045890E-19
7.957700E+03	7.189397E-17	9.048492E-19
7.957900E+03	7.189094E-17	9.050886E-19
7.958100E+03	7.190612E-17	9.055574E-19
7.958300E+03	7.192460E-17	9.060676E-19
7.958500E+03	7.194805E-17	9.066406E-19
7.958700E+03	7.197647E-17	9.072764E-19
7.958900E+03	7.198004E-17	9.075992E-19
7.959100E+03	7.197530E-17	9.078170E-19
7.959300E+03	7.198050E-17	9.081602E-19
7.959500E+03	7.199234E-17	9.085872E-19
7.959700E+03	7.199754E-17	9.089305E-19
7.959900E+03	7.199609E-17	9.091897E-19
7.960100E+03	7.200458E-17	9.095746E-19
7.960300E+03	7.200645E-17	9.098758E-19
7.960500E+03	7.200500E-17	9.101350E-19
7.960700E+03	7.199523E-17	9.102890E-19
7.960900E+03	7.198712E-17	9.104637E-19
7.961100E+03	7.198398E-17	9.107015E-19
7.961300E+03	7.197588E-17	9.108762E-19
7.961500E+03	7.197603E-17	9.111554E-19
7.961700E+03	7.197950E-17	9.114765E-19
7.961900E+03	7.197965E-17	9.117557E-19
7.962100E+03	7.198312E-17	9.120769E-19
7.962301E+03	7.198824E-17	9.124202E-19
7.962501E+03	7.199500E-17	9.127831E-19
7.962701E+03	7.200010E-17	9.131249E-19
7.962901E+03	7.199857E-17	9.133826E-19
7.963101E+03	7.199702E-17	9.136400E-19
7.963301E+03	7.200375E-17	9.140025E-19
7.963501E+03	7.200717E-17	9.143229E-19
7.963701E+03	7.201224E-17	9.146644E-19
7.963901E+03	7.201729E-17	9.150056E-19
7.964101E+03	7.202566E-17	9.153889E-19
7.964301E+03	7.203569E-17	9.157934E-19
7.964501E+03	7.205401E-17	9.163034E-19
7.964701E+03	7.206236E-17	9.166866E-19
7.964901E+03	7.205743E-17	9.169009E-19
7.965101E+03	7.206412E-17	9.172630E-19
7.965301E+03	7.207911E-17	9.177309E-19
7.965501E+03	7.209241E-17	9.181771E-19
7.965701E+03	7.210073E-17	9.185602E-19
7.965901E+03	7.211072E-17	9.189645E-19
7.966101E+03	7.211573E-17	9.193054E-19
7.966301E+03	7.211905E-17	9.196246E-19
7.966501E+03	7.213067E-17	9.200498E-19
7.966701E+03	7.212901E-17	9.203056E-19
7.966901E+03	7.211905E-17	9.204554E-19
7.967101E+03	7.212898E-17	9.208590E-19
7.967301E+03	7.214391E-17	9.213264E-19
7.967502E+03	7.214888E-17	9.216682E-19
7.967702E+03	7.215051E-17	9.219660E-19
7.967902E+03	7.215545E-17	9.223058E-19
7.968102E+03	7.216702E-17	9.227306E-19
7.968302E+03	7.217029E-17	9.230492E-19
7.968502E+03	7.216028E-17	9.231979E-19
7.968702E+03	7.217516E-17	9.236650E-19
7.968902E+03	7.219668E-17	9.242173E-19
7.969101E+03	7.220158E-17	9.245554E-19
7.969301E+03	7.220815E-17	9.249163E-19
7.969502E+03	7.221138E-17	9.252358E-19
7.969702E+03	7.221461E-17	9.255538E-19
7.969901E+03	7.221615E-17	9.258489E-19
7.970101E+03	7.221438E-17	9.261030E-19
7.970301E+03	7.221260E-17	9.263566E-19
7.970501E+03	7.221746E-17	9.266955E-19
7.970701E+03	7.221400E-17	9.269277E-19
7.970901E+03	7.221055E-17	9.271599E-19
7.971101E+03	7.221871E-17	9.275410E-19
7.971301E+03	7.222520E-17	9.279008E-19
7.971501E+03	7.222338E-17	9.281539E-19
7.971701E+03	7.222489E-17	9.284497E-19
7.971901E+03	7.222638E-17	9.287451E-19
7.972101E+03	7.223783E-17	9.291687E-19
7.972301E+03	7.224265E-17	9.295070E-19
7.972501E+03	7.224081E-17	9.297596E-19
7.972702E+03	7.223562E-17	9.299704E-19
7.972902E+03	7.223542E-17	9.302440E-19
7.973102E+03	7.224021E-17	9.305818E-19
7.973302E+03	7.224333E-17	9.308982E-19
7.973502E+03	7.223977E-17	9.311283E-19
7.973702E+03	7.223454E-17	9.313369E-19
7.973902E+03	7.222600E-17	9.315027E-19
7.974102E+03	7.223075E-17	9.318400E-19
7.974302E+03	7.225213E-17	9.323916E-19
7.974502E+03	7.226850E-17	9.328788E-19
7.974702E+03	7.227823E-17	9.332804E-19
7.974902E+03	7.228631E-17	9.336606E-19
7.975102E+03	7.231099E-17	9.342554E-19
7.975302E+03	7.232903E-17	9.347644E-19
7.975502E+03	7.232708E-17	9.350153E-19
7.975702E+03	7.232014E-17	9.352015E-19
7.975902E+03	7.233815E-17	9.357102E-19
7.976102E+03	7.235783E-17	9.362408E-19
7.976302E+03	7.235252E-17	9.364480E-19
7.976502E+03	7.234722E-17	9.366552E-19
7.976702E+03	7.234189E-17	9.368619E-19
7.976902E+03	7.234489E-17	9.371765E-19
7.977102E+03	7.236454E-17	9.377069E-19
7.977302E+03	7.237255E-17	9.380864E-19
7.977502E+03	7.237219E-17	9.383574E-19
7.977702E+03	7.237850E-17	9.387149E-19
7.977902E+03	7.237147E-17	9.388994E-19
7.978103E+03	7.236113E-17	9.390422E-19
7.978303E+03	7.236908E-17	9.394208E-19
7.978503E+03	7.235537E-17	9.395182E-19
7.978703E+03	7.233999E-17	9.395938E-19
7.978903E+03	7.233295E-17	9.397777E-19
7.979103E+03	7.233420E-17	9.400691E-19
7.979303E+03	7.232879E-17	9.402739E-19
7.979503E+03	7.232006E-17	9.404356E-19
7.979703E+03	7.232631E-17	9.407919E-19
7.979903E+03	7.233088E-17	9.411263E-19
7.980103E+03	7.232212E-17	9.412871E-19
7.980303E+03	7.231669E-17	9.414914E-19
7.980503E+03	7.233457E-17	9.419992E-19
7.980703E+03	7.235576E-17	9.425500E-19
7.980903E+03	7.235364E-17	9.427972E-19
7.981103E+03	7.234652E-17	9.429792E-19
7.981303E+03	7.233440E-17	9.430960E-19
7.981503E+03	7.233392E-17	9.433643E-19
7.981703E+03	7.233843E-17	9.436977E-19
7.981903E+03	7.233629E-17	9.439444E-19
7.982102E+03	7.232246E-17	9.440370E-19
7.982302E+03	7.230530E-17	9.440874E-19
7.982502E+03	7.229980E-17	9.442898E-19
7.982703E+03	7.230096E-17	9.445807E-19
7.982902E+03	7.230044E-17	9.448467E-19
7.983102E+03	7.230491E-17	9.451792E-19
7.983303E+03	7.231105E-17	9.455349E-19
7.983503E+03	7.231883E-17	9.459109E-19
7.983703E+03	7.232830E-17	9.463089E-19
7.983903E+03	7.232107E-17	9.464882E-19
7.984103E+03	7.231219E-17	9.466460E-19
7.984303E+03	7.230830E-17	9.468690E-19
7.984503E+03	7.230441E-17	9.470919E-19
7.984703E+03	7.230050E-17	9.473143E-19
7.984903E+03	7.229825E-17	9.475586E-19
7.985103E+03	7.230765E-17	9.479555E-19
7.985303E+03	7.230873E-17	9.482434E-19
7.985503E+03	7.231146E-17	9.485526E-19
7.985703E+03	7.231418E-17	9.488619E-19
7.985903E+03	7.230524E-17	9.490182E-19
7.986103E+03	7.228965E-17	9.490869E-19
7.986303E+03	7.227238E-17	9.491333E-19
7.986503E+03	7.226842E-17	9.493545E-19
7.986703E+03	7.226612E-17	9.495975E-19
7.986903E+03	7.226714E-17	9.498841E-19
7.987103E+03	7.226649E-17	9.501485E-19
7.987303E+03	7.225418E-17	9.502596E-19
7.987503E+03	7.223357E-17	9.502613E-19
7.987703E+03	7.221961E-17	9.503504E-19
7.987903E+03	7.220396E-17	9.504169E-19
7.988103E+03	7.219330E-17	9.505491E-19
7.988303E+03	7.219428E-17	9.508345E-19
7.988504E+03	7.219527E-17	9.511215E-19
7.988704E+03	7.218957E-17	9.513187E-19
7.988904E+03	7.220549E-17	9.518008E-19
7.989104E+03	7.220977E-17	9.521295E-19
7.989304E+03	7.221572E-17	9.524802E-19
7.989504E+03	7.222663E-17	9.528963E-19
7.989704E+03	7.220927E-17	9.529395E-19
7.989904E+03	7.220188E-17	9.531141E-19
7.990104E+03	7.219949E-17	9.533546E-19
7.990304E+03	7.221037E-17	9.537702E-19
7.990504E+03	7.222791E-17	9.542738E-19
7.990704E+03	7.223713E-17	9.546677E-19
7.990904E+03	7.222806E-17	9.548198E-19
7.991104E+03	7.221231E-17	9.548833E-19
7.991304E+03	7.220987E-17	9.551227E-19
7.991504E+03	7.221241E-17	9.554281E-19
7.991704E+03	7.220664E-17	9.556235E-19
7.991904E+03	7.220750E-17	9.559063E-19
7.992104E+03	7.221168E-17	9.562332E-19
7.992304E+03	7.220090E-17	9.563619E-19
7.992504E+03	7.218680E-17	9.564464E-19
7.992704E+03	7.218264E-17	9.566625E-19
7.992904E+03	7.219179E-17	9.570550E-19
7.993104E+03	7.219594E-17	9.573813E-19
7.993304E+03	7.219844E-17	9.576856E-19
7.993504E+03	7.219259E-17	9.578791E-19
7.993704E+03	7.219008E-17	9.581167E-19
7.993905E+03	7.219588E-17	9.584661E-19
7.994105E+03	7.219004E-17	9.586595E-19
7.994305E+03	7.218917E-17	9.589187E-19
7.994505E+03	7.218829E-17	9.591778E-19
7.994704E+03	7.218074E-17	9.593469E-19
7.994904E+03	7.217322E-17	9.595176E-19
7.995105E+03	7.217399E-17	9.597996E-19
7.995305E+03	7.217143E-17	9.600361E-19
7.995505E+03	7.215722E-17	9.601176E-19
7.995704E+03	7.216296E-17	9.604630E-19
7.995904E+03	7.216702E-17	9.607872E-19
7.996104E+03	7.215446E-17	9.608903E-19
7.996304E+03	7.214356E-17	9.610152E-19
7.996504E+03	7.213765E-17	9.612067E-19
7.996704E+03	7.212507E-17	9.613089E-19
7.996904E+03	7.210253E-17	9.612783E-19
7.997104E+03	7.209827E-17	9.614912E-19
7.997304E+03	7.210562E-17	9.618590E-19
7.997504E+03	7.210630E-17	9.621376E-19
7.997704E+03	7.211196E-17	9.624828E-19
7.997904E+03	7.211763E-17	9.628280E-19
7.998104E+03	7.210669E-17	9.629515E-19
7.998304E+03	7.208577E-17	9.629414E-19
7.998504E+03	7.207979E-17	9.631308E-19
7.998704E+03	7.209373E-17	9.635863E-19
7.998904E+03	7.208941E-17	9.637979E-19
7.999105E+03	7.207845E-17	9.639216E-19
7.999305E+03	7.206580E-17	9.640215E-19
7.999505E+03	7.204486E-17	9.640103E-19
7.999705E+03	7.203224E-17	9.641101E-19
7.999905E+03	7.202787E-17	9.643203E-19
8.000105E+03	7.202682E-17	9.645748E-19
8.000305E+03	7.203573E-17	9.649627E-19
8.000505E+03	7.203633E-17	9.652394E-19
8.000705E+03	7.202366E-17	9.653379E-19
8.000905E+03	7.201927E-17	9.655474E-19
8.001105E+03	7.201820E-17	9.658013E-19
8.001305E+03	7.201049E-17	9.659663E-19
8.001505E+03	7.201106E-17	9.662419E-19
8.001705E+03	7.201162E-17	9.665174E-19
8.001905E+03	7.200886E-17	9.667485E-19
8.002105E+03	7.199451E-17	9.668238E-19
8.002305E+03	7.198841E-17	9.670097E-19
8.002505E+03	7.200221E-17	9.674629E-19
8.002705E+03	7.201270E-17	9.678715E-19
8.002905E+03	7.201822E-17	9.682135E-19
8.003105E+03	7.201541E-17	9.684434E-19
8.003305E+03	7.201261E-17	9.686733E-19
8.003505E+03	7.200982E-17	9.689033E-19
8.003705E+03	7.201199E-17	9.692001E-19
8.003905E+03	7.199921E-17	9.692954E-19
8.004105E+03	7.198976E-17	9.694354E-19
8.004306E+03	7.198032E-17	9.695768E-19
8.004506E+03	7.196257E-17	9.696050E-19
8.004706E+03	7.195641E-17	9.697888E-19
8.004906E+03	7.196682E-17	9.701961E-19
8.005106E+03	7.196729E-17	9.704693E-19
8.005306E+03	7.195947E-17	9.706307E-19
8.005506E+03	7.195660E-17	9.708587E-19
8.005706E+03	7.196035E-17	9.711760E-19
8.005906E+03	7.195583E-17	9.713816E-19
8.006106E+03	7.193970E-17	9.714304E-19
8.006306E+03	7.193515E-17	9.716353E-19
8.006506E+03	7.193391E-17	9.718849E-19
8.006706E+03	7.192936E-17	9.720897E-19
8.006906E+03	7.191819E-17	9.722049E-19
8.007105E+03	7.191029E-17	9.723628E-19
8.007306E+03	7.190738E-17	9.725908E-19
8.007506E+03	7.189122E-17	9.726381E-19
8.007706E+03	7.188500E-17	9.728198E-19
8.007905E+03	7.187377E-17	9.729321E-19
8.008105E+03	7.186421E-17	9.730683E-19
8.008306E+03	7.185467E-17	9.732059E-19
8.008505E+03	7.183848E-17	9.732508E-19
8.008705E+03	7.181567E-17	9.732069E-19
8.008905E+03	7.180114E-17	9.732751E-19
8.009105E+03	7.179322E-17	9.734328E-19
8.009305E+03	7.179853E-17	9.737698E-19
8.009506E+03	7.181870E-17	9.743096E-19
8.009706E+03	7.184383E-17	9.749155E-19
8.009906E+03	7.184912E-17	9.752523E-19
8.010106E+03	7.184779E-17	9.754992E-19
8.010306E+03	7.187125E-17	9.760826E-19
8.010506E+03	7.188810E-17	9.765763E-19
8.010706E+03	7.189171E-17	9.768903E-19
8.010906E+03	7.188539E-17	9.770693E-19
8.011106E+03	7.188070E-17	9.772701E-19
8.011306E+03	7.185946E-17	9.772459E-19
8.011506E+03	7.184651E-17	9.773342E-19
8.011706E+03	7.183189E-17	9.773998E-19
8.011906E+03	7.181395E-17	9.774197E-19
8.012106E+03	7.180428E-17	9.775522E-19
8.012306E+03	7.179462E-17	9.776847E-19
8.012506E+03	7.177999E-17	9.777495E-19
8.012706E+03	7.175708E-17	9.777011E-19
8.012906E+03	7.173749E-17	9.776977E-19
8.013106E+03	7.172286E-17	9.777617E-19
8.013306E+03	7.170987E-17	9.778481E-19
8.013506E+03	7.169852E-17	9.779566E-19
8.013706E+03	7.169047E-17	9.781099E-19
8.013906E+03	7.168572E-17	9.783082E-19
8.014106E+03	7.167932E-17	9.784839E-19
8.014306E+03	7.166796E-17	9.785916E-19
8.014506E+03	7.166153E-17	9.787666E-19
8.014706E+03	7.166171E-17	9.790318E-19
8.014907E+03	7.165695E-17	9.792308E-19
8.015107E+03	7.164721E-17	9.793602E-19
8.015307E+03	7.163912E-17	9.795120E-19
8.015507E+03	7.162608E-17	9.795961E-19
8.015707E+03	7.162624E-17	9.798606E-19
8.015907E+03	7.163957E-17	9.803052E-19
8.016107E+03	7.164795E-17	9.806820E-19
8.016307E+03	7.164973E-17	9.809686E-19
8.016507E+03	7.165812E-17	9.813456E-19
8.016707E+03	7.166813E-17	9.817448E-19
8.016907E+03	7.167319E-17	9.820761E-19
8.017107E+03	7.167660E-17	9.823848E-19
8.017307E+03	7.168332E-17	9.827389E-19
8.017507E+03	7.169001E-17	9.830925E-19
8.017707E+03	7.167854E-17	9.831969E-19
8.017907E+03	7.168358E-17	9.835278E-19
8.018107E+03	7.169357E-17	9.839267E-19
8.018307E+03	7.168869E-17	9.841212E-19
8.018507E+03	7.168710E-17	9.843609E-19
8.018707E+03	7.169706E-17	9.847593E-19
8.018907E+03	7.169548E-17	9.849992E-19
8.019107E+03	7.168727E-17	9.851476E-19
8.019307E+03	7.168896E-17	9.854321E-19
8.019507E+03	7.167910E-17	9.855578E-19
8.019707E+03	7.167254E-17	9.857287E-19
8.019907E+03	7.168246E-17	9.861261E-19
8.020108E+03	7.168248E-17	9.863887E-19
8.020307E+03	7.165774E-17	9.863078E-19
8.020507E+03	7.164951E-17	9.864553E-19
8.020708E+03	7.166931E-17	9.869899E-19
8.020908E+03	7.167096E-17	9.872732E-19
8.021107E+03	7.165939E-17	9.873731E-19
8.021307E+03	7.164619E-17	9.874518E-19
8.021507E+03	7.164616E-17	9.877117E-19
8.021707E+03	7.163954E-17	9.878806E-19
8.021907E+03	7.163621E-17	9.880950E-19
8.022107E+03	7.163948E-17	9.884003E-19
8.022307E+03	7.162788E-17	9.885002E-19
8.022507E+03	7.162123E-17	9.886684E-19
8.022707E+03	7.160963E-17	9.887681E-19
8.022907E+03	7.160299E-17	9.889363E-19
8.023107E+03	7.160127E-17	9.891720E-19
8.023307E+03	7.159459E-17	9.893393E-19
8.023507E+03	7.158463E-17	9.894611E-19
8.023707E+03	7.157631E-17	9.896057E-19
8.023907E+03	7.156139E-17	9.896584E-19
8.024107E+03	7.153987E-17	9.896199E-19
8.024307E+03	7.152989E-17	9.897409E-19
8.024507E+03	7.153144E-17	9.900213E-19
8.024707E+03	7.153462E-17	9.903240E-19
8.024907E+03	7.153120E-17	9.905355E-19
8.025107E+03	7.151955E-17	9.906329E-19
8.025308E+03	7.150792E-17	9.907316E-19
8.025508E+03	7.148802E-17	9.907142E-19
8.025708E+03	7.146812E-17	9.906967E-19
8.025908E+03	7.145975E-17	9.908389E-19
8.026108E+03	7.146783E-17	9.912092E-19
8.026308E+03	7.148084E-17	9.916475E-19
8.026508E+03	7.148397E-17	9.919489E-19
8.026708E+03	7.147885E-17	9.921360E-19
8.026908E+03	7.148528E-17	9.924831E-19
8.027108E+03	7.149662E-17	9.928983E-19
8.027308E+03	7.150300E-17	9.932448E-19
8.027508E+03	7.149953E-17	9.934543E-19
8.027708E+03	7.149111E-17	9.935950E-19
8.027908E+03	7.148925E-17	9.938266E-19
8.028108E+03	7.147258E-17	9.938522E-19
8.028308E+03	7.146085E-17	9.939465E-19
8.028508E+03	7.146557E-17	9.942695E-19
8.028708E+03	7.147357E-17	9.946378E-19
8.028908E+03	7.147169E-17	9.948688E-19
8.029108E+03	7.146652E-17	9.950539E-19
8.029308E+03	7.146628E-17	9.953076E-19
8.029508E+03	7.146109E-17	9.954922E-19
8.029708E+03	7.146083E-17	9.957453E-19
8.029908E+03	7.144741E-17	9.958150E-19
8.030108E+03	7.144058E-17	9.959764E-19
8.030308E+03	7.144194E-17	9.962518E-19
8.030508E+03	7.144824E-17	9.965961E-19
8.030709E+03	7.144797E-17	9.968500E-19
8.030909E+03	7.144275E-17	9.970336E-19
8.031109E+03	7.144245E-17	9.972856E-19
8.031309E+03	7.144380E-17	9.975604E-19
8.031509E+03	7.143692E-17	9.977204E-19
8.031709E+03	7.143333E-17	9.979263E-19
8.031909E+03	7.143958E-17	9.982695E-19
8.032109E+03	7.144418E-17	9.985896E-19
8.032309E+03	7.144550E-17	9.988639E-19
8.032508E+03	7.144517E-17	9.991139E-19
8.032708E+03	7.143825E-17	9.992725E-19
8.032908E+03	7.143954E-17	9.995461E-19
8.033109E+03	7.143755E-17	9.997751E-19
8.033309E+03	7.142570E-17	9.998646E-19
8.033508E+03	7.141545E-17	9.999750E-19
8.033708E+03	7.141838E-17	1.000271E-18
8.033908E+03	7.140649E-17	1.000360E-18
8.034108E+03	7.139791E-17	1.000494E-18
8.034308E+03	7.140573E-17	1.000859E-18
8.034508E+03	7.141685E-17	1.001270E-18
8.034708E+03	7.141810E-17	1.001542E-18
8.034908E+03	7.140620E-17	1.001630E-18
8.035108E+03	7.139263E-17	1.001694E-18
8.035308E+03	7.138565E-17	1.001850E-18
8.035508E+03	7.137866E-17	1.002007E-18
8.035708E+03	7.136673E-17	1.002094E-18
8.035909E+03	7.136466E-17	1.002320E-18
8.036109E+03	7.136751E-17	1.002614E-18
8.036309E+03	7.136872E-17	1.002885E-18
8.036509E+03	7.136828E-17	1.003133E-18
8.036709E+03	7.136782E-17	1.003380E-18
8.036909E+03	7.136243E-17	1.003558E-18
8.037109E+03	7.135376E-17	1.003690E-18
8.037309E+03	7.135330E-17	1.003937E-18
8.037509E+03	7.137746E-17	1.004530E-18
8.037709E+03	7.137863E-17	1.004800E-18
8.037909E+03	7.137322E-17	1.004978E-18
8.038109E+03	7.137438E-17	1.005247E-18
8.038309E+03	7.137552E-17	1.005517E-18
8.038509E+03	7.136680E-17	1.005647E-18
8.038709E+03	7.135972E-17	1.005800E-18
8.038909E+03	7.135429E-17	1.005977E-18
8.039109E+03	7.135541E-17	1.006245E-18
8.039309E+03	7.134174E-17	1.006305E-18
8.039509E+03	7.132972E-17	1.006388E-18
8.039709E+03	7.133247E-17	1.006680E-18
8.039909E+03	7.132864E-17	1.006878E-18
8.040109E+03	7.132809E-17	1.007123E-18
8.040309E+03	7.132755E-17	1.007367E-18
8.040509E+03	7.133357E-17	1.007705E-18
8.040709E+03	7.134121E-17	1.008065E-18
8.040909E+03	7.135378E-17	1.008495E-18
8.041110E+03	7.135815E-17	1.008810E-18
8.041310E+03	7.134279E-17	1.008845E-18
8.041510E+03	7.132413E-17	1.008833E-18
8.041710E+03	7.132518E-17	1.009099E-18
8.041910E+03	7.133444E-17	1.009482E-18
8.042110E+03	7.133878E-17	1.009795E-18
8.042310E+03	7.134145E-17	1.010085E-18
8.042510E+03	7.132934E-17	1.010165E-18
8.042710E+03	7.131394E-17	1.010198E-18
8.042910E+03	7.130840E-17	1.010371E-18
8.043110E+03	7.132747E-17	1.010892E-18
8.043310E+03	7.133012E-17	1.011181E-18
8.043510E+03	7.132456E-17	1.011353E-18
8.043710E+03	7.132063E-17	1.011548E-18
8.043910E+03	7.131669E-17	1.011743E-18
8.044110E+03	7.132589E-17	1.012125E-18
8.044310E+03	7.134001E-17	1.012576E-18
8.044510E+03	7.134100E-17	1.012841E-18
8.044710E+03	7.132225E-17	1.012825E-18
8.044910E+03	7.131992E-17	1.013042E-18
8.045110E+03	7.132088E-17	1.013306E-18
8.045310E+03	7.132185E-17	1.013571E-18
8.045510E+03	7.133428E-17	1.013998E-18
8.045709E+03	7.134836E-17	1.014447E-18
8.045909E+03	7.134602E-17	1.014664E-18
8.046109E+03	7.133381E-17	1.014740E-18
8.046310E+03	7.132652E-17	1.014888E-18
8.046510E+03	7.131924E-17	1.015034E-18
8.046710E+03	7.132015E-17	1.015297E-18
8.046910E+03	7.131450E-17	1.015466E-18
8.047110E+03	7.131375E-17	1.015705E-18
8.047310E+03	7.130972E-17	1.015897E-18
8.047510E+03	7.129748E-17	1.015972E-18
8.047710E+03	7.128361E-17	1.016023E-18
8.047910E+03	7.126150E-17	1.015957E-18
8.048110E+03	7.124105E-17	1.015915E-18
8.048310E+03	7.121732E-17	1.015825E-18
8.048510E+03	7.120180E-17	1.015852E-18
8.048710E+03	7.119773E-17	1.016043E-18
8.048910E+03	7.117235E-17	1.015929E-18
8.049110E+03	7.114535E-17	1.015792E-18
8.049310E+03	7.115275E-17	1.016146E-18
8.049510E+03	7.116505E-17	1.016569E-18
8.049710E+03	7.115278E-17	1.016642E-18
8.049910E+03	7.112248E-17	1.016457E-18
8.050110E+03	7.110366E-17	1.016436E-18
8.050310E+03	7.108973E-17	1.016484E-18
8.050510E+03	7.108235E-17	1.016626E-18
8.050710E+03	7.107824E-17	1.016814E-18
8.050910E+03	7.108396E-17	1.017144E-18
8.051110E+03	7.108474E-17	1.017402E-18
8.051310E+03	7.109371E-17	1.017777E-18
8.051510E+03	7.109613E-17	1.018059E-18
8.051711E+03	7.109856E-17	1.018342E-18
8.051911E+03	7.109605E-17	1.018553E-18
8.052111E+03	7.109190E-17	1.018740E-18
8.052311E+03	7.107630E-17	1.018763E-18
8.052511E+03	7.106397E-17	1.018833E-18
8.052711E+03	7.106635E-17	1.019114E-18
8.052911E+03	7.106709E-17	1.019371E-18
8.053111E+03	7.106292E-17	1.019557E-18
8.053311E+03	7.105384E-17	1.019673E-18
8.053511E+03	7.105129E-17	1.019883E-18
8.053711E+03	7.104710E-17	1.020068E-18
8.053911E+03	7.104291E-17	1.020254E-18
8.054111E+03	7.103873E-17	1.020440E-18
8.054311E+03	7.103452E-17	1.020625E-18
8.054511E+03	7.102377E-17	1.020716E-18
8.054711E+03	7.101302E-17	1.020807E-18
8.054911E+03	7.102025E-17	1.021157E-18
8.055111E+03	7.102256E-17	1.021435E-18
8.055311E+03	7.102160E-17	1.021666E-18
8.055511E+03	7.102065E-17	1.021898E-18
8.055711E+03	7.101642E-17	1.022082E-18
8.055911E+03	7.101380E-17	1.022289E-18
8.056111E+03	7.100955E-17	1.022473E-18
8.056311E+03	7.100694E-17	1.022680E-18
8.056511E+03	7.099124E-17	1.022699E-18
8.056711E+03	7.097226E-17	1.022670E-18
8.056912E+03	7.096800E-17	1.022854E-18
8.057112E+03	7.098823E-17	1.023390E-18
8.057312E+03	7.099213E-17	1.023690E-18
8.057512E+03	7.098621E-17	1.023849E-18
8.057712E+03	7.098029E-17	1.024008E-18
8.057912E+03	7.097436E-17	1.024166E-18
8.058111E+03	7.096517E-17	1.024276E-18
8.058311E+03	7.095922E-17	1.024434E-18
8.058511E+03	7.095654E-17	1.024639E-18
8.058712E+03	7.094733E-17	1.024751E-18
8.058912E+03	7.093812E-17	1.024861E-18
8.059111E+03	7.093378E-17	1.025041E-18
8.059311E+03	7.093272E-17	1.025268E-18
8.059511E+03	7.092513E-17	1.025402E-18
8.059711E+03	7.091099E-17	1.025441E-18
8.059911E+03	7.089522E-17	1.025455E-18
8.060111E+03	7.087944E-17	1.025470E-18
8.060311E+03	7.086529E-17	1.025508E-18
8.060511E+03	7.088706E-17	1.026065E-18
8.060711E+03	7.086963E-17	1.026055E-18
8.060911E+03	7.085058E-17	1.026022E-18
8.061111E+03	7.084621E-17	1.026201E-18
8.061311E+03	7.085000E-17	1.026498E-18
8.061511E+03	7.084561E-17	1.026676E-18
8.061711E+03	7.083469E-17	1.026760E-18
8.061911E+03	7.082867E-17	1.026914E-18
8.062111E+03	7.083734E-17	1.027282E-18
8.062312E+03	7.083293E-17	1.027460E-18
8.062512E+03	7.080895E-17	1.027354E-18
8.062712E+03	7.078986E-17	1.027318E-18
8.062912E+03	7.078546E-17	1.027496E-18
8.063112E+03	7.079081E-17	1.027815E-18
8.063312E+03	7.080269E-17	1.028228E-18
8.063512E+03	7.082271E-17	1.028760E-18
8.063712E+03	7.081828E-17	1.028937E-18
8.063912E+03	7.080731E-17	1.029018E-18
8.064112E+03	7.081754E-17	1.029407E-18
8.064312E+03	7.083917E-17	1.029963E-18
8.064512E+03	7.084941E-17	1.030352E-18
8.064712E+03	7.084983E-17	1.030599E-18
8.064912E+03	7.085187E-17	1.030869E-18
8.065112E+03	7.083272E-17	1.030831E-18
8.065312E+03	7.081195E-17	1.030769E-18
8.065512E+03	7.080418E-17	1.030896E-18
8.065712E+03	7.079643E-17	1.031023E-18
8.065912E+03	7.078869E-17	1.031150E-18
8.066112E+03	7.077278E-17	1.031159E-18
8.066312E+03	7.075523E-17	1.031142E-18
8.066512E+03	7.073933E-17	1.031150E-18
8.066712E+03	7.072667E-17	1.031205E-18
8.066912E+03	7.071891E-17	1.031331E-18
8.067112E+03	7.069322E-17	1.031195E-18
8.067312E+03	7.066428E-17	1.031012E-18
8.067513E+03	7.064999E-17	1.031044E-18
8.067713E+03	7.064059E-17	1.031145E-18
8.067913E+03	7.062141E-17	1.031103E-18
8.068113E+03	7.060060E-17	1.031038E-18
8.068313E+03	7.059444E-17	1.031186E-18
8.068513E+03	7.059640E-17	1.031453E-18
8.068713E+03	7.059509E-17	1.031672E-18
8.068913E+03	7.059378E-17	1.031891E-18
8.069113E+03	7.059734E-17	1.032181E-18
8.069313E+03	7.058953E-17	1.032304E-18
8.069513E+03	7.057845E-17	1.032380E-18
8.069713E+03	7.058037E-17	1.032645E-18
8.069913E+03	7.058878E-17	1.033006E-18
8.070113E+03	7.058583E-17	1.033200E-18
8.070313E+03	7.058448E-17	1.033417E-18
8.070513E+03	7.058962E-17	1.033730E-18
8.070712E+03	7.058989E-17	1.033970E-18
8.070913E+03	7.058205E-17	1.034093E-18
8.071113E+03	7.058717E-17	1.034405E-18
8.071312E+03	7.061668E-17	1.035073E-18
8.071512E+03	7.062833E-17	1.035481E-18
8.071712E+03	7.063833E-17	1.035865E-18
8.071912E+03	7.064832E-17	1.036248E-18
8.072112E+03	7.064693E-17	1.036464E-18
8.072312E+03	7.064554E-17	1.036680E-18
8.072512E+03	7.065715E-17	1.037087E-18
8.072713E+03	7.067201E-17	1.037543E-18
8.072913E+03	7.068362E-17	1.037950E-18
8.073113E+03	7.068383E-17	1.038189E-18
8.073313E+03	7.067915E-17	1.038357E-18
8.073513E+03	7.068423E-17	1.038668E-18
8.073713E+03	7.069581E-17	1.039074E-18
8.073913E+03	7.069600E-17	1.039313E-18
8.074113E+03	7.069131E-17	1.039480E-18
8.074313E+03	7.068171E-17	1.039575E-18
8.074513E+03	7.066398E-17	1.039550E-18
8.074713E+03	7.063812E-17	1.039405E-18
8.074913E+03	7.061553E-17	1.039308E-18
8.075113E+03	7.060429E-17	1.039377E-18
8.075313E+03	7.060607E-17	1.039639E-18
8.075513E+03	7.061272E-17	1.039972E-18
8.075713E+03	7.062263E-17	1.040353E-18
8.075913E+03	7.062763E-17	1.040661E-18
8.076113E+03	7.061801E-17	1.040754E-18
8.076313E+03	7.060350E-17	1.040775E-18
8.076513E+03	7.062151E-17	1.041275E-18
8.076713E+03	7.063789E-17	1.041751E-18
8.076913E+03	7.063475E-17	1.041939E-18
8.077113E+03	7.065112E-17	1.042416E-18
8.077313E+03	7.066425E-17	1.042844E-18
8.077513E+03	7.065294E-17	1.042911E-18
8.077713E+03	7.064165E-17	1.042978E-18
8.077914E+03	7.063197E-17	1.043071E-18
8.078114E+03	7.062393E-17	1.043186E-18
8.078314E+03	7.060611E-17	1.043157E-18
8.078514E+03	7.059155E-17	1.043175E-18
8.078714E+03	7.058187E-17	1.043266E-18
8.078914E+03	7.057218E-17	1.043356E-18
8.079114E+03	7.056735E-17	1.043518E-18
8.079314E+03	7.056415E-17	1.043703E-18
8.079514E+03	7.056420E-17	1.043937E-18
8.079714E+03	7.056749E-17	1.044219E-18
8.079914E+03	7.057239E-17	1.044524E-18
8.080114E+03	7.058218E-17	1.044902E-18
8.080314E+03	7.059033E-17	1.045256E-18
8.080514E+03	7.060824E-17	1.045754E-18
8.080714E+03	7.060824E-17	1.045986E-18
8.080914E+03	7.060175E-17	1.046123E-18
8.081114E+03	7.058550E-17	1.046114E-18
8.081314E+03	7.056438E-17	1.046034E-18
8.081514E+03	7.057087E-17	1.046362E-18
8.081714E+03	7.056598E-17	1.046522E-18
8.081914E+03	7.055947E-17	1.046657E-18
8.082114E+03	7.055295E-17	1.046792E-18
8.082314E+03	7.055292E-17	1.047023E-18
8.082514E+03	7.055126E-17	1.047231E-18
8.082714E+03	7.053986E-17	1.047293E-18
8.082914E+03	7.054145E-17	1.047548E-18
8.083114E+03	7.054627E-17	1.047851E-18
8.083315E+03	7.055271E-17	1.048179E-18
8.083515E+03	7.055103E-17	1.048385E-18
8.083715E+03	7.054448E-17	1.048519E-18
8.083914E+03	7.054441E-17	1.048748E-18
8.084114E+03	7.054596E-17	1.049002E-18
8.084315E+03	7.053939E-17	1.049136E-18
8.084515E+03	7.053606E-17	1.049317E-18
8.084714E+03	7.053597E-17	1.049545E-18
8.084914E+03	7.053750E-17	1.049798E-18
8.085114E+03	7.053416E-17	1.049979E-18
8.085314E+03	7.052920E-17	1.050136E-18
8.085514E+03	7.052584E-17	1.050316E-18
8.085714E+03	7.051923E-17	1.050447E-18
8.085914E+03	7.051261E-17	1.050579E-18
8.086114E+03	7.051088E-17	1.050783E-18
8.086314E+03	7.050912E-17	1.050986E-18
8.086514E+03	7.050250E-17	1.051117E-18
8.086714E+03	7.048775E-17	1.051127E-18
8.086914E+03	7.046977E-17	1.051088E-18
8.087114E+03	7.046475E-17	1.051243E-18
8.087314E+03	7.046946E-17	1.051542E-18
8.087514E+03	7.047093E-17	1.051793E-18
8.087714E+03	7.046753E-17	1.051971E-18
8.087914E+03	7.045924E-17	1.052076E-18
8.088114E+03	7.045258E-17	1.052206E-18
8.088314E+03	7.045078E-17	1.052407E-18
8.088515E+03	7.045872E-17	1.052756E-18
8.088715E+03	7.046340E-17	1.053054E-18
8.088915E+03	7.045347E-17	1.053134E-18
8.089115E+03	7.044354E-17	1.053214E-18
8.089315E+03	7.043523E-17	1.053318E-18
8.089515E+03	7.042692E-17	1.053421E-18
8.089715E+03	7.042670E-17	1.053646E-18
8.089915E+03	7.044108E-17	1.054089E-18
8.090115E+03	7.044898E-17	1.054435E-18
8.090315E+03	7.044551E-17	1.054611E-18
8.090515E+03	7.042905E-17	1.054592E-18
8.090715E+03	7.040936E-17	1.054524E-18
8.090915E+03	7.039292E-17	1.054505E-18
8.091115E+03	7.038619E-17	1.054632E-18
8.091315E+03	7.038917E-17	1.054903E-18
8.091515E+03	7.038892E-17	1.055127E-18
8.091715E+03	7.038704E-17	1.055325E-18
8.091915E+03	7.039650E-17	1.055694E-18
8.092115E+03	7.039946E-17	1.055965E-18
8.092315E+03	7.039271E-17	1.056090E-18
8.092515E+03	7.041352E-17	1.056629E-18
8.092715E+03	7.042619E-17	1.057045E-18
8.092915E+03	7.043563E-17	1.057414E-18
8.093115E+03	7.042237E-17	1.057441E-18
8.093315E+03	7.042207E-17	1.057663E-18
8.093515E+03	7.042014E-17	1.057859E-18
8.093716E+03	7.040361E-17	1.057838E-18
8.093916E+03	7.038871E-17	1.057840E-18
8.094116E+03	7.038030E-17	1.057940E-18
8.094316E+03	7.037997E-17	1.058160E-18
8.094516E+03	7.037801E-17	1.058356E-18
8.094716E+03	7.037120E-17	1.058479E-18
8.094916E+03	7.036277E-17	1.058577E-18
8.095116E+03	7.035918E-17	1.058748E-18
8.095316E+03	7.035235E-17	1.058871E-18
8.095516E+03	7.035848E-17	1.059188E-18
8.095716E+03	7.036460E-17	1.059505E-18
8.095916E+03	7.033670E-17	1.059309E-18
8.096115E+03	7.032013E-17	1.059283E-18
8.096315E+03	7.031652E-17	1.059453E-18
8.096516E+03	7.031454E-17	1.059649E-18
8.096716E+03	7.030443E-17	1.059721E-18
8.096916E+03	7.028947E-17	1.059719E-18
8.097115E+03	7.027614E-17	1.059741E-18
8.097315E+03	7.026281E-17	1.059764E-18
8.097515E+03	7.026240E-17	1.059981E-18
8.097715E+03	7.026037E-17	1.060174E-18
8.097915E+03	7.024379E-17	1.060147E-18
8.098115E+03	7.022558E-17	1.060096E-18
8.098315E+03	7.022031E-17	1.060239E-18
8.098515E+03	7.021989E-17	1.060456E-18
8.098715E+03	7.021783E-17	1.060648E-18
8.098915E+03	7.021903E-17	1.060889E-18
8.099116E+03	7.021696E-17	1.061081E-18
8.099316E+03	7.020843E-17	1.061175E-18
8.099516E+03	7.020474E-17	1.061342E-18
8.099716E+03	7.018975E-17	1.061337E-18
8.099916E+03	7.016828E-17	1.061235E-18
8.100116E+03	7.017266E-17	1.061523E-18
8.100316E+03	7.018188E-17	1.061885E-18
8.100516E+03	7.016365E-17	1.061831E-18
8.100716E+03	7.015347E-17	1.061899E-18
8.100916E+03	7.015622E-17	1.062162E-18
8.101116E+03	7.015573E-17	1.062376E-18
8.101316E+03	7.015202E-17	1.062541E-18
8.101516E+03	7.014989E-17	1.062730E-18
8.101716E+03	7.014454E-17	1.062870E-18
8.101916E+03	7.013758E-17	1.062986E-18
8.102116E+03	7.013546E-17	1.063175E-18
8.102316E+03	7.014462E-17	1.063535E-18
8.102516E+03	7.017156E-17	1.064164E-18
8.102716E+03	7.017265E-17	1.064402E-18
8.102916E+03	7.016566E-17	1.064516E-18
8.103116E+03	7.017966E-17	1.064949E-18
8.103316E+03	7.019690E-17	1.065432E-18
8.103516E+03	7.019797E-17	1.065668E-18
8.103716E+03	7.019419E-17	1.065831E-18
8.103916E+03	7.019363E-17	1.066043E-18
8.104116E+03	7.018984E-17	1.066206E-18
8.104317E+03	7.017312E-17	1.066173E-18
8.104517E+03	7.015640E-17	1.066139E-18
8.104717E+03	7.014935E-17	1.066251E-18
8.104917E+03	7.014069E-17	1.066339E-18
8.105117E+03	7.012881E-17	1.066378E-18
8.105317E+03	7.010724E-17	1.066270E-18
8.105517E+03	7.009050E-17	1.066234E-18
8.105717E+03	7.009796E-17	1.066567E-18
8.105917E+03	7.010382E-17	1.066875E-18
8.106117E+03	7.010160E-17	1.067060E-18
8.106317E+03	7.010260E-17	1.067294E-18
8.106517E+03	7.010844E-17	1.067602E-18
8.106717E+03	7.010621E-17	1.067787E-18
8.106917E+03	7.009267E-17	1.067799E-18
8.107117E+03	7.008397E-17	1.067885E-18
8.107317E+03	7.008171E-17	1.068069E-18
8.107517E+03	7.008753E-17	1.068376E-18
8.107717E+03	7.009819E-17	1.068756E-18
8.107917E+03	7.010722E-17	1.069112E-18
8.108117E+03	7.011140E-17	1.069394E-18
8.108317E+03	7.011075E-17	1.069602E-18
8.108517E+03	7.009556E-17	1.069588E-18
8.108717E+03	7.008520E-17	1.069647E-18
8.108917E+03	7.008453E-17	1.069854E-18
8.109117E+03	7.007417E-17	1.069914E-18
8.109316E+03	7.006543E-17	1.069997E-18
8.109517E+03	7.006473E-17	1.070204E-18
8.109717E+03	7.006565E-17	1.070435E-18
8.109917E+03	7.006979E-17	1.070715E-18
8.110117E+03	7.007394E-17	1.070996E-18
8.110317E+03	7.007645E-17	1.071251E-18
8.110517E+03	7.007413E-17	1.071432E-18
8.110717E+03	7.007180E-17	1.071613E-18
8.110917E+03	7.007270E-17	1.071843E-18
8.111117E+03	7.006874E-17	1.071999E-18
8.111317E+03	7.006317E-17	1.072130E-18
8.111517E+03	7.006082E-17	1.072310E-18
8.111717E+03	7.005686E-17	1.072466E-18
8.111917E+03	7.006095E-17	1.072744E-18
8.112117E+03	7.006020E-17	1.072948E-18
8.112317E+03	7.005461E-17	1.073078E-18
8.112517E+03	7.005224E-17	1.073258E-18
8.112717E+03	7.004018E-17	1.073288E-18
8.112917E+03	7.002007E-17	1.073195E-18
8.113117E+03	6.999995E-17	1.073102E-18
8.113317E+03	6.998629E-17	1.073108E-18
8.113517E+03	6.997422E-17	1.073138E-18
8.113717E+03	6.995572E-17	1.073069E-18
8.113917E+03	6.994204E-17	1.073073E-18
8.114117E+03	6.993965E-17	1.073251E-18
8.114317E+03	6.993078E-17	1.073329E-18
8.114517E+03	6.992354E-17	1.073432E-18
8.114717E+03	6.993561E-17	1.073832E-18
8.114918E+03	6.993158E-17	1.073985E-18
8.115118E+03	6.991305E-17	1.073914E-18
8.115318E+03	6.990417E-17	1.073992E-18
8.115518E+03	6.990818E-17	1.074267E-18
8.115718E+03	6.990414E-17	1.074419E-18
8.115918E+03	6.989364E-17	1.074470E-18
8.116118E+03	6.989280E-17	1.074671E-18
8.116318E+03	6.990000E-17	1.074995E-18
8.116518E+03	6.990077E-17	1.075220E-18
8.116718E+03	6.989990E-17	1.075419E-18
8.116918E+03	6.991353E-17	1.075842E-18
8.117118E+03	6.992876E-17	1.076289E-18
8.117318E+03	6.993434E-17	1.076588E-18
8.117518E+03	6.993025E-17	1.076738E-18
8.117718E+03	6.991326E-17	1.076689E-18
8.117918E+03	6.989146E-17	1.076565E-18
8.118118E+03	6.987609E-17	1.076541E-18
8.118318E+03	6.985589E-17	1.076442E-18
8.118518E+03	6.984535E-17	1.076491E-18
8.118718E+03	6.984767E-17	1.076739E-18
8.118918E+03	6.983712E-17	1.076788E-18
8.119118E+03	6.981208E-17	1.076613E-18
8.119318E+03	6.979028E-17	1.076488E-18
8.119518E+03	6.977972E-17	1.076537E-18
8.119718E+03	6.976595E-17	1.076536E-18
8.119918E+03	6.975377E-17	1.076559E-18
8.120119E+03	6.973838E-17	1.076533E-18
8.120319E+03	6.971337E-17	1.076357E-18
8.120519E+03	6.968996E-17	1.076207E-18
8.120719E+03	6.967939E-17	1.076254E-18
8.120919E+03	6.967523E-17	1.076399E-18
8.121119E+03	6.967107E-17	1.076545E-18
8.121319E+03	6.966210E-17	1.076617E-18
8.121519E+03	6.965471E-17	1.076712E-18
8.121718E+03	6.965054E-17	1.076856E-18
8.121918E+03	6.965117E-17	1.077076E-18
8.122118E+03	6.965983E-17	1.077419E-18
8.122319E+03	6.966205E-17	1.077664E-18
8.122519E+03	6.965464E-17	1.077759E-18
8.122718E+03	6.964084E-17	1.077753E-18
8.122918E+03	6.963985E-17	1.077947E-18
8.123118E+03	6.965167E-17	1.078339E-18
8.123318E+03	6.964906E-17	1.078508E-18
8.123518E+03	6.964164E-17	1.078602E-18
8.123718E+03	6.964384E-17	1.078844E-18
8.123918E+03	6.964443E-17	1.079062E-18
8.124118E+03	6.964821E-17	1.079329E-18
8.124318E+03	6.965040E-17	1.079571E-18
8.124518E+03	6.964296E-17	1.079665E-18
8.124718E+03	6.963390E-17	1.079732E-18
8.124918E+03	6.963286E-17	1.079924E-18
8.125118E+03	6.963662E-17	1.080190E-18
8.125319E+03	6.963879E-17	1.080433E-18
8.125519E+03	6.964415E-17	1.080724E-18
8.125719E+03	6.964629E-17	1.080965E-18
8.125919E+03	6.964042E-17	1.081081E-18
8.126119E+03	6.962974E-17	1.081123E-18
8.126319E+03	6.963668E-17	1.081438E-18
8.126519E+03	6.964362E-17	1.081753E-18
8.126719E+03	6.962650E-17	1.081694E-18
8.126919E+03	6.962222E-17	1.081835E-18
8.127119E+03	6.962113E-17	1.082024E-18
8.127319E+03	6.961202E-17	1.082089E-18
8.127519E+03	6.961412E-17	1.082329E-18
8.127719E+03	6.963066E-17	1.082793E-18
8.127919E+03	6.963437E-17	1.083057E-18
8.128119E+03	6.962684E-17	1.083146E-18
8.128319E+03	6.963374E-17	1.083459E-18
8.128519E+03	6.964866E-17	1.083898E-18
8.128719E+03	6.965234E-17	1.084161E-18
8.128919E+03	6.964961E-17	1.084325E-18
8.129119E+03	6.965970E-17	1.084688E-18
8.129319E+03	6.967622E-17	1.085151E-18
8.129519E+03	6.968951E-17	1.085564E-18
8.129719E+03	6.970280E-17	1.085976E-18
8.129919E+03	6.971610E-17	1.086389E-18
8.130119E+03	6.972618E-17	1.086752E-18
8.130319E+03	6.972983E-17	1.087015E-18
8.130520E+03	6.973989E-17	1.087378E-18
8.130720E+03	6.975478E-17	1.087815E-18
8.130920E+03	6.974237E-17	1.087827E-18
8.131120E+03	6.972353E-17	1.087738E-18
8.131320E+03	6.973036E-17	1.088050E-18
8.131520E+03	6.972275E-17	1.088136E-18
8.131720E+03	6.970873E-17	1.088122E-18
8.131920E+03	6.969789E-17	1.088157E-18
8.132120E+03	6.969830E-17	1.088368E-18
8.132320E+03	6.971795E-17	1.088880E-18
8.132520E+03	6.971032E-17	1.088965E-18
8.132720E+03	6.969787E-17	1.088974E-18
8.132920E+03	6.970147E-17	1.089235E-18
8.133120E+03	6.970345E-17	1.089470E-18
8.133320E+03	6.969581E-17	1.089554E-18
8.133520E+03	6.968655E-17	1.089613E-18
8.133720E+03	6.968691E-17	1.089822E-18
8.133920E+03	6.966802E-17	1.089730E-18
8.134120E+03	6.964432E-17	1.089563E-18
8.134319E+03	6.963506E-17	1.089620E-18
8.134520E+03	6.962739E-17	1.089704E-18
8.134720E+03	6.962452E-17	1.089862E-18
8.134919E+03	6.962488E-17	1.090070E-18
8.135119E+03	6.962200E-17	1.090227E-18
8.135319E+03	6.961111E-17	1.090259E-18
8.135519E+03	6.959861E-17	1.090266E-18
8.135719E+03	6.960055E-17	1.090499E-18
8.135920E+03	6.959925E-17	1.090682E-18
8.136120E+03	6.959635E-17	1.090838E-18
8.136320E+03	6.959346E-17	1.090995E-18
8.136520E+03	6.957936E-17	1.090976E-18
8.136720E+03	6.956203E-17	1.090906E-18
8.136920E+03	6.955431E-17	1.090986E-18
8.137120E+03	6.955620E-17	1.091217E-18
8.137320E+03	6.955329E-17	1.091373E-18
8.137520E+03	6.955036E-17	1.091528E-18
8.137720E+03	6.955545E-17	1.091809E-18
8.137920E+03	6.956213E-17	1.092115E-18
8.138120E+03	6.956241E-17	1.092321E-18
8.138320E+03	6.956426E-17	1.092550E-18
8.138520E+03	6.956613E-17	1.092780E-18
8.138720E+03	6.957118E-17	1.093060E-18
8.138920E+03	6.958106E-17	1.093416E-18
8.139120E+03	6.958771E-17	1.093721E-18
8.139320E+03	6.959275E-17	1.094001E-18
8.139520E+03	6.959941E-17	1.094306E-18
8.139720E+03	6.960766E-17	1.094636E-18
8.139920E+03	6.961590E-17	1.094965E-18
8.140120E+03	6.960971E-17	1.095068E-18
8.140320E+03	6.960994E-17	1.095272E-18
8.140520E+03	6.961337E-17	1.095526E-18
8.140720E+03	6.961197E-17	1.095703E-18
8.140920E+03	6.961538E-17	1.095956E-18
8.141121E+03	6.961237E-17	1.096110E-18
8.141321E+03	6.960296E-17	1.096161E-18
8.141521E+03	6.960315E-17	1.096363E-18
8.141721E+03	6.960814E-17	1.096641E-18
8.141921E+03	6.960673E-17	1.096818E-18
8.142121E+03	6.960211E-17	1.096944E-18
8.142321E+03	6.960388E-17	1.097171E-18
8.142521E+03	6.961367E-17	1.097524E-18
8.142721E+03	6.960743E-17	1.097624E-18
8.142921E+03	6.959318E-17	1.097598E-18
8.143121E+03	6.959813E-17	1.097874E-18
8.143321E+03	6.961272E-17	1.098302E-18
8.143521E+03	6.961127E-17	1.098478E-18
8.143721E+03	6.959379E-17	1.098400E-18
8.143921E+03	6.957470E-17	1.098297E-18
8.144121E+03	6.957163E-17	1.098446E-18
8.144321E+03	6.958138E-17	1.098798E-18
8.144521E+03	6.958152E-17	1.098998E-18
8.144721E+03	6.957682E-17	1.099121E-18
8.144921E+03	6.958336E-17	1.099421E-18
8.145121E+03	6.958347E-17	1.099620E-18
8.145321E+03	6.958039E-17	1.099769E-18
8.145521E+03	6.958850E-17	1.100094E-18
8.145721E+03	6.959501E-17	1.100394E-18
8.145921E+03	6.961114E-17	1.100846E-18
8.146121E+03	6.961124E-17	1.101045E-18
8.146322E+03	6.959529E-17	1.100990E-18
8.146522E+03	6.958897E-17	1.101086E-18
8.146722E+03	6.957623E-17	1.101081E-18
8.146922E+03	6.956671E-17	1.101127E-18
8.147122E+03	6.956517E-17	1.101299E-18
8.147322E+03	6.955722E-17	1.101369E-18
8.147521E+03	6.955890E-17	1.101590E-18
8.147721E+03	6.956377E-17	1.101864E-18
8.147922E+03	6.956382E-17	1.102061E-18
8.148122E+03	6.957188E-17	1.102384E-18
8.148321E+03	6.958795E-17	1.102833E-18
8.148521E+03	6.959922E-17	1.103208E-18
8.148721E+03	6.959926E-17	1.103403E-18
8.148921E+03	6.959928E-17	1.103599E-18
8.149121E+03	6.959130E-17	1.103668E-18
8.149321E+03	6.958654E-17	1.103787E-18
8.149521E+03	6.958975E-17	1.104033E-18
8.149721E+03	6.958656E-17	1.104177E-18
8.149921E+03	6.955775E-17	1.103915E-18
8.150121E+03	6.953214E-17	1.103703E-18
8.150321E+03	6.952413E-17	1.103770E-18
8.150521E+03	6.951933E-17	1.103888E-18
8.150721E+03	6.952253E-17	1.104133E-18
8.150921E+03	6.954014E-17	1.104607E-18
8.151121E+03	6.955132E-17	1.104978E-18
8.151321E+03	6.954970E-17	1.105146E-18
8.151521E+03	6.956090E-17	1.105518E-18
8.151722E+03	6.954806E-17	1.105509E-18
8.151922E+03	6.952241E-17	1.105294E-18
8.152122E+03	6.951277E-17	1.105334E-18
8.152322E+03	6.951914E-17	1.105629E-18
8.152522E+03	6.952390E-17	1.105898E-18
8.152722E+03	6.952545E-17	1.106115E-18
8.152922E+03	6.953820E-17	1.106511E-18
8.153122E+03	6.955256E-17	1.106933E-18
8.153322E+03	6.955892E-17	1.107227E-18
8.153522E+03	6.955884E-17	1.107418E-18
8.153722E+03	6.955557E-17	1.107558E-18
8.153922E+03	6.955711E-17	1.107775E-18
8.154122E+03	6.956024E-17	1.108018E-18
8.154322E+03	6.955855E-17	1.108183E-18
8.154522E+03	6.954565E-17	1.108169E-18
8.154722E+03	6.953275E-17	1.108156E-18
8.154922E+03	6.952947E-17	1.108296E-18
8.155122E+03	6.953577E-17	1.108588E-18
8.155322E+03	6.954046E-17	1.108854E-18
8.155522E+03	6.952435E-17	1.108789E-18
8.155722E+03	6.951465E-17	1.108825E-18
8.155922E+03	6.952893E-17	1.109244E-18
8.156122E+03	6.954483E-17	1.109689E-18
8.156322E+03	6.955270E-17	1.110006E-18
8.156522E+03	6.955900E-17	1.110298E-18
8.156722E+03	6.956366E-17	1.110563E-18
8.156923E+03	6.956512E-17	1.110778E-18
8.157123E+03	6.957299E-17	1.111094E-18
8.157323E+03	6.957766E-17	1.111360E-18
8.157523E+03	6.956949E-17	1.111420E-18
8.157723E+03	6.955973E-17	1.111454E-18
8.157923E+03	6.955797E-17	1.111616E-18
8.158123E+03	6.955621E-17	1.111779E-18
8.158323E+03	6.955285E-17	1.111915E-18
8.158523E+03	6.955107E-17	1.112076E-18
8.158723E+03	6.955090E-17	1.112263E-18
8.158923E+03	6.955073E-17	1.112450E-18
8.159123E+03	6.955374E-17	1.112688E-18
8.159323E+03	6.955516E-17	1.112900E-18
8.159523E+03	6.956138E-17	1.113189E-18
8.159722E+03	6.956601E-17	1.113452E-18
8.159922E+03	6.957220E-17	1.113740E-18
8.160123E+03	6.957840E-17	1.114029E-18
8.160323E+03	6.958461E-17	1.114318E-18
8.160523E+03	6.957800E-17	1.114401E-18
8.160722E+03	6.957458E-17	1.114534E-18
8.160922E+03	6.957275E-17	1.114693E-18
8.161122E+03	6.957254E-17	1.114878E-18
8.161322E+03	6.958032E-17	1.115192E-18
8.161522E+03	6.958809E-17	1.115504E-18
8.161722E+03	6.958466E-17	1.115638E-18
8.161922E+03	6.957640E-17	1.115693E-18
8.162123E+03	6.958097E-17	1.115956E-18
8.162323E+03	6.957590E-17	1.116062E-18
8.162523E+03	6.956604E-17	1.116092E-18
8.162723E+03	6.956579E-17	1.116275E-18
8.162923E+03	6.956874E-17	1.116510E-18
8.163123E+03	6.955725E-17	1.116513E-18
8.163323E+03	6.954257E-17	1.116465E-18
8.163523E+03	6.954550E-17	1.116699E-18
8.163723E+03	6.954683E-17	1.116908E-18
8.163923E+03	6.955135E-17	1.117167E-18
8.164123E+03	6.955106E-17	1.117349E-18
8.164323E+03	6.954757E-17	1.117480E-18
8.164523E+03	6.955369E-17	1.117765E-18
8.164723E+03	6.956299E-17	1.118101E-18
8.164923E+03	6.955628E-17	1.118179E-18
8.165123E+03	6.954157E-17	1.118129E-18
8.165323E+03	6.953646E-17	1.118233E-18
8.165523E+03	6.954415E-17	1.118543E-18
8.165723E+03	6.954223E-17	1.118698E-18
8.165923E+03	6.954670E-17	1.118956E-18
8.166123E+03	6.954158E-17	1.119059E-18
8.166323E+03	6.952684E-17	1.119007E-18
8.166523E+03	6.951049E-17	1.118930E-18
8.166723E+03	6.950056E-17	1.118955E-18
8.166923E+03	6.949541E-17	1.119057E-18
8.167123E+03	6.950146E-17	1.119340E-18
8.167324E+03	6.950430E-17	1.119571E-18
8.167524E+03	6.950075E-17	1.119699E-18
8.167724E+03	6.950520E-17	1.119956E-18
8.167924E+03	6.950482E-17	1.120134E-18
8.168124E+03	6.949166E-17	1.120106E-18
8.168324E+03	6.947050E-17	1.119949E-18
8.168524E+03	6.947012E-17	1.120128E-18
8.168724E+03	6.947614E-17	1.120409E-18
8.168924E+03	6.946935E-17	1.120483E-18
8.169124E+03	6.945777E-17	1.120480E-18
8.169324E+03	6.945098E-17	1.120555E-18
8.169524E+03	6.945859E-17	1.120861E-18
8.169724E+03	6.947257E-17	1.121270E-18
8.169924E+03	6.947218E-17	1.121447E-18
8.170124E+03	6.946857E-17	1.121572E-18
8.170324E+03	6.946016E-17	1.121619E-18
8.170524E+03	6.945175E-17	1.121666E-18
8.170724E+03	6.944013E-17	1.121662E-18
8.170924E+03	6.943332E-17	1.121735E-18
8.171124E+03	6.943288E-17	1.121910E-18
8.171324E+03	6.942765E-17	1.122008E-18
8.171524E+03	6.942562E-17	1.122158E-18
8.171724E+03	6.943158E-17	1.122436E-18
8.171924E+03	6.942474E-17	1.122508E-18
8.172124E+03	6.942109E-17	1.122631E-18
8.172324E+03	6.942064E-17	1.122805E-18
8.172524E+03	6.941700E-17	1.122929E-18
8.172725E+03	6.941812E-17	1.123129E-18
8.172925E+03	6.940007E-17	1.123019E-18
8.173124E+03	6.937565E-17	1.122804E-18
8.173324E+03	6.936879E-17	1.122874E-18
8.173525E+03	6.936990E-17	1.123074E-18
8.173724E+03	6.936783E-17	1.123221E-18
8.173924E+03	6.935616E-17	1.123213E-18
8.174124E+03	6.934610E-17	1.123231E-18
8.174324E+03	6.934082E-17	1.123326E-18
8.174524E+03	6.934671E-17	1.123601E-18
8.174724E+03	6.935419E-17	1.123903E-18
8.174924E+03	6.935529E-17	1.124101E-18
8.175124E+03	6.935318E-17	1.124247E-18
8.175324E+03	6.935266E-17	1.124419E-18
8.175524E+03	6.935855E-17	1.124694E-18
8.175724E+03	6.936442E-17	1.124970E-18
8.175924E+03	6.936708E-17	1.125192E-18
8.176124E+03	6.936655E-17	1.125363E-18
8.176324E+03	6.936602E-17	1.125534E-18
8.176524E+03	6.936389E-17	1.125679E-18
8.176724E+03	6.935696E-17	1.125746E-18
8.176924E+03	6.933565E-17	1.125579E-18
8.177124E+03	6.932233E-17	1.125542E-18
8.177324E+03	6.931860E-17	1.125660E-18
8.177524E+03	6.931804E-17	1.125830E-18
8.177724E+03	6.931269E-17	1.125922E-18
8.177925E+03	6.930094E-17	1.125910E-18
8.178125E+03	6.928443E-17	1.125820E-18
8.178325E+03	6.926949E-17	1.125756E-18
8.178525E+03	6.925616E-17	1.125717E-18
8.178725E+03	6.923645E-17	1.125575E-18
8.178925E+03	6.921834E-17	1.125458E-18
8.179125E+03	6.920499E-17	1.125418E-18
8.179325E+03	6.919325E-17	1.125405E-18
8.179525E+03	6.918150E-17	1.125391E-18
8.179725E+03	6.916499E-17	1.125300E-18
8.179925E+03	6.915164E-17	1.125259E-18
8.180125E+03	6.914466E-17	1.125322E-18
8.180325E+03	6.915043E-17	1.125593E-18
8.180525E+03	6.915141E-17	1.125786E-18
8.180725E+03	6.914442E-17	1.125848E-18
8.180925E+03	6.914380E-17	1.126015E-18
8.181125E+03	6.914158E-17	1.126155E-18
8.181325E+03	6.913299E-17	1.126191E-18
8.181525E+03	6.912122E-17	1.126175E-18
8.181725E+03	6.912058E-17	1.126341E-18
8.181925E+03	6.912312E-17	1.126558E-18
8.182125E+03	6.910498E-17	1.126438E-18
8.182325E+03	6.909159E-17	1.126395E-18
8.182525E+03	6.909093E-17	1.126560E-18
8.182725E+03	6.908233E-17	1.126595E-18
8.182925E+03	6.908008E-17	1.126733E-18
8.183126E+03	6.908895E-17	1.127054E-18
8.183326E+03	6.909783E-17	1.127373E-18
8.183526E+03	6.909716E-17	1.127537E-18
8.183726E+03	6.908535E-17	1.127519E-18
8.183926E+03	6.906875E-17	1.127423E-18
8.184126E+03	6.905377E-17	1.127352E-18
8.184326E+03	6.905467E-17	1.127541E-18
8.184526E+03	6.905081E-17	1.127653E-18
8.184726E+03	6.903897E-17	1.127633E-18
8.184926E+03	6.903350E-17	1.127718E-18
8.185126E+03	6.902326E-17	1.127724E-18
8.185325E+03	6.900509E-17	1.127600E-18
8.185525E+03	6.899485E-17	1.127606E-18
8.185725E+03	6.898619E-17	1.127638E-18
8.185926E+03	6.897117E-17	1.127566E-18
8.186126E+03	6.897522E-17	1.127806E-18
8.186325E+03	6.896973E-17	1.127888E-18
8.186525E+03	6.896265E-17	1.127945E-18
8.186725E+03	6.896509E-17	1.128157E-18
8.186925E+03	6.896754E-17	1.128370E-18
8.187125E+03	6.897633E-17	1.128686E-18
8.187325E+03	6.897558E-17	1.128846E-18
8.187525E+03	6.895736E-17	1.128720E-18
8.187725E+03	6.894868E-17	1.128750E-18
8.187925E+03	6.895745E-17	1.129066E-18
8.188125E+03	6.895351E-17	1.129173E-18
8.188325E+03	6.895433E-17	1.129358E-18
8.188526E+03	6.896944E-17	1.129778E-18
8.188726E+03	6.897184E-17	1.129989E-18
8.188926E+03	6.895518E-17	1.129887E-18
8.189126E+03	6.895757E-17	1.130098E-18
8.189326E+03	6.897427E-17	1.130543E-18
8.189526E+03	6.897824E-17	1.130779E-18
8.189726E+03	6.897745E-17	1.130937E-18
8.189926E+03	6.899095E-17	1.131329E-18
8.190126E+03	6.899174E-17	1.131513E-18
8.190326E+03	6.897665E-17	1.131436E-18
8.190526E+03	6.897425E-17	1.131567E-18
8.190726E+03	6.892898E-17	1.130995E-18
8.190926E+03	6.889009E-17	1.130527E-18
8.191126E+03	6.885597E-17	1.130136E-18
8.191326E+03	6.882186E-17	1.129746E-18
8.191526E+03	6.880520E-17	1.129642E-18
8.191726E+03	6.879328E-17	1.129616E-18
8.191926E+03	6.879086E-17	1.129746E-18
8.192126E+03	6.879003E-17	1.129901E-18
8.192326E+03	6.877969E-17	1.129900E-18
8.192526E+03	6.877252E-17	1.129952E-18
8.192726E+03	6.876375E-17	1.129976E-18
8.192926E+03	6.875656E-17	1.130026E-18
8.193126E+03	6.875255E-17	1.130129E-18
8.193326E+03	6.875645E-17	1.130362E-18
8.193526E+03	6.874924E-17	1.130411E-18
8.193727E+03	6.873887E-17	1.130410E-18
8.193927E+03	6.873800E-17	1.130563E-18
8.194127E+03	6.874505E-17	1.130847E-18
8.194327E+03	6.874417E-17	1.131001E-18
8.194527E+03	6.873855E-17	1.131076E-18
8.194727E+03	6.873608E-17	1.131203E-18
8.194927E+03	6.873837E-17	1.131408E-18
8.195127E+03	6.873906E-17	1.131586E-18
8.195327E+03	6.874132E-17	1.131791E-18
8.195527E+03	6.874359E-17	1.131995E-18
8.195727E+03	6.874270E-17	1.132148E-18
8.195927E+03	6.874020E-17	1.132273E-18
8.196127E+03	6.872821E-17	1.132242E-18
8.196327E+03	6.872255E-17	1.132316E-18
8.196527E+03	6.872955E-17	1.132598E-18
8.196727E+03	6.875553E-17	1.133192E-18
8.196927E+03	6.875619E-17	1.133369E-18
8.197127E+03	6.876001E-17	1.133599E-18
8.197327E+03	6.874326E-17	1.133489E-18
8.197527E+03	6.873282E-17	1.133482E-18
8.197727E+03	6.874138E-17	1.133789E-18
8.197926E+03	6.873095E-17	1.133782E-18
8.198127E+03	6.869836E-17	1.133411E-18
8.198326E+03	6.868476E-17	1.133351E-18
8.198526E+03	6.868063E-17	1.133448E-18
8.198727E+03	6.864647E-17	1.133050E-18
8.198927E+03	6.862971E-17	1.132939E-18
8.199128E+03	6.864927E-17	1.133427E-18
8.199327E+03	6.865622E-17	1.133705E-18
8.199527E+03	6.864577E-17	1.133698E-18
8.199727E+03	6.864006E-17	1.133768E-18
8.199927E+03	6.865171E-17	1.134125E-18
8.200127E+03	6.865547E-17	1.134351E-18
8.200327E+03	6.864342E-17	1.134316E-18
8.200527E+03	6.860609E-17	1.133863E-18
8.200727E+03	6.857509E-17	1.133514E-18
8.200927E+03	6.855988E-17	1.133426E-18
8.201127E+03	6.855256E-17	1.133469E-18
8.201327E+03	6.853736E-17	1.133381E-18
8.201527E+03	6.852688E-17	1.133371E-18
8.201727E+03	6.851482E-17	1.133334E-18
8.201927E+03	6.849488E-17	1.133167E-18
8.202127E+03	6.848283E-17	1.133131E-18
8.202327E+03	6.848654E-17	1.133354E-18
8.202527E+03	6.848394E-17	1.133474E-18
8.202727E+03	6.847345E-17	1.133462E-18
8.202927E+03	6.850238E-17	1.134104E-18
8.203127E+03	6.850450E-17	1.134301E-18
8.203327E+03	6.849084E-17	1.134237E-18
8.203527E+03	6.848191E-17	1.134251E-18
8.203727E+03	6.848245E-17	1.134422E-18
8.203927E+03	6.848928E-17	1.134696E-18
8.204128E+03	6.849767E-17	1.134998E-18
8.204328E+03	6.850923E-17	1.135351E-18
8.204528E+03	6.852710E-17	1.135808E-18
8.204728E+03	6.853708E-17	1.136135E-18
8.204928E+03	6.854074E-17	1.136357E-18
8.205128E+03	6.855072E-17	1.136683E-18
8.205328E+03	6.857175E-17	1.137193E-18
8.205528E+03	6.859593E-17	1.137755E-18
8.205728E+03	6.860274E-17	1.138029E-18
8.205928E+03	6.860165E-17	1.138172E-18
8.206128E+03	6.860847E-17	1.138446E-18
8.206328E+03	6.860894E-17	1.138614E-18
8.206528E+03	6.859994E-17	1.138625E-18
8.206728E+03	6.859884E-17	1.138767E-18
8.206928E+03	6.860722E-17	1.139066E-18
8.207128E+03	6.860294E-17	1.139155E-18
8.207328E+03	6.858603E-17	1.139034E-18
8.207528E+03	6.859439E-17	1.139333E-18
8.207728E+03	6.859643E-17	1.139527E-18
8.207928E+03	6.858582E-17	1.139510E-18
8.208128E+03	6.857049E-17	1.139415E-18
8.208328E+03	6.856462E-17	1.139477E-18
8.208528E+03	6.854612E-17	1.139328E-18
8.208728E+03	6.852288E-17	1.139101E-18
8.208928E+03	6.850596E-17	1.138979E-18
8.209128E+03	6.848274E-17	1.138751E-18
8.209328E+03	6.846740E-17	1.138655E-18
8.209529E+03	6.846623E-17	1.138794E-18
8.209729E+03	6.845562E-17	1.138776E-18
8.209929E+03	6.845446E-17	1.138915E-18
8.210129E+03	6.845961E-17	1.139159E-18
8.210329E+03	6.845213E-17	1.139192E-18
8.210529E+03	6.845253E-17	1.139356E-18
8.210728E+03	6.845453E-17	1.139547E-18
8.210928E+03	6.845020E-17	1.139632E-18
8.211129E+03	6.844270E-17	1.139665E-18
8.211328E+03	6.844941E-17	1.139933E-18
8.211529E+03	6.846555E-17	1.140360E-18
8.211728E+03	6.846753E-17	1.140550E-18
8.211928E+03	6.846002E-17	1.140582E-18
8.212128E+03	6.846355E-17	1.140797E-18
8.212328E+03	6.846708E-17	1.141013E-18
8.212528E+03	6.845485E-17	1.140966E-18
8.212728E+03	6.843630E-17	1.140813E-18
8.212928E+03	6.840829E-17	1.140502E-18
8.213128E+03	6.838346E-17	1.140244E-18
8.213328E+03	6.836650E-17	1.140118E-18
8.213528E+03	6.834167E-17	1.139859E-18
8.213728E+03	6.831841E-17	1.139627E-18
8.213928E+03	6.830145E-17	1.139499E-18
8.214128E+03	6.828765E-17	1.139425E-18
8.214328E+03	6.827854E-17	1.139428E-18
8.214528E+03	6.827259E-17	1.139483E-18
8.214729E+03	6.826505E-17	1.139513E-18
8.214929E+03	6.824966E-17	1.139411E-18
8.215129E+03	6.823270E-17	1.139283E-18
8.215329E+03	6.821416E-17	1.139127E-18
8.215529E+03	6.820348E-17	1.139104E-18
8.215729E+03	6.820694E-17	1.139316E-18
8.215929E+03	6.821667E-17	1.139632E-18
8.216129E+03	6.823111E-17	1.140027E-18
8.216329E+03	6.822985E-17	1.140160E-18
8.216529E+03	6.822858E-17	1.140293E-18
8.216729E+03	6.823829E-17	1.140609E-18
8.216929E+03	6.824329E-17	1.140846E-18
8.217129E+03	6.824987E-17	1.141109E-18
8.217329E+03	6.824231E-17	1.141136E-18
8.217529E+03	6.823630E-17	1.141189E-18
8.217729E+03	6.823185E-17	1.141268E-18
8.217929E+03	6.822270E-17	1.141268E-18
8.218129E+03	6.822927E-17	1.141530E-18
8.218329E+03	6.824524E-17	1.141950E-18
8.218529E+03	6.825179E-17	1.142212E-18
8.218729E+03	6.825518E-17	1.142422E-18
8.218929E+03	6.825073E-17	1.142500E-18
8.219129E+03	6.825570E-17	1.142735E-18
8.219329E+03	6.825280E-17	1.142839E-18
8.219529E+03	6.823890E-17	1.142758E-18
8.219729E+03	6.824229E-17	1.142967E-18
8.219930E+03	6.825194E-17	1.143281E-18
8.220130E+03	6.823960E-17	1.143226E-18
8.220330E+03	6.822884E-17	1.143198E-18
8.220530E+03	6.823378E-17	1.143432E-18
8.220730E+03	6.824658E-17	1.143798E-18
8.220930E+03	6.824207E-17	1.143873E-18
8.221130E+03	6.823915E-17	1.143976E-18
8.221330E+03	6.823466E-17	1.144051E-18
8.221530E+03	6.822701E-17	1.144074E-18
8.221730E+03	6.821936E-17	1.144096E-18
8.221930E+03	6.821956E-17	1.144250E-18
8.222130E+03	6.822134E-17	1.144431E-18
8.222330E+03	6.821839E-17	1.144532E-18
8.222530E+03	6.822801E-17	1.144843E-18
8.222730E+03	6.823448E-17	1.145102E-18
8.222930E+03	6.823468E-17	1.145256E-18
8.223130E+03	6.822228E-17	1.145197E-18
8.223330E+03	6.819890E-17	1.144954E-18
8.223530E+03	6.818024E-17	1.144791E-18
8.223729E+03	6.818671E-17	1.145048E-18
8.223930E+03	6.818215E-17	1.145122E-18
8.224129E+03	6.819018E-17	1.145405E-18
8.224329E+03	6.817463E-17	1.145293E-18
8.224530E+03	6.817322E-17	1.145419E-18
8.224729E+03	6.816867E-17	1.145491E-18
8.224929E+03	6.816726E-17	1.145616E-18
8.225129E+03	6.817525E-17	1.145899E-18
8.225330E+03	6.817853E-17	1.146103E-18
8.225530E+03	6.816768E-17	1.146069E-18
8.225730E+03	6.815211E-17	1.145956E-18
8.225930E+03	6.814284E-17	1.145948E-18
8.226130E+03	6.813984E-17	1.146046E-18
8.226330E+03	6.813054E-17	1.146037E-18
8.226530E+03	6.812282E-17	1.146055E-18
8.226730E+03	6.812451E-17	1.146231E-18
8.226930E+03	6.812306E-17	1.146354E-18
8.227130E+03	6.812317E-17	1.146503E-18
8.227330E+03	6.812014E-17	1.146599E-18
8.227530E+03	6.810456E-17	1.146484E-18
8.227730E+03	6.808900E-17	1.146369E-18
8.227930E+03	6.808596E-17	1.146465E-18
8.228130E+03	6.806724E-17	1.146296E-18
8.228330E+03	6.805793E-17	1.146286E-18
8.228530E+03	6.805646E-17	1.146408E-18
8.228730E+03	6.804871E-17	1.146423E-18
8.228930E+03	6.803625E-17	1.146360E-18
8.229130E+03	6.804103E-17	1.146586E-18
8.229330E+03	6.804268E-17	1.146760E-18
8.229530E+03	6.804118E-17	1.146881E-18
8.229730E+03	6.804281E-17	1.147054E-18
8.229930E+03	6.802878E-17	1.146963E-18
8.230130E+03	6.802102E-17	1.146977E-18
8.230330E+03	6.801481E-17	1.147018E-18
8.230531E+03	6.801015E-17	1.147085E-18
8.230731E+03	6.800864E-17	1.147205E-18
8.230931E+03	6.802748E-17	1.147668E-18
8.231131E+03	6.803693E-17	1.147972E-18
8.231331E+03	6.803383E-17	1.148064E-18
8.231531E+03	6.803074E-17	1.148156E-18
8.231731E+03	6.801981E-17	1.148117E-18
8.231931E+03	6.800418E-17	1.147997E-18
8.232131E+03	6.799325E-17	1.147957E-18
8.232331E+03	6.798701E-17	1.147995E-18
8.232531E+03	6.798704E-17	1.148140E-18
8.232731E+03	6.798862E-17	1.148310E-18
8.232931E+03	6.798863E-17	1.148454E-18
8.233131E+03	6.797925E-17	1.148439E-18
8.233331E+03	6.796205E-17	1.148292E-18
8.233531E+03	6.795892E-17	1.148382E-18
8.233731E+03	6.796049E-17	1.148552E-18
8.233931E+03	6.795892E-17	1.148669E-18
8.234131E+03	6.794484E-17	1.148574E-18
8.234331E+03	6.792292E-17	1.148346E-18
8.234531E+03	6.789790E-17	1.148065E-18
8.234731E+03	6.789631E-17	1.148181E-18
8.234931E+03	6.789630E-17	1.148323E-18
8.235131E+03	6.790097E-17	1.148544E-18
8.235331E+03	6.790406E-17	1.148738E-18
8.235531E+03	6.790404E-17	1.148880E-18
8.235732E+03	6.789930E-17	1.148943E-18
8.235932E+03	6.789302E-17	1.148978E-18
8.236132E+03	6.788829E-17	1.149039E-18
8.236332E+03	6.787417E-17	1.148942E-18
8.236531E+03	6.785852E-17	1.148818E-18
8.236731E+03	6.784597E-17	1.148746E-18
8.236932E+03	6.784590E-17	1.148887E-18
8.237131E+03	6.784742E-17	1.149053E-18
8.237332E+03	6.784736E-17	1.149193E-18
8.237531E+03	6.784262E-17	1.149253E-18
8.237731E+03	6.783162E-17	1.149207E-18
8.237931E+03	6.780969E-17	1.148976E-18
8.238131E+03	6.778777E-17	1.148745E-18
8.238331E+03	6.777833E-17	1.148725E-18
8.238531E+03	6.777824E-17	1.148863E-18
8.238731E+03	6.775944E-17	1.148684E-18
8.238931E+03	6.773440E-17	1.148400E-18
8.239131E+03	6.772028E-17	1.148300E-18
8.239331E+03	6.770771E-17	1.148226E-18
8.239531E+03	6.771073E-17	1.148416E-18
8.239731E+03	6.771999E-17	1.148713E-18
8.239931E+03	6.772145E-17	1.148876E-18
8.240131E+03	6.770888E-17	1.148802E-18
8.240331E+03	6.770720E-17	1.148912E-18
8.240531E+03	6.770866E-17	1.149076E-18
8.240731E+03	6.771010E-17	1.149238E-18
8.240931E+03	6.770686E-17	1.149322E-18
8.241132E+03	6.769426E-17	1.149247E-18
8.241332E+03	6.768011E-17	1.149145E-18
8.241532E+03	6.766908E-17	1.149095E-18
8.241732E+03	6.767362E-17	1.149310E-18
8.241932E+03	6.765946E-17	1.149208E-18
8.242132E+03	6.763908E-17	1.148999E-18
8.242332E+03	6.762337E-17	1.148869E-18
8.242532E+03	6.760921E-17	1.148766E-18
8.242732E+03	6.759816E-17	1.148716E-18
8.242932E+03	6.758712E-17	1.148665E-18
8.243132E+03	6.757763E-17	1.148640E-18
8.243332E+03	6.756813E-17	1.148616E-18
8.243532E+03	6.756487E-17	1.148697E-18
8.243732E+03	6.755227E-17	1.148619E-18
8.243932E+03	6.754276E-17	1.148594E-18
8.244132E+03	6.753171E-17	1.148542E-18
8.244332E+03	6.751754E-17	1.148437E-18
8.244532E+03	6.750805E-17	1.148411E-18
8.244732E+03	6.750164E-17	1.148438E-18
8.244932E+03	6.749680E-17	1.148491E-18
8.245132E+03	6.749196E-17	1.148544E-18
8.245332E+03	6.748401E-17	1.148545E-18
8.245532E+03	6.746517E-17	1.148359E-18
8.245732E+03	6.743546E-17	1.147988E-18
8.245932E+03	6.742129E-17	1.147882E-18
8.246132E+03	6.740868E-17	1.147802E-18
8.246333E+03	6.738207E-17	1.147484E-18
8.246533E+03	6.735704E-17	1.147192E-18
8.246733E+03	6.734287E-17	1.147085E-18
8.246933E+03	6.734112E-17	1.147190E-18
8.247133E+03	6.733624E-17	1.147240E-18
8.247333E+03	6.733448E-17	1.147344E-18
8.247533E+03	6.732650E-17	1.147342E-18
8.247733E+03	6.731698E-17	1.147314E-18
8.247933E+03	6.729815E-17	1.147126E-18
8.248133E+03	6.729326E-17	1.147176E-18
8.248333E+03	6.728373E-17	1.147147E-18
8.248533E+03	6.726801E-17	1.147012E-18
8.248733E+03	6.725228E-17	1.146876E-18
8.248933E+03	6.725513E-17	1.147058E-18
8.249132E+03	6.725335E-17	1.147159E-18
8.249333E+03	6.725309E-17	1.147288E-18
8.249532E+03	6.725285E-17	1.147416E-18
8.249733E+03	6.723709E-17	1.147280E-18
8.249933E+03	6.721825E-17	1.147091E-18
8.250132E+03	6.720718E-17	1.147033E-18
8.250332E+03	6.719762E-17	1.147002E-18
8.250532E+03	6.719117E-17	1.147023E-18
8.250732E+03	6.720017E-17	1.147309E-18
8.250932E+03	6.719990E-17	1.147436E-18
8.251132E+03	6.719189E-17	1.147430E-18
8.251332E+03	6.717922E-17	1.147345E-18
8.251533E+03	6.716346E-17	1.147207E-18
8.251733E+03	6.716781E-17	1.147413E-18
8.251933E+03	6.715669E-17	1.147354E-18
8.252133E+03	6.714248E-17	1.147241E-18
8.252333E+03	6.713446E-17	1.147235E-18
8.252533E+03	6.713262E-17	1.147334E-18
8.252733E+03	6.713230E-17	1.147459E-18
8.252933E+03	6.712890E-17	1.147531E-18
8.253133E+03	6.711932E-17	1.147497E-18
8.253333E+03	6.711129E-17	1.147490E-18
8.253533E+03	6.711251E-17	1.147640E-18
8.253733E+03	6.711220E-17	1.147765E-18
8.253933E+03	6.710414E-17	1.147757E-18
8.254133E+03	6.707138E-17	1.147326E-18
8.254333E+03	6.704943E-17	1.147079E-18
8.254533E+03	6.703212E-17	1.146912E-18
8.254733E+03	6.703025E-17	1.147009E-18
8.254933E+03	6.699750E-17	1.146578E-18
8.255133E+03	6.697249E-17	1.146278E-18
8.255333E+03	6.696134E-17	1.146216E-18
8.255533E+03	6.694558E-17	1.146074E-18
8.255733E+03	6.694678E-17	1.146223E-18
8.255933E+03	6.695568E-17	1.146503E-18
8.256133E+03	6.696610E-17	1.146810E-18
8.256333E+03	6.696421E-17	1.146905E-18
8.256533E+03	6.696694E-17	1.147080E-18
8.256734E+03	6.696193E-17	1.147122E-18
8.256934E+03	6.696156E-17	1.147243E-18
8.257134E+03	6.696890E-17	1.147496E-18
8.257334E+03	6.696698E-17	1.147591E-18
8.257534E+03	6.692960E-17	1.147077E-18
8.257734E+03	6.692769E-17	1.147172E-18
8.257934E+03	6.694118E-17	1.147530E-18
8.258134E+03	6.694079E-17	1.147650E-18
8.258334E+03	6.693115E-17	1.147611E-18
8.258534E+03	6.692921E-17	1.147704E-18
8.258734E+03	6.692574E-17	1.147771E-18
8.258934E+03	6.691456E-17	1.147706E-18
8.259134E+03	6.689721E-17	1.147534E-18
8.259334E+03	6.689064E-17	1.147548E-18
8.259534E+03	6.689024E-17	1.147666E-18
8.259734E+03	6.688367E-17	1.147680E-18
8.259934E+03	6.688017E-17	1.147745E-18
8.260134E+03	6.687360E-17	1.147758E-18
8.260334E+03	6.685624E-17	1.147585E-18
8.260534E+03	6.683274E-17	1.147307E-18
8.260734E+03	6.681076E-17	1.147055E-18
8.260934E+03	6.679188E-17	1.146855E-18
8.261134E+03	6.676838E-17	1.146576E-18
8.261334E+03	6.674336E-17	1.146271E-18
8.261534E+03	6.671680E-17	1.145939E-18
8.261734E+03	6.668411E-17	1.145502E-18
8.261933E+03	6.664837E-17	1.145012E-18
8.262135E+03	6.664483E-17	1.145076E-18
8.262335E+03	6.664438E-17	1.145192E-18
8.262534E+03	6.663780E-17	1.145202E-18
8.262735E+03	6.662966E-17	1.145186E-18
8.262934E+03	6.661236E-17	1.145011E-18
8.263134E+03	6.659655E-17	1.144863E-18
8.263334E+03	6.659149E-17	1.144899E-18
8.263534E+03	6.658642E-17	1.144935E-18
8.263734E+03	6.657983E-17	1.144944E-18
8.263934E+03	6.657322E-17	1.144953E-18
8.264134E+03	6.656509E-17	1.144936E-18
8.264334E+03	6.655694E-17	1.144918E-18
8.264534E+03	6.655340E-17	1.144980E-18
8.264734E+03	6.655598E-17	1.145146E-18
8.264934E+03	6.656622E-17	1.145444E-18
8.265134E+03	6.657340E-17	1.145690E-18
8.265334E+03	6.658057E-17	1.145935E-18
8.265534E+03	6.658161E-17	1.146074E-18
8.265734E+03	6.656731E-17	1.145950E-18
8.265934E+03	6.654076E-17	1.145614E-18
8.266134E+03	6.652034E-17	1.145384E-18
8.266334E+03	6.651065E-17	1.145338E-18
8.266534E+03	6.651473E-17	1.145529E-18
8.266734E+03	6.649431E-17	1.145299E-18
8.266934E+03	6.646625E-17	1.144936E-18
8.267134E+03	6.646420E-17	1.145021E-18
8.267335E+03	6.646518E-17	1.145159E-18
8.267535E+03	6.646619E-17	1.145297E-18
8.267735E+03	6.645190E-17	1.145171E-18
8.267935E+03	6.644677E-17	1.145203E-18
8.268135E+03	6.643400E-17	1.145102E-18
8.268335E+03	6.639218E-17	1.144501E-18
8.268535E+03	6.636718E-17	1.144190E-18
8.268735E+03	6.634983E-17	1.144010E-18
8.268935E+03	6.633707E-17	1.143910E-18
8.269135E+03	6.632278E-17	1.143782E-18
8.269335E+03	6.630849E-17	1.143655E-18
8.269535E+03	6.628809E-17	1.143422E-18
8.269735E+03	6.627075E-17	1.143242E-18
8.269935E+03	6.626255E-17	1.143219E-18
8.270135E+03	6.625132E-17	1.143144E-18
8.270335E+03	6.624313E-17	1.143120E-18
8.270535E+03	6.624103E-17	1.143202E-18
8.270735E+03	6.623284E-17	1.143179E-18
8.270935E+03	6.621245E-17	1.142945E-18
8.271135E+03	6.619053E-17	1.142684E-18
8.271335E+03	6.617167E-17	1.142476E-18
8.271535E+03	6.616499E-17	1.142479E-18
8.271735E+03	6.617203E-17	1.142718E-18
8.271935E+03	6.617144E-17	1.142825E-18
8.272135E+03	6.616018E-17	1.142747E-18
8.272335E+03	6.614437E-17	1.142591E-18
8.272536E+03	6.613462E-17	1.142540E-18
8.272736E+03	6.612183E-17	1.142436E-18
8.272936E+03	6.611058E-17	1.142358E-18
8.273136E+03	6.610845E-17	1.142438E-18
8.273336E+03	6.610329E-17	1.142465E-18
8.273536E+03	6.609354E-17	1.142412E-18
8.273736E+03	6.609293E-17	1.142518E-18
8.273936E+03	6.608927E-17	1.142570E-18
8.274136E+03	6.606888E-17	1.142334E-18
8.274336E+03	6.605153E-17	1.142149E-18
8.274535E+03	6.604788E-17	1.142201E-18
8.274736E+03	6.604268E-17	1.142227E-18
8.274935E+03	6.603447E-17	1.142200E-18
8.275136E+03	6.602317E-17	1.142120E-18
8.275335E+03	6.601343E-17	1.142066E-18
8.275535E+03	6.599760E-17	1.141907E-18
8.275735E+03	6.598329E-17	1.141774E-18
8.275935E+03	6.597202E-17	1.141694E-18
8.276135E+03	6.596680E-17	1.141718E-18
8.276335E+03	6.594794E-17	1.141505E-18
8.276535E+03	6.592300E-17	1.141188E-18
8.276735E+03	6.591020E-17	1.141080E-18
8.276935E+03	6.588830E-17	1.140815E-18
8.277135E+03	6.585731E-17	1.140392E-18
8.277335E+03	6.582634E-17	1.139969E-18
8.277535E+03	6.579991E-17	1.139625E-18
8.277735E+03	6.579167E-17	1.139595E-18
8.277936E+03	6.578037E-17	1.139513E-18
8.278136E+03	6.577365E-17	1.139510E-18
8.278336E+03	6.577751E-17	1.139689E-18
8.278536E+03	6.575867E-17	1.139476E-18
8.278736E+03	6.574890E-17	1.139419E-18
8.278936E+03	6.573915E-17	1.139362E-18
8.279136E+03	6.572937E-17	1.139305E-18
8.279336E+03	6.570902E-17	1.139064E-18
8.279536E+03	6.569169E-17	1.138876E-18
8.279736E+03	6.568798E-17	1.138924E-18
8.279936E+03	6.567215E-17	1.138761E-18
8.280136E+03	6.565179E-17	1.138519E-18
8.280336E+03	6.563296E-17	1.138304E-18
8.280536E+03	6.561413E-17	1.138089E-18
8.280736E+03	6.559529E-17	1.137873E-18
8.280936E+03	6.556891E-17	1.137526E-18
8.281136E+03	6.554556E-17	1.137232E-18
8.281336E+03	6.552976E-17	1.137069E-18
8.281536E+03	6.551547E-17	1.136931E-18
8.281736E+03	6.549966E-17	1.136767E-18
8.281936E+03	6.548386E-17	1.136603E-18
8.282136E+03	6.547108E-17	1.136491E-18
8.282336E+03	6.545829E-17	1.136379E-18
8.282536E+03	6.544702E-17	1.136293E-18
8.282736E+03	6.544327E-17	1.136338E-18
8.282936E+03	6.544103E-17	1.136409E-18
8.283137E+03	6.543576E-17	1.136427E-18
8.283337E+03	6.542446E-17	1.136340E-18
8.283537E+03	6.541469E-17	1.136279E-18
8.283737E+03	6.541244E-17	1.136350E-18
8.283937E+03	6.541470E-17	1.136498E-18
8.284137E+03	6.541998E-17	1.136698E-18
8.284337E+03	6.542223E-17	1.136846E-18
8.284537E+03	6.542149E-17	1.136942E-18
8.284737E+03	6.541922E-17	1.137011E-18
8.284937E+03	6.541845E-17	1.137106E-18
8.285137E+03	6.541618E-17	1.137174E-18
8.285337E+03	6.541241E-17	1.137217E-18
8.285537E+03	6.541465E-17	1.137364E-18
8.285737E+03	6.540785E-17	1.137353E-18
8.285937E+03	6.538901E-17	1.137134E-18
8.286137E+03	6.537318E-17	1.136966E-18
8.286337E+03	6.535133E-17	1.136693E-18
8.286537E+03	6.532196E-17	1.136290E-18
8.286737E+03	6.529561E-17	1.135938E-18
8.286937E+03	6.526476E-17	1.135509E-18
8.287137E+03	6.523542E-17	1.135105E-18
8.287336E+03	6.521212E-17	1.134806E-18
8.287537E+03	6.520831E-17	1.134846E-18
8.287737E+03	6.521052E-17	1.134991E-18
8.287936E+03	6.520823E-17	1.135057E-18
8.288137E+03	6.519991E-17	1.135019E-18
8.288337E+03	6.518409E-17	1.134849E-18
8.288537E+03	6.516078E-17	1.134550E-18
8.288737E+03	6.513447E-17	1.134197E-18
8.288937E+03	6.510816E-17	1.133844E-18
8.289137E+03	6.508636E-17	1.133570E-18
8.289337E+03	6.507207E-17	1.133426E-18
8.289537E+03	6.506075E-17	1.133334E-18
8.289737E+03	6.503596E-17	1.133007E-18
8.289937E+03	6.500520E-17	1.132576E-18
8.290137E+03	6.498792E-17	1.132380E-18
8.290337E+03	6.497511E-17	1.132261E-18
8.290537E+03	6.495782E-17	1.132064E-18
8.290737E+03	6.494204E-17	1.131893E-18
8.290937E+03	6.493224E-17	1.131827E-18
8.291137E+03	6.492690E-17	1.131837E-18
8.291337E+03	6.491410E-17	1.131718E-18
8.291537E+03	6.489533E-17	1.131494E-18
8.291737E+03	6.487805E-17	1.131297E-18
8.291937E+03	6.485480E-17	1.130995E-18
8.292137E+03	6.482557E-17	1.130588E-18
8.292337E+03	6.480085E-17	1.130260E-18
8.292537E+03	6.475972E-17	1.129646E-18
8.292737E+03	6.472010E-17	1.129057E-18
8.292937E+03	6.471924E-17	1.129144E-18
8.293137E+03	6.470497E-17	1.128998E-18
8.293337E+03	6.467580E-17	1.128592E-18
8.293538E+03	6.464960E-17	1.128237E-18
8.293738E+03	6.462939E-17	1.127986E-18
8.293938E+03	6.460768E-17	1.127709E-18
8.294138E+03	6.459046E-17	1.127510E-18
8.294338E+03	6.458511E-17	1.127518E-18
8.294538E+03	6.457679E-17	1.127474E-18
8.294738E+03	6.455808E-17	1.127249E-18
8.294938E+03	6.454976E-17	1.127205E-18
8.295138E+03	6.455333E-17	1.127368E-18
8.295338E+03	6.454204E-17	1.127272E-18
8.295538E+03	6.452777E-17	1.127123E-18
8.295738E+03	6.451945E-17	1.127079E-18
8.295938E+03	6.450519E-17	1.126930E-18
8.296138E+03	6.448052E-17	1.126599E-18
8.296338E+03	6.445588E-17	1.126269E-18
8.296538E+03	6.443717E-17	1.126042E-18
8.296738E+03	6.442588E-17	1.125945E-18
8.296938E+03	6.442496E-17	1.126028E-18
8.297138E+03	6.439885E-17	1.125672E-18
8.297338E+03	6.436532E-17	1.125185E-18
8.297538E+03	6.436589E-17	1.125294E-18
8.297738E+03	6.436200E-17	1.125326E-18
8.297938E+03	6.434922E-17	1.125201E-18
8.298138E+03	6.433497E-17	1.125051E-18
8.298338E+03	6.431776E-17	1.124849E-18
8.298538E+03	6.429906E-17	1.124621E-18
8.298738E+03	6.429220E-17	1.124599E-18
8.298939E+03	6.428238E-17	1.124526E-18
8.299139E+03	6.426813E-17	1.124375E-18
8.299339E+03	6.423611E-17	1.123913E-18
8.299539E+03	6.419082E-17	1.123219E-18
8.299739E+03	6.416476E-17	1.122861E-18
8.299939E+03	6.415348E-17	1.122761E-18
8.300138E+03	6.413335E-17	1.122505E-18
8.300338E+03	6.410878E-17	1.122173E-18
8.300539E+03	6.409453E-17	1.122021E-18
8.300738E+03	6.407441E-17	1.121765E-18
8.300939E+03	6.405721E-17	1.121562E-18
8.301138E+03	6.405774E-17	1.121667E-18
8.301338E+03	6.405089E-17	1.121644E-18
8.301538E+03	6.404992E-17	1.121724E-18
8.301738E+03	6.402684E-17	1.121416E-18
8.301938E+03	6.400672E-17	1.121160E-18
8.302138E+03	6.399101E-17	1.120981E-18
8.302338E+03	6.398709E-17	1.121008E-18
8.302538E+03	6.399202E-17	1.121190E-18
8.302738E+03	6.397189E-17	1.120933E-18
8.302938E+03	6.395177E-17	1.120676E-18
8.303138E+03	6.394784E-17	1.120703E-18
8.303338E+03	6.394244E-17	1.120704E-18
8.303538E+03	6.393998E-17	1.120756E-18
8.303738E+03	6.393459E-17	1.120757E-18
8.303938E+03	6.392034E-17	1.120602E-18
8.304139E+03	6.390903E-17	1.120499E-18
8.304339E+03	6.389479E-17	1.120344E-18
8.304539E+03	6.388204E-17	1.120215E-18
8.304739E+03	6.387220E-17	1.120137E-18
8.304939E+03	6.386533E-17	1.120110E-18
8.305139E+03	6.385991E-17	1.120110E-18
8.305339E+03	6.385744E-17	1.120161E-18
8.305539E+03	6.385349E-17	1.120185E-18
8.305739E+03	6.384512E-17	1.120132E-18
8.305939E+03	6.383088E-17	1.119976E-18
8.306139E+03	6.382105E-17	1.119897E-18
8.306339E+03	6.381856E-17	1.119947E-18
8.306539E+03	6.381754E-17	1.120022E-18
8.306739E+03	6.380770E-17	1.119943E-18
8.306939E+03	6.379199E-17	1.119760E-18
8.307139E+03	6.378067E-17	1.119655E-18
8.307339E+03	6.376643E-17	1.119497E-18
8.307539E+03	6.375365E-17	1.119366E-18
8.307739E+03	6.373648E-17	1.119157E-18
8.307939E+03	6.372370E-17	1.119025E-18
8.308139E+03	6.371679E-17	1.118996E-18
8.308339E+03	6.370548E-17	1.118889E-18
8.308539E+03	6.369124E-17	1.118731E-18
8.308739E+03	6.367113E-17	1.118470E-18
8.308939E+03	6.364663E-17	1.118131E-18
8.309139E+03	6.363386E-17	1.117998E-18
8.309340E+03	6.362694E-17	1.117969E-18
8.309540E+03	6.361123E-17	1.117784E-18
8.309740E+03	6.360138E-17	1.117702E-18
8.309940E+03	6.359740E-17	1.117723E-18
8.310140E+03	6.358902E-17	1.117667E-18
8.310340E+03	6.357331E-17	1.117482E-18
8.310540E+03	6.355761E-17	1.117296E-18
8.310740E+03	6.354776E-17	1.117214E-18
8.310940E+03	6.353353E-17	1.117054E-18
8.311140E+03	6.351637E-17	1.116843E-18
8.311340E+03	6.351382E-17	1.116888E-18
8.311540E+03	6.350251E-17	1.116779E-18
8.311740E+03	6.346490E-17	1.116208E-18
8.311940E+03	6.344044E-17	1.115867E-18
8.312140E+03	6.343643E-17	1.115886E-18
8.312340E+03	6.344119E-17	1.116059E-18
8.312540E+03	6.343718E-17	1.116078E-18
8.312739E+03	6.342443E-17	1.115943E-18
8.312940E+03	6.340725E-17	1.115730E-18
8.313139E+03	6.338283E-17	1.115389E-18
8.313340E+03	6.337004E-17	1.115253E-18
8.313540E+03	6.336018E-17	1.115168E-18
8.313739E+03	6.334452E-17	1.114981E-18
8.313940E+03	6.332736E-17	1.114767E-18
8.314139E+03	6.331898E-17	1.114708E-18
8.314339E+03	6.330767E-17	1.114597E-18
8.314540E+03	6.330071E-17	1.114563E-18
8.314740E+03	6.330397E-17	1.114708E-18
8.314940E+03	6.331015E-17	1.114905E-18
8.315140E+03	6.330612E-17	1.114921E-18
8.315340E+03	6.329771E-17	1.114861E-18
8.315540E+03	6.328639E-17	1.114749E-18
8.315740E+03	6.326632E-17	1.114483E-18
8.315940E+03	6.325646E-17	1.114396E-18
8.316140E+03	6.326116E-17	1.114566E-18
8.316340E+03	6.325566E-17	1.114556E-18
8.316540E+03	6.323852E-17	1.114341E-18
8.316740E+03	6.322719E-17	1.114228E-18
8.316940E+03	6.321295E-17	1.114064E-18
8.317140E+03	6.319726E-17	1.113873E-18
8.317340E+03	6.320049E-17	1.114017E-18
8.317540E+03	6.320808E-17	1.114237E-18
8.317740E+03	6.320547E-17	1.114277E-18
8.317940E+03	6.321015E-17	1.114445E-18
8.318140E+03	6.321337E-17	1.114588E-18
8.318340E+03	6.320494E-17	1.114525E-18
8.318540E+03	6.319796E-17	1.114488E-18
8.318740E+03	6.319390E-17	1.114501E-18
8.318940E+03	6.318837E-17	1.114490E-18
8.319140E+03	6.317994E-17	1.114426E-18
8.319340E+03	6.317150E-17	1.114362E-18
8.319540E+03	6.316307E-17	1.114298E-18
8.319740E+03	6.315900E-17	1.114312E-18
8.319941E+03	6.315198E-17	1.114273E-18
8.320141E+03	6.313336E-17	1.114029E-18
8.320341E+03	6.312928E-17	1.114041E-18
8.320541E+03	6.312666E-17	1.114080E-18
8.320741E+03	6.311385E-17	1.113938E-18
8.320941E+03	6.311122E-17	1.113975E-18
8.321141E+03	6.310277E-17	1.113910E-18
8.321341E+03	6.309868E-17	1.113922E-18
8.321541E+03	6.310475E-17	1.114113E-18
8.321741E+03	6.311374E-17	1.114355E-18
8.321941E+03	6.311545E-17	1.114469E-18
8.322141E+03	6.311136E-17	1.114480E-18
8.322341E+03	6.310871E-17	1.114517E-18
8.322541E+03	6.309734E-17	1.114399E-18
8.322741E+03	6.308015E-17	1.114179E-18
8.322941E+03	6.307896E-17	1.114241E-18
8.323141E+03	6.308791E-17	1.114482E-18
8.323341E+03	6.308235E-17	1.114466E-18
8.323541E+03	6.305645E-17	1.114091E-18
8.323741E+03	6.304798E-17	1.114024E-18
8.323941E+03	6.303951E-17	1.113957E-18
8.324141E+03	6.303394E-17	1.113940E-18
8.324341E+03	6.303562E-17	1.114052E-18
8.324541E+03	6.304458E-17	1.114293E-18
8.324741E+03	6.304770E-17	1.114430E-18
8.324941E+03	6.304212E-17	1.114413E-18
8.325142E+03	6.302926E-17	1.114268E-18
8.325342E+03	6.301352E-17	1.114071E-18
8.325541E+03	6.299055E-17	1.113746E-18
8.325742E+03	6.296320E-17	1.113343E-18
8.325942E+03	6.294167E-17	1.113044E-18
8.326141E+03	6.292162E-17	1.112770E-18
8.326342E+03	6.290443E-17	1.112547E-18
8.326541E+03	6.288872E-17	1.112350E-18
8.326742E+03	6.287443E-17	1.112178E-18
8.326941E+03	6.285729E-17	1.111955E-18
8.327141E+03	6.284012E-17	1.111731E-18
8.327341E+03	6.282296E-17	1.111507E-18
8.327541E+03	6.280579E-17	1.111284E-18
8.327741E+03	6.278575E-17	1.111009E-18
8.327941E+03	6.279461E-17	1.111246E-18
8.328141E+03	6.281216E-17	1.111636E-18
8.328341E+03	6.279789E-17	1.111463E-18
8.328541E+03	6.279518E-17	1.111495E-18
8.328741E+03	6.279826E-17	1.111628E-18
8.328941E+03	6.279699E-17	1.111685E-18
8.329141E+03	6.278560E-17	1.111562E-18
8.329341E+03	6.275109E-17	1.111030E-18
8.329541E+03	6.274260E-17	1.110959E-18
8.329741E+03	6.274277E-17	1.111040E-18
8.329941E+03	6.273716E-17	1.111019E-18
8.330141E+03	6.273444E-17	1.111050E-18
8.330342E+03	6.273169E-17	1.111080E-18
8.330542E+03	6.272031E-17	1.110956E-18
8.330742E+03	6.269448E-17	1.110577E-18
8.330942E+03	6.268597E-17	1.110504E-18
8.331142E+03	6.268180E-17	1.110508E-18
8.331342E+03	6.267040E-17	1.110384E-18
8.331542E+03	6.266478E-17	1.110362E-18
8.331742E+03	6.266061E-17	1.110365E-18
8.331942E+03	6.265642E-17	1.110368E-18
8.332142E+03	6.265081E-17	1.110346E-18
8.332342E+03	6.264373E-17	1.110298E-18
8.332542E+03	6.263811E-17	1.110275E-18
8.332742E+03	6.263247E-17	1.110252E-18
8.332942E+03	6.262828E-17	1.110254E-18
8.333142E+03	6.262409E-17	1.110257E-18
8.333342E+03	6.262134E-17	1.110285E-18
8.333542E+03	6.261859E-17	1.110312E-18
8.333742E+03	6.261728E-17	1.110365E-18
8.333942E+03	6.261740E-17	1.110443E-18
8.334142E+03	6.261752E-17	1.110522E-18
8.334342E+03	6.261909E-17	1.110625E-18
8.334542E+03	6.262065E-17	1.110728E-18
8.334742E+03	6.262221E-17	1.110832E-18
8.334942E+03	6.261800E-17	1.110833E-18
8.335142E+03	6.261522E-17	1.110859E-18
8.335342E+03	6.261245E-17	1.110885E-18
8.335542E+03	6.261545E-17	1.111013E-18
8.335743E+03	6.260832E-17	1.110963E-18
8.335943E+03	6.258536E-17	1.110630E-18
8.336143E+03	6.256817E-17	1.110400E-18
8.336343E+03	6.256395E-17	1.110400E-18
8.336543E+03	6.256693E-17	1.110527E-18
8.336743E+03	6.255982E-17	1.110476E-18
8.336943E+03	6.254263E-17	1.110245E-18
8.337143E+03	6.253984E-17	1.110269E-18
8.337343E+03	6.253705E-17	1.110294E-18
8.337543E+03	6.252418E-17	1.110139E-18
8.337743E+03	6.250555E-17	1.109882E-18
8.337943E+03	6.249124E-17	1.109702E-18
8.338143E+03	6.248557E-17	1.109675E-18
8.338343E+03	6.248421E-17	1.109724E-18
8.338542E+03	6.247279E-17	1.109595E-18
8.338743E+03	6.245990E-17	1.109439E-18
8.338942E+03	6.245856E-17	1.109488E-18
8.339142E+03	6.246006E-17	1.109588E-18
8.339343E+03	6.245723E-17	1.109611E-18
8.339542E+03	6.245157E-17	1.109583E-18
8.339742E+03	6.245883E-17	1.109784E-18
8.339942E+03	6.247327E-17	1.110113E-18
8.340142E+03	6.248052E-17	1.110315E-18
8.340342E+03	6.247482E-17	1.110286E-18
8.340542E+03	6.247344E-17	1.110334E-18
8.340742E+03	6.247924E-17	1.110509E-18
8.340943E+03	6.248214E-17	1.110633E-18
8.341143E+03	6.246638E-17	1.110424E-18
8.341343E+03	6.244342E-17	1.110088E-18
8.341543E+03	6.243196E-17	1.109956E-18
8.341743E+03	6.243343E-17	1.110054E-18
8.341943E+03	6.241910E-17	1.109870E-18
8.342143E+03	6.240477E-17	1.109687E-18
8.342343E+03	6.240049E-17	1.109682E-18
8.342543E+03	6.239478E-17	1.109651E-18
8.342743E+03	6.239193E-17	1.109671E-18
8.342943E+03	6.237617E-17	1.109462E-18
8.343143E+03	6.236901E-17	1.109405E-18
8.343343E+03	6.238627E-17	1.109783E-18
8.343543E+03	6.239204E-17	1.109956E-18
8.343743E+03	6.238919E-17	1.109976E-18
8.343943E+03	6.238920E-17	1.110046E-18
8.344143E+03	6.239497E-17	1.110218E-18
8.344343E+03	6.239642E-17	1.110314E-18
8.344543E+03	6.239357E-17	1.110334E-18
8.344743E+03	6.239213E-17	1.110378E-18
8.344943E+03	6.238927E-17	1.110396E-18
8.345143E+03	6.238066E-17	1.110313E-18
8.345343E+03	6.236630E-17	1.110127E-18
8.345543E+03	6.235481E-17	1.109991E-18
8.345743E+03	6.234476E-17	1.109881E-18
8.345943E+03	6.233759E-17	1.109823E-18
8.346144E+03	6.233900E-17	1.109917E-18
8.346344E+03	6.234043E-17	1.110011E-18
8.346544E+03	6.232750E-17	1.109850E-18
8.346744E+03	6.231458E-17	1.109688E-18
8.346944E+03	6.232318E-17	1.109910E-18
8.347144E+03	6.233895E-17	1.110259E-18
8.347344E+03	6.233319E-17	1.110225E-18
8.347544E+03	6.232169E-17	1.110088E-18
8.347744E+03	6.231450E-17	1.110028E-18
8.347944E+03	6.230013E-17	1.109840E-18
8.348144E+03	6.229150E-17	1.109754E-18
8.348344E+03	6.229147E-17	1.109821E-18
8.348544E+03	6.228858E-17	1.109837E-18
8.348744E+03	6.228855E-17	1.109904E-18
8.348944E+03	6.228421E-17	1.109894E-18
8.349144E+03	6.227987E-17	1.109884E-18
8.349344E+03	6.227697E-17	1.109899E-18
8.349544E+03	6.226832E-17	1.109812E-18
8.349744E+03	6.226542E-17	1.109827E-18
8.349944E+03	6.225390E-17	1.109688E-18
8.350144E+03	6.223953E-17	1.109499E-18
8.350344E+03	6.223518E-17	1.109488E-18
8.350544E+03	6.223657E-17	1.109579E-18
8.350744E+03	6.223651E-17	1.109644E-18
8.350944E+03	6.223074E-17	1.109607E-18
8.351144E+03	6.222351E-17	1.109544E-18
8.351344E+03	6.221343E-17	1.109430E-18
8.351544E+03	6.221194E-17	1.109470E-18
8.351745E+03	6.222332E-17	1.109739E-18
8.351944E+03	6.222327E-17	1.109803E-18
8.352145E+03	6.221030E-17	1.109637E-18
8.352344E+03	6.218734E-17	1.109293E-18
8.352544E+03	6.217439E-17	1.109127E-18
8.352744E+03	6.216142E-17	1.108960E-18
8.352944E+03	6.213989E-17	1.108641E-18
8.353144E+03	6.211836E-17	1.108322E-18
8.353344E+03	6.210255E-17	1.108104E-18
8.353544E+03	6.208818E-17	1.107912E-18
8.353744E+03	6.207380E-17	1.107720E-18
8.353944E+03	6.206799E-17	1.107681E-18
8.354144E+03	6.206220E-17	1.107642E-18
8.354344E+03	6.205353E-17	1.107551E-18
8.354544E+03	6.205345E-17	1.107613E-18
8.354744E+03	6.205765E-17	1.107752E-18
8.354944E+03	6.206327E-17	1.107916E-18
8.355144E+03	6.206889E-17	1.108080E-18
8.355344E+03	6.207451E-17	1.108244E-18
8.355544E+03	6.208156E-17	1.108433E-18
8.355744E+03	6.208861E-17	1.108622E-18
8.355944E+03	6.209708E-17	1.108837E-18
8.356144E+03	6.209412E-17	1.108847E-18
8.356344E+03	6.208257E-17	1.108703E-18
8.356544E+03	6.206960E-17	1.108535E-18
8.356745E+03	6.205662E-17	1.108366E-18
8.356945E+03	6.204650E-17	1.108247E-18
8.357145E+03	6.203210E-17	1.108053E-18
8.357345E+03	6.201485E-17	1.107807E-18
8.357545E+03	6.200759E-17	1.107739E-18
8.357745E+03	6.200462E-17	1.107748E-18
8.357945E+03	6.200163E-17	1.107757E-18
8.358145E+03	6.199010E-17	1.107613E-18
8.358345E+03	6.197285E-17	1.107366E-18
8.358545E+03	6.196558E-17	1.107298E-18
8.358745E+03	6.196688E-17	1.107383E-18
8.358945E+03	6.196675E-17	1.107442E-18
8.359145E+03	6.194807E-17	1.107169E-18
8.359345E+03	6.193082E-17	1.106922E-18
8.359545E+03	6.192498E-17	1.106878E-18
8.359745E+03	6.191486E-17	1.106758E-18
8.359945E+03	6.190189E-17	1.106587E-18
8.360145E+03	6.190032E-17	1.106620E-18
8.360345E+03	6.189590E-17	1.106601E-18
8.360545E+03	6.187439E-17	1.106277E-18
8.360745E+03	6.185572E-17	1.106003E-18
8.360945E+03	6.185129E-17	1.105984E-18
8.361145E+03	6.184687E-17	1.105965E-18
8.361345E+03	6.184245E-17	1.105946E-18
8.361545E+03	6.182662E-17	1.105723E-18
8.361745E+03	6.180796E-17	1.105449E-18
8.361946E+03	6.180351E-17	1.105429E-18
8.362146E+03	6.180193E-17	1.105460E-18
8.362346E+03	6.179322E-17	1.105363E-18
8.362546E+03	6.177599E-17	1.105114E-18
8.362746E+03	6.176587E-17	1.104992E-18
8.362946E+03	6.174579E-17	1.104692E-18
8.363146E+03	6.173566E-17	1.104570E-18
8.363346E+03	6.173549E-17	1.104625E-18
8.363546E+03	6.174101E-17	1.104782E-18
8.363746E+03	6.173514E-17	1.104736E-18
8.363945E+03	6.172362E-17	1.104588E-18
8.364146E+03	6.171204E-17	1.104439E-18
8.364345E+03	6.170479E-17	1.104367E-18
8.364546E+03	6.169747E-17	1.104294E-18
8.364746E+03	6.169445E-17	1.104298E-18
8.364945E+03	6.168860E-17	1.104251E-18
8.365145E+03	6.167562E-17	1.104076E-18
8.365345E+03	6.167259E-17	1.104080E-18
8.365545E+03	6.166388E-17	1.103981E-18
8.365745E+03	6.164523E-17	1.103704E-18
8.365945E+03	6.163794E-17	1.103631E-18
8.366145E+03	6.164058E-17	1.103735E-18
8.366345E+03	6.164179E-17	1.103814E-18
8.366545E+03	6.163024E-17	1.103663E-18
8.366745E+03	6.161869E-17	1.103513E-18
8.366945E+03	6.162416E-17	1.103668E-18
8.367146E+03	6.163528E-17	1.103924E-18
8.367346E+03	6.162940E-17	1.103875E-18
8.367546E+03	6.161357E-17	1.103647E-18
8.367746E+03	6.160059E-17	1.103471E-18
8.367946E+03	6.158478E-17	1.103244E-18
8.368146E+03	6.156755E-17	1.102991E-18
8.368346E+03	6.155315E-17	1.102789E-18
8.368546E+03	6.153593E-17	1.102536E-18
8.368746E+03	6.152721E-17	1.102435E-18
8.368946E+03	6.152415E-17	1.102435E-18
8.369146E+03	6.150834E-17	1.102207E-18
8.369346E+03	6.149113E-17	1.101954E-18
8.369546E+03	6.148947E-17	1.101979E-18
8.369746E+03	6.148358E-17	1.101928E-18
8.369946E+03	6.148193E-17	1.101954E-18
8.370146E+03	6.148453E-17	1.102055E-18
8.370346E+03	6.148146E-17	1.102055E-18
8.370546E+03	6.148122E-17	1.102105E-18
8.370746E+03	6.147957E-17	1.102129E-18
8.370946E+03	6.147225E-17	1.102053E-18
8.371146E+03	6.145927E-17	1.101874E-18
8.371346E+03	6.145336E-17	1.101822E-18
8.371546E+03	6.145170E-17	1.101846E-18
8.371746E+03	6.144579E-17	1.101794E-18
8.371946E+03	6.143563E-17	1.101665E-18
8.372146E+03	6.142972E-17	1.101612E-18
8.372346E+03	6.143089E-17	1.101687E-18
8.372547E+03	6.142778E-17	1.101685E-18
8.372747E+03	6.141903E-17	1.101581E-18
8.372947E+03	6.140888E-17	1.101452E-18
8.373147E+03	6.138741E-17	1.101120E-18
8.373347E+03	6.136737E-17	1.100813E-18
8.373547E+03	6.136003E-17	1.100734E-18
8.373747E+03	6.135977E-17	1.100782E-18
8.373947E+03	6.135808E-17	1.100804E-18
8.374147E+03	6.135216E-17	1.100750E-18
8.374347E+03	6.134906E-17	1.100747E-18
8.374547E+03	6.134879E-17	1.100794E-18
8.374747E+03	6.134852E-17	1.100841E-18
8.374947E+03	6.134542E-17	1.100837E-18
8.375147E+03	6.134513E-17	1.100884E-18
8.375347E+03	6.135333E-17	1.101083E-18
8.375547E+03	6.135587E-17	1.101180E-18
8.375747E+03	6.135276E-17	1.101175E-18
8.375947E+03	6.135389E-17	1.101247E-18
8.376147E+03	6.135925E-17	1.101394E-18
8.376347E+03	6.136461E-17	1.101542E-18
8.376547E+03	6.137281E-17	1.101740E-18
8.376746E+03	6.138384E-17	1.101988E-18
8.376947E+03	6.138635E-17	1.102084E-18
8.377147E+03	6.138464E-17	1.102105E-18
8.377346E+03	6.137023E-17	1.101896E-18
8.377547E+03	6.136002E-17	1.101763E-18
8.377747E+03	6.136254E-17	1.101859E-18
8.377947E+03	6.136224E-17	1.101904E-18
8.378147E+03	6.135911E-17	1.101898E-18
8.378347E+03	6.136445E-17	1.102044E-18
8.378547E+03	6.136838E-17	1.102164E-18
8.378747E+03	6.136241E-17	1.102107E-18
8.378947E+03	6.135363E-17	1.101999E-18
8.379147E+03	6.135049E-17	1.101992E-18
8.379347E+03	6.134876E-17	1.102010E-18
8.379547E+03	6.134844E-17	1.102054E-18
8.379747E+03	6.134671E-17	1.102072E-18
8.379947E+03	6.133509E-17	1.101912E-18
8.380147E+03	6.132347E-17	1.101753E-18
8.380347E+03	6.131750E-17	1.101694E-18
8.380547E+03	6.131436E-17	1.101687E-18
8.380747E+03	6.131120E-17	1.101678E-18
8.380947E+03	6.130946E-17	1.101695E-18
8.381147E+03	6.130771E-17	1.101713E-18
8.381347E+03	6.130315E-17	1.101679E-18
8.381547E+03	6.130140E-17	1.101696E-18
8.381747E+03	6.130106E-17	1.101738E-18
8.381947E+03	6.129649E-17	1.101703E-18
8.382147E+03	6.129757E-17	1.101771E-18
8.382347E+03	6.130711E-17	1.101990E-18
8.382547E+03	6.131947E-17	1.102260E-18
8.382747E+03	6.133183E-17	1.102529E-18
8.382948E+03	6.133711E-17	1.102672E-18
8.383148E+03	6.132405E-17	1.102484E-18
8.383348E+03	6.131524E-17	1.102373E-18
8.383548E+03	6.130923E-17	1.102312E-18
8.383748E+03	6.130041E-17	1.102201E-18
8.383948E+03	6.128736E-17	1.102013E-18
8.384148E+03	6.127007E-17	1.101749E-18
8.384348E+03	6.126406E-17	1.101687E-18
8.384548E+03	6.127076E-17	1.101854E-18
8.384748E+03	6.126899E-17	1.101869E-18
8.384948E+03	6.125875E-17	1.101731E-18
8.385148E+03	6.126403E-17	1.101872E-18
8.385348E+03	6.126084E-17	1.101861E-18
8.385548E+03	6.123791E-17	1.101494E-18
8.385748E+03	6.122484E-17	1.101305E-18
8.385948E+03	6.122025E-17	1.101268E-18
8.386148E+03	6.119451E-17	1.100851E-18
8.386348E+03	6.116455E-17	1.100357E-18
8.386548E+03	6.115854E-17	1.100294E-18
8.386748E+03	6.115675E-17	1.100307E-18
8.386948E+03	6.113526E-17	1.099966E-18
8.387148E+03	6.112643E-17	1.099852E-18
8.387348E+03	6.113168E-17	1.099991E-18
8.387548E+03	6.112567E-17	1.099928E-18
8.387748E+03	6.115767E-17	1.100548E-18
8.387948E+03	6.118826E-17	1.101143E-18
8.388149E+03	6.121885E-17	1.101738E-18
8.388349E+03	6.124666E-17	1.102283E-18
8.388549E+03	6.125896E-17	1.102549E-18
8.388749E+03	6.126985E-17	1.102789E-18
8.388949E+03	6.126946E-17	1.102826E-18
8.389149E+03	6.126341E-17	1.102761E-18
8.389349E+03	6.127571E-17	1.103027E-18
8.389549E+03	6.128237E-17	1.103190E-18
8.389748E+03	6.126928E-17	1.102998E-18
8.389949E+03	6.125616E-17	1.102806E-18
8.390148E+03	6.126425E-17	1.102994E-18
8.390349E+03	6.125958E-17	1.102954E-18
8.390549E+03	6.124788E-17	1.102786E-18
8.390748E+03	6.124750E-17	1.102822E-18
8.390948E+03	6.125555E-17	1.103010E-18
8.391148E+03	6.125232E-17	1.102995E-18
8.391348E+03	6.124344E-17	1.102878E-18
8.391548E+03	6.123315E-17	1.102735E-18
8.391748E+03	6.121864E-17	1.102516E-18
8.391948E+03	6.120975E-17	1.102399E-18
8.392148E+03	6.120792E-17	1.102408E-18
8.392348E+03	6.121032E-17	1.102493E-18
8.392548E+03	6.120285E-17	1.102401E-18
8.392748E+03	6.118974E-17	1.102207E-18
8.392948E+03	6.117804E-17	1.102037E-18
8.393148E+03	6.117198E-17	1.101970E-18
8.393348E+03	6.117014E-17	1.101979E-18
8.393549E+03	6.116827E-17	1.101987E-18
8.393749E+03	6.114953E-17	1.101690E-18
8.393949E+03	6.114909E-17	1.101724E-18
8.394149E+03	6.113598E-17	1.101529E-18
8.394349E+03	6.112992E-17	1.101460E-18
8.394549E+03	6.112525E-17	1.101417E-18
8.394749E+03	6.111918E-17	1.101348E-18
8.394949E+03	6.111592E-17	1.101331E-18
8.395149E+03	6.111689E-17	1.101388E-18
8.395349E+03	6.111222E-17	1.101345E-18
8.395549E+03	6.111599E-17	1.101453E-18
8.395749E+03	6.114792E-17	1.102069E-18
8.395949E+03	6.114747E-17	1.102101E-18
8.396149E+03	6.111463E-17	1.101549E-18
8.396349E+03	6.110292E-17	1.101378E-18
8.396549E+03	6.109544E-17	1.101283E-18
8.396749E+03	6.108372E-17	1.101111E-18
8.396949E+03	6.107623E-17	1.101015E-18
8.397149E+03	6.108280E-17	1.101173E-18
8.397349E+03	6.108797E-17	1.101306E-18
8.397549E+03	6.110016E-17	1.101565E-18
8.397749E+03	6.111657E-17	1.101900E-18
8.397949E+03	6.113019E-17	1.102185E-18
8.398149E+03	6.114520E-17	1.102494E-18
8.398349E+03	6.115881E-17	1.102778E-18
8.398549E+03	6.117101E-17	1.103037E-18
8.398750E+03	6.117474E-17	1.103143E-18
8.398950E+03	6.117568E-17	1.103199E-18
8.399150E+03	6.117520E-17	1.103228E-18
8.399350E+03	6.117472E-17	1.103258E-18
8.399550E+03	6.117565E-17	1.103313E-18
8.399750E+03	6.117658E-17	1.103368E-18
8.399950E+03	6.115637E-17	1.103041E-18
8.400150E+03	6.117279E-17	1.103375E-18
8.400350E+03	6.119907E-17	1.103887E-18
8.400550E+03	6.121268E-17	1.104170E-18
8.400750E+03	6.120796E-17	1.104123E-18
8.400950E+03	6.120324E-17	1.104075E-18
8.401150E+03	6.119148E-17	1.103900E-18
8.401350E+03	6.117408E-17	1.103623E-18
8.401550E+03	6.117076E-17	1.103601E-18
8.401750E+03	6.117167E-17	1.103654E-18
8.401950E+03	6.117399E-17	1.103733E-18
8.402149E+03	6.116788E-17	1.103659E-18
8.402350E+03	6.114060E-17	1.103204E-18
8.402549E+03	6.110352E-17	1.102571E-18
8.402749E+03	6.109459E-17	1.102446E-18
8.402950E+03	6.110390E-17	1.102651E-18
8.403149E+03	6.109639E-17	1.102551E-18
8.403350E+03	6.108319E-17	1.102349E-18
8.403549E+03	6.108130E-17	1.102351E-18
8.403749E+03	6.106954E-17	1.102174E-18
8.403950E+03	6.105915E-17	1.102023E-18
8.404150E+03	6.105864E-17	1.102049E-18
8.404350E+03	6.106234E-17	1.102151E-18
8.404550E+03	6.104495E-17	1.101873E-18
8.404750E+03	6.103319E-17	1.101696E-18
8.404950E+03	6.104392E-17	1.101925E-18
8.405150E+03	6.106027E-17	1.102255E-18
8.405350E+03	6.106114E-17	1.102306E-18
8.405550E+03	6.106765E-17	1.102458E-18
8.405750E+03	6.108400E-17	1.102788E-18
8.405950E+03	6.109613E-17	1.103041E-18
8.406150E+03	6.111249E-17	1.103371E-18
8.406350E+03	6.111477E-17	1.103447E-18
8.406550E+03	6.111424E-17	1.103471E-18
8.406750E+03	6.112918E-17	1.103776E-18
8.406950E+03	6.113569E-17	1.103927E-18
8.407150E+03	6.113233E-17	1.103901E-18
8.407350E+03	6.113883E-17	1.104052E-18
8.407550E+03	6.113969E-17	1.104101E-18
8.407750E+03	6.113775E-17	1.104100E-18
8.407950E+03	6.113861E-17	1.104149E-18
8.408150E+03	6.114510E-17	1.104299E-18
8.408350E+03	6.114596E-17	1.104348E-18
8.408550E+03	6.113416E-17	1.104169E-18
8.408750E+03	6.113220E-17	1.104166E-18
8.408950E+03	6.113446E-17	1.104240E-18
8.409151E+03	6.111841E-17	1.103983E-18
8.409351E+03	6.111364E-17	1.103930E-18
8.409551E+03	6.113560E-17	1.104359E-18
8.409751E+03	6.115616E-17	1.104763E-18
8.409951E+03	6.118800E-17	1.105371E-18
8.410151E+03	6.121703E-17	1.105928E-18
8.410351E+03	6.123198E-17	1.106230E-18
8.410551E+03	6.124833E-17	1.106558E-18
8.410751E+03	6.126046E-17	1.106809E-18
8.410951E+03	6.126412E-17	1.106907E-18
8.411151E+03	6.127343E-17	1.107107E-18
8.411351E+03	6.128979E-17	1.107434E-18
8.411551E+03	6.130334E-17	1.107711E-18
8.411751E+03	6.130983E-17	1.107860E-18
8.411951E+03	6.131489E-17	1.107983E-18
8.412151E+03	6.132138E-17	1.108131E-18
8.412351E+03	6.133069E-17	1.108331E-18
8.412551E+03	6.134000E-17	1.108530E-18
8.412751E+03	6.134506E-17	1.108653E-18
8.412951E+03	6.134589E-17	1.108699E-18
8.413151E+03	6.134107E-17	1.108642E-18
8.413351E+03	6.135038E-17	1.108841E-18
8.413551E+03	6.135685E-17	1.108989E-18
8.413751E+03	6.134920E-17	1.108881E-18
8.413951E+03	6.134155E-17	1.108773E-18
8.414151E+03	6.133391E-17	1.108666E-18
8.414351E+03	6.134037E-17	1.108812E-18
8.414552E+03	6.134398E-17	1.108908E-18
8.414752E+03	6.134481E-17	1.108953E-18
8.414951E+03	6.135412E-17	1.109151E-18
8.415151E+03	6.134929E-17	1.109093E-18
8.415352E+03	6.133313E-17	1.108831E-18
8.415551E+03	6.132690E-17	1.108748E-18
8.415752E+03	6.132063E-17	1.108664E-18
8.415951E+03	6.132005E-17	1.108682E-18
8.416151E+03	6.131097E-17	1.108547E-18
8.416351E+03	6.130754E-17	1.108514E-18
8.416551E+03	6.131259E-17	1.108635E-18
8.416751E+03	6.130774E-17	1.108576E-18
8.416951E+03	6.129725E-17	1.108415E-18
8.417151E+03	6.129664E-17	1.108432E-18
8.417351E+03	6.129603E-17	1.108450E-18
8.417551E+03	6.129401E-17	1.108442E-18
8.417751E+03	6.128916E-17	1.108382E-18
8.417951E+03	6.130547E-17	1.108706E-18
8.418151E+03	6.131615E-17	1.108927E-18
8.418351E+03	6.132682E-17	1.109148E-18
8.418551E+03	6.133467E-17	1.109318E-18
8.418751E+03	6.134536E-17	1.109539E-18
8.418951E+03	6.135745E-17	1.109785E-18
8.419151E+03	6.136529E-17	1.109954E-18
8.419351E+03	6.138163E-17	1.110277E-18
8.419551E+03	6.138948E-17	1.110447E-18
8.419752E+03	6.139448E-17	1.110565E-18
8.419952E+03	6.139667E-17	1.110631E-18
8.420152E+03	6.140452E-17	1.110800E-18
8.420352E+03	6.141096E-17	1.110944E-18
8.420552E+03	6.142305E-17	1.111189E-18
8.420752E+03	6.142524E-17	1.111256E-18
8.420952E+03	6.143167E-17	1.111399E-18
8.421152E+03	6.141831E-17	1.111183E-18
8.421352E+03	6.142191E-17	1.111275E-18
8.421552E+03	6.142126E-17	1.111289E-18
8.421752E+03	6.142628E-17	1.111406E-18
8.421952E+03	6.142563E-17	1.111421E-18
8.422152E+03	6.142357E-17	1.111409E-18
8.422352E+03	6.142151E-17	1.111398E-18
8.422552E+03	6.141944E-17	1.111386E-18
8.422752E+03	6.141738E-17	1.111374E-18
8.422952E+03	6.142239E-17	1.111491E-18
8.423152E+03	6.141607E-17	1.111402E-18
8.423352E+03	6.141259E-17	1.111364E-18
8.423552E+03	6.142042E-17	1.111531E-18
8.423752E+03	6.142542E-17	1.111647E-18
8.423952E+03	6.142618E-17	1.111685E-18
8.424152E+03	6.142269E-17	1.111647E-18
8.424352E+03	6.142061E-17	1.111634E-18
8.424552E+03	6.142277E-17	1.111698E-18
8.424752E+03	6.142635E-17	1.111787E-18
8.424953E+03	6.142708E-17	1.111825E-18
8.425153E+03	6.143348E-17	1.111965E-18
8.425353E+03	6.143281E-17	1.111977E-18
8.425553E+03	6.143073E-17	1.111963E-18
8.425753E+03	6.142864E-17	1.111949E-18
8.425953E+03	6.142514E-17	1.111910E-18
8.426153E+03	6.141033E-17	1.111666E-18
8.426353E+03	6.140258E-17	1.111549E-18
8.426553E+03	6.140190E-17	1.111560E-18
8.426753E+03	6.139981E-17	1.111546E-18
8.426953E+03	6.139631E-17	1.111506E-18
8.427153E+03	6.139421E-17	1.111491E-18
8.427353E+03	6.139778E-17	1.111579E-18
8.427553E+03	6.140557E-17	1.111743E-18
8.427753E+03	6.140631E-17	1.111779E-18
8.427952E+03	6.139151E-17	1.111534E-18
8.428153E+03	6.137242E-17	1.111211E-18
8.428353E+03	6.136043E-17	1.111016E-18
8.428552E+03	6.135553E-17	1.110950E-18
8.428753E+03	6.136894E-17	1.111215E-18
8.428952E+03	6.138524E-17	1.111532E-18
8.429152E+03	6.139444E-17	1.111721E-18
8.429352E+03	6.139798E-17	1.111807E-18
8.429552E+03	6.139729E-17	1.111817E-18
8.429752E+03	6.139094E-17	1.111723E-18
8.429952E+03	6.138035E-17	1.111553E-18
8.430152E+03	6.137682E-17	1.111511E-18
8.430353E+03	6.138316E-17	1.111647E-18
8.430553E+03	6.137963E-17	1.111605E-18
8.430753E+03	6.137469E-17	1.111537E-18
8.430953E+03	6.136834E-17	1.111443E-18
8.431153E+03	6.136339E-17	1.111374E-18
8.431353E+03	6.136551E-17	1.111433E-18
8.431553E+03	6.136338E-17	1.111416E-18
8.431753E+03	6.135278E-17	1.111245E-18
8.431953E+03	6.134925E-17	1.111201E-18
8.432153E+03	6.134713E-17	1.111183E-18
8.432353E+03	6.133935E-17	1.111063E-18
8.432553E+03	6.133582E-17	1.111019E-18
8.432753E+03	6.133509E-17	1.111026E-18
8.432953E+03	6.133297E-17	1.111007E-18
8.433153E+03	6.132942E-17	1.110963E-18
8.433353E+03	6.133577E-17	1.111098E-18
8.433553E+03	6.135200E-17	1.111411E-18
8.433753E+03	6.136541E-17	1.111674E-18
8.433953E+03	6.136609E-17	1.111706E-18
8.434153E+03	6.136113E-17	1.111636E-18
8.434353E+03	6.135193E-17	1.111488E-18
8.434553E+03	6.133990E-17	1.111289E-18
8.434753E+03	6.133917E-17	1.111295E-18
8.434953E+03	6.134975E-17	1.111506E-18
8.435153E+03	6.136173E-17	1.111742E-18
8.435353E+03	6.136524E-17	1.111824E-18
8.435554E+03	6.137296E-17	1.111982E-18
8.435754E+03	6.138636E-17	1.112244E-18
8.435954E+03	6.140258E-17	1.112556E-18
8.436154E+03	6.141174E-17	1.112740E-18
8.436354E+03	6.141100E-17	1.112745E-18
8.436554E+03	6.140602E-17	1.112673E-18
8.436754E+03	6.140528E-17	1.112678E-18
8.436954E+03	6.140171E-17	1.112631E-18
8.437154E+03	6.139248E-17	1.112481E-18
8.437354E+03	6.138891E-17	1.112435E-18
8.437554E+03	6.138958E-17	1.112464E-18
8.437754E+03	6.139307E-17	1.112545E-18
8.437954E+03	6.139940E-17	1.112677E-18
8.438154E+03	6.140147E-17	1.112732E-18
8.438354E+03	6.139931E-17	1.112710E-18
8.438554E+03	6.140279E-17	1.112790E-18
8.438754E+03	6.141194E-17	1.112972E-18
8.438954E+03	6.141119E-17	1.112976E-18
8.439154E+03	6.140619E-17	1.112902E-18
8.439354E+03	6.140685E-17	1.112930E-18
8.439554E+03	6.141033E-17	1.113010E-18
8.439754E+03	6.140675E-17	1.112961E-18
8.439954E+03	6.140316E-17	1.112912E-18
8.440154E+03	6.139816E-17	1.112838E-18
8.440354E+03	6.138749E-17	1.112661E-18
8.440553E+03	6.138676E-17	1.112663E-18
8.440754E+03	6.139586E-17	1.112844E-18
8.440954E+03	6.140499E-17	1.113025E-18
8.441155E+03	6.140420E-17	1.113027E-18
8.441354E+03	6.140204E-17	1.113003E-18
8.441555E+03	6.140266E-17	1.113030E-18
8.441754E+03	6.140191E-17	1.113031E-18
8.441954E+03	6.140114E-17	1.113033E-18
8.442154E+03	6.139754E-17	1.112983E-18
8.442354E+03	6.139677E-17	1.112983E-18
8.442554E+03	6.140589E-17	1.113163E-18
8.442754E+03	6.141925E-17	1.113420E-18
8.442954E+03	6.143121E-17	1.113652E-18
8.443154E+03	6.144456E-17	1.113909E-18
8.443354E+03	6.146076E-17	1.114217E-18
8.443554E+03	6.147555E-17	1.114499E-18
8.443754E+03	6.148610E-17	1.114705E-18
8.443954E+03	6.149663E-17	1.114910E-18
8.444154E+03	6.150293E-17	1.115038E-18
8.444354E+03	6.150922E-17	1.115166E-18
8.444554E+03	6.151551E-17	1.115294E-18
8.444754E+03	6.152889E-17	1.115550E-18
8.444954E+03	6.153944E-17	1.115755E-18
8.445154E+03	6.154856E-17	1.115934E-18
8.445354E+03	6.155769E-17	1.116113E-18
8.445554E+03	6.156540E-17	1.116266E-18
8.445754E+03	6.157452E-17	1.116444E-18
8.445955E+03	6.157087E-17	1.116391E-18
8.446155E+03	6.156865E-17	1.116364E-18
8.446355E+03	6.157068E-17	1.116414E-18
8.446555E+03	6.157272E-17	1.116463E-18
8.446755E+03	6.157759E-17	1.116564E-18
8.446955E+03	6.159238E-17	1.116845E-18
8.447155E+03	6.160435E-17	1.117074E-18
8.447355E+03	6.162056E-17	1.117381E-18
8.447555E+03	6.162969E-17	1.117558E-18
8.447755E+03	6.161469E-17	1.117299E-18
8.447955E+03	6.160537E-17	1.117141E-18
8.448155E+03	6.160740E-17	1.117190E-18
8.448355E+03	6.161652E-17	1.117367E-18
8.448555E+03	6.162705E-17	1.117570E-18
8.448755E+03	6.161772E-17	1.117412E-18
8.448955E+03	6.160556E-17	1.117203E-18
8.449155E+03	6.159765E-17	1.117071E-18
8.449355E+03	6.158975E-17	1.116939E-18
8.449555E+03	6.157474E-17	1.116678E-18
8.449755E+03	6.156684E-17	1.116546E-18
8.449955E+03	6.156601E-17	1.116542E-18
8.450155E+03	6.156378E-17	1.116512E-18
8.450355E+03	6.156720E-17	1.116585E-18
8.450555E+03	6.157914E-17	1.116812E-18
8.450755E+03	6.158541E-17	1.116936E-18
8.450955E+03	6.158317E-17	1.116906E-18
8.451155E+03	6.160219E-17	1.117261E-18
8.451356E+03	6.162545E-17	1.117693E-18
8.451556E+03	6.162747E-17	1.117740E-18
8.451756E+03	6.162095E-17	1.117632E-18
8.451956E+03	6.165134E-17	1.118192E-18
8.452156E+03	6.167607E-17	1.118651E-18
8.452356E+03	6.168518E-17	1.118825E-18
8.452556E+03	6.170281E-17	1.119155E-18
8.452756E+03	6.171617E-17	1.119407E-18
8.452956E+03	6.172244E-17	1.119530E-18
8.453156E+03	6.172161E-17	1.119524E-18
8.453355E+03	6.172506E-17	1.119595E-18
8.453556E+03	6.172561E-17	1.119614E-18
8.453755E+03	6.172763E-17	1.119660E-18
8.453956E+03	6.172960E-17	1.119704E-18
8.454156E+03	6.173018E-17	1.119724E-18
8.454355E+03	6.172936E-17	1.119717E-18
8.454556E+03	6.172849E-17	1.119710E-18
8.454755E+03	6.173903E-17	1.119909E-18
8.454955E+03	6.175240E-17	1.120160E-18
8.455155E+03	6.175581E-17	1.120230E-18
8.455355E+03	6.175354E-17	1.120197E-18
8.455555E+03	6.175411E-17	1.120215E-18
8.455755E+03	6.175326E-17	1.120208E-18
8.455955E+03	6.175098E-17	1.120174E-18
8.456155E+03	6.175154E-17	1.120192E-18
8.456355E+03	6.175068E-17	1.120184E-18
8.456556E+03	6.174127E-17	1.120021E-18
8.456756E+03	6.173472E-17	1.119909E-18
8.456956E+03	6.172250E-17	1.119694E-18
8.457156E+03	6.171453E-17	1.119557E-18
8.457356E+03	6.171366E-17	1.119548E-18
8.457556E+03	6.171422E-17	1.119565E-18
8.457756E+03	6.171051E-17	1.119504E-18
8.457956E+03	6.170396E-17	1.119392E-18
8.458156E+03	6.170168E-17	1.119357E-18
8.458356E+03	6.169655E-17	1.119271E-18
8.458556E+03	6.169000E-17	1.119158E-18
8.458756E+03	6.169055E-17	1.119174E-18
8.458956E+03	6.169536E-17	1.119268E-18
8.459156E+03	6.169875E-17	1.119335E-18
8.459356E+03	6.170214E-17	1.119402E-18
8.459556E+03	6.170695E-17	1.119495E-18
8.459756E+03	6.170750E-17	1.119511E-18
8.459956E+03	6.171088E-17	1.119578E-18
8.460156E+03	6.171427E-17	1.119645E-18
8.460356E+03	6.170770E-17	1.119531E-18
8.460556E+03	6.169973E-17	1.119392E-18
8.460756E+03	6.170168E-17	1.119432E-18
8.460956E+03	6.170507E-17	1.119499E-18
8.461156E+03	6.170844E-17	1.119565E-18
8.461356E+03	6.170614E-17	1.119528E-18
8.461556E+03	6.170668E-17	1.119542E-18
8.461757E+03	6.170719E-17	1.119556E-18
8.461957E+03	6.169778E-17	1.119390E-18
8.462157E+03	6.169263E-17	1.119301E-18
8.462357E+03	6.168464E-17	1.119160E-18
8.462557E+03	6.167665E-17	1.119019E-18
8.462757E+03	6.168002E-17	1.119084E-18
8.462957E+03	6.169050E-17	1.119279E-18
8.463157E+03	6.169813E-17	1.119421E-18
8.463357E+03	6.170576E-17	1.119563E-18
8.463557E+03	6.169634E-17	1.119396E-18
8.463757E+03	6.169403E-17	1.119357E-18
8.463957E+03	6.169597E-17	1.119396E-18
8.464157E+03	6.168513E-17	1.119202E-18
8.464357E+03	6.167287E-17	1.118983E-18
8.464557E+03	6.166629E-17	1.118867E-18
8.464757E+03	6.167817E-17	1.119085E-18
8.464957E+03	6.168153E-17	1.119149E-18
8.465157E+03	6.168774E-17	1.119265E-18
8.465357E+03	6.170814E-17	1.119638E-18
8.465557E+03	6.172287E-17	1.119907E-18
8.465757E+03	6.173049E-17	1.120048E-18
8.465957E+03	6.172532E-17	1.119957E-18
8.466156E+03	6.172160E-17	1.119891E-18
8.466356E+03	6.172353E-17	1.119929E-18
8.466557E+03	6.172686E-17	1.119991E-18
8.466756E+03	6.172598E-17	1.119977E-18
8.466958E+03	6.171506E-17	1.119781E-18
8.467157E+03	6.171560E-17	1.119792E-18
8.467358E+03	6.171466E-17	1.119777E-18
8.467557E+03	6.171519E-17	1.119788E-18
8.467757E+03	6.172139E-17	1.119902E-18
8.467957E+03	6.173610E-17	1.120170E-18
8.468157E+03	6.174372E-17	1.120309E-18
8.468357E+03	6.173995E-17	1.120242E-18
8.468557E+03	6.173051E-17	1.120072E-18
8.468757E+03	6.172674E-17	1.120004E-18
8.468957E+03	6.173720E-17	1.120194E-18
8.469157E+03	6.175049E-17	1.120436E-18
8.469357E+03	6.175952E-17	1.120601E-18
8.469557E+03	6.175006E-17	1.120429E-18
8.469757E+03	6.175056E-17	1.120439E-18
8.469957E+03	6.175675E-17	1.120551E-18
8.470157E+03	6.175156E-17	1.120457E-18
8.470357E+03	6.175063E-17	1.120440E-18
8.470557E+03	6.175396E-17	1.120501E-18
8.470757E+03	6.174308E-17	1.120303E-18
8.470957E+03	6.172794E-17	1.120028E-18
8.471157E+03	6.171706E-17	1.119830E-18
8.471357E+03	6.170476E-17	1.119606E-18
8.471557E+03	6.169530E-17	1.119434E-18
8.471757E+03	6.169437E-17	1.119417E-18
8.471957E+03	6.170054E-17	1.119527E-18
8.472157E+03	6.169818E-17	1.119484E-18
8.472358E+03	6.170148E-17	1.119542E-18
8.472558E+03	6.171049E-17	1.119705E-18
8.472758E+03	6.172092E-17	1.119893E-18
8.472958E+03	6.172993E-17	1.120055E-18
8.473158E+03	6.172757E-17	1.120011E-18
8.473358E+03	6.172947E-17	1.120044E-18
8.473558E+03	6.172995E-17	1.120050E-18
8.473758E+03	6.172474E-17	1.119954E-18
8.473958E+03	6.172806E-17	1.120012E-18
8.474158E+03	6.173707E-17	1.120174E-18
8.474358E+03	6.174181E-17	1.120258E-18
8.474558E+03	6.173944E-17	1.120212E-18
8.474758E+03	6.172854E-17	1.120012E-18
8.474958E+03	6.172617E-17	1.119967E-18
8.475158E+03	6.173233E-17	1.120076E-18
8.475358E+03	6.173138E-17	1.120056E-18
8.475558E+03	6.172332E-17	1.119907E-18
8.475758E+03	6.171811E-17	1.119810E-18
8.475958E+03	6.171431E-17	1.119738E-18
8.476158E+03	6.171194E-17	1.119692E-18
8.476358E+03	6.171951E-17	1.119826E-18
8.476558E+03	6.172993E-17	1.120012E-18
8.476758E+03	6.173465E-17	1.120094E-18
8.476958E+03	6.174649E-17	1.120305E-18
8.477158E+03	6.175976E-17	1.120542E-18
8.477358E+03	6.176022E-17	1.120547E-18
8.477559E+03	6.175212E-17	1.120396E-18
8.477759E+03	6.174831E-17	1.120323E-18
8.477959E+03	6.175446E-17	1.120431E-18
8.478159E+03	6.176061E-17	1.120538E-18
8.478359E+03	6.175822E-17	1.120491E-18
8.478559E+03	6.175584E-17	1.120443E-18
8.478759E+03	6.175772E-17	1.120473E-18
8.478959E+03	6.175959E-17	1.120502E-18
8.479158E+03	6.176434E-17	1.120584E-18
8.479359E+03	6.176619E-17	1.120612E-18
8.479558E+03	6.176667E-17	1.120616E-18
8.479758E+03	6.176712E-17	1.120620E-18
8.479959E+03	6.175759E-17	1.120441E-18
8.480158E+03	6.174528E-17	1.120213E-18
8.480358E+03	6.173719E-17	1.120061E-18
8.480558E+03	6.173764E-17	1.120064E-18
8.480758E+03	6.173951E-17	1.120092E-18
8.480958E+03	6.173569E-17	1.120017E-18
8.481158E+03	6.172903E-17	1.119890E-18
8.481358E+03	6.171953E-17	1.119712E-18
8.481558E+03	6.170576E-17	1.119457E-18
8.481758E+03	6.169058E-17	1.119175E-18
8.481958E+03	6.167398E-17	1.118868E-18
8.482158E+03	6.165880E-17	1.118586E-18
8.482358E+03	6.164079E-17	1.118253E-18
8.482558E+03	6.161143E-17	1.117714E-18
8.482759E+03	6.158915E-17	1.117303E-18
8.482959E+03	6.158817E-17	1.117279E-18
8.483159E+03	6.158010E-17	1.117126E-18
8.483359E+03	6.157061E-17	1.116946E-18
8.483559E+03	6.157813E-17	1.117076E-18
8.483759E+03	6.157857E-17	1.117077E-18
8.483959E+03	6.157050E-17	1.116923E-18
8.484159E+03	6.157234E-17	1.116949E-18
8.484359E+03	6.157703E-17	1.117027E-18
8.484559E+03	6.156612E-17	1.116822E-18
8.484759E+03	6.154528E-17	1.116436E-18
8.484959E+03	6.152163E-17	1.115999E-18
8.485159E+03	6.150789E-17	1.115742E-18
8.485359E+03	6.150124E-17	1.115614E-18
8.485559E+03	6.149459E-17	1.115485E-18
8.485759E+03	6.149218E-17	1.115433E-18
8.485959E+03	6.149260E-17	1.115433E-18
8.486159E+03	6.148312E-17	1.115253E-18
8.486359E+03	6.146231E-17	1.114866E-18
8.486559E+03	6.143726E-17	1.114404E-18
8.486759E+03	6.142213E-17	1.114120E-18
8.486959E+03	6.141548E-17	1.113991E-18
8.487159E+03	6.140175E-17	1.113733E-18
8.487359E+03	6.138945E-17	1.113501E-18
8.487559E+03	6.139128E-17	1.113525E-18
8.487759E+03	6.138746E-17	1.113447E-18
8.487959E+03	6.137374E-17	1.113189E-18
8.488160E+03	6.135717E-17	1.112879E-18
8.488360E+03	6.135194E-17	1.112775E-18
8.488560E+03	6.134529E-17	1.112645E-18
8.488760E+03	6.133299E-17	1.112412E-18
8.488960E+03	6.132775E-17	1.112307E-18
8.489160E+03	6.132816E-17	1.112304E-18
8.489360E+03	6.132292E-17	1.112200E-18
8.489560E+03	6.131628E-17	1.112069E-18
8.489760E+03	6.130680E-17	1.111887E-18
8.489960E+03	6.129310E-17	1.111628E-18
8.490160E+03	6.128645E-17	1.111497E-18
8.490360E+03	6.128967E-17	1.111545E-18
8.490560E+03	6.129290E-17	1.111593E-18
8.490760E+03	6.128766E-17	1.111487E-18
8.490960E+03	6.127961E-17	1.111331E-18
8.491160E+03	6.127154E-17	1.111173E-18
8.491360E+03	6.126206E-17	1.110990E-18
8.491560E+03	6.125401E-17	1.110833E-18
8.491760E+03	6.125158E-17	1.110778E-18
8.491960E+03	6.124775E-17	1.110697E-18
8.492159E+03	6.123408E-17	1.110438E-18
8.492360E+03	6.122741E-17	1.110305E-18
8.492559E+03	6.121937E-17	1.110148E-18
8.492760E+03	6.120988E-17	1.109964E-18
8.492960E+03	6.120464E-17	1.109857E-18
8.493159E+03	6.120365E-17	1.109828E-18
8.493360E+03	6.120542E-17	1.109848E-18
8.493560E+03	6.120300E-17	1.109792E-18
8.493760E+03	6.119635E-17	1.109659E-18
8.493960E+03	6.118547E-17	1.109449E-18
8.494160E+03	6.117177E-17	1.109189E-18
8.494360E+03	6.116090E-17	1.108979E-18
8.494560E+03	6.115424E-17	1.108845E-18
8.494760E+03	6.115181E-17	1.108789E-18
8.494960E+03	6.114517E-17	1.108656E-18
8.495160E+03	6.113711E-17	1.108496E-18
8.495360E+03	6.112905E-17	1.108337E-18
8.495560E+03	6.111536E-17	1.108076E-18
8.495760E+03	6.109887E-17	1.107764E-18
8.495960E+03	6.108940E-17	1.107578E-18
8.496160E+03	6.108556E-17	1.107495E-18
8.496360E+03	6.109158E-17	1.107591E-18
8.496560E+03	6.110743E-17	1.107865E-18
8.496760E+03	6.111344E-17	1.107960E-18
8.496960E+03	6.110819E-17	1.107851E-18
8.497160E+03	6.110014E-17	1.107691E-18
8.497360E+03	6.109348E-17	1.107556E-18
8.497560E+03	6.108542E-17	1.107396E-18
8.497760E+03	6.108861E-17	1.107440E-18
8.497960E+03	6.109743E-17	1.107585E-18
8.498160E+03	6.109359E-17	1.107501E-18
8.498360E+03	6.109818E-17	1.107570E-18
8.498561E+03	6.108869E-17	1.107383E-18
8.498761E+03	6.110313E-17	1.107630E-18
8.498961E+03	6.111617E-17	1.107851E-18
8.499161E+03	6.111091E-17	1.107741E-18
8.499361E+03	6.110566E-17	1.107631E-18
8.499561E+03	6.110181E-17	1.107546E-18
8.499761E+03	6.109796E-17	1.107461E-18
8.499961E+03	6.107865E-17	1.107095E-18
8.500161E+03	6.106776E-17	1.106882E-18
8.500361E+03	6.107095E-17	1.106925E-18
8.500561E+03	6.106850E-17	1.106865E-18
8.500761E+03	6.105481E-17	1.106601E-18
8.500961E+03	6.104815E-17	1.106464E-18
8.501161E+03	6.104711E-17	1.106429E-18
8.501361E+03	6.104888E-17	1.106445E-18
8.501561E+03	6.104503E-17	1.106359E-18
8.501761E+03	6.102994E-17	1.106069E-18
8.501961E+03	6.101484E-17	1.105779E-18
8.502161E+03	6.099414E-17	1.105388E-18
8.502361E+03	6.097204E-17	1.104971E-18
8.502561E+03	6.095976E-17	1.104731E-18
8.502761E+03	6.095731E-17	1.104670E-18
8.502961E+03	6.096189E-17	1.104737E-18
8.503161E+03	6.095944E-17	1.104675E-18
8.503361E+03	6.094015E-17	1.104308E-18
8.503561E+03	6.091666E-17	1.103865E-18
8.503762E+03	6.090717E-17	1.103676E-18
8.503962E+03	6.089631E-17	1.103462E-18
8.504162E+03	6.088125E-17	1.103172E-18
8.504362E+03	6.087320E-17	1.103008E-18
8.504561E+03	6.086376E-17	1.102820E-18
8.504762E+03	6.085708E-17	1.102681E-18
8.504961E+03	6.085606E-17	1.102644E-18
8.505162E+03	6.085078E-17	1.102531E-18
8.505362E+03	6.084413E-17	1.102392E-18
8.505561E+03	6.084171E-17	1.102330E-18
8.505762E+03	6.084343E-17	1.102343E-18
8.505961E+03	6.083821E-17	1.102230E-18
8.506161E+03	6.082315E-17	1.101939E-18
8.506361E+03	6.081510E-17	1.101774E-18
8.506561E+03	6.081264E-17	1.101711E-18
8.506761E+03	6.081019E-17	1.101648E-18
8.506961E+03	6.080354E-17	1.101509E-18
8.507161E+03	6.080248E-17	1.101471E-18
8.507361E+03	6.080283E-17	1.101458E-18
8.507561E+03	6.080037E-17	1.101394E-18
8.507761E+03	6.079232E-17	1.101229E-18
8.507961E+03	6.078007E-17	1.100988E-18
8.508161E+03	6.077481E-17	1.100873E-18
8.508361E+03	6.077796E-17	1.100910E-18
8.508561E+03	6.078670E-17	1.101049E-18
8.508761E+03	6.079404E-17	1.101162E-18
8.508961E+03	6.079578E-17	1.101174E-18
8.509162E+03	6.078350E-17	1.100931E-18
8.509362E+03	6.076145E-17	1.100512E-18
8.509562E+03	6.074500E-17	1.100194E-18
8.509762E+03	6.073834E-17	1.100053E-18
8.509962E+03	6.073309E-17	1.099937E-18
8.510162E+03	6.073203E-17	1.099898E-18
8.510362E+03	6.072117E-17	1.099681E-18
8.510562E+03	6.071453E-17	1.099540E-18
8.510762E+03	6.070927E-17	1.099424E-18
8.510962E+03	6.069143E-17	1.099080E-18
8.511162E+03	6.067081E-17	1.098685E-18
8.511362E+03	6.066555E-17	1.098569E-18
8.511562E+03	6.066030E-17	1.098453E-18
8.511762E+03	6.064108E-17	1.098084E-18
8.511962E+03	6.062885E-17	1.097841E-18
8.512162E+03	6.062779E-17	1.097800E-18
8.512362E+03	6.062532E-17	1.097734E-18
8.512562E+03	6.062286E-17	1.097668E-18
8.512762E+03	6.061622E-17	1.097526E-18
8.512962E+03	6.060119E-17	1.097232E-18
8.513162E+03	6.058199E-17	1.096862E-18
8.513362E+03	6.057674E-17	1.096745E-18
8.513562E+03	6.058125E-17	1.096805E-18
8.513762E+03	6.057738E-17	1.096713E-18
8.513962E+03	6.057492E-17	1.096646E-18
8.514162E+03	6.057804E-17	1.096680E-18
8.514363E+03	6.056997E-17	1.096511E-18
8.514563E+03	6.055077E-17	1.096141E-18
8.514763E+03	6.054273E-17	1.095973E-18
8.514963E+03	6.053329E-17	1.095779E-18
8.515163E+03	6.052387E-17	1.095585E-18
8.515363E+03	6.051722E-17	1.095442E-18
8.515563E+03	6.050639E-17	1.095223E-18
8.515763E+03	6.049557E-17	1.095004E-18
8.515963E+03	6.048614E-17	1.094810E-18
8.516163E+03	6.047254E-17	1.094540E-18
8.516363E+03	6.045893E-17	1.094271E-18
8.516563E+03	6.045229E-17	1.094127E-18
8.516763E+03	6.044147E-17	1.093907E-18
8.516963E+03	6.042231E-17	1.093537E-18
8.517163E+03	6.040871E-17	1.093267E-18
8.517362E+03	6.039932E-17	1.093073E-18
8.517562E+03	6.039824E-17	1.093030E-18
8.517763E+03	6.040409E-17	1.093111E-18
8.517962E+03	6.040165E-17	1.093043E-18
8.518163E+03	6.039499E-17	1.092898E-18
8.518362E+03	6.038837E-17	1.092754E-18
8.518562E+03	6.037757E-17	1.092534E-18
8.518762E+03	6.036398E-17	1.092263E-18
8.518962E+03	6.034484E-17	1.091892E-18
8.519162E+03	6.032431E-17	1.091496E-18
8.519362E+03	6.030656E-17	1.091150E-18
8.519563E+03	6.029574E-17	1.090929E-18
8.519763E+03	6.029605E-17	1.090910E-18
8.519963E+03	6.029636E-17	1.090890E-18
8.520163E+03	6.028279E-17	1.090619E-18
8.520363E+03	6.026783E-17	1.090323E-18
8.520563E+03	6.026952E-17	1.090329E-18
8.520763E+03	6.025596E-17	1.090057E-18
8.520963E+03	6.022575E-17	1.089485E-18
8.521163E+03	6.020802E-17	1.089139E-18
8.521363E+03	6.020418E-17	1.089044E-18
8.521563E+03	6.018507E-17	1.088672E-18
8.521763E+03	6.014936E-17	1.088000E-18
8.521963E+03	6.013304E-17	1.087679E-18
8.522163E+03	6.012919E-17	1.087583E-18
8.522363E+03	6.011842E-17	1.087362E-18
8.522563E+03	6.011042E-17	1.087191E-18
8.522763E+03	6.011764E-17	1.087295E-18
8.522963E+03	6.011933E-17	1.087299E-18
8.523163E+03	6.009334E-17	1.086802E-18
8.523363E+03	6.007150E-17	1.086380E-18
8.523563E+03	6.006765E-17	1.086284E-18
8.523763E+03	6.006103E-17	1.086137E-18
8.523963E+03	6.004197E-17	1.085765E-18
8.524163E+03	6.002430E-17	1.085419E-18
8.524363E+03	6.000802E-17	1.085097E-18
8.524563E+03	5.999173E-17	1.084775E-18
8.524764E+03	5.997129E-17	1.084378E-18
8.524964E+03	5.995916E-17	1.084131E-18
8.525164E+03	5.995117E-17	1.083959E-18
8.525364E+03	5.993491E-17	1.083638E-18
8.525564E+03	5.990899E-17	1.083141E-18
8.525764E+03	5.989686E-17	1.082894E-18
8.525964E+03	5.989577E-17	1.082846E-18
8.526164E+03	5.987676E-17	1.082475E-18
8.526364E+03	5.985776E-17	1.082103E-18
8.526564E+03	5.985667E-17	1.082055E-18
8.526764E+03	5.986110E-17	1.082107E-18
8.526964E+03	5.986001E-17	1.082059E-18
8.527164E+03	5.985479E-17	1.081936E-18
8.527364E+03	5.985508E-17	1.081912E-18
8.527564E+03	5.986916E-17	1.082138E-18
8.527764E+03	5.987634E-17	1.082239E-18
8.527964E+03	5.987938E-17	1.082265E-18
8.528164E+03	5.988933E-17	1.082416E-18
8.528364E+03	5.989788E-17	1.082542E-18
8.528564E+03	5.990369E-17	1.082618E-18
8.528764E+03	5.990950E-17	1.082693E-18
8.528964E+03	5.991255E-17	1.082719E-18
8.529164E+03	5.992525E-17	1.082919E-18
8.529364E+03	5.992416E-17	1.082870E-18
8.529564E+03	5.991893E-17	1.082745E-18
8.529764E+03	5.991369E-17	1.082621E-18
8.529964E+03	5.991811E-17	1.082671E-18
8.530165E+03	5.992527E-17	1.082770E-18
8.530364E+03	5.991317E-17	1.082521E-18
8.530565E+03	5.989412E-17	1.082147E-18
8.530764E+03	5.988891E-17	1.082023E-18
8.530965E+03	5.988641E-17	1.081947E-18
8.531165E+03	5.986188E-17	1.081473E-18
8.531364E+03	5.983876E-17	1.081025E-18
8.531564E+03	5.983491E-17	1.080925E-18
8.531764E+03	5.982830E-17	1.080775E-18
8.531964E+03	5.981343E-17	1.080475E-18
8.532164E+03	5.980269E-17	1.080251E-18
8.532364E+03	5.980159E-17	1.080200E-18
8.532564E+03	5.979086E-17	1.079975E-18
8.532764E+03	5.978013E-17	1.079750E-18
8.532964E+03	5.977765E-17	1.079674E-18
8.533164E+03	5.977242E-17	1.079548E-18
8.533364E+03	5.975895E-17	1.079273E-18
8.533564E+03	5.973996E-17	1.078899E-18
8.533764E+03	5.972373E-17	1.078574E-18
8.533964E+03	5.971851E-17	1.078448E-18
8.534164E+03	5.971191E-17	1.078297E-18
8.534364E+03	5.969706E-17	1.077997E-18
8.534564E+03	5.969184E-17	1.077870E-18
8.534764E+03	5.969762E-17	1.077943E-18
8.534964E+03	5.969652E-17	1.077891E-18
8.535164E+03	5.968993E-17	1.077739E-18
8.535365E+03	5.968192E-17	1.077562E-18
8.535565E+03	5.967670E-17	1.077436E-18
8.535765E+03	5.967010E-17	1.077284E-18
8.535965E+03	5.965802E-17	1.077033E-18
8.536165E+03	5.964730E-17	1.076807E-18
8.536365E+03	5.963796E-17	1.076605E-18
8.536565E+03	5.962176E-17	1.076280E-18
8.536765E+03	5.960830E-17	1.076004E-18
8.536965E+03	5.959348E-17	1.075703E-18
8.537165E+03	5.957591E-17	1.075353E-18
8.537365E+03	5.956109E-17	1.075052E-18
8.537565E+03	5.954628E-17	1.074752E-18
8.537765E+03	5.953421E-17	1.074500E-18
8.537965E+03	5.952763E-17	1.074348E-18
8.538165E+03	5.952516E-17	1.074270E-18
8.538365E+03	5.951994E-17	1.074142E-18
8.538565E+03	5.951473E-17	1.074014E-18
8.538765E+03	5.950404E-17	1.073787E-18
8.538965E+03	5.949471E-17	1.073585E-18
8.539165E+03	5.949224E-17	1.073506E-18
8.539365E+03	5.948702E-17	1.073378E-18
8.539565E+03	5.947633E-17	1.073151E-18
8.539765E+03	5.946702E-17	1.072948E-18
8.539965E+03	5.944401E-17	1.072499E-18
8.540165E+03	5.942922E-17	1.072197E-18
8.540365E+03	5.941991E-17	1.071995E-18
8.540566E+03	5.940509E-17	1.071693E-18
8.540766E+03	5.939716E-17	1.071515E-18
8.540966E+03	5.938785E-17	1.071312E-18
8.541166E+03	5.937170E-17	1.070986E-18
8.541366E+03	5.937060E-17	1.070931E-18
8.541566E+03	5.936403E-17	1.070777E-18
8.541766E+03	5.933423E-17	1.070204E-18
8.541966E+03	5.931810E-17	1.069878E-18
8.542166E+03	5.931699E-17	1.069823E-18
8.542366E+03	5.929950E-17	1.069472E-18
8.542566E+03	5.927246E-17	1.068948E-18
8.542766E+03	5.926317E-17	1.068745E-18
8.542966E+03	5.924842E-17	1.068444E-18
8.543165E+03	5.923097E-17	1.068093E-18
8.543365E+03	5.922987E-17	1.068037E-18
8.543566E+03	5.922601E-17	1.067932E-18
8.543765E+03	5.921539E-17	1.067704E-18
8.543966E+03	5.920471E-17	1.067475E-18
8.544165E+03	5.919410E-17	1.067248E-18
8.544365E+03	5.919027E-17	1.067142E-18
8.544565E+03	5.919188E-17	1.067135E-18
8.544765E+03	5.918669E-17	1.067005E-18
8.544965E+03	5.917332E-17	1.066727E-18
8.545165E+03	5.915315E-17	1.066327E-18
8.545365E+03	5.913026E-17	1.065878E-18
8.545565E+03	5.911281E-17	1.065526E-18
8.545766E+03	5.910351E-17	1.065321E-18
8.545966E+03	5.910377E-17	1.065289E-18
8.546166E+03	5.909314E-17	1.065060E-18
8.546366E+03	5.907707E-17	1.064733E-18
8.546566E+03	5.906373E-17	1.064456E-18
8.546766E+03	5.904223E-17	1.064031E-18
8.546966E+03	5.902344E-17	1.063655E-18
8.547166E+03	5.901419E-17	1.063451E-18
8.547366E+03	5.900629E-17	1.063270E-18
8.547566E+03	5.899975E-17	1.063115E-18
8.547766E+03	5.899321E-17	1.062959E-18
8.547966E+03	5.898667E-17	1.062804E-18
8.548166E+03	5.898149E-17	1.062672E-18
8.548366E+03	5.897495E-17	1.062516E-18
8.548566E+03	5.896434E-17	1.062287E-18
8.548766E+03	5.894288E-17	1.061862E-18
8.548966E+03	5.892821E-17	1.061559E-18
8.549166E+03	5.892167E-17	1.061403E-18
8.549366E+03	5.890972E-17	1.061150E-18
8.549566E+03	5.890318E-17	1.060993E-18
8.549766E+03	5.890885E-17	1.061057E-18
8.549966E+03	5.891183E-17	1.061071E-18
8.550166E+03	5.890936E-17	1.060988E-18
8.550366E+03	5.890689E-17	1.060905E-18
8.550566E+03	5.890037E-17	1.060748E-18
8.550766E+03	5.888977E-17	1.060518E-18
8.550966E+03	5.887781E-17	1.060264E-18
8.551167E+03	5.886448E-17	1.059984E-18
8.551367E+03	5.884712E-17	1.059632E-18
8.551567E+03	5.881620E-17	1.059036E-18
8.551767E+03	5.879343E-17	1.058586E-18
8.551967E+03	5.877202E-17	1.058161E-18
8.552167E+03	5.875063E-17	1.057736E-18
8.552367E+03	5.872788E-17	1.057287E-18
8.552567E+03	5.870514E-17	1.056838E-18
8.552767E+03	5.868377E-17	1.056413E-18
8.552967E+03	5.866104E-17	1.055964E-18
8.553167E+03	5.864914E-17	1.055709E-18
8.553367E+03	5.864533E-17	1.055601E-18
8.553567E+03	5.864287E-17	1.055516E-18
8.553767E+03	5.864177E-17	1.055456E-18
8.553967E+03	5.863932E-17	1.055371E-18
8.554167E+03	5.864091E-17	1.055360E-18
8.554367E+03	5.863710E-17	1.055250E-18
8.554567E+03	5.862655E-17	1.055020E-18
8.554767E+03	5.861599E-17	1.054789E-18
8.554967E+03	5.860814E-17	1.054607E-18
8.555167E+03	5.860163E-17	1.054449E-18
8.555367E+03	5.858974E-17	1.054194E-18
8.555567E+03	5.857110E-17	1.053817E-18
8.555766E+03	5.855654E-17	1.053514E-18
8.555967E+03	5.854462E-17	1.053258E-18
8.556166E+03	5.852602E-17	1.052883E-18
8.556368E+03	5.851677E-17	1.052674E-18
8.556567E+03	5.851839E-17	1.052662E-18
8.556767E+03	5.851459E-17	1.052552E-18
8.556968E+03	5.850673E-17	1.052369E-18
8.557167E+03	5.850026E-17	1.052211E-18
8.557367E+03	5.849646E-17	1.052101E-18
8.557567E+03	5.849535E-17	1.052039E-18
8.557767E+03	5.849021E-17	1.051904E-18
8.557967E+03	5.847698E-17	1.051624E-18
8.558167E+03	5.846242E-17	1.051320E-18
8.558367E+03	5.844785E-17	1.051016E-18
8.558567E+03	5.843329E-17	1.050711E-18
8.558767E+03	5.842008E-17	1.050431E-18
8.558967E+03	5.840149E-17	1.050055E-18
8.559167E+03	5.839501E-17	1.049895E-18
8.559367E+03	5.839928E-17	1.049929E-18
8.559567E+03	5.839549E-17	1.049819E-18
8.559767E+03	5.838632E-17	1.049611E-18
8.559967E+03	5.837849E-17	1.049427E-18
8.560167E+03	5.837066E-17	1.049243E-18
8.560367E+03	5.835746E-17	1.048963E-18
8.560567E+03	5.834561E-17	1.048707E-18
8.560767E+03	5.833779E-17	1.048523E-18
8.560967E+03	5.832594E-17	1.048266E-18
8.561167E+03	5.832483E-17	1.048203E-18
8.561367E+03	5.832104E-17	1.048091E-18
8.561568E+03	5.831723E-17	1.047979E-18
8.561768E+03	5.831075E-17	1.047819E-18
8.561968E+03	5.830965E-17	1.047755E-18
8.562168E+03	5.831794E-17	1.047860E-18
8.562368E+03	5.832087E-17	1.047869E-18
8.562568E+03	5.832111E-17	1.047829E-18
8.562768E+03	5.832537E-17	1.047861E-18
8.562968E+03	5.832695E-17	1.047846E-18
8.563168E+03	5.832182E-17	1.047709E-18
8.563368E+03	5.831668E-17	1.047572E-18
8.563568E+03	5.831692E-17	1.047532E-18
8.563768E+03	5.830373E-17	1.047250E-18
8.563968E+03	5.827981E-17	1.046776E-18
8.564168E+03	5.826260E-17	1.046422E-18
8.564368E+03	5.825747E-17	1.046285E-18
8.564568E+03	5.825637E-17	1.046220E-18
8.564768E+03	5.825526E-17	1.046155E-18
8.564968E+03	5.826623E-17	1.046307E-18
8.565168E+03	5.826781E-17	1.046290E-18
8.565368E+03	5.826134E-17	1.046129E-18
8.565568E+03	5.825487E-17	1.045967E-18
8.565768E+03	5.823365E-17	1.045541E-18
8.565968E+03	5.821645E-17	1.045186E-18
8.566168E+03	5.820596E-17	1.044953E-18
8.566368E+03	5.819682E-17	1.044743E-18
8.566568E+03	5.818098E-17	1.044412E-18
8.566768E+03	5.816514E-17	1.044082E-18
8.566969E+03	5.815195E-17	1.043800E-18
8.567169E+03	5.814148E-17	1.043565E-18
8.567369E+03	5.813502E-17	1.043403E-18
8.567569E+03	5.812589E-17	1.043193E-18
8.567769E+03	5.811943E-17	1.043031E-18
8.567969E+03	5.811565E-17	1.042917E-18
8.568169E+03	5.811856E-17	1.042923E-18
8.568369E+03	5.811478E-17	1.042808E-18
8.568569E+03	5.812304E-17	1.042910E-18
8.568769E+03	5.811658E-17	1.042747E-18
8.568969E+03	5.810210E-17	1.042441E-18
8.569168E+03	5.809166E-17	1.042207E-18
8.569369E+03	5.807582E-17	1.041876E-18
8.569568E+03	5.806539E-17	1.041642E-18
8.569769E+03	5.805623E-17	1.041430E-18
8.569968E+03	5.804179E-17	1.041124E-18
8.570168E+03	5.804336E-17	1.041105E-18
8.570368E+03	5.805562E-17	1.041277E-18
8.570568E+03	5.805987E-17	1.041306E-18
8.570768E+03	5.805341E-17	1.041143E-18
8.570968E+03	5.804296E-17	1.040908E-18
8.571168E+03	5.803384E-17	1.040697E-18
8.571368E+03	5.803541E-17	1.040677E-18
8.571568E+03	5.803564E-17	1.040633E-18
8.571768E+03	5.803588E-17	1.040590E-18
8.571968E+03	5.804012E-17	1.040617E-18
8.572169E+03	5.804299E-17	1.040621E-18
8.572369E+03	5.803922E-17	1.040505E-18
8.572569E+03	5.803945E-17	1.040461E-18
8.572769E+03	5.804771E-17	1.040560E-18
8.572969E+03	5.805195E-17	1.040588E-18
8.573169E+03	5.805352E-17	1.040567E-18
8.573369E+03	5.805509E-17	1.040547E-18
8.573569E+03	5.805399E-17	1.040478E-18
8.573769E+03	5.805422E-17	1.040433E-18
8.573969E+03	5.804777E-17	1.040269E-18
8.574169E+03	5.804132E-17	1.040104E-18
8.574369E+03	5.804155E-17	1.040059E-18
8.574569E+03	5.803912E-17	1.039967E-18
8.574769E+03	5.802331E-17	1.039634E-18
8.574969E+03	5.801687E-17	1.039469E-18
8.575169E+03	5.801042E-17	1.039304E-18
8.575369E+03	5.799062E-17	1.038900E-18
8.575569E+03	5.796816E-17	1.038448E-18
8.575769E+03	5.795905E-17	1.038235E-18
8.575969E+03	5.795661E-17	1.038142E-18
8.576169E+03	5.794350E-17	1.037857E-18
8.576369E+03	5.792639E-17	1.037501E-18
8.576569E+03	5.790396E-17	1.037049E-18
8.576769E+03	5.789485E-17	1.036836E-18
8.576969E+03	5.789242E-17	1.036742E-18
8.577169E+03	5.788998E-17	1.036649E-18
8.577370E+03	5.788220E-17	1.036459E-18
8.577570E+03	5.787177E-17	1.036222E-18
8.577770E+03	5.786268E-17	1.036008E-18
8.577970E+03	5.785092E-17	1.035747E-18
8.578170E+03	5.784182E-17	1.035534E-18
8.578370E+03	5.783407E-17	1.035344E-18
8.578570E+03	5.782498E-17	1.035131E-18
8.578770E+03	5.781723E-17	1.034941E-18
8.578970E+03	5.781213E-17	1.034799E-18
8.579170E+03	5.781103E-17	1.034729E-18
8.579370E+03	5.779263E-17	1.034348E-18
8.579570E+03	5.777557E-17	1.033992E-18
8.579770E+03	5.776782E-17	1.033802E-18
8.579970E+03	5.776673E-17	1.033731E-18
8.580170E+03	5.776563E-17	1.033660E-18
8.580370E+03	5.776187E-17	1.033541E-18
8.580570E+03	5.775545E-17	1.033375E-18
8.580770E+03	5.775435E-17	1.033304E-18
8.580970E+03	5.775192E-17	1.033208E-18
8.581170E+03	5.773621E-17	1.032875E-18
8.581370E+03	5.771517E-17	1.032447E-18
8.581569E+03	5.769948E-17	1.032115E-18
8.581770E+03	5.769172E-17	1.031924E-18
8.581969E+03	5.768135E-17	1.031687E-18
8.582169E+03	5.767627E-17	1.031544E-18
8.582370E+03	5.766851E-17	1.031352E-18
8.582570E+03	5.765281E-17	1.031019E-18
8.582770E+03	5.763446E-17	1.030639E-18
8.582970E+03	5.762938E-17	1.030496E-18
8.583170E+03	5.763095E-17	1.030471E-18
8.583370E+03	5.760863E-17	1.030019E-18
8.583570E+03	5.758896E-17	1.029615E-18
8.583770E+03	5.758256E-17	1.029448E-18
8.583970E+03	5.757086E-17	1.029186E-18
8.584170E+03	5.754990E-17	1.028758E-18
8.584370E+03	5.752628E-17	1.028283E-18
8.584570E+03	5.751724E-17	1.028068E-18
8.584770E+03	5.750555E-17	1.027806E-18
8.584970E+03	5.749255E-17	1.027521E-18
8.585170E+03	5.748219E-17	1.027282E-18
8.585370E+03	5.746919E-17	1.026997E-18
8.585570E+03	5.745354E-17	1.026664E-18
8.585770E+03	5.744716E-17	1.026496E-18
8.585970E+03	5.743946E-17	1.026305E-18
8.586170E+03	5.742118E-17	1.025925E-18
8.586370E+03	5.740290E-17	1.025544E-18
8.586570E+03	5.738728E-17	1.025212E-18
8.586770E+03	5.737958E-17	1.025020E-18
8.586970E+03	5.737453E-17	1.024876E-18
8.587170E+03	5.736816E-17	1.024708E-18
8.587370E+03	5.735651E-17	1.024446E-18
8.587570E+03	5.734090E-17	1.024113E-18
8.587770E+03	5.733056E-17	1.023875E-18
8.587971E+03	5.732946E-17	1.023800E-18
8.588171E+03	5.731913E-17	1.023561E-18
8.588371E+03	5.729825E-17	1.023134E-18
8.588571E+03	5.728529E-17	1.022848E-18
8.588771E+03	5.727893E-17	1.022680E-18
8.588971E+03	5.726861E-17	1.022441E-18
8.589171E+03	5.724775E-17	1.022014E-18
8.589371E+03	5.723217E-17	1.021681E-18
8.589571E+03	5.723108E-17	1.021607E-18
8.589771E+03	5.722868E-17	1.021509E-18
8.589971E+03	5.722365E-17	1.021364E-18
8.590171E+03	5.722256E-17	1.021290E-18
8.590371E+03	5.721489E-17	1.021098E-18
8.590571E+03	5.720064E-17	1.020788E-18
8.590771E+03	5.719034E-17	1.020549E-18
8.590971E+03	5.718399E-17	1.020380E-18
8.591171E+03	5.717764E-17	1.020211E-18
8.591371E+03	5.717393E-17	1.020089E-18
8.591571E+03	5.717153E-17	1.019991E-18
8.591771E+03	5.716387E-17	1.019799E-18
8.591971E+03	5.715620E-17	1.019606E-18
8.592171E+03	5.716039E-17	1.019625E-18
8.592371E+03	5.715930E-17	1.019550E-18
8.592571E+03	5.713849E-17	1.019122E-18
8.592771E+03	5.712162E-17	1.018765E-18
8.592971E+03	5.711791E-17	1.018643E-18
8.593172E+03	5.711024E-17	1.018450E-18
8.593372E+03	5.709863E-17	1.018187E-18
8.593572E+03	5.709361E-17	1.018040E-18
8.593772E+03	5.709911E-17	1.018082E-18
8.593972E+03	5.709803E-17	1.018006E-18
8.594172E+03	5.708249E-17	1.017673E-18
8.594371E+03	5.707224E-17	1.017433E-18
8.594572E+03	5.706325E-17	1.017216E-18
8.594772E+03	5.705561E-17	1.017023E-18
8.594971E+03	5.704668E-17	1.016807E-18
8.595172E+03	5.704163E-17	1.016660E-18
8.595371E+03	5.703796E-17	1.016538E-18
8.595571E+03	5.702243E-17	1.016204E-18
8.595771E+03	5.701085E-17	1.015940E-18
8.595971E+03	5.701240E-17	1.015911E-18
8.596171E+03	5.701790E-17	1.015951E-18
8.596371E+03	5.701945E-17	1.015921E-18
8.596571E+03	5.701312E-17	1.015751E-18
8.596771E+03	5.700417E-17	1.015534E-18
8.596971E+03	5.699522E-17	1.015317E-18
8.597171E+03	5.698758E-17	1.015123E-18
8.597371E+03	5.697471E-17	1.014836E-18
8.597571E+03	5.695658E-17	1.014455E-18
8.597771E+03	5.694895E-17	1.014261E-18
8.597971E+03	5.694264E-17	1.014091E-18
8.598171E+03	5.693632E-17	1.013920E-18
8.598372E+03	5.693391E-17	1.013819E-18
8.598572E+03	5.692890E-17	1.013671E-18
8.598772E+03	5.692260E-17	1.013501E-18
8.598972E+03	5.690972E-17	1.013213E-18
8.599172E+03	5.689031E-17	1.012809E-18
8.599372E+03	5.688401E-17	1.012638E-18
8.599572E+03	5.689341E-17	1.012747E-18
8.599772E+03	5.689235E-17	1.012669E-18
8.599972E+03	5.688211E-17	1.012428E-18
8.600172E+03	5.688235E-17	1.012374E-18
8.600372E+03	5.689176E-17	1.012482E-18
8.600572E+03	5.689986E-17	1.012567E-18
8.600772E+03	5.690665E-17	1.012629E-18
8.600972E+03	5.691214E-17	1.012667E-18
8.601172E+03	5.691238E-17	1.012612E-18
8.601372E+03	5.691786E-17	1.012650E-18
8.601572E+03	5.692335E-17	1.012689E-18
8.601772E+03	5.691704E-17	1.012517E-18
8.601972E+03	5.690025E-17	1.012158E-18
8.602172E+03	5.689394E-17	1.011987E-18
8.602372E+03	5.689287E-17	1.011908E-18
8.602572E+03	5.688657E-17	1.011736E-18
8.602772E+03	5.688419E-17	1.011633E-18
8.602972E+03	5.688181E-17	1.011531E-18
8.603172E+03	5.686635E-17	1.011196E-18
8.603372E+03	5.685481E-17	1.010931E-18
8.603573E+03	5.685241E-17	1.010828E-18
8.603773E+03	5.684741E-17	1.010679E-18
8.603973E+03	5.683588E-17	1.010413E-18
8.604173E+03	5.683089E-17	1.010264E-18
8.604373E+03	5.683244E-17	1.010231E-18
8.604573E+03	5.682877E-17	1.010105E-18
8.604773E+03	5.681855E-17	1.009863E-18
8.604973E+03	5.680571E-17	1.009574E-18
8.605173E+03	5.679680E-17	1.009355E-18
8.605373E+03	5.679574E-17	1.009275E-18
8.605573E+03	5.680252E-17	1.009335E-18
8.605773E+03	5.680277E-17	1.009278E-18
8.605973E+03	5.680433E-17	1.009244E-18
8.606173E+03	5.681635E-17	1.009397E-18
8.606373E+03	5.682445E-17	1.009479E-18
8.606573E+03	5.682077E-17	1.009353E-18
8.606773E+03	5.680532E-17	1.009017E-18
8.606973E+03	5.678595E-17	1.008611E-18
8.607173E+03	5.677705E-17	1.008392E-18
8.607372E+03	5.677863E-17	1.008358E-18
8.607573E+03	5.677494E-17	1.008231E-18
8.607772E+03	5.677520E-17	1.008174E-18
8.607972E+03	5.677676E-17	1.008140E-18
8.608173E+03	5.676522E-17	1.007872E-18
8.608372E+03	5.675635E-17	1.007653E-18
8.608572E+03	5.674876E-17	1.007457E-18
8.608772E+03	5.673987E-17	1.007236E-18
8.608973E+03	5.674271E-17	1.007224E-18
8.609173E+03	5.674295E-17	1.007166E-18
8.609373E+03	5.674843E-17	1.007201E-18
8.609573E+03	5.675391E-17	1.007236E-18
8.609773E+03	5.673979E-17	1.006923E-18
8.609973E+03	5.672567E-17	1.006610E-18
8.610173E+03	5.671939E-17	1.006436E-18
8.610373E+03	5.671965E-17	1.006377E-18
8.610573E+03	5.671860E-17	1.006296E-18
8.610773E+03	5.671885E-17	1.006237E-18
8.610973E+03	5.672302E-17	1.006248E-18
8.611173E+03	5.672066E-17	1.006143E-18
8.611373E+03	5.671308E-17	1.005946E-18
8.611573E+03	5.670942E-17	1.005817E-18
8.611773E+03	5.671489E-17	1.005851E-18
8.611973E+03	5.672690E-17	1.006001E-18
8.612173E+03	5.673892E-17	1.006150E-18
8.612373E+03	5.674570E-17	1.006207E-18
8.612573E+03	5.674073E-17	1.006055E-18
8.612773E+03	5.672793E-17	1.005764E-18
8.612973E+03	5.672296E-17	1.005613E-18
8.613173E+03	5.672191E-17	1.005530E-18
8.613373E+03	5.671956E-17	1.005425E-18
8.613573E+03	5.671589E-17	1.005295E-18
8.613773E+03	5.671355E-17	1.005190E-18
8.613973E+03	5.671642E-17	1.005176E-18
8.614174E+03	5.672187E-17	1.005209E-18
8.614374E+03	5.672605E-17	1.005218E-18
8.614574E+03	5.671847E-17	1.005019E-18
8.614774E+03	5.670176E-17	1.004659E-18
8.614974E+03	5.668897E-17	1.004368E-18
8.615174E+03	5.667878E-17	1.004123E-18
8.615374E+03	5.667643E-17	1.004016E-18
8.615574E+03	5.668061E-17	1.004026E-18
8.615774E+03	5.668608E-17	1.004058E-18
8.615974E+03	5.667852E-17	1.003859E-18
8.616174E+03	5.666442E-17	1.003544E-18
8.616374E+03	5.664773E-17	1.003183E-18
8.616574E+03	5.663364E-17	1.002869E-18
8.616774E+03	5.662217E-17	1.002601E-18
8.616974E+03	5.661200E-17	1.002355E-18
8.617174E+03	5.659793E-17	1.002041E-18
8.617374E+03	5.659298E-17	1.001888E-18
8.617574E+03	5.658934E-17	1.001758E-18
8.617774E+03	5.657527E-17	1.001443E-18
8.617974E+03	5.656251E-17	1.001152E-18
8.618174E+03	5.654714E-17	1.000814E-18
8.618374E+03	5.652918E-17	1.000431E-18
8.618574E+03	5.651513E-17	1.000116E-18
8.618774E+03	5.650889E-17	9.999400E-19
8.618974E+03	5.650395E-17	9.997869E-19
8.619174E+03	5.650032E-17	9.996565E-19
8.619375E+03	5.649926E-17	9.995713E-19
8.619575E+03	5.650083E-17	9.995330E-19
8.619775E+03	5.650239E-17	9.994947E-19
8.619975E+03	5.650526E-17	9.994790E-19
8.620174E+03	5.651076E-17	9.995103E-19
8.620374E+03	5.651493E-17	9.995176E-19
8.620575E+03	5.650867E-17	9.993402E-19
8.620774E+03	5.650896E-17	9.992789E-19
8.620975E+03	5.652092E-17	9.994234E-19
8.621174E+03	5.652252E-17	9.993853E-19
8.621374E+03	5.650717E-17	9.990473E-19
8.621574E+03	5.649443E-17	9.987550E-19
8.621774E+03	5.649080E-17	9.986239E-19
8.621974E+03	5.648847E-17	9.985156E-19
8.622174E+03	5.649524E-17	9.985684E-19
8.622374E+03	5.649681E-17	9.985289E-19
8.622574E+03	5.649058E-17	9.983515E-19
8.622774E+03	5.649216E-17	9.983121E-19
8.622974E+03	5.649373E-17	9.982726E-19
8.623174E+03	5.648360E-17	9.980260E-19
8.623374E+03	5.647347E-17	9.977794E-19
8.623574E+03	5.646074E-17	9.974870E-19
8.623774E+03	5.644671E-17	9.971716E-19
8.623974E+03	5.643660E-17	9.969251E-19
8.624174E+03	5.642648E-17	9.966786E-19
8.624374E+03	5.642805E-17	9.966385E-19
8.624575E+03	5.643480E-17	9.966895E-19
8.624775E+03	5.643378E-17	9.966034E-19
8.624975E+03	5.642756E-17	9.964255E-19
8.625175E+03	5.642653E-17	9.963392E-19
8.625375E+03	5.643590E-17	9.964366E-19
8.625575E+03	5.643099E-17	9.962813E-19
8.625775E+03	5.641568E-17	9.959427E-19
8.625975E+03	5.641076E-17	9.957875E-19
8.626175E+03	5.640844E-17	9.956781E-19
8.626375E+03	5.639833E-17	9.954309E-19
8.626575E+03	5.638562E-17	9.951380E-19
8.626775E+03	5.638071E-17	9.949827E-19
8.626975E+03	5.638748E-17	9.950336E-19
8.627175E+03	5.639166E-17	9.950382E-19
8.627375E+03	5.638675E-17	9.948826E-19
8.627575E+03	5.638313E-17	9.947499E-19
8.627775E+03	5.637433E-17	9.945257E-19
8.627975E+03	5.636813E-17	9.943470E-19
8.628175E+03	5.637230E-17	9.943513E-19
8.628375E+03	5.638167E-17	9.944474E-19
8.628575E+03	5.638844E-17	9.944976E-19
8.628775E+03	5.639522E-17	9.945476E-19
8.628975E+03	5.639940E-17	9.945517E-19
8.629175E+03	5.639839E-17	9.944642E-19
8.629375E+03	5.639478E-17	9.943311E-19
8.629575E+03	5.639766E-17	9.943120E-19
8.629775E+03	5.640185E-17	9.943159E-19
8.629976E+03	5.639302E-17	9.940901E-19
8.630176E+03	5.638681E-17	9.939108E-19
8.630376E+03	5.638321E-17	9.937771E-19
8.630576E+03	5.636791E-17	9.934374E-19
8.630776E+03	5.635133E-17	9.930751E-19
8.630976E+03	5.634384E-17	9.928730E-19
8.631176E+03	5.634284E-17	9.927848E-19
8.631376E+03	5.634572E-17	9.927652E-19
8.631576E+03	5.635509E-17	9.928599E-19
8.631776E+03	5.636057E-17	9.928860E-19
8.631976E+03	5.635049E-17	9.926377E-19
8.632176E+03	5.634429E-17	9.924578E-19
8.632376E+03	5.634458E-17	9.923923E-19
8.632576E+03	5.634098E-17	9.922581E-19
8.632775E+03	5.633351E-17	9.920560E-19
8.632976E+03	5.632601E-17	9.918525E-19
8.633175E+03	5.631335E-17	9.915591E-19
8.633376E+03	5.630195E-17	9.912871E-19
8.633576E+03	5.629706E-17	9.911297E-19
8.633775E+03	5.628442E-17	9.908364E-19
8.633976E+03	5.627822E-17	9.906556E-19
8.634175E+03	5.628242E-17	9.906587E-19
8.634375E+03	5.628790E-17	9.906837E-19
8.634575E+03	5.629598E-17	9.907544E-19
8.634775E+03	5.630017E-17	9.907565E-19
8.634975E+03	5.629528E-17	9.905990E-19
8.635176E+03	5.629037E-17	9.904404E-19
8.635376E+03	5.629196E-17	9.903966E-19
8.635576E+03	5.628708E-17	9.902389E-19
8.635776E+03	5.628090E-17	9.900585E-19
8.635976E+03	5.628379E-17	9.900371E-19
8.636176E+03	5.628280E-17	9.899476E-19
8.636376E+03	5.627273E-17	9.896985E-19
8.636576E+03	5.626397E-17	9.894723E-19
8.636776E+03	5.626038E-17	9.893369E-19
8.636976E+03	5.625809E-17	9.892243E-19
8.637176E+03	5.625840E-17	9.891573E-19
8.637376E+03	5.626647E-17	9.892269E-19
8.637576E+03	5.627455E-17	9.892964E-19
8.637776E+03	5.626449E-17	9.890469E-19
8.637976E+03	5.625314E-17	9.887747E-19
8.638176E+03	5.624696E-17	9.885935E-19
8.638376E+03	5.624857E-17	9.885488E-19
8.638576E+03	5.625535E-17	9.885951E-19
8.638776E+03	5.625954E-17	9.885958E-19
8.638976E+03	5.626763E-17	9.886650E-19
8.639176E+03	5.627442E-17	9.887110E-19
8.639376E+03	5.627473E-17	9.886433E-19
8.639576E+03	5.626856E-17	9.884616E-19
8.639776E+03	5.626627E-17	9.883482E-19
8.639976E+03	5.627307E-17	9.883941E-19
8.640176E+03	5.627726E-17	9.883943E-19
8.640377E+03	5.626848E-17	9.881662E-19
8.640577E+03	5.625325E-17	9.878251E-19
8.640777E+03	5.624578E-17	9.876203E-19
8.640977E+03	5.623963E-17	9.874385E-19
8.641177E+03	5.623088E-17	9.872111E-19
8.641377E+03	5.622860E-17	9.870973E-19
8.641577E+03	5.622244E-17	9.869152E-19
8.641777E+03	5.620075E-17	9.864604E-19
8.641977E+03	5.618554E-17	9.861195E-19
8.642177E+03	5.618198E-17	9.859830E-19
8.642377E+03	5.617324E-17	9.857554E-19
8.642577E+03	5.615933E-17	9.854371E-19
8.642777E+03	5.614155E-17	9.850508E-19
8.642977E+03	5.613281E-17	9.848234E-19
8.643177E+03	5.613831E-17	9.848453E-19
8.643377E+03	5.613346E-17	9.846857E-19
8.643577E+03	5.611310E-17	9.842541E-19
8.643777E+03	5.609921E-17	9.839361E-19
8.643977E+03	5.609049E-17	9.837084E-19
8.644177E+03	5.608176E-17	9.834808E-19
8.644377E+03	5.607435E-17	9.832760E-19
8.644577E+03	5.606563E-17	9.830484E-19
8.644777E+03	5.606337E-17	9.829339E-19
8.644977E+03	5.607273E-17	9.830231E-19
8.645177E+03	5.607692E-17	9.830216E-19
8.645377E+03	5.606821E-17	9.827940E-19
8.645577E+03	5.605434E-17	9.824755E-19
8.645778E+03	5.605335E-17	9.823827E-19
8.645978E+03	5.606271E-17	9.824713E-19
8.646177E+03	5.606435E-17	9.824253E-19
8.646378E+03	5.606724E-17	9.824000E-19
8.646577E+03	5.605985E-17	9.821954E-19
8.646778E+03	5.604466E-17	9.818534E-19
8.646977E+03	5.603082E-17	9.815358E-19
8.647177E+03	5.603244E-17	9.814885E-19
8.647377E+03	5.602761E-17	9.813281E-19
8.647577E+03	5.600988E-17	9.809420E-19
8.647777E+03	5.599989E-17	9.806912E-19
8.647977E+03	5.599765E-17	9.805760E-19
8.648177E+03	5.597606E-17	9.801220E-19
8.648377E+03	5.595062E-17	9.796007E-19
8.648577E+03	5.595224E-17	9.795531E-19
8.648777E+03	5.594356E-17	9.793250E-19
8.648977E+03	5.592200E-17	9.788714E-19
8.649177E+03	5.590560E-17	9.785082E-19
8.649377E+03	5.588920E-17	9.781450E-19
8.649577E+03	5.587409E-17	9.778042E-19
8.649777E+03	5.585257E-17	9.773512E-19
8.649977E+03	5.583362E-17	9.769433E-19
8.650177E+03	5.581724E-17	9.765804E-19
8.650377E+03	5.580216E-17	9.762400E-19
8.650577E+03	5.579736E-17	9.760795E-19
8.650777E+03	5.578742E-17	9.758290E-19
8.650978E+03	5.576718E-17	9.753982E-19
8.651178E+03	5.574313E-17	9.749008E-19
8.651378E+03	5.572037E-17	9.744260E-19
8.651578E+03	5.571301E-17	9.742207E-19
8.651778E+03	5.570822E-17	9.740602E-19
8.651978E+03	5.569190E-17	9.736978E-19
8.652178E+03	5.567942E-17	9.734026E-19
8.652378E+03	5.566950E-17	9.731524E-19
8.652578E+03	5.565831E-17	9.728799E-19
8.652778E+03	5.565353E-17	9.727191E-19
8.652978E+03	5.565387E-17	9.726479E-19
8.653178E+03	5.565037E-17	9.725096E-19
8.653378E+03	5.563919E-17	9.722371E-19
8.653578E+03	5.563185E-17	9.720314E-19
8.653778E+03	5.563604E-17	9.720271E-19
8.653978E+03	5.564280E-17	9.720678E-19
8.654178E+03	5.564185E-17	9.719739E-19
8.654378E+03	5.564092E-17	9.718800E-19
8.654578E+03	5.563871E-17	9.717637E-19
8.654778E+03	5.563138E-17	9.715579E-19
8.654978E+03	5.562916E-17	9.714416E-19
8.655178E+03	5.563080E-17	9.713922E-19
8.655378E+03	5.562987E-17	9.712980E-19
8.655578E+03	5.562766E-17	9.711815E-19
8.655778E+03	5.561392E-17	9.708637E-19
8.655978E+03	5.559891E-17	9.705235E-19
8.656179E+03	5.559412E-17	9.703613E-19
8.656379E+03	5.558808E-17	9.701777E-19
8.656579E+03	5.557052E-17	9.697930E-19
8.656779E+03	5.555041E-17	9.693638E-19
8.656979E+03	5.553542E-17	9.690238E-19
8.657179E+03	5.552810E-17	9.688178E-19
8.657379E+03	5.552462E-17	9.686788E-19
8.657579E+03	5.551859E-17	9.684949E-19
8.657779E+03	5.551256E-17	9.683111E-19
8.657979E+03	5.550652E-17	9.681273E-19
8.658179E+03	5.550305E-17	9.679881E-19
8.658379E+03	5.549575E-17	9.677820E-19
8.658578E+03	5.548464E-17	9.675098E-19
8.658779E+03	5.547348E-17	9.672360E-19
8.658978E+03	5.546492E-17	9.670083E-19
8.659178E+03	5.546018E-17	9.668466E-19
8.659379E+03	5.545158E-17	9.666173E-19
8.659578E+03	5.544814E-17	9.664787E-19
8.659778E+03	5.544723E-17	9.663837E-19
8.659978E+03	5.544377E-17	9.662441E-19
8.660178E+03	5.544157E-17	9.661267E-19
8.660378E+03	5.543173E-17	9.658759E-19
8.660578E+03	5.542061E-17	9.656028E-19
8.660778E+03	5.543374E-17	9.657521E-19
8.660978E+03	5.545837E-17	9.661017E-19
8.661178E+03	5.547406E-17	9.662954E-19
8.661379E+03	5.548336E-17	9.663773E-19
8.661579E+03	5.548373E-17	9.663039E-19
8.661779E+03	5.547772E-17	9.661193E-19
8.661979E+03	5.546915E-17	9.658902E-19
8.662179E+03	5.546058E-17	9.656612E-19
8.662379E+03	5.544308E-17	9.652765E-19
8.662579E+03	5.541283E-17	9.646697E-19
8.662779E+03	5.537749E-17	9.639745E-19
8.662979E+03	5.534854E-17	9.633906E-19
8.663179E+03	5.531707E-17	9.627626E-19
8.663379E+03	5.528434E-17	9.621129E-19
8.663579E+03	5.525926E-17	9.615964E-19
8.663779E+03	5.524183E-17	9.612130E-19
8.663979E+03	5.522822E-17	9.608959E-19
8.664179E+03	5.521461E-17	9.605789E-19
8.664379E+03	5.520228E-17	9.602840E-19
8.664579E+03	5.518741E-17	9.599451E-19
8.664779E+03	5.517254E-17	9.596061E-19
8.664979E+03	5.515895E-17	9.592893E-19
8.665179E+03	5.515299E-17	9.591051E-19
8.665379E+03	5.515972E-17	9.591418E-19
8.665579E+03	5.516138E-17	9.590899E-19
8.665779E+03	5.515795E-17	9.589495E-19
8.665979E+03	5.515325E-17	9.587872E-19
8.666179E+03	5.514221E-17	9.585145E-19
8.666379E+03	5.513371E-17	9.582859E-19
8.666580E+03	5.513661E-17	9.582550E-19
8.666780E+03	5.513320E-17	9.581147E-19
8.666980E+03	5.512089E-17	9.578198E-19
8.667180E+03	5.511113E-17	9.575691E-19
8.667380E+03	5.510137E-17	9.573185E-19
8.667580E+03	5.509161E-17	9.570677E-19
8.667780E+03	5.508820E-17	9.569273E-19
8.667980E+03	5.508478E-17	9.567867E-19
8.668180E+03	5.508010E-17	9.566240E-19
8.668380E+03	5.506020E-17	9.561971E-19
8.668580E+03	5.503779E-17	9.557265E-19
8.668780E+03	5.500904E-17	9.551458E-19
8.668980E+03	5.498031E-17	9.545656E-19
8.669180E+03	5.495919E-17	9.541174E-19
8.669380E+03	5.494567E-17	9.538013E-19
8.669580E+03	5.492963E-17	9.534411E-19
8.669780E+03	5.491358E-17	9.530810E-19
8.669980E+03	5.489754E-17	9.527210E-19
8.670180E+03	5.488278E-17	9.523832E-19
8.670380E+03	5.487686E-17	9.521987E-19
8.670580E+03	5.487600E-17	9.521019E-19
8.670780E+03	5.486503E-17	9.518297E-19
8.670980E+03	5.487301E-17	9.518864E-19
8.671180E+03	5.487341E-17	9.518114E-19
8.671379E+03	5.487511E-17	9.517591E-19
8.671579E+03	5.488436E-17	9.518375E-19
8.671780E+03	5.489611E-17	9.519588E-19
8.671980E+03	5.489778E-17	9.519054E-19
8.672181E+03	5.489311E-17	9.517417E-19
8.672380E+03	5.489734E-17	9.517330E-19
8.672580E+03	5.489901E-17	9.516796E-19
8.672780E+03	5.489436E-17	9.515165E-19
8.672980E+03	5.489098E-17	9.513753E-19
8.673180E+03	5.489771E-17	9.514093E-19
8.673380E+03	5.489686E-17	9.513120E-19
8.673580E+03	5.489349E-17	9.511706E-19
8.673780E+03	5.489390E-17	9.510949E-19
8.673980E+03	5.488420E-17	9.508441E-19
8.674180E+03	5.487198E-17	9.505495E-19
8.674380E+03	5.487493E-17	9.505175E-19
8.674580E+03	5.488798E-17	9.506605E-19
8.674780E+03	5.489977E-17	9.507817E-19
8.674980E+03	5.490398E-17	9.507715E-19
8.675180E+03	5.490314E-17	9.506736E-19
8.675380E+03	5.490609E-17	9.506413E-19
8.675580E+03	5.490777E-17	9.505871E-19
8.675780E+03	5.490314E-17	9.504234E-19
8.675980E+03	5.490356E-17	9.503471E-19
8.676180E+03	5.490399E-17	9.502710E-19
8.676380E+03	5.490315E-17	9.501728E-19
8.676580E+03	5.490104E-17	9.500527E-19
8.676780E+03	5.489768E-17	9.499107E-19
8.676980E+03	5.489937E-17	9.498562E-19
8.677181E+03	5.490230E-17	9.498226E-19
8.677381E+03	5.490526E-17	9.497900E-19
8.677581E+03	5.490316E-17	9.496695E-19
8.677781E+03	5.489601E-17	9.494618E-19
8.677981E+03	5.489139E-17	9.492977E-19
8.678181E+03	5.488929E-17	9.491773E-19
8.678381E+03	5.488972E-17	9.491005E-19
8.678581E+03	5.489016E-17	9.490237E-19
8.678781E+03	5.489185E-17	9.489687E-19
8.678981E+03	5.489229E-17	9.488919E-19
8.679181E+03	5.489020E-17	9.487712E-19
8.679381E+03	5.488938E-17	9.486725E-19
8.679581E+03	5.489360E-17	9.486609E-19
8.679781E+03	5.489657E-17	9.486277E-19
8.679981E+03	5.488943E-17	9.484195E-19
8.680181E+03	5.488355E-17	9.482331E-19
8.680381E+03	5.488399E-17	9.481559E-19
8.680581E+03	5.487432E-17	9.479041E-19
8.680781E+03	5.486592E-17	9.476740E-19
8.680981E+03	5.486763E-17	9.476185E-19
8.681181E+03	5.486429E-17	9.474758E-19
8.681381E+03	5.485842E-17	9.472893E-19
8.681581E+03	5.485381E-17	9.471246E-19
8.681781E+03	5.485048E-17	9.469818E-19
8.681981E+03	5.485218E-17	9.469260E-19
8.682181E+03	5.484884E-17	9.467831E-19
8.682382E+03	5.484295E-17	9.465956E-19
8.682582E+03	5.485352E-17	9.466924E-19
8.682782E+03	5.486407E-17	9.467891E-19
8.682982E+03	5.486073E-17	9.466460E-19
8.683182E+03	5.484982E-17	9.463721E-19
8.683382E+03	5.484396E-17	9.461852E-19
8.683582E+03	5.484694E-17	9.461510E-19
8.683782E+03	5.485498E-17	9.462039E-19
8.683982E+03	5.486175E-17	9.462348E-19
8.684182E+03	5.486600E-17	9.462221E-19
8.684381E+03	5.486522E-17	9.461230E-19
8.684582E+03	5.485429E-17	9.458482E-19
8.684781E+03	5.483583E-17	9.454442E-19
8.684981E+03	5.482619E-17	9.451919E-19
8.685182E+03	5.482158E-17	9.450259E-19
8.685381E+03	5.481449E-17	9.448179E-19
8.685581E+03	5.480865E-17	9.446309E-19
8.685781E+03	5.480659E-17	9.445091E-19
8.685981E+03	5.479822E-17	9.442785E-19
8.686181E+03	5.479238E-17	9.440915E-19
8.686381E+03	5.479412E-17	9.440349E-19
8.686581E+03	5.479711E-17	9.439998E-19
8.686781E+03	5.479758E-17	9.439214E-19
8.686981E+03	5.479805E-17	9.438429E-19
8.687181E+03	5.479221E-17	9.436556E-19
8.687381E+03	5.479269E-17	9.435770E-19
8.687582E+03	5.479566E-17	9.435410E-19
8.687782E+03	5.479487E-17	9.434406E-19
8.687982E+03	5.479409E-17	9.433400E-19
8.688182E+03	5.480340E-17	9.434133E-19
8.688382E+03	5.480766E-17	9.433996E-19
8.688582E+03	5.480183E-17	9.432122E-19
8.688782E+03	5.479348E-17	9.429813E-19
8.688982E+03	5.479144E-17	9.428588E-19
8.689182E+03	5.479192E-17	9.427799E-19
8.689382E+03	5.478862E-17	9.426358E-19
8.689582E+03	5.478658E-17	9.425132E-19
8.689782E+03	5.477824E-17	9.422822E-19
8.689982E+03	5.476989E-17	9.420512E-19
8.690182E+03	5.476533E-17	9.418853E-19
8.690382E+03	5.476204E-17	9.417410E-19
8.690582E+03	5.475748E-17	9.415750E-19
8.690782E+03	5.474789E-17	9.413224E-19
8.690982E+03	5.473955E-17	9.410914E-19
8.691182E+03	5.474256E-17	9.410553E-19
8.691382E+03	5.474936E-17	9.410843E-19
8.691582E+03	5.474734E-17	9.409616E-19
8.691782E+03	5.474026E-17	9.407522E-19
8.691982E+03	5.473950E-17	9.406510E-19
8.692182E+03	5.474630E-17	9.406797E-19
8.692382E+03	5.474680E-17	9.406002E-19
8.692582E+03	5.474225E-17	9.404340E-19
8.692782E+03	5.473645E-17	9.402460E-19
8.692983E+03	5.472937E-17	9.400356E-19
8.693183E+03	5.472609E-17	9.398909E-19
8.693383E+03	5.471651E-17	9.396381E-19
8.693583E+03	5.469812E-17	9.392338E-19
8.693783E+03	5.469484E-17	9.390891E-19
8.693983E+03	5.469786E-17	9.390525E-19
8.694183E+03	5.469459E-17	9.389078E-19
8.694383E+03	5.469258E-17	9.387846E-19
8.694583E+03	5.469813E-17	9.387912E-19
8.694783E+03	5.469612E-17	9.386678E-19
8.694983E+03	5.468278E-17	9.383502E-19
8.695183E+03	5.466315E-17	9.379245E-19
8.695383E+03	5.464981E-17	9.376069E-19
8.695583E+03	5.464278E-17	9.373973E-19
8.695783E+03	5.462316E-17	9.369720E-19
8.695983E+03	5.460356E-17	9.365467E-19
8.696183E+03	5.460031E-17	9.364019E-19
8.696383E+03	5.459202E-17	9.361708E-19
8.696583E+03	5.456865E-17	9.356812E-19
8.696783E+03	5.455913E-17	9.354287E-19
8.696983E+03	5.456844E-17	9.354991E-19
8.697183E+03	5.457273E-17	9.354836E-19
8.697382E+03	5.455694E-17	9.351242E-19
8.697583E+03	5.454237E-17	9.347846E-19
8.697782E+03	5.454040E-17	9.346621E-19
8.697983E+03	5.454467E-17	9.346454E-19
8.698183E+03	5.454394E-17	9.345435E-19
8.698383E+03	5.453568E-17	9.343124E-19
8.698583E+03	5.452741E-17	9.340812E-19
8.698783E+03	5.451790E-17	9.338288E-19
8.698983E+03	5.450839E-17	9.335763E-19
8.699183E+03	5.451017E-17	9.335171E-19
8.699383E+03	5.451322E-17	9.334795E-19
8.699583E+03	5.451500E-17	9.334203E-19
8.699783E+03	5.451051E-17	9.332537E-19
8.699983E+03	5.450227E-17	9.330226E-19
8.700183E+03	5.449402E-17	9.327915E-19
8.700383E+03	5.449079E-17	9.326463E-19
8.700583E+03	5.449258E-17	9.325870E-19
8.700783E+03	5.449061E-17	9.324632E-19
8.700983E+03	5.448864E-17	9.323393E-19
8.701183E+03	5.447664E-17	9.320439E-19
8.701383E+03	5.445837E-17	9.316411E-19
8.701583E+03	5.445014E-17	9.314100E-19
8.701783E+03	5.443939E-17	9.311360E-19
8.701983E+03	5.442240E-17	9.307550E-19
8.702183E+03	5.441793E-17	9.305883E-19
8.702383E+03	5.441597E-17	9.304644E-19
8.702583E+03	5.441151E-17	9.302976E-19
8.702783E+03	5.440830E-17	9.301524E-19
8.702983E+03	5.440884E-17	9.300712E-19
8.703183E+03	5.440314E-17	9.298830E-19
8.703384E+03	5.438238E-17	9.294372E-19
8.703584E+03	5.435789E-17	9.289280E-19
8.703784E+03	5.434343E-17	9.285903E-19
8.703984E+03	5.433898E-17	9.284236E-19
8.704184E+03	5.433203E-17	9.282141E-19
8.704384E+03	5.432132E-17	9.279405E-19
8.704584E+03	5.431188E-17	9.276884E-19
8.704784E+03	5.430869E-17	9.275430E-19
8.704984E+03	5.430925E-17	9.274617E-19
8.705184E+03	5.430731E-17	9.273376E-19
8.705384E+03	5.429287E-17	9.270001E-19
8.705584E+03	5.427469E-17	9.265986E-19
8.705784E+03	5.425651E-17	9.261972E-19
8.705984E+03	5.424083E-17	9.258386E-19
8.706184E+03	5.422142E-17	9.254162E-19
8.706384E+03	5.420826E-17	9.251005E-19
8.706584E+03	5.419260E-17	9.247421E-19
8.706784E+03	5.418069E-17	9.244477E-19
8.706984E+03	5.417502E-17	9.242599E-19
8.707184E+03	5.416936E-17	9.240720E-19
8.707384E+03	5.416494E-17	9.239054E-19
8.707584E+03	5.415430E-17	9.236325E-19
8.707784E+03	5.414489E-17	9.233809E-19
8.707984E+03	5.413924E-17	9.231930E-19
8.708184E+03	5.413732E-17	9.230688E-19
8.708384E+03	5.412668E-17	9.227959E-19
8.708585E+03	5.411104E-17	9.224373E-19
8.708785E+03	5.409791E-17	9.221220E-19
8.708985E+03	5.408728E-17	9.218492E-19
8.709185E+03	5.407292E-17	9.215129E-19
8.709385E+03	5.406230E-17	9.212404E-19
8.709585E+03	5.405294E-17	9.209890E-19
8.709784E+03	5.403985E-17	9.206748E-19
8.709985E+03	5.402424E-17	9.203167E-19
8.710184E+03	5.401614E-17	9.200875E-19
8.710385E+03	5.400801E-17	9.198566E-19
8.710585E+03	5.399616E-17	9.195630E-19
8.710784E+03	5.398683E-17	9.193127E-19
8.710985E+03	5.397745E-17	9.190607E-19
8.711184E+03	5.396316E-17	9.187259E-19
8.711384E+03	5.394760E-17	9.183689E-19
8.711584E+03	5.393826E-17	9.181180E-19
8.711784E+03	5.392271E-17	9.177614E-19
8.711984E+03	5.390344E-17	9.173414E-19
8.712184E+03	5.388791E-17	9.169850E-19
8.712384E+03	5.387238E-17	9.166287E-19
8.712584E+03	5.385934E-17	9.163147E-19
8.712784E+03	5.384878E-17	9.160430E-19
8.712984E+03	5.383947E-17	9.157923E-19
8.713184E+03	5.383139E-17	9.155628E-19
8.713384E+03	5.381836E-17	9.152489E-19
8.713584E+03	5.380286E-17	9.148930E-19
8.713784E+03	5.378860E-17	9.145582E-19
8.713985E+03	5.378175E-17	9.143491E-19
8.714185E+03	5.377988E-17	9.142250E-19
8.714385E+03	5.377307E-17	9.140167E-19
8.714585E+03	5.375388E-17	9.135981E-19
8.714785E+03	5.373098E-17	9.131164E-19
8.714985E+03	5.371303E-17	9.127191E-19
8.715185E+03	5.370251E-17	9.124478E-19
8.715385E+03	5.368706E-17	9.120928E-19
8.715585E+03	5.366419E-17	9.116118E-19
8.715785E+03	5.364875E-17	9.112569E-19
8.715985E+03	5.364443E-17	9.110909E-19
8.716185E+03	5.363887E-17	9.109038E-19
8.716385E+03	5.363208E-17	9.106960E-19
8.716585E+03	5.362406E-17	9.104671E-19
8.716785E+03	5.361357E-17	9.101962E-19
8.716985E+03	5.360309E-17	9.099255E-19
8.717185E+03	5.359754E-17	9.097386E-19
8.717385E+03	5.358705E-17	9.094678E-19
8.717585E+03	5.356178E-17	9.089461E-19
8.717785E+03	5.354885E-17	9.086337E-19
8.717985E+03	5.355811E-17	9.086979E-19
8.718185E+03	5.355997E-17	9.086366E-19
8.718385E+03	5.354704E-17	9.083241E-19
8.718585E+03	5.354397E-17	9.081791E-19
8.718785E+03	5.354831E-17	9.081596E-19
8.718985E+03	5.353662E-17	9.078682E-19
8.719186E+03	5.351381E-17	9.073879E-19
8.719386E+03	5.350582E-17	9.071592E-19
8.719586E+03	5.350524E-17	9.070560E-19
8.719786E+03	5.349355E-17	9.067648E-19
8.719986E+03	5.348435E-17	9.065155E-19
8.720186E+03	5.349731E-17	9.066418E-19
8.720386E+03	5.350165E-17	9.066219E-19
8.720586E+03	5.349243E-17	9.063724E-19
8.720786E+03	5.348693E-17	9.061856E-19
8.720986E+03	5.349497E-17	9.062282E-19
8.721186E+03	5.350423E-17	9.062917E-19
8.721386E+03	5.350242E-17	9.061674E-19
8.721586E+03	5.350061E-17	9.060430E-19
8.721786E+03	5.350619E-17	9.060437E-19
8.721986E+03	5.349823E-17	9.058151E-19
8.722186E+03	5.348040E-17	9.054197E-19
8.722386E+03	5.347121E-17	9.051701E-19
8.722586E+03	5.347310E-17	9.051082E-19
8.722785E+03	5.346640E-17	9.049014E-19
8.722986E+03	5.345841E-17	9.046719E-19
8.723185E+03	5.346895E-17	9.047566E-19
8.723386E+03	5.348067E-17	9.048603E-19
8.723585E+03	5.346781E-17	9.045492E-19
8.723785E+03	5.344509E-17	9.040709E-19
8.723985E+03	5.342484E-17	9.036341E-19
8.724185E+03	5.340706E-17	9.032392E-19
8.724386E+03	5.338803E-17	9.028228E-19
8.724586E+03	5.336535E-17	9.023452E-19
8.724786E+03	5.334023E-17	9.018262E-19
8.724986E+03	5.331388E-17	9.012866E-19
8.725186E+03	5.328879E-17	9.007682E-19
8.725386E+03	5.326492E-17	9.002707E-19
8.725586E+03	5.324475E-17	8.998356E-19
8.725786E+03	5.321969E-17	8.993178E-19
8.725986E+03	5.319341E-17	8.987797E-19
8.726186E+03	5.316715E-17	8.982419E-19
8.726386E+03	5.314947E-17	8.978489E-19
8.726586E+03	5.313792E-17	8.975595E-19
8.726786E+03	5.312881E-17	8.973115E-19
8.726986E+03	5.309158E-17	8.965885E-19
8.727186E+03	5.305316E-17	8.958454E-19
8.727386E+03	5.303308E-17	8.954122E-19
8.727586E+03	5.302156E-17	8.951235E-19
8.727786E+03	5.299905E-17	8.946493E-19
8.727986E+03	5.297290E-17	8.941136E-19
8.728186E+03	5.296993E-17	8.939692E-19
8.728386E+03	5.296696E-17	8.938247E-19
8.728586E+03	5.294570E-17	8.933717E-19
8.728786E+03	5.292811E-17	8.929806E-19
8.728986E+03	5.291662E-17	8.926924E-19
8.729186E+03	5.290269E-17	8.923630E-19
8.729386E+03	5.288512E-17	8.919723E-19
8.729587E+03	5.287362E-17	8.916834E-19
8.729787E+03	5.286823E-17	8.914980E-19
8.729987E+03	5.286406E-17	8.913333E-19
8.730187E+03	5.285989E-17	8.911685E-19
8.730387E+03	5.285694E-17	8.910242E-19
8.730587E+03	5.285278E-17	8.908594E-19
8.730787E+03	5.284861E-17	8.906946E-19
8.730987E+03	5.284567E-17	8.905504E-19
8.731187E+03	5.284394E-17	8.904266E-19
8.731387E+03	5.284222E-17	8.903027E-19
8.731587E+03	5.284415E-17	8.902404E-19
8.731787E+03	5.284364E-17	8.901371E-19
8.731987E+03	5.283827E-17	8.899518E-19
8.732187E+03	5.282804E-17	8.896845E-19
8.732387E+03	5.282024E-17	8.894582E-19
8.732587E+03	5.281244E-17	8.892320E-19
8.732787E+03	5.279979E-17	8.889240E-19
8.732987E+03	5.277863E-17	8.884727E-19
8.733187E+03	5.275869E-17	8.880421E-19
8.733387E+03	5.274726E-17	8.877548E-19
8.733587E+03	5.273949E-17	8.875289E-19
8.733787E+03	5.272686E-17	8.872212E-19
8.733987E+03	5.271665E-17	8.869545E-19
8.734187E+03	5.270767E-17	8.867083E-19
8.734387E+03	5.269869E-17	8.864620E-19
8.734587E+03	5.269093E-17	8.862363E-19
8.734787E+03	5.268195E-17	8.859901E-19
8.734988E+03	5.266568E-17	8.856208E-19
8.735188E+03	5.264580E-17	8.851914E-19
8.735388E+03	5.263078E-17	8.848435E-19
8.735587E+03	5.262669E-17	8.846799E-19
8.735788E+03	5.262983E-17	8.846370E-19
8.735987E+03	5.262574E-17	8.844734E-19
8.736188E+03	5.261313E-17	8.841655E-19
8.736388E+03	5.260418E-17	8.839198E-19
8.736587E+03	5.260130E-17	8.837765E-19
8.736787E+03	5.259963E-17	8.836529E-19
8.736987E+03	5.261006E-17	8.837326E-19
8.737187E+03	5.260960E-17	8.836293E-19
8.737387E+03	5.259581E-17	8.833022E-19
8.737587E+03	5.257114E-17	8.827922E-19
8.737787E+03	5.254284E-17	8.822215E-19
8.737987E+03	5.251577E-17	8.816714E-19
8.738187E+03	5.249355E-17	8.812028E-19
8.738387E+03	5.245806E-17	8.805114E-19
8.738587E+03	5.242862E-17	8.799217E-19
8.738787E+03	5.242093E-17	8.796971E-19
8.738987E+03	5.240237E-17	8.792902E-19
8.739187E+03	5.237538E-17	8.787418E-19
8.739387E+03	5.236650E-17	8.784971E-19
8.739587E+03	5.236726E-17	8.784142E-19
8.739787E+03	5.235234E-17	8.780684E-19
8.739987E+03	5.234347E-17	8.778239E-19
8.740188E+03	5.233698E-17	8.776189E-19
8.740388E+03	5.231967E-17	8.772329E-19
8.740588E+03	5.230718E-17	8.769280E-19
8.740788E+03	5.230073E-17	8.767239E-19
8.740988E+03	5.229066E-17	8.764594E-19
8.741188E+03	5.228059E-17	8.761949E-19
8.741388E+03	5.227173E-17	8.759506E-19
8.741588E+03	5.225807E-17	8.756258E-19
8.741788E+03	5.224801E-17	8.753614E-19
8.741988E+03	5.224638E-17	8.752382E-19
8.742188E+03	5.225077E-17	8.752159E-19
8.742388E+03	5.224674E-17	8.750523E-19
8.742588E+03	5.223910E-17	8.748284E-19
8.742788E+03	5.222785E-17	8.745440E-19
8.742988E+03	5.221661E-17	8.742598E-19
8.743188E+03	5.221138E-17	8.740762E-19
8.743388E+03	5.220495E-17	8.738724E-19
8.743588E+03	5.219733E-17	8.736487E-19
8.743788E+03	5.219691E-17	8.735456E-19
8.743988E+03	5.219891E-17	8.734828E-19
8.744188E+03	5.219128E-17	8.732590E-19
8.744388E+03	5.217765E-17	8.729348E-19
8.744588E+03	5.216163E-17	8.725705E-19
8.744788E+03	5.214922E-17	8.722665E-19
8.744988E+03	5.214041E-17	8.720229E-19
8.745188E+03	5.213160E-17	8.717794E-19
8.745389E+03	5.212158E-17	8.715149E-19
8.745589E+03	5.211758E-17	8.713517E-19
8.745789E+03	5.211718E-17	8.712486E-19
8.745989E+03	5.211438E-17	8.711055E-19
8.746189E+03	5.210798E-17	8.709021E-19
8.746389E+03	5.210999E-17	8.708391E-19
8.746589E+03	5.210961E-17	8.707361E-19
8.746789E+03	5.209841E-17	8.704526E-19
8.746989E+03	5.208363E-17	8.701090E-19
8.747189E+03	5.207605E-17	8.698858E-19
8.747389E+03	5.207207E-17	8.697227E-19
8.747589E+03	5.207168E-17	8.696196E-19
8.747789E+03	5.206770E-17	8.694564E-19
8.747989E+03	5.206133E-17	8.692533E-19
8.748189E+03	5.205136E-17	8.689901E-19
8.748388E+03	5.204142E-17	8.687279E-19
8.748588E+03	5.204223E-17	8.686447E-19
8.748789E+03	5.204184E-17	8.685408E-19
8.748988E+03	5.203909E-17	8.683986E-19
8.749189E+03	5.203390E-17	8.682147E-19
8.749388E+03	5.203235E-17	8.680925E-19
8.749588E+03	5.203319E-17	8.680094E-19
8.749788E+03	5.202443E-17	8.677663E-19
8.749988E+03	5.200850E-17	8.674036E-19
8.750188E+03	5.199017E-17	8.670010E-19
8.750388E+03	5.197545E-17	8.666584E-19
8.750589E+03	5.196550E-17	8.663949E-19
8.750789E+03	5.194958E-17	8.660326E-19
8.750989E+03	5.192411E-17	8.655110E-19
8.751189E+03	5.189985E-17	8.650096E-19
8.751389E+03	5.188516E-17	8.646677E-19
8.751589E+03	5.188003E-17	8.644852E-19
8.751789E+03	5.187250E-17	8.642628E-19
8.751989E+03	5.186260E-17	8.640007E-19
8.752189E+03	5.185867E-17	8.638381E-19
8.752389E+03	5.186071E-17	8.637750E-19
8.752589E+03	5.186156E-17	8.636920E-19
8.752789E+03	5.185884E-17	8.635494E-19
8.752989E+03	5.186208E-17	8.635060E-19
8.753189E+03	5.187727E-17	8.636616E-19
8.753389E+03	5.189126E-17	8.637973E-19
8.753589E+03	5.188376E-17	8.635749E-19
8.753789E+03	5.187267E-17	8.632930E-19
8.753989E+03	5.185800E-17	8.629515E-19
8.754189E+03	5.184454E-17	8.626300E-19
8.754389E+03	5.183466E-17	8.623682E-19
8.754589E+03	5.183075E-17	8.622057E-19
8.754789E+03	5.183520E-17	8.621821E-19
8.754989E+03	5.184204E-17	8.621983E-19
8.755189E+03	5.184649E-17	8.621746E-19
8.755389E+03	5.184258E-17	8.620121E-19
8.755589E+03	5.183510E-17	8.617901E-19
8.755789E+03	5.184075E-17	8.617863E-19
8.755990E+03	5.185235E-17	8.618808E-19
8.756190E+03	5.185204E-17	8.617778E-19
8.756390E+03	5.183979E-17	8.614764E-19
8.756590E+03	5.182992E-17	8.612147E-19
8.756790E+03	5.181887E-17	8.609332E-19
8.756990E+03	5.181022E-17	8.606915E-19
8.757190E+03	5.180633E-17	8.605290E-19
8.757390E+03	5.180840E-17	8.604656E-19
8.757590E+03	5.181049E-17	8.604022E-19
8.757790E+03	5.181019E-17	8.602992E-19
8.757990E+03	5.181466E-17	8.602754E-19
8.758190E+03	5.180361E-17	8.599941E-19
8.758390E+03	5.179020E-17	8.596733E-19
8.758590E+03	5.178156E-17	8.594318E-19
8.758790E+03	5.177769E-17	8.592694E-19
8.758990E+03	5.177262E-17	8.590872E-19
8.759190E+03	5.176042E-17	8.587865E-19
8.759390E+03	5.174702E-17	8.584661E-19
8.759590E+03	5.173244E-17	8.581260E-19
8.759790E+03	5.171309E-17	8.577070E-19
8.759990E+03	5.169376E-17	8.572881E-19
8.760190E+03	5.168158E-17	8.569880E-19
8.760390E+03	5.167534E-17	8.567864E-19
8.760590E+03	5.166435E-17	8.565061E-19
8.760790E+03	5.166289E-17	8.563835E-19
8.760990E+03	5.165786E-17	8.562019E-19
8.761191E+03	5.164448E-17	8.558814E-19
8.761390E+03	5.163947E-17	8.557006E-19
8.761591E+03	5.164394E-17	8.556758E-19
8.761790E+03	5.164250E-17	8.555541E-19
8.761990E+03	5.162797E-17	8.552149E-19
8.762191E+03	5.161698E-17	8.549341E-19
8.762390E+03	5.161912E-17	8.548716E-19
8.762590E+03	5.162480E-17	8.548672E-19
8.762790E+03	5.162929E-17	8.548431E-19
8.762990E+03	5.163022E-17	8.547600E-19
8.763190E+03	5.163590E-17	8.547555E-19
8.763390E+03	5.164517E-17	8.548102E-19
8.763590E+03	5.165085E-17	8.548057E-19
8.763790E+03	5.165774E-17	8.548209E-19
8.763990E+03	5.166344E-17	8.548165E-19
8.764190E+03	5.166200E-17	8.546939E-19
8.764390E+03	5.166056E-17	8.545713E-19
8.764590E+03	5.166150E-17	8.544881E-19
8.764790E+03	5.165769E-17	8.543261E-19
8.764990E+03	5.165388E-17	8.541642E-19
8.765190E+03	5.165007E-17	8.540023E-19
8.765390E+03	5.164626E-17	8.538404E-19
8.765590E+03	5.162462E-17	8.533837E-19
8.765790E+03	5.161963E-17	8.532023E-19
8.765990E+03	5.162534E-17	8.531977E-19
8.766190E+03	5.161560E-17	8.529376E-19
8.766391E+03	5.160703E-17	8.526965E-19
8.766591E+03	5.160205E-17	8.525152E-19
8.766791E+03	5.159826E-17	8.523535E-19
8.766991E+03	5.160397E-17	8.523488E-19
8.767191E+03	5.160969E-17	8.523441E-19
8.767391E+03	5.160472E-17	8.521627E-19
8.767591E+03	5.159024E-17	8.518246E-19
8.767791E+03	5.157814E-17	8.515257E-19
8.767991E+03	5.157793E-17	8.514228E-19
8.768391E+03	5.158106E-17	8.512760E-19
8.768591E+03	5.157610E-17	8.510949E-19
8.768791E+03	5.156758E-17	8.508549E-19
8.768991E+03	5.156024E-17	8.506345E-19
8.769191E+03	5.155529E-17	8.504535E-19
8.769391E+03	5.155390E-17	8.503312E-19
8.769591E+03	5.154894E-17	8.501500E-19
8.769791E+03	5.153569E-17	8.498321E-19
8.769991E+03	5.150939E-17	8.492990E-19
8.770191E+03	5.148192E-17	8.487467E-19
8.770391E+03	5.146750E-17	8.484097E-19
8.770591E+03	5.144954E-17	8.480142E-19
8.770791E+03	5.142092E-17	8.474432E-19
8.770991E+03	5.138759E-17	8.467946E-19
8.771191E+03	5.137202E-17	8.464387E-19
8.771391E+03	5.136592E-17	8.462389E-19
8.771592E+03	5.135980E-17	8.460383E-19
8.771792E+03	5.135134E-17	8.457996E-19
8.771992E+03	5.134288E-17	8.455609E-19
8.772192E+03	5.133325E-17	8.453029E-19
8.772392E+03	5.132480E-17	8.450643E-19
8.772592E+03	5.132107E-17	8.449036E-19
8.772792E+03	5.131972E-17	8.447819E-19
8.772992E+03	5.131009E-17	8.445240E-19
8.773192E+03	5.129339E-17	8.441496E-19
8.773392E+03	5.128258E-17	8.438724E-19
8.773592E+03	5.128124E-17	8.437508E-19
8.773792E+03	5.128579E-17	8.437262E-19
8.773992E+03	5.127737E-17	8.434881E-19
8.774192E+03	5.126303E-17	8.431528E-19
8.774391E+03	5.124401E-17	8.427409E-19
8.774592E+03	5.122732E-17	8.423664E-19
8.774791E+03	5.120831E-17	8.419549E-19
8.774992E+03	5.118456E-17	8.414644E-19
8.775192E+03	5.116202E-17	8.409943E-19
8.775391E+03	5.114658E-17	8.406416E-19
8.775591E+03	5.113230E-17	8.403075E-19
8.775791E+03	5.111802E-17	8.399733E-19
8.775991E+03	5.110728E-17	8.396975E-19
8.776191E+03	5.110126E-17	8.394990E-19
8.776391E+03	5.109405E-17	8.392811E-19
8.776591E+03	5.109509E-17	8.391986E-19
8.776791E+03	5.108554E-17	8.389423E-19
8.776992E+03	5.106657E-17	8.385307E-19
8.777192E+03	5.104645E-17	8.381008E-19
8.777392E+03	5.102987E-17	8.377291E-19
8.777592E+03	5.102503E-17	8.375502E-19
8.777792E+03	5.102256E-17	8.374100E-19
8.777992E+03	5.100951E-17	8.370963E-19
8.778192E+03	5.099528E-17	8.367634E-19
8.778392E+03	5.098929E-17	8.365655E-19
8.778592E+03	5.098095E-17	8.363290E-19
8.778792E+03	5.097027E-17	8.360543E-19
8.778992E+03	5.096193E-17	8.358179E-19
8.779192E+03	5.096416E-17	8.357550E-19
8.779392E+03	5.095818E-17	8.355572E-19
8.779592E+03	5.095221E-17	8.353596E-19
8.779792E+03	5.095092E-17	8.352388E-19
8.779992E+03	5.094963E-17	8.351181E-19
8.780192E+03	5.094484E-17	8.349398E-19
8.780392E+03	5.093301E-17	8.346461E-19
8.780592E+03	5.093759E-17	8.346216E-19
8.780792E+03	5.094335E-17	8.346161E-19
8.780992E+03	5.092566E-17	8.342265E-19
8.781192E+03	5.090915E-17	8.338563E-19
8.781392E+03	5.090788E-17	8.337357E-19
8.781592E+03	5.091481E-17	8.337495E-19
8.781792E+03	5.091355E-17	8.336290E-19
8.781992E+03	5.091229E-17	8.335085E-19
8.782193E+03	5.090749E-17	8.333295E-19
8.782393E+03	5.089920E-17	8.330939E-19
8.782593E+03	5.089560E-17	8.329350E-19
8.782793E+03	5.088966E-17	8.327379E-19
8.782993E+03	5.087551E-17	8.324065E-19
8.783193E+03	5.085903E-17	8.320370E-19
8.783393E+03	5.084959E-17	8.317826E-19
8.783593E+03	5.083429E-17	8.314324E-19
8.783793E+03	5.082486E-17	8.311782E-19
8.783993E+03	5.081893E-17	8.309813E-19
8.784193E+03	5.080482E-17	8.306507E-19
8.784393E+03	5.078487E-17	8.302246E-19
8.784593E+03	5.077662E-17	8.299898E-19
8.784793E+03	5.078122E-17	8.299651E-19
8.784993E+03	5.077181E-17	8.297113E-19
8.785193E+03	5.074487E-17	8.291711E-19
8.785393E+03	5.072495E-17	8.287458E-19
8.785593E+03	5.072139E-17	8.285877E-19
8.785793E+03	5.072133E-17	8.284867E-19
8.785993E+03	5.072011E-17	8.283668E-19
8.786193E+03	5.072356E-17	8.283232E-19
8.786393E+03	5.073169E-17	8.283558E-19
8.786593E+03	5.071879E-17	8.280452E-19
8.786793E+03	5.069189E-17	8.275060E-19
8.786993E+03	5.067434E-17	8.271195E-19
8.787192E+03	5.065915E-17	8.267721E-19
8.787394E+03	5.064508E-17	8.264415E-19
8.787594E+03	5.063105E-17	8.261126E-19
8.787793E+03	5.061937E-17	8.258225E-19
8.787994E+03	5.060766E-17	8.255310E-19
8.788193E+03	5.059483E-17	8.252222E-19
8.788393E+03	5.058781E-17	8.250077E-19
8.788593E+03	5.058196E-17	8.248123E-19
8.788793E+03	5.057261E-17	8.245598E-19
8.788993E+03	5.056327E-17	8.243075E-19
8.789193E+03	5.056209E-17	8.241882E-19
8.789393E+03	5.055624E-17	8.239928E-19
8.789593E+03	5.054690E-17	8.237407E-19
8.789793E+03	5.054223E-17	8.235645E-19
8.789993E+03	5.053640E-17	8.233694E-19
8.790193E+03	5.053755E-17	8.232880E-19
8.790393E+03	5.054335E-17	8.232825E-19
8.790593E+03	5.054567E-17	8.232200E-19
8.790793E+03	5.054101E-17	8.230440E-19
8.790993E+03	5.051889E-17	8.225837E-19
8.791193E+03	5.048865E-17	8.219912E-19
8.791393E+03	5.047238E-17	8.216261E-19
8.791593E+03	5.047005E-17	8.214881E-19
8.791793E+03	5.047470E-17	8.214637E-19
8.791993E+03	5.047818E-17	8.214202E-19
8.792193E+03	5.048750E-17	8.214715E-19
8.792393E+03	5.048866E-17	8.213903E-19
8.792594E+03	5.048517E-17	8.212326E-19
8.792794E+03	5.049680E-17	8.213216E-19
8.792994E+03	5.051077E-17	8.214484E-19
8.793194E+03	5.050962E-17	8.213295E-19
8.793394E+03	5.049684E-17	8.210213E-19
8.793594E+03	5.048872E-17	8.207889E-19
8.793794E+03	5.048758E-17	8.206701E-19
8.793994E+03	5.048877E-17	8.205890E-19
8.794194E+03	5.048414E-17	8.204133E-19
8.794394E+03	5.047370E-17	8.201433E-19
8.794594E+03	5.047140E-17	8.200055E-19
8.794794E+03	5.047493E-17	8.199623E-19
8.794994E+03	5.047379E-17	8.198434E-19
8.795194E+03	5.047499E-17	8.197624E-19
8.795394E+03	5.047967E-17	8.197379E-19
8.795594E+03	5.048203E-17	8.196757E-19
8.795794E+03	5.047743E-17	8.195004E-19
8.795994E+03	5.047513E-17	8.193626E-19
8.796194E+03	5.047634E-17	8.192816E-19
8.796394E+03	5.047523E-17	8.191629E-19
8.796594E+03	5.047062E-17	8.189876E-19
8.796794E+03	5.046951E-17	8.188689E-19
8.796994E+03	5.047305E-17	8.188256E-19
8.797194E+03	5.047659E-17	8.187824E-19
8.797394E+03	5.047897E-17	8.187202E-19
8.797594E+03	5.046740E-17	8.184320E-19
8.797794E+03	5.044655E-17	8.179931E-19
8.797995E+03	5.043265E-17	8.176666E-19
8.798195E+03	5.042227E-17	8.173976E-19
8.798395E+03	5.041536E-17	8.171850E-19
8.798595E+03	5.040382E-17	8.168973E-19
8.798795E+03	5.039113E-17	8.165909E-19
8.798995E+03	5.038888E-17	8.164538E-19
8.799195E+03	5.039707E-17	8.164857E-19
8.799395E+03	5.040063E-17	8.164426E-19
8.799595E+03	5.039839E-17	8.163056E-19
8.799794E+03	5.039732E-17	8.161880E-19
8.799995E+03	5.038694E-17	8.159186E-19
8.800194E+03	5.037428E-17	8.156134E-19
8.800395E+03	5.037783E-17	8.155696E-19
8.800594E+03	5.038373E-17	8.155647E-19
8.800794E+03	5.037685E-17	8.153527E-19
8.800995E+03	5.036881E-17	8.151213E-19
8.801194E+03	5.036892E-17	8.150227E-19
8.801394E+03	5.036554E-17	8.148671E-19
8.801594E+03	5.035520E-17	8.145989E-19
8.801794E+03	5.035066E-17	8.144246E-19
8.801994E+03	5.035888E-17	8.144566E-19
8.802194E+03	5.036709E-17	8.144886E-19
8.802394E+03	5.036951E-17	8.144269E-19
8.802594E+03	5.035918E-17	8.141589E-19
8.802794E+03	5.033958E-17	8.137411E-19
8.802994E+03	5.032347E-17	8.133797E-19
8.803195E+03	5.031429E-17	8.131301E-19
8.803395E+03	5.030630E-17	8.128999E-19
8.803595E+03	5.029484E-17	8.126138E-19
8.803795E+03	5.028684E-17	8.123837E-19
8.803995E+03	5.028812E-17	8.123035E-19
8.804195E+03	5.028014E-17	8.120736E-19
8.804395E+03	5.026522E-17	8.117318E-19
8.804595E+03	5.025146E-17	8.114086E-19
8.804795E+03	5.024232E-17	8.111603E-19
8.804995E+03	5.023204E-17	8.108935E-19
8.805195E+03	5.022755E-17	8.107201E-19
8.805395E+03	5.023116E-17	8.106774E-19
8.805595E+03	5.022551E-17	8.104853E-19
8.805795E+03	5.022102E-17	8.103119E-19
8.805995E+03	5.022348E-17	8.102506E-19
8.806195E+03	5.021784E-17	8.100587E-19
8.806395E+03	5.021104E-17	8.098481E-19
8.806595E+03	5.020541E-17	8.096563E-19
8.806795E+03	5.019400E-17	8.093714E-19
8.806995E+03	5.019184E-17	8.092356E-19
8.807195E+03	5.019892E-17	8.092488E-19
8.807395E+03	5.020602E-17	8.092622E-19
8.807595E+03	5.020039E-17	8.090704E-19
8.807795E+03	5.018899E-17	8.087858E-19
8.807995E+03	5.017760E-17	8.085012E-19
8.808195E+03	5.016852E-17	8.082538E-19
8.808396E+03	5.017444E-17	8.082478E-19
8.808596E+03	5.018617E-17	8.083356E-19
8.808796E+03	5.018980E-17	8.082930E-19
8.808996E+03	5.018188E-17	8.080644E-19
8.809196E+03	5.016934E-17	8.077614E-19
8.809396E+03	5.016259E-17	8.075516E-19
8.809596E+03	5.016161E-17	8.074348E-19
8.809796E+03	5.016872E-17	8.074482E-19
8.809996E+03	5.017699E-17	8.074801E-19
8.810196E+03	5.017255E-17	8.073074E-19
8.810396E+03	5.016811E-17	8.071349E-19
8.810596E+03	5.016599E-17	8.069996E-19
8.810796E+03	5.015579E-17	8.067343E-19
8.810996E+03	5.014558E-17	8.064691E-19
8.811196E+03	5.014347E-17	8.063339E-19
8.811396E+03	5.014597E-17	8.062730E-19
8.811596E+03	5.014848E-17	8.062122E-19
8.811796E+03	5.014637E-17	8.060770E-19
8.811996E+03	5.014657E-17	8.059790E-19
8.812196E+03	5.015486E-17	8.060110E-19
8.812396E+03	5.016200E-17	8.060245E-19
8.812596E+03	5.015297E-17	8.057781E-19
8.812796E+03	5.013585E-17	8.054018E-19
8.812996E+03	5.012221E-17	8.050815E-19
8.813195E+03	5.011437E-17	8.048548E-19
8.813396E+03	5.011341E-17	8.047377E-19
8.813596E+03	5.011940E-17	8.047327E-19
8.813797E+03	5.012653E-17	8.047453E-19
8.813996E+03	5.013139E-17	8.047225E-19
8.814196E+03	5.013508E-17	8.046804E-19
8.814396E+03	5.013991E-17	8.046567E-19
8.814596E+03	5.013900E-17	8.045406E-19
8.814796E+03	5.013345E-17	8.043502E-19
8.814996E+03	5.013600E-17	8.042897E-19
8.815196E+03	5.014431E-17	8.043217E-19
8.815396E+03	5.015610E-17	8.044092E-19
8.815596E+03	5.016327E-17	8.044228E-19
8.815796E+03	5.016351E-17	8.043252E-19
8.815996E+03	5.015913E-17	8.041535E-19
8.816196E+03	5.015592E-17	8.040005E-19
8.816396E+03	5.015270E-17	8.038474E-19
8.816596E+03	5.015180E-17	8.037315E-19
8.816796E+03	5.015205E-17	8.036339E-19
8.816996E+03	5.015115E-17	8.035181E-19
8.817196E+03	5.014679E-17	8.033466E-19
8.817396E+03	5.014012E-17	8.031382E-19
8.817596E+03	5.013576E-17	8.029669E-19
8.817796E+03	5.013603E-17	8.028696E-19
8.817996E+03	5.013052E-17	8.026799E-19
8.818196E+03	5.011348E-17	8.023055E-19
8.818396E+03	5.010451E-17	8.020604E-19
8.818596E+03	5.010594E-17	8.019818E-19
8.818796E+03	5.010622E-17	8.018847E-19
8.818997E+03	5.010532E-17	8.017683E-19
8.819197E+03	5.010329E-17	8.016343E-19
8.819397E+03	5.009319E-17	8.013711E-19
8.819597E+03	5.008886E-17	8.012003E-19
8.819797E+03	5.009952E-17	8.012694E-19
8.819997E+03	5.010327E-17	8.012277E-19
8.820197E+03	5.010240E-17	8.011123E-19
8.820397E+03	5.010731E-17	8.010891E-19
8.820597E+03	5.011453E-17	8.011029E-19
8.820797E+03	5.012405E-17	8.011535E-19
8.820997E+03	5.013012E-17	8.011488E-19
8.821197E+03	5.013620E-17	8.011442E-19
8.821397E+03	5.014458E-17	8.011764E-19
8.821597E+03	5.014835E-17	8.011348E-19
8.821797E+03	5.014404E-17	8.009642E-19
8.821997E+03	5.014204E-17	8.008305E-19
8.822197E+03	5.014697E-17	8.008074E-19
8.822397E+03	5.015074E-17	8.007659E-19
8.822597E+03	5.014875E-17	8.006324E-19
8.822797E+03	5.015600E-17	8.006462E-19
8.822997E+03	5.016441E-17	8.006786E-19
8.823197E+03	5.016703E-17	8.006186E-19
8.823397E+03	5.017198E-17	8.005957E-19
8.823597E+03	5.018501E-17	8.007019E-19
8.823797E+03	5.020037E-17	8.008449E-19
8.823997E+03	5.021226E-17	8.009325E-19
8.824198E+03	5.021373E-17	8.008536E-19
8.824398E+03	5.021407E-17	8.007569E-19
8.824598E+03	5.022019E-17	8.007525E-19
8.824798E+03	5.022631E-17	8.007480E-19
8.824998E+03	5.022896E-17	8.006883E-19
8.825198E+03	5.022932E-17	8.005919E-19
8.825398E+03	5.023313E-17	8.005505E-19
8.825597E+03	5.023118E-17	8.004179E-19
8.825798E+03	5.023152E-17	8.003207E-19
8.825997E+03	5.023999E-17	8.003540E-19
8.826198E+03	5.024611E-17	8.003489E-19
8.826397E+03	5.025111E-17	8.003269E-19
8.826597E+03	5.025378E-17	8.002673E-19
8.826798E+03	5.024603E-17	8.000412E-19
8.826997E+03	5.023947E-17	7.998351E-19
8.827197E+03	5.024099E-17	7.997572E-19
8.827397E+03	5.023905E-17	7.996241E-19
8.827597E+03	5.023711E-17	7.994911E-19
8.827797E+03	5.024674E-17	7.995421E-19
8.827997E+03	5.025868E-17	7.996299E-19
8.828197E+03	5.026370E-17	7.996075E-19
8.828397E+03	5.026755E-17	7.995665E-19
8.828597E+03	5.027140E-17	7.995255E-19
8.828797E+03	5.026831E-17	7.993741E-19
8.828997E+03	5.025829E-17	7.991125E-19
8.829197E+03	5.024942E-17	7.988692E-19
8.829398E+03	5.023938E-17	7.986069E-19
8.829598E+03	5.022937E-17	7.983455E-19
8.829798E+03	5.022861E-17	7.982312E-19
8.829998E+03	5.023248E-17	7.981905E-19
8.830198E+03	5.023635E-17	7.981498E-19
8.830398E+03	5.023675E-17	7.980539E-19
8.830598E+03	5.023716E-17	7.979581E-19
8.830798E+03	5.023641E-17	7.978439E-19
8.830998E+03	5.024028E-17	7.978032E-19
8.831198E+03	5.024532E-17	7.977809E-19
8.831398E+03	5.024574E-17	7.976853E-19
8.831598E+03	5.024269E-17	7.975346E-19
8.831798E+03	5.023385E-17	7.972920E-19
8.831998E+03	5.022617E-17	7.970679E-19
8.832198E+03	5.022082E-17	7.968807E-19
8.832398E+03	5.021315E-17	7.966568E-19
8.832598E+03	5.020202E-17	7.963779E-19
8.832798E+03	5.019667E-17	7.961908E-19
8.832998E+03	5.019248E-17	7.960221E-19
8.833198E+03	5.018945E-17	7.958718E-19
8.833398E+03	5.019335E-17	7.958315E-19
8.833598E+03	5.019610E-17	7.957729E-19
8.833798E+03	5.019539E-17	7.956593E-19
8.833998E+03	5.020161E-17	7.956557E-19
8.834198E+03	5.021246E-17	7.957254E-19
8.834398E+03	5.021869E-17	7.957217E-19
8.834599E+03	5.021913E-17	7.956260E-19
8.834799E+03	5.021612E-17	7.954759E-19
8.834999E+03	5.021773E-17	7.953991E-19
8.835199E+03	5.022627E-17	7.954321E-19
8.835399E+03	5.023831E-17	7.955203E-19
8.835599E+03	5.023762E-17	7.954070E-19
8.835799E+03	5.022651E-17	7.951288E-19
8.835999E+03	5.022004E-17	7.949241E-19
8.836199E+03	5.021357E-17	7.947194E-19
8.836399E+03	5.020826E-17	7.945331E-19
8.836599E+03	5.020874E-17	7.944383E-19
8.836799E+03	5.021037E-17	7.943618E-19
8.836999E+03	5.020854E-17	7.942304E-19
8.837199E+03	5.019862E-17	7.939712E-19
8.837399E+03	5.018870E-17	7.937121E-19
8.837599E+03	5.018919E-17	7.936175E-19
8.837799E+03	5.018967E-17	7.935229E-19
8.837999E+03	5.017745E-17	7.932274E-19
8.838199E+03	5.016177E-17	7.928773E-19
8.838398E+03	5.015881E-17	7.927288E-19
8.838599E+03	5.015699E-17	7.925973E-19
8.838799E+03	5.015057E-17	7.923935E-19
8.838998E+03	5.015108E-17	7.922999E-19
8.839199E+03	5.014810E-17	7.921501E-19
8.839398E+03	5.013593E-17	7.918562E-19
8.839599E+03	5.012603E-17	7.915972E-19
8.839798E+03	5.011963E-17	7.913945E-19
8.839999E+03	5.012706E-17	7.914090E-19
8.840199E+03	5.012873E-17	7.913332E-19
8.840399E+03	5.012001E-17	7.910935E-19
8.840599E+03	5.011246E-17	7.908720E-19
8.840799E+03	5.011990E-17	7.908873E-19
8.840999E+03	5.012851E-17	7.909210E-19
8.841199E+03	5.012442E-17	7.907543E-19
8.841399E+03	5.011110E-17	7.904420E-19
8.841599E+03	5.009432E-17	7.900752E-19
8.841799E+03	5.008448E-17	7.898180E-19
8.841999E+03	5.008040E-17	7.896516E-19
8.842199E+03	5.006941E-17	7.893762E-19
8.842399E+03	5.005842E-17	7.891009E-19
8.842599E+03	5.004975E-17	7.888622E-19
8.842799E+03	5.004800E-17	7.887325E-19
8.842999E+03	5.003932E-17	7.884937E-19
8.843199E+03	5.002489E-17	7.881644E-19
8.843399E+03	5.001163E-17	7.878536E-19
8.843599E+03	5.000067E-17	7.875789E-19
8.843799E+03	4.999777E-17	7.874313E-19
8.843999E+03	4.999833E-17	7.873382E-19
8.844199E+03	4.999774E-17	7.872271E-19
8.844399E+03	4.998680E-17	7.869528E-19
8.844599E+03	4.997701E-17	7.866968E-19
8.844799E+03	4.997182E-17	7.865133E-19
8.844999E+03	4.996434E-17	7.862938E-19
8.845200E+03	4.995455E-17	7.860373E-19
8.845400E+03	4.994592E-17	7.857997E-19
8.845600E+03	4.994074E-17	7.856165E-19
8.845800E+03	4.993329E-17	7.853974E-19
8.846000E+03	4.992927E-17	7.852324E-19
8.846200E+03	4.992526E-17	7.850676E-19
8.846400E+03	4.991894E-17	7.848665E-19
8.846600E+03	4.991954E-17	7.847742E-19
8.846800E+03	4.991439E-17	7.845914E-19
8.847000E+03	4.990808E-17	7.843906E-19
8.847200E+03	4.990178E-17	7.841899E-19
8.847400E+03	4.990124E-17	7.840796E-19
8.847600E+03	4.990069E-17	7.839694E-19
8.847800E+03	4.988751E-17	7.836606E-19
8.848000E+03	4.987432E-17	7.833519E-19
8.848200E+03	4.987035E-17	7.831878E-19
8.848400E+03	4.987556E-17	7.831679E-19
8.848600E+03	4.988650E-17	7.832382E-19
8.848800E+03	4.989171E-17	7.832183E-19
8.849000E+03	4.988774E-17	7.830544E-19
8.849200E+03	4.988147E-17	7.828542E-19
8.849400E+03	4.987980E-17	7.827264E-19
8.849600E+03	4.987927E-17	7.826165E-19
8.849800E+03	4.987875E-17	7.825067E-19
8.850000E+03	4.987249E-17	7.823070E-19
8.850200E+03	4.985935E-17	7.819992E-19
8.850401E+03	4.984390E-17	7.816549E-19
8.850601E+03	4.983880E-17	7.814734E-19
8.850801E+03	4.983944E-17	7.813819E-19
8.851001E+03	4.982746E-17	7.810926E-19
8.851201E+03	4.981434E-17	7.807854E-19
8.851400E+03	4.980239E-17	7.804971E-19
8.851601E+03	4.978697E-17	7.801537E-19
8.851800E+03	4.977159E-17	7.798118E-19
8.852001E+03	4.976306E-17	7.795763E-19
8.852201E+03	4.974997E-17	7.792699E-19
8.852400E+03	4.973575E-17	7.789464E-19
8.852600E+03	4.972153E-17	7.786224E-19
8.852800E+03	4.970617E-17	7.782806E-19
8.853000E+03	4.970340E-17	7.781362E-19
8.853200E+03	4.970865E-17	7.781172E-19
8.853400E+03	4.970131E-17	7.779010E-19
8.853600E+03	4.968824E-17	7.775953E-19
8.853800E+03	4.968091E-17	7.773796E-19
8.854000E+03	4.967931E-17	7.772533E-19
8.854200E+03	4.967998E-17	7.771627E-19
8.854400E+03	4.967494E-17	7.769828E-19
8.854600E+03	4.966648E-17	7.767494E-19
8.854800E+03	4.967060E-17	7.767127E-19
8.855000E+03	4.965529E-17	7.763722E-19
8.855200E+03	4.963654E-17	7.759781E-19
8.855400E+03	4.962238E-17	7.756558E-19
8.855601E+03	4.962307E-17	7.755650E-19
8.855801E+03	4.962262E-17	7.754571E-19
8.856001E+03	4.961989E-17	7.753135E-19
8.856201E+03	4.961260E-17	7.750987E-19
8.856401E+03	4.959961E-17	7.747948E-19
8.856601E+03	4.958776E-17	7.745088E-19
8.856801E+03	4.957818E-17	7.742584E-19
8.857001E+03	4.956407E-17	7.739372E-19
8.857201E+03	4.953968E-17	7.734557E-19
8.857401E+03	4.951759E-17	7.730100E-19
8.857601E+03	4.952058E-17	7.729561E-19
8.857801E+03	4.950763E-17	7.726533E-19
8.858001E+03	4.947986E-17	7.721193E-19
8.858201E+03	4.943731E-17	7.713548E-19
8.858401E+03	4.940163E-17	7.706976E-19
8.858601E+03	4.937507E-17	7.701829E-19
8.858801E+03	4.935421E-17	7.697572E-19
8.859001E+03	4.933677E-17	7.693849E-19
8.859201E+03	4.932501E-17	7.691013E-19
8.859401E+03	4.931780E-17	7.688887E-19
8.859601E+03	4.931514E-17	7.687470E-19
8.859801E+03	4.931815E-17	7.686938E-19
8.860001E+03	4.932684E-17	7.687290E-19
8.860201E+03	4.934009E-17	7.688353E-19
8.860401E+03	4.935789E-17	7.690124E-19
8.860601E+03	4.937570E-17	7.691895E-19
8.860801E+03	4.939237E-17	7.693490E-19
8.861002E+03	4.940678E-17	7.694726E-19
8.861202E+03	4.942119E-17	7.695967E-19
8.861402E+03	4.943334E-17	7.696856E-19
8.861602E+03	4.944435E-17	7.697565E-19
8.861802E+03	4.943716E-17	7.695443E-19
8.862002E+03	4.941517E-17	7.691017E-19
8.862202E+03	4.939433E-17	7.686771E-19
8.862402E+03	4.938033E-17	7.683589E-19
8.862602E+03	4.936520E-17	7.680234E-19
8.862802E+03	4.934893E-17	7.676702E-19
8.863002E+03	4.932700E-17	7.672289E-19
8.863202E+03	4.929712E-17	7.666642E-19
8.863402E+03	4.927522E-17	7.662237E-19
8.863602E+03	4.925900E-17	7.658715E-19
8.863802E+03	4.924505E-17	7.655547E-19
8.864002E+03	4.923791E-17	7.653439E-19
8.864201E+03	4.923305E-17	7.651690E-19
8.864401E+03	4.922479E-17	7.649409E-19
8.864602E+03	4.921085E-17	7.646240E-19
8.864801E+03	4.919580E-17	7.642909E-19
8.865002E+03	4.919434E-17	7.641680E-19
8.865201E+03	4.919516E-17	7.640816E-19
8.865401E+03	4.918352E-17	7.638011E-19
8.865601E+03	4.918773E-17	7.637668E-19
8.865801E+03	4.919195E-17	7.637326E-19
8.866001E+03	4.921090E-17	7.639272E-19
8.866202E+03	4.922531E-17	7.640507E-19
8.866402E+03	4.922727E-17	7.639813E-19
8.866602E+03	4.923264E-17	7.639650E-19
8.866802E+03	4.924594E-17	7.640717E-19
8.867002E+03	4.925699E-17	7.641434E-19
8.867202E+03	4.926349E-17	7.641445E-19
8.867402E+03	4.926320E-17	7.640403E-19
8.867602E+03	4.925837E-17	7.638657E-19
8.867802E+03	4.925581E-17	7.637264E-19
8.868002E+03	4.928162E-17	7.640268E-19
8.868202E+03	4.927113E-17	7.637645E-19
8.868402E+03	4.924816E-17	7.633089E-19
8.868602E+03	4.922748E-17	7.628887E-19
8.868802E+03	4.921247E-17	7.625565E-19
8.869002E+03	4.922127E-17	7.625933E-19
8.869202E+03	4.921986E-17	7.624721E-19
8.869402E+03	4.921167E-17	7.622456E-19
8.869602E+03	4.920347E-17	7.620191E-19
8.869802E+03	4.920434E-17	7.619332E-19
8.870002E+03	4.920862E-17	7.619000E-19
8.870202E+03	4.920382E-17	7.617263E-19
8.870402E+03	4.919224E-17	7.614476E-19
8.870602E+03	4.918180E-17	7.611867E-19
8.870802E+03	4.917023E-17	7.609083E-19
8.871002E+03	4.915414E-17	7.605600E-19
8.871202E+03	4.915049E-17	7.604042E-19
8.871403E+03	4.914685E-17	7.602482E-19
8.871603E+03	4.914548E-17	7.601278E-19
8.871803E+03	4.914298E-17	7.599899E-19
8.872003E+03	4.913369E-17	7.597471E-19
8.872203E+03	4.913460E-17	7.596620E-19
8.872403E+03	4.914456E-17	7.597168E-19
8.872603E+03	4.914773E-17	7.596667E-19
8.872803E+03	4.914750E-17	7.595640E-19
8.873003E+03	4.914502E-17	7.594266E-19
8.873203E+03	4.913576E-17	7.591843E-19
8.873403E+03	4.912536E-17	7.589247E-19
8.873603E+03	4.911497E-17	7.586651E-19
8.873803E+03	4.910911E-17	7.584755E-19
8.874003E+03	4.910325E-17	7.582861E-19
8.874203E+03	4.909965E-17	7.581317E-19
8.874403E+03	4.909832E-17	7.580121E-19
8.874603E+03	4.909021E-17	7.577880E-19
8.874803E+03	4.908211E-17	7.575641E-19
8.875003E+03	4.907513E-17	7.573575E-19
8.875203E+03	4.906816E-17	7.571511E-19
8.875403E+03	4.906346E-17	7.569798E-19
8.875603E+03	4.905875E-17	7.568086E-19
8.875803E+03	4.905405E-17	7.566373E-19
8.876003E+03	4.904935E-17	7.564661E-19
8.876203E+03	4.904354E-17	7.562777E-19
8.876403E+03	4.903771E-17	7.560892E-19
8.876604E+03	4.903075E-17	7.558828E-19
8.876804E+03	4.902494E-17	7.556945E-19
8.877004E+03	4.901800E-17	7.554891E-19
8.877203E+03	4.900996E-17	7.552671E-19
8.877404E+03	4.900301E-17	7.550611E-19
8.877603E+03	4.899609E-17	7.548564E-19
8.877803E+03	4.898804E-17	7.546340E-19
8.878004E+03	4.897999E-17	7.544110E-19
8.878203E+03	4.897308E-17	7.542067E-19
8.878403E+03	4.896730E-17	7.540193E-19
8.878603E+03	4.896152E-17	7.538320E-19
8.878803E+03	4.895912E-17	7.536969E-19
8.879003E+03	4.895786E-17	7.535791E-19
8.879203E+03	4.895095E-17	7.533745E-19
8.879403E+03	4.895195E-17	7.532917E-19
8.879603E+03	4.895633E-17	7.532608E-19
8.879803E+03	4.894493E-17	7.529872E-19
8.880003E+03	4.893353E-17	7.527137E-19
8.880203E+03	4.892439E-17	7.524751E-19
8.880403E+03	4.891865E-17	7.522887E-19
8.880603E+03	4.891853E-17	7.521888E-19
8.880803E+03	4.891841E-17	7.520889E-19
8.881003E+03	4.890929E-17	7.518507E-19
8.881203E+03	4.889455E-17	7.515262E-19
8.881403E+03	4.888430E-17	7.512708E-19
8.881603E+03	4.887632E-17	7.510502E-19
8.881803E+03	4.887398E-17	7.509163E-19
8.882004E+03	4.887837E-17	7.508854E-19
8.882204E+03	4.888165E-17	7.508380E-19
8.882404E+03	4.887930E-17	7.507041E-19
8.882604E+03	4.887584E-17	7.505531E-19
8.882804E+03	4.887350E-17	7.504195E-19
8.883004E+03	4.887116E-17	7.502858E-19
8.883204E+03	4.887220E-17	7.502040E-19
8.883404E+03	4.887326E-17	7.501225E-19
8.883604E+03	4.887093E-17	7.499892E-19
8.883804E+03	4.887198E-17	7.499076E-19
8.884004E+03	4.887528E-17	7.498605E-19
8.884204E+03	4.887746E-17	7.497964E-19
8.884404E+03	4.888754E-17	7.498533E-19
8.884604E+03	4.889085E-17	7.498065E-19
8.884804E+03	4.888741E-17	7.496560E-19
8.885004E+03	4.888172E-17	7.494713E-19
8.885204E+03	4.887605E-17	7.492868E-19
8.885404E+03	4.886699E-17	7.490505E-19
8.885604E+03	4.885794E-17	7.488142E-19
8.885804E+03	4.885790E-17	7.487162E-19
8.886004E+03	4.886123E-17	7.486698E-19
8.886204E+03	4.885219E-17	7.484339E-19
8.886404E+03	4.883865E-17	7.481291E-19
8.886604E+03	4.882849E-17	7.478762E-19
8.886804E+03	4.882172E-17	7.476752E-19
8.887004E+03	4.882393E-17	7.476119E-19
8.887205E+03	4.882614E-17	7.475479E-19
8.887405E+03	4.882275E-17	7.473989E-19
8.887605E+03	4.881711E-17	7.472153E-19
8.887805E+03	4.881709E-17	7.471178E-19
8.888005E+03	4.882269E-17	7.471063E-19
8.888205E+03	4.883280E-17	7.471639E-19
8.888405E+03	4.883392E-17	7.470840E-19
8.888605E+03	4.883278E-17	7.469694E-19
8.888805E+03	4.883164E-17	7.468550E-19
8.889005E+03	4.883390E-17	7.467925E-19
8.889205E+03	4.883727E-17	7.467470E-19
8.889405E+03	4.884065E-17	7.467016E-19
8.889605E+03	4.884628E-17	7.466906E-19
8.889805E+03	4.885191E-17	7.466797E-19
8.890004E+03	4.885869E-17	7.466868E-19
8.890204E+03	4.886657E-17	7.467103E-19
8.890405E+03	4.887445E-17	7.467332E-19
8.890604E+03	4.888462E-17	7.467921E-19
8.890805E+03	4.889589E-17	7.468668E-19
8.891004E+03	4.889593E-17	7.467709E-19
8.891204E+03	4.889145E-17	7.466055E-19
8.891404E+03	4.888811E-17	7.464577E-19
8.891604E+03	4.889152E-17	7.464128E-19
8.891804E+03	4.887692E-17	7.460932E-19
8.892004E+03	4.885332E-17	7.456362E-19
8.892204E+03	4.883876E-17	7.453172E-19
8.892405E+03	4.883092E-17	7.451005E-19
8.892605E+03	4.882534E-17	7.449187E-19
8.892805E+03	4.882202E-17	7.447713E-19
8.893005E+03	4.882433E-17	7.447100E-19
8.893205E+03	4.883001E-17	7.447001E-19
8.893405E+03	4.883793E-17	7.447244E-19
8.893605E+03	4.885149E-17	7.448345E-19
8.893805E+03	4.886843E-17	7.449963E-19
8.894005E+03	4.888763E-17	7.451925E-19
8.894205E+03	4.890684E-17	7.453887E-19
8.894405E+03	4.892606E-17	7.455849E-19
8.894605E+03	4.893403E-17	7.456098E-19
8.894805E+03	4.891721E-17	7.452570E-19
8.895005E+03	4.889815E-17	7.448701E-19
8.895205E+03	4.888134E-17	7.445176E-19
8.895405E+03	4.886906E-17	7.442342E-19
8.895605E+03	4.886352E-17	7.440535E-19
8.895805E+03	4.885461E-17	7.438215E-19
8.896005E+03	4.884796E-17	7.436239E-19
8.896205E+03	4.884356E-17	7.434607E-19
8.896405E+03	4.883130E-17	7.431780E-19
8.896605E+03	4.881791E-17	7.428781E-19
8.896805E+03	4.880227E-17	7.425440E-19
8.897005E+03	4.878329E-17	7.421593E-19
8.897205E+03	4.876432E-17	7.417747E-19
8.897405E+03	4.874984E-17	7.414585E-19
8.897606E+03	4.873871E-17	7.411930E-19
8.897806E+03	4.872874E-17	7.409455E-19
8.898006E+03	4.871764E-17	7.406811E-19
8.898206E+03	4.870095E-17	7.403315E-19
8.898406E+03	4.869434E-17	7.401355E-19
8.898606E+03	4.870009E-17	7.401273E-19
8.898806E+03	4.869799E-17	7.399997E-19
8.899006E+03	4.869476E-17	7.398551E-19
8.899206E+03	4.869265E-17	7.397275E-19
8.899406E+03	4.868047E-17	7.394469E-19
8.899606E+03	4.866493E-17	7.391155E-19
8.899806E+03	4.865163E-17	7.388182E-19
8.900006E+03	4.863386E-17	7.384529E-19
8.900206E+03	4.861611E-17	7.380882E-19
8.900406E+03	4.860396E-17	7.378085E-19
8.900606E+03	4.860188E-17	7.376817E-19
8.900806E+03	4.860091E-17	7.375719E-19
8.901006E+03	4.859326E-17	7.373607E-19
8.901206E+03	4.858112E-17	7.370815E-19
8.901406E+03	4.857010E-17	7.368193E-19
8.901606E+03	4.856134E-17	7.365913E-19
8.901806E+03	4.855145E-17	7.363465E-19
8.902006E+03	4.853822E-17	7.360510E-19
8.902206E+03	4.852611E-17	7.357726E-19
8.902406E+03	4.851289E-17	7.354774E-19
8.902606E+03	4.849968E-17	7.351825E-19
8.902806E+03	4.849317E-17	7.349891E-19
8.903006E+03	4.848890E-17	7.348298E-19
8.903207E+03	4.848908E-17	7.347375E-19
8.903406E+03	4.849265E-17	7.346975E-19
8.903606E+03	4.849285E-17	7.346060E-19
8.903807E+03	4.849416E-17	7.345309E-19
8.904006E+03	4.849215E-17	7.344063E-19
8.904206E+03	4.848790E-17	7.342477E-19
8.904406E+03	4.848477E-17	7.341058E-19
8.904606E+03	4.847717E-17	7.338964E-19
8.904806E+03	4.847069E-17	7.337040E-19
8.905006E+03	4.846645E-17	7.335456E-19
8.905206E+03	4.846334E-17	7.334042E-19
8.905406E+03	4.845687E-17	7.332121E-19
8.905606E+03	4.845375E-17	7.330708E-19
8.905806E+03	4.844953E-17	7.329128E-19
8.906006E+03	4.844642E-17	7.327717E-19
8.906206E+03	4.844108E-17	7.325969E-19
8.906406E+03	4.843798E-17	7.324559E-19
8.906606E+03	4.843265E-17	7.322814E-19
8.906806E+03	4.842399E-17	7.320565E-19
8.907006E+03	4.842089E-17	7.319159E-19
8.907206E+03	4.842226E-17	7.318427E-19
8.907406E+03	4.841695E-17	7.316686E-19
8.907606E+03	4.841164E-17	7.314945E-19
8.907806E+03	4.840744E-17	7.313374E-19
8.908006E+03	4.840325E-17	7.311804E-19
8.908207E+03	4.839794E-17	7.310061E-19
8.908407E+03	4.839599E-17	7.308830E-19
8.908607E+03	4.839181E-17	7.307262E-19
8.908807E+03	4.839097E-17	7.306200E-19
8.909007E+03	4.839460E-17	7.305813E-19
8.909207E+03	4.839823E-17	7.305427E-19
8.909407E+03	4.840074E-17	7.304872E-19
8.909607E+03	4.840883E-17	7.305158E-19
8.909807E+03	4.842028E-17	7.305951E-19
8.910007E+03	4.842727E-17	7.306071E-19
8.910207E+03	4.843314E-17	7.306023E-19
8.910407E+03	4.843790E-17	7.305807E-19
8.910607E+03	4.844490E-17	7.305930E-19
8.910807E+03	4.845414E-17	7.306390E-19
8.911007E+03	4.846338E-17	7.306849E-19
8.911207E+03	4.846815E-17	7.306635E-19
8.911407E+03	4.847070E-17	7.306088E-19
8.911607E+03	4.848219E-17	7.306887E-19
8.911807E+03	4.848363E-17	7.306172E-19
8.912007E+03	4.847726E-17	7.304279E-19
8.912207E+03	4.846977E-17	7.302220E-19
8.912407E+03	4.846564E-17	7.300667E-19
8.912607E+03	4.846710E-17	7.299956E-19
8.912807E+03	4.847078E-17	7.299579E-19
8.913007E+03	4.846889E-17	7.298365E-19
8.913207E+03	4.846478E-17	7.296816E-19
8.913408E+03	4.846065E-17	7.295261E-19
8.913608E+03	4.845765E-17	7.293880E-19
8.913808E+03	4.845578E-17	7.292670E-19
8.914008E+03	4.844944E-17	7.290789E-19
8.914208E+03	4.843864E-17	7.288236E-19
8.914408E+03	4.842897E-17	7.285853E-19
8.914608E+03	4.842599E-17	7.284479E-19
8.914808E+03	4.842525E-17	7.283441E-19
8.915008E+03	4.842450E-17	7.282403E-19
8.915208E+03	4.842153E-17	7.281030E-19
8.915408E+03	4.841410E-17	7.278990E-19
8.915608E+03	4.840779E-17	7.277117E-19
8.915808E+03	4.839815E-17	7.274743E-19
8.916007E+03	4.838628E-17	7.272040E-19
8.916208E+03	4.838221E-17	7.270502E-19
8.916407E+03	4.839041E-17	7.270816E-19
8.916608E+03	4.840194E-17	7.271620E-19
8.916808E+03	4.840679E-17	7.271427E-19
8.917007E+03	4.840609E-17	7.270405E-19
8.917207E+03	4.840762E-17	7.269713E-19
8.917407E+03	4.841806E-17	7.270359E-19
8.917607E+03	4.843072E-17	7.271339E-19
8.917807E+03	4.843114E-17	7.270481E-19
8.918007E+03	4.842933E-17	7.269289E-19
8.918207E+03	4.842306E-17	7.267428E-19
8.918407E+03	4.841456E-17	7.265232E-19
8.918608E+03	4.841164E-17	7.263871E-19
8.918808E+03	4.841095E-17	7.262849E-19
8.919008E+03	4.840804E-17	7.261494E-19
8.919208E+03	4.840958E-17	7.260807E-19
8.919408E+03	4.841337E-17	7.260458E-19
8.919608E+03	4.841827E-17	7.260276E-19
8.919808E+03	4.842652E-17	7.260595E-19
8.920008E+03	4.843142E-17	7.260412E-19
8.920208E+03	4.842853E-17	7.259064E-19
8.920408E+03	4.842341E-17	7.257380E-19
8.920608E+03	4.842274E-17	7.256365E-19
8.920808E+03	4.842655E-17	7.256019E-19
8.921008E+03	4.842813E-17	7.255342E-19
8.921208E+03	4.842859E-17	7.254497E-19
8.921408E+03	4.843352E-17	7.254321E-19
8.921608E+03	4.843623E-17	7.253811E-19
8.921808E+03	4.843670E-17	7.252970E-19
8.922008E+03	4.844276E-17	7.252964E-19
8.922208E+03	4.845105E-17	7.253291E-19
8.922408E+03	4.844930E-17	7.252116E-19
8.922608E+03	4.844309E-17	7.250276E-19
8.922808E+03	4.843801E-17	7.248604E-19
8.923008E+03	4.844296E-17	7.248433E-19
8.923208E+03	4.845238E-17	7.248930E-19
8.923408E+03	4.845735E-17	7.248764E-19
8.923608E+03	4.845673E-17	7.247761E-19
8.923809E+03	4.845053E-17	7.245919E-19
8.924009E+03	4.844100E-17	7.243584E-19
8.924209E+03	4.844932E-17	7.243920E-19
8.924409E+03	4.845765E-17	7.244257E-19
8.924609E+03	4.846709E-17	7.244760E-19
8.924809E+03	4.847654E-17	7.245262E-19
8.925009E+03	4.848600E-17	7.245769E-19
8.925209E+03	4.849546E-17	7.246275E-19
8.925409E+03	4.850604E-17	7.246948E-19
8.925609E+03	4.851662E-17	7.247620E-19
8.925809E+03	4.852722E-17	7.248298E-19
8.926009E+03	4.853894E-17	7.249141E-19
8.926209E+03	4.854954E-17	7.249817E-19
8.926409E+03	4.855902E-17	7.250326E-19
8.926609E+03	4.856629E-17	7.250505E-19
8.926809E+03	4.857356E-17	7.250684E-19
8.927009E+03	4.858082E-17	7.250862E-19
8.927209E+03	4.858809E-17	7.251041E-19
8.927409E+03	4.859313E-17	7.250889E-19
8.927609E+03	4.859706E-17	7.250570E-19
8.927809E+03	4.859874E-17	7.249917E-19
8.928009E+03	4.859931E-17	7.249096E-19
8.928209E+03	4.859877E-17	7.248114E-19
8.928409E+03	4.859599E-17	7.246796E-19
8.928609E+03	4.859098E-17	7.245145E-19
8.928808E+03	4.858262E-17	7.243001E-19
8.929008E+03	4.857314E-17	7.240687E-19
8.929210E+03	4.856813E-17	7.239029E-19
8.929409E+03	4.856649E-17	7.237889E-19
8.929610E+03	4.856149E-17	7.236238E-19
8.929809E+03	4.855874E-17	7.234935E-19
8.930009E+03	4.856047E-17	7.234293E-19
8.930209E+03	4.857002E-17	7.234817E-19
8.930409E+03	4.857957E-17	7.235340E-19
8.930609E+03	4.858131E-17	7.234701E-19
8.930809E+03	4.858193E-17	7.233896E-19
8.931009E+03	4.858478E-17	7.233423E-19
8.931209E+03	4.858652E-17	7.232784E-19
8.931409E+03	4.858603E-17	7.231815E-19
8.931609E+03	4.858666E-17	7.231013E-19
8.931809E+03	4.858617E-17	7.230044E-19
8.932009E+03	4.858680E-17	7.229243E-19
8.932209E+03	4.859304E-17	7.229277E-19
8.932409E+03	4.860375E-17	7.229976E-19
8.932609E+03	4.860888E-17	7.229844E-19
8.932809E+03	4.860168E-17	7.227879E-19
8.933009E+03	4.858891E-17	7.225087E-19
8.933209E+03	4.858286E-17	7.223295E-19
8.933409E+03	4.858352E-17	7.222500E-19
8.933609E+03	4.858193E-17	7.221373E-19
8.933809E+03	4.857477E-17	7.219418E-19
8.934009E+03	4.856425E-17	7.216964E-19
8.934209E+03	4.855375E-17	7.214513E-19
8.934410E+03	4.854769E-17	7.212719E-19
8.934610E+03	4.855285E-17	7.212596E-19
8.934810E+03	4.857142E-17	7.214467E-19
8.935010E+03	4.859112E-17	7.216504E-19
8.935210E+03	4.860635E-17	7.217876E-19
8.935410E+03	4.862160E-17	7.219253E-19
8.935610E+03	4.863797E-17	7.220796E-19
8.935810E+03	4.865658E-17	7.222672E-19
8.936010E+03	4.867633E-17	7.224714E-19
8.936210E+03	4.869161E-17	7.226095E-19
8.936410E+03	4.870241E-17	7.226811E-19
8.936610E+03	4.871882E-17	7.228358E-19
8.936810E+03	4.873524E-17	7.229906E-19
8.937010E+03	4.874269E-17	7.230126E-19
8.937210E+03	4.874791E-17	7.230013E-19
8.937410E+03	4.875761E-17	7.230566E-19
8.937610E+03	4.876731E-17	7.231119E-19
8.937810E+03	4.877366E-17	7.231175E-19
8.938010E+03	4.878339E-17	7.231732E-19
8.938210E+03	4.879648E-17	7.232787E-19
8.938410E+03	4.880621E-17	7.233344E-19
8.938610E+03	4.881032E-17	7.233071E-19
8.938810E+03	4.881444E-17	7.232798E-19
8.939010E+03	4.882194E-17	7.233025E-19
8.939210E+03	4.883056E-17	7.233418E-19
8.939410E+03	4.883582E-17	7.233315E-19
8.939611E+03	4.883657E-17	7.232540E-19
8.939811E+03	4.883621E-17	7.231604E-19
8.940011E+03	4.883810E-17	7.231002E-19
8.940211E+03	4.884000E-17	7.230403E-19
8.940411E+03	4.883853E-17	7.229305E-19
8.940611E+03	4.883143E-17	7.227375E-19
8.940811E+03	4.883446E-17	7.226942E-19
8.941011E+03	4.884762E-17	7.228011E-19
8.941211E+03	4.884728E-17	7.227083E-19
8.941411E+03	4.884020E-17	7.225157E-19
8.941611E+03	4.883874E-17	7.224063E-19
8.941810E+03	4.884292E-17	7.223809E-19
8.942011E+03	4.884484E-17	7.223212E-19
8.942210E+03	4.884565E-17	7.222460E-19
8.942410E+03	4.884757E-17	7.221869E-19
8.942611E+03	4.885626E-17	7.222274E-19
8.942810E+03	4.886383E-17	7.222523E-19
8.943010E+03	4.886240E-17	7.221436E-19
8.943210E+03	4.885759E-17	7.219851E-19
8.943410E+03	4.885842E-17	7.219101E-19
8.943610E+03	4.886599E-17	7.219347E-19
8.943810E+03	4.887470E-17	7.219761E-19
8.944010E+03	4.888116E-17	7.219842E-19
8.944210E+03	4.888762E-17	7.219926E-19
8.944410E+03	4.889297E-17	7.219845E-19
8.944610E+03	4.889719E-17	7.219596E-19
8.944811E+03	4.890366E-17	7.219676E-19
8.945011E+03	4.890677E-17	7.219265E-19
8.945211E+03	4.890537E-17	7.218190E-19
8.945411E+03	4.892199E-17	7.219773E-19
8.945611E+03	4.893411E-17	7.220692E-19
8.945811E+03	4.894400E-17	7.221283E-19
8.946011E+03	4.894938E-17	7.221209E-19
8.946211E+03	4.895701E-17	7.221467E-19
8.946411E+03	4.896690E-17	7.222057E-19
8.946611E+03	4.897680E-17	7.222651E-19
8.946811E+03	4.898671E-17	7.223246E-19
8.947011E+03	4.900226E-17	7.224671E-19
8.947211E+03	4.902346E-17	7.226930E-19
8.947411E+03	4.904355E-17	7.229026E-19
8.947611E+03	4.905349E-17	7.229625E-19
8.947811E+03	4.905100E-17	7.228392E-19
8.948011E+03	4.905189E-17	7.227659E-19
8.948211E+03	4.906523E-17	7.228761E-19
8.948411E+03	4.908197E-17	7.230362E-19
8.948611E+03	4.909418E-17	7.231297E-19
8.948811E+03	4.910300E-17	7.231732E-19
8.949011E+03	4.910958E-17	7.231839E-19
8.949211E+03	4.911391E-17	7.231613E-19
8.949411E+03	4.912275E-17	7.232052E-19
8.949611E+03	4.912707E-17	7.231826E-19
8.949811E+03	4.912688E-17	7.230937E-19
8.950011E+03	4.913234E-17	7.230880E-19
8.950212E+03	4.912875E-17	7.229487E-19
8.950412E+03	4.911951E-17	7.227267E-19
8.950612E+03	4.911029E-17	7.225052E-19
8.950812E+03	4.910333E-17	7.223170E-19
8.951012E+03	4.910089E-17	7.221954E-19
8.951212E+03	4.911315E-17	7.222899E-19
8.951412E+03	4.912769E-17	7.224181E-19
8.951612E+03	4.912526E-17	7.222967E-19
8.951812E+03	4.911266E-17	7.220259E-19
8.952012E+03	4.912381E-17	7.221041E-19
8.952212E+03	4.913949E-17	7.222493E-19
8.952412E+03	4.912916E-17	7.220121E-19
8.952612E+03	4.914032E-17	7.220906E-19
8.952812E+03	4.917753E-17	7.225519E-19
8.953012E+03	4.919098E-17	7.226643E-19
8.953212E+03	4.918178E-17	7.224438E-19
8.953412E+03	4.917825E-17	7.223067E-19
8.953612E+03	4.919510E-17	7.224689E-19
8.953812E+03	4.921424E-17	7.226649E-19
8.954012E+03	4.922091E-17	7.226778E-19
8.954212E+03	4.922533E-17	7.226575E-19
8.954412E+03	4.922974E-17	7.226371E-19
8.954612E+03	4.923190E-17	7.225839E-19
8.954811E+03	4.922952E-17	7.224646E-19
8.955012E+03	4.923167E-17	7.224108E-19
8.955211E+03	4.923724E-17	7.224080E-19
8.955413E+03	4.924620E-17	7.224540E-19
8.955612E+03	4.927560E-17	7.228010E-19
8.955812E+03	4.927778E-17	7.227482E-19
8.956012E+03	4.927087E-17	7.225621E-19
8.956212E+03	4.927079E-17	7.224764E-19
8.956412E+03	4.927639E-17	7.224740E-19
8.956612E+03	4.927971E-17	7.224382E-19
8.956812E+03	4.928643E-17	7.224522E-19
8.957012E+03	4.929431E-17	7.224833E-19
8.957212E+03	4.929651E-17	7.224313E-19
8.957412E+03	4.929077E-17	7.222628E-19
8.957612E+03	4.928162E-17	7.220445E-19
8.957812E+03	4.928270E-17	7.219763E-19
8.958012E+03	4.928719E-17	7.219579E-19
8.958212E+03	4.928827E-17	7.218897E-19
8.958412E+03	4.929275E-17	7.218713E-19
8.958612E+03	4.929952E-17	7.218865E-19
8.958812E+03	4.929834E-17	7.217855E-19
8.959012E+03	4.930512E-17	7.218008E-19
8.959212E+03	4.931757E-17	7.218992E-19
8.959412E+03	4.932436E-17	7.219149E-19
8.959612E+03	4.932433E-17	7.218309E-19
8.959812E+03	4.932090E-17	7.216970E-19
8.960012E+03	4.932200E-17	7.216295E-19
8.960212E+03	4.932881E-17	7.216456E-19
8.960412E+03	4.932879E-17	7.215620E-19
8.960613E+03	4.932650E-17	7.214447E-19
8.960813E+03	4.932649E-17	7.213611E-19
8.961013E+03	4.932422E-17	7.212447E-19
8.961213E+03	4.932309E-17	7.211450E-19
8.961413E+03	4.932763E-17	7.211283E-19
8.961613E+03	4.933218E-17	7.211115E-19
8.961813E+03	4.932992E-17	7.209956E-19
8.962013E+03	4.932880E-17	7.208963E-19
8.962213E+03	4.932995E-17	7.208302E-19
8.962413E+03	4.932996E-17	7.207475E-19
8.962613E+03	4.932886E-17	7.206486E-19
8.962813E+03	4.933003E-17	7.205830E-19
8.963013E+03	4.933232E-17	7.205339E-19
8.963213E+03	4.933576E-17	7.205014E-19
8.963413E+03	4.934376E-17	7.205357E-19
8.963613E+03	4.934949E-17	7.205369E-19
8.963813E+03	4.935294E-17	7.205048E-19
8.964013E+03	4.935639E-17	7.204727E-19
8.964213E+03	4.935759E-17	7.204079E-19
8.964413E+03	4.935651E-17	7.203099E-19
8.964613E+03	4.935543E-17	7.202120E-19
8.964813E+03	4.935321E-17	7.200973E-19
8.965013E+03	4.935555E-17	7.200496E-19
8.965213E+03	4.936017E-17	7.200350E-19
8.965413E+03	4.936706E-17	7.200535E-19
8.965613E+03	4.936259E-17	7.199062E-19
8.965814E+03	4.935586E-17	7.197259E-19
8.966014E+03	4.934571E-17	7.194962E-19
8.966214E+03	4.934012E-17	7.193330E-19
8.966414E+03	4.934020E-17	7.192525E-19
8.966614E+03	4.934371E-17	7.192222E-19
8.966814E+03	4.933586E-17	7.190264E-19
8.967014E+03	4.934164E-17	7.190291E-19
8.967214E+03	4.935310E-17	7.191147E-19
8.967414E+03	4.935095E-17	7.190021E-19
8.967613E+03	4.934538E-17	7.188402E-19
8.967814E+03	4.934776E-17	7.187932E-19
8.968013E+03	4.935015E-17	7.187473E-19
8.968213E+03	4.935029E-17	7.186683E-19
8.968414E+03	4.935496E-17	7.186549E-19
8.968613E+03	4.935963E-17	7.186424E-19
8.968813E+03	4.936204E-17	7.185965E-19
8.969013E+03	4.936559E-17	7.185674E-19
8.969213E+03	4.936801E-17	7.185220E-19
8.969413E+03	4.936702E-17	7.184268E-19
8.969613E+03	4.936488E-17	7.183150E-19
8.969813E+03	4.936163E-17	7.181872E-19
8.970013E+03	4.935952E-17	7.180760E-19
8.970213E+03	4.936422E-17	7.180640E-19
8.970413E+03	4.936892E-17	7.180520E-19
8.970613E+03	4.936682E-17	7.179413E-19
8.970813E+03	4.936358E-17	7.178140E-19
8.971013E+03	4.936035E-17	7.176867E-19
8.971214E+03	4.936392E-17	7.176581E-19
8.971414E+03	4.937206E-17	7.176965E-19
8.971614E+03	4.938021E-17	7.177350E-19
8.971814E+03	4.939063E-17	7.178065E-19
8.972014E+03	4.940674E-17	7.179607E-19
8.972214E+03	4.942401E-17	7.181318E-19
8.972414E+03	4.943559E-17	7.182204E-19
8.972614E+03	4.944490E-17	7.182758E-19
8.972814E+03	4.945649E-17	7.183644E-19
8.973014E+03	4.946240E-17	7.183706E-19
8.973214E+03	4.946147E-17	7.182776E-19
8.973414E+03	4.946055E-17	7.181847E-19
8.973614E+03	4.945963E-17	7.180917E-19
8.973814E+03	4.946441E-17	7.180820E-19
8.974014E+03	4.947375E-17	7.181383E-19
8.974214E+03	4.948082E-17	7.181616E-19
8.974414E+03	4.948333E-17	7.181187E-19
8.974614E+03	4.948244E-17	7.180267E-19
8.974814E+03	4.948154E-17	7.179347E-19
8.975014E+03	4.948406E-17	7.178922E-19
8.975214E+03	4.949000E-17	7.178994E-19
8.975414E+03	4.949597E-17	7.179071E-19
8.975614E+03	4.950420E-17	7.179478E-19
8.975814E+03	4.951472E-17	7.180215E-19
8.976014E+03	4.951042E-17	7.178804E-19
8.976214E+03	4.950044E-17	7.176571E-19
8.976415E+03	4.948931E-17	7.174169E-19
8.976615E+03	4.947819E-17	7.171772E-19
8.976815E+03	4.947163E-17	7.170037E-19
8.977015E+03	4.946736E-17	7.168636E-19
8.977215E+03	4.946195E-17	7.167071E-19
8.977415E+03	4.946224E-17	7.166331E-19
8.977615E+03	4.946253E-17	7.165592E-19
8.977815E+03	4.946283E-17	7.164856E-19
8.978015E+03	4.946883E-17	7.164946E-19
8.978215E+03	4.947939E-17	7.165696E-19
8.978415E+03	4.948539E-17	7.165785E-19
8.978615E+03	4.948229E-17	7.164561E-19
8.978815E+03	4.947349E-17	7.162510E-19
8.979015E+03	4.946583E-17	7.160626E-19
8.979215E+03	4.946274E-17	7.159402E-19
8.979415E+03	4.946193E-17	7.158512E-19
8.979615E+03	4.945771E-17	7.157127E-19
8.979815E+03	4.945918E-17	7.156567E-19
8.980015E+03	4.946407E-17	7.156501E-19
8.980215E+03	4.946442E-17	7.155781E-19
8.980415E+03	4.946477E-17	7.155061E-19
8.980614E+03	4.947081E-17	7.155169E-19
8.980815E+03	4.947913E-17	7.155597E-19
8.981014E+03	4.947949E-17	7.154886E-19
8.981215E+03	4.948099E-17	7.154331E-19
8.981415E+03	4.948592E-17	7.154275E-19
8.981615E+03	4.948286E-17	7.153066E-19
8.981815E+03	4.946729E-17	7.150050E-19
8.982015E+03	4.946424E-17	7.148846E-19
8.982215E+03	4.945893E-17	7.147313E-19
8.982415E+03	4.947867E-17	7.149401E-19
8.982615E+03	4.947564E-17	7.148202E-19
8.982815E+03	4.946123E-17	7.145357E-19
8.983015E+03	4.945023E-17	7.143007E-19
8.983215E+03	4.944379E-17	7.141316E-19
8.983415E+03	4.942940E-17	7.138478E-19
8.983615E+03	4.942184E-17	7.136629E-19
8.983815E+03	4.944729E-17	7.139545E-19
8.984015E+03	4.947161E-17	7.142298E-19
8.984215E+03	4.946748E-17	7.140945E-19
8.984415E+03	4.945993E-17	7.139100E-19
8.984615E+03	4.946035E-17	7.138405E-19
8.984815E+03	4.947102E-17	7.139189E-19
8.985015E+03	4.948171E-17	7.139978E-19
8.985215E+03	4.947987E-17	7.138960E-19
8.985415E+03	4.947461E-17	7.137447E-19
8.985615E+03	4.947049E-17	7.136101E-19
8.985815E+03	4.946525E-17	7.134595E-19
8.986015E+03	4.946228E-17	7.133417E-19
8.986215E+03	4.945362E-17	7.131419E-19
8.986415E+03	4.944724E-17	7.129749E-19
8.986615E+03	4.944543E-17	7.128741E-19
8.986816E+03	4.944931E-17	7.128550E-19
8.987016E+03	4.945547E-17	7.128691E-19
8.987216E+03	4.945935E-17	7.128504E-19
8.987416E+03	4.946098E-17	7.127994E-19
8.987616E+03	4.945918E-17	7.126991E-19
8.987816E+03	4.945738E-17	7.125989E-19
8.988016E+03	4.946697E-17	7.126627E-19
8.988216E+03	4.947886E-17	7.127599E-19
8.988416E+03	4.947936E-17	7.126929E-19
8.988616E+03	4.947188E-17	7.125111E-19
8.988816E+03	4.946327E-17	7.123129E-19
8.989016E+03	4.945353E-17	7.120990E-19
8.989216E+03	4.944038E-17	7.118359E-19
8.989416E+03	4.942951E-17	7.116056E-19
8.989616E+03	4.942091E-17	7.114082E-19
8.989816E+03	4.941234E-17	7.112114E-19
8.990016E+03	4.940263E-17	7.109982E-19
8.990216E+03	4.939747E-17	7.108506E-19
8.990416E+03	4.940027E-17	7.108175E-19
8.990616E+03	4.940423E-17	7.108014E-19
8.990816E+03	4.941045E-17	7.108178E-19
8.991016E+03	4.941327E-17	7.107853E-19
8.991216E+03	4.941154E-17	7.106873E-19
8.991416E+03	4.941096E-17	7.106062E-19
8.991616E+03	4.940469E-17	7.104433E-19
8.991816E+03	4.939842E-17	7.102804E-19
8.992016E+03	4.939784E-17	7.101993E-19
8.992217E+03	4.939499E-17	7.100855E-19
8.992417E+03	4.938875E-17	7.099233E-19
8.992617E+03	4.938590E-17	7.098100E-19
8.992817E+03	4.938307E-17	7.096969E-19
8.993017E+03	4.937797E-17	7.095515E-19
8.993217E+03	4.937514E-17	7.094388E-19
8.993416E+03	4.937914E-17	7.094245E-19
8.993617E+03	4.938314E-17	7.094095E-19
8.993817E+03	4.938146E-17	7.093136E-19
8.994016E+03	4.937411E-17	7.091366E-19
8.994217E+03	4.936107E-17	7.088772E-19
8.994416E+03	4.934917E-17	7.086349E-19
8.994616E+03	4.934752E-17	7.085398E-19
8.994816E+03	4.935268E-17	7.085425E-19
8.995016E+03	4.935102E-17	7.084472E-19
8.995216E+03	4.934483E-17	7.082868E-19
8.995416E+03	4.934205E-17	7.081759E-19
8.995616E+03	4.934155E-17	7.080976E-19
8.995816E+03	4.934105E-17	7.080193E-19
8.996016E+03	4.933826E-17	7.079083E-19
8.996216E+03	4.933210E-17	7.077491E-19
8.996416E+03	4.932139E-17	7.075247E-19
8.996616E+03	4.930954E-17	7.072840E-19
8.996816E+03	4.929998E-17	7.070761E-19
8.997016E+03	4.929496E-17	7.069338E-19
8.997216E+03	4.929222E-17	7.068241E-19
8.997417E+03	4.928494E-17	7.066489E-19
8.997617E+03	4.927312E-17	7.064091E-19
8.997817E+03	4.926585E-17	7.062349E-19
8.998017E+03	4.926766E-17	7.061909E-19
8.998217E+03	4.926154E-17	7.060330E-19
8.998417E+03	4.925314E-17	7.058427E-19
8.998617E+03	4.925043E-17	7.057341E-19
8.998817E+03	4.924432E-17	7.055770E-19
8.999017E+03	4.922347E-17	7.052086E-19
8.999217E+03	4.920263E-17	7.048404E-19
8.999417E+03	4.919088E-17	7.046029E-19
8.999617E+03	4.918706E-17	7.044788E-19
8.999817E+03	4.918890E-17	7.044359E-19
9.000017E+03	4.919640E-17	7.044741E-19
9.000217E+03	4.919826E-17	7.044318E-19
9.000417E+03	4.919219E-17	7.042759E-19
9.000617E+03	4.918838E-17	7.041524E-19
9.000817E+03	4.918684E-17	7.040614E-19
9.001017E+03	4.918757E-17	7.040034E-19
9.001217E+03	4.918944E-17	7.039615E-19
9.001417E+03	4.919019E-17	7.039035E-19
9.001617E+03	4.918979E-17	7.038293E-19
9.001817E+03	4.918827E-17	7.037393E-19
9.002017E+03	4.918450E-17	7.036171E-19
9.002217E+03	4.918072E-17	7.034948E-19
9.002417E+03	4.917581E-17	7.033563E-19
9.002618E+03	4.916979E-17	7.032018E-19
9.002818E+03	4.916150E-17	7.030154E-19
9.003018E+03	4.915321E-17	7.028290E-19
9.003218E+03	4.914380E-17	7.026266E-19
9.003418E+03	4.913440E-17	7.024247E-19
9.003618E+03	4.912161E-17	7.021743E-19
9.003818E+03	4.911900E-17	7.020695E-19
9.004018E+03	4.912318E-17	7.020616E-19
9.004218E+03	4.911493E-17	7.018766E-19
9.004418E+03	4.910329E-17	7.016431E-19
9.004618E+03	4.909730E-17	7.014905E-19
9.004818E+03	4.910037E-17	7.014671E-19
9.005018E+03	4.910231E-17	7.014281E-19
9.005218E+03	4.909747E-17	7.012921E-19
9.005418E+03	4.908925E-17	7.011079E-19
9.005618E+03	4.907763E-17	7.008751E-19
9.005818E+03	4.907055E-17	7.007076E-19
9.006018E+03	4.906799E-17	7.006046E-19
9.006218E+03	4.906430E-17	7.004856E-19
9.006417E+03	4.905497E-17	7.002862E-19
9.006618E+03	4.904113E-17	7.000223E-19
9.006817E+03	4.903407E-17	6.998558E-19
9.007017E+03	4.902814E-17	6.997052E-19
9.007218E+03	4.902898E-17	6.996509E-19
9.007417E+03	4.902872E-17	6.995817E-19
9.007617E+03	4.902732E-17	6.994960E-19
9.007818E+03	4.903043E-17	6.994745E-19
9.008018E+03	4.903807E-17	6.995177E-19
9.008218E+03	4.903782E-17	6.994488E-19
9.008418E+03	4.902966E-17	6.992671E-19
9.008618E+03	4.902377E-17	6.991177E-19
9.008818E+03	4.902239E-17	6.990327E-19
9.009018E+03	4.902215E-17	6.989643E-19
9.009218E+03	4.901514E-17	6.987993E-19
9.009418E+03	4.901490E-17	6.987310E-19
9.009618E+03	4.902595E-17	6.988236E-19
9.009818E+03	4.903928E-17	6.989488E-19
9.010018E+03	4.904696E-17	6.989937E-19
9.010218E+03	4.904561E-17	6.989097E-19
9.010418E+03	4.904426E-17	6.988258E-19
9.010618E+03	4.904405E-17	6.987586E-19
9.010818E+03	4.903933E-17	6.986270E-19
9.011018E+03	4.903800E-17	6.985437E-19
9.011218E+03	4.902763E-17	6.983317E-19
9.011418E+03	4.902293E-17	6.982008E-19
9.011618E+03	4.902838E-17	6.982145E-19
9.011818E+03	4.903948E-17	6.983087E-19
9.012018E+03	4.904833E-17	6.983707E-19
9.012218E+03	4.904703E-17	6.982885E-19
9.012418E+03	4.904121E-17	6.981420E-19
9.012618E+03	4.904442E-17	6.981241E-19
9.012818E+03	4.904651E-17	6.980902E-19
9.013019E+03	4.904296E-17	6.979761E-19
9.013219E+03	4.903715E-17	6.978303E-19
9.013419E+03	4.902910E-17	6.976524E-19
9.013619E+03	4.902330E-17	6.975066E-19
9.013819E+03	4.902428E-17	6.974577E-19
9.014019E+03	4.902978E-17	6.974731E-19
9.014219E+03	4.903528E-17	6.974885E-19
9.014419E+03	4.903627E-17	6.974396E-19
9.014619E+03	4.904292E-17	6.974717E-19
9.014819E+03	4.904957E-17	6.975037E-19
9.015019E+03	4.905284E-17	6.974876E-19
9.015219E+03	4.905836E-17	6.975035E-19
9.015419E+03	4.906954E-17	6.976003E-19
9.015619E+03	4.908186E-17	6.977132E-19
9.015819E+03	4.908514E-17	6.976976E-19
9.016019E+03	4.908503E-17	6.976338E-19
9.016219E+03	4.908155E-17	6.975224E-19
9.016419E+03	4.908372E-17	6.974913E-19
9.016619E+03	4.908814E-17	6.974924E-19
9.016819E+03	4.909031E-17	6.974613E-19
9.017019E+03	4.909815E-17	6.975111E-19
9.017219E+03	4.910711E-17	6.975769E-19
9.017419E+03	4.911383E-17	6.976107E-19
9.017619E+03	4.912166E-17	6.976605E-19
9.017819E+03	4.912612E-17	6.976626E-19
9.018019E+03	4.912719E-17	6.976166E-19
9.018219E+03	4.913505E-17	6.976670E-19
9.018420E+03	4.914065E-17	6.976850E-19
9.018620E+03	4.914173E-17	6.976395E-19
9.018820E+03	4.914169E-17	6.975780E-19
9.019020E+03	4.913938E-17	6.974844E-19
9.019219E+03	4.913594E-17	6.973750E-19
9.019419E+03	4.913931E-17	6.973623E-19
9.019620E+03	4.913928E-17	6.973011E-19
9.019819E+03	4.913585E-17	6.971923E-19
9.020020E+03	4.912677E-17	6.970027E-19
9.020219E+03	4.911658E-17	6.967984E-19
9.020419E+03	4.911544E-17	6.967221E-19
9.020619E+03	4.911429E-17	6.966458E-19
9.020819E+03	4.911088E-17	6.965373E-19
9.021019E+03	4.910636E-17	6.964135E-19
9.021219E+03	4.910411E-17	6.963218E-19
9.021419E+03	4.910637E-17	6.962942E-19
9.021619E+03	4.910750E-17	6.962506E-19
9.021819E+03	4.910639E-17	6.961755E-19
9.022019E+03	4.911093E-17	6.961806E-19
9.022219E+03	4.911548E-17	6.961857E-19
9.022419E+03	4.911776E-17	6.961587E-19
9.022619E+03	4.912006E-17	6.961323E-19
9.022819E+03	4.912123E-17	6.960898E-19
9.023019E+03	4.911674E-17	6.959673E-19
9.023219E+03	4.910998E-17	6.958126E-19
9.023419E+03	4.910551E-17	6.956907E-19
9.023620E+03	4.910218E-17	6.955846E-19
9.023820E+03	4.910223E-17	6.955267E-19
9.024020E+03	4.910341E-17	6.954849E-19
9.024220E+03	4.911366E-17	6.955719E-19
9.024420E+03	4.912729E-17	6.957068E-19
9.024620E+03	4.912736E-17	6.956495E-19
9.024820E+03	4.911726E-17	6.954482E-19
9.025020E+03	4.910151E-17	6.951674E-19
9.025220E+03	4.909029E-17	6.949508E-19
9.025420E+03	4.908359E-17	6.947981E-19
9.025620E+03	4.908141E-17	6.947096E-19
9.025820E+03	4.908830E-17	6.947496E-19
9.026020E+03	4.909631E-17	6.948056E-19
9.026220E+03	4.910320E-17	6.948456E-19
9.026420E+03	4.912139E-17	6.950456E-19
9.026620E+03	4.914640E-17	6.953423E-19
9.026820E+03	4.915218E-17	6.953670E-19
9.027020E+03	4.913985E-17	6.951355E-19
9.027220E+03	4.912413E-17	6.948560E-19
9.027420E+03	4.912539E-17	6.948172E-19
9.027620E+03	4.913571E-17	6.949064E-19
9.027820E+03	4.913923E-17	6.948996E-19
9.028020E+03	4.913371E-17	6.947649E-19
9.028220E+03	4.913273E-17	6.946947E-19
9.028420E+03	4.914194E-17	6.947685E-19
9.028620E+03	4.915001E-17	6.948263E-19
9.028821E+03	4.915468E-17	6.948357E-19
9.029021E+03	4.915033E-17	6.947183E-19
9.029221E+03	4.914597E-17	6.946007E-19
9.029421E+03	4.915066E-17	6.946111E-19
9.029621E+03	4.915988E-17	6.946854E-19
9.029821E+03	4.916460E-17	6.946965E-19
9.030021E+03	4.915912E-17	6.945636E-19
9.030221E+03	4.915251E-17	6.944147E-19
9.030421E+03	4.914591E-17	6.942658E-19
9.030621E+03	4.914498E-17	6.941975E-19
9.030821E+03	4.914631E-17	6.941611E-19
9.031021E+03	4.914312E-17	6.940609E-19
9.031221E+03	4.913652E-17	6.939127E-19
9.031421E+03	4.913108E-17	6.937811E-19
9.031621E+03	4.913017E-17	6.937134E-19
9.031821E+03	4.912812E-17	6.936298E-19
9.032021E+03	4.912608E-17	6.935462E-19
9.032220E+03	4.912179E-17	6.934316E-19
9.032421E+03	4.911523E-17	6.932844E-19
9.032621E+03	4.911547E-17	6.932334E-19
9.032820E+03	4.912136E-17	6.932625E-19
9.033021E+03	4.912727E-17	6.932916E-19
9.033220E+03	4.912978E-17	6.932734E-19
9.033420E+03	4.913682E-17	6.933188E-19
9.033620E+03	4.914272E-17	6.933481E-19
9.033820E+03	4.914525E-17	6.933303E-19
9.034021E+03	4.914666E-17	6.932963E-19
9.034221E+03	4.914693E-17	6.932465E-19
9.034421E+03	4.913701E-17	6.930530E-19
9.034621E+03	4.912937E-17	6.928921E-19
9.034821E+03	4.913079E-17	6.928589E-19
9.035021E+03	4.915031E-17	6.930811E-19
9.035221E+03	4.915511E-17	6.930957E-19
9.035421E+03	4.914636E-17	6.929195E-19
9.035621E+03	4.913988E-17	6.927753E-19
9.035821E+03	4.914923E-17	6.928544E-19
9.036021E+03	4.916538E-17	6.930292E-19
9.036221E+03	4.917136E-17	6.930611E-19
9.036421E+03	4.917847E-17	6.931090E-19
9.036621E+03	4.919238E-17	6.932526E-19
9.036821E+03	4.921422E-17	6.935079E-19
9.037021E+03	4.922475E-17	6.936043E-19
9.037221E+03	4.922509E-17	6.935570E-19
9.037421E+03	4.922542E-17	6.935097E-19
9.037621E+03	4.922803E-17	6.934943E-19
9.037821E+03	4.923064E-17	6.934795E-19
9.038021E+03	4.922873E-17	6.934010E-19
9.038221E+03	4.922568E-17	6.933064E-19
9.038421E+03	4.923057E-17	6.933235E-19
9.038621E+03	4.923774E-17	6.933733E-19
9.038821E+03	4.924265E-17	6.933911E-19
9.039021E+03	4.924301E-17	6.933451E-19
9.039221E+03	4.923884E-17	6.932351E-19
9.039422E+03	4.923583E-17	6.931416E-19
9.039622E+03	4.923736E-17	6.931123E-19
9.039822E+03	4.923434E-17	6.930189E-19
9.040022E+03	4.923359E-17	6.929576E-19
9.040222E+03	4.923512E-17	6.929288E-19
9.040422E+03	4.923440E-17	6.928681E-19
9.040622E+03	4.923707E-17	6.928553E-19
9.040822E+03	4.924200E-17	6.928743E-19
9.041022E+03	4.924469E-17	6.928621E-19
9.041222E+03	4.924738E-17	6.928500E-19
9.041422E+03	4.925120E-17	6.928537E-19
9.041622E+03	4.925162E-17	6.928096E-19
9.041822E+03	4.925093E-17	6.927502E-19
9.042022E+03	4.925023E-17	6.926908E-19
9.042222E+03	4.924727E-17	6.925995E-19
9.042422E+03	4.925224E-17	6.926199E-19
9.042622E+03	4.926404E-17	6.927365E-19
9.042822E+03	4.927243E-17	6.928054E-19
9.043022E+03	4.927516E-17	6.927945E-19
9.043222E+03	4.927674E-17	6.927675E-19
9.043422E+03	4.928176E-17	6.927892E-19
9.043622E+03	4.928791E-17	6.928268E-19
9.043822E+03	4.929746E-17	6.929123E-19
9.044022E+03	4.930247E-17	6.929339E-19
9.044222E+03	4.929615E-17	6.927967E-19
9.044422E+03	4.928869E-17	6.926434E-19
9.044623E+03	4.928691E-17	6.925698E-19
9.044823E+03	4.929081E-17	6.925762E-19
9.045022E+03	4.930039E-17	6.926631E-19
9.045222E+03	4.931339E-17	6.927977E-19
9.045423E+03	4.931617E-17	6.927885E-19
9.045622E+03	4.930758E-17	6.926202E-19
9.045823E+03	4.930017E-17	6.924682E-19
9.046022E+03	4.929615E-17	6.923644E-19
9.046222E+03	4.929667E-17	6.923242E-19
9.046422E+03	4.929719E-17	6.922840E-19
9.046622E+03	4.930001E-17	6.922764E-19
9.046822E+03	4.929828E-17	6.922049E-19
9.047022E+03	4.929541E-17	6.921175E-19
9.047222E+03	4.930049E-17	6.921417E-19
9.047422E+03	4.930105E-17	6.921028E-19
9.047622E+03	4.929820E-17	6.920162E-19
9.047822E+03	4.929308E-17	6.918976E-19
9.048022E+03	4.930045E-17	6.919543E-19
9.048222E+03	4.931124E-17	6.920595E-19
9.048422E+03	4.930955E-17	6.919894E-19
9.048622E+03	4.930445E-17	6.918714E-19
9.048822E+03	4.930729E-17	6.918651E-19
9.049022E+03	4.930788E-17	6.918275E-19
9.049222E+03	4.930734E-17	6.917740E-19
9.049422E+03	4.931021E-17	6.917683E-19
9.049622E+03	4.931988E-17	6.918581E-19
9.049823E+03	4.932049E-17	6.918210E-19
9.050023E+03	4.930861E-17	6.916088E-19
9.050223E+03	4.930014E-17	6.914445E-19
9.050423E+03	4.929621E-17	6.913439E-19
9.050623E+03	4.930478E-17	6.914191E-19
9.050823E+03	4.931790E-17	6.915579E-19
9.051023E+03	4.932534E-17	6.916173E-19
9.051223E+03	4.932710E-17	6.915969E-19
9.051423E+03	4.932547E-17	6.915294E-19
9.051623E+03	4.932726E-17	6.915097E-19
9.051823E+03	4.931654E-17	6.913148E-19
9.052023E+03	4.931832E-17	6.912952E-19
9.052223E+03	4.932239E-17	6.913079E-19
9.052423E+03	4.931964E-17	6.912252E-19
9.052623E+03	4.932031E-17	6.911902E-19
9.052823E+03	4.931529E-17	6.910756E-19
9.053023E+03	4.930575E-17	6.908982E-19
9.053223E+03	4.930302E-17	6.908161E-19
9.053423E+03	4.930824E-17	6.908454E-19
9.053623E+03	4.931232E-17	6.908589E-19
9.053823E+03	4.930734E-17	6.907456E-19
9.054023E+03	4.930123E-17	6.906166E-19
9.054223E+03	4.931668E-17	6.907897E-19
9.054423E+03	4.932646E-17	6.908833E-19
9.054623E+03	4.931355E-17	6.906594E-19
9.054823E+03	4.932448E-17	6.907694E-19
9.055024E+03	4.933542E-17	6.908794E-19
9.055224E+03	4.934635E-17	6.909896E-19
9.055424E+03	4.935277E-17	6.910367E-19
9.055624E+03	4.935691E-17	6.910521E-19
9.055824E+03	4.935991E-17	6.910515E-19
9.056024E+03	4.936291E-17	6.910509E-19
9.056224E+03	4.936593E-17	6.910510E-19
9.056424E+03	4.936895E-17	6.910511E-19
9.056624E+03	4.937083E-17	6.910352E-19
9.056824E+03	4.937272E-17	6.910194E-19
9.057024E+03	4.937121E-17	6.909565E-19
9.057224E+03	4.937084E-17	6.909094E-19
9.057424E+03	4.936819E-17	6.908306E-19
9.057624E+03	4.936213E-17	6.907040E-19
9.057824E+03	4.934700E-17	6.904509E-19
9.058023E+03	4.933869E-17	6.902935E-19
9.058224E+03	4.932812E-17	6.901039E-19
9.058424E+03	4.932549E-17	6.900259E-19
9.058623E+03	4.929903E-17	6.896150E-19
9.058824E+03	4.929529E-17	6.895216E-19
9.059023E+03	4.931312E-17	6.897301E-19
9.059223E+03	4.933208E-17	6.899544E-19
9.059423E+03	4.934653E-17	6.901159E-19
9.059623E+03	4.934734E-17	6.900868E-19
9.059823E+03	4.935043E-17	6.900894E-19
9.060023E+03	4.935807E-17	6.901556E-19
9.060223E+03	4.936799E-17	6.902542E-19
9.060424E+03	4.937451E-17	6.903050E-19
9.060624E+03	4.937875E-17	6.903241E-19
9.060824E+03	4.937503E-17	6.902319E-19
9.061024E+03	4.936338E-17	6.900293E-19
9.061224E+03	4.935627E-17	6.898902E-19
9.061424E+03	4.935826E-17	6.898782E-19
9.061624E+03	4.936365E-17	6.899138E-19
9.061824E+03	4.936906E-17	6.899501E-19
9.062024E+03	4.936083E-17	6.897958E-19
9.062224E+03	4.935601E-17	6.896891E-19
9.062424E+03	4.936484E-17	6.897730E-19
9.062624E+03	4.937595E-17	6.898894E-19
9.062824E+03	4.938593E-17	6.899899E-19
9.063024E+03	4.937999E-17	6.898679E-19
9.063224E+03	4.937745E-17	6.897935E-19
9.063424E+03	4.938631E-17	6.898787E-19
9.063624E+03	4.939062E-17	6.899004E-19
9.063824E+03	4.938584E-17	6.897950E-19
9.064024E+03	4.937877E-17	6.896578E-19
9.064224E+03	4.937628E-17	6.895849E-19
9.064424E+03	4.937720E-17	6.895595E-19
9.064624E+03	4.939858E-17	6.898200E-19
9.064824E+03	4.940632E-17	6.898899E-19
9.065024E+03	4.938109E-17	6.894999E-19
9.065224E+03	4.938430E-17	6.895069E-19
9.065424E+03	4.940570E-17	6.897680E-19
9.065625E+03	4.942712E-17	6.900291E-19
9.065825E+03	4.943717E-17	6.901320E-19
9.066025E+03	4.941308E-17	6.897584E-19
9.066225E+03	4.939924E-17	6.895279E-19
9.066425E+03	4.939792E-17	6.894720E-19
9.066625E+03	4.940002E-17	6.894645E-19
9.066825E+03	4.939985E-17	6.894251E-19
9.067025E+03	4.939172E-17	6.892747E-19
9.067225E+03	4.938926E-17	6.892035E-19
9.067425E+03	4.939593E-17	6.892600E-19
9.067625E+03	4.940033E-17	6.892848E-19
9.067825E+03	4.940244E-17	6.892778E-19
9.068025E+03	4.940911E-17	6.893343E-19
9.068225E+03	4.941580E-17	6.893914E-19
9.068425E+03	4.942704E-17	6.895121E-19
9.068625E+03	4.942917E-17	6.895057E-19
9.068825E+03	4.942448E-17	6.894041E-19
9.069025E+03	4.942663E-17	6.893984E-19
9.069225E+03	4.942537E-17	6.893450E-19
9.069425E+03	4.941614E-17	6.891805E-19
9.069625E+03	4.940919E-17	6.890479E-19
9.069825E+03	4.940794E-17	6.889952E-19
9.070025E+03	4.940783E-17	6.889583E-19
9.070225E+03	4.940886E-17	6.889373E-19
9.070425E+03	4.941786E-17	6.890273E-19
9.070625E+03	4.943256E-17	6.891974E-19
9.070826E+03	4.942906E-17	6.891134E-19
9.071025E+03	4.942668E-17	6.890455E-19
9.071226E+03	4.943115E-17	6.890727E-19
9.071425E+03	4.944700E-17	6.892593E-19
9.071626E+03	4.946173E-17	6.894299E-19
9.071826E+03	4.947191E-17	6.895371E-19
9.072025E+03	4.947525E-17	6.895493E-19
9.072225E+03	4.947519E-17	6.895142E-19
9.072425E+03	4.946715E-17	6.893680E-19
9.072625E+03	4.945570E-17	6.891743E-19
9.072825E+03	4.945108E-17	6.890757E-19
9.073025E+03	4.945559E-17	6.891048E-19
9.073225E+03	4.946352E-17	6.891815E-19
9.073425E+03	4.946803E-17	6.892105E-19
9.073625E+03	4.946343E-17	6.891127E-19
9.073825E+03	4.945885E-17	6.890155E-19
9.074025E+03	4.945996E-17	6.889975E-19
9.074225E+03	4.946334E-17	6.890113E-19
9.074425E+03	4.946673E-17	6.890251E-19
9.074625E+03	4.946899E-17	6.890236E-19
9.074825E+03	4.946670E-17	6.889587E-19
9.075025E+03	4.947694E-17	6.890683E-19
9.075225E+03	4.949174E-17	6.892414E-19
9.075425E+03	4.950200E-17	6.893517E-19
9.075625E+03	4.950314E-17	6.893349E-19
9.075825E+03	4.950200E-17	6.892864E-19
9.076026E+03	4.949859E-17	6.892061E-19
9.076226E+03	4.950203E-17	6.892218E-19
9.076426E+03	4.949862E-17	6.891422E-19
9.076626E+03	4.949408E-17	6.890467E-19
9.076826E+03	4.949182E-17	6.889830E-19
9.077026E+03	4.949071E-17	6.889358E-19
9.077226E+03	4.949530E-17	6.889679E-19
9.077426E+03	4.950559E-17	6.890793E-19
9.077626E+03	4.951132E-17	6.891273E-19
9.077826E+03	4.950909E-17	6.890647E-19
9.078026E+03	4.951142E-17	6.890656E-19
9.078226E+03	4.952172E-17	6.891776E-19
9.078426E+03	4.952861E-17	6.892421E-19
9.078626E+03	4.953324E-17	6.892753E-19
9.078826E+03	4.953672E-17	6.892928E-19
9.079026E+03	4.953564E-17	6.892467E-19
9.079226E+03	4.953001E-17	6.891372E-19
9.079426E+03	4.954947E-17	6.893773E-19
9.079626E+03	4.957009E-17	6.896335E-19
9.079826E+03	4.956560E-17	6.895405E-19
9.080026E+03	4.955997E-17	6.894314E-19
9.080226E+03	4.956463E-17	6.894659E-19
9.080426E+03	4.957385E-17	6.895639E-19
9.080626E+03	4.958080E-17	6.896302E-19
9.080826E+03	4.958545E-17	6.896646E-19
9.081026E+03	4.959355E-17	6.897474E-19
9.081227E+03	4.960052E-17	6.898142E-19
9.081427E+03	4.959492E-17	6.897063E-19
9.081627E+03	4.959045E-17	6.896143E-19
9.081827E+03	4.959057E-17	6.895865E-19
9.082027E+03	4.959641E-17	6.896381E-19
9.082227E+03	4.960338E-17	6.897056E-19
9.082427E+03	4.960350E-17	6.896777E-19
9.082627E+03	4.960935E-17	6.897299E-19
9.082827E+03	4.962091E-17	6.898614E-19
9.083027E+03	4.963019E-17	6.899612E-19
9.083227E+03	4.964061E-17	6.900769E-19
9.083427E+03	4.965448E-17	6.902410E-19
9.083627E+03	4.967064E-17	6.904368E-19
9.083826E+03	4.968566E-17	6.906169E-19
9.084026E+03	4.969038E-17	6.906537E-19
9.084227E+03	4.969856E-17	6.907389E-19
9.084426E+03	4.970673E-17	6.908241E-19
9.084627E+03	4.971607E-17	6.909252E-19
9.084826E+03	4.972195E-17	6.909787E-19
9.085026E+03	4.972098E-17	6.909372E-19
9.085226E+03	4.971200E-17	6.907844E-19
9.085426E+03	4.970646E-17	6.906793E-19
9.085626E+03	4.970550E-17	6.906379E-19
9.085826E+03	4.969539E-17	6.904698E-19
9.086026E+03	4.968415E-17	6.902860E-19
9.086226E+03	4.967404E-17	6.901180E-19
9.086426E+03	4.966165E-17	6.899182E-19
9.086627E+03	4.964929E-17	6.897191E-19
9.086827E+03	4.963807E-17	6.895359E-19
9.087027E+03	4.962571E-17	6.893370E-19
9.087227E+03	4.961335E-17	6.891382E-19
9.087427E+03	4.960215E-17	6.889557E-19
9.087627E+03	4.958867E-17	6.887417E-19
9.087827E+03	4.957519E-17	6.885276E-19
9.088027E+03	4.956400E-17	6.883454E-19
9.088227E+03	4.954939E-17	6.881162E-19
9.088427E+03	4.954051E-17	6.879664E-19
9.088627E+03	4.952591E-17	6.877373E-19
9.088827E+03	4.953299E-17	6.878092E-19
9.089027E+03	4.953894E-17	6.878657E-19
9.089227E+03	4.953463E-17	6.877798E-19
9.089427E+03	4.953944E-17	6.878206E-19
9.089627E+03	4.954654E-17	6.878931E-19
9.089827E+03	4.955136E-17	6.879345E-19
9.090027E+03	4.955049E-17	6.878967E-19
9.090227E+03	4.954391E-17	6.877797E-19
9.090427E+03	4.952934E-17	6.875518E-19
9.090627E+03	4.950909E-17	6.872455E-19
9.090827E+03	4.949000E-17	6.869551E-19
9.091027E+03	4.946748E-17	6.866174E-19
9.091227E+03	4.944043E-17	6.862167E-19
9.091427E+03	4.941454E-17	6.858326E-19
9.091627E+03	4.939891E-17	6.855908E-19
9.091828E+03	4.940602E-17	6.856646E-19
9.092028E+03	4.941883E-17	6.858175E-19
9.092228E+03	4.942482E-17	6.858762E-19
9.092428E+03	4.942171E-17	6.858086E-19
9.092628E+03	4.941292E-17	6.856621E-19
9.092828E+03	4.941777E-17	6.857049E-19
9.093028E+03	4.942149E-17	6.857326E-19
9.093228E+03	4.941954E-17	6.856814E-19
9.093428E+03	4.941416E-17	6.855828E-19
9.093628E+03	4.940993E-17	6.854999E-19
9.093828E+03	4.940912E-17	6.854650E-19
9.094028E+03	4.941286E-17	6.854932E-19
9.094228E+03	4.941547E-17	6.855058E-19
9.094428E+03	4.941580E-17	6.854866E-19
9.094628E+03	4.941500E-17	6.854522E-19
9.094828E+03	4.940966E-17	6.853548E-19
9.095028E+03	4.940545E-17	6.852731E-19
9.095228E+03	4.940579E-17	6.852545E-19
9.095428E+03	4.940501E-17	6.852208E-19
9.095628E+03	4.939626E-17	6.850765E-19
9.095828E+03	4.938752E-17	6.849323E-19
9.096028E+03	4.938219E-17	6.848355E-19
9.096228E+03	4.937801E-17	6.847550E-19
9.096428E+03	4.937724E-17	6.847217E-19
9.096628E+03	4.937533E-17	6.846727E-19
9.096827E+03	4.937797E-17	6.846868E-19
9.097029E+03	4.938632E-17	6.847803E-19
9.097228E+03	4.939352E-17	6.848580E-19
9.097428E+03	4.940073E-17	6.849358E-19
9.097629E+03	4.940794E-17	6.850135E-19
9.097828E+03	4.941402E-17	6.850760E-19
9.098028E+03	4.942010E-17	6.851386E-19
9.098228E+03	4.942505E-17	6.851853E-19
9.098428E+03	4.942886E-17	6.852162E-19
9.098628E+03	4.943268E-17	6.852477E-19
9.098828E+03	4.943536E-17	6.852635E-19
9.099028E+03	4.943804E-17	6.852792E-19
9.099228E+03	4.943390E-17	6.852003E-19
9.099428E+03	4.942977E-17	6.851220E-19
9.099628E+03	4.943246E-17	6.851382E-19
9.099828E+03	4.944199E-17	6.852491E-19
9.100028E+03	4.945493E-17	6.854074E-19
9.100228E+03	4.946789E-17	6.855663E-19
9.100428E+03	4.947060E-17	6.855831E-19
9.100628E+03	4.947217E-17	6.855841E-19
9.100828E+03	4.947488E-17	6.856010E-19
9.101028E+03	4.947761E-17	6.856184E-19
9.101228E+03	4.948147E-17	6.856515E-19
9.101428E+03	4.948419E-17	6.856688E-19
9.101628E+03	4.948806E-17	6.857021E-19
9.101828E+03	4.949307E-17	6.857515E-19
9.102028E+03	4.949695E-17	6.857852E-19
9.102229E+03	4.949741E-17	6.857715E-19
9.102429E+03	4.949330E-17	6.856946E-19
9.102629E+03	4.949491E-17	6.856973E-19
9.102829E+03	4.949767E-17	6.857158E-19
9.103029E+03	4.949813E-17	6.857026E-19
9.103229E+03	4.950659E-17	6.858001E-19
9.103429E+03	4.951846E-17	6.859453E-19
9.103629E+03	4.953377E-17	6.861380E-19
9.103829E+03	4.955022E-17	6.863467E-19
9.104029E+03	4.956212E-17	6.864921E-19
9.104229E+03	4.956375E-17	6.864958E-19
9.104429E+03	4.956196E-17	6.864521E-19
9.104629E+03	4.956474E-17	6.864716E-19
9.104829E+03	4.957208E-17	6.865544E-19
9.105029E+03	4.958172E-17	6.866693E-19
9.105229E+03	4.959364E-17	6.868158E-19
9.105429E+03	4.959871E-17	6.868675E-19
9.105629E+03	4.959922E-17	6.868560E-19
9.105829E+03	4.960202E-17	6.868765E-19
9.106029E+03	4.961168E-17	6.869920E-19
9.106229E+03	4.961334E-17	6.869967E-19
9.106429E+03	4.961957E-17	6.870648E-19
9.106629E+03	4.962810E-17	6.871651E-19
9.106829E+03	4.963091E-17	6.871861E-19
9.107029E+03	4.962916E-17	6.871440E-19
9.107229E+03	4.962855E-17	6.871176E-19
9.107429E+03	4.963480E-17	6.871868E-19
9.107630E+03	4.963878E-17	6.872243E-19
9.107830E+03	4.964275E-17	6.872617E-19
9.108030E+03	4.964558E-17	6.872833E-19
9.108230E+03	4.964842E-17	6.873055E-19
9.108430E+03	4.964669E-17	6.872643E-19
9.108630E+03	4.964038E-17	6.871599E-19
9.108830E+03	4.964551E-17	6.872137E-19
9.109030E+03	4.965751E-17	6.873631E-19
9.109230E+03	4.966722E-17	6.874806E-19
9.109430E+03	4.967007E-17	6.875034E-19
9.109629E+03	4.967177E-17	6.875102E-19
9.109829E+03	4.968379E-17	6.876601E-19
9.110030E+03	4.968895E-17	6.877149E-19
9.110229E+03	4.968837E-17	6.876906E-19
9.110430E+03	4.969926E-17	6.878247E-19
9.110629E+03	4.971243E-17	6.879910E-19
9.110829E+03	4.972103E-17	6.880940E-19
9.111029E+03	4.972620E-17	6.881494E-19
9.111229E+03	4.973480E-17	6.882524E-19
9.111429E+03	4.973655E-17	6.882608E-19
9.111629E+03	4.973714E-17	6.882533E-19
9.111829E+03	4.974691E-17	6.883727E-19
9.112029E+03	4.976354E-17	6.885871E-19
9.112229E+03	4.977676E-17	6.887547E-19
9.112429E+03	4.978081E-17	6.887952E-19
9.112629E+03	4.978257E-17	6.888042E-19
9.112830E+03	4.978892E-17	6.888766E-19
9.113030E+03	4.979413E-17	6.889336E-19
9.113230E+03	4.979819E-17	6.889747E-19
9.113430E+03	4.980225E-17	6.890159E-19
9.113630E+03	4.979944E-17	6.889619E-19
9.113830E+03	4.979204E-17	6.888449E-19
9.114030E+03	4.979382E-17	6.888548E-19
9.114230E+03	4.979790E-17	6.888966E-19
9.114430E+03	4.979394E-17	6.888272E-19
9.114630E+03	4.978886E-17	6.887425E-19
9.114830E+03	4.978835E-17	6.887212E-19
9.115030E+03	4.979014E-17	6.887316E-19
9.115230E+03	4.979193E-17	6.887421E-19
9.115430E+03	4.979259E-17	6.887371E-19
9.115630E+03	4.979325E-17	6.887323E-19
9.115830E+03	4.979390E-17	6.887273E-19
9.116030E+03	4.979455E-17	6.887224E-19
9.116230E+03	4.979522E-17	6.887179E-19
9.116430E+03	4.979589E-17	6.887136E-19
9.116630E+03	4.979311E-17	6.886616E-19
9.116830E+03	4.979607E-17	6.886889E-19
9.117030E+03	4.979789E-17	6.887008E-19
9.117230E+03	4.981003E-17	6.888555E-19
9.117430E+03	4.982103E-17	6.889943E-19
9.117630E+03	4.981598E-17	6.889111E-19
9.117830E+03	4.980749E-17	6.887807E-19
9.118031E+03	4.980130E-17	6.886822E-19
9.118231E+03	4.980543E-17	6.887263E-19
9.118431E+03	4.980497E-17	6.887071E-19
9.118631E+03	4.979305E-17	6.885297E-19
9.118831E+03	4.978801E-17	6.884475E-19
9.119031E+03	4.978069E-17	6.883336E-19
9.119231E+03	4.977107E-17	6.881880E-19
9.119431E+03	4.976949E-17	6.881540E-19
9.119631E+03	4.977363E-17	6.881991E-19
9.119831E+03	4.977204E-17	6.881649E-19
9.120031E+03	4.976587E-17	6.880674E-19
9.120231E+03	4.975628E-17	6.879229E-19
9.120431E+03	4.974668E-17	6.877783E-19
9.120631E+03	4.973939E-17	6.876656E-19
9.120831E+03	4.973781E-17	6.876320E-19
9.121031E+03	4.973853E-17	6.876305E-19
9.121231E+03	4.973926E-17	6.876291E-19
9.121431E+03	4.974915E-17	6.877543E-19
9.121631E+03	4.975675E-17	6.878478E-19
9.121831E+03	4.976322E-17	6.879260E-19
9.122031E+03	4.976854E-17	6.879883E-19
9.122231E+03	4.976928E-17	6.879874E-19
9.122431E+03	4.976887E-17	6.879706E-19
9.122630E+03	4.976273E-17	6.878750E-19
9.122831E+03	4.976234E-17	6.878587E-19
9.123031E+03	4.976881E-17	6.879373E-19
9.123231E+03	4.977070E-17	6.879526E-19
9.123432E+03	4.977720E-17	6.880319E-19
9.123631E+03	4.978138E-17	6.880793E-19
9.123831E+03	4.977641E-17	6.880001E-19
9.124031E+03	4.977373E-17	6.879526E-19
9.124231E+03	4.977908E-17	6.880164E-19
9.124431E+03	4.978787E-17	6.881278E-19
9.124631E+03	4.979208E-17	6.881758E-19
9.124831E+03	4.979055E-17	6.881445E-19
9.125031E+03	4.979133E-17	6.881454E-19
9.125231E+03	4.979210E-17	6.881463E-19
9.125431E+03	4.979173E-17	6.881314E-19
9.125631E+03	4.979365E-17	6.881481E-19
9.125831E+03	4.979673E-17	6.881813E-19
9.126031E+03	4.979751E-17	6.881826E-19
9.126231E+03	4.980289E-17	6.882475E-19
9.126431E+03	4.981973E-17	6.884707E-19
9.126631E+03	4.983545E-17	6.886788E-19
9.126831E+03	4.984886E-17	6.888550E-19
9.127031E+03	4.985999E-17	6.889997E-19
9.127231E+03	4.986997E-17	6.891284E-19
9.127431E+03	4.987996E-17	6.892578E-19
9.127631E+03	4.988766E-17	6.893553E-19
9.127831E+03	4.989421E-17	6.894370E-19
9.128031E+03	4.989961E-17	6.895029E-19
9.128231E+03	4.990388E-17	6.895534E-19
9.128432E+03	4.990699E-17	6.895879E-19
9.128632E+03	4.990896E-17	6.896066E-19
9.128832E+03	4.991667E-17	6.897048E-19
9.129032E+03	4.992209E-17	6.897715E-19
9.129232E+03	4.992637E-17	6.898225E-19
9.129432E+03	4.993409E-17	6.899210E-19
9.129632E+03	4.994066E-17	6.900037E-19
9.129832E+03	4.994954E-17	6.901187E-19
9.130032E+03	4.995728E-17	6.902178E-19
9.130232E+03	4.995582E-17	6.901897E-19
9.130432E+03	4.994974E-17	6.900981E-19
9.130632E+03	4.994254E-17	6.899911E-19
9.130832E+03	4.994223E-17	6.899794E-19
9.131032E+03	4.995228E-17	6.901107E-19
9.131232E+03	4.997153E-17	6.903692E-19
9.131432E+03	4.998964E-17	6.906123E-19
9.131632E+03	5.000661E-17	6.908396E-19
9.131832E+03	5.001783E-17	6.909875E-19
9.132032E+03	5.002904E-17	6.911353E-19
9.132232E+03	5.005180E-17	6.914428E-19
9.132432E+03	5.005842E-17	6.915275E-19
9.132632E+03	5.005813E-17	6.915167E-19
9.132832E+03	5.005784E-17	6.915059E-19
9.133032E+03	5.005871E-17	6.915115E-19
9.133232E+03	5.006304E-17	6.915648E-19
9.133432E+03	5.006737E-17	6.916182E-19
9.133632E+03	5.006478E-17	6.915760E-19
9.133833E+03	5.005184E-17	6.913911E-19
9.134033E+03	5.005848E-17	6.914767E-19
9.134233E+03	5.007204E-17	6.916578E-19
9.134433E+03	5.007292E-17	6.916639E-19
9.134633E+03	5.007727E-17	6.917181E-19
9.134833E+03	5.009891E-17	6.920113E-19
9.135033E+03	5.011365E-17	6.922091E-19
9.135233E+03	5.011685E-17	6.922475E-19
9.135433E+03	5.012005E-17	6.922862E-19
9.135632E+03	5.011979E-17	6.922771E-19
9.135833E+03	5.012069E-17	6.922841E-19
9.136032E+03	5.011812E-17	6.922431E-19
9.136233E+03	5.011211E-17	6.921549E-19
9.136433E+03	5.010379E-17	6.920349E-19
9.136632E+03	5.010814E-17	6.920899E-19
9.136832E+03	5.011712E-17	6.922088E-19
9.137032E+03	5.012381E-17	6.922964E-19
9.137232E+03	5.014088E-17	6.925273E-19
9.137432E+03	5.016605E-17	6.928701E-19
9.137632E+03	5.018198E-17	6.930854E-19
9.137832E+03	5.019446E-17	6.932532E-19
9.138032E+03	5.019191E-17	6.932136E-19
9.138232E+03	5.019630E-17	6.932697E-19
9.138432E+03	5.021804E-17	6.935655E-19
9.138632E+03	5.024326E-17	6.939096E-19
9.138832E+03	5.026270E-17	6.941739E-19
9.139033E+03	5.027059E-17	6.942787E-19
9.139233E+03	5.027383E-17	6.943194E-19
9.139433E+03	5.027709E-17	6.943606E-19
9.139633E+03	5.027225E-17	6.942898E-19
9.139833E+03	5.027781E-17	6.943628E-19
9.140033E+03	5.029497E-17	6.945959E-19
9.140233E+03	5.031329E-17	6.948454E-19
9.140433E+03	5.032467E-17	6.949990E-19
9.140633E+03	5.032794E-17	6.950407E-19
9.140833E+03	5.033468E-17	6.951302E-19
9.141033E+03	5.034027E-17	6.952043E-19
9.141233E+03	5.034007E-17	6.951984E-19
9.141433E+03	5.034219E-17	6.952244E-19
9.141633E+03	5.035242E-17	6.953625E-19
9.141833E+03	5.034295E-17	6.952289E-19
9.142033E+03	5.033580E-17	6.951272E-19
9.142233E+03	5.034951E-17	6.953138E-19
9.142433E+03	5.034700E-17	6.952763E-19
9.142633E+03	5.035957E-17	6.954472E-19
9.142833E+03	5.037329E-17	6.956342E-19
9.143033E+03	5.037891E-17	6.957092E-19
9.143233E+03	5.038452E-17	6.957842E-19
9.143433E+03	5.039711E-17	6.959558E-19
9.143633E+03	5.040505E-17	6.960632E-19
9.143833E+03	5.040951E-17	6.961227E-19
9.144033E+03	5.041049E-17	6.961340E-19
9.144234E+03	5.040569E-17	6.960658E-19
9.144434E+03	5.040088E-17	6.959974E-19
9.144634E+03	5.040070E-17	6.959931E-19
9.144834E+03	5.040981E-17	6.961170E-19
9.145034E+03	5.042590E-17	6.963376E-19
9.145234E+03	5.043735E-17	6.964941E-19
9.145434E+03	5.044648E-17	6.966186E-19
9.145634E+03	5.046373E-17	6.968553E-19
9.145834E+03	5.047752E-17	6.970445E-19
9.146034E+03	5.048783E-17	6.971855E-19
9.146234E+03	5.050046E-17	6.973586E-19
9.146434E+03	5.050495E-17	6.974194E-19
9.146634E+03	5.050712E-17	6.974485E-19
9.146834E+03	5.051395E-17	6.975419E-19
9.147034E+03	5.051962E-17	6.976192E-19
9.147234E+03	5.052063E-17	6.976322E-19
9.147434E+03	5.052747E-17	6.977260E-19
9.147634E+03	5.054129E-17	6.979162E-19
9.147834E+03	5.055627E-17	6.981225E-19
9.148034E+03	5.056660E-17	6.982645E-19
9.148234E+03	5.057462E-17	6.983750E-19
9.148433E+03	5.058146E-17	6.984691E-19
9.148633E+03	5.059530E-17	6.986599E-19
9.148834E+03	5.062547E-17	6.990762E-19
9.149033E+03	5.063349E-17	6.991870E-19
9.149234E+03	5.062171E-17	6.990243E-19
9.149434E+03	5.063324E-17	6.991836E-19
9.149634E+03	5.062844E-17	6.991173E-19
9.149834E+03	5.060501E-17	6.987941E-19
9.150034E+03	5.059673E-17	6.986801E-19
9.150234E+03	5.060592E-17	6.988073E-19
9.150434E+03	5.062328E-17	6.990474E-19
9.150634E+03	5.063365E-17	6.991913E-19
9.150834E+03	5.063470E-17	6.992064E-19
9.151034E+03	5.063808E-17	6.992537E-19
9.151234E+03	5.063913E-17	6.992689E-19
9.151434E+03	5.064602E-17	6.993649E-19
9.151634E+03	5.065640E-17	6.995092E-19
9.151834E+03	5.066796E-17	6.996698E-19
9.152034E+03	5.068301E-17	6.998787E-19
9.152234E+03	5.069458E-17	7.000396E-19
9.152434E+03	5.069798E-17	7.000879E-19
9.152634E+03	5.068037E-17	6.998459E-19
9.152834E+03	5.068843E-17	6.999585E-19
9.153034E+03	5.069767E-17	7.000878E-19
9.153234E+03	5.070107E-17	7.001363E-19
9.153434E+03	5.070448E-17	7.001850E-19
9.153634E+03	5.070905E-17	7.002496E-19
9.153834E+03	5.071245E-17	7.002986E-19
9.154034E+03	5.071820E-17	7.003799E-19
9.154234E+03	5.072629E-17	7.004934E-19
9.154434E+03	5.073904E-17	7.006715E-19
9.154634E+03	5.074714E-17	7.007854E-19
9.154835E+03	5.074940E-17	7.008189E-19
9.155035E+03	5.075399E-17	7.008845E-19
9.155235E+03	5.076559E-17	7.010469E-19
9.155435E+03	5.077252E-17	7.011452E-19
9.155635E+03	5.077478E-17	7.011789E-19
9.155835E+03	5.078172E-17	7.012772E-19
9.156035E+03	5.078631E-17	7.013432E-19
9.156235E+03	5.079091E-17	7.014095E-19
9.156435E+03	5.080137E-17	7.015568E-19
9.156635E+03	5.080597E-17	7.016232E-19
9.156835E+03	5.081058E-17	7.016897E-19
9.157035E+03	5.081635E-17	7.017726E-19
9.157235E+03	5.082214E-17	7.018556E-19
9.157435E+03	5.082792E-17	7.019386E-19
9.157635E+03	5.083370E-17	7.020216E-19
9.157835E+03	5.084066E-17	7.021212E-19
9.158035E+03	5.084762E-17	7.022207E-19
9.158235E+03	5.085459E-17	7.023204E-19
9.158435E+03	5.086155E-17	7.024200E-19
9.158635E+03	5.086969E-17	7.025362E-19
9.158835E+03	5.088369E-17	7.027333E-19
9.159035E+03	5.089066E-17	7.028334E-19
9.159235E+03	5.089529E-17	7.029010E-19
9.159435E+03	5.090579E-17	7.030501E-19
9.159635E+03	5.091629E-17	7.031992E-19
9.159835E+03	5.091741E-17	7.032187E-19
9.160036E+03	5.091854E-17	7.032385E-19
9.160236E+03	5.092084E-17	7.032746E-19
9.160436E+03	5.092314E-17	7.033107E-19
9.160636E+03	5.092544E-17	7.033468E-19
9.160836E+03	5.092774E-17	7.033830E-19
9.161036E+03	5.093004E-17	7.034195E-19
9.161236E+03	5.093234E-17	7.034560E-19
9.161435E+03	5.092994E-17	7.034275E-19
9.161636E+03	5.093344E-17	7.034804E-19
9.161835E+03	5.094277E-17	7.036143E-19
9.162035E+03	5.095094E-17	7.037321E-19
9.162236E+03	5.094974E-17	7.037206E-19
9.162435E+03	5.094266E-17	7.036277E-19
9.162635E+03	5.094732E-17	7.036974E-19
9.162835E+03	5.095667E-17	7.038318E-19
9.163035E+03	5.096838E-17	7.039988E-19
9.163235E+03	5.097304E-17	7.040685E-19
9.163435E+03	5.096598E-17	7.039765E-19
9.163635E+03	5.095773E-17	7.038682E-19
9.163835E+03	5.096827E-17	7.040193E-19
9.164035E+03	5.097646E-17	7.041381E-19
9.164235E+03	5.097996E-17	7.041923E-19
9.164435E+03	5.098463E-17	7.042628E-19
9.164635E+03	5.099753E-17	7.044468E-19
9.164835E+03	5.101160E-17	7.046470E-19
9.165035E+03	5.102803E-17	7.048802E-19
9.165236E+03	5.104448E-17	7.051136E-19
9.165436E+03	5.105034E-17	7.052008E-19
9.165636E+03	5.105150E-17	7.052230E-19
9.165836E+03	5.105384E-17	7.052619E-19
9.166036E+03	5.105618E-17	7.053007E-19
9.166236E+03	5.106792E-17	7.054694E-19
9.166436E+03	5.108203E-17	7.056707E-19
9.166636E+03	5.109143E-17	7.058074E-19
9.166836E+03	5.110084E-17	7.059442E-19
9.167036E+03	5.111613E-17	7.061622E-19
9.167236E+03	5.113495E-17	7.064291E-19
9.167436E+03	5.115027E-17	7.066477E-19
9.167636E+03	5.115262E-17	7.066873E-19
9.167836E+03	5.114790E-17	7.066293E-19
9.168036E+03	5.114790E-17	7.066364E-19
9.168236E+03	5.114908E-17	7.066600E-19
9.168436E+03	5.115026E-17	7.066837E-19
9.168636E+03	5.115379E-17	7.067399E-19
9.168836E+03	5.116676E-17	7.069265E-19
9.169036E+03	5.117619E-17	7.070644E-19
9.169236E+03	5.118327E-17	7.071699E-19
9.169436E+03	5.119152E-17	7.072917E-19
9.169636E+03	5.119507E-17	7.073483E-19
9.169836E+03	5.119154E-17	7.073076E-19
9.170036E+03	5.119509E-17	7.073647E-19
9.170236E+03	5.121043E-17	7.075846E-19
9.170437E+03	5.122225E-17	7.077559E-19
9.170637E+03	5.123169E-17	7.078947E-19
9.170837E+03	5.123643E-17	7.079685E-19
9.171037E+03	5.123998E-17	7.080258E-19
9.171237E+03	5.123882E-17	7.080180E-19
9.171437E+03	5.124002E-17	7.080432E-19
9.171637E+03	5.124594E-17	7.081336E-19
9.171837E+03	5.125540E-17	7.082729E-19
9.172037E+03	5.126131E-17	7.083632E-19
9.172237E+03	5.125898E-17	7.083398E-19
9.172437E+03	5.126018E-17	7.083654E-19
9.172637E+03	5.126257E-17	7.084072E-19
9.172837E+03	5.125315E-17	7.082859E-19
9.173037E+03	5.125671E-17	7.083443E-19
9.173237E+03	5.126973E-17	7.085333E-19
9.173437E+03	5.128392E-17	7.087387E-19
9.173637E+03	5.129458E-17	7.088951E-19
9.173837E+03	5.130170E-17	7.090030E-19
9.174037E+03	5.131354E-17	7.091761E-19
9.174237E+03	5.132775E-17	7.093820E-19
9.174436E+03	5.133605E-17	7.095060E-19
9.174637E+03	5.134673E-17	7.096635E-19
9.174836E+03	5.135740E-17	7.098206E-19
9.175037E+03	5.136099E-17	7.098801E-19
9.175237E+03	5.135985E-17	7.098740E-19
9.175436E+03	5.136105E-17	7.099006E-19
9.175636E+03	5.137292E-17	7.100747E-19
9.175837E+03	5.137889E-17	7.101673E-19
9.176037E+03	5.138247E-17	7.102269E-19
9.176237E+03	5.138607E-17	7.102869E-19
9.176437E+03	5.138847E-17	7.103305E-19
9.176637E+03	5.138970E-17	7.103578E-19
9.176837E+03	5.138974E-17	7.103687E-19
9.177037E+03	5.138505E-17	7.103145E-19
9.177237E+03	5.138273E-17	7.102930E-19
9.177437E+03	5.138159E-17	7.102880E-19
9.177637E+03	5.138401E-17	7.103319E-19
9.177837E+03	5.138287E-17	7.103271E-19
9.178037E+03	5.138174E-17	7.103223E-19
9.178237E+03	5.138888E-17	7.104321E-19
9.178437E+03	5.140195E-17	7.106236E-19
9.178637E+03	5.140437E-17	7.106682E-19
9.178837E+03	5.141152E-17	7.107783E-19
9.179037E+03	5.140803E-17	7.107411E-19
9.179237E+03	5.142110E-17	7.109330E-19
9.179437E+03	5.141878E-17	7.109125E-19
9.179637E+03	5.143305E-17	7.111213E-19
9.179837E+03	5.144614E-17	7.113137E-19
9.180037E+03	5.145093E-17	7.113914E-19
9.180237E+03	5.144388E-17	7.113057E-19
9.180437E+03	5.144630E-17	7.113510E-19
9.180637E+03	5.145347E-17	7.114618E-19
9.180837E+03	5.143695E-17	7.112451E-19
9.181038E+03	5.141807E-17	7.109962E-19
9.181238E+03	5.142997E-17	7.111728E-19
9.181438E+03	5.144425E-17	7.113823E-19
9.181638E+03	5.145260E-17	7.115097E-19
9.181838E+03	5.144792E-17	7.114574E-19
9.182038E+03	5.144444E-17	7.114215E-19
9.182238E+03	5.145279E-17	7.115494E-19
9.182438E+03	5.146708E-17	7.117593E-19
9.182638E+03	5.148018E-17	7.119531E-19
9.182838E+03	5.149210E-17	7.121305E-19
9.183038E+03	5.150640E-17	7.123409E-19
9.183238E+03	5.152306E-17	7.125840E-19
9.183438E+03	5.154212E-17	7.128604E-19
9.183638E+03	5.156118E-17	7.131370E-19
9.183838E+03	5.157788E-17	7.133808E-19
9.184038E+03	5.158032E-17	7.134275E-19
9.184238E+03	5.157208E-17	7.133267E-19
9.184438E+03	5.157215E-17	7.133409E-19
9.184638E+03	5.157460E-17	7.133879E-19
9.184838E+03	5.157824E-17	7.134514E-19
9.185038E+03	5.158069E-17	7.134987E-19
9.185238E+03	5.159501E-17	7.137104E-19
9.185438E+03	5.160697E-17	7.138891E-19
9.185638E+03	5.161180E-17	7.139694E-19
9.185838E+03	5.161663E-17	7.140500E-19
9.186038E+03	5.162264E-17	7.141470E-19
9.186239E+03	5.162511E-17	7.141949E-19
9.186439E+03	5.162637E-17	7.142261E-19
9.186639E+03	5.163240E-17	7.143235E-19
9.186839E+03	5.162891E-17	7.142893E-19
9.187039E+03	5.162542E-17	7.142550E-19
9.187238E+03	5.163262E-17	7.143686E-19
9.187439E+03	5.164342E-17	7.145323E-19
9.187638E+03	5.166014E-17	7.147778E-19
9.187838E+03	5.164713E-17	7.146122E-19
9.188039E+03	5.163534E-17	7.144634E-19
9.188238E+03	5.163541E-17	7.144788E-19
9.188439E+03	5.163194E-17	7.144454E-19
9.188638E+03	5.163082E-17	7.144444E-19
9.188838E+03	5.163328E-17	7.144931E-19
9.189038E+03	5.165596E-17	7.148217E-19
9.189238E+03	5.165723E-17	7.148541E-19
9.189438E+03	5.165494E-17	7.148372E-19
9.189638E+03	5.165384E-17	7.148368E-19
9.189838E+03	5.166106E-17	7.149518E-19
9.190038E+03	5.166709E-17	7.150505E-19
9.190238E+03	5.166480E-17	7.150338E-19
9.190438E+03	5.166726E-17	7.150830E-19
9.190638E+03	5.167925E-17	7.152643E-19
9.190838E+03	5.168291E-17	7.153303E-19
9.191038E+03	5.168538E-17	7.153799E-19
9.191238E+03	5.168547E-17	7.153964E-19
9.191439E+03	5.168677E-17	7.154302E-19
9.191639E+03	5.169519E-17	7.155623E-19
9.191839E+03	5.169646E-17	7.155957E-19
9.192039E+03	5.169536E-17	7.155961E-19
9.192239E+03	5.169783E-17	7.156462E-19
9.192439E+03	5.171698E-17	7.159271E-19
9.192639E+03	5.173136E-17	7.161421E-19
9.192839E+03	5.173383E-17	7.161923E-19
9.193039E+03	5.173155E-17	7.161769E-19
9.193239E+03	5.172807E-17	7.161449E-19
9.193439E+03	5.172459E-17	7.161128E-19
9.193639E+03	5.172349E-17	7.161139E-19
9.193839E+03	5.173192E-17	7.162470E-19
9.194039E+03	5.175465E-17	7.165782E-19
9.194239E+03	5.176071E-17	7.166785E-19
9.194439E+03	5.176915E-17	7.168118E-19
9.194639E+03	5.177759E-17	7.169454E-19
9.194839E+03	5.178722E-17	7.170955E-19
9.195039E+03	5.178851E-17	7.171301E-19
9.195239E+03	5.178980E-17	7.171647E-19
9.195439E+03	5.178155E-17	7.170674E-19
9.195639E+03	5.177211E-17	7.169537E-19
9.195839E+03	5.178055E-17	7.170876E-19
9.196039E+03	5.178899E-17	7.172215E-19
9.196239E+03	5.180221E-17	7.174218E-19
9.196439E+03	5.180827E-17	7.175230E-19
9.196640E+03	5.180958E-17	7.175584E-19
9.196840E+03	5.180610E-17	7.175275E-19
9.197040E+03	5.181097E-17	7.176125E-19
9.197240E+03	5.181226E-17	7.176479E-19
9.197440E+03	5.181594E-17	7.177163E-19
9.197640E+03	5.183155E-17	7.179502E-19
9.197840E+03	5.184358E-17	7.181346E-19
9.198040E+03	5.183414E-17	7.180216E-19
9.198240E+03	5.182588E-17	7.179250E-19
9.198440E+03	5.183195E-17	7.180268E-19
9.198640E+03	5.184041E-17	7.181620E-19
9.198840E+03	5.184050E-17	7.181814E-19
9.199040E+03	5.183941E-17	7.181843E-19
9.199240E+03	5.184309E-17	7.182533E-19
9.199440E+03	5.185514E-17	7.184385E-19
9.199640E+03	5.187077E-17	7.186733E-19
9.199840E+03	5.188401E-17	7.188751E-19
9.200040E+03	5.189127E-17	7.189941E-19
9.200239E+03	5.192124E-17	7.194279E-19
9.200440E+03	5.194288E-17	7.197464E-19
9.200639E+03	5.195972E-17	7.199982E-19
9.200840E+03	5.196223E-17	7.200516E-19
9.201040E+03	5.195515E-17	7.199724E-19
9.201239E+03	5.196122E-17	7.200753E-19
9.201439E+03	5.196372E-17	7.201287E-19
9.201639E+03	5.196262E-17	7.201324E-19
9.201839E+03	5.196991E-17	7.202525E-19
9.202040E+03	5.198319E-17	7.204558E-19
9.202240E+03	5.198688E-17	7.205261E-19
9.202440E+03	5.198818E-17	7.205632E-19
9.202640E+03	5.198709E-17	7.205675E-19
9.202840E+03	5.199198E-17	7.206546E-19
9.203040E+03	5.202921E-17	7.211900E-19
9.203240E+03	5.205568E-17	7.215763E-19
9.203440E+03	5.205698E-17	7.216139E-19
9.203640E+03	5.209305E-17	7.221337E-19
9.203840E+03	5.209316E-17	7.221548E-19
9.204040E+03	5.209086E-17	7.221426E-19
9.204240E+03	5.209217E-17	7.221806E-19
9.204440E+03	5.210546E-17	7.223849E-19
9.204640E+03	5.211996E-17	7.226058E-19
9.204840E+03	5.211527E-17	7.225607E-19
9.205040E+03	5.211177E-17	7.225323E-19
9.205240E+03	5.211188E-17	7.225540E-19
9.205440E+03	5.211198E-17	7.225756E-19
9.205640E+03	5.211088E-17	7.225805E-19
9.205840E+03	5.211459E-17	7.226523E-19
9.206040E+03	5.211829E-17	7.227240E-19
9.206240E+03	5.212920E-17	7.228958E-19
9.206440E+03	5.218574E-17	7.237003E-19
9.206640E+03	5.219546E-17	7.238558E-19
9.206840E+03	5.217754E-17	7.236280E-19
9.207040E+03	5.216563E-17	7.234835E-19
9.207241E+03	5.219339E-17	7.238892E-19
9.207441E+03	5.219349E-17	7.239115E-19
9.207641E+03	5.217557E-17	7.236839E-19
9.207841E+03	5.216365E-17	7.235396E-19
9.208041E+03	5.214455E-17	7.232955E-19
9.208241E+03	5.214105E-17	7.232681E-19
9.208441E+03	5.214595E-17	7.233573E-19
9.208641E+03	5.213405E-17	7.232133E-19
9.208841E+03	5.213655E-17	7.232692E-19
9.209041E+03	5.212826E-17	7.231756E-19
9.209241E+03	5.205878E-17	7.222332E-19
9.209441E+03	5.203252E-17	7.218901E-19
9.209641E+03	5.207577E-17	7.225116E-19
9.209841E+03	5.209027E-17	7.227344E-19
9.210041E+03	5.206278E-17	7.223747E-19
9.210241E+03	5.206648E-17	7.224476E-19
9.210441E+03	5.211216E-17	7.231030E-19
9.210641E+03	5.217109E-17	7.239427E-19
9.210841E+03	5.211236E-17	7.231497E-19
9.211041E+03	5.205849E-17	7.224239E-19
9.211241E+03	5.201307E-17	7.218154E-19
9.211441E+03	5.198084E-17	7.213902E-19
9.211641E+03	5.195102E-17	7.209985E-19
9.211841E+03	5.192840E-17	7.207066E-19
9.212041E+03	5.191893E-17	7.205973E-19
9.212241E+03	5.191305E-17	7.205379E-19
9.212442E+03	5.190719E-17	7.204789E-19
9.212642E+03	5.190968E-17	7.205357E-19
9.212842E+03	5.192890E-17	7.208249E-19
9.213042E+03	5.195532E-17	7.212141E-19
9.213242E+03	5.199011E-17	7.217196E-19
9.213442E+03	5.200578E-17	7.219597E-19
9.213641E+03	5.202502E-17	7.222493E-19
9.213842E+03	5.205389E-17	7.226730E-19
9.214041E+03	5.206237E-17	7.228134E-19
9.214242E+03	5.206967E-17	7.229377E-19
9.214441E+03	5.210453E-17	7.234445E-19
9.214641E+03	5.212623E-17	7.237688E-19
9.214841E+03	5.215514E-17	7.241933E-19
9.215041E+03	5.218767E-17	7.246681E-19
9.215241E+03	5.219738E-17	7.248260E-19
9.215441E+03	5.220829E-17	7.250010E-19
9.215641E+03	5.221560E-17	7.251258E-19
9.215841E+03	5.221089E-17	7.250837E-19
9.216041E+03	5.219054E-17	7.248245E-19
9.216241E+03	5.219064E-17	7.248494E-19
9.216441E+03	5.217030E-17	7.245906E-19
9.216641E+03	5.221126E-17	7.251830E-19
9.216841E+03	5.225585E-17	7.258260E-19
9.217041E+03	5.230409E-17	7.265199E-19
9.217241E+03	5.235238E-17	7.272145E-19
9.217441E+03	5.239347E-17	7.278093E-19
9.217642E+03	5.243219E-17	7.283712E-19
9.217842E+03	5.247214E-17	7.289503E-19
9.218042E+03	5.251212E-17	7.295299E-19
9.218242E+03	5.255091E-17	7.300930E-19
9.218442E+03	5.259095E-17	7.306735E-19
9.218642E+03	5.262981E-17	7.312378E-19
9.218842E+03	5.266990E-17	7.318194E-19
9.219042E+03	5.263362E-17	7.313397E-19
9.219242E+03	5.262280E-17	7.312139E-19
9.219442E+03	5.268836E-17	7.321496E-19
9.219642E+03	5.272121E-17	7.326309E-19
9.219842E+03	5.271159E-17	7.325219E-19
9.220042E+03	5.270560E-17	7.324635E-19
9.220242E+03	5.270083E-17	7.324222E-19
9.220442E+03	5.270334E-17	7.324821E-19
9.220642E+03	5.270828E-17	7.325758E-19
9.220842E+03	5.271322E-17	7.326693E-19
9.221042E+03	5.271938E-17	7.327801E-19
9.221242E+03	5.271582E-17	7.327559E-19
9.221442E+03	5.271104E-17	7.327147E-19
9.221642E+03	5.271598E-17	7.328086E-19
9.221842E+03	5.272698E-17	7.329870E-19
9.222042E+03	5.274163E-17	7.332162E-19
9.222242E+03	5.275265E-17	7.333947E-19
9.222442E+03	5.276245E-17	7.335565E-19
9.222642E+03	5.276738E-17	7.336508E-19
9.222843E+03	5.276748E-17	7.336779E-19
9.223043E+03	5.276634E-17	7.336878E-19
9.223243E+03	5.277492E-17	7.338328E-19
9.223443E+03	5.279566E-17	7.341472E-19
9.223643E+03	5.279574E-17	7.341741E-19
9.223843E+03	5.279338E-17	7.341673E-19
9.224043E+03	5.280318E-17	7.343296E-19
9.224243E+03	5.282515E-17	7.346613E-19
9.224443E+03	5.284712E-17	7.349930E-19
9.224643E+03	5.286180E-17	7.352234E-19
9.224843E+03	5.286187E-17	7.352506E-19
9.225043E+03	5.287046E-17	7.353965E-19
9.225243E+03	5.289732E-17	7.357966E-19
9.225443E+03	5.288886E-17	7.357054E-19
9.225643E+03	5.288041E-17	7.356142E-19
9.225843E+03	5.289632E-17	7.358621E-19
9.226043E+03	5.286351E-17	7.354324E-19
9.226243E+03	5.282828E-17	7.349690E-19
9.226442E+03	5.277120E-17	7.342014E-19
9.226642E+03	5.272754E-17	7.336207E-19
9.226843E+03	5.271183E-17	7.334291E-19
9.227042E+03	5.268762E-17	7.331188E-19
9.227243E+03	5.268770E-17	7.331469E-19
9.227442E+03	5.271323E-17	7.335290E-19
9.227642E+03	5.274000E-17	7.339286E-19
9.227842E+03	5.278623E-17	7.345990E-19
9.228042E+03	5.289580E-17	7.361509E-19
9.228243E+03	5.299340E-17	7.375367E-19
9.228443E+03	5.298126E-17	7.373951E-19
9.228643E+03	5.296668E-17	7.372196E-19
9.228843E+03	5.296796E-17	7.372648E-19
9.229043E+03	5.298632E-17	7.375479E-19
9.229243E+03	5.300834E-17	7.378821E-19
9.229443E+03	5.302914E-17	7.381993E-19
9.229643E+03	5.304874E-17	7.384997E-19
9.229843E+03	5.306713E-17	7.387836E-19
9.230043E+03	5.308429E-17	7.390504E-19
9.230243E+03	5.310146E-17	7.393173E-19
9.230443E+03	5.311496E-17	7.395332E-19
9.230643E+03	5.312847E-17	7.397494E-19
9.230843E+03	5.314075E-17	7.399485E-19
9.231043E+03	5.315059E-17	7.401136E-19
9.231243E+03	5.316043E-17	7.402788E-19
9.231443E+03	5.318007E-17	7.405807E-19
9.231643E+03	5.318134E-17	7.406267E-19
9.231843E+03	5.318138E-17	7.406557E-19
9.232043E+03	5.317776E-17	7.406336E-19
9.232243E+03	5.318393E-17	7.407481E-19
9.232443E+03	5.319989E-17	7.409990E-19
9.232643E+03	5.321831E-17	7.412842E-19
9.232843E+03	5.322693E-17	7.414329E-19
9.233043E+03	5.322942E-17	7.414964E-19
9.233243E+03	5.323927E-17	7.416624E-19
9.233444E+03	5.324668E-17	7.417946E-19
9.233644E+03	5.324672E-17	7.418240E-19
9.233844E+03	5.323940E-17	7.417511E-19
9.234044E+03	5.323209E-17	7.416782E-19
9.234244E+03	5.323212E-17	7.417078E-19
9.234444E+03	5.323338E-17	7.417544E-19
9.234644E+03	5.323219E-17	7.417671E-19
9.234844E+03	5.323099E-17	7.417796E-19
9.235044E+03	5.322980E-17	7.417923E-19
9.235244E+03	5.322861E-17	7.418050E-19
9.235444E+03	5.322741E-17	7.418177E-19
9.235644E+03	5.322744E-17	7.418476E-19
9.235844E+03	5.322747E-17	7.418774E-19
9.236044E+03	5.322872E-17	7.419243E-19
9.236244E+03	5.323120E-17	7.419885E-19
9.236444E+03	5.323368E-17	7.420527E-19
9.236644E+03	5.323738E-17	7.421341E-19
9.236844E+03	5.324108E-17	7.422154E-19
9.237044E+03	5.324600E-17	7.423139E-19
9.237244E+03	5.325216E-17	7.424296E-19
9.237444E+03	5.326322E-17	7.426137E-19
9.237644E+03	5.326937E-17	7.427294E-19
9.237844E+03	5.327306E-17	7.428110E-19
9.238044E+03	5.327676E-17	7.428927E-19
9.238244E+03	5.328415E-17	7.430258E-19
9.238444E+03	5.328416E-17	7.430561E-19
9.238645E+03	5.332715E-17	7.436860E-19
9.238845E+03	5.336770E-17	7.442819E-19
9.239044E+03	5.340457E-17	7.448264E-19
9.239245E+03	5.343658E-17	7.453034E-19
9.239444E+03	5.345380E-17	7.455741E-19
9.239645E+03	5.345629E-17	7.456396E-19
9.239844E+03	5.345752E-17	7.456872E-19
9.240044E+03	5.345629E-17	7.457008E-19
9.240245E+03	5.345262E-17	7.456805E-19
9.240444E+03	5.343784E-17	7.455051E-19
9.240644E+03	5.341693E-17	7.452442E-19
9.240844E+03	5.338742E-17	7.448632E-19
9.241044E+03	5.336408E-17	7.445685E-19
9.241244E+03	5.335670E-17	7.444966E-19
9.241444E+03	5.334565E-17	7.443733E-19
9.241644E+03	5.333091E-17	7.441986E-19
9.241844E+03	5.331740E-17	7.440412E-19
9.242044E+03	5.331003E-17	7.439695E-19
9.242244E+03	5.330143E-17	7.438807E-19
9.242444E+03	5.330143E-17	7.439118E-19
9.242644E+03	5.330879E-17	7.440458E-19
9.242844E+03	5.331614E-17	7.441799E-19
9.243044E+03	5.332350E-17	7.443139E-19
9.243244E+03	5.333454E-17	7.444994E-19
9.243444E+03	5.334558E-17	7.446851E-19
9.243644E+03	5.335171E-17	7.448022E-19
9.243845E+03	5.336400E-17	7.450054E-19
9.244045E+03	5.338365E-17	7.453113E-19
9.244245E+03	5.340331E-17	7.456176E-19
9.244445E+03	5.343650E-17	7.461128E-19
9.244645E+03	5.347587E-17	7.466944E-19
9.244845E+03	5.351773E-17	7.473107E-19
9.245045E+03	5.355346E-17	7.478417E-19
9.245245E+03	5.359045E-17	7.483903E-19
9.245445E+03	5.364598E-17	7.491979E-19
9.245645E+03	5.371270E-17	7.501619E-19
9.245845E+03	5.377950E-17	7.511273E-19
9.246045E+03	5.385383E-17	7.521978E-19
9.246245E+03	5.393198E-17	7.533219E-19
9.246445E+03	5.392575E-17	7.532673E-19
9.246645E+03	5.396795E-17	7.538894E-19
9.246845E+03	5.406867E-17	7.553292E-19
9.247045E+03	5.416085E-17	7.566497E-19
9.247245E+03	5.423569E-17	7.577282E-19
9.247445E+03	5.429313E-17	7.585637E-19
9.247645E+03	5.433312E-17	7.591555E-19
9.247845E+03	5.436061E-17	7.595728E-19
9.248045E+03	5.438186E-17	7.599027E-19
9.248245E+03	5.439309E-17	7.600930E-19
9.248445E+03	5.439555E-17	7.601608E-19
9.248645E+03	5.438800E-17	7.600886E-19
9.248845E+03	5.437419E-17	7.599289E-19
9.249045E+03	5.435036E-17	7.596293E-19
9.249246E+03	5.432781E-17	7.593478E-19
9.249446E+03	5.431901E-17	7.592582E-19
9.249646E+03	5.430520E-17	7.590987E-19
9.249846E+03	5.429141E-17	7.589395E-19
9.250046E+03	5.428261E-17	7.588501E-19
9.250246E+03	5.427505E-17	7.587781E-19
9.250446E+03	5.426001E-17	7.586014E-19
9.250646E+03	5.425121E-17	7.585122E-19
9.250846E+03	5.424617E-17	7.584754E-19
9.251046E+03	5.424487E-17	7.584910E-19
9.251246E+03	5.422358E-17	7.582271E-19
9.251446E+03	5.420729E-17	7.580333E-19
9.251646E+03	5.420349E-17	7.580140E-19
9.251846E+03	5.419719E-17	7.579599E-19
9.252046E+03	5.418590E-17	7.578359E-19
9.252246E+03	5.417087E-17	7.576598E-19
9.252445E+03	5.415583E-17	7.574833E-19
9.252646E+03	5.413958E-17	7.572902E-19
9.252845E+03	5.412330E-17	7.570963E-19
9.253046E+03	5.412450E-17	7.571475E-19
9.253246E+03	5.410823E-17	7.569541E-19
9.253445E+03	5.408075E-17	7.566037E-19
9.253645E+03	5.404831E-17	7.561841E-19
9.253845E+03	5.401714E-17	7.557823E-19
9.254045E+03	5.399593E-17	7.555198E-19
9.254245E+03	5.397100E-17	7.552053E-19
9.254446E+03	5.394361E-17	7.548565E-19
9.254646E+03	5.392739E-17	7.546640E-19
9.254846E+03	5.392359E-17	7.546452E-19
9.255046E+03	5.390985E-17	7.544874E-19
9.255246E+03	5.389489E-17	7.543124E-19
9.255446E+03	5.389729E-17	7.543806E-19
9.255646E+03	5.396427E-17	7.553527E-19
9.255846E+03	5.401765E-17	7.561345E-19
9.256046E+03	5.405490E-17	7.566906E-19
9.256246E+03	5.408096E-17	7.570903E-19
9.256446E+03	5.409831E-17	7.573680E-19
9.256646E+03	5.412190E-17	7.577332E-19
9.256846E+03	5.414176E-17	7.580461E-19
9.257046E+03	5.414915E-17	7.581846E-19
9.257246E+03	5.415155E-17	7.582534E-19
9.257446E+03	5.415272E-17	7.583048E-19
9.257646E+03	5.414639E-17	7.582513E-19
9.257846E+03	5.414007E-17	7.581980E-19
9.258046E+03	5.411505E-17	7.578827E-19
9.258246E+03	5.408007E-17	7.574281E-19
9.258446E+03	5.404762E-17	7.570087E-19
9.258646E+03	5.402886E-17	7.567813E-19
9.258846E+03	5.400886E-17	7.565365E-19
9.259046E+03	5.398266E-17	7.562047E-19
9.259246E+03	5.396267E-17	7.559600E-19
9.259446E+03	5.395015E-17	7.558200E-19
9.259647E+03	5.394509E-17	7.557847E-19
9.259847E+03	5.394996E-17	7.558884E-19
9.260047E+03	5.396228E-17	7.560964E-19
9.260247E+03	5.398207E-17	7.564092E-19
9.260447E+03	5.400807E-17	7.568092E-19
9.260647E+03	5.404280E-17	7.573314E-19
9.260847E+03	5.408377E-17	7.579413E-19
9.261047E+03	5.413225E-17	7.586565E-19
9.261247E+03	5.418701E-17	7.594599E-19
9.261447E+03	5.419938E-17	7.596691E-19
9.261647E+03	5.412569E-17	7.586721E-19
9.261847E+03	5.406454E-17	7.578509E-19
9.262047E+03	5.402958E-17	7.573968E-19
9.262247E+03	5.399713E-17	7.569778E-19
9.262447E+03	5.396595E-17	7.565765E-19
9.262647E+03	5.393602E-17	7.561930E-19
9.262847E+03	5.390610E-17	7.558094E-19
9.263047E+03	5.388985E-17	7.556176E-19
9.263247E+03	5.387857E-17	7.554954E-19
9.263447E+03	5.385240E-17	7.551645E-19
9.263647E+03	5.382129E-17	7.547644E-19
9.263847E+03	5.381497E-17	7.547118E-19
9.264047E+03	5.379750E-17	7.545030E-19
9.264247E+03	5.378127E-17	7.543116E-19
9.264447E+03	5.376010E-17	7.540508E-19
9.264647E+03	5.373152E-17	7.536860E-19
9.264848E+03	5.370914E-17	7.534084E-19
9.265048E+03	5.368675E-17	7.531307E-19
9.265247E+03	5.365818E-17	7.527660E-19
9.265448E+03	5.362842E-17	7.523849E-19
9.265647E+03	5.360483E-17	7.520899E-19
9.265847E+03	5.358989E-17	7.519166E-19
9.266048E+03	5.357496E-17	7.517437E-19
9.266247E+03	5.355015E-17	7.514317E-19
9.266447E+03	5.352906E-17	7.511720E-19
9.266647E+03	5.350797E-17	7.509126E-19
9.266847E+03	5.348935E-17	7.506877E-19
9.267047E+03	5.347198E-17	7.504803E-19
9.267247E+03	5.345338E-17	7.502556E-19
9.267447E+03	5.342617E-17	7.499102E-19
9.267647E+03	5.339282E-17	7.494787E-19
9.267847E+03	5.337670E-17	7.492888E-19
9.268047E+03	5.335936E-17	7.490819E-19
9.268247E+03	5.333464E-17	7.487715E-19
9.268447E+03	5.329767E-17	7.482889E-19
9.268647E+03	5.326073E-17	7.478068E-19
9.268847E+03	5.323238E-17	7.474453E-19
9.269047E+03	5.320895E-17	7.471529E-19
9.269247E+03	5.319287E-17	7.469638E-19
9.269447E+03	5.318416E-17	7.468780E-19
9.269647E+03	5.318156E-17	7.468781E-19
9.269847E+03	5.317650E-17	7.468439E-19
9.270048E+03	5.316412E-17	7.467068E-19
9.270248E+03	5.313827E-17	7.463805E-19
9.270448E+03	5.311488E-17	7.460886E-19
9.270648E+03	5.310249E-17	7.459515E-19
9.270848E+03	5.309500E-17	7.458830E-19
9.271048E+03	5.308262E-17	7.457459E-19
9.271248E+03	5.307024E-17	7.456087E-19
9.271448E+03	5.305909E-17	7.454890E-19
9.271648E+03	5.304916E-17	7.453863E-19
9.271848E+03	5.304411E-17	7.453523E-19
9.272048E+03	5.302929E-17	7.451810E-19
9.272248E+03	5.300716E-17	7.449070E-19
9.272448E+03	5.298869E-17	7.446844E-19
9.272648E+03	5.298365E-17	7.446505E-19
9.272848E+03	5.297738E-17	7.445993E-19
9.273048E+03	5.297111E-17	7.445484E-19
9.273248E+03	5.296364E-17	7.444803E-19
9.273448E+03	5.295493E-17	7.443950E-19
9.273648E+03	5.294501E-17	7.442926E-19
9.273848E+03	5.293387E-17	7.441732E-19
9.274048E+03	5.292394E-17	7.440708E-19
9.274248E+03	5.291159E-17	7.439343E-19
9.274448E+03	5.289802E-17	7.437807E-19
9.274648E+03	5.288567E-17	7.436442E-19
9.274848E+03	5.287088E-17	7.434737E-19
9.275048E+03	5.285488E-17	7.432858E-19
9.275248E+03	5.284011E-17	7.431153E-19
9.275449E+03	5.283143E-17	7.430307E-19
9.275649E+03	5.282881E-17	7.430313E-19
9.275849E+03	5.284810E-17	7.433399E-19
9.276049E+03	5.287470E-17	7.437515E-19
9.276249E+03	5.289279E-17	7.440434E-19
9.276449E+03	5.287312E-17	7.438042E-19
9.276649E+03	5.285224E-17	7.435479E-19
9.276849E+03	5.285449E-17	7.436171E-19
9.277049E+03	5.285674E-17	7.436863E-19
9.277249E+03	5.284682E-17	7.435843E-19
9.277449E+03	5.282960E-17	7.433795E-19
9.277649E+03	5.281360E-17	7.431920E-19
9.277849E+03	5.279518E-17	7.429704E-19
9.278049E+03	5.277190E-17	7.426803E-19
9.278248E+03	5.274861E-17	7.423901E-19
9.278449E+03	5.273387E-17	7.422203E-19
9.278648E+03	5.271909E-17	7.420499E-19
9.278849E+03	5.269949E-17	7.418119E-19
9.279049E+03	5.268717E-17	7.416760E-19
9.279248E+03	5.267846E-17	7.415910E-19
9.279448E+03	5.267099E-17	7.415236E-19
9.279648E+03	5.266231E-17	7.414391E-19
9.279848E+03	5.264756E-17	7.412693E-19
9.280048E+03	5.264010E-17	7.412019E-19
9.280248E+03	5.263504E-17	7.411686E-19
9.280448E+03	5.263242E-17	7.411695E-19
9.280649E+03	5.262981E-17	7.411707E-19
9.280849E+03	5.262355E-17	7.411205E-19
9.281049E+03	5.262577E-17	7.411897E-19
9.281249E+03	5.262314E-17	7.411906E-19
9.281449E+03	5.262536E-17	7.412598E-19
9.281649E+03	5.262758E-17	7.413290E-19
9.281849E+03	5.262374E-17	7.413129E-19
9.282049E+03	5.262717E-17	7.413992E-19
9.282249E+03	5.268031E-17	7.421859E-19
9.282449E+03	5.273106E-17	7.429391E-19
9.282649E+03	5.277337E-17	7.435734E-19
9.282849E+03	5.282300E-17	7.443110E-19
9.283049E+03	5.287268E-17	7.450493E-19
9.283249E+03	5.292119E-17	7.457712E-19
9.283449E+03	5.296730E-17	7.464595E-19
9.283649E+03	5.301344E-17	7.471483E-19
9.283849E+03	5.305841E-17	7.478206E-19
9.284049E+03	5.310464E-17	7.485108E-19
9.284249E+03	5.314846E-17	7.491671E-19
9.284449E+03	5.319109E-17	7.498068E-19
9.284649E+03	5.323375E-17	7.504469E-19
9.284849E+03	5.327768E-17	7.511049E-19
9.285049E+03	5.329831E-17	7.514348E-19
9.285249E+03	5.331895E-17	7.517646E-19
9.285449E+03	5.333101E-17	7.519735E-19
9.285649E+03	5.333570E-17	7.520786E-19
9.285850E+03	5.334408E-17	7.522360E-19
9.286050E+03	5.337579E-17	7.527223E-19
9.286250E+03	5.342967E-17	7.535212E-19
9.286450E+03	5.344667E-17	7.538000E-19
9.286650E+03	5.344274E-17	7.537838E-19
9.286850E+03	5.343759E-17	7.537503E-19
9.287050E+03	5.344104E-17	7.538382E-19
9.287250E+03	5.345311E-17	7.540477E-19
9.287450E+03	5.346765E-17	7.542921E-19
9.287650E+03	5.348835E-17	7.546234E-19
9.287850E+03	5.350289E-17	7.548679E-19
9.288050E+03	5.351005E-17	7.550083E-19
9.288250E+03	5.351720E-17	7.551486E-19
9.288450E+03	5.351819E-17	7.552020E-19
9.288650E+03	5.352042E-17	7.552728E-19
9.288850E+03	5.352633E-17	7.553958E-19
9.289050E+03	5.352610E-17	7.554319E-19
9.289250E+03	5.352215E-17	7.554158E-19
9.289450E+03	5.352191E-17	7.554518E-19
9.289650E+03	5.352413E-17	7.555227E-19
9.289850E+03	5.352265E-17	7.555414E-19
9.290050E+03	5.352856E-17	7.556645E-19
9.290250E+03	5.353448E-17	7.557876E-19
9.290450E+03	5.354039E-17	7.559107E-19
9.290650E+03	5.354754E-17	7.560513E-19
9.290850E+03	5.355099E-17	7.561397E-19
9.291050E+03	5.356307E-17	7.563500E-19
9.291251E+03	5.358380E-17	7.566826E-19
9.291451E+03	5.360946E-17	7.570848E-19
9.291650E+03	5.363265E-17	7.574520E-19
9.291851E+03	5.365464E-17	7.578026E-19
9.292050E+03	5.367414E-17	7.581177E-19
9.292250E+03	5.369366E-17	7.584333E-19
9.292450E+03	5.372185E-17	7.588714E-19
9.292650E+03	5.375004E-17	7.593097E-19
9.292850E+03	5.377702E-17	7.597309E-19
9.293050E+03	5.380153E-17	7.601173E-19
9.293250E+03	5.382481E-17	7.604862E-19
9.293450E+03	5.385678E-17	7.609781E-19
9.293650E+03	5.389621E-17	7.615755E-19
9.293850E+03	5.392325E-17	7.619978E-19
9.294050E+03	5.393665E-17	7.622275E-19
9.294250E+03	5.395501E-17	7.625273E-19
9.294450E+03	5.400197E-17	7.632312E-19
9.294650E+03	5.401538E-17	7.634611E-19
9.294850E+03	5.402133E-17	7.635857E-19
9.295050E+03	5.402852E-17	7.637278E-19
9.295250E+03	5.404443E-17	7.639931E-19
9.295450E+03	5.406157E-17	7.642760E-19
9.295650E+03	5.408496E-17	7.646471E-19
9.295850E+03	5.411209E-17	7.650712E-19
9.296050E+03	5.414047E-17	7.655131E-19
9.296250E+03	5.416763E-17	7.659378E-19
9.296451E+03	5.419356E-17	7.663454E-19
9.296651E+03	5.421575E-17	7.666998E-19
9.296851E+03	5.423794E-17	7.670544E-19
9.297051E+03	5.426139E-17	7.674269E-19
9.297251E+03	5.427860E-17	7.677111E-19
9.297451E+03	5.428832E-17	7.678893E-19
9.297651E+03	5.429053E-17	7.679615E-19
9.297851E+03	5.429900E-17	7.681222E-19
9.298051E+03	5.432747E-17	7.685659E-19
9.298251E+03	5.436223E-17	7.690985E-19
9.298451E+03	5.439324E-17	7.695783E-19
9.298651E+03	5.442177E-17	7.700229E-19
9.298851E+03	5.445406E-17	7.705209E-19
9.299051E+03	5.448513E-17	7.710016E-19
9.299251E+03	5.451872E-17	7.715181E-19
9.299451E+03	5.455107E-17	7.720172E-19
9.299651E+03	5.457088E-17	7.723387E-19
9.299851E+03	5.458566E-17	7.725892E-19
9.300051E+03	5.460674E-17	7.729287E-19
9.300251E+03	5.463411E-17	7.733575E-19
9.300451E+03	5.465772E-17	7.737330E-19
9.300651E+03	5.467882E-17	7.740731E-19
9.300851E+03	5.469867E-17	7.743955E-19
9.301051E+03	5.472230E-17	7.747716E-19
9.301251E+03	5.475855E-17	7.753262E-19
9.301451E+03	5.479735E-17	7.759172E-19
9.301652E+03	5.483113E-17	7.764373E-19
9.301852E+03	5.485861E-17	7.768680E-19
9.302052E+03	5.488610E-17	7.772989E-19
9.302252E+03	5.491486E-17	7.777480E-19
9.302452E+03	5.494871E-17	7.782690E-19
9.302652E+03	5.498637E-17	7.788442E-19
9.302852E+03	5.501519E-17	7.792942E-19
9.303052E+03	5.501234E-17	7.792956E-19
9.303252E+03	5.501709E-17	7.794048E-19
9.303452E+03	5.502438E-17	7.795499E-19
9.303652E+03	5.503420E-17	7.797309E-19
9.303852E+03	5.504530E-17	7.799300E-19
9.304051E+03	5.506018E-17	7.801825E-19
9.304252E+03	5.510807E-17	7.809032E-19
9.304451E+03	5.512170E-17	7.811382E-19
9.304651E+03	5.513027E-17	7.813016E-19
9.304852E+03	5.513250E-17	7.813754E-19
9.305051E+03	5.513597E-17	7.814665E-19
9.305251E+03	5.516359E-17	7.819000E-19
9.305451E+03	5.518486E-17	7.822436E-19
9.305651E+03	5.519724E-17	7.824612E-19
9.305851E+03	5.520582E-17	7.826249E-19
9.306051E+03	5.521058E-17	7.827345E-19
9.306251E+03	5.522042E-17	7.829163E-19
9.306451E+03	5.524298E-17	7.832783E-19
9.306651E+03	5.524520E-17	7.833520E-19
9.306852E+03	5.524742E-17	7.834260E-19
9.307052E+03	5.527509E-17	7.838604E-19
9.307252E+03	5.530659E-17	7.843494E-19
9.307452E+03	5.531644E-17	7.845315E-19
9.307652E+03	5.532503E-17	7.846956E-19
9.307852E+03	5.533998E-17	7.849500E-19
9.308052E+03	5.535622E-17	7.852227E-19
9.308252E+03	5.536098E-17	7.853326E-19
9.308452E+03	5.537593E-17	7.855872E-19
9.308652E+03	5.540238E-17	7.860048E-19
9.308852E+03	5.541990E-17	7.862959E-19
9.309052E+03	5.542212E-17	7.863697E-19
9.309252E+03	5.542689E-17	7.864799E-19
9.309452E+03	5.546740E-17	7.870973E-19
9.309652E+03	5.550283E-17	7.876426E-19
9.309852E+03	5.551015E-17	7.877891E-19
9.310052E+03	5.552515E-17	7.880446E-19
9.310252E+03	5.554526E-17	7.883726E-19
9.310452E+03	5.556155E-17	7.886464E-19
9.310652E+03	5.558039E-17	7.889565E-19
9.310852E+03	5.560436E-17	7.893395E-19
9.311052E+03	5.562707E-17	7.897046E-19
9.311252E+03	5.564466E-17	7.899970E-19
9.311452E+03	5.566096E-17	7.902712E-19
9.311652E+03	5.567984E-17	7.905820E-19
9.311852E+03	5.569872E-17	7.908930E-19
9.312053E+03	5.571890E-17	7.912225E-19
9.312253E+03	5.573779E-17	7.915336E-19
9.312453E+03	5.575926E-17	7.918814E-19
9.312653E+03	5.578202E-17	7.922476E-19
9.312853E+03	5.580093E-17	7.925591E-19
9.313053E+03	5.582113E-17	7.928889E-19
9.313253E+03	5.583877E-17	7.931825E-19
9.313453E+03	5.585641E-17	7.934761E-19
9.313653E+03	5.587406E-17	7.937698E-19
9.313853E+03	5.588785E-17	7.940088E-19
9.314053E+03	5.589907E-17	7.942113E-19
9.314253E+03	5.588970E-17	7.941212E-19
9.314453E+03	5.588548E-17	7.941042E-19
9.314653E+03	5.589412E-17	7.942701E-19
9.314853E+03	5.590662E-17	7.944908E-19
9.315053E+03	5.591912E-17	7.947116E-19
9.315253E+03	5.592649E-17	7.948594E-19
9.315453E+03	5.593255E-17	7.949887E-19
9.315653E+03	5.595151E-17	7.953013E-19
9.315853E+03	5.596789E-17	7.955772E-19
9.316053E+03	5.599716E-17	7.960366E-19
9.316253E+03	5.601872E-17	7.963862E-19
9.316453E+03	5.603253E-17	7.966259E-19
9.316653E+03	5.606055E-17	7.970675E-19
9.316853E+03	5.607954E-17	7.973808E-19
9.317052E+03	5.609723E-17	7.976754E-19
9.317254E+03	5.611497E-17	7.979713E-19
9.317453E+03	5.613525E-17	7.983030E-19
9.317654E+03	5.615945E-17	7.986906E-19
9.317853E+03	5.618104E-17	7.990409E-19
9.318053E+03	5.620136E-17	7.993733E-19
9.318253E+03	5.622299E-17	7.997243E-19
9.318453E+03	5.623814E-17	7.999833E-19
9.318653E+03	5.625848E-17	8.003162E-19
9.318853E+03	5.627234E-17	8.005568E-19
9.319053E+03	5.628751E-17	8.008162E-19
9.319253E+03	5.630657E-17	8.011308E-19
9.319453E+03	5.632822E-17	8.014824E-19
9.319653E+03	5.635378E-17	8.018897E-19
9.319853E+03	5.637156E-17	8.021862E-19
9.320053E+03	5.638286E-17	8.023905E-19
9.320253E+03	5.639674E-17	8.026318E-19
9.320453E+03	5.640675E-17	8.028178E-19
9.320653E+03	5.642064E-17	8.030591E-19
9.320853E+03	5.644104E-17	8.033931E-19
9.321053E+03	5.645884E-17	8.036902E-19
9.321253E+03	5.646884E-17	8.038763E-19
9.321453E+03	5.647365E-17	8.039884E-19
9.321653E+03	5.648236E-17	8.041561E-19
9.321853E+03	5.650668E-17	8.045461E-19
9.322053E+03	5.653100E-17	8.049361E-19
9.322253E+03	5.655143E-17	8.052708E-19
9.322453E+03	5.656926E-17	8.055685E-19
9.322654E+03	5.657799E-17	8.057368E-19
9.322854E+03	5.658671E-17	8.059048E-19
9.323054E+03	5.662150E-17	8.064441E-19
9.323254E+03	5.666413E-17	8.070952E-19
9.323454E+03	5.669375E-17	8.075608E-19
9.323654E+03	5.672337E-17	8.080267E-19
9.323854E+03	5.675170E-17	8.084743E-19
9.324054E+03	5.677744E-17	8.088849E-19
9.324254E+03	5.680579E-17	8.093328E-19
9.324454E+03	5.683155E-17	8.097438E-19
9.324654E+03	5.685732E-17	8.101549E-19
9.324854E+03	5.688309E-17	8.105662E-19
9.325054E+03	5.690888E-17	8.109778E-19
9.325254E+03	5.693337E-17	8.113709E-19
9.325454E+03	5.695787E-17	8.117641E-19
9.325654E+03	5.698106E-17	8.121388E-19
9.325854E+03	5.700164E-17	8.124763E-19
9.326054E+03	5.701829E-17	8.127577E-19
9.326254E+03	5.703494E-17	8.130392E-19
9.326454E+03	5.705028E-17	8.133021E-19
9.326654E+03	5.706300E-17	8.135276E-19
9.326854E+03	5.707178E-17	8.136970E-19
9.327054E+03	5.708318E-17	8.139038E-19
9.327254E+03	5.711037E-17	8.143357E-19
9.327454E+03	5.714677E-17	8.148990E-19
9.327654E+03	5.718584E-17	8.155003E-19
9.327855E+03	5.721835E-17	8.160086E-19
9.328055E+03	5.724033E-17	8.163662E-19
9.328255E+03	5.725045E-17	8.165549E-19
9.328455E+03	5.726056E-17	8.167435E-19
9.328655E+03	5.727068E-17	8.169323E-19
9.328855E+03	5.728344E-17	8.171586E-19
9.329055E+03	5.729356E-17	8.173474E-19
9.329255E+03	5.729709E-17	8.174420E-19
9.329455E+03	5.731512E-17	8.177437E-19
9.329655E+03	5.733581E-17	8.180833E-19
9.329855E+03	5.735254E-17	8.183665E-19
9.330055E+03	5.736663E-17	8.186119E-19
9.330254E+03	5.737940E-17	8.188382E-19
9.330454E+03	5.739482E-17	8.191028E-19
9.330655E+03	5.741025E-17	8.193676E-19
9.330854E+03	5.743360E-17	8.197452E-19
9.331055E+03	5.744772E-17	8.199914E-19
9.331254E+03	5.745256E-17	8.201047E-19
9.331454E+03	5.746270E-17	8.202939E-19
9.331654E+03	5.747020E-17	8.204454E-19
9.331854E+03	5.746579E-17	8.204270E-19
9.332054E+03	5.746931E-17	8.205217E-19
9.332254E+03	5.747813E-17	8.206921E-19
9.332454E+03	5.748298E-17	8.208059E-19
9.332654E+03	5.749842E-17	8.210708E-19
9.332854E+03	5.751651E-17	8.213737E-19
9.333055E+03	5.753726E-17	8.217148E-19
9.333255E+03	5.756199E-17	8.221125E-19
9.333455E+03	5.759071E-17	8.225672E-19
9.333655E+03	5.761281E-17	8.229274E-19
9.333855E+03	5.763358E-17	8.232687E-19
9.334055E+03	5.765437E-17	8.236102E-19
9.334255E+03	5.766719E-17	8.238379E-19
9.334455E+03	5.768400E-17	8.241227E-19
9.334655E+03	5.770879E-17	8.245215E-19
9.334855E+03	5.771630E-17	8.246734E-19
9.335055E+03	5.773579E-17	8.249964E-19
9.335255E+03	5.776325E-17	8.254336E-19
9.335455E+03	5.778009E-17	8.257188E-19
9.335655E+03	5.778362E-17	8.258139E-19
9.335855E+03	5.778183E-17	8.258330E-19
9.336055E+03	5.779468E-17	8.260613E-19
9.336255E+03	5.781152E-17	8.263466E-19
9.336455E+03	5.783103E-17	8.266701E-19
9.336655E+03	5.786253E-17	8.271651E-19
9.336855E+03	5.788605E-17	8.275461E-19
9.337055E+03	5.790292E-17	8.278319E-19
9.337255E+03	5.792645E-17	8.282131E-19
9.337455E+03	5.795800E-17	8.287090E-19
9.337655E+03	5.798824E-17	8.291861E-19
9.337855E+03	5.800914E-17	8.295297E-19
9.338055E+03	5.803272E-17	8.299117E-19
9.338256E+03	5.806434E-17	8.304089E-19
9.338456E+03	5.808927E-17	8.308103E-19
9.338656E+03	5.810619E-17	8.310971E-19
9.338856E+03	5.813917E-17	8.316136E-19
9.339056E+03	5.817620E-17	8.321881E-19
9.339256E+03	5.820252E-17	8.326095E-19
9.339456E+03	5.822885E-17	8.330311E-19
9.339656E+03	5.824178E-17	8.332609E-19
9.339856E+03	5.825069E-17	8.334333E-19
9.340056E+03	5.827570E-17	8.338360E-19
9.340256E+03	5.836117E-17	8.351039E-19
9.340456E+03	5.845078E-17	8.364312E-19
9.340656E+03	5.849473E-17	8.371052E-19
9.340856E+03	5.853197E-17	8.376832E-19
9.341056E+03	5.853284E-17	8.377407E-19
9.341256E+03	5.852831E-17	8.377210E-19
9.341456E+03	5.850087E-17	8.373732E-19
9.341656E+03	5.845596E-17	8.367753E-19
9.341856E+03	5.841644E-17	8.362546E-19
9.342056E+03	5.837562E-17	8.357152E-19
9.342256E+03	5.833617E-17	8.351952E-19
9.342456E+03	5.830077E-17	8.347332E-19
9.342656E+03	5.826002E-17	8.341946E-19
9.342856E+03	5.822869E-17	8.337906E-19
9.343056E+03	5.820407E-17	8.334829E-19
9.343255E+03	5.818347E-17	8.332324E-19
9.343457E+03	5.816558E-17	8.330214E-19
9.343656E+03	5.815839E-17	8.329628E-19
9.343856E+03	5.815120E-17	8.329045E-19
9.344057E+03	5.814001E-17	8.327891E-19
9.344256E+03	5.814352E-17	8.328837E-19
9.344456E+03	5.814972E-17	8.330172E-19
9.344656E+03	5.816530E-17	8.332850E-19
9.344856E+03	5.819428E-17	8.337448E-19
9.345056E+03	5.824741E-17	8.345506E-19
9.345256E+03	5.826032E-17	8.347803E-19
9.345456E+03	5.827056E-17	8.349717E-19
9.345656E+03	5.829019E-17	8.352977E-19
9.345856E+03	5.835684E-17	8.362974E-19
9.346056E+03	5.843432E-17	8.374526E-19
9.346256E+03	5.843382E-17	8.374901E-19
9.346456E+03	5.843063E-17	8.374892E-19
9.346656E+03	5.844223E-17	8.377002E-19
9.346856E+03	5.846999E-17	8.381428E-19
9.347056E+03	5.853819E-17	8.391652E-19
9.347256E+03	5.856870E-17	8.396474E-19
9.347456E+03	5.857898E-17	8.398395E-19
9.347656E+03	5.857847E-17	8.398770E-19
9.347856E+03	5.858740E-17	8.400499E-19
9.348056E+03	5.860848E-17	8.403969E-19
9.348256E+03	5.863497E-17	8.408214E-19
9.348456E+03	5.865472E-17	8.411494E-19
9.348656E+03	5.867311E-17	8.414581E-19
9.348857E+03	5.869694E-17	8.418448E-19
9.349057E+03	5.871670E-17	8.421730E-19
9.349257E+03	5.873647E-17	8.425013E-19
9.349457E+03	5.876165E-17	8.429074E-19
9.349657E+03	5.878956E-17	8.433526E-19
9.349857E+03	5.881477E-17	8.437590E-19
9.350057E+03	5.883457E-17	8.440879E-19
9.350257E+03	5.886115E-17	8.445142E-19
9.350457E+03	5.889452E-17	8.450378E-19
9.350657E+03	5.892113E-17	8.454645E-19
9.350857E+03	5.894097E-17	8.457939E-19
9.351057E+03	5.896487E-17	8.461818E-19
9.351257E+03	5.898744E-17	8.465506E-19
9.351457E+03	5.900321E-17	8.468218E-19
9.351657E+03	5.902579E-17	8.471907E-19
9.351857E+03	5.907014E-17	8.478721E-19
9.352057E+03	5.911179E-17	8.485149E-19
9.352257E+03	5.914938E-17	8.490994E-19
9.352457E+03	5.918428E-17	8.496452E-19
9.352657E+03	5.921646E-17	8.501522E-19
9.352857E+03	5.924457E-17	8.506008E-19
9.353057E+03	5.926861E-17	8.509908E-19
9.353257E+03	5.928991E-17	8.513417E-19
9.353457E+03	5.930849E-17	8.516535E-19
9.353657E+03	5.933255E-17	8.520439E-19
9.353857E+03	5.935251E-17	8.523755E-19
9.354058E+03	5.936838E-17	8.526486E-19
9.354258E+03	5.938426E-17	8.529216E-19
9.354458E+03	5.938918E-17	8.530373E-19
9.354658E+03	5.939002E-17	8.530942E-19
9.354858E+03	5.940042E-17	8.532885E-19
9.355058E+03	5.941767E-17	8.535812E-19
9.355258E+03	5.943629E-17	8.538936E-19
9.355458E+03	5.945217E-17	8.541667E-19
9.355658E+03	5.946669E-17	8.544202E-19
9.355858E+03	5.947573E-17	8.545950E-19
9.356058E+03	5.949162E-17	8.548683E-19
9.356257E+03	5.950751E-17	8.551413E-19
9.356458E+03	5.951383E-17	8.552772E-19
9.356657E+03	5.952012E-17	8.554123E-19
9.356858E+03	5.953193E-17	8.556271E-19
9.357058E+03	5.954372E-17	8.558414E-19
9.357257E+03	5.955138E-17	8.559962E-19
9.357457E+03	5.955907E-17	8.561515E-19
9.357657E+03	5.956400E-17	8.562672E-19
9.357857E+03	5.957031E-17	8.564027E-19
9.358057E+03	5.957525E-17	8.565185E-19
9.358257E+03	5.958292E-17	8.566737E-19
9.358457E+03	5.959061E-17	8.568290E-19
9.358657E+03	5.959829E-17	8.569842E-19
9.358857E+03	5.960597E-17	8.571394E-19
9.359057E+03	5.961503E-17	8.573144E-19
9.359258E+03	5.962410E-17	8.574898E-19
9.359458E+03	5.963453E-17	8.576844E-19
9.359658E+03	5.964358E-17	8.578594E-19
9.359858E+03	5.965538E-17	8.580738E-19
9.360058E+03	5.965758E-17	8.581501E-19
9.360258E+03	5.966114E-17	8.582459E-19
9.360458E+03	5.966470E-17	8.583418E-19
9.360658E+03	5.965453E-17	8.582402E-19
9.360858E+03	5.963887E-17	8.580595E-19
9.361058E+03	5.961771E-17	8.577995E-19
9.361258E+03	5.959931E-17	8.575793E-19
9.361458E+03	5.957542E-17	8.572801E-19
9.361658E+03	5.955703E-17	8.570599E-19
9.361858E+03	5.954139E-17	8.568792E-19
9.362058E+03	5.952986E-17	8.567577E-19
9.362258E+03	5.952107E-17	8.566756E-19
9.362458E+03	5.951640E-17	8.566528E-19
9.362658E+03	5.951446E-17	8.566692E-19
9.362858E+03	5.951664E-17	8.567449E-19
9.363058E+03	5.952430E-17	8.568995E-19
9.363258E+03	5.952511E-17	8.569554E-19
9.363458E+03	5.952865E-17	8.570507E-19
9.363658E+03	5.954454E-17	8.573236E-19
9.363858E+03	5.955768E-17	8.575571E-19
9.364058E+03	5.956808E-17	8.577512E-19
9.364258E+03	5.956889E-17	8.578070E-19
9.364459E+03	5.957108E-17	8.578829E-19
9.364659E+03	5.958286E-17	8.580967E-19
9.364859E+03	5.960286E-17	8.584290E-19
9.365059E+03	5.961876E-17	8.587022E-19
9.365259E+03	5.963467E-17	8.589755E-19
9.365459E+03	5.965195E-17	8.592685E-19
9.365659E+03	5.967061E-17	8.595815E-19
9.365859E+03	5.967416E-17	8.596767E-19
9.366059E+03	5.967496E-17	8.597323E-19
9.366259E+03	5.967438E-17	8.597681E-19
9.366459E+03	5.967518E-17	8.598237E-19
9.366659E+03	5.968422E-17	8.599980E-19
9.366859E+03	5.968502E-17	8.600535E-19
9.367059E+03	5.968307E-17	8.600694E-19
9.367259E+03	5.967425E-17	8.599863E-19
9.367459E+03	5.966543E-17	8.599031E-19
9.367659E+03	5.966209E-17	8.598990E-19
9.367859E+03	5.966290E-17	8.599544E-19
9.368059E+03	5.966781E-17	8.600691E-19
9.368259E+03	5.967685E-17	8.602433E-19
9.368459E+03	5.968863E-17	8.604570E-19
9.368659E+03	5.969493E-17	8.605916E-19
9.368859E+03	5.969846E-17	8.606864E-19
9.369058E+03	5.970749E-17	8.608601E-19
9.369258E+03	5.972204E-17	8.611136E-19
9.369459E+03	5.972834E-17	8.612485E-19
9.369658E+03	5.974562E-17	8.615413E-19
9.369860E+03	5.976157E-17	8.618153E-19
9.370059E+03	5.975959E-17	8.618304E-19
9.370259E+03	5.975488E-17	8.618061E-19
9.370459E+03	5.977769E-17	8.621788E-19
9.370659E+03	5.979087E-17	8.624125E-19
9.370859E+03	5.979578E-17	8.625271E-19
9.371059E+03	5.979657E-17	8.625821E-19
9.371259E+03	5.979598E-17	8.626171E-19
9.371459E+03	5.980090E-17	8.627317E-19
9.371659E+03	5.980719E-17	8.628660E-19
9.371859E+03	5.981349E-17	8.630004E-19
9.372059E+03	5.982667E-17	8.632342E-19
9.372259E+03	5.984674E-17	8.635673E-19
9.372459E+03	5.986406E-17	8.638607E-19
9.372659E+03	5.987450E-17	8.640548E-19
9.372859E+03	5.989458E-17	8.643882E-19
9.373059E+03	5.992157E-17	8.648212E-19
9.373259E+03	5.991684E-17	8.647963E-19
9.373459E+03	5.989555E-17	8.645324E-19
9.373659E+03	5.987565E-17	8.642886E-19
9.373859E+03	5.986403E-17	8.641641E-19
9.374059E+03	5.985929E-17	8.641390E-19
9.374259E+03	5.986145E-17	8.642134E-19
9.374459E+03	5.987188E-17	8.644074E-19
9.374659E+03	5.987404E-17	8.644817E-19
9.374859E+03	5.987619E-17	8.645560E-19
9.375060E+03	5.987560E-17	8.645909E-19
9.375260E+03	5.986949E-17	8.645458E-19
9.375460E+03	5.986199E-17	8.644807E-19
9.375660E+03	5.986276E-17	8.645349E-19
9.375860E+03	5.986216E-17	8.645693E-19
9.376060E+03	5.986432E-17	8.646435E-19
9.376260E+03	5.985957E-17	8.646180E-19
9.376460E+03	5.984519E-17	8.644533E-19
9.376660E+03	5.984597E-17	8.645074E-19
9.376860E+03	5.985638E-17	8.647009E-19
9.377060E+03	5.988197E-17	8.651134E-19
9.377260E+03	5.990205E-17	8.654464E-19
9.377460E+03	5.987938E-17	8.651617E-19
9.377660E+03	5.987602E-17	8.651561E-19
9.377860E+03	5.987265E-17	8.651501E-19
9.378060E+03	5.987342E-17	8.652041E-19
9.378260E+03	5.987143E-17	8.652180E-19
9.378460E+03	5.986668E-17	8.651923E-19
9.378660E+03	5.986056E-17	8.651464E-19
9.378860E+03	5.985168E-17	8.650608E-19
9.379060E+03	5.984005E-17	8.649353E-19
9.379260E+03	5.982566E-17	8.647699E-19
9.379460E+03	5.980852E-17	8.645647E-19
9.379660E+03	5.978863E-17	8.643197E-19
9.379860E+03	5.976599E-17	8.640349E-19
9.380060E+03	5.974061E-17	8.637104E-19
9.380261E+03	5.971251E-17	8.633466E-19
9.380461E+03	5.969402E-17	8.631217E-19
9.380661E+03	5.968654E-17	8.630558E-19
9.380861E+03	5.967356E-17	8.629104E-19
9.381061E+03	5.967019E-17	8.629039E-19
9.381261E+03	5.966546E-17	8.628776E-19
9.381461E+03	5.965248E-17	8.627321E-19
9.381661E+03	5.964088E-17	8.626064E-19
9.381861E+03	5.963065E-17	8.625005E-19
9.382060E+03	5.961492E-17	8.623149E-19
9.382261E+03	5.959373E-17	8.620506E-19
9.382460E+03	5.957664E-17	8.618451E-19
9.382660E+03	5.956642E-17	8.617392E-19
9.382861E+03	5.955621E-17	8.616336E-19
9.383060E+03	5.954324E-17	8.614876E-19
9.383260E+03	5.953303E-17	8.613817E-19
9.383460E+03	5.952281E-17	8.612756E-19
9.383660E+03	5.950850E-17	8.611101E-19
9.383860E+03	5.950239E-17	8.610635E-19
9.384060E+03	5.949630E-17	8.610170E-19
9.384260E+03	5.947787E-17	8.607919E-19
9.384460E+03	5.945260E-17	8.604678E-19
9.384660E+03	5.942050E-17	8.600447E-19
9.384860E+03	5.941031E-17	8.599387E-19
9.385060E+03	5.940558E-17	8.599118E-19
9.385260E+03	5.939265E-17	8.597659E-19
9.385461E+03	5.938384E-17	8.596799E-19
9.385661E+03	5.937911E-17	8.596529E-19
9.385861E+03	5.937439E-17	8.596258E-19
9.386061E+03	5.935052E-17	8.593215E-19
9.386261E+03	5.936084E-17	8.595121E-19
9.386461E+03	5.937525E-17	8.597621E-19
9.386661E+03	5.938419E-17	8.599327E-19
9.386861E+03	5.937674E-17	8.598658E-19
9.387061E+03	5.937064E-17	8.598187E-19
9.387261E+03	5.937412E-17	8.599102E-19
9.387461E+03	5.937486E-17	8.599619E-19
9.387661E+03	5.936466E-17	8.598552E-19
9.387861E+03	5.935721E-17	8.597882E-19
9.388061E+03	5.936068E-17	8.598795E-19
9.388261E+03	5.935595E-17	8.598518E-19
9.388461E+03	5.934985E-17	8.598044E-19
9.388661E+03	5.935606E-17	8.599352E-19
9.388861E+03	5.934996E-17	8.598877E-19
9.389061E+03	5.933567E-17	8.597213E-19
9.389261E+03	5.931728E-17	8.594956E-19
9.389461E+03	5.928934E-17	8.591314E-19
9.389661E+03	5.926550E-17	8.588268E-19
9.389861E+03	5.925396E-17	8.587000E-19
9.390061E+03	5.927107E-17	8.589884E-19
9.390261E+03	5.927454E-17	8.590793E-19
9.390461E+03	5.926571E-17	8.589920E-19
9.390662E+03	5.925964E-17	8.589445E-19
9.390862E+03	5.924809E-17	8.588175E-19
9.391062E+03	5.922563E-17	8.585324E-19
9.391262E+03	5.922091E-17	8.585042E-19
9.391462E+03	5.921346E-17	8.584365E-19
9.391662E+03	5.920601E-17	8.583687E-19
9.391862E+03	5.919583E-17	8.582615E-19
9.392062E+03	5.918020E-17	8.580750E-19
9.392262E+03	5.917412E-17	8.580269E-19
9.392462E+03	5.918303E-17	8.581962E-19
9.392662E+03	5.918647E-17	8.582862E-19
9.392862E+03	5.916949E-17	8.580800E-19
9.393062E+03	5.915251E-17	8.578737E-19
9.393262E+03	5.913689E-17	8.576872E-19
9.393462E+03	5.912128E-17	8.575006E-19
9.393662E+03	5.910839E-17	8.573535E-19
9.393862E+03	5.909551E-17	8.572064E-19
9.394062E+03	5.907174E-17	8.569015E-19
9.394262E+03	5.905614E-17	8.567149E-19
9.394462E+03	5.902968E-17	8.563707E-19
9.394662E+03	5.898556E-17	8.557702E-19
9.394862E+03	5.894962E-17	8.552883E-19
9.395061E+03	5.894626E-17	8.552789E-19
9.395262E+03	5.895106E-17	8.553883E-19
9.395461E+03	5.893684E-17	8.552211E-19
9.395662E+03	5.891586E-17	8.549562E-19
9.395862E+03	5.890573E-17	8.548484E-19
9.396062E+03	5.889695E-17	8.547604E-19
9.396262E+03	5.888139E-17	8.545738E-19
9.396462E+03	5.885907E-17	8.542890E-19
9.396662E+03	5.883404E-17	8.539648E-19
9.396862E+03	5.881037E-17	8.536604E-19
9.397062E+03	5.879483E-17	8.534740E-19
9.397262E+03	5.875495E-17	8.529340E-19
9.397462E+03	5.872320E-17	8.525120E-19
9.397662E+03	5.869553E-17	8.521492E-19
9.397862E+03	5.867596E-17	8.519039E-19
9.398062E+03	5.865911E-17	8.516980E-19
9.398262E+03	5.864227E-17	8.514922E-19
9.398462E+03	5.862948E-17	8.513452E-19
9.398662E+03	5.862479E-17	8.513157E-19
9.398862E+03	5.861604E-17	8.512273E-19
9.399062E+03	5.859921E-17	8.510214E-19
9.399262E+03	5.858913E-17	8.509135E-19
9.399462E+03	5.857904E-17	8.508055E-19
9.399662E+03	5.857030E-17	8.507170E-19
9.399862E+03	5.855483E-17	8.505306E-19
9.400062E+03	5.850432E-17	8.498354E-19
9.400262E+03	5.845789E-17	8.491991E-19
9.400462E+03	5.843840E-17	8.489542E-19
9.400662E+03	5.838262E-17	8.481820E-19
9.400862E+03	5.835376E-17	8.478007E-19
9.401062E+03	5.832893E-17	8.474780E-19
9.401263E+03	5.831084E-17	8.472533E-19
9.401463E+03	5.828336E-17	8.468918E-19
9.401663E+03	5.824515E-17	8.463746E-19
9.401863E+03	5.823511E-17	8.462665E-19
9.402063E+03	5.824252E-17	8.464119E-19
9.402263E+03	5.825261E-17	8.465962E-19
9.402463E+03	5.826538E-17	8.468196E-19
9.402663E+03	5.827949E-17	8.470623E-19
9.402863E+03	5.829227E-17	8.472856E-19
9.403063E+03	5.830505E-17	8.475090E-19
9.403263E+03	5.831246E-17	8.476544E-19
9.403463E+03	5.826618E-17	8.470191E-19
9.403663E+03	5.826553E-17	8.470471E-19
9.403863E+03	5.828904E-17	8.474263E-19
9.404063E+03	5.830315E-17	8.476690E-19
9.404263E+03	5.828908E-17	8.475018E-19
9.404463E+03	5.829918E-17	8.476859E-19
9.404663E+03	5.832135E-17	8.480457E-19
9.404863E+03	5.833816E-17	8.483275E-19
9.405063E+03	5.836035E-17	8.486873E-19
9.405263E+03	5.837986E-17	8.490083E-19
9.405463E+03	5.838593E-17	8.491338E-19
9.405663E+03	5.839872E-17	8.493571E-19
9.405863E+03	5.839001E-17	8.492673E-19
9.406063E+03	5.839070E-17	8.493145E-19
9.406263E+03	5.846000E-17	8.503596E-19
9.406464E+03	5.847686E-17	8.506422E-19
9.406664E+03	5.840085E-17	8.495734E-19
9.406864E+03	5.835987E-17	8.490142E-19
9.407064E+03	5.838072E-17	8.493544E-19
9.407264E+03	5.836932E-17	8.492254E-19
9.407464E+03	5.831761E-17	8.485098E-19
9.407664E+03	5.824449E-17	8.474826E-19
9.407864E+03	5.828408E-17	8.480954E-19
9.408064E+03	5.833311E-17	8.488455E-19
9.408263E+03	5.840367E-17	8.499087E-19
9.408463E+03	5.843934E-17	8.504644E-19
9.408664E+03	5.845350E-17	8.507072E-19
9.408863E+03	5.845687E-17	8.507927E-19
9.409064E+03	5.846025E-17	8.508787E-19
9.409263E+03	5.846632E-17	8.510033E-19
9.409463E+03	5.847104E-17	8.511085E-19
9.409663E+03	5.846769E-17	8.510962E-19
9.409863E+03	5.845358E-17	8.509270E-19
9.410063E+03	5.843139E-17	8.506403E-19
9.410263E+03	5.840651E-17	8.503145E-19
9.410463E+03	5.839779E-17	8.502237E-19
9.410663E+03	5.837427E-17	8.499174E-19
9.410863E+03	5.833733E-17	8.494157E-19
9.411063E+03	5.832056E-17	8.492075E-19
9.411263E+03	5.831318E-17	8.491361E-19
9.411463E+03	5.828567E-17	8.487714E-19
9.411664E+03	5.827160E-17	8.486026E-19
9.411864E+03	5.825082E-17	8.483358E-19
9.412064E+03	5.821932E-17	8.479129E-19
9.412264E+03	5.819320E-17	8.475681E-19
9.412464E+03	5.816575E-17	8.472039E-19
9.412664E+03	5.815303E-17	8.470544E-19
9.412864E+03	5.815773E-17	8.471583E-19
9.413064E+03	5.818654E-17	8.476135E-19
9.413264E+03	5.820732E-17	8.479516E-19
9.413464E+03	5.825760E-17	8.487198E-19
9.413664E+03	5.822074E-17	8.482182E-19
9.413864E+03	5.818255E-17	8.476972E-19
9.414064E+03	5.814707E-17	8.472154E-19
9.414264E+03	5.810224E-17	8.465976E-19
9.414464E+03	5.805076E-17	8.458827E-19
9.414664E+03	5.800601E-17	8.452656E-19
9.414864E+03	5.796395E-17	8.446878E-19
9.415064E+03	5.792194E-17	8.441104E-19
9.415264E+03	5.788262E-17	8.435724E-19
9.415464E+03	5.782466E-17	8.427626E-19
9.415664E+03	5.776147E-17	8.418762E-19
9.415864E+03	5.770099E-17	8.410294E-19
9.416064E+03	5.772425E-17	8.414031E-19
9.416264E+03	5.773688E-17	8.416218E-19
9.416464E+03	5.768838E-17	8.409492E-19
9.416664E+03	5.764125E-17	8.402967E-19
9.416865E+03	5.763263E-17	8.402057E-19
9.417065E+03	5.764127E-17	8.403659E-19
9.417265E+03	5.764458E-17	8.404485E-19
9.417465E+03	5.763330E-17	8.403183E-19
9.417665E+03	5.762335E-17	8.402075E-19
9.417865E+03	5.761606E-17	8.401353E-19
9.418065E+03	5.761274E-17	8.401210E-19
9.418265E+03	5.761474E-17	8.401842E-19
9.418465E+03	5.762071E-17	8.403054E-19
9.418665E+03	5.762668E-17	8.404264E-19
9.418865E+03	5.763000E-17	8.405088E-19
9.419065E+03	5.763199E-17	8.405718E-19
9.419265E+03	5.763133E-17	8.405961E-19
9.419465E+03	5.762934E-17	8.406008E-19
9.419665E+03	5.762470E-17	8.405668E-19
9.419865E+03	5.762005E-17	8.405328E-19
9.420065E+03	5.761673E-17	8.405181E-19
9.420265E+03	5.760413E-17	8.403679E-19
9.420465E+03	5.756899E-17	8.398887E-19
9.420665E+03	5.754447E-17	8.395646E-19
9.420865E+03	5.751996E-17	8.392405E-19
9.421065E+03	5.750208E-17	8.390129E-19
9.421264E+03	5.748155E-17	8.387465E-19
9.421465E+03	5.745311E-17	8.383650E-19
9.421665E+03	5.742996E-17	8.380604E-19
9.421864E+03	5.742399E-17	8.380063E-19
9.422065E+03	5.741806E-17	8.379530E-19
9.422265E+03	5.739096E-17	8.375905E-19
9.422465E+03	5.739161E-17	8.376332E-19
9.422665E+03	5.739623E-17	8.377335E-19
9.422865E+03	5.738367E-17	8.375831E-19
9.423065E+03	5.742663E-17	8.382431E-19
9.423265E+03	5.748815E-17	8.391739E-19
9.423465E+03	5.756298E-17	8.402991E-19
9.423665E+03	5.762199E-17	8.411934E-19
9.423865E+03	5.765449E-17	8.417007E-19
9.424065E+03	5.770429E-17	8.424607E-19
9.424265E+03	5.773286E-17	8.429105E-19
9.424465E+03	5.773352E-17	8.429528E-19
9.424665E+03	5.773418E-17	8.429952E-19
9.424865E+03	5.771224E-17	8.427076E-19
9.425065E+03	5.761995E-17	8.413924E-19
9.425265E+03	5.753576E-17	8.401955E-19
9.425465E+03	5.756291E-17	8.406245E-19
9.425665E+03	5.759539E-17	8.411312E-19
9.425865E+03	5.761196E-17	8.414055E-19
9.426065E+03	5.761129E-17	8.414279E-19
9.426265E+03	5.761592E-17	8.415279E-19
9.426465E+03	5.760995E-17	8.414730E-19
9.426665E+03	5.760264E-17	8.413983E-19
9.426865E+03	5.759932E-17	8.413819E-19
9.427065E+03	5.759334E-17	8.413266E-19
9.427265E+03	5.759134E-17	8.413295E-19
9.427466E+03	5.758936E-17	8.413326E-19
9.427666E+03	5.758868E-17	8.413546E-19
9.427866E+03	5.758801E-17	8.413766E-19
9.428066E+03	5.758734E-17	8.413988E-19
9.428266E+03	5.758932E-17	8.414594E-19
9.428466E+03	5.759129E-17	8.415200E-19
9.428666E+03	5.760919E-17	8.418131E-19
9.428866E+03	5.762443E-17	8.420676E-19
9.429066E+03	5.763438E-17	8.422445E-19
9.429266E+03	5.765228E-17	8.425377E-19
9.429466E+03	5.766355E-17	8.427340E-19
9.429666E+03	5.766155E-17	8.427363E-19
9.429866E+03	5.766088E-17	8.427578E-19
9.430066E+03	5.766551E-17	8.428569E-19
9.430266E+03	5.767545E-17	8.430336E-19
9.430466E+03	5.769204E-17	8.433075E-19
9.430666E+03	5.771396E-17	8.436590E-19
9.430866E+03	5.774119E-17	8.440883E-19
9.431066E+03	5.776977E-17	8.445374E-19
9.431266E+03	5.779836E-17	8.449865E-19
9.431466E+03	5.782564E-17	8.454163E-19
9.431666E+03	5.785560E-17	8.458854E-19
9.431866E+03	5.788556E-17	8.463547E-19
9.432066E+03	5.791421E-17	8.468046E-19
9.432266E+03	5.794421E-17	8.472741E-19
9.432466E+03	5.797155E-17	8.477049E-19
9.432667E+03	5.799892E-17	8.481362E-19
9.432867E+03	5.802495E-17	8.485479E-19
9.433067E+03	5.804966E-17	8.489399E-19
9.433267E+03	5.807705E-17	8.493714E-19
9.433467E+03	5.810847E-17	8.498616E-19
9.433667E+03	5.813455E-17	8.502739E-19
9.433867E+03	5.815796E-17	8.506470E-19
9.434067E+03	5.817067E-17	8.508635E-19
9.434266E+03	5.819543E-17	8.512562E-19
9.434467E+03	5.823229E-17	8.518261E-19
9.434666E+03	5.824634E-17	8.520620E-19
9.434867E+03	5.825504E-17	8.522200E-19
9.435067E+03	5.826912E-17	8.524564E-19
9.435266E+03	5.828855E-17	8.527710E-19
9.435466E+03	5.831471E-17	8.531841E-19
9.435666E+03	5.829925E-17	8.529882E-19
9.435866E+03	5.829051E-17	8.528906E-19
9.436066E+03	5.830593E-17	8.531465E-19
9.436266E+03	5.830658E-17	8.531862E-19
9.436466E+03	5.830455E-17	8.531866E-19
9.436666E+03	5.831728E-17	8.534030E-19
9.436866E+03	5.834480E-17	8.538358E-19
9.437066E+03	5.837636E-17	8.543276E-19
9.437266E+03	5.841600E-17	8.549378E-19
9.437466E+03	5.846914E-17	8.557454E-19
9.437666E+03	5.852772E-17	8.566328E-19
9.437867E+03	5.859175E-17	8.576000E-19
9.438067E+03	5.865450E-17	8.585484E-19
9.438267E+03	5.871191E-17	8.594186E-19
9.438467E+03	5.876667E-17	8.602500E-19
9.438667E+03	5.881876E-17	8.610423E-19
9.438867E+03	5.886820E-17	8.617958E-19
9.439067E+03	5.891497E-17	8.625102E-19
9.439267E+03	5.895769E-17	8.631655E-19
9.439467E+03	5.899637E-17	8.637615E-19
9.439667E+03	5.903372E-17	8.643379E-19
9.439867E+03	5.907925E-17	8.650342E-19
9.440067E+03	5.912482E-17	8.657311E-19
9.440267E+03	5.916770E-17	8.663885E-19
9.440467E+03	5.921060E-17	8.670462E-19
9.440667E+03	5.925354E-17	8.677045E-19
9.440867E+03	5.929652E-17	8.683634E-19
9.441067E+03	5.933815E-17	8.690025E-19
9.441267E+03	5.937435E-17	8.695619E-19
9.441467E+03	5.940510E-17	8.700417E-19
9.441667E+03	5.942902E-17	8.704214E-19
9.441867E+03	5.944746E-17	8.707208E-19
9.442067E+03	5.945908E-17	8.709202E-19
9.442267E+03	5.945563E-17	8.708988E-19
9.442467E+03	5.944261E-17	8.707373E-19
9.442667E+03	5.942411E-17	8.704953E-19
9.442867E+03	5.939741E-17	8.701331E-19
9.443068E+03	5.936390E-17	8.696713E-19
9.443268E+03	5.932220E-17	8.690893E-19
9.443468E+03	5.936112E-17	8.696882E-19
9.443668E+03	5.934264E-17	8.694462E-19
9.443868E+03	5.927229E-17	8.684442E-19
9.444068E+03	5.920883E-17	8.675431E-19
9.444268E+03	5.915635E-17	8.668025E-19
9.444468E+03	5.911070E-17	8.661620E-19
9.444668E+03	5.907326E-17	8.656418E-19
9.444868E+03	5.904264E-17	8.652213E-19
9.445068E+03	5.901340E-17	8.648210E-19
9.445268E+03	5.898960E-17	8.645003E-19
9.445468E+03	5.898074E-17	8.643986E-19
9.445668E+03	5.898140E-17	8.644363E-19
9.445868E+03	5.899291E-17	8.646329E-19
9.446068E+03	5.901394E-17	8.649691E-19
9.446268E+03	5.903227E-17	8.652656E-19
9.446468E+03	5.904243E-17	8.654425E-19
9.446668E+03	5.904445E-17	8.654997E-19
9.446868E+03	5.905327E-17	8.656567E-19
9.447067E+03	5.906207E-17	8.658132E-19
9.447267E+03	5.906408E-17	8.658704E-19
9.447468E+03	5.907290E-17	8.660274E-19
9.447667E+03	5.908035E-17	8.661639E-19
9.447868E+03	5.908781E-17	8.663009E-19
9.448067E+03	5.909526E-17	8.664375E-19
9.448267E+03	5.911497E-17	8.667537E-19
9.448468E+03	5.912925E-17	8.669905E-19
9.448668E+03	5.914079E-17	8.671870E-19
9.448868E+03	5.915370E-17	8.674036E-19
9.449068E+03	5.917479E-17	8.677399E-19
9.449268E+03	5.919861E-17	8.681163E-19
9.449468E+03	5.922517E-17	8.685329E-19
9.449668E+03	5.925310E-17	8.689696E-19
9.449868E+03	5.928515E-17	8.694665E-19
9.450068E+03	5.929809E-17	8.696832E-19
9.450268E+03	5.931924E-17	8.700202E-19
9.450468E+03	5.934994E-17	8.704975E-19
9.450668E+03	5.939434E-17	8.711754E-19
9.450868E+03	5.944425E-17	8.719342E-19
9.451068E+03	5.948462E-17	8.725531E-19
9.451268E+03	5.955243E-17	8.735745E-19
9.451468E+03	5.962306E-17	8.746373E-19
9.451668E+03	5.964844E-17	8.750360E-19
9.451868E+03	5.966009E-17	8.752335E-19
9.452068E+03	5.968823E-17	8.756730E-19
9.452268E+03	5.973150E-17	8.763343E-19
9.452468E+03	5.974729E-17	8.765923E-19
9.452668E+03	5.971494E-17	8.761441E-19
9.452868E+03	5.967986E-17	8.756557E-19
9.453068E+03	5.965304E-17	8.752884E-19
9.453268E+03	5.961388E-17	8.747399E-19
9.453468E+03	5.957474E-17	8.741917E-19
9.453669E+03	5.955346E-17	8.739057E-19
9.453869E+03	5.953492E-17	8.736595E-19
9.454069E+03	5.951365E-17	8.733731E-19
9.454269E+03	5.948279E-17	8.729461E-19
9.454469E+03	5.945469E-17	8.725595E-19
9.454669E+03	5.946082E-17	8.726751E-19
9.454869E+03	5.948202E-17	8.730118E-19
9.455069E+03	5.952926E-17	8.737306E-19
9.455269E+03	5.958477E-17	8.745710E-19
9.455469E+03	5.963483E-17	8.753313E-19
9.455669E+03	5.967533E-17	8.759512E-19
9.455869E+03	5.971860E-17	8.766117E-19
9.456069E+03	5.976602E-17	8.773333E-19
9.456269E+03	5.980385E-17	8.779139E-19
9.456469E+03	5.983481E-17	8.783937E-19
9.456669E+03	5.985752E-17	8.787522E-19
9.456869E+03	5.987196E-17	8.789896E-19
9.457069E+03	5.987813E-17	8.791052E-19
9.457269E+03	5.984433E-17	8.786339E-19
9.457469E+03	5.978164E-17	8.777385E-19
9.457669E+03	5.971763E-17	8.768237E-19
9.457869E+03	5.965095E-17	8.758693E-19
9.458069E+03	5.957885E-17	8.748354E-19
9.458269E+03	5.949725E-17	8.736618E-19
9.458469E+03	5.946777E-17	8.732536E-19
9.458669E+03	5.954790E-17	8.744547E-19
9.458870E+03	5.962265E-17	8.755769E-19
9.459070E+03	5.967962E-17	8.764381E-19
9.459270E+03	5.971876E-17	8.770374E-19
9.459470E+03	5.974968E-17	8.775157E-19
9.459670E+03	5.977924E-17	8.779740E-19
9.459870E+03	5.980467E-17	8.783719E-19
9.460069E+03	5.982461E-17	8.786888E-19
9.460270E+03	5.984318E-17	8.789858E-19
9.460469E+03	5.987277E-17	8.794444E-19
9.460669E+03	5.989550E-17	8.798023E-19
9.460870E+03	5.988927E-17	8.797349E-19
9.461069E+03	5.990232E-17	8.799505E-19
9.461269E+03	5.990161E-17	8.799638E-19
9.461469E+03	5.989950E-17	8.799566E-19
9.461669E+03	5.989327E-17	8.798889E-19
9.461869E+03	5.988427E-17	8.797803E-19
9.462069E+03	5.987941E-17	8.797325E-19
9.462269E+03	5.987179E-17	8.796441E-19
9.462469E+03	5.986280E-17	8.795356E-19
9.462669E+03	5.985106E-17	8.793864E-19
9.462869E+03	5.983518E-17	8.791763E-19
9.463069E+03	5.982068E-17	8.789867E-19
9.463269E+03	5.982272E-17	8.790399E-19
9.463469E+03	5.982612E-17	8.791130E-19
9.463669E+03	5.982816E-17	8.791660E-19
9.463869E+03	5.983019E-17	8.792189E-19
9.464070E+03	5.983775E-17	8.793531E-19
9.464270E+03	5.984943E-17	8.795476E-19
9.464470E+03	5.985560E-17	8.796611E-19
9.464670E+03	5.986453E-17	8.798152E-19
9.464870E+03	5.987621E-17	8.800097E-19
9.465070E+03	5.990031E-17	8.803864E-19
9.465270E+03	5.991614E-17	8.806417E-19
9.465470E+03	5.994302E-17	8.810594E-19
9.465670E+03	5.993126E-17	8.809091E-19
9.465870E+03	5.991950E-17	8.807586E-19
9.466070E+03	5.991601E-17	8.807297E-19
9.466270E+03	5.991943E-17	8.808023E-19
9.466470E+03	5.996011E-17	8.814227E-19
9.466670E+03	5.999668E-17	8.819823E-19
9.466870E+03	6.002774E-17	8.824610E-19
9.467070E+03	6.005466E-17	8.828790E-19
9.467270E+03	6.008575E-17	8.833582E-19
9.467470E+03	6.011824E-17	8.838577E-19
9.467670E+03	6.014936E-17	8.843372E-19
9.467870E+03	6.017357E-17	8.847150E-19
9.468070E+03	6.019363E-17	8.850319E-19
9.468270E+03	6.021232E-17	8.853283E-19
9.468470E+03	6.022684E-17	8.855636E-19
9.468670E+03	6.023999E-17	8.857785E-19
9.468870E+03	6.025175E-17	8.859732E-19
9.469070E+03	6.026073E-17	8.861267E-19
9.469271E+03	6.026695E-17	8.862397E-19
9.469471E+03	6.027177E-17	8.863321E-19
9.469671E+03	6.027382E-17	8.863837E-19
9.469871E+03	6.027449E-17	8.864147E-19
9.470071E+03	6.027376E-17	8.864251E-19
9.470271E+03	6.027303E-17	8.864356E-19
9.470471E+03	6.027092E-17	8.864258E-19
9.470671E+03	6.027020E-17	8.864360E-19
9.470871E+03	6.026669E-17	8.864054E-19
9.471071E+03	6.026596E-17	8.864156E-19
9.471271E+03	6.028328E-17	8.866912E-19
9.471471E+03	6.032143E-17	8.872731E-19
9.471671E+03	6.036100E-17	8.878758E-19
9.471871E+03	6.035749E-17	8.878449E-19
9.472071E+03	6.036232E-17	8.879367E-19
9.472271E+03	6.039496E-17	8.884373E-19
9.472471E+03	6.042484E-17	8.888972E-19
9.472671E+03	6.044080E-17	8.891526E-19
9.472871E+03	6.044286E-17	8.892033E-19
9.473070E+03	6.044491E-17	8.892534E-19
9.473271E+03	6.043862E-17	8.891813E-19
9.473470E+03	6.044623E-17	8.893134E-19
9.473671E+03	6.045247E-17	8.894255E-19
9.473871E+03	6.047263E-17	8.897420E-19
9.474070E+03	6.050950E-17	8.903044E-19
9.474270E+03	6.051713E-17	8.904365E-19
9.474470E+03	6.053591E-17	8.907329E-19
9.474671E+03	6.056169E-17	8.911319E-19
9.474871E+03	6.059025E-17	8.915719E-19
9.475071E+03	6.062720E-17	8.921353E-19
9.475271E+03	6.067395E-17	8.928430E-19
9.475471E+03	6.072213E-17	8.935716E-19
9.475671E+03	6.075776E-17	8.941155E-19
9.475871E+03	6.081022E-17	8.949069E-19
9.476071E+03	6.085992E-17	8.956578E-19
9.476271E+03	6.090685E-17	8.963678E-19
9.476471E+03	6.094399E-17	8.969337E-19
9.476671E+03	6.097835E-17	8.974587E-19
9.476871E+03	6.102256E-17	8.981287E-19
9.477071E+03	6.106680E-17	8.987989E-19
9.477271E+03	6.110968E-17	8.994490E-19
9.477471E+03	6.115398E-17	9.001202E-19
9.477671E+03	6.119550E-17	9.007505E-19
9.477871E+03	6.122436E-17	9.011941E-19
9.478071E+03	6.125606E-17	9.016795E-19
9.478271E+03	6.131036E-17	9.024976E-19
9.478471E+03	6.136329E-17	9.032957E-19
9.478671E+03	6.141485E-17	9.040733E-19
9.478871E+03	6.146787E-17	9.048725E-19
9.479071E+03	6.151811E-17	9.056306E-19
9.479271E+03	6.152445E-17	9.057426E-19
9.479471E+03	6.152513E-17	9.057711E-19
9.479671E+03	6.152297E-17	9.057576E-19
9.479872E+03	6.151800E-17	9.057029E-19
9.480072E+03	6.151017E-17	9.056060E-19
9.480272E+03	6.149952E-17	9.054673E-19
9.480472E+03	6.148745E-17	9.053077E-19
9.480672E+03	6.147398E-17	9.051274E-19
9.480872E+03	6.145909E-17	9.049262E-19
9.481072E+03	6.144278E-17	9.047040E-19
9.481272E+03	6.143073E-17	9.045443E-19
9.481472E+03	6.141726E-17	9.043637E-19
9.481672E+03	6.140238E-17	9.041624E-19
9.481872E+03	6.138892E-17	9.039817E-19
9.482072E+03	6.139667E-17	9.041134E-19
9.482272E+03	6.140441E-17	9.042449E-19
9.482472E+03	6.141781E-17	9.044598E-19
9.482672E+03	6.143405E-17	9.047161E-19
9.482872E+03	6.144746E-17	9.049309E-19
9.483072E+03	6.144530E-17	9.049163E-19
9.483272E+03	6.143042E-17	9.047144E-19
9.483472E+03	6.143676E-17	9.048248E-19
9.483672E+03	6.145866E-17	9.051643E-19
9.483872E+03	6.148057E-17	9.055039E-19
9.484072E+03	6.149682E-17	9.057602E-19
9.484272E+03	6.150742E-17	9.059330E-19
9.484472E+03	6.151943E-17	9.061265E-19
9.484672E+03	6.152860E-17	9.062784E-19
9.484872E+03	6.153920E-17	9.064512E-19
9.485073E+03	6.155690E-17	9.067285E-19
9.485273E+03	6.157175E-17	9.069637E-19
9.485473E+03	6.159087E-17	9.072616E-19
9.485673E+03	6.161283E-17	9.076016E-19
9.485873E+03	6.163337E-17	9.079204E-19
9.486073E+03	6.165961E-17	9.083230E-19
9.486272E+03	6.169294E-17	9.088301E-19
9.486472E+03	6.171493E-17	9.091703E-19
9.486673E+03	6.173837E-17	9.095315E-19
9.486872E+03	6.176321E-17	9.099134E-19
9.487073E+03	6.179093E-17	9.103377E-19
9.487272E+03	6.183004E-17	9.109297E-19
9.487472E+03	6.188056E-17	9.116897E-19
9.487672E+03	6.191688E-17	9.122405E-19
9.487872E+03	6.194609E-17	9.126865E-19
9.488072E+03	6.197103E-17	9.130696E-19
9.488272E+03	6.200312E-17	9.135578E-19
9.488472E+03	6.203522E-17	9.140461E-19
9.488672E+03	6.206591E-17	9.145138E-19
9.488872E+03	6.208232E-17	9.147710E-19
9.489072E+03	6.210588E-17	9.151333E-19
9.489272E+03	6.213089E-17	9.155169E-19
9.489472E+03	6.215018E-17	9.158163E-19
9.489672E+03	6.217233E-17	9.161580E-19
9.489872E+03	6.219880E-17	9.165629E-19
9.490072E+03	6.221095E-17	9.167567E-19
9.490273E+03	6.222454E-17	9.169719E-19
9.490473E+03	6.222380E-17	9.169758E-19
9.490673E+03	6.222592E-17	9.170217E-19
9.490873E+03	6.224811E-17	9.173633E-19
9.491073E+03	6.230330E-17	9.181912E-19
9.491273E+03	6.235421E-17	9.189562E-19
9.491473E+03	6.233481E-17	9.186846E-19
9.491673E+03	6.238288E-17	9.194073E-19
9.491873E+03	6.243819E-17	9.202368E-19
9.492073E+03	6.246045E-17	9.205792E-19
9.492273E+03	6.248416E-17	9.209427E-19
9.492473E+03	6.250069E-17	9.212003E-19
9.492673E+03	6.252585E-17	9.215853E-19
9.492873E+03	6.254670E-17	9.219067E-19
9.493073E+03	6.256613E-17	9.222067E-19
9.493273E+03	6.258700E-17	9.225281E-19
9.493473E+03	6.261075E-17	9.228920E-19
9.493673E+03	6.263020E-17	9.231924E-19
9.493873E+03	6.264243E-17	9.233862E-19
9.494073E+03	6.264457E-17	9.234313E-19
9.494273E+03	6.265248E-17	9.235614E-19
9.494473E+03	6.267482E-17	9.239042E-19
9.494673E+03	6.270873E-17	9.244172E-19
9.494873E+03	6.273253E-17	9.247813E-19
9.495073E+03	6.276936E-17	9.253374E-19
9.495273E+03	6.280475E-17	9.258723E-19
9.495473E+03	6.280111E-17	9.258317E-19
9.495674E+03	6.279893E-17	9.258124E-19
9.495874E+03	6.278807E-17	9.256652E-19
9.496074E+03	6.278588E-17	9.256459E-19
9.496274E+03	6.278368E-17	9.256261E-19
9.496474E+03	6.279306E-17	9.257770E-19
9.496674E+03	6.281112E-17	9.260558E-19
9.496874E+03	6.283641E-17	9.264413E-19
9.497074E+03	6.286027E-17	9.268054E-19
9.497274E+03	6.287255E-17	9.269988E-19
9.497474E+03	6.288628E-17	9.272136E-19
9.497674E+03	6.289857E-17	9.274071E-19
9.497874E+03	6.291376E-17	9.276431E-19
9.498074E+03	6.293475E-17	9.279646E-19
9.498274E+03	6.294560E-17	9.281366E-19
9.498474E+03	6.295500E-17	9.282873E-19
9.498674E+03	6.297165E-17	9.285446E-19
9.498874E+03	6.299266E-17	9.288661E-19
9.499074E+03	6.302384E-17	9.293376E-19
9.499273E+03	6.304050E-17	9.295949E-19
9.499474E+03	6.305573E-17	9.298310E-19
9.499674E+03	6.306515E-17	9.299813E-19
9.499873E+03	6.306585E-17	9.300031E-19
9.500074E+03	6.309852E-17	9.304964E-19
9.500273E+03	6.316173E-17	9.314395E-19
9.500473E+03	6.321627E-17	9.322551E-19
9.500673E+03	6.326212E-17	9.329424E-19
9.500874E+03	6.330947E-17	9.336519E-19
9.501074E+03	6.335540E-17	9.343400E-19
9.501274E+03	6.336340E-17	9.344690E-19
9.501474E+03	6.339476E-17	9.349423E-19
9.501674E+03	6.342906E-17	9.354590E-19
9.501874E+03	6.346922E-17	9.360619E-19
9.502074E+03	6.350794E-17	9.366435E-19
9.502274E+03	6.351743E-17	9.367941E-19
9.502474E+03	6.353131E-17	9.370095E-19
9.502674E+03	6.356276E-17	9.374835E-19
9.502874E+03	6.360153E-17	9.380657E-19
9.503074E+03	6.364180E-17	9.386699E-19
9.503274E+03	6.367037E-17	9.391016E-19
9.503474E+03	6.367549E-17	9.391871E-19
9.503674E+03	6.370700E-17	9.396619E-19
9.503874E+03	6.374881E-17	9.402886E-19
9.504074E+03	6.375246E-17	9.403525E-19
9.504274E+03	6.375025E-17	9.403294E-19
9.504474E+03	6.376565E-17	9.405663E-19
9.504674E+03	6.379134E-17	9.409549E-19
9.504874E+03	6.381703E-17	9.413436E-19
9.505074E+03	6.383980E-17	9.416889E-19
9.505274E+03	6.386405E-17	9.420559E-19
9.505474E+03	6.388389E-17	9.423580E-19
9.505674E+03	6.389638E-17	9.425516E-19
9.505874E+03	6.392065E-17	9.429187E-19
9.506075E+03	6.395377E-17	9.434164E-19
9.506275E+03	6.397659E-17	9.437622E-19
9.506475E+03	6.397142E-17	9.436950E-19
9.506675E+03	6.397215E-17	9.437145E-19
9.506875E+03	6.400382E-17	9.441904E-19
9.507075E+03	6.403845E-17	9.447100E-19
9.507275E+03	6.407014E-17	9.451864E-19
9.507475E+03	6.410481E-17	9.457063E-19
9.507675E+03	6.414246E-17	9.462702E-19
9.507875E+03	6.418011E-17	9.468342E-19
9.508075E+03	6.422223E-17	9.474640E-19
9.508275E+03	6.426735E-17	9.481378E-19
9.508475E+03	6.431397E-17	9.488337E-19
9.508675E+03	6.436359E-17	9.495740E-19
9.508875E+03	6.441473E-17	9.503366E-19
9.509075E+03	6.441546E-17	9.503553E-19
9.509275E+03	6.439395E-17	9.500457E-19
9.509475E+03	6.437097E-17	9.497145E-19
9.509675E+03	6.435984E-17	9.495582E-19
9.509875E+03	6.436206E-17	9.495984E-19
9.510075E+03	6.436279E-17	9.496168E-19
9.510275E+03	6.435908E-17	9.495695E-19
9.510475E+03	6.436871E-17	9.497191E-19
9.510675E+03	6.437537E-17	9.498246E-19
9.510875E+03	6.437759E-17	9.498645E-19
9.511075E+03	6.437980E-17	9.499044E-19
9.511276E+03	6.439389E-17	9.501195E-19
9.511476E+03	6.440946E-17	9.503561E-19
9.511676E+03	6.442800E-17	9.506366E-19
9.511876E+03	6.444951E-17	9.509608E-19
9.512076E+03	6.446954E-17	9.512632E-19
9.512275E+03	6.447472E-17	9.513462E-19
9.512476E+03	6.448289E-17	9.514734E-19
9.512675E+03	6.453561E-17	9.522578E-19
9.512876E+03	6.454527E-17	9.524069E-19
9.513076E+03	6.452521E-17	9.521172E-19
9.513275E+03	6.453188E-17	9.522218E-19
9.513475E+03	6.455492E-17	9.525680E-19
9.513675E+03	6.455715E-17	9.526070E-19
9.513875E+03	6.456681E-17	9.527555E-19
9.514075E+03	6.458390E-17	9.530136E-19
9.514275E+03	6.460547E-17	9.533379E-19
9.514475E+03	6.461960E-17	9.535523E-19
9.514675E+03	6.463225E-17	9.537445E-19
9.514875E+03	6.465383E-17	9.540686E-19
9.515075E+03	6.467691E-17	9.544147E-19
9.515275E+03	6.469552E-17	9.546950E-19
9.515475E+03	6.470521E-17	9.548432E-19
9.515675E+03	6.472086E-17	9.550794E-19
9.515875E+03	6.474396E-17	9.554255E-19
9.516075E+03	6.476409E-17	9.557278E-19
9.516275E+03	6.477975E-17	9.559639E-19
9.516476E+03	6.480140E-17	9.562882E-19
9.516676E+03	6.482304E-17	9.566125E-19
9.516876E+03	6.484021E-17	9.568708E-19
9.517076E+03	6.485739E-17	9.571289E-19
9.517276E+03	6.487307E-17	9.573650E-19
9.517476E+03	6.488726E-17	9.575790E-19
9.517676E+03	6.489997E-17	9.577712E-19
9.517876E+03	6.490969E-17	9.579189E-19
9.518076E+03	6.492090E-17	9.580886E-19
9.518276E+03	6.492913E-17	9.582143E-19
9.518476E+03	6.493736E-17	9.583400E-19
9.518676E+03	6.494409E-17	9.584433E-19
9.518876E+03	6.495233E-17	9.585688E-19
9.519076E+03	6.496354E-17	9.587383E-19
9.519276E+03	6.498075E-17	9.589961E-19
9.519476E+03	6.500096E-17	9.592980E-19
9.519676E+03	6.502267E-17	9.596220E-19
9.519876E+03	6.505039E-17	9.600346E-19
9.520076E+03	6.505564E-17	9.601157E-19
9.520276E+03	6.504292E-17	9.599312E-19
9.520476E+03	6.502570E-17	9.596804E-19
9.520676E+03	6.502946E-17	9.597391E-19
9.520876E+03	6.503171E-17	9.597756E-19
9.521076E+03	6.501301E-17	9.595025E-19
9.521276E+03	6.499879E-17	9.592956E-19
9.521476E+03	6.498758E-17	9.591330E-19
9.521676E+03	6.497935E-17	9.590146E-19
9.521877E+03	6.497414E-17	9.589403E-19
9.522077E+03	6.496742E-17	9.588437E-19
9.522277E+03	6.496220E-17	9.587691E-19
9.522477E+03	6.495847E-17	9.587167E-19
9.522677E+03	6.495624E-17	9.586860E-19
9.522877E+03	6.495401E-17	9.586553E-19
9.523077E+03	6.495477E-17	9.586687E-19
9.523277E+03	6.496001E-17	9.587484E-19
9.523477E+03	6.496227E-17	9.587836E-19
9.523677E+03	6.497051E-17	9.589071E-19
9.523877E+03	6.498025E-17	9.590528E-19
9.524077E+03	6.498850E-17	9.591763E-19
9.524277E+03	6.499524E-17	9.592775E-19
9.524477E+03	6.499451E-17	9.592682E-19
9.524677E+03	6.499527E-17	9.592810E-19
9.524877E+03	6.499604E-17	9.592939E-19
9.525077E+03	6.499531E-17	9.592843E-19
9.525276E+03	6.499606E-17	9.592966E-19
9.525477E+03	6.499684E-17	9.593093E-19
9.525676E+03	6.500058E-17	9.593658E-19
9.525877E+03	6.500585E-17	9.594444E-19
9.526076E+03	6.500960E-17	9.595006E-19
9.526276E+03	6.501486E-17	9.595790E-19
9.526476E+03	6.502011E-17	9.596575E-19
9.526676E+03	6.502537E-17	9.597356E-19
9.526876E+03	6.503063E-17	9.598137E-19
9.527077E+03	6.503890E-17	9.599363E-19
9.527277E+03	6.504565E-17	9.600365E-19
9.527477E+03	6.505392E-17	9.601587E-19
9.527677E+03	6.506218E-17	9.602807E-19
9.527877E+03	6.507194E-17	9.604250E-19
9.528077E+03	6.508170E-17	9.605692E-19
9.528277E+03	6.509296E-17	9.607352E-19
9.528477E+03	6.510423E-17	9.609014E-19
9.528677E+03	6.511849E-17	9.611116E-19
9.528877E+03	6.513275E-17	9.613221E-19
9.529077E+03	6.514553E-17	9.615101E-19
9.529277E+03	6.515830E-17	9.616981E-19
9.529477E+03	6.516958E-17	9.618640E-19
9.529677E+03	6.518087E-17	9.620300E-19
9.529877E+03	6.519065E-17	9.621736E-19
9.530077E+03	6.520043E-17	9.623171E-19
9.530277E+03	6.520871E-17	9.624384E-19
9.530477E+03	6.522751E-17	9.627149E-19
9.530677E+03	6.524932E-17	9.630356E-19
9.530877E+03	6.525610E-17	9.631345E-19
9.531077E+03	6.524787E-17	9.630118E-19
9.531277E+03	6.524715E-17	9.629999E-19
9.531477E+03	6.522690E-17	9.626995E-19
9.531677E+03	6.521415E-17	9.625098E-19
9.531877E+03	6.522995E-17	9.627414E-19
9.532077E+03	6.524575E-17	9.629731E-19
9.532278E+03	6.525557E-17	9.631160E-19
9.532478E+03	6.526987E-17	9.633252E-19
9.532678E+03	6.528568E-17	9.635566E-19
9.532878E+03	6.530150E-17	9.637881E-19
9.533078E+03	6.531281E-17	9.639528E-19
9.533278E+03	6.531961E-17	9.640509E-19
9.533478E+03	6.532340E-17	9.641045E-19
9.533678E+03	6.531365E-17	9.639584E-19
9.533878E+03	6.530391E-17	9.638120E-19
9.534078E+03	6.531222E-17	9.639320E-19
9.534278E+03	6.532203E-17	9.640741E-19
9.534478E+03	6.532131E-17	9.640609E-19
9.534678E+03	6.530556E-17	9.638254E-19
9.534878E+03	6.528679E-17	9.635455E-19
9.535078E+03	6.527104E-17	9.633100E-19
9.535278E+03	6.526281E-17	9.631856E-19
9.535478E+03	6.525609E-17	9.630830E-19
9.535678E+03	6.524636E-17	9.629361E-19
9.535878E+03	6.524264E-17	9.628778E-19
9.536078E+03	6.525094E-17	9.629970E-19
9.536278E+03	6.525474E-17	9.630493E-19
9.536478E+03	6.524802E-17	9.629464E-19
9.536678E+03	6.524430E-17	9.628879E-19
9.536878E+03	6.524358E-17	9.628736E-19
9.537078E+03	6.523837E-17	9.627927E-19
9.537278E+03	6.517159E-17	9.618031E-19
9.537479E+03	6.508242E-17	9.604830E-19
9.537679E+03	6.502629E-17	9.596506E-19
9.537879E+03	6.497619E-17	9.589068E-19
9.538079E+03	6.496501E-17	9.587375E-19
9.538279E+03	6.497179E-17	9.588331E-19
9.538478E+03	6.503543E-17	9.597679E-19
9.538678E+03	6.510515E-17	9.607921E-19
9.538879E+03	6.517344E-17	9.617951E-19
9.539078E+03	6.523879E-17	9.627548E-19
9.539279E+03	6.530573E-17	9.637378E-19
9.539478E+03	6.536669E-17	9.646323E-19
9.539678E+03	6.542622E-17	9.655056E-19
9.539878E+03	6.548429E-17	9.663575E-19
9.540078E+03	6.553939E-17	9.671654E-19
9.540278E+03	6.559001E-17	9.679069E-19
9.540478E+03	6.563916E-17	9.686267E-19
9.540678E+03	6.568684E-17	9.693248E-19
9.540878E+03	6.573151E-17	9.699786E-19
9.541078E+03	6.577320E-17	9.705878E-19
9.541278E+03	6.580279E-17	9.710186E-19
9.541478E+03	6.582481E-17	9.713376E-19
9.541678E+03	6.583623E-17	9.715002E-19
9.541878E+03	6.584614E-17	9.716402E-19
9.542078E+03	6.583482E-17	9.714669E-19
9.542278E+03	6.584927E-17	9.716739E-19
9.542478E+03	6.586828E-17	9.719481E-19
9.542679E+03	6.588427E-17	9.721774E-19
9.542879E+03	6.585172E-17	9.716905E-19
9.543079E+03	6.578887E-17	9.707565E-19
9.543279E+03	6.584424E-17	9.715668E-19
9.543479E+03	6.588297E-17	9.721314E-19
9.543679E+03	6.589895E-17	9.723602E-19
9.543879E+03	6.589977E-17	9.723652E-19
9.544079E+03	6.586721E-17	9.718779E-19
9.544279E+03	6.587409E-17	9.719720E-19
9.544479E+03	6.588704E-17	9.721558E-19
9.544679E+03	6.589696E-17	9.722948E-19
9.544879E+03	6.589778E-17	9.722994E-19
9.545079E+03	6.589253E-17	9.722142E-19
9.545279E+03	6.588880E-17	9.721515E-19
9.545479E+03	6.588354E-17	9.720663E-19
9.545679E+03	6.589498E-17	9.722272E-19
9.545879E+03	6.591249E-17	9.724776E-19
9.546079E+03	6.592393E-17	9.726383E-19
9.546279E+03	6.592779E-17	9.726871E-19
9.546479E+03	6.591950E-17	9.725567E-19
9.546679E+03	6.590515E-17	9.723365E-19
9.546879E+03	6.590142E-17	9.722730E-19
9.547079E+03	6.590376E-17	9.722990E-19
9.547279E+03	6.589244E-17	9.721236E-19
9.547479E+03	6.587961E-17	9.719255E-19
9.547679E+03	6.589105E-17	9.720855E-19
9.547879E+03	6.593285E-17	9.726933E-19
9.548080E+03	6.593977E-17	9.727864E-19
9.548280E+03	6.597552E-17	9.733047E-19
9.548480E+03	6.595964E-17	9.730612E-19
9.548680E+03	6.593920E-17	9.727505E-19
9.548880E+03	6.591271E-17	9.723505E-19
9.549080E+03	6.592719E-17	9.725546E-19
9.549280E+03	6.591436E-17	9.723557E-19
9.549480E+03	6.588029E-17	9.718436E-19
9.549680E+03	6.584775E-17	9.713540E-19
9.549880E+03	6.582433E-17	9.709986E-19
9.550080E+03	6.580091E-17	9.706432E-19
9.550280E+03	6.578205E-17	9.703551E-19
9.550480E+03	6.577076E-17	9.701785E-19
9.550680E+03	6.575342E-17	9.699124E-19
9.550880E+03	6.573608E-17	9.696465E-19
9.551080E+03	6.572480E-17	9.694698E-19
9.551280E+03	6.573018E-17	9.695388E-19
9.551479E+03	6.573099E-17	9.695402E-19
9.551680E+03	6.572881E-17	9.694974E-19
9.551879E+03	6.572963E-17	9.694989E-19
9.552079E+03	6.572441E-17	9.694112E-19
9.552280E+03	6.570861E-17	9.691670E-19
9.552479E+03	6.568976E-17	9.688782E-19
9.552679E+03	6.566489E-17	9.685003E-19
9.552879E+03	6.563700E-17	9.680779E-19
9.553079E+03	6.561215E-17	9.677000E-19
9.553280E+03	6.560091E-17	9.675228E-19
9.553480E+03	6.560023E-17	9.675014E-19
9.553680E+03	6.559805E-17	9.674578E-19
9.553880E+03	6.559888E-17	9.674584E-19
9.554080E+03	6.559821E-17	9.674368E-19
9.554280E+03	6.559300E-17	9.673482E-19
9.554480E+03	6.558931E-17	9.672820E-19
9.554680E+03	6.558562E-17	9.672155E-19
9.554880E+03	6.558042E-17	9.671266E-19
9.555080E+03	6.557370E-17	9.670155E-19
9.555280E+03	6.556549E-17	9.668823E-19
9.555480E+03	6.555727E-17	9.667486E-19
9.555680E+03	6.554453E-17	9.665482E-19
9.555880E+03	6.553179E-17	9.663478E-19
9.556080E+03	6.551905E-17	9.661475E-19
9.556280E+03	6.550330E-17	9.659024E-19
9.556480E+03	6.548604E-17	9.656351E-19
9.556680E+03	6.546276E-17	9.652790E-19
9.556880E+03	6.544552E-17	9.650119E-19
9.557080E+03	6.544033E-17	9.649222E-19
9.557280E+03	6.544570E-17	9.649881E-19
9.557480E+03	6.543147E-17	9.647652E-19
9.557680E+03	6.542930E-17	9.647199E-19
9.557880E+03	6.544069E-17	9.648743E-19
9.558080E+03	6.545963E-17	9.651399E-19
9.558280E+03	6.547705E-17	9.653832E-19
9.558481E+03	6.550354E-17	9.657602E-19
9.558681E+03	6.552853E-17	9.661147E-19
9.558881E+03	6.555654E-17	9.665137E-19
9.559081E+03	6.558155E-17	9.668684E-19
9.559281E+03	6.560354E-17	9.671786E-19
9.559481E+03	6.562253E-17	9.674441E-19
9.559681E+03	6.563849E-17	9.676651E-19
9.559881E+03	6.564993E-17	9.678193E-19
9.560081E+03	6.565834E-17	9.679289E-19
9.560281E+03	6.566373E-17	9.679936E-19
9.560481E+03	6.566458E-17	9.679914E-19
9.560681E+03	6.566241E-17	9.679447E-19
9.560881E+03	6.566024E-17	9.678980E-19
9.561081E+03	6.565959E-17	9.678733E-19
9.561281E+03	6.565591E-17	9.678039E-19
9.561481E+03	6.565828E-17	9.678237E-19
9.561681E+03	6.566519E-17	9.679104E-19
9.561881E+03	6.567815E-17	9.680859E-19
9.562081E+03	6.568959E-17	9.682390E-19
9.562281E+03	6.568591E-17	9.681693E-19
9.562481E+03	6.568375E-17	9.681219E-19
9.562681E+03	6.567857E-17	9.680296E-19
9.562881E+03	6.567187E-17	9.679150E-19
9.563081E+03	6.567273E-17	9.679118E-19
9.563281E+03	6.567812E-17	9.679754E-19
9.563481E+03	6.567748E-17	9.679497E-19
9.563682E+03	6.567231E-17	9.678571E-19
9.563882E+03	6.568376E-17	9.680096E-19
9.564082E+03	6.569521E-17	9.681621E-19
9.564281E+03	6.570364E-17	9.682697E-19
9.564481E+03	6.571056E-17	9.683550E-19
9.564682E+03	6.571749E-17	9.684404E-19
9.564881E+03	6.572591E-17	9.685479E-19
9.565082E+03	6.573284E-17	9.686330E-19
9.565281E+03	6.573825E-17	9.686956E-19
9.565481E+03	6.574669E-17	9.688029E-19
9.565681E+03	6.575209E-17	9.688656E-19
9.565881E+03	6.575751E-17	9.689280E-19
9.566081E+03	6.576142E-17	9.689681E-19
9.566281E+03	6.576834E-17	9.690527E-19
9.566481E+03	6.577830E-17	9.691820E-19
9.566681E+03	6.577464E-17	9.691102E-19
9.566881E+03	6.577854E-17	9.691499E-19
9.567081E+03	6.579608E-17	9.693905E-19
9.567281E+03	6.581059E-17	9.695864E-19
9.567481E+03	6.579481E-17	9.693357E-19
9.567681E+03	6.578508E-17	9.691742E-19
9.567881E+03	6.579051E-17	9.692359E-19
9.568081E+03	6.579138E-17	9.692306E-19
9.568281E+03	6.579075E-17	9.692027E-19
9.568481E+03	6.578709E-17	9.691301E-19
9.568681E+03	6.578342E-17	9.690576E-19
9.568882E+03	6.577674E-17	9.689405E-19
9.569082E+03	6.576854E-17	9.688007E-19
9.569282E+03	6.574671E-17	9.684602E-19
9.569482E+03	6.570673E-17	9.678523E-19
9.569682E+03	6.568492E-17	9.675121E-19
9.569882E+03	6.566162E-17	9.671495E-19
9.570082E+03	6.562622E-17	9.666089E-19
9.570282E+03	6.561502E-17	9.664245E-19
9.570482E+03	6.562345E-17	9.665295E-19
9.570682E+03	6.562434E-17	9.665229E-19
9.570882E+03	6.561919E-17	9.664273E-19
9.571082E+03	6.559892E-17	9.661091E-19
9.571282E+03	6.557262E-17	9.657021E-19
9.571482E+03	6.556144E-17	9.655174E-19
9.571682E+03	6.556081E-17	9.654881E-19
9.571882E+03	6.557227E-17	9.656368E-19
9.572082E+03	6.557165E-17	9.656076E-19
9.572282E+03	6.555141E-17	9.652891E-19
9.572482E+03	6.553721E-17	9.650595E-19
9.572682E+03	6.555621E-17	9.653189E-19
9.572882E+03	6.555710E-17	9.653116E-19
9.573082E+03	6.555498E-17	9.652594E-19
9.573282E+03	6.558153E-17	9.656296E-19
9.573482E+03	6.555978E-17	9.652886E-19
9.573682E+03	6.553652E-17	9.649253E-19
9.573882E+03	6.552384E-17	9.647173E-19
9.574082E+03	6.548854E-17	9.641764E-19
9.574283E+03	6.546381E-17	9.637911E-19
9.574483E+03	6.547979E-17	9.640050E-19
9.574683E+03	6.548068E-17	9.639967E-19
9.574883E+03	6.548309E-17	9.640105E-19
9.575083E+03	6.548097E-17	9.639578E-19
9.575283E+03	6.547886E-17	9.639051E-19
9.575483E+03	6.547975E-17	9.638963E-19
9.575683E+03	6.548820E-17	9.639986E-19
9.575883E+03	6.549362E-17	9.640565E-19
9.576083E+03	6.550206E-17	9.641587E-19
9.576283E+03	6.551051E-17	9.642608E-19
9.576483E+03	6.551442E-17	9.642961E-19
9.576683E+03	6.551080E-17	9.642204E-19
9.576883E+03	6.550718E-17	9.641448E-19
9.577083E+03	6.552317E-17	9.643574E-19
9.577282E+03	6.554972E-17	9.647255E-19
9.577483E+03	6.555064E-17	9.647161E-19
9.577683E+03	6.554099E-17	9.645513E-19
9.577882E+03	6.554339E-17	9.645637E-19
9.578083E+03	6.555337E-17	9.646873E-19
9.578282E+03	6.555880E-17	9.647441E-19
9.578483E+03	6.556575E-17	9.648232E-19
9.578682E+03	6.558327E-17	9.650575E-19
9.578882E+03	6.560079E-17	9.652918E-19
9.579082E+03	6.561379E-17	9.654595E-19
9.579282E+03	6.563133E-17	9.656940E-19
9.579483E+03	6.564888E-17	9.659282E-19
9.579683E+03	6.566038E-17	9.660735E-19
9.579883E+03	6.566129E-17	9.660629E-19
9.580083E+03	6.565767E-17	9.659857E-19
9.580283E+03	6.565708E-17	9.659527E-19
9.580483E+03	6.565952E-17	9.659641E-19
9.580683E+03	6.565892E-17	9.659310E-19
9.580883E+03	6.565984E-17	9.659202E-19
9.581083E+03	6.567135E-17	9.660647E-19
9.581283E+03	6.569344E-17	9.663650E-19
9.581483E+03	6.571706E-17	9.666876E-19
9.581683E+03	6.572706E-17	9.668100E-19
9.581883E+03	6.573102E-17	9.668431E-19
9.582083E+03	6.573800E-17	9.669206E-19
9.582283E+03	6.574801E-17	9.670426E-19
9.582483E+03	6.575954E-17	9.671870E-19
9.582683E+03	6.576804E-17	9.672865E-19
9.582883E+03	6.577350E-17	9.673413E-19
9.583083E+03	6.577595E-17	9.673517E-19
9.583283E+03	6.577082E-17	9.672508E-19
9.583483E+03	6.576570E-17	9.671495E-19
9.583683E+03	6.576209E-17	9.670704E-19
9.583883E+03	6.577211E-17	9.671918E-19
9.584083E+03	6.578061E-17	9.672909E-19
9.584283E+03	6.578761E-17	9.673674E-19
9.584483E+03	6.579612E-17	9.674662E-19
9.584684E+03	6.580464E-17	9.675650E-19
9.584884E+03	6.581467E-17	9.676861E-19
9.585084E+03	6.581864E-17	9.677177E-19
9.585284E+03	6.582868E-17	9.678385E-19
9.585484E+03	6.583871E-17	9.679592E-19
9.585684E+03	6.582904E-17	9.677903E-19
9.585884E+03	6.583604E-17	9.678661E-19
9.586084E+03	6.585821E-17	9.681648E-19
9.586284E+03	6.587735E-17	9.684190E-19
9.586484E+03	6.589044E-17	9.685842E-19
9.586684E+03	6.590200E-17	9.687266E-19
9.586884E+03	6.591812E-17	9.689359E-19
9.587084E+03	6.590693E-17	9.687439E-19
9.587284E+03	6.590940E-17	9.687525E-19
9.587484E+03	6.591186E-17	9.687608E-19
9.587684E+03	6.591129E-17	9.687244E-19
9.587884E+03	6.591983E-17	9.688219E-19
9.588084E+03	6.592989E-17	9.689417E-19
9.588284E+03	6.593388E-17	9.689720E-19
9.588484E+03	6.593179E-17	9.689129E-19
9.588684E+03	6.592364E-17	9.687647E-19
9.588884E+03	6.591397E-17	9.685942E-19
9.589084E+03	6.592099E-17	9.686686E-19
9.589284E+03	6.592954E-17	9.687654E-19
9.589484E+03	6.593808E-17	9.688622E-19
9.589684E+03	6.594208E-17	9.688921E-19
9.589885E+03	6.594153E-17	9.688548E-19
9.590085E+03	6.594856E-17	9.689288E-19
9.590285E+03	6.596623E-17	9.691593E-19
9.590485E+03	6.598086E-17	9.693449E-19
9.590684E+03	6.599701E-17	9.695527E-19
9.590885E+03	6.601773E-17	9.698275E-19
9.591085E+03	6.603238E-17	9.700130E-19
9.591284E+03	6.604398E-17	9.701538E-19
9.591485E+03	6.605713E-17	9.703169E-19
9.591684E+03	6.607330E-17	9.705244E-19
9.591884E+03	6.609556E-17	9.708214E-19
9.592084E+03	6.610262E-17	9.708950E-19
9.592284E+03	6.610359E-17	9.708788E-19
9.592484E+03	6.610913E-17	9.709297E-19
9.592684E+03	6.611619E-17	9.710030E-19
9.592884E+03	6.612477E-17	9.710985E-19
9.593084E+03	6.613488E-17	9.712162E-19
9.593284E+03	6.614347E-17	9.713113E-19
9.593484E+03	6.615358E-17	9.714290E-19
9.593684E+03	6.616522E-17	9.715690E-19
9.593884E+03	6.617534E-17	9.716864E-19
9.594084E+03	6.618851E-17	9.718484E-19
9.594284E+03	6.620015E-17	9.719881E-19
9.594484E+03	6.621028E-17	9.721055E-19
9.594684E+03	6.622346E-17	9.722672E-19
9.594884E+03	6.623207E-17	9.723620E-19
9.595085E+03	6.624831E-17	9.725686E-19
9.595285E+03	6.626303E-17	9.727529E-19
9.595485E+03	6.628080E-17	9.729816E-19
9.595685E+03	6.630316E-17	9.732776E-19
9.595885E+03	6.632094E-17	9.735064E-19
9.596085E+03	6.633720E-17	9.737130E-19
9.596285E+03	6.635041E-17	9.738743E-19
9.596485E+03	6.636210E-17	9.740133E-19
9.596685E+03	6.637072E-17	9.741073E-19
9.596885E+03	6.638701E-17	9.743137E-19
9.597085E+03	6.641093E-17	9.746318E-19
9.597285E+03	6.644099E-17	9.750398E-19
9.597485E+03	6.646340E-17	9.753357E-19
9.597685E+03	6.648582E-17	9.756318E-19
9.597885E+03	6.651439E-17	9.760174E-19
9.598085E+03	6.654603E-17	9.764482E-19
9.598285E+03	6.657002E-17	9.767668E-19
9.598485E+03	6.658634E-17	9.769728E-19
9.598685E+03	6.661649E-17	9.773811E-19
9.598885E+03	6.663590E-17	9.776321E-19
9.599085E+03	6.662310E-17	9.774102E-19
9.599285E+03	6.660416E-17	9.770985E-19
9.599485E+03	6.659137E-17	9.768765E-19
9.599685E+03	6.657858E-17	9.766546E-19
9.599885E+03	6.656579E-17	9.764326E-19
9.600085E+03	6.655300E-17	9.762108E-19
9.600285E+03	6.653562E-17	9.759212E-19
9.600486E+03	6.651520E-17	9.755867E-19
9.600686E+03	6.648559E-17	9.751178E-19
9.600886E+03	6.645599E-17	9.746490E-19
9.601086E+03	6.642793E-17	9.742024E-19
9.601286E+03	6.639988E-17	9.737561E-19
9.601486E+03	6.637491E-17	9.733548E-19
9.601686E+03	6.634994E-17	9.729536E-19
9.601886E+03	6.632651E-17	9.725747E-19
9.602086E+03	6.630463E-17	9.722184E-19
9.602286E+03	6.628274E-17	9.718621E-19
9.602486E+03	6.626238E-17	9.715283E-19
9.602686E+03	6.624205E-17	9.711944E-19
9.602886E+03	6.622476E-17	9.709051E-19
9.603086E+03	6.620291E-17	9.705491E-19
9.603286E+03	6.618563E-17	9.702601E-19
9.603486E+03	6.618513E-17	9.702166E-19
9.603685E+03	6.620137E-17	9.704187E-19
9.603886E+03	6.621459E-17	9.705763E-19
9.604085E+03	6.621712E-17	9.705774E-19
9.604285E+03	6.622425E-17	9.706453E-19
9.604486E+03	6.622681E-17	9.706461E-19
9.604685E+03	6.623239E-17	9.706915E-19
9.604885E+03	6.624256E-17	9.708040E-19
9.605085E+03	6.623749E-17	9.706926E-19
9.605285E+03	6.619735E-17	9.700675E-19
9.605485E+03	6.618161E-17	9.697999E-19
9.605686E+03	6.618722E-17	9.698449E-19
9.605886E+03	6.620653E-17	9.700906E-19
9.606086E+03	6.622433E-17	9.703141E-19
9.606286E+03	6.623299E-17	9.704035E-19
9.606486E+03	6.623707E-17	9.704259E-19
9.606686E+03	6.624268E-17	9.704704E-19
9.606886E+03	6.624676E-17	9.704923E-19
9.607086E+03	6.624780E-17	9.704697E-19
9.607286E+03	6.625340E-17	9.705141E-19
9.607486E+03	6.626360E-17	9.706252E-19
9.607686E+03	6.627379E-17	9.707362E-19
9.607886E+03	6.628093E-17	9.708026E-19
9.608086E+03	6.627281E-17	9.706455E-19
9.608286E+03	6.626012E-17	9.704210E-19
9.608486E+03	6.625353E-17	9.702859E-19
9.608686E+03	6.625152E-17	9.702179E-19
9.608886E+03	6.624645E-17	9.701051E-19
9.609086E+03	6.624140E-17	9.699921E-19
9.609286E+03	6.624244E-17	9.699683E-19
9.609486E+03	6.625416E-17	9.701009E-19
9.609686E+03	6.626894E-17	9.702783E-19
9.609886E+03	6.628372E-17	9.704553E-19
9.610086E+03	6.629851E-17	9.706323E-19
9.610286E+03	6.629345E-17	9.705188E-19
9.610486E+03	6.626245E-17	9.700255E-19
9.610686E+03	6.626197E-17	9.699787E-19
9.610887E+03	6.626914E-17	9.700436E-19
9.611087E+03	6.627019E-17	9.700191E-19
9.611287E+03	6.626209E-17	9.698607E-19
9.611487E+03	6.626619E-17	9.698805E-19
9.611687E+03	6.627182E-17	9.699227E-19
9.611887E+03	6.624847E-17	9.695407E-19
9.612087E+03	6.622512E-17	9.691588E-19
9.612287E+03	6.621093E-17	9.689104E-19
9.612487E+03	6.623029E-17	9.691531E-19
9.612687E+03	6.626490E-17	9.696189E-19
9.612887E+03	6.629190E-17	9.699733E-19
9.613087E+03	6.630671E-17	9.701489E-19
9.613287E+03	6.629403E-17	9.699223E-19
9.613487E+03	6.624778E-17	9.692047E-19
9.613687E+03	6.624580E-17	9.691346E-19
9.613887E+03	6.627585E-17	9.695328E-19
9.614087E+03	6.626776E-17	9.693730E-19
9.614287E+03	6.623527E-17	9.688562E-19
9.614487E+03	6.622413E-17	9.686518E-19
9.614687E+03	6.623740E-17	9.688040E-19
9.614887E+03	6.624457E-17	9.688670E-19
9.615087E+03	6.622886E-17	9.685954E-19
9.615287E+03	6.619944E-17	9.681232E-19
9.615487E+03	6.617308E-17	9.676956E-19
9.615687E+03	6.616653E-17	9.675576E-19
9.615887E+03	6.616912E-17	9.675533E-19
9.616088E+03	6.616716E-17	9.674821E-19
9.616288E+03	6.615910E-17	9.673216E-19
9.616487E+03	6.615254E-17	9.671833E-19
9.616688E+03	6.615820E-17	9.672232E-19
9.616888E+03	6.616385E-17	9.672631E-19
9.617087E+03	6.616948E-17	9.673027E-19
9.617288E+03	6.618124E-17	9.674312E-19
9.617487E+03	6.618231E-17	9.674040E-19
9.617688E+03	6.618492E-17	9.673990E-19
9.617887E+03	6.623935E-17	9.681512E-19
9.618087E+03	6.629842E-17	9.689711E-19
9.618287E+03	6.631630E-17	9.691888E-19
9.618487E+03	6.632655E-17	9.692950E-19
9.618687E+03	6.633833E-17	9.694233E-19
9.618887E+03	6.635316E-17	9.695960E-19
9.619087E+03	6.636648E-17	9.697466E-19
9.619287E+03	6.637062E-17	9.697631E-19
9.619487E+03	6.638242E-17	9.698910E-19
9.619687E+03	6.640186E-17	9.701306E-19
9.619887E+03	6.640448E-17	9.701245E-19
9.620087E+03	6.640557E-17	9.700960E-19
9.620287E+03	6.639750E-17	9.699333E-19
9.620487E+03	6.639707E-17	9.698821E-19
9.620687E+03	6.641652E-17	9.701214E-19
9.620887E+03	6.644362E-17	9.704723E-19
9.621087E+03	6.644931E-17	9.705102E-19
9.621288E+03	6.643819E-17	9.703023E-19
9.621488E+03	6.643776E-17	9.702507E-19
9.621688E+03	6.643427E-17	9.701545E-19
9.621888E+03	6.642315E-17	9.699463E-19
9.622088E+03	6.641201E-17	9.697380E-19
9.622288E+03	6.639630E-17	9.694630E-19
9.622488E+03	6.638824E-17	9.692996E-19
9.622688E+03	6.638781E-17	9.692473E-19
9.622888E+03	6.640422E-17	9.694407E-19
9.623088E+03	6.642520E-17	9.697009E-19
9.623288E+03	6.643855E-17	9.698497E-19
9.623488E+03	6.647027E-17	9.702661E-19
9.623688E+03	6.650047E-17	9.706605E-19
9.623888E+03	6.652916E-17	9.710326E-19
9.624088E+03	6.655325E-17	9.713377E-19
9.624288E+03	6.657277E-17	9.715754E-19
9.624488E+03	6.658155E-17	9.716566E-19
9.624688E+03	6.659801E-17	9.718497E-19
9.624888E+03	6.661447E-17	9.720428E-19
9.625088E+03	6.662632E-17	9.721683E-19
9.625288E+03	6.663819E-17	9.722940E-19
9.625488E+03	6.664546E-17	9.723525E-19
9.625688E+03	6.665118E-17	9.723886E-19
9.625888E+03	6.665691E-17	9.724242E-19
9.626088E+03	6.665958E-17	9.724152E-19
9.626288E+03	6.666224E-17	9.724061E-19
9.626488E+03	6.666491E-17	9.723971E-19
9.626689E+03	6.667220E-17	9.724548E-19
9.626889E+03	6.667640E-17	9.724678E-19
9.627089E+03	6.669136E-17	9.726375E-19
9.627289E+03	6.671400E-17	9.729194E-19
9.627489E+03	6.670438E-17	9.727303E-19
9.627689E+03	6.669477E-17	9.725413E-19
9.627889E+03	6.668209E-17	9.723076E-19
9.628089E+03	6.667402E-17	9.721412E-19
9.628289E+03	6.667516E-17	9.721087E-19
9.628489E+03	6.667937E-17	9.721209E-19
9.628689E+03	6.667898E-17	9.720660E-19
9.628889E+03	6.668166E-17	9.720558E-19
9.629089E+03	6.668434E-17	9.720453E-19
9.629289E+03	6.668241E-17	9.719676E-19
9.629489E+03	6.668509E-17	9.719571E-19
9.629689E+03	6.668317E-17	9.718795E-19
9.629888E+03	6.667510E-17	9.717120E-19
9.630088E+03	6.666550E-17	9.715221E-19
9.630289E+03	6.665592E-17	9.713323E-19
9.630488E+03	6.665706E-17	9.712991E-19
9.630689E+03	6.666130E-17	9.713102E-19
9.630888E+03	6.665783E-17	9.712095E-19
9.631088E+03	6.667127E-17	9.713548E-19
9.631288E+03	6.667856E-17	9.714106E-19
9.631488E+03	6.667051E-17	9.712425E-19
9.631688E+03	6.669010E-17	9.714770E-19
9.631889E+03	6.670509E-17	9.716442E-19
9.632089E+03	6.672161E-17	9.718339E-19
9.632289E+03	6.673507E-17	9.719787E-19
9.632489E+03	6.674391E-17	9.720562E-19
9.632689E+03	6.675430E-17	9.721561E-19
9.632889E+03	6.674931E-17	9.720322E-19
9.633089E+03	6.672436E-17	9.716172E-19
9.633289E+03	6.674397E-17	9.718509E-19
9.633489E+03	6.676665E-17	9.721294E-19
9.633689E+03	6.676936E-17	9.721171E-19
9.633889E+03	6.676285E-17	9.719701E-19
9.634089E+03	6.677171E-17	9.720469E-19
9.634289E+03	6.678672E-17	9.722133E-19
9.634489E+03	6.678943E-17	9.722006E-19
9.634689E+03	6.679215E-17	9.721875E-19
9.634889E+03	6.680255E-17	9.722863E-19
9.635089E+03	6.681758E-17	9.724523E-19
9.635289E+03	6.682799E-17	9.725512E-19
9.635489E+03	6.683378E-17	9.725825E-19
9.635689E+03	6.683959E-17	9.726138E-19
9.635889E+03	6.683923E-17	9.725555E-19
9.636089E+03	6.684657E-17	9.726093E-19
9.636289E+03	6.685853E-17	9.727298E-19
9.636489E+03	6.686126E-17	9.727160E-19
9.636689E+03	6.686707E-17	9.727470E-19
9.636889E+03	6.686364E-17	9.726436E-19
9.637090E+03	6.686177E-17	9.725621E-19
9.637290E+03	6.685833E-17	9.724583E-19
9.637490E+03	6.685645E-17	9.723769E-19
9.637690E+03	6.685457E-17	9.722956E-19
9.637890E+03	6.685422E-17	9.722363E-19
9.638090E+03	6.685234E-17	9.721545E-19
9.638290E+03	6.685200E-17	9.720952E-19
9.638490E+03	6.685011E-17	9.720135E-19
9.638690E+03	6.685131E-17	9.719762E-19
9.638890E+03	6.685867E-17	9.720283E-19
9.639090E+03	6.688143E-17	9.723044E-19
9.639290E+03	6.686569E-17	9.720210E-19
9.639490E+03	6.685920E-17	9.718713E-19
9.639690E+03	6.685578E-17	9.717665E-19
9.639890E+03	6.686622E-17	9.718631E-19
9.640090E+03	6.687667E-17	9.719598E-19
9.640290E+03	6.687480E-17	9.718769E-19
9.640490E+03	6.684984E-17	9.714585E-19
9.640690E+03	6.683258E-17	9.711521E-19
9.640890E+03	6.684764E-17	9.713154E-19
9.641090E+03	6.686886E-17	9.715677E-19
9.641290E+03	6.686854E-17	9.715070E-19
9.641490E+03	6.685589E-17	9.712673E-19
9.641690E+03	6.684941E-17	9.711171E-19
9.641890E+03	6.685987E-17	9.712125E-19
9.642090E+03	6.687494E-17	9.713750E-19
9.642291E+03	6.688387E-17	9.714480E-19
9.642491E+03	6.690203E-17	9.716553E-19
9.642691E+03	6.692791E-17	9.719742E-19
9.642890E+03	6.695070E-17	9.722485E-19
9.643091E+03	6.697815E-17	9.725899E-19
9.643290E+03	6.700559E-17	9.729316E-19
9.643490E+03	6.702688E-17	9.731833E-19
9.643691E+03	6.704819E-17	9.734350E-19
9.643890E+03	6.706793E-17	9.736644E-19
9.644090E+03	6.709079E-17	9.739387E-19
9.644290E+03	6.712448E-17	9.743698E-19
9.644490E+03	6.715354E-17	9.747338E-19
9.644690E+03	6.718725E-17	9.751651E-19
9.644890E+03	6.723182E-17	9.757540E-19
9.645090E+03	6.727333E-17	9.762979E-19
9.645290E+03	6.731021E-17	9.767746E-19
9.645490E+03	6.734556E-17	9.772291E-19
9.645690E+03	6.737627E-17	9.776161E-19
9.645890E+03	6.740546E-17	9.779806E-19
9.646090E+03	6.743000E-17	9.782775E-19
9.646290E+03	6.745144E-17	9.785295E-19
9.646490E+03	6.747132E-17	9.787589E-19
9.646690E+03	6.748812E-17	9.789430E-19
9.646890E+03	6.749559E-17	9.789919E-19
9.647090E+03	6.750462E-17	9.790634E-19
9.647290E+03	6.752454E-17	9.792926E-19
9.647491E+03	6.754603E-17	9.795440E-19
9.647691E+03	6.756284E-17	9.797278E-19
9.647891E+03	6.757344E-17	9.798214E-19
9.648091E+03	6.758093E-17	9.798700E-19
9.648291E+03	6.758843E-17	9.799182E-19
9.648491E+03	6.760682E-17	9.801244E-19
9.648691E+03	6.764390E-17	9.806014E-19
9.648891E+03	6.766853E-17	9.808980E-19
9.649091E+03	6.768850E-17	9.811265E-19
9.649291E+03	6.771005E-17	9.813778E-19
9.649491E+03	6.772379E-17	9.815160E-19
9.649691E+03	6.772663E-17	9.814961E-19
9.649891E+03	6.774351E-17	9.816792E-19
9.650091E+03	6.776663E-17	9.819529E-19
9.650291E+03	6.780537E-17	9.824526E-19
9.650491E+03	6.785976E-17	9.831791E-19
9.650691E+03	6.790169E-17	9.837246E-19
9.650891E+03	6.793895E-17	9.842023E-19
9.651091E+03	6.798249E-17	9.847710E-19
9.651291E+03	6.804328E-17	9.855894E-19
9.651491E+03	6.810415E-17	9.864084E-19
9.651691E+03	6.813681E-17	9.868188E-19
9.651891E+03	6.815380E-17	9.870022E-19
9.652091E+03	6.817080E-17	9.871856E-19
9.652291E+03	6.818466E-17	9.873232E-19
9.652491E+03	6.819695E-17	9.874380E-19
9.652691E+03	6.820768E-17	9.875302E-19
9.652892E+03	6.821528E-17	9.875767E-19
9.653092E+03	6.822130E-17	9.876003E-19
9.653292E+03	6.822260E-17	9.875555E-19
9.653492E+03	6.822234E-17	9.874881E-19
9.653692E+03	6.823151E-17	9.875572E-19
9.653892E+03	6.823754E-17	9.875804E-19
9.654092E+03	6.822471E-17	9.873307E-19
9.654292E+03	6.824016E-17	9.874902E-19
9.654492E+03	6.828077E-17	9.880138E-19
9.654692E+03	6.832298E-17	9.885600E-19
9.654892E+03	6.836207E-17	9.890610E-19
9.655092E+03	6.840590E-17	9.896304E-19
9.655292E+03	6.844346E-17	9.901091E-19
9.655492E+03	6.847001E-17	9.904280E-19
9.655692E+03	6.845715E-17	9.901769E-19
9.655891E+03	6.844270E-17	9.899032E-19
9.656092E+03	6.842828E-17	9.896292E-19
9.656291E+03	6.841385E-17	9.893553E-19
9.656492E+03	6.839944E-17	9.890811E-19
9.656692E+03	6.838503E-17	9.888071E-19
9.656891E+03	6.837218E-17	9.885562E-19
9.657091E+03	6.835777E-17	9.882820E-19
9.657291E+03	6.834494E-17	9.880306E-19
9.657491E+03	6.833211E-17	9.877792E-19
9.657691E+03	6.831614E-17	9.874825E-19
9.657891E+03	6.830647E-17	9.872765E-19
9.658092E+03	6.829524E-17	9.870476E-19
9.658292E+03	6.828715E-17	9.868643E-19
9.658492E+03	6.828692E-17	9.867947E-19
9.658692E+03	6.831657E-17	9.871564E-19
9.658892E+03	6.833522E-17	9.873592E-19
9.659092E+03	6.835230E-17	9.875392E-19
9.659292E+03	6.837411E-17	9.877876E-19
9.659492E+03	6.840381E-17	9.881494E-19
9.659692E+03	6.842879E-17	9.884430E-19
9.659892E+03	6.843802E-17	9.885090E-19
9.660092E+03	6.843780E-17	9.884386E-19
9.660292E+03	6.846438E-17	9.887547E-19
9.660492E+03	6.848938E-17	9.890481E-19
9.660692E+03	6.847497E-17	9.887722E-19
9.660892E+03	6.846372E-17	9.885420E-19
9.661092E+03	6.846351E-17	9.884708E-19
9.661292E+03	6.846487E-17	9.884222E-19
9.661492E+03	6.847253E-17	9.884648E-19
9.661692E+03	6.849439E-17	9.887121E-19
9.661892E+03	6.851627E-17	9.889593E-19
9.662092E+03	6.852238E-17	9.889787E-19
9.662292E+03	6.853163E-17	9.890437E-19
9.662492E+03	6.852511E-17	9.888809E-19
9.662692E+03	6.856437E-17	9.893783E-19
9.662892E+03	6.860997E-17	9.899671E-19
9.663092E+03	6.863662E-17	9.902825E-19
9.663293E+03	6.864591E-17	9.903470E-19
9.663493E+03	6.860621E-17	9.897046E-19
9.663693E+03	6.856337E-17	9.890170E-19
9.663893E+03	6.852530E-17	9.883983E-19
9.664093E+03	6.849197E-17	9.878482E-19
9.664293E+03	6.847128E-17	9.874798E-19
9.664493E+03	6.846793E-17	9.873616E-19
9.664693E+03	6.844725E-17	9.869935E-19
9.664893E+03	6.841239E-17	9.864210E-19
9.665093E+03	6.838228E-17	9.859165E-19
9.665293E+03	6.836792E-17	9.856394E-19
9.665493E+03	6.837875E-17	9.857252E-19
9.665693E+03	6.838014E-17	9.856750E-19
9.665893E+03	6.835634E-17	9.852613E-19
9.666093E+03	6.833885E-17	9.849386E-19
9.666293E+03	6.834024E-17	9.848880E-19
9.666493E+03	6.835108E-17	9.849735E-19
9.666693E+03	6.834932E-17	9.848771E-19
9.666893E+03	6.834442E-17	9.847355E-19
9.667093E+03	6.835369E-17	9.847979E-19
9.667293E+03	6.836925E-17	9.849511E-19
9.667493E+03	6.837853E-17	9.850131E-19
9.667693E+03	6.838780E-17	9.850752E-19
9.667893E+03	6.840653E-17	9.852734E-19
9.668093E+03	6.844416E-17	9.857438E-19
9.668293E+03	6.845818E-17	9.858737E-19
9.668494E+03	6.844385E-17	9.855949E-19
9.668694E+03	6.843738E-17	9.854297E-19
9.668894E+03	6.848293E-17	9.860134E-19
9.669094E+03	6.851746E-17	9.864381E-19
9.669293E+03	6.851413E-17	9.863180E-19
9.669494E+03	6.849348E-17	9.859477E-19
9.669693E+03	6.848384E-17	9.857369E-19
9.669894E+03	6.848527E-17	9.856842E-19
9.670093E+03	6.849299E-17	9.857227E-19
9.670293E+03	6.849756E-17	9.857155E-19
9.670493E+03	6.849109E-17	9.855495E-19
9.670693E+03	6.849883E-17	9.855875E-19
9.670893E+03	6.851445E-17	9.857388E-19
9.671093E+03	6.850957E-17	9.855951E-19
9.671293E+03	6.852835E-17	9.857919E-19
9.671493E+03	6.852978E-17	9.857386E-19
9.671693E+03	6.853910E-17	9.857988E-19
9.671893E+03	6.856106E-17	9.860407E-19
9.672093E+03	6.857038E-17	9.861009E-19
9.672293E+03	6.855288E-17	9.857749E-19
9.672493E+03	6.854168E-17	9.855396E-19
9.672693E+03	6.856207E-17	9.857584E-19
9.672893E+03	6.856508E-17	9.857274E-19
9.673093E+03	6.857600E-17	9.858096E-19
9.673293E+03	6.860745E-17	9.861869E-19
9.673493E+03	6.861364E-17	9.862010E-19
9.673694E+03	6.861035E-17	9.860786E-19
9.673894E+03	6.860233E-17	9.858880E-19
9.674094E+03	6.859114E-17	9.856521E-19
9.674294E+03	6.859101E-17	9.855750E-19
9.674494E+03	6.859087E-17	9.854978E-19
9.674694E+03	6.858759E-17	9.853750E-19
9.674894E+03	6.859378E-17	9.853883E-19
9.675094E+03	6.860314E-17	9.854471E-19
9.675294E+03	6.859038E-17	9.851880E-19
9.675494E+03	6.857131E-17	9.848381E-19
9.675694E+03	6.856645E-17	9.846922E-19
9.675894E+03	6.858055E-17	9.848186E-19
9.676094E+03	6.858359E-17	9.847862E-19
9.676294E+03	6.856610E-17	9.844586E-19
9.676494E+03	6.856441E-17	9.843578E-19
9.676694E+03	6.857061E-17	9.843704E-19
9.676894E+03	6.857050E-17	9.842922E-19
9.677094E+03	6.857355E-17	9.842591E-19
9.677294E+03	6.858133E-17	9.842939E-19
9.677494E+03	6.858281E-17	9.842381E-19
9.677694E+03	6.858111E-17	9.841368E-19
9.677894E+03	6.859049E-17	9.841940E-19
9.678094E+03	6.859828E-17	9.842284E-19
9.678294E+03	6.859186E-17	9.840589E-19
9.678494E+03	6.859176E-17	9.839800E-19
9.678694E+03	6.860114E-17	9.840368E-19
9.678894E+03	6.860894E-17	9.840708E-19
9.679095E+03	6.860569E-17	9.839461E-19
9.679295E+03	6.860559E-17	9.838668E-19
9.679495E+03	6.863237E-17	9.841725E-19
9.679695E+03	6.864334E-17	9.842515E-19
9.679895E+03	6.864798E-17	9.842398E-19
9.680095E+03	6.866213E-17	9.843642E-19
9.680295E+03	6.868260E-17	9.845789E-19
9.680495E+03	6.870149E-17	9.847708E-19
9.680695E+03	6.870931E-17	9.848042E-19
9.680895E+03	6.872663E-17	9.849736E-19
9.681095E+03	6.875346E-17	9.852788E-19
9.681295E+03	6.877554E-17	9.855159E-19
9.681495E+03	6.879288E-17	9.856850E-19
9.681695E+03	6.880706E-17	9.858088E-19
9.681895E+03	6.881174E-17	9.857960E-19
9.682094E+03	6.883225E-17	9.860104E-19
9.682294E+03	6.883375E-17	9.859522E-19
9.682495E+03	6.882894E-17	9.858030E-19
9.682694E+03	6.883361E-17	9.857901E-19
9.682895E+03	6.884782E-17	9.859129E-19
9.683094E+03	6.884932E-17	9.858545E-19
9.683294E+03	6.884291E-17	9.856824E-19
9.683494E+03	6.885712E-17	9.858051E-19
9.683694E+03	6.887767E-17	9.860185E-19
9.683894E+03	6.889981E-17	9.862547E-19
9.684094E+03	6.892037E-17	9.864683E-19
9.684295E+03	6.892985E-17	9.865223E-19
9.684495E+03	6.892979E-17	9.864402E-19
9.684695E+03	6.894402E-17	9.865626E-19
9.684895E+03	6.897095E-17	9.868667E-19
9.685095E+03	6.899631E-17	9.871478E-19
9.685295E+03	6.900421E-17	9.871790E-19
9.685495E+03	6.900733E-17	9.871419E-19
9.685695E+03	6.901363E-17	9.871503E-19
9.685895E+03	6.903902E-17	9.874312E-19
9.686095E+03	6.905964E-17	9.876438E-19
9.686295E+03	6.907709E-17	9.878111E-19
9.686495E+03	6.908181E-17	9.877963E-19
9.686695E+03	6.907064E-17	9.875538E-19
9.686895E+03	6.905946E-17	9.873113E-19
9.687095E+03	6.907056E-17	9.873872E-19
9.687295E+03	6.909278E-17	9.876222E-19
9.687495E+03	6.912616E-17	9.880161E-19
9.687695E+03	6.914364E-17	9.881826E-19
9.687895E+03	6.914360E-17	9.880989E-19
9.688095E+03	6.912287E-17	9.877195E-19
9.688295E+03	6.910375E-17	9.873626E-19
9.688495E+03	6.912758E-17	9.876195E-19
9.688695E+03	6.911801E-17	9.873990E-19
9.688895E+03	6.910047E-17	9.870649E-19
9.689095E+03	6.912273E-17	9.872988E-19
9.689295E+03	6.914021E-17	9.874644E-19
9.689496E+03	6.914976E-17	9.875162E-19
9.689696E+03	6.913860E-17	9.872727E-19
9.689896E+03	6.914016E-17	9.872105E-19
9.690096E+03	6.913059E-17	9.869893E-19
9.690296E+03	6.912898E-17	9.868818E-19
9.690496E+03	6.913852E-17	9.869335E-19
9.690696E+03	6.914487E-17	9.869391E-19
9.690896E+03	6.916078E-17	9.870812E-19
9.691096E+03	6.916078E-17	9.869962E-19
9.691296E+03	6.917509E-17	9.871155E-19
9.691496E+03	6.918942E-17	9.872345E-19
9.691696E+03	6.920694E-17	9.873990E-19
9.691896E+03	6.922766E-17	9.876091E-19
9.692096E+03	6.921809E-17	9.873870E-19
9.692296E+03	6.919577E-17	9.869828E-19
9.692496E+03	6.921968E-17	9.872378E-19
9.692696E+03	6.924678E-17	9.875384E-19
9.692896E+03	6.927389E-17	9.878390E-19
9.693096E+03	6.930102E-17	9.881394E-19
9.693296E+03	6.932497E-17	9.883943E-19
9.693496E+03	6.935052E-17	9.886720E-19
9.693696E+03	6.937128E-17	9.888816E-19
9.693896E+03	6.939206E-17	9.890907E-19
9.694096E+03	6.941125E-17	9.892772E-19
9.694296E+03	6.942884E-17	9.894408E-19
9.694496E+03	6.944644E-17	9.896046E-19
9.694697E+03	6.946407E-17	9.897678E-19
9.694897E+03	6.948009E-17	9.899084E-19
9.695096E+03	6.949289E-17	9.900036E-19
9.695297E+03	6.951532E-17	9.902352E-19
9.695496E+03	6.953935E-17	9.904898E-19
9.695697E+03	6.955861E-17	9.906756E-19
9.695897E+03	6.957144E-17	9.907702E-19
9.696096E+03	6.957465E-17	9.907283E-19
9.696296E+03	6.959231E-17	9.908912E-19
9.696496E+03	6.961157E-17	9.910768E-19
9.696696E+03	6.963565E-17	9.913309E-19
9.696896E+03	6.967256E-17	9.917678E-19
9.697096E+03	6.969506E-17	9.919989E-19
9.697296E+03	6.968708E-17	9.917961E-19
9.697496E+03	6.967267E-17	9.915019E-19
9.697696E+03	6.965346E-17	9.911394E-19
9.697896E+03	6.963266E-17	9.907540E-19
9.698096E+03	6.961345E-17	9.903913E-19
9.698296E+03	6.960869E-17	9.902340E-19
9.698496E+03	6.961354E-17	9.902135E-19
9.698696E+03	6.962160E-17	9.902383E-19
9.698896E+03	6.963929E-17	9.903999E-19
9.699096E+03	6.966660E-17	9.906984E-19
9.699296E+03	6.968750E-17	9.909056E-19
9.699496E+03	6.970200E-17	9.910212E-19
9.699696E+03	6.971169E-17	9.910685E-19
9.699897E+03	6.972621E-17	9.911840E-19
9.700097E+03	6.973590E-17	9.912312E-19
9.700297E+03	6.974238E-17	9.912324E-19
9.700497E+03	6.975529E-17	9.913249E-19
9.700697E+03	6.975535E-17	9.912348E-19
9.700897E+03	6.972972E-17	9.907796E-19
9.701097E+03	6.971372E-17	9.904610E-19
9.701297E+03	6.971219E-17	9.903478E-19
9.701497E+03	6.971546E-17	9.903030E-19
9.701697E+03	6.970269E-17	9.900302E-19
9.701897E+03	6.968029E-17	9.896204E-19
9.702097E+03	6.966753E-17	9.893474E-19
9.702297E+03	6.967081E-17	9.893023E-19
9.702497E+03	6.967570E-17	9.892800E-19
9.702697E+03	6.968861E-17	9.893711E-19
9.702897E+03	6.970475E-17	9.895079E-19
9.703097E+03	6.972569E-17	9.897130E-19
9.703297E+03	6.976271E-17	9.901462E-19
9.703497E+03	6.979172E-17	9.904651E-19
9.703697E+03	6.982716E-17	9.908754E-19
9.703897E+03	6.987067E-17	9.913999E-19
9.704097E+03	6.989489E-17	9.916507E-19
9.704297E+03	6.990625E-17	9.917185E-19
9.704497E+03	6.990957E-17	9.916721E-19
9.704697E+03	6.991126E-17	9.916029E-19
9.704897E+03	6.991135E-17	9.915108E-19
9.705097E+03	6.991307E-17	9.914413E-19
9.705298E+03	6.991157E-17	9.913258E-19
9.705498E+03	6.987304E-17	9.906858E-19
9.705698E+03	6.982811E-17	9.899550E-19
9.705898E+03	6.978803E-17	9.892927E-19
9.706098E+03	6.981706E-17	9.896102E-19
9.706298E+03	6.988311E-17	9.904522E-19
9.706498E+03	6.993794E-17	9.911351E-19
9.706698E+03	6.996866E-17	9.914756E-19
9.706898E+03	6.999455E-17	9.917477E-19
9.707098E+03	7.003174E-17	9.921798E-19
9.707298E+03	7.007380E-17	9.926808E-19
9.707498E+03	7.010619E-17	9.930443E-19
9.707698E+03	7.014506E-17	9.934995E-19
9.707898E+03	7.017426E-17	9.938176E-19
9.708097E+03	7.020506E-17	9.941588E-19
9.708298E+03	7.023593E-17	9.944994E-19
9.708497E+03	7.025544E-17	9.946803E-19
9.708698E+03	7.026044E-17	9.946545E-19
9.708897E+03	7.027510E-17	9.947666E-19
9.709097E+03	7.029951E-17	9.950156E-19
9.709297E+03	7.032555E-17	9.952876E-19
9.709497E+03	7.034188E-17	9.954221E-19
9.709697E+03	7.032095E-17	9.950294E-19
9.709897E+03	7.035348E-17	9.953928E-19
9.710097E+03	7.040709E-17	9.960542E-19
9.710297E+03	7.044453E-17	9.964866E-19
9.710498E+03	7.046902E-17	9.967354E-19
9.710698E+03	7.049189E-17	9.969613E-19
9.710898E+03	7.051801E-17	9.972330E-19
9.711098E+03	7.052789E-17	9.972751E-19
9.711298E+03	7.053290E-17	9.972483E-19
9.711498E+03	7.055743E-17	9.974968E-19
9.711698E+03	7.058194E-17	9.977452E-19
9.711898E+03	7.059836E-17	9.978790E-19
9.712098E+03	7.062126E-17	9.981045E-19
9.712298E+03	7.064419E-17	9.983299E-19
9.712498E+03	7.065736E-17	9.984173E-19
9.712698E+03	7.063637E-17	9.980219E-19
9.712898E+03	7.063490E-17	9.979025E-19
9.713098E+03	7.064971E-17	9.980125E-19
9.713298E+03	7.066452E-17	9.981225E-19
9.713498E+03	7.065655E-17	9.979107E-19
9.713698E+03	7.063394E-17	9.974923E-19
9.713898E+03	7.061459E-17	9.971195E-19
9.714098E+03	7.061151E-17	9.969765E-19
9.714298E+03	7.063119E-17	9.971548E-19
9.714498E+03	7.066553E-17	9.975399E-19
9.714698E+03	7.069825E-17	9.979017E-19
9.714898E+03	7.072286E-17	9.981488E-19
9.715098E+03	7.073769E-17	9.982580E-19
9.715298E+03	7.075742E-17	9.984363E-19
9.715498E+03	7.081139E-17	9.990971E-19
9.715699E+03	7.087194E-17	9.998502E-19
9.715899E+03	7.090803E-17	1.000259E-18
9.716099E+03	7.091148E-17	1.000206E-18
9.716299E+03	7.091984E-17	1.000223E-18
9.716499E+03	7.093637E-17	1.000355E-18
9.716699E+03	7.094799E-17	1.000417E-18
9.716899E+03	7.094982E-17	1.000342E-18
9.717099E+03	7.095492E-17	1.000312E-18
9.717299E+03	7.097472E-17	1.000489E-18
9.717499E+03	7.099453E-17	1.000667E-18
9.717699E+03	7.098002E-17	1.000360E-18
9.717899E+03	7.096879E-17	1.000100E-18
9.718099E+03	7.101149E-17	1.000599E-18
9.718299E+03	7.104768E-17	1.001007E-18
9.718499E+03	7.105770E-17	1.001045E-18
9.718699E+03	7.105137E-17	1.000853E-18
9.718899E+03	7.105485E-17	1.000800E-18
9.719099E+03	7.107306E-17	1.000953E-18
9.719299E+03	7.109128E-17	1.001107E-18
9.719499E+03	7.111278E-17	1.001307E-18
9.719699E+03	7.114740E-17	1.001691E-18
9.719899E+03	7.119350E-17	1.002236E-18
9.720099E+03	7.122651E-17	1.002597E-18
9.720299E+03	7.124478E-17	1.002751E-18
9.720499E+03	7.125485E-17	1.002788E-18
9.720699E+03	7.126492E-17	1.002826E-18
9.720900E+03	7.127337E-17	1.002840E-18
9.721100E+03	7.129002E-17	1.002970E-18
9.721299E+03	7.131321E-17	1.003193E-18
9.721499E+03	7.133645E-17	1.003415E-18
9.721700E+03	7.134819E-17	1.003475E-18
9.721899E+03	7.135992E-17	1.003535E-18
9.722100E+03	7.137825E-17	1.003688E-18
9.722299E+03	7.139327E-17	1.003794E-18
9.722499E+03	7.140337E-17	1.003831E-18
9.722699E+03	7.141512E-17	1.003891E-18
9.722899E+03	7.143017E-17	1.003997E-18
9.723099E+03	7.144523E-17	1.004103E-18
9.723299E+03	7.146357E-17	1.004255E-18
9.723499E+03	7.149016E-17	1.004523E-18
9.723699E+03	7.152499E-17	1.004906E-18
9.723899E+03	7.156314E-17	1.005336E-18
9.724099E+03	7.158481E-17	1.005534E-18
9.724299E+03	7.160486E-17	1.005709E-18
9.724499E+03	7.163975E-17	1.006093E-18
9.724699E+03	7.168291E-17	1.006592E-18
9.724899E+03	7.171785E-17	1.006976E-18
9.725099E+03	7.174454E-17	1.007243E-18
9.725299E+03	7.176960E-17	1.007487E-18
9.725499E+03	7.180292E-17	1.007848E-18
9.725699E+03	7.183462E-17	1.008185E-18
9.725899E+03	7.185309E-17	1.008337E-18
9.726100E+03	7.185835E-17	1.008302E-18
9.726300E+03	7.186359E-17	1.008267E-18
9.726500E+03	7.188041E-17	1.008396E-18
9.726700E+03	7.191216E-17	1.008732E-18
9.726900E+03	7.195550E-17	1.009232E-18
9.727100E+03	7.197733E-17	1.009429E-18
9.727300E+03	7.199419E-17	1.009557E-18
9.727500E+03	7.201272E-17	1.009708E-18
9.727700E+03	7.205115E-17	1.010138E-18
9.727900E+03	7.208961E-17	1.010568E-18
9.728100E+03	7.213640E-17	1.011115E-18
9.728300E+03	7.216827E-17	1.011451E-18
9.728500E+03	7.220679E-17	1.011882E-18
9.728700E+03	7.223536E-17	1.012172E-18
9.728900E+03	7.223899E-17	1.012113E-18
9.729100E+03	7.222432E-17	1.011797E-18
9.729300E+03	7.220634E-17	1.011435E-18
9.729500E+03	7.220000E-17	1.011236E-18
9.729700E+03	7.220862E-17	1.011247E-18
9.729900E+03	7.222223E-17	1.011327E-18
9.730100E+03	7.223585E-17	1.011407E-18
9.730300E+03	7.224781E-17	1.011463E-18
9.730500E+03	7.226809E-17	1.011637E-18
9.730700E+03	7.231335E-17	1.012159E-18
9.730900E+03	7.237530E-17	1.012915E-18
9.731100E+03	7.242397E-17	1.013484E-18
9.731301E+03	7.245600E-17	1.013821E-18
9.731501E+03	7.249305E-17	1.014227E-18
9.731701E+03	7.253679E-17	1.014727E-18
9.731901E+03	7.258223E-17	1.015250E-18
9.732101E+03	7.261432E-17	1.015587E-18
9.732301E+03	7.264142E-17	1.015853E-18
9.732501E+03	7.267688E-17	1.016237E-18
9.732701E+03	7.271739E-17	1.016690E-18
9.732901E+03	7.275458E-17	1.017097E-18
9.733101E+03	7.277838E-17	1.017317E-18
9.733301E+03	7.279884E-17	1.017489E-18
9.733501E+03	7.281427E-17	1.017592E-18
9.733701E+03	7.281964E-17	1.017553E-18
9.733901E+03	7.283005E-17	1.017585E-18
9.734101E+03	7.286061E-17	1.017898E-18
9.734300E+03	7.287268E-17	1.017953E-18
9.734501E+03	7.287473E-17	1.017868E-18
9.734701E+03	7.286838E-17	1.017665E-18
9.734900E+03	7.286704E-17	1.017532E-18
9.735101E+03	7.287748E-17	1.017563E-18
9.735300E+03	7.289965E-17	1.017759E-18
9.735500E+03	7.290505E-17	1.017719E-18
9.735700E+03	7.292556E-17	1.017891E-18
9.735900E+03	7.292929E-17	1.017828E-18
9.736100E+03	7.292798E-17	1.017695E-18
9.736300E+03	7.292667E-17	1.017561E-18
9.736500E+03	7.293377E-17	1.017545E-18
9.736701E+03	7.294256E-17	1.017552E-18
9.736901E+03	7.294965E-17	1.017535E-18
9.737101E+03	7.294332E-17	1.017331E-18
9.737301E+03	7.293026E-17	1.017033E-18
9.737501E+03	7.292393E-17	1.016829E-18
9.737701E+03	7.293438E-17	1.016859E-18
9.737901E+03	7.295661E-17	1.017053E-18
9.738101E+03	7.297380E-17	1.017176E-18
9.738301E+03	7.299772E-17	1.017393E-18
9.738501E+03	7.302333E-17	1.017634E-18
9.738701E+03	7.304727E-17	1.017851E-18
9.738901E+03	7.307290E-17	1.018091E-18
9.739101E+03	7.310359E-17	1.018402E-18
9.739301E+03	7.312756E-17	1.018619E-18
9.739501E+03	7.313469E-17	1.018601E-18
9.739701E+03	7.313342E-17	1.018465E-18
9.739901E+03	7.312372E-17	1.018213E-18
9.740101E+03	7.312413E-17	1.018101E-18
9.740301E+03	7.309256E-17	1.017544E-18
9.740501E+03	7.309465E-17	1.017455E-18
9.740701E+03	7.313042E-17	1.017835E-18
9.740901E+03	7.316788E-17	1.018239E-18
9.741101E+03	7.320033E-17	1.018572E-18
9.741301E+03	7.322434E-17	1.018788E-18
9.741501E+03	7.324500E-17	1.018957E-18
9.741701E+03	7.325555E-17	1.018985E-18
9.741902E+03	7.326780E-17	1.019036E-18
9.742102E+03	7.330367E-17	1.019416E-18
9.742302E+03	7.335813E-17	1.020054E-18
9.742502E+03	7.340925E-17	1.020646E-18
9.742702E+03	7.343335E-17	1.020861E-18
9.742902E+03	7.343549E-17	1.020771E-18
9.743102E+03	7.344268E-17	1.020752E-18
9.743302E+03	7.344989E-17	1.020732E-18
9.743502E+03	7.346386E-17	1.020806E-18
9.743702E+03	7.346431E-17	1.020692E-18
9.743902E+03	7.345461E-17	1.020437E-18
9.744102E+03	7.345674E-17	1.020347E-18
9.744302E+03	7.347750E-17	1.020515E-18
9.744502E+03	7.350164E-17	1.020729E-18
9.744702E+03	7.351563E-17	1.020803E-18
9.744902E+03	7.349408E-17	1.020383E-18
9.745102E+03	7.350639E-17	1.020433E-18
9.745302E+03	7.349500E-17	1.020154E-18
9.745502E+03	7.354117E-17	1.020673E-18
9.745702E+03	7.357720E-17	1.021052E-18
9.745902E+03	7.359122E-17	1.021125E-18
9.746102E+03	7.357983E-17	1.020846E-18
9.746302E+03	7.359047E-17	1.020872E-18
9.746502E+03	7.361127E-17	1.021038E-18
9.746702E+03	7.362362E-17	1.021088E-18
9.746902E+03	7.364614E-17	1.021278E-18
9.747103E+03	7.369243E-17	1.021797E-18
9.747302E+03	7.374211E-17	1.022364E-18
9.747503E+03	7.377829E-17	1.022742E-18
9.747702E+03	7.380764E-17	1.023027E-18
9.747903E+03	7.382004E-17	1.023075E-18
9.748103E+03	7.380863E-17	1.022794E-18
9.748302E+03	7.377851E-17	1.022254E-18
9.748502E+03	7.377901E-17	1.022137E-18
9.748702E+03	7.380839E-17	1.022421E-18
9.748902E+03	7.383098E-17	1.022611E-18
9.749102E+03	7.382298E-17	1.022376E-18
9.749302E+03	7.380989E-17	1.022071E-18
9.749502E+03	7.381719E-17	1.022048E-18
9.749702E+03	7.385509E-17	1.022449E-18
9.749902E+03	7.388452E-17	1.022732E-18
9.750102E+03	7.385951E-17	1.022262E-18
9.750302E+03	7.384472E-17	1.021933E-18
9.750502E+03	7.379593E-17	1.021134E-18
9.750702E+03	7.377266E-17	1.020687E-18
9.750902E+03	7.374770E-17	1.020217E-18
9.751102E+03	7.374652E-17	1.020076E-18
9.751302E+03	7.372157E-17	1.019607E-18
9.751502E+03	7.370342E-17	1.019231E-18
9.751702E+03	7.369885E-17	1.019043E-18
9.751902E+03	7.370277E-17	1.018972E-18
9.752102E+03	7.371518E-17	1.019019E-18
9.752303E+03	7.373440E-17	1.019158E-18
9.752503E+03	7.375871E-17	1.019369E-18
9.752703E+03	7.378642E-17	1.019626E-18
9.752903E+03	7.380734E-17	1.019790E-18
9.753103E+03	7.381638E-17	1.019789E-18
9.753303E+03	7.382542E-17	1.019788E-18
9.753503E+03	7.385146E-17	1.020022E-18
9.753703E+03	7.388602E-17	1.020373E-18
9.753903E+03	7.390189E-17	1.020465E-18
9.754103E+03	7.390584E-17	1.020393E-18
9.754303E+03	7.390128E-17	1.020204E-18
9.754503E+03	7.392566E-17	1.020414E-18
9.754703E+03	7.395005E-17	1.020623E-18
9.754903E+03	7.396764E-17	1.020739E-18
9.755103E+03	7.398352E-17	1.020831E-18
9.755303E+03	7.399771E-17	1.020900E-18
9.755503E+03	7.400680E-17	1.020898E-18
9.755703E+03	7.402100E-17	1.020966E-18
9.755903E+03	7.403520E-17	1.021034E-18
9.756103E+03	7.404258E-17	1.021008E-18
9.756303E+03	7.405168E-17	1.021006E-18
9.756503E+03	7.406931E-17	1.021120E-18
9.756703E+03	7.408865E-17	1.021259E-18
9.756903E+03	7.411311E-17	1.021468E-18
9.757103E+03	7.412734E-17	1.021535E-18
9.757303E+03	7.412622E-17	1.021391E-18
9.757504E+03	7.411488E-17	1.021106E-18
9.757704E+03	7.410010E-17	1.020773E-18
9.757904E+03	7.408363E-17	1.020418E-18
9.758104E+03	7.406887E-17	1.020085E-18
9.758304E+03	7.406775E-17	1.019941E-18
9.758504E+03	7.407346E-17	1.019890E-18
9.758704E+03	7.408088E-17	1.019863E-18
9.758904E+03	7.408830E-17	1.019836E-18
9.759104E+03	7.410255E-17	1.019902E-18
9.759304E+03	7.412363E-17	1.020063E-18
9.759504E+03	7.414642E-17	1.020247E-18
9.759704E+03	7.416923E-17	1.020431E-18
9.759904E+03	7.419204E-17	1.020614E-18
9.760104E+03	7.421144E-17	1.020751E-18
9.760303E+03	7.422401E-17	1.020794E-18
9.760504E+03	7.422635E-17	1.020695E-18
9.760703E+03	7.422524E-17	1.020550E-18
9.760904E+03	7.421903E-17	1.020333E-18
9.761103E+03	7.421793E-17	1.020188E-18
9.761303E+03	7.422368E-17	1.020136E-18
9.761504E+03	7.423800E-17	1.020201E-18
9.761703E+03	7.426082E-17	1.020384E-18
9.761903E+03	7.429225E-17	1.020684E-18
9.762103E+03	7.431683E-17	1.020891E-18
9.762303E+03	7.431575E-17	1.020744E-18
9.762503E+03	7.430269E-17	1.020433E-18
9.762703E+03	7.429649E-17	1.020216E-18
9.762904E+03	7.429886E-17	1.020116E-18
9.763104E+03	7.430464E-17	1.020063E-18
9.763304E+03	7.431041E-17	1.020010E-18
9.763504E+03	7.430763E-17	1.019840E-18
9.763704E+03	7.430315E-17	1.019646E-18
9.763904E+03	7.430380E-17	1.019522E-18
9.764104E+03	7.430103E-17	1.019352E-18
9.764304E+03	7.429142E-17	1.019087E-18
9.764504E+03	7.428353E-17	1.018846E-18
9.764704E+03	7.428418E-17	1.018722E-18
9.764904E+03	7.428826E-17	1.018646E-18
9.765104E+03	7.429064E-17	1.018545E-18
9.765304E+03	7.428959E-17	1.018397E-18
9.765504E+03	7.428854E-17	1.018250E-18
9.765704E+03	7.430118E-17	1.018290E-18
9.765904E+03	7.431897E-17	1.018400E-18
9.766104E+03	7.432648E-17	1.018369E-18
9.766304E+03	7.433400E-17	1.018338E-18
9.766504E+03	7.435865E-17	1.018542E-18
9.766704E+03	7.437132E-17	1.018581E-18
9.766904E+03	7.437885E-17	1.018550E-18
9.767104E+03	7.438467E-17	1.018495E-18
9.767304E+03	7.438364E-17	1.018347E-18
9.767504E+03	7.439118E-17	1.018316E-18
9.767704E+03	7.442271E-17	1.018612E-18
9.767904E+03	7.445254E-17	1.018886E-18
9.768105E+03	7.448583E-17	1.019206E-18
9.768305E+03	7.451397E-17	1.019456E-18
9.768505E+03	7.452154E-17	1.019424E-18
9.768705E+03	7.451195E-17	1.019157E-18
9.768905E+03	7.449378E-17	1.018773E-18
9.769105E+03	7.448591E-17	1.018530E-18
9.769305E+03	7.450206E-17	1.018615E-18
9.769505E+03	7.451821E-17	1.018700E-18
9.769705E+03	7.450176E-17	1.018339E-18
9.769905E+03	7.451277E-17	1.018354E-18
9.770105E+03	7.452550E-17	1.018391E-18
9.770305E+03	7.449533E-17	1.017843E-18
9.770505E+03	7.450977E-17	1.017904E-18
9.770705E+03	7.451908E-17	1.017894E-18
9.770905E+03	7.452152E-17	1.017791E-18
9.771105E+03	7.452739E-17	1.017735E-18
9.771305E+03	7.453326E-17	1.017678E-18
9.771505E+03	7.454258E-17	1.017668E-18
9.771705E+03	7.454846E-17	1.017611E-18
9.771905E+03	7.455092E-17	1.017508E-18
9.772105E+03	7.455851E-17	1.017474E-18
9.772305E+03	7.456612E-17	1.017441E-18
9.772505E+03	7.457374E-17	1.017407E-18
9.772705E+03	7.457447E-17	1.017279E-18
9.772905E+03	7.458037E-17	1.017222E-18
9.773105E+03	7.459143E-17	1.017235E-18
9.773306E+03	7.459735E-17	1.017177E-18
9.773505E+03	7.460324E-17	1.017120E-18
9.773706E+03	7.461775E-17	1.017179E-18
9.773906E+03	7.463054E-17	1.017215E-18
9.774105E+03	7.462441E-17	1.016993E-18
9.774306E+03	7.458568E-17	1.016326E-18
9.774505E+03	7.456581E-17	1.015918E-18
9.774705E+03	7.454770E-17	1.015532E-18
9.774905E+03	7.452787E-17	1.015123E-18
9.775105E+03	7.449947E-17	1.014598E-18
9.775305E+03	7.450538E-17	1.014539E-18
9.775505E+03	7.452160E-17	1.014621E-18
9.775705E+03	7.452580E-17	1.014539E-18
9.775905E+03	7.451800E-17	1.014294E-18
9.776105E+03	7.451020E-17	1.014048E-18
9.776305E+03	7.449726E-17	1.013733E-18
9.776505E+03	7.448432E-17	1.013417E-18
9.776705E+03	7.448683E-17	1.013312E-18
9.776905E+03	7.451677E-17	1.013579E-18
9.777105E+03	7.455704E-17	1.013987E-18
9.777305E+03	7.459046E-17	1.014301E-18
9.777505E+03	7.461015E-17	1.014429E-18
9.777705E+03	7.462984E-17	1.014556E-18
9.777905E+03	7.464611E-17	1.014637E-18
9.778105E+03	7.464864E-17	1.014531E-18
9.778305E+03	7.463397E-17	1.014191E-18
9.778506E+03	7.462105E-17	1.013874E-18
9.778706E+03	7.462873E-17	1.013837E-18
9.778906E+03	7.465016E-17	1.013987E-18
9.779106E+03	7.466817E-17	1.014090E-18
9.779306E+03	7.468101E-17	1.014124E-18
9.779506E+03	7.469559E-17	1.014180E-18
9.779706E+03	7.471706E-17	1.014330E-18
9.779906E+03	7.474369E-17	1.014550E-18
9.780106E+03	7.476517E-17	1.014700E-18
9.780306E+03	7.478150E-17	1.014779E-18
9.780506E+03	7.479093E-17	1.014765E-18
9.780706E+03	7.478660E-17	1.014564E-18
9.780906E+03	7.476505E-17	1.014129E-18
9.781106E+03	7.474179E-17	1.013671E-18
9.781306E+03	7.473747E-17	1.013470E-18
9.781506E+03	7.475207E-17	1.013526E-18
9.781706E+03	7.477529E-17	1.013698E-18
9.781906E+03	7.478992E-17	1.013753E-18
9.782106E+03	7.479249E-17	1.013645E-18
9.782306E+03	7.478128E-17	1.013350E-18
9.782506E+03	7.476491E-17	1.012985E-18
9.782706E+03	7.475371E-17	1.012690E-18
9.782906E+03	7.474769E-17	1.012465E-18
9.783106E+03	7.474510E-17	1.012287E-18
9.783306E+03	7.474596E-17	1.012155E-18
9.783506E+03	7.474338E-17	1.011976E-18
9.783707E+03	7.474255E-17	1.011820E-18
9.783907E+03	7.474857E-17	1.011758E-18
9.784107E+03	7.476321E-17	1.011812E-18
9.784307E+03	7.476925E-17	1.011750E-18
9.784507E+03	7.477701E-17	1.011711E-18
9.784707E+03	7.478133E-17	1.011625E-18
9.784907E+03	7.477531E-17	1.011399E-18
9.785107E+03	7.476931E-17	1.011173E-18
9.785307E+03	7.475642E-17	1.010854E-18
9.785507E+03	7.474698E-17	1.010582E-18
9.785707E+03	7.475130E-17	1.010496E-18
9.785907E+03	7.476080E-17	1.010479E-18
9.786107E+03	7.475653E-17	1.010277E-18
9.786307E+03	7.474365E-17	1.009958E-18
9.786506E+03	7.472731E-17	1.009593E-18
9.786707E+03	7.471963E-17	1.009343E-18
9.786906E+03	7.473082E-17	1.009349E-18
9.787106E+03	7.474550E-17	1.009402E-18
9.787307E+03	7.475158E-17	1.009338E-18
9.787506E+03	7.475591E-17	1.009251E-18
9.787707E+03	7.476717E-17	1.009257E-18
9.787906E+03	7.477667E-17	1.009240E-18
9.788106E+03	7.477413E-17	1.009060E-18
9.788306E+03	7.476645E-17	1.008810E-18
9.788506E+03	7.476392E-17	1.008629E-18
9.788706E+03	7.476311E-17	1.008472E-18
9.788906E+03	7.475887E-17	1.008269E-18
9.789107E+03	7.476154E-17	1.008157E-18
9.789307E+03	7.477279E-17	1.008162E-18
9.789507E+03	7.478233E-17	1.008144E-18
9.789707E+03	7.478670E-17	1.008056E-18
9.789907E+03	7.477903E-17	1.007806E-18
9.790107E+03	7.475242E-17	1.007300E-18
9.790307E+03	7.472926E-17	1.006841E-18
9.790507E+03	7.472848E-17	1.006683E-18
9.790707E+03	7.473802E-17	1.006665E-18
9.790907E+03	7.473897E-17	1.006530E-18
9.791107E+03	7.473131E-17	1.006279E-18
9.791307E+03	7.472192E-17	1.006006E-18
9.791507E+03	7.472977E-17	1.005963E-18
9.791707E+03	7.475309E-17	1.006129E-18
9.791907E+03	7.479192E-17	1.006504E-18
9.792107E+03	7.481355E-17	1.006647E-18
9.792507E+03	7.481203E-17	1.006330E-18
9.792907E+03	7.479674E-17	1.005827E-18
9.793307E+03	7.478145E-17	1.005324E-18
9.793507E+03	7.477209E-17	1.005050E-18
9.793707E+03	7.478340E-17	1.005053E-18
9.793907E+03	7.480848E-17	1.005241E-18
9.794107E+03	7.483359E-17	1.005429E-18
9.794308E+03	7.483976E-17	1.005362E-18
9.794508E+03	7.482868E-17	1.005064E-18
9.794708E+03	7.480900E-17	1.004650E-18
9.794908E+03	7.478932E-17	1.004236E-18
9.795108E+03	7.477998E-17	1.003961E-18
9.795308E+03	7.477581E-17	1.003756E-18
9.795508E+03	7.476819E-17	1.003504E-18
9.795708E+03	7.476058E-17	1.003252E-18
9.795908E+03	7.475469E-17	1.003023E-18
9.796108E+03	7.476086E-17	1.002955E-18
9.796308E+03	7.476187E-17	1.002819E-18
9.796508E+03	7.476632E-17	1.002728E-18
9.796708E+03	7.478454E-17	1.002822E-18
9.796908E+03	7.480106E-17	1.002893E-18
9.797108E+03	7.481068E-17	1.002871E-18
9.797308E+03	7.482204E-17	1.002873E-18
9.797508E+03	7.482477E-17	1.002759E-18
9.797708E+03	7.482752E-17	1.002645E-18
9.797908E+03	7.483372E-17	1.002576E-18
9.798108E+03	7.483819E-17	1.002485E-18
9.798308E+03	7.485127E-17	1.002509E-18
9.798508E+03	7.486093E-17	1.002487E-18
9.798708E+03	7.487058E-17	1.002465E-18
9.798908E+03	7.487678E-17	1.002396E-18
9.799108E+03	7.487610E-17	1.002235E-18
9.799308E+03	7.487024E-17	1.002005E-18
9.799509E+03	7.487303E-17	1.001890E-18
9.799709E+03	7.488959E-17	1.001959E-18
9.799908E+03	7.490958E-17	1.002075E-18
9.800109E+03	7.491238E-17	1.001959E-18
9.800308E+03	7.489962E-17	1.001637E-18
9.800508E+03	7.488688E-17	1.001314E-18
9.800709E+03	7.488795E-17	1.001175E-18
9.800908E+03	7.489071E-17	1.001060E-18
9.801108E+03	7.487970E-17	1.000760E-18
9.801308E+03	7.485663E-17	1.000299E-18
9.801508E+03	7.484218E-17	9.999533E-19
9.801708E+03	7.484326E-17	9.998145E-19
9.801908E+03	7.485294E-17	9.997907E-19
9.802108E+03	7.485573E-17	9.996749E-19
9.802308E+03	7.485163E-17	9.994670E-19
9.802508E+03	7.484065E-17	9.991668E-19
9.802708E+03	7.481933E-17	9.987287E-19
9.802908E+03	7.479457E-17	9.982448E-19
9.803108E+03	7.478360E-17	9.979449E-19
9.803308E+03	7.477952E-17	9.977367E-19
9.803508E+03	7.477716E-17	9.975515E-19
9.803708E+03	7.475587E-17	9.971138E-19
9.803908E+03	7.471910E-17	9.964696E-19
9.804108E+03	7.469268E-17	9.959632E-19
9.804308E+03	7.468173E-17	9.956633E-19
9.804508E+03	7.467767E-17	9.954552E-19
9.804709E+03	7.467363E-17	9.952466E-19
9.804909E+03	7.466441E-17	9.949695E-19
9.805109E+03	7.464833E-17	9.946009E-19
9.805309E+03	7.464428E-17	9.943927E-19
9.805509E+03	7.466085E-17	9.944591E-19
9.805709E+03	7.468948E-17	9.946857E-19
9.805909E+03	7.471468E-17	9.948664E-19
9.806109E+03	7.472956E-17	9.949097E-19
9.806309E+03	7.472895E-17	9.947468E-19
9.806509E+03	7.472148E-17	9.944921E-19
9.806709E+03	7.472948E-17	9.944434E-19
9.806909E+03	7.474609E-17	9.945091E-19
9.807109E+03	7.475066E-17	9.944146E-19
9.807309E+03	7.474147E-17	9.941368E-19
9.807509E+03	7.472195E-17	9.937215E-19
9.807709E+03	7.469557E-17	9.932151E-19
9.807909E+03	7.467778E-17	9.928231E-19
9.808109E+03	7.466516E-17	9.924995E-19
9.808309E+03	7.464740E-17	9.921075E-19
9.808509E+03	7.461932E-17	9.915787E-19
9.808709E+03	7.459642E-17	9.911186E-19
9.808909E+03	7.459757E-17	9.909777E-19
9.809109E+03	7.460730E-17	9.909510E-19
9.809309E+03	7.461361E-17	9.908786E-19
9.809509E+03	7.462851E-17	9.909203E-19
9.809709E+03	7.464170E-17	9.909389E-19
9.809910E+03	7.464804E-17	9.908657E-19
9.810110E+03	7.463717E-17	9.905648E-19
9.810310E+03	7.461427E-17	9.901044E-19
9.810510E+03	7.459998E-17	9.897578E-19
9.810710E+03	7.460974E-17	9.897304E-19
9.810910E+03	7.464356E-17	9.900221E-19
9.811110E+03	7.468255E-17	9.903823E-19
9.811310E+03	7.468201E-17	9.902177E-19
9.811510E+03	7.464537E-17	9.895745E-19
9.811710E+03	7.463108E-17	9.892278E-19
9.811910E+03	7.465289E-17	9.893595E-19
9.812110E+03	7.467986E-17	9.895592E-19
9.812310E+03	7.468793E-17	9.895083E-19
9.812510E+03	7.469256E-17	9.894119E-19
9.812710E+03	7.471095E-17	9.894976E-19
9.812909E+03	7.473794E-17	9.896975E-19
9.813110E+03	7.476670E-17	9.899192E-19
9.813309E+03	7.478853E-17	9.900507E-19
9.813510E+03	7.479837E-17	9.900217E-19
9.813710E+03	7.482025E-17	9.901525E-19
9.813909E+03	7.485936E-17	9.905119E-19
9.814109E+03	7.489850E-17	9.908708E-19
9.814309E+03	7.491523E-17	9.909331E-19
9.814509E+03	7.492508E-17	9.909039E-19
9.814709E+03	7.492975E-17	9.908063E-19
9.814909E+03	7.492234E-17	9.905489E-19
9.815109E+03	7.493392E-17	9.905425E-19
9.815310E+03	7.495933E-17	9.907177E-19
9.815510E+03	7.493641E-17	9.902549E-19
9.815710E+03	7.490142E-17	9.896327E-19
9.815910E+03	7.491127E-17	9.896031E-19
9.816110E+03	7.493666E-17	9.897784E-19
9.816310E+03	7.496034E-17	9.899308E-19
9.816510E+03	7.496158E-17	9.897870E-19
9.816710E+03	7.496282E-17	9.896431E-19
9.816910E+03	7.496235E-17	9.894763E-19
9.817110E+03	7.494979E-17	9.891499E-19
9.817310E+03	7.492344E-17	9.886415E-19
9.817510E+03	7.489019E-17	9.880422E-19
9.817710E+03	7.486214E-17	9.875115E-19
9.817910E+03	7.483754E-17	9.870263E-19
9.818110E+03	7.482158E-17	9.866550E-19
9.818310E+03	7.479182E-17	9.861020E-19
9.818510E+03	7.475350E-17	9.854357E-19
9.818710E+03	7.474960E-17	9.852234E-19
9.818910E+03	7.476464E-17	9.852607E-19
9.819110E+03	7.477279E-17	9.852072E-19
9.819310E+03	7.479128E-17	9.852894E-19
9.819510E+03	7.483047E-17	9.856442E-19
9.819710E+03	7.487138E-17	9.860215E-19
9.819910E+03	7.491233E-17	9.863991E-19
9.820110E+03	7.494295E-17	9.866402E-19
9.820310E+03	7.495804E-17	9.866768E-19
9.820511E+03	7.495590E-17	9.864857E-19
9.820711E+03	7.495891E-17	9.863633E-19
9.820911E+03	7.496712E-17	9.863088E-19
9.821111E+03	7.496670E-17	9.861408E-19
9.821311E+03	7.494729E-17	9.857230E-19
9.821511E+03	7.491235E-17	9.851011E-19
9.821711E+03	7.487227E-17	9.844114E-19
9.821911E+03	7.485289E-17	9.839940E-19
9.822111E+03	7.485764E-17	9.838939E-19
9.822311E+03	7.485895E-17	9.837484E-19
9.822511E+03	7.486027E-17	9.836028E-19
9.822711E+03	7.485815E-17	9.834119E-19
9.822911E+03	7.485946E-17	9.832662E-19
9.823111E+03	7.485905E-17	9.830978E-19
9.823311E+03	7.485176E-17	9.828387E-19
9.823511E+03	7.485137E-17	9.826703E-19
9.823711E+03	7.485959E-17	9.826149E-19
9.823911E+03	7.486437E-17	9.825142E-19
9.824111E+03	7.486053E-17	9.823001E-19
9.824311E+03	7.485670E-17	9.820861E-19
9.824511E+03	7.486320E-17	9.820077E-19
9.824711E+03	7.487316E-17	9.819747E-19
9.824911E+03	7.487796E-17	9.818734E-19
9.825111E+03	7.491379E-17	9.821791E-19
9.825311E+03	7.493411E-17	9.822813E-19
9.825511E+03	7.493891E-17	9.821800E-19
9.825712E+03	7.492822E-17	9.818745E-19
9.825912E+03	7.490888E-17	9.814565E-19
9.826112E+03	7.489299E-17	9.810838E-19
9.826311E+03	7.488915E-17	9.808699E-19
9.826512E+03	7.488364E-17	9.806320E-19
9.826711E+03	7.486775E-17	9.802599E-19
9.826912E+03	7.484156E-17	9.797514E-19
9.827112E+03	7.482225E-17	9.793340E-19
9.827311E+03	7.483221E-17	9.793001E-19
9.827511E+03	7.485599E-17	9.794462E-19
9.827711E+03	7.487978E-17	9.795922E-19
9.827911E+03	7.489668E-17	9.796481E-19
9.828111E+03	7.489634E-17	9.794781E-19
9.828311E+03	7.489083E-17	9.792405E-19
9.828511E+03	7.490256E-17	9.792283E-19
9.828711E+03	7.491602E-17	9.792387E-19
9.828911E+03	7.492087E-17	9.791361E-19
9.829111E+03	7.492054E-17	9.789658E-19
9.829311E+03	7.491504E-17	9.787279E-19
9.829511E+03	7.493368E-17	9.788055E-19
9.829711E+03	7.495235E-17	9.788829E-19
9.829911E+03	7.496238E-17	9.788475E-19
9.830111E+03	7.496035E-17	9.786545E-19
9.830311E+03	7.496175E-17	9.785064E-19
9.830511E+03	7.499080E-17	9.787187E-19
9.830711E+03	7.502675E-17	9.790210E-19
9.830912E+03	7.502820E-17	9.788721E-19
9.831112E+03	7.502444E-17	9.786561E-19
9.831312E+03	7.502759E-17	9.785300E-19
9.831512E+03	7.503593E-17	9.784715E-19
9.831712E+03	7.504081E-17	9.783679E-19
9.831912E+03	7.504743E-17	9.782868E-19
9.832112E+03	7.506442E-17	9.783406E-19
9.832312E+03	7.507796E-17	9.783494E-19
9.832512E+03	7.508459E-17	9.782679E-19
9.832712E+03	7.508430E-17	9.780965E-19
9.832912E+03	7.508921E-17	9.779923E-19
9.833112E+03	7.509758E-17	9.779331E-19
9.833312E+03	7.511632E-17	9.780090E-19
9.833512E+03	7.514199E-17	9.781751E-19
9.833712E+03	7.516076E-17	9.782507E-19
9.833912E+03	7.517952E-17	9.783263E-19
9.834112E+03	7.522428E-17	9.787400E-19
9.834312E+03	7.527426E-17	9.792214E-19
9.834512E+03	7.532601E-17	9.797253E-19
9.834712E+03	7.537780E-17	9.802295E-19
9.834912E+03	7.541747E-17	9.805758E-19
9.835112E+03	7.544153E-17	9.807190E-19
9.835312E+03	7.546908E-17	9.809071E-19
9.835512E+03	7.549490E-17	9.810727E-19
9.835712E+03	7.551377E-17	9.811478E-19
9.835912E+03	7.553440E-17	9.812457E-19
9.836113E+03	7.556027E-17	9.814104E-19
9.836313E+03	7.558092E-17	9.815079E-19
9.836513E+03	7.558590E-17	9.814020E-19
9.836713E+03	7.557174E-17	9.810476E-19
9.836913E+03	7.560805E-17	9.813481E-19
9.837113E+03	7.562350E-17	9.813775E-19
9.837313E+03	7.562327E-17	9.812034E-19
9.837513E+03	7.560910E-17	9.808487E-19
9.837713E+03	7.560715E-17	9.806519E-19
9.837913E+03	7.562956E-17	9.807713E-19
9.838113E+03	7.569206E-17	9.814102E-19
9.838313E+03	7.575810E-17	9.820948E-19
9.838513E+03	7.578580E-17	9.822818E-19
9.838713E+03	7.579781E-17	9.822654E-19
9.838913E+03	7.583251E-17	9.825429E-19
9.839112E+03	7.588119E-17	9.830021E-19
9.839312E+03	7.591419E-17	9.832569E-19
9.839513E+03	7.592975E-17	9.832849E-19
9.839712E+03	7.594876E-17	9.833591E-19
9.839913E+03	7.597657E-17	9.835454E-19
9.840112E+03	7.598685E-17	9.835061E-19
9.840312E+03	7.599191E-17	9.833984E-19
9.840512E+03	7.600047E-17	9.833359E-19
9.840712E+03	7.600028E-17	9.831602E-19
9.840912E+03	7.600010E-17	9.829843E-19
9.841112E+03	7.600868E-17	9.829216E-19
9.841313E+03	7.602952E-17	9.830167E-19
9.841513E+03	7.606087E-17	9.832482E-19
9.841713E+03	7.609398E-17	9.835021E-19
9.841913E+03	7.611133E-17	9.835522E-19
9.842113E+03	7.611817E-17	9.834664E-19
9.842313E+03	7.611275E-17	9.832221E-19
9.842513E+03	7.609156E-17	9.827739E-19
9.842713E+03	7.608790E-17	9.825522E-19
9.842913E+03	7.610701E-17	9.826244E-19
9.843113E+03	7.613139E-17	9.827646E-19
9.843313E+03	7.616631E-17	9.830404E-19
9.843513E+03	7.621704E-17	9.835201E-19
9.843713E+03	7.625902E-17	9.838866E-19
9.843913E+03	7.627468E-17	9.839135E-19
9.844113E+03	7.630440E-17	9.841212E-19
9.844313E+03	7.632184E-17	9.841704E-19
9.844513E+03	7.632521E-17	9.840383E-19
9.844713E+03	7.630750E-17	9.836343E-19
9.844913E+03	7.631265E-17	9.835246E-19
9.845113E+03	7.630373E-17	9.832338E-19
9.845313E+03	7.634227E-17	9.835543E-19
9.845513E+03	7.639665E-17	9.840788E-19
9.845713E+03	7.643348E-17	9.843766E-19
9.845913E+03	7.643689E-17	9.842439E-19
9.846113E+03	7.644381E-17	9.841564E-19
9.846313E+03	7.648419E-17	9.844995E-19
9.846513E+03	7.655632E-17	9.852508E-19
9.846714E+03	7.661796E-17	9.858658E-19
9.846914E+03	7.665491E-17	9.861638E-19
9.847114E+03	7.670071E-17	9.865755E-19
9.847314E+03	7.676952E-17	9.872825E-19
9.847514E+03	7.682424E-17	9.878081E-19
9.847714E+03	7.686484E-17	9.881520E-19
9.847914E+03	7.690015E-17	9.884276E-19
9.848114E+03	7.692486E-17	9.885664E-19
9.848314E+03	7.694603E-17	9.886597E-19
9.848514E+03	7.696898E-17	9.887757E-19
9.848714E+03	7.699017E-17	9.888691E-19
9.848914E+03	7.701136E-17	9.889621E-19
9.849114E+03	7.702902E-17	9.890096E-19
9.849314E+03	7.704846E-17	9.890799E-19
9.849514E+03	7.706436E-17	9.891045E-19
9.849714E+03	7.707848E-17	9.891061E-19
9.849914E+03	7.709262E-17	9.891078E-19
9.850114E+03	7.710498E-17	9.890865E-19
9.850314E+03	7.711734E-17	9.890653E-19
9.850514E+03	7.712794E-17	9.890211E-19
9.850714E+03	7.713855E-17	9.889769E-19
9.850914E+03	7.714915E-17	9.889326E-19
9.851114E+03	7.716331E-17	9.889339E-19
9.851314E+03	7.715971E-17	9.887072E-19
9.851514E+03	7.712415E-17	9.880710E-19
9.851714E+03	7.710279E-17	9.876170E-19
9.851915E+03	7.709745E-17	9.873673E-19
9.852114E+03	7.710805E-17	9.873230E-19
9.852315E+03	7.712402E-17	9.873459E-19
9.852514E+03	7.714172E-17	9.873925E-19
9.852715E+03	7.717547E-17	9.876428E-19
9.852915E+03	7.721633E-17	9.879843E-19
9.853114E+03	7.722873E-17	9.879625E-19
9.853315E+03	7.721452E-17	9.875984E-19
9.853514E+03	7.719669E-17	9.871900E-19
9.853714E+03	7.719489E-17	9.869854E-19
9.853914E+03	7.719311E-17	9.867810E-19
9.854114E+03	7.718599E-17	9.865084E-19
9.854314E+03	7.718242E-17	9.862812E-19
9.854514E+03	7.718954E-17	9.861902E-19
9.854714E+03	7.719842E-17	9.861218E-19
9.854914E+03	7.720908E-17	9.860761E-19
9.855114E+03	7.722864E-17	9.861438E-19
9.855314E+03	7.725711E-17	9.863250E-19
9.855514E+03	7.727491E-17	9.863698E-19
9.855714E+03	7.727492E-17	9.861875E-19
9.855914E+03	7.727672E-17	9.860279E-19
9.856114E+03	7.727674E-17	9.858455E-19
9.856314E+03	7.728210E-17	9.857311E-19
9.856514E+03	7.729992E-17	9.857756E-19
9.856714E+03	7.729460E-17	9.855250E-19
9.856914E+03	7.726972E-17	9.850247E-19
9.857115E+03	7.723598E-17	9.844108E-19
9.857315E+03	7.720935E-17	9.838883E-19
9.857515E+03	7.721649E-17	9.837964E-19
9.857715E+03	7.724321E-17	9.839536E-19
9.857915E+03	7.724680E-17	9.838161E-19
9.858115E+03	7.726286E-17	9.838373E-19
9.858315E+03	7.732341E-17	9.844248E-19
9.858515E+03	7.736443E-17	9.847631E-19
9.858715E+03	7.738943E-17	9.848974E-19
9.858915E+03	7.740018E-17	9.848502E-19
9.859115E+03	7.740915E-17	9.847803E-19
9.859315E+03	7.739317E-17	9.843928E-19
9.859515E+03	7.738077E-17	9.840508E-19
9.859715E+03	7.737014E-17	9.837314E-19
9.859915E+03	7.738089E-17	9.836840E-19
9.860115E+03	7.738809E-17	9.835909E-19
9.860315E+03	7.741847E-17	9.837924E-19
9.860515E+03	7.743816E-17	9.838579E-19
9.860715E+03	7.745964E-17	9.839461E-19
9.860915E+03	7.749898E-17	9.842607E-19
9.861115E+03	7.754369E-17	9.846432E-19
9.861315E+03	7.757593E-17	9.848673E-19
9.861515E+03	7.759388E-17	9.849098E-19
9.861715E+03	7.760648E-17	9.848841E-19
9.861915E+03	7.761016E-17	9.847451E-19
9.862115E+03	7.759596E-17	9.843793E-19
9.862316E+03	7.761932E-17	9.844890E-19
9.862516E+03	7.767128E-17	9.849619E-19
9.862716E+03	7.770180E-17	9.851626E-19
9.862916E+03	7.770012E-17	9.849551E-19
9.863116E+03	7.766446E-17	9.843169E-19
9.863316E+03	7.764491E-17	9.838828E-19
9.863516E+03	7.767007E-17	9.840152E-19
9.863716E+03	7.772206E-17	9.844873E-19
9.863916E+03	7.776516E-17	9.848465E-19
9.864116E+03	7.779036E-17	9.849786E-19
9.864316E+03	7.783349E-17	9.853377E-19
9.864516E+03	7.787486E-17	9.856741E-19
9.864716E+03	7.788934E-17	9.856701E-19
9.864916E+03	7.788590E-17	9.854390E-19
9.865116E+03	7.790039E-17	9.854348E-19
9.865316E+03	7.791848E-17	9.854759E-19
9.865515E+03	7.793833E-17	9.855403E-19
9.865716E+03	7.794031E-17	9.853763E-19
9.865915E+03	7.794762E-17	9.852817E-19
9.866115E+03	7.798727E-17	9.855948E-19
9.866316E+03	7.802517E-17	9.858846E-19
9.866515E+03	7.803968E-17	9.858805E-19
9.866715E+03	7.804524E-17	9.857621E-19
9.866915E+03	7.805800E-17	9.857347E-19
9.867115E+03	7.808333E-17	9.858659E-19
9.867315E+03	7.809610E-17	9.858382E-19
9.867516E+03	7.806933E-17	9.853105E-19
9.867716E+03	7.803356E-17	9.846703E-19
9.867916E+03	7.804093E-17	9.845744E-19
9.868116E+03	7.807707E-17	9.848412E-19
9.868316E+03	7.808984E-17	9.848131E-19
9.868516E+03	7.807925E-17	9.844902E-19
9.868716E+03	7.809382E-17	9.844848E-19
9.868916E+03	7.813900E-17	9.848646E-19
9.869116E+03	7.820039E-17	9.854487E-19
9.869316E+03	7.824202E-17	9.857834E-19
9.869516E+03	7.825663E-17	9.857776E-19
9.869716E+03	7.828208E-17	9.859078E-19
9.869916E+03	7.834902E-17	9.865604E-19
9.870116E+03	7.841781E-17	9.872361E-19
9.870316E+03	7.844873E-17	9.874346E-19
9.870516E+03	7.847605E-17	9.875875E-19
9.870716E+03	7.848351E-17	9.874903E-19
9.870916E+03	7.848735E-17	9.873475E-19
9.871116E+03	7.852734E-17	9.876595E-19
9.871316E+03	7.856919E-17	9.879942E-19
9.871516E+03	7.859294E-17	9.881014E-19
9.871716E+03	7.861309E-17	9.881630E-19
9.871916E+03	7.863506E-17	9.882474E-19
9.872116E+03	7.866609E-17	9.884454E-19
9.872316E+03	7.870076E-17	9.886889E-19
9.872516E+03	7.873182E-17	9.888868E-19
9.872716E+03	7.876652E-17	9.891304E-19
9.872917E+03	7.880310E-17	9.893961E-19
9.873117E+03	7.882877E-17	9.895256E-19
9.873317E+03	7.882903E-17	9.893361E-19
9.873517E+03	7.882022E-17	9.890328E-19
9.873717E+03	7.882775E-17	9.889343E-19
9.873917E+03	7.885344E-17	9.890636E-19
9.874117E+03	7.886279E-17	9.889877E-19
9.874317E+03	7.887759E-17	9.889802E-19
9.874517E+03	7.891057E-17	9.892002E-19
9.874717E+03	7.892540E-17	9.891926E-19
9.874917E+03	7.892750E-17	9.890254E-19
9.875117E+03	7.893869E-17	9.889720E-19
9.875317E+03	7.896262E-17	9.890778E-19
9.875517E+03	7.897928E-17	9.890926E-19
9.875717E+03	7.900505E-17	9.892213E-19
9.875917E+03	7.904355E-17	9.895093E-19
9.876117E+03	7.904932E-17	9.893871E-19
9.876317E+03	7.902780E-17	9.889234E-19
9.876517E+03	7.900991E-17	9.885052E-19
9.876717E+03	7.901568E-17	9.883830E-19
9.876917E+03	7.901782E-17	9.882152E-19
9.877117E+03	7.899813E-17	9.877745E-19
9.877317E+03	7.899663E-17	9.875612E-19
9.877517E+03	7.899513E-17	9.873479E-19
9.877717E+03	7.897909E-17	9.869527E-19
9.877917E+03	7.897397E-17	9.866939E-19
9.878118E+03	7.899434E-17	9.867526E-19
9.878317E+03	7.903466E-17	9.870624E-19
9.878517E+03	7.907142E-17	9.873261E-19
9.878718E+03	7.909546E-17	9.874301E-19
9.878917E+03	7.911581E-17	9.874897E-19
9.879118E+03	7.913988E-17	9.875936E-19
9.879317E+03	7.916754E-17	9.877440E-19
9.879517E+03	7.920437E-17	9.880077E-19
9.879717E+03	7.920654E-17	9.878390E-19
9.879917E+03	7.922514E-17	9.878750E-19
9.880117E+03	7.925653E-17	9.880701E-19
9.880317E+03	7.927698E-17	9.881287E-19
9.880517E+03	7.927735E-17	9.879370E-19
9.880717E+03	7.928867E-17	9.878818E-19
9.880917E+03	7.932375E-17	9.881221E-19
9.881117E+03	7.935884E-17	9.883625E-19
9.881317E+03	7.938298E-17	9.884663E-19
9.881517E+03	7.939432E-17	9.884107E-19
9.881717E+03	7.939838E-17	9.882640E-19
9.881917E+03	7.940425E-17	9.881400E-19
9.882117E+03	7.942110E-17	9.881525E-19
9.882317E+03	7.944528E-17	9.882560E-19
9.882517E+03	7.946032E-17	9.882455E-19
9.882717E+03	7.945889E-17	9.880302E-19
9.882917E+03	7.943918E-17	9.875876E-19
9.883117E+03	7.943227E-17	9.873043E-19
9.883318E+03	7.946015E-17	9.874520E-19
9.883518E+03	7.949169E-17	9.876460E-19
9.883718E+03	7.949760E-17	9.875215E-19
9.883918E+03	7.948519E-17	9.871696E-19
9.884118E+03	7.948196E-17	9.869313E-19
9.884318E+03	7.948971E-17	9.868294E-19
9.884518E+03	7.949198E-17	9.866594E-19
9.884718E+03	7.950156E-17	9.865801E-19
9.884918E+03	7.951665E-17	9.865688E-19
9.885118E+03	7.953357E-17	9.865804E-19
9.885318E+03	7.955416E-17	9.866372E-19
9.885518E+03	7.956560E-17	9.865804E-19
9.885718E+03	7.956422E-17	9.863645E-19
9.885918E+03	7.956467E-17	9.861713E-19
9.886118E+03	7.955963E-17	9.859099E-19
9.886318E+03	7.954909E-17	9.855805E-19
9.886518E+03	7.955872E-17	9.855008E-19
9.886718E+03	7.956652E-17	9.853982E-19
9.886918E+03	7.955599E-17	9.850688E-19
9.887118E+03	7.955463E-17	9.848529E-19
9.887318E+03	7.957160E-17	9.848636E-19
9.887518E+03	7.958673E-17	9.848515E-19
9.887718E+03	7.961287E-17	9.849755E-19
9.887918E+03	7.962618E-17	9.849407E-19
9.888118E+03	7.962484E-17	9.847243E-19
9.888318E+03	7.961433E-17	9.843947E-19
9.888519E+03	7.959102E-17	9.839058E-19
9.888719E+03	7.959335E-17	9.837349E-19
9.888919E+03	7.960118E-17	9.836318E-19
9.889119E+03	7.962002E-17	9.836646E-19
9.889319E+03	7.964436E-17	9.837653E-19
9.889519E+03	7.967238E-17	9.839112E-19
9.889719E+03	7.968573E-17	9.838758E-19
9.889919E+03	7.967708E-17	9.835686E-19
9.890119E+03	7.966842E-17	9.832614E-19
9.890319E+03	7.966527E-17	9.830221E-19
9.890519E+03	7.966212E-17	9.827828E-19
9.890719E+03	7.966449E-17	9.826114E-19
9.890919E+03	7.967052E-17	9.824852E-19
9.891119E+03	7.967472E-17	9.823364E-19
9.891319E+03	7.968076E-17	9.822101E-19
9.891519E+03	7.969414E-17	9.821741E-19
9.891719E+03	7.970019E-17	9.820477E-19
9.891918E+03	7.970070E-17	9.818542E-19
9.892119E+03	7.970129E-17	9.816593E-19
9.892318E+03	7.970732E-17	9.815334E-19
9.892519E+03	7.971708E-17	9.814514E-19
9.892719E+03	7.971947E-17	9.812796E-19
9.892918E+03	7.970164E-17	9.808598E-19
9.893118E+03	7.967835E-17	9.803719E-19
9.893318E+03	7.967893E-17	9.801776E-19
9.893518E+03	7.970151E-17	9.802541E-19
9.893719E+03	7.971863E-17	9.802620E-19
9.893919E+03	7.971554E-17	9.800224E-19
9.894119E+03	7.971061E-17	9.797602E-19
9.894319E+03	7.970936E-17	9.795431E-19
9.894519E+03	7.970811E-17	9.793259E-19
9.894719E+03	7.969952E-17	9.790186E-19
9.894919E+03	7.968359E-17	9.786211E-19
9.895119E+03	7.967317E-17	9.782914E-19
9.895319E+03	7.967745E-17	9.781419E-19
9.895519E+03	7.969273E-17	9.781275E-19
9.895719E+03	7.970618E-17	9.780904E-19
9.895919E+03	7.970495E-17	9.778733E-19
9.896119E+03	7.970923E-17	9.777235E-19
9.896319E+03	7.972085E-17	9.776637E-19
9.896519E+03	7.972515E-17	9.775141E-19
9.896719E+03	7.971658E-17	9.772067E-19
9.896919E+03	7.970803E-17	9.768993E-19
9.897119E+03	7.971233E-17	9.767495E-19
9.897319E+03	7.970929E-17	9.765097E-19
9.897519E+03	7.969706E-17	9.761574E-19
9.897719E+03	7.969587E-17	9.759402E-19
9.897919E+03	7.970202E-17	9.758127E-19
9.898119E+03	7.971183E-17	9.757301E-19
9.898319E+03	7.972716E-17	9.757149E-19
9.898519E+03	7.975535E-17	9.758568E-19
9.898719E+03	7.979641E-17	9.761560E-19
9.898919E+03	7.983566E-17	9.764329E-19
9.899120E+03	7.986761E-17	9.766192E-19
9.899320E+03	7.989953E-17	9.768060E-19
9.899520E+03	7.992965E-17	9.769704E-19
9.899720E+03	7.995608E-17	9.770896E-19
9.899920E+03	7.998806E-17	9.772765E-19
9.900120E+03	8.002373E-17	9.775082E-19
9.900320E+03	8.004284E-17	9.775374E-19
9.900520E+03	8.005458E-17	9.774765E-19
9.900720E+03	8.007001E-17	9.774605E-19
9.900920E+03	8.007254E-17	9.772869E-19
9.901120E+03	8.008615E-17	9.772484E-19
9.901320E+03	8.009237E-17	9.771198E-19
9.901520E+03	8.007831E-17	9.767436E-19
9.901720E+03	8.006058E-17	9.763226E-19
9.901920E+03	8.005575E-17	9.760591E-19
9.902120E+03	8.005830E-17	9.758855E-19
9.902320E+03	8.005716E-17	9.756669E-19
9.902520E+03	8.005604E-17	9.754482E-19
9.902720E+03	8.004754E-17	9.751398E-19
9.902920E+03	8.004088E-17	9.748538E-19
9.903120E+03	8.006925E-17	9.749944E-19
9.903320E+03	8.010318E-17	9.752023E-19
9.903520E+03	8.012789E-17	9.752978E-19
9.903720E+03	8.013415E-17	9.751688E-19
9.903920E+03	8.012751E-17	9.748826E-19
9.904120E+03	8.013563E-17	9.747758E-19
9.904321E+03	8.016409E-17	9.749154E-19
9.904521E+03	8.018514E-17	9.749658E-19
9.904720E+03	8.020062E-17	9.749494E-19
9.904921E+03	8.020695E-17	9.748194E-19
9.905121E+03	8.018924E-17	9.743983E-19
9.905320E+03	8.017335E-17	9.740004E-19
9.905521E+03	8.018891E-17	9.739825E-19
9.905720E+03	8.020442E-17	9.739658E-19
9.905920E+03	8.020334E-17	9.737466E-19
9.906120E+03	8.020965E-17	9.736171E-19
9.906320E+03	8.022335E-17	9.735772E-19
9.906520E+03	8.022044E-17	9.733356E-19
9.906720E+03	8.020830E-17	9.729820E-19
9.906920E+03	8.020538E-17	9.727403E-19
9.907120E+03	8.020617E-17	9.725435E-19
9.907320E+03	8.019957E-17	9.722571E-19
9.907520E+03	8.019298E-17	9.719707E-19
9.907720E+03	8.018639E-17	9.716844E-19
9.907920E+03	8.017611E-17	9.713534E-19
9.908120E+03	8.017138E-17	9.710895E-19
9.908320E+03	8.017772E-17	9.709597E-19
9.908520E+03	8.018222E-17	9.708076E-19
9.908720E+03	8.020150E-17	9.708343E-19
9.908920E+03	8.022818E-17	9.709503E-19
9.909120E+03	8.023454E-17	9.708203E-19
9.909320E+03	8.023536E-17	9.706234E-19
9.909521E+03	8.023990E-17	9.704703E-19
9.909721E+03	8.024814E-17	9.703627E-19
9.909921E+03	8.025636E-17	9.702550E-19
9.910121E+03	8.027383E-17	9.702589E-19
9.910321E+03	8.032273E-17	9.706427E-19
9.910521E+03	8.034763E-17	9.707359E-19
9.910721E+03	8.034108E-17	9.704492E-19
9.910921E+03	8.032527E-17	9.700507E-19
9.911121E+03	8.033907E-17	9.700097E-19
9.911321E+03	8.038249E-17	9.703261E-19
9.911521E+03	8.043149E-17	9.707095E-19
9.911721E+03	8.047681E-17	9.710484E-19
9.911921E+03	8.051659E-17	9.713202E-19
9.912121E+03	8.054158E-17	9.714132E-19
9.912321E+03	8.054431E-17	9.712377E-19
9.912521E+03	8.053777E-17	9.709503E-19
9.912721E+03	8.054977E-17	9.708865E-19
9.912921E+03	8.058405E-17	9.710909E-19
9.913121E+03	8.060349E-17	9.711164E-19
9.913321E+03	8.061924E-17	9.710972E-19
9.913521E+03	8.064612E-17	9.712121E-19
9.913721E+03	8.066560E-17	9.712375E-19
9.913921E+03	8.065164E-17	9.708604E-19
9.914121E+03	8.061170E-17	9.701706E-19
9.914321E+03	8.058476E-17	9.696374E-19
9.914521E+03	8.059681E-17	9.695733E-19
9.914722E+03	8.062189E-17	9.696648E-19
9.914922E+03	8.062466E-17	9.694888E-19
9.915122E+03	8.064971E-17	9.695808E-19
9.915322E+03	8.068037E-17	9.697398E-19
9.915522E+03	8.071288E-17	9.699210E-19
9.915722E+03	8.071196E-17	9.697003E-19
9.915922E+03	8.071660E-17	9.695465E-19
9.916122E+03	8.075286E-17	9.697722E-19
9.916322E+03	8.080961E-17	9.702437E-19
9.916522E+03	8.085522E-17	9.705812E-19
9.916722E+03	8.088783E-17	9.707623E-19
9.916922E+03	8.092045E-17	9.709433E-19
9.917122E+03	8.095123E-17	9.711021E-19
9.917322E+03	8.096897E-17	9.711043E-19
9.917522E+03	8.097179E-17	9.709275E-19
9.917721E+03	8.098765E-17	9.709079E-19
9.917922E+03	8.101849E-17	9.710657E-19
9.918121E+03	8.106049E-17	9.713591E-19
9.918322E+03	8.110630E-17	9.716959E-19
9.918522E+03	8.115025E-17	9.720111E-19
9.918721E+03	8.118672E-17	9.722375E-19
9.918922E+03	8.120831E-17	9.722834E-19
9.919121E+03	8.122983E-17	9.723305E-19
9.919321E+03	8.126076E-17	9.724889E-19
9.919521E+03	8.128609E-17	9.725802E-19
9.919721E+03	8.130020E-17	9.725370E-19
9.919922E+03	8.131060E-17	9.724484E-19
9.920122E+03	8.132847E-17	9.724499E-19
9.920322E+03	8.134821E-17	9.724738E-19
9.920522E+03	8.138483E-17	9.726992E-19
9.920722E+03	8.144021E-17	9.731486E-19
9.920922E+03	8.149564E-17	9.735982E-19
9.921122E+03	8.151356E-17	9.735995E-19
9.921322E+03	8.149395E-17	9.731525E-19
9.921522E+03	8.146684E-17	9.726161E-19
9.921722E+03	8.146225E-17	9.723485E-19
9.921922E+03	8.147081E-17	9.722377E-19
9.922122E+03	8.147748E-17	9.721045E-19
9.922322E+03	8.148603E-17	9.719936E-19
9.922522E+03	8.149084E-17	9.718380E-19
9.922722E+03	8.149002E-17	9.716151E-19
9.922922E+03	8.149296E-17	9.714371E-19
9.923122E+03	8.150527E-17	9.713708E-19
9.923322E+03	8.151948E-17	9.713269E-19
9.923522E+03	8.153557E-17	9.713053E-19
9.923722E+03	8.156105E-17	9.713955E-19
9.923922E+03	8.158091E-17	9.714185E-19
9.924122E+03	8.158012E-17	9.711956E-19
9.924322E+03	8.156805E-17	9.708384E-19
9.924522E+03	8.154472E-17	9.703473E-19
9.924722E+03	8.152704E-17	9.699234E-19
9.924922E+03	8.152250E-17	9.696559E-19
9.925123E+03	8.152364E-17	9.694548E-19
9.925323E+03	8.150034E-17	9.689642E-19
9.925523E+03	8.148080E-17	9.685184E-19
9.925723E+03	8.146878E-17	9.681620E-19
9.925923E+03	8.147552E-17	9.680285E-19
9.926123E+03	8.148226E-17	9.678950E-19
9.926323E+03	8.149088E-17	9.677838E-19
9.926523E+03	8.151640E-17	9.678731E-19
9.926723E+03	8.157761E-17	9.683859E-19
9.926923E+03	8.164638E-17	9.689881E-19
9.927123E+03	8.169265E-17	9.693229E-19
9.927323E+03	8.170883E-17	9.693006E-19
9.927523E+03	8.169680E-17	9.689435E-19
9.927723E+03	8.170359E-17	9.688095E-19
9.927923E+03	8.169909E-17	9.685418E-19
9.928123E+03	8.171153E-17	9.684746E-19
9.928323E+03	8.172022E-17	9.683630E-19
9.928523E+03	8.171760E-17	9.681174E-19
9.928723E+03	8.170747E-17	9.677828E-19
9.928923E+03	8.172181E-17	9.677380E-19
9.929123E+03	8.175121E-17	9.678713E-19
9.929323E+03	8.177497E-17	9.679378E-19
9.929523E+03	8.180628E-17	9.680934E-19
9.929723E+03	8.184325E-17	9.683158E-19
9.929923E+03	8.186329E-17	9.683376E-19
9.930123E+03	8.187201E-17	9.682255E-19
9.930323E+03	8.187131E-17	9.680020E-19
9.930524E+03	8.185935E-17	9.676442E-19
9.930724E+03	8.184924E-17	9.673093E-19
9.930924E+03	8.185986E-17	9.672196E-19
9.931123E+03	8.189307E-17	9.673977E-19
9.931324E+03	8.193393E-17	9.676635E-19
9.931523E+03	8.195208E-17	9.676634E-19
9.931724E+03	8.191937E-17	9.670604E-19
9.931924E+03	8.190172E-17	9.666365E-19
9.932123E+03	8.191989E-17	9.666363E-19
9.932323E+03	8.197206E-17	9.670361E-19
9.932523E+03	8.202615E-17	9.674582E-19
9.932723E+03	8.205760E-17	9.676130E-19
9.932923E+03	8.206830E-17	9.675229E-19
9.933123E+03	8.207521E-17	9.673882E-19
9.933323E+03	8.210669E-17	9.675429E-19
9.933523E+03	8.215711E-17	9.679206E-19
9.933723E+03	8.221135E-17	9.683429E-19
9.933923E+03	8.225236E-17	9.686092E-19
9.934123E+03	8.228015E-17	9.687195E-19
9.934323E+03	8.230035E-17	9.687404E-19
9.934523E+03	8.232437E-17	9.688060E-19
9.934723E+03	8.236356E-17	9.690501E-19
9.934923E+03	8.240846E-17	9.693610E-19
9.935123E+03	8.243820E-17	9.694935E-19
9.935323E+03	8.246037E-17	9.695366E-19
9.935523E+03	8.247495E-17	9.694905E-19
9.935724E+03	8.248008E-17	9.693320E-19
9.935924E+03	8.248707E-17	9.691965E-19
9.936124E+03	8.251116E-17	9.692618E-19
9.936324E+03	8.254097E-17	9.693941E-19
9.936524E+03	8.256698E-17	9.694816E-19
9.936724E+03	8.258349E-17	9.694575E-19
9.936924E+03	8.260003E-17	9.694335E-19
9.937124E+03	8.263368E-17	9.696102E-19
9.937324E+03	8.267687E-17	9.698987E-19
9.937524E+03	8.271246E-17	9.700978E-19
9.937724E+03	8.273665E-17	9.701630E-19
9.937924E+03	8.274942E-17	9.700940E-19
9.938124E+03	8.274694E-17	9.698464E-19
9.938324E+03	8.273304E-17	9.694648E-19
9.938524E+03	8.273629E-17	9.692842E-19
9.938724E+03	8.275097E-17	9.692376E-19
9.938924E+03	8.276184E-17	9.691461E-19
9.939124E+03	8.277272E-17	9.690547E-19
9.939324E+03	8.281030E-17	9.692758E-19
9.939524E+03	8.285744E-17	9.696085E-19
9.939724E+03	8.286834E-17	9.695170E-19
9.939924E+03	8.284299E-17	9.690013E-19
9.940124E+03	8.281767E-17	9.684860E-19
9.940324E+03	8.280760E-17	9.681494E-19
9.940524E+03	8.279373E-17	9.677681E-19
9.940724E+03	8.277222E-17	9.672978E-19
9.940925E+03	8.276030E-17	9.669385E-19
9.941125E+03	8.277694E-17	9.669138E-19
9.941325E+03	8.281455E-17	9.671340E-19
9.941525E+03	8.284455E-17	9.672651E-19
9.941725E+03	8.287266E-17	9.673740E-19
9.941925E+03	8.290842E-17	9.675719E-19
9.942125E+03	8.294801E-17	9.678144E-19
9.942325E+03	8.297234E-17	9.678787E-19
9.942525E+03	8.299096E-17	9.678761E-19
9.942725E+03	8.299620E-17	9.677175E-19
9.942925E+03	8.299761E-17	9.675142E-19
9.943125E+03	8.301050E-17	9.674447E-19
9.943325E+03	8.304061E-17	9.675756E-19
9.943525E+03	8.307646E-17	9.677733E-19
9.943725E+03	8.309703E-17	9.677927E-19
9.943925E+03	8.310994E-17	9.677230E-19
9.944124E+03	8.311518E-17	9.675649E-19
9.944325E+03	8.312432E-17	9.674499E-19
9.944524E+03	8.312765E-17	9.672696E-19
9.944725E+03	8.311191E-17	9.668651E-19
9.944924E+03	8.309420E-17	9.664399E-19
9.945124E+03	8.307461E-17	9.659920E-19
9.945324E+03	8.305312E-17	9.655219E-19
9.945524E+03	8.304501E-17	9.652076E-19
9.945724E+03	8.305988E-17	9.651601E-19
9.945924E+03	8.310535E-17	9.654682E-19
9.946125E+03	8.315280E-17	9.657979E-19
9.946325E+03	8.316002E-17	9.656613E-19
9.946525E+03	8.314810E-17	9.653023E-19
9.946725E+03	8.317639E-17	9.654103E-19
9.946925E+03	8.324494E-17	9.659851E-19
9.947125E+03	8.328669E-17	9.662487E-19
9.947325E+03	8.327094E-17	9.658451E-19
9.947525E+03	8.325901E-17	9.654859E-19
9.947725E+03	8.330655E-17	9.658161E-19
9.947925E+03	8.334258E-17	9.660129E-19
9.948125E+03	8.340937E-17	9.665657E-19
9.948325E+03	8.345507E-17	9.668738E-19
9.948525E+03	8.348734E-17	9.670262E-19
9.948725E+03	8.349271E-17	9.668668E-19
9.948925E+03	8.353655E-17	9.671528E-19
9.949125E+03	8.358426E-17	9.674833E-19
9.949325E+03	8.363007E-17	9.677916E-19
9.949525E+03	8.367398E-17	9.680777E-19
9.949725E+03	8.371214E-17	9.682969E-19
9.949925E+03	8.373297E-17	9.683155E-19
9.950125E+03	8.373837E-17	9.681558E-19
9.950325E+03	8.373221E-17	9.678622E-19
9.950525E+03	8.373956E-17	9.677248E-19
9.950725E+03	8.377197E-17	9.678769E-19
9.950925E+03	8.379283E-17	9.678954E-19
9.951125E+03	8.376931E-17	9.674013E-19
9.951326E+03	8.374779E-17	9.669292E-19
9.951526E+03	8.375707E-17	9.668139E-19
9.951726E+03	8.376829E-17	9.667209E-19
9.951926E+03	8.375444E-17	9.663386E-19
9.952126E+03	8.372517E-17	9.657785E-19
9.952326E+03	8.369592E-17	9.652188E-19
9.952526E+03	8.367245E-17	9.647258E-19
9.952726E+03	8.366055E-17	9.643664E-19
9.952926E+03	8.365059E-17	9.640293E-19
9.953126E+03	8.363679E-17	9.636480E-19
9.953326E+03	8.363261E-17	9.633776E-19
9.953526E+03	8.365539E-17	9.634177E-19
9.953726E+03	8.368975E-17	9.635910E-19
9.953926E+03	8.370871E-17	9.635868E-19
9.954126E+03	8.370069E-17	9.632720E-19
9.954326E+03	8.369073E-17	9.629350E-19
9.954526E+03	8.369428E-17	9.627534E-19
9.954726E+03	8.371132E-17	9.627269E-19
9.954926E+03	8.374186E-17	9.628555E-19
9.955126E+03	8.377434E-17	9.630063E-19
9.955326E+03	8.380106E-17	9.630906E-19
9.955526E+03	8.382779E-17	9.631749E-19
9.955726E+03	8.386804E-17	9.634145E-19
9.955926E+03	8.391991E-17	9.637871E-19
9.956126E+03	8.397956E-17	9.642488E-19
9.956326E+03	8.402956E-17	9.645995E-19
9.956526E+03	8.404477E-17	9.645506E-19
9.956727E+03	8.403484E-17	9.642121E-19
9.956927E+03	8.403070E-17	9.639411E-19
9.957127E+03	8.402657E-17	9.636702E-19
9.957326E+03	8.401853E-17	9.633557E-19
9.957526E+03	8.400278E-17	9.629516E-19
9.957727E+03	8.399290E-17	9.626138E-19
9.957926E+03	8.399453E-17	9.624103E-19
9.958127E+03	8.402140E-17	9.624935E-19
9.958326E+03	8.406948E-17	9.628217E-19
9.958526E+03	8.412927E-17	9.632826E-19
9.958726E+03	8.418716E-17	9.637216E-19
9.958926E+03	8.421793E-17	9.638498E-19
9.959126E+03	8.422350E-17	9.636895E-19
9.959326E+03	8.420194E-17	9.632187E-19
9.959526E+03	8.416876E-17	9.626152E-19
9.959726E+03	8.416465E-17	9.623443E-19
9.959926E+03	8.421094E-17	9.626495E-19
9.960126E+03	8.425339E-17	9.629105E-19
9.960326E+03	8.426287E-17	9.627946E-19
9.960526E+03	8.427429E-17	9.627009E-19
9.960726E+03	8.429735E-17	9.627400E-19
9.960926E+03	8.430880E-17	9.626463E-19
9.961126E+03	8.431441E-17	9.624859E-19
9.961326E+03	8.432391E-17	9.623700E-19
9.961526E+03	8.433147E-17	9.622318E-19
9.961726E+03	8.433515E-17	9.620493E-19
9.961927E+03	8.435441E-17	9.620434E-19
9.962127E+03	8.438141E-17	9.621268E-19
9.962327E+03	8.436761E-17	9.617449E-19
9.962527E+03	8.431888E-17	9.609649E-19
9.962727E+03	8.428570E-17	9.603623E-19
9.962927E+03	8.426416E-17	9.598926E-19
9.963127E+03	8.424457E-17	9.594453E-19
9.963327E+03	8.421143E-17	9.588436E-19
9.963527E+03	8.417636E-17	9.582202E-19
9.963727E+03	8.415487E-17	9.577515E-19
9.963927E+03	8.414888E-17	9.574593E-19
9.964127E+03	8.414291E-17	9.571674E-19
9.964327E+03	8.413693E-17	9.568754E-19
9.964527E+03	8.413289E-17	9.566055E-19
9.964727E+03	8.414435E-17	9.565118E-19
9.964927E+03	8.417134E-17	9.565944E-19
9.965127E+03	8.418863E-17	9.565668E-19
9.965327E+03	8.419430E-17	9.564070E-19
9.965527E+03	8.420190E-17	9.562691E-19
9.965727E+03	8.421533E-17	9.561974E-19
9.965927E+03	8.422295E-17	9.560597E-19
9.966127E+03	8.423638E-17	9.559879E-19
9.966327E+03	8.425370E-17	9.559601E-19
9.966527E+03	8.427104E-17	9.559324E-19
9.966727E+03	8.430002E-17	9.560367E-19
9.966927E+03	8.433872E-17	9.562510E-19
9.967128E+03	8.437747E-17	9.564646E-19
9.967328E+03	8.441623E-17	9.566792E-19
9.967528E+03	8.444721E-17	9.568054E-19
9.967728E+03	8.448599E-17	9.570198E-19
9.967928E+03	8.454036E-17	9.574106E-19
9.968128E+03	8.458504E-17	9.576914E-19
9.968328E+03	8.460831E-17	9.577295E-19
9.968528E+03	8.461795E-17	9.576132E-19
9.968728E+03	8.462952E-17	9.575189E-19
9.968928E+03	8.464698E-17	9.574910E-19
9.969128E+03	8.466247E-17	9.574408E-19
9.969328E+03	8.467603E-17	9.573686E-19
9.969528E+03	8.467788E-17	9.571640E-19
9.969728E+03	8.470509E-17	9.572461E-19
9.969928E+03	8.478305E-17	9.579014E-19
9.970128E+03	8.486501E-17	9.586013E-19
9.970327E+03	8.493134E-17	9.591256E-19
9.970528E+03	8.498217E-17	9.594721E-19
9.970728E+03	8.500754E-17	9.595322E-19
9.970927E+03	8.502113E-17	9.594604E-19
9.971128E+03	8.503088E-17	9.593428E-19
9.971327E+03	8.504645E-17	9.592932E-19
9.971528E+03	8.506992E-17	9.593303E-19
9.971727E+03	8.510117E-17	9.594571E-19
9.971927E+03	8.515795E-17	9.598706E-19
9.972127E+03	8.521085E-17	9.602400E-19
9.972328E+03	8.527562E-17	9.607417E-19
9.972528E+03	8.532270E-17	9.610449E-19
9.972728E+03	8.535802E-17	9.612154E-19
9.972928E+03	8.532850E-17	9.606559E-19
9.973128E+03	8.526365E-17	9.596987E-19
9.973328E+03	8.521061E-17	9.588749E-19
9.973528E+03	8.521253E-17	9.586697E-19
9.973728E+03	8.523212E-17	9.586631E-19
9.973928E+03	8.523013E-17	9.584137E-19
9.974128E+03	8.523402E-17	9.582307E-19
9.974328E+03	8.528307E-17	9.585550E-19
9.974528E+03	8.533019E-17	9.588574E-19
9.974728E+03	8.532821E-17	9.586080E-19
9.974928E+03	8.530854E-17	9.581600E-19
9.975128E+03	8.531441E-17	9.579988E-19
9.975328E+03	8.534191E-17	9.580804E-19
9.975528E+03	8.536549E-17	9.581178E-19
9.975728E+03	8.537923E-17	9.580448E-19
9.975928E+03	8.539101E-17	9.579498E-19
9.976128E+03	8.541265E-17	9.579651E-19
9.976328E+03	8.545396E-17	9.582010E-19
9.976528E+03	8.549333E-17	9.584149E-19
9.976728E+03	8.553467E-17	9.586507E-19
9.976928E+03	8.557803E-17	9.589089E-19
9.977128E+03	8.560760E-17	9.590124E-19
9.977328E+03	8.562141E-17	9.589392E-19
9.977529E+03	8.564512E-17	9.589757E-19
9.977729E+03	8.567275E-17	9.590572E-19
9.977929E+03	8.571026E-17	9.592490E-19
9.978129E+03	8.575372E-17	9.595071E-19
9.978329E+03	8.581497E-17	9.599641E-19
9.978529E+03	8.590000E-17	9.606868E-19
9.978729E+03	8.597919E-17	9.613437E-19
9.978929E+03	8.600892E-17	9.614473E-19
9.979129E+03	8.599311E-17	9.610418E-19
9.979329E+03	8.597534E-17	9.606144E-19
9.979529E+03	8.597340E-17	9.603640E-19
9.979729E+03	8.600116E-17	9.604453E-19
9.979929E+03	8.606063E-17	9.608805E-19
9.980129E+03	8.612213E-17	9.613382E-19
9.980329E+03	8.615590E-17	9.614860E-19
9.980529E+03	8.618175E-17	9.615452E-19
9.980729E+03	8.621157E-17	9.616486E-19
9.980929E+03	8.624340E-17	9.617743E-19
9.981129E+03	8.627921E-17	9.619442E-19
9.981329E+03	8.629716E-17	9.619148E-19
9.981529E+03	8.629324E-17	9.616417E-19
9.981729E+03	8.628736E-17	9.613467E-19
9.981929E+03	8.629538E-17	9.612066E-19
9.982129E+03	8.631135E-17	9.611550E-19
9.982329E+03	8.633925E-17	9.612361E-19
9.982529E+03	8.636916E-17	9.613395E-19
9.982730E+03	8.640309E-17	9.614864E-19
9.982930E+03	8.644895E-17	9.617668E-19
9.983130E+03	8.650677E-17	9.621802E-19
9.983330E+03	8.654073E-17	9.623279E-19
9.983530E+03	8.654879E-17	9.621875E-19
9.983729E+03	8.655882E-17	9.620701E-19
9.983930E+03	8.655894E-17	9.618403E-19
9.984129E+03	8.654506E-17	9.614571E-19
9.984329E+03	8.653520E-17	9.611177E-19
9.984530E+03	8.652737E-17	9.607997E-19
9.984729E+03	8.651747E-17	9.604610E-19
9.984929E+03	8.651160E-17	9.601660E-19
9.985129E+03	8.650972E-17	9.599154E-19
9.985329E+03	8.650784E-17	9.596647E-19
9.985529E+03	8.651194E-17	9.594804E-19
9.985729E+03	8.652999E-17	9.594508E-19
9.985929E+03	8.656200E-17	9.595758E-19
9.986129E+03	8.660598E-17	9.598333E-19
9.986329E+03	8.665996E-17	9.602013E-19
9.986529E+03	8.670999E-17	9.605254E-19
9.986729E+03	8.676005E-17	9.608497E-19
9.986929E+03	8.680614E-17	9.611296E-19
9.987129E+03	8.685026E-17	9.613875E-19
9.987329E+03	8.688440E-17	9.615348E-19
9.987529E+03	8.690855E-17	9.615714E-19
9.987729E+03	8.695873E-17	9.618958E-19
9.987929E+03	8.703099E-17	9.624640E-19
9.988130E+03	8.707929E-17	9.627660E-19
9.988330E+03	8.710351E-17	9.628026E-19
9.988530E+03	8.714378E-17	9.630164E-19
9.988730E+03	8.720816E-17	9.634965E-19
9.988930E+03	8.728064E-17	9.640658E-19
9.989130E+03	8.733508E-17	9.644354E-19
9.989330E+03	8.736139E-17	9.644942E-19
9.989530E+03	8.737563E-17	9.644196E-19
9.989730E+03	8.738587E-17	9.643009E-19
9.989930E+03	8.739609E-17	9.641820E-19
9.990130E+03	8.743652E-17	9.643961E-19
9.990330E+03	8.750316E-17	9.648990E-19
9.990530E+03	8.754365E-17	9.651134E-19
9.990730E+03	8.754583E-17	9.649054E-19
9.990930E+03	8.754803E-17	9.646975E-19
9.991130E+03	8.756434E-17	9.646451E-19
9.991330E+03	8.759478E-17	9.647483E-19
9.991530E+03	8.762725E-17	9.648737E-19
9.991730E+03	8.766981E-17	9.651100E-19
9.991930E+03	8.771039E-17	9.653243E-19
9.992130E+03	8.774291E-17	9.654497E-19
9.992330E+03	8.777746E-17	9.655973E-19
9.992530E+03	8.782011E-17	9.658338E-19
9.992730E+03	8.785671E-17	9.660037E-19
9.992930E+03	8.788728E-17	9.661070E-19
9.993130E+03	8.793201E-17	9.663659E-19
9.993331E+03	8.798086E-17	9.666686E-19
9.993531E+03	8.801957E-17	9.668609E-19
9.993731E+03	8.805628E-17	9.670310E-19
9.993931E+03	8.809705E-17	9.672455E-19
9.994131E+03	8.813177E-17	9.673934E-19
9.994331E+03	8.814619E-17	9.673183E-19
9.994531E+03	8.815048E-17	9.671322E-19
9.994731E+03	8.815680E-17	9.669682E-19
9.994931E+03	8.817123E-17	9.668932E-19
9.995131E+03	8.817957E-17	9.667514E-19
9.995331E+03	8.820215E-17	9.667656E-19
9.995531E+03	8.824098E-17	9.669579E-19
9.995731E+03	8.826357E-17	9.669719E-19
9.995931E+03	8.825161E-17	9.666075E-19
9.996131E+03	8.823967E-17	9.662434E-19
9.996331E+03	8.823990E-17	9.660127E-19
9.996531E+03	8.824828E-17	9.658710E-19
9.996730E+03	8.825458E-17	9.657079E-19
9.996931E+03	8.825284E-17	9.654544E-19
9.997130E+03	8.825102E-17	9.652025E-19
9.997331E+03	8.827774E-17	9.652603E-19
9.997531E+03	8.831255E-17	9.654075E-19
9.997730E+03	8.832294E-17	9.652890E-19
9.997930E+03	8.833134E-17	9.651474E-19
9.998130E+03	8.836007E-17	9.652280E-19
9.998330E+03	8.839289E-17	9.653531E-19
9.998531E+03	8.839728E-17	9.651664E-19
9.998731E+03	8.838737E-17	9.648249E-19
9.998931E+03	8.838358E-17	9.645501E-19
9.999131E+03	8.837570E-17	9.642309E-19
9.999330E+03	8.836780E-17	9.639126E-19
9.999530E+03	8.837012E-17	9.637048E-19
9.999730E+03	8.839075E-17	9.636965E-19
9.999930E+03	8.840528E-17	9.636216E-19
1.000013E+04	8.841371E-17	9.634803E-19
1.000033E+04	8.842010E-17	9.633168E-19
1.000053E+04	8.841835E-17	9.630645E-19
1.000073E+04	8.841253E-17	9.627679E-19
1.000093E+04	8.839655E-17	9.623608E-19
1.000113E+04	8.839277E-17	9.620867E-19
1.000133E+04	8.840731E-17	9.620119E-19
1.000153E+04	8.842797E-17	9.620036E-19
1.000173E+04	8.843641E-17	9.618625E-19
1.000193E+04	8.842247E-17	9.614779E-19
1.000213E+04	8.840241E-17	9.610269E-19
1.000233E+04	8.840271E-17	9.607972E-19
1.000253E+04	8.840506E-17	9.605900E-19
1.000273E+04	8.838502E-17	9.601395E-19
1.000293E+04	8.834668E-17	9.594904E-19
1.000313E+04	8.831851E-17	9.589519E-19
1.000333E+04	8.832901E-17	9.588334E-19
1.000353E+04	8.834356E-17	9.587589E-19
1.000373E+04	8.834185E-17	9.585078E-19
1.000393E+04	8.835641E-17	9.584333E-19
1.000413E+04	8.841168E-17	9.588003E-19
1.000433E+04	8.847310E-17	9.592337E-19
1.000453E+04	8.852845E-17	9.596010E-19
1.000473E+04	8.857976E-17	9.599242E-19
1.000493E+04	8.862294E-17	9.601591E-19
1.000513E+04	8.864369E-17	9.601509E-19
1.000533E+04	8.863585E-17	9.598331E-19
1.000553E+04	8.861783E-17	9.594050E-19
1.000573E+04	8.859165E-17	9.588889E-19
1.000593E+04	8.851859E-17	9.578656E-19
1.000613E+04	8.845577E-17	9.569534E-19
1.000633E+04	8.845001E-17	9.566587E-19
1.000653E+04	8.854817E-17	9.574880E-19
1.000673E+04	8.864032E-17	9.582517E-19
1.000693E+04	8.876527E-17	9.593694E-19
1.000713E+04	8.883513E-17	9.598914E-19
1.000733E+04	8.883959E-17	9.597065E-19
1.000753E+04	8.882768E-17	9.593447E-19
1.000773E+04	8.882600E-17	9.590935E-19
1.000793E+04	8.880795E-17	9.586657E-19
1.000813E+04	8.878991E-17	9.582382E-19
1.000833E+04	8.880255E-17	9.581418E-19
1.000853E+04	8.883156E-17	9.582219E-19
1.000873E+04	8.885238E-17	9.582135E-19
1.000893E+04	8.886298E-17	9.580951E-19
1.000913E+04	8.885927E-17	9.578223E-19
1.000933E+04	8.885964E-17	9.575934E-19
1.000953E+04	8.889072E-17	9.576955E-19
1.000973E+04	8.893819E-17	9.579740E-19
1.000993E+04	8.896520E-17	9.580321E-19
1.001013E+04	8.895534E-17	9.576930E-19
1.001033E+04	8.893319E-17	9.572218E-19
1.001053E+04	8.893154E-17	9.569714E-19
1.001073E+04	8.893603E-17	9.567870E-19
1.001093E+04	8.892823E-17	9.564704E-19
1.001113E+04	8.892452E-17	9.561979E-19
1.001133E+04	8.891674E-17	9.558818E-19
1.001153E+04	8.889871E-17	9.554556E-19
1.001173E+04	8.889911E-17	9.552275E-19
1.001193E+04	8.891179E-17	9.551313E-19
1.001213E+04	8.891219E-17	9.549034E-19
1.001233E+04	8.889827E-17	9.545216E-19
1.001253E+04	8.889458E-17	9.542498E-19
1.001273E+04	8.889909E-17	9.540659E-19
1.001293E+04	8.889131E-17	9.537505E-19
1.001313E+04	8.887945E-17	9.533912E-19
1.001333E+04	8.888395E-17	9.532075E-19
1.001353E+04	8.889255E-17	9.530677E-19
1.001373E+04	8.888069E-17	9.527088E-19
1.001393E+04	8.887907E-17	9.524595E-19
1.001413E+04	8.889176E-17	9.523638E-19
1.001433E+04	8.889832E-17	9.522022E-19
1.001453E+04	8.891513E-17	9.521505E-19
1.001473E+04	8.894013E-17	9.521864E-19
1.001493E+04	8.897743E-17	9.523539E-19
1.001513E+04	8.902703E-17	9.526528E-19
1.001533E+04	8.907669E-17	9.529522E-19
1.001553E+04	8.910789E-17	9.530540E-19
1.001573E+04	8.911243E-17	9.528705E-19
1.001593E+04	8.911492E-17	9.526652E-19
1.001613E+04	8.912972E-17	9.525915E-19
1.001633E+04	8.914042E-17	9.524740E-19
1.001653E+04	8.914087E-17	9.522469E-19
1.001673E+04	8.913310E-17	9.519320E-19
1.001693E+04	8.912124E-17	9.515736E-19
1.001713E+04	8.911964E-17	9.513249E-19
1.001733E+04	8.913240E-17	9.512295E-19
1.001753E+04	8.915748E-17	9.512654E-19
1.001773E+04	8.916819E-17	9.511481E-19
1.001793E+04	8.916455E-17	9.508776E-19
1.001813E+04	8.916501E-17	9.506510E-19
1.001833E+04	8.917573E-17	9.505337E-19
1.001853E+04	8.919467E-17	9.505042E-19
1.001873E+04	8.920129E-17	9.503433E-19
1.001893E+04	8.920381E-17	9.501386E-19
1.001913E+04	8.922071E-17	9.500872E-19
1.001933E+04	8.924583E-17	9.501234E-19
1.001953E+04	8.926686E-17	9.501158E-19
1.001973E+04	8.929404E-17	9.501737E-19
1.001993E+04	8.933976E-17	9.504286E-19
1.002013E+04	8.938963E-17	9.507276E-19
1.002033E+04	8.942098E-17	9.508295E-19
1.002053E+04	8.942146E-17	9.506030E-19
1.002073E+04	8.940752E-17	9.502233E-19
1.002093E+04	8.942448E-17	9.501721E-19
1.002113E+04	8.946615E-17	9.503834E-19
1.002133E+04	8.950166E-17	9.505291E-19
1.002153E+04	8.952482E-17	9.505434E-19
1.002173E+04	8.954799E-17	9.505579E-19
1.002193E+04	8.956291E-17	9.504849E-19
1.002214E+04	8.958446E-17	9.504704E-19
1.002234E+04	8.960558E-17	9.504629E-19
1.002254E+04	8.962259E-17	9.504119E-19
1.002274E+04	8.965611E-17	9.505359E-19
1.002294E+04	8.970617E-17	9.508350E-19
1.002314E+04	8.974178E-17	9.509807E-19
1.002334E+04	8.976915E-17	9.510392E-19
1.002354E+04	8.979033E-17	9.510319E-19
1.002374E+04	8.982599E-17	9.511780E-19
1.002394E+04	8.987615E-17	9.514773E-19
1.002414E+04	8.991391E-17	9.516454E-19
1.002434E+04	8.992478E-17	9.515286E-19
1.002454E+04	8.992529E-17	9.513023E-19
1.002474E+04	8.992787E-17	9.510979E-19
1.002494E+04	8.993045E-17	9.508938E-19
1.002514E+04	8.993925E-17	9.507553E-19
1.002534E+04	8.994805E-17	9.506168E-19
1.002554E+04	8.995478E-17	9.504564E-19
1.002574E+04	8.995738E-17	9.502525E-19
1.002594E+04	8.996619E-17	9.501142E-19
1.002614E+04	8.998743E-17	9.501072E-19
1.002634E+04	9.001075E-17	9.501220E-19
1.002654E+04	9.002371E-17	9.500276E-19
1.002674E+04	9.003046E-17	9.498676E-19
1.002694E+04	9.005172E-17	9.498606E-19
1.002714E+04	9.008544E-17	9.499849E-19
1.002734E+04	9.011709E-17	9.500875E-19
1.002754E+04	9.013423E-17	9.500369E-19
1.002774E+04	9.015137E-17	9.499863E-19
1.002794E+04	9.017890E-17	9.500451E-19
1.002814E+04	9.021890E-17	9.502353E-19
1.002834E+04	9.027347E-17	9.505787E-19
1.002854E+04	9.032182E-17	9.508565E-19
1.002874E+04	9.033902E-17	9.508059E-19
1.002894E+04	9.034164E-17	9.506023E-19
1.002914E+04	9.034010E-17	9.503549E-19
1.002934E+04	9.033650E-17	9.500858E-19
1.002954E+04	9.033288E-17	9.498166E-19
1.002974E+04	9.033967E-17	9.496570E-19
1.002994E+04	9.037143E-17	9.497598E-19
1.003014E+04	9.041778E-17	9.500158E-19
1.003034E+04	9.044957E-17	9.501185E-19
1.003054E+04	9.045638E-17	9.499591E-19
1.003074E+04	9.045277E-17	9.496903E-19
1.003094E+04	9.046166E-17	9.495526E-19
1.003114E+04	9.046639E-17	9.493713E-19
1.003134E+04	9.045863E-17	9.490591E-19
1.003154E+04	9.045294E-17	9.487688E-19
1.003174E+04	9.045350E-17	9.485440E-19
1.003194E+04	9.044990E-17	9.482756E-19
1.003214E+04	9.044423E-17	9.479857E-19
1.003234E+04	9.041148E-17	9.474123E-19
1.003254E+04	9.036002E-17	9.466428E-19
1.003274E+04	9.032523E-17	9.460483E-19
1.003294E+04	9.030916E-17	9.456503E-19
1.003314E+04	9.030350E-17	9.453613E-19
1.003334E+04	9.029160E-17	9.450071E-19
1.003354E+04	9.026307E-17	9.444788E-19
1.003374E+04	9.023248E-17	9.439295E-19
1.003394E+04	9.021851E-17	9.435542E-19
1.003414E+04	9.022325E-17	9.433746E-19
1.003434E+04	9.023629E-17	9.432817E-19
1.003454E+04	9.025350E-17	9.432326E-19
1.003474E+04	9.026448E-17	9.431183E-19
1.003494E+04	9.025052E-17	9.427434E-19
1.003514E+04	9.022617E-17	9.422602E-19
1.003534E+04	9.020391E-17	9.417992E-19
1.003554E+04	9.017335E-17	9.412516E-19
1.003574E+04	9.013864E-17	9.406610E-19
1.003594E+04	9.010811E-17	9.401141E-19
1.003614E+04	9.008381E-17	9.396326E-19
1.003634E+04	9.006158E-17	9.391729E-19
1.003654E+04	9.003314E-17	9.386486E-19
1.003674E+04	9.001094E-17	9.381893E-19
1.003694E+04	9.000117E-17	9.378601E-19
1.003714E+04	9.001214E-17	9.377469E-19
1.003734E+04	9.004383E-17	9.378496E-19
1.003754E+04	9.009627E-17	9.381681E-19
1.003774E+04	9.014045E-17	9.384008E-19
1.003794E+04	9.013898E-17	9.381580E-19
1.003814E+04	9.010430E-17	9.375698E-19
1.003834E+04	9.006965E-17	9.369819E-19
1.003854E+04	9.004122E-17	9.364593E-19
1.003874E+04	9.000451E-17	9.358509E-19
1.003894E+04	8.998647E-17	9.354365E-19
1.003914E+04	9.002023E-17	9.355607E-19
1.003934E+04	9.007061E-17	9.358577E-19
1.003954E+04	9.011271E-17	9.360684E-19
1.003974E+04	9.012577E-17	9.359774E-19
1.003994E+04	9.010355E-17	9.355200E-19
1.004014E+04	9.007721E-17	9.350202E-19
1.004034E+04	9.006123E-17	9.346281E-19
1.004054E+04	9.002867E-17	9.340641E-19
1.004074E+04	9.000234E-17	9.335648E-19
1.004094E+04	8.999883E-17	9.333026E-19
1.004114E+04	8.996836E-17	9.327610E-19
1.004134E+04	8.994620E-17	9.323056E-19
1.004154E+04	8.995717E-17	9.321937E-19
1.004174E+04	9.001789E-17	9.325975E-19
1.004194E+04	9.007035E-17	9.329154E-19
1.004214E+04	9.013113E-17	9.333193E-19
1.004234E+04	9.010893E-17	9.328638E-19
1.004254E+04	9.005563E-17	9.320868E-19
1.004274E+04	9.002516E-17	9.315463E-19
1.004294E+04	9.002787E-17	9.313493E-19
1.004314E+04	9.003679E-17	9.312164E-19
1.004334E+04	9.002912E-17	9.309124E-19
1.004354E+04	8.999660E-17	9.303514E-19
1.004374E+04	8.995579E-17	9.297050E-19
1.004394E+04	8.994193E-17	9.293372E-19
1.004414E+04	8.993014E-17	9.289913E-19
1.004434E+04	8.988109E-17	9.282606E-19
1.004454E+04	8.981139E-17	9.273169E-19
1.004474E+04	8.974174E-17	9.263741E-19
1.004494E+04	8.970312E-17	9.257523E-19
1.004514E+04	8.969963E-17	9.254930E-19
1.004534E+04	8.970441E-17	9.253191E-19
1.004554E+04	8.969677E-17	9.250172E-19
1.004574E+04	8.968090E-17	9.246307E-19
1.004594E+04	8.967328E-17	9.243294E-19
1.004614E+04	8.967186E-17	9.240920E-19
1.004634E+04	8.966218E-17	9.237695E-19
1.004654E+04	8.964838E-17	9.234050E-19
1.004674E+04	8.963869E-17	9.230830E-19
1.004694E+04	8.963934E-17	9.228673E-19
1.004714E+04	8.965237E-17	9.227792E-19
1.004734E+04	8.965715E-17	9.226064E-19
1.004754E+04	8.965161E-17	9.223275E-19
1.004774E+04	8.965226E-17	9.221122E-19
1.004794E+04	8.964259E-17	9.217908E-19
1.004814E+04	8.963499E-17	9.214911E-19
1.004834E+04	8.964596E-17	9.213824E-19
1.004854E+04	8.970237E-17	9.217405E-19
1.004874E+04	8.974640E-17	9.219712E-19
1.004894E+04	8.975533E-17	9.218415E-19
1.004914E+04	8.973945E-17	9.214570E-19
1.004934E+04	8.970499E-17	9.208819E-19
1.004954E+04	8.965196E-17	9.201164E-19
1.004974E+04	8.960102E-17	9.193729E-19
1.004994E+04	8.957487E-17	9.188840E-19
1.005014E+04	8.958790E-17	9.187972E-19
1.005034E+04	8.961538E-17	9.188583E-19
1.005054E+04	8.963462E-17	9.188353E-19
1.005074E+04	8.963735E-17	9.186429E-19
1.005094E+04	8.963182E-17	9.183659E-19
1.005114E+04	8.965312E-17	9.183638E-19
1.005134E+04	8.967650E-17	9.183833E-19
1.005154E+04	8.966271E-17	9.180222E-19
1.005174E+04	8.966751E-17	9.178513E-19
1.005194E+04	8.971361E-17	9.181031E-19
1.005214E+04	8.975147E-17	9.182708E-19
1.005234E+04	8.976041E-17	9.181425E-19
1.005254E+04	8.975901E-17	9.179084E-19
1.005274E+04	8.977415E-17	9.178434E-19
1.005294E+04	8.982032E-17	9.180959E-19
1.005314E+04	8.986030E-17	9.182849E-19
1.005334E+04	8.988994E-17	9.183681E-19
1.005354E+04	8.992789E-17	9.185361E-19
1.005374E+04	8.999070E-17	9.189581E-19
1.005394E+04	9.008052E-17	9.196557E-19
1.005414E+04	9.018497E-17	9.205020E-19
1.005434E+04	9.027292E-17	9.211795E-19
1.005454E+04	9.032766E-17	9.215182E-19
1.005474E+04	9.030755E-17	9.210932E-19
1.005494E+04	9.020847E-17	9.198631E-19
1.005514E+04	9.009291E-17	9.184654E-19
1.005534E+04	9.002516E-17	9.175560E-19
1.005554E+04	8.995747E-17	9.166476E-19
1.005574E+04	8.992088E-17	9.160562E-19
1.005594E+04	8.991328E-17	9.157604E-19
1.005614E+04	8.990775E-17	9.154861E-19
1.005634E+04	8.993329E-17	9.155281E-19
1.005654E+04	8.988843E-17	9.148535E-19
1.005674E+04	8.985186E-17	9.142635E-19
1.005694E+04	8.986290E-17	9.141584E-19
1.005714E+04	8.989049E-17	9.142216E-19
1.005734E+04	8.986221E-17	9.137165E-19
1.005754E+04	8.985255E-17	9.134009E-19
1.005774E+04	8.986980E-17	9.133593E-19
1.005794E+04	8.985808E-17	9.130232E-19
1.005814E+04	8.982154E-17	9.124350E-19
1.005834E+04	8.980775E-17	9.120782E-19
1.005854E+04	8.980431E-17	9.118269E-19
1.005874E+04	8.981534E-17	9.117225E-19
1.005894E+04	8.986154E-17	9.119750E-19
1.005914E+04	8.989536E-17	9.121016E-19
1.005934E+04	8.989812E-17	9.119135E-19
1.005954E+04	8.989882E-17	9.117045E-19
1.005974E+04	8.991608E-17	9.116633E-19
1.005994E+04	8.995404E-17	9.118320E-19
1.006014E+04	9.000655E-17	9.121483E-19
1.006034E+04	9.004456E-17	9.123176E-19
1.006054E+04	9.006392E-17	9.122977E-19
1.006074E+04	9.009574E-17	9.124039E-19
1.006094E+04	9.012963E-17	9.125314E-19
1.006114E+04	9.009922E-17	9.120079E-19
1.006134E+04	9.004600E-17	9.112536E-19
1.006154E+04	9.005085E-17	9.110872E-19
1.006174E+04	9.007021E-17	9.110680E-19
1.006194E+04	9.007922E-17	9.109440E-19
1.006214E+04	9.007785E-17	9.107150E-19
1.006234E+04	9.013458E-17	9.110733E-19
1.006254E+04	9.023496E-17	9.118730E-19
1.006274E+04	9.033130E-17	9.126313E-19
1.006294E+04	9.041108E-17	9.132220E-19
1.006314E+04	9.045344E-17	9.134343E-19
1.006334E+04	9.047498E-17	9.134368E-19
1.006354E+04	9.052362E-17	9.137127E-19
1.006374E+04	9.059732E-17	9.142413E-19
1.006394E+04	9.064394E-17	9.144963E-19
1.006414E+04	9.064674E-17	9.143096E-19
1.006434E+04	9.066833E-17	9.143123E-19
1.006454E+04	9.074842E-17	9.149047E-19
1.006474E+04	9.083694E-17	9.155818E-19
1.006494E+04	9.090671E-17	9.160700E-19
1.006514E+04	9.097653E-17	9.165583E-19
1.006534E+04	9.106318E-17	9.172159E-19
1.006554E+04	9.114362E-17	9.178105E-19
1.006574E+04	9.120102E-17	9.181733E-19
1.006594E+04	9.124586E-17	9.184093E-19
1.006614E+04	9.126969E-17	9.184339E-19
1.006634E+04	9.126412E-17	9.181624E-19
1.006654E+04	9.129217E-17	9.182297E-19
1.006674E+04	9.135388E-17	9.186353E-19
1.006694E+04	9.136933E-17	9.185756E-19
1.006714E+04	9.135533E-17	9.182198E-19
1.006734E+04	9.139183E-17	9.183720E-19
1.006754E+04	9.146414E-17	9.188839E-19
1.006774E+04	9.150278E-17	9.190572E-19
1.006794E+04	9.149298E-17	9.187439E-19
1.006814E+04	9.146422E-17	9.182409E-19
1.006834E+04	9.144179E-17	9.178015E-19
1.006854E+04	9.143830E-17	9.175524E-19
1.006874E+04	9.146220E-17	9.175780E-19
1.006894E+04	9.152404E-17	9.179845E-19
1.006914E+04	9.158168E-17	9.183487E-19
1.006933E+04	9.159673E-17	9.182963E-19
1.006953E+04	9.159324E-17	9.180473E-19
1.006974E+04	9.159022E-17	9.177929E-19
1.006993E+04	9.160315E-17	9.177197E-19
1.007014E+04	9.165920E-17	9.180570E-19
1.007033E+04	9.174394E-17	9.187026E-19
1.007053E+04	9.182287E-17	9.192796E-19
1.007073E+04	9.187014E-17	9.195394E-19
1.007093E+04	9.189204E-17	9.195450E-19
1.007113E+04	9.191394E-17	9.195505E-19
1.007133E+04	9.192737E-17	9.194719E-19
1.007153E+04	9.192600E-17	9.192451E-19
1.007173E+04	9.196485E-17	9.194204E-19
1.007193E+04	9.203974E-17	9.199558E-19
1.007213E+04	9.209348E-17	9.202800E-19
1.007233E+04	9.211118E-17	9.202440E-19
1.007253E+04	9.210557E-17	9.199750E-19
1.007273E+04	9.208722E-17	9.195789E-19
1.007293E+04	9.203498E-17	9.188451E-19
1.007313E+04	9.198276E-17	9.181116E-19
1.007333E+04	9.200045E-17	9.180762E-19
1.007353E+04	9.207748E-17	9.186326E-19
1.007373E+04	9.210792E-17	9.187245E-19
1.007393E+04	9.217019E-17	9.191338E-19
1.007413E+04	9.220490E-17	9.192680E-19
1.007433E+04	9.225237E-17	9.195292E-19
1.007454E+04	9.226420E-17	9.194250E-19
1.007474E+04	9.225645E-17	9.191364E-19
1.007494E+04	9.223809E-17	9.187420E-19
1.007514E+04	9.219848E-17	9.181362E-19
1.007534E+04	9.215891E-17	9.175315E-19
1.007554E+04	9.211510E-17	9.168848E-19
1.007574E+04	9.209676E-17	9.164917E-19
1.007594E+04	9.209115E-17	9.162254E-19
1.007614E+04	9.208978E-17	9.160019E-19
1.007634E+04	9.210962E-17	9.159893E-19
1.007654E+04	9.218462E-17	9.165251E-19
1.007674E+04	9.228944E-17	9.173570E-19
1.007694E+04	9.236247E-17	9.178730E-19
1.007714E+04	9.238450E-17	9.178820E-19
1.007734E+04	9.240652E-17	9.178909E-19
1.007754E+04	9.243494E-17	9.179631E-19
1.007774E+04	9.245485E-17	9.179514E-19
1.007794E+04	9.248541E-17	9.180453E-19
1.007814E+04	9.252877E-17	9.182661E-19
1.007834E+04	9.258920E-17	9.186560E-19
1.007854E+04	9.267740E-17	9.193219E-19
1.007874E+04	9.276356E-17	9.199671E-19
1.007894E+04	9.279209E-17	9.200404E-19
1.007914E+04	9.276294E-17	9.195418E-19
1.007934E+04	9.271671E-17	9.188749E-19
1.007954E+04	9.270893E-17	9.185891E-19
1.007974E+04	9.275880E-17	9.188743E-19
1.007994E+04	9.285785E-17	9.196465E-19
1.008014E+04	9.295274E-17	9.203775E-19
1.008034E+04	9.297062E-17	9.203459E-19
1.008054E+04	9.292430E-17	9.196788E-19
1.008074E+04	9.289296E-17	9.191602E-19
1.008094E+04	9.288731E-17	9.188965E-19
1.008114E+04	9.287951E-17	9.186114E-19
1.008134E+04	9.287813E-17	9.183900E-19
1.008154E+04	9.290670E-17	9.184646E-19
1.008174E+04	9.297165E-17	9.188994E-19
1.008194E+04	9.303237E-17	9.192921E-19
1.008214E+04	9.308242E-17	9.195790E-19
1.008234E+04	9.314750E-17	9.200142E-19
1.008254E+04	9.320833E-17	9.204079E-19
1.008274E+04	9.320480E-17	9.201658E-19
1.008294E+04	9.316050E-17	9.195214E-19
1.008314E+04	9.314840E-17	9.191948E-19
1.008334E+04	9.319851E-17	9.194828E-19
1.008354E+04	9.327655E-17	9.200461E-19
1.008374E+04	9.331384E-17	9.202072E-19
1.008394E+04	9.337263E-17	9.205801E-19
1.008414E+04	9.344437E-17	9.210810E-19
1.008434E+04	9.344083E-17	9.208398E-19
1.008454E+04	9.336847E-17	9.199205E-19
1.008474E+04	9.330046E-17	9.190444E-19
1.008494E+04	9.326041E-17	9.184447E-19
1.008514E+04	9.325903E-17	9.182259E-19
1.008534E+04	9.331349E-17	9.185567E-19
1.008554E+04	9.340454E-17	9.192474E-19
1.008574E+04	9.347630E-17	9.197487E-19
1.008594E+04	9.349213E-17	9.196994E-19
1.008614E+04	9.344770E-17	9.190574E-19
1.008634E+04	9.340544E-17	9.184369E-19
1.008654E+04	9.338039E-17	9.179866E-19
1.008674E+04	9.336610E-17	9.176420E-19
1.008694E+04	9.337977E-17	9.175722E-19
1.008714E+04	9.340849E-17	9.176503E-19
1.008734E+04	9.345442E-17	9.178980E-19
1.008754E+04	9.351331E-17	9.182728E-19
1.008774E+04	9.355499E-17	9.184783E-19
1.008794E+04	9.357946E-17	9.185147E-19
1.008814E+04	9.359746E-17	9.184883E-19
1.008834E+04	9.358529E-17	9.181658E-19
1.008854E+04	9.355374E-17	9.176532E-19
1.008874E+04	9.352650E-17	9.171831E-19
1.008894E+04	9.351649E-17	9.168828E-19
1.008914E+04	9.352156E-17	9.167303E-19
1.008934E+04	9.351371E-17	9.164511E-19
1.008954E+04	9.351232E-17	9.162353E-19
1.008974E+04	9.357339E-17	9.166322E-19
1.008994E+04	9.367547E-17	9.174303E-19
1.009014E+04	9.376688E-17	9.181235E-19
1.009034E+04	9.379355E-17	9.181827E-19
1.009054E+04	9.375977E-17	9.176507E-19
1.009074E+04	9.374541E-17	9.173090E-19
1.009094E+04	9.376561E-17	9.173055E-19
1.009114E+04	9.372968E-17	9.167528E-19
1.009134E+04	9.365061E-17	9.157792E-19
1.009154E+04	9.364706E-17	9.155443E-19
1.009174E+04	9.361549E-17	9.150354E-19
1.009194E+04	9.362918E-17	9.149691E-19
1.009214E+04	9.362348E-17	9.147139E-19
1.009234E+04	9.362639E-17	9.145430E-19
1.009254E+04	9.359697E-17	9.140563E-19
1.009274E+04	9.356972E-17	9.135909E-19
1.009294E+04	9.355756E-17	9.132736E-19
1.009314E+04	9.352816E-17	9.127883E-19
1.009334E+04	9.350738E-17	9.123871E-19
1.009354E+04	9.347370E-17	9.118601E-19
1.009374E+04	9.350244E-17	9.119429E-19
1.009394E+04	9.353550E-17	9.120677E-19
1.009414E+04	9.350826E-17	9.116044E-19
1.009434E+04	9.349825E-17	9.113093E-19
1.009454E+04	9.355931E-17	9.117075E-19
1.009474E+04	9.361825E-17	9.120848E-19
1.009494E+04	9.363195E-17	9.120212E-19
1.009514E+04	9.362839E-17	9.117895E-19
1.009534E+04	9.361190E-17	9.114326E-19
1.009554E+04	9.359541E-17	9.110759E-19
1.009574E+04	9.360263E-17	9.109500E-19
1.009594E+04	9.363572E-17	9.110758E-19
1.009614E+04	9.368824E-17	9.113912E-19
1.009634E+04	9.377316E-17	9.120215E-19
1.009654E+04	9.387114E-17	9.127784E-19
1.009674E+04	9.393460E-17	9.131994E-19
1.009694E+04	9.395699E-17	9.132217E-19
1.009714E+04	9.395341E-17	9.129917E-19
1.009734E+04	9.394984E-17	9.127616E-19
1.009754E+04	9.397656E-17	9.128258E-19
1.009774E+04	9.402710E-17	9.131221E-19
1.009794E+04	9.408200E-17	9.134605E-19
1.009814E+04	9.413475E-17	9.137778E-19
1.009834E+04	9.418972E-17	9.141164E-19
1.009854E+04	9.425556E-17	9.145611E-19
1.009874E+04	9.434534E-17	9.152377E-19
1.009894E+04	9.445042E-17	9.160624E-19
1.009914E+04	9.456652E-17	9.169935E-19
1.009934E+04	9.464352E-17	9.175459E-19
1.009954E+04	9.469223E-17	9.178238E-19
1.009974E+04	9.477806E-17	9.184612E-19
1.009994E+04	9.487489E-17	9.192048E-19
1.010014E+04	9.492154E-17	9.194628E-19
1.010034E+04	9.495290E-17	9.195726E-19
1.010054E+04	9.499739E-17	9.198093E-19
1.010074E+04	9.503316E-17	9.199614E-19
1.010094E+04	9.507769E-17	9.201991E-19
1.010114E+04	9.517264E-17	9.209244E-19
1.010134E+04	9.527425E-17	9.217138E-19
1.010154E+04	9.530572E-17	9.218245E-19
1.010174E+04	9.529990E-17	9.215752E-19
1.010194E+04	9.534455E-17	9.218138E-19
1.010214E+04	9.542438E-17	9.223924E-19
1.010234E+04	9.546249E-17	9.225675E-19
1.010254E+04	9.549623E-17	9.227010E-19
1.010274E+04	9.560259E-17	9.235360E-19
1.010294E+04	9.572229E-17	9.244993E-19
1.010314E+04	9.583774E-17	9.254211E-19
1.010334E+04	9.595552E-17	9.263659E-19
1.010354E+04	9.608009E-17	9.273757E-19
1.010374E+04	9.620482E-17	9.283866E-19
1.010394E+04	9.632527E-17	9.293557E-19
1.010414E+04	9.644366E-17	9.303053E-19
1.010434E+04	9.655774E-17	9.312129E-19
1.010454E+04	9.666528E-17	9.320570E-19
1.010474E+04	9.676180E-17	9.327944E-19
1.010494E+04	9.686288E-17	9.335763E-19
1.010514E+04	9.695958E-17	9.343156E-19
1.010534E+04	9.705193E-17	9.350126E-19
1.010554E+04	9.713989E-17	9.356669E-19
1.010574E+04	9.722119E-17	9.362578E-19
1.010594E+04	9.729587E-17	9.367844E-19
1.010614E+04	9.737283E-17	9.373328E-19
1.010634E+04	9.745658E-17	9.379463E-19
1.010654E+04	9.752918E-17	9.384530E-19
1.010674E+04	9.759283E-17	9.388734E-19
1.010694E+04	9.765429E-17	9.392725E-19
1.010714E+04	9.771803E-17	9.396932E-19
1.010734E+04	9.777732E-17	9.400718E-19
1.010754E+04	9.784114E-17	9.404938E-19
1.010774E+04	9.791852E-17	9.410458E-19
1.010794E+04	9.800274E-17	9.416634E-19
1.010814E+04	9.807799E-17	9.421953E-19
1.010834E+04	9.813976E-17	9.425974E-19
1.010854E+04	9.819477E-17	9.429344E-19
1.010874E+04	9.823623E-17	9.431411E-19
1.010894E+04	9.825509E-17	9.431316E-19
1.010914E+04	9.827395E-17	9.431222E-19
1.010934E+04	9.831318E-17	9.433081E-19
1.010954E+04	9.837508E-17	9.437113E-19
1.010974E+04	9.842795E-17	9.440286E-19
1.010994E+04	9.845364E-17	9.440851E-19
1.011014E+04	9.845439E-17	9.439025E-19
1.011034E+04	9.844609E-17	9.436330E-19
1.011054E+04	9.844230E-17	9.434079E-19
1.011074E+04	9.846800E-17	9.434652E-19
1.011094E+04	9.852545E-17	9.438267E-19
1.011114E+04	9.860337E-17	9.443839E-19
1.011134E+04	9.868590E-17	9.449860E-19
1.011154E+04	9.872983E-17	9.452183E-19
1.011174E+04	9.875332E-17	9.452547E-19
1.011194E+04	9.878819E-17	9.453999E-19
1.011214E+04	9.881169E-17	9.454373E-19
1.011234E+04	9.883975E-17	9.455182E-19
1.011254E+04	9.885871E-17	9.455119E-19
1.011274E+04	9.888450E-17	9.455709E-19
1.011294E+04	9.890118E-17	9.455438E-19
1.011314E+04	9.890877E-17	9.454296E-19
1.011334E+04	9.891407E-17	9.452936E-19
1.011354E+04	9.891710E-17	9.451358E-19
1.011374E+04	9.891784E-17	9.449572E-19
1.011394E+04	9.891631E-17	9.447569E-19
1.011414E+04	9.891250E-17	9.445348E-19
1.011434E+04	9.890869E-17	9.443128E-19
1.011454E+04	9.890032E-17	9.440483E-19
1.011474E+04	9.888968E-17	9.437621E-19
1.011494E+04	9.887904E-17	9.434760E-19
1.011514E+04	9.886384E-17	9.431464E-19
1.011534E+04	9.884637E-17	9.427964E-19
1.011554E+04	9.882890E-17	9.424463E-19
1.011574E+04	9.880916E-17	9.420746E-19
1.011594E+04	9.879625E-17	9.417682E-19
1.011614E+04	9.878334E-17	9.414629E-19
1.011634E+04	9.876815E-17	9.411358E-19
1.011654E+04	9.876206E-17	9.408956E-19
1.011674E+04	9.875824E-17	9.406770E-19
1.011694E+04	9.876125E-17	9.405245E-19
1.011714E+04	9.876425E-17	9.403719E-19
1.011734E+04	9.876043E-17	9.401544E-19
1.011754E+04	9.873161E-17	9.396989E-19
1.011774E+04	9.868233E-17	9.390500E-19
1.011794E+04	9.862853E-17	9.383582E-19
1.011814E+04	9.860201E-17	9.379260E-19
1.011834E+04	9.860728E-17	9.377964E-19
1.011854E+04	9.861935E-17	9.377324E-19
1.011874E+04	9.862462E-17	9.376038E-19
1.011894E+04	9.861853E-17	9.373672E-19
1.011914E+04	9.859654E-17	9.369795E-19
1.011934E+04	9.856094E-17	9.364637E-19
1.011954E+04	9.853669E-17	9.360558E-19
1.011974E+04	9.852834E-17	9.357989E-19
1.011994E+04	9.851998E-17	9.355420E-19
1.012014E+04	9.848894E-17	9.350710E-19
1.012034E+04	9.845564E-17	9.345786E-19
1.012054E+04	9.843369E-17	9.341940E-19
1.012074E+04	9.841853E-17	9.338740E-19
1.012094E+04	9.841244E-17	9.336412E-19
1.012114E+04	9.841315E-17	9.334729E-19
1.012134E+04	9.841159E-17	9.332830E-19
1.012154E+04	9.840776E-17	9.330717E-19
1.012174E+04	9.841981E-17	9.330119E-19
1.012194E+04	9.843184E-17	9.329521E-19
1.012214E+04	9.841895E-17	9.326559E-19
1.012234E+04	9.840152E-17	9.323169E-19
1.012254E+04	9.839769E-17	9.321078E-19
1.012274E+04	9.838933E-17	9.318558E-19
1.012294E+04	9.836737E-17	9.314751E-19
1.012314E+04	9.834996E-17	9.311375E-19
1.012334E+04	9.834159E-17	9.308868E-19
1.012354E+04	9.832190E-17	9.305289E-19
1.012374E+04	9.828638E-17	9.300213E-19
1.012394E+04	9.824408E-17	9.294497E-19
1.012414E+04	9.820859E-17	9.289437E-19
1.012434E+04	9.819345E-17	9.286304E-19
1.012454E+04	9.821223E-17	9.286378E-19
1.012474E+04	9.821971E-17	9.285383E-19
1.012494E+04	9.824301E-17	9.285896E-19
1.012514E+04	9.824596E-17	9.284484E-19
1.012534E+04	9.822854E-17	9.281147E-19
1.012554E+04	9.820209E-17	9.276959E-19
1.012574E+04	9.817564E-17	9.272781E-19
1.012594E+04	9.813112E-17	9.266900E-19
1.012614E+04	9.806855E-17	9.259315E-19
1.012634E+04	9.801731E-17	9.252802E-19
1.012654E+04	9.796383E-17	9.246091E-19
1.012675E+04	9.791538E-17	9.239773E-19
1.012695E+04	9.787547E-17	9.234346E-19
1.012715E+04	9.784234E-17	9.229560E-19
1.012735E+04	9.781373E-17	9.225213E-19
1.012755E+04	9.778963E-17	9.221292E-19
1.012775E+04	9.776328E-17	9.217160E-19
1.012795E+04	9.772343E-17	9.211757E-19
1.012815E+04	9.767461E-17	9.205521E-19
1.012835E+04	9.762581E-17	9.199288E-19
1.012855E+04	9.760399E-17	9.195600E-19
1.012875E+04	9.761139E-17	9.194664E-19
1.012895E+04	9.762104E-17	9.193952E-19
1.012915E+04	9.760596E-17	9.190911E-19
1.012935E+04	9.757516E-17	9.186391E-19
1.012955E+04	9.754662E-17	9.182083E-19
1.012975E+04	9.752706E-17	9.178635E-19
1.012995E+04	9.751199E-17	9.175609E-19
1.013015E+04	9.748345E-17	9.171317E-19
1.013035E+04	9.743249E-17	9.164917E-19
1.013055E+04	9.736586E-17	9.157057E-19
1.013075E+04	9.730375E-17	9.149623E-19
1.013095E+04	9.724840E-17	9.142828E-19
1.013115E+04	9.720427E-17	9.137089E-19
1.013135E+04	9.716463E-17	9.131785E-19
1.013155E+04	9.712276E-17	9.126274E-19
1.013175E+04	9.707868E-17	9.120556E-19
1.013195E+04	9.704133E-17	9.115472E-19
1.013215E+04	9.701069E-17	9.111031E-19
1.013235E+04	9.697335E-17	9.105962E-19
1.013255E+04	9.692934E-17	9.100268E-19
1.013275E+04	9.690096E-17	9.096043E-19
1.013295E+04	9.687481E-17	9.092040E-19
1.013315E+04	9.683976E-17	9.087203E-19
1.013335E+04	9.678688E-17	9.080694E-19
1.013355E+04	9.672512E-17	9.073354E-19
1.013375E+04	9.666563E-17	9.066241E-19
1.013395E+04	9.661952E-17	9.060385E-19
1.013415E+04	9.657565E-17	9.054740E-19
1.013435E+04	9.652959E-17	9.048891E-19
1.013455E+04	9.649020E-17	9.043682E-19
1.013475E+04	9.645749E-17	9.039100E-19
1.013495E+04	9.644478E-17	9.036391E-19
1.013515E+04	9.644762E-17	9.035141E-19
1.013535E+04	9.644155E-17	9.033069E-19
1.013555E+04	9.640442E-17	9.028088E-19
1.013575E+04	9.635176E-17	9.021654E-19
1.013595E+04	9.630580E-17	9.015848E-19
1.013615E+04	9.626870E-17	9.010887E-19
1.013635E+04	9.621833E-17	9.004685E-19
1.013655E+04	9.616356E-17	8.998072E-19
1.013675E+04	9.612653E-17	8.993121E-19
1.013695E+04	9.610720E-17	8.989839E-19
1.013715E+04	9.608788E-17	8.986558E-19
1.013735E+04	9.606635E-17	8.983072E-19
1.013755E+04	9.606031E-17	8.981034E-19
1.013775E+04	9.606974E-17	8.980456E-19
1.013795E+04	9.607033E-17	8.979051E-19
1.013815E+04	9.605102E-17	8.975786E-19
1.013835E+04	9.603170E-17	8.972521E-19
1.013855E+04	9.602123E-17	8.970096E-19
1.013875E+04	9.600412E-17	8.967052E-19
1.013895E+04	9.596492E-17	8.961945E-19
1.013915E+04	9.591249E-17	8.955603E-19
1.013935E+04	9.586228E-17	8.949484E-19
1.013955E+04	9.582974E-17	8.945016E-19
1.013975E+04	9.580826E-17	8.941580E-19
1.013995E+04	9.578236E-17	8.937733E-19
1.014015E+04	9.574545E-17	8.932872E-19
1.014035E+04	9.570193E-17	8.927396E-19
1.014055E+04	9.564962E-17	8.921102E-19
1.014075E+04	9.559515E-17	8.914607E-19
1.014095E+04	9.555390E-17	8.909359E-19
1.014115E+04	9.553466E-17	8.906165E-19
1.014135E+04	9.552422E-17	8.903791E-19
1.014155E+04	9.550059E-17	8.900190E-19
1.014175E+04	9.547036E-17	8.895986E-19
1.014195E+04	9.543136E-17	8.890966E-19
1.014215E+04	9.540116E-17	8.886767E-19
1.014235E+04	9.538853E-17	8.884206E-19
1.014255E+04	9.538688E-17	8.882680E-19
1.014275E+04	9.537864E-17	8.880541E-19
1.014295E+04	9.534625E-17	8.876154E-19
1.014315E+04	9.528974E-17	8.869523E-19
1.014335E+04	9.524641E-17	8.864133E-19
1.014355E+04	9.522063E-17	8.860378E-19
1.014375E+04	9.517732E-17	8.854993E-19
1.014395E+04	9.510339E-17	8.846759E-19
1.014415E+04	9.504044E-17	8.839563E-19
1.014435E+04	9.500814E-17	8.835220E-19
1.014455E+04	9.498900E-17	8.832100E-19
1.014475E+04	9.496547E-17	8.828573E-19
1.014495E+04	9.493320E-17	8.824248E-19
1.014515E+04	9.489439E-17	8.819315E-19
1.014535E+04	9.485559E-17	8.814385E-19
1.014555E+04	9.483209E-17	8.810878E-19
1.014575E+04	9.481296E-17	8.807790E-19
1.014595E+04	9.478947E-17	8.804298E-19
1.014615E+04	9.475507E-17	8.799794E-19
1.014635E+04	9.471196E-17	8.794482E-19
1.014655E+04	9.465797E-17	8.788174E-19
1.014675E+04	9.460401E-17	8.781871E-19
1.014695E+04	9.456096E-17	8.776581E-19
1.014715E+04	9.452447E-17	8.771902E-19
1.014735E+04	9.449885E-17	8.768246E-19
1.014755E+04	9.446889E-17	8.764188E-19
1.014775E+04	9.442373E-17	8.758721E-19
1.014795E+04	9.439380E-17	8.754667E-19
1.014815E+04	9.439430E-17	8.753450E-19
1.014835E+04	9.438827E-17	8.751627E-19
1.014855E+04	9.436487E-17	8.748195E-19
1.014875E+04	9.435232E-17	8.745769E-19
1.014895E+04	9.436368E-17	8.745573E-19
1.014915E+04	9.438155E-17	8.745979E-19
1.014935E+04	9.440812E-17	8.747191E-19
1.014955E+04	9.443035E-17	8.748001E-19
1.014975E+04	9.444606E-17	8.748220E-19
1.014995E+04	9.446394E-17	8.748640E-19
1.015015E+04	9.449270E-17	8.750066E-19
1.015035E+04	9.450189E-17	8.749680E-19
1.015055E+04	9.448061E-17	8.746487E-19
1.015075E+04	9.445063E-17	8.742489E-19
1.015095E+04	9.443589E-17	8.739902E-19
1.015115E+04	9.444289E-17	8.739328E-19
1.015135E+04	9.444771E-17	8.738565E-19
1.015155E+04	9.443512E-17	8.736193E-19
1.015175E+04	9.441602E-17	8.733218E-19
1.015195E+04	9.440345E-17	8.730848E-19
1.015215E+04	9.440173E-17	8.729495E-19
1.015235E+04	9.441306E-17	8.729349E-19
1.015255E+04	9.442875E-17	8.729606E-19
1.015275E+04	9.442920E-17	8.728454E-19
1.015295E+04	9.441010E-17	8.725509E-19
1.015315E+04	9.436491E-17	8.720153E-19
1.015335E+04	9.432409E-17	8.715203E-19
1.015355E+04	9.431151E-17	8.712862E-19
1.015375E+04	9.432064E-17	8.712542E-19
1.015395E+04	9.432761E-17	8.712022E-19
1.015415E+04	9.432805E-17	8.710899E-19
1.015435E+04	9.433719E-17	8.710579E-19
1.015455E+04	9.435501E-17	8.711074E-19
1.015475E+04	9.437065E-17	8.711368E-19
1.015495E+04	9.438413E-17	8.711462E-19
1.015515E+04	9.438022E-17	8.709951E-19
1.015535E+04	9.436110E-17	8.707051E-19
1.015555E+04	9.433329E-17	8.703350E-19
1.015575E+04	9.430331E-17	8.699450E-19
1.015595E+04	9.429289E-17	8.697354E-19
1.015615E+04	9.430200E-17	8.697074E-19
1.015635E+04	9.433065E-17	8.698596E-19
1.015655E+04	9.435932E-17	8.700119E-19
1.015675E+04	9.436191E-17	8.699238E-19
1.015695E+04	9.433843E-17	8.695967E-19
1.015715E+04	9.433233E-17	8.694299E-19
1.015735E+04	9.435229E-17	8.695033E-19
1.015755E+04	9.436140E-17	8.694767E-19
1.015775E+04	9.435096E-17	8.692713E-19
1.015795E+04	9.435136E-17	8.691659E-19
1.015815E+04	9.437350E-17	8.692607E-19
1.015835E+04	9.438912E-17	8.692955E-19
1.015855E+04	9.440690E-17	8.693516E-19
1.015875E+04	9.443339E-17	8.694878E-19
1.015895E+04	9.445120E-17	8.695441E-19
1.015915E+04	9.446247E-17	8.695401E-19
1.015935E+04	9.451073E-17	8.698780E-19
1.015955E+04	9.459603E-17	8.705568E-19
1.015975E+04	9.467269E-17	8.711558E-19
1.015995E+04	9.474505E-17	8.717150E-19
1.016015E+04	9.481745E-17	8.722761E-19
1.016035E+04	9.488555E-17	8.727974E-19
1.016055E+04	9.495369E-17	8.733189E-19
1.016075E+04	9.501969E-17	8.738206E-19
1.016095E+04	9.508353E-17	8.743039E-19
1.016115E+04	9.514524E-17	8.747673E-19
1.016135E+04	9.520479E-17	8.752108E-19
1.016155E+04	9.526218E-17	8.756343E-19
1.016175E+04	9.531522E-17	8.760193E-19
1.016195E+04	9.536608E-17	8.763841E-19
1.016215E+04	9.541917E-17	8.767692E-19
1.016235E+04	9.547009E-17	8.771344E-19
1.016255E+04	9.551663E-17	8.774607E-19
1.016275E+04	9.556979E-17	8.778478E-19
1.016295E+04	9.563399E-17	8.783361E-19
1.016315E+04	9.570044E-17	8.788450E-19
1.016335E+04	9.576473E-17	8.793354E-19
1.016355E+04	9.583126E-17	8.798463E-19
1.016375E+04	9.588900E-17	8.802764E-19
1.016395E+04	9.593795E-17	8.806257E-19
1.016415E+04	9.597586E-17	8.808751E-19
1.016435E+04	9.601157E-17	8.811043E-19
1.016455E+04	9.604951E-17	8.813538E-19
1.016475E+04	9.608525E-17	8.815831E-19
1.016495E+04	9.611658E-17	8.817734E-19
1.016515E+04	9.615455E-17	8.820246E-19
1.016535E+04	9.621469E-17	8.824790E-19
1.016555E+04	9.629260E-17	8.830963E-19
1.016575E+04	9.636613E-17	8.836749E-19
1.016595E+04	9.643527E-17	8.842131E-19
1.016615E+04	9.650669E-17	8.847720E-19
1.016635E+04	9.658260E-17	8.853720E-19
1.016655E+04	9.666970E-17	8.860760E-19
1.016675E+04	9.672792E-17	8.865152E-19
1.016695E+04	9.673047E-17	8.864441E-19
1.016715E+04	9.672189E-17	8.862709E-19
1.016735E+04	9.673111E-17	8.862626E-19
1.016755E+04	9.674925E-17	8.863359E-19
1.016775E+04	9.679190E-17	8.866337E-19
1.016795E+04	9.685464E-17	8.871155E-19
1.016815E+04	9.692411E-17	8.876603E-19
1.016835E+04	9.699586E-17	8.882260E-19
1.016855E+04	9.706320E-17	8.887511E-19
1.016875E+04	9.712610E-17	8.892355E-19
1.016895E+04	9.719352E-17	8.897627E-19
1.016915E+04	9.725650E-17	8.902492E-19
1.016935E+04	9.731056E-17	8.906540E-19
1.016955E+04	9.736689E-17	8.910795E-19
1.016975E+04	9.745017E-17	8.917531E-19
1.016995E+04	9.757171E-17	8.927766E-19
1.017015E+04	9.772939E-17	8.941306E-19
1.017035E+04	9.787832E-17	8.954042E-19
1.017055E+04	9.798684E-17	8.963096E-19
1.017075E+04	9.808645E-17	8.971333E-19
1.017095E+04	9.821103E-17	8.981852E-19
1.017115E+04	9.833124E-17	8.991970E-19
1.017135E+04	9.839494E-17	8.996935E-19
1.017155E+04	9.843600E-17	8.999829E-19
1.017175E+04	9.852471E-17	9.007079E-19
1.017195E+04	9.864529E-17	9.017240E-19
1.017215E+04	9.875010E-17	9.025975E-19
1.017235E+04	9.883681E-17	9.033054E-19
1.017255E+04	9.893270E-17	9.040971E-19
1.017275E+04	9.904466E-17	9.050353E-19
1.017295E+04	9.917271E-17	9.061223E-19
1.017315E+04	9.928721E-17	9.070851E-19
1.017335E+04	9.937667E-17	9.078191E-19
1.017355E+04	9.945934E-17	9.084909E-19
1.017375E+04	9.954436E-17	9.091857E-19
1.017395E+04	9.962945E-17	9.098811E-19
1.017415E+04	9.972839E-17	9.107028E-19
1.017435E+04	9.983433E-17	9.115882E-19
1.017455E+04	9.992196E-17	9.123081E-19
1.017475E+04	1.000074E-16	9.130075E-19
1.017495E+04	1.000882E-16	9.136654E-19
1.017515E+04	1.001646E-16	9.142816E-19
1.017535E+04	1.002363E-16	9.148578E-19
1.017555E+04	1.003012E-16	9.153712E-19
1.017575E+04	1.003730E-16	9.159481E-19
1.017595E+04	1.004773E-16	9.168208E-19
1.017615E+04	1.006025E-16	9.178863E-19
1.017635E+04	1.007279E-16	9.189530E-19
1.017655E+04	1.008419E-16	9.199150E-19
1.017675E+04	1.009397E-16	9.207297E-19
1.017695E+04	1.010166E-16	9.213557E-19
1.017715E+04	1.011029E-16	9.220673E-19
1.017735E+04	1.012103E-16	9.229705E-19
1.017755E+04	1.013247E-16	9.239385E-19
1.017775E+04	1.014323E-16	9.248452E-19
1.017795E+04	1.015307E-16	9.256677E-19
1.017815E+04	1.016338E-16	9.265335E-19
1.017835E+04	1.017511E-16	9.275283E-19
1.017855E+04	1.018825E-16	9.286541E-19
1.017875E+04	1.020118E-16	9.297600E-19
1.017895E+04	1.021413E-16	9.308671E-19
1.017916E+04	1.022761E-16	9.320192E-19
1.017936E+04	1.024059E-16	9.331309E-19
1.017956E+04	1.025217E-16	9.341147E-19
1.017976E+04	1.026329E-16	9.350566E-19
1.017996E+04	1.027395E-16	9.359563E-19
1.018016E+04	1.028414E-16	9.368155E-19
1.018036E+04	1.029577E-16	9.378051E-19
1.018056E+04	1.031026E-16	9.390551E-19
1.018076E+04	1.032548E-16	9.403718E-19
1.018096E+04	1.034239E-16	9.418439E-19
1.018116E+04	1.036076E-16	9.434485E-19
1.018136E+04	1.037868E-16	9.450125E-19
1.018156E+04	1.039640E-16	9.465572E-19
1.018176E+04	1.041366E-16	9.480627E-19
1.018196E+04	1.043024E-16	9.495049E-19
1.018216E+04	1.044636E-16	9.509055E-19
1.018236E+04	1.046226E-16	9.522863E-19
1.018256E+04	1.047746E-16	9.536050E-19
1.018276E+04	1.049196E-16	9.548596E-19
1.018296E+04	1.050624E-16	9.560939E-19
1.018316E+04	1.051980E-16	9.572634E-19
1.018336E+04	1.053267E-16	9.583705E-19
1.018356E+04	1.054506E-16	9.594345E-19
1.018376E+04	1.055672E-16	9.604326E-19
1.018396E+04	1.056793E-16	9.613886E-19
1.018416E+04	1.057890E-16	9.623246E-19
1.018436E+04	1.059158E-16	9.634166E-19
1.018456E+04	1.060722E-16	9.647775E-19
1.018476E+04	1.062238E-16	9.660944E-19
1.018496E+04	1.063512E-16	9.671933E-19
1.018516E+04	1.064787E-16	9.682932E-19
1.018536E+04	1.066187E-16	9.695061E-19
1.018556E+04	1.067538E-16	9.706750E-19
1.018576E+04	1.068745E-16	9.717138E-19
1.018596E+04	1.069878E-16	9.726858E-19
1.018616E+04	1.071087E-16	9.737267E-19
1.018636E+04	1.072347E-16	9.748136E-19
1.018656E+04	1.073632E-16	9.759255E-19
1.018676E+04	1.075093E-16	9.771973E-19
1.018696E+04	1.076803E-16	9.786951E-19
1.018716E+04	1.078292E-16	9.799919E-19
1.018736E+04	1.079436E-16	9.809769E-19
1.018756E+04	1.080705E-16	9.820759E-19
1.018776E+04	1.082175E-16	9.833568E-19
1.018796E+04	1.083521E-16	9.845258E-19
1.018816E+04	1.084770E-16	9.856078E-19
1.018836E+04	1.086095E-16	9.867589E-19
1.018856E+04	1.087548E-16	9.880258E-19
1.018876E+04	1.088977E-16	9.892709E-19
1.018896E+04	1.090332E-16	9.904510E-19
1.018916E+04	1.091789E-16	9.917242E-19
1.018936E+04	1.093274E-16	9.930223E-19
1.018956E+04	1.094609E-16	9.941835E-19
1.018976E+04	1.095997E-16	9.953948E-19
1.018996E+04	1.097412E-16	9.966311E-19
1.019016E+04	1.098601E-16	9.976616E-19
1.019036E+04	1.099688E-16	9.986002E-19
1.019056E+04	1.100905E-16	9.996578E-19
1.019076E+04	1.102122E-16	1.000716E-18
1.019096E+04	1.103265E-16	1.001707E-18
1.019116E+04	1.104486E-16	1.002768E-18
1.019136E+04	1.105885E-16	1.003994E-18
1.019156E+04	1.107440E-16	1.005360E-18
1.019176E+04	1.108945E-16	1.006681E-18
1.019196E+04	1.110376E-16	1.007935E-18
1.019216E+04	1.111835E-16	1.009216E-18
1.019236E+04	1.113167E-16	1.010382E-18
1.019256E+04	1.114321E-16	1.011387E-18
1.019276E+04	1.115681E-16	1.012578E-18
1.019296E+04	1.117378E-16	1.014077E-18
1.019316E+04	1.119205E-16	1.015694E-18
1.019336E+04	1.120959E-16	1.017245E-18
1.019356E+04	1.122509E-16	1.018610E-18
1.019376E+04	1.123880E-16	1.019815E-18
1.019396E+04	1.125329E-16	1.021091E-18
1.019416E+04	1.126885E-16	1.022463E-18
1.019436E+04	1.128338E-16	1.023742E-18
1.019456E+04	1.129638E-16	1.024885E-18
1.019476E+04	1.131069E-16	1.026146E-18
1.019496E+04	1.132527E-16	1.027432E-18
1.019516E+04	1.133858E-16	1.028603E-18
1.019536E+04	1.135294E-16	1.029870E-18
1.019556E+04	1.136968E-16	1.031354E-18
1.019576E+04	1.138618E-16	1.032816E-18
1.019596E+04	1.140113E-16	1.034137E-18
1.019616E+04	1.141688E-16	1.035533E-18
1.019636E+04	1.143370E-16	1.037026E-18
1.019656E+04	1.145003E-16	1.038474E-18
1.019676E+04	1.146612E-16	1.039901E-18
1.019696E+04	1.148355E-16	1.041450E-18
1.019716E+04	1.150180E-16	1.043075E-18
1.019736E+04	1.151875E-16	1.044582E-18
1.019756E+04	1.153546E-16	1.046067E-18
1.019776E+04	1.155459E-16	1.047773E-18
1.019796E+04	1.157695E-16	1.049772E-18
1.019816E+04	1.159722E-16	1.051581E-18
1.019836E+04	1.161405E-16	1.053079E-18
1.019856E+04	1.162956E-16	1.054459E-18
1.019876E+04	1.164750E-16	1.056060E-18
1.019896E+04	1.166761E-16	1.057857E-18
1.019916E+04	1.168858E-16	1.059732E-18
1.019936E+04	1.170688E-16	1.061367E-18
1.019956E+04	1.172360E-16	1.062859E-18
1.019976E+04	1.174223E-16	1.064524E-18
1.019996E+04	1.176304E-16	1.066386E-18
1.020016E+04	1.178309E-16	1.068183E-18
1.020036E+04	1.179963E-16	1.069661E-18
1.020056E+04	1.181675E-16	1.071190E-18
1.020076E+04	1.183553E-16	1.072871E-18
1.020095E+04	1.185139E-16	1.074521E-18
1.020116E+04	1.186298E-16	1.075807E-18
1.034352E+04	1.130585E-16	1.177058E-18
1.034352E+04	1.130585E-16	1.177058E-18
1.058326E+04	1.141550E-16	1.902817E-18
1.058326E+04	1.141550E-16	1.902817E-18
1.082855E+04	1.124772E-16	2.595344E-18
1.082855E+04	1.124772E-16	2.595344E-18
1.107953E+04	1.021278E-16	2.737897E-18
1.107953E+04	1.021278E-16	2.737897E-18
1.133633E+04	9.176166E-17	2.811397E-18
1.133633E+04	9.176166E-17	2.811397E-18
1.159908E+04	8.060077E-17	2.331117E-18
1.159908E+04	8.060077E-17	2.331117E-18
1.186792E+04	7.069556E-17	1.920295E-18
1.186792E+04	7.069556E-17	1.920295E-18
1.214299E+04	6.493521E-17	1.439828E-18
1.214299E+04	6.493521E-17	1.439828E-18
1.242443E+04	5.977534E-17	1.020956E-18
1.242443E+04	5.977534E-17	1.020956E-18
1.271240E+04	5.801422E-17	1.368190E-18
1.271240E+04	5.801422E-17	1.368190E-18
1.300704E+04	5.705917E-17	1.723680E-18
1.300704E+04	5.705917E-17	1.723680E-18
1.330852E+04	5.726536E-17	2.264490E-18
1.330852E+04	5.726536E-17	2.264490E-18
1.361698E+04	5.826311E-17	2.858815E-18
1.361698E+04	5.826311E-17	2.858815E-18
1.393259E+04	5.952455E-17	3.219748E-18
1.393259E+04	5.952455E-17	3.219748E-18
1.425551E+04	6.088218E-17	3.605711E-18
1.425551E+04	6.088218E-17	3.605711E-18
1.458592E+04	6.111468E-17	3.565679E-18
1.458592E+04	6.111468E-17	3.565679E-18
1.492399E+04	6.066367E-17	3.484697E-18
1.492399E+04	6.066367E-17	3.484697E-18
1.526989E+04	5.762117E-17	2.952696E-18
1.526989E+04	5.762117E-17	2.952696E-18
1.562381E+04	5.361330E-17	2.406287E-18
1.562381E+04	5.361330E-17	2.406287E-18
1.598593E+04	4.695139E-17	2.001595E-18
1.598593E+04	4.695139E-17	2.001595E-18
1.635645E+04	4.113960E-17	1.658530E-18
1.635645E+04	4.113960E-17	1.658530E-18
1.673555E+04	3.681086E-17	1.875483E-18
1.673555E+04	3.681086E-17	1.875483E-18
1.712344E+04	3.334772E-17	2.063371E-18
1.712344E+04	3.334772E-17	2.063371E-18
1.752032E+04	3.169777E-17	2.280310E-18
1.752032E+04	3.169777E-17	2.280310E-18
1.792640E+04	3.051707E-17	2.510004E-18
1.792640E+04	3.051707E-17	2.510004E-18
1.834189E+04	3.036566E-17	2.614460E-18
1.834189E+04	3.036566E-17	2.614460E-18
1.876702E+04	3.034650E-17	2.732283E-18
1.876702E+04	3.034650E-17	2.732283E-18
1.920199E+04	3.070507E-17	2.627404E-18
1.920199E+04	3.070507E-17	2.627404E-18
1.964705E+04	3.078494E-17	2.493760E-18
1.964705E+04	3.078494E-17	2.493760E-18
2.010242E+04	3.075379E-17	2.054386E-18
2.010242E+04	3.075379E-17	2.054386E-18
2.056835E+04	3.007519E-17	1.572909E-18
2.056835E+04	3.007519E-17	1.572909E-18
2.104507E+04	2.913595E-17	1.022025E-18
2.104507E+04	2.913595E-17	1.022025E-18
2.153285E+04	2.772535E-17	4.852859E-19
2.153285E+04	2.772535E-17	4.852859E-19
2.203193E+04	2.595157E-17	1.039360E-18
2.203193E+04	2.595157E-17	1.039360E-18
2.254258E+04	2.406431E-17	1.517735E-18
2.254258E+04	2.406431E-17	1.517735E-18
2.306506E+04	2.191088E-17	1.831099E-18
2.306506E+04	2.191088E-17	1.831099E-18
2.359965E+04	1.982200E-17	2.071340E-18
2.359965E+04	1.982200E-17	2.071340E-18
2.414664E+04	1.773831E-17	2.101929E-18
2.414664E+04	1.773831E-17	2.101929E-18
2.470630E+04	1.585288E-17	2.105093E-18
2.470630E+04	1.585288E-17	2.105093E-18
