#wls	flux	fluxerr
3.257341E+03	2.177058E-05	3.404046E-06
3.261594E+03	3.605852E-05	5.631985E-06
3.261792E+03	3.592430E-05	5.610737E-06
3.261990E+03	3.584617E-05	5.598252E-06
3.262188E+03	3.571983E-05	5.578238E-06
3.262584E+03	3.563294E-05	5.564104E-06
3.262782E+03	3.572333E-05	5.577937E-06
3.262980E+03	3.569862E-05	5.573795E-06
3.263178E+03	3.581321E-05	5.591403E-06
3.263574E+03	3.591926E-05	5.607392E-06
3.263772E+03	3.594285E-05	5.610790E-06
3.264169E+03	3.569223E-05	5.571103E-06
3.264763E+03	3.576828E-05	5.582123E-06
3.264961E+03	3.573814E-05	5.577137E-06
3.265160E+03	3.577522E-05	5.582639E-06
3.265358E+03	3.581495E-05	5.588556E-06
3.265556E+03	3.586008E-05	5.595314E-06
3.266150E+03	3.593644E-05	5.606375E-06
3.266546E+03	3.600540E-05	5.616562E-06
3.266744E+03	3.607759E-05	5.627538E-06
3.267338E+03	3.617856E-05	5.642428E-06
3.267536E+03	3.626169E-05	5.655106E-06
3.267734E+03	3.635836E-05	5.669894E-06
3.267933E+03	3.654409E-05	5.698568E-06
3.268527E+03	3.675906E-05	5.731215E-06
3.268725E+03	3.688301E-05	5.750249E-06
3.268922E+03	3.658562E-05	5.703596E-06
3.269121E+03	3.662043E-05	5.708731E-06
3.269318E+03	3.651739E-05	5.692380E-06
3.269714E+03	3.672768E-05	5.724579E-06
3.270110E+03	3.662699E-05	5.708304E-06
3.270506E+03	3.674553E-05	5.726196E-06
3.270704E+03	3.674526E-05	5.725863E-06
3.271100E+03	3.684500E-05	5.740821E-06
3.271298E+03	3.707520E-05	5.776394E-06
3.271893E+03	3.724291E-05	5.801638E-06
3.272686E+03	3.741638E-05	5.827472E-06
3.273280E+03	3.746786E-05	5.834599E-06
3.273874E+03	3.716301E-05	5.786243E-06
3.274270E+03	3.712737E-05	5.780105E-06
3.274666E+03	3.726605E-05	5.801103E-06
3.274864E+03	3.729049E-05	5.804612E-06
3.275062E+03	3.749758E-05	5.836550E-06
3.275260E+03	3.714856E-05	5.781929E-06
3.276251E+03	3.730092E-05	5.804162E-06
3.276449E+03	3.699495E-05	5.756259E-06
3.276845E+03	3.697005E-05	5.751797E-06
3.277043E+03	3.700270E-05	5.756584E-06
3.277241E+03	3.658146E-05	5.690760E-06
3.277439E+03	3.642254E-05	5.665749E-06
3.277637E+03	3.636752E-05	5.656901E-06
3.277835E+03	3.630971E-05	5.647621E-06
3.278231E+03	3.623509E-05	5.635439E-06
3.278429E+03	3.614160E-05	5.620612E-06
3.278825E+03	3.603941E-05	5.604148E-06
3.279619E+03	3.595275E-05	5.589528E-06
3.279817E+03	3.581781E-05	5.568265E-06
3.280213E+03	3.568228E-05	5.546628E-06
3.280410E+03	3.552792E-05	5.522353E-06
3.280609E+03	3.536247E-05	5.496354E-06
3.281004E+03	3.521004E-05	5.472104E-06
3.281203E+03	3.508562E-05	5.452487E-06
3.281400E+03	3.488958E-05	5.421746E-06
3.281598E+03	3.476226E-05	5.401684E-06
3.281796E+03	3.459631E-05	5.375622E-06
3.282588E+03	3.443316E-05	5.349177E-06
3.282984E+03	3.432110E-05	5.331223E-06
3.283579E+03	3.418040E-05	5.308552E-06
3.283777E+03	3.404968E-05	5.287980E-06
3.284371E+03	3.398319E-05	5.276844E-06
3.284767E+03	3.382084E-05	5.251096E-06
3.284965E+03	3.367043E-05	5.227476E-06
3.285559E+03	3.359243E-05	5.214564E-06
3.286946E+03	3.368741E-05	5.227430E-06
3.287144E+03	3.329783E-05	5.166714E-06
3.287343E+03	3.326887E-05	5.161955E-06
3.288729E+03	3.326608E-05	5.159669E-06
3.289125E+03	3.321638E-05	5.151432E-06
3.290313E+03	3.323704E-05	5.153048E-06
3.290511E+03	3.322190E-05	5.150437E-06
3.290709E+03	3.322907E-05	5.151284E-06
3.290907E+03	3.330043E-05	5.162081E-06
3.291106E+03	3.338860E-05	5.175483E-06
3.291502E+03	3.350082E-05	5.192345E-06
3.291898E+03	3.362158E-05	5.210526E-06
3.292492E+03	3.366592E-05	5.216592E-06
3.293086E+03	3.370755E-05	5.222238E-06
3.293283E+03	3.377091E-05	5.231786E-06
3.293481E+03	3.383433E-05	5.241342E-06
3.293679E+03	3.391459E-05	5.253505E-06
3.293877E+03	3.397810E-05	5.263072E-06
3.294076E+03	3.401645E-05	5.268739E-06
3.295859E+03	3.413725E-05	5.285002E-06
3.296057E+03	3.421791E-05	5.297216E-06
3.296255E+03	3.426205E-05	5.303776E-06
3.297245E+03	3.439296E-05	5.322671E-06
3.297641E+03	3.448436E-05	5.336267E-06
3.298037E+03	3.458715E-05	5.351621E-06
3.298235E+03	3.464565E-05	5.360397E-06
3.298433E+03	3.474654E-05	5.375728E-06
3.299028E+03	3.488567E-05	5.396420E-06
3.299226E+03	3.495000E-05	5.406092E-06
3.299424E+03	3.503134E-05	5.418395E-06
3.300018E+03	3.515682E-05	5.436961E-06
3.300216E+03	3.540251E-05	5.474675E-06
3.300414E+03	3.552943E-05	5.494018E-06
3.300612E+03	3.568757E-05	5.518187E-06
3.300810E+03	3.579200E-05	5.534048E-06
3.301405E+03	3.592701E-05	5.554062E-06
3.301603E+03	3.599475E-05	5.564246E-06
3.302197E+03	3.611870E-05	5.582544E-06
3.302395E+03	3.587699E-05	5.544898E-06
3.302792E+03	3.613490E-05	5.584182E-06
3.303386E+03	3.631044E-05	5.610440E-06
3.303584E+03	3.649233E-05	5.638253E-06
3.303782E+03	3.660603E-05	5.655527E-06
3.303980E+03	3.653757E-05	5.644659E-06
3.304375E+03	3.643754E-05	5.628625E-06
3.304573E+03	3.652000E-05	5.641072E-06
3.304969E+03	3.659670E-05	5.652334E-06
3.305168E+03	3.674489E-05	5.674928E-06
3.305365E+03	3.641380E-05	5.623505E-06
3.305563E+03	3.656489E-05	5.646545E-06
3.306157E+03	3.667019E-05	5.661928E-06
3.306554E+03	3.638696E-05	5.617615E-06
3.306950E+03	3.631221E-05	5.605495E-06
3.307148E+03	3.614888E-05	5.579993E-06
3.307346E+03	3.601982E-05	5.559783E-06
3.307544E+03	3.562725E-05	5.498904E-06
3.307742E+03	3.566979E-05	5.505184E-06
3.307940E+03	3.584127E-05	5.531365E-06
3.308535E+03	3.595783E-05	5.548490E-06
3.309723E+03	3.607660E-05	5.565086E-06
3.309921E+03	3.600446E-05	5.553671E-06
3.310119E+03	3.611627E-05	5.570629E-06
3.311110E+03	3.602282E-05	5.554774E-06
3.311506E+03	3.606256E-05	5.560326E-06
3.311704E+03	3.600463E-05	5.551107E-06
3.312100E+03	3.590022E-05	5.534435E-06
3.312496E+03	3.574952E-05	5.510631E-06
3.312892E+03	3.540805E-05	5.457428E-06
3.313288E+03	3.531174E-05	5.442018E-06
3.313486E+03	3.527944E-05	5.436759E-06
3.313684E+03	3.533095E-05	5.444414E-06
3.313882E+03	3.532755E-05	5.443607E-06
3.314080E+03	3.541384E-05	5.456621E-06
3.314278E+03	3.552331E-05	5.473204E-06
3.314477E+03	3.560972E-05	5.486232E-06
3.314873E+03	3.571024E-05	5.501148E-06
3.315467E+03	3.584536E-05	5.521102E-06
3.315864E+03	3.565326E-05	5.490941E-06
3.316061E+03	3.564125E-05	5.488809E-06
3.316260E+03	3.561472E-05	5.484437E-06
3.316457E+03	3.575368E-05	5.505551E-06
3.316655E+03	3.589273E-05	5.526675E-06
3.317843E+03	3.575400E-05	5.503597E-06
3.318041E+03	3.581768E-05	5.513112E-06
3.318240E+03	3.565134E-05	5.487224E-06
3.318438E+03	3.574998E-05	5.502118E-06
3.318636E+03	3.558352E-05	5.476215E-06
3.319032E+03	3.532610E-05	5.436033E-06
3.319428E+03	3.541262E-05	5.448779E-06
3.320418E+03	3.560018E-05	5.476213E-06
3.320616E+03	3.553838E-05	5.466422E-06
3.321408E+03	3.558347E-05	5.472217E-06
3.321804E+03	3.571442E-05	5.491784E-06
3.322002E+03	3.573161E-05	5.494141E-06
3.323192E+03	3.578520E-05	5.500658E-06
3.323390E+03	3.582595E-05	5.506635E-06
3.323588E+03	3.555834E-05	5.465217E-06
3.323786E+03	3.528469E-05	5.422874E-06
3.323984E+03	3.520481E-05	5.410317E-06
3.324182E+03	3.474861E-05	5.339928E-06
3.324578E+03	3.425009E-05	5.262770E-06
3.324776E+03	3.401089E-05	5.225742E-06
3.324974E+03	3.396582E-05	5.218545E-06
3.325370E+03	3.391683E-05	5.210474E-06
3.325766E+03	3.406817E-05	5.233178E-06
3.325965E+03	3.413213E-05	5.242730E-06
3.328538E+03	3.412357E-05	5.237857E-06
3.328737E+03	3.402792E-05	5.222900E-06
3.328934E+03	3.389368E-05	5.202027E-06
3.329133E+03	3.381862E-05	5.190233E-06
3.329330E+03	3.366941E-05	5.167064E-06
3.330124E+03	3.364454E-05	5.162167E-06
3.330322E+03	3.359302E-05	5.153993E-06
3.330718E+03	3.359981E-05	5.154495E-06
3.331312E+03	3.365907E-05	5.162776E-06
3.332698E+03	3.380377E-05	5.183072E-06
3.333292E+03	3.374707E-05	5.173565E-06
3.333490E+03	3.352818E-05	5.139739E-06
3.333689E+03	3.332109E-05	5.107724E-06
3.334085E+03	3.313355E-05	5.078445E-06
3.334283E+03	3.294108E-05	5.048680E-06
3.334877E+03	3.284449E-05	5.033086E-06
3.335075E+03	3.269656E-05	5.010154E-06
3.335273E+03	3.256348E-05	4.989500E-06
3.335471E+03	3.246326E-05	4.973884E-06
3.335669E+03	3.238995E-05	4.962391E-06
3.336659E+03	3.242461E-05	4.966398E-06
3.338443E+03	3.247170E-05	4.971261E-06
3.338641E+03	3.239802E-05	4.959721E-06
3.338839E+03	3.238149E-05	4.956930E-06
3.339037E+03	3.229266E-05	4.943073E-06
3.339433E+03	3.223841E-05	4.934250E-06
3.339631E+03	3.216152E-05	4.922223E-06
3.340620E+03	3.219602E-05	4.926211E-06
3.340819E+03	3.214312E-05	4.917857E-06
3.341809E+03	3.220185E-05	4.925550E-06
3.342007E+03	3.214885E-05	4.917184E-06
3.342403E+03	3.216693E-05	4.919431E-06
3.342601E+03	3.218051E-05	4.921249E-06
3.342799E+03	3.215773E-05	4.917508E-06
3.343987E+03	3.217868E-05	4.919158E-06
3.344185E+03	3.215585E-05	4.915410E-06
3.345573E+03	3.219968E-05	4.920295E-06
3.345771E+03	3.223772E-05	4.925847E-06
3.346365E+03	3.221475E-05	4.921560E-06
3.346563E+03	3.222235E-05	4.922462E-06
3.346761E+03	3.218112E-05	4.915904E-06
3.347157E+03	3.210166E-05	4.903250E-06
3.347355E+03	3.208478E-05	4.900413E-06
3.347949E+03	3.199130E-05	4.885363E-06
3.348147E+03	3.189487E-05	4.870381E-06
3.348543E+03	3.180584E-05	4.856274E-06
3.348741E+03	3.166028E-05	4.833794E-06
3.348939E+03	3.157280E-05	4.820184E-06
3.349534E+03	3.153679E-05	4.813924E-06
3.350128E+03	3.154365E-05	4.814209E-06
3.350326E+03	3.148353E-05	4.804779E-06
3.350920E+03	3.143505E-05	4.796622E-06
3.351118E+03	3.143935E-05	4.797025E-06
3.351515E+03	3.139266E-05	4.789394E-06
3.351713E+03	3.132621E-05	4.779003E-06
3.351911E+03	3.126587E-05	4.769547E-06
3.352307E+03	3.120046E-05	4.759066E-06
3.352702E+03	3.115963E-05	4.752337E-06
3.352901E+03	3.108064E-05	4.740038E-06
3.353495E+03	3.100992E-05	4.728504E-06
3.353891E+03	3.077839E-05	4.692704E-06
3.354089E+03	3.068830E-05	4.678720E-06
3.354287E+03	3.047456E-05	4.645889E-06
3.355475E+03	3.048682E-05	4.646283E-06
3.355673E+03	3.042580E-05	4.636738E-06
3.356069E+03	3.034516E-05	4.623959E-06
3.356267E+03	3.035655E-05	4.625451E-06
3.356465E+03	3.013013E-05	4.590709E-06
3.356663E+03	2.987129E-05	4.551030E-06
3.357258E+03	2.974424E-05	4.530954E-06
3.357456E+03	2.975546E-05	4.532422E-06
3.357654E+03	2.971853E-05	4.526557E-06
3.358645E+03	2.972277E-05	4.526004E-06
3.359239E+03	2.964402E-05	4.513295E-06
3.359437E+03	2.939346E-05	4.474911E-06
3.359833E+03	2.936490E-05	4.470089E-06
3.360427E+03	2.944234E-05	4.481165E-06
3.360823E+03	2.926665E-05	4.453952E-06
3.361022E+03	2.920745E-05	4.444708E-06
3.362210E+03	2.933896E-05	4.463299E-06
3.362408E+03	2.942874E-05	4.476721E-06
3.362804E+03	2.947716E-05	4.483610E-06
3.363002E+03	2.937801E-05	4.468292E-06
3.363200E+03	2.939766E-05	4.471044E-06
3.363398E+03	2.937969E-05	4.468072E-06
3.363596E+03	2.926031E-05	4.449682E-06
3.364585E+03	2.935673E-05	4.463160E-06
3.365180E+03	2.934945E-05	4.461343E-06
3.365378E+03	2.927126E-05	4.449221E-06
3.365774E+03	2.926592E-05	4.447937E-06
3.365973E+03	2.930646E-05	4.453861E-06
3.366369E+03	2.942791E-05	4.471842E-06
3.367755E+03	2.948568E-05	4.478955E-06
3.368151E+03	2.941467E-05	4.467692E-06
3.368349E+03	2.942152E-05	4.468496E-06
3.368746E+03	2.923860E-05	4.440242E-06
3.368944E+03	2.922068E-05	4.437284E-06
3.369340E+03	2.928562E-05	4.446672E-06
3.369538E+03	2.907238E-05	4.414060E-06
3.369736E+03	2.898208E-05	4.400115E-06
3.370132E+03	2.871430E-05	4.358996E-06
3.370330E+03	2.851739E-05	4.328875E-06
3.371320E+03	2.863485E-05	4.345547E-06
3.371716E+03	2.861752E-05	4.342455E-06
3.371914E+03	2.832198E-05	4.297381E-06
3.372509E+03	2.835968E-05	4.302413E-06
3.372905E+03	2.823272E-05	4.282695E-06
3.373500E+03	2.803962E-05	4.252723E-06
3.373698E+03	2.794543E-05	4.238211E-06
3.373896E+03	2.803649E-05	4.251795E-06
3.374490E+03	2.803497E-05	4.250885E-06
3.375084E+03	2.815446E-05	4.268320E-06
3.375678E+03	2.816331E-05	4.268978E-06
3.375876E+03	2.797971E-05	4.240921E-06
3.376471E+03	2.790942E-05	4.229591E-06
3.376867E+03	2.778191E-05	4.209817E-06
3.377262E+03	2.779558E-05	4.211440E-06
3.377460E+03	2.775308E-05	4.204776E-06
3.377658E+03	2.775621E-05	4.205026E-06
3.378252E+03	2.776176E-05	4.205193E-06
3.378450E+03	2.773720E-05	4.201248E-06
3.378648E+03	2.742208E-05	4.153296E-06
3.378846E+03	2.736871E-05	4.144991E-06
3.379044E+03	2.729435E-05	4.133509E-06
3.379440E+03	2.728030E-05	4.130941E-06
3.379638E+03	2.729134E-05	4.132391E-06
3.379836E+03	2.719070E-05	4.116933E-06
3.380034E+03	2.710098E-05	4.103128E-06
3.380234E+03	2.689495E-05	4.071716E-06
3.380432E+03	2.660762E-05	4.028002E-06
3.380630E+03	2.668374E-05	4.039309E-06
3.380828E+03	2.670332E-05	4.042056E-06
3.381224E+03	2.651246E-05	4.012737E-06
3.381818E+03	2.649823E-05	4.009940E-06
3.382610E+03	2.644223E-05	4.000610E-06
3.382808E+03	2.621260E-05	3.965655E-06
3.383006E+03	2.607174E-05	3.944133E-06
3.383204E+03	2.600221E-05	3.933405E-06
3.383402E+03	2.582252E-05	3.906013E-06
3.383798E+03	2.580665E-05	3.903196E-06
3.384789E+03	2.584405E-05	3.907805E-06
3.384987E+03	2.585597E-05	3.909399E-06
3.385185E+03	2.584248E-05	3.907151E-06
3.385581E+03	2.590905E-05	3.916795E-06
3.385779E+03	2.590927E-05	3.916619E-06
3.386175E+03	2.588848E-05	3.913056E-06
3.386373E+03	2.580086E-05	3.899603E-06
3.386571E+03	2.570467E-05	3.884858E-06
3.387165E+03	2.566062E-05	3.877576E-06
3.387760E+03	2.560080E-05	3.867913E-06
3.387958E+03	2.557600E-05	3.863959E-06
3.388354E+03	2.551622E-05	3.854516E-06
3.388553E+03	2.543336E-05	3.841792E-06
3.388949E+03	2.543212E-05	3.841191E-06
3.389146E+03	2.536226E-05	3.830437E-06
3.389344E+03	2.529957E-05	3.820764E-06
3.389542E+03	2.528872E-05	3.818920E-06
3.390136E+03	2.526663E-05	3.814970E-06
3.390334E+03	2.528930E-05	3.818187E-06
3.390730E+03	2.530338E-05	3.819904E-06
3.391126E+03	2.529445E-05	3.818146E-06
3.391720E+03	2.529996E-05	3.818362E-06
3.391919E+03	2.529664E-05	3.817656E-06
3.392117E+03	2.530913E-05	3.819336E-06
3.392315E+03	2.533154E-05	3.822512E-06
3.392513E+03	2.536387E-05	3.827185E-06
3.392711E+03	2.540481E-05	3.833156E-06
3.392909E+03	2.545500E-05	3.840523E-06
3.393107E+03	2.551152E-05	3.848843E-06
3.393305E+03	2.557569E-05	3.858317E-06
3.394097E+03	2.560935E-05	3.862565E-06
3.394692E+03	2.570005E-05	3.875619E-06
3.396475E+03	2.584313E-05	3.895308E-06
3.396673E+03	2.600354E-05	3.919276E-06
3.396871E+03	2.599175E-05	3.917289E-06
3.397069E+03	2.586815E-05	3.898451E-06
3.397663E+03	2.597716E-05	3.914247E-06
3.398059E+03	2.584985E-05	3.894645E-06
3.398257E+03	2.586699E-05	3.897017E-06
3.398455E+03	2.576939E-05	3.882104E-06
3.399247E+03	2.585897E-05	3.894760E-06
3.400039E+03	2.595244E-05	3.907997E-06
3.401227E+03	2.610421E-05	3.929580E-06
3.401425E+03	2.618322E-05	3.941261E-06
3.401624E+03	2.605669E-05	3.922001E-06
3.401822E+03	2.610655E-05	3.929294E-06
3.402614E+03	2.594065E-05	3.903483E-06
3.402812E+03	2.596061E-05	3.906276E-06
3.403010E+03	2.583632E-05	3.887364E-06
3.403208E+03	2.585089E-05	3.889347E-06
3.403406E+03	2.581969E-05	3.884444E-06
3.403605E+03	2.587734E-05	3.892906E-06
3.403803E+03	2.566899E-05	3.861354E-06
3.404001E+03	2.563398E-05	3.855880E-06
3.404199E+03	2.562085E-05	3.853696E-06
3.404397E+03	2.565154E-05	3.858105E-06
3.404595E+03	2.550520E-05	3.835887E-06
3.404793E+03	2.552406E-05	3.838516E-06
3.404991E+03	2.563068E-05	3.854342E-06
3.405189E+03	2.566512E-05	3.859313E-06
3.405387E+03	2.574891E-05	3.871704E-06
3.405585E+03	2.583646E-05	3.884659E-06
3.405783E+03	2.572502E-05	3.867693E-06
3.406179E+03	2.561110E-05	3.850150E-06
3.407169E+03	2.550501E-05	3.833166E-06
3.407368E+03	2.553208E-05	3.837027E-06
3.407566E+03	2.558935E-05	3.845426E-06
3.407764E+03	2.573382E-05	3.866927E-06
3.408358E+03	2.585206E-05	3.884064E-06
3.408755E+03	2.596267E-05	3.900260E-06
3.408953E+03	2.608481E-05	3.918396E-06
3.409151E+03	2.615397E-05	3.928574E-06
3.409349E+03	2.626095E-05	3.944429E-06
3.409547E+03	2.636664E-05	3.960089E-06
3.409745E+03	2.647037E-05	3.975455E-06
3.410141E+03	2.653054E-05	3.984060E-06
3.410339E+03	2.668385E-05	4.006865E-06
3.410537E+03	2.674214E-05	4.015401E-06
3.411330E+03	2.685116E-05	4.030898E-06
3.411528E+03	2.695640E-05	4.046477E-06
3.411726E+03	2.706138E-05	4.062017E-06
3.411924E+03	2.718795E-05	4.080794E-06
3.412319E+03	2.726150E-05	4.091392E-06
3.412914E+03	2.743944E-05	4.117427E-06
3.413112E+03	2.748185E-05	4.123566E-06
3.413309E+03	2.740537E-05	4.111869E-06
3.413507E+03	2.753757E-05	4.131482E-06
3.413705E+03	2.761775E-05	4.143286E-06
3.413903E+03	2.762253E-05	4.143779E-06
3.414101E+03	2.770622E-05	4.156107E-06
3.414299E+03	2.764788E-05	4.147132E-06
3.414497E+03	2.753731E-05	4.130323E-06
3.414695E+03	2.749432E-05	4.123652E-06
3.414893E+03	2.747603E-05	4.120685E-06
3.415091E+03	2.760863E-05	4.140346E-06
3.415290E+03	2.768802E-05	4.152027E-06
3.415488E+03	2.770384E-05	4.154174E-06
3.415885E+03	2.767702E-05	4.149702E-06
3.416479E+03	2.763046E-05	4.142047E-06
3.416677E+03	2.771212E-05	4.154063E-06
3.416875E+03	2.774073E-05	4.158125E-06
3.417271E+03	2.793397E-05	4.186637E-06
3.417469E+03	2.795267E-05	4.189212E-06
3.417667E+03	2.799003E-05	4.194584E-06
3.417865E+03	2.795730E-05	4.189451E-06
3.418063E+03	2.797776E-05	4.192290E-06
3.418261E+03	2.802657E-05	4.199376E-06
3.418459E+03	2.808823E-05	4.208385E-06
3.419252E+03	2.812953E-05	4.213658E-06
3.419450E+03	2.814419E-05	4.215626E-06
3.419648E+03	2.816754E-05	4.218894E-06
3.420044E+03	2.820631E-05	4.224242E-06
3.420242E+03	2.824843E-05	4.230321E-06
3.420440E+03	2.830861E-05	4.239102E-06
3.420836E+03	2.839442E-05	4.251490E-06
3.421034E+03	2.848496E-05	4.264814E-06
3.422024E+03	2.857278E-05	4.276801E-06
3.422420E+03	2.873075E-05	4.299978E-06
3.422618E+03	2.886521E-05	4.319868E-06
3.422816E+03	2.876517E-05	4.304662E-06
3.423016E+03	2.883843E-05	4.315390E-06
3.423808E+03	2.901478E-05	4.340834E-06
3.424204E+03	2.909036E-05	4.351668E-06
3.424401E+03	2.892822E-05	4.327178E-06
3.424600E+03	2.897022E-05	4.333224E-06
3.424797E+03	2.898424E-05	4.335086E-06
3.424996E+03	2.912707E-05	4.356212E-06
3.425193E+03	2.925248E-05	4.374730E-06
3.426381E+03	2.947709E-05	4.406881E-06
3.426778E+03	2.942833E-05	4.399112E-06
3.426976E+03	2.956656E-05	4.419535E-06
3.427174E+03	2.964480E-05	4.430988E-06
3.427372E+03	2.965700E-05	4.432570E-06
3.427768E+03	2.995405E-05	4.476481E-06
3.427966E+03	3.007652E-05	4.494538E-06
3.428956E+03	3.028441E-05	4.524372E-06
3.429154E+03	3.032790E-05	4.530622E-06
3.429352E+03	3.038944E-05	4.539567E-06
3.429550E+03	3.040052E-05	4.540975E-06
3.430343E+03	3.058745E-05	4.567900E-06
3.431136E+03	3.061273E-05	4.570677E-06
3.431334E+03	3.051770E-05	4.556241E-06
3.431532E+03	3.055117E-05	4.560989E-06
3.433116E+03	3.067593E-05	4.577615E-06
3.433314E+03	3.080054E-05	4.595959E-06
3.434106E+03	3.081759E-05	4.597499E-06
3.434304E+03	3.094462E-05	4.616198E-06
3.434502E+03	3.091357E-05	4.611314E-06
3.434899E+03	3.086569E-05	4.603669E-06
3.435097E+03	3.089448E-05	4.607712E-06
3.435295E+03	3.103210E-05	4.627983E-06
3.435493E+03	3.082439E-05	4.596755E-06
3.435691E+03	3.085748E-05	4.601439E-06
3.436087E+03	3.100911E-05	4.623544E-06
3.436284E+03	3.083862E-05	4.597873E-06
3.436483E+03	3.098006E-05	4.618708E-06
3.436680E+03	3.098645E-05	4.619409E-06
3.437869E+03	3.110082E-05	4.634937E-06
3.438464E+03	3.122055E-05	4.652017E-06
3.438860E+03	3.107695E-05	4.630114E-06
3.439058E+03	3.119184E-05	4.646976E-06
3.439652E+03	3.121842E-05	4.650173E-06
3.439850E+03	3.112201E-05	4.635557E-06
3.440246E+03	3.127960E-05	4.658521E-06
3.440444E+03	3.133579E-05	4.666634E-06
3.441434E+03	3.142539E-05	4.678696E-06
3.441632E+03	3.132511E-05	4.663511E-06
3.441830E+03	3.136447E-05	4.669115E-06
3.442028E+03	3.144829E-05	4.681337E-06
3.443613E+03	3.161710E-05	4.704402E-06
3.444009E+03	3.161984E-05	4.704294E-06
3.444207E+03	3.165764E-05	4.709660E-06
3.444406E+03	3.178624E-05	4.728531E-06
3.444604E+03	3.171562E-05	4.717767E-06
3.444802E+03	3.162389E-05	4.703864E-06
3.445000E+03	3.164903E-05	4.707346E-06
3.445198E+03	3.176685E-05	4.724611E-06
3.445594E+03	3.185219E-05	4.736784E-06
3.445792E+03	3.197130E-05	4.754235E-06
3.445990E+03	3.191766E-05	4.745998E-06
3.446189E+03	3.174784E-05	4.720489E-06
3.446387E+03	3.172319E-05	4.716565E-06
3.446783E+03	3.160607E-05	4.698636E-06
3.446981E+03	3.153614E-05	4.687982E-06
3.447179E+03	3.159196E-05	4.696023E-06
3.447575E+03	3.159534E-05	4.696009E-06
3.447773E+03	3.169469E-05	4.710516E-06
3.448169E+03	3.163675E-05	4.701389E-06
3.448762E+03	3.160069E-05	4.695258E-06
3.448960E+03	3.178001E-05	4.721643E-06
3.449158E+03	3.178229E-05	4.721722E-06
3.449554E+03	3.193083E-05	4.743269E-06
3.449752E+03	3.199145E-05	4.752013E-06
3.449950E+03	3.208290E-05	4.765335E-06
3.450545E+03	3.214293E-05	4.773464E-06
3.450941E+03	3.231744E-05	4.798853E-06
3.451139E+03	3.229125E-05	4.794701E-06
3.451734E+03	3.215011E-05	4.772955E-06
3.452922E+03	3.223938E-05	4.784629E-06
3.453516E+03	3.207803E-05	4.759898E-06
3.453714E+03	3.211251E-05	4.764752E-06
3.453913E+03	3.217953E-05	4.774433E-06
3.454705E+03	3.221576E-05	4.778757E-06
3.454903E+03	3.206720E-05	4.756458E-06
3.455101E+03	3.200588E-05	4.747102E-06
3.455497E+03	3.201980E-05	4.748643E-06
3.456487E+03	3.208562E-05	4.757095E-06
3.456685E+03	3.204341E-05	4.750575E-06
3.457279E+03	3.213254E-05	4.763002E-06
3.457477E+03	3.212188E-05	4.761159E-06
3.457675E+03	3.214172E-05	4.763837E-06
3.457874E+03	3.220807E-05	4.773409E-06
3.458468E+03	3.232361E-05	4.789741E-06
3.458667E+03	3.236298E-05	4.795309E-06
3.458865E+03	3.238553E-05	4.798386E-06
3.459063E+03	3.254908E-05	4.822352E-06
3.459261E+03	3.272692E-05	4.848433E-06
3.459459E+03	3.282054E-05	4.862035E-06
3.460052E+03	3.297105E-05	4.883525E-06
3.460251E+03	3.316546E-05	4.912047E-06
3.460844E+03	3.322001E-05	4.919314E-06
3.461042E+03	3.329349E-05	4.929923E-06
3.461240E+03	3.334493E-05	4.937268E-06
3.461636E+03	3.338457E-05	4.942592E-06
3.461835E+03	3.338324E-05	4.942122E-06
3.462033E+03	3.344716E-05	4.951313E-06
3.462231E+03	3.351075E-05	4.960452E-06
3.463419E+03	3.362249E-05	4.975345E-06
3.463617E+03	3.364829E-05	4.978887E-06
3.463815E+03	3.380883E-05	5.002365E-06
3.464013E+03	3.378202E-05	4.998123E-06
3.464211E+03	3.379361E-05	4.999561E-06
3.464409E+03	3.373361E-05	4.990409E-06
3.464607E+03	3.385410E-05	5.007957E-06
3.464805E+03	3.406061E-05	5.038228E-06
3.465201E+03	3.412928E-05	5.047828E-06
3.465399E+03	3.394813E-05	5.020758E-06
3.465995E+03	3.403909E-05	5.033375E-06
3.466193E+03	3.421144E-05	5.058580E-06
3.466391E+03	3.426403E-05	5.066077E-06
3.466589E+03	3.429965E-05	5.071063E-06
3.466787E+03	3.431221E-05	5.072639E-06
3.467579E+03	3.438217E-05	5.081858E-06
3.467777E+03	3.448045E-05	5.096103E-06
3.468569E+03	3.428800E-05	5.066537E-06
3.469163E+03	3.432229E-05	5.070763E-06
3.469361E+03	3.431662E-05	5.069645E-06
3.469758E+03	3.430754E-05	5.067743E-06
3.469956E+03	3.429461E-05	5.065552E-06
3.470352E+03	3.416813E-05	5.046312E-06
3.470946E+03	3.421796E-05	5.052832E-06
3.471144E+03	3.393173E-05	5.010288E-06
3.471342E+03	3.390945E-05	5.006721E-06
3.471540E+03	3.395855E-05	5.013694E-06
3.471738E+03	3.389194E-05	5.003582E-06
3.471935E+03	3.395482E-05	5.012590E-06
3.472134E+03	3.402542E-05	5.022732E-06
3.472530E+03	3.385949E-05	4.997685E-06
3.472729E+03	3.379889E-05	4.988462E-06
3.472927E+03	3.377188E-05	4.984199E-06
3.473124E+03	3.381913E-05	4.990898E-06
3.473323E+03	3.368250E-05	4.970458E-06
3.473521E+03	3.361592E-05	4.960359E-06
3.473719E+03	3.366701E-05	4.967622E-06
3.474313E+03	3.386539E-05	4.996063E-06
3.474511E+03	3.388745E-05	4.999040E-06
3.474709E+03	3.381923E-05	4.988700E-06
3.475303E+03	3.381965E-05	4.987933E-06
3.475501E+03	3.378324E-05	4.982286E-06
3.475699E+03	3.376948E-05	4.979981E-06
3.476491E+03	3.392451E-05	5.001733E-06
3.476689E+03	3.391656E-05	5.000284E-06
3.477085E+03	3.395815E-05	5.005861E-06
3.477284E+03	3.405330E-05	5.019608E-06
3.477482E+03	3.406586E-05	5.021180E-06
3.477680E+03	3.409464E-05	5.025144E-06
3.477878E+03	3.408866E-05	5.023983E-06
3.478076E+03	3.406681E-05	5.020485E-06
3.478274E+03	3.413430E-05	5.030152E-06
3.478472E+03	3.405867E-05	5.018728E-06
3.480255E+03	3.415886E-05	5.030976E-06
3.480651E+03	3.421751E-05	5.039054E-06
3.481444E+03	3.414670E-05	5.027509E-06
3.481642E+03	3.412973E-05	5.024732E-06
3.482038E+03	3.406652E-05	5.014868E-06
3.482830E+03	3.410681E-05	5.019683E-06
3.483028E+03	3.419635E-05	5.032580E-06
3.483226E+03	3.412386E-05	5.021634E-06
3.483424E+03	3.395561E-05	4.996596E-06
3.483622E+03	3.397638E-05	4.999375E-06
3.484017E+03	3.393856E-05	4.993255E-06
3.484612E+03	3.390463E-05	4.987430E-06
3.484810E+03	3.389760E-05	4.986119E-06
3.485008E+03	3.371381E-05	4.958810E-06
3.485404E+03	3.367800E-05	4.952992E-06
3.485602E+03	3.358338E-05	4.938801E-06
3.486394E+03	3.366973E-05	4.950398E-06
3.487187E+03	3.364579E-05	4.945775E-06
3.487583E+03	3.357110E-05	4.934246E-06
3.488177E+03	3.356945E-05	4.933180E-06
3.488375E+03	3.357245E-05	4.933346E-06
3.488573E+03	3.338879E-05	4.906085E-06
3.488771E+03	3.332106E-05	4.895859E-06
3.488970E+03	3.328603E-05	4.890441E-06
3.489168E+03	3.330510E-05	4.892970E-06
3.489564E+03	3.316459E-05	4.871784E-06
3.489960E+03	3.306775E-05	4.857017E-06
3.490158E+03	3.306657E-05	4.856573E-06
3.490752E+03	3.295959E-05	4.840052E-06
3.490950E+03	3.288265E-05	4.828484E-06
3.491544E+03	3.279271E-05	4.814472E-06
3.491940E+03	3.279049E-05	4.813610E-06
3.492138E+03	3.257462E-05	4.781653E-06
3.492336E+03	3.238361E-05	4.753350E-06
3.492534E+03	3.236502E-05	4.750356E-06
3.492931E+03	3.232781E-05	4.744365E-06
3.493129E+03	3.231675E-05	4.742477E-06
3.493327E+03	3.217025E-05	4.720716E-06
3.493525E+03	3.208022E-05	4.707241E-06
3.493921E+03	3.203631E-05	4.700274E-06
3.494714E+03	3.207288E-05	4.704587E-06
3.494912E+03	3.199534E-05	4.692952E-06
3.495110E+03	3.201963E-05	4.696252E-06
3.496695E+03	3.213558E-05	4.711153E-06
3.496893E+03	3.213310E-05	4.710527E-06
3.497288E+03	3.205832E-05	4.699041E-06
3.497486E+03	3.201327E-05	4.692176E-06
3.497684E+03	3.198102E-05	4.687187E-06
3.497882E+03	3.186276E-05	4.669594E-06
3.498278E+03	3.178922E-05	4.658296E-06
3.499070E+03	3.191518E-05	4.675708E-06
3.499862E+03	3.195274E-05	4.680164E-06
3.500060E+03	3.191221E-05	4.673967E-06
3.500258E+03	3.196288E-05	4.681125E-06
3.500457E+03	3.197278E-05	4.682314E-06
3.500655E+03	3.180254E-05	4.657122E-06
3.501448E+03	3.193022E-05	4.674773E-06
3.502042E+03	3.193077E-05	4.674068E-06
3.502240E+03	3.182438E-05	4.658235E-06
3.502636E+03	3.178410E-05	4.651818E-06
3.502834E+03	3.168442E-05	4.636969E-06
3.503428E+03	3.168706E-05	4.636578E-06
3.503626E+03	3.162374E-05	4.627053E-06
3.503824E+03	3.157540E-05	4.619722E-06
3.504220E+03	3.146439E-05	4.602964E-06
3.504419E+03	3.138783E-05	4.591508E-06
3.504617E+03	3.144679E-05	4.599875E-06
3.504815E+03	3.142924E-05	4.597050E-06
3.505013E+03	3.133832E-05	4.583494E-06
3.505211E+03	3.113282E-05	4.553183E-06
3.505409E+03	3.100257E-05	4.533881E-06
3.505607E+03	3.093259E-05	4.523393E-06
3.506201E+03	3.092607E-05	4.521680E-06
3.506597E+03	3.097006E-05	4.527604E-06
3.507191E+03	3.100237E-05	4.531567E-06
3.507389E+03	3.096242E-05	4.525473E-06
3.507587E+03	3.093716E-05	4.521527E-06
3.507785E+03	3.092538E-05	4.519553E-06
3.507982E+03	3.087016E-05	4.511231E-06
3.508181E+03	3.081005E-05	4.502192E-06
3.508381E+03	3.085112E-05	4.507940E-06
3.508776E+03	3.083893E-05	4.505655E-06
3.509370E+03	3.082347E-05	4.502638E-06
3.509568E+03	3.083131E-05	4.503532E-06
3.509766E+03	3.077215E-05	4.494638E-06
3.509964E+03	3.067220E-05	4.479787E-06
3.510162E+03	3.064418E-05	4.475444E-06
3.510360E+03	3.062643E-05	4.472601E-06
3.511152E+03	3.056683E-05	4.462895E-06
3.511350E+03	3.055643E-05	4.461127E-06
3.511548E+03	3.049526E-05	4.451946E-06
3.511746E+03	3.051040E-05	4.453906E-06
3.512341E+03	3.055012E-05	4.458954E-06
3.512539E+03	3.056862E-05	4.461403E-06
3.512737E+03	3.058670E-05	4.463792E-06
3.512935E+03	3.060438E-05	4.466122E-06
3.513331E+03	3.063440E-05	4.470000E-06
3.513529E+03	3.065502E-05	4.472758E-06
3.514123E+03	3.070199E-05	4.478857E-06
3.514519E+03	3.073918E-05	4.483778E-06
3.514717E+03	3.076692E-05	4.487572E-06
3.515510E+03	3.082990E-05	4.495745E-06
3.515708E+03	3.085604E-05	4.499305E-06
3.516105E+03	3.089299E-05	4.504187E-06
3.516303E+03	3.091668E-05	4.507388E-06
3.516699E+03	3.095120E-05	4.511913E-06
3.516897E+03	3.097159E-05	4.514632E-06
3.517293E+03	3.103206E-05	4.522937E-06
3.517491E+03	3.105207E-05	4.525600E-06
3.517887E+03	3.114774E-05	4.539032E-06
3.518481E+03	3.114863E-05	4.538396E-06
3.519075E+03	3.112897E-05	4.534766E-06
3.519273E+03	3.127644E-05	4.555993E-06
3.519471E+03	3.125510E-05	4.552628E-06
3.519669E+03	3.131804E-05	4.561539E-06
3.519868E+03	3.138855E-05	4.571553E-06
3.520065E+03	3.142808E-05	4.577053E-06
3.520264E+03	3.125606E-05	4.551743E-06
3.520461E+03	3.122165E-05	4.546477E-06
3.520659E+03	3.128089E-05	4.554848E-06
3.520858E+03	3.123805E-05	4.548352E-06
3.521055E+03	3.122586E-05	4.546323E-06
3.521253E+03	3.128935E-05	4.555311E-06
3.521451E+03	3.129106E-05	4.555303E-06
3.521649E+03	3.134706E-05	4.563198E-06
3.522243E+03	3.135136E-05	4.563053E-06
3.522640E+03	3.149148E-05	4.582929E-06
3.522838E+03	3.151813E-05	4.586550E-06
3.523234E+03	3.144986E-05	4.576100E-06
3.523432E+03	3.157790E-05	4.594471E-06
3.523630E+03	3.151967E-05	4.585741E-06
3.523829E+03	3.146266E-05	4.577188E-06
3.524225E+03	3.147965E-05	4.579144E-06
3.524423E+03	3.161387E-05	4.598408E-06
3.524621E+03	3.161860E-05	4.598838E-06
3.524819E+03	3.167289E-05	4.606475E-06
3.526205E+03	3.170918E-05	4.609934E-06
3.526601E+03	3.181561E-05	4.624885E-06
3.526997E+03	3.176822E-05	4.617475E-06
3.527195E+03	3.174873E-05	4.614381E-06
3.527393E+03	3.177690E-05	4.618216E-06
3.527591E+03	3.181234E-05	4.623106E-06
3.527790E+03	3.185377E-05	4.628865E-06
3.527988E+03	3.182022E-05	4.623728E-06
3.528186E+03	3.189620E-05	4.634508E-06
3.528780E+03	3.198491E-05	4.646612E-06
3.528978E+03	3.203717E-05	4.653941E-06
3.529176E+03	3.209244E-05	4.661707E-06
3.529573E+03	3.202786E-05	4.651799E-06
3.529771E+03	3.196385E-05	4.642240E-06
3.530761E+03	3.187052E-05	4.627378E-06
3.530959E+03	3.182299E-05	4.620217E-06
3.531157E+03	3.184919E-05	4.623760E-06
3.531355E+03	3.187239E-05	4.626867E-06
3.531554E+03	3.177887E-05	4.613030E-06
3.531950E+03	3.194125E-05	4.636077E-06
3.532147E+03	3.199804E-05	4.644059E-06
3.532346E+03	3.208023E-05	4.655724E-06
3.532543E+03	3.215303E-05	4.666027E-06
3.532741E+03	3.227450E-05	4.683390E-06
3.533137E+03	3.237516E-05	4.697466E-06
3.533335E+03	3.244774E-05	4.707731E-06
3.533533E+03	3.249883E-05	4.714877E-06
3.533731E+03	3.254952E-05	4.721963E-06
3.533929E+03	3.267097E-05	4.739314E-06
3.534127E+03	3.281321E-05	4.759679E-06
3.534325E+03	3.293830E-05	4.777554E-06
3.534919E+03	3.306568E-05	4.795217E-06
3.535117E+03	3.311929E-05	4.802720E-06
3.535514E+03	3.313707E-05	4.804755E-06
3.535712E+03	3.299686E-05	4.784154E-06
3.535910E+03	3.290981E-05	4.771263E-06
3.536108E+03	3.277675E-05	4.751703E-06
3.536306E+03	3.275019E-05	4.747585E-06
3.536505E+03	3.262050E-05	4.728516E-06
3.537099E+03	3.255478E-05	4.718188E-06
3.537297E+03	3.250764E-05	4.711090E-06
3.537693E+03	3.251450E-05	4.711551E-06
3.538287E+03	3.249323E-05	4.707669E-06
3.538485E+03	3.248466E-05	4.706161E-06
3.538683E+03	3.256228E-05	4.717140E-06
3.538881E+03	3.240827E-05	4.694563E-06
3.539872E+03	3.250210E-05	4.706822E-06
3.540070E+03	3.257510E-05	4.717127E-06
3.540664E+03	3.261395E-05	4.721951E-06
3.540862E+03	3.259092E-05	4.718349E-06
3.541060E+03	3.251931E-05	4.707715E-06
3.541456E+03	3.244550E-05	4.696497E-06
3.541654E+03	3.230191E-05	4.675448E-06
3.541852E+03	3.233257E-05	4.679621E-06
3.542050E+03	3.237464E-05	4.685445E-06
3.542644E+03	3.231323E-05	4.675762E-06
3.543437E+03	3.239660E-05	4.686764E-06
3.543636E+03	3.246436E-05	4.696299E-06
3.544428E+03	3.246833E-05	4.695809E-06
3.544626E+03	3.237494E-05	4.682035E-06
3.544823E+03	3.241852E-05	4.688074E-06
3.545022E+03	3.242201E-05	4.688311E-06
3.545219E+03	3.226362E-05	4.665145E-06
3.545417E+03	3.227323E-05	4.666270E-06
3.545813E+03	3.208490E-05	4.638514E-06
3.546011E+03	3.188152E-05	4.608849E-06
3.546209E+03	3.190820E-05	4.612444E-06
3.546407E+03	3.192561E-05	4.614700E-06
3.547002E+03	3.204121E-05	4.630620E-06
3.547200E+03	3.214812E-05	4.645808E-06
3.547398E+03	3.217893E-05	4.649997E-06
3.547794E+03	3.224326E-05	4.658764E-06
3.548388E+03	3.231639E-05	4.668536E-06
3.548586E+03	3.239082E-05	4.679022E-06
3.549180E+03	3.247397E-05	4.690235E-06
3.549576E+03	3.260007E-05	4.707913E-06
3.549774E+03	3.274152E-05	4.728071E-06
3.549972E+03	3.282608E-05	4.740014E-06
3.550170E+03	3.287953E-05	4.747462E-06
3.550368E+03	3.287464E-05	4.746487E-06
3.550567E+03	3.287829E-05	4.746742E-06
3.550765E+03	3.296880E-05	4.759540E-06
3.551558E+03	3.308595E-05	4.775366E-06
3.551954E+03	3.299578E-05	4.761811E-06
3.552152E+03	3.288313E-05	4.745283E-06
3.552350E+03	3.273100E-05	4.723062E-06
3.552944E+03	3.266666E-05	4.712974E-06
3.553142E+03	3.253391E-05	4.693555E-06
3.553538E+03	3.259270E-05	4.701501E-06
3.553736E+03	3.259700E-05	4.701855E-06
3.553934E+03	3.248553E-05	4.685510E-06
3.554132E+03	3.251807E-05	4.689937E-06
3.554528E+03	3.253379E-05	4.691670E-06
3.554726E+03	3.253266E-05	4.691241E-06
3.554925E+03	3.256211E-05	4.695220E-06
3.555123E+03	3.243144E-05	4.676113E-06
3.555519E+03	3.242412E-05	4.674525E-06
3.555915E+03	3.254292E-05	4.691119E-06
3.556112E+03	3.235650E-05	4.663983E-06
3.556311E+03	3.233904E-05	4.661199E-06
3.557498E+03	3.229122E-05	4.652720E-06
3.557697E+03	3.211456E-05	4.627000E-06
3.557895E+03	3.211680E-05	4.627060E-06
3.558291E+03	3.211358E-05	4.626069E-06
3.558489E+03	3.213528E-05	4.628932E-06
3.558886E+03	3.225077E-05	4.645038E-06
3.559084E+03	3.235367E-05	4.659594E-06
3.559480E+03	3.240729E-05	4.666785E-06
3.559678E+03	3.248766E-05	4.678093E-06
3.559876E+03	3.261989E-05	4.696865E-06
3.560470E+03	3.263661E-05	4.698470E-06
3.560668E+03	3.267355E-05	4.703521E-06
3.560866E+03	3.264773E-05	4.699536E-06
3.561262E+03	3.277271E-05	4.716989E-06
3.561460E+03	3.279245E-05	4.719561E-06
3.561658E+03	3.286504E-05	4.729739E-06
3.562847E+03	3.288657E-05	4.731219E-06
3.563045E+03	3.276701E-05	4.713750E-06
3.563441E+03	3.281383E-05	4.719948E-06
3.564035E+03	3.283200E-05	4.721754E-06
3.566214E+03	3.294368E-05	4.734842E-06
3.566413E+03	3.295251E-05	4.735841E-06
3.566611E+03	3.294292E-05	4.734193E-06
3.566809E+03	3.293839E-05	4.733272E-06
3.567007E+03	3.294445E-05	4.733872E-06
3.567205E+03	3.288186E-05	4.724609E-06
3.567403E+03	3.291139E-05	4.728583E-06
3.567601E+03	3.298981E-05	4.739579E-06
3.568393E+03	3.303484E-05	4.744965E-06
3.569184E+03	3.316503E-05	4.762578E-06
3.569382E+03	3.329238E-05	4.780593E-06
3.569976E+03	3.330204E-05	4.781161E-06
3.570174E+03	3.337307E-05	4.791086E-06
3.570373E+03	3.337228E-05	4.790699E-06
3.570967E+03	3.338245E-05	4.791338E-06
3.571165E+03	3.335471E-05	4.787083E-06
3.571363E+03	3.331767E-05	4.781494E-06
3.571561E+03	3.324061E-05	4.770161E-06
3.571760E+03	3.317007E-05	4.759766E-06
3.572156E+03	3.302494E-05	4.738399E-06
3.572354E+03	3.298301E-05	4.732112E-06
3.572948E+03	3.308858E-05	4.746444E-06
3.573146E+03	3.317151E-05	4.758069E-06
3.573344E+03	3.320229E-05	4.762212E-06
3.573542E+03	3.324193E-05	4.767625E-06
3.573740E+03	3.325500E-05	4.769227E-06
3.573938E+03	3.328769E-05	4.773642E-06
3.574335E+03	3.336761E-05	4.784556E-06
3.575325E+03	3.348803E-05	4.800451E-06
3.575523E+03	3.348809E-05	4.800185E-06
3.576513E+03	3.360089E-05	4.814977E-06
3.576909E+03	3.360288E-05	4.814710E-06
3.577107E+03	3.359213E-05	4.812895E-06
3.577503E+03	3.361760E-05	4.815992E-06
3.577701E+03	3.368020E-05	4.824685E-06
3.577899E+03	3.371508E-05	4.829404E-06
3.578098E+03	3.369208E-05	4.825835E-06
3.578296E+03	3.374535E-05	4.833187E-06
3.578494E+03	3.375861E-05	4.834810E-06
3.578891E+03	3.378049E-05	4.837388E-06
3.579287E+03	3.358147E-05	4.808337E-06
3.579683E+03	3.357999E-05	4.807575E-06
3.579881E+03	3.352704E-05	4.799720E-06
3.580079E+03	3.358037E-05	4.807080E-06
3.580673E+03	3.365925E-05	4.817543E-06
3.581069E+03	3.369326E-05	4.821859E-06
3.581266E+03	3.363211E-05	4.812833E-06
3.581464E+03	3.365905E-05	4.816413E-06
3.581662E+03	3.346887E-05	4.788924E-06
3.582257E+03	3.328140E-05	4.761282E-06
3.582455E+03	3.312682E-05	4.738897E-06
3.582851E+03	3.315902E-05	4.742958E-06
3.583049E+03	3.293906E-05	4.711226E-06
3.583643E+03	3.295121E-05	4.712154E-06
3.583841E+03	3.289033E-05	4.703178E-06
3.584435E+03	3.293193E-05	4.708318E-06
3.585029E+03	3.291629E-05	4.705273E-06
3.585425E+03	3.292731E-05	4.706308E-06
3.585623E+03	3.290487E-05	4.702831E-06
3.586021E+03	3.290493E-05	4.702298E-06
3.586219E+03	3.295372E-05	4.709001E-06
3.586615E+03	3.293503E-05	4.705791E-06
3.586813E+03	3.298866E-05	4.713183E-06
3.587407E+03	3.299920E-05	4.713877E-06
3.587605E+03	3.316326E-05	4.737041E-06
3.587803E+03	3.322810E-05	4.746031E-06
3.588001E+03	3.324641E-05	4.748373E-06
3.588595E+03	3.315813E-05	4.734949E-06
3.589585E+03	3.314945E-05	4.732352E-06
3.589784E+03	3.318317E-05	4.736894E-06
3.589982E+03	3.320774E-05	4.740129E-06
3.590774E+03	3.321588E-05	4.740202E-06
3.591170E+03	3.335400E-05	4.759366E-06
3.591368E+03	3.341103E-05	4.767231E-06
3.591566E+03	3.341251E-05	4.767168E-06
3.591764E+03	3.340819E-05	4.766278E-06
3.591962E+03	3.349821E-05	4.778846E-06
3.592556E+03	3.346297E-05	4.772996E-06
3.592755E+03	3.340633E-05	4.764643E-06
3.592952E+03	3.343589E-05	4.768586E-06
3.593745E+03	3.355431E-05	4.784375E-06
3.593943E+03	3.347660E-05	4.773020E-06
3.594141E+03	3.351012E-05	4.777525E-06
3.594537E+03	3.357816E-05	4.786676E-06
3.594735E+03	3.361028E-05	4.790979E-06
3.594933E+03	3.360006E-05	4.789246E-06
3.595725E+03	3.377015E-05	4.812384E-06
3.595923E+03	3.385652E-05	4.824414E-06
3.596715E+03	3.394761E-05	4.836283E-06
3.596913E+03	3.390712E-05	4.830235E-06
3.597508E+03	3.393565E-05	4.833466E-06
3.597706E+03	3.385592E-05	4.821833E-06
3.598102E+03	3.383535E-05	4.818349E-06
3.598300E+03	3.373000E-05	4.803070E-06
3.598498E+03	3.376965E-05	4.808439E-06
3.598696E+03	3.391132E-05	4.828334E-06
3.599092E+03	3.404972E-05	4.847482E-06
3.599290E+03	3.390443E-05	4.826520E-06
3.599885E+03	3.379531E-05	4.810154E-06
3.600083E+03	3.380113E-05	4.810705E-06
3.600281E+03	3.384975E-05	4.817348E-06
3.600677E+03	3.381365E-05	4.811657E-06
3.600875E+03	3.371801E-05	4.797771E-06
3.601073E+03	3.378783E-05	4.807428E-06
3.601271E+03	3.385918E-05	4.817303E-06
3.601470E+03	3.379499E-05	4.807893E-06
3.601668E+03	3.385059E-05	4.815526E-06
3.602064E+03	3.391748E-05	4.824487E-06
3.602658E+03	3.407088E-05	4.845469E-06
3.602856E+03	3.411827E-05	4.851929E-06
3.603054E+03	3.420924E-05	4.864586E-06
3.603252E+03	3.422109E-05	4.865991E-06
3.604439E+03	3.432305E-05	4.878803E-06
3.604638E+03	3.412904E-05	4.850944E-06
3.604835E+03	3.393040E-05	4.822434E-06
3.605034E+03	3.397489E-05	4.828479E-06
3.605430E+03	3.395317E-05	4.824836E-06
3.605628E+03	3.399325E-05	4.830253E-06
3.606024E+03	3.405705E-05	4.838761E-06
3.606222E+03	3.415194E-05	4.851963E-06
3.606420E+03	3.402831E-05	4.834120E-06
3.606618E+03	3.387919E-05	4.812658E-06
3.607411E+03	3.391559E-05	4.816717E-06
3.607609E+03	3.390832E-05	4.815407E-06
3.607807E+03	3.382467E-05	4.803250E-06
3.608203E+03	3.366014E-05	4.779336E-06
3.608797E+03	3.372795E-05	4.788135E-06
3.609590E+03	3.375092E-05	4.790289E-06
3.609788E+03	3.385976E-05	4.805461E-06
3.609986E+03	3.393962E-05	4.816516E-06
3.610184E+03	3.393575E-05	4.815690E-06
3.610382E+03	3.404279E-05	4.830600E-06
3.610580E+03	3.415743E-05	4.846587E-06
3.610778E+03	3.419631E-05	4.851824E-06
3.611372E+03	3.430760E-05	4.866771E-06
3.611570E+03	3.416652E-05	4.846478E-06
3.612164E+03	3.420837E-05	4.851575E-06
3.612362E+03	3.422316E-05	4.853391E-06
3.612560E+03	3.425913E-05	4.858212E-06
3.612758E+03	3.434503E-05	4.870112E-06
3.613155E+03	3.441360E-05	4.879272E-06
3.613353E+03	3.449055E-05	4.889899E-06
3.613551E+03	3.446556E-05	4.886074E-06
3.613749E+03	3.451582E-05	4.892916E-06
3.613948E+03	3.445854E-05	4.884513E-06
3.614344E+03	3.452928E-05	4.893975E-06
3.614740E+03	3.450346E-05	4.889751E-06
3.614938E+03	3.444393E-05	4.881032E-06
3.615136E+03	3.444665E-05	4.881136E-06
3.615334E+03	3.446761E-05	4.883824E-06
3.615928E+03	3.449302E-05	4.886577E-06
3.616521E+03	3.450116E-05	4.886883E-06
3.616918E+03	3.447200E-05	4.882188E-06
3.618106E+03	3.450125E-05	4.884637E-06
3.618304E+03	3.436938E-05	4.865685E-06
3.618502E+03	3.427561E-05	4.852130E-06
3.618700E+03	3.425777E-05	4.849324E-06
3.618898E+03	3.409194E-05	4.825571E-06
3.619294E+03	3.409281E-05	4.825136E-06
3.619888E+03	3.412219E-05	4.828455E-06
3.620086E+03	3.410930E-05	4.826353E-06
3.620482E+03	3.411882E-05	4.827140E-06
3.620681E+03	3.418987E-05	4.836913E-06
3.620880E+03	3.412940E-05	4.828077E-06
3.621078E+03	3.401142E-05	4.811108E-06
3.621276E+03	3.405841E-05	4.817477E-06
3.621870E+03	3.420724E-05	4.837689E-06
3.622068E+03	3.413831E-05	4.827661E-06
3.622464E+03	3.419040E-05	4.834467E-06
3.623058E+03	3.426038E-05	4.843521E-06
3.623454E+03	3.425700E-05	4.842482E-06
3.623652E+03	3.433254E-05	4.852879E-06
3.623850E+03	3.435714E-05	4.856075E-06
3.625039E+03	3.444866E-05	4.867319E-06
3.625237E+03	3.443870E-05	4.865630E-06
3.626029E+03	3.447687E-05	4.869894E-06
3.626227E+03	3.447878E-05	4.869881E-06
3.626821E+03	3.470521E-05	4.901010E-06
3.627019E+03	3.478961E-05	4.912645E-06
3.627217E+03	3.476308E-05	4.908614E-06
3.627613E+03	3.475719E-05	4.907213E-06
3.627811E+03	3.466311E-05	4.893646E-06
3.628208E+03	3.459220E-05	4.883068E-06
3.628406E+03	3.473443E-05	4.902861E-06
3.628604E+03	3.484920E-05	4.918778E-06
3.629198E+03	3.491133E-05	4.926689E-06
3.629396E+03	3.495653E-05	4.932782E-06
3.630386E+03	3.503584E-05	4.942540E-06
3.630584E+03	3.508063E-05	4.948572E-06
3.631178E+03	3.512688E-05	4.954233E-06
3.631376E+03	3.518219E-05	4.961747E-06
3.631970E+03	3.523535E-05	4.968378E-06
3.632168E+03	3.540700E-05	4.992292E-06
3.632367E+03	3.548137E-05	5.002488E-06
3.632763E+03	3.542162E-05	4.993484E-06
3.632961E+03	3.533822E-05	4.981437E-06
3.633159E+03	3.531244E-05	4.977514E-06
3.634545E+03	3.545687E-05	4.995842E-06
3.634743E+03	3.529631E-05	4.972930E-06
3.636130E+03	3.537645E-05	4.982194E-06
3.636329E+03	3.534462E-05	4.977421E-06
3.636923E+03	3.531761E-05	4.972751E-06
3.637319E+03	3.520771E-05	4.956700E-06
3.637517E+03	3.523602E-05	4.960397E-06
3.638309E+03	3.532127E-05	4.971243E-06
3.638507E+03	3.526694E-05	4.963307E-06
3.638705E+03	3.507576E-05	4.936114E-06
3.638903E+03	3.496981E-05	4.920918E-06
3.639299E+03	3.502577E-05	4.928220E-06
3.639497E+03	3.494518E-05	4.916595E-06
3.639893E+03	3.495542E-05	4.917465E-06
3.640686E+03	3.511429E-05	4.938665E-06
3.640883E+03	3.487904E-05	4.905294E-06
3.641082E+03	3.490196E-05	4.908230E-06
3.641279E+03	3.467281E-05	4.875723E-06
3.641477E+03	3.461995E-05	4.868006E-06
3.641675E+03	3.468277E-05	4.876556E-06
3.642270E+03	3.461739E-05	4.866513E-06
3.642468E+03	3.446824E-05	4.845262E-06
3.643260E+03	3.458775E-05	4.860930E-06
3.643458E+03	3.454047E-05	4.854004E-06
3.643656E+03	3.451830E-05	4.850606E-06
3.644647E+03	3.459973E-05	4.860633E-06
3.644845E+03	3.451740E-05	4.848785E-06
3.645241E+03	3.429454E-05	4.816918E-06
3.645439E+03	3.420016E-05	4.803382E-06
3.645637E+03	3.393858E-05	4.766366E-06
3.645835E+03	3.375261E-05	4.739971E-06
3.646429E+03	3.381539E-05	4.747958E-06
3.646627E+03	3.368989E-05	4.730061E-06
3.646825E+03	3.344309E-05	4.695137E-06
3.647221E+03	3.332030E-05	4.677353E-06
3.647419E+03	3.316097E-05	4.654716E-06
3.648410E+03	3.318787E-05	4.657134E-06
3.649203E+03	3.319296E-05	4.656761E-06
3.649995E+03	3.326563E-05	4.665868E-06
3.650193E+03	3.339806E-05	4.684171E-06
3.650391E+03	3.339827E-05	4.683926E-06
3.650787E+03	3.349363E-05	4.696753E-06
3.651183E+03	3.349190E-05	4.695962E-06
3.651381E+03	3.334866E-05	4.675606E-06
3.651579E+03	3.333739E-05	4.673753E-06
3.651778E+03	3.340713E-05	4.683257E-06
3.652173E+03	3.346621E-05	4.690993E-06
3.652372E+03	3.346256E-05	4.690206E-06
3.652569E+03	3.319532E-05	4.652478E-06
3.652768E+03	3.303739E-05	4.630073E-06
3.653361E+03	3.309784E-05	4.637734E-06
3.653559E+03	3.297343E-05	4.620032E-06
3.653757E+03	3.297500E-05	4.619983E-06
3.654945E+03	3.303737E-05	4.627100E-06
3.655143E+03	3.298091E-05	4.618922E-06
3.655341E+03	3.290087E-05	4.607443E-06
3.655738E+03	3.294437E-05	4.612996E-06
3.655937E+03	3.286261E-05	4.601279E-06
3.656135E+03	3.274015E-05	4.583864E-06
3.656729E+03	3.257803E-05	4.560367E-06
3.656927E+03	3.251619E-05	4.551445E-06
3.657125E+03	3.229610E-05	4.520373E-06
3.657323E+03	3.214399E-05	4.498821E-06
3.657521E+03	3.204012E-05	4.484021E-06
3.657719E+03	3.210833E-05	4.493304E-06
3.657917E+03	3.217381E-05	4.502205E-06
3.658313E+03	3.220579E-05	4.506153E-06
3.658511E+03	3.226752E-05	4.514526E-06
3.658709E+03	3.229016E-05	4.517430E-06
3.658907E+03	3.221967E-05	4.507305E-06
3.659502E+03	3.220149E-05	4.503972E-06
3.659700E+03	3.203145E-05	4.479927E-06
3.659898E+03	3.200653E-05	4.476179E-06
3.660294E+03	3.195660E-05	4.468675E-06
3.661086E+03	3.187580E-05	4.456334E-06
3.661284E+03	3.190995E-05	4.460847E-06
3.661482E+03	3.184275E-05	4.451192E-06
3.661680E+03	3.190350E-05	4.459423E-06
3.662076E+03	3.203620E-05	4.477448E-06
3.662274E+03	3.216696E-05	4.495462E-06
3.662472E+03	3.223012E-05	4.504024E-06
3.663662E+03	3.233242E-05	4.516734E-06
3.663860E+03	3.236405E-05	4.520888E-06
3.664057E+03	3.238455E-05	4.523488E-06
3.664255E+03	3.239505E-05	4.524689E-06
3.664454E+03	3.239440E-05	4.524332E-06
3.664850E+03	3.239253E-05	4.523542E-06
3.665047E+03	3.236565E-05	4.519525E-06
3.665245E+03	3.230080E-05	4.510205E-06
3.665443E+03	3.222810E-05	4.499791E-06
3.665641E+03	3.213914E-05	4.487107E-06
3.665839E+03	3.202552E-05	4.470982E-06
3.666037E+03	3.198446E-05	4.464988E-06
3.666235E+03	3.200819E-05	4.468040E-06
3.666433E+03	3.177360E-05	4.435034E-06
3.666631E+03	3.165127E-05	4.417700E-06
3.667226E+03	3.152112E-05	4.398761E-06
3.667424E+03	3.144217E-05	4.387487E-06
3.667622E+03	3.128246E-05	4.364945E-06
3.667820E+03	3.114393E-05	4.345361E-06
3.668018E+03	3.099576E-05	4.324434E-06
3.668216E+03	3.095798E-05	4.318910E-06
3.668414E+03	3.090841E-05	4.311742E-06
3.668612E+03	3.080487E-05	4.297047E-06
3.668810E+03	3.071362E-05	4.284067E-06
3.669206E+03	3.067308E-05	4.277910E-06
3.669404E+03	3.056198E-05	4.262166E-06
3.669602E+03	3.034053E-05	4.231035E-06
3.669800E+03	3.030854E-05	4.226326E-06
3.669999E+03	3.025350E-05	4.218403E-06
3.670197E+03	3.015443E-05	4.204342E-06
3.670791E+03	3.006084E-05	4.190557E-06
3.670989E+03	3.000665E-05	4.182757E-06
3.671188E+03	2.996256E-05	4.176366E-06
3.672178E+03	2.997670E-05	4.177112E-06
3.672376E+03	2.995677E-05	4.174090E-06
3.672574E+03	2.979429E-05	4.151208E-06
3.672772E+03	2.961186E-05	4.125548E-06
3.672970E+03	2.955611E-05	4.117539E-06
3.673168E+03	2.934853E-05	4.088381E-06
3.673762E+03	2.936323E-05	4.089709E-06
3.674554E+03	2.938202E-05	4.091365E-06
3.674950E+03	2.939310E-05	4.092428E-06
3.675545E+03	2.934231E-05	4.084637E-06
3.676337E+03	2.934839E-05	4.084525E-06
3.676534E+03	2.921683E-05	4.065977E-06
3.676733E+03	2.913361E-05	4.054157E-06
3.676932E+03	2.901161E-05	4.036941E-06
3.677129E+03	2.895963E-05	4.029473E-06
3.677327E+03	2.896526E-05	4.030019E-06
3.677921E+03	2.896268E-05	4.028951E-06
3.678515E+03	2.888683E-05	4.017691E-06
3.678713E+03	2.886206E-05	4.014011E-06
3.678912E+03	2.888423E-05	4.016858E-06
3.679110E+03	2.868305E-05	3.988647E-06
3.679308E+03	2.872635E-05	3.994433E-06
3.679704E+03	2.871268E-05	3.992064E-06
3.679902E+03	2.854840E-05	3.968989E-06
3.680694E+03	2.841040E-05	3.948875E-06
3.681288E+03	2.829131E-05	3.931629E-06
3.681486E+03	2.817984E-05	3.915908E-06
3.681684E+03	2.803087E-05	3.894978E-06
3.682080E+03	2.796697E-05	3.885643E-06
3.682278E+03	2.794102E-05	3.881809E-06
3.682476E+03	2.788336E-05	3.873570E-06
3.682674E+03	2.788041E-05	3.872932E-06
3.683269E+03	2.789459E-05	3.874219E-06
3.683467E+03	2.787951E-05	3.871896E-06
3.683665E+03	2.788634E-05	3.872617E-06
3.683863E+03	2.796423E-05	3.883206E-06
3.684062E+03	2.788387E-05	3.871818E-06
3.684260E+03	2.784271E-05	3.865875E-06
3.684458E+03	2.776448E-05	3.854786E-06
3.684656E+03	2.765785E-05	3.839756E-06
3.684854E+03	2.771206E-05	3.847055E-06
3.685052E+03	2.770723E-05	3.846159E-06
3.685448E+03	2.765582E-05	3.838571E-06
3.685844E+03	2.765938E-05	3.838613E-06
3.686042E+03	2.753963E-05	3.821770E-06
3.686240E+03	2.738091E-05	3.799519E-06
3.686636E+03	2.732386E-05	3.791157E-06
3.686835E+03	2.745301E-05	3.808852E-06
3.687033E+03	2.748811E-05	3.813497E-06
3.687231E+03	2.747034E-05	3.810807E-06
3.687429E+03	2.752581E-05	3.818278E-06
3.688220E+03	2.757799E-05	3.824617E-06
3.688815E+03	2.766090E-05	3.835436E-06
3.689012E+03	2.764017E-05	3.832336E-06
3.689210E+03	2.759313E-05	3.825589E-06
3.689606E+03	2.760875E-05	3.827304E-06
3.689804E+03	2.763699E-05	3.830994E-06
3.690002E+03	2.771260E-05	3.841248E-06
3.690597E+03	2.769866E-05	3.838638E-06
3.690795E+03	2.767430E-05	3.835036E-06
3.690994E+03	2.767689E-05	3.835168E-06
3.691192E+03	2.768119E-05	3.835537E-06
3.691390E+03	2.781028E-05	3.853197E-06
3.691588E+03	2.800041E-05	3.879311E-06
3.691786E+03	2.809159E-05	3.891714E-06
3.691984E+03	2.814353E-05	3.898681E-06
3.692182E+03	2.824538E-05	3.912559E-06
3.692776E+03	2.829525E-05	3.918773E-06
3.692974E+03	2.841725E-05	3.935438E-06
3.693172E+03	2.858990E-05	3.959115E-06
3.693370E+03	2.864505E-05	3.966518E-06
3.693568E+03	2.867553E-05	3.970505E-06
3.693766E+03	2.880726E-05	3.988509E-06
3.693964E+03	2.892965E-05	4.005219E-06
3.694162E+03	2.901209E-05	4.016395E-06
3.694360E+03	2.908278E-05	4.025944E-06
3.694559E+03	2.916118E-05	4.036560E-06
3.694757E+03	2.905983E-05	4.022293E-06
3.694955E+03	2.908167E-05	4.025079E-06
3.695549E+03	2.902913E-05	4.017096E-06
3.695747E+03	2.903323E-05	4.017426E-06
3.695945E+03	2.911296E-05	4.028221E-06
3.696143E+03	2.925185E-05	4.047200E-06
3.696341E+03	2.919395E-05	4.038950E-06
3.696539E+03	2.910641E-05	4.026602E-06
3.697133E+03	2.915782E-05	4.033000E-06
3.697331E+03	2.934262E-05	4.058321E-06
3.697529E+03	2.944339E-05	4.072018E-06
3.697727E+03	2.941973E-05	4.068506E-06
3.697926E+03	2.939789E-05	4.065244E-06
3.698124E+03	2.947979E-05	4.076329E-06
3.698323E+03	2.952614E-05	4.082498E-06
3.698521E+03	2.962297E-05	4.095645E-06
3.698719E+03	2.965692E-05	4.100096E-06
3.698917E+03	2.970871E-05	4.107013E-06
3.699115E+03	2.974508E-05	4.111798E-06
3.699313E+03	2.985520E-05	4.126777E-06
3.699709E+03	3.000664E-05	4.147220E-06
3.699907E+03	3.011813E-05	4.162384E-06
3.700105E+03	2.995107E-05	4.139051E-06
3.700302E+03	3.008049E-05	4.156691E-06
3.700501E+03	3.015994E-05	4.167424E-06
3.700698E+03	3.017031E-05	4.168611E-06
3.701095E+03	3.017792E-05	4.169169E-06
3.701292E+03	3.019126E-05	4.170768E-06
3.701490E+03	3.034608E-05	4.191907E-06
3.702679E+03	3.052290E-05	4.214838E-06
3.702877E+03	3.048430E-05	4.209259E-06
3.703075E+03	3.060850E-05	4.226159E-06
3.703273E+03	3.073698E-05	4.243648E-06
3.703669E+03	3.074668E-05	4.244484E-06
3.703867E+03	3.084295E-05	4.257522E-06
3.704065E+03	3.076536E-05	4.246562E-06
3.704263E+03	3.086410E-05	4.259939E-06
3.704461E+03	3.074504E-05	4.243255E-06
3.704659E+03	3.083662E-05	4.255643E-06
3.704858E+03	3.082022E-05	4.253126E-06
3.705452E+03	3.089697E-05	4.262962E-06
3.706245E+03	3.102056E-05	4.279002E-06
3.706443E+03	3.107333E-05	4.286027E-06
3.706641E+03	3.114061E-05	4.295053E-06
3.706839E+03	3.118440E-05	4.300839E-06
3.707037E+03	3.126079E-05	4.311119E-06
3.707235E+03	3.121176E-05	4.304103E-06
3.707433E+03	3.122966E-05	4.306316E-06
3.707631E+03	3.144073E-05	4.335165E-06
3.707829E+03	3.168337E-05	4.368362E-06
3.708027E+03	3.178178E-05	4.381671E-06
3.708819E+03	3.200613E-05	4.411557E-06
3.709017E+03	3.225368E-05	4.445415E-06
3.709215E+03	3.251230E-05	4.480794E-06
3.709611E+03	3.270052E-05	4.506201E-06
3.709809E+03	3.292501E-05	4.536869E-06
3.710008E+03	3.284471E-05	4.525535E-06
3.710206E+03	3.281287E-05	4.520880E-06
3.710404E+03	3.279556E-05	4.518227E-06
3.711394E+03	3.298770E-05	4.543354E-06
3.711592E+03	3.306218E-05	4.553343E-06
3.711790E+03	3.307955E-05	4.555464E-06
3.711989E+03	3.311582E-05	4.560188E-06
3.712187E+03	3.330606E-05	4.586113E-06
3.712384E+03	3.356280E-05	4.621193E-06
3.713374E+03	3.359258E-05	4.623924E-06
3.713572E+03	3.385299E-05	4.659492E-06
3.713770E+03	3.407999E-05	4.690458E-06
3.714167E+03	3.426877E-05	4.715880E-06
3.714365E+03	3.436109E-05	4.728305E-06
3.714563E+03	3.447671E-05	4.743933E-06
3.714761E+03	3.448541E-05	4.744849E-06
3.714959E+03	3.447695E-05	4.743405E-06
3.715157E+03	3.456579E-05	4.755346E-06
3.715355E+03	3.467428E-05	4.769989E-06
3.715751E+03	3.469727E-05	4.772586E-06
3.716345E+03	3.486823E-05	4.795247E-06
3.716543E+03	3.504450E-05	4.819203E-06
3.716939E+03	3.509780E-05	4.825961E-06
3.717335E+03	3.509894E-05	4.825545E-06
3.717930E+03	3.523988E-05	4.844060E-06
3.718128E+03	3.544996E-05	4.872648E-06
3.718326E+03	3.543676E-05	4.870544E-06
3.718524E+03	3.529980E-05	4.851432E-06
3.718722E+03	3.551565E-05	4.880808E-06
3.718921E+03	3.551298E-05	4.880150E-06
3.719119E+03	3.531547E-05	4.852721E-06
3.720307E+03	3.550533E-05	4.877073E-06
3.720505E+03	3.560879E-05	4.890995E-06
3.720703E+03	3.568081E-05	4.900596E-06
3.721099E+03	3.581755E-05	4.918793E-06
3.721297E+03	3.602954E-05	4.947611E-06
3.721495E+03	3.608693E-05	4.955198E-06
3.721694E+03	3.619697E-05	4.970012E-06
3.721892E+03	3.639692E-05	4.997169E-06
3.722090E+03	3.653130E-05	5.015322E-06
3.722288E+03	3.644511E-05	5.003191E-06
3.722684E+03	3.649645E-05	5.009645E-06
3.722882E+03	3.670426E-05	5.037870E-06
3.723080E+03	3.681909E-05	5.053332E-06
3.723674E+03	3.682974E-05	5.053892E-06
3.723872E+03	3.674708E-05	5.042250E-06
3.724070E+03	3.675825E-05	5.043483E-06
3.724267E+03	3.691809E-05	5.065115E-06
3.724466E+03	3.709919E-05	5.089658E-06
3.724663E+03	3.691004E-05	5.063409E-06
3.725257E+03	3.697236E-05	5.071053E-06
3.725456E+03	3.683397E-05	5.051772E-06
3.725654E+03	3.681583E-05	5.048984E-06
3.725853E+03	3.686886E-05	5.055955E-06
3.726051E+03	3.684196E-05	5.051966E-06
3.726249E+03	3.684939E-05	5.052685E-06
3.726447E+03	3.683682E-05	5.050661E-06
3.726645E+03	3.690796E-05	5.060113E-06
3.727041E+03	3.695907E-05	5.066519E-06
3.727239E+03	3.694212E-05	5.063893E-06
3.727833E+03	3.719790E-05	5.098046E-06
3.728031E+03	3.731188E-05	5.113363E-06
3.728625E+03	3.742414E-05	5.127832E-06
3.729021E+03	3.757917E-05	5.148462E-06
3.729219E+03	3.761377E-05	5.152895E-06
3.729418E+03	3.768164E-05	5.161887E-06
3.729616E+03	3.772194E-05	5.167101E-06
3.730012E+03	3.780762E-05	5.178220E-06
3.730408E+03	3.789463E-05	5.189520E-06
3.731002E+03	3.805242E-05	5.210198E-06
3.731200E+03	3.816784E-05	5.225690E-06
3.731596E+03	3.822747E-05	5.233232E-06
3.731992E+03	3.826824E-05	5.238190E-06
3.732190E+03	3.835047E-05	5.249133E-06
3.732388E+03	3.847630E-05	5.266042E-06
3.733380E+03	3.845802E-05	5.261972E-06
3.733578E+03	3.831149E-05	5.241611E-06
3.733776E+03	3.849197E-05	5.265990E-06
3.733974E+03	3.860737E-05	5.281464E-06
3.734568E+03	3.869996E-05	5.293184E-06
3.734766E+03	3.882128E-05	5.309461E-06
3.734964E+03	3.871188E-05	5.294184E-06
3.735162E+03	3.887768E-05	5.316541E-06
3.735360E+03	3.892111E-05	5.322163E-06
3.735558E+03	3.883510E-05	5.310085E-06
3.735954E+03	3.893407E-05	5.322984E-06
3.736152E+03	3.898010E-05	5.328959E-06
3.736349E+03	3.915709E-05	5.352839E-06
3.736548E+03	3.940348E-05	5.386198E-06
3.736745E+03	3.938039E-05	5.382722E-06
3.736943E+03	3.941005E-05	5.386456E-06
3.737538E+03	3.951382E-05	5.399673E-06
3.737736E+03	3.953209E-05	5.401848E-06
3.738330E+03	3.959202E-05	5.409069E-06
3.738528E+03	3.972769E-05	5.427282E-06
3.738726E+03	3.980602E-05	5.437658E-06
3.738924E+03	3.984291E-05	5.442372E-06
3.739122E+03	3.983061E-05	5.440368E-06
3.739320E+03	3.978125E-05	5.433302E-06
3.739518E+03	3.984115E-05	5.441159E-06
3.740113E+03	3.992575E-05	5.451735E-06
3.740311E+03	3.993391E-05	5.452524E-06
3.741302E+03	4.001436E-05	5.461880E-06
3.741500E+03	3.997056E-05	5.455576E-06
3.741698E+03	3.995431E-05	5.453033E-06
3.741896E+03	4.000479E-05	5.459596E-06
3.742094E+03	4.005978E-05	5.466775E-06
3.742292E+03	3.999792E-05	5.458008E-06
3.742688E+03	3.998652E-05	5.455801E-06
3.742886E+03	4.004606E-05	5.463598E-06
3.743084E+03	4.014100E-05	5.476224E-06
3.743282E+03	4.015944E-05	5.478413E-06
3.743678E+03	4.016478E-05	5.478487E-06
3.744272E+03	4.031938E-05	5.498590E-06
3.745065E+03	4.062700E-05	5.539218E-06
3.745263E+03	4.066496E-05	5.544063E-06
3.745659E+03	4.070799E-05	5.549267E-06
3.745857E+03	4.079833E-05	5.561250E-06
3.746253E+03	4.080523E-05	5.561526E-06
3.746451E+03	4.085170E-05	5.567527E-06
3.747442E+03	4.088548E-05	5.570465E-06
3.747640E+03	4.102212E-05	5.588748E-06
3.748630E+03	4.123454E-05	5.616010E-06
3.748828E+03	4.132282E-05	5.627698E-06
3.749026E+03	4.146509E-05	5.646737E-06
3.749225E+03	4.166402E-05	5.673485E-06
3.749620E+03	4.190611E-05	5.705771E-06
3.750214E+03	4.215977E-05	5.739280E-06
3.750412E+03	4.220686E-05	5.745346E-06
3.750610E+03	4.225722E-05	5.751858E-06
3.750808E+03	4.242039E-05	5.773722E-06
3.751006E+03	4.251324E-05	5.786013E-06
3.751204E+03	4.264397E-05	5.803458E-06
3.751402E+03	4.279045E-05	5.823045E-06
3.751600E+03	4.277906E-05	5.821147E-06
3.751798E+03	4.276698E-05	5.819155E-06
3.751996E+03	4.267324E-05	5.806053E-06
3.752194E+03	4.276174E-05	5.817746E-06
3.752591E+03	4.278980E-05	5.820868E-06
3.752987E+03	4.290949E-05	5.836451E-06
3.753185E+03	4.287774E-05	5.831783E-06
3.753780E+03	4.280663E-05	5.821065E-06
3.753978E+03	4.279311E-05	5.818878E-06
3.754572E+03	4.301296E-05	5.847722E-06
3.754770E+03	4.295352E-05	5.839293E-06
3.754968E+03	4.280343E-05	5.818540E-06
3.755166E+03	4.282661E-05	5.821342E-06
3.755364E+03	4.266386E-05	5.798873E-06
3.755760E+03	4.261416E-05	5.791425E-06
3.755958E+03	4.263466E-05	5.793864E-06
3.756156E+03	4.275780E-05	5.810250E-06
3.756354E+03	4.288759E-05	5.827538E-06
3.756949E+03	4.295067E-05	5.835061E-06
3.757147E+03	4.293369E-05	5.832405E-06
3.757543E+03	4.296170E-05	5.835511E-06
3.757741E+03	4.294403E-05	5.832761E-06
3.757939E+03	4.304052E-05	5.845517E-06
3.758533E+03	4.309447E-05	5.851792E-06
3.758929E+03	4.300816E-05	5.839373E-06
3.759127E+03	4.298775E-05	5.836252E-06
3.759721E+03	4.306213E-05	5.845300E-06
3.759919E+03	4.312050E-05	5.852873E-06
3.760117E+03	4.319082E-05	5.862066E-06
3.760315E+03	4.313327E-05	5.853905E-06
3.760514E+03	4.303193E-05	5.839800E-06
3.760713E+03	4.297568E-05	5.831815E-06
3.761108E+03	4.304141E-05	5.840036E-06
3.761307E+03	4.304939E-05	5.840768E-06
3.762494E+03	4.306330E-05	5.840555E-06
3.762692E+03	4.291223E-05	5.819717E-06
3.763088E+03	4.298394E-05	5.828744E-06
3.763286E+03	4.293657E-05	5.821971E-06
3.763880E+03	4.295688E-05	5.823677E-06
3.764277E+03	4.297997E-05	5.826107E-06
3.764475E+03	4.299385E-05	5.827640E-06
3.764871E+03	4.297086E-05	5.823825E-06
3.765267E+03	4.298187E-05	5.824618E-06
3.765465E+03	4.307929E-05	5.837470E-06
3.765663E+03	4.317077E-05	5.849514E-06
3.765861E+03	4.314722E-05	5.845973E-06
3.766059E+03	4.318522E-05	5.850770E-06
3.766257E+03	4.316967E-05	5.848312E-06
3.766653E+03	4.314323E-05	5.844028E-06
3.767445E+03	4.317799E-05	5.847333E-06
3.767644E+03	4.323019E-05	5.854049E-06
3.767842E+03	4.323267E-05	5.854034E-06
3.768040E+03	4.320428E-05	5.849838E-06
3.768239E+03	4.321277E-05	5.850637E-06
3.768437E+03	4.325891E-05	5.856531E-06
3.768635E+03	4.326407E-05	5.856878E-06
3.768833E+03	4.328468E-05	5.859317E-06
3.769031E+03	4.328377E-05	5.858842E-06
3.769229E+03	4.330708E-05	5.861645E-06
3.769427E+03	4.336407E-05	5.869005E-06
3.769625E+03	4.343452E-05	5.878188E-06
3.769823E+03	4.345115E-05	5.880086E-06
3.770021E+03	4.344689E-05	5.879156E-06
3.770219E+03	4.359561E-05	5.898926E-06
3.770417E+03	4.368037E-05	5.910040E-06
3.770615E+03	4.377462E-05	5.922436E-06
3.770813E+03	4.371579E-05	5.914122E-06
3.771011E+03	4.372439E-05	5.914930E-06
3.771209E+03	4.377957E-05	5.922038E-06
3.771407E+03	4.366461E-05	5.906132E-06
3.771605E+03	4.374140E-05	5.916165E-06
3.771803E+03	4.377431E-05	5.920259E-06
3.772002E+03	4.374100E-05	5.915399E-06
3.772200E+03	4.375161E-05	5.916478E-06
3.772397E+03	4.383864E-05	5.927893E-06
3.772596E+03	4.393251E-05	5.940227E-06
3.773387E+03	4.398799E-05	5.946300E-06
3.773585E+03	4.401966E-05	5.950224E-06
3.773981E+03	4.413186E-05	5.964674E-06
3.774377E+03	4.420755E-05	5.974184E-06
3.774576E+03	4.434869E-05	5.992896E-06
3.774774E+03	4.451495E-05	6.015001E-06
3.774972E+03	4.455225E-05	6.019679E-06
3.775170E+03	4.450052E-05	6.012328E-06
3.775368E+03	4.454053E-05	6.017373E-06
3.775566E+03	4.445204E-05	6.005056E-06
3.776161E+03	4.446455E-05	6.005662E-06
3.776359E+03	4.451275E-05	6.011810E-06
3.776557E+03	4.456642E-05	6.018698E-06
3.776755E+03	4.449951E-05	6.009299E-06
3.777151E+03	4.442212E-05	5.998126E-06
3.777349E+03	4.450308E-05	6.008697E-06
3.777547E+03	4.461822E-05	6.023880E-06
3.777745E+03	4.455730E-05	6.015293E-06
3.777943E+03	4.455711E-05	6.014906E-06
3.778141E+03	4.462454E-05	6.023645E-06
3.778537E+03	4.472805E-05	6.036891E-06
3.778735E+03	4.485232E-05	6.053300E-06
3.779131E+03	4.489036E-05	6.057704E-06
3.779527E+03	4.483256E-05	6.049176E-06
3.779726E+03	4.481183E-05	6.046016E-06
3.779924E+03	4.482672E-05	6.047660E-06
3.780122E+03	4.486970E-05	6.053094E-06
3.781112E+03	4.484327E-05	6.047707E-06
3.781310E+03	4.477094E-05	6.037590E-06
3.781905E+03	4.477497E-05	6.037040E-06
3.782103E+03	4.480631E-05	6.040902E-06
3.782499E+03	4.501006E-05	6.067641E-06
3.782697E+03	4.496164E-05	6.060748E-06
3.782895E+03	4.492213E-05	6.055057E-06
3.783093E+03	4.504925E-05	6.071826E-06
3.783291E+03	4.517576E-05	6.088510E-06
3.783886E+03	4.517989E-05	6.087966E-06
3.784084E+03	4.522724E-05	6.093979E-06
3.784282E+03	4.523321E-05	6.094417E-06
3.784479E+03	4.524401E-05	6.095506E-06
3.784678E+03	4.515536E-05	6.083194E-06
3.784876E+03	4.517372E-05	6.085301E-06
3.785073E+03	4.515615E-05	6.082569E-06
3.785272E+03	4.517312E-05	6.084487E-06
3.785469E+03	4.521015E-05	6.089109E-06
3.785667E+03	4.516489E-05	6.082647E-06
3.785865E+03	4.511543E-05	6.075619E-06
3.786261E+03	4.499978E-05	6.059314E-06
3.786459E+03	4.486777E-05	6.041175E-06
3.786657E+03	4.487215E-05	6.041400E-06
3.786855E+03	4.490772E-05	6.045825E-06
3.787053E+03	4.492112E-05	6.047264E-06
3.787251E+03	4.483812E-05	6.035727E-06
3.787449E+03	4.478975E-05	6.028851E-06
3.788044E+03	4.474160E-05	6.021280E-06
3.788242E+03	4.478341E-05	6.026543E-06
3.788441E+03	4.480584E-05	6.029197E-06
3.788639E+03	4.477399E-05	6.024548E-06
3.788837E+03	4.487214E-05	6.037389E-06
3.789233E+03	4.498163E-05	6.051391E-06
3.789431E+03	4.506252E-05	6.061907E-06
3.789629E+03	4.505364E-05	6.060347E-06
3.790025E+03	4.507834E-05	6.062937E-06
3.790223E+03	4.511194E-05	6.067091E-06
3.790421E+03	4.507723E-05	6.062057E-06
3.790619E+03	4.498391E-05	6.049141E-06
3.791015E+03	4.504690E-05	6.056881E-06
3.791213E+03	4.509516E-05	6.063004E-06
3.791412E+03	4.507292E-05	6.059648E-06
3.791610E+03	4.509117E-05	6.061736E-06
3.791808E+03	4.518629E-05	6.074156E-06
3.792006E+03	4.524441E-05	6.081602E-06
3.792798E+03	4.521055E-05	6.075583E-06
3.793392E+03	4.511968E-05	6.062274E-06
3.793590E+03	4.518909E-05	6.071232E-06
3.793986E+03	4.529293E-05	6.084449E-06
3.794184E+03	4.538488E-05	6.096433E-06
3.794382E+03	4.539830E-05	6.097867E-06
3.794580E+03	4.551350E-05	6.112972E-06
3.794976E+03	4.548489E-05	6.108390E-06
3.795174E+03	4.550322E-05	6.110483E-06
3.795572E+03	4.562368E-05	6.125916E-06
3.795770E+03	4.576163E-05	6.144069E-06
3.795968E+03	4.567451E-05	6.132001E-06
3.796166E+03	4.574921E-05	6.141658E-06
3.796364E+03	4.568806E-05	6.133079E-06
3.796561E+03	4.559237E-05	6.119866E-06
3.796759E+03	4.565159E-05	6.127444E-06
3.796958E+03	4.572213E-05	6.136539E-06
3.797155E+03	4.572641E-05	6.136744E-06
3.797354E+03	4.568557E-05	6.130892E-06
3.797551E+03	4.566091E-05	6.127214E-06
3.797749E+03	4.564471E-05	6.124670E-06
3.798343E+03	4.568427E-05	6.128866E-06
3.798541E+03	4.569205E-05	6.129538E-06
3.798739E+03	4.579665E-05	6.143199E-06
3.798937E+03	4.578535E-05	6.141312E-06
3.799136E+03	4.571463E-05	6.131456E-06
3.799334E+03	4.572097E-05	6.131935E-06
3.799532E+03	4.570749E-05	6.129756E-06
3.799730E+03	4.565647E-05	6.122544E-06
3.800720E+03	4.576950E-05	6.135845E-06
3.800918E+03	4.583256E-05	6.143927E-06
3.801116E+03	4.585662E-05	6.146780E-06
3.801314E+03	4.587996E-05	6.149537E-06
3.801512E+03	4.600629E-05	6.166097E-06
3.801908E+03	4.599770E-05	6.164200E-06
3.802106E+03	4.593368E-05	6.155248E-06
3.802305E+03	4.588178E-05	6.147918E-06
3.802503E+03	4.590443E-05	6.150581E-06
3.803098E+03	4.596175E-05	6.157144E-06
3.803692E+03	4.598275E-05	6.158839E-06
3.803890E+03	4.605889E-05	6.168663E-06
3.804088E+03	4.612367E-05	6.176965E-06
3.804286E+03	4.605366E-05	6.167216E-06
3.804484E+03	4.610633E-05	6.173895E-06
3.804682E+03	4.613046E-05	6.176752E-06
3.804880E+03	4.618959E-05	6.184295E-06
3.805078E+03	4.631018E-05	6.200066E-06
3.805672E+03	4.641856E-05	6.213447E-06
3.805870E+03	4.642206E-05	6.213538E-06
3.806068E+03	4.636833E-05	6.205971E-06
3.806266E+03	4.617503E-05	6.179725E-06
3.806662E+03	4.594056E-05	6.147600E-06
3.806860E+03	4.576194E-05	6.123327E-06
3.807059E+03	4.556601E-05	6.096741E-06
3.807257E+03	4.528110E-05	6.058252E-06
3.807455E+03	4.522753E-05	6.050719E-06
3.807653E+03	4.509935E-05	6.033205E-06
3.807851E+03	4.513823E-05	6.038040E-06
3.808049E+03	4.495539E-05	6.013217E-06
3.808247E+03	4.483845E-05	5.997212E-06
3.808444E+03	4.478174E-05	5.989267E-06
3.808642E+03	4.479899E-05	5.991209E-06
3.809237E+03	4.484937E-05	5.996855E-06
3.809831E+03	4.484357E-05	5.994989E-06
3.810029E+03	4.469452E-05	5.974701E-06
3.810227E+03	4.457920E-05	5.958924E-06
3.810425E+03	4.448687E-05	5.946221E-06
3.810623E+03	4.430944E-05	5.922146E-06
3.811020E+03	4.433636E-05	5.925025E-06
3.811218E+03	4.434044E-05	5.925211E-06
3.811416E+03	4.428607E-05	5.917587E-06
3.811812E+03	4.431440E-05	5.920654E-06
3.812010E+03	4.417979E-05	5.902312E-06
3.812208E+03	4.402269E-05	5.880967E-06
3.812406E+03	4.399483E-05	5.876889E-06
3.812604E+03	4.384117E-05	5.856008E-06
3.812802E+03	4.389639E-05	5.863027E-06
3.813000E+03	4.375633E-05	5.843966E-06
3.813198E+03	4.370154E-05	5.836294E-06
3.813792E+03	4.362968E-05	5.825637E-06
3.813990E+03	4.354578E-05	5.814081E-06
3.814188E+03	4.344733E-05	5.800584E-06
3.814386E+03	4.340534E-05	5.794626E-06
3.814584E+03	4.326906E-05	5.776082E-06
3.814783E+03	4.331332E-05	5.781639E-06
3.814981E+03	4.318704E-05	5.764434E-06
3.815179E+03	4.301714E-05	5.741407E-06
3.815377E+03	4.300252E-05	5.739108E-06
3.815575E+03	4.303873E-05	5.743591E-06
3.815773E+03	4.294778E-05	5.731106E-06
3.815971E+03	4.276304E-05	5.706106E-06
3.816170E+03	4.259057E-05	5.682747E-06
3.816368E+03	4.253938E-05	5.675572E-06
3.816566E+03	4.246343E-05	5.665094E-06
3.816764E+03	4.239614E-05	5.655774E-06
3.816962E+03	4.228948E-05	5.641203E-06
3.817160E+03	4.220098E-05	5.629055E-06
3.817358E+03	4.210438E-05	5.615828E-06
3.817556E+03	4.196910E-05	5.597446E-06
3.817754E+03	4.182645E-05	5.578081E-06
3.818348E+03	4.164739E-05	5.553189E-06
3.818547E+03	4.167009E-05	5.555878E-06
3.819141E+03	4.167465E-05	5.555474E-06
3.819735E+03	4.156219E-05	5.539471E-06
3.820131E+03	4.152851E-05	5.534311E-06
3.820329E+03	4.141942E-05	5.519437E-06
3.820526E+03	4.131905E-05	5.505728E-06
3.820724E+03	4.128598E-05	5.500988E-06
3.820923E+03	4.134152E-05	5.508052E-06
3.821120E+03	4.139124E-05	5.514342E-06
3.821319E+03	4.140726E-05	5.516139E-06
3.821516E+03	4.142108E-05	5.517647E-06
3.821714E+03	4.152806E-05	5.531561E-06
3.821912E+03	4.149569E-05	5.526913E-06
3.822110E+03	4.142292E-05	5.516884E-06
3.822308E+03	4.142792E-05	5.517215E-06
3.822507E+03	4.135433E-05	5.507080E-06
3.822705E+03	4.131669E-05	5.501732E-06
3.822903E+03	4.127093E-05	5.495305E-06
3.823102E+03	4.134724E-05	5.505129E-06
3.823498E+03	4.134979E-05	5.504799E-06
3.823696E+03	4.136797E-05	5.506885E-06
3.823894E+03	4.136334E-05	5.505933E-06
3.824686E+03	4.131158E-05	5.497705E-06
3.824884E+03	4.134302E-05	5.501554E-06
3.825082E+03	4.130293E-05	5.495885E-06
3.825676E+03	4.126295E-05	5.489562E-06
3.825874E+03	4.128551E-05	5.492230E-06
3.826072E+03	4.134135E-05	5.499322E-06
3.826469E+03	4.120915E-05	5.481070E-06
3.826667E+03	4.110751E-05	5.467218E-06
3.826865E+03	4.098656E-05	5.450800E-06
3.827657E+03	4.100695E-05	5.452184E-06
3.827855E+03	4.110500E-05	5.464887E-06
3.828053E+03	4.108233E-05	5.461541E-06
3.828251E+03	4.117823E-05	5.473956E-06
3.828845E+03	4.106785E-05	5.458285E-06
3.829043E+03	4.098052E-05	5.446346E-06
3.829241E+03	4.087161E-05	5.431541E-06
3.829439E+03	4.078565E-05	5.419788E-06
3.830233E+03	4.095056E-05	5.440373E-06
3.830431E+03	4.071050E-05	5.408152E-06
3.830629E+03	4.062799E-05	5.396862E-06
3.830827E+03	4.061912E-05	5.395354E-06
3.831025E+03	4.070180E-05	5.406007E-06
3.831223E+03	4.074133E-05	5.410928E-06
3.831421E+03	4.072723E-05	5.408726E-06
3.831619E+03	4.061776E-05	5.393858E-06
3.832015E+03	4.066252E-05	5.399143E-06
3.832213E+03	4.045369E-05	5.371088E-06
3.832411E+03	4.037754E-05	5.360650E-06
3.832609E+03	4.032894E-05	5.353872E-06
3.832806E+03	4.017429E-05	5.333017E-06
3.833202E+03	4.016948E-05	5.331729E-06
3.833401E+03	4.018350E-05	5.333262E-06
3.833598E+03	4.006819E-05	5.317636E-06
3.833796E+03	4.007545E-05	5.318275E-06
3.833994E+03	4.013280E-05	5.325561E-06
3.834193E+03	4.007124E-05	5.317067E-06
3.834391E+03	4.002534E-05	5.310652E-06
3.834589E+03	3.992177E-05	5.296588E-06
3.834787E+03	3.986530E-05	5.288772E-06
3.834985E+03	3.990091E-05	5.293174E-06
3.835579E+03	3.978446E-05	5.276760E-06
3.835777E+03	3.974733E-05	5.271513E-06
3.836569E+03	3.967584E-05	5.260747E-06
3.836767E+03	3.960704E-05	5.251304E-06
3.836966E+03	3.963894E-05	5.255211E-06
3.837560E+03	3.967284E-05	5.258741E-06
3.837758E+03	3.959185E-05	5.247686E-06
3.837957E+03	3.955672E-05	5.242709E-06
3.838353E+03	3.958276E-05	5.245520E-06
3.838947E+03	3.936931E-05	5.216278E-06
3.839145E+03	3.926236E-05	5.201790E-06
3.839343E+03	3.924814E-05	5.199587E-06
3.839739E+03	3.920300E-05	5.192973E-06
3.839937E+03	3.920607E-05	5.193062E-06
3.840135E+03	3.912985E-05	5.182649E-06
3.840333E+03	3.917291E-05	5.188036E-06
3.840531E+03	3.924094E-05	5.196729E-06
3.840729E+03	3.922057E-05	5.193713E-06
3.840927E+03	3.922968E-05	5.194602E-06
3.841125E+03	3.917449E-05	5.186976E-06
3.841323E+03	3.913438E-05	5.181349E-06
3.841521E+03	3.913210E-05	5.180731E-06
3.841719E+03	3.925622E-05	5.196845E-06
3.841918E+03	3.935165E-05	5.209160E-06
3.842116E+03	3.946377E-05	5.223683E-06
3.842314E+03	3.953430E-05	5.232699E-06
3.842512E+03	3.961473E-05	5.243023E-06
3.842710E+03	3.976116E-05	5.262081E-06
3.842908E+03	3.968315E-05	5.251436E-06
3.843700E+03	3.974426E-05	5.258236E-06
3.843899E+03	3.970491E-05	5.252708E-06
3.845087E+03	3.971664E-05	5.252331E-06
3.845483E+03	3.982486E-05	5.265997E-06
3.845681E+03	3.986070E-05	5.270416E-06
3.846275E+03	3.976556E-05	5.256871E-06
3.846473E+03	3.975261E-05	5.254837E-06
3.846671E+03	3.961301E-05	5.236063E-06
3.846869E+03	3.973200E-05	5.251470E-06
3.847067E+03	3.968846E-05	5.245394E-06
3.847265E+03	3.976785E-05	5.255564E-06
3.847463E+03	3.956693E-05	5.228692E-06
3.848057E+03	3.949020E-05	5.217593E-06
3.848255E+03	3.937076E-05	5.201493E-06
3.848453E+03	3.928719E-05	5.190135E-06
3.848651E+03	3.923496E-05	5.182917E-06
3.848849E+03	3.915895E-05	5.172559E-06
3.849245E+03	3.917834E-05	5.174487E-06
3.849443E+03	3.917501E-05	5.173730E-06
3.849642E+03	3.909657E-05	5.163054E-06
3.849840E+03	3.904030E-05	5.155307E-06
3.850038E+03	3.909902E-05	5.162745E-06
3.850236E+03	3.908030E-05	5.159956E-06
3.850434E+03	3.899785E-05	5.148755E-06
3.850632E+03	3.897370E-05	5.145252E-06
3.850831E+03	3.884746E-05	5.128269E-06
3.851029E+03	3.880480E-05	5.122324E-06
3.851227E+03	3.880668E-05	5.122258E-06
3.851425E+03	3.894610E-05	5.140346E-06
3.851623E+03	3.901104E-05	5.148601E-06
3.851821E+03	3.920289E-05	5.173604E-06
3.852019E+03	3.918410E-05	5.170806E-06
3.852217E+03	3.912064E-05	5.162116E-06
3.852415E+03	3.915106E-05	5.165813E-06
3.852613E+03	3.934009E-05	5.190436E-06
3.852811E+03	3.931819E-05	5.187229E-06
3.853009E+03	3.953048E-05	5.214916E-06
3.853405E+03	3.955151E-05	5.217050E-06
3.853604E+03	3.961985E-05	5.225745E-06
3.854396E+03	3.947434E-05	5.205275E-06
3.854594E+03	3.950953E-05	5.209596E-06
3.854990E+03	3.949030E-05	5.206420E-06
3.855188E+03	3.943197E-05	5.198411E-06
3.855386E+03	3.935504E-05	5.187952E-06
3.855584E+03	3.920304E-05	5.167596E-06
3.855782E+03	3.909503E-05	5.153043E-06
3.855980E+03	3.918740E-05	5.164900E-06
3.856178E+03	3.934485E-05	5.185334E-06
3.856376E+03	3.929794E-05	5.178834E-06
3.856574E+03	3.924326E-05	5.171310E-06
3.856771E+03	3.911182E-05	5.153675E-06
3.856970E+03	3.889891E-05	5.125304E-06
3.857167E+03	3.888047E-05	5.122561E-06
3.857564E+03	3.899484E-05	5.136998E-06
3.857763E+03	3.891903E-05	5.126696E-06
3.857961E+03	3.896655E-05	5.132639E-06
3.858159E+03	3.891235E-05	5.125186E-06
3.858357E+03	3.883327E-05	5.114456E-06
3.858753E+03	3.887623E-05	5.119485E-06
3.858951E+03	3.887712E-05	5.119288E-06
3.859149E+03	3.889666E-05	5.121546E-06
3.859941E+03	3.900296E-05	5.134281E-06
3.860139E+03	3.907006E-05	5.142797E-06
3.860535E+03	3.897132E-05	5.129170E-06
3.860733E+03	3.880614E-05	5.107115E-06
3.860931E+03	3.860420E-05	5.080226E-06
3.861129E+03	3.853786E-05	5.071184E-06
3.861328E+03	3.852765E-05	5.069529E-06
3.861526E+03	3.841752E-05	5.054728E-06
3.861724E+03	3.833232E-05	5.043207E-06
3.862912E+03	3.846121E-05	5.058297E-06
3.863308E+03	3.850787E-05	5.063811E-06
3.863506E+03	3.848895E-05	5.061012E-06
3.863704E+03	3.858668E-05	5.073550E-06
3.863902E+03	3.854739E-05	5.068072E-06
3.864496E+03	3.861437E-05	5.075942E-06
3.864695E+03	3.869193E-05	5.085823E-06
3.864893E+03	3.874672E-05	5.092711E-06
3.865091E+03	3.874112E-05	5.091661E-06
3.865290E+03	3.869545E-05	5.085346E-06
3.865488E+03	3.876520E-05	5.094199E-06
3.865884E+03	3.884195E-05	5.103656E-06
3.866082E+03	3.883474E-05	5.102395E-06
3.866280E+03	3.874420E-05	5.090186E-06
3.866478E+03	3.873382E-05	5.088509E-06
3.866676E+03	3.876041E-05	5.091688E-06
3.866874E+03	3.873428E-05	5.087941E-06
3.867072E+03	3.893323E-05	5.113760E-06
3.867468E+03	3.897157E-05	5.118165E-06
3.867666E+03	3.889660E-05	5.108005E-06
3.868457E+03	3.893853E-05	5.112253E-06
3.868656E+03	3.927212E-05	5.155731E-06
3.868853E+03	3.945120E-05	5.178923E-06
3.869053E+03	3.947328E-05	5.181501E-06
3.869250E+03	3.954117E-05	5.190094E-06
3.869448E+03	3.952932E-05	5.188218E-06
3.869646E+03	3.956011E-05	5.191939E-06
3.869844E+03	3.969604E-05	5.209459E-06
3.870042E+03	3.989215E-05	5.234872E-06
3.870240E+03	4.003855E-05	5.253759E-06
3.870438E+03	4.008928E-05	5.260091E-06
3.870636E+03	4.019545E-05	5.273697E-06
3.871032E+03	4.023531E-05	5.278276E-06
3.871230E+03	4.030279E-05	5.286801E-06
3.871627E+03	4.038636E-05	5.297110E-06
3.871825E+03	4.058236E-05	5.322489E-06
3.872023E+03	4.041842E-05	5.300660E-06
3.872221E+03	4.030911E-05	5.285999E-06
3.872419E+03	4.027749E-05	5.281526E-06
3.872617E+03	4.027204E-05	5.280486E-06
3.873212E+03	4.033270E-05	5.287461E-06
3.873410E+03	4.035585E-05	5.290170E-06
3.873608E+03	4.018424E-05	5.267349E-06
3.873806E+03	4.016044E-05	5.263903E-06
3.874004E+03	4.014933E-05	5.262123E-06
3.874202E+03	4.018675E-05	5.266702E-06
3.874400E+03	4.011196E-05	5.256576E-06
3.874598E+03	4.008729E-05	5.253018E-06
3.874796E+03	4.023061E-05	5.271474E-06
3.874994E+03	4.033101E-05	5.284302E-06
3.875588E+03	4.036461E-05	5.287726E-06
3.875786E+03	4.048030E-05	5.302553E-06
3.875984E+03	4.054579E-05	5.310804E-06
3.876380E+03	4.073273E-05	5.334630E-06
3.876578E+03	4.069532E-05	5.329402E-06
3.876777E+03	4.081204E-05	5.344357E-06
3.876975E+03	4.083694E-05	5.347288E-06
3.877173E+03	4.099771E-05	5.368007E-06
3.877371E+03	4.102268E-05	5.370945E-06
3.877569E+03	4.116999E-05	5.389899E-06
3.878163E+03	4.122665E-05	5.396316E-06
3.878361E+03	4.131732E-05	5.407850E-06
3.878956E+03	4.147434E-05	5.427393E-06
3.879154E+03	4.162288E-05	5.446495E-06
3.879352E+03	4.162960E-05	5.447038E-06
3.879748E+03	4.169116E-05	5.454418E-06
3.879946E+03	4.171714E-05	5.457479E-06
3.880144E+03	4.172386E-05	5.458021E-06
3.880739E+03	4.167411E-05	5.450501E-06
3.880936E+03	4.183592E-05	5.471328E-06
3.881135E+03	4.186196E-05	5.474393E-06
3.881332E+03	4.194992E-05	5.485558E-06
3.881530E+03	4.197681E-05	5.488734E-06
3.881926E+03	4.209335E-05	5.503292E-06
3.882124E+03	4.214363E-05	5.509524E-06
3.882718E+03	4.218418E-05	5.513802E-06
3.882916E+03	4.221919E-05	5.518035E-06
3.883114E+03	4.205908E-05	5.496770E-06
3.883312E+03	4.195373E-05	5.482662E-06
3.883510E+03	4.176439E-05	5.457580E-06
3.883708E+03	4.163466E-05	5.440291E-06
3.883906E+03	4.147902E-05	5.419618E-06
3.884104E+03	4.144035E-05	5.414231E-06
3.884302E+03	4.140248E-05	5.408948E-06
3.884501E+03	4.135812E-05	5.402818E-06
3.884699E+03	4.119572E-05	5.381269E-06
3.884897E+03	4.109951E-05	5.368370E-06
3.885095E+03	4.100242E-05	5.355356E-06
3.885888E+03	4.083051E-05	5.331579E-06
3.886086E+03	4.070242E-05	5.314524E-06
3.886284E+03	4.071600E-05	5.315967E-06
3.886482E+03	4.062422E-05	5.303656E-06
3.886680E+03	4.053970E-05	5.292293E-06
3.886878E+03	4.040647E-05	5.274574E-06
3.887076E+03	4.045321E-05	5.280348E-06
3.887274E+03	4.044966E-05	5.279558E-06
3.887472E+03	4.036578E-05	5.268283E-06
3.887670E+03	4.034921E-05	5.265793E-06
3.887868E+03	4.033263E-05	5.263304E-06
3.888066E+03	4.036801E-05	5.267594E-06
3.888264E+03	4.052692E-05	5.288002E-06
3.888463E+03	4.051685E-05	5.286361E-06
3.888661E+03	4.049785E-05	5.283554E-06
3.888859E+03	4.048124E-05	5.281060E-06
3.889453E+03	4.036545E-05	5.264974E-06
3.889651E+03	4.039925E-05	5.269055E-06
3.889849E+03	4.036872E-05	5.264748E-06
3.890047E+03	4.035121E-05	5.262137E-06
3.890443E+03	4.043107E-05	5.271898E-06
3.890641E+03	4.049917E-05	5.280450E-06
3.890839E+03	4.049062E-05	5.279007E-06
3.891037E+03	4.053019E-05	5.283838E-06
3.891235E+03	4.065957E-05	5.300376E-06
3.891433E+03	4.081186E-05	5.319898E-06
3.891829E+03	4.088962E-05	5.329373E-06
3.892226E+03	4.087756E-05	5.327139E-06
3.892425E+03	4.091162E-05	5.331245E-06
3.892622E+03	4.098407E-05	5.340356E-06
3.892821E+03	4.111055E-05	5.356503E-06
3.893018E+03	4.122891E-05	5.371593E-06
3.893217E+03	4.120084E-05	5.367600E-06
3.893415E+03	4.118830E-05	5.365633E-06
3.893612E+03	4.119131E-05	5.365694E-06
3.893810E+03	4.119348E-05	5.365643E-06
3.894008E+03	4.119646E-05	5.365698E-06
3.894404E+03	4.121147E-05	5.366986E-06
3.894602E+03	4.121362E-05	5.366932E-06
3.894800E+03	4.121660E-05	5.366987E-06
3.894998E+03	4.113259E-05	5.355715E-06
3.895196E+03	4.109121E-05	5.349995E-06
3.895592E+03	4.100835E-05	5.338543E-06
3.895988E+03	4.098784E-05	5.335210E-06
3.896187E+03	4.084849E-05	5.316740E-06
3.896385E+03	4.075511E-05	5.304257E-06
3.897375E+03	4.081270E-05	5.310101E-06
3.897573E+03	4.080148E-05	5.308311E-06
3.897771E+03	4.080674E-05	5.308665E-06
3.897969E+03	4.099249E-05	5.332497E-06
3.898365E+03	4.118865E-05	5.357348E-06
3.898563E+03	4.126081E-05	5.366400E-06
3.898761E+03	4.142626E-05	5.387583E-06
3.898959E+03	4.137636E-05	5.380759E-06
3.899157E+03	4.134378E-05	5.376188E-06
3.899356E+03	4.142189E-05	5.386008E-06
3.899554E+03	4.136863E-05	5.378748E-06
3.899950E+03	4.138184E-05	5.379795E-06
3.900149E+03	4.124665E-05	5.361887E-06
3.900347E+03	4.126520E-05	5.363965E-06
3.900545E+03	4.126143E-05	5.363140E-06
3.900743E+03	4.105738E-05	5.336286E-06
3.900941E+03	4.107339E-05	5.338033E-06
3.901139E+03	4.118215E-05	5.351836E-06
3.901535E+03	4.139405E-05	5.378702E-06
3.901931E+03	4.163850E-05	5.409793E-06
3.902129E+03	4.160409E-05	5.404985E-06
3.902327E+03	4.176209E-05	5.425174E-06
3.902525E+03	4.184303E-05	5.435349E-06
3.902723E+03	4.196052E-05	5.450272E-06
3.902921E+03	4.211293E-05	5.469728E-06
3.903119E+03	4.229533E-05	5.493075E-06
3.903317E+03	4.256422E-05	5.527653E-06
3.903515E+03	4.243440E-05	5.510451E-06
3.903912E+03	4.261021E-05	5.532591E-06
3.904110E+03	4.258674E-05	5.529199E-06
3.904308E+03	4.241100E-05	5.506039E-06
3.904505E+03	4.225680E-05	5.485680E-06
3.904704E+03	4.221405E-05	5.479786E-06
3.904901E+03	4.231363E-05	5.492372E-06
3.905100E+03	4.247573E-05	5.513067E-06
3.905298E+03	4.253212E-05	5.520042E-06
3.905495E+03	4.269603E-05	5.540971E-06
3.905693E+03	4.256826E-05	5.524046E-06
3.905891E+03	4.267140E-05	5.537085E-06
3.906090E+03	4.272295E-05	5.543426E-06
3.906288E+03	4.285704E-05	5.560478E-06
3.906486E+03	4.307966E-05	5.589013E-06
3.906684E+03	4.304698E-05	5.584425E-06
3.906882E+03	4.284476E-05	5.557844E-06
3.907080E+03	4.275516E-05	5.545875E-06
3.907278E+03	4.270897E-05	5.539538E-06
3.907476E+03	4.267027E-05	5.534173E-06
3.908071E+03	4.275974E-05	5.544738E-06
3.908269E+03	4.273520E-05	5.541210E-06
3.908467E+03	4.261940E-05	5.525851E-06
3.908665E+03	4.264838E-05	5.529263E-06
3.909061E+03	4.273233E-05	5.539454E-06
3.909259E+03	4.271358E-05	5.536679E-06
3.909457E+03	4.281048E-05	5.548892E-06
3.909655E+03	4.296108E-05	5.568065E-06
3.909853E+03	4.305137E-05	5.579419E-06
3.910051E+03	4.313333E-05	5.589691E-06
3.910249E+03	4.323800E-05	5.602905E-06
3.910645E+03	4.328459E-05	5.608242E-06
3.910843E+03	4.321720E-05	5.599161E-06
3.911041E+03	4.320689E-05	5.597475E-06
3.911437E+03	4.318203E-05	5.593555E-06
3.911636E+03	4.311367E-05	5.584351E-06
3.911834E+03	4.305619E-05	5.576557E-06
3.912032E+03	4.304242E-05	5.574426E-06
3.912230E+03	4.312289E-05	5.584498E-06
3.912626E+03	4.299093E-05	5.566713E-06
3.913023E+03	4.290688E-05	5.555133E-06
3.913221E+03	4.298655E-05	5.565100E-06
3.913419E+03	4.302580E-05	5.569833E-06
3.913815E+03	4.314229E-05	5.584215E-06
3.914013E+03	4.324909E-05	5.597689E-06
3.914211E+03	4.313230E-05	5.582224E-06
3.914409E+03	4.308046E-05	5.575166E-06
3.914607E+03	4.318563E-05	5.588426E-06
3.914805E+03	4.327057E-05	5.599068E-06
3.915003E+03	4.320687E-05	5.590475E-06
3.915399E+03	4.323825E-05	5.593836E-06
3.915796E+03	4.326204E-05	5.596213E-06
3.915994E+03	4.346219E-05	5.621751E-06
3.916192E+03	4.353041E-05	5.630223E-06
3.916390E+03	4.381708E-05	5.666947E-06
3.916587E+03	4.381685E-05	5.666564E-06
3.916786E+03	4.377003E-05	5.660152E-06
3.916983E+03	4.377399E-05	5.660312E-06
3.917182E+03	4.369154E-05	5.649294E-06
3.917380E+03	4.358611E-05	5.635310E-06
3.917577E+03	4.358154E-05	5.634368E-06
3.917775E+03	4.348365E-05	5.621360E-06
3.918369E+03	4.353092E-05	5.626414E-06
3.918567E+03	4.372839E-05	5.651583E-06
3.918963E+03	4.370989E-05	5.648484E-06
3.919360E+03	4.388007E-05	5.669766E-06
3.919558E+03	4.404814E-05	5.691125E-06
3.920153E+03	4.406697E-05	5.692485E-06
3.920351E+03	4.411607E-05	5.698471E-06
3.920549E+03	4.409281E-05	5.695109E-06
3.920747E+03	4.436851E-05	5.730360E-06
3.920945E+03	4.435212E-05	5.727883E-06
3.921143E+03	4.435870E-05	5.728375E-06
3.921341E+03	4.458612E-05	5.757381E-06
3.921539E+03	4.466610E-05	5.767348E-06
3.921737E+03	4.489627E-05	5.796704E-06
3.922133E+03	4.494729E-05	5.802564E-06
3.922331E+03	4.512308E-05	5.824892E-06
3.922529E+03	4.514609E-05	5.827497E-06
3.922727E+03	4.509393E-05	5.820399E-06
3.922925E+03	4.506737E-05	5.816605E-06
3.923123E+03	4.501513E-05	5.809499E-06
3.923322E+03	4.496972E-05	5.803274E-06
3.923520E+03	4.488151E-05	5.791527E-06
3.923718E+03	4.478554E-05	5.778781E-06
3.923916E+03	4.468951E-05	5.766028E-06
3.924114E+03	4.480056E-05	5.779993E-06
3.924312E+03	4.480720E-05	5.780487E-06
3.924510E+03	4.485497E-05	5.786286E-06
3.924708E+03	4.496871E-05	5.800594E-06
3.924906E+03	4.499854E-05	5.804078E-06
3.925104E+03	4.501122E-05	5.805349E-06
3.925302E+03	4.512079E-05	5.819116E-06
3.925500E+03	4.522872E-05	5.832668E-06
3.925698E+03	4.532898E-05	5.845231E-06
3.925896E+03	4.533918E-05	5.846178E-06
3.926292E+03	4.512001E-05	5.817187E-06
3.926490E+03	4.502795E-05	5.804953E-06
3.926688E+03	4.518238E-05	5.824496E-06
3.926887E+03	4.523985E-05	5.831536E-06
3.927085E+03	4.529211E-05	5.837906E-06
3.927284E+03	4.529799E-05	5.838297E-06
3.927482E+03	4.524879E-05	5.831590E-06
3.927680E+03	4.529594E-05	5.837299E-06
3.927878E+03	4.557717E-05	5.873172E-06
3.928076E+03	4.575869E-05	5.896193E-06
3.928274E+03	4.594032E-05	5.919225E-06
3.928868E+03	4.587392E-05	5.909554E-06
3.929065E+03	4.589456E-05	5.911843E-06
3.929462E+03	4.598847E-05	5.923193E-06
3.929659E+03	4.605919E-05	5.931930E-06
3.929857E+03	4.598236E-05	5.921663E-06
3.930055E+03	4.583989E-05	5.902943E-06
3.930451E+03	4.596665E-05	5.918522E-06
3.930649E+03	4.575233E-05	5.890556E-06
3.931046E+03	4.571574E-05	5.885106E-06
3.931244E+03	4.572510E-05	5.885939E-06
3.931442E+03	4.574137E-05	5.887663E-06
3.931640E+03	4.571785E-05	5.884265E-06
3.931838E+03	4.574536E-05	5.887436E-06
3.932828E+03	4.592727E-05	5.908987E-06
3.933026E+03	4.603027E-05	5.921866E-06
3.933224E+03	4.601713E-05	5.919802E-06
3.933422E+03	4.596320E-05	5.912493E-06
3.933620E+03	4.585981E-05	5.898821E-06
3.934017E+03	4.598446E-05	5.914107E-06
3.934215E+03	4.607198E-05	5.924991E-06
3.934413E+03	4.590854E-05	5.903600E-06
3.934611E+03	4.575889E-05	5.883984E-06
3.935008E+03	4.578878E-05	5.887086E-06
3.935206E+03	4.576592E-05	5.883776E-06
3.935602E+03	4.573403E-05	5.878935E-06
3.935800E+03	4.560058E-05	5.861411E-06
3.936394E+03	4.540968E-05	5.835769E-06
3.936592E+03	4.518014E-05	5.805903E-06
3.937186E+03	4.520744E-05	5.808313E-06
3.937384E+03	4.518165E-05	5.804633E-06
3.937582E+03	4.516195E-05	5.801737E-06
3.937780E+03	4.523299E-05	5.810496E-06
3.938176E+03	4.522936E-05	5.809296E-06
3.938374E+03	4.529871E-05	5.817837E-06
3.938969E+03	4.546062E-05	5.837527E-06
3.939167E+03	4.541992E-05	5.831932E-06
3.939365E+03	4.559086E-05	5.853511E-06
3.939563E+03	4.579511E-05	5.879364E-06
3.939761E+03	4.603798E-05	5.910171E-06
3.939959E+03	4.606303E-05	5.913014E-06
3.940157E+03	4.626845E-05	5.939008E-06
3.940355E+03	4.637325E-05	5.952085E-06
3.940553E+03	4.643168E-05	5.959208E-06
3.940751E+03	4.653926E-05	5.972637E-06
3.940950E+03	4.656006E-05	5.974928E-06
3.941147E+03	4.659665E-05	5.979247E-06
3.941345E+03	4.667448E-05	5.988856E-06
3.941544E+03	4.675060E-05	5.998242E-06
3.941741E+03	4.660647E-05	5.979374E-06
3.941939E+03	4.670541E-05	5.991689E-06
3.942137E+03	4.679913E-05	6.003332E-06
3.942335E+03	4.677784E-05	6.000222E-06
3.942533E+03	4.669679E-05	5.989448E-06
3.942732E+03	4.659988E-05	5.976640E-06
3.943326E+03	4.648732E-05	5.961073E-06
3.943920E+03	4.666146E-05	5.982269E-06
3.944118E+03	4.679059E-05	5.998444E-06
3.944316E+03	4.669695E-05	5.986061E-06
3.944514E+03	4.678828E-05	5.997389E-06
3.944712E+03	4.676420E-05	5.993923E-06
3.944910E+03	4.675685E-05	5.992603E-06
3.945108E+03	4.665250E-05	5.978850E-06
3.945306E+03	4.663364E-05	5.976055E-06
3.945504E+03	4.663680E-05	5.976082E-06
3.945900E+03	4.659990E-05	5.970597E-06
3.946098E+03	4.656773E-05	5.966099E-06
3.946296E+03	4.645075E-05	5.950735E-06
3.946494E+03	4.630986E-05	5.932310E-06
3.946693E+03	4.630584E-05	5.931420E-06
3.947089E+03	4.638355E-05	5.940622E-06
3.947287E+03	4.634681E-05	5.935540E-06
3.947486E+03	4.617388E-05	5.913017E-06
3.947684E+03	4.607600E-05	5.900109E-06
3.947882E+03	4.604533E-05	5.895808E-06
3.948080E+03	4.611467E-05	5.904312E-06
3.948278E+03	4.619998E-05	5.914861E-06
3.948476E+03	4.623750E-05	5.919290E-06
3.949070E+03	4.634041E-05	5.931336E-06
3.949268E+03	4.627245E-05	5.922263E-06
3.949466E+03	4.620445E-05	5.913186E-06
3.949664E+03	4.620209E-05	5.912508E-06
3.949862E+03	4.617574E-05	5.908762E-06
3.950060E+03	4.624790E-05	5.917621E-06
3.950258E+03	4.628458E-05	5.921939E-06
3.950457E+03	4.622802E-05	5.914327E-06
3.950655E+03	4.616165E-05	5.905462E-06
3.950853E+03	4.625609E-05	5.917168E-06
3.951051E+03	4.630435E-05	5.922966E-06
3.951249E+03	4.633218E-05	5.926151E-06
3.951447E+03	4.638225E-05	5.932179E-06
3.951645E+03	4.641989E-05	5.936615E-06
3.951843E+03	4.650294E-05	5.946860E-06
3.952041E+03	4.636436E-05	5.928762E-06
3.952239E+03	4.614912E-05	5.900864E-06
3.952634E+03	4.624658E-05	5.912578E-06
3.952833E+03	4.625303E-05	5.913026E-06
3.953030E+03	4.622826E-05	5.909486E-06
3.953228E+03	4.612680E-05	5.896141E-06
3.953427E+03	4.612874E-05	5.896013E-06
3.953624E+03	4.606642E-05	5.887676E-06
3.953823E+03	4.589610E-05	5.865534E-06
3.954020E+03	4.588366E-05	5.863573E-06
3.954218E+03	4.585960E-05	5.860127E-06
3.954418E+03	4.576504E-05	5.847671E-06
3.954616E+03	4.573826E-05	5.843878E-06
3.954814E+03	4.572843E-05	5.842250E-06
3.955012E+03	4.558541E-05	5.823608E-06
3.955210E+03	4.569533E-05	5.837280E-06
3.955408E+03	4.579278E-05	5.849358E-06
3.955606E+03	4.573730E-05	5.841900E-06
3.955804E+03	4.577039E-05	5.845755E-06
3.956200E+03	4.575064E-05	5.842489E-06
3.956398E+03	4.568521E-05	5.833764E-06
3.956596E+03	4.582400E-05	5.851114E-06
3.956794E+03	4.596644E-05	5.868929E-06
3.956992E+03	4.611074E-05	5.886979E-06
3.957388E+03	4.620228E-05	5.897916E-06
3.957586E+03	4.622205E-05	5.900065E-06
3.957784E+03	4.614313E-05	5.889618E-06
3.957982E+03	4.594389E-05	5.863814E-06
3.958181E+03	4.574274E-05	5.837770E-06
3.958379E+03	4.560883E-05	5.820310E-06
3.958577E+03	4.536436E-05	5.788744E-06
3.958775E+03	4.528148E-05	5.777800E-06
3.958973E+03	4.532437E-05	5.782905E-06
3.959567E+03	4.545495E-05	5.798460E-06
3.959765E+03	4.548171E-05	5.801505E-06
3.959963E+03	4.544548E-05	5.796515E-06
3.960557E+03	4.547088E-05	5.798647E-06
3.960755E+03	4.530215E-05	5.776762E-06
3.960953E+03	4.506753E-05	5.746478E-06
3.961548E+03	4.493929E-05	5.729030E-06
3.962143E+03	4.494072E-05	5.728118E-06
3.962341E+03	4.498812E-05	5.733795E-06
3.962539E+03	4.499402E-05	5.734182E-06
3.962737E+03	4.487161E-05	5.718218E-06
3.962935E+03	4.459733E-05	5.682903E-06
3.963925E+03	4.461711E-05	5.683612E-06
3.964123E+03	4.463100E-05	5.685020E-06
3.964321E+03	4.455709E-05	5.675244E-06
3.964519E+03	4.443060E-05	5.658771E-06
3.964915E+03	4.444469E-05	5.659844E-06
3.965113E+03	4.446398E-05	5.661940E-06
3.965706E+03	4.442208E-05	5.655524E-06
3.965904E+03	4.423901E-05	5.631858E-06
3.966103E+03	4.414751E-05	5.619851E-06
3.966301E+03	4.419849E-05	5.625982E-06
3.966895E+03	4.431701E-05	5.639989E-06
3.967093E+03	4.437897E-05	5.647514E-06
3.967291E+03	4.425551E-05	5.631443E-06
3.967489E+03	4.421016E-05	5.625314E-06
3.967885E+03	4.428409E-05	5.634002E-06
3.968083E+03	4.437430E-05	5.645118E-06
3.968282E+03	4.437814E-05	5.645244E-06
3.968480E+03	4.439467E-05	5.646987E-06
3.968678E+03	4.444945E-05	5.653594E-06
3.968876E+03	4.433208E-05	5.638305E-06
3.969272E+03	4.423293E-05	5.624977E-06
3.969470E+03	4.437159E-05	5.642250E-06
3.969668E+03	4.432791E-05	5.636336E-06
3.969867E+03	4.426779E-05	5.628332E-06
3.970065E+03	4.421400E-05	5.621134E-06
3.970263E+03	4.416476E-05	5.614514E-06
3.970461E+03	4.400684E-05	5.594082E-06
3.971055E+03	4.396655E-05	5.587888E-06
3.971253E+03	4.400854E-05	5.592868E-06
3.971451E+03	4.398198E-05	5.589135E-06
3.972045E+03	4.398910E-05	5.588968E-06
3.972243E+03	4.397256E-05	5.586510E-06
3.972441E+03	4.397705E-05	5.586723E-06
3.972639E+03	4.402366E-05	5.592286E-06
3.972837E+03	4.403092E-05	5.592851E-06
3.973035E+03	4.403174E-05	5.592598E-06
3.973233E+03	4.413704E-05	5.605613E-06
3.973629E+03	4.424694E-05	5.618852E-06
3.973828E+03	4.429091E-05	5.624077E-06
3.974026E+03	4.425233E-05	5.618819E-06
3.974224E+03	4.422016E-05	5.614374E-06
3.974422E+03	4.410258E-05	5.599088E-06
3.974620E+03	4.415114E-05	5.604893E-06
3.974818E+03	4.423002E-05	5.614548E-06
3.975017E+03	4.433840E-05	5.627944E-06
3.975413E+03	4.441640E-05	5.637122E-06
3.976007E+03	4.451004E-05	5.647923E-06
3.976205E+03	4.456612E-05	5.654677E-06
3.976403E+03	4.480631E-05	5.684788E-06
3.976601E+03	4.505489E-05	5.715961E-06
3.976798E+03	4.507892E-05	5.718645E-06
3.977195E+03	4.505882E-05	5.715362E-06
3.977392E+03	4.514367E-05	5.725759E-06
3.977789E+03	4.528861E-05	5.743406E-06
3.977987E+03	4.539940E-05	5.757088E-06
3.978581E+03	4.544226E-05	5.761414E-06
3.978779E+03	4.544886E-05	5.761882E-06
3.979175E+03	4.536411E-05	5.750400E-06
3.979373E+03	4.555087E-05	5.773703E-06
3.979571E+03	4.575621E-05	5.799360E-06
3.979769E+03	4.575454E-05	5.798776E-06
3.979967E+03	4.573624E-05	5.796085E-06
3.980165E+03	4.573825E-05	5.795968E-06
3.980363E+03	4.581521E-05	5.805348E-06
3.980561E+03	4.586260E-05	5.810980E-06
3.981155E+03	4.603543E-05	5.831756E-06
3.981353E+03	4.613017E-05	5.843383E-06
3.981750E+03	4.604534E-05	5.831889E-06
3.981949E+03	4.598162E-05	5.823443E-06
3.982147E+03	4.595305E-05	5.819451E-06
3.982345E+03	4.579365E-05	5.798893E-06
3.982543E+03	4.576221E-05	5.794539E-06
3.982741E+03	4.574932E-05	5.792535E-06
3.982939E+03	4.566214E-05	5.781125E-06
3.983137E+03	4.558420E-05	5.770887E-06
3.983335E+03	4.549597E-05	5.759348E-06
3.983731E+03	4.558058E-05	5.769318E-06
3.983929E+03	4.570797E-05	5.785070E-06
3.984127E+03	4.584287E-05	5.801772E-06
3.984325E+03	4.598995E-05	5.820011E-06
3.984523E+03	4.610357E-05	5.834015E-06
3.984721E+03	4.628335E-05	5.856389E-06
3.984919E+03	4.620906E-05	5.846612E-06
3.985117E+03	4.601458E-05	5.821632E-06
3.985315E+03	4.601095E-05	5.820799E-06
3.985514E+03	4.611727E-05	5.833875E-06
3.985910E+03	4.610537E-05	5.831619E-06
3.986306E+03	4.607013E-05	5.826412E-06
3.986504E+03	4.614019E-05	5.834897E-06
3.986900E+03	4.616370E-05	5.837120E-06
3.987098E+03	4.628143E-05	5.851630E-06
3.987296E+03	4.638429E-05	5.864257E-06
3.987494E+03	4.642927E-05	5.869567E-06
3.987692E+03	4.641725E-05	5.867670E-06
3.988286E+03	4.652239E-05	5.879826E-06
3.988484E+03	4.668811E-05	5.900391E-06
3.988682E+03	4.673039E-05	5.905354E-06
3.988880E+03	4.670817E-05	5.902166E-06
3.989078E+03	4.670274E-05	5.901100E-06
3.989475E+03	4.676676E-05	5.908429E-06
3.989674E+03	4.675289E-05	5.906295E-06
3.990267E+03	4.685931E-05	5.918598E-06
3.990465E+03	4.682104E-05	5.913383E-06
3.990663E+03	4.694222E-05	5.928306E-06
3.990861E+03	4.718265E-05	5.958286E-06
3.991059E+03	4.738377E-05	5.983297E-06
3.991257E+03	4.762348E-05	6.013179E-06
3.991851E+03	4.777862E-05	6.031602E-06
3.992049E+03	4.779402E-05	6.033157E-06
3.992643E+03	4.793152E-05	6.049345E-06
3.992841E+03	4.794321E-05	6.050430E-06
3.994030E+03	4.789929E-05	6.042549E-06
3.994228E+03	4.801746E-05	6.057065E-06
3.994426E+03	4.810174E-05	6.067305E-06
3.994624E+03	4.812194E-05	6.069462E-06
3.994822E+03	4.812515E-05	6.069475E-06
3.995020E+03	4.819913E-05	6.078413E-06
3.995218E+03	4.840058E-05	6.103424E-06
3.995416E+03	4.850581E-05	6.116299E-06
3.995615E+03	4.853845E-05	6.120017E-06
3.995813E+03	4.862864E-05	6.130994E-06
3.996011E+03	4.859134E-05	6.125896E-06
3.996209E+03	4.865608E-05	6.133661E-06
3.996605E+03	4.863529E-05	6.130249E-06
3.996803E+03	4.875682E-05	6.145171E-06
3.997002E+03	4.895504E-05	6.169755E-06
3.997200E+03	4.904075E-05	6.180158E-06
3.997398E+03	4.906402E-05	6.182691E-06
3.997596E+03	4.907876E-05	6.184150E-06
3.997794E+03	4.922138E-05	6.201720E-06
3.997992E+03	4.928165E-05	6.208912E-06
3.998586E+03	4.937821E-05	6.219872E-06
3.998784E+03	4.935892E-05	6.217039E-06
3.998982E+03	4.927982E-05	6.206676E-06
3.999180E+03	4.939804E-05	6.221164E-06
3.999378E+03	4.967671E-05	6.255854E-06
3.999576E+03	4.973052E-05	6.262226E-06
3.999774E+03	4.987077E-05	6.279481E-06
3.999972E+03	5.008137E-05	6.305591E-06
4.000170E+03	5.032154E-05	6.335420E-06
4.000368E+03	5.037460E-05	6.341691E-06
4.000566E+03	5.048093E-05	6.354665E-06
4.000764E+03	5.062438E-05	6.372311E-06
4.000962E+03	5.075079E-05	6.387811E-06
4.001557E+03	5.077248E-05	6.389299E-06
4.001754E+03	5.075337E-05	6.386483E-06
4.001952E+03	5.081615E-05	6.393969E-06
4.002150E+03	5.076463E-05	6.387073E-06
4.002348E+03	5.078549E-05	6.389285E-06
4.002547E+03	5.085027E-05	6.397018E-06
4.002745E+03	5.096364E-05	6.410865E-06
4.002943E+03	5.089875E-05	6.402288E-06
4.003735E+03	5.097188E-05	6.409826E-06
4.003933E+03	5.105582E-05	6.419966E-06
4.004527E+03	5.098487E-05	6.409799E-06
4.004726E+03	5.095801E-05	6.406008E-06
4.004924E+03	5.087375E-05	6.395001E-06
4.005122E+03	5.082675E-05	6.388678E-06
4.005320E+03	5.088207E-05	6.395218E-06
4.005518E+03	5.092018E-05	6.399592E-06
4.005716E+03	5.106070E-05	6.416837E-06
4.005914E+03	5.110078E-05	6.421458E-06
4.006508E+03	5.113394E-05	6.424375E-06
4.006904E+03	5.111834E-05	6.421583E-06
4.007300E+03	5.111421E-05	6.420231E-06
4.007498E+03	5.118889E-05	6.429194E-06
4.007696E+03	5.111487E-05	6.419481E-06
4.007894E+03	5.110414E-05	6.417717E-06
4.008290E+03	5.108553E-05	6.414548E-06
4.008488E+03	5.102482E-05	6.406509E-06
4.008885E+03	5.100612E-05	6.403331E-06
4.009281E+03	5.091718E-05	6.391334E-06
4.009678E+03	5.094461E-05	6.393946E-06
4.009876E+03	5.105307E-05	6.407142E-06
4.010074E+03	5.126265E-05	6.433027E-06
4.010272E+03	5.140397E-05	6.450342E-06
4.011262E+03	5.170573E-05	6.486102E-06
4.011460E+03	5.184735E-05	6.503444E-06
4.011658E+03	5.198807E-05	6.520671E-06
4.011856E+03	5.206904E-05	6.530404E-06
4.012054E+03	5.217033E-05	6.542681E-06
4.012252E+03	5.216451E-05	6.541526E-06
4.012649E+03	5.235854E-05	6.565005E-06
4.012846E+03	5.253338E-05	6.586501E-06
4.013044E+03	5.245709E-05	6.576508E-06
4.013243E+03	5.255955E-05	6.588924E-06
4.013440E+03	5.267656E-05	6.603165E-06
4.013639E+03	5.265923E-05	6.600561E-06
4.013836E+03	5.269990E-05	6.605232E-06
4.014034E+03	5.296019E-05	6.637423E-06
4.014232E+03	5.329515E-05	6.678969E-06
4.014430E+03	5.356445E-05	6.712281E-06
4.014628E+03	5.370607E-05	6.729590E-06
4.015024E+03	5.356521E-05	6.711066E-06
4.015222E+03	5.356836E-05	6.711024E-06
4.015618E+03	5.359983E-05	6.714093E-06
4.015816E+03	5.370771E-05	6.727168E-06
4.016014E+03	5.381466E-05	6.740126E-06
4.016212E+03	5.368978E-05	6.724047E-06
4.016412E+03	5.363865E-05	6.717204E-06
4.016610E+03	5.363110E-05	6.715821E-06
4.016808E+03	5.385948E-05	6.743980E-06
4.017006E+03	5.390830E-05	6.749654E-06
4.017204E+03	5.410384E-05	6.773695E-06
4.017798E+03	5.430309E-05	6.797313E-06
4.017996E+03	5.441916E-05	6.811398E-06
4.018194E+03	5.446525E-05	6.816723E-06
4.018392E+03	5.450941E-05	6.821805E-06
4.018590E+03	5.457889E-05	6.830056E-06
4.018788E+03	5.459777E-05	6.831973E-06
4.019382E+03	5.474311E-05	6.848820E-06
4.019580E+03	5.467336E-05	6.839648E-06
4.019778E+03	5.446612E-05	6.813278E-06
4.019976E+03	5.462051E-05	6.832145E-06
4.020174E+03	5.496024E-05	6.874191E-06
4.020571E+03	5.524993E-05	6.909524E-06
4.020769E+03	5.525239E-05	6.909380E-06
4.020967E+03	5.524896E-05	6.908502E-06
4.021165E+03	5.529047E-05	6.913241E-06
4.021363E+03	5.543161E-05	6.930436E-06
4.021759E+03	5.564960E-05	6.956782E-06
4.021957E+03	5.583785E-05	6.979860E-06
4.022155E+03	5.589419E-05	6.986447E-06
4.022353E+03	5.599065E-05	6.998047E-06
4.022551E+03	5.616638E-05	7.019553E-06
4.022749E+03	5.597233E-05	6.994844E-06
4.023146E+03	5.605000E-05	7.003633E-06
4.023344E+03	5.627095E-05	7.030783E-06
4.023740E+03	5.642123E-05	7.048638E-06
4.023938E+03	5.663948E-05	7.075442E-06
4.024136E+03	5.682158E-05	7.097726E-06
4.024335E+03	5.695375E-05	7.113772E-06
4.024533E+03	5.695555E-05	7.113532E-06
4.024731E+03	5.706821E-05	7.127137E-06
4.024929E+03	5.713282E-05	7.134740E-06
4.025126E+03	5.716212E-05	7.137935E-06
4.025325E+03	5.701276E-05	7.118816E-06
4.025522E+03	5.701456E-05	7.118578E-06
4.025721E+03	5.719118E-05	7.140161E-06
4.025919E+03	5.713601E-05	7.132807E-06
4.026116E+03	5.722133E-05	7.142993E-06
4.026314E+03	5.735782E-05	7.159563E-06
4.026512E+03	5.746684E-05	7.172703E-06
4.026710E+03	5.737429E-05	7.160682E-06
4.026908E+03	5.753549E-05	7.180332E-06
4.027106E+03	5.771842E-05	7.202690E-06
4.027304E+03	5.775773E-05	7.207124E-06
4.027700E+03	5.796835E-05	7.232460E-06
4.027898E+03	5.803728E-05	7.240586E-06
4.028097E+03	5.801956E-05	7.237901E-06
4.028295E+03	5.815849E-05	7.254759E-06
4.028493E+03	5.822357E-05	7.262402E-06
4.028691E+03	5.817330E-05	7.255656E-06
4.028889E+03	5.820092E-05	7.258626E-06
4.029285E+03	5.831047E-05	7.271336E-06
4.029483E+03	5.827101E-05	7.265940E-06
4.029681E+03	5.820191E-05	7.256848E-06
4.029879E+03	5.806264E-05	7.239010E-06
4.030078E+03	5.803697E-05	7.235333E-06
4.030474E+03	5.795380E-05	7.224018E-06
4.030672E+03	5.818007E-05	7.251748E-06
4.030870E+03	5.818200E-05	7.251513E-06
4.031068E+03	5.827193E-05	7.262246E-06
4.031266E+03	5.836883E-05	7.273846E-06
4.031464E+03	5.821938E-05	7.254746E-06
4.031662E+03	5.830840E-05	7.265362E-06
4.031860E+03	5.850435E-05	7.289301E-06
4.032059E+03	5.868557E-05	7.311400E-06
4.032257E+03	5.867568E-05	7.309690E-06
4.032455E+03	5.864003E-05	7.304769E-06
4.032653E+03	5.881049E-05	7.325523E-06
4.032851E+03	5.900581E-05	7.349370E-06
4.033049E+03	5.908818E-05	7.359147E-06
4.033247E+03	5.922514E-05	7.375722E-06
4.033445E+03	5.928280E-05	7.382418E-06
4.033643E+03	5.929087E-05	7.382938E-06
4.033841E+03	5.926321E-05	7.379010E-06
4.034039E+03	5.921667E-05	7.372731E-06
4.034237E+03	5.921774E-05	7.372382E-06
4.035029E+03	5.938308E-05	7.391025E-06
4.035227E+03	5.940705E-05	7.393523E-06
4.035425E+03	5.946084E-05	7.399732E-06
4.035822E+03	5.956056E-05	7.411168E-06
4.036020E+03	5.974084E-05	7.433113E-06
4.036218E+03	5.993513E-05	7.456798E-06
4.036416E+03	5.998712E-05	7.462776E-06
4.036813E+03	5.990193E-05	7.451196E-06
4.037407E+03	6.006096E-05	7.469505E-06
4.037803E+03	6.021298E-05	7.487427E-06
4.038001E+03	6.034391E-05	7.503215E-06
4.038198E+03	6.055375E-05	7.528815E-06
4.038396E+03	6.073374E-05	7.550698E-06
4.038990E+03	6.079367E-05	7.556657E-06
4.039188E+03	6.064610E-05	7.537819E-06
4.039386E+03	6.053742E-05	7.523816E-06
4.039584E+03	6.046069E-05	7.513786E-06
4.039783E+03	6.051392E-05	7.519906E-06
4.039981E+03	6.048213E-05	7.515462E-06
4.040179E+03	6.047536E-05	7.514126E-06
4.040377E+03	6.050559E-05	7.517387E-06
4.040575E+03	6.060189E-05	7.528856E-06
4.040773E+03	6.069123E-05	7.539460E-06
4.040971E+03	6.078363E-05	7.550442E-06
4.041169E+03	6.090712E-05	7.565284E-06
4.041367E+03	6.103166E-05	7.580253E-06
4.041565E+03	6.120136E-05	7.600831E-06
4.042753E+03	6.134588E-05	7.615770E-06
4.042951E+03	6.129501E-05	7.608953E-06
4.043149E+03	6.117080E-05	7.593034E-06
4.043347E+03	6.105654E-05	7.578352E-06
4.043546E+03	6.108695E-05	7.581627E-06
4.043745E+03	6.104003E-05	7.575302E-06
4.043943E+03	6.088342E-05	7.555369E-06
4.044339E+03	6.073893E-05	7.536445E-06
4.044537E+03	6.070989E-05	7.532345E-06
4.044735E+03	6.077342E-05	7.539730E-06
4.044933E+03	6.091548E-05	7.556857E-06
4.045131E+03	6.105460E-05	7.573616E-06
4.045329E+03	6.099939E-05	7.566268E-06
4.045725E+03	6.081533E-05	7.542443E-06
4.045923E+03	6.070154E-05	7.527834E-06
4.046121E+03	6.079739E-05	7.539224E-06
4.046319E+03	6.090538E-05	7.552117E-06
4.046517E+03	6.098618E-05	7.561637E-06
4.046715E+03	6.109527E-05	7.574663E-06
4.046913E+03	6.113275E-05	7.578810E-06
4.047111E+03	6.098452E-05	7.559935E-06
4.047309E+03	6.101694E-05	7.563455E-06
4.047508E+03	6.094432E-05	7.553955E-06
4.047706E+03	6.093835E-05	7.552716E-06
4.047904E+03	6.091012E-05	7.548719E-06
4.048102E+03	6.092636E-05	7.550233E-06
4.048300E+03	6.100122E-05	7.559011E-06
4.048498E+03	6.108826E-05	7.569297E-06
4.048696E+03	6.113589E-05	7.574698E-06
4.048894E+03	6.121286E-05	7.583734E-06
4.049091E+03	6.121598E-05	7.583623E-06
4.049290E+03	6.105312E-05	7.562945E-06
4.049487E+03	6.095801E-05	7.550667E-06
4.049686E+03	6.099956E-05	7.555311E-06
4.049884E+03	6.096209E-05	7.550172E-06
4.050081E+03	6.090536E-05	7.542650E-06
4.050279E+03	6.104215E-05	7.559092E-06
4.050477E+03	6.111921E-05	7.568134E-06
4.050676E+03	6.093174E-05	7.544419E-06
4.050874E+03	6.092258E-05	7.542786E-06
4.051072E+03	6.070240E-05	7.515029E-06
4.051270E+03	6.072667E-05	7.517537E-06
4.051469E+03	6.079457E-05	7.525445E-06
4.051667E+03	6.065743E-05	7.507972E-06
4.051865E+03	6.039428E-05	7.474907E-06
4.052459E+03	6.042823E-05	7.477625E-06
4.052657E+03	6.029891E-05	7.461129E-06
4.052855E+03	6.038204E-05	7.470920E-06
4.053053E+03	6.018043E-05	7.445484E-06
4.053251E+03	6.019642E-05	7.446968E-06
4.053449E+03	5.999976E-05	7.422148E-06
4.053647E+03	5.981113E-05	7.398325E-06
4.054043E+03	5.994573E-05	7.413994E-06
4.054241E+03	6.018979E-05	7.443685E-06
4.054439E+03	6.016807E-05	7.440507E-06
4.054637E+03	6.007602E-05	7.428631E-06
4.054835E+03	5.987995E-05	7.403896E-06
4.055033E+03	5.969702E-05	7.380790E-06
4.055232E+03	5.981993E-05	7.395496E-06
4.055826E+03	5.971956E-05	7.381620E-06
4.056024E+03	5.960576E-05	7.367066E-06
4.056420E+03	5.975890E-05	7.385016E-06
4.056618E+03	5.978087E-05	7.387241E-06
4.056816E+03	5.968328E-05	7.374693E-06
4.057014E+03	5.970523E-05	7.376916E-06
4.057212E+03	5.973946E-05	7.380656E-06
4.057411E+03	5.961423E-05	7.364694E-06
4.057609E+03	5.959218E-05	7.361482E-06
4.057807E+03	5.939823E-05	7.337036E-06
4.058005E+03	5.936280E-05	7.332173E-06
4.058203E+03	5.933041E-05	7.327688E-06
4.058599E+03	5.934441E-05	7.328445E-06
4.058797E+03	5.928534E-05	7.320665E-06
4.058995E+03	5.930206E-05	7.322243E-06
4.059590E+03	5.938913E-05	7.331535E-06
4.059788E+03	5.961509E-05	7.358940E-06
4.059986E+03	5.952928E-05	7.347860E-06
4.060184E+03	5.935416E-05	7.325759E-06
4.060382E+03	5.931135E-05	7.319990E-06
4.060580E+03	5.936400E-05	7.326001E-06
4.060778E+03	5.928008E-05	7.315158E-06
4.060976E+03	5.925978E-05	7.312169E-06
4.061174E+03	5.939565E-05	7.328447E-06
4.061767E+03	5.935635E-05	7.322142E-06
4.062361E+03	5.947950E-05	7.335872E-06
4.062559E+03	5.946433E-05	7.333513E-06
4.062757E+03	5.949032E-05	7.336231E-06
4.062956E+03	5.940407E-05	7.325108E-06
4.063154E+03	5.936927E-05	7.320330E-06
4.063352E+03	5.944983E-05	7.329777E-06
4.063550E+03	5.939543E-05	7.322582E-06
4.063748E+03	5.935956E-05	7.317674E-06
4.063946E+03	5.927419E-05	7.306663E-06
4.064144E+03	5.934756E-05	7.315221E-06
4.064343E+03	5.943958E-05	7.326075E-06
4.064541E+03	5.976786E-05	7.366046E-06
4.064739E+03	5.993116E-05	7.385681E-06
4.064937E+03	5.982513E-05	7.372124E-06
4.065135E+03	5.992141E-05	7.383497E-06
4.065333E+03	5.998573E-05	7.390930E-06
4.065531E+03	5.989614E-05	7.379401E-06
4.065729E+03	5.955442E-05	7.336812E-06
4.065927E+03	5.933239E-05	7.308973E-06
4.066125E+03	5.927873E-05	7.301877E-06
4.066323E+03	5.910719E-05	7.280262E-06
4.066521E+03	5.929961E-05	7.303476E-06
4.066719E+03	5.945795E-05	7.322491E-06
4.066918E+03	5.928424E-05	7.300611E-06
4.067116E+03	5.924704E-05	7.295545E-06
4.068106E+03	5.925451E-05	7.294035E-06
4.068304E+03	5.919129E-05	7.285769E-06
4.068502E+03	5.890618E-05	7.250191E-06
4.068700E+03	5.895588E-05	7.255825E-06
4.068898E+03	5.909688E-05	7.272694E-06
4.069294E+03	5.908124E-05	7.269800E-06
4.069492E+03	5.893480E-05	7.251298E-06
4.069690E+03	5.899389E-05	7.258084E-06
4.069888E+03	5.898549E-05	7.256567E-06
4.070086E+03	5.884722E-05	7.239075E-06
4.070681E+03	5.880520E-05	7.232458E-06
4.070879E+03	5.870002E-05	7.219041E-06
4.071077E+03	5.866550E-05	7.214314E-06
4.071276E+03	5.877043E-05	7.226733E-06
4.071474E+03	5.872654E-05	7.220854E-06
4.071672E+03	5.884186E-05	7.234551E-06
4.071870E+03	5.876982E-05	7.225212E-06
4.072068E+03	5.863215E-05	7.207805E-06
4.072662E+03	5.864909E-05	7.208445E-06
4.072860E+03	5.849248E-05	7.188716E-06
4.073057E+03	5.845358E-05	7.183458E-06
4.073454E+03	5.842372E-05	7.178827E-06
4.073651E+03	5.826372E-05	7.158692E-06
4.073849E+03	5.813809E-05	7.142780E-06
4.074047E+03	5.796020E-05	7.120449E-06
4.074246E+03	5.796392E-05	7.120427E-06
4.074443E+03	5.798013E-05	7.121945E-06
4.074642E+03	5.789398E-05	7.110888E-06
4.074840E+03	5.783704E-05	7.103420E-06
4.075038E+03	5.787728E-05	7.107887E-06
4.075236E+03	5.806805E-05	7.130840E-06
4.075434E+03	5.812299E-05	7.137110E-06
4.075632E+03	5.795830E-05	7.116411E-06
4.075830E+03	5.780398E-05	7.096987E-06
4.076028E+03	5.769458E-05	7.083083E-06
4.076226E+03	5.749824E-05	7.058506E-06
4.076424E+03	5.724422E-05	7.026853E-06
4.076622E+03	5.698693E-05	6.994803E-06
4.076820E+03	5.683006E-05	6.975081E-06
4.077018E+03	5.666996E-05	6.954966E-06
4.077216E+03	5.648464E-05	6.931759E-06
4.077414E+03	5.669859E-05	6.957549E-06
4.077612E+03	5.688748E-05	6.980261E-06
4.077810E+03	5.699570E-05	6.993072E-06
4.079198E+03	5.700034E-05	6.990364E-06
4.079396E+03	5.695850E-05	6.984764E-06
4.079594E+03	5.696391E-05	6.984960E-06
4.079792E+03	5.691886E-05	6.978969E-06
4.079990E+03	5.691480E-05	6.978004E-06
4.080188E+03	5.671509E-05	6.953053E-06
4.080386E+03	5.673516E-05	6.955048E-06
4.080782E+03	5.689110E-05	6.973230E-06
4.080980E+03	5.704703E-05	6.991874E-06
4.081178E+03	5.687236E-05	6.969999E-06
4.081376E+03	5.665019E-05	6.942306E-06
4.081574E+03	5.640579E-05	6.911893E-06
4.081772E+03	5.634569E-05	6.904065E-06
4.081970E+03	5.633615E-05	6.902434E-06
4.082168E+03	5.633820E-05	6.902222E-06
4.082367E+03	5.626854E-05	6.893225E-06
4.083159E+03	5.612879E-05	6.874261E-06
4.083357E+03	5.583828E-05	6.838223E-06
4.083555E+03	5.566592E-05	6.816658E-06
4.083753E+03	5.564135E-05	6.813192E-06
4.083951E+03	5.563261E-05	6.811665E-06
4.084149E+03	5.561647E-05	6.809232E-06
4.084347E+03	5.579166E-05	6.830222E-06
4.084545E+03	5.587916E-05	6.840475E-06
4.084743E+03	5.578479E-05	6.828464E-06
4.084942E+03	5.566502E-05	6.813345E-06
4.085139E+03	5.562132E-05	6.807541E-06
4.085338E+03	5.530454E-05	6.768313E-06
4.085536E+03	5.522260E-05	6.757831E-06
4.085734E+03	5.519040E-05	6.753437E-06
4.085931E+03	5.516135E-05	6.749432E-06
4.086129E+03	5.514819E-05	6.747369E-06
4.086328E+03	5.494743E-05	6.722353E-06
4.086526E+03	5.499143E-05	6.727285E-06
4.086724E+03	5.514252E-05	6.745315E-06
4.086922E+03	5.512294E-05	6.742467E-06
4.087120E+03	5.494954E-05	6.720806E-06
4.087318E+03	5.487792E-05	6.711595E-06
4.087516E+03	5.479456E-05	6.700950E-06
4.087714E+03	5.459334E-05	6.675894E-06
4.087912E+03	5.443237E-05	6.655763E-06
4.088110E+03	5.444337E-05	6.656660E-06
4.088308E+03	5.451916E-05	6.665479E-06
4.088506E+03	5.436654E-05	6.646372E-06
4.088704E+03	5.414475E-05	6.618813E-06
4.088902E+03	5.417266E-05	6.621780E-06
4.089100E+03	5.412404E-05	6.615391E-06
4.089298E+03	5.406261E-05	6.607440E-06
4.089694E+03	5.399287E-05	6.598028E-06
4.089892E+03	5.402607E-05	6.601641E-06
4.090091E+03	5.410401E-05	6.610720E-06
4.090289E+03	5.400840E-05	6.598594E-06
4.090487E+03	5.388505E-05	6.583081E-06
4.090685E+03	5.390866E-05	6.585522E-06
4.090883E+03	5.393440E-05	6.588223E-06
4.091081E+03	5.394523E-05	6.589102E-06
4.091477E+03	5.393169E-05	6.586562E-06
4.091676E+03	5.405991E-05	6.601774E-06
4.091874E+03	5.416144E-05	6.613727E-06
4.092072E+03	5.413817E-05	6.610441E-06
4.092270E+03	5.411166E-05	6.606758E-06
4.092468E+03	5.409475E-05	6.604250E-06
4.092666E+03	5.403512E-05	6.596525E-06
4.092864E+03	5.388038E-05	6.577191E-06
4.093260E+03	5.390194E-05	6.578937E-06
4.093458E+03	5.376735E-05	6.562068E-06
4.093656E+03	5.367225E-05	6.550020E-06
4.093854E+03	5.369368E-05	6.552193E-06
4.094053E+03	5.368836E-05	6.551102E-06
4.094251E+03	5.365201E-05	6.546226E-06
4.094449E+03	5.359208E-05	6.538473E-06
4.094647E+03	5.351287E-05	6.528368E-06
4.094845E+03	5.340682E-05	6.514992E-06
4.095043E+03	5.344318E-05	6.518988E-06
4.095241E+03	5.344097E-05	6.518278E-06
4.095439E+03	5.362628E-05	6.540439E-06
4.095637E+03	5.389955E-05	6.573325E-06
4.095835E+03	5.405931E-05	6.592365E-06
4.096033E+03	5.401218E-05	6.586173E-06
4.096231E+03	5.403262E-05	6.588220E-06
4.096429E+03	5.381060E-05	6.560708E-06
4.096627E+03	5.378161E-05	6.556731E-06
4.096825E+03	5.360988E-05	6.535352E-06
4.097023E+03	5.339938E-05	6.509252E-06
4.097221E+03	5.341536E-05	6.510760E-06
4.097419E+03	5.328850E-05	6.494860E-06
4.097617E+03	5.323355E-05	6.487724E-06
4.097815E+03	5.308616E-05	6.469326E-06
4.098212E+03	5.319859E-05	6.482150E-06
4.098409E+03	5.308439E-05	6.467801E-06
4.098608E+03	5.315306E-05	6.475727E-06
4.098806E+03	5.320664E-05	6.481817E-06
4.099004E+03	5.326129E-05	6.488037E-06
4.099202E+03	5.326754E-05	6.488360E-06
4.099400E+03	5.324795E-05	6.485535E-06
4.099994E+03	5.322894E-05	6.481906E-06
4.100192E+03	5.323193E-05	6.481832E-06
4.100390E+03	5.305491E-05	6.459840E-06
4.100984E+03	5.302917E-05	6.455397E-06
4.101380E+03	5.302962E-05	6.454579E-06
4.101777E+03	5.310562E-05	6.462954E-06
4.101975E+03	5.303724E-05	6.454196E-06
4.102173E+03	5.286731E-05	6.433081E-06
4.102371E+03	5.281398E-05	6.426158E-06
4.102569E+03	5.286869E-05	6.432379E-06
4.102767E+03	5.296882E-05	6.444125E-06
4.102965E+03	5.311657E-05	6.461663E-06
4.103163E+03	5.318760E-05	6.469866E-06
4.103361E+03	5.327813E-05	6.480440E-06
4.103559E+03	5.333948E-05	6.487463E-06
4.103757E+03	5.343007E-05	6.498042E-06
4.103955E+03	5.340488E-05	6.494538E-06
4.104351E+03	5.362628E-05	6.520579E-06
4.104549E+03	5.374410E-05	6.534462E-06
4.104747E+03	5.366367E-05	6.524242E-06
4.104945E+03	5.353768E-05	6.508484E-06
4.105143E+03	5.352978E-05	6.507082E-06
4.105342E+03	5.342110E-05	6.493429E-06
4.105540E+03	5.332531E-05	6.481346E-06
4.105739E+03	5.337267E-05	6.486662E-06
4.105937E+03	5.334845E-05	6.483279E-06
4.106531E+03	5.349932E-05	6.500293E-06
4.106729E+03	5.363908E-05	6.516832E-06
4.106927E+03	5.360180E-05	6.511861E-06
4.107125E+03	5.358735E-05	6.509664E-06
4.107323E+03	5.354568E-05	6.504161E-06
4.107521E+03	5.351380E-05	6.499847E-06
4.107719E+03	5.359823E-05	6.509662E-06
4.107917E+03	5.385783E-05	6.540747E-06
4.108115E+03	5.405116E-05	6.563781E-06
4.108313E+03	5.397146E-05	6.553658E-06
4.108511E+03	5.394723E-05	6.550270E-06
4.109502E+03	5.413200E-05	6.570475E-06
4.109700E+03	5.431156E-05	6.591823E-06
4.110294E+03	5.460532E-05	6.626126E-06
4.110491E+03	5.470985E-05	6.638362E-06
4.110689E+03	5.487119E-05	6.657486E-06
4.110887E+03	5.481646E-05	6.650395E-06
4.111085E+03	5.470603E-05	6.636547E-06
4.111481E+03	5.449155E-05	6.609629E-06
4.111679E+03	5.447053E-05	6.606630E-06
4.111877E+03	5.443202E-05	6.601511E-06
4.112472E+03	5.425626E-05	6.578851E-06
4.112670E+03	5.423842E-05	6.576241E-06
4.112868E+03	5.428949E-05	6.581986E-06
4.113066E+03	5.430010E-05	6.582824E-06
4.113264E+03	5.426910E-05	6.578619E-06
4.113463E+03	5.425453E-05	6.576405E-06
4.113661E+03	5.410412E-05	6.557727E-06
4.113859E+03	5.411905E-05	6.559090E-06
4.114057E+03	5.403756E-05	6.548769E-06
4.114255E+03	5.396589E-05	6.539639E-06
4.114453E+03	5.416495E-05	6.563314E-06
4.114849E+03	5.418277E-05	6.564580E-06
4.115047E+03	5.411325E-05	6.555711E-06
4.115245E+03	5.439699E-05	6.589636E-06
4.115443E+03	5.448550E-05	6.599910E-06
4.115641E+03	5.454552E-05	6.606730E-06
4.115839E+03	5.435850E-05	6.583629E-06
4.116037E+03	5.453493E-05	6.604548E-06
4.116235E+03	5.463671E-05	6.616424E-06
4.116433E+03	5.453308E-05	6.603425E-06
4.117027E+03	5.479802E-05	6.634150E-06
4.117226E+03	5.476801E-05	6.630066E-06
4.117622E+03	5.501159E-05	6.658645E-06
4.117820E+03	5.505971E-05	6.664016E-06
4.118018E+03	5.486017E-05	6.639412E-06
4.118216E+03	5.479156E-05	6.630656E-06
4.118414E+03	5.499274E-05	6.654549E-06
4.118612E+03	5.517529E-05	6.676184E-06
4.118810E+03	5.511219E-05	6.668094E-06
4.119009E+03	5.505024E-05	6.660142E-06
4.119207E+03	5.526267E-05	6.685387E-06
4.119603E+03	5.558415E-05	6.723360E-06
4.119801E+03	5.550009E-05	6.712736E-06
4.119999E+03	5.563336E-05	6.728395E-06
4.120197E+03	5.584947E-05	6.754071E-06
4.120395E+03	5.582280E-05	6.750385E-06
4.120593E+03	5.610640E-05	6.784216E-06
4.120989E+03	5.620337E-05	6.795015E-06
4.121188E+03	5.603420E-05	6.774099E-06
4.121386E+03	5.601526E-05	6.771347E-06
4.121584E+03	5.589571E-05	6.756434E-06
4.121782E+03	5.601381E-05	6.770248E-06
4.121979E+03	5.623152E-05	6.796100E-06
4.122177E+03	5.653562E-05	6.832387E-06
4.122376E+03	5.645478E-05	6.822149E-06
4.122573E+03	5.640710E-05	6.815924E-06
4.122771E+03	5.648227E-05	6.824541E-06
4.122969E+03	5.638807E-05	6.812694E-06
4.123365E+03	5.651190E-05	6.826722E-06
4.123563E+03	5.651955E-05	6.827179E-06
4.123761E+03	5.625013E-05	6.794170E-06
4.123959E+03	5.610029E-05	6.775609E-06
4.124157E+03	5.588274E-05	6.748874E-06
4.124355E+03	5.602666E-05	6.765792E-06
4.124553E+03	5.624497E-05	6.791690E-06
4.124751E+03	5.632355E-05	6.800714E-06
4.125148E+03	5.633317E-05	6.800946E-06
4.125346E+03	5.636407E-05	6.804211E-06
4.125544E+03	5.652159E-05	6.822760E-06
4.125742E+03	5.641589E-05	6.809535E-06
4.125941E+03	5.647689E-05	6.816429E-06
4.126139E+03	5.658675E-05	6.829221E-06
4.126337E+03	5.690230E-05	6.866834E-06
4.126535E+03	5.722134E-05	6.904862E-06
4.126733E+03	5.728695E-05	6.912307E-06
4.126931E+03	5.723242E-05	6.905254E-06
4.127129E+03	5.709330E-05	6.887998E-06
4.127327E+03	5.695967E-05	6.871405E-06
4.127525E+03	5.701857E-05	6.878040E-06
4.128119E+03	5.717312E-05	6.895266E-06
4.128317E+03	5.735245E-05	6.916421E-06
4.128515E+03	5.749172E-05	6.932742E-06
4.128912E+03	5.755747E-05	6.939720E-06
4.129110E+03	5.750282E-05	6.932655E-06
4.129506E+03	5.762439E-05	6.946359E-06
4.129704E+03	5.760541E-05	6.943596E-06
4.130100E+03	5.771702E-05	6.956096E-06
4.130298E+03	5.768016E-05	6.951177E-06
4.130496E+03	5.775835E-05	6.960123E-06
4.130694E+03	5.789466E-05	6.976070E-06
4.130892E+03	5.793604E-05	6.980578E-06
4.131090E+03	5.805903E-05	6.994917E-06
4.131288E+03	5.831403E-05	7.025157E-06
4.131486E+03	5.850538E-05	7.047727E-06
4.131684E+03	5.868788E-05	7.069226E-06
4.131882E+03	5.890290E-05	7.094639E-06
4.132080E+03	5.904637E-05	7.111432E-06
4.132278E+03	5.908356E-05	7.115422E-06
4.132476E+03	5.921035E-05	7.130202E-06
4.132675E+03	5.919949E-05	7.128403E-06
4.132874E+03	5.895667E-05	7.098677E-06
4.133072E+03	5.879889E-05	7.079194E-06
4.133468E+03	5.871177E-05	7.067735E-06
4.133666E+03	5.854371E-05	7.047020E-06
4.133864E+03	5.860213E-05	7.053567E-06
4.134061E+03	5.848106E-05	7.038515E-06
4.134259E+03	5.847104E-05	7.036825E-06
4.134853E+03	5.857672E-05	7.048091E-06
4.135051E+03	5.856332E-05	7.045994E-06
4.135249E+03	5.849261E-05	7.037003E-06
4.135447E+03	5.857130E-05	7.045986E-06
4.135645E+03	5.866687E-05	7.056998E-06
4.135843E+03	5.848595E-05	7.034752E-06
4.136041E+03	5.834541E-05	7.017366E-06
4.136239E+03	5.844887E-05	7.029326E-06
4.136437E+03	5.871997E-05	7.061444E-06
4.136636E+03	5.891581E-05	7.084507E-06
4.136834E+03	5.912412E-05	7.109067E-06
4.137032E+03	5.899254E-05	7.092759E-06
4.137230E+03	5.877420E-05	7.066021E-06
4.137428E+03	5.884521E-05	7.074072E-06
4.137626E+03	5.875289E-05	7.062488E-06
4.137824E+03	5.879686E-05	7.067287E-06
4.138022E+03	5.884199E-05	7.072225E-06
4.138616E+03	5.888494E-05	7.075927E-06
4.138814E+03	5.899665E-05	7.088862E-06
4.139012E+03	5.891886E-05	7.079028E-06
4.139210E+03	5.896064E-05	7.083561E-06
4.139408E+03	5.893697E-05	7.080230E-06
4.139607E+03	5.900141E-05	7.087480E-06
4.139805E+03	5.901839E-05	7.089032E-06
4.140003E+03	5.902745E-05	7.089632E-06
4.140201E+03	5.911449E-05	7.099597E-06
4.140399E+03	5.920042E-05	7.109428E-06
4.140598E+03	5.924682E-05	7.114510E-06
4.140796E+03	5.934864E-05	7.126245E-06
4.140994E+03	5.946634E-05	7.139887E-06
4.141192E+03	5.965648E-05	7.162222E-06
4.141390E+03	5.973356E-05	7.170983E-06
4.141588E+03	5.999400E-05	7.201751E-06
4.141786E+03	6.013229E-05	7.217855E-06
4.141984E+03	6.010423E-05	7.213990E-06
4.142182E+03	6.011124E-05	7.214334E-06
4.142380E+03	6.008428E-05	7.210601E-06
4.142578E+03	6.018871E-05	7.222636E-06
4.143172E+03	6.031975E-05	7.236863E-06
4.143370E+03	6.030978E-05	7.235168E-06
4.143568E+03	6.025217E-05	7.227758E-06
4.143766E+03	6.023309E-05	7.224971E-06
4.143964E+03	6.018791E-05	7.219054E-06
4.144162E+03	6.019036E-05	7.218850E-06
4.144757E+03	6.043168E-05	7.246292E-06
4.144955E+03	6.058529E-05	7.264210E-06
4.145153E+03	6.070486E-05	7.278043E-06
4.145351E+03	6.074037E-05	7.281798E-06
4.145549E+03	6.079520E-05	7.287869E-06
4.145747E+03	6.089669E-05	7.299531E-06
4.145944E+03	6.113016E-05	7.327013E-06
4.146142E+03	6.133756E-05	7.351364E-06
4.146341E+03	6.159521E-05	7.381731E-06
4.147133E+03	6.189648E-05	7.415787E-06
4.147529E+03	6.204218E-05	7.432215E-06
4.147727E+03	6.217718E-05	7.447873E-06
4.147925E+03	6.252885E-05	7.489479E-06
4.148123E+03	6.248955E-05	7.484255E-06
4.148322E+03	6.271711E-05	7.510990E-06
4.148520E+03	6.304060E-05	7.549210E-06
4.148718E+03	6.292493E-05	7.534838E-06
4.148916E+03	6.282632E-05	7.522509E-06
4.149114E+03	6.294684E-05	7.536418E-06
4.149312E+03	6.291668E-05	7.532287E-06
4.149510E+03	6.279285E-05	7.516941E-06
4.149708E+03	6.272608E-05	7.508429E-06
4.149906E+03	6.283867E-05	7.521386E-06
4.150302E+03	6.293823E-05	7.532261E-06
4.150500E+03	6.283252E-05	7.519089E-06
4.150896E+03	6.297102E-05	7.534621E-06
4.151094E+03	6.293848E-05	7.530205E-06
4.151292E+03	6.277658E-05	7.510315E-06
4.151688E+03	6.266321E-05	7.495714E-06
4.151886E+03	6.246562E-05	7.471562E-06
4.152283E+03	6.240014E-05	7.462696E-06
4.152481E+03	6.254846E-05	7.479915E-06
4.152679E+03	6.264980E-05	7.491515E-06
4.152877E+03	6.276153E-05	7.504355E-06
4.153075E+03	6.279416E-05	7.507737E-06
4.153274E+03	6.282459E-05	7.510853E-06
4.153472E+03	6.280103E-05	7.507516E-06
4.153868E+03	6.273319E-05	7.498367E-06
4.154264E+03	6.271809E-05	7.495522E-06
4.154462E+03	6.276567E-05	7.500689E-06
4.154660E+03	6.278913E-05	7.502972E-06
4.154858E+03	6.295509E-05	7.522281E-06
4.155056E+03	6.317055E-05	7.547502E-06
4.155254E+03	6.331942E-05	7.564764E-06
4.155452E+03	6.338900E-05	7.572552E-06
4.155650E+03	6.350002E-05	7.585289E-06
4.155848E+03	6.356620E-05	7.592668E-06
4.156047E+03	6.365544E-05	7.602799E-06
4.156245E+03	6.387936E-05	7.629014E-06
4.156443E+03	6.399519E-05	7.642317E-06
4.156641E+03	6.404080E-05	7.647233E-06
4.156839E+03	6.417396E-05	7.662602E-06
4.157037E+03	6.419544E-05	7.664635E-06
4.157235E+03	6.421807E-05	7.666805E-06
4.157433E+03	6.442396E-05	7.690851E-06
4.157631E+03	6.465529E-05	7.717931E-06
4.157829E+03	6.495476E-05	7.753141E-06
4.158026E+03	6.504791E-05	7.763723E-06
4.158224E+03	6.517918E-05	7.778850E-06
4.158423E+03	6.534396E-05	7.797972E-06
4.158620E+03	6.543839E-05	7.808700E-06
4.158818E+03	6.550863E-05	7.816539E-06
4.159016E+03	6.559967E-05	7.826859E-06
4.159214E+03	6.574849E-05	7.844070E-06
4.159412E+03	6.575184E-05	7.843924E-06
4.159610E+03	6.569162E-05	7.836196E-06
4.160008E+03	6.566133E-05	7.831491E-06
4.160206E+03	6.573515E-05	7.839750E-06
4.160404E+03	6.581826E-05	7.849117E-06
4.160602E+03	6.586785E-05	7.854485E-06
4.160800E+03	6.584110E-05	7.850749E-06
4.160998E+03	6.598677E-05	7.867570E-06
4.161196E+03	6.625980E-05	7.899575E-06
4.161394E+03	6.645425E-05	7.922206E-06
4.161790E+03	6.661401E-05	7.940147E-06
4.161988E+03	6.703805E-05	7.990135E-06
4.162186E+03	6.740547E-05	8.033368E-06
4.162582E+03	6.754954E-05	8.049418E-06
4.162780E+03	6.779672E-05	8.078310E-06
4.162978E+03	6.787467E-05	8.087035E-06
4.163176E+03	6.801643E-05	8.103362E-06
4.163374E+03	6.821280E-05	8.126192E-06
4.163770E+03	6.837013E-05	8.143800E-06
4.163969E+03	6.844130E-05	8.151709E-06
4.164167E+03	6.857753E-05	8.167366E-06
4.164365E+03	6.857673E-05	8.166702E-06
4.164563E+03	6.873628E-05	8.185132E-06
4.164761E+03	6.887147E-05	8.200660E-06
4.164959E+03	6.904393E-05	8.220622E-06
4.165157E+03	6.920368E-05	8.239069E-06
4.165355E+03	6.940884E-05	8.262918E-06
4.165553E+03	6.942216E-05	8.263927E-06
4.165751E+03	6.956346E-05	8.280171E-06
4.165949E+03	6.956748E-05	8.280072E-06
4.166147E+03	6.975078E-05	8.301310E-06
4.166345E+03	7.004475E-05	8.335715E-06
4.166940E+03	7.015739E-05	8.347371E-06
4.167336E+03	7.010152E-05	8.339560E-06
4.167534E+03	6.997272E-05	8.323657E-06
4.167733E+03	7.008058E-05	8.335906E-06
4.167931E+03	7.025148E-05	8.355651E-06
4.168723E+03	7.044191E-05	8.375962E-06
4.168921E+03	7.047875E-05	8.379758E-06
4.169119E+03	7.033457E-05	8.362031E-06
4.169317E+03	7.024990E-05	8.351382E-06
4.169514E+03	7.023762E-05	8.349342E-06
4.169911E+03	7.050531E-05	8.379990E-06
4.170108E+03	7.042292E-05	8.369615E-06
4.170306E+03	7.032293E-05	8.357148E-06
4.170504E+03	7.049312E-05	8.376788E-06
4.170702E+03	7.066806E-05	8.396990E-06
4.170900E+03	7.096831E-05	8.432078E-06
4.171098E+03	7.121250E-05	8.460500E-06
4.171494E+03	7.126200E-05	8.465197E-06
4.171693E+03	7.116552E-05	8.453145E-06
4.171891E+03	7.115686E-05	8.451526E-06
4.172089E+03	7.117983E-05	8.453664E-06
4.172287E+03	7.116882E-05	8.451765E-06
4.172485E+03	7.112145E-05	8.445548E-06
4.172683E+03	7.129687E-05	8.465788E-06
4.172881E+03	7.158263E-05	8.499124E-06
4.173079E+03	7.168898E-05	8.511157E-06
4.173277E+03	7.177192E-05	8.520407E-06
4.173475E+03	7.193823E-05	8.539553E-06
4.173674E+03	7.208238E-05	8.556063E-06
4.173872E+03	7.198226E-05	8.543581E-06
4.174070E+03	7.179986E-05	8.521336E-06
4.174268E+03	7.164204E-05	8.502011E-06
4.174466E+03	7.151116E-05	8.485885E-06
4.174664E+03	7.153656E-05	8.488305E-06
4.174862E+03	7.163601E-05	8.499511E-06
4.175258E+03	7.168804E-05	8.504493E-06
4.175457E+03	7.176642E-05	8.513195E-06
4.175655E+03	7.210602E-05	8.552881E-06
4.175853E+03	7.225042E-05	8.569409E-06
4.176051E+03	7.222770E-05	8.566114E-06
4.176249E+03	7.204367E-05	8.543690E-06
4.176447E+03	7.187367E-05	8.522933E-06
4.176645E+03	7.198631E-05	8.535692E-06
4.176843E+03	7.182209E-05	8.515623E-06
4.177041E+03	7.163306E-05	8.492616E-06
4.177239E+03	7.154885E-05	8.482037E-06
4.177833E+03	7.165807E-05	8.493200E-06
4.178031E+03	7.186518E-05	8.517150E-06
4.178625E+03	7.180699E-05	8.508464E-06
4.178823E+03	7.181118E-05	8.508363E-06
4.179021E+03	7.177994E-05	8.504065E-06
4.179219E+03	7.176874E-05	8.502142E-06
4.179418E+03	7.197498E-05	8.525977E-06
4.179616E+03	7.194491E-05	8.521816E-06
4.180210E+03	7.193028E-05	8.518290E-06
4.180408E+03	7.211309E-05	8.539340E-06
4.180607E+03	7.213039E-05	8.540786E-06
4.180805E+03	7.200797E-05	8.525692E-06
4.181003E+03	7.200622E-05	8.524887E-06
4.181201E+03	7.191094E-05	8.513009E-06
4.181399E+03	7.177179E-05	8.495939E-06
4.181596E+03	7.176167E-05	8.494148E-06
4.181795E+03	7.169824E-05	8.486041E-06
4.181993E+03	7.156131E-05	8.469239E-06
4.182190E+03	7.168862E-05	8.483713E-06
4.182388E+03	7.159785E-05	8.472376E-06
4.182586E+03	7.158885E-05	8.470716E-06
4.182784E+03	7.163914E-05	8.476071E-06
4.182982E+03	7.177487E-05	8.491534E-06
4.183181E+03	7.187150E-05	8.502368E-06
4.183379E+03	7.184474E-05	8.498605E-06
4.183577E+03	7.183931E-05	8.497366E-06
4.183775E+03	7.197874E-05	8.513260E-06
4.184171E+03	7.213541E-05	8.530591E-06
4.184369E+03	7.217043E-05	8.534131E-06
4.184567E+03	7.208661E-05	8.523620E-06
4.184765E+03	7.213349E-05	8.528564E-06
4.184963E+03	7.207101E-05	8.520577E-06
4.185161E+03	7.196329E-05	8.507243E-06
4.185359E+03	7.174253E-05	8.480549E-06
4.186151E+03	7.173824E-05	8.477657E-06
4.186349E+03	7.195301E-05	8.502439E-06
4.186547E+03	7.184624E-05	8.489225E-06
4.186745E+03	7.168582E-05	8.469673E-06
4.186943E+03	7.167547E-05	8.467854E-06
4.187142E+03	7.175213E-05	8.476314E-06
4.187341E+03	7.185511E-05	8.487879E-06
4.187539E+03	7.167665E-05	8.466202E-06
4.187737E+03	7.166505E-05	8.464235E-06
4.188133E+03	7.170392E-05	8.467633E-06
4.188331E+03	7.161593E-05	8.456648E-06
4.188529E+03	7.144076E-05	8.435369E-06
4.188727E+03	7.116043E-05	8.401676E-06
4.188925E+03	7.103163E-05	8.385878E-06
4.189123E+03	7.096130E-05	8.376986E-06
4.189321E+03	7.086348E-05	8.364848E-06
4.189519E+03	7.081698E-05	8.358770E-06
4.189915E+03	7.079446E-05	8.354933E-06
4.190113E+03	7.062591E-05	8.334454E-06
4.190311E+03	7.051112E-05	8.320322E-06
4.190509E+03	7.048122E-05	8.316207E-06
4.190707E+03	7.038429E-05	8.304184E-06
4.190905E+03	7.033159E-05	8.297381E-06
4.191104E+03	7.033753E-05	8.297497E-06
4.191302E+03	7.053025E-05	8.319645E-06
4.191500E+03	7.075422E-05	8.345475E-06
4.191698E+03	7.069673E-05	8.338106E-06
4.192094E+03	7.097840E-05	8.370146E-06
4.192292E+03	7.125417E-05	8.402073E-06
4.192490E+03	7.152167E-05	8.433020E-06
4.192688E+03	7.168374E-05	8.451533E-06
4.192886E+03	7.172594E-05	8.455911E-06
4.193282E+03	7.186314E-05	8.470890E-06
4.193480E+03	7.182973E-05	8.466354E-06
4.193678E+03	7.188637E-05	8.472431E-06
4.193876E+03	7.195623E-05	8.480067E-06
4.194075E+03	7.204180E-05	8.489548E-06
4.194272E+03	7.208649E-05	8.494218E-06
4.194470E+03	7.198458E-05	8.481610E-06
4.194867E+03	7.205591E-05	8.488815E-06
4.195065E+03	7.193948E-05	8.474499E-06
4.195263E+03	7.194086E-05	8.474063E-06
4.195461E+03	7.194826E-05	8.474335E-06
4.195857E+03	7.182824E-05	8.459003E-06
4.196055E+03	7.180790E-05	8.456010E-06
4.196451E+03	7.189002E-05	8.464483E-06
4.196649E+03	7.185160E-05	8.459362E-06
4.197045E+03	7.168190E-05	8.438188E-06
4.197243E+03	7.172654E-05	8.442846E-06
4.197441E+03	7.173385E-05	8.443109E-06
4.197639E+03	7.169411E-05	8.437835E-06
4.197837E+03	7.166642E-05	8.433979E-06
4.198035E+03	7.170627E-05	8.438072E-06
4.198233E+03	7.174131E-05	8.441597E-06
4.198431E+03	7.180892E-05	8.448955E-06
4.198828E+03	7.167256E-05	8.431718E-06
4.199026E+03	7.165808E-05	8.429417E-06
4.199224E+03	7.173177E-05	8.437488E-06
4.199422E+03	7.170520E-05	8.433766E-06
4.199620E+03	7.163146E-05	8.424496E-06
4.199818E+03	7.171606E-05	8.433848E-06
4.200016E+03	7.175836E-05	8.438225E-06
4.200214E+03	7.163741E-05	8.423406E-06
4.200412E+03	7.146923E-05	8.403035E-06
4.200610E+03	7.120295E-05	8.371134E-06
4.200808E+03	7.101282E-05	8.348189E-06
4.201205E+03	7.121224E-05	8.370444E-06
4.201403E+03	7.133924E-05	8.384777E-06
4.201601E+03	7.135241E-05	8.385731E-06
4.201799E+03	7.141647E-05	8.392665E-06
4.201997E+03	7.148541E-05	8.400170E-06
4.202195E+03	7.167799E-05	8.422203E-06
4.202393E+03	7.184883E-05	8.441678E-06
4.202591E+03	7.180269E-05	8.435659E-06
4.202790E+03	7.164978E-05	8.417099E-06
4.202988E+03	7.182921E-05	8.437579E-06
4.203384E+03	7.179868E-05	8.432795E-06
4.203582E+03	7.166869E-05	8.416931E-06
4.203780E+03	7.169648E-05	8.419597E-06
4.203978E+03	7.174492E-05	8.424688E-06
4.204176E+03	7.193185E-05	8.446039E-06
4.204374E+03	7.208605E-05	8.463544E-06
4.204572E+03	7.210907E-05	8.465646E-06
4.204770E+03	7.207738E-05	8.461325E-06
4.204968E+03	7.215390E-05	8.469706E-06
4.205166E+03	7.226447E-05	8.482083E-06
4.205364E+03	7.212455E-05	8.465058E-06
4.205562E+03	7.206120E-05	8.457023E-06
4.205760E+03	7.202944E-05	8.452695E-06
4.205958E+03	7.206583E-05	8.456365E-06
4.206155E+03	7.214484E-05	8.465039E-06
4.206353E+03	7.237851E-05	8.491852E-06
4.206552E+03	7.265001E-05	8.523101E-06
4.206751E+03	7.272065E-05	8.530779E-06
4.206948E+03	7.276695E-05	8.535607E-06
4.207146E+03	7.270114E-05	8.527281E-06
4.207344E+03	7.285226E-05	8.544399E-06
4.207542E+03	7.265843E-05	8.521060E-06
4.207741E+03	7.267797E-05	8.522743E-06
4.207939E+03	7.261938E-05	8.515266E-06
4.208137E+03	7.257783E-05	8.509790E-06
4.208335E+03	7.256067E-05	8.507173E-06
4.208533E+03	7.248125E-05	8.497258E-06
4.208731E+03	7.236516E-05	8.483045E-06
4.208929E+03	7.217577E-05	8.460241E-06
4.209127E+03	7.215725E-05	8.457469E-06
4.209325E+03	7.194694E-05	8.432218E-06
4.209721E+03	7.180712E-05	8.414634E-06
4.209919E+03	7.170048E-05	8.401541E-06
4.210117E+03	7.163047E-05	8.392740E-06
4.210315E+03	7.178666E-05	8.410441E-06
4.210514E+03	7.169828E-05	8.399488E-06
4.210712E+03	7.173342E-05	8.403007E-06
4.211504E+03	7.178713E-05	8.406905E-06
4.211702E+03	7.164592E-05	8.389770E-06
4.211900E+03	7.168474E-05	8.393718E-06
4.212098E+03	7.182771E-05	8.409860E-06
4.212296E+03	7.168152E-05	8.392145E-06
4.212494E+03	7.147396E-05	8.367249E-06
4.212692E+03	7.158386E-05	8.379517E-06
4.212890E+03	7.164596E-05	8.386190E-06
4.213088E+03	7.157562E-05	8.377359E-06
4.213286E+03	7.163406E-05	8.383602E-06
4.213484E+03	7.156615E-05	8.375057E-06
4.213682E+03	7.146258E-05	8.362341E-06
4.213880E+03	7.150997E-05	8.367290E-06
4.214078E+03	7.140143E-05	8.353993E-06
4.214277E+03	7.134687E-05	8.347015E-06
4.214475E+03	7.147288E-05	8.361160E-06
4.214674E+03	7.156706E-05	8.371578E-06
4.214872E+03	7.164400E-05	8.379981E-06
4.215070E+03	7.178489E-05	8.395861E-06
4.215268E+03	7.186804E-05	8.404987E-06
4.215466E+03	7.173600E-05	8.388946E-06
4.215664E+03	7.174659E-05	8.389587E-06
4.215862E+03	7.178549E-05	8.393535E-06
4.216060E+03	7.166932E-05	8.379355E-06
4.216258E+03	7.166019E-05	8.377689E-06
4.216456E+03	7.156981E-05	8.366526E-06
4.216654E+03	7.149537E-05	8.357228E-06
4.216852E+03	7.134700E-05	8.339290E-06
4.217050E+03	7.128973E-05	8.332000E-06
4.217248E+03	7.131991E-05	8.334932E-06
4.217446E+03	7.122562E-05	8.323319E-06
4.217644E+03	7.129893E-05	8.331291E-06
4.217842E+03	7.133528E-05	8.334942E-06
4.218040E+03	7.126681E-05	8.326348E-06
4.218238E+03	7.119583E-05	8.317465E-06
4.218436E+03	7.121490E-05	8.319097E-06
4.218634E+03	7.119447E-05	8.316117E-06
4.218833E+03	7.133449E-05	8.331875E-06
4.219030E+03	7.157086E-05	8.358888E-06
4.219228E+03	7.168014E-05	8.371053E-06
4.219426E+03	7.182159E-05	8.386972E-06
4.219624E+03	7.204708E-05	8.412703E-06
4.219822E+03	7.196746E-05	8.402805E-06
4.220020E+03	7.198668E-05	8.404448E-06
4.220218E+03	7.196880E-05	8.401760E-06
4.220416E+03	7.186067E-05	8.388536E-06
4.220614E+03	7.193921E-05	8.397104E-06
4.220812E+03	7.185946E-05	8.387196E-06
4.221010E+03	7.169799E-05	8.367751E-06
4.221208E+03	7.155131E-05	8.350035E-06
4.221407E+03	7.143558E-05	8.335930E-06
4.221605E+03	7.138905E-05	8.329905E-06
4.221803E+03	7.136602E-05	8.326622E-06
4.222002E+03	7.139376E-05	8.329262E-06
4.222200E+03	7.140045E-05	8.329446E-06
4.222398E+03	7.155955E-05	8.347409E-06
4.222794E+03	7.170807E-05	8.363537E-06
4.222992E+03	7.184624E-05	8.379052E-06
4.223190E+03	7.187533E-05	8.381845E-06
4.223388E+03	7.177417E-05	8.369449E-06
4.223586E+03	7.174245E-05	8.365151E-06
4.223784E+03	7.172062E-05	8.362006E-06
4.223982E+03	7.183533E-05	8.374781E-06
4.224180E+03	7.183587E-05	8.374243E-06
4.224576E+03	7.163816E-05	8.350000E-06
4.224774E+03	7.141502E-05	8.323394E-06
4.224972E+03	7.126135E-05	8.304889E-06
4.225170E+03	7.118841E-05	8.295794E-06
4.225368E+03	7.127453E-05	8.305234E-06
4.225566E+03	7.136318E-05	8.314969E-06
4.225764E+03	7.124667E-05	8.300798E-06
4.225963E+03	7.118109E-05	8.292564E-06
4.226161E+03	7.128592E-05	8.304181E-06
4.226359E+03	7.138957E-05	8.315658E-06
4.226755E+03	7.137660E-05	8.312955E-06
4.226953E+03	7.149650E-05	8.326323E-06
4.227547E+03	7.140289E-05	8.313632E-06
4.227745E+03	7.102808E-05	8.269398E-06
4.227943E+03	7.112307E-05	8.279863E-06
4.228142E+03	7.126929E-05	8.296288E-06
4.228340E+03	7.120473E-05	8.288177E-06
4.228538E+03	7.112517E-05	8.278322E-06
4.228934E+03	7.102457E-05	8.265427E-06
4.229132E+03	7.096986E-05	8.258467E-06
4.229330E+03	7.074159E-05	8.231313E-06
4.229528E+03	7.060187E-05	8.214466E-06
4.229726E+03	7.065444E-05	8.219992E-06
4.229925E+03	7.067455E-05	8.221741E-06
4.230123E+03	7.083583E-05	8.239912E-06
4.230321E+03	7.096471E-05	8.254310E-06
4.230518E+03	7.107863E-05	8.266970E-06
4.230716E+03	7.109882E-05	8.268724E-06
4.230915E+03	7.108899E-05	8.266985E-06
4.231112E+03	7.092153E-05	8.246921E-06
4.231310E+03	7.080783E-05	8.233107E-06
4.231508E+03	7.066025E-05	8.215358E-06
4.231706E+03	7.054392E-05	8.201243E-06
4.231904E+03	7.048135E-05	8.193380E-06
4.232102E+03	7.044756E-05	8.188863E-06
4.232300E+03	7.060035E-05	8.206033E-06
4.232498E+03	7.071063E-05	8.218260E-06
4.232696E+03	7.065179E-05	8.210831E-06
4.232894E+03	7.054904E-05	8.198301E-06
4.233092E+03	7.050016E-05	8.192031E-06
4.233290E+03	7.044498E-05	8.185030E-06
4.233687E+03	7.040601E-05	8.179326E-06
4.233885E+03	7.065062E-05	8.207153E-06
4.234083E+03	7.080747E-05	8.224782E-06
4.234281E+03	7.077736E-05	8.220693E-06
4.234479E+03	7.100712E-05	8.246785E-06
4.234677E+03	7.109632E-05	8.256551E-06
4.234875E+03	7.107378E-05	8.253338E-06
4.235074E+03	7.104629E-05	8.249549E-06
4.235272E+03	7.104005E-05	8.248232E-06
4.235470E+03	7.103129E-05	8.246620E-06
4.235668E+03	7.094961E-05	8.236544E-06
4.235866E+03	7.102253E-05	8.244416E-06
4.236064E+03	7.099740E-05	8.240906E-06
4.236262E+03	7.070560E-05	8.206444E-06
4.236460E+03	7.055080E-05	8.187888E-06
4.236856E+03	7.068778E-05	8.202603E-06
4.237054E+03	7.069904E-05	8.203318E-06
4.237252E+03	7.063600E-05	8.195413E-06
4.237450E+03	7.069509E-05	8.201678E-06
4.237649E+03	7.080711E-05	8.214081E-06
4.237847E+03	7.079442E-05	8.212018E-06
4.238045E+03	7.061791E-05	8.190953E-06
4.238243E+03	7.037072E-05	8.161693E-06
4.238441E+03	7.035163E-05	8.158890E-06
4.238639E+03	7.037159E-05	8.160617E-06
4.238837E+03	7.031969E-05	8.154010E-06
4.239035E+03	7.027280E-05	8.147985E-06
4.239233E+03	7.034071E-05	8.155271E-06
4.239629E+03	7.029355E-05	8.148628E-06
4.239827E+03	7.036148E-05	8.155914E-06
4.240025E+03	7.041934E-05	8.162033E-06
4.240223E+03	7.052144E-05	8.173276E-06
4.240421E+03	7.051617E-05	8.172076E-06
4.240619E+03	7.045405E-05	8.164287E-06
4.240817E+03	7.044369E-05	8.162497E-06
4.241015E+03	7.045482E-05	8.163198E-06
4.241213E+03	7.023835E-05	8.137530E-06
4.241412E+03	7.038476E-05	8.153904E-06
4.241610E+03	7.041611E-05	8.156947E-06
4.241809E+03	7.060193E-05	8.177878E-06
4.242007E+03	7.078266E-05	8.198220E-06
4.242205E+03	7.074068E-05	8.192766E-06
4.242403E+03	7.063410E-05	8.179832E-06
4.242600E+03	7.049835E-05	8.163525E-06
4.242798E+03	7.046387E-05	8.158942E-06
4.242997E+03	7.036730E-05	8.147170E-06
4.243194E+03	7.033782E-05	8.143170E-06
4.243392E+03	7.021581E-05	8.128458E-06
4.243590E+03	7.021166E-05	8.127390E-06
4.243986E+03	7.034661E-05	8.141834E-06
4.244184E+03	7.041983E-05	8.149720E-06
4.244382E+03	7.055018E-05	8.164214E-06
4.244976E+03	7.054919E-05	8.162330E-06
4.245174E+03	7.058568E-05	8.165961E-06
4.245373E+03	7.069966E-05	8.178555E-06
4.245571E+03	7.067012E-05	8.174547E-06
4.245769E+03	7.044234E-05	8.147610E-06
4.245967E+03	7.032885E-05	8.133895E-06
4.246165E+03	7.016699E-05	8.114587E-06
4.246363E+03	6.999872E-05	8.094542E-06
4.246561E+03	6.999441E-05	8.093458E-06
4.246759E+03	7.008294E-05	8.103108E-06
4.246957E+03	7.021986E-05	8.118351E-06
4.247155E+03	7.029067E-05	8.125950E-06
4.247353E+03	7.045950E-05	8.144878E-06
4.247551E+03	7.067423E-05	8.169109E-06
4.247749E+03	7.051467E-05	8.150075E-06
4.247947E+03	7.049897E-05	8.147670E-06
4.248145E+03	7.070618E-05	8.171027E-06
4.248343E+03	7.070833E-05	8.170683E-06
4.248541E+03	7.082901E-05	8.184036E-06
4.248740E+03	7.099059E-05	8.202109E-06
4.248938E+03	7.107183E-05	8.210900E-06
4.249136E+03	7.085088E-05	8.184781E-06
4.249335E+03	7.061836E-05	8.157328E-06
4.249533E+03	7.068424E-05	8.164347E-06
4.249731E+03	7.071955E-05	8.167833E-06
4.249929E+03	7.059404E-05	8.152746E-06
4.250127E+03	7.069058E-05	8.163304E-06
4.250325E+03	7.085484E-05	8.181679E-06
4.250523E+03	7.073054E-05	8.166734E-06
4.251315E+03	7.063411E-05	8.153236E-06
4.251513E+03	7.052238E-05	8.139748E-06
4.251711E+03	7.051547E-05	8.138360E-06
4.251909E+03	7.047913E-05	8.133576E-06
4.252107E+03	7.021377E-05	8.102364E-06
4.252305E+03	6.999564E-05	8.076607E-06
4.252503E+03	6.980814E-05	8.054388E-06
4.253098E+03	6.986747E-05	8.059479E-06
4.253296E+03	6.991288E-05	8.064132E-06
4.253494E+03	6.990705E-05	8.062873E-06
4.253692E+03	7.004602E-05	8.078316E-06
4.253890E+03	7.017863E-05	8.093021E-06
4.254088E+03	7.017925E-05	8.092505E-06
4.254286E+03	7.015806E-05	8.089474E-06
4.254483E+03	7.007401E-05	8.079200E-06
4.254681E+03	6.989116E-05	8.057533E-06
4.254880E+03	6.979804E-05	8.046210E-06
4.255275E+03	6.986965E-05	8.053298E-06
4.255474E+03	6.969051E-05	8.032063E-06
4.255672E+03	6.932757E-05	7.989653E-06
4.255870E+03	6.919697E-05	7.974022E-06
4.256068E+03	6.923715E-05	7.978073E-06
4.256266E+03	6.922852E-05	7.976499E-06
4.256860E+03	6.923342E-05	7.975324E-06
4.257059E+03	6.923376E-05	7.974783E-06
4.257257E+03	6.932929E-05	7.985206E-06
4.257455E+03	6.956508E-05	8.011781E-06
4.257653E+03	6.947283E-05	8.000574E-06
4.257851E+03	6.946161E-05	7.998701E-06
4.258049E+03	6.967824E-05	8.023063E-06
4.258445E+03	6.952194E-05	8.003901E-06
4.258643E+03	6.918223E-05	7.964211E-06
4.258841E+03	6.893126E-05	7.934743E-06
4.259039E+03	6.890571E-05	7.931225E-06
4.259237E+03	6.892398E-05	7.932750E-06
4.259435E+03	6.877078E-05	7.914542E-06
4.259633E+03	6.879676E-05	7.916955E-06
4.259831E+03	6.874276E-05	7.910166E-06
4.260029E+03	6.889642E-05	7.927270E-06
4.260227E+03	6.882952E-05	7.918996E-06
4.260425E+03	6.847091E-05	7.877163E-06
4.260623E+03	6.818444E-05	7.843635E-06
4.260822E+03	6.810959E-05	7.834454E-06
4.261020E+03	6.817287E-05	7.841162E-06
4.261218E+03	6.818062E-05	7.841483E-06
4.261416E+03	6.830594E-05	7.855324E-06
4.261614E+03	6.821036E-05	7.843759E-06
4.262010E+03	6.820132E-05	7.841578E-06
4.262209E+03	6.828284E-05	7.850376E-06
4.262407E+03	6.827637E-05	7.849059E-06
4.262605E+03	6.849757E-05	7.873914E-06
4.262803E+03	6.853512E-05	7.877656E-06
4.263001E+03	6.853516E-05	7.877088E-06
4.263199E+03	6.841872E-05	7.863131E-06
4.263397E+03	6.837212E-05	7.857202E-06
4.263595E+03	6.812477E-05	7.828207E-06
4.263991E+03	6.798345E-05	7.810828E-06
4.264189E+03	6.788486E-05	7.798932E-06
4.264387E+03	6.774867E-05	7.782718E-06
4.264585E+03	6.773554E-05	7.780642E-06
4.264784E+03	6.780408E-05	7.787947E-06
4.265180E+03	6.758585E-05	7.761748E-06
4.265378E+03	6.754022E-05	7.755942E-06
4.265576E+03	6.743620E-05	7.743432E-06
4.265774E+03	6.740739E-05	7.739558E-06
4.265972E+03	6.759404E-05	7.760423E-06
4.266170E+03	6.765482E-05	7.766835E-06
4.266368E+03	6.761173E-05	7.761321E-06
4.266565E+03	6.759850E-05	7.759238E-06
4.266763E+03	6.765022E-05	7.764608E-06
4.267357E+03	6.762217E-05	7.759688E-06
4.267555E+03	6.762841E-05	7.759837E-06
4.267753E+03	6.779720E-05	7.778637E-06
4.267951E+03	6.770460E-05	7.767444E-06
4.268149E+03	6.745714E-05	7.738490E-06
4.268347E+03	6.730196E-05	7.720123E-06
4.268546E+03	6.729118E-05	7.718322E-06
4.268744E+03	6.743403E-05	7.734142E-06
4.268942E+03	6.711596E-05	7.697100E-06
4.269141E+03	6.699970E-05	7.683202E-06
4.269339E+03	6.712952E-05	7.697527E-06
4.269537E+03	6.727375E-05	7.713500E-06
4.269735E+03	6.728898E-05	7.714683E-06
4.269933E+03	6.722601E-05	7.706900E-06
4.270131E+03	6.723994E-05	7.707933E-06
4.270329E+03	6.753685E-05	7.741403E-06
4.270527E+03	6.749344E-05	7.735861E-06
4.270725E+03	6.734957E-05	7.718807E-06
4.270923E+03	6.741308E-05	7.725520E-06
4.271121E+03	6.757192E-05	7.743157E-06
4.271319E+03	6.736790E-05	7.719213E-06
4.271517E+03	6.728914E-05	7.709624E-06
4.271715E+03	6.738273E-05	7.719782E-06
4.271913E+03	6.755342E-05	7.738771E-06
4.272508E+03	6.774694E-05	7.759236E-06
4.272706E+03	6.780018E-05	7.764765E-06
4.272904E+03	6.795933E-05	7.782422E-06
4.273102E+03	6.767650E-05	7.749466E-06
4.273300E+03	6.756883E-05	7.736571E-06
4.273696E+03	6.750253E-05	7.727847E-06
4.273894E+03	6.741046E-05	7.716741E-06
4.274092E+03	6.740474E-05	7.715522E-06
4.274290E+03	6.735842E-05	7.709655E-06
4.274488E+03	6.726623E-05	7.698538E-06
4.274686E+03	6.738361E-05	7.711407E-06
4.274884E+03	6.757048E-05	7.732226E-06
4.275082E+03	6.755560E-05	7.729957E-06
4.275280E+03	6.762852E-05	7.737734E-06
4.275478E+03	6.746549E-05	7.718514E-06
4.275676E+03	6.725908E-05	7.694336E-06
4.275875E+03	6.721401E-05	7.688613E-06
4.276073E+03	6.719113E-05	7.685433E-06
4.276271E+03	6.696224E-05	7.658690E-06
4.276470E+03	6.688417E-05	7.649200E-06
4.277064E+03	6.690977E-05	7.650444E-06
4.277262E+03	6.702339E-05	7.662873E-06
4.277460E+03	6.720798E-05	7.683415E-06
4.277658E+03	6.734536E-05	7.698555E-06
4.277856E+03	6.763785E-05	7.731424E-06
4.278054E+03	6.763337E-05	7.730344E-06
4.278252E+03	6.757892E-05	7.723554E-06
4.278450E+03	6.746396E-05	7.709849E-06
4.278647E+03	6.745285E-05	7.708016E-06
4.279241E+03	6.751555E-05	7.713483E-06
4.279439E+03	6.735566E-05	7.694650E-06
4.279637E+03	6.719044E-05	7.675212E-06
4.279835E+03	6.725430E-05	7.681942E-06
4.280033E+03	6.730632E-05	7.687320E-06
4.280232E+03	6.722662E-05	7.677654E-06
4.280430E+03	6.708098E-05	7.660457E-06
4.280628E+03	6.693790E-05	7.643556E-06
4.280826E+03	6.700703E-05	7.650889E-06
4.281024E+03	6.694035E-05	7.642713E-06
4.281222E+03	6.686706E-05	7.633784E-06
4.281420E+03	6.678977E-05	7.624400E-06
4.281618E+03	6.670717E-05	7.614412E-06
4.281816E+03	6.661132E-05	7.602911E-06
4.282014E+03	6.650883E-05	7.590656E-06
4.282212E+03	6.639969E-05	7.577643E-06
4.282410E+03	6.628391E-05	7.563874E-06
4.282609E+03	6.615229E-05	7.548295E-06
4.282807E+03	6.599808E-05	7.530146E-06
4.283005E+03	6.604729E-05	7.535207E-06
4.283203E+03	6.586259E-05	7.513582E-06
4.283401E+03	6.589858E-05	7.517135E-06
4.283599E+03	6.564897E-05	7.488111E-06
4.283797E+03	6.539530E-05	7.458628E-06
4.283995E+03	6.533330E-05	7.451008E-06
4.284194E+03	6.534802E-05	7.452138E-06
4.284392E+03	6.539581E-05	7.457039E-06
4.284590E+03	6.547407E-05	7.465414E-06
4.284986E+03	6.555120E-05	7.473109E-06
4.285184E+03	6.555934E-05	7.473486E-06
4.285382E+03	6.568667E-05	7.487450E-06
4.285580E+03	6.572132E-05	7.490848E-06
4.285778E+03	6.578381E-05	7.497419E-06
4.285976E+03	6.590861E-05	7.511089E-06
4.286174E+03	6.623232E-05	7.547424E-06
4.286372E+03	6.643945E-05	7.570470E-06
4.286570E+03	6.651140E-05	7.578110E-06
4.286768E+03	6.662051E-05	7.589982E-06
4.286966E+03	6.658902E-05	7.585836E-06
4.287164E+03	6.648985E-05	7.573980E-06
4.287362E+03	6.662820E-05	7.589181E-06
4.287758E+03	6.675505E-05	7.602508E-06
4.287957E+03	6.676337E-05	7.602896E-06
4.288155E+03	6.677701E-05	7.603889E-06
4.288353E+03	6.677605E-05	7.603219E-06
4.288551E+03	6.659831E-05	7.582422E-06
4.288749E+03	6.631816E-05	7.549970E-06
4.288947E+03	6.637292E-05	7.555646E-06
4.289145E+03	6.646491E-05	7.565561E-06
4.289344E+03	6.664614E-05	7.585627E-06
4.289542E+03	6.665044E-05	7.585557E-06
4.289740E+03	6.677048E-05	7.598659E-06
4.289938E+03	6.675750E-05	7.596621E-06
4.290135E+03	6.670589E-05	7.590191E-06
4.290334E+03	6.673281E-05	7.592691E-06
4.290532E+03	6.674908E-05	7.593982E-06
4.290729E+03	6.695183E-05	7.616489E-06
4.290927E+03	6.704009E-05	7.625968E-06
4.291125E+03	6.708973E-05	7.631051E-06
4.291323E+03	6.718870E-05	7.641745E-06
4.291521E+03	6.733836E-05	7.658201E-06
4.291719E+03	6.733075E-05	7.656770E-06
4.291918E+03	6.734314E-05	7.657614E-06
4.292116E+03	6.736353E-05	7.659367E-06
4.292314E+03	6.729587E-05	7.651109E-06
4.292512E+03	6.704270E-05	7.621762E-06
4.292710E+03	6.707369E-05	7.624722E-06
4.292908E+03	6.733965E-05	7.654390E-06
4.293106E+03	6.732533E-05	7.652197E-06
4.293502E+03	6.726324E-05	7.644010E-06
4.293700E+03	6.741856E-05	7.661095E-06
4.293898E+03	6.742558E-05	7.661327E-06
4.294096E+03	6.718669E-05	7.633619E-06
4.294294E+03	6.705330E-05	7.617900E-06
4.294492E+03	6.691450E-05	7.601569E-06
4.294690E+03	6.699097E-05	7.609694E-06
4.294888E+03	6.722263E-05	7.635445E-06
4.295086E+03	6.734333E-05	7.648588E-06
4.295284E+03	6.746808E-05	7.662191E-06
4.295482E+03	6.744699E-05	7.659229E-06
4.295681E+03	6.767489E-05	7.684541E-06
4.295879E+03	6.795510E-05	7.715789E-06
4.296077E+03	6.812694E-05	7.734728E-06
4.296276E+03	6.818102E-05	7.740293E-06
4.296474E+03	6.842399E-05	7.767302E-06
4.296672E+03	6.838428E-05	7.762219E-06
4.296870E+03	6.831372E-05	7.753637E-06
4.297068E+03	6.824311E-05	7.745050E-06
4.297464E+03	6.814072E-05	7.732285E-06
4.297662E+03	6.831149E-05	7.751089E-06
4.297860E+03	6.844746E-05	7.765942E-06
4.298058E+03	6.838752E-05	7.758567E-06
4.298256E+03	6.842824E-05	7.762612E-06
4.298454E+03	6.854683E-05	7.775490E-06
4.298652E+03	6.876483E-05	7.799640E-06
4.298850E+03	6.864849E-05	7.785868E-06
4.299048E+03	6.874973E-05	7.796773E-06
4.299246E+03	6.878919E-05	7.800671E-06
4.299444E+03	6.868889E-05	7.788719E-06
4.299643E+03	6.872028E-05	7.791702E-06
4.299841E+03	6.864950E-05	7.783100E-06
4.300039E+03	6.854506E-05	7.770684E-06
4.300237E+03	6.864502E-05	7.781439E-06
4.300435E+03	6.861452E-05	7.777405E-06
4.300633E+03	6.867686E-05	7.783895E-06
4.300831E+03	6.858174E-05	7.772538E-06
4.301029E+03	6.860101E-05	7.774145E-06
4.301227E+03	6.871990E-05	7.787041E-06
4.301425E+03	6.876343E-05	7.791396E-06
4.301623E+03	6.906693E-05	7.825205E-06
4.301821E+03	6.912939E-05	7.831702E-06
4.302415E+03	6.936275E-05	7.856391E-06
4.302612E+03	6.931609E-05	7.850527E-06
4.302810E+03	6.927346E-05	7.845117E-06
4.303009E+03	6.912971E-05	7.828254E-06
4.303207E+03	6.868770E-05	7.777623E-06
4.303405E+03	6.858552E-05	7.765477E-06
4.303604E+03	6.861016E-05	7.767691E-06
4.303802E+03	6.866048E-05	7.772811E-06
4.304000E+03	6.875805E-05	7.783280E-06
4.304198E+03	6.889752E-05	7.798488E-06
4.304396E+03	6.872233E-05	7.778081E-06
4.304594E+03	6.840655E-05	7.741766E-06
4.304990E+03	6.816251E-05	7.713002E-06
4.305188E+03	6.795455E-05	7.688899E-06
4.305386E+03	6.802099E-05	7.695845E-06
4.305584E+03	6.798603E-05	7.691319E-06
4.305782E+03	6.797945E-05	7.690003E-06
4.306376E+03	6.789739E-05	7.679010E-06
4.306574E+03	6.811415E-05	7.702952E-06
4.306772E+03	6.834451E-05	7.728429E-06
4.306970E+03	6.845849E-05	7.740743E-06
4.307367E+03	6.863780E-05	7.759865E-06
4.307565E+03	6.889690E-05	7.788578E-06
4.307763E+03	6.896092E-05	7.795237E-06
4.307961E+03	6.900192E-05	7.799291E-06
4.308159E+03	6.895344E-05	7.793232E-06
4.308357E+03	6.872456E-05	7.766787E-06
4.308555E+03	6.847524E-05	7.738035E-06
4.308753E+03	6.840218E-05	7.729204E-06
4.309149E+03	6.826141E-05	7.712150E-06
4.309347E+03	6.830636E-05	7.716655E-06
4.309545E+03	6.865412E-05	7.755365E-06
4.309744E+03	6.888120E-05	7.780435E-06
4.309942E+03	6.887603E-05	7.779272E-06
4.310140E+03	6.869695E-05	7.758469E-06
4.310338E+03	6.853818E-05	7.739962E-06
4.310536E+03	6.867155E-05	7.754446E-06
4.310734E+03	6.859834E-05	7.745602E-06
4.310932E+03	6.847615E-05	7.731231E-06
4.311130E+03	6.870071E-05	7.756007E-06
4.311329E+03	6.887366E-05	7.774953E-06
4.311725E+03	6.884959E-05	7.771080E-06
4.311923E+03	6.891241E-05	7.777591E-06
4.312121E+03	6.877377E-05	7.761366E-06
4.312319E+03	6.873175E-05	7.756046E-06
4.312913E+03	6.872817E-05	7.753909E-06
4.313111E+03	6.861112E-05	7.740128E-06
4.313309E+03	6.858944E-05	7.737106E-06
4.313507E+03	6.852547E-05	7.729314E-06
4.313705E+03	6.867831E-05	7.745976E-06
4.313903E+03	6.871252E-05	7.749257E-06
4.314101E+03	6.869629E-05	7.746849E-06
4.314497E+03	6.880706E-05	7.758185E-06
4.314694E+03	6.895733E-05	7.774551E-06
4.314892E+03	6.911722E-05	7.791998E-06
4.315091E+03	6.932087E-05	7.814373E-06
4.315290E+03	6.927464E-05	7.808577E-06
4.315487E+03	6.919153E-05	7.798630E-06
4.315685E+03	6.904006E-05	7.780978E-06
4.315883E+03	6.909897E-05	7.787037E-06
4.316081E+03	6.901576E-05	7.777079E-06
4.316477E+03	6.886424E-05	7.758847E-06
4.316676E+03	6.887262E-05	7.759210E-06
4.316874E+03	6.877422E-05	7.747546E-06
4.317072E+03	6.859642E-05	7.726940E-06
4.317270E+03	6.869909E-05	7.737928E-06
4.317468E+03	6.868956E-05	7.736277E-06
4.317666E+03	6.864168E-05	7.730308E-06
4.317864E+03	6.861568E-05	7.726803E-06
4.318062E+03	6.844450E-05	7.706952E-06
4.318260E+03	6.837188E-05	7.698199E-06
4.318458E+03	6.851569E-05	7.713815E-06
4.318656E+03	6.869793E-05	7.733756E-06
4.318854E+03	6.867876E-05	7.731021E-06
4.319053E+03	6.869933E-05	7.732759E-06
4.319251E+03	6.864448E-05	7.726008E-06
4.319449E+03	6.876652E-05	7.739166E-06
4.319647E+03	6.896408E-05	7.760819E-06
4.319845E+03	6.900389E-05	7.764720E-06
4.320241E+03	6.903281E-05	7.766814E-06
4.320439E+03	6.906442E-05	7.769790E-06
4.320637E+03	6.922649E-05	7.787441E-06
4.320835E+03	6.902192E-05	7.763849E-06
4.321033E+03	6.892855E-05	7.752766E-06
4.321231E+03	6.910167E-05	7.771657E-06
4.321429E+03	6.926386E-05	7.789316E-06
4.321627E+03	6.918694E-05	7.780085E-06
4.321825E+03	6.911411E-05	7.771313E-06
4.322023E+03	6.905776E-05	7.764397E-06
4.322221E+03	6.917741E-05	7.777268E-06
4.322419E+03	6.929437E-05	7.789835E-06
4.322617E+03	6.931918E-05	7.792041E-06
4.322815E+03	6.934948E-05	7.794865E-06
4.323014E+03	6.955461E-05	7.817336E-06
4.323212E+03	6.961252E-05	7.823259E-06
4.323411E+03	6.954107E-05	7.814642E-06
4.323609E+03	6.959761E-05	7.820411E-06
4.323807E+03	6.972028E-05	7.833609E-06
4.324005E+03	6.996285E-05	7.860275E-06
4.324203E+03	7.006771E-05	7.871468E-06
4.324401E+03	6.989695E-05	7.851697E-06
4.324599E+03	6.978954E-05	7.839044E-06
4.324797E+03	6.983238E-05	7.843269E-06
4.324995E+03	6.985040E-05	7.844706E-06
4.325193E+03	6.959942E-05	7.815934E-06
4.325391E+03	6.937042E-05	7.789635E-06
4.325589E+03	6.941733E-05	7.794318E-06
4.325787E+03	6.910263E-05	7.758402E-06
4.325985E+03	6.891480E-05	7.736735E-06
4.326183E+03	6.884977E-05	7.728856E-06
4.326381E+03	6.866872E-05	7.707954E-06
4.326579E+03	6.861742E-05	7.701619E-06
4.326777E+03	6.889908E-05	7.732657E-06
4.326975E+03	6.916150E-05	7.761527E-06
4.327173E+03	6.934939E-05	7.782030E-06
4.327372E+03	6.947236E-05	7.795242E-06
4.327569E+03	6.933404E-05	7.779142E-06
4.328361E+03	6.936001E-05	7.779723E-06
4.328559E+03	6.927549E-05	7.769660E-06
4.328955E+03	6.925035E-05	7.765676E-06
4.329153E+03	6.937625E-05	7.779212E-06
4.329351E+03	6.945371E-05	7.787313E-06
4.329549E+03	6.947025E-05	7.788584E-06
4.329747E+03	6.938977E-05	7.778978E-06
4.329945E+03	6.930789E-05	7.769215E-06
4.330144E+03	6.930921E-05	7.768778E-06
4.330342E+03	6.939920E-05	7.778281E-06
4.330540E+03	6.914388E-05	7.749083E-06
4.330739E+03	6.908961E-05	7.742421E-06
4.330937E+03	6.904779E-05	7.737154E-06
4.331135E+03	6.889909E-05	7.719912E-06
4.331333E+03	6.874756E-05	7.702355E-06
4.331531E+03	6.906935E-05	7.737827E-06
4.331729E+03	6.917881E-05	7.749509E-06
4.331927E+03	6.927859E-05	7.760104E-06
4.332125E+03	6.932703E-05	7.764947E-06
4.332323E+03	6.920041E-05	7.750183E-06
4.332521E+03	6.915989E-05	7.745063E-06
4.332719E+03	6.900818E-05	7.727494E-06
4.332917E+03	6.900651E-05	7.726727E-06
4.333115E+03	6.887278E-05	7.711173E-06
4.333313E+03	6.880155E-05	7.702620E-06
4.333511E+03	6.898068E-05	7.722095E-06
4.333709E+03	6.910699E-05	7.735653E-06
4.333907E+03	6.914707E-05	7.739558E-06
4.334105E+03	6.924980E-05	7.750475E-06
4.334303E+03	6.968527E-05	7.798627E-06
4.334502E+03	6.998864E-05	7.831990E-06
4.334700E+03	7.015564E-05	7.850088E-06
4.335294E+03	7.011497E-05	7.843768E-06
4.335492E+03	7.004516E-05	7.835370E-06
4.335690E+03	7.003808E-05	7.833989E-06
4.335888E+03	7.003516E-05	7.833074E-06
4.336086E+03	6.999458E-05	7.827946E-06
4.336284E+03	6.995817E-05	7.823286E-06
4.336482E+03	7.012123E-05	7.840932E-06
4.336680E+03	7.031506E-05	7.862014E-06
4.336879E+03	7.023966E-05	7.852990E-06
4.337077E+03	7.021722E-05	7.849890E-06
4.337275E+03	7.042092E-05	7.872071E-06
4.337473E+03	7.054931E-05	7.885830E-06
4.337671E+03	7.081462E-05	7.914891E-06
4.337869E+03	7.112054E-05	7.948485E-06
4.338067E+03	7.126310E-05	7.963818E-06
4.338265E+03	7.131485E-05	7.969002E-06
4.338464E+03	7.140856E-05	7.978873E-06
4.338662E+03	7.150791E-05	7.989373E-06
4.339057E+03	7.143814E-05	7.980380E-06
4.339255E+03	7.126335E-05	7.960254E-06
4.339454E+03	7.127036E-05	7.960436E-06
4.339651E+03	7.123120E-05	7.955465E-06
4.339849E+03	7.114023E-05	7.944707E-06
4.340047E+03	7.106461E-05	7.935665E-06
4.340245E+03	7.107439E-05	7.936159E-06
4.340443E+03	7.111636E-05	7.940248E-06
4.340641E+03	7.124941E-05	7.954504E-06
4.340839E+03	7.114432E-05	7.942173E-06
4.341037E+03	7.078411E-05	7.901366E-06
4.341235E+03	7.071533E-05	7.893094E-06
4.341433E+03	7.064370E-05	7.884505E-06
4.341631E+03	7.059728E-05	7.878730E-06
4.341829E+03	7.079487E-05	7.900187E-06
4.342027E+03	7.083401E-05	7.903958E-06
4.342226E+03	7.083109E-05	7.903037E-06
4.342424E+03	7.089130E-05	7.909158E-06
4.342622E+03	7.093609E-05	7.913559E-06
4.343018E+03	7.095831E-05	7.914845E-06
4.343216E+03	7.112953E-05	7.933346E-06
4.343414E+03	7.122635E-05	7.943546E-06
4.343612E+03	7.126842E-05	7.947638E-06
4.343811E+03	7.127826E-05	7.948133E-06
4.344009E+03	7.130488E-05	7.950502E-06
4.344207E+03	7.139337E-05	7.959768E-06
4.344405E+03	7.137642E-05	7.957279E-06
4.344603E+03	7.133556E-05	7.952123E-06
4.344801E+03	7.128624E-05	7.946026E-06
4.344999E+03	7.136775E-05	7.954511E-06
4.345197E+03	7.125086E-05	7.940884E-06
4.345395E+03	7.113954E-05	7.927880E-06
4.345593E+03	7.128862E-05	7.943894E-06
4.345791E+03	7.156446E-05	7.974030E-06
4.345989E+03	7.162214E-05	7.979854E-06
4.346188E+03	7.134036E-05	7.947859E-06
4.346584E+03	7.136265E-05	7.949143E-06
4.346782E+03	7.159225E-05	7.974116E-06
4.347178E+03	7.177676E-05	7.993460E-06
4.347376E+03	7.190504E-05	8.007142E-06
4.347574E+03	7.183447E-05	7.998679E-06
4.347772E+03	7.172294E-05	7.985658E-06
4.347970E+03	7.176520E-05	7.989760E-06
4.348168E+03	7.183708E-05	7.997158E-06
4.348366E+03	7.166762E-05	7.977690E-06
4.348564E+03	7.138372E-05	7.945488E-06
4.348762E+03	7.128751E-05	7.934179E-06
4.348960E+03	7.118279E-05	7.921926E-06
4.349158E+03	7.106673E-05	7.908412E-06
4.349356E+03	7.097604E-05	7.897723E-06
4.349554E+03	7.098142E-05	7.897725E-06
4.349752E+03	7.099104E-05	7.898198E-06
4.349950E+03	7.089321E-05	7.886718E-06
4.350149E+03	7.076140E-05	7.871460E-06
4.350347E+03	7.090958E-05	7.887347E-06
4.350546E+03	7.112010E-05	7.910163E-06
4.350744E+03	7.134340E-05	7.934399E-06
4.350942E+03	7.135165E-05	7.934716E-06
4.351337E+03	7.126623E-05	7.924022E-06
4.351536E+03	7.145288E-05	7.944172E-06
4.351733E+03	7.168351E-05	7.969213E-06
4.351931E+03	7.202188E-05	8.006225E-06
4.352129E+03	7.201466E-05	8.004816E-06
4.352327E+03	7.178921E-05	7.979153E-06
4.352525E+03	7.182587E-05	7.982624E-06
4.352723E+03	7.187673E-05	7.987672E-06
4.352921E+03	7.167803E-05	7.964988E-06
4.353119E+03	7.157853E-05	7.953330E-06
4.353317E+03	7.177546E-05	7.974608E-06
4.353515E+03	7.176958E-05	7.973351E-06
4.353713E+03	7.170125E-05	7.965156E-06
4.353912E+03	7.170668E-05	7.965157E-06
4.354110E+03	7.174477E-05	7.968785E-06
4.354308E+03	7.179564E-05	7.973832E-06
4.354506E+03	7.185648E-05	7.979984E-06
4.354704E+03	7.195285E-05	7.990082E-06
4.354902E+03	7.194553E-05	7.988664E-06
4.355100E+03	7.180179E-05	7.972100E-06
4.355298E+03	7.181575E-05	7.973046E-06
4.355496E+03	7.180982E-05	7.971784E-06
4.355694E+03	7.184795E-05	7.975412E-06
4.355892E+03	7.173536E-05	7.962311E-06
4.356090E+03	7.174930E-05	7.963256E-06
4.356288E+03	7.174190E-05	7.961832E-06
4.356486E+03	7.171316E-05	7.958038E-06
4.356684E+03	7.162177E-05	7.947294E-06
4.356882E+03	7.168977E-05	7.954238E-06
4.357080E+03	7.187313E-05	7.973978E-06
4.357279E+03	7.180598E-05	7.965921E-06
4.357477E+03	7.181280E-05	7.966074E-06
4.357675E+03	7.228974E-05	8.018373E-06
4.357874E+03	7.236645E-05	8.026272E-06
4.358270E+03	7.216363E-05	8.002564E-06
4.358468E+03	7.233732E-05	8.021217E-06
4.358666E+03	7.249537E-05	8.038133E-06
4.358864E+03	7.256648E-05	8.045408E-06
4.359062E+03	7.256200E-05	8.044302E-06
4.359260E+03	7.276441E-05	8.066129E-06
4.359458E+03	7.309248E-05	8.101882E-06
4.359656E+03	7.294394E-05	8.084803E-06
4.359854E+03	7.289383E-05	8.078637E-06
4.360052E+03	7.284800E-05	8.072945E-06
4.360250E+03	7.295780E-05	8.084499E-06
4.360448E+03	7.324049E-05	8.115208E-06
4.360646E+03	7.342897E-05	8.135476E-06
4.360844E+03	7.331317E-05	8.122029E-06
4.361042E+03	7.334593E-05	8.125042E-06
4.361240E+03	7.347023E-05	8.138194E-06
4.361438E+03	7.364745E-05	8.157205E-06
4.361835E+03	7.364306E-05	8.155481E-06
4.362033E+03	7.386620E-05	8.179571E-06
4.362231E+03	7.389051E-05	8.181642E-06
4.362429E+03	7.399640E-05	8.192745E-06
4.362627E+03	7.432851E-05	8.228890E-06
4.362825E+03	7.438155E-05	8.234137E-06
4.363022E+03	7.429712E-05	8.224169E-06
4.363220E+03	7.438166E-05	8.232902E-06
4.363419E+03	7.460522E-05	8.257016E-06
4.363617E+03	7.455515E-05	8.250848E-06
4.364211E+03	7.451816E-05	8.244876E-06
4.364409E+03	7.442933E-05	8.234420E-06
4.364607E+03	7.429453E-05	8.218883E-06
4.364805E+03	7.413386E-05	8.200486E-06
4.365003E+03	7.400469E-05	8.185575E-06
4.365201E+03	7.382381E-05	8.164948E-06
4.365399E+03	7.362132E-05	8.141933E-06
4.365598E+03	7.353217E-05	8.131455E-06
4.365796E+03	7.358226E-05	8.136376E-06
4.365994E+03	7.359789E-05	8.137486E-06
4.366192E+03	7.372269E-05	8.150665E-06
4.366390E+03	7.372975E-05	8.150825E-06
4.366588E+03	7.392216E-05	8.171475E-06
4.366786E+03	7.415489E-05	8.196578E-06
4.366984E+03	7.414044E-05	8.194358E-06
4.367182E+03	7.425683E-05	8.206598E-06
4.367974E+03	7.430834E-05	8.209792E-06
4.368172E+03	7.420464E-05	8.197711E-06
4.368370E+03	7.425206E-05	8.202325E-06
4.368568E+03	7.435275E-05	8.212823E-06
4.368766E+03	7.439586E-05	8.216960E-06
4.368964E+03	7.432808E-05	8.208849E-06
4.369162E+03	7.433953E-05	8.209488E-06
4.369360E+03	7.435528E-05	8.210603E-06
4.369559E+03	7.431050E-05	8.205034E-06
4.369757E+03	7.436660E-05	8.210603E-06
4.369955E+03	7.450202E-05	8.224928E-06
4.370549E+03	7.477440E-05	8.253113E-06
4.370748E+03	7.507311E-05	8.285449E-06
4.370946E+03	7.538629E-05	8.319379E-06
4.371144E+03	7.570678E-05	8.354111E-06
4.371342E+03	7.573578E-05	8.356674E-06
4.371540E+03	7.560304E-05	8.341393E-06
4.371738E+03	7.571578E-05	8.353195E-06
4.371936E+03	7.585745E-05	8.368187E-06
4.372134E+03	7.587492E-05	8.369477E-06
4.372332E+03	7.605279E-05	8.388458E-06
4.372926E+03	7.629617E-05	8.413378E-06
4.373124E+03	7.616331E-05	8.398087E-06
4.373323E+03	7.596819E-05	8.375934E-06
4.373521E+03	7.597698E-05	8.376265E-06
4.374115E+03	7.596717E-05	8.373268E-06
4.374313E+03	7.606427E-05	8.383331E-06
4.374511E+03	7.609480E-05	8.386056E-06
4.374709E+03	7.616007E-05	8.392610E-06
4.374907E+03	7.621090E-05	8.397570E-06
4.375104E+03	7.616176E-05	8.391519E-06
4.375501E+03	7.602718E-05	8.375409E-06
4.375699E+03	7.594026E-05	8.365196E-06
4.375896E+03	7.602295E-05	8.373669E-06
4.376094E+03	7.614340E-05	8.386297E-06
4.376292E+03	7.627549E-05	8.400203E-06
4.376490E+03	7.636266E-05	8.409162E-06
4.376886E+03	7.623369E-05	8.393679E-06
4.377084E+03	7.633394E-05	8.404074E-06
4.377283E+03	7.644149E-05	8.415273E-06
4.377481E+03	7.649970E-05	8.421038E-06
4.377878E+03	7.684432E-05	8.457680E-06
4.378076E+03	7.697674E-05	8.471607E-06
4.378274E+03	7.678797E-05	8.450187E-06
4.378472E+03	7.683029E-05	8.454199E-06
4.378670E+03	7.693222E-05	8.464768E-06
4.378868E+03	7.723343E-05	8.497261E-06
4.379264E+03	7.723241E-05	8.495852E-06
4.379858E+03	7.721557E-05	8.492053E-06
4.380056E+03	7.733660E-05	8.504713E-06
4.380254E+03	7.731060E-05	8.501204E-06
4.380452E+03	7.746229E-05	8.517234E-06
4.380650E+03	7.734304E-05	8.503472E-06
4.380848E+03	7.749769E-05	8.519824E-06
4.381047E+03	7.759847E-05	8.530252E-06
4.381245E+03	7.757832E-05	8.527385E-06
4.381443E+03	7.759896E-05	8.529001E-06
4.381641E+03	7.753795E-05	8.521644E-06
4.381839E+03	7.755420E-05	8.522779E-06
4.382037E+03	7.766527E-05	8.534332E-06
4.382235E+03	7.781868E-05	8.550536E-06
4.382433E+03	7.777953E-05	8.545581E-06
4.382829E+03	7.782672E-05	8.549458E-06
4.383027E+03	7.785033E-05	8.551397E-06
4.383225E+03	7.799369E-05	8.566489E-06
4.383423E+03	7.828609E-05	8.597947E-06
4.383621E+03	7.830978E-05	8.599891E-06
4.383819E+03	7.854826E-05	8.625421E-06
4.384017E+03	7.863484E-05	8.634269E-06
4.384414E+03	7.877162E-05	8.647960E-06
4.384612E+03	7.891383E-05	8.662910E-06
4.384810E+03	7.887475E-05	8.657958E-06
4.385009E+03	7.892342E-05	8.662636E-06
4.385207E+03	7.903063E-05	8.673740E-06
4.385405E+03	7.903543E-05	8.673603E-06
4.385603E+03	7.902705E-05	8.672020E-06
4.385801E+03	7.888983E-05	8.656299E-06
4.385999E+03	7.888726E-05	8.655355E-06
4.386197E+03	7.912342E-05	8.680601E-06
4.386395E+03	7.935234E-05	8.705049E-06
4.386593E+03	7.940847E-05	8.710540E-06
4.387186E+03	7.950068E-05	8.718654E-06
4.387583E+03	7.996500E-05	8.768228E-06
4.387781E+03	8.020609E-05	8.793991E-06
4.387978E+03	8.035041E-05	8.809143E-06
4.388176E+03	8.074719E-05	8.851966E-06
4.388374E+03	8.106486E-05	8.886110E-06
4.388572E+03	8.123881E-05	8.904495E-06
4.388770E+03	8.145097E-05	8.927066E-06
4.388969E+03	8.165293E-05	8.948515E-06
4.389365E+03	8.183818E-05	8.967442E-06
4.389563E+03	8.197127E-05	8.981337E-06
4.389761E+03	8.208234E-05	8.992817E-06
4.389959E+03	8.223168E-05	9.008489E-06
4.390157E+03	8.257072E-05	9.044936E-06
4.390553E+03	8.258880E-05	9.045530E-06
4.390751E+03	8.275891E-05	9.063466E-06
4.390949E+03	8.312330E-05	9.102675E-06
4.391346E+03	8.348459E-05	9.140833E-06
4.391544E+03	8.380365E-05	9.175065E-06
4.391742E+03	8.387108E-05	9.181742E-06
4.391940E+03	8.382660E-05	9.176169E-06
4.392138E+03	8.386309E-05	9.179460E-06
4.392336E+03	8.425466E-05	9.221612E-06
4.392733E+03	8.467123E-05	9.265783E-06
4.392931E+03	8.483172E-05	9.282635E-06
4.393129E+03	8.496867E-05	9.296907E-06
4.393327E+03	8.501720E-05	9.301503E-06
4.393525E+03	8.492268E-05	9.290449E-06
4.393723E+03	8.478682E-05	9.274873E-06
4.393921E+03	8.478957E-05	9.274463E-06
4.394119E+03	8.516569E-05	9.314888E-06
4.394317E+03	8.521870E-05	9.319971E-06
4.394515E+03	8.510195E-05	9.306488E-06
4.394911E+03	8.544576E-05	9.342652E-06
4.395109E+03	8.564804E-05	9.364050E-06
4.395307E+03	8.571003E-05	9.370107E-06
4.395505E+03	8.582670E-05	9.382142E-06
4.395703E+03	8.616069E-05	9.417929E-06
4.395901E+03	8.649776E-05	9.454046E-06
4.396099E+03	8.643870E-05	9.446865E-06
4.396297E+03	8.641657E-05	9.443722E-06
4.396892E+03	8.649809E-05	9.450452E-06
4.397090E+03	8.685629E-05	9.488858E-06
4.397288E+03	8.713764E-05	9.518863E-06
4.397486E+03	8.722663E-05	9.527853E-06
4.397684E+03	8.733342E-05	9.538785E-06
4.397883E+03	8.746699E-05	9.552636E-06
4.398081E+03	8.764052E-05	9.570852E-06
4.398279E+03	8.778890E-05	9.586319E-06
4.398477E+03	8.797589E-05	9.605999E-06
4.399268E+03	8.802891E-05	9.608837E-06
4.399466E+03	8.830508E-05	9.638241E-06
4.399665E+03	8.882020E-05	9.693716E-06
4.399863E+03	8.897196E-05	9.709532E-06
4.400060E+03	8.918760E-05	9.732320E-06
4.400258E+03	8.930089E-05	9.743933E-06
4.400457E+03	8.940530E-05	9.754576E-06
4.400655E+03	8.950529E-05	9.764734E-06
4.400853E+03	8.964393E-05	9.779107E-06
4.401051E+03	8.975441E-05	9.790406E-06
4.401447E+03	9.007055E-05	9.823378E-06
4.401645E+03	9.036397E-05	9.854621E-06
4.401843E+03	9.038990E-05	9.856690E-06
4.402041E+03	9.033108E-05	9.849519E-06
4.402239E+03	9.039566E-05	9.855802E-06
4.402437E+03	9.058520E-05	9.875708E-06
4.402635E+03	9.068853E-05	9.886211E-06
4.402833E+03	9.082761E-05	9.900611E-06
4.403031E+03	9.092953E-05	9.910957E-06
4.403229E+03	9.109846E-05	9.928606E-06
4.403427E+03	9.126894E-05	9.946420E-06
4.403625E+03	9.156752E-05	9.978191E-06
4.403823E+03	9.185433E-05	1.000867E-05
4.404021E+03	9.200416E-05	1.002423E-05
4.404219E+03	9.190822E-05	1.001300E-05
4.404418E+03	9.204619E-05	1.002726E-05
4.404617E+03	9.222605E-05	1.004608E-05
4.404815E+03	9.252960E-05	1.007837E-05
4.405013E+03	9.279002E-05	1.010595E-05
4.405211E+03	9.290141E-05	1.011731E-05
4.405409E+03	9.289498E-05	1.011583E-05
4.405607E+03	9.294225E-05	1.012020E-05
4.405805E+03	9.311041E-05	1.013772E-05
4.406003E+03	9.334429E-05	1.016241E-05
4.406201E+03	9.347975E-05	1.017637E-05
4.406399E+03	9.358238E-05	1.018676E-05
4.406597E+03	9.374180E-05	1.020332E-05
4.406795E+03	9.360854E-05	1.018803E-05
4.406993E+03	9.354243E-05	1.018005E-05
4.407191E+03	9.361226E-05	1.018687E-05
4.407389E+03	9.369557E-05	1.019515E-05
4.407587E+03	9.376246E-05	1.020164E-05
4.407785E+03	9.382040E-05	1.020716E-05
4.407983E+03	9.380509E-05	1.020471E-05
4.408181E+03	9.369254E-05	1.019168E-05
4.408380E+03	9.363530E-05	1.018466E-05
4.408578E+03	9.381143E-05	1.020304E-05
4.408776E+03	9.384247E-05	1.020562E-05
4.408974E+03	9.411897E-05	1.023490E-05
4.409172E+03	9.428480E-05	1.025215E-05
4.409370E+03	9.448363E-05	1.027297E-05
4.409568E+03	9.471696E-05	1.029755E-05
4.409766E+03	9.487248E-05	1.031366E-05
4.409964E+03	9.523780E-05	1.035258E-05
4.410162E+03	9.550736E-05	1.038108E-05
4.410360E+03	9.570806E-05	1.040209E-05
4.410558E+03	9.584588E-05	1.041627E-05
4.410756E+03	9.585332E-05	1.041627E-05
4.410954E+03	9.570029E-05	1.039884E-05
4.411151E+03	9.591166E-05	1.042101E-05
4.411350E+03	9.634671E-05	1.046746E-05
4.411548E+03	9.661526E-05	1.049583E-05
4.411746E+03	9.644725E-05	1.047677E-05
4.411945E+03	9.643376E-05	1.047449E-05
4.412143E+03	9.691564E-05	1.052602E-05
4.412341E+03	9.732263E-05	1.056941E-05
4.412539E+03	9.746096E-05	1.058362E-05
4.412737E+03	9.784415E-05	1.062441E-05
4.412935E+03	9.838974E-05	1.068283E-05
4.413133E+03	9.845921E-05	1.068954E-05
4.413331E+03	9.845503E-05	1.068827E-05
4.413529E+03	9.862222E-05	1.070559E-05
4.413727E+03	9.899696E-05	1.074544E-05
4.413925E+03	9.940640E-05	1.078905E-05
4.414123E+03	9.938736E-05	1.078615E-05
4.414321E+03	9.972029E-05	1.082144E-05
4.414519E+03	9.990739E-05	1.084091E-05
4.414717E+03	9.998623E-05	1.084862E-05
4.414915E+03	9.990103E-05	1.083854E-05
4.415113E+03	9.993169E-05	1.084103E-05
4.415311E+03	1.001732E-04	1.086639E-05
4.415509E+03	1.004117E-04	1.089142E-05
4.415707E+03	1.005178E-04	1.090209E-05
4.415905E+03	1.005787E-04	1.090785E-05
4.416104E+03	1.005643E-04	1.090545E-05
4.416302E+03	1.007051E-04	1.091987E-05
4.416500E+03	1.010118E-04	1.095228E-05
4.416698E+03	1.013924E-04	1.099270E-05
4.416896E+03	1.017355E-04	1.102905E-05
4.417094E+03	1.017620E-04	1.103106E-05
4.417292E+03	1.018157E-04	1.103603E-05
4.417490E+03	1.023144E-04	1.108923E-05
4.417688E+03	1.025402E-04	1.111284E-05
4.418084E+03	1.024440E-04	1.110070E-05
4.418283E+03	1.024934E-04	1.110519E-05
4.418481E+03	1.027163E-04	1.112848E-05
4.418679E+03	1.027188E-04	1.112789E-05
4.418877E+03	1.028678E-04	1.114318E-05
4.419075E+03	1.031015E-04	1.116763E-05
4.419273E+03	1.031041E-04	1.116704E-05
4.419471E+03	1.029615E-04	1.115073E-05
4.419669E+03	1.032755E-04	1.118387E-05
4.419868E+03	1.033612E-04	1.119229E-05
4.420066E+03	1.032851E-04	1.118319E-05
4.420264E+03	1.032846E-04	1.118227E-05
4.420462E+03	1.032176E-04	1.117415E-05
4.420660E+03	1.033427E-04	1.118682E-05
4.420858E+03	1.034830E-04	1.120114E-05
4.421056E+03	1.034417E-04	1.119580E-05
4.421254E+03	1.033397E-04	1.118391E-05
4.421452E+03	1.031923E-04	1.116709E-05
4.421650E+03	1.029449E-04	1.113945E-05
4.421848E+03	1.026171E-04	1.110312E-05
4.422046E+03	1.023392E-04	1.107219E-05
4.422640E+03	1.021626E-04	1.105053E-05
4.422838E+03	1.019253E-04	1.102400E-05
4.423036E+03	1.020064E-04	1.103192E-05
4.423431E+03	1.021171E-04	1.104218E-05
4.423629E+03	1.019782E-04	1.102631E-05
4.423829E+03	1.019455E-04	1.102192E-05
4.424027E+03	1.021724E-04	1.104559E-05
4.424224E+03	1.024251E-04	1.107206E-05
4.424422E+03	1.023454E-04	1.106258E-05
4.424620E+03	1.024570E-04	1.107379E-05
4.424818E+03	1.027586E-04	1.110552E-05
4.425017E+03	1.026242E-04	1.109014E-05
4.425215E+03	1.024897E-04	1.107475E-05
4.425413E+03	1.024297E-04	1.106740E-05
4.425611E+03	1.024076E-04	1.106416E-05
4.425809E+03	1.025543E-04	1.107915E-05
4.426007E+03	1.027299E-04	1.109726E-05
4.426205E+03	1.029634E-04	1.112162E-05
4.426403E+03	1.031711E-04	1.114319E-05
4.426601E+03	1.033195E-04	1.115836E-05
4.426799E+03	1.032930E-04	1.115463E-05
4.426997E+03	1.030092E-04	1.112312E-05
4.427195E+03	1.029445E-04	1.111527E-05
4.427393E+03	1.030945E-04	1.113060E-05
4.427591E+03	1.032095E-04	1.114216E-05
4.427790E+03	1.033002E-04	1.115108E-05
4.427988E+03	1.034899E-04	1.117070E-05
4.428186E+03	1.034481E-04	1.116532E-05
4.428582E+03	1.035290E-04	1.117232E-05
4.428780E+03	1.036625E-04	1.118586E-05
4.428978E+03	1.038860E-04	1.120910E-05
4.429176E+03	1.041096E-04	1.123236E-05
4.429374E+03	1.040617E-04	1.122632E-05
4.429572E+03	1.041908E-04	1.123937E-05
4.429770E+03	1.047061E-04	1.129408E-05
4.429968E+03	1.051009E-04	1.133579E-05
4.430166E+03	1.052821E-04	1.135445E-05
4.430364E+03	1.057841E-04	1.140771E-05
4.430562E+03	1.060877E-04	1.143956E-05
4.430760E+03	1.057315E-04	1.140026E-05
4.430958E+03	1.056456E-04	1.139012E-05
4.431156E+03	1.058087E-04	1.140682E-05
4.431354E+03	1.058389E-04	1.140919E-05
4.431553E+03	1.057958E-04	1.140365E-05
4.431752E+03	1.057695E-04	1.139993E-05
4.431950E+03	1.058808E-04	1.141104E-05
4.432148E+03	1.057213E-04	1.139297E-05
4.432346E+03	1.056689E-04	1.138644E-05
4.432544E+03	1.054558E-04	1.136259E-05
4.432742E+03	1.055915E-04	1.137633E-05
4.432940E+03	1.060901E-04	1.142916E-05
4.433138E+03	1.063010E-04	1.145099E-05
4.433336E+03	1.063834E-04	1.145898E-05
4.433534E+03	1.063754E-04	1.145723E-05
4.433732E+03	1.064287E-04	1.146208E-05
4.433930E+03	1.062185E-04	1.143855E-05
4.434128E+03	1.062319E-04	1.143911E-05
4.434326E+03	1.061181E-04	1.142596E-05
4.434524E+03	1.060978E-04	1.142289E-05
4.434722E+03	1.062584E-04	1.143929E-05
4.434920E+03	1.060724E-04	1.141838E-05
4.435118E+03	1.060382E-04	1.141382E-05
4.435315E+03	1.061436E-04	1.142428E-05
4.435514E+03	1.061448E-04	1.142351E-05
4.435712E+03	1.061950E-04	1.142803E-05
4.436109E+03	1.062755E-04	1.143491E-05
4.436306E+03	1.062351E-04	1.142969E-05
4.436504E+03	1.065434E-04	1.146196E-05
4.436702E+03	1.067258E-04	1.148069E-05
4.436900E+03	1.067362E-04	1.148092E-05
4.437098E+03	1.069386E-04	1.150180E-05
4.437296E+03	1.071781E-04	1.152666E-05
4.437494E+03	1.073054E-04	1.153945E-05
4.437692E+03	1.074634E-04	1.155555E-05
4.437890E+03	1.075001E-04	1.155859E-05
4.438088E+03	1.073753E-04	1.154427E-05
4.438286E+03	1.071781E-04	1.152217E-05
4.438485E+03	1.068578E-04	1.148685E-05
4.438683E+03	1.066912E-04	1.146805E-05
4.438881E+03	1.066831E-04	1.146628E-05
4.439079E+03	1.070367E-04	1.150339E-05
4.439278E+03	1.072734E-04	1.152794E-05
4.439476E+03	1.071145E-04	1.150996E-05
4.439674E+03	1.071896E-04	1.151714E-05
4.439872E+03	1.075666E-04	1.155675E-05
4.440070E+03	1.076234E-04	1.156195E-05
4.440466E+03	1.076459E-04	1.156256E-05
4.440664E+03	1.078506E-04	1.158365E-05
4.440862E+03	1.080169E-04	1.160061E-05
4.441456E+03	1.080407E-04	1.160046E-05
4.441654E+03	1.080898E-04	1.160484E-05
4.441852E+03	1.080402E-04	1.159860E-05
4.442050E+03	1.079087E-04	1.158358E-05
4.442446E+03	1.077521E-04	1.156497E-05
4.442644E+03	1.078444E-04	1.157398E-05
4.442842E+03	1.076139E-04	1.154834E-05
4.443239E+03	1.074477E-04	1.152871E-05
4.443437E+03	1.074720E-04	1.153042E-05
4.443635E+03	1.072242E-04	1.150294E-05
4.443833E+03	1.069516E-04	1.147280E-05
4.444031E+03	1.070809E-04	1.148578E-05
4.444229E+03	1.071129E-04	1.148832E-05
4.444427E+03	1.070149E-04	1.147691E-05
4.444625E+03	1.069525E-04	1.146932E-05
4.444823E+03	1.068311E-04	1.145542E-05
4.445021E+03	1.066897E-04	1.143936E-05
4.445220E+03	1.065854E-04	1.142729E-05
4.445418E+03	1.066808E-04	1.143662E-05
4.445616E+03	1.067901E-04	1.144745E-05
4.445814E+03	1.068328E-04	1.145113E-05
4.446012E+03	1.067268E-04	1.143888E-05
4.446210E+03	1.066053E-04	1.142497E-05
4.446408E+03	1.065922E-04	1.142268E-05
4.446606E+03	1.066939E-04	1.143267E-05
4.446804E+03	1.066094E-04	1.142274E-05
4.447002E+03	1.065622E-04	1.141679E-05
4.447201E+03	1.065568E-04	1.141532E-05
4.447398E+03	1.064335E-04	1.140123E-05
4.447596E+03	1.063816E-04	1.139478E-05
4.447794E+03	1.062334E-04	1.137802E-05
4.447993E+03	1.060681E-04	1.135942E-05
4.448191E+03	1.061650E-04	1.136892E-05
4.448388E+03	1.062418E-04	1.137626E-05
4.448586E+03	1.062845E-04	1.137994E-05
4.448982E+03	1.063295E-04	1.138298E-05
4.449180E+03	1.064219E-04	1.139199E-05
4.449378E+03	1.064024E-04	1.138902E-05
4.449576E+03	1.060580E-04	1.135127E-05
4.449774E+03	1.057462E-04	1.131701E-05
4.449972E+03	1.055213E-04	1.129207E-05
4.450170E+03	1.054534E-04	1.128392E-05
4.450368E+03	1.056422E-04	1.130324E-05
4.450566E+03	1.058248E-04	1.132189E-05
4.450764E+03	1.058799E-04	1.132690E-05
4.450963E+03	1.060641E-04	1.134572E-05
4.451161E+03	1.060398E-04	1.134224E-05
4.451359E+03	1.056823E-04	1.130312E-05
4.451557E+03	1.052515E-04	1.125616E-05
4.451755E+03	1.051024E-04	1.123935E-05
4.451954E+03	1.049721E-04	1.122453E-05
4.452152E+03	1.049008E-04	1.121603E-05
4.452350E+03	1.048918E-04	1.121419E-05
4.452548E+03	1.049000E-04	1.121419E-05
4.452746E+03	1.049580E-04	1.121952E-05
4.452944E+03	1.050785E-04	1.123152E-05
4.453142E+03	1.051381E-04	1.123702E-05
4.453340E+03	1.050668E-04	1.122852E-05
4.453538E+03	1.050094E-04	1.122151E-05
4.453736E+03	1.049754E-04	1.121700E-05
4.453934E+03	1.049165E-04	1.120983E-05
4.454132E+03	1.049496E-04	1.121249E-05
4.454330E+03	1.051154E-04	1.122933E-05
4.454528E+03	1.049596E-04	1.121181E-05
4.454726E+03	1.049537E-04	1.121030E-05
4.454925E+03	1.048665E-04	1.120012E-05
4.455123E+03	1.048371E-04	1.119610E-05
4.455321E+03	1.049014E-04	1.120210E-05
4.455519E+03	1.047689E-04	1.118707E-05
4.455717E+03	1.047707E-04	1.118639E-05
4.455915E+03	1.047991E-04	1.118855E-05
4.456113E+03	1.047555E-04	1.118302E-05
4.456311E+03	1.048511E-04	1.119236E-05
4.456509E+03	1.050845E-04	1.121639E-05
4.456707E+03	1.052584E-04	1.123408E-05
4.456905E+03	1.053542E-04	1.124342E-05
4.457103E+03	1.053952E-04	1.124692E-05
4.457697E+03	1.052599E-04	1.122985E-05
4.457895E+03	1.049892E-04	1.120010E-05
4.458093E+03	1.050677E-04	1.120760E-05
4.458291E+03	1.050836E-04	1.120842E-05
4.458489E+03	1.048613E-04	1.118383E-05
4.458689E+03	1.046421E-04	1.115958E-05
4.458887E+03	1.045655E-04	1.115053E-05
4.459085E+03	1.045358E-04	1.114649E-05
4.459283E+03	1.041861E-04	1.110834E-05
4.459480E+03	1.040168E-04	1.108942E-05
4.459678E+03	1.039791E-04	1.108454E-05
4.459876E+03	1.039916E-04	1.108501E-05
4.460075E+03	1.041517E-04	1.110120E-05
4.460668E+03	1.040182E-04	1.108438E-05
4.460866E+03	1.040213E-04	1.108384E-05
4.461064E+03	1.040590E-04	1.108699E-05
4.461262E+03	1.038720E-04	1.106620E-05
4.461460E+03	1.038876E-04	1.106700E-05
4.461658E+03	1.039174E-04	1.106930E-05
4.461856E+03	1.038450E-04	1.106073E-05
4.462054E+03	1.037694E-04	1.105181E-05
4.462252E+03	1.038086E-04	1.105512E-05
4.462450E+03	1.038887E-04	1.106279E-05
4.462649E+03	1.038256E-04	1.105521E-05
4.462847E+03	1.038963E-04	1.106187E-05
4.463045E+03	1.042078E-04	1.109416E-05
4.463243E+03	1.044911E-04	1.112345E-05
4.463639E+03	1.047429E-04	1.114852E-05
4.463837E+03	1.047902E-04	1.115268E-05
4.464035E+03	1.047083E-04	1.114309E-05
4.464233E+03	1.045050E-04	1.112059E-05
4.464431E+03	1.045507E-04	1.112457E-05
4.464629E+03	1.045995E-04	1.112890E-05
4.464827E+03	1.044970E-04	1.111712E-05
4.465025E+03	1.044448E-04	1.111071E-05
4.465223E+03	1.045015E-04	1.111587E-05
4.465421E+03	1.047112E-04	1.113730E-05
4.465620E+03	1.046781E-04	1.113291E-05
4.465818E+03	1.045929E-04	1.112297E-05
4.466016E+03	1.045344E-04	1.111588E-05
4.466214E+03	1.046132E-04	1.112339E-05
4.466413E+03	1.046731E-04	1.112889E-05
4.466611E+03	1.045246E-04	1.111223E-05
4.466809E+03	1.047060E-04	1.113065E-05
4.467007E+03	1.051324E-04	1.117510E-05
4.467205E+03	1.050029E-04	1.116045E-05
4.467403E+03	1.049649E-04	1.115554E-05
4.467601E+03	1.049237E-04	1.115030E-05
4.467799E+03	1.047324E-04	1.112909E-05
4.467997E+03	1.043655E-04	1.108924E-05
4.468195E+03	1.039352E-04	1.104266E-05
4.468393E+03	1.038512E-04	1.103286E-05
4.468591E+03	1.040834E-04	1.105666E-05
4.468789E+03	1.042793E-04	1.107660E-05
4.468987E+03	1.044800E-04	1.109706E-05
4.469383E+03	1.043466E-04	1.108115E-05
4.469581E+03	1.042482E-04	1.106984E-05
4.469779E+03	1.043715E-04	1.108206E-05
4.469977E+03	1.043095E-04	1.107461E-05
4.470175E+03	1.040114E-04	1.104210E-05
4.470374E+03	1.038590E-04	1.102505E-05
4.470572E+03	1.037921E-04	1.101709E-05
4.470770E+03	1.037188E-04	1.100845E-05
4.470968E+03	1.035251E-04	1.098702E-05
4.471166E+03	1.033677E-04	1.096946E-05
4.471363E+03	1.033212E-04	1.096367E-05
4.471561E+03	1.034270E-04	1.097404E-05
4.471759E+03	1.034440E-04	1.097498E-05
4.471958E+03	1.033229E-04	1.096128E-05
4.472156E+03	1.032590E-04	1.095363E-05
4.472355E+03	1.033744E-04	1.096501E-05
4.472552E+03	1.036294E-04	1.099121E-05
4.472750E+03	1.037767E-04	1.100596E-05
4.472948E+03	1.035126E-04	1.097710E-05
4.473146E+03	1.034391E-04	1.096844E-05
4.473344E+03	1.036641E-04	1.099144E-05
4.473542E+03	1.035874E-04	1.098245E-05
4.473740E+03	1.034153E-04	1.096334E-05
4.473938E+03	1.030889E-04	1.092788E-05
4.474136E+03	1.028419E-04	1.090084E-05
4.474335E+03	1.027586E-04	1.089116E-05
4.474533E+03	1.026832E-04	1.088231E-05
4.474731E+03	1.026888E-04	1.088206E-05
4.474929E+03	1.025338E-04	1.086478E-05
4.475127E+03	1.026079E-04	1.087178E-05
4.475325E+03	1.027027E-04	1.088097E-05
4.475523E+03	1.028372E-04	1.089437E-05
4.475721E+03	1.030578E-04	1.091689E-05
4.475919E+03	1.032753E-04	1.093907E-05
4.476117E+03	1.034690E-04	1.095872E-05
4.476315E+03	1.035194E-04	1.096319E-05
4.476513E+03	1.035777E-04	1.096851E-05
4.476711E+03	1.036998E-04	1.098058E-05
4.476909E+03	1.039367E-04	1.100481E-05
4.477107E+03	1.042502E-04	1.103713E-05
4.477305E+03	1.043502E-04	1.104685E-05
4.477503E+03	1.041153E-04	1.102112E-05
4.477701E+03	1.039361E-04	1.100129E-05
4.477899E+03	1.039212E-04	1.099885E-05
4.478098E+03	1.040706E-04	1.101380E-05
4.478296E+03	1.038675E-04	1.099143E-05
4.478494E+03	1.036897E-04	1.097177E-05
4.478692E+03	1.034752E-04	1.094821E-05
4.478890E+03	1.034649E-04	1.094626E-05
4.479089E+03	1.036751E-04	1.096764E-05
4.479287E+03	1.037991E-04	1.097989E-05
4.479485E+03	1.038320E-04	1.098251E-05
4.479881E+03	1.040049E-04	1.099907E-05
4.480079E+03	1.039516E-04	1.099257E-05
4.480277E+03	1.036328E-04	1.095800E-05
4.480475E+03	1.034067E-04	1.093323E-05
4.480673E+03	1.034156E-04	1.093331E-05
4.480871E+03	1.037459E-04	1.096738E-05
4.481069E+03	1.039244E-04	1.098538E-05
4.481267E+03	1.038469E-04	1.097633E-05
4.481465E+03	1.038174E-04	1.097236E-05
4.481663E+03	1.038008E-04	1.096973E-05
4.481861E+03	1.037024E-04	1.095848E-05
4.482060E+03	1.037337E-04	1.096092E-05
4.482258E+03	1.036881E-04	1.095525E-05
4.482654E+03	1.037091E-04	1.095574E-05
4.482852E+03	1.041378E-04	1.100016E-05
4.483050E+03	1.045425E-04	1.104205E-05
4.483248E+03	1.048080E-04	1.106922E-05
4.483445E+03	1.049357E-04	1.108184E-05
4.483643E+03	1.049993E-04	1.108768E-05
4.483841E+03	1.050356E-04	1.109065E-05
4.484040E+03	1.049420E-04	1.107990E-05
4.484238E+03	1.051580E-04	1.110183E-05
4.484435E+03	1.054576E-04	1.113259E-05
4.484633E+03	1.056769E-04	1.115487E-05
4.484831E+03	1.054887E-04	1.113412E-05
4.485029E+03	1.052667E-04	1.110981E-05
4.485227E+03	1.051794E-04	1.109974E-05
4.485425E+03	1.052816E-04	1.110965E-05
4.485623E+03	1.054995E-04	1.113177E-05
4.485823E+03	1.055280E-04	1.113390E-05
4.486021E+03	1.056561E-04	1.114653E-05
4.486219E+03	1.059143E-04	1.117290E-05
4.486417E+03	1.063463E-04	1.121758E-05
4.486615E+03	1.066321E-04	1.124684E-05
4.486813E+03	1.068665E-04	1.127068E-05
4.487011E+03	1.071444E-04	1.129911E-05
4.487209E+03	1.072278E-04	1.130701E-05
4.487407E+03	1.073353E-04	1.131746E-05
4.487605E+03	1.074043E-04	1.132384E-05
4.487803E+03	1.073010E-04	1.131207E-05
4.488001E+03	1.073040E-04	1.131149E-05
4.488199E+03	1.071347E-04	1.129276E-05
4.488397E+03	1.070330E-04	1.128115E-05
4.488595E+03	1.070117E-04	1.127802E-05
4.488793E+03	1.071161E-04	1.128813E-05
4.488991E+03	1.071641E-04	1.129231E-05
4.489189E+03	1.071944E-04	1.129461E-05
4.489387E+03	1.070281E-04	1.127620E-05
4.489585E+03	1.068810E-04	1.125983E-05
4.489784E+03	1.069580E-04	1.126705E-05
4.490180E+03	1.070073E-04	1.127047E-05
4.491170E+03	1.072362E-04	1.129014E-05
4.491368E+03	1.073617E-04	1.130247E-05
4.491566E+03	1.076940E-04	1.133656E-05
4.491764E+03	1.077196E-04	1.133836E-05
4.491962E+03	1.073639E-04	1.130003E-05
4.492160E+03	1.071535E-04	1.127700E-05
4.492358E+03	1.074941E-04	1.131195E-05
4.492557E+03	1.079367E-04	1.135763E-05
4.492755E+03	1.081417E-04	1.137831E-05
4.492953E+03	1.079959E-04	1.136208E-05
4.493151E+03	1.077159E-04	1.133172E-05
4.493349E+03	1.074147E-04	1.129915E-05
4.493547E+03	1.074806E-04	1.130520E-05
4.493944E+03	1.073002E-04	1.128444E-05
4.494142E+03	1.069113E-04	1.124266E-05
4.494340E+03	1.071212E-04	1.126385E-05
4.494538E+03	1.071175E-04	1.126257E-05
4.494736E+03	1.071251E-04	1.126249E-05
4.494934E+03	1.071441E-04	1.126360E-05
4.495132E+03	1.069297E-04	1.124018E-05
4.495330E+03	1.068514E-04	1.123107E-05
4.495528E+03	1.069627E-04	1.124187E-05
4.495725E+03	1.070918E-04	1.125456E-05
4.496320E+03	1.071713E-04	1.126026E-05
4.496518E+03	1.072551E-04	1.126818E-05
4.496715E+03	1.076650E-04	1.131035E-05
4.496913E+03	1.079485E-04	1.133924E-05
4.497309E+03	1.080045E-04	1.134334E-05
4.497508E+03	1.079310E-04	1.133473E-05
4.497706E+03	1.079550E-04	1.133635E-05
4.497904E+03	1.081997E-04	1.136116E-05
4.498300E+03	1.085953E-04	1.140091E-05
4.498498E+03	1.085170E-04	1.139179E-05
4.498696E+03	1.082290E-04	1.136066E-05
4.498894E+03	1.079035E-04	1.132560E-05
4.499092E+03	1.077600E-04	1.130964E-05
4.499291E+03	1.079059E-04	1.132406E-05
4.499489E+03	1.079558E-04	1.132841E-05
4.499687E+03	1.083929E-04	1.137338E-05
4.499885E+03	1.087650E-04	1.141153E-05
4.500083E+03	1.087061E-04	1.140445E-05
4.500281E+03	1.084697E-04	1.137876E-05
4.500479E+03	1.084563E-04	1.137645E-05
4.500677E+03	1.084038E-04	1.137005E-05
4.500875E+03	1.083887E-04	1.136757E-05
4.501073E+03	1.084664E-04	1.137483E-05
4.501271E+03	1.084448E-04	1.137166E-05
4.501470E+03	1.085274E-04	1.137943E-05
4.501668E+03	1.086247E-04	1.138874E-05
4.501866E+03	1.090089E-04	1.142812E-05
4.502064E+03	1.093769E-04	1.146580E-05
4.502262E+03	1.095071E-04	1.147853E-05
4.502460E+03	1.092035E-04	1.144581E-05
4.502658E+03	1.092765E-04	1.145256E-05
4.502856E+03	1.095420E-04	1.147949E-05
4.503054E+03	1.099904E-04	1.152557E-05
4.503252E+03	1.103785E-04	1.156533E-05
4.503846E+03	1.104629E-04	1.157143E-05
4.504044E+03	1.104153E-04	1.156554E-05
4.504242E+03	1.104674E-04	1.157008E-05
4.504440E+03	1.107253E-04	1.159618E-05
4.504638E+03	1.107889E-04	1.160193E-05
4.504836E+03	1.106041E-04	1.158166E-05
4.505034E+03	1.105026E-04	1.157012E-05
4.505233E+03	1.104027E-04	1.155875E-05
4.505431E+03	1.103289E-04	1.155011E-05
4.505629E+03	1.099296E-04	1.150741E-05
4.505827E+03	1.098263E-04	1.149569E-05
4.506026E+03	1.100125E-04	1.151427E-05
4.506224E+03	1.103329E-04	1.154689E-05
4.506422E+03	1.105780E-04	1.157164E-05
4.506620E+03	1.105189E-04	1.156454E-05
4.506818E+03	1.105350E-04	1.156531E-05
4.507016E+03	1.105364E-04	1.156455E-05
4.507214E+03	1.103921E-04	1.154854E-05
4.507412E+03	1.103197E-04	1.154006E-05
4.507610E+03	1.103407E-04	1.154134E-05
4.507807E+03	1.104158E-04	1.154829E-05
4.508005E+03	1.105072E-04	1.155694E-05
4.508204E+03	1.105053E-04	1.155583E-05
4.508600E+03	1.104555E-04	1.154880E-05
4.508797E+03	1.104913E-04	1.155163E-05
4.508995E+03	1.105303E-04	1.155481E-05
4.509194E+03	1.104972E-04	1.155043E-05
4.509392E+03	1.105198E-04	1.155189E-05
4.509590E+03	1.106327E-04	1.156278E-05
4.509788E+03	1.106127E-04	1.155978E-05
4.509986E+03	1.107486E-04	1.157307E-05
4.510184E+03	1.109979E-04	1.159820E-05
4.510382E+03	1.112915E-04	1.162797E-05
4.510580E+03	1.111895E-04	1.161639E-05
4.510778E+03	1.111630E-04	1.161270E-05
4.510976E+03	1.113155E-04	1.162772E-05
4.511372E+03	1.112575E-04	1.161983E-05
4.511570E+03	1.110633E-04	1.159863E-05
4.511768E+03	1.110137E-04	1.159254E-05
4.512362E+03	1.112134E-04	1.161065E-05
4.512560E+03	1.116129E-04	1.165144E-05
4.512759E+03	1.118267E-04	1.167283E-05
4.512957E+03	1.118561E-04	1.167498E-05
4.513156E+03	1.121818E-04	1.170805E-05
4.513354E+03	1.120944E-04	1.169801E-05
4.513552E+03	1.118654E-04	1.167319E-05
4.513750E+03	1.115917E-04	1.164371E-05
4.513948E+03	1.113147E-04	1.161390E-05
4.514146E+03	1.113605E-04	1.161776E-05
4.514344E+03	1.115546E-04	1.163709E-05
4.514542E+03	1.115346E-04	1.163408E-05
4.514740E+03	1.113859E-04	1.161766E-05
4.514938E+03	1.113625E-04	1.161430E-05
4.515136E+03	1.113786E-04	1.161507E-05
4.515730E+03	1.113858E-04	1.161307E-05
4.515928E+03	1.113046E-04	1.160369E-05
4.516126E+03	1.111969E-04	1.159155E-05
4.516324E+03	1.110529E-04	1.157562E-05
4.516522E+03	1.110888E-04	1.157845E-05
4.516720E+03	1.109678E-04	1.156493E-05
4.516919E+03	1.109574E-04	1.156293E-05
4.517117E+03	1.110511E-04	1.157178E-05
4.517315E+03	1.109829E-04	1.156376E-05
4.517513E+03	1.107858E-04	1.154232E-05
4.517711E+03	1.106977E-04	1.153223E-05
4.517909E+03	1.105699E-04	1.151800E-05
4.518107E+03	1.103692E-04	1.149619E-05
4.518305E+03	1.100412E-04	1.146112E-05
4.518503E+03	1.097924E-04	1.143431E-05
4.518701E+03	1.097239E-04	1.142627E-05
4.518899E+03	1.098654E-04	1.144011E-05
4.519097E+03	1.100798E-04	1.146153E-05
4.519295E+03	1.101156E-04	1.146434E-05
4.519494E+03	1.102375E-04	1.147613E-05
4.519692E+03	1.104801E-04	1.150048E-05
4.519889E+03	1.104745E-04	1.149900E-05
4.520087E+03	1.105136E-04	1.150216E-05
4.520286E+03	1.107018E-04	1.152083E-05
4.520484E+03	1.105819E-04	1.150744E-05
4.520682E+03	1.105862E-04	1.150699E-05
4.520880E+03	1.107729E-04	1.152550E-05
4.521078E+03	1.109595E-04	1.154401E-05
4.521276E+03	1.110286E-04	1.155029E-05
4.521474E+03	1.109932E-04	1.154569E-05
4.521672E+03	1.109030E-04	1.153540E-05
4.521870E+03	1.108576E-04	1.152977E-05
4.522068E+03	1.109864E-04	1.154225E-05
4.522266E+03	1.111284E-04	1.155611E-05
4.522464E+03	1.110166E-04	1.154358E-05
4.522662E+03	1.106558E-04	1.150515E-05
4.522860E+03	1.104525E-04	1.148311E-05
4.523058E+03	1.103472E-04	1.147125E-05
4.523256E+03	1.102435E-04	1.145957E-05
4.523454E+03	1.102975E-04	1.146428E-05
4.523652E+03	1.102070E-04	1.145397E-05
4.523850E+03	1.103940E-04	1.147249E-05
4.524048E+03	1.106175E-04	1.149482E-05
4.524246E+03	1.107049E-04	1.150299E-05
4.524444E+03	1.106443E-04	1.149579E-05
4.524643E+03	1.107649E-04	1.150741E-05
4.524841E+03	1.108041E-04	1.151057E-05
4.525039E+03	1.107701E-04	1.150613E-05
4.525237E+03	1.107194E-04	1.149996E-05
4.525435E+03	1.106854E-04	1.149552E-05
4.525633E+03	1.106663E-04	1.149263E-05
4.525831E+03	1.108120E-04	1.150685E-05
4.526029E+03	1.110177E-04	1.152730E-05
4.526228E+03	1.113051E-04	1.155623E-05
4.526426E+03	1.113161E-04	1.155646E-05
4.526624E+03	1.112637E-04	1.155011E-05
4.526822E+03	1.112914E-04	1.155207E-05
4.527020E+03	1.116122E-04	1.158446E-05
4.527218E+03	1.116282E-04	1.158520E-05
4.527416E+03	1.115409E-04	1.157523E-05
4.527614E+03	1.116436E-04	1.158497E-05
4.527812E+03	1.118663E-04	1.160717E-05
4.528010E+03	1.120525E-04	1.162556E-05
4.528208E+03	1.120302E-04	1.162233E-05
4.528406E+03	1.122831E-04	1.164766E-05
4.528605E+03	1.122709E-04	1.164546E-05
4.528803E+03	1.119448E-04	1.161073E-05
4.529001E+03	1.121428E-04	1.163034E-05
4.529199E+03	1.123025E-04	1.164598E-05
4.529397E+03	1.124037E-04	1.165556E-05
4.529595E+03	1.124449E-04	1.165891E-05
4.529793E+03	1.123307E-04	1.164615E-05
4.529991E+03	1.124236E-04	1.165487E-05
4.530189E+03	1.122258E-04	1.163344E-05
4.530387E+03	1.119327E-04	1.160214E-05
4.530585E+03	1.118769E-04	1.159544E-05
4.530783E+03	1.117658E-04	1.158301E-05
4.530981E+03	1.117617E-04	1.158167E-05
4.531179E+03	1.115770E-04	1.156162E-05
4.531377E+03	1.111346E-04	1.151487E-05
4.531575E+03	1.108711E-04	1.148666E-05
4.531772E+03	1.109790E-04	1.149693E-05
4.531970E+03	1.108626E-04	1.148397E-05
4.532169E+03	1.107512E-04	1.147152E-05
4.532368E+03	1.107150E-04	1.146687E-05
4.532566E+03	1.111209E-04	1.150800E-05
4.532763E+03	1.112640E-04	1.152191E-05
4.532962E+03	1.114240E-04	1.153757E-05
4.533160E+03	1.116393E-04	1.155894E-05
4.533358E+03	1.115949E-04	1.155343E-05
4.533556E+03	1.115907E-04	1.155209E-05
4.533754E+03	1.116032E-04	1.155247E-05
4.533952E+03	1.114012E-04	1.153065E-05
4.534150E+03	1.113232E-04	1.152166E-05
4.534348E+03	1.112350E-04	1.151163E-05
4.534546E+03	1.110211E-04	1.148858E-05
4.534744E+03	1.108775E-04	1.147282E-05
4.534942E+03	1.107725E-04	1.146105E-05
4.535140E+03	1.106942E-04	1.145205E-05
4.535734E+03	1.107196E-04	1.145195E-05
4.535932E+03	1.108898E-04	1.146865E-05
4.536130E+03	1.111608E-04	1.149578E-05
4.536329E+03	1.111481E-04	1.149355E-05
4.536527E+03	1.110849E-04	1.148611E-05
4.536725E+03	1.111561E-04	1.149257E-05
4.536923E+03	1.111366E-04	1.148964E-05
4.537121E+03	1.110885E-04	1.148376E-05
4.537319E+03	1.110303E-04	1.147684E-05
4.537517E+03	1.106945E-04	1.144123E-05
4.537715E+03	1.106228E-04	1.143291E-05
4.537913E+03	1.108824E-04	1.145883E-05
4.538111E+03	1.111723E-04	1.148789E-05
4.538309E+03	1.112537E-04	1.149539E-05
4.538507E+03	1.110204E-04	1.147038E-05
4.538705E+03	1.109183E-04	1.145893E-05
4.538903E+03	1.108683E-04	1.145286E-05
4.539101E+03	1.108436E-04	1.144940E-05
4.539299E+03	1.108997E-04	1.145430E-05
4.539497E+03	1.109980E-04	1.146354E-05
4.539696E+03	1.112665E-04	1.149036E-05
4.539894E+03	1.114524E-04	1.150865E-05
4.540092E+03	1.114581E-04	1.150833E-05
4.540291E+03	1.112328E-04	1.148416E-05
4.540489E+03	1.110547E-04	1.146486E-05
4.540687E+03	1.108866E-04	1.144660E-05
4.540885E+03	1.105616E-04	1.141216E-05
4.541083E+03	1.104676E-04	1.140155E-05
4.541281E+03	1.107092E-04	1.142559E-05
4.541479E+03	1.107080E-04	1.142456E-05
4.541677E+03	1.107439E-04	1.142736E-05
4.541875E+03	1.108507E-04	1.143747E-05
4.542073E+03	1.109136E-04	1.144306E-05
4.542271E+03	1.105696E-04	1.140667E-05
4.542469E+03	1.103758E-04	1.138578E-05
4.542667E+03	1.106160E-04	1.140965E-05
4.542865E+03	1.107954E-04	1.142726E-05
4.543063E+03	1.108500E-04	1.143198E-05
4.543261E+03	1.109129E-04	1.143757E-05
4.543459E+03	1.108221E-04	1.142730E-05
4.543657E+03	1.105131E-04	1.139454E-05
4.544053E+03	1.104647E-04	1.138776E-05
4.544252E+03	1.105344E-04	1.139404E-05
4.544450E+03	1.104688E-04	1.138637E-05
4.544648E+03	1.106265E-04	1.140172E-05
4.544845E+03	1.108028E-04	1.141900E-05
4.545043E+03	1.106220E-04	1.139947E-05
4.545241E+03	1.103803E-04	1.137366E-05
4.545439E+03	1.102079E-04	1.135500E-05
4.545637E+03	1.103012E-04	1.136372E-05
4.545835E+03	1.103117E-04	1.136390E-05
4.546033E+03	1.103085E-04	1.136268E-05
4.546231E+03	1.102512E-04	1.135587E-05
4.546430E+03	1.100193E-04	1.133109E-05
4.546628E+03	1.101060E-04	1.133912E-05
4.546826E+03	1.102689E-04	1.135500E-05
4.547024E+03	1.101691E-04	1.134383E-05
4.547222E+03	1.101286E-04	1.133876E-05
4.547420E+03	1.100355E-04	1.132828E-05
4.547618E+03	1.099169E-04	1.131518E-05
4.547816E+03	1.096371E-04	1.128548E-05
4.548015E+03	1.093639E-04	1.125648E-05
4.548213E+03	1.093572E-04	1.125489E-05
4.548411E+03	1.093640E-04	1.125471E-05
4.548609E+03	1.093793E-04	1.125539E-05
4.548807E+03	1.094269E-04	1.125940E-05
4.549005E+03	1.094609E-04	1.126200E-05
4.549203E+03	1.095509E-04	1.127038E-05
4.549401E+03	1.096750E-04	1.128225E-05
4.549599E+03	1.096580E-04	1.127961E-05
4.549797E+03	1.094915E-04	1.126160E-05
4.549995E+03	1.093929E-04	1.125057E-05
4.550193E+03	1.095391E-04	1.126471E-05
4.550391E+03	1.097602E-04	1.128655E-05
4.550589E+03	1.098742E-04	1.129738E-05
4.550787E+03	1.100001E-04	1.130944E-05
4.550985E+03	1.101226E-04	1.132114E-05
4.551183E+03	1.101397E-04	1.132200E-05
4.551381E+03	1.100632E-04	1.131325E-05
4.551579E+03	1.098454E-04	1.128996E-05
4.551778E+03	1.098641E-04	1.129100E-05
4.551976E+03	1.099493E-04	1.129886E-05
4.552174E+03	1.100736E-04	1.131074E-05
4.552372E+03	1.103274E-04	1.133593E-05
4.552570E+03	1.104502E-04	1.134764E-05
4.552768E+03	1.105031E-04	1.135218E-05
4.552966E+03	1.105492E-04	1.135602E-05
4.553165E+03	1.105886E-04	1.135917E-05
4.553363E+03	1.107404E-04	1.137386E-05
4.553561E+03	1.108701E-04	1.138629E-05
4.553759E+03	1.110135E-04	1.140011E-05
4.553957E+03	1.110086E-04	1.139870E-05
4.554155E+03	1.112748E-04	1.142514E-05
4.554353E+03	1.115924E-04	1.145684E-05
4.554551E+03	1.115534E-04	1.145193E-05
4.554749E+03	1.116697E-04	1.146296E-05
4.554947E+03	1.116562E-04	1.146068E-05
4.555145E+03	1.114669E-04	1.144034E-05
4.555343E+03	1.113356E-04	1.142596E-05
4.555541E+03	1.112726E-04	1.141859E-05
4.555740E+03	1.111463E-04	1.140474E-05
4.555937E+03	1.110491E-04	1.139386E-05
4.556135E+03	1.113721E-04	1.142611E-05
4.556333E+03	1.116081E-04	1.144941E-05
4.556532E+03	1.117724E-04	1.146536E-05
4.556730E+03	1.119299E-04	1.148061E-05
4.556927E+03	1.120601E-04	1.149306E-05
4.557125E+03	1.125068E-04	1.153795E-05
4.557323E+03	1.127380E-04	1.156075E-05
4.557521E+03	1.126853E-04	1.155444E-05
4.557719E+03	1.125607E-04	1.154075E-05
4.557917E+03	1.125679E-04	1.154057E-05
4.558115E+03	1.125477E-04	1.153759E-05
4.558313E+03	1.126233E-04	1.154443E-05
4.558511E+03	1.129986E-04	1.158198E-05
4.558709E+03	1.129047E-04	1.157145E-05
4.558907E+03	1.124546E-04	1.152440E-05
4.559105E+03	1.125422E-04	1.153247E-05
4.559303E+03	1.125802E-04	1.153545E-05
4.559502E+03	1.125222E-04	1.152860E-05
4.559700E+03	1.128549E-04	1.156178E-05
4.559899E+03	1.131828E-04	1.159445E-05
4.560097E+03	1.131917E-04	1.159444E-05
4.560295E+03	1.131183E-04	1.158601E-05
4.560493E+03	1.130140E-04	1.157441E-05
4.560691E+03	1.131155E-04	1.158390E-05
4.560889E+03	1.131262E-04	1.158407E-05
4.561087E+03	1.130715E-04	1.157756E-05
4.561285E+03	1.131886E-04	1.158863E-05
4.561483E+03	1.131305E-04	1.158177E-05
4.561879E+03	1.128082E-04	1.154695E-05
4.562077E+03	1.127226E-04	1.153727E-05
4.562275E+03	1.130217E-04	1.156698E-05
4.562473E+03	1.131130E-04	1.157541E-05
4.562671E+03	1.133436E-04	1.159808E-05
4.562869E+03	1.134195E-04	1.160494E-05
4.563067E+03	1.132978E-04	1.159156E-05
4.563464E+03	1.132966E-04	1.158961E-05
4.563662E+03	1.133106E-04	1.159013E-05
4.563860E+03	1.133918E-04	1.159752E-05
4.564058E+03	1.136948E-04	1.162760E-05
4.564256E+03	1.138999E-04	1.164765E-05
4.564454E+03	1.139898E-04	1.165592E-05
4.564652E+03	1.140504E-04	1.166120E-05
4.564850E+03	1.138011E-04	1.163479E-05
4.565048E+03	1.135517E-04	1.160838E-05
4.565246E+03	1.135503E-04	1.160731E-05
4.565444E+03	1.135661E-04	1.160801E-05
4.565642E+03	1.137972E-04	1.163071E-05
4.565840E+03	1.138681E-04	1.163704E-05
4.566038E+03	1.140752E-04	1.165729E-05
4.566236E+03	1.144513E-04	1.169480E-05
4.566434E+03	1.146207E-04	1.171118E-05
4.566633E+03	1.143918E-04	1.168687E-05
4.566831E+03	1.141697E-04	1.166326E-05
4.567029E+03	1.142960E-04	1.167523E-05
4.567227E+03	1.146103E-04	1.170641E-05
4.567426E+03	1.150110E-04	1.174641E-05
4.567624E+03	1.151702E-04	1.176175E-05
4.567822E+03	1.151206E-04	1.175576E-05
4.568019E+03	1.151452E-04	1.175734E-05
4.568217E+03	1.153702E-04	1.177938E-05
4.568415E+03	1.155382E-04	1.179560E-05
4.568614E+03	1.156838E-04	1.180953E-05
4.568812E+03	1.155720E-04	1.179719E-05
4.569009E+03	1.152961E-04	1.176810E-05
4.569207E+03	1.152153E-04	1.175892E-05
4.569405E+03	1.155700E-04	1.179420E-05
4.569603E+03	1.155481E-04	1.179103E-05
4.569801E+03	1.155883E-04	1.179420E-05
4.569999E+03	1.156268E-04	1.179720E-05
4.570197E+03	1.154578E-04	1.177902E-05
4.570395E+03	1.154617E-04	1.177849E-05
4.570593E+03	1.156404E-04	1.179578E-05
4.570791E+03	1.157222E-04	1.180320E-05
4.570989E+03	1.158974E-04	1.182014E-05
4.571188E+03	1.158893E-04	1.181838E-05
4.571386E+03	1.160421E-04	1.183303E-05
4.571584E+03	1.163162E-04	1.186004E-05
4.571782E+03	1.164952E-04	1.187735E-05
4.571980E+03	1.165235E-04	1.187930E-05
4.572178E+03	1.165275E-04	1.187877E-05
4.572376E+03	1.166806E-04	1.189343E-05
4.572574E+03	1.168354E-04	1.190828E-05
4.572772E+03	1.170180E-04	1.192595E-05
4.572970E+03	1.172700E-04	1.195069E-05
4.573168E+03	1.174840E-04	1.197155E-05
4.573367E+03	1.176617E-04	1.198870E-05
4.573565E+03	1.180301E-04	1.202529E-05
4.573763E+03	1.182842E-04	1.205023E-05
4.574159E+03	1.182355E-04	1.204336E-05
4.574357E+03	1.179204E-04	1.201032E-05
4.574555E+03	1.179993E-04	1.201741E-05
4.574753E+03	1.180556E-04	1.202219E-05
4.574951E+03	1.180806E-04	1.202380E-05
4.575150E+03	1.182499E-04	1.204008E-05
4.575348E+03	1.181725E-04	1.203125E-05
4.575744E+03	1.181496E-04	1.202703E-05
4.575942E+03	1.183607E-04	1.204756E-05
4.576140E+03	1.185301E-04	1.206385E-05
4.576338E+03	1.184961E-04	1.205944E-05
4.576536E+03	1.187247E-04	1.208175E-05
4.576734E+03	1.187777E-04	1.208618E-05
4.576932E+03	1.186585E-04	1.207310E-05
4.577130E+03	1.186419E-04	1.207046E-05
4.577526E+03	1.187461E-04	1.207916E-05
4.577724E+03	1.188775E-04	1.209157E-05
4.577922E+03	1.187686E-04	1.207954E-05
4.578120E+03	1.187816E-04	1.207991E-05
4.578318E+03	1.189374E-04	1.209479E-05
4.578516E+03	1.188650E-04	1.208648E-05
4.578714E+03	1.184529E-04	1.204363E-05
4.578913E+03	1.185024E-04	1.204771E-05
4.579111E+03	1.187384E-04	1.207075E-05
4.579309E+03	1.187426E-04	1.207023E-05
4.579507E+03	1.183668E-04	1.203108E-05
4.579705E+03	1.180275E-04	1.199564E-05
4.579903E+03	1.182182E-04	1.201407E-05
4.580101E+03	1.181369E-04	1.200487E-05
4.580299E+03	1.182684E-04	1.201728E-05
4.580497E+03	1.182777E-04	1.201728E-05
4.580696E+03	1.183220E-04	1.202083E-05
4.580894E+03	1.185024E-04	1.203820E-05
4.581091E+03	1.184472E-04	1.203165E-05
4.581289E+03	1.185910E-04	1.204531E-05
4.581487E+03	1.186790E-04	1.205329E-05
4.581685E+03	1.187792E-04	1.206252E-05
4.582081E+03	1.191108E-04	1.209428E-05
4.582279E+03	1.191814E-04	1.210050E-05
4.582477E+03	1.189846E-04	1.207957E-05
4.582675E+03	1.186847E-04	1.204816E-05
4.582874E+03	1.184843E-04	1.202687E-05
4.583072E+03	1.183957E-04	1.201693E-05
4.583270E+03	1.182511E-04	1.200131E-05
4.583468E+03	1.180015E-04	1.197504E-05
4.583666E+03	1.176924E-04	1.194272E-05
4.583864E+03	1.174689E-04	1.191910E-05
4.584062E+03	1.172855E-04	1.189956E-05
4.584260E+03	1.171196E-04	1.188179E-05
4.584458E+03	1.171882E-04	1.188781E-05
4.584656E+03	1.169031E-04	1.185796E-05
4.584854E+03	1.166478E-04	1.183112E-05
4.585052E+03	1.167198E-04	1.183749E-05
4.585250E+03	1.169740E-04	1.186234E-05
4.585448E+03	1.167483E-04	1.183852E-05
4.585646E+03	1.168292E-04	1.184578E-05
4.585844E+03	1.172325E-04	1.188574E-05
4.586240E+03	1.174400E-04	1.190490E-05
4.586438E+03	1.173667E-04	1.189653E-05
4.586636E+03	1.170864E-04	1.186718E-05
4.586836E+03	1.167552E-04	1.183268E-05
4.587034E+03	1.166835E-04	1.182447E-05
4.587232E+03	1.166994E-04	1.182516E-05
4.587430E+03	1.167558E-04	1.182993E-05
4.587628E+03	1.169596E-04	1.184965E-05
4.587826E+03	1.173337E-04	1.188662E-05
4.588024E+03	1.174991E-04	1.190243E-05
4.588420E+03	1.175892E-04	1.190968E-05
4.588618E+03	1.178460E-04	1.193475E-05
4.588816E+03	1.178691E-04	1.193615E-05
4.589014E+03	1.180962E-04	1.195820E-05
4.589212E+03	1.184463E-04	1.199271E-05
4.589410E+03	1.185961E-04	1.200693E-05
4.589608E+03	1.185403E-04	1.200033E-05
4.589806E+03	1.182769E-04	1.197273E-05
4.590004E+03	1.182597E-04	1.197004E-05
4.590202E+03	1.183005E-04	1.197323E-05
4.590400E+03	1.181795E-04	1.196004E-05
4.590599E+03	1.182238E-04	1.196358E-05
4.590797E+03	1.183597E-04	1.197638E-05
4.590995E+03	1.186663E-04	1.200646E-05
4.591193E+03	1.187759E-04	1.201660E-05
4.591391E+03	1.191285E-04	1.205132E-05
4.591589E+03	1.193420E-04	1.207198E-05
4.591787E+03	1.190907E-04	1.204560E-05
4.591985E+03	1.188180E-04	1.201708E-05
4.592182E+03	1.187321E-04	1.200744E-05
4.592380E+03	1.188082E-04	1.201420E-05
4.592579E+03	1.191030E-04	1.204305E-05
4.592777E+03	1.194207E-04	1.207423E-05
4.592974E+03	1.194300E-04	1.207422E-05
4.593172E+03	1.194058E-04	1.207082E-05
4.593370E+03	1.196708E-04	1.209666E-05
4.593569E+03	1.196467E-04	1.209326E-05
4.593767E+03	1.195308E-04	1.208059E-05
4.593965E+03	1.197430E-04	1.210109E-05
4.594163E+03	1.200224E-04	1.212836E-05
4.594361E+03	1.199435E-04	1.211944E-05
4.594560E+03	1.198045E-04	1.210444E-05
4.594758E+03	1.200557E-04	1.212887E-05
4.594956E+03	1.198867E-04	1.211084E-05
4.595154E+03	1.194297E-04	1.206372E-05
4.595352E+03	1.190768E-04	1.202712E-05
4.595550E+03	1.189198E-04	1.201033E-05
4.595748E+03	1.187205E-04	1.198925E-05
4.595946E+03	1.185917E-04	1.197530E-05
4.596144E+03	1.188942E-04	1.200490E-05
4.596342E+03	1.189582E-04	1.201042E-05
4.596540E+03	1.187763E-04	1.199111E-05
4.596738E+03	1.185467E-04	1.196698E-05
4.596936E+03	1.187999E-04	1.199160E-05
4.597134E+03	1.189894E-04	1.200979E-05
4.597332E+03	1.187260E-04	1.198226E-05
4.597530E+03	1.186165E-04	1.197026E-05
4.597728E+03	1.187159E-04	1.197934E-05
4.597926E+03	1.189303E-04	1.200004E-05
4.598124E+03	1.188792E-04	1.199394E-05
4.598323E+03	1.186651E-04	1.197140E-05
4.598521E+03	1.185998E-04	1.196386E-05
4.598719E+03	1.185167E-04	1.195454E-05
4.598917E+03	1.183025E-04	1.193199E-05
4.599115E+03	1.181892E-04	1.191962E-05
4.599313E+03	1.184285E-04	1.194282E-05
4.599511E+03	1.185758E-04	1.195673E-05
4.599709E+03	1.187657E-04	1.197494E-05
4.599907E+03	1.188989E-04	1.198742E-05
4.600105E+03	1.188494E-04	1.198149E-05
4.600304E+03	1.188993E-04	1.198558E-05
4.600502E+03	1.189758E-04	1.199234E-05
4.600700E+03	1.191268E-04	1.200662E-05
4.600898E+03	1.192974E-04	1.202287E-05
4.601096E+03	1.190332E-04	1.199529E-05
4.601294E+03	1.189037E-04	1.198130E-05
4.601492E+03	1.190477E-04	1.199487E-05
4.601690E+03	1.188152E-04	1.197050E-05
4.601888E+03	1.187087E-04	1.195883E-05
4.602086E+03	1.187213E-04	1.195915E-05
4.602285E+03	1.184797E-04	1.193388E-05
4.602483E+03	1.184176E-04	1.192668E-05
4.602681E+03	1.186469E-04	1.194884E-05
4.602879E+03	1.189332E-04	1.197673E-05
4.603077E+03	1.193423E-04	1.201698E-05
4.603275E+03	1.196128E-04	1.204327E-05
4.603473E+03	1.196077E-04	1.204181E-05
4.603671E+03	1.197715E-04	1.205736E-05
4.603869E+03	1.199248E-04	1.207184E-05
4.604067E+03	1.198948E-04	1.206787E-05
4.604462E+03	1.196015E-04	1.203646E-05
4.604661E+03	1.194788E-04	1.202316E-05
4.604859E+03	1.195004E-04	1.202438E-05
4.605056E+03	1.196163E-04	1.203510E-05
4.605254E+03	1.194116E-04	1.201356E-05
4.605452E+03	1.193297E-04	1.200438E-05
4.605848E+03	1.194868E-04	1.201829E-05
4.606047E+03	1.192195E-04	1.199047E-05
4.606245E+03	1.190253E-04	1.196999E-05
4.606443E+03	1.188916E-04	1.195560E-05
4.606641E+03	1.186526E-04	1.193063E-05
4.606839E+03	1.183314E-04	1.189740E-05
4.607038E+03	1.182708E-04	1.189036E-05
4.607236E+03	1.183117E-04	1.189354E-05
4.607434E+03	1.183419E-04	1.189565E-05
4.607632E+03	1.184775E-04	1.190834E-05
4.607830E+03	1.186702E-04	1.192677E-05
4.608028E+03	1.187969E-04	1.193856E-05
4.608226E+03	1.188611E-04	1.194408E-05
4.608424E+03	1.189414E-04	1.195121E-05
4.608622E+03	1.189628E-04	1.195242E-05
4.608820E+03	1.189467E-04	1.194986E-05
4.609018E+03	1.190718E-04	1.196148E-05
4.609216E+03	1.191664E-04	1.197005E-05
4.609414E+03	1.190735E-04	1.195977E-05
4.609612E+03	1.189769E-04	1.194913E-05
4.609810E+03	1.192003E-04	1.197063E-05
4.610009E+03	1.191377E-04	1.196340E-05
4.610207E+03	1.188890E-04	1.193749E-05
4.610405E+03	1.186473E-04	1.191229E-05
4.610603E+03	1.185291E-04	1.189949E-05
4.610801E+03	1.185003E-04	1.189566E-05
4.610999E+03	1.187131E-04	1.191609E-05
4.611197E+03	1.186593E-04	1.190974E-05
4.611395E+03	1.184836E-04	1.189118E-05
4.611593E+03	1.185103E-04	1.189292E-05
4.611791E+03	1.183739E-04	1.187831E-05
4.611989E+03	1.184597E-04	1.188598E-05
4.612187E+03	1.186387E-04	1.190300E-05
4.612385E+03	1.188463E-04	1.192290E-05
4.612583E+03	1.190093E-04	1.193830E-05
4.612781E+03	1.186864E-04	1.190499E-05
4.612979E+03	1.184836E-04	1.188371E-05
4.613177E+03	1.185874E-04	1.189318E-05
4.613375E+03	1.187432E-04	1.190787E-05
4.613573E+03	1.186641E-04	1.189900E-05
4.613772E+03	1.184953E-04	1.188114E-05
4.613971E+03	1.184160E-04	1.187226E-05
4.614169E+03	1.185791E-04	1.188768E-05
4.614367E+03	1.185663E-04	1.188546E-05
4.614565E+03	1.184493E-04	1.187280E-05
4.614763E+03	1.181743E-04	1.184430E-05
4.614961E+03	1.178004E-04	1.180590E-05
4.615159E+03	1.174156E-04	1.176641E-05
4.615357E+03	1.170558E-04	1.172944E-05
4.615555E+03	1.170948E-04	1.173243E-05
4.615753E+03	1.170314E-04	1.172515E-05
4.615951E+03	1.171458E-04	1.173570E-05
4.616149E+03	1.171902E-04	1.173922E-05
4.616347E+03	1.176643E-04	1.178579E-05
4.616544E+03	1.180109E-04	1.181958E-05
4.616743E+03	1.179421E-04	1.181176E-05
4.616941E+03	1.177816E-04	1.179476E-05
4.617139E+03	1.177452E-04	1.179018E-05
4.617336E+03	1.177987E-04	1.179462E-05
4.617534E+03	1.180969E-04	1.182355E-05
4.617733E+03	1.184889E-04	1.186186E-05
4.617931E+03	1.185551E-04	1.186756E-05
4.618327E+03	1.187236E-04	1.188257E-05
4.618525E+03	1.191033E-04	1.191963E-05
4.618723E+03	1.191211E-04	1.192047E-05
4.618921E+03	1.191081E-04	1.191824E-05
4.619119E+03	1.191961E-04	1.192611E-05
4.619317E+03	1.192787E-04	1.193344E-05
4.619515E+03	1.194010E-04	1.194474E-05
4.619713E+03	1.195937E-04	1.196307E-05
4.619911E+03	1.197954E-04	1.198231E-05
4.620109E+03	1.199899E-04	1.200083E-05
4.620307E+03	1.198129E-04	1.198219E-05
4.620506E+03	1.197154E-04	1.197149E-05
4.620704E+03	1.197224E-04	1.197125E-05
4.620902E+03	1.194207E-04	1.194015E-05
4.621100E+03	1.189457E-04	1.189172E-05
4.621298E+03	1.187918E-04	1.187541E-05
4.621496E+03	1.187860E-04	1.187389E-05
4.621695E+03	1.186465E-04	1.185902E-05
4.621893E+03	1.186641E-04	1.185985E-05
4.622091E+03	1.185227E-04	1.184479E-05
4.622289E+03	1.182548E-04	1.181709E-05
4.622487E+03	1.181404E-04	1.180473E-05
4.622685E+03	1.180314E-04	1.179292E-05
4.622883E+03	1.179025E-04	1.177911E-05
4.623081E+03	1.177609E-04	1.176404E-05
4.623279E+03	1.175686E-04	1.174391E-05
4.623477E+03	1.178102E-04	1.176713E-05
4.623675E+03	1.181297E-04	1.179811E-05
4.623873E+03	1.181490E-04	1.179912E-05
4.624071E+03	1.181737E-04	1.180066E-05
4.624269E+03	1.182311E-04	1.180546E-05
4.624467E+03	1.186196E-04	1.184333E-05
4.624665E+03	1.187024E-04	1.185066E-05
4.624863E+03	1.186764E-04	1.184715E-05
4.625061E+03	1.186632E-04	1.184490E-05
4.625259E+03	1.184200E-04	1.181969E-05
4.625457E+03	1.180643E-04	1.178327E-05
4.625656E+03	1.180456E-04	1.178047E-05
4.625854E+03	1.179579E-04	1.177080E-05
4.626052E+03	1.178920E-04	1.176330E-05
4.626250E+03	1.178260E-04	1.175580E-05
4.626448E+03	1.176694E-04	1.173925E-05
4.626646E+03	1.175961E-04	1.173102E-05
4.626844E+03	1.173777E-04	1.170832E-05
4.627042E+03	1.169180E-04	1.166155E-05
4.627241E+03	1.165108E-04	1.162002E-05
4.627439E+03	1.163556E-04	1.160364E-05
4.627637E+03	1.161568E-04	1.158290E-05
4.627835E+03	1.161213E-04	1.157846E-05
4.628033E+03	1.160730E-04	1.157274E-05
4.628231E+03	1.161155E-04	1.157607E-05
4.628429E+03	1.162489E-04	1.158846E-05
4.628626E+03	1.159881E-04	1.156156E-05
4.628825E+03	1.158998E-04	1.155185E-05
4.629023E+03	1.156316E-04	1.152422E-05
4.629221E+03	1.157050E-04	1.153063E-05
4.629419E+03	1.158220E-04	1.154139E-05
4.629617E+03	1.160190E-04	1.156011E-05
4.629815E+03	1.161215E-04	1.156942E-05
4.630013E+03	1.160604E-04	1.156243E-05
4.630211E+03	1.161647E-04	1.157192E-05
4.630409E+03	1.161073E-04	1.156529E-05
4.630607E+03	1.156659E-04	1.152042E-05
4.630805E+03	1.155883E-04	1.151179E-05
4.631003E+03	1.156908E-04	1.152110E-05
4.631201E+03	1.155768E-04	1.150884E-05
4.631399E+03	1.156174E-04	1.151199E-05
4.631597E+03	1.158310E-04	1.153236E-05
4.631795E+03	1.160502E-04	1.155327E-05
4.631993E+03	1.157339E-04	1.152089E-05
4.632191E+03	1.156726E-04	1.151388E-05
4.632389E+03	1.156440E-04	1.151014E-05
4.632587E+03	1.154168E-04	1.148663E-05
4.632785E+03	1.155322E-04	1.149721E-05
4.632983E+03	1.154689E-04	1.149002E-05
4.633181E+03	1.152616E-04	1.146849E-05
4.633380E+03	1.154572E-04	1.148705E-05
4.633578E+03	1.157750E-04	1.151778E-05
4.633776E+03	1.158376E-04	1.152310E-05
4.633975E+03	1.155008E-04	1.148869E-05
4.634173E+03	1.152641E-04	1.146426E-05
4.634371E+03	1.151825E-04	1.145524E-05
4.634569E+03	1.150168E-04	1.143787E-05
4.634767E+03	1.147434E-04	1.140979E-05
4.634965E+03	1.146306E-04	1.139768E-05
4.635163E+03	1.146949E-04	1.140318E-05
4.635361E+03	1.149399E-04	1.142665E-05
4.635559E+03	1.150938E-04	1.144105E-05
4.635757E+03	1.149297E-04	1.142385E-05
4.635955E+03	1.146579E-04	1.139594E-05
4.636153E+03	1.144060E-04	1.137002E-05
4.636351E+03	1.144373E-04	1.137224E-05
4.636549E+03	1.145272E-04	1.138029E-05
4.636747E+03	1.141508E-04	1.134200E-05
4.636945E+03	1.137158E-04	1.129790E-05
4.637144E+03	1.139574E-04	1.132101E-05
4.637342E+03	1.144314E-04	1.136721E-05
4.637540E+03	1.147682E-04	1.139978E-05
4.637738E+03	1.147722E-04	1.139929E-05
4.637936E+03	1.145712E-04	1.137843E-05
4.638134E+03	1.146373E-04	1.138412E-05
4.638332E+03	1.150715E-04	1.142634E-05
4.638530E+03	1.151359E-04	1.143184E-05
4.638728E+03	1.151674E-04	1.143407E-05
4.638926E+03	1.150340E-04	1.141994E-05
4.639124E+03	1.146826E-04	1.138416E-05
4.639322E+03	1.145747E-04	1.137257E-05
4.639520E+03	1.147509E-04	1.138916E-05
4.639718E+03	1.149601E-04	1.140904E-05
4.639916E+03	1.151180E-04	1.142382E-05
4.640114E+03	1.151879E-04	1.142987E-05
4.640312E+03	1.151241E-04	1.142264E-05
4.640510E+03	1.148859E-04	1.139812E-05
4.640708E+03	1.148037E-04	1.138908E-05
4.640907E+03	1.151066E-04	1.141823E-05
4.641106E+03	1.154189E-04	1.144831E-05
4.641304E+03	1.157165E-04	1.147694E-05
4.641501E+03	1.157682E-04	1.148118E-05
4.641699E+03	1.158292E-04	1.148632E-05
4.641897E+03	1.160755E-04	1.150986E-05
4.642095E+03	1.165810E-04	1.155907E-05
4.642293E+03	1.168257E-04	1.158244E-05
4.642491E+03	1.166921E-04	1.156829E-05
4.642689E+03	1.168231E-04	1.158037E-05
4.642887E+03	1.172058E-04	1.161740E-05
4.643085E+03	1.174489E-04	1.164059E-05
4.643283E+03	1.176811E-04	1.166270E-05
4.643481E+03	1.179777E-04	1.169118E-05
4.643679E+03	1.183130E-04	1.172350E-05
4.643877E+03	1.184591E-04	1.173705E-05
4.644075E+03	1.184101E-04	1.173129E-05
4.644273E+03	1.182673E-04	1.171623E-05
4.644471E+03	1.181613E-04	1.170482E-05
4.644669E+03	1.183405E-04	1.172165E-05
4.644868E+03	1.187627E-04	1.176255E-05
4.645066E+03	1.189291E-04	1.177812E-05
4.645264E+03	1.192410E-04	1.180809E-05
4.645462E+03	1.197593E-04	1.185849E-05
4.645660E+03	1.201930E-04	1.190051E-05
4.645858E+03	1.201682E-04	1.189712E-05
4.646056E+03	1.199646E-04	1.187605E-05
4.646254E+03	1.196800E-04	1.184694E-05
4.646452E+03	1.194247E-04	1.182075E-05
4.646650E+03	1.194365E-04	1.182100E-05
4.646848E+03	1.197047E-04	1.184662E-05
4.647046E+03	1.199434E-04	1.186932E-05
4.647244E+03	1.200438E-04	1.187833E-05
4.647443E+03	1.199360E-04	1.186674E-05
4.647641E+03	1.198115E-04	1.185349E-05
4.647839E+03	1.199765E-04	1.186890E-05
4.648037E+03	1.202062E-04	1.189069E-05
4.648235E+03	1.203049E-04	1.189953E-05
4.648433E+03	1.204221E-04	1.191020E-05
4.648631E+03	1.207111E-04	1.193785E-05
4.648830E+03	1.209281E-04	1.195838E-05
4.649028E+03	1.210362E-04	1.196814E-05
4.649226E+03	1.211720E-04	1.198064E-05
4.649424E+03	1.211731E-04	1.197981E-05
4.649622E+03	1.209284E-04	1.195468E-05
4.649820E+03	1.208776E-04	1.194874E-05
4.650018E+03	1.209081E-04	1.195083E-05
4.650216E+03	1.208185E-04	1.194104E-05
4.650414E+03	1.207400E-04	1.193235E-05
4.650612E+03	1.205819E-04	1.191580E-05
4.650810E+03	1.207418E-04	1.193068E-05
4.651008E+03	1.210553E-04	1.196073E-05
4.651206E+03	1.211507E-04	1.196921E-05
4.651404E+03	1.211239E-04	1.196564E-05
4.651602E+03	1.211563E-04	1.196791E-05
4.651800E+03	1.212757E-04	1.197877E-05
4.651998E+03	1.215211E-04	1.200208E-05
4.652196E+03	1.217165E-04	1.202044E-05
4.652394E+03	1.218768E-04	1.203534E-05
4.652592E+03	1.220242E-04	1.204896E-05
4.652791E+03	1.222531E-04	1.207062E-05
4.652989E+03	1.225933E-04	1.210327E-05
4.653187E+03	1.227019E-04	1.211305E-05
4.653384E+03	1.226901E-04	1.211095E-05
4.653582E+03	1.226301E-04	1.210409E-05
4.653781E+03	1.227814E-04	1.211808E-05
4.653978E+03	1.229309E-04	1.213189E-05
4.654177E+03	1.231381E-04	1.215139E-05
4.654375E+03	1.233600E-04	1.217234E-05
4.654573E+03	1.234039E-04	1.217573E-05
4.654771E+03	1.232215E-04	1.215679E-05
4.654969E+03	1.231540E-04	1.214919E-05
4.655167E+03	1.232053E-04	1.215331E-05
4.655365E+03	1.234720E-04	1.217867E-05
4.655563E+03	1.235271E-04	1.218315E-05
4.655761E+03	1.235487E-04	1.218434E-05
4.655959E+03	1.237933E-04	1.220751E-05
4.656157E+03	1.240509E-04	1.223197E-05
4.656355E+03	1.243234E-04	1.225789E-05
4.656554E+03	1.243638E-04	1.226092E-05
4.656752E+03	1.243874E-04	1.226230E-05
4.656950E+03	1.244966E-04	1.227211E-05
4.657148E+03	1.246932E-04	1.229053E-05
4.657346E+03	1.248637E-04	1.230639E-05
4.657544E+03	1.251273E-04	1.233141E-05
4.657742E+03	1.253092E-04	1.234837E-05
4.657940E+03	1.253720E-04	1.235361E-05
4.658138E+03	1.250219E-04	1.231815E-05
4.658336E+03	1.247349E-04	1.228892E-05
4.658534E+03	1.247381E-04	1.228829E-05
4.658732E+03	1.247078E-04	1.228435E-05
4.658930E+03	1.248004E-04	1.229251E-05
4.659128E+03	1.248241E-04	1.229390E-05
4.659326E+03	1.246541E-04	1.227620E-05
4.659524E+03	1.244133E-04	1.225154E-05
4.659722E+03	1.243345E-04	1.224283E-05
4.659920E+03	1.245742E-04	1.226549E-05
4.660118E+03	1.248848E-04	1.229511E-05
4.660316E+03	1.249533E-04	1.230090E-05
4.660515E+03	1.248335E-04	1.228815E-05
4.660713E+03	1.245421E-04	1.225852E-05
4.660912E+03	1.244502E-04	1.224852E-05
4.661110E+03	1.246883E-04	1.227101E-05
4.661308E+03	1.250440E-04	1.230506E-05
4.661506E+03	1.252692E-04	1.232626E-05
4.661704E+03	1.253844E-04	1.233664E-05
4.661902E+03	1.253484E-04	1.233215E-05
4.662100E+03	1.252453E-04	1.232105E-05
4.662298E+03	1.252298E-04	1.231857E-05
4.662496E+03	1.254589E-04	1.234015E-05
4.662694E+03	1.257068E-04	1.236358E-05
4.662892E+03	1.258277E-04	1.237451E-05
4.663090E+03	1.257563E-04	1.236653E-05
4.663288E+03	1.258829E-04	1.237802E-05
4.663486E+03	1.259497E-04	1.238363E-05
4.663684E+03	1.260707E-04	1.239457E-05
4.663882E+03	1.261413E-04	1.240055E-05
4.664080E+03	1.260586E-04	1.239146E-05
4.664278E+03	1.259516E-04	1.237998E-05
4.664477E+03	1.256631E-04	1.235068E-05
4.664675E+03	1.256757E-04	1.235096E-05
4.664873E+03	1.259520E-04	1.237715E-05
4.665071E+03	1.258430E-04	1.236549E-05
4.665269E+03	1.259230E-04	1.237239E-05
4.665466E+03	1.263435E-04	1.241276E-05
4.665664E+03	1.266800E-04	1.244485E-05
4.665863E+03	1.268537E-04	1.246095E-05
4.666060E+03	1.266081E-04	1.243586E-05
4.666258E+03	1.266994E-04	1.244387E-05
4.666456E+03	1.266672E-04	1.243974E-05
4.666654E+03	1.263595E-04	1.240857E-05
4.666852E+03	1.262654E-04	1.239837E-05
4.667050E+03	1.262068E-04	1.239166E-05
4.667248E+03	1.263337E-04	1.240316E-05
4.667446E+03	1.265507E-04	1.242350E-05
4.667645E+03	1.266047E-04	1.242784E-05
4.667843E+03	1.266792E-04	1.243419E-05
4.668041E+03	1.266469E-04	1.243006E-05
4.668240E+03	1.266614E-04	1.243053E-05
4.668438E+03	1.265559E-04	1.241921E-05
4.668636E+03	1.261896E-04	1.238230E-05
4.668834E+03	1.262922E-04	1.239142E-05
4.669032E+03	1.266201E-04	1.242263E-05
4.669230E+03	1.267529E-04	1.243470E-05
4.669824E+03	1.267383E-04	1.243039E-05
4.670022E+03	1.264823E-04	1.240433E-05
4.670220E+03	1.265025E-04	1.240534E-05
4.670418E+03	1.265940E-04	1.241336E-05
4.670616E+03	1.266761E-04	1.242046E-05
4.670814E+03	1.267226E-04	1.242405E-05
4.671012E+03	1.265905E-04	1.241014E-05
4.671210E+03	1.261424E-04	1.236526E-05
4.671408E+03	1.258898E-04	1.233955E-05
4.671606E+03	1.260132E-04	1.235070E-05
4.671804E+03	1.260596E-04	1.235429E-05
4.672002E+03	1.262508E-04	1.237208E-05
4.672201E+03	1.265099E-04	1.239650E-05
4.672399E+03	1.266429E-04	1.240858E-05
4.672597E+03	1.265087E-04	1.239447E-05
4.672795E+03	1.263857E-04	1.238147E-05
4.672993E+03	1.264359E-04	1.238543E-05
4.673191E+03	1.265821E-04	1.239880E-05
4.673389E+03	1.263197E-04	1.237215E-05
4.673587E+03	1.261420E-04	1.235378E-05
4.673785E+03	1.264333E-04	1.238136E-05
4.673983E+03	1.268038E-04	1.241669E-05
4.674380E+03	1.270497E-04	1.243884E-05
4.674578E+03	1.271565E-04	1.244835E-05
4.674776E+03	1.274218E-04	1.247336E-05
4.674974E+03	1.273685E-04	1.246718E-05
4.675172E+03	1.272925E-04	1.245878E-05
4.675370E+03	1.272712E-04	1.245573E-05
4.675568E+03	1.271952E-04	1.244733E-05
4.675766E+03	1.271983E-04	1.244669E-05
4.675965E+03	1.273317E-04	1.245878E-05
4.676361E+03	1.272041E-04	1.244438E-05
4.676559E+03	1.271808E-04	1.244114E-05
4.676757E+03	1.273426E-04	1.245601E-05
4.676954E+03	1.277179E-04	1.249176E-05
4.677351E+03	1.277357E-04	1.249158E-05
4.677548E+03	1.277257E-04	1.248964E-05
4.677746E+03	1.279425E-04	1.250988E-05
4.677944E+03	1.281990E-04	1.253400E-05
4.678142E+03	1.284254E-04	1.255517E-05
4.678340E+03	1.286821E-04	1.257930E-05
4.678538E+03	1.287063E-04	1.258069E-05
4.678736E+03	1.288174E-04	1.259059E-05
4.678934E+03	1.288340E-04	1.259124E-05
4.679132E+03	1.288998E-04	1.259671E-05
4.679330E+03	1.293612E-04	1.264082E-05
4.679528E+03	1.294043E-04	1.264407E-05
4.679726E+03	1.293926E-04	1.264195E-05
4.679925E+03	1.296214E-04	1.266332E-05
4.680123E+03	1.300092E-04	1.270024E-05
4.680321E+03	1.304484E-04	1.274216E-05
4.680519E+03	1.306243E-04	1.275836E-05
4.680717E+03	1.304328E-04	1.273868E-05
4.680916E+03	1.302337E-04	1.271825E-05
4.681114E+03	1.300837E-04	1.270263E-05
4.681312E+03	1.302332E-04	1.271625E-05
4.681510E+03	1.303220E-04	1.272395E-05
4.681708E+03	1.302573E-04	1.271665E-05
4.681906E+03	1.302513E-04	1.271509E-05
4.682104E+03	1.303515E-04	1.272390E-05
4.682302E+03	1.303589E-04	1.272364E-05
4.682500E+03	1.301442E-04	1.270171E-05
4.682698E+03	1.299845E-04	1.268515E-05
4.682896E+03	1.300259E-04	1.268822E-05
4.683094E+03	1.304166E-04	1.272536E-05
4.683292E+03	1.304694E-04	1.272955E-05
4.683490E+03	1.302014E-04	1.270242E-05
4.683689E+03	1.303511E-04	1.271605E-05
4.683887E+03	1.306490E-04	1.274413E-05
4.684085E+03	1.311692E-04	1.279390E-05
4.684283E+03	1.311253E-04	1.278863E-05
4.684481E+03	1.311004E-04	1.278522E-05
4.684679E+03	1.315487E-04	1.282796E-05
4.684877E+03	1.315447E-04	1.282659E-05
4.685075E+03	1.313430E-04	1.280594E-05
4.685273E+03	1.314741E-04	1.281773E-05
4.685471E+03	1.318219E-04	1.285066E-05
4.685669E+03	1.320424E-04	1.287117E-05
4.685867E+03	1.323143E-04	1.289669E-05
4.686065E+03	1.323979E-04	1.290385E-05
4.686263E+03	1.320059E-04	1.286465E-05
4.686659E+03	1.318666E-04	1.284912E-05
4.686857E+03	1.320074E-04	1.286184E-05
4.687055E+03	1.321024E-04	1.287012E-05
4.687253E+03	1.322813E-04	1.288656E-05
4.687451E+03	1.322241E-04	1.288000E-05
4.687651E+03	1.319630E-04	1.285358E-05
4.687849E+03	1.320657E-04	1.286260E-05
4.688047E+03	1.322047E-04	1.287515E-05
4.688245E+03	1.321931E-04	1.287304E-05
4.688443E+03	1.321815E-04	1.287092E-05
4.688641E+03	1.322119E-04	1.287289E-05
4.688839E+03	1.320782E-04	1.285890E-05
4.689036E+03	1.319636E-04	1.284676E-05
4.689235E+03	1.320072E-04	1.285002E-05
4.689433E+03	1.318124E-04	1.283008E-05
4.689630E+03	1.314172E-04	1.279064E-05
4.690224E+03	1.311013E-04	1.275696E-05
4.690422E+03	1.306179E-04	1.270895E-05
4.690620E+03	1.303634E-04	1.268322E-05
4.690818E+03	1.305424E-04	1.269967E-05
4.691016E+03	1.307865E-04	1.272244E-05
4.691214E+03	1.309216E-04	1.273461E-05
4.691611E+03	1.307105E-04	1.271214E-05
4.691809E+03	1.307846E-04	1.271837E-05
4.692007E+03	1.311282E-04	1.275081E-05
4.692403E+03	1.315098E-04	1.278596E-05
4.692601E+03	1.317408E-04	1.280745E-05
4.692799E+03	1.317806E-04	1.281034E-05
4.692997E+03	1.317095E-04	1.280245E-05
4.693195E+03	1.317149E-04	1.280199E-05
4.693393E+03	1.321681E-04	1.284506E-05
4.693591E+03	1.326998E-04	1.289576E-05
4.693789E+03	1.327437E-04	1.289903E-05
4.693987E+03	1.325137E-04	1.287570E-05
4.694185E+03	1.325287E-04	1.287618E-05
4.694384E+03	1.327086E-04	1.289267E-05
4.694582E+03	1.329018E-04	1.291045E-05
4.694780E+03	1.330510E-04	1.292396E-05
4.694978E+03	1.333248E-04	1.294957E-05
4.695176E+03	1.335872E-04	1.297407E-05
4.695375E+03	1.337826E-04	1.299205E-05
4.695573E+03	1.341007E-04	1.302195E-05
4.695771E+03	1.341677E-04	1.302747E-05
4.695969E+03	1.339164E-04	1.300208E-05
4.696167E+03	1.338569E-04	1.299531E-05
4.696365E+03	1.339949E-04	1.300771E-05
4.696563E+03	1.339967E-04	1.300690E-05
4.696761E+03	1.341443E-04	1.302024E-05
4.696959E+03	1.340521E-04	1.301030E-05
4.697157E+03	1.339522E-04	1.299961E-05
4.697355E+03	1.340903E-04	1.301202E-05
4.697553E+03	1.341362E-04	1.301549E-05
4.697751E+03	1.342149E-04	1.302213E-05
4.697949E+03	1.342359E-04	1.302317E-05
4.698147E+03	1.340802E-04	1.300708E-05
4.698345E+03	1.338514E-04	1.298390E-05
4.698543E+03	1.337398E-04	1.297208E-05
4.698741E+03	1.337126E-04	1.296846E-05
4.698939E+03	1.333146E-04	1.292887E-05
4.699137E+03	1.329932E-04	1.289673E-05
4.699336E+03	1.329371E-04	1.289031E-05
4.699534E+03	1.330579E-04	1.290104E-05
4.699732E+03	1.330287E-04	1.289723E-05
4.699930E+03	1.329226E-04	1.288595E-05
4.700128E+03	1.328799E-04	1.288084E-05
4.700326E+03	1.328314E-04	1.287516E-05
4.700524E+03	1.327482E-04	1.286612E-05
4.700722E+03	1.325476E-04	1.284570E-05
4.700920E+03	1.323239E-04	1.282304E-05
4.701118E+03	1.322657E-04	1.281643E-05
4.701317E+03	1.320745E-04	1.279693E-05
4.701515E+03	1.317581E-04	1.276530E-05
4.701712E+03	1.315976E-04	1.274879E-05
4.701910E+03	1.313677E-04	1.272555E-05
4.702108E+03	1.310992E-04	1.269857E-05
4.702306E+03	1.308633E-04	1.267477E-05
4.702504E+03	1.305677E-04	1.264517E-05
4.702702E+03	1.300425E-04	1.259335E-05
4.702900E+03	1.296907E-04	1.255833E-05
4.703099E+03	1.291632E-04	1.250630E-05
4.703297E+03	1.290850E-04	1.249778E-05
4.703495E+03	1.295489E-04	1.254174E-05
4.703693E+03	1.295343E-04	1.253938E-05
4.703891E+03	1.293076E-04	1.251648E-05
4.704089E+03	1.296655E-04	1.255018E-05
4.704287E+03	1.296471E-04	1.254745E-05
4.704485E+03	1.294994E-04	1.253220E-05
4.704683E+03	1.295273E-04	1.253395E-05
4.704881E+03	1.298642E-04	1.256560E-05
4.705079E+03	1.299598E-04	1.257390E-05
4.705277E+03	1.297811E-04	1.255565E-05
4.705475E+03	1.294536E-04	1.252302E-05
4.705673E+03	1.292689E-04	1.250421E-05
4.705871E+03	1.295500E-04	1.253045E-05
4.706069E+03	1.298679E-04	1.256024E-05
4.706267E+03	1.299887E-04	1.257097E-05
4.706465E+03	1.298948E-04	1.256095E-05
4.706663E+03	1.295708E-04	1.252867E-05
4.706861E+03	1.293106E-04	1.250255E-05
4.707060E+03	1.292127E-04	1.249215E-05
4.707258E+03	1.291245E-04	1.248267E-05
4.707456E+03	1.288698E-04	1.245711E-05
4.707654E+03	1.287080E-04	1.244052E-05
4.707853E+03	1.289391E-04	1.246192E-05
4.708051E+03	1.290250E-04	1.246928E-05
4.708249E+03	1.286908E-04	1.243603E-05
4.708447E+03	1.285694E-04	1.242337E-05
4.708645E+03	1.284480E-04	1.241070E-05
4.708843E+03	1.283208E-04	1.239747E-05
4.709239E+03	1.282561E-04	1.238934E-05
4.709437E+03	1.282954E-04	1.239221E-05
4.709635E+03	1.285441E-04	1.241529E-05
4.709833E+03	1.286785E-04	1.242733E-05
4.710031E+03	1.285260E-04	1.241166E-05
4.710229E+03	1.283093E-04	1.238980E-05
4.710427E+03	1.282459E-04	1.238274E-05
4.710625E+03	1.283299E-04	1.238991E-05
4.710823E+03	1.285089E-04	1.240626E-05
4.711022E+03	1.288316E-04	1.243648E-05
4.711220E+03	1.288516E-04	1.243747E-05
4.711418E+03	1.286251E-04	1.241467E-05
4.711616E+03	1.284238E-04	1.239430E-05
4.711814E+03	1.284127E-04	1.239230E-05
4.712012E+03	1.283472E-04	1.238504E-05
4.712210E+03	1.280175E-04	1.235230E-05
4.712408E+03	1.278781E-04	1.233791E-05
4.712606E+03	1.279330E-04	1.234227E-05
4.712804E+03	1.279684E-04	1.234476E-05
4.713002E+03	1.281593E-04	1.236224E-05
4.713200E+03	1.284319E-04	1.238760E-05
4.713398E+03	1.285529E-04	1.239834E-05
4.713595E+03	1.284737E-04	1.238977E-05
4.713793E+03	1.284372E-04	1.238532E-05
4.713991E+03	1.285583E-04	1.239607E-05
4.714190E+03	1.287884E-04	1.241731E-05
4.714388E+03	1.290963E-04	1.244606E-05
4.714785E+03	1.291657E-04	1.245087E-05
4.714983E+03	1.290903E-04	1.244267E-05
4.715181E+03	1.292272E-04	1.245492E-05
4.715577E+03	1.290959E-04	1.244039E-05
4.715775E+03	1.288451E-04	1.241530E-05
4.715973E+03	1.289314E-04	1.242267E-05
4.716171E+03	1.291364E-04	1.244149E-05
4.716369E+03	1.293007E-04	1.245638E-05
4.716567E+03	1.294883E-04	1.247352E-05
4.716765E+03	1.297969E-04	1.250230E-05
4.716963E+03	1.301309E-04	1.253353E-05
4.717161E+03	1.305625E-04	1.257415E-05
4.717359E+03	1.309357E-04	1.260915E-05
4.717557E+03	1.306770E-04	1.258329E-05
4.717755E+03	1.304339E-04	1.255894E-05
4.717953E+03	1.306824E-04	1.258192E-05
4.718151E+03	1.312041E-04	1.263120E-05
4.718349E+03	1.314196E-04	1.265100E-05
4.718547E+03	1.313580E-04	1.264411E-05
4.718746E+03	1.311948E-04	1.262746E-05
4.718944E+03	1.310062E-04	1.260835E-05
4.719142E+03	1.309073E-04	1.259789E-05
4.719340E+03	1.307010E-04	1.257709E-05
4.719736E+03	1.307903E-04	1.258380E-05
4.719934E+03	1.308946E-04	1.259288E-05
4.720132E+03	1.307428E-04	1.257734E-05
4.720330E+03	1.310094E-04	1.260203E-05
4.720528E+03	1.316337E-04	1.266114E-05
4.720726E+03	1.321058E-04	1.270559E-05
4.720924E+03	1.322846E-04	1.272184E-05
4.721122E+03	1.325026E-04	1.274185E-05
4.721321E+03	1.325095E-04	1.274155E-05
4.721717E+03	1.324057E-04	1.272966E-05
4.721915E+03	1.324457E-04	1.273255E-05
4.722311E+03	1.327548E-04	1.276036E-05
4.722510E+03	1.332276E-04	1.280484E-05
4.722708E+03	1.335107E-04	1.283108E-05
4.722906E+03	1.335136E-04	1.283041E-05
4.723104E+03	1.333501E-04	1.281373E-05
4.723302E+03	1.333570E-04	1.281344E-05
4.723500E+03	1.336382E-04	1.283949E-05
4.723698E+03	1.338940E-04	1.286311E-05
4.723896E+03	1.338128E-04	1.285434E-05
4.724292E+03	1.337305E-04	1.284452E-05
4.724490E+03	1.340728E-04	1.287643E-05
4.724688E+03	1.345995E-04	1.292605E-05
4.724886E+03	1.349577E-04	1.295947E-05
4.725084E+03	1.350668E-04	1.296898E-05
4.725282E+03	1.354016E-04	1.300016E-05
4.725480E+03	1.356953E-04	1.302738E-05
4.725677E+03	1.357398E-04	1.303068E-05
4.725875E+03	1.355016E-04	1.300684E-05
4.726073E+03	1.355087E-04	1.300655E-05
4.726471E+03	1.356526E-04	1.301842E-05
4.726668E+03	1.356382E-04	1.301606E-05
4.726866E+03	1.357612E-04	1.302690E-05
4.727064E+03	1.358804E-04	1.303736E-05
4.727262E+03	1.360920E-04	1.305669E-05
4.727460E+03	1.360343E-04	1.305018E-05
4.727658E+03	1.358685E-04	1.303330E-05
4.727856E+03	1.360782E-04	1.305244E-05
4.728055E+03	1.360088E-04	1.304481E-05
4.728253E+03	1.356895E-04	1.301321E-05
4.728451E+03	1.358855E-04	1.303103E-05
4.728649E+03	1.363727E-04	1.307678E-05
4.728847E+03	1.369328E-04	1.312951E-05
4.729045E+03	1.370267E-04	1.313753E-05
4.729243E+03	1.366030E-04	1.309593E-05
4.729441E+03	1.363681E-04	1.307243E-05
4.729639E+03	1.365013E-04	1.308423E-05
4.729837E+03	1.369024E-04	1.312170E-05
4.730035E+03	1.371460E-04	1.314407E-05
4.730234E+03	1.371080E-04	1.313944E-05
4.730432E+03	1.369104E-04	1.311953E-05
4.730630E+03	1.368467E-04	1.311245E-05
4.730828E+03	1.369801E-04	1.312426E-05
4.731026E+03	1.372456E-04	1.314871E-05
4.731224E+03	1.373160E-04	1.315448E-05
4.731422E+03	1.370650E-04	1.312945E-05
4.731620E+03	1.370348E-04	1.312558E-05
4.731818E+03	1.371387E-04	1.313456E-05
4.732016E+03	1.373077E-04	1.314977E-05
4.732214E+03	1.378950E-04	1.320503E-05
4.732412E+03	1.381471E-04	1.322819E-05
4.732610E+03	1.379413E-04	1.320750E-05
4.732808E+03	1.379783E-04	1.321006E-05
4.733006E+03	1.381298E-04	1.322358E-05
4.733204E+03	1.385301E-04	1.326092E-05
4.733402E+03	1.386284E-04	1.326934E-05
4.733600E+03	1.384147E-04	1.324790E-05
4.733798E+03	1.383312E-04	1.323893E-05
4.733996E+03	1.384868E-04	1.325283E-05
4.734195E+03	1.385061E-04	1.325369E-05
4.734393E+03	1.383119E-04	1.323413E-05
4.734592E+03	1.381455E-04	1.321722E-05
4.734790E+03	1.380026E-04	1.320257E-05
4.734988E+03	1.382373E-04	1.322404E-05
4.735186E+03	1.385314E-04	1.325119E-05
4.735384E+03	1.388038E-04	1.327626E-05
4.735582E+03	1.390467E-04	1.329850E-05
4.735780E+03	1.390482E-04	1.329766E-05
4.735978E+03	1.391863E-04	1.330988E-05
4.736176E+03	1.395539E-04	1.334405E-05
4.736374E+03	1.395159E-04	1.333943E-05
4.736572E+03	1.392068E-04	1.330888E-05
4.736770E+03	1.388836E-04	1.327700E-05
4.736968E+03	1.388475E-04	1.327256E-05
4.737166E+03	1.389420E-04	1.328061E-05
4.737364E+03	1.386603E-04	1.325270E-05
4.737562E+03	1.384200E-04	1.322876E-05
4.737760E+03	1.385839E-04	1.324344E-05
4.737957E+03	1.390847E-04	1.329031E-05
4.738156E+03	1.392943E-04	1.330936E-05
4.738355E+03	1.393889E-04	1.331741E-05
4.738553E+03	1.393865E-04	1.331619E-05
4.738750E+03	1.393602E-04	1.331270E-05
4.738948E+03	1.398179E-04	1.335543E-05
4.739146E+03	1.404006E-04	1.341010E-05
4.739344E+03	1.405392E-04	1.342234E-05
4.739542E+03	1.404019E-04	1.340824E-05
4.739740E+03	1.403143E-04	1.339888E-05
4.739938E+03	1.400877E-04	1.337625E-05
4.740136E+03	1.399602E-04	1.336310E-05
4.740334E+03	1.398883E-04	1.335524E-05
4.740532E+03	1.399753E-04	1.336256E-05
4.740730E+03	1.405249E-04	1.341404E-05
4.740928E+03	1.412019E-04	1.347766E-05
4.741126E+03	1.414758E-04	1.350280E-05
4.741325E+03	1.414836E-04	1.350255E-05
4.741523E+03	1.412986E-04	1.348390E-05
4.741721E+03	1.410936E-04	1.346334E-05
4.741920E+03	1.410834E-04	1.346137E-05
4.742118E+03	1.411447E-04	1.346623E-05
4.742316E+03	1.411344E-04	1.346426E-05
4.742514E+03	1.411242E-04	1.346229E-05
4.742712E+03	1.410026E-04	1.344969E-05
4.742910E+03	1.407834E-04	1.342779E-05
4.743108E+03	1.404647E-04	1.339641E-05
4.743306E+03	1.405856E-04	1.340695E-05
4.743504E+03	1.407922E-04	1.342566E-05
4.743702E+03	1.406684E-04	1.341287E-05
4.743900E+03	1.404749E-04	1.339343E-05
4.744098E+03	1.404963E-04	1.339448E-05
4.744296E+03	1.407070E-04	1.341358E-05
4.744494E+03	1.409117E-04	1.343210E-05
4.744692E+03	1.407738E-04	1.341797E-05
4.744890E+03	1.406678E-04	1.340688E-05
4.745088E+03	1.407470E-04	1.341345E-05
4.745286E+03	1.409459E-04	1.343141E-05
4.745484E+03	1.414139E-04	1.347501E-05
4.745682E+03	1.418980E-04	1.352015E-05
4.745881E+03	1.422306E-04	1.355085E-05
4.746079E+03	1.421327E-04	1.354052E-05
4.746277E+03	1.417854E-04	1.350644E-05
4.746475E+03	1.414679E-04	1.347520E-05
4.746673E+03	1.414615E-04	1.347361E-05
4.746871E+03	1.413853E-04	1.346536E-05
4.747069E+03	1.410357E-04	1.343107E-05
4.747267E+03	1.408077E-04	1.340837E-05
4.747465E+03	1.407333E-04	1.340031E-05
4.747663E+03	1.405671E-04	1.338349E-05
4.747861E+03	1.405745E-04	1.338322E-05
4.748060E+03	1.404882E-04	1.337401E-05
4.748258E+03	1.403538E-04	1.336024E-05
4.748456E+03	1.402194E-04	1.334646E-05
4.748654E+03	1.399850E-04	1.332317E-05
4.748852E+03	1.398944E-04	1.331357E-05
4.749050E+03	1.401435E-04	1.333631E-05
4.749248E+03	1.400509E-04	1.332651E-05
4.749446E+03	1.398443E-04	1.330588E-05
4.749644E+03	1.400356E-04	1.332310E-05
4.749843E+03	1.397909E-04	1.329884E-05
4.750040E+03	1.396942E-04	1.328867E-05
4.750238E+03	1.398815E-04	1.330551E-05
4.750437E+03	1.398747E-04	1.330389E-05
4.750635E+03	1.396639E-04	1.328287E-05
4.750832E+03	1.393869E-04	1.325556E-05
4.751030E+03	1.391119E-04	1.322843E-05
4.751228E+03	1.390830E-04	1.322472E-05
4.751426E+03	1.392063E-04	1.323547E-05
4.751624E+03	1.391934E-04	1.323327E-05
4.751822E+03	1.393207E-04	1.324441E-05
4.752020E+03	1.396904E-04	1.327859E-05
4.752218E+03	1.396716E-04	1.327582E-05
4.752416E+03	1.397109E-04	1.327858E-05
4.752614E+03	1.399185E-04	1.329735E-05
4.752812E+03	1.403246E-04	1.333497E-05
4.753010E+03	1.403780E-04	1.333907E-05
4.753208E+03	1.400785E-04	1.330963E-05
4.753406E+03	1.402362E-04	1.332364E-05
4.753605E+03	1.403096E-04	1.332964E-05
4.753803E+03	1.402708E-04	1.332498E-05
4.754001E+03	1.404245E-04	1.333860E-05
4.754199E+03	1.403094E-04	1.332670E-05
4.754397E+03	1.403146E-04	1.332622E-05
4.754595E+03	1.406952E-04	1.336139E-05
4.754794E+03	1.408953E-04	1.337942E-05
4.754992E+03	1.406617E-04	1.335626E-05
4.755190E+03	1.404582E-04	1.333596E-05
4.755388E+03	1.406301E-04	1.335131E-05
4.755586E+03	1.407559E-04	1.336227E-05
4.755784E+03	1.408838E-04	1.337343E-05
4.755982E+03	1.411081E-04	1.339375E-05
4.756576E+03	1.413211E-04	1.341103E-05
4.756774E+03	1.412500E-04	1.340331E-05
4.756972E+03	1.412734E-04	1.340456E-05
4.757170E+03	1.412607E-04	1.340237E-05
4.757368E+03	1.411212E-04	1.338816E-05
4.757567E+03	1.411124E-04	1.338635E-05
4.757765E+03	1.413672E-04	1.340955E-05
4.757963E+03	1.417810E-04	1.344782E-05
4.758161E+03	1.414624E-04	1.341662E-05
4.758359E+03	1.413429E-04	1.340431E-05
4.758557E+03	1.417770E-04	1.344451E-05
4.758755E+03	1.419737E-04	1.346218E-05
4.758953E+03	1.419267E-04	1.345674E-05
4.759151E+03	1.418253E-04	1.344615E-05
4.759349E+03	1.415225E-04	1.341647E-05
4.759547E+03	1.412215E-04	1.338696E-05
4.759745E+03	1.412248E-04	1.338630E-05
4.759943E+03	1.414296E-04	1.340473E-05
4.760141E+03	1.417816E-04	1.343712E-05
4.760339E+03	1.418353E-04	1.344123E-05
4.760537E+03	1.416208E-04	1.341994E-05
4.760735E+03	1.414386E-04	1.340169E-05
4.760933E+03	1.412522E-04	1.338306E-05
4.761131E+03	1.412938E-04	1.338603E-05
4.761330E+03	1.414221E-04	1.339721E-05
4.761529E+03	1.413366E-04	1.338814E-05
4.761727E+03	1.412732E-04	1.338116E-05
4.761925E+03	1.410140E-04	1.335564E-05
4.762122E+03	1.407204E-04	1.332687E-05
4.762320E+03	1.408649E-04	1.333958E-05
4.762519E+03	1.410396E-04	1.335516E-05
4.762717E+03	1.410286E-04	1.335315E-05
4.762914E+03	1.411065E-04	1.335956E-05
4.763310E+03	1.411653E-04	1.336320E-05
4.763508E+03	1.412109E-04	1.336654E-05
4.763706E+03	1.412707E-04	1.337123E-05
4.763904E+03	1.413708E-04	1.337974E-05
4.764102E+03	1.413275E-04	1.337467E-05
4.764300E+03	1.410880E-04	1.335104E-05
4.764498E+03	1.407210E-04	1.331535E-05
4.764696E+03	1.405440E-04	1.329764E-05
4.764894E+03	1.408930E-04	1.332969E-05
4.765092E+03	1.412076E-04	1.335850E-05
4.765291E+03	1.413382E-04	1.336988E-05
4.765489E+03	1.415336E-04	1.338740E-05
4.765687E+03	1.415712E-04	1.338998E-05
4.765885E+03	1.413091E-04	1.336423E-05
4.766083E+03	1.413446E-04	1.336662E-05
4.766281E+03	1.412242E-04	1.335427E-05
4.766479E+03	1.410368E-04	1.333559E-05
4.766677E+03	1.410581E-04	1.333664E-05
4.766875E+03	1.411118E-04	1.334075E-05
4.767073E+03	1.412648E-04	1.335425E-05
4.767271E+03	1.413185E-04	1.335837E-05
4.767469E+03	1.411777E-04	1.334409E-05
4.767667E+03	1.410976E-04	1.333556E-05
4.768063E+03	1.414423E-04	1.336621E-05
4.768262E+03	1.416016E-04	1.338030E-05
4.768460E+03	1.415885E-04	1.337809E-05
4.768658E+03	1.415672E-04	1.337512E-05
4.768856E+03	1.416718E-04	1.338403E-05
4.769055E+03	1.416789E-04	1.338374E-05
4.769253E+03	1.416353E-04	1.337866E-05
4.769451E+03	1.419429E-04	1.340675E-05
4.769649E+03	1.417551E-04	1.338805E-05
4.769847E+03	1.413784E-04	1.335151E-05
4.770045E+03	1.415358E-04	1.336541E-05
4.770243E+03	1.417054E-04	1.338047E-05
4.770441E+03	1.415866E-04	1.336828E-05
4.770639E+03	1.415611E-04	1.336492E-05
4.770837E+03	1.415682E-04	1.336463E-05
4.771035E+03	1.412298E-04	1.333172E-05
4.771233E+03	1.412307E-04	1.333085E-05
4.771431E+03	1.414735E-04	1.335281E-05
4.771629E+03	1.417551E-04	1.337843E-05
4.771827E+03	1.419290E-04	1.339387E-05
4.772025E+03	1.420337E-04	1.340279E-05
4.772223E+03	1.418801E-04	1.338734E-05
4.772421E+03	1.420480E-04	1.340221E-05
4.772817E+03	1.424082E-04	1.343427E-05
4.773016E+03	1.424785E-04	1.343994E-05
4.773214E+03	1.425080E-04	1.344176E-05
4.773412E+03	1.423727E-04	1.342803E-05
4.773610E+03	1.422434E-04	1.341487E-05
4.773808E+03	1.422505E-04	1.341458E-05
4.774005E+03	1.423411E-04	1.342217E-05
4.774203E+03	1.426518E-04	1.345051E-05
4.774402E+03	1.428465E-04	1.346789E-05
4.774600E+03	1.426702E-04	1.345031E-05
4.774996E+03	1.424196E-04	1.342476E-05
4.775194E+03	1.423900E-04	1.342101E-05
4.775392E+03	1.424257E-04	1.342341E-05
4.775590E+03	1.425287E-04	1.343215E-05
4.775788E+03	1.423542E-04	1.341476E-05
4.775986E+03	1.425123E-04	1.342869E-05
4.776184E+03	1.427908E-04	1.345397E-05
4.776382E+03	1.429265E-04	1.346580E-05
4.776580E+03	1.430337E-04	1.347493E-05
4.776778E+03	1.431348E-04	1.348349E-05
4.776977E+03	1.432052E-04	1.348916E-05
4.777175E+03	1.433717E-04	1.350388E-05
4.777373E+03	1.439242E-04	1.355495E-05
4.777967E+03	1.442362E-04	1.358143E-05
4.778165E+03	1.441659E-04	1.357384E-05
4.778363E+03	1.436377E-04	1.352314E-05
4.778561E+03	1.433444E-04	1.349457E-05
4.778759E+03	1.434559E-04	1.350409E-05
4.778957E+03	1.437411E-04	1.352998E-05
4.779155E+03	1.438527E-04	1.353952E-05
4.779353E+03	1.435040E-04	1.350574E-05
4.779551E+03	1.429302E-04	1.345077E-05
4.779749E+03	1.424831E-04	1.340774E-05
4.779947E+03	1.424307E-04	1.340186E-05
4.780145E+03	1.422187E-04	1.338096E-05
4.780343E+03	1.417385E-04	1.333483E-05
4.780541E+03	1.416001E-04	1.332086E-05
4.780740E+03	1.414329E-04	1.330418E-05
4.780938E+03	1.412186E-04	1.328308E-05
4.781136E+03	1.411394E-04	1.327468E-05
4.781334E+03	1.411543E-04	1.327515E-05
4.781731E+03	1.409959E-04	1.325835E-05
4.781929E+03	1.407260E-04	1.323203E-05
4.782127E+03	1.407122E-04	1.322979E-05
4.782325E+03	1.408706E-04	1.324375E-05
4.782523E+03	1.407133E-04	1.322802E-05
4.782721E+03	1.406010E-04	1.321653E-05
4.782919E+03	1.409584E-04	1.324918E-05
4.783117E+03	1.414841E-04	1.329765E-05
4.783315E+03	1.416673E-04	1.331393E-05
4.783513E+03	1.414792E-04	1.329530E-05
4.783711E+03	1.414183E-04	1.328864E-05
4.783909E+03	1.415564E-04	1.330067E-05
4.784107E+03	1.417521E-04	1.331811E-05
4.784305E+03	1.418369E-04	1.332514E-05
4.784503E+03	1.418047E-04	1.332117E-05
4.784702E+03	1.418957E-04	1.332877E-05
4.784900E+03	1.420114E-04	1.333870E-05
4.785098E+03	1.420429E-04	1.334071E-05
4.785296E+03	1.420826E-04	1.334349E-05
4.785692E+03	1.421456E-04	1.334752E-05
4.785890E+03	1.419962E-04	1.333255E-05
4.786087E+03	1.419845E-04	1.333051E-05
4.786285E+03	1.419708E-04	1.332828E-05
4.786484E+03	1.419611E-04	1.332642E-05
4.786682E+03	1.419247E-04	1.332207E-05
4.786880E+03	1.418842E-04	1.331732E-05
4.787077E+03	1.420514E-04	1.333208E-05
4.787275E+03	1.425870E-04	1.338140E-05
4.787869E+03	1.429844E-04	1.341585E-05
4.788067E+03	1.431642E-04	1.343178E-05
4.788266E+03	1.431631E-04	1.343072E-05
4.788465E+03	1.433141E-04	1.344394E-05
4.788663E+03	1.435209E-04	1.346239E-05
4.788861E+03	1.436165E-04	1.347040E-05
4.789059E+03	1.436956E-04	1.347687E-05
4.789257E+03	1.437417E-04	1.348025E-05
4.789455E+03	1.439425E-04	1.349812E-05
4.789653E+03	1.443370E-04	1.353417E-05
4.790049E+03	1.448234E-04	1.357786E-05
4.790247E+03	1.449501E-04	1.358879E-05
4.790445E+03	1.449820E-04	1.359082E-05
4.790643E+03	1.450923E-04	1.360020E-05
4.790841E+03	1.452976E-04	1.361849E-05
4.791039E+03	1.453997E-04	1.362710E-05
4.791435E+03	1.453542E-04	1.362092E-05
4.791633E+03	1.454523E-04	1.362915E-05
4.791831E+03	1.453583E-04	1.361939E-05
4.792029E+03	1.456773E-04	1.364832E-05
4.792227E+03	1.459221E-04	1.367029E-05
4.792426E+03	1.460656E-04	1.368278E-05
4.792624E+03	1.459159E-04	1.366779E-05
4.792822E+03	1.457413E-04	1.365048E-05
4.793020E+03	1.460089E-04	1.367458E-05
4.793218E+03	1.461939E-04	1.369095E-05
4.793416E+03	1.462095E-04	1.369145E-05
4.793614E+03	1.463036E-04	1.369930E-05
4.793812E+03	1.463047E-04	1.369844E-05
4.794010E+03	1.465084E-04	1.371655E-05
4.794208E+03	1.466481E-04	1.372867E-05
4.794406E+03	1.465830E-04	1.372161E-05
4.794604E+03	1.466751E-04	1.372928E-05
4.794802E+03	1.466287E-04	1.372397E-05
4.795001E+03	1.468327E-04	1.374210E-05
4.795199E+03	1.467552E-04	1.373388E-05
4.795793E+03	1.463919E-04	1.369701E-05
4.795991E+03	1.462500E-04	1.368277E-05
4.796189E+03	1.461557E-04	1.367300E-05
4.796388E+03	1.462707E-04	1.368279E-05
4.796586E+03	1.463753E-04	1.369162E-05
4.796784E+03	1.463535E-04	1.368863E-05
4.796982E+03	1.464104E-04	1.369300E-05
4.797180E+03	1.461337E-04	1.366616E-05
4.797378E+03	1.462155E-04	1.367286E-05
4.797576E+03	1.464923E-04	1.369778E-05
4.797774E+03	1.465223E-04	1.369963E-05
4.797972E+03	1.465440E-04	1.370071E-05
4.798169E+03	1.466882E-04	1.371323E-05
4.798367E+03	1.467162E-04	1.371489E-05
4.798565E+03	1.467753E-04	1.371947E-05
4.798764E+03	1.465708E-04	1.369939E-05
4.798962E+03	1.464680E-04	1.368883E-05
4.799159E+03	1.466724E-04	1.370699E-05
4.799357E+03	1.467315E-04	1.371156E-05
4.799555E+03	1.471417E-04	1.374892E-05
4.799753E+03	1.475872E-04	1.378959E-05
4.799951E+03	1.474678E-04	1.377748E-05
4.800150E+03	1.475354E-04	1.378283E-05
4.800348E+03	1.477796E-04	1.380469E-05
4.800546E+03	1.475459E-04	1.378189E-05
4.800744E+03	1.471562E-04	1.374454E-05
4.800942E+03	1.472175E-04	1.374931E-05
4.801140E+03	1.477445E-04	1.379757E-05
4.801338E+03	1.482676E-04	1.384546E-05
4.801536E+03	1.485454E-04	1.387044E-05
4.801735E+03	1.485737E-04	1.387211E-05
4.801933E+03	1.489099E-04	1.390253E-05
4.802131E+03	1.490672E-04	1.391625E-05
4.802329E+03	1.490351E-04	1.391230E-05
4.802527E+03	1.491758E-04	1.392447E-05
4.802725E+03	1.495851E-04	1.396170E-05
4.802923E+03	1.498446E-04	1.398495E-05
4.803121E+03	1.499334E-04	1.399227E-05
4.803319E+03	1.500160E-04	1.399901E-05
4.803517E+03	1.501090E-04	1.400672E-05
4.803715E+03	1.504520E-04	1.403775E-05
4.803913E+03	1.510535E-04	1.409290E-05
4.804112E+03	1.515176E-04	1.413522E-05
4.804310E+03	1.516630E-04	1.414780E-05
4.804508E+03	1.515187E-04	1.413336E-05
4.804706E+03	1.511054E-04	1.409383E-05
4.804904E+03	1.510130E-04	1.408425E-05
4.805102E+03	1.512481E-04	1.410519E-05
4.805300E+03	1.512934E-04	1.410844E-05
4.805498E+03	1.509715E-04	1.407746E-05
4.805696E+03	1.506767E-04	1.404900E-05
4.805894E+03	1.508221E-04	1.406158E-05
4.806092E+03	1.509988E-04	1.407709E-05
4.806290E+03	1.510984E-04	1.408539E-05
4.806488E+03	1.509057E-04	1.406646E-05
4.806686E+03	1.506064E-04	1.403759E-05
4.806884E+03	1.508145E-04	1.405602E-05
4.807082E+03	1.509475E-04	1.406744E-05
4.807280E+03	1.510659E-04	1.407751E-05
4.807478E+03	1.513368E-04	1.410178E-05
4.807676E+03	1.516872E-04	1.413345E-05
4.807875E+03	1.521003E-04	1.417097E-05
4.808073E+03	1.524300E-04	1.420071E-05
4.808271E+03	1.525236E-04	1.420845E-05
4.808470E+03	1.527009E-04	1.422399E-05
4.808668E+03	1.523722E-04	1.419239E-05
4.808866E+03	1.518719E-04	1.414481E-05
4.809064E+03	1.516746E-04	1.412547E-05
4.809262E+03	1.517179E-04	1.412853E-05
4.809460E+03	1.517947E-04	1.413471E-05
4.809658E+03	1.522335E-04	1.417460E-05
4.809856E+03	1.528147E-04	1.422774E-05
4.810054E+03	1.530591E-04	1.424951E-05
4.810251E+03	1.528493E-04	1.422901E-05
4.810449E+03	1.528677E-04	1.422974E-05
4.810647E+03	1.531017E-04	1.425055E-05
4.810846E+03	1.533756E-04	1.427505E-05
4.811044E+03	1.537627E-04	1.431010E-05
4.811241E+03	1.540619E-04	1.433697E-05
4.811439E+03	1.541223E-04	1.434160E-05
4.811637E+03	1.539836E-04	1.432772E-05
4.811836E+03	1.537192E-04	1.430213E-05
4.812034E+03	1.534966E-04	1.428044E-05
4.812232E+03	1.536093E-04	1.428995E-05
4.812430E+03	1.533741E-04	1.426709E-05
4.812628E+03	1.528954E-04	1.422159E-05
4.812826E+03	1.527753E-04	1.420945E-05
4.813024E+03	1.530055E-04	1.422988E-05
4.813222E+03	1.529357E-04	1.422242E-05
4.813420E+03	1.527631E-04	1.420539E-05
4.813618E+03	1.528611E-04	1.421354E-05
4.813816E+03	1.530242E-04	1.422773E-05
4.814014E+03	1.530341E-04	1.422768E-05
4.814212E+03	1.528971E-04	1.421397E-05
4.814410E+03	1.529133E-04	1.421451E-05
4.814608E+03	1.529064E-04	1.421289E-05
4.814806E+03	1.527251E-04	1.419508E-05
4.815005E+03	1.526195E-04	1.418429E-05
4.815203E+03	1.525895E-04	1.418053E-05
4.815401E+03	1.525741E-04	1.417813E-05
4.815600E+03	1.526007E-04	1.417964E-05
4.815798E+03	1.527325E-04	1.419091E-05
4.815996E+03	1.528537E-04	1.420121E-05
4.816194E+03	1.528320E-04	1.419823E-05
4.816392E+03	1.528398E-04	1.419798E-05
4.816590E+03	1.529905E-04	1.421102E-05
4.816788E+03	1.530130E-04	1.421214E-05
4.816986E+03	1.530250E-04	1.421228E-05
4.817184E+03	1.530075E-04	1.420969E-05
4.817382E+03	1.530384E-04	1.421159E-05
4.817580E+03	1.530293E-04	1.420978E-05
4.817778E+03	1.529044E-04	1.419722E-05
4.817976E+03	1.527563E-04	1.418251E-05
4.818174E+03	1.526398E-04	1.417072E-05
4.818372E+03	1.526432E-04	1.417008E-05
4.818570E+03	1.526804E-04	1.417257E-05
4.818768E+03	1.528397E-04	1.418640E-05
4.818966E+03	1.531024E-04	1.420981E-05
4.819164E+03	1.533019E-04	1.422736E-05
4.819362E+03	1.533855E-04	1.423415E-05
4.819561E+03	1.531614E-04	1.421239E-05
4.819759E+03	1.526631E-04	1.416520E-05
4.819957E+03	1.524030E-04	1.414010E-05
4.820155E+03	1.523241E-04	1.413182E-05
4.820353E+03	1.524688E-04	1.414429E-05
4.820551E+03	1.524257E-04	1.413934E-05
4.820749E+03	1.522983E-04	1.412656E-05
4.820947E+03	1.524156E-04	1.413648E-05
4.821145E+03	1.525793E-04	1.415071E-05
4.821343E+03	1.526291E-04	1.415437E-05
4.821541E+03	1.525354E-04	1.414473E-05
4.821740E+03	1.523721E-04	1.412862E-05
4.821938E+03	1.524324E-04	1.413326E-05
4.822136E+03	1.528856E-04	1.417432E-05
4.822333E+03	1.529671E-04	1.418093E-05
4.822531E+03	1.528374E-04	1.416795E-05
4.822729E+03	1.527500E-04	1.415888E-05
4.822928E+03	1.527935E-04	1.416195E-05
4.823126E+03	1.529448E-04	1.417502E-05
4.823323E+03	1.530856E-04	1.418712E-05
4.823522E+03	1.529748E-04	1.417589E-05
4.823720E+03	1.528957E-04	1.416761E-05
4.823918E+03	1.528821E-04	1.416540E-05
4.824116E+03	1.527120E-04	1.414869E-05
4.824314E+03	1.524848E-04	1.412668E-05
4.824512E+03	1.520459E-04	1.408507E-05
4.824710E+03	1.518756E-04	1.406834E-05
4.824908E+03	1.519253E-04	1.407201E-05
4.825106E+03	1.518713E-04	1.406606E-05
4.825304E+03	1.520206E-04	1.407893E-05
4.825502E+03	1.523075E-04	1.410456E-05
4.825700E+03	1.522832E-04	1.410136E-05
4.825898E+03	1.523012E-04	1.410208E-05
4.826096E+03	1.524887E-04	1.411849E-05
4.826294E+03	1.523457E-04	1.410431E-05
4.826492E+03	1.522345E-04	1.409307E-05
4.826690E+03	1.524348E-04	1.411066E-05
4.826888E+03	1.527920E-04	1.414277E-05
4.827086E+03	1.530326E-04	1.416410E-05
4.827285E+03	1.528854E-04	1.414952E-05
4.827483E+03	1.526024E-04	1.412238E-05
4.827681E+03	1.524847E-04	1.411055E-05
4.827879E+03	1.528209E-04	1.414071E-05
4.828077E+03	1.531339E-04	1.416872E-05
4.828275E+03	1.533769E-04	1.419025E-05
4.828474E+03	1.537898E-04	1.422750E-05
4.828672E+03	1.537953E-04	1.422706E-05
4.828870E+03	1.533572E-04	1.418558E-05
4.829068E+03	1.532565E-04	1.417531E-05
4.829266E+03	1.535463E-04	1.420118E-05
4.829464E+03	1.537471E-04	1.421880E-05
4.829662E+03	1.537717E-04	1.422012E-05
4.829860E+03	1.541276E-04	1.425208E-05
4.830058E+03	1.544072E-04	1.427698E-05
4.830256E+03	1.542342E-04	1.426003E-05
4.830454E+03	1.540761E-04	1.424446E-05
4.830652E+03	1.542899E-04	1.426327E-05
4.830850E+03	1.544527E-04	1.427737E-05
4.831048E+03	1.548047E-04	1.430896E-05
4.831247E+03	1.553440E-04	1.435785E-05
4.831445E+03	1.556835E-04	1.438827E-05
4.831643E+03	1.555701E-04	1.437683E-05
4.831841E+03	1.555885E-04	1.437757E-05
4.832039E+03	1.560431E-04	1.441862E-05
4.832237E+03	1.558445E-04	1.439931E-05
4.832435E+03	1.553672E-04	1.435425E-05
4.832633E+03	1.551323E-04	1.433160E-05
4.832831E+03	1.549739E-04	1.431602E-05
4.833029E+03	1.550966E-04	1.432640E-05
4.833227E+03	1.552278E-04	1.433756E-05
4.833425E+03	1.553398E-04	1.434696E-05
4.833623E+03	1.552538E-04	1.433806E-05
4.833821E+03	1.551231E-04	1.432504E-05
4.834019E+03	1.551180E-04	1.432361E-05
4.834217E+03	1.553068E-04	1.434010E-05
4.834414E+03	1.555532E-04	1.436190E-05
4.834612E+03	1.555012E-04	1.435615E-05
4.834811E+03	1.553725E-04	1.434331E-05
4.835010E+03	1.552352E-04	1.432969E-05
4.835209E+03	1.550916E-04	1.431548E-05
4.835406E+03	1.550417E-04	1.430992E-05
4.835604E+03	1.554226E-04	1.434413E-05
4.835802E+03	1.555839E-04	1.435806E-05
4.836000E+03	1.556982E-04	1.436767E-05
4.836198E+03	1.558127E-04	1.437728E-05
4.836396E+03	1.558439E-04	1.437921E-05
4.836594E+03	1.560800E-04	1.440004E-05
4.836792E+03	1.563973E-04	1.442836E-05
4.836990E+03	1.561745E-04	1.440686E-05
4.837188E+03	1.558705E-04	1.437786E-05
4.837386E+03	1.559637E-04	1.438550E-05
4.837584E+03	1.559628E-04	1.438448E-05
4.837782E+03	1.560688E-04	1.439330E-05
4.837980E+03	1.561193E-04	1.439701E-05
4.838178E+03	1.562659E-04	1.440958E-05
4.838376E+03	1.564447E-04	1.442511E-05
4.838574E+03	1.564824E-04	1.442764E-05
4.838772E+03	1.563939E-04	1.441853E-05
4.838971E+03	1.563204E-04	1.441081E-05
4.839169E+03	1.563453E-04	1.441215E-05
4.839367E+03	1.564557E-04	1.442138E-05
4.839565E+03	1.562003E-04	1.439689E-05
4.839763E+03	1.562658E-04	1.440198E-05
4.839961E+03	1.563420E-04	1.440805E-05
4.840159E+03	1.562256E-04	1.439638E-05
4.840357E+03	1.562654E-04	1.439910E-05
4.840555E+03	1.563073E-04	1.440202E-05
4.840753E+03	1.564200E-04	1.441145E-05
4.840951E+03	1.566247E-04	1.442936E-05
4.841149E+03	1.565596E-04	1.442242E-05
4.841347E+03	1.565695E-04	1.442238E-05
4.841545E+03	1.564551E-04	1.441090E-05
4.841744E+03	1.558029E-04	1.434989E-05
4.841942E+03	1.557827E-04	1.434708E-05
4.842140E+03	1.557753E-04	1.434546E-05
4.842338E+03	1.552641E-04	1.429745E-05
4.842536E+03	1.548021E-04	1.425397E-05
4.842734E+03	1.545694E-04	1.423161E-05
4.842933E+03	1.546197E-04	1.423531E-05
4.843131E+03	1.548823E-04	1.425856E-05
4.843329E+03	1.551472E-04	1.428201E-05
4.843527E+03	1.552748E-04	1.429282E-05
4.843725E+03	1.549712E-04	1.426393E-05
4.843923E+03	1.548477E-04	1.425164E-05
4.844121E+03	1.551127E-04	1.427509E-05
4.844319E+03	1.552124E-04	1.428334E-05
4.844517E+03	1.550868E-04	1.427085E-05
4.844715E+03	1.552402E-04	1.428403E-05
4.844913E+03	1.553164E-04	1.429011E-05
4.845111E+03	1.553389E-04	1.429125E-05
4.845309E+03	1.554924E-04	1.430444E-05
4.845507E+03	1.553946E-04	1.429451E-05
4.845705E+03	1.553118E-04	1.428597E-05
4.845903E+03	1.553644E-04	1.428987E-05
4.846101E+03	1.552450E-04	1.427796E-05
4.846299E+03	1.550353E-04	1.425775E-05
4.846496E+03	1.549567E-04	1.424960E-05
4.846695E+03	1.552522E-04	1.427584E-05
4.846894E+03	1.555737E-04	1.430446E-05
4.847092E+03	1.552886E-04	1.427732E-05
4.847289E+03	1.552702E-04	1.427471E-05
4.847487E+03	1.552711E-04	1.427387E-05
4.847685E+03	1.552097E-04	1.426729E-05
4.847883E+03	1.551417E-04	1.426012E-05
4.848081E+03	1.549467E-04	1.424127E-05
4.848279E+03	1.546440E-04	1.421253E-05
4.848478E+03	1.546191E-04	1.420931E-05
4.848676E+03	1.549968E-04	1.424310E-05
4.848874E+03	1.551765E-04	1.425868E-05
4.849072E+03	1.548456E-04	1.422736E-05
4.849270E+03	1.546655E-04	1.420989E-05
4.849468E+03	1.545844E-04	1.420152E-05
4.849666E+03	1.545917E-04	1.420127E-05
4.849864E+03	1.547110E-04	1.421131E-05
4.850062E+03	1.545091E-04	1.419185E-05
4.850260E+03	1.542641E-04	1.416843E-05
4.850458E+03	1.540751E-04	1.415015E-05
4.850657E+03	1.540111E-04	1.414336E-05
4.850855E+03	1.540290E-04	1.414409E-05
4.851053E+03	1.541397E-04	1.415334E-05
4.851251E+03	1.540454E-04	1.414377E-05
4.851449E+03	1.540159E-04	1.414015E-05
4.851647E+03	1.543511E-04	1.417001E-05
4.851845E+03	1.546777E-04	1.419908E-05
4.852043E+03	1.548598E-04	1.421488E-05
4.852241E+03	1.551780E-04	1.424316E-05
4.852439E+03	1.555480E-04	1.427621E-05
4.852637E+03	1.556137E-04	1.428132E-05
4.852835E+03	1.553769E-04	1.425867E-05
4.853033E+03	1.551573E-04	1.423760E-05
4.853231E+03	1.554023E-04	1.425916E-05
4.853429E+03	1.554074E-04	1.425872E-05
4.853627E+03	1.552029E-04	1.423904E-05
4.854023E+03	1.549277E-04	1.421196E-05
4.854221E+03	1.547835E-04	1.419782E-05
4.854420E+03	1.549442E-04	1.421166E-05
4.854618E+03	1.551656E-04	1.423104E-05
4.854816E+03	1.553264E-04	1.424488E-05
4.855014E+03	1.550891E-04	1.422221E-05
4.855213E+03	1.546334E-04	1.417950E-05
4.855411E+03	1.545583E-04	1.417170E-05
4.855609E+03	1.545156E-04	1.416688E-05
4.855807E+03	1.541287E-04	1.413051E-05
4.856005E+03	1.539885E-04	1.411675E-05
4.856203E+03	1.537574E-04	1.409466E-05
4.856401E+03	1.535911E-04	1.407851E-05
4.856599E+03	1.534746E-04	1.406694E-05
4.856797E+03	1.533710E-04	1.405655E-05
4.856995E+03	1.532415E-04	1.404377E-05
4.857193E+03	1.527738E-04	1.400002E-05
4.857391E+03	1.528391E-04	1.400511E-05
4.857589E+03	1.534745E-04	1.406244E-05
4.857787E+03	1.538110E-04	1.409237E-05
4.857985E+03	1.538960E-04	1.409926E-05
4.858183E+03	1.539572E-04	1.410396E-05
4.858382E+03	1.536952E-04	1.407906E-05
4.858580E+03	1.536197E-04	1.407125E-05
4.858777E+03	1.534986E-04	1.405927E-05
4.858976E+03	1.532907E-04	1.403933E-05
4.859174E+03	1.531847E-04	1.402873E-05
4.859372E+03	1.528052E-04	1.399308E-05
4.859569E+03	1.523648E-04	1.395187E-05
4.859767E+03	1.524497E-04	1.395875E-05
4.859965E+03	1.526670E-04	1.397776E-05
4.860163E+03	1.527845E-04	1.398763E-05
4.860361E+03	1.528760E-04	1.399512E-05
4.860559E+03	1.531282E-04	1.401732E-05
4.860757E+03	1.531242E-04	1.401606E-05
4.860955E+03	1.529484E-04	1.399908E-05
4.861153E+03	1.530073E-04	1.400358E-05
4.861351E+03	1.533988E-04	1.403852E-05
4.861549E+03	1.534969E-04	1.404661E-05
4.861747E+03	1.532711E-04	1.402506E-05
4.861946E+03	1.530823E-04	1.400689E-05
4.862144E+03	1.528673E-04	1.398633E-05
4.862343E+03	1.527174E-04	1.397173E-05
4.862541E+03	1.526653E-04	1.396609E-05
4.862739E+03	1.524262E-04	1.394332E-05
4.862937E+03	1.525503E-04	1.395380E-05
4.863135E+03	1.526440E-04	1.396149E-05
4.863333E+03	1.525419E-04	1.395126E-05
4.863531E+03	1.526617E-04	1.396134E-05
4.863729E+03	1.530146E-04	1.399273E-05
4.863927E+03	1.532064E-04	1.400938E-05
4.864125E+03	1.532240E-04	1.401011E-05
4.864323E+03	1.535618E-04	1.404011E-05
4.864521E+03	1.538496E-04	1.406554E-05
4.864719E+03	1.543140E-04	1.410710E-05
4.864917E+03	1.545584E-04	1.412856E-05
4.865115E+03	1.541446E-04	1.408985E-05
4.865313E+03	1.540381E-04	1.407923E-05
4.865511E+03	1.541060E-04	1.408455E-05
4.865709E+03	1.534870E-04	1.402709E-05
4.865907E+03	1.531143E-04	1.399215E-05
4.866106E+03	1.530250E-04	1.398311E-05
4.866304E+03	1.530622E-04	1.398563E-05
4.866502E+03	1.530318E-04	1.398197E-05
4.866700E+03	1.529643E-04	1.397492E-05
4.866898E+03	1.531869E-04	1.399439E-05
4.867096E+03	1.535603E-04	1.402762E-05
4.867294E+03	1.535517E-04	1.402595E-05
4.867492E+03	1.532680E-04	1.399917E-05
4.867690E+03	1.532179E-04	1.399371E-05
4.867888E+03	1.533796E-04	1.400760E-05
4.868086E+03	1.533164E-04	1.400095E-05
4.868284E+03	1.533252E-04	1.400088E-05
4.868483E+03	1.537733E-04	1.404091E-05
4.868681E+03	1.540969E-04	1.406958E-05
4.868879E+03	1.539987E-04	1.405974E-05
4.869077E+03	1.540798E-04	1.406626E-05
4.869275E+03	1.545150E-04	1.410511E-05
4.869473E+03	1.544671E-04	1.409986E-05
4.869671E+03	1.544083E-04	1.409361E-05
4.869869E+03	1.548437E-04	1.413247E-05
4.870068E+03	1.550671E-04	1.415197E-05
4.870266E+03	1.551855E-04	1.416190E-05
4.870464E+03	1.552580E-04	1.416763E-05
4.870662E+03	1.553940E-04	1.417916E-05
4.870859E+03	1.555169E-04	1.418949E-05
4.871058E+03	1.553246E-04	1.417106E-05
4.871256E+03	1.550863E-04	1.414843E-05
4.871454E+03	1.552858E-04	1.416575E-05
4.871651E+03	1.554766E-04	1.418228E-05
4.871849E+03	1.554637E-04	1.418023E-05
4.872047E+03	1.553830E-04	1.417198E-05
4.872245E+03	1.554731E-04	1.417932E-05
4.872443E+03	1.553989E-04	1.417167E-05
4.872641E+03	1.553290E-04	1.416442E-05
4.872839E+03	1.554520E-04	1.417476E-05
4.873037E+03	1.557701E-04	1.420288E-05
4.873235E+03	1.560401E-04	1.422662E-05
4.873433E+03	1.560690E-04	1.422836E-05
4.873631E+03	1.561724E-04	1.423691E-05
4.873830E+03	1.565236E-04	1.426805E-05
4.874028E+03	1.568947E-04	1.430099E-05
4.874226E+03	1.574129E-04	1.434734E-05
4.874424E+03	1.576307E-04	1.436629E-05
4.874622E+03	1.576553E-04	1.436765E-05
4.874820E+03	1.578732E-04	1.438662E-05
4.875018E+03	1.579967E-04	1.439698E-05
4.875217E+03	1.582630E-04	1.442035E-05
4.875415E+03	1.585885E-04	1.444913E-05
4.875613E+03	1.584640E-04	1.443689E-05
4.875811E+03	1.582165E-04	1.441345E-05
4.876009E+03	1.583950E-04	1.442882E-05
4.876207E+03	1.585406E-04	1.444119E-05
4.876405E+03	1.586247E-04	1.444796E-05
4.876603E+03	1.590055E-04	1.448176E-05
4.876801E+03	1.594040E-04	1.451716E-05
4.876999E+03	1.595652E-04	1.453094E-05
4.877197E+03	1.595967E-04	1.453292E-05
4.877395E+03	1.599383E-04	1.456312E-05
4.877593E+03	1.602997E-04	1.459514E-05
4.877792E+03	1.603687E-04	1.460053E-05
4.877990E+03	1.602288E-04	1.458689E-05
4.878188E+03	1.598292E-04	1.454961E-05
4.878386E+03	1.595064E-04	1.451935E-05
4.878584E+03	1.596282E-04	1.452953E-05
4.878782E+03	1.599040E-04	1.455375E-05
4.878980E+03	1.596472E-04	1.452948E-05
4.879178E+03	1.591437E-04	1.448277E-05
4.879376E+03	1.590584E-04	1.447413E-05
4.879574E+03	1.593167E-04	1.449674E-05
4.879772E+03	1.597314E-04	1.453359E-05
4.879970E+03	1.602123E-04	1.457646E-05
4.880168E+03	1.606670E-04	1.461692E-05
4.880366E+03	1.610490E-04	1.465078E-05
4.880564E+03	1.612834E-04	1.467122E-05
4.880762E+03	1.615731E-04	1.469666E-05
4.880960E+03	1.618474E-04	1.472071E-05
4.881158E+03	1.617888E-04	1.471449E-05
4.881356E+03	1.615846E-04	1.469503E-05
4.881555E+03	1.614047E-04	1.467777E-05
4.881753E+03	1.614254E-04	1.467876E-05
4.881952E+03	1.614727E-04	1.468216E-05
4.882150E+03	1.617891E-04	1.471003E-05
4.882348E+03	1.621938E-04	1.474593E-05
4.882546E+03	1.624596E-04	1.476920E-05
4.882744E+03	1.625070E-04	1.477260E-05
4.882941E+03	1.624484E-04	1.476638E-05
4.883140E+03	1.624935E-04	1.476958E-05
4.883338E+03	1.624636E-04	1.476596E-05
4.883536E+03	1.627516E-04	1.479125E-05
4.883733E+03	1.631812E-04	1.482939E-05
4.883931E+03	1.633369E-04	1.484264E-05
4.884129E+03	1.636163E-04	1.486713E-05
4.884327E+03	1.640727E-04	1.490769E-05
4.884525E+03	1.643015E-04	1.492758E-05
4.884723E+03	1.643580E-04	1.493181E-05
4.884921E+03	1.642066E-04	1.491715E-05
4.885119E+03	1.641768E-04	1.491354E-05
4.885317E+03	1.643925E-04	1.493223E-05
4.885516E+03	1.641216E-04	1.490673E-05
4.885714E+03	1.640299E-04	1.489749E-05
4.885912E+03	1.643938E-04	1.492964E-05
4.886110E+03	1.647380E-04	1.495999E-05
4.886308E+03	1.649339E-04	1.497688E-05
4.886506E+03	1.649595E-04	1.497830E-05
4.886704E+03	1.649629E-04	1.497771E-05
4.886902E+03	1.651479E-04	1.499360E-05
4.887100E+03	1.654016E-04	1.501573E-05
4.887298E+03	1.653652E-04	1.501152E-05
4.887496E+03	1.654506E-04	1.501837E-05
4.887694E+03	1.656535E-04	1.503588E-05
4.887892E+03	1.657367E-04	1.504253E-05
4.888090E+03	1.659352E-04	1.505964E-05
4.888288E+03	1.661648E-04	1.507957E-05
4.888486E+03	1.662925E-04	1.509025E-05
4.888685E+03	1.662319E-04	1.508384E-05
4.888883E+03	1.658364E-04	1.504705E-05
4.889081E+03	1.658665E-04	1.504888E-05
4.889279E+03	1.665287E-04	1.510805E-05
4.889478E+03	1.669736E-04	1.514751E-05
4.889676E+03	1.671370E-04	1.516142E-05
4.889874E+03	1.668922E-04	1.513831E-05
4.890072E+03	1.667560E-04	1.512505E-05
4.890270E+03	1.671790E-04	1.516251E-05
4.890468E+03	1.675112E-04	1.519172E-05
4.890666E+03	1.676636E-04	1.520464E-05
4.890864E+03	1.679271E-04	1.522762E-05
4.891062E+03	1.680463E-04	1.523752E-05
4.891260E+03	1.684342E-04	1.527178E-05
4.891458E+03	1.691488E-04	1.533566E-05
4.891656E+03	1.696014E-04	1.537577E-05
4.891854E+03	1.696387E-04	1.537824E-05
4.892052E+03	1.695649E-04	1.537063E-05
4.892250E+03	1.691688E-04	1.533381E-05
4.892448E+03	1.690104E-04	1.531854E-05
4.892646E+03	1.694677E-04	1.535908E-05
4.892844E+03	1.697184E-04	1.538088E-05
4.893042E+03	1.693132E-04	1.534325E-05
4.893241E+03	1.687967E-04	1.529553E-05
4.893439E+03	1.687516E-04	1.529053E-05
4.893637E+03	1.689511E-04	1.530770E-05
4.893835E+03	1.690906E-04	1.531943E-05
4.894033E+03	1.691812E-04	1.532673E-05
4.894231E+03	1.694165E-04	1.534714E-05
4.894429E+03	1.697253E-04	1.537420E-05
4.894627E+03	1.698606E-04	1.538554E-05
4.894825E+03	1.700114E-04	1.539829E-05
4.895023E+03	1.699953E-04	1.539592E-05
4.895222E+03	1.699459E-04	1.539052E-05
4.895420E+03	1.697983E-04	1.537625E-05
4.895618E+03	1.693566E-04	1.533535E-05
4.895815E+03	1.692201E-04	1.532208E-05
4.896013E+03	1.695737E-04	1.535319E-05
4.896211E+03	1.697670E-04	1.536978E-05
4.896409E+03	1.699313E-04	1.538375E-05
4.896607E+03	1.702963E-04	1.541589E-05
4.896805E+03	1.706659E-04	1.544843E-05
4.897003E+03	1.708237E-04	1.546180E-05
4.897202E+03	1.707719E-04	1.545620E-05
4.897400E+03	1.710591E-04	1.548129E-05
4.897598E+03	1.714735E-04	1.551788E-05
4.897796E+03	1.715445E-04	1.552339E-05
4.897994E+03	1.713456E-04	1.550447E-05
4.898192E+03	1.714410E-04	1.551220E-05
4.898390E+03	1.715411E-04	1.552034E-05
4.898588E+03	1.715094E-04	1.551656E-05
4.898786E+03	1.714890E-04	1.551380E-05
4.898984E+03	1.710575E-04	1.547386E-05
4.899182E+03	1.707175E-04	1.544219E-05
4.899380E+03	1.704533E-04	1.541740E-05
4.899578E+03	1.704036E-04	1.541199E-05
4.899776E+03	1.706711E-04	1.543528E-05
4.899974E+03	1.709431E-04	1.545898E-05
4.900172E+03	1.712197E-04	1.548308E-05
4.900370E+03	1.712460E-04	1.548455E-05
4.900568E+03	1.709995E-04	1.546136E-05
4.900766E+03	1.705517E-04	1.541998E-05
4.900965E+03	1.701866E-04	1.538606E-05
4.901163E+03	1.700450E-04	1.537236E-05
4.901361E+03	1.701337E-04	1.537949E-05
4.901559E+03	1.701666E-04	1.538156E-05
4.901757E+03	1.702352E-04	1.538686E-05
4.901956E+03	1.703420E-04	1.539562E-05
4.902154E+03	1.703167E-04	1.539243E-05
4.902352E+03	1.700854E-04	1.537063E-05
4.902550E+03	1.698630E-04	1.534964E-05
4.902748E+03	1.700995E-04	1.537012E-05
4.902946E+03	1.703944E-04	1.539586E-05
4.903144E+03	1.705482E-04	1.540886E-05
4.903342E+03	1.701510E-04	1.537209E-05
4.903540E+03	1.695856E-04	1.532012E-05
4.903738E+03	1.693809E-04	1.530073E-05
4.903936E+03	1.694270E-04	1.530401E-05
4.904134E+03	1.695785E-04	1.531681E-05
4.904332E+03	1.696628E-04	1.532353E-05
4.904530E+03	1.696686E-04	1.532317E-05
4.904728E+03	1.694929E-04	1.530641E-05
4.904927E+03	1.693731E-04	1.529471E-05
4.905125E+03	1.694776E-04	1.530326E-05
4.905323E+03	1.695080E-04	1.530512E-05
4.905521E+03	1.691751E-04	1.527418E-05
4.905719E+03	1.688240E-04	1.524160E-05
4.905917E+03	1.686008E-04	1.522057E-05
4.906115E+03	1.686491E-04	1.522405E-05
4.906313E+03	1.688950E-04	1.524536E-05
4.906511E+03	1.690982E-04	1.526283E-05
4.906709E+03	1.692139E-04	1.527239E-05
4.906907E+03	1.691343E-04	1.526433E-05
4.907105E+03	1.690187E-04	1.525302E-05
4.907303E+03	1.687571E-04	1.522853E-05
4.907501E+03	1.689941E-04	1.524904E-05
4.907698E+03	1.695098E-04	1.529470E-05
4.907896E+03	1.696908E-04	1.531015E-05
4.908095E+03	1.698134E-04	1.532033E-05
4.908293E+03	1.698799E-04	1.532544E-05
4.908490E+03	1.698676E-04	1.532346E-05
4.908689E+03	1.699252E-04	1.532777E-05
4.908888E+03	1.697758E-04	1.531342E-05
4.909086E+03	1.695656E-04	1.529358E-05
4.909284E+03	1.694499E-04	1.528227E-05
4.909482E+03	1.695478E-04	1.529022E-05
4.909680E+03	1.697739E-04	1.530974E-05
4.909878E+03	1.697954E-04	1.531080E-05
4.910076E+03	1.698709E-04	1.531673E-05
4.910274E+03	1.697911E-04	1.530866E-05
4.910472E+03	1.698665E-04	1.531459E-05
4.910670E+03	1.702055E-04	1.534427E-05
4.910868E+03	1.706571E-04	1.538410E-05
4.911066E+03	1.712327E-04	1.543511E-05
4.911264E+03	1.717747E-04	1.548309E-05
4.911462E+03	1.720014E-04	1.550264E-05
4.911660E+03	1.721448E-04	1.551468E-05
4.911858E+03	1.720583E-04	1.550600E-05
4.912056E+03	1.719675E-04	1.549693E-05
4.912254E+03	1.718584E-04	1.548622E-05
4.912452E+03	1.718463E-04	1.548425E-05
4.912651E+03	1.718365E-04	1.548249E-05
4.912849E+03	1.712967E-04	1.543298E-05
4.913047E+03	1.711266E-04	1.541677E-05
4.913245E+03	1.711639E-04	1.541926E-05
4.913443E+03	1.707930E-04	1.538497E-05
4.913641E+03	1.705009E-04	1.535779E-05
4.913839E+03	1.703441E-04	1.534280E-05
4.914037E+03	1.703092E-04	1.533878E-05
4.914235E+03	1.707776E-04	1.538010E-05
4.914433E+03	1.711242E-04	1.541044E-05
4.914631E+03	1.706513E-04	1.536698E-05
4.914829E+03	1.701489E-04	1.532088E-05
4.915027E+03	1.702358E-04	1.532784E-05
4.915225E+03	1.703679E-04	1.533887E-05
4.915424E+03	1.700031E-04	1.530516E-05
4.915622E+03	1.696789E-04	1.527510E-05
4.915820E+03	1.695736E-04	1.526477E-05
4.916018E+03	1.693192E-04	1.524101E-05
4.916216E+03	1.690896E-04	1.521949E-05
4.916414E+03	1.689459E-04	1.520569E-05
4.916613E+03	1.685827E-04	1.517215E-05
4.916811E+03	1.682715E-04	1.514329E-05
4.917009E+03	1.681343E-04	1.513009E-05
4.917207E+03	1.679066E-04	1.510875E-05
4.917405E+03	1.675386E-04	1.507479E-05
4.917603E+03	1.672813E-04	1.505079E-05
4.917801E+03	1.674064E-04	1.506120E-05
4.917999E+03	1.671331E-04	1.503578E-05
4.918197E+03	1.664954E-04	1.497757E-05
4.918395E+03	1.662582E-04	1.495539E-05
4.918593E+03	1.663356E-04	1.496152E-05
4.918791E+03	1.664402E-04	1.497009E-05
4.918989E+03	1.665675E-04	1.498070E-05
4.919187E+03	1.665227E-04	1.497583E-05
4.919385E+03	1.661765E-04	1.494386E-05
4.919583E+03	1.659775E-04	1.492514E-05
4.919780E+03	1.659598E-04	1.492271E-05
4.919978E+03	1.662978E-04	1.495228E-05
4.920177E+03	1.664886E-04	1.496859E-05
4.920376E+03	1.664505E-04	1.496433E-05
4.920573E+03	1.663466E-04	1.495416E-05
4.920771E+03	1.661565E-04	1.493624E-05
4.920969E+03	1.660707E-04	1.492770E-05
4.921167E+03	1.658193E-04	1.490427E-05
4.921365E+03	1.657062E-04	1.489327E-05
4.921563E+03	1.656588E-04	1.488819E-05
4.921761E+03	1.659041E-04	1.490941E-05
4.921960E+03	1.660225E-04	1.491922E-05
4.922158E+03	1.657936E-04	1.489782E-05
4.922356E+03	1.658688E-04	1.490375E-05
4.922554E+03	1.662232E-04	1.493477E-05
4.922752E+03	1.664688E-04	1.495600E-05
4.922950E+03	1.665554E-04	1.496296E-05
4.923148E+03	1.664899E-04	1.495624E-05
4.923346E+03	1.661290E-04	1.492300E-05
4.923544E+03	1.656749E-04	1.488138E-05
4.923742E+03	1.654115E-04	1.485690E-05
4.923940E+03	1.652708E-04	1.484345E-05
4.924138E+03	1.650845E-04	1.482590E-05
4.924337E+03	1.646754E-04	1.478834E-05
4.924535E+03	1.642844E-04	1.475242E-05
4.924733E+03	1.638319E-04	1.471097E-05
4.924931E+03	1.634793E-04	1.467850E-05
4.925129E+03	1.635724E-04	1.468605E-05
4.925327E+03	1.637315E-04	1.469953E-05
4.925525E+03	1.637769E-04	1.470280E-05
4.925723E+03	1.637950E-04	1.470361E-05
4.925921E+03	1.640111E-04	1.472220E-05
4.926119E+03	1.642613E-04	1.474386E-05
4.926317E+03	1.641634E-04	1.473426E-05
4.926515E+03	1.636670E-04	1.468889E-05
4.926713E+03	1.634414E-04	1.466784E-05
4.926911E+03	1.635300E-04	1.467499E-05
4.927109E+03	1.636095E-04	1.468133E-05
4.927307E+03	1.636048E-04	1.468010E-05
4.927505E+03	1.634155E-04	1.466231E-05
4.927703E+03	1.634881E-04	1.466803E-05
4.927901E+03	1.634651E-04	1.466516E-05
4.928100E+03	1.631230E-04	1.463367E-05
4.928298E+03	1.628970E-04	1.461260E-05
4.928496E+03	1.626186E-04	1.458683E-05
4.928695E+03	1.620141E-04	1.453181E-05
4.928893E+03	1.620729E-04	1.453629E-05
4.929091E+03	1.623279E-04	1.455837E-05
4.929289E+03	1.618826E-04	1.451765E-05
4.929487E+03	1.612616E-04	1.446116E-05
4.929685E+03	1.609803E-04	1.443516E-05
4.929883E+03	1.610915E-04	1.444434E-05
4.930081E+03	1.613420E-04	1.446601E-05
4.930279E+03	1.614235E-04	1.447254E-05
4.930477E+03	1.615394E-04	1.448214E-05
4.930675E+03	1.617420E-04	1.449952E-05
4.930873E+03	1.616204E-04	1.448784E-05
4.931071E+03	1.614919E-04	1.447554E-05
4.931269E+03	1.613726E-04	1.446405E-05
4.931467E+03	1.610566E-04	1.443495E-05
4.931665E+03	1.605510E-04	1.438886E-05
4.931862E+03	1.600269E-04	1.434112E-05
4.932061E+03	1.594227E-04	1.428620E-05
4.932259E+03	1.593532E-04	1.427920E-05
4.932458E+03	1.592631E-04	1.427035E-05
4.932655E+03	1.589718E-04	1.424349E-05
4.932853E+03	1.586003E-04	1.420944E-05
4.933051E+03	1.581350E-04	1.416698E-05
4.933249E+03	1.579554E-04	1.415014E-05
4.933447E+03	1.578056E-04	1.413595E-05
4.933645E+03	1.578364E-04	1.413795E-05
4.933843E+03	1.581075E-04	1.416148E-05
4.934041E+03	1.580240E-04	1.415323E-05
4.934239E+03	1.578191E-04	1.413412E-05
4.934437E+03	1.579232E-04	1.414269E-05
4.934635E+03	1.580456E-04	1.415289E-05
4.934833E+03	1.579459E-04	1.414321E-05
4.935031E+03	1.576928E-04	1.411979E-05
4.935229E+03	1.576389E-04	1.411420E-05
4.935428E+03	1.577179E-04	1.412052E-05
4.935626E+03	1.579572E-04	1.414119E-05
4.935824E+03	1.580522E-04	1.414894E-05
4.936023E+03	1.578470E-04	1.412981E-05
4.936221E+03	1.575294E-04	1.410063E-05
4.936419E+03	1.573562E-04	1.408437E-05
4.936617E+03	1.575795E-04	1.410361E-05
4.936815E+03	1.578809E-04	1.412983E-05
4.937013E+03	1.580447E-04	1.414374E-05
4.937211E+03	1.581444E-04	1.415191E-05
4.937409E+03	1.579298E-04	1.413195E-05
4.937607E+03	1.579078E-04	1.412924E-05
4.937805E+03	1.582920E-04	1.416286E-05
4.938003E+03	1.585547E-04	1.418561E-05
4.938201E+03	1.587440E-04	1.420179E-05
4.938399E+03	1.589861E-04	1.422270E-05
4.938597E+03	1.592260E-04	1.424340E-05
4.938795E+03	1.594705E-04	1.426452E-05
4.938993E+03	1.597519E-04	1.428893E-05
4.939191E+03	1.599920E-04	1.430965E-05
4.939389E+03	1.602206E-04	1.432934E-05
4.939587E+03	1.604815E-04	1.435191E-05
4.939786E+03	1.606482E-04	1.436607E-05
4.939984E+03	1.607598E-04	1.437529E-05
4.940182E+03	1.607795E-04	1.437629E-05
4.940380E+03	1.605050E-04	1.435099E-05
4.940578E+03	1.606373E-04	1.436206E-05
4.940776E+03	1.611582E-04	1.440787E-05
4.940974E+03	1.614907E-04	1.443684E-05
4.941172E+03	1.615450E-04	1.444093E-05
4.941370E+03	1.616844E-04	1.445263E-05
4.941568E+03	1.618606E-04	1.446763E-05
4.941766E+03	1.619380E-04	1.447378E-05
4.941965E+03	1.620546E-04	1.448344E-05
4.942163E+03	1.619156E-04	1.447026E-05
4.942361E+03	1.617352E-04	1.445337E-05
4.942559E+03	1.619414E-04	1.447105E-05
4.942757E+03	1.625254E-04	1.452247E-05
4.942955E+03	1.629690E-04	1.456135E-05
4.943153E+03	1.631271E-04	1.457471E-05
4.943351E+03	1.632554E-04	1.458541E-05
4.943549E+03	1.638421E-04	1.463706E-05
4.943748E+03	1.642699E-04	1.467452E-05
4.943945E+03	1.647072E-04	1.471281E-05
4.944143E+03	1.650292E-04	1.474082E-05
4.944341E+03	1.651071E-04	1.474700E-05
4.944540E+03	1.650143E-04	1.473794E-05
4.944738E+03	1.648270E-04	1.472045E-05
4.944935E+03	1.647965E-04	1.471696E-05
4.945133E+03	1.646967E-04	1.470728E-05
4.945331E+03	1.642048E-04	1.466259E-05
4.945529E+03	1.636873E-04	1.461563E-05
4.945727E+03	1.635850E-04	1.460574E-05
4.945925E+03	1.639742E-04	1.463973E-05
4.946123E+03	1.644674E-04	1.468300E-05
4.946321E+03	1.644967E-04	1.468485E-05
4.946519E+03	1.642075E-04	1.465827E-05
4.946717E+03	1.643384E-04	1.466920E-05
4.946915E+03	1.647325E-04	1.470362E-05
4.947113E+03	1.647365E-04	1.470321E-05
4.947311E+03	1.643962E-04	1.467209E-05
4.947510E+03	1.640582E-04	1.464117E-05
4.947708E+03	1.640690E-04	1.464138E-05
4.947906E+03	1.644703E-04	1.467643E-05
4.948104E+03	1.647469E-04	1.470035E-05
4.948302E+03	1.647115E-04	1.469644E-05
4.948500E+03	1.645120E-04	1.467788E-05
4.948699E+03	1.643426E-04	1.466201E-05
4.948897E+03	1.644251E-04	1.466861E-05
4.949095E+03	1.647388E-04	1.469585E-05
4.949293E+03	1.646456E-04	1.468678E-05
4.949491E+03	1.641660E-04	1.464324E-05
4.949689E+03	1.640911E-04	1.463582E-05
4.949887E+03	1.645993E-04	1.468039E-05
4.950085E+03	1.647952E-04	1.469711E-05
4.950283E+03	1.646950E-04	1.468742E-05
4.950481E+03	1.645622E-04	1.467483E-05
4.950679E+03	1.642975E-04	1.465048E-05
4.950877E+03	1.641925E-04	1.464036E-05
4.951075E+03	1.641615E-04	1.463685E-05
4.951273E+03	1.638896E-04	1.461187E-05
4.951472E+03	1.638540E-04	1.460794E-05
4.951670E+03	1.638948E-04	1.461084E-05
4.951868E+03	1.636621E-04	1.458935E-05
4.952066E+03	1.635847E-04	1.458171E-05
4.952264E+03	1.636393E-04	1.458584E-05
4.952462E+03	1.638516E-04	1.460401E-05
4.952660E+03	1.641659E-04	1.463128E-05
4.952858E+03	1.642438E-04	1.463749E-05
4.953056E+03	1.642777E-04	1.463976E-05
4.953254E+03	1.642837E-04	1.463955E-05
4.953452E+03	1.642433E-04	1.463522E-05
4.953650E+03	1.641797E-04	1.462881E-05
4.953848E+03	1.642461E-04	1.463398E-05
4.954046E+03	1.646535E-04	1.466954E-05
4.954244E+03	1.648127E-04	1.468298E-05
4.954442E+03	1.648003E-04	1.468113E-05
4.954640E+03	1.650013E-04	1.469830E-05
4.954838E+03	1.653510E-04	1.472871E-05
4.955036E+03	1.656938E-04	1.475850E-05
4.955234E+03	1.661250E-04	1.479616E-05
4.955434E+03	1.666632E-04	1.484334E-05
4.955632E+03	1.671573E-04	1.488660E-05
4.955830E+03	1.676004E-04	1.492531E-05
4.956027E+03	1.677602E-04	1.493879E-05
4.956225E+03	1.680245E-04	1.496158E-05
4.956423E+03	1.683006E-04	1.498541E-05
4.956622E+03	1.681211E-04	1.496868E-05
4.956820E+03	1.680160E-04	1.495857E-05
4.957017E+03	1.679201E-04	1.494929E-05
4.957215E+03	1.677265E-04	1.493131E-05
4.957413E+03	1.678864E-04	1.494479E-05
4.957611E+03	1.683208E-04	1.498271E-05
4.957809E+03	1.684645E-04	1.499475E-05
4.958007E+03	1.680406E-04	1.495627E-05
4.958205E+03	1.677049E-04	1.492565E-05
4.958403E+03	1.676624E-04	1.492112E-05
4.958601E+03	1.674429E-04	1.490085E-05
4.958799E+03	1.671466E-04	1.487374E-05
4.958997E+03	1.670923E-04	1.486817E-05
4.959196E+03	1.674875E-04	1.490259E-05
4.959394E+03	1.679456E-04	1.494260E-05
4.959592E+03	1.679705E-04	1.494408E-05
4.959790E+03	1.678534E-04	1.493292E-05
4.959988E+03	1.676873E-04	1.491741E-05
4.960186E+03	1.675235E-04	1.490210E-05
4.960384E+03	1.677279E-04	1.491954E-05
4.960582E+03	1.676876E-04	1.491521E-05
4.960780E+03	1.673185E-04	1.488165E-05
4.960978E+03	1.671266E-04	1.486384E-05
4.961176E+03	1.671002E-04	1.486076E-05
4.961374E+03	1.673116E-04	1.487883E-05
4.961572E+03	1.677819E-04	1.491992E-05
4.961770E+03	1.680914E-04	1.494670E-05
4.961969E+03	1.683195E-04	1.496624E-05
4.962167E+03	1.687692E-04	1.500548E-05
4.962365E+03	1.688759E-04	1.501423E-05
4.962563E+03	1.689103E-04	1.501655E-05
4.962761E+03	1.692505E-04	1.504606E-05
4.962959E+03	1.695954E-04	1.507598E-05
4.963158E+03	1.693451E-04	1.505299E-05
4.963356E+03	1.693025E-04	1.504846E-05
4.963554E+03	1.698460E-04	1.509604E-05
4.963752E+03	1.697941E-04	1.509069E-05
4.963950E+03	1.691956E-04	1.503675E-05
4.964148E+03	1.688632E-04	1.500648E-05
4.964346E+03	1.686966E-04	1.499094E-05
4.964544E+03	1.685790E-04	1.497976E-05
4.964742E+03	1.686274E-04	1.498333E-05
4.964940E+03	1.685565E-04	1.497630E-05
4.965138E+03	1.683991E-04	1.496159E-05
4.965336E+03	1.686837E-04	1.498613E-05
4.965534E+03	1.690618E-04	1.501900E-05
4.965732E+03	1.692085E-04	1.503129E-05
4.965930E+03	1.692476E-04	1.503404E-05
4.966128E+03	1.693077E-04	1.503865E-05
4.966326E+03	1.695925E-04	1.506321E-05
4.966524E+03	1.697744E-04	1.507864E-05
4.966722E+03	1.696076E-04	1.506309E-05
4.966921E+03	1.694571E-04	1.504900E-05
4.967119E+03	1.695875E-04	1.505985E-05
4.967317E+03	1.696384E-04	1.506364E-05
4.967515E+03	1.693918E-04	1.504102E-05
4.967713E+03	1.692693E-04	1.502941E-05
4.967910E+03	1.690648E-04	1.501053E-05
4.968108E+03	1.685627E-04	1.496523E-05
4.968306E+03	1.681331E-04	1.492636E-05
4.968505E+03	1.680525E-04	1.491849E-05
4.968704E+03	1.678993E-04	1.490417E-05
4.968902E+03	1.679335E-04	1.490649E-05
4.969099E+03	1.680123E-04	1.491277E-05
4.969297E+03	1.683161E-04	1.493902E-05
4.969495E+03	1.686435E-04	1.496735E-05
4.969693E+03	1.686708E-04	1.496906E-05
4.969891E+03	1.685268E-04	1.495556E-05
4.970089E+03	1.685306E-04	1.495518E-05
4.970287E+03	1.686282E-04	1.496313E-05
4.970485E+03	1.687001E-04	1.496878E-05
4.970683E+03	1.689479E-04	1.499006E-05
4.970882E+03	1.694611E-04	1.503487E-05
4.971080E+03	1.697866E-04	1.506303E-05
4.971278E+03	1.697999E-04	1.506349E-05
4.971476E+03	1.698061E-04	1.506332E-05
4.971674E+03	1.698711E-04	1.506837E-05
4.971872E+03	1.699854E-04	1.507779E-05
4.972070E+03	1.701914E-04	1.509534E-05
4.972268E+03	1.701671E-04	1.509247E-05
4.972466E+03	1.702439E-04	1.509856E-05
4.972664E+03	1.703912E-04	1.511090E-05
4.972862E+03	1.706254E-04	1.513096E-05
4.973060E+03	1.707775E-04	1.514372E-05
4.973258E+03	1.707086E-04	1.513690E-05
4.973456E+03	1.705010E-04	1.511777E-05
4.973654E+03	1.704250E-04	1.511031E-05
4.973852E+03	1.703325E-04	1.510140E-05
4.974050E+03	1.704069E-04	1.510728E-05
4.974248E+03	1.704673E-04	1.511192E-05
4.974446E+03	1.704971E-04	1.511385E-05
4.974644E+03	1.705575E-04	1.511849E-05
4.974843E+03	1.708626E-04	1.514482E-05
4.975041E+03	1.713231E-04	1.518492E-05
4.975239E+03	1.712990E-04	1.518207E-05
4.975438E+03	1.712795E-04	1.517962E-05
4.975636E+03	1.712953E-04	1.518031E-05
4.975834E+03	1.714830E-04	1.519623E-05
4.976032E+03	1.719675E-04	1.523844E-05
4.976230E+03	1.724191E-04	1.527774E-05
4.976428E+03	1.729320E-04	1.532247E-05
4.976626E+03	1.731719E-04	1.534301E-05
4.976824E+03	1.730534E-04	1.533179E-05
4.977022E+03	1.731048E-04	1.533563E-05
4.977220E+03	1.731420E-04	1.533820E-05
4.977418E+03	1.733206E-04	1.535331E-05
4.977616E+03	1.736620E-04	1.538283E-05
4.977814E+03	1.738454E-04	1.539835E-05
4.978012E+03	1.740196E-04	1.541306E-05
4.978210E+03	1.742290E-04	1.543089E-05
4.978408E+03	1.746344E-04	1.546607E-05
4.978607E+03	1.751271E-04	1.550899E-05
4.978805E+03	1.755042E-04	1.554166E-05
4.979003E+03	1.758368E-04	1.557039E-05
4.979201E+03	1.760843E-04	1.559158E-05
4.979399E+03	1.763722E-04	1.561634E-05
4.979597E+03	1.766270E-04	1.563818E-05
4.979795E+03	1.769620E-04	1.566711E-05
4.979992E+03	1.772052E-04	1.568792E-05
4.980190E+03	1.774106E-04	1.570537E-05
4.980388E+03	1.776137E-04	1.572262E-05
4.980587E+03	1.778759E-04	1.574510E-05
4.980785E+03	1.785044E-04	1.580001E-05
4.980982E+03	1.791684E-04	1.585805E-05
4.981180E+03	1.797712E-04	1.591067E-05
4.981378E+03	1.803766E-04	1.596351E-05
4.981576E+03	1.806700E-04	1.598874E-05
4.981774E+03	1.807365E-04	1.599388E-05
4.981972E+03	1.809922E-04	1.601577E-05
4.982171E+03	1.811653E-04	1.603035E-05
4.982369E+03	1.812580E-04	1.603782E-05
4.982568E+03	1.817552E-04	1.608107E-05
4.982766E+03	1.823020E-04	1.612871E-05
4.982964E+03	1.823358E-04	1.613095E-05
4.983162E+03	1.823337E-04	1.613003E-05
4.983360E+03	1.824881E-04	1.614295E-05
4.983558E+03	1.825951E-04	1.615167E-05
4.983756E+03	1.827496E-04	1.616460E-05
4.983954E+03	1.825181E-04	1.614338E-05
4.984152E+03	1.826724E-04	1.615629E-05
4.984350E+03	1.831016E-04	1.619351E-05
4.984548E+03	1.833272E-04	1.621272E-05
4.984746E+03	1.835315E-04	1.623005E-05
4.984944E+03	1.834966E-04	1.622622E-05
4.985142E+03	1.833169E-04	1.620960E-05
4.985340E+03	1.832322E-04	1.620137E-05
4.985538E+03	1.833346E-04	1.620968E-05
4.985736E+03	1.834869E-04	1.622241E-05
4.985934E+03	1.834590E-04	1.621920E-05
4.986132E+03	1.833006E-04	1.620446E-05
4.986331E+03	1.831992E-04	1.619477E-05
4.986529E+03	1.832684E-04	1.620015E-05
4.986727E+03	1.831122E-04	1.618561E-05
4.986925E+03	1.829941E-04	1.617443E-05
4.987123E+03	1.832698E-04	1.619807E-05
4.987321E+03	1.837948E-04	1.624373E-05
4.987519E+03	1.840967E-04	1.626968E-05
4.987717E+03	1.841376E-04	1.627257E-05
4.987915E+03	1.841406E-04	1.627209E-05
4.988113E+03	1.840889E-04	1.626679E-05
4.988311E+03	1.842319E-04	1.627869E-05
4.988509E+03	1.846575E-04	1.631556E-05
4.988708E+03	1.849671E-04	1.634218E-05
4.988906E+03	1.850485E-04	1.634863E-05
4.989104E+03	1.853390E-04	1.637356E-05
4.989302E+03	1.856795E-04	1.640290E-05
4.989500E+03	1.857444E-04	1.640790E-05
4.989698E+03	1.855406E-04	1.638916E-05
4.989896E+03	1.855627E-04	1.639038E-05
4.990094E+03	1.853351E-04	1.636954E-05
4.990293E+03	1.849481E-04	1.633463E-05
4.990491E+03	1.849297E-04	1.633228E-05
4.990689E+03	1.851134E-04	1.634776E-05
4.990887E+03	1.852233E-04	1.635674E-05
4.991085E+03	1.854571E-04	1.637666E-05
4.991283E+03	1.855410E-04	1.638334E-05
4.991481E+03	1.854203E-04	1.637194E-05
4.991679E+03	1.856231E-04	1.638912E-05
4.991877E+03	1.860355E-04	1.642480E-05
4.992075E+03	1.863933E-04	1.645566E-05
4.992272E+03	1.864988E-04	1.646424E-05
4.992470E+03	1.863805E-04	1.645306E-05
4.992669E+03	1.863382E-04	1.644860E-05
4.992867E+03	1.865223E-04	1.646412E-05
4.993065E+03	1.864802E-04	1.645967E-05
4.993262E+03	1.864141E-04	1.645311E-05
4.993460E+03	1.865316E-04	1.646275E-05
4.993658E+03	1.867419E-04	1.648058E-05
4.993856E+03	1.872384E-04	1.652367E-05
4.994055E+03	1.873607E-04	1.653373E-05
4.994253E+03	1.871516E-04	1.651455E-05
4.994451E+03	1.872381E-04	1.652145E-05
4.994649E+03	1.875394E-04	1.654730E-05
4.994847E+03	1.874972E-04	1.654286E-05
4.995045E+03	1.874287E-04	1.653608E-05
4.995243E+03	1.876346E-04	1.655352E-05
4.995442E+03	1.877882E-04	1.656634E-05
4.995640E+03	1.879369E-04	1.657873E-05
4.995838E+03	1.878948E-04	1.657428E-05
4.996036E+03	1.876543E-04	1.655234E-05
4.996234E+03	1.876312E-04	1.654958E-05
4.996432E+03	1.878541E-04	1.656851E-05
4.996630E+03	1.880911E-04	1.658868E-05
4.996828E+03	1.883977E-04	1.661500E-05
4.997026E+03	1.886397E-04	1.663561E-05
4.997224E+03	1.886142E-04	1.663263E-05
4.997422E+03	1.886914E-04	1.663872E-05
4.997620E+03	1.884724E-04	1.661868E-05
4.997818E+03	1.880860E-04	1.658388E-05
4.998017E+03	1.880079E-04	1.657627E-05
4.998215E+03	1.878723E-04	1.656359E-05
4.998413E+03	1.877390E-04	1.655112E-05
4.998611E+03	1.879070E-04	1.656521E-05
4.998809E+03	1.879365E-04	1.656709E-05
4.999007E+03	1.879514E-04	1.656768E-05
4.999205E+03	1.882104E-04	1.658979E-05
4.999403E+03	1.885197E-04	1.661633E-05
4.999601E+03	1.887190E-04	1.663318E-05
4.999799E+03	1.888035E-04	1.663990E-05
4.999997E+03	1.887898E-04	1.663798E-05
5.000195E+03	1.886136E-04	1.662172E-05
5.000393E+03	1.884394E-04	1.660566E-05
5.000591E+03	1.885910E-04	1.661829E-05
5.000789E+03	1.887090E-04	1.662797E-05
5.000987E+03	1.885899E-04	1.661677E-05
5.001185E+03	1.885331E-04	1.661104E-05
5.001383E+03	1.886751E-04	1.662283E-05
5.001581E+03	1.884793E-04	1.660487E-05
5.001779E+03	1.883457E-04	1.659239E-05
5.001978E+03	1.882673E-04	1.658476E-05
5.002177E+03	1.880258E-04	1.656277E-05
5.002375E+03	1.877051E-04	1.653382E-05
5.002573E+03	1.877488E-04	1.653696E-05
5.002771E+03	1.881138E-04	1.656839E-05
5.002969E+03	1.885915E-04	1.660975E-05
5.003167E+03	1.886280E-04	1.661225E-05
5.003365E+03	1.885183E-04	1.660189E-05
5.003563E+03	1.885476E-04	1.660376E-05
5.003761E+03	1.884019E-04	1.659021E-05
5.003959E+03	1.881744E-04	1.656947E-05
5.004157E+03	1.879110E-04	1.654557E-05
5.004354E+03	1.880554E-04	1.655758E-05
5.004552E+03	1.880775E-04	1.655882E-05
5.004751E+03	1.878932E-04	1.654188E-05
5.004949E+03	1.880208E-04	1.655241E-05
5.005147E+03	1.883575E-04	1.658135E-05
5.005344E+03	1.885789E-04	1.660014E-05
5.005542E+03	1.886226E-04	1.660328E-05
5.005741E+03	1.885127E-04	1.659289E-05
5.005939E+03	1.886500E-04	1.660428E-05
5.006137E+03	1.889220E-04	1.662751E-05
5.006335E+03	1.892806E-04	1.665837E-05
5.006533E+03	1.894711E-04	1.667443E-05
5.006731E+03	1.893947E-04	1.666700E-05
5.006929E+03	1.894074E-04	1.666741E-05
5.007127E+03	1.896146E-04	1.668494E-05
5.007325E+03	1.898124E-04	1.670164E-05
5.007523E+03	1.897722E-04	1.669739E-05
5.007721E+03	1.893493E-04	1.665948E-05
5.007919E+03	1.889649E-04	1.662496E-05
5.008117E+03	1.890086E-04	1.662810E-05
5.008315E+03	1.890862E-04	1.663423E-05
5.008513E+03	1.890625E-04	1.663145E-05
5.008712E+03	1.892316E-04	1.664561E-05
5.008910E+03	1.897088E-04	1.668689E-05
5.009108E+03	1.901450E-04	1.672456E-05
5.009306E+03	1.902877E-04	1.673640E-05
5.009504E+03	1.902834E-04	1.673532E-05
5.009703E+03	1.901707E-04	1.672471E-05
5.009901E+03	1.902676E-04	1.673253E-05
5.010099E+03	1.907140E-04	1.677108E-05
5.010297E+03	1.912326E-04	1.681599E-05
5.010693E+03	1.917906E-04	1.686364E-05
5.010891E+03	1.923048E-04	1.690815E-05
5.011089E+03	1.923006E-04	1.690708E-05
5.011287E+03	1.920507E-04	1.688441E-05
5.011485E+03	1.920442E-04	1.688313E-05
5.011683E+03	1.922258E-04	1.689839E-05
5.011881E+03	1.925762E-04	1.692849E-05
5.012079E+03	1.927386E-04	1.694205E-05
5.012277E+03	1.927756E-04	1.694460E-05
5.012475E+03	1.929357E-04	1.695797E-05
5.012673E+03	1.931102E-04	1.697261E-05
5.012871E+03	1.935213E-04	1.700803E-05
5.013069E+03	1.940485E-04	1.705366E-05
5.013267E+03	1.941531E-04	1.706215E-05
5.013465E+03	1.940817E-04	1.705517E-05
5.013664E+03	1.941139E-04	1.705729E-05
5.013862E+03	1.941245E-04	1.705752E-05
5.014060E+03	1.943259E-04	1.707451E-05
5.014258E+03	1.944066E-04	1.708089E-05
5.014456E+03	1.943857E-04	1.707835E-05
5.014654E+03	1.941039E-04	1.705289E-05
5.014852E+03	1.937423E-04	1.702042E-05
5.015050E+03	1.936705E-04	1.701342E-05
5.015248E+03	1.936859E-04	1.701407E-05
5.015447E+03	1.936674E-04	1.701174E-05
5.015645E+03	1.936054E-04	1.700560E-05
5.015843E+03	1.936256E-04	1.700667E-05
5.016041E+03	1.935102E-04	1.699583E-05
5.016239E+03	1.934892E-04	1.699330E-05
5.016436E+03	1.935021E-04	1.699373E-05
5.016634E+03	1.935245E-04	1.699501E-05
5.016833E+03	1.935736E-04	1.699862E-05
5.017031E+03	1.936130E-04	1.700139E-05
5.017229E+03	1.932508E-04	1.696888E-05
5.017427E+03	1.925930E-04	1.691044E-05
5.017625E+03	1.925765E-04	1.690830E-05
5.017823E+03	1.929814E-04	1.694316E-05
5.018021E+03	1.930523E-04	1.694870E-05
5.018219E+03	1.924499E-04	1.689512E-05
5.018417E+03	1.917843E-04	1.683600E-05
5.018615E+03	1.914989E-04	1.681026E-05
5.018813E+03	1.913903E-04	1.680005E-05
5.019011E+03	1.913422E-04	1.679514E-05
5.019209E+03	1.913425E-04	1.679449E-05
5.019407E+03	1.911587E-04	1.677767E-05
5.019605E+03	1.908438E-04	1.674936E-05
5.019803E+03	1.904151E-04	1.671105E-05
5.020001E+03	1.901242E-04	1.668485E-05
5.020199E+03	1.898018E-04	1.665589E-05
5.020397E+03	1.894890E-04	1.662777E-05
5.020595E+03	1.895159E-04	1.662945E-05
5.020793E+03	1.896978E-04	1.664474E-05
5.020991E+03	1.897077E-04	1.664494E-05
5.021189E+03	1.894626E-04	1.662276E-05
5.021388E+03	1.892952E-04	1.660741E-05
5.021586E+03	1.890962E-04	1.658928E-05
5.021784E+03	1.891155E-04	1.659031E-05
5.021983E+03	1.894168E-04	1.661606E-05
5.022181E+03	1.893001E-04	1.660516E-05
5.022379E+03	1.891253E-04	1.658917E-05
5.022577E+03	1.892053E-04	1.659552E-05
5.022775E+03	1.892563E-04	1.659933E-05
5.022973E+03	1.893510E-04	1.660697E-05
5.023171E+03	1.895211E-04	1.662122E-05
5.023369E+03	1.895356E-04	1.662183E-05
5.023567E+03	1.894772E-04	1.661604E-05
5.023765E+03	1.893532E-04	1.660450E-05
5.023963E+03	1.892851E-04	1.659787E-05
5.024161E+03	1.893894E-04	1.660635E-05
5.024359E+03	1.893651E-04	1.660355E-05
5.024557E+03	1.890197E-04	1.657261E-05
5.024755E+03	1.886547E-04	1.653995E-05
5.024953E+03	1.885159E-04	1.652712E-05
5.025350E+03	1.885056E-04	1.652490E-05
5.025548E+03	1.883204E-04	1.650801E-05
5.025746E+03	1.882959E-04	1.650521E-05
5.025944E+03	1.886533E-04	1.653589E-05
5.026142E+03	1.889525E-04	1.656146E-05
5.026340E+03	1.889037E-04	1.655652E-05
5.026538E+03	1.889180E-04	1.655712E-05
5.026736E+03	1.892733E-04	1.658760E-05
5.026934E+03	1.897092E-04	1.662514E-05
5.027132E+03	1.901499E-04	1.666311E-05
5.027330E+03	1.904299E-04	1.668699E-05
5.027528E+03	1.904640E-04	1.668931E-05
5.027726E+03	1.902152E-04	1.666686E-05
5.027924E+03	1.899471E-04	1.664271E-05
5.028122E+03	1.900639E-04	1.665229E-05
5.028320E+03	1.905271E-04	1.669221E-05
5.028517E+03	1.907706E-04	1.671290E-05
5.028716E+03	1.909633E-04	1.672912E-05
5.028915E+03	1.911316E-04	1.674320E-05
5.029114E+03	1.914339E-04	1.676903E-05
5.029312E+03	1.916389E-04	1.678633E-05
5.029509E+03	1.917218E-04	1.679293E-05
5.029707E+03	1.916267E-04	1.678394E-05
5.029905E+03	1.912459E-04	1.674993E-05
5.030103E+03	1.910653E-04	1.673347E-05
5.030301E+03	1.914973E-04	1.677064E-05
5.030499E+03	1.921929E-04	1.683090E-05
5.030697E+03	1.927007E-04	1.687472E-05
5.030895E+03	1.926813E-04	1.687236E-05
5.031093E+03	1.923639E-04	1.684391E-05
5.031291E+03	1.919096E-04	1.680347E-05
5.031489E+03	1.917631E-04	1.678999E-05
5.031687E+03	1.919805E-04	1.680837E-05
5.031885E+03	1.918290E-04	1.679446E-05
5.032083E+03	1.919461E-04	1.680406E-05
5.032281E+03	1.924031E-04	1.684341E-05
5.032479E+03	1.926549E-04	1.686480E-05
5.032677E+03	1.928064E-04	1.687741E-05
5.032876E+03	1.929580E-04	1.689003E-05
5.033074E+03	1.930193E-04	1.689474E-05
5.033272E+03	1.931661E-04	1.690693E-05
5.033470E+03	1.933764E-04	1.692468E-05
5.033668E+03	1.935036E-04	1.693516E-05
5.033866E+03	1.936261E-04	1.694523E-05
5.034064E+03	1.936702E-04	1.694844E-05
5.034262E+03	1.936459E-04	1.694565E-05
5.034460E+03	1.936753E-04	1.694757E-05
5.034658E+03	1.937487E-04	1.695335E-05
5.034856E+03	1.938835E-04	1.696449E-05
5.035054E+03	1.941872E-04	1.699041E-05
5.035252E+03	1.947235E-04	1.703668E-05
5.035451E+03	1.951964E-04	1.707739E-05
5.035649E+03	1.951256E-04	1.707055E-05
5.035847E+03	1.948662E-04	1.704720E-05
5.036045E+03	1.949693E-04	1.705556E-05
5.036243E+03	1.951140E-04	1.706757E-05
5.036441E+03	1.951436E-04	1.706951E-05
5.036639E+03	1.953423E-04	1.708623E-05
5.036838E+03	1.954454E-04	1.709459E-05
5.037036E+03	1.955879E-04	1.710640E-05
5.037234E+03	1.960661E-04	1.714757E-05
5.037432E+03	1.962723E-04	1.716495E-05
5.037630E+03	1.960299E-04	1.714310E-05
5.037828E+03	1.956156E-04	1.710622E-05
5.038026E+03	1.954147E-04	1.708800E-05
5.038224E+03	1.957043E-04	1.711267E-05
5.038422E+03	1.960749E-04	1.714443E-05
5.038620E+03	1.959771E-04	1.713523E-05
5.038818E+03	1.957465E-04	1.711441E-05
5.039016E+03	1.959063E-04	1.712773E-05
5.039214E+03	1.958622E-04	1.712323E-05
5.039412E+03	1.957397E-04	1.711187E-05
5.039610E+03	1.957522E-04	1.711232E-05
5.039808E+03	1.957449E-04	1.711104E-05
5.040006E+03	1.954871E-04	1.708785E-05
5.040204E+03	1.954380E-04	1.708292E-05
5.040402E+03	1.958976E-04	1.712244E-05
5.040600E+03	1.963325E-04	1.715981E-05
5.040799E+03	1.966202E-04	1.718431E-05
5.040997E+03	1.966695E-04	1.718797E-05
5.041195E+03	1.964682E-04	1.716973E-05
5.041392E+03	1.962938E-04	1.715384E-05
5.041590E+03	1.966112E-04	1.718093E-05
5.041789E+03	1.971129E-04	1.722412E-05
5.041987E+03	1.971305E-04	1.722501E-05
5.042185E+03	1.965773E-04	1.717603E-05
5.042383E+03	1.961642E-04	1.713930E-05
5.042581E+03	1.962062E-04	1.714232E-05
5.042779E+03	1.961249E-04	1.713458E-05
5.042977E+03	1.962236E-04	1.714256E-05
5.043175E+03	1.966912E-04	1.718277E-05
5.043373E+03	1.964869E-04	1.716428E-05
5.043571E+03	1.963050E-04	1.714775E-05
5.043769E+03	1.965043E-04	1.716452E-05
5.043967E+03	1.964551E-04	1.715958E-05
5.044165E+03	1.964676E-04	1.716003E-05
5.044363E+03	1.968617E-04	1.719382E-05
5.044562E+03	1.971943E-04	1.722223E-05
5.044760E+03	1.973053E-04	1.723128E-05
5.044958E+03	1.973030E-04	1.723044E-05
5.045156E+03	1.974854E-04	1.724572E-05
5.045354E+03	1.976926E-04	1.726318E-05
5.045552E+03	1.976384E-04	1.725781E-05
5.045750E+03	1.976065E-04	1.725438E-05
5.045948E+03	1.978631E-04	1.727615E-05
5.046146E+03	1.979545E-04	1.728349E-05
5.046344E+03	1.977376E-04	1.726391E-05
5.046542E+03	1.975849E-04	1.724994E-05
5.046740E+03	1.976738E-04	1.725706E-05
5.046938E+03	1.977873E-04	1.726634E-05
5.047136E+03	1.976567E-04	1.725430E-05
5.047334E+03	1.975656E-04	1.724571E-05
5.047532E+03	1.978124E-04	1.726661E-05
5.047730E+03	1.980271E-04	1.728472E-05
5.047928E+03	1.980865E-04	1.728927E-05
5.048126E+03	1.981879E-04	1.729748E-05
5.048324E+03	1.979780E-04	1.727853E-05
5.048523E+03	1.976720E-04	1.725119E-05
5.048722E+03	1.976918E-04	1.725228E-05
5.048920E+03	1.978328E-04	1.726395E-05
5.049118E+03	1.977488E-04	1.725599E-05
5.049316E+03	1.978895E-04	1.726764E-05
5.049514E+03	1.980824E-04	1.728383E-05
5.049712E+03	1.979242E-04	1.726940E-05
5.049910E+03	1.976994E-04	1.724916E-05
5.050108E+03	1.975757E-04	1.723773E-05
5.050306E+03	1.975583E-04	1.723559E-05
5.050504E+03	1.975756E-04	1.723647E-05
5.050702E+03	1.976646E-04	1.724360E-05
5.050900E+03	1.977214E-04	1.724793E-05
5.051098E+03	1.978624E-04	1.725960E-05
5.051296E+03	1.980800E-04	1.727796E-05
5.051494E+03	1.982061E-04	1.728832E-05
5.051692E+03	1.983991E-04	1.730453E-05
5.051890E+03	1.984338E-04	1.730693E-05
5.052088E+03	1.983596E-04	1.729983E-05
5.052287E+03	1.982728E-04	1.729164E-05
5.052485E+03	1.983124E-04	1.729446E-05
5.052683E+03	1.985079E-04	1.731089E-05
5.052880E+03	1.983941E-04	1.730034E-05
5.053079E+03	1.980943E-04	1.727357E-05
5.053277E+03	1.980125E-04	1.726581E-05
5.053474E+03	1.976731E-04	1.723560E-05
5.053672E+03	1.973757E-04	1.720904E-05
5.053870E+03	1.974472E-04	1.721466E-05
5.054068E+03	1.975313E-04	1.722137E-05
5.054266E+03	1.976847E-04	1.723412E-05
5.054464E+03	1.977342E-04	1.723781E-05
5.054662E+03	1.977638E-04	1.723977E-05
5.054860E+03	1.978007E-04	1.724237E-05
5.055058E+03	1.978227E-04	1.724368E-05
5.055256E+03	1.977432E-04	1.723612E-05
5.055455E+03	1.978596E-04	1.724565E-05
5.055653E+03	1.983853E-04	1.729085E-05
5.055851E+03	1.987945E-04	1.732590E-05
5.056049E+03	1.988094E-04	1.732657E-05
5.056248E+03	1.983874E-04	1.728917E-05
5.056446E+03	1.982731E-04	1.727859E-05
5.056644E+03	1.984789E-04	1.729591E-05
5.056842E+03	1.983571E-04	1.728468E-05
5.057040E+03	1.980242E-04	1.725505E-05
5.057238E+03	1.979073E-04	1.724425E-05
5.057436E+03	1.983514E-04	1.728234E-05
5.057634E+03	1.988927E-04	1.732888E-05
5.057832E+03	1.990167E-04	1.733907E-05
5.058030E+03	1.988127E-04	1.732068E-05
5.058228E+03	1.987628E-04	1.731572E-05
5.058426E+03	1.988745E-04	1.732483E-05
5.058624E+03	1.989787E-04	1.733330E-05
5.058822E+03	1.992146E-04	1.735323E-05
5.059020E+03	1.993860E-04	1.736754E-05
5.059218E+03	1.995449E-04	1.738077E-05
5.059416E+03	1.999400E-04	1.741457E-05
5.059614E+03	2.000195E-04	1.742087E-05
5.059812E+03	1.995543E-04	1.737975E-05
5.060010E+03	1.994148E-04	1.736698E-05
5.060209E+03	1.995365E-04	1.737697E-05
5.060407E+03	1.995661E-04	1.737894E-05
5.060605E+03	1.995188E-04	1.737420E-05
5.060803E+03	1.995758E-04	1.737855E-05
5.061001E+03	1.994885E-04	1.737034E-05
5.061199E+03	1.992169E-04	1.734608E-05
5.061397E+03	1.992415E-04	1.734761E-05
5.061595E+03	1.993035E-04	1.735240E-05
5.061793E+03	1.993356E-04	1.735459E-05
5.061992E+03	1.994699E-04	1.736566E-05
5.062190E+03	1.995269E-04	1.737002E-05
5.062388E+03	1.994968E-04	1.736679E-05
5.062586E+03	1.995886E-04	1.737417E-05
5.062784E+03	1.995834E-04	1.737311E-05
5.062982E+03	1.994910E-04	1.736446E-05
5.063180E+03	1.992637E-04	1.734408E-05
5.063378E+03	1.993108E-04	1.734757E-05
5.063576E+03	1.994551E-04	1.735952E-05
5.063774E+03	1.993376E-04	1.734868E-05
5.063973E+03	1.994919E-04	1.736151E-05
5.064171E+03	1.999103E-04	1.739732E-05
5.064369E+03	2.006085E-04	1.745747E-05
5.064567E+03	2.008925E-04	1.748158E-05
5.064765E+03	2.005755E-04	1.745338E-05
5.064962E+03	2.004531E-04	1.744213E-05
5.065359E+03	2.006246E-04	1.745584E-05
5.065556E+03	2.008690E-04	1.747650E-05
5.065754E+03	2.011684E-04	1.750195E-05
5.065952E+03	2.013729E-04	1.751913E-05
5.066151E+03	2.015374E-04	1.753284E-05
5.066348E+03	2.016047E-04	1.753808E-05
5.066546E+03	2.021314E-04	1.758330E-05
5.066744E+03	2.026559E-04	1.762831E-05
5.066942E+03	2.025308E-04	1.761682E-05
5.067140E+03	2.025933E-04	1.762165E-05
5.067338E+03	2.025332E-04	1.761582E-05
5.067536E+03	2.024506E-04	1.760803E-05
5.067734E+03	2.023854E-04	1.760175E-05
5.067933E+03	2.023103E-04	1.759461E-05
5.068131E+03	2.022803E-04	1.759140E-05
5.068329E+03	2.019126E-04	1.755882E-05
5.068527E+03	2.013146E-04	1.750622E-05
5.068726E+03	2.011494E-04	1.749125E-05
5.068924E+03	2.012317E-04	1.749781E-05
5.069122E+03	2.012563E-04	1.749935E-05
5.069320E+03	2.008182E-04	1.746065E-05
5.069518E+03	2.002950E-04	1.741456E-05
5.069716E+03	1.999992E-04	1.738825E-05
5.069914E+03	1.998285E-04	1.737282E-05
5.070112E+03	1.997704E-04	1.736717E-05
5.070310E+03	1.997823E-04	1.736761E-05
5.070508E+03	2.000973E-04	1.739440E-05
5.070706E+03	2.004898E-04	1.742793E-05
5.070904E+03	2.005744E-04	1.743469E-05
5.071102E+03	2.003535E-04	1.741490E-05
5.071300E+03	1.999798E-04	1.738182E-05
5.071498E+03	1.996059E-04	1.734874E-05
5.071697E+03	1.992721E-04	1.731914E-05
5.071895E+03	1.992263E-04	1.731457E-05
5.072093E+03	1.992809E-04	1.731872E-05
5.072291E+03	1.993528E-04	1.732438E-05
5.072489E+03	1.994373E-04	1.733114E-05
5.072687E+03	1.994566E-04	1.733223E-05
5.072885E+03	1.995338E-04	1.733835E-05
5.073083E+03	1.997888E-04	1.735993E-05
5.073281E+03	2.000313E-04	1.738041E-05
5.073479E+03	2.002014E-04	1.739460E-05
5.073677E+03	2.001129E-04	1.738632E-05
5.073875E+03	2.001097E-04	1.738546E-05
5.074073E+03	2.004427E-04	1.741380E-05
5.074271E+03	2.006252E-04	1.742908E-05
5.074469E+03	2.006498E-04	1.743063E-05
5.074667E+03	2.007169E-04	1.743587E-05
5.074865E+03	2.007866E-04	1.744133E-05
5.075063E+03	2.007810E-04	1.744026E-05
5.075262E+03	2.008758E-04	1.744791E-05
5.075460E+03	2.010209E-04	1.745992E-05
5.075659E+03	2.009951E-04	1.745710E-05
5.075857E+03	2.008739E-04	1.744599E-05
5.076055E+03	2.008608E-04	1.744427E-05
5.076253E+03	2.007948E-04	1.743795E-05
5.076451E+03	2.007087E-04	1.742989E-05
5.076649E+03	2.008311E-04	1.743994E-05
5.076847E+03	2.008983E-04	1.744519E-05
5.077045E+03	2.006060E-04	1.741923E-05
5.077243E+03	2.002760E-04	1.738999E-05
5.077441E+03	2.002877E-04	1.739043E-05
5.077638E+03	2.004579E-04	1.740463E-05
5.077836E+03	2.005855E-04	1.741513E-05
5.078034E+03	2.004665E-04	1.740422E-05
5.078233E+03	2.002242E-04	1.738260E-05
5.078430E+03	2.004172E-04	1.739878E-05
5.078628E+03	2.005749E-04	1.741189E-05
5.078826E+03	2.007677E-04	1.742805E-05
5.079024E+03	2.008098E-04	1.743113E-05
5.079222E+03	2.007638E-04	1.742656E-05
5.079421E+03	2.008687E-04	1.743509E-05
5.079619E+03	2.007722E-04	1.742613E-05
5.079817E+03	2.005120E-04	1.740298E-05
5.080015E+03	2.002820E-04	1.738244E-05
5.080213E+03	2.000293E-04	1.735993E-05
5.080411E+03	1.998973E-04	1.734790E-05
5.080609E+03	2.001307E-04	1.736759E-05
5.080807E+03	2.004296E-04	1.739295E-05
5.081005E+03	2.005672E-04	1.740432E-05
5.081203E+03	2.006672E-04	1.741242E-05
5.081401E+03	2.007848E-04	1.742206E-05
5.081599E+03	2.009048E-04	1.743190E-05
5.081797E+03	2.009669E-04	1.743671E-05
5.081996E+03	2.012284E-04	1.745883E-05
5.082194E+03	2.013133E-04	1.746562E-05
5.082392E+03	2.011611E-04	1.745184E-05
5.082590E+03	2.013874E-04	1.747090E-05
5.082788E+03	2.016362E-04	1.749191E-05
5.082986E+03	2.016202E-04	1.748995E-05
5.083184E+03	2.014477E-04	1.747442E-05
5.083383E+03	2.014872E-04	1.747727E-05
5.083581E+03	2.016252E-04	1.748867E-05
5.083779E+03	2.017783E-04	1.750138E-05
5.083977E+03	2.017674E-04	1.749987E-05
5.084175E+03	2.017564E-04	1.749834E-05
5.084373E+03	2.018617E-04	1.750690E-05
5.084571E+03	2.018835E-04	1.750822E-05
5.084769E+03	2.020568E-04	1.752268E-05
5.084967E+03	2.020864E-04	1.752467E-05
5.085165E+03	2.019112E-04	1.750891E-05
5.085363E+03	2.018244E-04	1.750082E-05
5.085561E+03	2.020635E-04	1.752098E-05
5.085759E+03	2.024340E-04	1.755254E-05
5.085957E+03	2.028123E-04	1.758477E-05
5.086155E+03	2.031982E-04	1.761766E-05
5.086353E+03	2.035058E-04	1.764376E-05
5.086551E+03	2.036543E-04	1.765606E-05
5.086749E+03	2.038204E-04	1.766989E-05
5.086947E+03	2.039993E-04	1.768483E-05
5.087145E+03	2.038695E-04	1.767301E-05
5.087344E+03	2.033401E-04	1.762654E-05
5.087542E+03	2.031471E-04	1.760925E-05
5.087740E+03	2.033056E-04	1.762242E-05
5.087938E+03	2.033049E-04	1.762179E-05
5.088136E+03	2.034000E-04	1.762947E-05
5.088334E+03	2.033765E-04	1.762686E-05
5.088532E+03	2.031934E-04	1.761043E-05
5.088731E+03	2.032913E-04	1.761834E-05
5.088929E+03	2.038855E-04	1.766928E-05
5.089127E+03	2.046343E-04	1.773360E-05
5.089325E+03	2.054415E-04	1.780298E-05
5.089523E+03	2.058359E-04	1.783659E-05
5.089720E+03	2.063090E-04	1.787701E-05
5.089918E+03	2.068734E-04	1.792535E-05
5.090116E+03	2.073949E-04	1.796995E-05
5.090315E+03	2.078178E-04	1.800602E-05
5.090512E+03	2.078831E-04	1.801111E-05
5.090710E+03	2.079665E-04	1.801776E-05
5.090908E+03	2.081182E-04	1.803032E-05
5.091107E+03	2.078287E-04	1.800467E-05
5.091305E+03	2.073846E-04	1.796562E-05
5.091503E+03	2.075109E-04	1.797600E-05
5.091701E+03	2.077159E-04	1.799318E-05
5.091899E+03	2.078523E-04	1.800443E-05
5.092097E+03	2.080421E-04	1.802029E-05
5.092295E+03	2.083487E-04	1.804627E-05
5.092493E+03	2.084930E-04	1.805820E-05
5.092691E+03	2.082565E-04	1.803714E-05
5.092889E+03	2.079033E-04	1.800598E-05
5.093087E+03	2.081084E-04	1.802318E-05
5.093285E+03	2.084913E-04	1.805576E-05
5.093483E+03	2.086483E-04	1.806879E-05
5.093681E+03	2.085666E-04	1.806115E-05
5.093879E+03	2.085026E-04	1.805504E-05
5.094077E+03	2.088044E-04	1.808060E-05
5.094275E+03	2.090250E-04	1.809912E-05
5.094473E+03	2.091517E-04	1.810952E-05
5.094671E+03	2.095475E-04	1.814323E-05
5.094869E+03	2.096997E-04	1.815583E-05
5.095068E+03	2.093995E-04	1.812927E-05
5.095267E+03	2.091881E-04	1.811040E-05
5.095465E+03	2.093580E-04	1.812453E-05
5.095663E+03	2.096068E-04	1.814551E-05
5.095861E+03	2.099064E-04	1.817087E-05
5.096059E+03	2.102926E-04	1.820373E-05
5.096257E+03	2.103914E-04	1.821171E-05
5.096455E+03	2.100731E-04	1.818359E-05
5.096653E+03	2.097217E-04	1.815260E-05
5.096851E+03	2.095127E-04	1.813395E-05
5.097049E+03	2.096141E-04	1.814215E-05
5.097247E+03	2.100106E-04	1.817590E-05
5.097445E+03	2.103944E-04	1.820855E-05
5.097643E+03	2.110150E-04	1.826170E-05
5.097841E+03	2.112719E-04	1.828336E-05
5.098039E+03	2.109737E-04	1.825698E-05
5.098237E+03	2.107137E-04	1.823391E-05
5.098435E+03	2.105325E-04	1.821767E-05
5.098633E+03	2.101984E-04	1.818819E-05
5.098831E+03	2.099916E-04	1.816973E-05
5.099030E+03	2.101644E-04	1.818412E-05
5.099228E+03	2.105231E-04	1.821458E-05
5.099426E+03	2.110272E-04	1.825763E-05
5.099624E+03	2.114856E-04	1.829672E-05
5.099822E+03	2.117529E-04	1.831928E-05
5.100020E+03	2.115971E-04	1.830524E-05
5.100218E+03	2.115406E-04	1.829978E-05
5.100416E+03	2.118768E-04	1.832830E-05
5.100614E+03	2.123175E-04	1.836586E-05
5.100812E+03	2.124040E-04	1.837277E-05
5.101010E+03	2.125899E-04	1.838828E-05
5.101208E+03	2.125311E-04	1.838263E-05
5.101406E+03	2.122935E-04	1.836151E-05
5.101603E+03	2.122089E-04	1.835364E-05
5.101801E+03	2.123031E-04	1.836121E-05
5.102000E+03	2.126345E-04	1.838931E-05
5.102198E+03	2.126316E-04	1.838849E-05
5.102397E+03	2.123634E-04	1.836473E-05
5.102595E+03	2.126107E-04	1.838555E-05
5.102793E+03	2.132332E-04	1.843882E-05
5.102991E+03	2.135828E-04	1.846848E-05
5.103189E+03	2.134575E-04	1.845708E-05
5.103387E+03	2.133015E-04	1.844302E-05
5.103585E+03	2.135030E-04	1.845988E-05
5.103783E+03	2.140289E-04	1.850478E-05
5.103981E+03	2.142664E-04	1.852475E-05
5.104179E+03	2.142636E-04	1.852394E-05
5.104377E+03	2.142225E-04	1.851983E-05
5.104575E+03	2.140663E-04	1.850576E-05
5.104773E+03	2.138769E-04	1.848882E-05
5.104971E+03	2.138052E-04	1.848206E-05
5.105169E+03	2.137050E-04	1.847284E-05
5.105367E+03	2.137125E-04	1.847292E-05
5.105565E+03	2.140472E-04	1.850128E-05
5.105763E+03	2.145968E-04	1.854823E-05
5.105961E+03	2.150571E-04	1.858745E-05
5.106159E+03	2.153126E-04	1.860896E-05
5.106357E+03	2.153457E-04	1.861126E-05
5.106555E+03	2.154479E-04	1.861953E-05
5.106754E+03	2.157089E-04	1.864152E-05
5.106952E+03	2.158956E-04	1.865708E-05
5.107150E+03	2.156753E-04	1.863749E-05
5.107348E+03	2.155599E-04	1.862695E-05
5.107546E+03	2.154803E-04	1.861951E-05
5.107744E+03	2.154442E-04	1.861583E-05
5.107942E+03	2.155824E-04	1.862720E-05
5.108140E+03	2.156129E-04	1.862928E-05
5.108338E+03	2.157228E-04	1.863821E-05
5.108537E+03	2.158689E-04	1.865026E-05
5.108735E+03	2.159865E-04	1.865986E-05
5.108933E+03	2.161913E-04	1.867699E-05
5.109131E+03	2.165934E-04	1.871117E-05
5.109329E+03	2.172572E-04	1.876795E-05
5.109527E+03	2.177596E-04	1.881079E-05
5.109725E+03	2.177417E-04	1.880867E-05
5.109923E+03	2.179134E-04	1.882294E-05
5.110121E+03	2.184750E-04	1.887088E-05
5.110319E+03	2.189674E-04	1.891285E-05
5.110518E+03	2.192651E-04	1.893799E-05
5.110716E+03	2.194473E-04	1.895316E-05
5.110914E+03	2.194347E-04	1.895150E-05
5.111112E+03	2.192141E-04	1.893188E-05
5.111310E+03	2.190526E-04	1.891737E-05
5.111508E+03	2.190859E-04	1.891968E-05
5.111706E+03	2.191348E-04	1.892334E-05
5.111904E+03	2.191065E-04	1.892033E-05
5.112102E+03	2.191040E-04	1.891955E-05
5.112300E+03	2.187907E-04	1.889194E-05
5.112498E+03	2.182772E-04	1.884703E-05
5.112696E+03	2.177865E-04	1.880411E-05
5.112894E+03	2.174500E-04	1.877449E-05
5.113092E+03	2.172417E-04	1.875595E-05
5.113290E+03	2.172491E-04	1.875603E-05
5.113488E+03	2.172643E-04	1.875678E-05
5.113686E+03	2.171098E-04	1.874289E-05
5.113883E+03	2.173538E-04	1.876340E-05
5.114081E+03	2.176619E-04	1.878944E-05
5.114280E+03	2.177800E-04	1.879908E-05
5.114479E+03	2.179776E-04	1.881558E-05
5.114677E+03	2.180572E-04	1.882189E-05
5.114874E+03	2.179721E-04	1.881399E-05
5.115072E+03	2.178947E-04	1.880676E-05
5.115271E+03	2.181468E-04	1.882795E-05
5.115469E+03	2.182675E-04	1.883781E-05
5.115667E+03	2.181978E-04	1.883124E-05
5.115865E+03	2.184780E-04	1.885487E-05
5.116063E+03	2.188020E-04	1.888228E-05
5.116261E+03	2.187966E-04	1.888125E-05
5.116459E+03	2.186319E-04	1.886648E-05
5.116657E+03	2.185492E-04	1.885879E-05
5.116855E+03	2.187266E-04	1.887354E-05
5.117053E+03	2.188964E-04	1.888764E-05
5.117251E+03	2.189167E-04	1.888884E-05
5.117449E+03	2.188160E-04	1.887960E-05
5.117647E+03	2.185351E-04	1.885480E-05
5.117845E+03	2.183261E-04	1.883622E-05
5.118043E+03	2.183130E-04	1.883454E-05
5.118242E+03	2.185884E-04	1.885774E-05
5.118440E+03	2.187349E-04	1.886983E-05
5.118638E+03	2.185542E-04	1.885370E-05
5.118836E+03	2.181672E-04	1.881976E-05
5.119034E+03	2.179889E-04	1.880383E-05
5.119232E+03	2.178778E-04	1.879370E-05
5.119430E+03	2.175525E-04	1.876509E-05
5.119628E+03	2.177530E-04	1.878184E-05
5.119826E+03	2.181912E-04	1.881908E-05
5.120024E+03	2.179276E-04	1.879580E-05
5.120222E+03	2.174577E-04	1.875472E-05
5.120420E+03	2.175732E-04	1.876414E-05
5.120618E+03	2.176682E-04	1.877179E-05
5.120816E+03	2.174328E-04	1.875094E-05
5.121014E+03	2.174606E-04	1.875280E-05
5.121212E+03	2.179532E-04	1.879473E-05
5.121410E+03	2.182934E-04	1.882352E-05
5.121608E+03	2.184324E-04	1.883496E-05
5.121806E+03	2.185868E-04	1.884773E-05
5.122204E+03	2.186274E-04	1.885013E-05
5.122402E+03	2.187715E-04	1.886202E-05
5.122600E+03	2.190089E-04	1.888193E-05
5.122798E+03	2.187862E-04	1.886219E-05
5.122996E+03	2.185169E-04	1.883843E-05
5.123194E+03	2.184674E-04	1.883362E-05
5.123392E+03	2.185263E-04	1.883815E-05
5.123590E+03	2.185232E-04	1.883735E-05
5.123788E+03	2.183055E-04	1.881804E-05
5.123986E+03	2.178964E-04	1.878223E-05
5.124184E+03	2.176450E-04	1.876002E-05
5.124382E+03	2.175124E-04	1.874805E-05
5.124580E+03	2.176281E-04	1.875749E-05
5.124778E+03	2.176972E-04	1.876290E-05
5.124976E+03	2.174509E-04	1.874114E-05
5.125174E+03	2.174035E-04	1.873651E-05
5.125372E+03	2.175374E-04	1.874751E-05
5.125570E+03	2.175962E-04	1.875204E-05
5.125768E+03	2.177482E-04	1.876461E-05
5.125965E+03	2.179855E-04	1.878453E-05
5.126164E+03	2.185001E-04	1.882833E-05
5.126363E+03	2.186859E-04	1.884380E-05
5.126561E+03	2.183045E-04	1.881040E-05
5.126759E+03	2.177496E-04	1.876205E-05
5.126956E+03	2.175909E-04	1.874784E-05
5.127154E+03	2.176057E-04	1.874858E-05
5.127352E+03	2.175401E-04	1.874239E-05
5.127550E+03	2.175730E-04	1.874470E-05
5.127748E+03	2.175308E-04	1.874052E-05
5.127946E+03	2.172500E-04	1.871580E-05
5.128144E+03	2.170911E-04	1.870158E-05
5.128342E+03	2.170202E-04	1.869494E-05
5.128541E+03	2.168845E-04	1.868272E-05
5.128739E+03	2.168448E-04	1.867877E-05
5.128937E+03	2.169968E-04	1.869134E-05
5.129135E+03	2.173641E-04	1.872244E-05
5.129333E+03	2.173321E-04	1.871915E-05
5.129531E+03	2.171469E-04	1.870267E-05
5.129729E+03	2.174547E-04	1.872865E-05
5.129928E+03	2.175058E-04	1.873252E-05
5.130126E+03	2.173102E-04	1.871514E-05
5.130324E+03	2.171743E-04	1.870292E-05
5.130522E+03	2.172667E-04	1.871035E-05
5.130720E+03	2.173799E-04	1.871956E-05
5.130918E+03	2.176074E-04	1.873863E-05
5.131116E+03	2.178350E-04	1.875770E-05
5.131314E+03	2.181871E-04	1.878749E-05
5.131512E+03	2.183991E-04	1.880522E-05
5.131710E+03	2.184632E-04	1.881021E-05
5.131908E+03	2.185921E-04	1.882078E-05
5.132106E+03	2.192458E-04	1.887653E-05
5.132304E+03	2.196946E-04	1.891463E-05
5.132502E+03	2.196158E-04	1.890732E-05
5.132700E+03	2.198540E-04	1.892730E-05
5.132898E+03	2.202015E-04	1.895668E-05
5.133096E+03	2.205855E-04	1.898921E-05
5.133294E+03	2.208811E-04	1.901412E-05
5.133492E+03	2.208388E-04	1.900995E-05
5.133690E+03	2.207498E-04	1.900175E-05
5.133889E+03	2.206398E-04	1.899176E-05
5.134087E+03	2.206911E-04	1.899564E-05
5.134285E+03	2.210779E-04	1.902840E-05
5.134483E+03	2.214778E-04	1.906229E-05
5.134681E+03	2.217035E-04	1.908118E-05
5.134879E+03	2.217340E-04	1.908328E-05
5.135077E+03	2.215876E-04	1.907014E-05
5.135276E+03	2.214022E-04	1.905366E-05
5.135474E+03	2.213781E-04	1.905105E-05
5.135672E+03	2.215493E-04	1.906525E-05
5.135870E+03	2.217152E-04	1.907900E-05
5.136068E+03	2.217404E-04	1.908064E-05
5.136266E+03	2.216617E-04	1.907333E-05
5.136464E+03	2.215594E-04	1.906401E-05
5.136662E+03	2.219025E-04	1.909299E-05
5.136860E+03	2.222925E-04	1.912602E-05
5.137058E+03	2.225862E-04	1.915076E-05
5.137256E+03	2.226507E-04	1.915577E-05
5.137454E+03	2.225380E-04	1.914555E-05
5.137652E+03	2.221698E-04	1.911335E-05
5.137851E+03	2.219944E-04	1.909773E-05
5.138048E+03	2.221109E-04	1.910723E-05
5.138246E+03	2.218730E-04	1.908623E-05
5.138445E+03	2.216532E-04	1.906680E-05
5.138643E+03	2.215664E-04	1.905880E-05
5.138841E+03	2.216151E-04	1.906247E-05
5.139038E+03	2.216482E-04	1.906479E-05
5.139236E+03	2.216107E-04	1.906104E-05
5.139434E+03	2.216699E-04	1.906561E-05
5.139632E+03	2.219507E-04	1.908924E-05
5.139830E+03	2.222187E-04	1.911176E-05
5.140028E+03	2.219804E-04	1.909074E-05
5.140226E+03	2.213923E-04	1.903964E-05
5.140424E+03	2.211252E-04	1.901615E-05
5.140622E+03	2.211607E-04	1.901868E-05
5.140820E+03	2.213530E-04	1.903469E-05
5.141018E+03	2.215583E-04	1.905182E-05
5.141216E+03	2.216226E-04	1.905683E-05
5.141414E+03	2.220160E-04	1.909014E-05
5.141613E+03	2.221170E-04	1.909829E-05
5.141812E+03	2.219542E-04	1.908378E-05
5.142010E+03	2.218803E-04	1.907689E-05
5.142208E+03	2.217878E-04	1.906842E-05
5.142406E+03	2.217738E-04	1.906670E-05
5.142604E+03	2.217962E-04	1.906811E-05
5.142802E+03	2.219626E-04	1.908189E-05
5.143000E+03	2.221969E-04	1.910151E-05
5.143198E+03	2.224599E-04	1.912360E-05
5.143396E+03	2.227649E-04	1.914930E-05
5.143594E+03	2.229522E-04	1.916488E-05
5.143792E+03	2.231527E-04	1.918159E-05
5.143990E+03	2.230106E-04	1.916885E-05
5.144188E+03	2.230987E-04	1.917590E-05
5.144386E+03	2.234693E-04	1.920724E-05
5.144584E+03	2.234003E-04	1.920079E-05
5.144782E+03	2.231509E-04	1.917883E-05
5.144980E+03	2.230426E-04	1.916901E-05
5.145178E+03	2.228167E-04	1.914907E-05
5.145376E+03	2.224963E-04	1.912102E-05
5.145575E+03	2.222623E-04	1.910039E-05
5.145773E+03	2.221878E-04	1.909347E-05
5.145971E+03	2.222627E-04	1.909939E-05
5.146169E+03	2.223140E-04	1.910328E-05
5.146367E+03	2.223889E-04	1.910920E-05
5.146565E+03	2.225554E-04	1.912300E-05
5.146763E+03	2.225911E-04	1.912555E-05
5.146961E+03	2.225034E-04	1.911750E-05
5.147159E+03	2.226779E-04	1.913197E-05
5.147357E+03	2.228184E-04	1.914353E-05
5.147555E+03	2.232418E-04	1.917939E-05
5.147753E+03	2.235371E-04	1.920424E-05
5.147951E+03	2.235623E-04	1.920589E-05
5.148149E+03	2.235664E-04	1.920573E-05
5.148347E+03	2.234186E-04	1.919251E-05
5.148546E+03	2.232918E-04	1.918111E-05
5.148744E+03	2.234270E-04	1.919221E-05
5.148942E+03	2.236490E-04	1.921075E-05
5.149140E+03	2.236714E-04	1.921217E-05
5.149339E+03	2.236127E-04	1.920661E-05
5.149537E+03	2.236405E-04	1.920848E-05
5.149735E+03	2.237522E-04	1.921756E-05
5.149933E+03	2.236436E-04	1.920772E-05
5.150130E+03	2.235165E-04	1.919630E-05
5.150328E+03	2.234024E-04	1.918599E-05
5.150527E+03	2.236454E-04	1.920634E-05
5.150725E+03	2.240435E-04	1.924001E-05
5.150923E+03	2.240896E-04	1.924346E-05
5.151120E+03	2.237261E-04	1.921173E-05
5.151318E+03	2.234360E-04	1.918631E-05
5.151516E+03	2.236214E-04	1.920172E-05
5.151714E+03	2.236358E-04	1.920245E-05
5.151912E+03	2.233931E-04	1.918109E-05
5.152110E+03	2.232946E-04	1.917212E-05
5.152308E+03	2.233380E-04	1.917534E-05
5.152506E+03	2.232422E-04	1.916661E-05
5.152704E+03	2.228965E-04	1.913642E-05
5.152902E+03	2.226272E-04	1.911279E-05
5.153100E+03	2.227703E-04	1.912457E-05
5.153299E+03	2.233265E-04	1.917181E-05
5.153497E+03	2.235881E-04	1.919376E-05
5.153695E+03	2.235948E-04	1.919383E-05
5.153893E+03	2.235699E-04	1.919117E-05
5.154091E+03	2.236160E-04	1.919463E-05
5.154289E+03	2.235409E-04	1.918768E-05
5.154487E+03	2.233186E-04	1.916809E-05
5.154685E+03	2.232436E-04	1.916114E-05
5.154883E+03	2.231579E-04	1.915328E-05
5.155082E+03	2.234120E-04	1.917459E-05
5.155280E+03	2.240162E-04	1.922593E-05
5.155478E+03	2.245361E-04	1.927004E-05
5.155676E+03	2.248272E-04	1.929452E-05
5.155874E+03	2.249312E-04	1.930293E-05
5.156072E+03	2.248010E-04	1.929125E-05
5.156270E+03	2.247443E-04	1.928588E-05
5.156468E+03	2.251172E-04	1.931737E-05
5.156666E+03	2.255058E-04	1.935021E-05
5.156864E+03	2.253914E-04	1.933988E-05
5.157063E+03	2.250897E-04	1.931349E-05
5.157261E+03	2.247143E-04	1.928077E-05
5.157459E+03	2.245259E-04	1.926410E-05
5.157657E+03	2.249568E-04	1.930057E-05
5.157855E+03	2.255882E-04	1.935423E-05
5.158053E+03	2.258584E-04	1.937691E-05
5.158251E+03	2.259681E-04	1.938581E-05
5.158449E+03	2.260591E-04	1.939311E-05
5.158647E+03	2.262399E-04	1.940811E-05
5.158845E+03	2.263653E-04	1.941836E-05
5.159043E+03	2.265751E-04	1.943585E-05
5.159241E+03	2.268694E-04	1.946059E-05
5.159439E+03	2.271849E-04	1.948714E-05
5.159637E+03	2.274344E-04	1.950803E-05
5.159835E+03	2.278926E-04	1.954682E-05
5.160033E+03	2.283428E-04	1.958494E-05
5.160231E+03	2.283998E-04	1.958931E-05
5.160429E+03	2.282141E-04	1.957287E-05
5.160627E+03	2.284056E-04	1.958879E-05
5.160825E+03	2.285314E-04	1.959907E-05
5.161024E+03	2.283613E-04	1.958397E-05
5.161222E+03	2.280274E-04	1.955483E-05
5.161420E+03	2.279392E-04	1.954675E-05
5.161618E+03	2.283951E-04	1.958535E-05
5.161817E+03	2.285975E-04	1.960219E-05
5.162015E+03	2.287497E-04	1.961473E-05
5.162212E+03	2.291213E-04	1.964609E-05
5.162410E+03	2.292920E-04	1.966021E-05
5.162608E+03	2.291217E-04	1.964510E-05
5.162807E+03	2.289805E-04	1.963249E-05
5.163005E+03	2.288341E-04	1.961943E-05
5.163202E+03	2.287775E-04	1.961407E-05
5.163400E+03	2.289561E-04	1.962888E-05
5.163598E+03	2.290740E-04	1.963848E-05
5.163796E+03	2.287714E-04	1.961203E-05
5.163994E+03	2.285455E-04	1.959215E-05
5.164192E+03	2.286104E-04	1.959722E-05
5.164390E+03	2.288102E-04	1.961384E-05
5.164588E+03	2.290049E-04	1.963002E-05
5.164787E+03	2.289958E-04	1.962874E-05
5.164985E+03	2.290237E-04	1.963063E-05
5.165183E+03	2.292052E-04	1.964568E-05
5.165381E+03	2.294556E-04	1.966663E-05
5.165579E+03	2.299972E-04	1.971254E-05
5.165777E+03	2.305256E-04	1.975732E-05
5.165975E+03	2.306252E-04	1.976535E-05
5.166173E+03	2.303673E-04	1.974275E-05
5.166371E+03	2.302020E-04	1.972807E-05
5.166569E+03	2.300339E-04	1.971316E-05
5.166767E+03	2.296724E-04	1.968168E-05
5.166965E+03	2.296183E-04	1.967654E-05
5.167163E+03	2.298794E-04	1.969841E-05
5.167361E+03	2.297909E-04	1.969032E-05
5.167559E+03	2.290660E-04	1.962770E-05
5.167757E+03	2.283623E-04	1.956690E-05
5.167955E+03	2.279658E-04	1.953244E-05
5.168153E+03	2.275509E-04	1.949638E-05
5.168351E+03	2.276686E-04	1.950597E-05
5.168550E+03	2.280677E-04	1.953966E-05
5.168749E+03	2.281352E-04	1.954495E-05
5.168947E+03	2.278792E-04	1.952252E-05
5.169145E+03	2.274956E-04	1.948916E-05
5.169343E+03	2.273747E-04	1.947830E-05
5.169541E+03	2.274660E-04	1.948563E-05
5.169739E+03	2.275733E-04	1.949433E-05
5.169937E+03	2.278080E-04	1.951394E-05
5.170135E+03	2.276816E-04	1.950261E-05
5.170333E+03	2.273430E-04	1.947312E-05
5.170531E+03	2.273441E-04	1.947271E-05
5.170729E+03	2.274140E-04	1.947821E-05
5.170927E+03	2.274841E-04	1.948372E-05
5.171125E+03	2.276870E-04	1.950060E-05
5.171323E+03	2.276508E-04	1.949701E-05
5.171521E+03	2.272295E-04	1.946043E-05
5.171719E+03	2.267392E-04	1.941795E-05
5.171917E+03	2.264078E-04	1.938908E-05
5.172115E+03	2.260633E-04	1.935908E-05
5.172313E+03	2.259127E-04	1.934570E-05
5.172511E+03	2.259773E-04	1.935074E-05
5.172710E+03	2.258372E-04	1.933825E-05
5.172908E+03	2.257741E-04	1.933237E-05
5.173106E+03	2.257510E-04	1.932990E-05
5.173304E+03	2.254486E-04	1.930352E-05
5.173502E+03	2.251275E-04	1.927554E-05
5.173700E+03	2.249553E-04	1.926031E-05
5.173898E+03	2.247513E-04	1.924236E-05
5.174096E+03	2.244912E-04	1.921961E-05
5.174294E+03	2.243694E-04	1.920870E-05
5.174491E+03	2.245428E-04	1.922306E-05
5.174690E+03	2.247510E-04	1.924040E-05
5.174888E+03	2.247409E-04	1.923905E-05
5.175087E+03	2.244008E-04	1.920945E-05
5.175284E+03	2.237972E-04	1.915730E-05
5.175482E+03	2.236697E-04	1.914591E-05
5.175680E+03	2.242321E-04	1.919356E-05
5.175878E+03	2.246505E-04	1.922889E-05
5.176076E+03	2.248720E-04	1.924738E-05
5.176274E+03	2.251123E-04	1.926745E-05
5.176473E+03	2.251501E-04	1.927021E-05
5.176671E+03	2.253772E-04	1.928916E-05
5.176869E+03	2.261396E-04	1.935393E-05
5.177067E+03	2.269076E-04	1.941917E-05
5.177265E+03	2.271695E-04	1.944111E-05
5.177463E+03	2.273674E-04	1.945756E-05
5.177661E+03	2.279092E-04	1.950343E-05
5.177859E+03	2.282058E-04	1.952833E-05
5.178057E+03	2.281774E-04	1.952541E-05
5.178255E+03	2.283116E-04	1.953640E-05
5.178453E+03	2.284483E-04	1.954761E-05
5.178651E+03	2.284118E-04	1.954400E-05
5.178849E+03	2.284498E-04	1.954677E-05
5.179047E+03	2.285201E-04	1.955230E-05
5.179245E+03	2.285874E-04	1.955757E-05
5.179443E+03	2.289832E-04	1.959095E-05
5.179641E+03	2.294270E-04	1.962843E-05
5.179839E+03	2.297214E-04	1.965312E-05
5.180037E+03	2.302213E-04	1.969541E-05
5.180235E+03	2.305558E-04	1.972353E-05
5.180434E+03	2.305889E-04	1.972587E-05
5.180632E+03	2.304590E-04	1.971427E-05
5.180830E+03	2.305053E-04	1.971774E-05
5.181028E+03	2.310457E-04	1.976348E-05
5.181226E+03	2.314339E-04	1.979620E-05
5.181424E+03	2.315230E-04	1.980333E-05
5.181622E+03	2.319648E-04	1.984062E-05
5.181821E+03	2.327594E-04	1.990809E-05
5.182019E+03	2.331693E-04	1.994266E-05
5.182217E+03	2.333548E-04	1.995803E-05
5.182415E+03	2.338743E-04	2.000197E-05
5.182613E+03	2.342712E-04	2.003541E-05
5.182811E+03	2.344756E-04	2.005240E-05
5.183009E+03	2.346505E-04	2.006687E-05
5.183207E+03	2.347240E-04	2.007266E-05
5.183405E+03	2.349606E-04	2.009240E-05
5.183603E+03	2.354567E-04	2.013432E-05
5.183801E+03	2.357709E-04	2.016069E-05
5.183999E+03	2.355608E-04	2.014223E-05
5.184197E+03	2.353429E-04	2.012310E-05
5.184396E+03	2.353388E-04	2.012226E-05
5.184594E+03	2.354740E-04	2.013332E-05
5.184792E+03	2.360934E-04	2.018578E-05
5.184990E+03	2.368654E-04	2.025129E-05
5.185188E+03	2.369631E-04	2.025915E-05
5.185386E+03	2.366381E-04	2.023086E-05
5.185584E+03	2.363797E-04	2.020828E-05
5.185782E+03	2.362553E-04	2.019715E-05
5.185980E+03	2.362378E-04	2.019516E-05
5.186178E+03	2.362258E-04	2.019364E-05
5.186376E+03	2.363610E-04	2.020470E-05
5.186573E+03	2.363088E-04	2.019974E-05
5.186772E+03	2.363288E-04	2.020096E-05
5.186970E+03	2.368391E-04	2.024408E-05
5.187167E+03	2.371780E-04	2.027255E-05
5.187365E+03	2.370239E-04	2.025889E-05
5.187563E+03	2.367171E-04	2.023217E-05
5.187761E+03	2.366112E-04	2.022262E-05
5.187959E+03	2.368859E-04	2.024560E-05
5.188158E+03	2.371713E-04	2.026950E-05
5.188357E+03	2.374302E-04	2.029113E-05
5.188555E+03	2.374771E-04	2.029465E-05
5.188753E+03	2.371352E-04	2.026493E-05
5.188951E+03	2.371365E-04	2.026455E-05
5.189149E+03	2.369929E-04	2.025179E-05
5.189347E+03	2.363371E-04	2.019525E-05
5.189545E+03	2.360700E-04	2.017193E-05
5.189743E+03	2.363528E-04	2.019561E-05
5.189941E+03	2.366760E-04	2.022273E-05
5.190139E+03	2.367147E-04	2.022555E-05
5.190337E+03	2.363482E-04	2.019375E-05
5.190535E+03	2.358152E-04	2.014771E-05
5.190733E+03	2.356632E-04	2.013424E-05
5.190931E+03	2.357420E-04	2.014049E-05
5.191129E+03	2.357888E-04	2.014399E-05
5.191327E+03	2.358839E-04	2.015163E-05
5.191525E+03	2.356593E-04	2.013195E-05
5.191723E+03	2.352897E-04	2.009989E-05
5.191921E+03	2.351132E-04	2.008433E-05
5.192120E+03	2.350041E-04	2.007452E-05
5.192318E+03	2.350345E-04	2.007664E-05
5.192516E+03	2.351187E-04	2.008334E-05
5.192714E+03	2.352782E-04	2.009648E-05
5.192912E+03	2.356500E-04	2.012775E-05
5.193110E+03	2.361266E-04	2.016797E-05
5.193308E+03	2.365039E-04	2.019971E-05
5.193506E+03	2.365749E-04	2.020528E-05
5.193704E+03	2.363340E-04	2.018422E-05
5.193902E+03	2.362435E-04	2.017601E-05
5.194100E+03	2.362443E-04	2.017559E-05
5.194298E+03	2.358635E-04	2.014258E-05
5.194496E+03	2.355980E-04	2.011943E-05
5.194694E+03	2.356474E-04	2.012316E-05
5.194892E+03	2.358742E-04	2.014204E-05
5.195091E+03	2.359344E-04	2.014669E-05
5.195289E+03	2.355235E-04	2.011112E-05
5.195487E+03	2.350588E-04	2.007096E-05
5.195685E+03	2.351645E-04	2.007951E-05
5.195884E+03	2.355447E-04	2.011149E-05
5.196082E+03	2.354757E-04	2.010511E-05
5.196280E+03	2.354844E-04	2.010537E-05
5.196478E+03	2.356737E-04	2.012105E-05
5.196676E+03	2.355480E-04	2.010983E-05
5.196874E+03	2.356780E-04	2.012045E-05
5.197072E+03	2.362390E-04	2.016786E-05
5.197270E+03	2.363368E-04	2.017572E-05
5.197468E+03	2.361894E-04	2.016266E-05
5.197666E+03	2.363006E-04	2.017167E-05
5.197864E+03	2.364173E-04	2.018115E-05
5.198062E+03	2.366661E-04	2.020190E-05
5.198260E+03	2.371547E-04	2.024313E-05
5.198458E+03	2.375276E-04	2.027447E-05
5.198656E+03	2.372561E-04	2.025082E-05
5.198854E+03	2.367421E-04	2.020646E-05
5.199052E+03	2.368184E-04	2.021248E-05
5.199249E+03	2.373180E-04	2.025464E-05
5.199447E+03	2.377585E-04	2.029176E-05
5.199645E+03	2.381046E-04	2.032081E-05
5.199845E+03	2.381270E-04	2.032224E-05
5.200042E+03	2.377341E-04	2.028823E-05
5.200240E+03	2.373788E-04	2.025742E-05
5.200438E+03	2.377519E-04	2.028878E-05
5.200636E+03	2.381899E-04	2.032567E-05
5.200834E+03	2.383393E-04	2.033793E-05
5.201032E+03	2.382455E-04	2.032945E-05
5.201230E+03	2.379279E-04	2.030186E-05
5.201428E+03	2.376722E-04	2.027956E-05
5.201627E+03	2.378136E-04	2.029114E-05
5.201825E+03	2.383733E-04	2.033842E-05
5.202023E+03	2.386846E-04	2.036449E-05
5.202221E+03	2.385559E-04	2.035303E-05
5.202419E+03	2.384946E-04	2.034731E-05
5.202617E+03	2.387547E-04	2.036902E-05
5.202815E+03	2.389663E-04	2.038659E-05
5.203013E+03	2.390158E-04	2.039033E-05
5.203211E+03	2.391626E-04	2.040237E-05
5.203409E+03	2.392553E-04	2.040979E-05
5.203608E+03	2.392561E-04	2.040938E-05
5.203806E+03	2.392109E-04	2.040504E-05
5.204004E+03	2.394525E-04	2.042516E-05
5.204202E+03	2.399020E-04	2.046303E-05
5.204400E+03	2.398705E-04	2.045985E-05
5.204598E+03	2.394792E-04	2.042599E-05
5.204796E+03	2.389148E-04	2.037737E-05
5.204994E+03	2.383691E-04	2.033034E-05
5.205192E+03	2.383915E-04	2.033178E-05
5.205390E+03	2.389494E-04	2.037887E-05
5.205588E+03	2.394426E-04	2.042046E-05
5.205786E+03	2.394974E-04	2.042465E-05
5.205984E+03	2.394116E-04	2.041685E-05
5.206182E+03	2.393746E-04	2.041321E-05
5.206380E+03	2.392399E-04	2.040125E-05
5.206578E+03	2.392784E-04	2.040405E-05
5.206776E+03	2.393793E-04	2.041218E-05
5.206974E+03	2.393882E-04	2.041245E-05
5.207172E+03	2.397681E-04	2.044436E-05
5.207370E+03	2.403672E-04	2.049497E-05
5.207569E+03	2.408041E-04	2.053174E-05
5.207767E+03	2.409864E-04	2.054680E-05
5.207965E+03	2.408166E-04	2.053184E-05
5.208163E+03	2.404787E-04	2.050255E-05
5.208362E+03	2.402573E-04	2.048319E-05
5.208560E+03	2.403855E-04	2.049363E-05
5.208758E+03	2.407276E-04	2.052232E-05
5.208956E+03	2.410076E-04	2.054570E-05
5.209154E+03	2.411222E-04	2.055499E-05
5.209352E+03	2.411095E-04	2.055343E-05
5.209550E+03	2.410505E-04	2.054792E-05
5.209748E+03	2.411055E-04	2.055213E-05
5.209946E+03	2.414345E-04	2.057969E-05
5.210342E+03	2.416068E-04	2.059341E-05
5.210540E+03	2.413933E-04	2.057473E-05
5.210738E+03	2.414049E-04	2.057524E-05
5.210936E+03	2.417286E-04	2.060235E-05
5.211134E+03	2.417157E-04	2.060077E-05
5.211331E+03	2.415618E-04	2.058717E-05
5.211530E+03	2.415300E-04	2.058398E-05
5.211728E+03	2.416256E-04	2.059164E-05
5.211927E+03	2.415911E-04	2.058822E-05
5.212124E+03	2.415239E-04	2.058202E-05
5.212322E+03	2.415354E-04	2.058252E-05
5.212520E+03	2.416121E-04	2.058858E-05
5.212718E+03	2.416155E-04	2.058839E-05
5.212916E+03	2.412902E-04	2.056018E-05
5.213114E+03	2.410001E-04	2.053498E-05
5.213312E+03	2.412968E-04	2.055979E-05
5.213510E+03	2.419904E-04	2.061840E-05
5.213708E+03	2.424775E-04	2.065943E-05
5.213906E+03	2.425269E-04	2.066316E-05
5.214104E+03	2.424380E-04	2.065510E-05
5.214302E+03	2.424877E-04	2.065886E-05
5.214500E+03	2.426677E-04	2.067371E-05
5.214698E+03	2.426792E-04	2.067421E-05
5.214897E+03	2.424816E-04	2.065690E-05
5.215095E+03	2.423735E-04	2.064721E-05
5.215294E+03	2.423985E-04	2.064886E-05
5.215492E+03	2.424182E-04	2.065005E-05
5.215690E+03	2.424161E-04	2.064940E-05
5.215888E+03	2.423595E-04	2.064410E-05
5.216086E+03	2.421317E-04	2.062421E-05
5.216284E+03	2.420641E-04	2.061798E-05
5.216482E+03	2.421491E-04	2.062474E-05
5.216680E+03	2.418773E-04	2.060112E-05
5.216878E+03	2.416983E-04	2.058539E-05
5.217076E+03	2.419928E-04	2.060999E-05
5.217274E+03	2.422028E-04	2.062741E-05
5.217472E+03	2.420918E-04	2.061747E-05
5.217670E+03	2.422773E-04	2.063280E-05
5.217868E+03	2.428415E-04	2.068037E-05
5.218066E+03	2.431799E-04	2.070870E-05
5.218264E+03	2.433166E-04	2.071986E-05
5.218462E+03	2.433498E-04	2.072222E-05
5.218660E+03	2.431706E-04	2.070647E-05
5.218858E+03	2.432884E-04	2.071603E-05
5.219056E+03	2.438475E-04	2.076316E-05
5.219255E+03	2.443114E-04	2.080218E-05
5.219453E+03	2.443666E-04	2.080640E-05
5.219651E+03	2.442991E-04	2.080017E-05
5.219849E+03	2.441796E-04	2.078952E-05
5.220047E+03	2.441285E-04	2.078469E-05
5.220245E+03	2.440281E-04	2.077566E-05
5.220443E+03	2.439469E-04	2.076827E-05
5.220641E+03	2.440075E-04	2.077295E-05
5.220839E+03	2.440762E-04	2.077832E-05
5.221037E+03	2.441613E-04	2.078509E-05
5.221235E+03	2.441263E-04	2.078163E-05
5.221433E+03	2.438758E-04	2.075983E-05
5.221632E+03	2.433880E-04	2.071783E-05
5.221830E+03	2.432028E-04	2.070158E-05
5.222028E+03	2.434817E-04	2.072485E-05
5.222226E+03	2.436731E-04	2.074066E-05
5.222424E+03	2.436735E-04	2.074023E-05
5.222622E+03	2.435156E-04	2.072630E-05
5.222820E+03	2.431802E-04	2.069729E-05
5.223018E+03	2.429319E-04	2.067568E-05
5.223217E+03	2.428421E-04	2.066756E-05
5.223414E+03	2.427223E-04	2.065690E-05
5.223612E+03	2.423430E-04	2.062414E-05
5.223810E+03	2.418761E-04	2.058393E-05
5.224009E+03	2.416276E-04	2.056231E-05
5.224206E+03	2.416660E-04	2.056511E-05
5.224404E+03	2.417754E-04	2.057395E-05
5.224602E+03	2.417674E-04	2.057279E-05
5.224800E+03	2.415050E-04	2.055000E-05
5.224998E+03	2.413357E-04	2.053512E-05
5.225196E+03	2.412264E-04	2.052535E-05
5.225394E+03	2.412156E-04	2.052396E-05
5.225592E+03	2.415409E-04	2.055117E-05
5.225790E+03	2.416092E-04	2.055652E-05
5.225988E+03	2.412045E-04	2.052162E-05
5.226186E+03	2.409639E-04	2.050068E-05
5.226384E+03	2.411388E-04	2.051509E-05
5.226582E+03	2.413688E-04	2.053418E-05
5.226780E+03	2.413413E-04	2.053138E-05
5.226979E+03	2.411006E-04	2.051043E-05
5.227177E+03	2.412647E-04	2.052392E-05
5.227375E+03	2.413794E-04	2.053322E-05
5.227573E+03	2.411550E-04	2.051365E-05
5.227771E+03	2.408429E-04	2.048665E-05
5.227969E+03	2.407113E-04	2.047498E-05
5.228168E+03	2.410317E-04	2.050176E-05
5.228366E+03	2.413821E-04	2.053110E-05
5.228564E+03	2.413025E-04	2.052387E-05
5.228762E+03	2.412175E-04	2.051617E-05
5.228960E+03	2.414228E-04	2.053316E-05
5.229158E+03	2.415295E-04	2.054177E-05
5.229356E+03	2.411732E-04	2.051100E-05
5.229554E+03	2.408333E-04	2.048162E-05
5.229752E+03	2.408715E-04	2.048441E-05
5.229950E+03	2.408192E-04	2.047949E-05
5.230148E+03	2.405421E-04	2.045547E-05
5.230346E+03	2.402376E-04	2.042911E-05
5.230544E+03	2.399743E-04	2.040625E-05
5.230742E+03	2.399657E-04	2.040506E-05
5.230941E+03	2.398447E-04	2.039430E-05
5.231139E+03	2.395837E-04	2.037165E-05
5.231337E+03	2.394380E-04	2.035880E-05
5.231535E+03	2.394128E-04	2.035620E-05
5.231733E+03	2.395139E-04	2.036433E-05
5.231931E+03	2.396698E-04	2.037712E-05
5.232129E+03	2.397325E-04	2.038199E-05
5.232327E+03	2.398390E-04	2.039058E-05
5.232525E+03	2.401104E-04	2.041319E-05
5.232723E+03	2.402827E-04	2.042738E-05
5.232921E+03	2.402193E-04	2.042153E-05
5.233119E+03	2.400349E-04	2.040539E-05
5.233317E+03	2.402211E-04	2.042076E-05
5.233515E+03	2.406653E-04	2.045806E-05
5.233713E+03	2.409780E-04	2.048417E-05
5.233911E+03	2.411286E-04	2.049651E-05
5.234109E+03	2.413396E-04	2.051399E-05
5.234307E+03	2.416221E-04	2.053754E-05
5.234505E+03	2.417427E-04	2.054732E-05
5.234704E+03	2.417451E-04	2.054706E-05
5.234903E+03	2.418741E-04	2.055755E-05
5.235101E+03	2.421705E-04	2.058228E-05
5.235299E+03	2.425109E-04	2.061075E-05
5.235497E+03	2.429364E-04	2.064645E-05
5.235694E+03	2.433375E-04	2.068007E-05
5.235892E+03	2.433015E-04	2.067654E-05
5.236091E+03	2.429053E-04	2.064241E-05
5.236289E+03	2.428061E-04	2.063351E-05
5.236486E+03	2.428993E-04	2.064097E-05
5.236684E+03	2.428549E-04	2.063673E-05
5.236882E+03	2.428271E-04	2.063390E-05
5.237080E+03	2.431678E-04	2.066239E-05
5.237278E+03	2.435113E-04	2.069111E-05
5.237476E+03	2.437531E-04	2.071118E-05
5.237674E+03	2.441022E-04	2.074038E-05
5.237872E+03	2.443743E-04	2.076303E-05
5.238070E+03	2.446878E-04	2.078920E-05
5.238268E+03	2.448306E-04	2.080087E-05
5.238466E+03	2.447670E-04	2.079500E-05
5.238665E+03	2.450476E-04	2.081837E-05
5.238863E+03	2.453997E-04	2.084781E-05
5.239061E+03	2.455152E-04	2.085715E-05
5.239259E+03	2.460134E-04	2.089901E-05
5.239457E+03	2.468201E-04	2.096707E-05
5.239655E+03	2.471946E-04	2.099841E-05
5.239853E+03	2.471340E-04	2.099279E-05
5.240051E+03	2.471339E-04	2.099231E-05
5.240249E+03	2.470374E-04	2.098364E-05
5.240447E+03	2.466819E-04	2.095297E-05
5.240645E+03	2.464641E-04	2.093400E-05
5.240843E+03	2.467366E-04	2.095668E-05
5.241041E+03	2.472520E-04	2.099998E-05
5.241239E+03	2.473537E-04	2.100815E-05
5.241438E+03	2.474255E-04	2.101377E-05
5.241636E+03	2.475411E-04	2.102312E-05
5.241834E+03	2.473122E-04	2.100321E-05
5.242032E+03	2.471715E-04	2.099079E-05
5.242230E+03	2.472458E-04	2.099663E-05
5.242429E+03	2.472649E-04	2.099779E-05
5.242627E+03	2.472675E-04	2.099753E-05
5.242825E+03	2.473391E-04	2.100314E-05
5.243023E+03	2.474298E-04	2.101038E-05
5.243221E+03	2.470959E-04	2.098155E-05
5.243419E+03	2.465990E-04	2.093889E-05
5.243617E+03	2.464579E-04	2.092644E-05
5.243815E+03	2.463003E-04	2.091259E-05
5.244013E+03	2.460323E-04	2.088937E-05
5.244211E+03	2.459077E-04	2.087832E-05
5.244409E+03	2.460012E-04	2.088579E-05
5.244607E+03	2.459760E-04	2.088319E-05
5.244805E+03	2.456608E-04	2.085597E-05
5.245003E+03	2.452296E-04	2.081889E-05
5.245201E+03	2.447871E-04	2.078086E-05
5.245399E+03	2.446954E-04	2.077262E-05
5.245597E+03	2.451342E-04	2.080940E-05
5.245795E+03	2.453296E-04	2.082552E-05
5.245993E+03	2.451165E-04	2.080696E-05
5.246191E+03	2.449612E-04	2.079332E-05
5.246390E+03	2.448224E-04	2.078107E-05
5.246588E+03	2.445594E-04	2.075828E-05
5.246786E+03	2.444094E-04	2.074509E-05
5.246984E+03	2.443977E-04	2.074364E-05
5.247182E+03	2.442532E-04	2.073091E-05
5.247380E+03	2.442940E-04	2.073391E-05
5.247577E+03	2.443846E-04	2.074114E-05
5.247775E+03	2.441875E-04	2.072395E-05
5.247974E+03	2.438936E-04	2.069855E-05
5.248173E+03	2.438321E-04	2.069286E-05
5.248371E+03	2.439863E-04	2.070548E-05
5.248568E+03	2.439634E-04	2.070309E-05
5.248766E+03	2.436278E-04	2.067414E-05
5.248964E+03	2.435301E-04	2.066539E-05
5.249162E+03	2.436177E-04	2.067237E-05
5.249360E+03	2.435920E-04	2.066973E-05
5.249558E+03	2.438236E-04	2.068892E-05
5.249756E+03	2.441854E-04	2.071916E-05
5.249954E+03	2.443423E-04	2.073201E-05
5.250152E+03	2.442474E-04	2.072349E-05
5.250351E+03	2.440196E-04	2.070371E-05
5.250549E+03	2.440408E-04	2.070505E-05
5.250747E+03	2.444028E-04	2.073530E-05
5.250945E+03	2.446483E-04	2.075567E-05
5.251143E+03	2.445201E-04	2.074433E-05
5.251341E+03	2.442394E-04	2.072006E-05
5.251539E+03	2.440391E-04	2.070260E-05
5.251737E+03	2.440410E-04	2.070230E-05
5.251935E+03	2.441785E-04	2.071351E-05
5.252133E+03	2.443162E-04	2.072473E-05
5.252331E+03	2.444012E-04	2.073148E-05
5.252529E+03	2.444945E-04	2.073893E-05
5.252727E+03	2.444492E-04	2.073463E-05
5.252925E+03	2.443207E-04	2.072327E-05
5.253123E+03	2.440897E-04	2.070322E-05
5.253321E+03	2.439584E-04	2.069162E-05
5.253519E+03	2.439878E-04	2.069366E-05
5.253717E+03	2.439563E-04	2.069053E-05
5.253915E+03	2.441079E-04	2.070292E-05
5.254114E+03	2.439570E-04	2.068968E-05
5.254312E+03	2.436647E-04	2.066442E-05
5.254510E+03	2.435470E-04	2.065398E-05
5.254709E+03	2.433434E-04	2.063626E-05
5.254907E+03	2.431592E-04	2.062018E-05
5.255105E+03	2.433745E-04	2.063798E-05
5.255303E+03	2.437675E-04	2.067085E-05
5.255501E+03	2.441216E-04	2.070042E-05
5.255699E+03	2.443815E-04	2.072200E-05
5.255897E+03	2.445080E-04	2.073227E-05
5.256095E+03	2.445959E-04	2.073926E-05
5.256293E+03	2.443671E-04	2.071940E-05
5.256491E+03	2.443381E-04	2.071649E-05
5.256689E+03	2.444815E-04	2.072818E-05
5.256887E+03	2.443469E-04	2.071632E-05
5.257085E+03	2.442708E-04	2.070941E-05
5.257283E+03	2.443446E-04	2.071521E-05
5.257481E+03	2.443074E-04	2.071159E-05
5.257679E+03	2.444729E-04	2.072516E-05
5.257877E+03	2.446469E-04	2.073946E-05
5.258076E+03	2.447291E-04	2.074597E-05
5.258274E+03	2.449002E-04	2.076002E-05
5.258472E+03	2.451102E-04	2.077736E-05
5.258670E+03	2.450257E-04	2.076974E-05
5.258868E+03	2.450802E-04	2.077389E-05
5.259066E+03	2.451457E-04	2.077899E-05
5.259264E+03	2.449583E-04	2.076264E-05
5.259462E+03	2.450961E-04	2.077387E-05
5.259659E+03	2.453925E-04	2.079853E-05
5.259857E+03	2.455861E-04	2.081448E-05
5.260056E+03	2.455405E-04	2.081015E-05
5.260254E+03	2.454169E-04	2.079922E-05
5.260452E+03	2.451818E-04	2.077884E-05
5.260649E+03	2.450359E-04	2.076602E-05
5.260847E+03	2.452238E-04	2.078149E-05
5.261045E+03	2.455094E-04	2.080523E-05
5.261243E+03	2.455527E-04	2.080844E-05
5.261442E+03	2.457185E-04	2.082203E-05
5.261640E+03	2.460543E-04	2.085002E-05
5.261839E+03	2.464401E-04	2.088225E-05
5.262037E+03	2.469095E-04	2.092157E-05
5.262235E+03	2.471200E-04	2.093894E-05
5.262433E+03	2.472887E-04	2.095278E-05
5.262631E+03	2.473517E-04	2.095765E-05
5.262829E+03	2.470608E-04	2.093254E-05
5.263027E+03	2.467532E-04	2.090602E-05
5.263225E+03	2.469219E-04	2.091985E-05
5.263423E+03	2.472496E-04	2.094716E-05
5.263621E+03	2.472735E-04	2.094872E-05
5.263819E+03	2.472862E-04	2.094933E-05
5.264017E+03	2.472794E-04	2.094830E-05
5.264215E+03	2.471555E-04	2.093734E-05
5.264413E+03	2.472324E-04	2.094340E-05
5.264611E+03	2.474849E-04	2.096432E-05
5.264809E+03	2.478323E-04	2.099329E-05
5.265007E+03	2.480262E-04	2.100925E-05
5.265205E+03	2.482148E-04	2.102477E-05
5.265403E+03	2.482358E-04	2.102608E-05
5.265601E+03	2.480729E-04	2.101182E-05
5.265800E+03	2.479824E-04	2.100369E-05
5.265998E+03	2.480705E-04	2.101070E-05
5.266196E+03	2.479465E-04	2.099973E-05
5.266394E+03	2.474233E-04	2.095496E-05
5.266592E+03	2.469754E-04	2.091657E-05
5.266790E+03	2.470187E-04	2.091977E-05
5.266988E+03	2.470620E-04	2.092298E-05
5.267186E+03	2.469323E-04	2.091153E-05
5.267384E+03	2.468779E-04	2.090647E-05
5.267582E+03	2.470663E-04	2.092197E-05
5.267780E+03	2.473415E-04	2.094480E-05
5.267979E+03	2.473625E-04	2.094612E-05
5.268177E+03	2.472466E-04	2.093585E-05
5.268375E+03	2.470970E-04	2.092272E-05
5.268573E+03	2.472045E-04	2.093137E-05
5.268771E+03	2.472869E-04	2.093788E-05
5.268969E+03	2.471402E-04	2.092500E-05
5.269167E+03	2.470214E-04	2.091449E-05
5.269365E+03	2.471792E-04	2.092738E-05
5.269563E+03	2.475132E-04	2.095520E-05
5.269762E+03	2.477409E-04	2.097402E-05
5.269960E+03	2.477730E-04	2.097628E-05
5.270158E+03	2.476094E-04	2.096196E-05
5.270356E+03	2.478792E-04	2.098434E-05
5.270554E+03	2.483950E-04	2.102755E-05
5.270752E+03	2.483600E-04	2.102413E-05
5.270950E+03	2.481432E-04	2.100532E-05
5.271148E+03	2.483572E-04	2.102296E-05
5.271346E+03	2.488062E-04	2.106051E-05
5.271544E+03	2.492271E-04	2.109568E-05
5.271741E+03	2.492454E-04	2.109676E-05
5.271939E+03	2.492187E-04	2.109405E-05
5.272138E+03	2.493489E-04	2.110460E-05
5.272336E+03	2.493867E-04	2.110734E-05
5.272534E+03	2.493796E-04	2.110628E-05
5.272731E+03	2.494091E-04	2.110831E-05
5.272929E+03	2.493628E-04	2.110393E-05
5.273127E+03	2.492829E-04	2.109670E-05
5.273325E+03	2.493515E-04	2.110205E-05
5.273524E+03	2.493136E-04	2.109838E-05
5.273722E+03	2.491806E-04	2.108666E-05
5.273920E+03	2.490250E-04	2.107303E-05
5.274118E+03	2.487237E-04	2.104708E-05
5.274316E+03	2.485961E-04	2.103581E-05
5.274514E+03	2.490344E-04	2.107245E-05
5.274713E+03	2.493776E-04	2.110101E-05
5.274911E+03	2.496086E-04	2.112010E-05
5.275109E+03	2.499014E-04	2.114441E-05
5.275307E+03	2.498131E-04	2.113648E-05
5.275505E+03	2.496378E-04	2.112118E-05
5.275703E+03	2.495521E-04	2.111347E-05
5.275901E+03	2.495393E-04	2.111193E-05
5.276099E+03	2.493078E-04	2.109188E-05
5.276297E+03	2.489529E-04	2.106140E-05
5.276495E+03	2.489176E-04	2.105795E-05
5.276693E+03	2.489244E-04	2.105806E-05
5.276891E+03	2.484964E-04	2.102139E-05
5.277089E+03	2.483404E-04	2.100774E-05
5.277287E+03	2.486107E-04	2.103014E-05
5.277486E+03	2.484575E-04	2.101672E-05
5.277684E+03	2.484362E-04	2.101446E-05
5.277882E+03	2.484399E-04	2.101432E-05
5.278080E+03	2.481435E-04	2.098878E-05
5.278278E+03	2.477965E-04	2.095897E-05
5.278476E+03	2.477104E-04	2.095124E-05
5.278674E+03	2.477844E-04	2.095703E-05
5.278872E+03	2.476224E-04	2.094288E-05
5.279070E+03	2.474296E-04	2.092611E-05
5.279268E+03	2.474418E-04	2.092668E-05
5.279466E+03	2.471169E-04	2.089875E-05
5.279664E+03	2.468285E-04	2.087390E-05
5.279862E+03	2.469050E-04	2.087992E-05
5.280060E+03	2.469199E-04	2.088071E-05
5.280258E+03	2.467802E-04	2.086845E-05
5.280456E+03	2.468091E-04	2.087043E-05
5.280654E+03	2.470431E-04	2.088976E-05
5.280852E+03	2.469764E-04	2.088367E-05
5.281050E+03	2.466765E-04	2.085785E-05
5.281250E+03	2.465339E-04	2.084534E-05
5.281448E+03	2.465515E-04	2.084637E-05
5.281646E+03	2.465578E-04	2.084645E-05
5.281844E+03	2.470253E-04	2.088552E-05
5.282042E+03	2.473351E-04	2.091126E-05
5.282240E+03	2.473219E-04	2.090968E-05
5.282438E+03	2.474716E-04	2.092188E-05
5.282636E+03	2.477143E-04	2.094194E-05
5.282834E+03	2.476053E-04	2.093227E-05
5.283032E+03	2.470969E-04	2.088883E-05
5.283230E+03	2.467599E-04	2.085988E-05
5.283428E+03	2.469519E-04	2.087566E-05
5.283626E+03	2.474983E-04	2.092140E-05
5.283824E+03	2.476425E-04	2.093313E-05
5.284021E+03	2.475166E-04	2.092203E-05
5.284220E+03	2.476073E-04	2.092924E-05
5.284418E+03	2.476249E-04	2.093027E-05
5.284616E+03	2.473805E-04	2.090916E-05
5.284813E+03	2.472967E-04	2.090162E-05
5.285011E+03	2.473311E-04	2.090407E-05
5.285210E+03	2.471854E-04	2.089130E-05
5.285408E+03	2.468283E-04	2.086066E-05
5.285606E+03	2.467106E-04	2.085025E-05
5.285804E+03	2.467251E-04	2.085102E-05
5.286002E+03	2.465059E-04	2.083204E-05
5.286200E+03	2.464923E-04	2.083044E-05
5.286398E+03	2.464617E-04	2.082740E-05
5.286596E+03	2.464622E-04	2.082699E-05
5.286794E+03	2.468233E-04	2.085705E-05
5.286992E+03	2.469845E-04	2.087021E-05
5.287190E+03	2.466522E-04	2.084168E-05
5.287388E+03	2.463822E-04	2.081840E-05
5.287586E+03	2.466475E-04	2.084037E-05
5.287784E+03	2.471554E-04	2.088283E-05
5.287983E+03	2.475592E-04	2.091649E-05
5.288181E+03	2.476217E-04	2.092131E-05
5.288379E+03	2.474275E-04	2.090445E-05
5.288577E+03	2.474562E-04	2.090642E-05
5.288775E+03	2.477584E-04	2.093149E-05
5.288974E+03	2.474768E-04	2.090725E-05
5.289172E+03	2.471105E-04	2.087584E-05
5.289370E+03	2.472547E-04	2.088757E-05
5.289568E+03	2.475401E-04	2.091122E-05
5.289766E+03	2.476365E-04	2.091890E-05
5.289964E+03	2.475211E-04	2.090870E-05
5.290162E+03	2.473521E-04	2.089397E-05
5.290360E+03	2.469601E-04	2.086040E-05
5.290558E+03	2.465963E-04	2.082922E-05
5.290756E+03	2.465796E-04	2.082735E-05
5.290954E+03	2.471023E-04	2.087104E-05
5.291152E+03	2.474216E-04	2.089756E-05
5.291350E+03	2.474417E-04	2.089880E-05
5.291548E+03	2.476510E-04	2.091602E-05
5.291746E+03	2.479818E-04	2.094350E-05
5.291944E+03	2.485415E-04	2.099031E-05
5.292142E+03	2.490588E-04	2.103354E-05
5.292340E+03	2.495226E-04	2.107225E-05
5.292538E+03	2.497152E-04	2.108806E-05
5.292736E+03	2.498062E-04	2.109527E-05
5.292935E+03	2.498715E-04	2.110033E-05
5.293133E+03	2.498098E-04	2.109466E-05
5.293331E+03	2.499035E-04	2.110211E-05
5.293529E+03	2.497372E-04	2.108761E-05
5.293727E+03	2.493107E-04	2.105114E-05
5.293925E+03	2.490876E-04	2.103184E-05
5.294123E+03	2.492322E-04	2.104358E-05
5.294321E+03	2.495040E-04	2.106608E-05
5.294520E+03	2.498099E-04	2.109144E-05
5.294718E+03	2.500197E-04	2.110870E-05
5.294916E+03	2.501812E-04	2.112187E-05
5.295114E+03	2.503230E-04	2.113338E-05
5.295312E+03	2.504876E-04	2.114681E-05
5.295510E+03	2.504569E-04	2.114376E-05
5.295708E+03	2.503441E-04	2.113377E-05
5.295906E+03	2.508311E-04	2.117443E-05
5.296103E+03	2.513382E-04	2.121677E-05
5.296301E+03	2.512736E-04	2.121085E-05
5.296500E+03	2.507050E-04	2.116239E-05
5.296698E+03	2.504137E-04	2.113734E-05
5.296896E+03	2.506434E-04	2.115627E-05
5.297094E+03	2.508817E-04	2.117592E-05
5.297292E+03	2.512897E-04	2.120990E-05
5.297490E+03	2.518055E-04	2.125297E-05
5.297688E+03	2.521572E-04	2.128218E-05
5.297886E+03	2.523843E-04	2.130089E-05
5.298084E+03	2.524924E-04	2.130954E-05
5.298282E+03	2.524616E-04	2.130648E-05
5.298480E+03	2.524280E-04	2.130318E-05
5.298678E+03	2.523832E-04	2.129893E-05
5.298876E+03	2.524630E-04	2.130520E-05
5.299074E+03	2.527382E-04	2.132796E-05
5.299272E+03	2.531525E-04	2.136245E-05
5.299470E+03	2.532238E-04	2.136801E-05
5.299668E+03	2.528642E-04	2.133719E-05
5.299866E+03	2.525074E-04	2.130662E-05
5.300064E+03	2.522553E-04	2.128488E-05
5.300262E+03	2.518331E-04	2.124879E-05
5.300460E+03	2.514478E-04	2.121581E-05
5.300659E+03	2.514282E-04	2.121370E-05
5.300857E+03	2.515107E-04	2.122020E-05
5.301055E+03	2.513151E-04	2.120323E-05
5.301254E+03	2.512018E-04	2.119321E-05
5.301452E+03	2.515455E-04	2.122173E-05
5.301650E+03	2.517470E-04	2.123828E-05
5.301848E+03	2.516310E-04	2.122802E-05
5.302046E+03	2.518071E-04	2.124241E-05
5.302244E+03	2.522444E-04	2.127884E-05
5.302442E+03	2.525625E-04	2.130521E-05
5.302640E+03	2.524776E-04	2.129758E-05
5.302838E+03	2.521683E-04	2.127103E-05
5.303036E+03	2.522651E-04	2.127872E-05
5.303234E+03	2.524982E-04	2.129792E-05
5.303432E+03	2.523621E-04	2.128597E-05
5.303630E+03	2.522145E-04	2.127306E-05
5.303828E+03	2.521636E-04	2.126830E-05
5.304026E+03	2.519392E-04	2.124891E-05
5.304224E+03	2.519082E-04	2.124583E-05
5.304422E+03	2.520047E-04	2.125351E-05
5.304621E+03	2.523828E-04	2.128492E-05
5.304819E+03	2.529087E-04	2.132881E-05
5.305017E+03	2.532669E-04	2.135855E-05
5.305215E+03	2.535882E-04	2.138518E-05
5.305413E+03	2.538784E-04	2.140918E-05
5.305611E+03	2.541543E-04	2.143198E-05
5.305809E+03	2.543280E-04	2.144616E-05
5.306007E+03	2.541492E-04	2.143061E-05
5.306205E+03	2.539502E-04	2.141337E-05
5.306403E+03	2.539334E-04	2.141148E-05
5.306601E+03	2.539109E-04	2.140911E-05
5.306997E+03	2.541729E-04	2.143026E-05
5.307195E+03	2.547903E-04	2.148185E-05
5.307393E+03	2.551406E-04	2.151091E-05
5.307591E+03	2.546911E-04	2.147255E-05
5.307790E+03	2.542960E-04	2.143876E-05
5.307988E+03	2.541282E-04	2.142415E-05
5.308186E+03	2.542791E-04	2.143640E-05
5.308384E+03	2.545639E-04	2.145994E-05
5.308583E+03	2.546893E-04	2.147004E-05
5.308781E+03	2.551107E-04	2.150509E-05
5.308978E+03	2.556518E-04	2.155023E-05
5.309176E+03	2.557347E-04	2.155675E-05
5.309374E+03	2.556637E-04	2.155029E-05
5.309572E+03	2.557008E-04	2.155295E-05
5.309770E+03	2.556156E-04	2.154529E-05
5.309968E+03	2.556671E-04	2.154916E-05
5.310166E+03	2.553651E-04	2.152324E-05
5.310364E+03	2.549123E-04	2.148460E-05
5.310562E+03	2.552059E-04	2.150887E-05
5.310760E+03	2.554881E-04	2.153219E-05
5.310958E+03	2.554312E-04	2.152692E-05
5.311156E+03	2.555822E-04	2.153917E-05
5.311354E+03	2.557391E-04	2.155192E-05
5.311552E+03	2.559131E-04	2.156611E-05
5.311750E+03	2.562125E-04	2.159087E-05
5.311948E+03	2.564122E-04	2.160722E-05
5.312146E+03	2.564522E-04	2.161012E-05
5.312345E+03	2.561131E-04	2.158107E-05
5.312543E+03	2.554288E-04	2.152294E-05
5.312741E+03	2.552634E-04	2.150853E-05
5.312939E+03	2.554744E-04	2.152584E-05
5.313137E+03	2.558252E-04	2.155492E-05
5.313335E+03	2.560335E-04	2.157199E-05
5.313533E+03	2.555628E-04	2.153186E-05
5.313731E+03	2.549551E-04	2.148019E-05
5.313929E+03	2.548236E-04	2.146864E-05
5.314127E+03	2.549548E-04	2.147922E-05
5.314325E+03	2.551944E-04	2.149893E-05
5.314524E+03	2.556111E-04	2.153357E-05
5.314722E+03	2.557682E-04	2.154633E-05
5.314920E+03	2.555510E-04	2.152756E-05
5.315118E+03	2.552626E-04	2.150279E-05
5.315316E+03	2.554937E-04	2.152178E-05
5.315514E+03	2.558020E-04	2.154728E-05
5.315712E+03	2.558933E-04	2.155449E-05
5.315910E+03	2.560731E-04	2.156917E-05
5.316108E+03	2.561330E-04	2.157374E-05
5.316307E+03	2.559815E-04	2.156050E-05
5.316505E+03	2.557386E-04	2.153958E-05
5.316703E+03	2.556126E-04	2.152849E-05
5.316901E+03	2.555182E-04	2.152006E-05
5.317099E+03	2.553351E-04	2.150417E-05
5.317297E+03	2.552806E-04	2.149911E-05
5.317495E+03	2.554690E-04	2.151450E-05
5.317693E+03	2.555974E-04	2.152484E-05
5.317891E+03	2.555800E-04	2.152290E-05
5.318089E+03	2.556283E-04	2.152649E-05
5.318287E+03	2.560769E-04	2.156380E-05
5.318485E+03	2.566086E-04	2.160810E-05
5.318683E+03	2.564569E-04	2.159485E-05
5.318881E+03	2.560449E-04	2.155967E-05
5.319079E+03	2.559160E-04	2.154834E-05
5.319277E+03	2.558326E-04	2.154085E-05
5.319475E+03	2.555749E-04	2.151868E-05
5.319673E+03	2.557006E-04	2.152879E-05
5.319871E+03	2.560063E-04	2.155405E-05
5.320070E+03	2.561491E-04	2.156560E-05
5.320268E+03	2.563177E-04	2.157931E-05
5.320466E+03	2.564003E-04	2.158580E-05
5.320664E+03	2.565174E-04	2.159518E-05
5.320861E+03	2.567862E-04	2.161733E-05
5.321060E+03	2.571668E-04	2.164889E-05
5.321258E+03	2.571808E-04	2.164959E-05
5.321456E+03	2.567339E-04	2.161150E-05
5.321654E+03	2.564013E-04	2.158303E-05
5.321852E+03	2.563695E-04	2.157988E-05
5.322050E+03	2.564236E-04	2.158395E-05
5.322248E+03	2.569072E-04	2.162418E-05
5.322446E+03	2.574970E-04	2.167334E-05
5.322644E+03	2.575283E-04	2.167550E-05
5.322842E+03	2.575107E-04	2.167354E-05
5.323040E+03	2.575391E-04	2.167545E-05
5.323238E+03	2.575673E-04	2.167735E-05
5.323436E+03	2.573779E-04	2.166093E-05
5.323634E+03	2.570508E-04	2.163292E-05
5.323832E+03	2.570161E-04	2.162953E-05
5.324031E+03	2.569153E-04	2.162057E-05
5.324229E+03	2.568633E-04	2.161571E-05
5.324427E+03	2.570665E-04	2.163233E-05
5.324625E+03	2.574932E-04	2.166776E-05
5.324823E+03	2.580835E-04	2.171695E-05
5.325021E+03	2.584272E-04	2.174540E-05
5.325219E+03	2.587480E-04	2.177191E-05
5.325417E+03	2.588768E-04	2.178226E-05
5.325615E+03	2.589166E-04	2.178513E-05
5.325813E+03	2.593065E-04	2.181745E-05
5.326011E+03	2.598541E-04	2.186305E-05
5.326209E+03	2.601236E-04	2.188523E-05
5.326407E+03	2.605365E-04	2.191949E-05
5.326605E+03	2.606453E-04	2.192815E-05
5.326803E+03	2.602892E-04	2.189771E-05
5.327001E+03	2.601368E-04	2.188441E-05
5.327199E+03	2.599987E-04	2.187230E-05
5.327397E+03	2.599899E-04	2.187108E-05
5.327595E+03	2.601589E-04	2.188481E-05
5.327795E+03	2.601845E-04	2.188648E-05
5.327993E+03	2.598828E-04	2.186061E-05
5.328191E+03	2.594343E-04	2.182241E-05
5.328389E+03	2.596321E-04	2.183856E-05
5.328587E+03	2.598270E-04	2.185447E-05
5.328785E+03	2.598696E-04	2.185757E-05
5.328983E+03	2.602370E-04	2.188799E-05
5.329181E+03	2.608916E-04	2.194255E-05
5.329379E+03	2.616153E-04	2.200294E-05
5.329577E+03	2.617845E-04	2.201668E-05
5.329775E+03	2.619998E-04	2.203429E-05
5.329973E+03	2.622466E-04	2.205456E-05
5.330171E+03	2.622522E-04	2.205454E-05
5.330369E+03	2.627606E-04	2.209680E-05
5.330567E+03	2.635078E-04	2.215915E-05
5.330765E+03	2.637865E-04	2.218209E-05
5.330963E+03	2.639646E-04	2.219658E-05
5.331161E+03	2.641973E-04	2.221565E-05
5.331359E+03	2.642145E-04	2.221661E-05
5.331557E+03	2.642258E-04	2.221706E-05
5.331756E+03	2.645305E-04	2.224219E-05
5.331954E+03	2.647000E-04	2.225595E-05
5.332152E+03	2.651545E-04	2.229366E-05
5.332350E+03	2.658994E-04	2.235580E-05
5.332548E+03	2.658965E-04	2.235505E-05
5.332746E+03	2.658071E-04	2.234705E-05
5.332943E+03	2.663308E-04	2.239057E-05
5.333141E+03	2.666905E-04	2.242031E-05
5.333339E+03	2.667509E-04	2.242489E-05
5.333538E+03	2.665925E-04	2.241108E-05
5.333736E+03	2.664717E-04	2.240042E-05
5.333933E+03	2.665177E-04	2.240379E-05
5.334131E+03	2.665579E-04	2.240667E-05
5.334330E+03	2.667019E-04	2.241828E-05
5.334528E+03	2.671078E-04	2.245190E-05
5.334726E+03	2.672919E-04	2.246687E-05
5.334924E+03	2.670904E-04	2.244943E-05
5.335122E+03	2.670816E-04	2.244819E-05
5.335320E+03	2.678449E-04	2.251185E-05
5.335518E+03	2.685794E-04	2.257308E-05
5.335717E+03	2.689223E-04	2.260140E-05
5.335915E+03	2.692075E-04	2.262486E-05
5.336113E+03	2.694324E-04	2.264325E-05
5.336311E+03	2.694498E-04	2.264421E-05
5.336509E+03	2.695679E-04	2.265363E-05
5.336707E+03	2.700694E-04	2.269527E-05
5.336905E+03	2.703030E-04	2.271440E-05
5.337103E+03	2.704357E-04	2.272504E-05
5.337301E+03	2.708395E-04	2.275846E-05
5.337499E+03	2.712778E-04	2.279478E-05
5.337697E+03	2.715835E-04	2.281996E-05
5.337895E+03	2.720307E-04	2.285703E-05
5.338093E+03	2.723771E-04	2.288562E-05
5.338291E+03	2.724781E-04	2.289359E-05
5.338489E+03	2.727293E-04	2.291419E-05
5.338687E+03	2.729141E-04	2.292920E-05
5.338885E+03	2.727672E-04	2.291635E-05
5.339083E+03	2.729117E-04	2.292798E-05
5.339281E+03	2.733764E-04	2.296650E-05
5.339480E+03	2.736162E-04	2.298613E-05
5.339678E+03	2.737982E-04	2.300091E-05
5.339876E+03	2.739486E-04	2.301302E-05
5.340074E+03	2.741133E-04	2.302635E-05
5.340272E+03	2.743503E-04	2.304574E-05
5.340470E+03	2.743938E-04	2.304887E-05
5.340668E+03	2.741919E-04	2.303140E-05
5.340866E+03	2.740650E-04	2.302023E-05
5.341065E+03	2.739269E-04	2.300811E-05
5.341263E+03	2.737421E-04	2.299207E-05
5.341461E+03	2.737712E-04	2.299400E-05
5.341659E+03	2.738521E-04	2.300028E-05
5.341857E+03	2.734854E-04	2.296897E-05
5.342055E+03	2.729223E-04	2.292116E-05
5.342253E+03	2.726333E-04	2.289638E-05
5.342451E+03	2.725611E-04	2.288980E-05
5.342649E+03	2.727605E-04	2.290603E-05
5.342847E+03	2.731969E-04	2.294216E-05
5.343045E+03	2.731854E-04	2.294068E-05
5.343243E+03	2.727286E-04	2.290180E-05
5.343442E+03	2.725753E-04	2.288842E-05
5.343640E+03	2.725840E-04	2.288864E-05
5.343838E+03	2.723843E-04	2.287136E-05
5.344036E+03	2.725636E-04	2.288590E-05
5.344234E+03	2.729307E-04	2.291620E-05
5.344432E+03	2.728641E-04	2.291010E-05
5.344630E+03	2.725314E-04	2.288164E-05
5.344828E+03	2.724503E-04	2.287432E-05
5.345025E+03	2.723460E-04	2.286506E-05
5.345223E+03	2.723747E-04	2.286695E-05
5.345421E+03	2.726263E-04	2.288756E-05
5.345620E+03	2.728317E-04	2.290428E-05
5.345818E+03	2.730253E-04	2.292002E-05
5.346015E+03	2.730107E-04	2.291828E-05
5.346213E+03	2.733550E-04	2.294666E-05
5.346411E+03	2.740378E-04	2.300346E-05
5.346609E+03	2.741593E-04	2.301315E-05
5.346807E+03	2.736816E-04	2.297253E-05
5.347005E+03	2.733862E-04	2.294721E-05
5.347204E+03	2.736696E-04	2.297049E-05
5.347402E+03	2.741299E-04	2.300860E-05
5.347601E+03	2.742747E-04	2.302024E-05
5.347799E+03	2.739791E-04	2.299491E-05
5.347997E+03	2.739993E-04	2.299608E-05
5.348195E+03	2.743206E-04	2.302253E-05
5.348393E+03	2.743697E-04	2.302613E-05
5.348591E+03	2.745433E-04	2.304018E-05
5.348789E+03	2.750502E-04	2.308219E-05
5.348987E+03	2.755570E-04	2.312420E-05
5.349185E+03	2.756844E-04	2.313437E-05
5.349383E+03	2.754207E-04	2.311172E-05
5.349581E+03	2.755886E-04	2.312529E-05
5.349779E+03	2.761942E-04	2.317557E-05
5.349977E+03	2.764058E-04	2.319281E-05
5.350175E+03	2.762463E-04	2.317890E-05
5.350373E+03	2.763447E-04	2.318663E-05
5.350571E+03	2.765880E-04	2.320653E-05
5.350769E+03	2.764053E-04	2.319067E-05
5.350967E+03	2.759963E-04	2.315583E-05
5.351166E+03	2.757352E-04	2.313340E-05
5.351364E+03	2.755028E-04	2.311338E-05
5.351562E+03	2.754099E-04	2.310506E-05
5.351760E+03	2.758621E-04	2.314247E-05
5.351958E+03	2.762622E-04	2.317551E-05
5.352156E+03	2.763258E-04	2.318032E-05
5.352354E+03	2.764301E-04	2.318854E-05
5.352552E+03	2.770365E-04	2.323888E-05
5.352750E+03	2.778924E-04	2.331015E-05
5.352948E+03	2.782521E-04	2.333979E-05
5.353146E+03	2.786875E-04	2.337578E-05
5.353344E+03	2.792941E-04	2.342613E-05
5.353542E+03	2.796395E-04	2.345457E-05
5.353740E+03	2.800749E-04	2.349056E-05
5.353938E+03	2.804322E-04	2.351999E-05
5.354137E+03	2.803975E-04	2.351654E-05
5.354335E+03	2.806356E-04	2.353597E-05
5.354533E+03	2.807693E-04	2.354665E-05
5.354731E+03	2.804178E-04	2.351664E-05
5.354929E+03	2.802812E-04	2.350465E-05
5.355128E+03	2.803945E-04	2.351362E-05
5.355326E+03	2.802783E-04	2.350334E-05
5.355524E+03	2.802551E-04	2.350085E-05
5.355722E+03	2.802898E-04	2.350323E-05
5.355920E+03	2.807053E-04	2.353754E-05
5.356118E+03	2.812632E-04	2.358378E-05
5.356316E+03	2.811412E-04	2.357301E-05
5.356514E+03	2.807894E-04	2.354297E-05
5.356712E+03	2.809987E-04	2.355998E-05
5.356910E+03	2.816818E-04	2.361672E-05
5.357108E+03	2.824027E-04	2.367663E-05
5.357305E+03	2.827139E-04	2.370218E-05
5.357503E+03	2.829756E-04	2.372357E-05
5.357702E+03	2.831415E-04	2.373694E-05
5.357900E+03	2.831096E-04	2.373372E-05
5.358098E+03	2.834616E-04	2.376268E-05
5.358295E+03	2.838747E-04	2.379677E-05
5.358493E+03	2.839156E-04	2.379966E-05
5.358691E+03	2.836654E-04	2.377814E-05
5.358890E+03	2.833890E-04	2.375443E-05
5.359088E+03	2.835607E-04	2.376828E-05
5.359286E+03	2.839740E-04	2.380238E-05
5.359484E+03	2.844861E-04	2.384476E-05
5.359682E+03	2.847744E-04	2.386837E-05
5.359880E+03	2.845737E-04	2.385100E-05
5.360078E+03	2.844253E-04	2.383802E-05
5.360276E+03	2.843409E-04	2.383040E-05
5.360474E+03	2.846990E-04	2.385987E-05
5.360672E+03	2.852348E-04	2.390422E-05
5.360871E+03	2.854125E-04	2.391857E-05
5.361069E+03	2.857738E-04	2.394829E-05
5.361267E+03	2.862893E-04	2.399094E-05
5.361465E+03	2.864964E-04	2.400774E-05
5.361663E+03	2.867061E-04	2.402477E-05
5.361861E+03	2.871986E-04	2.406548E-05
5.362059E+03	2.874202E-04	2.408350E-05
5.362257E+03	2.874350E-04	2.408419E-05
5.362455E+03	2.873594E-04	2.407729E-05
5.362653E+03	2.870651E-04	2.405209E-05
5.362852E+03	2.867855E-04	2.402811E-05
5.363050E+03	2.865408E-04	2.400705E-05
5.363248E+03	2.861823E-04	2.397647E-05
5.363446E+03	2.859403E-04	2.395564E-05
5.363644E+03	2.856487E-04	2.393066E-05
5.363842E+03	2.853630E-04	2.390618E-05
5.364040E+03	2.851558E-04	2.388827E-05
5.364238E+03	2.847999E-04	2.385791E-05
5.364436E+03	2.844732E-04	2.382998E-05
5.364634E+03	2.844555E-04	2.382795E-05
5.364832E+03	2.847906E-04	2.385548E-05
5.365030E+03	2.853418E-04	2.390109E-05
5.365228E+03	2.855341E-04	2.391665E-05
5.365426E+03	2.854407E-04	2.390827E-05
5.365624E+03	2.856623E-04	2.392628E-05
5.365822E+03	2.860005E-04	2.395406E-05
5.366020E+03	2.861550E-04	2.396644E-05
5.366218E+03	2.864614E-04	2.399155E-05
5.366416E+03	2.867588E-04	2.401591E-05
5.366615E+03	2.864639E-04	2.399066E-05
5.366813E+03	2.863090E-04	2.397712E-05
5.367011E+03	2.863497E-04	2.397998E-05
5.367209E+03	2.859700E-04	2.394763E-05
5.367408E+03	2.856604E-04	2.392114E-05
5.367606E+03	2.859726E-04	2.394673E-05
5.367804E+03	2.862031E-04	2.396548E-05
5.368002E+03	2.864831E-04	2.398837E-05
5.368200E+03	2.868948E-04	2.402229E-05
5.368398E+03	2.871867E-04	2.404617E-05
5.368596E+03	2.871367E-04	2.404143E-05
5.368794E+03	2.872096E-04	2.404698E-05
5.368992E+03	2.871977E-04	2.404542E-05
5.369190E+03	2.868965E-04	2.401964E-05
5.369387E+03	2.866040E-04	2.399460E-05
5.369585E+03	2.867644E-04	2.400747E-05
5.369784E+03	2.867554E-04	2.400616E-05
5.369982E+03	2.864569E-04	2.398062E-05
5.370180E+03	2.865005E-04	2.398371E-05
5.370377E+03	2.866697E-04	2.399732E-05
5.370576E+03	2.865787E-04	2.398914E-05
5.370774E+03	2.863357E-04	2.396824E-05
5.370972E+03	2.862359E-04	2.395933E-05
5.371170E+03	2.863554E-04	2.396877E-05
5.371368E+03	2.864221E-04	2.397380E-05
5.371566E+03	2.860619E-04	2.394310E-05
5.371764E+03	2.857836E-04	2.391925E-05
5.371962E+03	2.860376E-04	2.393995E-05
5.372160E+03	2.865228E-04	2.398000E-05
5.372358E+03	2.866072E-04	2.398650E-05
5.372556E+03	2.862030E-04	2.395212E-05
5.372754E+03	2.859653E-04	2.393167E-05
5.372952E+03	2.860175E-04	2.393547E-05
5.373150E+03	2.861663E-04	2.394737E-05
5.373348E+03	2.864115E-04	2.396733E-05
5.373546E+03	2.866393E-04	2.398583E-05
5.373744E+03	2.868554E-04	2.400335E-05
5.373942E+03	2.867467E-04	2.399370E-05
5.374141E+03	2.864330E-04	2.396688E-05
5.374339E+03	2.861542E-04	2.394299E-05
5.374538E+03	2.858110E-04	2.391372E-05
5.374736E+03	2.854266E-04	2.388100E-05
5.374934E+03	2.851331E-04	2.385588E-05
5.375132E+03	2.849040E-04	2.383616E-05
5.375330E+03	2.846543E-04	2.381471E-05
5.375528E+03	2.843693E-04	2.379031E-05
5.375726E+03	2.838968E-04	2.375022E-05
5.375924E+03	2.831986E-04	2.369126E-05
5.376122E+03	2.824241E-04	2.362591E-05
5.376320E+03	2.817403E-04	2.356816E-05
5.376518E+03	2.811297E-04	2.351653E-05
5.376716E+03	2.807389E-04	2.348328E-05
5.376914E+03	2.807874E-04	2.348680E-05
5.377112E+03	2.813110E-04	2.353004E-05
5.377310E+03	2.818288E-04	2.357280E-05
5.377508E+03	2.817924E-04	2.356920E-05
5.377706E+03	2.814571E-04	2.354060E-05
5.377904E+03	2.811245E-04	2.351223E-05
5.378102E+03	2.810472E-04	2.350521E-05
5.378301E+03	2.814389E-04	2.353741E-05
5.378499E+03	2.816077E-04	2.355098E-05
5.378697E+03	2.808410E-04	2.348631E-05
5.378895E+03	2.799276E-04	2.340936E-05
5.379093E+03	2.791780E-04	2.334613E-05
5.379291E+03	2.783406E-04	2.327556E-05
5.379489E+03	2.777934E-04	2.322925E-05
5.379687E+03	2.777184E-04	2.322243E-05
5.379885E+03	2.777726E-04	2.322642E-05
5.380083E+03	2.778296E-04	2.323064E-05
5.380281E+03	2.780718E-04	2.325033E-05
5.380479E+03	2.782581E-04	2.326536E-05
5.380678E+03	2.780218E-04	2.324505E-05
5.380876E+03	2.775973E-04	2.320902E-05
5.381074E+03	2.771202E-04	2.316858E-05
5.381272E+03	2.766369E-04	2.312762E-05
5.381469E+03	2.763298E-04	2.310141E-05
5.381667E+03	2.763662E-04	2.310391E-05
5.381866E+03	2.763349E-04	2.310074E-05
5.382064E+03	2.760983E-04	2.308042E-05
5.382263E+03	2.759495E-04	2.306743E-05
5.382460E+03	2.759859E-04	2.306993E-05
5.382658E+03	2.760957E-04	2.307856E-05
5.382856E+03	2.759704E-04	2.306754E-05
5.383054E+03	2.755602E-04	2.303271E-05
5.383252E+03	2.754876E-04	2.302610E-05
5.383450E+03	2.757003E-04	2.304333E-05
5.383648E+03	2.758512E-04	2.305539E-05
5.383846E+03	2.763607E-04	2.309743E-05
5.384044E+03	2.768321E-04	2.313627E-05
5.384242E+03	2.769771E-04	2.314784E-05
5.384440E+03	2.768958E-04	2.314050E-05
5.384638E+03	2.766765E-04	2.312162E-05
5.384836E+03	2.765452E-04	2.311010E-05
5.385034E+03	2.764255E-04	2.309955E-05
5.385232E+03	2.758913E-04	2.305436E-05
5.385430E+03	2.754393E-04	2.301604E-05
5.385628E+03	2.755667E-04	2.302614E-05
5.385826E+03	2.760117E-04	2.306277E-05
5.386025E+03	2.764834E-04	2.310163E-05
5.386223E+03	2.767197E-04	2.312083E-05
5.386421E+03	2.765559E-04	2.310659E-05
5.386619E+03	2.762007E-04	2.307636E-05
5.386817E+03	2.758868E-04	2.304959E-05
5.387015E+03	2.756993E-04	2.303337E-05
5.387213E+03	2.759709E-04	2.305551E-05
5.387412E+03	2.767576E-04	2.312068E-05
5.387610E+03	2.776593E-04	2.319546E-05
5.387808E+03	2.782401E-04	2.324342E-05
5.388006E+03	2.780673E-04	2.322844E-05
5.388204E+03	2.776709E-04	2.319476E-05
5.388402E+03	2.772566E-04	2.315960E-05
5.388600E+03	2.767952E-04	2.312051E-05
5.388798E+03	2.765957E-04	2.310329E-05
5.388996E+03	2.765081E-04	2.309542E-05
5.389194E+03	2.765089E-04	2.309493E-05
5.389392E+03	2.769693E-04	2.313283E-05
5.389590E+03	2.776357E-04	2.318794E-05
5.389788E+03	2.776749E-04	2.319065E-05
5.389987E+03	2.773252E-04	2.316089E-05
5.390185E+03	2.770813E-04	2.313997E-05
5.390383E+03	2.770321E-04	2.313530E-05
5.390581E+03	2.770181E-04	2.313358E-05
5.390779E+03	2.768832E-04	2.312176E-05
5.390977E+03	2.769517E-04	2.312692E-05
5.391175E+03	2.772118E-04	2.314809E-05
5.391373E+03	2.775545E-04	2.317615E-05
5.391571E+03	2.778470E-04	2.320001E-05
5.391769E+03	2.778654E-04	2.320099E-05
5.391967E+03	2.779282E-04	2.320568E-05
5.392165E+03	2.780940E-04	2.321896E-05
5.392363E+03	2.779325E-04	2.320492E-05
5.392561E+03	2.776412E-04	2.318004E-05
5.392759E+03	2.779134E-04	2.320220E-05
5.392957E+03	2.785305E-04	2.325316E-05
5.393155E+03	2.785165E-04	2.325144E-05
5.393353E+03	2.781838E-04	2.322310E-05
5.393550E+03	2.784441E-04	2.324427E-05
5.393750E+03	2.786366E-04	2.325977E-05
5.393949E+03	2.787495E-04	2.326864E-05
5.394147E+03	2.793641E-04	2.331938E-05
5.394345E+03	2.800672E-04	2.337750E-05
5.394542E+03	2.803277E-04	2.339868E-05
5.394740E+03	2.805440E-04	2.341617E-05
5.394938E+03	2.806333E-04	2.342306E-05
5.395136E+03	2.804333E-04	2.340580E-05
5.395334E+03	2.803484E-04	2.339815E-05
5.395532E+03	2.806444E-04	2.342228E-05
5.395730E+03	2.811531E-04	2.346417E-05
5.395928E+03	2.812335E-04	2.347031E-05
5.396126E+03	2.804074E-04	2.340080E-05
5.396324E+03	2.798972E-04	2.335766E-05
5.396522E+03	2.797974E-04	2.334876E-05
5.396720E+03	2.799546E-04	2.336131E-05
5.396918E+03	2.801385E-04	2.337609E-05
5.397116E+03	2.803488E-04	2.339307E-05
5.397314E+03	2.804618E-04	2.340193E-05
5.397512E+03	2.803767E-04	2.339426E-05
5.397711E+03	2.800020E-04	2.336243E-05
5.397909E+03	2.795180E-04	2.332148E-05
5.398107E+03	2.793737E-04	2.330887E-05
5.398305E+03	2.790253E-04	2.327924E-05
5.398503E+03	2.786357E-04	2.324617E-05
5.398701E+03	2.787869E-04	2.325821E-05
5.398899E+03	2.790032E-04	2.327569E-05
5.399097E+03	2.791544E-04	2.328773E-05
5.399295E+03	2.791312E-04	2.328523E-05
5.399493E+03	2.786852E-04	2.324746E-05
5.399691E+03	2.783365E-04	2.321781E-05
5.399889E+03	2.782422E-04	2.320938E-05
5.400087E+03	2.782070E-04	2.320587E-05
5.400285E+03	2.781956E-04	2.320436E-05
5.400483E+03	2.782137E-04	2.320530E-05
5.400682E+03	2.785867E-04	2.323584E-05
5.400880E+03	2.790279E-04	2.327207E-05
5.401078E+03	2.790195E-04	2.327079E-05
5.401276E+03	2.787504E-04	2.324779E-05
5.401474E+03	2.786769E-04	2.324108E-05
5.401673E+03	2.786446E-04	2.323782E-05
5.401871E+03	2.786123E-04	2.323456E-05
5.402069E+03	2.789381E-04	2.326115E-05
5.402267E+03	2.793201E-04	2.329245E-05
5.402465E+03	2.795248E-04	2.330894E-05
5.402663E+03	2.798300E-04	2.333381E-05
5.402861E+03	2.799931E-04	2.334685E-05
5.403059E+03	2.797270E-04	2.332408E-05
5.403257E+03	2.794015E-04	2.329637E-05
5.403455E+03	2.793130E-04	2.328842E-05
5.403653E+03	2.788718E-04	2.325106E-05
5.403851E+03	2.780841E-04	2.318482E-05
5.404049E+03	2.777022E-04	2.315241E-05
5.404247E+03	2.776016E-04	2.314345E-05
5.404445E+03	2.778415E-04	2.316288E-05
5.404643E+03	2.781676E-04	2.318949E-05
5.404841E+03	2.782802E-04	2.319831E-05
5.405039E+03	2.784196E-04	2.320935E-05
5.405237E+03	2.786982E-04	2.323201E-05
5.405436E+03	2.790125E-04	2.325763E-05
5.405634E+03	2.789029E-04	2.324793E-05
5.405832E+03	2.784258E-04	2.320758E-05
5.406030E+03	2.781026E-04	2.318007E-05
5.406228E+03	2.776699E-04	2.314343E-05
5.406425E+03	2.770620E-04	2.309220E-05
5.406623E+03	2.769225E-04	2.308000E-05
5.406822E+03	2.771951E-04	2.310215E-05
5.407019E+03	2.774768E-04	2.312505E-05
5.407218E+03	2.780373E-04	2.317118E-05
5.407416E+03	2.787106E-04	2.322672E-05
5.407614E+03	2.791584E-04	2.326347E-05
5.407812E+03	2.792207E-04	2.326808E-05
5.408010E+03	2.791019E-04	2.325761E-05
5.408208E+03	2.789922E-04	2.324789E-05
5.408406E+03	2.789269E-04	2.324186E-05
5.408604E+03	2.789119E-04	2.324004E-05
5.408802E+03	2.787873E-04	2.322908E-05
5.409000E+03	2.787930E-04	2.322898E-05
5.409198E+03	2.791284E-04	2.325634E-05
5.409397E+03	2.792410E-04	2.326515E-05
5.409595E+03	2.791846E-04	2.325987E-05
5.409793E+03	2.790063E-04	2.324444E-05
5.409991E+03	2.783649E-04	2.319043E-05
5.410189E+03	2.781242E-04	2.316979E-05
5.410387E+03	2.785635E-04	2.320581E-05
5.410585E+03	2.788959E-04	2.323293E-05
5.410783E+03	2.783819E-04	2.318953E-05
5.410981E+03	2.781412E-04	2.316890E-05
5.411179E+03	2.783932E-04	2.318932E-05
5.411377E+03	2.786842E-04	2.321297E-05
5.411575E+03	2.788116E-04	2.322300E-05
5.411773E+03	2.791767E-04	2.325284E-05
5.411971E+03	2.795925E-04	2.328689E-05
5.412169E+03	2.797497E-04	2.329940E-05
5.412367E+03	2.798625E-04	2.330821E-05
5.412565E+03	2.800553E-04	2.332368E-05
5.412763E+03	2.801770E-04	2.333324E-05
5.412961E+03	2.805573E-04	2.336432E-05
5.413160E+03	2.814457E-04	2.343772E-05
5.413358E+03	2.818172E-04	2.346806E-05
5.413556E+03	2.816922E-04	2.345707E-05
5.413755E+03	2.816743E-04	2.345499E-05
5.413953E+03	2.818020E-04	2.346503E-05
5.414151E+03	2.816562E-04	2.345230E-05
5.414349E+03	2.816174E-04	2.344848E-05
5.414547E+03	2.818373E-04	2.346620E-05
5.414745E+03	2.820095E-04	2.347995E-05
5.414943E+03	2.820511E-04	2.348282E-05
5.415141E+03	2.819408E-04	2.347305E-05
5.415339E+03	2.816878E-04	2.345139E-05
5.415537E+03	2.816904E-04	2.345102E-05
5.415735E+03	2.814968E-04	2.343431E-05
5.415933E+03	2.812584E-04	2.341388E-05
5.416131E+03	2.816688E-04	2.344745E-05
5.416329E+03	2.820822E-04	2.348128E-05
5.416527E+03	2.820404E-04	2.347720E-05
5.416725E+03	2.818346E-04	2.345947E-05
5.416923E+03	2.822064E-04	2.348983E-05
5.417122E+03	2.832867E-04	2.357915E-05
5.417320E+03	2.844326E-04	2.367394E-05
5.417518E+03	2.848700E-04	2.370974E-05
5.417716E+03	2.846078E-04	2.368732E-05
5.417913E+03	2.840926E-04	2.364385E-05
5.418112E+03	2.837589E-04	2.361547E-05
5.418310E+03	2.834996E-04	2.359330E-05
5.418507E+03	2.832282E-04	2.357012E-05
5.418705E+03	2.829897E-04	2.354967E-05
5.418903E+03	2.827243E-04	2.352699E-05
5.419101E+03	2.825481E-04	2.351174E-05
5.419299E+03	2.820623E-04	2.347071E-05
5.419497E+03	2.817013E-04	2.344007E-05
5.419695E+03	2.822163E-04	2.348233E-05
5.419893E+03	2.830859E-04	2.355409E-05
5.420091E+03	2.835207E-04	2.358967E-05
5.420289E+03	2.835619E-04	2.359250E-05
5.420488E+03	2.837763E-04	2.360974E-05
5.420686E+03	2.840381E-04	2.363092E-05
5.420884E+03	2.842644E-04	2.364914E-05
5.421083E+03	2.850808E-04	2.371646E-05
5.421281E+03	2.860733E-04	2.379841E-05
5.421479E+03	2.864845E-04	2.383202E-05
5.421677E+03	2.862189E-04	2.380932E-05
5.421875E+03	2.857476E-04	2.376950E-05
5.422073E+03	2.856815E-04	2.376340E-05
5.422271E+03	2.864059E-04	2.382305E-05
5.422469E+03	2.876256E-04	2.392389E-05
5.422667E+03	2.886483E-04	2.400835E-05
5.422865E+03	2.892658E-04	2.405909E-05
5.423063E+03	2.898443E-04	2.410659E-05
5.423261E+03	2.902919E-04	2.414320E-05
5.423459E+03	2.907661E-04	2.418202E-05
5.423657E+03	2.909152E-04	2.419380E-05
5.423855E+03	2.907839E-04	2.418226E-05
5.424053E+03	2.911032E-04	2.420819E-05
5.424251E+03	2.915090E-04	2.424132E-05
5.424449E+03	2.914405E-04	2.423500E-05
5.424647E+03	2.911269E-04	2.420830E-05
5.424846E+03	2.910045E-04	2.419751E-05
5.425044E+03	2.911208E-04	2.420655E-05
5.425242E+03	2.913834E-04	2.422777E-05
5.425440E+03	2.910610E-04	2.420034E-05
5.425638E+03	2.904905E-04	2.415228E-05
5.425836E+03	2.903022E-04	2.413600E-05
5.426034E+03	2.903170E-04	2.413661E-05
5.426232E+03	2.905466E-04	2.415508E-05
5.426430E+03	2.906570E-04	2.416364E-05
5.426628E+03	2.904387E-04	2.414487E-05
5.426826E+03	2.901607E-04	2.412113E-05
5.427025E+03	2.902861E-04	2.413094E-05
5.427223E+03	2.905188E-04	2.414966E-05
5.427421E+03	2.904708E-04	2.414504E-05
5.427619E+03	2.905184E-04	2.414837E-05
5.427817E+03	2.905061E-04	2.414673E-05
5.428015E+03	2.900874E-04	2.411130E-05
5.428213E+03	2.898658E-04	2.409227E-05
5.428411E+03	2.898118E-04	2.408715E-05
5.428609E+03	2.895483E-04	2.406463E-05
5.428808E+03	2.891325E-04	2.402945E-05
5.429006E+03	2.891947E-04	2.403400E-05
5.429204E+03	2.894126E-04	2.405148E-05
5.429402E+03	2.892806E-04	2.403989E-05
5.429600E+03	2.891484E-04	2.402828E-05
5.429798E+03	2.891091E-04	2.402439E-05
5.429996E+03	2.890847E-04	2.402174E-05
5.430194E+03	2.891948E-04	2.403027E-05
5.430392E+03	2.894666E-04	2.405222E-05
5.430589E+03	2.898488E-04	2.408336E-05
5.430787E+03	2.899502E-04	2.409116E-05
5.430985E+03	2.897911E-04	2.407732E-05
5.431184E+03	2.901975E-04	2.411045E-05
5.431381E+03	2.906158E-04	2.414457E-05
5.431579E+03	2.904478E-04	2.412999E-05
5.431777E+03	2.900402E-04	2.409550E-05
5.431975E+03	2.900188E-04	2.409309E-05
5.432173E+03	2.904611E-04	2.412921E-05
5.432371E+03	2.908199E-04	2.415839E-05
5.432570E+03	2.908762E-04	2.416243E-05
5.432768E+03	2.906092E-04	2.413963E-05
5.432966E+03	2.904709E-04	2.412751E-05
5.433164E+03	2.906261E-04	2.413976E-05
5.433362E+03	2.906554E-04	2.414157E-05
5.433560E+03	2.904183E-04	2.412124E-05
5.433759E+03	2.903189E-04	2.411235E-05
5.433957E+03	2.903543E-04	2.411466E-05
5.434155E+03	2.903386E-04	2.411273E-05
5.434353E+03	2.907214E-04	2.414388E-05
5.434551E+03	2.911101E-04	2.417554E-05
5.434749E+03	2.909507E-04	2.416167E-05
5.434947E+03	2.909560E-04	2.416147E-05
5.435145E+03	2.916654E-04	2.421975E-05
5.435343E+03	2.922911E-04	2.427106E-05
5.435541E+03	2.924883E-04	2.428680E-05
5.435739E+03	2.929312E-04	2.432294E-05
5.435937E+03	2.932962E-04	2.435260E-05
5.436135E+03	2.930588E-04	2.433226E-05
5.436333E+03	2.931542E-04	2.433953E-05
5.436532E+03	2.934205E-04	2.436100E-05
5.436730E+03	2.934468E-04	2.436254E-05
5.436928E+03	2.935992E-04	2.437455E-05
5.437126E+03	2.937995E-04	2.439054E-05
5.437324E+03	2.940147E-04	2.440777E-05
5.437522E+03	2.942420E-04	2.442599E-05
5.437720E+03	2.947813E-04	2.447011E-05
5.437918E+03	2.955125E-04	2.453016E-05
5.438116E+03	2.958839E-04	2.456035E-05
5.438314E+03	2.956045E-04	2.453650E-05
5.438512E+03	2.950970E-04	2.449373E-05
5.438710E+03	2.945295E-04	2.444598E-05
5.438908E+03	2.942017E-04	2.441813E-05
5.439106E+03	2.940541E-04	2.440523E-05
5.439304E+03	2.938645E-04	2.438884E-05
5.439502E+03	2.936657E-04	2.437170E-05
5.439700E+03	2.938900E-04	2.438967E-05
5.439898E+03	2.943274E-04	2.442532E-05
5.440096E+03	2.944258E-04	2.443284E-05
5.440295E+03	2.945152E-04	2.443961E-05
5.440494E+03	2.944995E-04	2.443766E-05
5.440692E+03	2.944448E-04	2.443247E-05
5.440890E+03	2.943628E-04	2.442502E-05
5.441088E+03	2.942120E-04	2.441186E-05
5.441286E+03	2.945506E-04	2.443930E-05
5.441484E+03	2.952734E-04	2.449862E-05
5.441682E+03	2.960565E-04	2.456293E-05
5.441880E+03	2.965002E-04	2.459909E-05
5.442078E+03	2.969501E-04	2.463576E-05
5.442276E+03	2.976823E-04	2.469585E-05
5.442474E+03	2.982374E-04	2.474124E-05
5.442671E+03	2.985222E-04	2.476421E-05
5.442869E+03	2.989210E-04	2.479663E-05
5.443067E+03	2.994283E-04	2.483805E-05
5.443266E+03	2.999354E-04	2.487945E-05
5.443463E+03	3.000793E-04	2.489072E-05
5.443661E+03	2.998384E-04	2.487007E-05
5.443859E+03	2.998349E-04	2.486911E-05
5.444057E+03	3.002609E-04	2.490379E-05
5.444256E+03	3.006182E-04	2.493275E-05
5.444454E+03	3.002118E-04	2.489838E-05
5.444652E+03	2.996461E-04	2.485080E-05
5.444850E+03	2.990834E-04	2.480346E-05
5.445048E+03	2.990256E-04	2.479800E-05
5.445246E+03	2.998246E-04	2.486360E-05
5.445444E+03	3.008915E-04	2.495140E-05
5.445642E+03	3.014832E-04	2.499980E-05
5.445840E+03	3.018646E-04	2.503075E-05
5.446038E+03	3.020956E-04	2.504923E-05
5.446236E+03	3.022063E-04	2.505774E-05
5.446434E+03	3.027984E-04	2.510616E-05
5.446632E+03	3.036312E-04	2.517453E-05
5.446831E+03	3.040129E-04	2.520549E-05
5.447029E+03	3.040334E-04	2.520651E-05
5.447227E+03	3.045054E-04	2.524496E-05
5.447425E+03	3.051278E-04	2.529588E-05
5.447623E+03	3.055696E-04	2.533183E-05
5.447821E+03	3.054399E-04	2.532039E-05
5.448019E+03	3.049489E-04	2.527900E-05
5.448218E+03	3.046083E-04	2.525009E-05
5.448416E+03	3.047192E-04	2.525860E-05
5.448614E+03	3.054322E-04	2.531702E-05
5.448812E+03	3.057538E-04	2.534299E-05
5.449010E+03	3.054133E-04	2.531407E-05
5.449208E+03	3.049822E-04	2.527766E-05
5.449406E+03	3.049725E-04	2.527618E-05
5.449604E+03	3.053245E-04	2.530466E-05
5.449802E+03	3.061279E-04	2.537056E-05
5.450000E+03	3.067508E-04	2.542149E-05
5.450198E+03	3.068015E-04	2.542500E-05
5.450396E+03	3.072137E-04	2.545847E-05
5.450594E+03	3.078066E-04	2.550691E-05
5.450792E+03	3.080081E-04	2.552292E-05
5.450990E+03	3.082397E-04	2.554141E-05
5.451188E+03	3.088026E-04	2.558736E-05
5.451386E+03	3.092753E-04	2.562583E-05
5.451584E+03	3.093562E-04	2.563183E-05
5.451782E+03	3.091660E-04	2.561538E-05
5.451981E+03	3.092771E-04	2.562388E-05
5.452179E+03	3.098704E-04	2.567234E-05
5.452377E+03	3.107652E-04	2.574576E-05
5.452575E+03	3.112683E-04	2.578674E-05
5.452773E+03	3.105656E-04	2.572783E-05
5.452971E+03	3.096820E-04	2.565393E-05
5.453169E+03	3.095520E-04	2.564245E-05
5.453367E+03	3.099344E-04	2.567343E-05
5.453566E+03	3.105581E-04	2.572439E-05
5.453764E+03	3.116343E-04	2.581282E-05
5.453962E+03	3.126200E-04	2.589376E-05
5.454160E+03	3.127614E-04	2.590476E-05
5.454358E+03	3.125109E-04	2.588330E-05
5.454556E+03	3.121696E-04	2.585433E-05
5.454753E+03	3.118888E-04	2.583037E-05
5.454951E+03	3.118793E-04	2.582887E-05
5.455149E+03	3.120207E-04	2.583987E-05
5.455348E+03	3.121621E-04	2.585087E-05
5.455546E+03	3.122734E-04	2.585937E-05
5.455743E+03	3.123242E-04	2.586287E-05
5.455942E+03	3.124355E-04	2.587137E-05
5.456140E+03	3.126675E-04	2.588987E-05
5.456338E+03	3.129598E-04	2.591337E-05
5.456536E+03	3.132823E-04	2.593935E-05
5.456734E+03	3.136350E-04	2.596785E-05
5.456932E+03	3.138671E-04	2.598634E-05
5.457130E+03	3.139180E-04	2.598984E-05
5.457328E+03	3.139690E-04	2.599334E-05
5.457526E+03	3.141104E-04	2.600433E-05
5.457724E+03	3.147350E-04	2.605532E-05
5.457922E+03	3.157824E-04	2.614131E-05
5.458120E+03	3.167393E-04	2.621980E-05
5.458318E+03	3.169717E-04	2.623831E-05
5.458516E+03	3.169019E-04	2.623180E-05
5.458714E+03	3.170738E-04	2.624531E-05
5.458912E+03	3.169435E-04	2.623380E-05
5.459110E+03	3.165113E-04	2.619730E-05
5.459308E+03	3.163811E-04	2.618579E-05
5.459506E+03	3.167342E-04	2.621429E-05
5.459705E+03	3.172082E-04	2.625279E-05
5.459903E+03	3.173498E-04	2.626378E-05
5.460102E+03	3.171593E-04	2.624728E-05
5.460300E+03	3.168173E-04	2.621825E-05
5.460498E+03	3.163244E-04	2.617674E-05
5.460696E+03	3.164357E-04	2.618522E-05
5.460894E+03	3.173027E-04	2.625623E-05
5.461092E+03	3.175654E-04	2.627723E-05
5.461290E+03	3.168303E-04	2.621568E-05
5.461488E+03	3.158837E-04	2.613662E-05
5.461686E+03	3.155113E-04	2.610508E-05
5.461884E+03	3.158039E-04	2.612856E-05
5.462082E+03	3.163085E-04	2.616958E-05
5.462280E+03	3.166314E-04	2.619557E-05
5.462478E+03	3.165916E-04	2.619154E-05
5.462676E+03	3.164004E-04	2.617499E-05
5.462874E+03	3.165118E-04	2.618348E-05
5.463072E+03	3.165626E-04	2.618695E-05
5.463270E+03	3.163714E-04	2.617040E-05
5.463468E+03	3.164224E-04	2.617388E-05
5.463667E+03	3.162613E-04	2.615982E-05
5.463865E+03	3.153137E-04	2.608071E-05
5.464063E+03	3.143962E-04	2.600409E-05
5.464261E+03	3.149007E-04	2.604509E-05
5.464459E+03	3.161922E-04	2.615117E-05
5.464657E+03	3.171508E-04	2.622972E-05
5.464855E+03	3.172016E-04	2.623318E-05
5.465053E+03	3.166772E-04	2.618908E-05
5.465251E+03	3.161227E-04	2.614248E-05
5.465449E+03	3.154772E-04	2.608837E-05
5.465647E+03	3.148012E-04	2.603174E-05
5.465845E+03	3.147914E-04	2.603019E-05
5.466043E+03	3.153264E-04	2.607370E-05
5.466241E+03	3.159523E-04	2.612471E-05
5.466439E+03	3.168204E-04	2.619575E-05
5.466636E+03	3.171741E-04	2.622426E-05
5.466836E+03	3.169220E-04	2.620267E-05
5.467033E+03	3.169120E-04	2.620111E-05
5.467231E+03	3.170839E-04	2.621458E-05
5.467430E+03	3.169528E-04	2.620300E-05
5.467629E+03	3.165492E-04	2.616889E-05
5.467827E+03	3.160848E-04	2.612976E-05
5.468024E+03	3.159234E-04	2.611568E-05
5.468222E+03	3.157921E-04	2.610408E-05
5.468420E+03	3.158427E-04	2.610753E-05
5.468618E+03	3.157115E-04	2.609594E-05
5.468816E+03	3.150953E-04	2.604427E-05
5.469014E+03	3.155094E-04	2.607776E-05
5.469212E+03	3.168935E-04	2.619141E-05
5.469410E+03	3.176108E-04	2.624995E-05
5.469608E+03	3.178736E-04	2.627093E-05
5.469806E+03	3.181365E-04	2.629190E-05
5.470004E+03	3.179446E-04	2.627530E-05
5.470202E+03	3.180862E-04	2.628625E-05
5.470400E+03	3.186825E-04	2.633478E-05
5.470598E+03	3.191879E-04	2.637579E-05
5.470796E+03	3.192082E-04	2.637672E-05
5.470994E+03	3.186828E-04	2.633255E-05
5.471192E+03	3.182785E-04	2.629840E-05
5.471391E+03	3.183291E-04	2.630183E-05
5.471787E+03	3.184302E-04	2.630868E-05
5.471985E+03	3.184807E-04	2.631209E-05
5.472183E+03	3.181977E-04	2.628796E-05
5.472381E+03	3.179145E-04	2.626381E-05
5.472579E+03	3.174492E-04	2.622462E-05
5.472777E+03	3.171355E-04	2.619796E-05
5.472975E+03	3.176411E-04	2.623897E-05
5.473173E+03	3.182681E-04	2.629001E-05
5.473372E+03	3.186222E-04	2.631851E-05
5.473570E+03	3.188851E-04	2.633946E-05
5.473768E+03	3.190875E-04	2.635542E-05
5.473966E+03	3.192594E-04	2.636886E-05
5.474164E+03	3.196439E-04	2.639986E-05
5.474362E+03	3.199069E-04	2.642082E-05
5.474956E+03	3.198762E-04	2.641601E-05
5.475154E+03	3.195623E-04	2.638933E-05
5.475353E+03	3.192788E-04	2.636515E-05
5.475551E+03	3.189648E-04	2.633846E-05
5.475749E+03	3.185901E-04	2.630677E-05
5.475947E+03	3.190354E-04	2.634277E-05
5.476145E+03	3.200880E-04	2.642893E-05
5.476343E+03	3.204119E-04	2.645490E-05
5.476541E+03	3.202801E-04	2.644326E-05
5.476739E+03	3.199660E-04	2.641656E-05
5.476937E+03	3.193785E-04	2.636729E-05
5.477135E+03	3.193073E-04	2.636065E-05
5.477333E+03	3.195400E-04	2.637910E-05
5.477531E+03	3.196511E-04	2.638751E-05
5.477729E+03	3.197319E-04	2.639341E-05
5.477927E+03	3.195695E-04	2.637924E-05
5.478125E+03	3.190729E-04	2.633748E-05
5.478323E+03	3.184545E-04	2.628567E-05
5.478521E+03	3.185959E-04	2.629658E-05
5.478719E+03	3.194670E-04	2.636771E-05
5.478916E+03	3.201861E-04	2.642630E-05
5.479115E+03	3.206924E-04	2.646732E-05
5.479314E+03	3.204996E-04	2.645063E-05
5.479512E+03	3.200027E-04	2.640885E-05
5.479710E+03	3.200225E-04	2.640972E-05
5.479909E+03	3.203162E-04	2.643318E-05
5.480106E+03	3.205489E-04	2.645162E-05
5.480304E+03	3.208426E-04	2.647508E-05
5.480502E+03	3.208017E-04	2.647094E-05
5.480700E+03	3.206391E-04	2.645675E-05
5.480898E+03	3.209936E-04	2.648522E-05
5.481096E+03	3.216218E-04	2.653628E-05
5.481294E+03	3.224936E-04	2.660743E-05
5.481492E+03	3.228787E-04	2.663843E-05
5.481690E+03	3.222292E-04	2.658406E-05
5.481888E+03	3.217624E-04	2.654477E-05
5.482086E+03	3.218127E-04	2.654814E-05
5.482284E+03	3.220759E-04	2.656907E-05
5.482482E+03	3.219132E-04	2.655488E-05
5.482680E+03	3.212633E-04	2.650049E-05
5.482878E+03	3.208875E-04	2.646871E-05
5.483077E+03	3.205419E-04	2.643943E-05
5.483275E+03	3.199223E-04	2.638755E-05
5.483473E+03	3.195463E-04	2.635576E-05
5.483671E+03	3.195051E-04	2.635159E-05
5.483869E+03	3.197987E-04	2.637502E-05
5.484067E+03	3.206405E-04	2.644367E-05
5.484265E+03	3.213606E-04	2.650228E-05
5.484463E+03	3.214413E-04	2.650815E-05
5.484859E+03	3.211760E-04	2.648471E-05
5.485057E+03	3.212871E-04	2.649309E-05
5.485255E+03	3.214590E-04	2.650648E-05
5.485453E+03	3.215091E-04	2.650983E-05
5.485651E+03	3.215897E-04	2.651569E-05
5.485849E+03	3.212743E-04	2.648890E-05
5.486047E+03	3.208978E-04	2.645707E-05
5.486245E+03	3.207650E-04	2.644534E-05
5.486443E+03	3.215160E-04	2.650647E-05
5.486642E+03	3.222365E-04	2.656509E-05
5.486840E+03	3.221342E-04	2.655586E-05
5.487039E+03	3.225197E-04	2.658685E-05
5.487237E+03	3.231490E-04	2.663793E-05
5.487435E+03	3.234733E-04	2.666388E-05
5.487633E+03	3.240722E-04	2.671245E-05
5.487831E+03	3.247931E-04	2.677108E-05
5.488029E+03	3.252701E-04	2.680959E-05
5.488227E+03	3.253204E-04	2.681294E-05
5.488425E+03	3.249436E-04	2.678110E-05
5.488623E+03	3.249939E-04	2.678444E-05
5.488821E+03	3.261723E-04	2.688076E-05
5.489019E+03	3.274730E-04	2.698714E-05
5.489613E+03	3.273493E-04	2.697454E-05
5.489811E+03	3.264846E-04	2.690248E-05
5.490009E+03	3.254365E-04	2.681531E-05
5.490207E+03	3.245409E-04	2.674072E-05
5.490603E+03	3.246717E-04	2.674989E-05
5.490802E+03	3.245997E-04	2.674316E-05
5.491000E+03	3.238868E-04	2.668362E-05
5.491197E+03	3.238452E-04	2.667941E-05
5.491396E+03	3.244752E-04	2.673050E-05
5.491594E+03	3.248913E-04	2.676398E-05
5.491792E+03	3.246057E-04	2.673965E-05
5.491989E+03	3.245031E-04	2.673039E-05
5.492187E+03	3.248583E-04	2.675885E-05
5.492385E+03	3.245725E-04	2.673450E-05
5.492583E+03	3.241646E-04	2.670010E-05
5.492781E+03	3.247031E-04	2.674365E-05
5.492979E+03	3.261576E-04	2.686264E-05
5.493178E+03	3.267878E-04	2.691373E-05
5.493376E+03	3.257080E-04	2.682399E-05
5.493574E+03	3.248724E-04	2.675437E-05
5.493772E+03	3.254415E-04	2.680043E-05
5.493970E+03	3.263772E-04	2.687667E-05
5.494168E+03	3.270076E-04	2.692777E-05
5.494366E+03	3.274243E-04	2.696127E-05
5.494564E+03	3.271077E-04	2.693438E-05
5.494763E+03	3.259662E-04	2.683958E-05
5.494961E+03	3.253441E-04	2.678754E-05
5.495159E+03	3.245691E-04	2.672293E-05
5.495357E+03	3.241301E-04	2.668597E-05
5.495555E+03	3.242104E-04	2.669177E-05
5.495753E+03	3.247492E-04	2.673532E-05
5.495951E+03	3.251963E-04	2.677132E-05
5.496149E+03	3.248794E-04	2.674442E-05
5.496347E+03	3.245625E-04	2.671752E-05
5.496545E+03	3.248262E-04	2.673841E-05
5.496743E+03	3.255791E-04	2.679958E-05
5.496941E+03	3.268517E-04	2.690351E-05
5.497139E+03	3.277575E-04	2.697725E-05
5.497337E+03	3.276852E-04	2.697047E-05
5.497535E+03	3.270014E-04	2.691337E-05
5.497733E+03	3.269290E-04	2.690660E-05
5.497931E+03	3.280796E-04	2.700047E-05
5.498129E+03	3.284049E-04	2.702641E-05
5.498327E+03	3.277820E-04	2.697433E-05
5.498526E+03	3.265167E-04	2.686938E-05
5.498724E+03	3.261994E-04	2.684246E-05
5.498922E+03	3.261881E-04	2.684070E-05
5.499120E+03	3.259320E-04	2.681881E-05
5.499318E+03	3.256452E-04	2.679439E-05
5.499516E+03	3.248689E-04	2.672970E-05
5.499714E+03	3.241537E-04	2.667004E-05
5.499913E+03	3.239586E-04	2.665316E-05
5.500111E+03	3.232126E-04	2.659097E-05
5.500309E+03	3.224666E-04	2.652878E-05
5.500507E+03	3.224243E-04	2.652449E-05
5.500705E+03	3.227186E-04	2.654789E-05
5.500903E+03	3.230742E-04	2.657632E-05
5.501101E+03	3.232154E-04	2.658712E-05
5.501299E+03	3.227447E-04	2.654758E-05
5.501497E+03	3.218757E-04	2.647529E-05
5.501695E+03	3.218639E-04	2.647350E-05
5.501893E+03	3.227399E-04	2.654474E-05
5.502091E+03	3.230650E-04	2.657065E-05
5.502289E+03	3.223490E-04	2.651095E-05
5.502488E+03	3.212654E-04	2.642102E-05
5.502686E+03	3.202734E-04	2.633863E-05
5.502884E+03	3.196797E-04	2.628899E-05
5.503082E+03	3.193919E-04	2.626451E-05
5.503279E+03	3.188592E-04	2.621990E-05
5.503478E+03	3.178058E-04	2.613246E-05
5.503676E+03	3.177018E-04	2.612310E-05
5.503874E+03	3.175362E-04	2.610868E-05
5.504071E+03	3.166663E-04	2.603635E-05
5.504269E+03	3.164703E-04	2.601943E-05
5.504467E+03	3.158146E-04	2.596471E-05
5.504665E+03	3.155264E-04	2.594022E-05
5.504863E+03	3.156365E-04	2.594846E-05
5.505061E+03	3.155935E-04	2.594412E-05
5.505259E+03	3.152440E-04	2.591459E-05
5.505457E+03	3.150477E-04	2.589764E-05
5.505655E+03	3.153110E-04	2.591849E-05
5.505853E+03	3.157584E-04	2.595445E-05
5.506051E+03	3.156234E-04	2.594254E-05
5.506250E+03	3.152429E-04	2.591047E-05
5.506449E+03	3.151385E-04	2.590108E-05
5.506647E+03	3.150955E-04	2.589673E-05
5.506845E+03	3.147151E-04	2.586466E-05
5.507043E+03	3.143038E-04	2.583005E-05
5.507241E+03	3.134939E-04	2.576269E-05
5.507439E+03	3.129906E-04	2.572053E-05
5.507637E+03	3.129779E-04	2.571868E-05
5.507835E+03	3.130265E-04	2.572187E-05
5.508033E+03	3.129218E-04	2.571246E-05
5.508231E+03	3.126023E-04	2.568541E-05
5.508429E+03	3.124670E-04	2.567348E-05
5.508627E+03	3.121473E-04	2.564641E-05
5.508825E+03	3.117357E-04	2.561179E-05
5.509023E+03	3.117228E-04	2.560993E-05
5.509221E+03	3.118327E-04	2.561815E-05
5.509419E+03	3.120959E-04	2.563897E-05
5.509617E+03	3.124513E-04	2.566736E-05
5.509815E+03	3.130827E-04	2.571843E-05
5.510013E+03	3.141133E-04	2.580227E-05
5.510212E+03	3.141925E-04	2.580797E-05
5.510410E+03	3.137194E-04	2.576829E-05
5.510608E+03	3.129392E-04	2.570340E-05
5.510806E+03	3.116679E-04	2.559818E-05
5.511004E+03	3.108569E-04	2.553076E-05
5.511202E+03	3.110894E-04	2.554905E-05
5.511400E+03	3.111683E-04	2.555473E-05
5.511598E+03	3.113089E-04	2.556546E-05
5.511796E+03	3.111422E-04	2.555097E-05
5.511994E+03	3.105458E-04	2.550118E-05
5.512192E+03	3.101641E-04	2.546904E-05
5.512390E+03	3.102739E-04	2.547724E-05
5.512588E+03	3.106599E-04	2.550813E-05
5.512786E+03	3.103397E-04	2.548104E-05
5.512985E+03	3.099272E-04	2.544636E-05
5.513183E+03	3.096684E-04	2.542430E-05
5.513381E+03	3.092251E-04	2.538710E-05
5.513579E+03	3.085360E-04	2.532972E-05
5.513777E+03	3.082155E-04	2.530261E-05
5.513975E+03	3.091546E-04	2.537889E-05
5.514174E+03	3.096021E-04	2.541482E-05
5.514372E+03	3.090664E-04	2.537005E-05
5.514570E+03	3.102207E-04	2.546398E-05
5.514768E+03	3.116823E-04	2.558314E-05
5.514966E+03	3.130826E-04	2.569727E-05
5.515164E+03	3.130081E-04	2.569033E-05
5.515362E+03	3.123495E-04	2.563546E-05
5.515560E+03	3.137502E-04	2.574959E-05
5.515758E+03	3.145361E-04	2.581327E-05
5.515956E+03	3.139082E-04	2.576092E-05
5.516153E+03	3.149403E-04	2.584479E-05
5.516351E+03	3.157879E-04	2.591352E-05
5.516550E+03	3.152829E-04	2.587125E-05
5.516747E+03	3.147163E-04	2.582394E-05
5.516945E+03	3.152566E-04	2.586745E-05
5.517143E+03	3.153357E-04	2.587311E-05
5.517341E+03	3.153533E-04	2.587372E-05
5.517539E+03	3.162628E-04	2.594751E-05
5.517737E+03	3.171414E-04	2.601876E-05
5.517936E+03	3.179587E-04	2.608498E-05
5.518134E+03	3.182532E-04	2.610830E-05
5.518332E+03	3.175020E-04	2.604584E-05
5.518530E+03	3.166890E-04	2.597831E-05
5.518728E+03	3.161221E-04	2.593097E-05
5.518926E+03	3.153706E-04	2.586850E-05
5.519124E+03	3.149266E-04	2.583125E-05
5.519322E+03	3.152209E-04	2.585455E-05
5.519520E+03	3.151461E-04	2.584759E-05
5.519719E+03	3.155329E-04	2.587847E-05
5.519917E+03	3.150580E-04	2.583869E-05
5.520115E+03	3.147677E-04	2.581405E-05
5.520313E+03	3.152467E-04	2.585250E-05
5.520511E+03	3.149563E-04	2.582785E-05
5.520709E+03	3.150046E-04	2.583097E-05
5.520907E+03	3.163147E-04	2.593756E-05
5.521105E+03	3.166092E-04	2.596088E-05
5.521303E+03	3.161957E-04	2.592613E-05
5.521898E+03	3.169869E-04	2.598848E-05
5.522096E+03	3.184208E-04	2.610520E-05
5.522294E+03	3.190542E-04	2.615627E-05
5.522888E+03	3.195379E-04	2.619338E-05
5.523086E+03	3.200481E-04	2.623435E-05
5.523284E+03	3.205585E-04	2.627533E-05
5.524076E+03	3.207212E-04	2.628524E-05
5.524274E+03	3.205230E-04	2.626814E-05
5.524472E+03	3.204482E-04	2.626115E-05
5.524868E+03	3.208220E-04	2.629007E-05
5.525066E+03	3.212402E-04	2.632348E-05
5.525264E+03	3.211035E-04	2.631142E-05
5.525462E+03	3.205663E-04	2.626654E-05
5.525661E+03	3.202755E-04	2.624185E-05
5.525859E+03	3.200463E-04	2.622221E-05
5.526057E+03	3.199095E-04	2.621015E-05
5.526256E+03	3.201428E-04	2.622840E-05
5.526454E+03	3.200369E-04	2.621886E-05
5.526652E+03	3.196842E-04	2.618911E-05
5.526850E+03	3.198558E-04	2.620231E-05
5.527048E+03	3.201507E-04	2.622560E-05
5.527246E+03	3.200446E-04	2.621605E-05
5.527444E+03	3.197228E-04	2.618883E-05
5.527641E+03	3.195859E-04	2.617676E-05
5.527840E+03	3.193255E-04	2.615457E-05
5.528038E+03	3.192811E-04	2.615007E-05
5.528235E+03	3.195452E-04	2.617084E-05
5.528433E+03	3.197166E-04	2.618402E-05
5.528631E+03	3.200115E-04	2.620730E-05
5.528829E+03	3.207074E-04	2.626343E-05
5.529027E+03	3.214034E-04	2.631956E-05
5.529225E+03	3.216983E-04	2.634284E-05
5.529622E+03	3.221342E-04	2.637678E-05
5.529820E+03	3.227994E-04	2.643038E-05
5.530018E+03	3.229401E-04	2.644103E-05
5.530216E+03	3.228649E-04	2.643399E-05
5.530414E+03	3.230675E-04	2.644970E-05
5.530612E+03	3.233934E-04	2.647551E-05
5.530810E+03	3.236268E-04	2.649374E-05
5.531008E+03	3.237676E-04	2.650438E-05
5.531206E+03	3.237850E-04	2.650493E-05
5.531404E+03	3.239875E-04	2.652062E-05
5.531602E+03	3.240666E-04	2.652621E-05
5.531800E+03	3.235899E-04	2.648631E-05
5.531998E+03	3.230515E-04	2.644137E-05
5.532196E+03	3.227600E-04	2.641663E-05
5.532394E+03	3.218508E-04	2.634134E-05
5.532592E+03	3.207253E-04	2.624835E-05
5.532791E+03	3.192910E-04	2.613009E-05
5.532989E+03	3.176404E-04	2.599414E-05
5.533187E+03	3.159275E-04	2.585311E-05
5.533385E+03	3.145546E-04	2.573990E-05
5.533584E+03	3.133047E-04	2.563677E-05
5.533782E+03	3.121167E-04	2.553870E-05
5.533980E+03	3.109594E-04	2.544315E-05
5.534178E+03	3.098947E-04	2.535519E-05
5.534376E+03	3.088514E-04	2.526898E-05
5.534574E+03	3.078821E-04	2.518884E-05
5.534772E+03	3.069652E-04	2.511298E-05
5.534970E+03	3.068640E-04	2.510386E-05
5.535168E+03	3.072480E-04	2.513443E-05
5.535366E+03	3.080183E-04	2.519660E-05
5.535564E+03	3.072804E-04	2.513540E-05
5.535762E+03	3.072936E-04	2.513563E-05
5.535960E+03	3.082310E-04	2.521146E-05
5.536158E+03	3.084976E-04	2.523242E-05
5.536356E+03	3.091043E-04	2.528119E-05
5.536554E+03	3.105858E-04	2.540150E-05
5.536752E+03	3.109732E-04	2.543233E-05
5.536950E+03	3.101856E-04	2.536707E-05
5.537148E+03	3.096454E-04	2.532203E-05
5.537347E+03	3.088455E-04	2.525577E-05
5.537545E+03	3.081443E-04	2.519758E-05
5.537743E+03	3.082532E-04	2.520563E-05
5.537941E+03	3.074499E-04	2.513910E-05
5.538139E+03	3.064888E-04	2.505967E-05
5.538337E+03	3.058028E-04	2.500273E-05
5.538535E+03	3.061621E-04	2.503126E-05
5.538733E+03	3.070442E-04	2.510253E-05
5.538931E+03	3.066086E-04	2.506607E-05
5.539129E+03	3.073485E-04	2.512571E-05
5.539327E+03	3.082061E-04	2.519496E-05
5.539526E+03	3.076158E-04	2.514585E-05
5.539724E+03	3.090489E-04	2.526214E-05
5.539922E+03	3.113887E-04	2.545253E-05
5.540120E+03	3.117144E-04	2.547829E-05
5.540317E+03	3.108023E-04	2.540288E-05
5.540515E+03	3.109422E-04	2.541345E-05
5.540713E+03	3.110513E-04	2.542151E-05
5.540912E+03	3.106651E-04	2.538907E-05
5.541109E+03	3.119503E-04	2.549324E-05
5.541308E+03	3.136997E-04	2.563533E-05
5.541506E+03	3.156043E-04	2.579009E-05
5.541704E+03	3.160230E-04	2.582343E-05
5.541902E+03	3.152344E-04	2.575812E-05
5.542100E+03	3.156534E-04	2.579147E-05
5.542298E+03	3.172176E-04	2.591839E-05
5.542496E+03	3.177914E-04	2.596438E-05
5.542694E+03	3.169718E-04	2.589654E-05
5.542892E+03	3.167095E-04	2.587423E-05
5.543090E+03	3.165401E-04	2.585950E-05
5.543288E+03	3.155655E-04	2.577900E-05
5.543486E+03	3.145288E-04	2.569343E-05
5.543684E+03	3.134300E-04	2.560279E-05
5.543882E+03	3.134463E-04	2.560324E-05
5.544080E+03	3.135862E-04	2.561379E-05
5.544278E+03	3.133236E-04	2.559146E-05
5.544476E+03	3.141142E-04	2.565516E-05
5.544674E+03	3.160201E-04	2.580994E-05
5.544872E+03	3.169037E-04	2.588121E-05
5.545071E+03	3.167651E-04	2.586900E-05
5.545269E+03	3.172771E-04	2.590992E-05
5.545467E+03	3.178822E-04	2.595844E-05
5.545665E+03	3.170617E-04	2.589055E-05
5.545863E+03	3.157455E-04	2.578218E-05
5.546062E+03	3.147390E-04	2.569911E-05
5.554734E+03	2.916810E-04	2.377825E-05
5.594345E+03	2.956359E-04	2.392416E-05
5.633955E+03	2.991681E-04	2.400320E-05
5.673565E+03	3.022876E-04	2.404450E-05
5.713175E+03	3.050416E-04	2.401548E-05
5.752786E+03	3.074390E-04	2.395416E-05
5.792396E+03	3.095375E-04	2.382960E-05
5.832006E+03	3.113432E-04	2.367883E-05
5.871616E+03	3.129189E-04	2.347593E-05
5.911227E+03	3.142639E-04	2.325266E-05
5.950837E+03	3.154435E-04	2.299217E-05
5.990447E+03	3.164494E-04	2.271656E-05
6.030057E+03	3.173513E-04	2.242288E-05
6.069667E+03	3.181353E-04	2.211890E-05
6.109278E+03	3.188744E-04	2.182054E-05
6.148888E+03	3.195502E-04	2.151623E-05
6.188498E+03	3.202465E-04	2.124629E-05
6.228108E+03	3.209503E-04	2.097542E-05
6.267719E+03	3.217614E-04	2.077299E-05
6.307329E+03	3.226701E-04	2.057546E-05
6.346939E+03	3.237861E-04	2.048336E-05
6.386549E+03	3.250988E-04	2.040245E-05
6.426160E+03	3.267064E-04	2.045689E-05
6.465770E+03	3.285561E-04	2.052598E-05
6.505380E+03	3.307213E-04	2.071681E-05
6.544990E+03	3.331485E-04	2.092483E-05
6.584601E+03	3.359013E-04	2.122283E-05
6.624211E+03	3.389218E-04	2.153991E-05
6.663821E+03	3.422629E-04	2.191464E-05
6.703431E+03	3.458711E-04	2.230979E-05
6.743041E+03	3.498029E-04	2.273363E-05
6.782652E+03	3.540165E-04	2.317976E-05
6.822262E+03	3.585577E-04	2.362967E-05
6.861872E+03	3.633674E-04	2.410126E-05
6.901482E+03	3.684633E-04	2.455300E-05
6.941093E+03	3.737731E-04	2.502221E-05
6.980703E+03	3.792964E-04	2.545000E-05
7.020313E+03	3.849615E-04	2.588902E-05
7.059923E+03	3.907739E-04	2.626985E-05
7.099534E+03	3.966865E-04	2.665711E-05
7.139144E+03	4.027128E-04	2.697641E-05
7.178754E+03	4.088282E-04	2.729911E-05
7.218364E+03	4.150612E-04	2.755203E-05
7.257975E+03	4.214056E-04	2.780743E-05
7.297585E+03	4.278806E-04	2.799807E-05
7.337195E+03	4.344863E-04	2.819007E-05
7.376805E+03	4.412441E-04	2.833024E-05
7.416415E+03	4.481886E-04	2.847318E-05
7.456026E+03	4.553512E-04	2.858862E-05
7.495636E+03	4.627705E-04	2.870937E-05
7.535246E+03	4.704433E-04	2.883486E-05
7.574856E+03	4.783735E-04	2.896459E-05
7.614467E+03	4.864656E-04	2.913476E-05
7.654077E+03	4.946310E-04	2.929871E-05
7.693687E+03	5.026462E-04	2.953681E-05
7.733297E+03	5.104012E-04	2.975226E-05
7.772908E+03	5.175951E-04	3.007650E-05
7.812518E+03	5.241514E-04	3.036119E-05
7.852128E+03	5.296996E-04	3.075291E-05
7.891738E+03	5.342445E-04	3.108769E-05
7.931349E+03	5.375236E-04	3.147027E-05
7.970959E+03	5.396679E-04	3.178827E-05
8.010569E+03	5.405506E-04	3.209674E-05
8.050179E+03	5.404127E-04	3.234487E-05
8.089789E+03	5.392354E-04	3.254155E-05
8.129400E+03	5.373359E-04	3.269306E-05
8.169010E+03	5.347663E-04	3.276961E-05
8.208620E+03	5.318972E-04	3.282537E-05
8.248230E+03	5.288085E-04	3.280003E-05
8.287841E+03	5.258498E-04	3.278082E-05
8.327451E+03	5.230643E-04	3.268248E-05
8.367061E+03	5.207423E-04	3.261235E-05
8.406671E+03	5.188597E-04	3.246645E-05
8.446282E+03	5.176369E-04	3.236201E-05
8.485892E+03	5.169725E-04	3.218285E-05
8.525502E+03	5.170257E-04	3.204853E-05
8.565112E+03	5.176469E-04	3.183943E-05
8.604723E+03	5.189557E-04	3.167170E-05
8.644333E+03	5.207589E-04	3.142977E-05
8.683943E+03	5.231566E-04	3.122085E-05
8.723553E+03	5.259379E-04	3.094309E-05
8.763163E+03	5.292115E-04	3.068914E-05
8.802774E+03	5.327564E-04	3.038055E-05
8.842384E+03	5.366844E-04	3.008649E-05
8.881994E+03	5.407219E-04	2.976029E-05
8.921604E+03	5.449413E-04	2.943550E-05
8.961215E+03	5.490104E-04	2.910896E-05
9.000825E+03	5.529712E-04	2.876846E-05
9.040435E+03	5.564169E-04	2.846462E-05
9.080045E+03	5.593692E-04	2.812972E-05
9.119656E+03	5.614319E-04	2.787287E-05
9.159266E+03	5.628267E-04	2.758040E-05
9.198876E+03	5.634839E-04	2.737423E-05
9.238486E+03	5.636445E-04	2.714340E-05
9.278097E+03	5.633747E-04	2.697688E-05
9.317707E+03	5.627707E-04	2.679447E-05
9.357317E+03	5.620210E-04	2.666040E-05
9.396927E+03	5.610498E-04	2.651605E-05
9.436537E+03	5.601627E-04	2.641729E-05
9.476148E+03	5.591497E-04	2.631274E-05
9.515758E+03	5.584861E-04	2.627302E-05
9.555368E+03	5.578425E-04	2.623424E-05
9.594978E+03	5.578290E-04	2.630191E-05
9.634589E+03	5.579571E-04	2.637629E-05
9.674199E+03	5.589667E-04	2.661743E-05
9.713809E+03	5.602093E-04	2.687042E-05
9.753419E+03	5.625711E-04	2.736455E-05
9.793030E+03	5.652452E-04	2.787710E-05
9.832640E+03	5.692442E-04	2.870221E-05
9.872250E+03	5.736222E-04	2.955508E-05
9.911857E+03	5.793772E-04	3.071037E-05
9.951468E+03	5.855705E-04	3.190549E-05
9.991078E+03	5.930608E-04	3.334149E-05
1.003069E+04	6.009938E-04	3.482732E-05
1.007030E+04	6.100926E-04	3.649274E-05
1.010991E+04	6.195854E-04	3.821406E-05
1.014952E+04	6.300654E-04	4.005768E-05
1.018913E+04	6.408497E-04	4.195828E-05
1.022874E+04	6.524064E-04	4.392791E-05
1.026835E+04	6.641520E-04	4.595053E-05
1.030796E+04	6.764344E-04	4.799236E-05
1.034757E+04	6.888380E-04	5.008314E-05
1.038718E+04	7.018649E-04	5.217108E-05
1.042679E+04	7.154395E-04	5.433985E-05
1.046640E+04	7.298567E-04	5.650155E-05
1.050601E+04	7.450453E-04	5.876329E-05
1.054562E+04	7.610870E-04	6.100338E-05
1.058523E+04	7.779735E-04	6.335070E-05
1.062484E+04	7.955589E-04	6.565133E-05
1.066445E+04	8.139555E-04	6.805591E-05
1.070406E+04	8.328660E-04	7.038786E-05
1.074367E+04	8.525566E-04	7.281866E-05
1.078328E+04	8.725122E-04	7.514754E-05
1.082289E+04	8.931584E-04	7.756352E-05
1.086250E+04	9.137783E-04	7.984744E-05
1.090211E+04	9.350130E-04	8.220668E-05
1.094172E+04	9.558954E-04	8.440486E-05
1.098133E+04	9.771948E-04	8.665523E-05
1.102094E+04	9.975522E-04	8.869777E-05
1.106055E+04	1.017859E-03	9.074517E-05
1.110016E+04	1.036392E-03	9.252349E-05
1.113977E+04	1.054268E-03	9.424756E-05
1.117938E+04	1.069433E-03	9.564079E-05
1.121900E+04	1.083265E-03	9.691596E-05
1.125861E+04	1.093385E-03	9.780333E-05
1.129822E+04	1.101500E-03	9.851104E-05
1.133783E+04	1.104942E-03	9.878760E-05
1.137744E+04	1.105777E-03	9.883104E-05
1.141705E+04	1.101083E-03	9.841589E-05
1.145666E+04	1.093332E-03	9.772759E-05
1.149627E+04	1.079613E-03	9.657053E-05
1.153588E+04	1.062787E-03	9.513372E-05
1.157549E+04	1.040854E-03	9.330265E-05
1.161510E+04	1.016900E-03	9.128494E-05
1.165471E+04	9.897794E-04	8.904403E-05
1.169432E+04	9.620561E-04	8.673880E-05
1.173393E+04	9.329942E-04	8.437615E-05
1.177354E+04	9.044855E-04	8.204860E-05
1.181315E+04	8.759868E-04	7.979194E-05
1.185276E+04	8.486776E-04	7.762403E-05
1.189237E+04	8.222182E-04	7.561435E-05
1.193198E+04	7.972198E-04	7.371504E-05
1.197159E+04	7.735352E-04	7.203093E-05
1.201120E+04	7.512833E-04	7.045227E-05
1.205081E+04	7.304948E-04	6.911885E-05
1.209042E+04	7.108655E-04	6.786347E-05
1.213003E+04	6.926434E-04	6.686361E-05
1.216964E+04	6.751963E-04	6.590317E-05
1.220925E+04	6.589646E-04	6.517824E-05
1.224886E+04	6.431220E-04	6.445280E-05
1.228847E+04	6.281867E-04	6.389842E-05
1.232808E+04	6.133684E-04	6.331408E-05
1.236769E+04	5.991986E-04	6.283922E-05
1.240730E+04	5.850856E-04	6.232627E-05
1.244691E+04	5.716465E-04	6.189561E-05
1.248652E+04	5.584408E-04	6.144585E-05
1.252613E+04	5.460573E-04	6.107236E-05
1.256574E+04	5.341035E-04	6.070482E-05
1.260535E+04	5.230925E-04	6.041287E-05
1.264496E+04	5.126520E-04	6.014913E-05
1.268457E+04	5.032292E-04	5.996204E-05
1.272418E+04	4.944832E-04	5.982377E-05
1.276379E+04	4.868192E-04	5.976731E-05
1.280340E+04	4.799272E-04	5.978067E-05
1.284301E+04	4.741718E-04	5.988378E-05
1.288262E+04	4.692514E-04	6.007471E-05
1.292224E+04	4.654785E-04	6.036036E-05
1.296185E+04	4.625702E-04	6.074771E-05
1.300146E+04	4.608097E-04	6.123454E-05
1.304107E+04	4.599176E-04	6.183306E-05
1.308068E+04	4.601385E-04	6.253129E-05
1.312029E+04	4.611814E-04	6.334335E-05
1.315990E+04	4.632347E-04	6.424525E-05
1.319951E+04	4.659863E-04	6.525057E-05
1.323912E+04	4.695932E-04	6.632674E-05
1.327873E+04	4.737466E-04	6.748960E-05
1.331834E+04	4.785744E-04	6.869847E-05
1.335795E+04	4.837482E-04	6.996789E-05
1.339756E+04	4.893583E-04	7.124810E-05
1.343717E+04	4.950563E-04	7.255185E-05
1.347678E+04	5.009027E-04	7.382178E-05
1.351639E+04	5.065661E-04	7.507412E-05
1.355600E+04	5.121253E-04	7.625169E-05
1.359561E+04	5.172780E-04	7.737598E-05
1.363522E+04	5.221204E-04	7.839094E-05
1.367483E+04	5.263775E-04	7.932291E-05
1.371444E+04	5.301638E-04	8.011814E-05
1.375405E+04	5.332371E-04	8.080839E-05
1.379366E+04	5.357174E-04	8.134121E-05
1.383327E+04	5.373838E-04	8.175154E-05
1.387288E+04	5.383747E-04	8.199123E-05
1.391249E+04	5.385305E-04	8.210385E-05
1.395210E+04	5.380296E-04	8.204977E-05
1.399171E+04	5.367558E-04	8.187771E-05
1.403132E+04	5.349045E-04	8.155384E-05
1.407093E+04	5.323840E-04	8.112834E-05
1.411054E+04	5.293887E-04	8.057102E-05
1.415015E+04	5.258475E-04	7.993198E-05
1.418976E+04	5.219568E-04	7.918574E-05
1.422937E+04	5.176627E-04	7.838093E-05
1.426898E+04	5.131622E-04	7.749704E-05
1.430859E+04	5.084227E-04	7.658095E-05
1.434820E+04	5.036355E-04	7.561665E-05
1.438781E+04	4.987729E-04	7.464598E-05
1.442742E+04	4.940254E-04	7.365858E-05
1.446703E+04	4.893933E-04	7.269401E-05
1.450664E+04	4.850590E-04	7.174681E-05
1.454625E+04	4.810100E-04	7.084745E-05
1.458587E+04	4.773987E-04	6.999279E-05
1.462548E+04	4.742053E-04	6.920444E-05
1.466509E+04	4.715560E-04	6.848281E-05
1.470470E+04	4.694117E-04	6.783838E-05
1.474431E+04	4.678746E-04	6.727642E-05
1.478392E+04	4.668988E-04	6.679747E-05
1.482353E+04	4.665557E-04	6.641171E-05
1.486314E+04	4.667752E-04	6.610662E-05
1.490275E+04	4.675982E-04	6.589867E-05
1.494236E+04	4.689469E-04	6.576377E-05
1.498197E+04	4.708495E-04	6.572863E-05
1.502158E+04	4.732406E-04	6.575935E-05
1.506119E+04	4.761641E-04	6.589814E-05
1.510080E+04	4.795688E-04	6.610037E-05
1.514041E+04	4.834816E-04	6.642043E-05
1.518002E+04	4.878552E-04	6.680035E-05
1.521963E+04	4.927151E-04	6.730962E-05
1.525924E+04	4.980165E-04	6.787622E-05
1.529885E+04	5.037165E-04	6.856700E-05
1.533846E+04	5.097089E-04	6.929570E-05
1.537807E+04	5.158464E-04	7.011289E-05
1.541768E+04	5.220294E-04	7.093590E-05
1.545729E+04	5.280654E-04	7.180675E-05
1.549690E+04	5.338815E-04	7.264878E-05
1.553651E+04	5.392401E-04	7.349578E-05
1.557612E+04	5.441043E-04	7.427748E-05
1.561573E+04	5.482120E-04	7.502261E-05
1.565534E+04	5.516023E-04	7.567186E-05
1.569495E+04	5.540147E-04	7.625303E-05
1.573456E+04	5.555815E-04	7.671936E-05
1.577417E+04	5.560540E-04	7.709979E-05
1.581378E+04	5.556432E-04	7.735749E-05
1.585339E+04	5.540722E-04	7.751775E-05
1.589300E+04	5.516180E-04	7.755142E-05
1.593261E+04	5.479961E-04	7.748342E-05
1.597222E+04	5.435770E-04	7.729599E-05
1.601183E+04	5.380946E-04	7.701549E-05
1.605144E+04	5.319767E-04	7.663312E-05
1.609105E+04	5.250002E-04	7.617049E-05
1.613066E+04	5.175904E-04	7.563006E-05
1.617027E+04	5.095762E-04	7.502852E-05
1.620988E+04	5.013390E-04	7.437597E-05
1.624949E+04	4.927279E-04	7.368126E-05
1.628911E+04	4.840671E-04	7.295876E-05
1.632872E+04	4.752094E-04	7.220849E-05
1.636833E+04	4.664255E-04	7.144791E-05
1.640794E+04	4.575870E-04	7.067190E-05
1.644755E+04	4.489307E-04	6.990219E-05
1.648716E+04	4.403451E-04	6.912981E-05
1.652677E+04	4.320233E-04	6.837744E-05
1.656638E+04	4.238474E-04	6.762980E-05
1.660599E+04	4.159649E-04	6.690861E-05
1.664560E+04	4.082670E-04	6.619560E-05
1.668521E+04	4.008734E-04	6.551288E-05
1.672482E+04	3.936807E-04	6.483949E-05
1.676443E+04	3.867876E-04	6.419786E-05
1.680404E+04	3.801079E-04	6.356708E-05
1.684365E+04	3.737258E-04	6.297002E-05
1.688326E+04	3.675666E-04	6.238560E-05
1.692287E+04	3.617043E-04	6.183712E-05
1.696248E+04	3.560787E-04	6.130438E-05
1.700209E+04	3.507590E-04	6.081149E-05
1.704170E+04	3.457034E-04	6.034032E-05
1.708131E+04	3.409783E-04	5.991575E-05
1.712092E+04	3.365559E-04	5.952135E-05
1.716053E+04	3.324984E-04	5.918226E-05
1.720014E+04	3.287868E-04	5.888315E-05
1.723975E+04	3.254746E-04	5.864822E-05
1.727936E+04	3.225470E-04	5.846270E-05
1.731897E+04	3.200546E-04	5.835069E-05
1.735858E+04	3.179938E-04	5.829934E-05
1.739819E+04	3.164153E-04	5.833306E-05
1.743780E+04	3.153266E-04	5.844105E-05
1.747741E+04	3.147792E-04	5.864812E-05
1.751702E+04	3.147865E-04	5.894464E-05
1.755663E+04	3.153953E-04	5.935471E-05
1.759624E+04	3.166230E-04	5.986953E-05
1.763585E+04	3.185124E-04	6.051259E-05
1.767546E+04	3.210765E-04	6.127427E-05
1.771507E+04	3.243432E-04	6.217537E-05
1.775468E+04	3.283176E-04	6.320462E-05
1.779429E+04	3.330125E-04	6.437995E-05
1.783390E+04	3.384114E-04	6.568573E-05
1.787351E+04	3.444886E-04	6.713235E-05
1.791312E+04	3.511908E-04	6.869655E-05
1.795274E+04	3.584560E-04	7.038142E-05
1.799235E+04	3.661959E-04	7.215615E-05
1.803196E+04	3.743032E-04	7.401460E-05
1.807157E+04	3.826520E-04	7.591760E-05
1.811118E+04	3.910954E-04	7.785072E-05
1.815079E+04	3.994701E-04	7.976637E-05
1.819040E+04	4.075871E-04	8.164109E-05
1.823001E+04	4.152759E-04	8.342484E-05
1.826962E+04	4.223689E-04	8.509787E-05
1.830923E+04	4.287248E-04	8.661525E-05
1.834884E+04	4.342272E-04	8.796701E-05
1.838845E+04	4.387855E-04	8.911817E-05
1.842806E+04	4.423036E-04	9.006250E-05
1.846767E+04	4.447269E-04	9.077239E-05
1.850728E+04	4.460166E-04	9.125297E-05
1.854689E+04	4.461798E-04	9.148966E-05
1.858650E+04	4.452228E-04	9.149649E-05
1.862611E+04	4.431989E-04	9.126917E-05
1.866572E+04	4.401791E-04	9.083483E-05
1.870533E+04	4.362731E-04	9.020182E-05
1.874494E+04	4.315632E-04	8.939938E-05
1.878455E+04	4.261595E-04	8.843714E-05
1.882416E+04	4.201430E-04	8.734368E-05
1.886377E+04	4.136243E-04	8.612993E-05
1.890338E+04	4.066812E-04	8.482335E-05
1.894299E+04	3.994181E-04	8.343472E-05
1.898260E+04	3.918992E-04	8.198811E-05
1.902221E+04	3.842195E-04	8.049341E-05
1.906182E+04	3.764495E-04	7.897540E-05
1.910143E+04	3.686872E-04	7.744562E-05
1.914104E+04	3.609961E-04	7.592672E-05
1.918065E+04	3.534738E-04	7.443115E-05
1.922026E+04	3.461786E-04	7.297984E-05
1.925987E+04	3.391805E-04	7.158018E-05
1.929948E+04	3.324980E-04	7.024416E-05
1.933909E+04	3.261711E-04	6.897349E-05
1.937870E+04	3.201962E-04	6.777482E-05
1.941831E+04	3.145976E-04	6.664719E-05
1.945792E+04	3.093588E-04	6.559383E-05
1.949753E+04	3.044934E-04	6.461204E-05
1.953714E+04	2.999752E-04	6.370240E-05
1.957675E+04	2.958111E-04	6.286124E-05
1.961636E+04	2.919692E-04	6.208740E-05
1.965598E+04	2.884517E-04	6.137659E-05
1.969559E+04	2.852176E-04	6.072524E-05
1.973520E+04	2.822603E-04	6.012755E-05
1.977481E+04	2.795285E-04	5.957728E-05
1.981442E+04	2.770114E-04	5.906808E-05
1.985403E+04	2.746549E-04	5.859266E-05
1.989364E+04	2.724500E-04	5.814543E-05
1.993325E+04	2.703442E-04	5.771900E-05
1.997286E+04	2.683316E-04	5.730878E-05
2.001247E+04	2.663578E-04	5.690657E-05
2.005208E+04	2.644217E-04	5.650919E-05
2.009169E+04	2.624739E-04	5.610910E-05
2.013130E+04	2.605211E-04	5.570513E-05
2.017091E+04	2.585146E-04	5.528948E-05
2.021052E+04	2.564653E-04	5.486233E-05
2.025013E+04	2.543270E-04	5.441598E-05
2.028974E+04	2.521204E-04	5.395309E-05
2.032935E+04	2.498050E-04	5.346677E-05
2.036896E+04	2.474098E-04	5.296190E-05
2.040857E+04	2.448981E-04	5.243195E-05
2.044818E+04	2.423065E-04	5.188391E-05
2.048779E+04	2.396002E-04	5.131114E-05
2.052740E+04	2.368227E-04	5.072262E-05
2.056701E+04	2.339401E-04	5.011144E-05
2.060662E+04	2.310019E-04	4.948828E-05
2.064623E+04	2.279753E-04	4.884603E-05
2.068584E+04	2.249175E-04	4.819750E-05
2.072545E+04	2.217967E-04	4.753531E-05
2.076506E+04	2.186736E-04	4.687344E-05
2.080467E+04	2.155127E-04	4.620329E-05
2.084428E+04	2.123811E-04	4.554065E-05
2.088389E+04	2.092476E-04	4.487740E-05
2.092350E+04	2.061914E-04	4.423238E-05
2.096311E+04	2.031830E-04	4.359730E-05
2.100272E+04	2.003023E-04	4.299172E-05
2.104233E+04	1.975113E-04	4.240503E-05
2.108194E+04	1.948894E-04	4.185702E-05
2.112155E+04	1.923913E-04	4.133523E-05
2.116116E+04	1.900914E-04	4.085820E-05
2.120077E+04	1.879468E-04	4.041415E-05
2.124038E+04	1.860235E-04	4.001949E-05
2.127999E+04	1.842790E-04	3.966293E-05
2.131961E+04	1.827566E-04	3.935565E-05
2.135922E+04	1.813927E-04	3.908216E-05
2.139883E+04	1.802040E-04	3.884759E-05
2.143844E+04	1.791239E-04	3.863618E-05
2.147805E+04	1.781622E-04	3.845120E-05
2.151766E+04	1.772573E-04	3.827825E-05
2.155727E+04	1.764188E-04	3.812027E-05
2.159688E+04	1.755949E-04	3.796525E-05
2.163649E+04	1.747959E-04	3.781598E-05
2.167610E+04	1.739785E-04	3.766251E-05
2.171571E+04	1.731548E-04	3.750784E-05
2.175532E+04	1.722894E-04	3.734392E-05
2.179493E+04	1.713947E-04	3.717355E-05
2.183454E+04	1.704412E-04	3.699018E-05
2.187415E+04	1.694425E-04	3.679674E-05
2.191376E+04	1.683775E-04	3.658860E-05
2.195337E+04	1.672632E-04	3.636928E-05
2.199298E+04	1.660871E-04	3.613622E-05
2.203259E+04	1.648687E-04	3.589333E-05
2.207220E+04	1.636007E-04	3.563932E-05
2.211181E+04	1.623026E-04	3.537797E-05
2.215142E+04	1.609708E-04	3.510896E-05
2.219103E+04	1.596252E-04	3.483610E-05
2.223064E+04	1.582665E-04	3.456002E-05
2.227025E+04	1.569140E-04	3.428440E-05
2.230986E+04	1.555700E-04	3.401029E-05
2.234947E+04	1.542506E-04	3.374063E-05
2.238908E+04	1.529566E-04	3.347621E-05
2.242869E+04	1.516987E-04	3.321872E-05
2.246830E+04	1.504760E-04	3.296867E-05
2.250791E+04	1.492956E-04	3.272692E-05
2.254752E+04	1.481560E-04	3.249384E-05
2.258713E+04	1.470636E-04	3.227020E-05
2.262674E+04	1.460189E-04	3.205679E-05
2.266635E+04	1.450269E-04	3.185403E-05
2.270596E+04	1.440870E-04	3.166253E-05
2.274557E+04	1.432028E-04	3.148239E-05
2.278518E+04	1.423746E-04	3.131437E-05
2.282479E+04	1.416060E-04	3.115863E-05
2.286440E+04	1.409001E-04	3.101654E-05
2.290401E+04	1.402609E-04	3.088834E-05
2.294362E+04	1.396926E-04	3.077565E-05
2.298323E+04	1.391989E-04	3.067861E-05
2.302285E+04	1.387838E-04	3.059883E-05
2.306246E+04	1.384494E-04	3.053613E-05
2.310207E+04	1.381992E-04	3.049196E-05
2.314168E+04	1.380339E-04	3.046586E-05
2.318129E+04	1.379564E-04	3.045911E-05
2.322090E+04	1.379668E-04	3.047114E-05
2.326051E+04	1.380689E-04	3.050343E-05
2.330012E+04	1.382625E-04	3.055536E-05
2.333973E+04	1.385517E-04	3.062846E-05
2.337934E+04	1.389363E-04	3.072211E-05
2.341895E+04	1.394205E-04	3.083782E-05
2.345856E+04	1.400036E-04	3.097491E-05
2.349817E+04	1.406914E-04	3.113525E-05
2.353778E+04	1.414842E-04	3.131835E-05
2.357739E+04	1.423862E-04	3.152573E-05
2.361700E+04	1.433950E-04	3.175631E-05
2.365661E+04	1.445136E-04	3.201132E-05
2.369622E+04	1.457391E-04	3.228961E-05
2.373583E+04	1.470739E-04	3.259224E-05
2.377544E+04	1.485133E-04	3.291769E-05
2.381505E+04	1.500594E-04	3.326691E-05
2.385466E+04	1.517060E-04	3.363805E-05
2.389427E+04	1.534541E-04	3.403186E-05
2.393388E+04	1.552984E-04	3.444665E-05
2.397349E+04	1.572404E-04	3.488327E-05
2.401310E+04	1.592739E-04	3.533987E-05
2.405271E+04	1.614007E-04	3.581732E-05
2.409232E+04	1.636137E-04	3.631360E-05
2.413193E+04	1.659135E-04	3.682931E-05
2.417154E+04	1.682924E-04	3.736228E-05
2.421115E+04	1.707499E-04	3.791284E-05
2.425076E+04	1.730958E-04	3.843372E-05
