#wls	flux	fluxerr
3.289393E+03	6.745436E-19	4.428383E-20
3.329393E+03	7.067029E-19	4.561986E-20
3.369393E+03	7.409184E-19	4.701611E-20
3.409393E+03	7.773065E-19	4.847313E-20
3.449393E+03	8.161635E-19	5.007637E-20
3.489393E+03	8.574533E-19	5.174870E-20
3.529393E+03	9.012915E-19	5.348973E-20
3.569393E+03	9.479922E-19	5.542022E-20
3.609393E+03	9.974447E-19	5.742665E-20
3.649393E+03	1.049731E-18	5.950641E-20
3.689393E+03	1.105130E-18	6.181704E-20
3.729393E+03	1.163524E-18	6.421011E-20
3.769393E+03	1.224966E-18	6.668184E-20
3.809393E+03	1.289489E-18	6.940409E-20
3.849393E+03	1.357137E-18	7.221392E-20
3.889393E+03	1.427966E-18	7.510859E-20
3.929393E+03	1.501846E-18	7.826231E-20
3.969393E+03	1.579013E-18	8.151400E-20
4.009393E+03	1.659524E-18	8.486171E-20
4.049393E+03	1.743184E-18	8.846188E-20
4.089393E+03	1.830259E-18	9.216911E-20
4.129393E+03	1.920788E-18	9.598149E-20
4.169393E+03	2.014520E-18	1.000289E-19
4.209393E+03	2.111740E-18	1.041893E-19
4.249393E+03	2.212464E-18	1.084603E-19
4.289393E+03	2.316373E-18	1.129407E-19
4.329393E+03	2.423768E-18	1.175352E-19
4.369393E+03	2.534638E-18	1.222405E-19
4.409393E+03	2.648575E-18	1.271245E-19
4.449393E+03	2.765893E-18	1.321175E-19
4.489393E+03	2.886536E-18	1.372145E-19
4.529393E+03	3.009987E-18	1.424581E-19
4.569393E+03	3.136557E-18	1.477974E-19
4.609393E+03	3.266123E-18	1.532248E-19
4.649393E+03	3.398026E-18	1.587684E-19
4.689393E+03	3.532552E-18	1.643841E-19
4.729393E+03	3.669480E-18	1.700601E-19
4.769393E+03	3.807962E-18	1.758255E-19
4.809393E+03	3.948237E-18	1.816258E-19
4.849393E+03	4.089959E-18	1.874444E-19
4.889393E+03	4.232164E-18	1.933343E-19
4.929393E+03	4.375246E-18	1.992220E-19
4.969393E+03	4.518946E-18	2.050953E-19
5.009393E+03	4.662232E-18	2.110217E-19
5.049393E+03	4.805469E-18	2.169104E-19
5.089393E+03	4.948294E-18	2.227450E-19
5.129393E+03	5.089605E-18	2.285053E-19
5.169393E+03	5.229626E-18	2.341743E-19
5.209393E+03	5.367884E-18	2.397315E-19
5.249393E+03	5.503262E-18	2.450460E-19
5.289393E+03	5.635816E-18	2.501990E-19
5.329393E+03	5.765000E-18	2.551675E-19
5.369393E+03	5.889740E-18	2.597242E-19
5.409393E+03	6.009965E-18	2.640415E-19
5.449393E+03	6.125123E-18	2.680975E-19
5.489393E+03	6.234278E-18	2.715978E-19
5.529393E+03	6.337306E-18	2.747875E-19
5.569393E+03	6.433739E-18	2.776501E-19
5.609393E+03	6.522905E-18	2.798667E-19
5.649393E+03	6.604708E-18	2.817243E-19
5.689393E+03	6.678873E-18	2.832168E-19
5.729393E+03	6.745098E-18	2.840520E-19
5.769393E+03	6.803388E-18	2.845163E-19
5.809393E+03	6.853736E-18	2.846163E-19
5.849393E+03	6.896278E-18	2.841427E-19
5.889393E+03	6.931154E-18	2.833278E-19
5.929393E+03	6.958644E-18	2.821903E-19
5.969393E+03	6.979333E-18	2.806607E-19
6.009393E+03	6.993474E-18	2.788556E-19
6.049393E+03	7.001606E-18	2.768030E-19
6.089393E+03	7.004717E-18	2.746258E-19
6.129393E+03	7.003114E-18	2.722630E-19
6.169393E+03	6.997531E-18	2.697475E-19
6.209393E+03	6.989294E-18	2.674388E-19
6.249393E+03	6.978688E-18	2.650447E-19
6.289393E+03	6.966573E-18	2.625995E-19
6.300005E+03	7.460036E-18	2.807114E-19
6.300404E+03	7.456694E-18	2.805673E-19
6.301204E+03	7.450718E-18	2.803057E-19
6.301404E+03	7.451527E-18	2.803271E-19
6.301604E+03	7.443835E-18	2.800287E-19
6.301804E+03	7.447477E-18	2.801566E-19
6.302204E+03	7.454052E-18	2.803859E-19
6.302604E+03	7.464880E-18	2.807751E-19
6.302804E+03	7.461438E-18	2.806366E-19
6.303004E+03	7.465788E-18	2.807913E-19
6.303204E+03	7.466598E-18	2.808127E-19
6.303404E+03	7.471657E-18	2.809939E-19
6.303605E+03	7.480968E-18	2.813351E-19
6.303805E+03	7.473985E-18	2.810634E-19
6.304005E+03	7.460626E-18	2.805521E-19
6.304205E+03	7.460727E-18	2.805469E-19
6.304405E+03	7.449492E-18	2.801154E-19
6.304605E+03	7.447468E-18	2.800304E-19
6.304805E+03	7.458196E-18	2.804248E-19
6.305005E+03	7.463257E-18	2.806061E-19
6.305205E+03	7.463357E-18	2.806009E-19
6.305405E+03	7.463459E-18	2.805958E-19
6.305605E+03	7.460726E-18	2.804841E-19
6.305805E+03	7.462953E-18	2.805589E-19
6.306005E+03	7.471556E-18	2.808734E-19
6.306205E+03	7.480161E-18	2.811879E-19
6.306405E+03	7.490891E-18	2.815823E-19
6.306605E+03	7.495244E-18	2.817370E-19
6.306805E+03	7.485427E-18	2.813590E-19
6.307605E+03	7.478748E-18	2.810723E-19
6.307805E+03	7.470347E-18	2.807476E-19
6.308005E+03	7.459110E-18	2.803165E-19
6.308205E+03	7.458504E-18	2.802848E-19
6.308405E+03	7.455063E-18	2.801466E-19
6.308606E+03	7.443826E-18	2.797155E-19
6.308806E+03	7.434007E-18	2.793377E-19
6.309006E+03	7.435526E-18	2.793860E-19
6.309206E+03	7.442715E-18	2.796472E-19
6.309406E+03	7.456991E-18	2.801748E-19
6.309606E+03	7.460636E-18	2.803029E-19
6.309806E+03	7.459322E-18	2.802447E-19
6.310006E+03	7.454463E-18	2.800533E-19
6.310206E+03	7.455982E-18	2.801016E-19
6.310406E+03	7.461046E-18	2.802830E-19
6.310606E+03	7.474616E-18	2.807839E-19
6.310806E+03	7.486767E-18	2.812316E-19
6.311006E+03	7.484035E-18	2.811201E-19
6.311206E+03	7.498314E-18	2.816477E-19
6.311406E+03	7.512593E-18	2.821751E-19
6.311606E+03	7.511988E-18	2.821436E-19
6.311806E+03	7.514217E-18	2.822185E-19
6.312006E+03	7.509360E-18	2.820272E-19
6.312206E+03	7.513716E-18	2.821820E-19
6.312405E+03	7.513111E-18	2.821505E-19
6.312605E+03	7.518177E-18	2.823319E-19
6.312806E+03	7.527496E-18	2.826730E-19
6.313006E+03	7.518384E-18	2.823220E-19
6.313205E+03	7.539046E-18	2.830891E-19
6.313405E+03	7.552619E-18	2.835899E-19
6.313606E+03	7.552725E-18	2.835850E-19
6.313806E+03	7.564881E-18	2.840326E-19
6.314006E+03	7.582001E-18	2.846665E-19
6.314206E+03	7.572181E-18	2.842890E-19
6.314406E+03	7.575830E-18	2.844172E-19
6.314806E+03	7.598727E-18	2.852591E-19
6.315006E+03	7.611594E-18	2.857332E-19
6.315206E+03	7.599648E-18	2.852759E-19
6.315406E+03	7.600463E-18	2.852977E-19
6.315606E+03	7.610494E-18	2.856654E-19
6.315806E+03	7.616272E-18	2.858734E-19
6.316006E+03	7.603616E-18	2.853895E-19
6.316206E+03	7.599467E-18	2.852250E-19
6.316406E+03	7.611627E-18	2.856725E-19
6.316606E+03	7.625915E-18	2.861999E-19
6.316806E+03	7.638784E-18	2.866741E-19
6.317006E+03	7.626836E-18	2.862169E-19
6.317206E+03	7.618434E-18	2.858928E-19
6.317406E+03	7.618540E-18	2.858879E-19
6.317606E+03	7.598792E-18	2.851381E-19
6.317806E+03	7.608117E-18	2.854792E-19
6.318006E+03	7.622406E-18	2.860066E-19
6.318206E+03	7.632440E-18	2.863743E-19
6.318607E+03	7.636200E-18	2.864977E-19
6.318807E+03	7.639144E-18	2.865994E-19
6.319007E+03	7.651307E-18	2.870469E-19
6.319207E+03	7.650705E-18	2.870156E-19
6.319407E+03	7.650104E-18	2.869842E-19
6.320007E+03	7.653263E-18	2.870764E-19
6.320207E+03	7.645570E-18	2.867791E-19
6.320407E+03	7.634329E-18	2.863487E-19
6.320607E+03	7.627344E-18	2.860780E-19
6.320807E+03	7.633125E-18	2.862861E-19
6.321007E+03	7.630396E-18	2.861750E-19
6.321207E+03	7.637596E-18	2.864363E-19
6.321407E+03	7.641250E-18	2.865647E-19
6.321607E+03	7.643487E-18	2.866398E-19
6.321807E+03	7.648560E-18	2.868214E-19
6.322007E+03	7.649377E-18	2.868433E-19
6.322207E+03	7.646648E-18	2.867322E-19
6.322407E+03	7.648175E-18	2.867808E-19
6.322607E+03	7.648992E-18	2.868028E-19
6.322807E+03	7.649810E-18	2.868247E-19
6.323007E+03	7.652756E-18	2.869265E-19
6.323207E+03	7.652155E-18	2.868953E-19
6.323408E+03	7.638076E-18	2.863587E-19
6.323608E+03	7.622578E-18	2.857691E-19
6.323808E+03	7.611335E-18	2.853390E-19
6.324008E+03	7.611443E-18	2.853344E-19
6.324208E+03	7.620774E-18	2.856756E-19
6.324408E+03	7.635781E-18	2.862295E-19
6.324608E+03	7.645821E-18	2.865973E-19
6.324807E+03	7.658701E-18	2.870715E-19
6.325007E+03	7.660229E-18	2.871201E-19
6.325208E+03	7.656081E-18	2.869559E-19
6.325408E+03	7.664703E-18	2.872705E-19
6.325607E+03	7.685389E-18	2.880372E-19
6.325807E+03	7.703236E-18	2.886974E-19
6.326007E+03	7.720375E-18	2.893311E-19
6.326207E+03	7.721904E-18	2.893797E-19
6.326407E+03	7.724143E-18	2.894549E-19
6.326607E+03	7.735606E-18	2.898759E-19
6.326807E+03	7.749908E-18	2.904031E-19
6.327007E+03	7.759953E-18	2.907708E-19
6.327207E+03	7.762903E-18	2.908727E-19
6.327407E+03	7.756628E-18	2.906289E-19
6.327607E+03	7.747514E-18	2.902787E-19
6.327807E+03	7.744787E-18	2.901679E-19
6.328007E+03	7.757670E-18	2.906420E-19
6.328207E+03	7.767717E-18	2.910097E-19
6.328408E+03	7.766409E-18	2.909520E-19
6.328608E+03	7.767231E-18	2.909742E-19
6.328808E+03	7.763794E-18	2.908367E-19
6.329008E+03	7.748293E-18	2.902475E-19
6.329208E+03	7.751242E-18	2.903493E-19
6.329408E+03	7.742838E-18	2.900259E-19
6.329608E+03	7.728045E-18	2.894633E-19
6.329808E+03	7.720349E-18	2.891665E-19
6.330008E+03	7.706976E-18	2.886570E-19
6.330208E+03	7.704248E-18	2.885463E-19
6.330408E+03	7.701520E-18	2.884356E-19
6.330608E+03	7.684597E-18	2.877933E-19
6.330808E+03	7.669093E-18	2.872042E-19
6.331008E+03	7.659976E-18	2.868543E-19
6.331208E+03	7.683510E-18	2.877272E-19
6.331408E+03	7.709884E-18	2.887063E-19
6.331608E+03	7.707867E-18	2.886223E-19
6.331808E+03	7.721464E-18	2.891229E-19
6.332008E+03	7.747840E-18	2.901020E-19
6.332208E+03	7.767828E-18	2.908419E-19
6.332408E+03	7.775749E-18	2.911299E-19
6.332608E+03	7.782250E-18	2.913648E-19
6.332808E+03	7.775265E-18	2.910948E-19
6.333008E+03	7.785316E-18	2.914625E-19
6.333208E+03	7.796787E-18	2.918835E-19
6.333409E+03	7.798320E-18	2.919323E-19
6.333609E+03	7.806953E-18	2.922469E-19
6.333809E+03	7.799967E-18	2.919769E-19
6.334009E+03	7.797241E-18	2.918663E-19
6.334209E+03	7.791675E-18	2.916495E-19
6.334409E+03	7.791078E-18	2.916186E-19
6.334609E+03	7.779832E-18	2.911892E-19
6.334809E+03	7.770716E-18	2.908395E-19
6.335009E+03	7.785739E-18	2.913933E-19
6.335209E+03	7.782303E-18	2.912563E-19
6.335409E+03	7.766086E-18	2.906409E-19
6.335609E+03	7.764779E-18	2.905836E-19
6.335809E+03	7.769863E-18	2.907654E-19
6.336009E+03	7.776367E-18	2.910004E-19
6.336209E+03	7.805593E-18	2.920856E-19
6.336409E+03	7.816358E-18	2.924799E-19
6.336609E+03	7.811502E-18	2.922898E-19
6.336809E+03	7.790314E-18	2.914886E-19
6.337008E+03	7.767704E-18	2.906342E-19
6.337208E+03	7.764268E-18	2.904973E-19
6.337408E+03	7.760831E-18	2.903603E-19
6.337609E+03	7.746742E-18	2.898248E-19
6.337809E+03	7.739045E-18	2.895285E-19
6.338008E+03	7.724956E-18	2.889931E-19
6.338208E+03	7.697373E-18	2.879530E-19
6.338409E+03	7.693936E-18	2.878161E-19
6.338609E+03	7.694759E-18	2.878386E-19
6.338809E+03	7.685640E-18	2.874893E-19
6.339009E+03	7.663027E-18	2.866352E-19
6.339209E+03	7.646805E-18	2.860202E-19
6.339409E+03	7.619929E-18	2.850068E-19
6.339609E+03	7.603706E-18	2.843919E-19
6.339809E+03	7.593165E-18	2.839895E-19
6.340009E+03	7.579072E-18	2.834543E-19
6.340209E+03	7.572081E-18	2.831848E-19
6.340409E+03	7.556567E-18	2.825965E-19
6.340609E+03	7.532529E-18	2.816896E-19
6.340809E+03	7.524116E-18	2.813669E-19
6.341009E+03	7.517125E-18	2.810975E-19
6.341209E+03	7.504451E-18	2.806156E-19
6.341409E+03	7.491776E-18	2.801336E-19
6.341609E+03	7.476259E-18	2.795455E-19
6.341809E+03	7.469267E-18	2.792761E-19
6.342009E+03	7.465826E-18	2.791396E-19
6.342209E+03	7.475882E-18	2.795077E-19
6.342409E+03	7.476703E-18	2.795304E-19
6.342809E+03	7.471952E-18	2.793370E-19
6.343009E+03	7.460697E-18	2.789084E-19
6.343210E+03	7.455125E-18	2.786922E-19
6.343410E+03	7.443158E-18	2.782369E-19
6.343610E+03	7.435454E-18	2.779412E-19
6.343810E+03	7.436275E-18	2.779640E-19
6.344010E+03	7.432123E-18	2.778010E-19
6.344210E+03	7.427261E-18	2.776114E-19
6.344410E+03	7.428793E-18	2.776609E-19
6.344610E+03	7.430324E-18	2.777103E-19
6.344810E+03	7.413384E-18	2.770694E-19
6.345010E+03	7.403546E-18	2.766940E-19
6.345210E+03	7.412894E-18	2.770356E-19
6.345410E+03	7.408031E-18	2.768461E-19
6.345610E+03	7.406010E-18	2.767628E-19
6.345810E+03	7.397594E-18	2.764406E-19
6.346010E+03	7.391310E-18	2.761981E-19
6.346210E+03	7.402789E-18	2.766193E-19
6.346410E+03	7.403611E-18	2.766423E-19
6.346610E+03	7.398037E-18	2.764263E-19
6.346810E+03	7.398859E-18	2.764493E-19
6.347010E+03	7.407497E-18	2.767644E-19
6.347210E+03	7.394817E-18	2.762829E-19
6.347410E+03	7.374319E-18	2.755095E-19
6.347610E+03	7.369455E-18	2.753201E-19
6.347810E+03	7.379515E-18	2.756883E-19
6.348010E+03	7.381048E-18	2.757379E-19
6.348211E+03	7.374763E-18	2.754955E-19
6.348411E+03	7.374874E-18	2.754920E-19
6.348611E+03	7.365746E-18	2.751434E-19
6.348811E+03	7.352354E-18	2.746355E-19
6.349011E+03	7.341092E-18	2.742073E-19
6.349211E+03	7.328410E-18	2.737261E-19
6.349410E+03	7.312173E-18	2.731121E-19
6.349610E+03	7.309440E-18	2.730025E-19
6.349810E+03	7.303865E-18	2.727868E-19
6.350011E+03	7.298289E-18	2.725710E-19
6.350211E+03	7.293424E-18	2.723818E-19
6.350410E+03	7.287137E-18	2.721396E-19
6.350610E+03	7.275163E-18	2.716849E-19
6.350810E+03	7.267454E-18	2.713896E-19
6.351010E+03	7.246949E-18	2.706165E-19
6.351210E+03	7.237108E-18	2.702416E-19
6.351410E+03	7.248591E-18	2.706630E-19
6.351610E+03	7.254388E-18	2.708721E-19
6.351810E+03	7.250943E-18	2.707360E-19
6.352010E+03	7.263849E-18	2.712105E-19
6.352210E+03	7.264671E-18	2.712338E-19
6.352410E+03	7.254828E-18	2.708589E-19
6.352610E+03	7.241431E-18	2.703514E-19
6.352810E+03	7.239408E-18	2.702685E-19
6.353010E+03	7.241651E-18	2.703449E-19
6.353211E+03	7.239629E-18	2.702621E-19
6.353411E+03	7.222676E-18	2.696219E-19
6.353611E+03	7.213543E-18	2.692736E-19
6.353811E+03	7.212943E-18	2.692439E-19
6.354011E+03	7.207364E-18	2.690284E-19
6.354211E+03	7.218851E-18	2.694499E-19
6.354411E+03	7.217538E-18	2.693936E-19
6.354611E+03	7.221915E-18	2.695497E-19
6.354811E+03	7.218470E-18	2.694139E-19
6.355011E+03	7.218581E-18	2.694107E-19
6.355211E+03	7.213713E-18	2.692218E-19
6.355411E+03	7.219513E-18	2.694310E-19
6.355611E+03	7.219622E-18	2.694279E-19
6.356011E+03	7.238332E-18	2.701116E-19
6.356211E+03	7.241288E-18	2.702146E-19
6.356611E+03	7.236531E-18	2.700227E-19
6.356811E+03	7.235932E-18	2.699931E-19
6.357011E+03	7.231775E-18	2.698308E-19
6.357211E+03	7.235442E-18	2.699604E-19
6.357411E+03	7.239820E-18	2.701165E-19
6.357611E+03	7.239221E-18	2.700870E-19
6.357811E+03	7.224397E-18	2.695267E-19
6.358012E+03	7.220242E-18	2.693645E-19
6.358212E+03	7.236711E-18	2.699717E-19
6.358412E+03	7.254603E-18	2.706320E-19
6.358612E+03	7.261827E-18	2.708943E-19
6.358812E+03	7.266918E-18	2.710770E-19
6.359012E+03	7.267741E-18	2.711006E-19
6.359212E+03	7.268565E-18	2.711241E-19
6.359412E+03	7.287171E-18	2.718109E-19
6.359612E+03	7.282304E-18	2.716222E-19
6.359812E+03	7.273881E-18	2.713009E-19
6.360012E+03	7.269014E-18	2.711122E-19
6.360212E+03	7.257745E-18	2.706847E-19
6.360412E+03	7.250744E-18	2.704165E-19
6.360612E+03	7.241608E-18	2.700687E-19
6.360812E+03	7.250257E-18	2.703841E-19
6.361012E+03	7.253215E-18	2.704873E-19
6.361212E+03	7.245501E-18	2.701926E-19
6.361412E+03	7.241345E-18	2.700305E-19
6.361611E+03	7.222961E-18	2.693379E-19
6.361811E+03	7.218805E-18	2.691759E-19
6.362011E+03	7.208245E-18	2.687751E-19
6.362212E+03	7.195552E-18	2.682948E-19
6.362412E+03	7.193528E-18	2.682123E-19
6.362611E+03	7.207158E-18	2.687135E-19
6.362811E+03	7.205848E-18	2.686577E-19
6.363012E+03	7.205249E-18	2.686283E-19
6.363212E+03	7.201804E-18	2.684929E-19
6.363412E+03	7.203338E-18	2.685431E-19
6.363612E+03	7.201316E-18	2.684607E-19
6.363812E+03	7.196448E-18	2.682723E-19
6.364612E+03	7.195475E-18	2.682082E-19
6.365412E+03	7.188097E-18	2.679055E-19
6.365612E+03	7.187497E-18	2.678763E-19
6.365812E+03	7.185475E-18	2.677940E-19
6.366012E+03	7.172066E-18	2.672874E-19
6.366212E+03	7.173601E-18	2.673377E-19
6.366412E+03	7.184389E-18	2.677329E-19
6.366612E+03	7.190195E-18	2.679424E-19
6.366812E+03	7.191732E-18	2.679928E-19
6.367212E+03	7.194092E-18	2.680670E-19
6.367412E+03	7.194206E-18	2.680644E-19
6.367612E+03	7.192896E-18	2.680087E-19
6.367812E+03	7.185891E-18	2.677409E-19
6.368013E+03	7.188852E-18	2.678444E-19
6.368213E+03	7.175442E-18	2.673379E-19
6.368413E+03	7.167013E-18	2.670171E-19
6.368613E+03	7.158584E-18	2.666963E-19
6.368813E+03	7.157274E-18	2.666407E-19
6.369013E+03	7.145997E-18	2.662138E-19
6.369213E+03	7.136144E-18	2.658400E-19
6.369413E+03	7.133410E-18	2.657314E-19
6.369613E+03	7.119997E-18	2.652251E-19
6.369813E+03	7.107510E-18	2.647532E-19
6.370013E+03	7.107551E-18	2.647481E-19
6.370213E+03	7.100188E-18	2.644671E-19
6.370413E+03	7.093964E-18	2.642287E-19
6.370613E+03	7.092867E-18	2.641811E-19
6.370813E+03	7.089918E-18	2.640647E-19
6.371013E+03	7.079849E-18	2.636830E-19
6.371213E+03	7.066933E-18	2.631953E-19
6.371413E+03	7.053732E-18	2.626971E-19
6.371613E+03	7.048290E-18	2.624878E-19
6.371813E+03	7.064350E-18	2.630794E-19
6.372013E+03	7.083971E-18	2.638035E-19
6.372213E+03	7.097825E-18	2.643128E-19
6.372613E+03	7.109088E-18	2.647190E-19
6.372813E+03	7.117389E-18	2.650215E-19
6.373014E+03	7.116007E-18	2.649634E-19
6.373214E+03	7.109214E-18	2.647038E-19
6.373414E+03	7.124993E-18	2.652848E-19
6.373614E+03	7.121546E-18	2.651498E-19
6.373814E+03	7.123084E-18	2.652005E-19
6.374014E+03	7.139576E-18	2.658080E-19
6.374213E+03	7.138978E-18	2.657791E-19
6.374413E+03	7.130545E-18	2.654586E-19
6.374614E+03	7.139206E-18	2.657744E-19
6.374814E+03	7.135047E-18	2.656130E-19
6.375014E+03	7.120277E-18	2.650567E-19
6.375213E+03	7.116046E-18	2.648927E-19
6.375413E+03	7.117371E-18	2.649355E-19
6.375613E+03	7.119692E-18	2.650154E-19
6.375813E+03	7.123510E-18	2.651509E-19
6.376013E+03	7.125761E-18	2.652282E-19
6.376213E+03	7.125163E-18	2.651995E-19
6.376413E+03	7.118440E-18	2.649427E-19
6.376613E+03	7.104879E-18	2.644315E-19
6.376813E+03	7.104495E-18	2.644108E-19
6.377013E+03	7.096845E-18	2.641196E-19
6.377213E+03	7.102870E-18	2.643374E-19
6.377413E+03	7.115093E-18	2.647858E-19
6.377613E+03	7.126676E-18	2.652104E-19
6.377814E+03	7.131778E-18	2.653938E-19
6.378014E+03	7.132605E-18	2.654181E-19
6.378214E+03	7.136282E-18	2.655485E-19
6.378414E+03	7.134259E-18	2.654668E-19
6.378614E+03	7.132237E-18	2.653851E-19
6.378814E+03	7.138764E-18	2.656215E-19
6.379014E+03	7.150990E-18	2.660700E-19
6.379214E+03	7.156092E-18	2.662534E-19
6.379414E+03	7.166181E-18	2.666223E-19
6.379614E+03	7.178408E-18	2.670708E-19
6.379814E+03	7.170687E-18	2.667771E-19
6.380014E+03	7.148717E-18	2.659533E-19
6.380214E+03	7.142421E-18	2.657127E-19
6.380414E+03	7.130424E-18	2.652600E-19
6.380614E+03	7.123201E-18	2.649850E-19
6.380814E+03	7.132080E-18	2.653089E-19
6.381014E+03	7.148584E-18	2.659164E-19
6.381214E+03	7.163662E-18	2.664710E-19
6.381414E+03	7.163066E-18	2.664424E-19
6.381614E+03	7.148932E-18	2.659103E-19
6.381814E+03	7.146910E-18	2.658288E-19
6.382014E+03	7.154865E-18	2.661183E-19
6.382214E+03	7.155693E-18	2.661428E-19
6.382414E+03	7.160797E-18	2.663263E-19
6.382614E+03	7.151650E-18	2.659798E-19
6.382815E+03	7.153193E-18	2.660308E-19
6.383015E+03	7.147608E-18	2.658168E-19
6.383215E+03	7.141311E-18	2.655763E-19
6.383415E+03	7.138576E-18	2.654683E-19
6.383615E+03	7.144394E-18	2.656784E-19
6.383815E+03	7.153776E-18	2.660210E-19
6.384015E+03	7.146765E-18	2.657540E-19
6.384215E+03	7.136904E-18	2.653811E-19
6.384415E+03	7.134170E-18	2.652732E-19
6.384615E+03	7.147115E-18	2.657483E-19
6.384815E+03	7.151509E-18	2.659054E-19
6.385015E+03	7.154476E-18	2.660094E-19
6.385215E+03	7.165284E-18	2.664051E-19
6.385415E+03	7.174668E-18	2.667477E-19
6.385615E+03	7.179775E-18	2.669313E-19
6.385815E+03	7.194148E-18	2.674594E-19
6.386015E+03	7.205670E-18	2.678815E-19
6.386215E+03	7.205076E-18	2.678532E-19
6.386415E+03	7.195214E-18	2.674804E-19
6.386614E+03	7.203886E-18	2.677965E-19
6.386815E+03	7.216835E-18	2.682716E-19
6.387015E+03	7.223370E-18	2.685083E-19
6.387215E+03	7.222063E-18	2.684535E-19
6.387414E+03	7.217192E-18	2.682662E-19
6.387614E+03	7.221588E-18	2.684234E-19
6.387815E+03	7.226697E-18	2.686071E-19
6.388015E+03	7.211132E-18	2.680224E-19
6.388215E+03	7.208399E-18	2.679146E-19
6.388415E+03	7.204240E-18	2.677539E-19
6.388615E+03	7.195804E-18	2.674341E-19
6.388815E+03	7.196635E-18	2.674589E-19
6.389015E+03	7.182495E-18	2.669272E-19
6.389215E+03	7.182613E-18	2.669255E-19
6.389815E+03	7.196516E-18	2.674238E-19
6.390015E+03	7.200200E-18	2.675546E-19
6.390215E+03	7.206737E-18	2.677914E-19
6.390415E+03	7.231099E-18	2.686905E-19
6.390615E+03	7.232645E-18	2.687418E-19
6.390815E+03	7.240609E-18	2.690316E-19
6.391015E+03	7.250712E-18	2.694009E-19
6.391215E+03	7.255824E-18	2.695847E-19
6.391415E+03	7.258084E-18	2.696625E-19
6.391615E+03	7.267475E-18	2.700053E-19
6.391815E+03	7.282572E-18	2.705601E-19
6.392015E+03	7.288398E-18	2.707704E-19
6.392215E+03	7.304921E-18	2.713781E-19
6.392415E+03	7.310035E-18	2.715620E-19
6.392615E+03	7.318715E-18	2.718783E-19
6.392816E+03	7.320264E-18	2.719297E-19
6.393016E+03	7.320386E-18	2.719281E-19
6.393216E+03	7.318368E-18	2.718470E-19
6.393416E+03	7.317777E-18	2.718190E-19
6.393616E+03	7.328596E-18	2.722148E-19
6.393816E+03	7.341557E-18	2.726901E-19
6.394016E+03	7.340254E-18	2.726356E-19
6.394216E+03	7.333956E-18	2.723956E-19
6.394416E+03	7.339072E-18	2.725795E-19
6.394616E+03	7.349180E-18	2.729489E-19
6.394816E+03	7.355010E-18	2.731593E-19
6.395016E+03	7.355133E-18	2.731578E-19
6.395216E+03	7.360249E-18	2.733417E-19
6.395416E+03	7.366079E-18	2.735522E-19
6.395616E+03	7.376903E-18	2.739481E-19
6.395816E+03	7.391294E-18	2.744764E-19
6.396016E+03	7.402119E-18	2.748723E-19
6.396216E+03	7.407950E-18	2.750828E-19
6.396416E+03	7.410928E-18	2.751873E-19
6.396616E+03	7.417473E-18	2.754242E-19
6.396816E+03	7.419024E-18	2.754758E-19
6.397016E+03	7.417008E-18	2.753949E-19
6.397216E+03	7.419987E-18	2.754994E-19
6.397416E+03	7.425820E-18	2.757100E-19
6.397617E+03	7.425944E-18	2.757085E-19
6.397817E+03	7.421789E-18	2.755482E-19
6.398017E+03	7.426908E-18	2.757322E-19
6.398217E+03	7.431314E-18	2.758898E-19
6.398417E+03	7.437861E-18	2.761268E-19
6.398617E+03	7.453685E-18	2.767082E-19
6.399016E+03	7.448940E-18	2.765201E-19
6.399217E+03	7.439076E-18	2.761479E-19
6.399417E+03	7.442769E-18	2.762790E-19
6.399617E+03	7.461449E-18	2.769664E-19
6.399816E+03	7.470852E-18	2.773095E-19
6.400016E+03	7.488819E-18	2.779704E-19
6.400216E+03	7.480382E-18	2.776512E-19
6.400416E+03	7.504772E-18	2.785505E-19
6.400616E+03	7.502758E-18	2.784698E-19
6.400816E+03	7.497889E-18	2.782831E-19
6.401416E+03	7.492560E-18	2.780674E-19
6.401616E+03	7.486265E-18	2.778278E-19
6.401816E+03	7.472830E-18	2.773233E-19
6.402016E+03	7.457968E-18	2.767659E-19
6.402216E+03	7.451671E-18	2.765263E-19
6.402617E+03	7.448356E-18	2.763915E-19
6.402817E+03	7.448483E-18	2.763903E-19
6.403017E+03	7.452892E-18	2.765480E-19
6.403217E+03	7.460157E-18	2.768118E-19
6.403417E+03	7.459570E-18	2.767841E-19
6.403617E+03	7.453273E-18	2.765446E-19
6.403817E+03	7.446261E-18	2.762786E-19
6.404017E+03	7.450671E-18	2.764364E-19
6.404217E+03	7.457937E-18	2.767002E-19
6.404417E+03	7.450925E-18	2.764342E-19
6.404617E+03	7.454621E-18	2.765655E-19
6.404817E+03	7.459746E-18	2.767498E-19
6.405017E+03	7.467727E-18	2.770401E-19
6.405217E+03	7.480706E-18	2.775158E-19
6.405417E+03	7.482975E-18	2.775942E-19
6.405617E+03	7.485246E-18	2.776726E-19
6.406417E+03	7.494326E-18	2.779863E-19
6.406617E+03	7.502309E-18	2.782766E-19
6.406817E+03	7.515291E-18	2.787524E-19
6.407017E+03	7.521132E-18	2.789633E-19
6.407217E+03	7.530543E-18	2.793066E-19
6.407417E+03	7.537813E-18	2.795704E-19
6.407618E+03	7.529375E-18	2.792517E-19
6.408018E+03	7.529633E-18	2.792498E-19
6.408218E+03	7.536904E-18	2.795137E-19
6.408418E+03	7.547745E-18	2.799100E-19
6.408618E+03	7.542876E-18	2.797237E-19
6.408818E+03	7.525866E-18	2.790872E-19
6.409018E+03	7.522425E-18	2.789539E-19
6.409218E+03	7.526840E-18	2.791119E-19
6.409418E+03	7.528398E-18	2.791639E-19
6.409618E+03	7.532813E-18	2.793220E-19
6.409818E+03	7.531514E-18	2.792681E-19
6.410018E+03	7.528073E-18	2.791349E-19
6.410218E+03	7.535346E-18	2.793989E-19
6.410418E+03	7.531905E-18	2.792657E-19
6.410618E+03	7.536321E-18	2.794237E-19
6.410818E+03	7.529308E-18	2.791581E-19
6.411018E+03	7.533725E-18	2.793162E-19
6.411218E+03	7.536712E-18	2.794213E-19
6.411417E+03	7.551129E-18	2.799502E-19
6.411618E+03	7.549831E-18	2.798964E-19
6.411818E+03	7.544961E-18	2.797103E-19
6.412017E+03	7.547235E-18	2.797890E-19
6.412217E+03	7.548080E-18	2.798147E-19
6.412417E+03	7.553926E-18	2.800258E-19
6.412618E+03	7.556201E-18	2.801046E-19
6.412818E+03	7.570621E-18	2.806335E-19
6.413018E+03	7.595757E-18	2.815597E-19
6.413218E+03	7.593031E-18	2.814530E-19
6.413618E+03	7.594725E-18	2.815046E-19
6.413818E+03	7.610575E-18	2.820865E-19
6.414018E+03	7.623568E-18	2.825625E-19
6.414218E+03	7.630847E-18	2.828267E-19
6.414418E+03	7.627407E-18	2.826936E-19
6.414618E+03	7.618251E-18	2.823487E-19
6.414818E+03	7.616240E-18	2.822686E-19
6.415018E+03	7.611371E-18	2.820827E-19
6.415218E+03	7.615076E-18	2.822145E-19
6.415618E+03	7.631779E-18	2.828223E-19
6.415818E+03	7.639057E-18	2.830866E-19
6.416018E+03	7.624184E-18	2.825299E-19
6.416218E+03	7.617172E-18	2.822645E-19
6.416418E+03	7.611588E-18	2.820521E-19
6.416618E+03	7.611006E-18	2.820251E-19
6.416818E+03	7.601849E-18	2.816803E-19
6.417018E+03	7.590547E-18	2.812561E-19
6.417218E+03	7.593539E-18	2.813615E-19
6.417419E+03	7.593673E-18	2.813610E-19
6.417619E+03	7.580227E-18	2.808573E-19
6.417819E+03	7.573212E-18	2.805920E-19
6.418019E+03	7.565483E-18	2.803003E-19
6.418219E+03	7.559898E-18	2.800880E-19
6.418419E+03	7.558601E-18	2.800346E-19
6.418819E+03	7.560297E-18	2.800866E-19
6.419019E+03	7.559001E-18	2.800333E-19
6.419219E+03	7.553414E-18	2.798210E-19
6.419419E+03	7.554263E-18	2.798471E-19
6.419619E+03	7.541529E-18	2.793700E-19
6.419819E+03	7.541662E-18	2.793696E-19
6.420019E+03	7.565385E-18	2.802431E-19
6.420219E+03	7.585535E-18	2.809842E-19
6.420419E+03	7.584954E-18	2.809574E-19
6.420619E+03	7.585088E-18	2.809570E-19
6.420819E+03	7.589512E-18	2.811156E-19
6.421019E+03	7.584641E-18	2.809299E-19
6.421219E+03	7.583346E-18	2.808766E-19
6.421419E+03	7.595634E-18	2.813265E-19
6.421619E+03	7.599343E-18	2.814586E-19
6.421819E+03	7.598762E-18	2.814318E-19
6.422019E+03	7.604617E-18	2.816433E-19
6.422219E+03	7.606897E-18	2.817225E-19
6.422420E+03	7.622047E-18	2.822783E-19
6.422620E+03	7.635052E-18	2.827547E-19
6.422820E+03	7.636619E-18	2.828074E-19
6.423020E+03	7.622452E-18	2.822776E-19
6.423220E+03	7.605426E-18	2.816418E-19
6.423420E+03	7.599126E-18	2.814033E-19
6.423620E+03	7.605696E-18	2.816414E-19
6.423819E+03	7.604402E-18	2.815883E-19
6.424020E+03	7.611688E-18	2.818529E-19
6.424220E+03	7.625411E-18	2.823559E-19
6.424419E+03	7.634128E-18	2.826734E-19
6.424619E+03	7.628542E-18	2.824614E-19
6.424819E+03	7.623673E-18	2.822760E-19
6.425020E+03	7.621663E-18	2.821964E-19
6.425219E+03	7.634672E-18	2.826729E-19
6.425419E+03	7.635523E-18	2.826993E-19
6.425619E+03	7.626361E-18	2.823549E-19
6.425819E+03	7.625067E-18	2.823019E-19
6.426019E+03	7.628780E-18	2.824342E-19
6.426219E+03	7.627486E-18	2.823812E-19
6.426419E+03	7.616892E-18	2.819839E-19
6.426619E+03	7.606300E-18	2.815866E-19
6.426819E+03	7.598567E-18	2.812953E-19
6.427019E+03	7.594412E-18	2.811364E-19
6.427219E+03	7.595263E-18	2.811628E-19
6.427420E+03	7.596831E-18	2.812158E-19
6.427620E+03	7.596251E-18	2.811893E-19
6.427820E+03	7.587088E-18	2.808451E-19
6.428020E+03	7.581501E-18	2.806333E-19
6.428420E+03	7.581058E-18	2.806068E-19
6.428620E+03	7.572609E-18	2.802891E-19
6.428820E+03	7.565590E-18	2.800244E-19
6.429020E+03	7.565727E-18	2.800244E-19
6.429220E+03	7.570870E-18	2.802098E-19
6.429420E+03	7.586031E-18	2.807660E-19
6.429620E+03	7.599762E-18	2.812692E-19
6.430020E+03	7.596458E-18	2.811370E-19
6.430220E+03	7.594448E-18	2.810577E-19
6.430620E+03	7.596869E-18	2.811374E-19
6.430820E+03	7.610601E-18	2.816407E-19
6.431020E+03	7.617894E-18	2.819056E-19
6.431220E+03	7.615885E-18	2.818264E-19
6.431420E+03	7.618169E-18	2.819060E-19
6.431620E+03	7.616160E-18	2.818268E-19
6.432020E+03	7.610710E-18	2.816153E-19
6.432221E+03	7.603692E-18	2.813507E-19
6.432421E+03	7.603113E-18	2.813245E-19
6.432621E+03	7.605398E-18	2.814042E-19
6.432821E+03	7.606252E-18	2.814309E-19
6.433021E+03	7.614263E-18	2.817225E-19
6.433221E+03	7.609391E-18	2.815374E-19
6.433421E+03	7.611676E-18	2.816171E-19
6.433621E+03	7.617539E-18	2.818292E-19
6.433821E+03	7.614099E-18	2.816971E-19
6.434021E+03	7.615669E-18	2.817504E-19
6.434221E+03	7.615807E-18	2.817507E-19
6.434421E+03	7.617377E-18	2.818040E-19
6.434621E+03	7.608925E-18	2.814866E-19
6.434821E+03	7.599758E-18	2.811427E-19
6.435021E+03	7.602760E-18	2.812490E-19
6.435221E+03	7.612920E-18	2.816201E-19
6.435421E+03	7.617354E-18	2.817793E-19
6.435621E+03	7.615345E-18	2.817003E-19
6.435821E+03	7.615484E-18	2.817007E-19
6.436021E+03	7.612044E-18	2.815687E-19
6.436221E+03	7.612182E-18	2.815691E-19
6.436421E+03	7.622344E-18	2.819403E-19
6.436620E+03	7.639666E-18	2.825763E-19
6.437020E+03	7.632785E-18	2.823124E-19
6.437221E+03	7.637220E-18	2.824717E-19
6.437422E+03	7.641656E-18	2.826311E-19
6.437621E+03	7.654684E-18	2.831083E-19
6.437821E+03	7.674872E-18	2.838503E-19
6.438021E+03	7.685753E-18	2.842480E-19
6.438221E+03	7.691622E-18	2.844604E-19
6.438421E+03	7.702503E-18	2.848581E-19
6.438621E+03	7.717681E-18	2.854148E-19
6.438821E+03	7.715675E-18	2.853359E-19
6.439021E+03	7.702927E-18	2.848598E-19
6.439221E+03	7.697340E-18	2.846485E-19
6.439421E+03	7.685307E-18	2.841989E-19
6.439621E+03	7.679003E-18	2.839612E-19
6.440021E+03	7.676421E-18	2.838565E-19
6.440221E+03	7.677994E-18	2.839101E-19
6.440421E+03	7.691026E-18	2.843874E-19
6.440621E+03	7.690452E-18	2.843616E-19
6.440821E+03	7.691309E-18	2.843887E-19
6.441021E+03	7.700046E-18	2.847072E-19
6.441221E+03	7.703053E-18	2.848138E-19
6.441421E+03	7.698898E-18	2.846556E-19
6.441621E+03	7.711932E-18	2.851329E-19
6.441821E+03	7.714223E-18	2.852131E-19
6.442021E+03	7.710785E-18	2.850814E-19
6.442222E+03	7.708778E-18	2.850027E-19
6.442622E+03	7.703332E-18	2.847924E-19
6.442822E+03	7.703475E-18	2.847931E-19
6.443022E+03	7.692873E-18	2.843967E-19
6.443222E+03	7.680836E-18	2.839472E-19
6.443422E+03	7.684561E-18	2.840805E-19
6.443622E+03	7.701896E-18	2.847168E-19
6.443822E+03	7.717799E-18	2.853003E-19
6.444022E+03	7.731554E-18	2.858043E-19
6.444222E+03	7.741012E-18	2.861494E-19
6.444622E+03	7.752046E-18	2.865484E-19
6.444822E+03	7.750040E-18	2.864698E-19
6.445022E+03	7.755199E-18	2.866560E-19
6.445222E+03	7.763941E-18	2.869747E-19
6.445422E+03	7.767668E-18	2.871081E-19
6.445622E+03	7.776410E-18	2.874268E-19
6.445822E+03	7.785154E-18	2.877455E-19
6.446022E+03	7.772401E-18	2.872698E-19
6.446222E+03	7.762514E-18	2.868999E-19
6.446422E+03	7.755493E-18	2.866360E-19
6.446622E+03	7.744172E-18	2.862133E-19
6.446822E+03	7.740016E-18	2.860553E-19
6.447022E+03	7.748043E-18	2.863476E-19
6.447223E+03	7.737439E-18	2.859514E-19
6.447423E+03	7.724684E-18	2.854757E-19
6.447623E+03	7.716229E-18	2.851589E-19
6.447823E+03	7.716372E-18	2.851599E-19
6.448023E+03	7.714367E-18	2.850815E-19
6.448223E+03	7.736012E-18	2.858771E-19
6.448423E+03	7.748340E-18	2.863283E-19
6.448623E+03	7.751352E-18	2.864353E-19
6.448823E+03	7.765115E-18	2.869397E-19
6.449023E+03	7.746625E-18	2.862521E-19
6.449222E+03	7.737452E-18	2.859089E-19
6.449422E+03	7.741898E-18	2.860690E-19
6.449623E+03	7.752078E-18	2.864408E-19
6.449823E+03	7.760108E-18	2.867333E-19
6.450022E+03	7.768855E-18	2.870523E-19
6.450222E+03	7.768285E-18	2.870270E-19
6.450422E+03	7.760545E-18	2.867368E-19
6.450622E+03	7.749938E-18	2.863407E-19
6.450822E+03	7.754384E-18	2.865008E-19
6.451022E+03	7.746645E-18	2.862106E-19
6.451222E+03	7.742489E-18	2.860529E-19
6.451422E+03	7.744786E-18	2.861336E-19
6.451622E+03	7.745649E-18	2.861613E-19
6.451822E+03	7.746511E-18	2.861890E-19
6.452023E+03	7.750242E-18	2.863227E-19
6.452223E+03	7.759709E-18	2.866682E-19
6.452423E+03	7.766308E-18	2.869079E-19
6.452623E+03	7.770040E-18	2.870416E-19
6.452823E+03	7.777356E-18	2.873078E-19
6.453023E+03	7.783239E-18	2.875210E-19
6.453223E+03	7.791273E-18	2.878136E-19
6.453423E+03	7.799308E-18	2.881063E-19
6.453623E+03	7.799455E-18	2.881076E-19
6.453823E+03	7.793149E-18	2.878706E-19
6.454023E+03	7.791862E-18	2.878190E-19
6.454223E+03	7.786990E-18	2.876349E-19
6.454423E+03	7.782117E-18	2.874508E-19
6.454623E+03	7.772225E-18	2.870814E-19
6.455023E+03	7.781126E-18	2.874021E-19
6.455223E+03	7.804222E-18	2.882511E-19
6.455423E+03	7.802219E-18	2.881731E-19
6.455623E+03	7.787305E-18	2.876182E-19
6.455823E+03	7.775261E-18	2.871693E-19
6.456023E+03	7.773974E-18	2.871178E-19
6.456223E+03	7.768384E-18	2.869073E-19
6.456423E+03	7.763511E-18	2.867234E-19
6.456623E+03	7.754334E-18	2.863805E-19
6.456823E+03	7.743722E-18	2.859846E-19
6.457024E+03	7.740283E-18	2.858537E-19
6.457224E+03	7.744018E-18	2.859876E-19
6.457424E+03	7.742730E-18	2.859362E-19
6.457624E+03	7.737139E-18	2.857258E-19
6.457824E+03	7.729396E-18	2.854359E-19
6.458024E+03	7.729543E-18	2.854374E-19
6.458224E+03	7.733277E-18	2.855714E-19
6.458424E+03	7.722664E-18	2.851756E-19
6.458624E+03	7.727116E-18	2.853362E-19
6.458824E+03	7.706459E-18	2.845695E-19
6.459024E+03	7.678626E-18	2.835379E-19
6.459224E+03	7.688817E-18	2.839104E-19
6.459424E+03	7.681790E-18	2.836471E-19
6.459624E+03	7.675479E-18	2.834103E-19
6.459824E+03	7.676343E-18	2.834384E-19
6.460024E+03	7.667163E-18	2.830956E-19
6.460224E+03	7.666592E-18	2.830707E-19
6.460424E+03	7.648083E-18	2.823836E-19
6.460624E+03	7.643925E-18	2.822263E-19
6.460824E+03	7.645506E-18	2.822809E-19
6.461024E+03	7.642783E-18	2.821766E-19
6.461224E+03	7.639342E-18	2.820459E-19
6.461423E+03	7.632312E-18	2.817826E-19
6.461623E+03	7.616671E-18	2.812014E-19
6.461824E+03	7.620405E-18	2.813356E-19
6.462025E+03	7.609070E-18	2.809134E-19
6.462225E+03	7.612088E-18	2.810211E-19
6.462424E+03	7.609363E-18	2.809169E-19
6.462624E+03	7.618122E-18	2.812366E-19
6.462824E+03	7.625445E-18	2.815033E-19
6.463024E+03	7.615545E-18	2.811341E-19
6.463224E+03	7.609949E-18	2.809239E-19
6.463424E+03	7.604354E-18	2.807138E-19
6.463624E+03	7.579380E-18	2.797882E-19
6.463824E+03	7.565170E-18	2.792601E-19
6.464024E+03	7.576801E-18	2.796859E-19
6.464224E+03	7.577665E-18	2.797142E-19
6.464424E+03	7.562737E-18	2.791595E-19
6.464624E+03	7.553552E-18	2.788169E-19
6.464824E+03	7.558005E-18	2.789778E-19
6.465024E+03	7.559586E-18	2.790326E-19
6.465424E+03	7.554854E-18	2.788509E-19
6.465624E+03	7.544231E-18	2.784553E-19
6.465824E+03	7.527866E-18	2.778477E-19
6.466024E+03	7.524422E-18	2.777171E-19
6.466224E+03	7.515953E-18	2.774010E-19
6.466424E+03	7.512509E-18	2.772705E-19
6.466624E+03	7.516962E-18	2.774313E-19
6.467025E+03	7.515819E-18	2.773822E-19
6.467225E+03	7.501605E-18	2.768542E-19
6.467425E+03	7.473748E-18	2.758227E-19
6.467625E+03	7.448044E-18	2.748707E-19
6.467825E+03	7.444599E-18	2.747402E-19
6.468025E+03	7.446180E-18	2.747951E-19
6.468225E+03	7.459250E-18	2.752741E-19
6.468425E+03	7.462985E-18	2.754086E-19
6.468625E+03	7.475338E-18	2.758610E-19
6.468825E+03	7.466866E-18	2.755451E-19
6.469025E+03	7.458394E-18	2.752291E-19
6.469225E+03	7.462131E-18	2.753636E-19
6.469425E+03	7.454376E-18	2.750741E-19
6.469625E+03	7.443031E-18	2.746522E-19
6.469825E+03	7.428813E-18	2.741242E-19
6.470025E+03	7.423930E-18	2.739407E-19
6.470225E+03	7.424794E-18	2.739693E-19
6.470425E+03	7.419193E-18	2.737593E-19
6.470625E+03	7.407846E-18	2.733374E-19
6.470825E+03	7.389317E-18	2.726505E-19
6.471025E+03	7.402389E-18	2.731296E-19
6.471225E+03	7.391042E-18	2.727076E-19
6.471425E+03	7.392624E-18	2.727627E-19
6.471625E+03	7.382712E-18	2.723938E-19
6.471826E+03	7.382858E-18	2.723960E-19
6.472026E+03	7.393059E-18	2.727691E-19
6.472226E+03	7.398232E-18	2.729568E-19
6.472426E+03	7.399096E-18	2.729855E-19
6.472626E+03	7.404988E-18	2.731996E-19
6.472826E+03	7.390047E-18	2.726453E-19
6.473026E+03	7.371513E-18	2.719583E-19
6.473226E+03	7.375250E-18	2.720930E-19
6.473426E+03	7.371803E-18	2.719627E-19
6.473626E+03	7.357579E-18	2.714348E-19
6.473825E+03	7.362753E-18	2.716226E-19
6.474025E+03	7.373674E-18	2.720224E-19
6.474225E+03	7.371665E-18	2.719451E-19
6.474426E+03	7.373246E-18	2.720003E-19
6.474626E+03	7.349681E-18	2.711279E-19
6.474825E+03	7.349826E-18	2.711301E-19
6.475025E+03	7.355000E-18	2.713179E-19
6.475225E+03	7.346523E-18	2.710022E-19
6.475425E+03	7.351698E-18	2.711900E-19
6.475625E+03	7.359028E-18	2.714573E-19
6.475825E+03	7.374983E-18	2.720428E-19
6.476025E+03	7.369379E-18	2.718330E-19
6.476225E+03	7.359465E-18	2.714643E-19
6.476425E+03	7.362484E-18	2.715726E-19
6.476625E+03	7.356881E-18	2.713629E-19
6.476826E+03	7.339779E-18	2.707291E-19
6.477026E+03	7.344236E-18	2.708905E-19
6.477226E+03	7.344382E-18	2.708928E-19
6.477426E+03	7.348121E-18	2.710277E-19
6.477626E+03	7.351141E-18	2.711362E-19
6.477826E+03	7.341944E-18	2.707939E-19
6.478026E+03	7.334183E-18	2.705047E-19
6.478226E+03	7.330734E-18	2.703746E-19
6.478426E+03	7.317223E-18	2.698733E-19
6.478626E+03	7.304430E-18	2.693985E-19
6.478826E+03	7.303855E-18	2.693744E-19
6.479026E+03	7.298969E-18	2.691913E-19
6.479226E+03	7.291206E-18	2.689021E-19
6.479426E+03	7.288476E-18	2.687985E-19
6.479626E+03	7.281433E-18	2.685359E-19
6.479826E+03	7.277983E-18	2.684057E-19
6.480026E+03	7.268063E-18	2.680370E-19
6.480226E+03	7.249516E-18	2.673502E-19
6.480426E+03	7.232406E-18	2.667164E-19
6.480626E+03	7.226079E-18	2.664802E-19
6.480826E+03	7.214721E-18	2.660585E-19
6.481026E+03	7.211989E-18	2.659549E-19
6.481226E+03	7.211413E-18	2.659309E-19
6.481426E+03	7.212276E-18	2.659600E-19
6.481626E+03	7.209544E-18	2.658564E-19
6.481827E+03	7.201060E-18	2.655408E-19
6.482027E+03	7.201923E-18	2.655698E-19
6.482227E+03	7.192000E-18	2.652011E-19
6.482427E+03	7.173520E-18	2.645169E-19
6.482627E+03	7.168918E-18	2.643445E-19
6.482827E+03	7.173663E-18	2.645167E-19
6.483027E+03	7.176684E-18	2.646254E-19
6.483227E+03	7.179056E-18	2.647102E-19
6.483427E+03	7.185817E-18	2.649567E-19
6.483627E+03	7.185744E-18	2.649513E-19
6.483827E+03	7.182221E-18	2.648187E-19
6.484027E+03	7.188478E-18	2.650467E-19
6.484227E+03	7.182437E-18	2.648213E-19
6.484427E+03	7.170786E-18	2.643890E-19
6.484627E+03	7.175677E-18	2.645667E-19
6.484827E+03	7.190278E-18	2.651023E-19
6.485027E+03	7.188911E-18	2.650493E-19
6.485227E+03	7.197760E-18	2.653728E-19
6.485427E+03	7.200062E-18	2.654551E-19
6.485827E+03	7.194597E-18	2.652483E-19
6.486026E+03	7.195461E-18	2.652775E-19
6.486226E+03	7.191722E-18	2.651371E-19
6.486426E+03	7.189205E-18	2.650416E-19
6.486627E+03	7.189782E-18	2.650603E-19
6.486828E+03	7.193309E-18	2.651877E-19
6.487028E+03	7.201224E-18	2.654769E-19
6.487227E+03	7.210002E-18	2.657979E-19
6.487427E+03	7.220219E-18	2.661720E-19
6.487627E+03	7.225401E-18	2.663604E-19
6.487827E+03	7.229863E-18	2.665223E-19
6.488227E+03	7.223680E-18	2.662892E-19
6.488427E+03	7.220229E-18	2.661594E-19
6.488627E+03	7.218216E-18	2.660827E-19
6.488827E+03	7.209008E-18	2.657407E-19
6.489027E+03	7.206996E-18	2.656640E-19
6.489227E+03	7.202105E-18	2.654812E-19
6.489427E+03	7.206568E-18	2.656432E-19
6.489627E+03	7.220387E-18	2.661500E-19
6.489827E+03	7.205421E-18	2.655959E-19
6.490027E+03	7.206287E-18	2.656253E-19
6.490227E+03	7.216508E-18	2.659996E-19
6.490427E+03	7.223132E-18	2.662412E-19
6.490627E+03	7.220400E-18	2.661380E-19
6.490827E+03	7.212630E-18	2.658492E-19
6.491027E+03	7.208458E-18	2.656929E-19
6.491227E+03	7.207885E-18	2.656694E-19
6.491427E+03	7.217388E-18	2.660171E-19
6.491628E+03	7.212497E-18	2.658344E-19
6.491828E+03	7.216243E-18	2.659700E-19
6.492028E+03	7.217110E-18	2.659995E-19
6.492228E+03	7.214378E-18	2.658964E-19
6.492428E+03	7.218843E-18	2.660586E-19
6.492628E+03	7.223309E-18	2.662207E-19
6.492828E+03	7.225616E-18	2.663034E-19
6.493028E+03	7.229362E-18	2.664390E-19
6.493228E+03	7.223031E-18	2.662033E-19
6.493428E+03	7.208062E-18	2.656492E-19
6.493628E+03	7.196115E-18	2.652065E-19
6.493828E+03	7.198565E-18	2.652945E-19
6.494028E+03	7.209223E-18	2.656849E-19
6.494228E+03	7.218010E-18	2.660063E-19
6.494428E+03	7.223197E-18	2.661952E-19
6.494628E+03	7.222625E-18	2.661717E-19
6.494828E+03	7.230692E-18	2.664667E-19
6.495028E+03	7.222921E-18	2.661779E-19
6.495228E+03	7.222348E-18	2.661545E-19
6.495428E+03	7.226816E-18	2.663168E-19
6.495628E+03	7.225524E-18	2.662669E-19
6.495828E+03	7.223513E-18	2.661905E-19
6.496028E+03	7.227981E-18	2.663528E-19
6.496228E+03	7.228129E-18	2.663560E-19
6.496428E+03	7.216757E-18	2.659346E-19
6.496629E+03	7.215465E-18	2.658847E-19
6.496829E+03	7.218494E-18	2.659940E-19
6.497029E+03	7.217202E-18	2.659442E-19
6.497229E+03	7.219511E-18	2.660270E-19
6.497429E+03	7.234062E-18	2.665609E-19
6.497629E+03	7.251496E-18	2.672011E-19
6.497829E+03	7.250925E-18	2.671778E-19
6.498029E+03	7.248193E-18	2.670748E-19
6.498229E+03	7.249783E-18	2.671312E-19
6.498429E+03	7.242010E-18	2.668426E-19
6.498628E+03	7.224153E-18	2.661824E-19
6.498828E+03	7.209176E-18	2.656283E-19
6.499428E+03	7.197881E-18	2.652056E-19
6.499628E+03	7.199111E-18	2.652487E-19
6.499828E+03	7.204157E-18	2.654325E-19
6.500228E+03	7.208056E-18	2.655718E-19
6.500428E+03	7.213969E-18	2.657875E-19
6.500628E+03	7.219881E-18	2.660032E-19
6.500828E+03	7.223633E-18	2.661393E-19
6.501028E+03	7.214417E-18	2.657976E-19
6.501228E+03	7.203615E-18	2.653975E-19
6.501429E+03	7.199299E-18	2.652363E-19
6.501629E+03	7.197215E-18	2.651574E-19
6.501829E+03	7.205650E-18	2.654661E-19
6.502029E+03	7.210842E-18	2.656553E-19
6.502229E+03	7.217477E-18	2.658976E-19
6.502429E+03	7.208259E-18	2.655559E-19
6.502629E+03	7.209130E-18	2.655859E-19
6.502829E+03	7.213603E-18	2.657486E-19
6.503029E+03	7.220959E-18	2.660175E-19
6.503229E+03	7.229756E-18	2.663396E-19
6.503429E+03	7.229186E-18	2.663165E-19
6.503629E+03	7.236542E-18	2.665854E-19
6.503829E+03	7.231649E-18	2.664031E-19
6.504029E+03	7.224593E-18	2.661411E-19
6.504229E+03	7.216095E-18	2.658261E-19
6.504429E+03	7.209759E-18	2.655906E-19
6.504629E+03	7.198306E-18	2.651667E-19
6.504829E+03	7.179069E-18	2.644561E-19
6.505229E+03	7.175188E-18	2.643091E-19
6.505429E+03	7.179519E-18	2.644667E-19
6.505629E+03	7.181687E-18	2.645445E-19
6.505829E+03	7.193009E-18	2.649596E-19
6.506029E+03	7.190348E-18	2.648596E-19
6.506229E+03	7.179974E-18	2.644756E-19
6.506430E+03	7.181062E-18	2.645137E-19
6.506630E+03	7.170544E-18	2.641243E-19
6.506830E+03	7.168820E-18	2.640589E-19
6.507030E+03	7.158949E-18	2.636934E-19
6.507230E+03	7.143168E-18	2.631101E-19
6.507430E+03	7.148941E-18	2.633209E-19
6.507630E+03	7.145269E-18	2.631837E-19
6.507830E+03	7.148663E-18	2.633069E-19
6.508030E+03	7.158979E-18	2.636849E-19
6.508230E+03	7.159056E-18	2.636859E-19
6.508430E+03	7.160650E-18	2.637427E-19
6.508630E+03	7.155897E-18	2.635658E-19
6.508830E+03	7.155614E-18	2.635535E-19
6.509030E+03	7.149852E-18	2.633394E-19
6.509230E+03	7.138826E-18	2.629314E-19
6.509430E+03	7.139265E-18	2.629457E-19
6.509630E+03	7.144463E-18	2.631353E-19
6.509830E+03	7.142450E-18	2.630594E-19
6.510030E+03	7.140292E-18	2.629781E-19
6.510230E+03	7.135467E-18	2.627985E-19
6.510430E+03	7.138934E-18	2.629244E-19
6.510630E+03	7.134182E-18	2.627476E-19
6.510830E+03	7.135414E-18	2.627912E-19
6.511029E+03	7.132246E-18	2.626727E-19
6.511230E+03	7.136148E-18	2.628146E-19
6.511431E+03	7.128293E-18	2.625236E-19
6.511631E+03	7.123539E-18	2.623467E-19
6.511831E+03	7.136456E-18	2.628206E-19
6.512030E+03	7.140573E-18	2.629705E-19
6.512230E+03	7.129472E-18	2.625599E-19
6.512430E+03	7.135970E-18	2.627975E-19
6.512630E+03	7.154731E-18	2.634867E-19
6.512830E+03	7.177676E-18	2.643299E-19
6.513030E+03	7.189370E-18	2.647588E-19
6.513230E+03	7.190460E-18	2.647972E-19
6.513430E+03	7.183903E-18	2.645540E-19
6.513630E+03	7.180304E-18	2.644198E-19
6.513830E+03	7.189330E-18	2.647504E-19
6.514030E+03	7.175199E-18	2.642283E-19
6.514230E+03	7.160922E-18	2.637009E-19
6.514430E+03	7.155230E-18	2.634896E-19
6.514630E+03	7.148817E-18	2.632517E-19
6.514830E+03	7.136847E-18	2.628093E-19
6.515030E+03	7.141689E-18	2.629859E-19
6.515230E+03	7.139892E-18	2.629181E-19
6.515430E+03	7.130809E-18	2.625819E-19
6.515630E+03	7.132764E-18	2.626523E-19
6.515830E+03	7.146698E-18	2.631637E-19
6.516030E+03	7.143098E-18	2.630295E-19
6.516230E+03	7.128530E-18	2.624915E-19
6.516431E+03	7.129620E-18	2.625300E-19
6.516631E+03	7.134680E-18	2.627147E-19
6.516831E+03	7.129491E-18	2.625220E-19
6.517031E+03	7.118386E-18	2.621115E-19
6.517231E+03	7.112259E-18	2.618843E-19
6.517431E+03	7.113132E-18	2.619149E-19
6.517631E+03	7.112490E-18	2.618896E-19
6.517831E+03	7.104126E-18	2.615801E-19
6.518031E+03	7.096339E-18	2.612918E-19
6.518231E+03	7.100099E-18	2.614287E-19
6.518431E+03	7.091879E-18	2.611244E-19
6.518631E+03	7.080843E-18	2.607166E-19
6.518831E+03	7.066486E-18	2.601864E-19
6.519031E+03	7.070246E-18	2.603233E-19
6.519231E+03	7.064479E-18	2.601094E-19
6.519431E+03	7.066796E-18	2.601932E-19
6.519631E+03	7.061245E-18	2.599873E-19
6.519831E+03	7.054755E-18	2.597469E-19
6.520031E+03	7.049636E-18	2.595569E-19
6.520231E+03	7.031885E-18	2.589019E-19
6.520431E+03	7.042792E-18	2.593020E-19
6.520631E+03	7.052906E-18	2.596729E-19
6.520831E+03	7.043888E-18	2.593394E-19
6.521031E+03	7.036531E-18	2.590670E-19
6.521232E+03	7.035167E-18	2.590153E-19
6.521432E+03	7.035390E-18	2.590221E-19
6.521632E+03	7.030488E-18	2.588402E-19
6.521832E+03	7.039303E-18	2.591633E-19
6.522032E+03	7.039815E-18	2.591807E-19
6.522232E+03	7.029353E-18	2.587941E-19
6.522432E+03	7.024089E-18	2.585989E-19
6.522832E+03	7.014788E-18	2.582537E-19
6.523032E+03	7.011545E-18	2.581329E-19
6.523232E+03	7.006497E-18	2.579456E-19
6.523431E+03	7.012281E-18	2.581572E-19
6.523632E+03	7.029113E-18	2.587755E-19
6.523832E+03	7.030782E-18	2.588355E-19
6.524032E+03	7.040900E-18	2.592067E-19
6.524231E+03	7.031447E-18	2.588573E-19
6.524431E+03	7.012749E-18	2.581676E-19
6.524631E+03	7.010300E-18	2.580761E-19
6.524831E+03	7.000412E-18	2.577107E-19
6.525031E+03	6.985541E-18	2.571619E-19
6.525231E+03	6.980491E-18	2.569747E-19
6.525431E+03	6.993283E-18	2.574443E-19
6.525631E+03	6.997046E-18	2.575815E-19
6.525831E+03	6.976394E-18	2.568199E-19
6.526031E+03	6.956537E-18	2.560876E-19
6.526232E+03	6.950765E-18	2.558739E-19
6.526432E+03	6.950915E-18	2.558781E-19
6.526632E+03	6.931634E-18	2.551671E-19
6.526832E+03	6.923911E-18	2.548815E-19
6.527032E+03	6.909901E-18	2.543645E-19
6.527232E+03	6.904127E-18	2.541507E-19
6.527432E+03	6.901387E-18	2.540486E-19
6.527632E+03	6.910280E-18	2.543747E-19
6.527832E+03	6.901471E-18	2.540492E-19
6.528032E+03	6.889121E-18	2.535934E-19
6.528232E+03	6.868824E-18	2.528450E-19
6.528432E+03	6.861604E-18	2.525780E-19
6.528632E+03	6.867678E-18	2.528004E-19
6.528832E+03	6.867466E-18	2.527914E-19
6.529032E+03	6.870867E-18	2.529154E-19
6.529232E+03	6.879761E-18	2.532416E-19
6.529432E+03	6.891762E-18	2.536821E-19
6.529632E+03	6.894802E-18	2.537929E-19
6.529832E+03	6.895242E-18	2.538079E-19
6.530032E+03	6.896404E-18	2.538495E-19
6.530232E+03	6.893736E-18	2.537501E-19
6.530432E+03	6.892297E-18	2.536960E-19
6.530632E+03	6.908781E-18	2.543016E-19
6.530832E+03	6.918110E-18	2.546438E-19
6.531032E+03	6.932499E-18	2.551723E-19
6.531233E+03	6.935036E-18	2.552645E-19
6.531433E+03	6.919794E-18	2.547023E-19
6.531633E+03	6.912139E-18	2.544195E-19
6.531833E+03	6.920891E-18	2.547405E-19
6.532033E+03	6.915333E-18	2.545348E-19
6.532233E+03	6.904931E-18	2.541508E-19
6.532433E+03	6.894601E-18	2.537695E-19
6.532633E+03	6.881524E-18	2.532871E-19
6.532833E+03	6.876036E-18	2.530840E-19
6.533033E+03	6.881682E-18	2.532907E-19
6.533233E+03	6.866651E-18	2.527364E-19
6.533433E+03	6.858922E-18	2.524508E-19
6.533633E+03	6.850903E-18	2.521546E-19
6.533833E+03	6.837028E-18	2.516429E-19
6.534033E+03	6.839492E-18	2.517325E-19
6.534233E+03	6.833786E-18	2.515215E-19
6.534433E+03	6.830394E-18	2.513956E-19
6.534633E+03	6.817892E-18	2.509344E-19
6.534833E+03	6.808136E-18	2.505743E-19
6.535033E+03	6.809009E-18	2.506055E-19
6.535233E+03	6.802507E-18	2.503651E-19
6.535433E+03	6.798752E-18	2.502259E-19
6.535633E+03	6.807289E-18	2.505391E-19
6.535833E+03	6.807657E-18	2.505517E-19
6.536033E+03	6.799997E-18	2.502688E-19
6.536234E+03	6.804703E-18	2.504410E-19
6.536434E+03	6.799213E-18	2.502380E-19
6.536633E+03	6.808331E-18	2.505726E-19
6.536833E+03	6.825982E-18	2.512212E-19
6.537033E+03	6.836547E-18	2.516091E-19
6.537233E+03	6.850006E-18	2.521035E-19
6.537433E+03	6.844372E-18	2.518952E-19
6.537633E+03	6.835554E-18	2.515697E-19
6.537833E+03	6.837080E-18	2.516249E-19
6.538033E+03	6.826888E-18	2.512489E-19
6.538233E+03	6.829499E-18	2.513440E-19
6.538433E+03	6.844622E-18	2.518997E-19
6.538633E+03	6.841736E-18	2.517925E-19
6.538833E+03	6.831472E-18	2.514139E-19
6.539033E+03	6.816216E-18	2.508515E-19
6.539233E+03	6.813328E-18	2.507443E-19
6.539433E+03	6.813769E-18	2.507596E-19
6.539633E+03	6.820286E-18	2.509986E-19
6.539833E+03	6.827961E-18	2.512802E-19
6.540033E+03	6.819721E-18	2.509760E-19
6.540233E+03	6.816979E-18	2.508743E-19
6.540433E+03	6.811704E-18	2.506793E-19
6.540633E+03	6.814677E-18	2.507878E-19
6.540833E+03	6.833206E-18	2.514689E-19
6.541034E+03	6.826341E-18	2.512153E-19
6.541234E+03	6.811804E-18	2.506795E-19
6.541434E+03	6.812751E-18	2.507136E-19
6.541634E+03	6.825566E-18	2.511843E-19
6.541834E+03	6.841203E-18	2.517589E-19
6.542034E+03	6.849460E-18	2.520620E-19
6.542234E+03	6.844765E-18	2.518884E-19
6.542434E+03	6.847667E-18	2.519943E-19
6.542634E+03	6.865043E-18	2.526330E-19
6.542834E+03	6.868815E-18	2.527710E-19
6.543034E+03	6.870343E-18	2.528264E-19
6.543234E+03	6.871293E-18	2.528605E-19
6.543434E+03	6.873617E-18	2.529453E-19
6.543634E+03	6.882674E-18	2.532778E-19
6.543834E+03	6.886953E-18	2.534344E-19
6.544034E+03	6.894851E-18	2.537243E-19
6.544434E+03	6.893423E-18	2.536702E-19
6.544634E+03	6.898282E-18	2.538483E-19
6.544834E+03	6.905892E-18	2.541275E-19
6.545034E+03	6.913937E-18	2.544228E-19
6.545234E+03	6.916915E-18	2.545317E-19
6.545434E+03	6.910627E-18	2.542995E-19
6.545634E+03	6.902385E-18	2.539955E-19
6.545834E+03	6.903047E-18	2.540191E-19
6.546035E+03	6.899510E-18	2.538883E-19
6.546235E+03	6.896552E-18	2.537787E-19
6.546435E+03	6.884617E-18	2.533388E-19
6.546635E+03	6.873188E-18	2.529175E-19
6.546835E+03	6.871388E-18	2.528506E-19
6.547035E+03	6.876755E-18	2.530474E-19
6.547235E+03	6.876331E-18	2.530311E-19
6.547435E+03	6.868449E-18	2.527403E-19
6.547635E+03	6.867879E-18	2.527187E-19
6.547835E+03	6.873898E-18	2.529395E-19
6.548035E+03	6.867754E-18	2.527128E-19
6.548235E+03	6.857191E-18	2.523234E-19
6.548435E+03	6.846991E-18	2.519474E-19
6.548635E+03	6.845552E-18	2.518938E-19
6.548834E+03	6.853382E-18	2.521813E-19
6.549034E+03	6.852161E-18	2.521357E-19
6.549234E+03	6.849563E-18	2.520395E-19
6.549435E+03	6.854716E-18	2.522285E-19
6.549634E+03	6.852988E-18	2.521643E-19
6.549834E+03	6.844668E-18	2.518575E-19
6.550034E+03	6.860684E-18	2.524462E-19
6.550234E+03	6.876702E-18	2.530350E-19
6.550434E+03	6.881710E-18	2.532187E-19
6.550634E+03	6.892295E-18	2.536076E-19
6.550834E+03	6.891365E-18	2.535728E-19
6.551035E+03	6.890508E-18	2.535406E-19
6.551235E+03	6.902689E-18	2.539882E-19
6.551435E+03	6.897557E-18	2.537988E-19
6.551635E+03	6.885181E-18	2.533429E-19
6.551835E+03	6.879398E-18	2.531295E-19
6.552035E+03	6.875423E-18	2.529827E-19
6.552235E+03	6.871740E-18	2.528466E-19
6.552435E+03	6.868636E-18	2.527319E-19
6.552635E+03	6.852201E-18	2.521266E-19
6.552835E+03	6.845547E-18	2.518812E-19
6.553035E+03	6.840341E-18	2.516891E-19
6.553235E+03	6.837744E-18	2.515930E-19
6.553435E+03	6.832899E-18	2.514142E-19
6.553635E+03	6.828853E-18	2.512648E-19
6.554235E+03	6.828087E-18	2.512352E-19
6.554435E+03	6.823532E-18	2.510670E-19
6.554635E+03	6.813542E-18	2.506990E-19
6.554835E+03	6.788335E-18	2.497710E-19
6.555035E+03	6.773706E-18	2.492323E-19
6.555235E+03	6.774368E-18	2.492562E-19
6.555435E+03	6.775827E-18	2.493094E-19
6.555635E+03	6.788156E-18	2.497626E-19
6.555836E+03	6.792734E-18	2.499305E-19
6.556036E+03	6.786221E-18	2.496905E-19
6.556236E+03	6.777026E-18	2.493517E-19
6.556436E+03	6.758916E-18	2.486849E-19
6.556636E+03	6.750735E-18	2.483835E-19
6.556836E+03	6.758066E-18	2.486528E-19
6.557036E+03	6.759525E-18	2.487060E-19
6.557236E+03	6.755331E-18	2.485513E-19
6.557436E+03	6.748019E-18	2.482818E-19
6.557636E+03	6.737300E-18	2.478870E-19
6.557836E+03	6.728103E-18	2.475483E-19
6.558036E+03	6.736159E-18	2.478443E-19
6.558236E+03	6.732688E-18	2.477162E-19
6.558436E+03	6.725014E-18	2.474334E-19
6.558636E+03	6.711031E-18	2.469186E-19
6.558836E+03	6.704732E-18	2.466865E-19
6.559036E+03	6.700173E-18	2.465183E-19
6.559236E+03	6.701342E-18	2.465610E-19
6.559436E+03	6.703164E-18	2.466277E-19
6.559636E+03	6.696647E-18	2.463875E-19
6.559836E+03	6.696439E-18	2.463795E-19
6.560036E+03	6.703626E-18	2.466436E-19
6.560236E+03	6.693847E-18	2.462835E-19
6.560636E+03	6.696910E-18	2.463955E-19
6.560837E+03	6.711206E-18	2.469211E-19
6.561037E+03	6.715494E-18	2.470786E-19
6.561236E+03	6.700710E-18	2.465343E-19
6.561436E+03	6.697455E-18	2.464143E-19
6.561636E+03	6.706167E-18	2.467345E-19
6.561837E+03	6.705162E-18	2.466972E-19
6.562036E+03	6.703866E-18	2.466492E-19
6.562236E+03	6.700612E-18	2.465292E-19
6.562436E+03	6.707439E-18	2.467801E-19
6.562636E+03	6.713324E-18	2.469964E-19
6.563236E+03	6.717344E-18	2.471434E-19
6.563436E+03	6.703790E-18	2.466445E-19
6.563636E+03	6.702783E-18	2.466072E-19
6.563836E+03	6.704608E-18	2.466741E-19
6.564036E+03	6.709115E-18	2.468397E-19
6.564236E+03	6.708545E-18	2.468185E-19
6.564436E+03	6.709716E-18	2.468613E-19
6.564636E+03	6.711903E-18	2.469415E-19
6.564836E+03	6.711116E-18	2.469123E-19
6.565036E+03	6.703290E-18	2.466242E-19
6.565236E+03	6.705259E-18	2.466964E-19
6.565436E+03	6.690179E-18	2.461414E-19
6.565636E+03	6.672123E-18	2.454769E-19
6.565837E+03	6.666038E-18	2.452528E-19
6.566037E+03	6.661114E-18	2.450715E-19
6.566237E+03	6.640589E-18	2.443161E-19
6.566437E+03	6.626666E-18	2.438037E-19
6.566637E+03	6.626167E-18	2.437851E-19
6.566837E+03	6.608687E-18	2.431419E-19
6.567037E+03	6.597956E-18	2.427469E-19
6.567237E+03	6.593973E-18	2.426002E-19
6.567437E+03	6.594635E-18	2.426244E-19
6.567637E+03	6.589272E-18	2.424269E-19
6.567837E+03	6.584201E-18	2.422402E-19
6.568037E+03	6.585951E-18	2.423044E-19
6.568237E+03	6.598950E-18	2.427825E-19
6.568437E+03	6.606580E-18	2.430631E-19
6.568637E+03	6.609275E-18	2.431621E-19
6.568837E+03	6.612985E-18	2.432985E-19
6.569037E+03	6.620689E-18	2.435818E-19
6.569237E+03	6.627231E-18	2.438224E-19
6.569437E+03	6.633774E-18	2.440630E-19
6.569637E+03	6.633929E-18	2.440686E-19
6.569837E+03	6.637206E-18	2.441890E-19
6.570037E+03	6.640700E-18	2.443175E-19
6.570437E+03	6.634332E-18	2.440830E-19
6.570638E+03	6.633689E-18	2.440593E-19
6.570838E+03	6.634062E-18	2.440729E-19
6.571038E+03	6.630152E-18	2.439290E-19
6.571238E+03	6.645336E-18	2.444876E-19
6.571438E+03	6.636852E-18	2.441754E-19
6.571638E+03	6.615951E-18	2.434063E-19
6.571838E+03	6.611532E-18	2.432437E-19
6.572038E+03	6.607767E-18	2.431051E-19
6.572238E+03	6.601096E-18	2.428596E-19
6.572438E+03	6.598273E-18	2.427558E-19
6.572638E+03	6.599227E-18	2.427908E-19
6.573038E+03	6.593437E-18	2.425777E-19
6.573238E+03	6.588654E-18	2.424017E-19
6.573438E+03	6.582128E-18	2.421616E-19
6.573637E+03	6.573060E-18	2.418280E-19
6.573837E+03	6.570673E-18	2.417401E-19
6.574038E+03	6.571336E-18	2.417645E-19
6.574238E+03	6.579116E-18	2.420508E-19
6.574437E+03	6.583992E-18	2.422302E-19
6.574637E+03	6.588578E-18	2.423989E-19
6.574837E+03	6.597885E-18	2.427413E-19
6.575037E+03	6.606830E-18	2.430704E-19
6.575237E+03	6.598123E-18	2.427501E-19
6.575437E+03	6.582662E-18	2.421813E-19
6.575638E+03	6.565239E-18	2.415403E-19
6.575838E+03	6.569898E-18	2.417118E-19
6.576038E+03	6.583202E-18	2.422013E-19
6.576238E+03	6.592075E-18	2.425278E-19
6.576438E+03	6.597897E-18	2.427420E-19
6.576638E+03	6.588536E-18	2.423977E-19
6.576838E+03	6.579175E-18	2.420533E-19
6.577038E+03	6.563564E-18	2.414791E-19
6.577238E+03	6.544975E-18	2.407952E-19
6.577438E+03	6.530962E-18	2.402797E-19
6.577638E+03	6.518837E-18	2.398337E-19
6.577838E+03	6.500608E-18	2.391632E-19
6.578038E+03	6.508101E-18	2.394389E-19
6.578238E+03	6.524169E-18	2.400302E-19
6.578438E+03	6.509718E-18	2.394986E-19
6.578638E+03	6.503696E-18	2.392772E-19
6.578838E+03	6.499417E-18	2.391198E-19
6.579038E+03	6.491142E-18	2.388155E-19
6.579238E+03	6.486354E-18	2.386394E-19
6.579438E+03	6.489125E-18	2.387415E-19
6.579638E+03	6.491386E-18	2.388248E-19
6.579838E+03	6.493430E-18	2.389001E-19
6.580038E+03	6.501506E-18	2.391974E-19
6.580238E+03	6.489887E-18	2.387701E-19
6.580438E+03	6.484226E-18	2.385619E-19
6.580639E+03	6.477986E-18	2.383325E-19
6.580839E+03	6.469781E-18	2.380308E-19
6.581039E+03	6.468845E-18	2.379965E-19
6.581239E+03	6.470380E-18	2.380531E-19
6.581439E+03	6.471115E-18	2.380803E-19
6.581639E+03	6.469307E-18	2.380140E-19
6.581839E+03	6.464809E-18	2.378487E-19
6.582039E+03	6.459075E-18	2.376378E-19
6.582239E+03	6.456975E-18	2.375608E-19
6.582439E+03	6.455748E-18	2.375158E-19
6.582639E+03	6.451613E-18	2.373639E-19
6.582839E+03	6.439698E-18	2.369257E-19
6.583039E+03	6.422112E-18	2.362789E-19
6.583239E+03	6.418921E-18	2.361617E-19
6.583439E+03	6.428672E-18	2.365206E-19
6.583639E+03	6.432461E-18	2.366603E-19
6.583839E+03	6.429489E-18	2.365511E-19
6.584039E+03	6.425280E-18	2.363965E-19
6.584239E+03	6.419835E-18	2.361964E-19
6.584439E+03	6.426896E-18	2.364564E-19
6.584639E+03	6.433013E-18	2.366817E-19
6.584839E+03	6.434331E-18	2.367304E-19
6.585039E+03	6.437249E-18	2.368380E-19
6.585239E+03	6.440094E-18	2.369429E-19
6.585440E+03	6.436031E-18	2.367937E-19
6.585640E+03	6.428040E-18	2.364999E-19
6.585840E+03	6.432485E-18	2.366637E-19
6.586039E+03	6.438313E-18	2.368784E-19
6.586239E+03	6.432503E-18	2.366649E-19
6.586440E+03	6.430913E-18	2.366067E-19
6.586640E+03	6.445032E-18	2.371264E-19
6.586840E+03	6.452462E-18	2.374000E-19
6.587039E+03	6.458363E-18	2.376174E-19
6.587239E+03	6.464847E-18	2.378563E-19
6.587439E+03	6.467185E-18	2.379426E-19
6.587639E+03	6.479270E-18	2.383876E-19
6.587839E+03	6.491430E-18	2.388352E-19
6.588039E+03	6.500607E-18	2.391732E-19
6.588439E+03	6.508850E-18	2.394771E-19
6.588639E+03	6.518247E-18	2.398232E-19
6.588839E+03	6.527499E-18	2.401639E-19
6.589039E+03	6.532095E-18	2.403333E-19
6.589239E+03	6.531379E-18	2.403073E-19
6.589439E+03	6.540268E-18	2.406347E-19
6.589639E+03	6.546392E-18	2.408604E-19
6.589839E+03	6.537600E-18	2.405372E-19
6.590039E+03	6.541761E-18	2.406907E-19
6.590239E+03	6.548978E-18	2.409566E-19
6.590440E+03	6.550447E-18	2.410110E-19
6.590640E+03	6.533794E-18	2.403986E-19
6.590840E+03	6.516633E-18	2.397676E-19
6.591040E+03	6.516209E-18	2.397524E-19
6.591240E+03	6.508652E-18	2.394747E-19
6.591440E+03	6.491634E-18	2.388489E-19
6.591640E+03	6.474324E-18	2.382124E-19
6.591840E+03	6.461962E-18	2.377580E-19
6.592040E+03	6.448581E-18	2.372660E-19
6.592240E+03	6.452013E-18	2.373927E-19
6.592440E+03	6.459666E-18	2.376747E-19
6.592640E+03	6.463608E-18	2.378201E-19
6.592840E+03	6.463984E-18	2.378344E-19
6.593040E+03	6.458317E-18	2.376263E-19
6.593240E+03	6.454835E-18	2.374986E-19
6.593440E+03	6.457175E-18	2.375851E-19
6.593640E+03	6.443355E-18	2.370770E-19
6.593840E+03	6.432301E-18	2.366707E-19
6.594040E+03	6.420372E-18	2.362322E-19
6.594240E+03	6.416597E-18	2.360938E-19
6.594440E+03	6.415370E-18	2.360490E-19
6.594640E+03	6.415235E-18	2.360445E-19
6.594840E+03	6.428060E-18	2.365168E-19
6.595040E+03	6.438555E-18	2.369035E-19
6.595240E+03	6.429975E-18	2.365882E-19
6.595441E+03	6.434793E-18	2.367660E-19
6.595641E+03	6.449440E-18	2.373054E-19
6.595841E+03	6.457097E-18	2.375876E-19
6.596041E+03	6.453979E-18	2.374733E-19
6.596241E+03	6.451441E-18	2.373804E-19
6.596441E+03	6.448613E-18	2.372768E-19
6.596641E+03	6.445712E-18	2.371706E-19
6.596841E+03	6.425988E-18	2.364453E-19
6.597041E+03	6.412527E-18	2.359505E-19
6.597241E+03	6.404308E-18	2.356486E-19
6.597441E+03	6.391427E-18	2.351751E-19
6.597641E+03	6.399522E-18	2.354735E-19
6.597841E+03	6.392614E-18	2.352198E-19
6.598041E+03	6.359994E-18	2.340201E-19
6.598240E+03	6.352138E-18	2.337315E-19
6.598440E+03	6.350107E-18	2.336573E-19
6.598641E+03	6.343125E-18	2.334009E-19
6.598841E+03	6.344592E-18	2.334554E-19
6.599041E+03	6.338701E-18	2.332392E-19
6.599240E+03	6.328585E-18	2.328675E-19
6.599440E+03	6.326701E-18	2.327986E-19
6.599640E+03	6.312722E-18	2.322848E-19
6.599840E+03	6.304864E-18	2.319962E-19
6.600040E+03	6.297806E-18	2.317370E-19
6.600240E+03	6.289291E-18	2.314243E-19
6.600441E+03	6.279829E-18	2.310766E-19
6.600641E+03	6.274373E-18	2.308764E-19
6.600841E+03	6.270301E-18	2.307272E-19
6.601041E+03	6.262732E-18	2.304492E-19
6.601241E+03	6.259680E-18	2.303375E-19
6.601441E+03	6.250216E-18	2.299898E-19
6.601641E+03	6.234339E-18	2.294061E-19
6.601841E+03	6.212849E-18	2.286159E-19
6.602041E+03	6.194055E-18	2.279249E-19
6.602241E+03	6.188305E-18	2.277139E-19
6.602441E+03	6.186418E-18	2.276450E-19
6.602641E+03	6.188465E-18	2.277210E-19
6.602841E+03	6.171126E-18	2.270835E-19
6.603041E+03	6.157067E-18	2.265668E-19
6.603241E+03	6.159988E-18	2.266749E-19
6.603441E+03	6.159412E-18	2.266542E-19
6.603641E+03	6.162187E-18	2.267570E-19
6.603841E+03	6.149366E-18	2.262858E-19
6.604041E+03	6.131368E-18	2.256241E-19
6.604241E+03	6.123939E-18	2.253513E-19
6.604441E+03	6.113083E-18	2.249525E-19
6.604641E+03	6.101717E-18	2.245348E-19
6.604841E+03	6.092901E-18	2.242110E-19
6.605041E+03	6.087730E-18	2.240213E-19
6.605242E+03	6.077238E-18	2.236359E-19
6.605442E+03	6.070754E-18	2.233979E-19
6.605642E+03	6.071999E-18	2.234443E-19
6.605842E+03	6.059317E-18	2.229783E-19
6.606042E+03	6.036793E-18	2.221501E-19
6.606242E+03	6.018642E-18	2.214828E-19
6.606442E+03	6.013980E-18	2.213118E-19
6.606642E+03	6.015879E-18	2.213823E-19
6.606842E+03	6.013549E-18	2.212972E-19
6.607042E+03	6.019604E-18	2.215207E-19
6.607242E+03	6.020046E-18	2.215376E-19
6.607442E+03	6.016040E-18	2.213909E-19
6.607642E+03	6.016700E-18	2.214158E-19
6.607842E+03	6.026330E-18	2.217709E-19
6.608042E+03	6.032605E-18	2.220025E-19
6.608242E+03	6.037276E-18	2.221751E-19
6.608442E+03	6.039834E-18	2.222698E-19
6.608642E+03	6.046110E-18	2.225015E-19
6.608842E+03	6.037655E-18	2.221910E-19
6.609042E+03	6.039483E-18	2.222590E-19
6.609242E+03	6.040290E-18	2.222894E-19
6.609442E+03	6.043066E-18	2.223922E-19
6.609642E+03	6.059993E-18	2.230159E-19
6.609842E+03	6.063937E-18	2.231617E-19
6.610042E+03	6.048844E-18	2.226070E-19
6.610243E+03	6.048485E-18	2.225945E-19
6.610443E+03	6.058630E-18	2.229686E-19
6.610642E+03	6.058782E-18	2.229749E-19
6.610842E+03	6.049740E-18	2.226428E-19
6.611042E+03	6.052664E-18	2.227512E-19
6.611243E+03	6.055807E-18	2.228676E-19
6.611443E+03	6.053405E-18	2.227799E-19
6.611642E+03	6.042393E-18	2.223754E-19
6.611842E+03	6.035905E-18	2.221373E-19
6.612042E+03	6.040580E-18	2.223101E-19
6.612442E+03	6.039058E-18	2.222556E-19
6.612642E+03	6.044536E-18	2.224580E-19
6.612842E+03	6.047315E-18	2.225610E-19
6.613042E+03	6.032507E-18	2.220168E-19
6.613242E+03	6.018939E-18	2.215182E-19
6.613442E+03	6.018871E-18	2.215165E-19
6.613642E+03	6.029459E-18	2.219069E-19
6.613842E+03	6.044279E-18	2.224531E-19
6.614042E+03	6.059903E-18	2.230289E-19
6.614242E+03	6.053924E-18	2.228097E-19
6.614442E+03	6.041450E-18	2.223514E-19
6.614642E+03	6.042404E-18	2.223873E-19
6.614842E+03	6.050221E-18	2.226757E-19
6.615042E+03	6.060373E-18	2.230502E-19
6.615243E+03	6.069286E-18	2.233790E-19
6.615443E+03	6.082650E-18	2.238717E-19
6.615643E+03	6.092731E-18	2.242436E-19
6.615843E+03	6.097629E-18	2.244246E-19
6.616043E+03	6.109682E-18	2.248691E-19
6.616243E+03	6.119910E-18	2.252464E-19
6.616443E+03	6.124736E-18	2.254248E-19
6.616643E+03	6.143507E-18	2.261165E-19
6.616843E+03	6.153227E-18	2.264751E-19
6.617243E+03	6.167117E-18	2.269881E-19
6.617443E+03	6.180196E-18	2.274703E-19
6.617643E+03	6.176483E-18	2.273345E-19
6.617843E+03	6.171820E-18	2.271637E-19
6.618043E+03	6.174604E-18	2.272671E-19
6.618243E+03	6.176878E-18	2.273517E-19
6.618443E+03	6.185651E-18	2.276754E-19
6.618643E+03	6.192087E-18	2.279132E-19
6.618843E+03	6.194362E-18	2.279979E-19
6.619043E+03	6.192255E-18	2.279212E-19
6.619243E+03	6.195333E-18	2.280354E-19
6.619443E+03	6.199726E-18	2.281979E-19
6.619643E+03	6.212445E-18	2.286670E-19
6.619843E+03	6.232394E-18	2.294022E-19
6.620044E+03	6.242414E-18	2.297719E-19
6.620244E+03	6.253820E-18	2.301927E-19
6.620444E+03	6.257631E-18	2.303339E-19
6.620644E+03	6.249317E-18	2.300288E-19
6.620844E+03	6.252835E-18	2.301592E-19
6.621044E+03	6.256208E-18	2.302843E-19
6.621244E+03	6.254760E-18	2.302320E-19
6.621444E+03	6.260251E-18	2.304350E-19
6.621644E+03	6.258730E-18	2.303800E-19
6.621844E+03	6.256040E-18	2.302819E-19
6.622044E+03	6.260875E-18	2.304608E-19
6.622244E+03	6.263299E-18	2.305510E-19
6.622444E+03	6.268207E-18	2.307326E-19
6.622644E+03	6.276550E-18	2.310407E-19
6.622844E+03	6.279705E-18	2.311578E-19
6.623043E+03	6.283226E-18	2.312884E-19
6.623243E+03	6.285359E-18	2.313679E-19
6.623444E+03	6.283108E-18	2.312860E-19
6.623644E+03	6.277715E-18	2.310885E-19
6.623843E+03	6.281967E-18	2.312460E-19
6.624043E+03	6.301419E-18	2.319630E-19
6.624243E+03	6.322845E-18	2.327528E-19
6.624443E+03	6.335576E-18	2.332224E-19
6.624643E+03	6.353057E-18	2.338669E-19
6.624843E+03	6.355924E-18	2.339735E-19
6.625044E+03	6.355503E-18	2.339590E-19
6.625244E+03	6.363193E-18	2.342431E-19
6.625444E+03	6.369495E-18	2.344762E-19
6.625644E+03	6.378721E-18	2.348168E-19
6.625844E+03	6.382904E-18	2.349718E-19
6.626044E+03	6.384822E-18	2.350435E-19
6.626244E+03	6.395731E-18	2.354461E-19
6.626444E+03	6.398818E-18	2.355608E-19
6.626644E+03	6.395912E-18	2.354549E-19
6.626844E+03	6.392786E-18	2.353409E-19
6.627044E+03	6.386005E-18	2.350923E-19
6.627244E+03	6.385292E-18	2.350671E-19
6.627444E+03	6.394667E-18	2.354133E-19
6.627644E+03	6.416178E-18	2.362063E-19
6.627844E+03	6.399601E-18	2.355971E-19
6.628044E+03	6.390187E-18	2.352516E-19
6.628244E+03	6.406218E-18	2.358429E-19
6.628444E+03	6.416545E-18	2.362242E-19
6.628644E+03	6.431626E-18	2.367805E-19
6.628844E+03	6.444661E-18	2.372615E-19
6.629044E+03	6.458426E-18	2.377693E-19
6.629244E+03	6.471682E-18	2.382585E-19
6.629444E+03	6.468704E-18	2.381499E-19
6.629644E+03	6.473770E-18	2.383376E-19
6.629844E+03	6.474888E-18	2.383799E-19
6.630045E+03	6.486829E-18	2.388206E-19
6.630245E+03	6.494090E-18	2.390891E-19
6.630445E+03	6.496671E-18	2.391852E-19
6.630645E+03	6.497130E-18	2.392033E-19
6.630845E+03	6.503734E-18	2.394476E-19
6.631045E+03	6.515093E-18	2.398669E-19
6.631245E+03	6.524915E-18	2.402297E-19
6.631445E+03	6.532399E-18	2.405064E-19
6.631645E+03	6.543393E-18	2.409123E-19
6.631845E+03	6.551827E-18	2.412241E-19
6.632045E+03	6.553826E-18	2.412988E-19
6.632245E+03	6.554507E-18	2.413251E-19
6.632445E+03	6.560163E-18	2.415345E-19
6.633045E+03	6.568134E-18	2.418316E-19
6.633245E+03	6.573864E-18	2.420438E-19
6.633845E+03	6.584325E-18	2.424326E-19
6.634045E+03	6.592910E-18	2.427499E-19
6.634245E+03	6.586569E-18	2.425176E-19
6.634445E+03	6.598960E-18	2.429751E-19
6.634645E+03	6.605643E-18	2.432224E-19
6.634846E+03	6.597913E-18	2.429390E-19
6.635046E+03	6.588717E-18	2.426017E-19
6.635246E+03	6.578131E-18	2.422131E-19
6.635446E+03	6.577790E-18	2.422018E-19
6.635645E+03	6.583522E-18	2.424141E-19
6.635846E+03	6.578131E-18	2.422169E-19
6.636046E+03	6.562933E-18	2.416585E-19
6.636245E+03	6.551978E-18	2.412564E-19
6.636445E+03	6.560200E-18	2.415604E-19
6.636645E+03	6.573399E-18	2.420477E-19
6.636845E+03	6.582793E-18	2.423948E-19
6.637045E+03	6.585892E-18	2.425102E-19
6.637245E+03	6.588699E-18	2.426148E-19
6.637445E+03	6.591212E-18	2.427087E-19
6.637645E+03	6.589408E-18	2.426435E-19
6.637845E+03	6.582991E-18	2.424085E-19
6.638045E+03	6.585945E-18	2.425186E-19
6.638245E+03	6.590143E-18	2.426745E-19
6.638445E+03	6.593829E-18	2.428115E-19
6.638645E+03	6.601322E-18	2.430887E-19
6.638845E+03	6.598493E-18	2.429859E-19
6.639045E+03	6.599251E-18	2.430151E-19
6.639245E+03	6.608796E-18	2.433679E-19
6.639445E+03	6.619219E-18	2.437530E-19
6.639645E+03	6.633889E-18	2.442946E-19
6.639846E+03	6.642924E-18	2.446286E-19
6.640046E+03	6.647271E-18	2.447901E-19
6.640246E+03	6.651253E-18	2.449381E-19
6.640446E+03	6.653698E-18	2.450294E-19
6.640646E+03	6.645597E-18	2.447324E-19
6.640846E+03	6.639546E-18	2.445109E-19
6.641046E+03	6.631004E-18	2.441978E-19
6.641246E+03	6.615945E-18	2.436445E-19
6.641446E+03	6.601617E-18	2.431182E-19
6.641646E+03	6.601351E-18	2.431098E-19
6.641846E+03	6.599473E-18	2.430420E-19
6.642046E+03	6.595179E-18	2.428852E-19
6.642246E+03	6.590957E-18	2.427311E-19
6.642446E+03	6.579263E-18	2.423018E-19
6.642646E+03	6.564713E-18	2.417673E-19
6.642846E+03	6.563347E-18	2.417184E-19
6.643046E+03	6.573921E-18	2.421092E-19
6.643246E+03	6.590650E-18	2.427266E-19
6.643446E+03	6.592509E-18	2.427965E-19
6.643646E+03	6.588067E-18	2.426343E-19
6.643846E+03	6.590437E-18	2.427230E-19
6.644046E+03	6.601674E-18	2.431382E-19
6.644246E+03	6.619797E-18	2.438071E-19
6.644446E+03	6.631182E-18	2.442278E-19
6.644646E+03	6.627986E-18	2.441115E-19
6.644847E+03	6.627722E-18	2.441032E-19
6.645047E+03	6.627751E-18	2.441057E-19
6.645247E+03	6.634006E-18	2.443375E-19
6.645447E+03	6.639970E-18	2.445586E-19
6.645647E+03	6.642051E-18	2.446367E-19
6.645847E+03	6.654464E-18	2.450953E-19
6.646047E+03	6.653321E-18	2.450546E-19
6.646247E+03	6.665369E-18	2.454998E-19
6.646447E+03	6.675585E-18	2.458776E-19
6.646647E+03	6.675249E-18	2.458666E-19
6.646847E+03	6.681874E-18	2.461121E-19
6.647047E+03	6.692019E-18	2.464872E-19
6.647247E+03	6.705462E-18	2.469839E-19
6.647447E+03	6.718027E-18	2.474481E-19
6.647647E+03	6.720697E-18	2.475480E-19
6.647847E+03	6.730110E-18	2.478962E-19
6.648047E+03	6.740185E-18	2.482687E-19
6.648247E+03	6.747546E-18	2.485414E-19
6.648447E+03	6.749265E-18	2.486062E-19
6.648646E+03	6.755455E-18	2.488357E-19
6.648846E+03	6.758420E-18	2.489465E-19
6.649047E+03	6.757133E-18	2.489006E-19
6.649246E+03	6.758778E-18	2.489627E-19
6.649446E+03	6.764750E-18	2.491842E-19
6.649647E+03	6.767716E-18	2.492949E-19
6.649847E+03	6.758511E-18	2.489574E-19
6.650047E+03	6.749452E-18	2.486252E-19
6.650247E+03	6.744499E-18	2.484443E-19
6.650447E+03	6.747904E-18	2.485713E-19
6.650647E+03	6.747350E-18	2.485524E-19
6.650847E+03	6.745109E-18	2.484714E-19
6.651047E+03	6.745582E-18	2.484904E-19
6.651247E+03	6.751335E-18	2.487039E-19
6.651447E+03	6.760462E-18	2.490416E-19
6.651647E+03	6.743114E-18	2.484041E-19
6.651847E+03	6.734933E-18	2.481043E-19
6.652047E+03	6.732325E-18	2.480098E-19
6.652247E+03	6.728104E-18	2.478558E-19
6.652447E+03	6.736937E-18	2.481828E-19
6.652647E+03	6.747753E-18	2.485828E-19
6.652847E+03	6.760842E-18	2.490666E-19
6.653047E+03	6.779873E-18	2.497693E-19
6.653247E+03	6.798467E-18	2.504558E-19
6.653447E+03	6.804443E-18	2.506776E-19
6.653647E+03	6.794941E-18	2.503291E-19
6.653847E+03	6.792335E-18	2.502347E-19
6.654047E+03	6.800660E-18	2.505431E-19
6.654247E+03	6.808031E-18	2.508162E-19
6.654447E+03	6.812689E-18	2.509894E-19
6.654848E+03	6.813861E-18	2.510359E-19
6.655048E+03	6.817565E-18	2.511740E-19
6.655248E+03	6.829194E-18	2.516040E-19
6.655448E+03	6.834733E-18	2.518097E-19
6.655648E+03	6.842621E-18	2.521020E-19
6.655848E+03	6.860048E-18	2.527457E-19
6.656048E+03	6.865295E-18	2.529407E-19
6.656248E+03	6.876706E-18	2.533627E-19
6.656448E+03	6.888779E-18	2.538092E-19
6.656648E+03	6.891386E-18	2.539069E-19
6.656848E+03	6.890983E-18	2.538938E-19
6.657048E+03	6.890361E-18	2.538725E-19
6.657248E+03	6.895390E-18	2.540595E-19
6.657448E+03	6.886474E-18	2.537327E-19
6.657648E+03	6.878219E-18	2.534302E-19
6.657848E+03	6.875100E-18	2.533170E-19
6.658048E+03	6.880790E-18	2.535283E-19
6.658248E+03	6.882810E-18	2.536044E-19
6.658448E+03	6.878297E-18	2.534398E-19
6.658648E+03	6.878483E-18	2.534484E-19
6.658848E+03	6.883806E-18	2.536462E-19
6.659048E+03	6.890451E-18	2.538928E-19
6.659248E+03	6.887774E-18	2.537958E-19
6.659448E+03	6.877167E-18	2.534067E-19
6.659649E+03	6.878235E-18	2.534478E-19
6.659849E+03	6.892516E-18	2.539757E-19
6.660049E+03	6.907020E-18	2.545119E-19
6.660249E+03	6.913520E-18	2.547532E-19
6.660449E+03	6.933898E-18	2.555058E-19
6.660649E+03	6.952221E-18	2.561827E-19
6.660849E+03	6.948737E-18	2.560561E-19
6.661048E+03	6.938131E-18	2.556670E-19
6.661248E+03	6.943678E-18	2.558732E-19
6.661449E+03	6.954294E-18	2.562661E-19
6.661649E+03	6.954849E-18	2.562884E-19
6.661848E+03	6.953495E-18	2.562402E-19
6.662048E+03	6.951479E-18	2.561677E-19
6.662248E+03	6.955192E-18	2.563063E-19
6.662448E+03	6.965516E-18	2.566885E-19
6.662648E+03	6.972829E-18	2.569598E-19
6.662848E+03	6.969860E-18	2.568522E-19
6.663048E+03	6.969975E-18	2.568582E-19
6.663248E+03	6.971412E-18	2.569130E-19
6.663448E+03	6.967046E-18	2.567539E-19
6.663648E+03	6.973700E-18	2.570009E-19
6.663848E+03	6.981968E-18	2.573074E-19
6.664048E+03	6.985757E-18	2.574489E-19
6.664248E+03	6.997628E-18	2.578882E-19
6.664448E+03	6.989884E-18	2.576046E-19
6.664649E+03	6.983094E-18	2.573562E-19
6.664849E+03	6.978509E-18	2.571890E-19
6.665049E+03	6.972747E-18	2.569785E-19
6.665249E+03	6.975361E-18	2.570767E-19
6.665449E+03	6.973127E-18	2.569962E-19
6.665649E+03	6.972287E-18	2.569670E-19
6.665849E+03	6.977400E-18	2.571573E-19
6.666049E+03	6.982954E-18	2.573638E-19
6.666249E+03	6.986304E-18	2.574892E-19
6.666449E+03	7.000896E-18	2.580288E-19
6.666649E+03	7.010640E-18	2.583898E-19
6.666849E+03	7.006936E-18	2.582552E-19
6.667049E+03	7.018297E-18	2.586758E-19
6.667249E+03	7.027675E-18	2.590233E-19
6.667449E+03	7.020297E-18	2.587532E-19
6.667649E+03	7.033570E-18	2.592443E-19
6.667849E+03	7.025677E-18	2.589553E-19
6.668049E+03	7.032042E-18	2.591918E-19
6.668249E+03	7.033998E-18	2.592658E-19
6.668449E+03	7.029045E-18	2.590851E-19
6.668649E+03	7.017403E-18	2.586579E-19
6.668849E+03	7.008333E-18	2.583254E-19
6.669049E+03	7.005363E-18	2.582179E-19
6.669249E+03	7.025329E-18	2.589557E-19
6.669450E+03	7.045297E-18	2.596937E-19
6.669650E+03	7.054239E-18	2.600252E-19
6.669850E+03	7.062518E-18	2.603323E-19
6.670050E+03	7.077269E-18	2.608779E-19
6.670250E+03	7.068492E-18	2.605564E-19
6.670450E+03	7.054202E-18	2.600315E-19
6.670650E+03	7.050939E-18	2.599132E-19
6.670850E+03	7.050618E-18	2.599033E-19
6.671050E+03	7.061547E-18	2.603081E-19
6.671250E+03	7.060343E-18	2.602656E-19
6.671450E+03	7.060609E-18	2.602774E-19
6.671650E+03	7.070510E-18	2.606443E-19
6.671850E+03	7.080558E-18	2.610167E-19
6.672050E+03	7.078252E-18	2.609337E-19
6.672250E+03	7.069475E-18	2.606120E-19
6.672450E+03	7.067977E-18	2.605588E-19
6.672650E+03	7.076114E-18	2.608607E-19
6.672850E+03	7.064025E-18	2.604171E-19
6.673050E+03	7.057379E-18	2.601740E-19
6.673249E+03	7.062354E-18	2.603594E-19
6.673449E+03	7.056958E-18	2.601624E-19
6.673650E+03	7.047516E-18	2.598163E-19
6.673850E+03	7.042415E-18	2.596302E-19
6.674050E+03	7.042681E-18	2.596420E-19
6.674249E+03	7.061045E-18	2.603210E-19
6.674450E+03	7.074630E-18	2.608239E-19
6.674650E+03	7.075634E-18	2.608629E-19
6.674850E+03	7.076564E-18	2.608992E-19
6.675050E+03	7.086176E-18	2.612556E-19
6.675450E+03	7.092968E-18	2.615100E-19
6.675650E+03	7.095518E-18	2.616061E-19
6.675850E+03	7.096081E-18	2.616288E-19
6.676050E+03	7.101281E-18	2.618226E-19
6.676250E+03	7.103905E-18	2.619213E-19
6.676450E+03	7.107781E-18	2.620663E-19
6.676650E+03	7.115630E-18	2.623577E-19
6.676850E+03	7.124363E-18	2.626818E-19
6.677050E+03	7.139425E-18	2.632392E-19
6.677250E+03	7.148233E-18	2.635660E-19
6.677450E+03	7.156821E-18	2.638847E-19
6.677650E+03	7.153118E-18	2.637502E-19
6.677850E+03	7.159277E-18	2.639794E-19
6.678050E+03	7.174785E-18	2.645533E-19
6.678250E+03	7.185140E-18	2.649372E-19
6.678450E+03	7.193657E-18	2.652533E-19
6.678650E+03	7.196653E-18	2.653659E-19
6.678850E+03	7.201122E-18	2.655328E-19
6.679050E+03	7.210965E-18	2.658978E-19
6.679250E+03	7.214771E-18	2.660403E-19
6.679451E+03	7.214605E-18	2.660363E-19
6.679651E+03	7.217896E-18	2.661598E-19
6.679851E+03	7.208085E-18	2.658001E-19
6.680051E+03	7.204825E-18	2.656820E-19
6.680251E+03	7.209001E-18	2.658381E-19
6.680451E+03	7.211925E-18	2.659480E-19
6.680651E+03	7.209990E-18	2.658788E-19
6.680851E+03	7.215050E-18	2.660675E-19
6.681051E+03	7.227547E-18	2.665305E-19
6.681251E+03	7.227968E-18	2.665482E-19
6.681451E+03	7.228832E-18	2.665822E-19
6.681651E+03	7.242215E-18	2.670779E-19
6.681851E+03	7.244699E-18	2.671717E-19
6.682051E+03	7.239304E-18	2.669748E-19
6.682251E+03	7.241568E-18	2.670605E-19
6.682451E+03	7.243242E-18	2.671244E-19
6.682651E+03	7.246832E-18	2.672590E-19
6.682851E+03	7.250938E-18	2.674126E-19
6.683051E+03	7.254381E-18	2.675417E-19
6.683251E+03	7.257013E-18	2.676410E-19
6.683451E+03	7.258983E-18	2.677158E-19
6.683651E+03	7.257198E-18	2.676521E-19
6.683851E+03	7.254232E-18	2.675450E-19
6.684051E+03	7.251857E-18	2.674595E-19
6.684252E+03	7.253313E-18	2.675154E-19
6.684452E+03	7.247548E-18	2.673050E-19
6.684652E+03	7.247677E-18	2.673120E-19
6.684852E+03	7.245523E-18	2.672347E-19
6.685052E+03	7.237768E-18	2.669509E-19
6.685252E+03	7.235686E-18	2.668763E-19
6.685452E+03	7.235005E-18	2.668534E-19
6.685651E+03	7.228945E-18	2.666321E-19
6.685851E+03	7.217653E-18	2.662178E-19
6.686051E+03	7.222275E-18	2.663905E-19
6.686252E+03	7.223731E-18	2.664464E-19
6.686452E+03	7.223786E-18	2.664506E-19
6.686651E+03	7.221557E-18	2.663706E-19
6.686851E+03	7.222348E-18	2.664020E-19
6.687051E+03	7.236037E-18	2.669092E-19
6.687251E+03	7.247515E-18	2.673348E-19
6.687451E+03	7.252361E-18	2.675158E-19
6.687651E+03	7.251681E-18	2.674929E-19
6.687851E+03	7.260360E-18	2.678153E-19
6.688051E+03	7.262406E-18	2.678930E-19
6.688251E+03	7.267549E-18	2.680850E-19
6.688451E+03	7.266721E-18	2.680567E-19
6.688651E+03	7.264641E-18	2.679822E-19
6.688851E+03	7.255188E-18	2.676358E-19
6.689051E+03	7.259299E-18	2.677897E-19
6.689252E+03	7.270562E-18	2.682075E-19
6.689452E+03	7.273715E-18	2.683261E-19
6.689652E+03	7.275616E-18	2.683985E-19
6.689852E+03	7.282972E-18	2.686721E-19
6.690052E+03	7.282218E-18	2.686466E-19
6.690252E+03	7.277041E-18	2.684579E-19
6.690452E+03	7.261468E-18	2.678857E-19
6.690652E+03	7.253857E-18	2.676072E-19
6.690852E+03	7.256495E-18	2.677068E-19
6.691052E+03	7.252202E-18	2.675507E-19
6.691252E+03	7.269809E-18	2.682025E-19
6.691452E+03	7.261092E-18	2.678832E-19
6.691652E+03	7.247506E-18	2.673843E-19
6.691852E+03	7.249850E-18	2.674731E-19
6.692052E+03	7.240173E-18	2.671183E-19
6.692252E+03	7.226292E-18	2.666085E-19
6.692452E+03	7.225905E-18	2.665965E-19
6.692652E+03	7.238574E-18	2.670663E-19
6.692852E+03	7.243941E-18	2.672666E-19
6.693052E+03	7.243040E-18	2.672356E-19
6.693252E+03	7.237270E-18	2.670251E-19
6.693452E+03	7.231574E-18	2.668172E-19
6.693652E+03	7.225952E-18	2.666121E-19
6.693852E+03	7.219887E-18	2.663906E-19
6.694052E+03	7.218616E-18	2.663461E-19
6.694253E+03	7.212772E-18	2.661328E-19
6.694453E+03	7.205969E-18	2.658841E-19
6.694653E+03	7.213403E-18	2.661607E-19
6.694853E+03	7.226371E-18	2.666415E-19
6.695053E+03	7.234470E-18	2.669427E-19
6.695253E+03	7.245815E-18	2.673637E-19
6.695453E+03	7.257235E-18	2.677874E-19
6.695653E+03	7.264009E-18	2.680397E-19
6.695853E+03	7.269601E-18	2.682484E-19
6.696053E+03	7.260436E-18	2.679126E-19
6.696253E+03	7.254813E-18	2.677074E-19
6.696453E+03	7.246607E-18	2.674070E-19
6.696653E+03	7.254267E-18	2.676920E-19
6.696853E+03	7.252923E-18	2.676448E-19
6.697053E+03	7.243905E-18	2.673144E-19
6.697253E+03	7.244553E-18	2.673407E-19
6.697453E+03	7.237970E-18	2.671001E-19
6.697653E+03	7.226146E-18	2.666661E-19
6.697853E+03	7.218160E-18	2.663738E-19
6.698052E+03	7.212756E-18	2.661767E-19
6.698252E+03	7.218054E-18	2.663746E-19
6.698453E+03	7.222763E-18	2.665507E-19
6.698653E+03	7.224666E-18	2.666234E-19
6.698852E+03	7.221033E-18	2.664917E-19
6.699053E+03	7.218878E-18	2.664145E-19
6.699253E+03	7.205723E-18	2.659314E-19
6.699453E+03	7.196701E-18	2.656008E-19
6.699653E+03	7.194692E-18	2.655291E-19
6.699853E+03	7.193125E-18	2.654736E-19
6.700053E+03	7.188753E-18	2.653147E-19
6.700253E+03	7.185045E-18	2.651802E-19
6.700453E+03	7.183774E-18	2.651357E-19
6.700653E+03	7.182282E-18	2.650830E-19
6.700853E+03	7.178130E-18	2.649321E-19
6.701253E+03	7.178320E-18	2.649439E-19
6.701453E+03	7.179707E-18	2.649975E-19
6.701653E+03	7.178952E-18	2.649721E-19
6.701853E+03	7.167120E-18	2.645378E-19
6.702053E+03	7.158612E-18	2.642261E-19
6.702253E+03	7.164429E-18	2.644433E-19
6.702453E+03	7.159539E-18	2.642652E-19
6.702653E+03	7.167277E-18	2.645532E-19
6.702853E+03	7.181516E-18	2.650812E-19
6.703053E+03	7.184899E-18	2.652085E-19
6.703253E+03	7.184809E-18	2.652076E-19
6.703453E+03	7.181174E-18	2.650758E-19
6.703653E+03	7.173772E-18	2.648050E-19
6.703853E+03	7.160608E-18	2.643215E-19
6.704054E+03	7.155201E-18	2.641244E-19
6.704254E+03	7.154667E-18	2.641071E-19
6.704654E+03	7.149537E-18	2.639226E-19
6.704854E+03	7.150777E-18	2.639708E-19
6.705054E+03	7.157633E-18	2.642263E-19
6.705254E+03	7.165818E-18	2.645309E-19
6.705454E+03	7.172305E-18	2.647728E-19
6.705654E+03	7.177092E-18	2.649520E-19
6.705854E+03	7.165255E-18	2.645175E-19
6.706054E+03	7.144402E-18	2.637501E-19
6.706254E+03	7.142465E-18	2.636810E-19
6.706454E+03	7.150134E-18	2.639666E-19
6.706654E+03	7.147015E-18	2.638539E-19
6.706854E+03	7.145522E-18	2.638012E-19
6.707054E+03	7.143880E-18	2.637431E-19
6.707254E+03	7.140538E-18	2.636222E-19
6.707454E+03	7.136384E-18	2.634712E-19
6.707654E+03	7.131269E-18	2.632848E-19
6.707854E+03	7.124158E-18	2.630248E-19
6.708054E+03	7.131311E-18	2.632913E-19
6.708254E+03	7.129521E-18	2.632277E-19
6.708454E+03	7.119306E-18	2.628530E-19
6.708654E+03	7.093639E-18	2.619078E-19
6.708854E+03	7.071668E-18	2.610991E-19
6.709055E+03	7.066477E-18	2.609099E-19
6.709255E+03	7.067642E-18	2.609554E-19
6.709455E+03	7.071173E-18	2.610882E-19
6.709655E+03	7.056888E-18	2.605632E-19
6.709855E+03	7.056796E-18	2.605623E-19
6.710055E+03	7.067648E-18	2.609654E-19
6.710255E+03	7.066151E-18	2.609126E-19
6.710454E+03	7.061624E-18	2.607479E-19
6.710654E+03	7.060498E-18	2.607088E-19
6.711055E+03	7.064236E-18	2.608518E-19
6.711255E+03	7.069987E-18	2.610667E-19
6.711454E+03	7.056585E-18	2.605742E-19
6.711654E+03	7.043848E-18	2.601064E-19
6.711854E+03	7.036066E-18	2.598215E-19
6.712054E+03	7.027765E-18	2.595174E-19
6.712254E+03	7.023162E-18	2.593499E-19
6.712454E+03	7.011089E-18	2.589065E-19
6.712654E+03	7.007668E-18	2.587827E-19
6.712854E+03	7.012606E-18	2.589675E-19
6.713054E+03	7.018431E-18	2.591851E-19
6.713254E+03	7.017969E-18	2.591706E-19
6.713454E+03	7.018248E-18	2.591833E-19
6.713654E+03	7.019710E-18	2.592398E-19
6.713855E+03	7.019250E-18	2.592253E-19
6.714055E+03	7.023967E-18	2.594021E-19
6.714255E+03	7.026096E-18	2.594831E-19
6.714455E+03	7.018680E-18	2.592118E-19
6.714655E+03	7.013779E-18	2.590333E-19
6.714855E+03	7.012283E-18	2.589805E-19
6.715055E+03	6.999539E-18	2.585124E-19
6.715255E+03	7.000113E-18	2.585361E-19
6.715455E+03	6.995804E-18	2.583794E-19
6.715655E+03	6.999782E-18	2.585288E-19
6.715855E+03	7.013454E-18	2.590363E-19
6.716055E+03	7.017803E-18	2.591994E-19
6.716255E+03	7.018379E-18	2.592232E-19
6.716455E+03	7.018287E-18	2.592223E-19
6.716655E+03	7.021304E-18	2.593363E-19
6.716855E+03	7.022176E-18	2.593710E-19
6.717055E+03	7.026082E-18	2.595179E-19
6.717255E+03	7.027916E-18	2.595881E-19
6.717455E+03	7.027900E-18	2.595900E-19
6.717655E+03	7.017002E-18	2.591901E-19
6.717855E+03	6.996927E-18	2.584511E-19
6.718055E+03	6.996391E-18	2.584338E-19
6.718255E+03	7.004962E-18	2.587529E-19
6.718455E+03	7.011460E-18	2.589955E-19
6.718655E+03	7.020104E-18	2.593173E-19
6.718856E+03	7.021570E-18	2.593740E-19
6.719056E+03	7.031992E-18	2.597616E-19
6.719256E+03	7.031162E-18	2.597335E-19
6.719456E+03	7.021521E-18	2.593799E-19
6.719656E+03	7.026318E-18	2.595597E-19
6.719856E+03	7.017047E-18	2.592197E-19
6.720056E+03	7.009849E-18	2.589564E-19
6.720256E+03	7.010352E-18	2.589775E-19
6.720456E+03	7.000560E-18	2.586183E-19
6.720656E+03	7.000544E-18	2.586203E-19
6.720856E+03	7.007341E-18	2.588740E-19
6.721056E+03	7.009843E-18	2.589690E-19
6.721256E+03	6.996275E-18	2.584703E-19
6.721456E+03	6.995147E-18	2.584312E-19
6.721656E+03	7.004833E-18	2.587916E-19
6.721856E+03	7.007706E-18	2.589003E-19
6.722056E+03	6.993766E-18	2.583878E-19
6.722256E+03	6.980047E-18	2.578836E-19
6.722456E+03	6.986771E-18	2.581345E-19
6.722656E+03	6.984977E-18	2.580709E-19
6.722855E+03	6.981628E-18	2.579497E-19
6.723056E+03	6.975018E-18	2.577080E-19
6.723256E+03	6.961817E-18	2.572229E-19
6.723456E+03	6.952984E-18	2.568991E-19
6.723655E+03	6.950819E-18	2.568216E-19
6.723856E+03	6.937244E-18	2.563227E-19
6.724056E+03	6.931819E-18	2.561248E-19
6.724256E+03	6.928542E-18	2.560063E-19
6.724456E+03	6.916151E-18	2.555510E-19
6.724656E+03	6.900277E-18	2.549670E-19
6.724856E+03	6.895739E-18	2.548019E-19
6.725056E+03	6.892016E-18	2.546669E-19
6.725256E+03	6.876807E-18	2.541074E-19
6.725456E+03	6.873157E-18	2.539751E-19
6.725656E+03	6.868544E-18	2.538072E-19
6.725856E+03	6.868599E-18	2.538118E-19
6.726056E+03	6.875028E-18	2.540520E-19
6.726256E+03	6.878048E-18	2.541661E-19
6.726456E+03	6.861428E-18	2.535546E-19
6.726656E+03	6.852738E-18	2.532360E-19
6.726856E+03	6.844936E-18	2.529502E-19
6.727056E+03	6.837876E-18	2.526919E-19
6.727456E+03	6.826050E-18	2.522600E-19
6.727656E+03	6.815208E-18	2.518619E-19
6.727856E+03	6.792875E-18	2.510391E-19
6.728056E+03	6.789519E-18	2.509176E-19
6.728256E+03	6.783568E-18	2.507002E-19
6.728456E+03	6.765680E-18	2.500417E-19
6.728657E+03	6.760471E-18	2.498517E-19
6.728857E+03	6.759634E-18	2.498234E-19
6.729057E+03	6.755460E-18	2.496717E-19
6.729257E+03	6.758775E-18	2.497967E-19
6.729457E+03	6.758902E-18	2.498040E-19
6.729657E+03	6.759771E-18	2.498387E-19
6.729857E+03	6.775322E-18	2.504160E-19
6.730057E+03	6.778934E-18	2.505521E-19
6.730257E+03	6.778172E-18	2.505265E-19
6.730457E+03	6.778671E-18	2.505475E-19
6.730657E+03	6.780726E-18	2.506260E-19
6.730857E+03	6.790792E-18	2.510006E-19
6.731057E+03	6.787658E-18	2.508874E-19
6.731257E+03	6.775400E-18	2.504369E-19
6.731457E+03	6.774268E-18	2.503976E-19
6.731657E+03	6.773654E-18	2.503775E-19
6.731857E+03	6.786614E-18	2.508591E-19
6.732057E+03	6.803136E-18	2.514724E-19
6.732257E+03	6.788354E-18	2.509286E-19
6.732457E+03	6.780323E-18	2.506344E-19
6.732657E+03	6.767766E-18	2.501728E-19
6.732857E+03	6.753207E-18	2.496372E-19
6.733057E+03	6.758379E-18	2.498310E-19
6.733257E+03	6.751385E-18	2.495750E-19
6.733457E+03	6.762196E-18	2.499772E-19
6.733658E+03	6.780132E-18	2.506429E-19
6.733858E+03	6.766460E-18	2.501401E-19
6.734058E+03	6.761246E-18	2.499499E-19
6.734258E+03	6.755662E-18	2.497461E-19
6.734458E+03	6.745921E-18	2.493886E-19
6.734658E+03	6.727943E-18	2.487265E-19
6.734858E+03	6.715678E-18	2.482757E-19
6.735058E+03	6.720777E-18	2.484668E-19
6.735258E+03	6.729588E-18	2.487951E-19
6.735458E+03	6.732535E-18	2.489067E-19
6.735658E+03	6.736745E-18	2.490650E-19
6.735858E+03	6.717724E-18	2.483643E-19
6.736057E+03	6.712583E-18	2.481768E-19
6.736257E+03	6.705733E-18	2.479262E-19
6.736458E+03	6.696508E-18	2.475877E-19
6.736657E+03	6.700791E-18	2.477487E-19
6.736857E+03	6.692531E-18	2.474458E-19
6.737057E+03	6.690951E-18	2.473900E-19
6.737257E+03	6.693156E-18	2.474742E-19
6.737457E+03	6.687270E-18	2.472591E-19
6.737657E+03	6.668615E-18	2.465720E-19
6.737857E+03	6.650033E-18	2.458875E-19
6.738057E+03	6.642438E-18	2.456092E-19
6.738257E+03	6.640930E-18	2.455561E-19
6.738457E+03	6.633557E-18	2.452860E-19
6.738658E+03	6.624180E-18	2.449419E-19
6.738858E+03	6.621781E-18	2.448558E-19
6.739058E+03	6.621535E-18	2.448493E-19
6.739258E+03	6.618913E-18	2.447549E-19
6.739458E+03	6.619707E-18	2.447868E-19
6.739658E+03	6.613075E-18	2.445442E-19
6.739858E+03	6.605180E-18	2.442548E-19
6.740058E+03	6.603374E-18	2.441906E-19
6.740258E+03	6.606990E-18	2.443269E-19
6.740458E+03	6.596866E-18	2.439551E-19
6.740658E+03	6.583993E-18	2.434817E-19
6.740858E+03	6.584489E-18	2.435026E-19
6.741058E+03	6.589293E-18	2.436829E-19
6.741258E+03	6.581024E-18	2.433797E-19
6.741458E+03	6.573053E-18	2.430875E-19
6.741658E+03	6.565601E-18	2.428145E-19
6.741858E+03	6.559634E-18	2.425964E-19
6.742058E+03	6.560873E-18	2.426448E-19
6.742258E+03	6.570951E-18	2.430201E-19
6.742458E+03	6.580289E-18	2.433680E-19
6.742658E+03	6.581602E-18	2.434192E-19
6.742858E+03	6.579276E-18	2.433358E-19
6.743058E+03	6.573383E-18	2.431204E-19
6.743258E+03	6.571130E-18	2.430397E-19
6.743459E+03	6.568210E-18	2.429343E-19
6.743659E+03	6.552433E-18	2.423534E-19
6.743859E+03	6.547505E-18	2.421737E-19
6.744059E+03	6.553425E-18	2.423953E-19
6.744259E+03	6.564919E-18	2.428230E-19
6.744459E+03	6.556424E-18	2.425114E-19
6.744659E+03	6.553650E-18	2.424114E-19
6.744859E+03	6.552437E-18	2.423692E-19
6.745059E+03	6.546171E-18	2.421400E-19
6.745259E+03	6.535667E-18	2.417540E-19
6.745459E+03	6.539211E-18	2.418877E-19
6.745659E+03	6.546098E-18	2.421451E-19
6.745859E+03	6.527566E-18	2.414622E-19
6.746059E+03	6.512899E-18	2.409222E-19
6.746259E+03	6.512503E-18	2.409102E-19
6.746459E+03	6.507126E-18	2.407139E-19
6.746659E+03	6.498849E-18	2.404103E-19
6.746859E+03	6.489086E-18	2.400517E-19
6.747059E+03	6.480807E-18	2.397481E-19
6.747259E+03	6.491636E-18	2.401513E-19
6.747459E+03	6.498823E-18	2.404198E-19
6.747659E+03	6.494784E-18	2.402729E-19
6.747859E+03	6.492081E-18	2.401756E-19
6.748059E+03	6.487223E-18	2.399984E-19
6.748258E+03	6.488090E-18	2.400331E-19
6.748459E+03	6.494610E-18	2.402769E-19
6.748659E+03	6.512358E-18	2.409362E-19
6.748859E+03	6.513077E-18	2.409654E-19
6.749059E+03	6.512532E-18	2.409478E-19
6.749259E+03	6.527010E-18	2.414861E-19
6.749459E+03	6.540521E-18	2.419887E-19
6.749659E+03	6.536110E-18	2.418281E-19
6.749859E+03	6.541219E-18	2.420197E-19
6.750059E+03	6.555105E-18	2.425362E-19
6.750259E+03	6.567578E-18	2.430003E-19
6.750459E+03	6.572837E-18	2.431975E-19
6.750659E+03	6.567310E-18	2.429957E-19
6.750859E+03	6.562973E-18	2.428379E-19
6.751059E+03	6.550008E-18	2.423608E-19
6.751259E+03	6.552068E-18	2.424397E-19
6.751459E+03	6.562238E-18	2.428187E-19
6.751659E+03	6.563033E-18	2.428508E-19
6.751859E+03	6.560780E-18	2.427700E-19
6.752059E+03	6.556815E-18	2.426260E-19
6.752259E+03	6.559620E-18	2.427324E-19
6.752459E+03	6.569047E-18	2.430840E-19
6.752659E+03	6.576466E-18	2.433612E-19
6.752859E+03	6.580165E-18	2.435007E-19
6.753059E+03	6.581036E-18	2.435357E-19
6.753259E+03	6.586447E-18	2.437386E-19
6.753460E+03	6.595581E-18	2.440793E-19
6.753660E+03	6.599728E-18	2.442354E-19
6.753860E+03	6.594349E-18	2.440391E-19
6.754060E+03	6.609659E-18	2.446084E-19
6.754260E+03	6.620729E-18	2.450207E-19
6.754460E+03	6.614309E-18	2.447858E-19
6.754860E+03	6.611068E-18	2.446713E-19
6.755060E+03	6.605019E-18	2.444501E-19
6.755260E+03	6.593983E-18	2.440444E-19
6.755460E+03	6.591506E-18	2.439554E-19
6.755660E+03	6.582702E-18	2.436323E-19
6.755860E+03	6.576576E-18	2.434083E-19
6.756060E+03	6.562114E-18	2.428757E-19
6.756260E+03	6.553307E-18	2.425524E-19
6.756460E+03	6.543905E-18	2.422071E-19
6.756660E+03	6.536662E-18	2.419417E-19
6.756860E+03	6.548106E-18	2.423680E-19
6.757060E+03	6.546223E-18	2.423010E-19
6.757260E+03	6.540990E-18	2.421099E-19
6.757460E+03	6.555116E-18	2.426355E-19
6.757660E+03	6.556137E-18	2.426760E-19
6.757860E+03	6.541521E-18	2.421377E-19
6.758060E+03	6.537701E-18	2.419990E-19
6.758261E+03	6.524351E-18	2.415075E-19
6.758461E+03	6.519860E-18	2.413440E-19
6.758661E+03	6.527063E-18	2.416133E-19
6.758861E+03	6.523168E-18	2.414719E-19
6.759061E+03	6.512124E-18	2.410657E-19
6.759261E+03	6.509122E-18	2.409573E-19
6.759461E+03	6.506493E-18	2.408626E-19
6.759661E+03	6.504162E-18	2.407790E-19
6.759861E+03	6.492669E-18	2.403563E-19
6.760061E+03	6.490560E-18	2.402809E-19
6.760261E+03	6.482939E-18	2.400015E-19
6.760461E+03	6.486716E-18	2.401440E-19
6.760660E+03	6.498613E-18	2.405871E-19
6.760860E+03	6.496580E-18	2.405145E-19
6.761060E+03	6.494620E-18	2.404447E-19
6.761261E+03	6.501900E-18	2.407169E-19
6.761461E+03	6.511788E-18	2.410857E-19
6.761660E+03	6.508338E-18	2.409606E-19
6.761860E+03	6.513831E-18	2.411667E-19
6.762060E+03	6.525062E-18	2.415852E-19
6.762260E+03	6.536516E-18	2.420121E-19
6.762460E+03	6.539253E-18	2.421161E-19
6.762660E+03	6.549740E-18	2.425071E-19
6.762860E+03	6.555161E-18	2.427106E-19
6.763060E+03	6.558495E-18	2.428367E-19
6.763261E+03	6.546178E-18	2.423834E-19
6.763461E+03	6.538705E-18	2.421095E-19
6.763661E+03	6.540250E-18	2.421694E-19
6.763861E+03	6.538590E-18	2.421107E-19
6.764061E+03	6.532980E-18	2.419057E-19
6.764261E+03	6.532214E-18	2.418800E-19
6.764461E+03	6.523547E-18	2.415618E-19
6.764661E+03	6.522333E-18	2.415196E-19
6.764861E+03	6.526264E-18	2.416679E-19
6.765061E+03	6.531984E-18	2.418825E-19
6.765261E+03	6.533082E-18	2.419259E-19
6.765461E+03	6.526725E-18	2.416932E-19
6.765661E+03	6.530284E-18	2.418277E-19
6.765861E+03	6.531903E-18	2.418905E-19
6.766061E+03	6.524652E-18	2.416247E-19
6.766261E+03	6.536039E-18	2.420491E-19
6.766461E+03	6.542730E-18	2.422997E-19
6.766661E+03	6.543158E-18	2.423183E-19
6.766861E+03	6.532848E-18	2.419392E-19
6.767061E+03	6.529249E-18	2.418086E-19
6.767261E+03	6.535867E-18	2.420565E-19
6.767461E+03	6.537190E-18	2.421082E-19
6.767661E+03	6.527773E-18	2.417622E-19
6.767861E+03	6.528201E-18	2.417808E-19
6.768061E+03	6.544216E-18	2.423768E-19
6.768262E+03	6.553298E-18	2.427159E-19
6.768462E+03	6.567526E-18	2.432456E-19
6.768662E+03	6.570865E-18	2.433721E-19
6.768862E+03	6.558762E-18	2.429266E-19
6.769062E+03	6.560534E-18	2.429950E-19
6.769262E+03	6.556338E-18	2.428423E-19
6.769462E+03	6.554902E-18	2.427919E-19
6.769662E+03	6.551229E-18	2.426586E-19
6.769862E+03	6.559641E-18	2.429730E-19
6.770062E+03	6.574319E-18	2.435195E-19
6.770262E+03	6.588404E-18	2.440440E-19
6.770462E+03	6.581298E-18	2.437836E-19
6.770662E+03	6.569864E-18	2.433628E-19
6.770862E+03	6.568354E-18	2.433097E-19
6.771062E+03	6.565351E-18	2.432012E-19
6.771262E+03	6.574214E-18	2.435323E-19
6.771462E+03	6.574719E-18	2.435538E-19
6.771662E+03	6.575149E-18	2.435726E-19
6.771862E+03	6.593714E-18	2.442631E-19
6.772062E+03	6.600862E-18	2.445307E-19
6.772262E+03	6.607339E-18	2.447734E-19
6.772462E+03	6.621503E-18	2.453010E-19
6.772662E+03	6.609844E-18	2.448719E-19
6.772861E+03	6.601020E-18	2.445478E-19
6.773062E+03	6.616979E-18	2.451418E-19
6.773262E+03	6.624353E-18	2.454179E-19
6.773462E+03	6.633444E-18	2.457575E-19
6.773663E+03	6.648210E-18	2.463074E-19
6.773863E+03	6.656183E-18	2.466056E-19
6.774062E+03	6.658185E-18	2.466826E-19
6.774262E+03	6.669668E-18	2.471109E-19
6.774462E+03	6.685705E-18	2.477079E-19
6.774662E+03	6.696294E-18	2.481031E-19
6.774862E+03	6.712633E-18	2.487114E-19
6.775062E+03	6.720983E-18	2.490236E-19
6.775262E+03	6.715894E-18	2.488379E-19
6.775462E+03	6.705801E-18	2.484668E-19
6.775662E+03	6.712957E-18	2.487349E-19
6.775862E+03	6.714513E-18	2.487954E-19
6.776062E+03	6.723164E-18	2.491188E-19
6.776262E+03	6.726960E-18	2.492624E-19
6.776462E+03	6.726202E-18	2.492372E-19
6.776662E+03	6.732688E-18	2.494804E-19
6.776862E+03	6.736038E-18	2.496074E-19
6.777062E+03	6.735877E-18	2.496044E-19
6.777262E+03	6.746472E-18	2.499999E-19
6.777462E+03	6.759160E-18	2.504729E-19
6.777662E+03	6.784920E-18	2.514305E-19
6.777862E+03	6.800897E-18	2.520254E-19
6.778063E+03	6.785948E-18	2.514744E-19
6.778263E+03	6.779066E-18	2.512223E-19
6.778463E+03	6.785780E-18	2.514740E-19
6.778663E+03	6.800787E-18	2.520331E-19
6.778863E+03	6.798089E-18	2.519360E-19
6.779063E+03	6.793523E-18	2.517697E-19
6.779263E+03	6.792990E-18	2.517529E-19
6.779463E+03	6.787527E-18	2.515534E-19
6.779663E+03	6.788041E-18	2.515754E-19
6.779863E+03	6.794384E-18	2.518134E-19
6.780063E+03	6.801548E-18	2.520818E-19
6.780263E+03	6.797056E-18	2.519183E-19
6.780463E+03	6.786436E-18	2.515276E-19
6.780663E+03	6.768491E-18	2.508654E-19
6.780863E+03	6.765866E-18	2.507711E-19
6.781063E+03	6.774302E-18	2.510867E-19
6.781263E+03	6.776087E-18	2.511558E-19
6.781463E+03	6.787588E-18	2.515850E-19
6.781663E+03	6.780404E-18	2.513216E-19
6.781863E+03	6.769707E-18	2.509281E-19
6.782063E+03	6.767605E-18	2.508531E-19
6.782263E+03	6.756307E-18	2.504373E-19
6.782463E+03	6.746580E-18	2.500796E-19
6.782663E+03	6.733488E-18	2.495973E-19
6.782863E+03	6.720245E-18	2.491093E-19
6.783064E+03	6.711563E-18	2.487904E-19
6.783264E+03	6.704750E-18	2.485407E-19
6.783464E+03	6.692103E-18	2.480748E-19
6.783664E+03	6.684242E-18	2.477863E-19
6.783864E+03	6.688567E-18	2.479496E-19
6.784064E+03	6.687583E-18	2.479160E-19
6.784264E+03	6.667458E-18	2.471728E-19
6.784464E+03	6.660790E-18	2.469285E-19
6.784664E+03	6.658909E-18	2.468617E-19
6.784864E+03	6.649849E-18	2.465287E-19
6.785064E+03	6.645498E-18	2.463703E-19
6.785264E+03	6.642120E-18	2.462480E-19
6.785463E+03	6.633133E-18	2.459177E-19
6.785663E+03	6.632896E-18	2.459118E-19
6.785864E+03	6.639839E-18	2.461721E-19
6.786064E+03	6.649551E-18	2.465350E-19
6.786264E+03	6.655822E-18	2.467705E-19
6.786463E+03	6.657755E-18	2.468450E-19
6.786663E+03	6.640538E-18	2.462096E-19
6.786863E+03	6.623320E-18	2.455741E-19
6.787063E+03	6.617098E-18	2.453463E-19
6.787263E+03	6.618881E-18	2.454153E-19
6.787463E+03	6.632110E-18	2.459087E-19
6.787663E+03	6.621249E-18	2.455089E-19
6.787864E+03	6.611437E-18	2.451479E-19
6.788064E+03	6.618906E-18	2.454278E-19
6.788264E+03	6.617996E-18	2.453969E-19
6.788464E+03	6.619704E-18	2.454632E-19
6.788664E+03	6.610113E-18	2.451104E-19
6.788864E+03	6.592141E-18	2.444469E-19
6.789064E+03	6.580154E-18	2.440053E-19
6.789264E+03	6.552901E-18	2.429976E-19
6.789464E+03	6.538143E-18	2.424532E-19
6.789664E+03	6.540972E-18	2.425609E-19
6.789864E+03	6.536766E-18	2.424078E-19
6.790064E+03	6.514522E-18	2.415858E-19
6.790264E+03	6.490556E-18	2.406999E-19
6.790464E+03	6.475345E-18	2.401386E-19
6.790664E+03	6.473232E-18	2.400631E-19
6.790864E+03	6.471943E-18	2.400181E-19
6.791064E+03	6.461970E-18	2.396511E-19
6.791464E+03	6.463359E-18	2.397083E-19
6.791664E+03	6.453609E-18	2.393496E-19
6.791864E+03	6.442287E-18	2.389325E-19
6.792064E+03	6.442794E-18	2.389541E-19
6.792264E+03	6.438509E-18	2.387980E-19
6.792464E+03	6.434972E-18	2.386697E-19
6.792664E+03	6.432409E-18	2.385775E-19
6.792865E+03	6.440853E-18	2.388935E-19
6.793065E+03	6.448698E-18	2.391873E-19
6.793265E+03	6.442690E-18	2.389673E-19
6.793465E+03	6.418110E-18	2.380585E-19
6.793665E+03	6.413299E-18	2.378828E-19
6.793865E+03	6.411858E-18	2.378322E-19
6.794065E+03	6.391170E-18	2.370677E-19
6.794265E+03	6.386957E-18	2.369142E-19
6.794465E+03	6.375029E-18	2.364746E-19
6.794665E+03	6.373587E-18	2.364239E-19
6.794865E+03	6.373043E-18	2.364065E-19
6.795065E+03	6.369279E-18	2.362697E-19
6.795265E+03	6.373679E-18	2.364357E-19
6.795465E+03	6.391264E-18	2.370909E-19
6.795665E+03	6.397388E-18	2.373209E-19
6.795865E+03	6.383885E-18	2.368228E-19
6.796065E+03	6.378023E-18	2.366082E-19
6.796265E+03	6.383624E-18	2.368188E-19
6.796465E+03	6.388999E-18	2.370210E-19
6.796665E+03	6.387632E-18	2.369731E-19
6.796865E+03	6.380271E-18	2.367029E-19
6.797065E+03	6.374033E-18	2.364743E-19
6.797265E+03	6.367120E-18	2.362206E-19
6.797465E+03	6.378117E-18	2.366314E-19
6.797665E+03	6.386791E-18	2.369561E-19
6.797865E+03	6.386099E-18	2.369332E-19
6.798065E+03	6.379262E-18	2.366824E-19
6.798266E+03	6.368751E-18	2.362953E-19
6.798466E+03	6.356666E-18	2.358497E-19
6.798666E+03	6.359795E-18	2.359686E-19
6.798865E+03	6.356703E-18	2.358567E-19
6.799065E+03	6.355860E-18	2.358282E-19
6.799265E+03	6.356889E-18	2.358693E-19
6.799465E+03	6.355747E-18	2.358297E-19
6.799665E+03	6.351905E-18	2.356900E-19
6.799865E+03	6.348663E-18	2.355725E-19
6.800065E+03	6.343995E-18	2.354021E-19
6.800265E+03	6.339928E-18	2.352540E-19
6.800465E+03	6.351529E-18	2.356873E-19
6.800665E+03	6.362606E-18	2.361012E-19
6.800865E+03	6.373084E-18	2.364928E-19
6.801065E+03	6.383863E-18	2.368956E-19
6.801265E+03	6.387669E-18	2.370397E-19
6.801465E+03	6.388702E-18	2.370809E-19
6.801665E+03	6.389059E-18	2.370970E-19
6.801865E+03	6.388816E-18	2.370908E-19
6.802065E+03	6.387900E-18	2.370597E-19
6.802265E+03	6.386233E-18	2.370006E-19
6.802465E+03	6.383816E-18	2.369138E-19
6.802666E+03	6.380574E-18	2.367964E-19
6.802866E+03	6.373507E-18	2.365369E-19
6.803066E+03	6.371913E-18	2.364806E-19
6.803266E+03	6.368146E-18	2.363436E-19
6.803466E+03	6.368278E-18	2.363514E-19
6.803666E+03	6.363760E-18	2.361865E-19
6.803866E+03	6.360741E-18	2.360773E-19
6.804066E+03	6.368750E-18	2.363774E-19
6.804266E+03	6.361906E-18	2.361263E-19
6.804466E+03	6.359938E-18	2.360560E-19
6.804666E+03	6.379126E-18	2.367711E-19
6.804866E+03	6.386311E-18	2.370406E-19
6.805066E+03	6.390495E-18	2.371988E-19
6.805266E+03	6.396856E-18	2.374377E-19
6.805466E+03	6.403442E-18	2.376851E-19
6.805666E+03	6.416782E-18	2.381831E-19
6.805866E+03	6.431999E-18	2.387508E-19
6.806066E+03	6.443690E-18	2.391876E-19
6.806266E+03	6.458158E-18	2.397276E-19
6.806466E+03	6.463997E-18	2.399472E-19
6.806666E+03	6.464134E-18	2.399552E-19
6.806866E+03	6.472374E-18	2.402640E-19
6.807066E+03	6.470260E-18	2.401884E-19
6.807266E+03	6.464317E-18	2.399707E-19
6.807466E+03	6.474360E-18	2.403464E-19
6.807667E+03	6.477425E-18	2.404631E-19
6.807867E+03	6.470881E-18	2.402231E-19
6.808067E+03	6.467716E-18	2.401084E-19
6.808267E+03	6.457492E-18	2.397318E-19
6.808467E+03	6.450572E-18	2.394778E-19
6.808667E+03	6.455513E-18	2.396641E-19
6.808867E+03	6.472766E-18	2.403076E-19
6.809067E+03	6.485140E-18	2.407699E-19
6.809267E+03	6.480171E-18	2.405883E-19
6.809467E+03	6.483462E-18	2.407134E-19
6.809667E+03	6.495237E-18	2.411535E-19
6.809867E+03	6.498154E-18	2.412647E-19
6.810067E+03	6.501295E-18	2.413842E-19
6.810266E+03	6.503160E-18	2.414564E-19
6.810467E+03	6.508780E-18	2.416680E-19
6.810667E+03	6.517629E-18	2.419995E-19
6.810867E+03	6.529258E-18	2.424342E-19
6.811066E+03	6.533002E-18	2.425761E-19
6.811266E+03	6.527058E-18	2.423584E-19
6.811467E+03	6.521489E-18	2.421545E-19
6.811666E+03	6.522003E-18	2.421765E-19
6.811866E+03	6.520865E-18	2.421372E-19
6.812066E+03	6.517700E-18	2.420226E-19
6.812266E+03	6.523698E-18	2.422483E-19
6.812466E+03	6.525264E-18	2.423093E-19
6.812667E+03	6.517967E-18	2.420414E-19
6.812867E+03	6.526220E-18	2.423507E-19
6.813067E+03	6.543037E-18	2.429782E-19
6.813267E+03	6.533937E-18	2.426432E-19
6.813467E+03	6.518975E-18	2.420905E-19
6.813667E+03	6.515358E-18	2.419591E-19
6.813867E+03	6.496187E-18	2.412501E-19
6.814067E+03	6.483853E-18	2.407950E-19
6.814267E+03	6.475500E-18	2.404877E-19
6.814467E+03	6.465043E-18	2.401023E-19
6.814667E+03	6.462250E-18	2.400014E-19
6.814867E+03	6.473585E-18	2.404253E-19
6.815067E+03	6.490256E-18	2.410474E-19
6.815267E+03	6.499488E-18	2.413932E-19
6.815467E+03	6.507669E-18	2.417000E-19
6.815667E+03	6.517428E-18	2.420654E-19
6.815867E+03	6.522153E-18	2.422438E-19
6.816067E+03	6.518535E-18	2.421124E-19
6.816267E+03	6.507250E-18	2.416962E-19
6.816467E+03	6.514455E-18	2.419667E-19
6.816667E+03	6.520307E-18	2.421870E-19
6.816867E+03	6.518643E-18	2.421282E-19
6.817067E+03	6.512619E-18	2.419073E-19
6.817267E+03	6.505241E-18	2.416362E-19
6.817468E+03	6.516884E-18	2.420717E-19
6.817668E+03	6.525671E-18	2.424010E-19
6.817868E+03	6.528592E-18	2.425125E-19
6.818068E+03	6.530613E-18	2.425905E-19
6.818268E+03	6.522558E-18	2.422942E-19
6.818468E+03	6.505178E-18	2.416516E-19
6.818668E+03	6.482760E-18	2.408217E-19
6.818868E+03	6.466506E-18	2.402208E-19
6.819068E+03	6.463787E-18	2.401227E-19
6.819268E+03	6.462723E-18	2.400861E-19
6.819468E+03	6.460305E-18	2.399992E-19
6.819668E+03	6.467061E-18	2.402532E-19
6.819868E+03	6.461108E-18	2.400349E-19
6.820068E+03	6.459742E-18	2.399871E-19
6.820268E+03	6.464920E-18	2.401824E-19
6.820468E+03	6.457613E-18	2.399138E-19
6.820668E+03	6.445566E-18	2.394692E-19
6.820868E+03	6.445329E-18	2.394633E-19
6.821068E+03	6.439975E-18	2.392673E-19
6.821268E+03	6.434622E-18	2.390713E-19
6.821468E+03	6.434761E-18	2.390794E-19
6.821668E+03	6.426548E-18	2.387772E-19
6.821868E+03	6.418184E-18	2.384693E-19
6.822068E+03	6.426146E-18	2.387681E-19
6.822268E+03	6.442612E-18	2.393828E-19
6.822469E+03	6.436807E-18	2.391700E-19
6.822669E+03	6.425734E-18	2.387615E-19
6.822868E+03	6.418949E-18	2.385123E-19
6.823069E+03	6.416453E-18	2.384225E-19
6.823269E+03	6.414936E-18	2.383690E-19
6.823468E+03	6.406796E-18	2.380694E-19
6.823668E+03	6.411148E-18	2.382340E-19
6.823868E+03	6.408801E-18	2.381498E-19
6.824268E+03	6.401175E-18	2.378722E-19
6.824468E+03	6.394614E-18	2.376312E-19
6.824668E+03	6.394901E-18	2.376448E-19
6.824868E+03	6.400759E-18	2.378654E-19
6.825068E+03	6.403005E-18	2.379518E-19
6.825268E+03	6.399229E-18	2.378144E-19
6.825468E+03	6.388451E-18	2.374167E-19
6.825668E+03	6.380157E-18	2.371114E-19
6.825868E+03	6.368248E-18	2.366717E-19
6.826068E+03	6.358672E-18	2.363187E-19
6.826268E+03	6.365209E-18	2.365645E-19
6.826468E+03	6.375360E-18	2.369447E-19
6.826668E+03	6.373539E-18	2.368799E-19
6.826868E+03	6.367954E-18	2.366752E-19
6.827068E+03	6.358226E-18	2.363166E-19
6.827268E+03	6.361074E-18	2.364253E-19
6.827469E+03	6.362719E-18	2.364893E-19
6.827869E+03	6.359001E-18	2.363569E-19
6.828069E+03	6.367121E-18	2.366617E-19
6.828269E+03	6.367710E-18	2.366864E-19
6.828469E+03	6.373797E-18	2.369156E-19
6.828669E+03	6.382069E-18	2.372260E-19
6.829069E+03	6.385207E-18	2.373484E-19
6.829269E+03	6.382709E-18	2.372585E-19
6.829469E+03	6.376971E-18	2.370481E-19
6.829869E+03	6.382294E-18	2.372518E-19
6.830069E+03	6.390493E-18	2.375595E-19
6.830269E+03	6.399447E-18	2.378952E-19
6.830469E+03	6.405462E-18	2.381217E-19
6.830669E+03	6.417657E-18	2.385780E-19
6.830869E+03	6.421035E-18	2.387065E-19
6.831069E+03	6.424490E-18	2.388379E-19
6.831269E+03	6.436235E-18	2.392774E-19
6.831469E+03	6.440143E-18	2.394256E-19
6.831669E+03	6.441640E-18	2.394842E-19
6.831869E+03	6.446829E-18	2.396801E-19
6.832069E+03	6.447045E-18	2.396910E-19
6.832270E+03	6.437239E-18	2.393294E-19
6.832470E+03	6.431048E-18	2.391022E-19
6.832670E+03	6.423953E-18	2.388413E-19
6.832870E+03	6.420022E-18	2.386981E-19
6.833070E+03	6.419559E-18	2.386838E-19
6.833270E+03	6.415177E-18	2.385238E-19
6.833470E+03	6.413356E-18	2.384590E-19
6.833670E+03	6.412667E-18	2.384363E-19
6.833870E+03	6.402555E-18	2.380632E-19
6.834070E+03	6.387843E-18	2.375191E-19
6.834270E+03	6.386172E-18	2.374599E-19
6.834670E+03	6.397384E-18	2.378826E-19
6.834870E+03	6.405968E-18	2.382047E-19
6.835070E+03	6.411235E-18	2.384035E-19
6.835270E+03	6.426153E-18	2.389612E-19
6.835470E+03	6.437077E-18	2.393703E-19
6.835669E+03	6.449283E-18	2.398271E-19
6.835869E+03	6.461113E-18	2.402700E-19
6.836069E+03	6.460652E-18	2.402558E-19
6.836270E+03	6.459814E-18	2.402276E-19
6.836470E+03	6.471344E-18	2.406593E-19
6.836669E+03	6.485439E-18	2.411864E-19
6.836869E+03	6.497499E-18	2.416379E-19
6.837069E+03	6.507900E-18	2.420277E-19
6.837270E+03	6.515890E-18	2.423278E-19
6.837470E+03	6.523803E-18	2.426251E-19
6.837670E+03	6.535187E-18	2.430514E-19
6.837870E+03	6.543026E-18	2.433459E-19
6.838070E+03	6.548603E-18	2.435563E-19
6.838270E+03	6.549955E-18	2.436096E-19
6.838470E+03	6.547762E-18	2.435310E-19
6.838670E+03	6.550020E-18	2.436180E-19
6.838870E+03	6.552504E-18	2.437134E-19
6.839070E+03	6.552423E-18	2.437134E-19
6.839270E+03	6.548796E-18	2.435815E-19
6.839470E+03	6.533548E-18	2.430173E-19
6.839670E+03	6.522525E-18	2.426103E-19
6.839870E+03	6.522218E-18	2.426018E-19
6.840070E+03	6.512929E-18	2.422593E-19
6.840270E+03	6.502734E-18	2.418830E-19
6.840470E+03	6.514124E-18	2.423096E-19
6.840670E+03	6.508532E-18	2.421046E-19
6.840870E+03	6.503696E-18	2.419277E-19
6.841070E+03	6.504595E-18	2.419641E-19
6.841270E+03	6.513268E-18	2.422897E-19
6.841470E+03	6.521263E-18	2.425901E-19
6.841670E+03	6.521181E-18	2.425900E-19
6.841870E+03	6.516194E-18	2.424075E-19
6.842070E+03	6.512262E-18	2.422642E-19
6.842471E+03	6.514516E-18	2.423540E-19
6.842671E+03	6.508545E-18	2.421348E-19
6.842871E+03	6.501744E-18	2.418848E-19
6.843071E+03	6.513969E-18	2.423425E-19
6.843271E+03	6.522344E-18	2.426571E-19
6.843471E+03	6.531022E-18	2.429829E-19
6.843671E+03	6.542193E-18	2.434015E-19
6.843871E+03	6.555630E-18	2.439044E-19
6.844071E+03	6.561288E-18	2.441179E-19
6.844271E+03	6.563247E-18	2.441938E-19
6.844471E+03	6.567246E-18	2.443456E-19
6.844671E+03	6.581214E-18	2.448683E-19
6.844871E+03	6.588310E-18	2.451353E-19
6.845071E+03	6.581359E-18	2.448797E-19
6.845271E+03	6.579542E-18	2.448151E-19
6.845471E+03	6.583391E-18	2.449613E-19
6.845671E+03	6.587618E-18	2.451216E-19
6.845871E+03	6.595169E-18	2.454056E-19
6.846071E+03	6.595997E-18	2.454394E-19
6.846271E+03	6.609819E-18	2.459568E-19
6.846471E+03	6.620318E-18	2.463505E-19
6.846671E+03	6.633461E-18	2.468426E-19
6.846871E+03	6.642450E-18	2.471801E-19
6.847072E+03	6.646002E-18	2.473153E-19
6.847272E+03	6.641392E-18	2.471468E-19
6.847472E+03	6.642298E-18	2.471835E-19
6.847672E+03	6.643582E-18	2.472344E-19
6.847872E+03	6.645017E-18	2.472908E-19
6.848072E+03	6.647737E-18	2.473950E-19
6.848271E+03	6.655444E-18	2.476849E-19
6.848471E+03	6.660507E-18	2.478763E-19
6.848672E+03	6.656426E-18	2.477275E-19
6.848872E+03	6.660053E-18	2.478656E-19
6.849071E+03	6.657181E-18	2.477617E-19
6.849271E+03	6.661641E-18	2.479307E-19
6.849471E+03	6.668822E-18	2.482010E-19
6.849671E+03	6.676230E-18	2.484798E-19
6.849871E+03	6.667915E-18	2.481733E-19
6.850071E+03	6.667235E-18	2.481511E-19
6.850271E+03	6.666933E-18	2.481429E-19
6.850471E+03	6.669202E-18	2.482304E-19
6.850671E+03	6.666859E-18	2.481462E-19
6.850871E+03	6.663306E-18	2.480170E-19
6.851071E+03	6.655746E-18	2.477386E-19
6.851271E+03	6.643422E-18	2.472830E-19
6.851471E+03	6.638508E-18	2.471031E-19
6.851671E+03	6.639339E-18	2.471370E-19
6.851871E+03	6.650379E-18	2.475510E-19
6.852072E+03	6.669814E-18	2.482775E-19
6.852272E+03	6.697946E-18	2.493278E-19
6.852472E+03	6.699158E-18	2.493759E-19
6.852672E+03	6.702184E-18	2.494916E-19
6.852872E+03	6.713758E-18	2.499256E-19
6.853072E+03	6.716407E-18	2.500272E-19
6.853272E+03	6.723217E-18	2.502838E-19
6.853472E+03	6.733658E-18	2.506756E-19
6.853672E+03	6.753176E-18	2.514052E-19
6.853872E+03	6.766947E-18	2.519210E-19
6.854072E+03	6.770279E-18	2.520481E-19
6.854272E+03	6.767939E-18	2.519641E-19
6.854472E+03	6.764313E-18	2.518322E-19
6.854672E+03	6.762350E-18	2.517622E-19
6.854872E+03	6.761674E-18	2.517401E-19
6.855072E+03	6.765385E-18	2.518814E-19
6.855272E+03	6.773410E-18	2.521832E-19
6.855472E+03	6.789985E-18	2.528034E-19
6.855672E+03	6.811782E-18	2.536181E-19
6.855872E+03	6.813832E-18	2.536975E-19
6.856072E+03	6.803396E-18	2.533120E-19
6.856272E+03	6.800451E-18	2.532055E-19
6.856472E+03	6.803408E-18	2.533187E-19
6.856672E+03	6.799327E-18	2.531699E-19
6.856872E+03	6.787073E-18	2.527167E-19
6.857073E+03	6.796767E-18	2.530808E-19
6.857473E+03	6.822665E-18	2.540513E-19
6.857673E+03	6.824186E-18	2.541110E-19
6.857873E+03	6.816018E-18	2.538100E-19
6.858073E+03	6.819355E-18	2.539374E-19
6.858273E+03	6.821104E-18	2.540056E-19
6.858473E+03	6.829741E-18	2.543303E-19
6.858673E+03	6.837319E-18	2.546157E-19
6.858873E+03	6.840734E-18	2.547459E-19
6.859073E+03	6.857170E-18	2.553611E-19
6.859273E+03	6.862327E-18	2.555563E-19
6.859473E+03	6.861806E-18	2.555400E-19
6.859673E+03	6.865676E-18	2.556873E-19
6.859873E+03	6.867956E-18	2.557753E-19
6.860073E+03	6.866072E-18	2.557083E-19
6.860273E+03	6.856161E-18	2.553423E-19
6.860472E+03	6.851474E-18	2.551709E-19
6.860672E+03	6.847546E-18	2.550277E-19
6.860873E+03	6.836951E-18	2.546362E-19
6.861073E+03	6.830219E-18	2.543886E-19
6.861273E+03	6.825758E-18	2.542256E-19
6.861472E+03	6.834855E-18	2.545675E-19
6.861672E+03	6.851602E-18	2.551943E-19
6.861873E+03	6.868882E-18	2.558411E-19
6.862273E+03	6.872158E-18	2.559694E-19
6.862473E+03	6.856335E-18	2.553831E-19
6.862673E+03	6.863011E-18	2.556349E-19
6.862873E+03	6.870445E-18	2.559149E-19
6.863073E+03	6.868712E-18	2.558535E-19
6.863273E+03	6.861978E-18	2.556058E-19
6.863473E+03	6.871231E-18	2.559536E-19
6.863673E+03	6.886849E-18	2.565385E-19
6.863873E+03	6.892694E-18	2.567594E-19
6.864673E+03	6.893873E-18	2.568158E-19
6.865073E+03	6.892909E-18	2.567862E-19
6.865273E+03	6.885341E-18	2.565074E-19
6.865673E+03	6.877555E-18	2.562236E-19
6.865873E+03	6.872032E-18	2.560209E-19
6.866073E+03	6.882351E-18	2.564085E-19
6.866273E+03	6.900478E-18	2.570870E-19
6.866473E+03	6.917016E-18	2.577063E-19
6.866673E+03	6.924987E-18	2.580064E-19
6.866874E+03	6.928639E-18	2.581456E-19
6.867074E+03	6.933731E-18	2.583385E-19
6.867274E+03	6.923053E-18	2.579438E-19
6.867474E+03	6.919426E-18	2.578118E-19
6.867674E+03	6.914358E-18	2.576261E-19
6.867874E+03	6.907546E-18	2.573754E-19
6.868074E+03	6.906193E-18	2.573281E-19
6.868274E+03	6.907038E-18	2.573628E-19
6.868474E+03	6.898481E-18	2.570471E-19
6.868674E+03	6.894625E-18	2.569065E-19
6.868874E+03	6.886143E-18	2.565936E-19
6.869074E+03	6.875613E-18	2.562043E-19
6.869274E+03	6.879340E-18	2.563463E-19
6.869474E+03	6.895430E-18	2.569490E-19
6.869674E+03	6.908942E-18	2.574557E-19
6.869874E+03	6.900762E-18	2.571540E-19
6.870074E+03	6.878625E-18	2.563322E-19
6.870274E+03	6.867941E-18	2.559372E-19
6.870474E+03	6.861731E-18	2.557088E-19
6.870674E+03	6.859542E-18	2.556304E-19
6.870874E+03	6.855531E-18	2.554840E-19
6.871074E+03	6.856984E-18	2.555413E-19
6.871274E+03	6.862988E-18	2.557681E-19
6.871474E+03	6.870130E-18	2.560374E-19
6.871674E+03	6.875680E-18	2.562474E-19
6.871875E+03	6.889730E-18	2.567741E-19
6.872075E+03	6.893383E-18	2.569134E-19
6.872275E+03	6.889829E-18	2.567841E-19
6.872475E+03	6.893104E-18	2.569092E-19
6.872675E+03	6.893040E-18	2.569100E-19
6.872874E+03	6.889712E-18	2.567891E-19
6.873074E+03	6.879631E-18	2.564165E-19
6.873275E+03	6.879188E-18	2.564030E-19
6.873475E+03	6.880945E-18	2.564717E-19
6.873675E+03	6.867294E-18	2.559660E-19
6.873874E+03	6.861613E-18	2.557573E-19
6.874274E+03	6.866872E-18	2.559596E-19
6.874474E+03	6.871135E-18	2.561215E-19
6.874674E+03	6.867958E-18	2.560062E-19
6.874874E+03	6.866148E-18	2.559419E-19
6.875074E+03	6.863123E-18	2.558322E-19
6.875274E+03	6.851822E-18	2.554141E-19
6.875474E+03	6.844695E-18	2.551515E-19
6.875674E+03	6.846377E-18	2.552173E-19
6.875874E+03	6.854740E-18	2.555321E-19
6.876074E+03	6.859003E-18	2.556942E-19
6.876274E+03	6.857572E-18	2.556439E-19
6.876474E+03	6.854014E-18	2.555144E-19
6.876675E+03	6.849698E-18	2.553566E-19
6.876875E+03	6.840293E-18	2.550090E-19
6.877075E+03	6.836886E-18	2.548851E-19
6.877275E+03	6.833935E-18	2.547782E-19
6.877475E+03	6.831287E-18	2.546826E-19
6.877675E+03	6.828944E-18	2.545983E-19
6.878075E+03	6.827445E-18	2.545486E-19
6.878275E+03	6.826620E-18	2.545209E-19
6.878475E+03	6.826023E-18	2.545017E-19
6.878675E+03	6.825730E-18	2.544939E-19
6.878875E+03	6.826880E-18	2.545398E-19
6.879075E+03	6.828714E-18	2.546113E-19
6.879275E+03	6.831080E-18	2.547026E-19
6.879475E+03	6.834206E-18	2.548222E-19
6.879675E+03	6.841055E-18	2.550807E-19
6.879875E+03	6.849121E-18	2.553845E-19
6.880075E+03	6.856427E-18	2.556600E-19
6.880275E+03	6.859554E-18	2.557797E-19
6.880475E+03	6.869825E-18	2.561658E-19
6.880675E+03	6.873637E-18	2.563111E-19
6.881075E+03	6.879514E-18	2.565364E-19
6.881275E+03	6.891079E-18	2.569708E-19
6.881475E+03	6.898617E-18	2.572550E-19
6.881676E+03	6.901444E-18	2.573635E-19
6.881876E+03	6.898874E-18	2.572708E-19
6.882076E+03	6.901091E-18	2.573566E-19
6.882276E+03	6.909847E-18	2.576862E-19
6.882476E+03	6.918375E-18	2.580074E-19
6.882676E+03	6.924319E-18	2.582322E-19
6.882876E+03	6.930035E-18	2.584484E-19
6.883076E+03	6.937272E-18	2.587215E-19
6.883276E+03	6.924896E-18	2.582630E-19
6.883476E+03	6.920045E-18	2.580852E-19
6.883676E+03	6.925914E-18	2.583072E-19
6.883876E+03	6.927830E-18	2.583818E-19
6.884076E+03	6.922217E-18	2.581756E-19
6.884276E+03	6.923905E-18	2.582416E-19
6.884476E+03	6.928787E-18	2.584268E-19
6.884676E+03	6.937852E-18	2.587680E-19
6.884876E+03	6.935357E-18	2.586781E-19
6.885076E+03	6.937807E-18	2.587726E-19
6.885275E+03	6.947100E-18	2.591223E-19
6.885475E+03	6.950082E-18	2.592367E-19
6.885676E+03	6.952076E-18	2.593142E-19
6.885876E+03	6.956124E-18	2.594683E-19
6.886075E+03	6.962225E-18	2.596990E-19
6.886275E+03	6.962927E-18	2.597283E-19
6.886475E+03	6.955488E-18	2.594539E-19
6.886676E+03	6.958929E-18	2.595854E-19
6.886876E+03	6.970129E-18	2.600063E-19
6.887076E+03	6.983155E-18	2.604953E-19
6.887276E+03	6.981728E-18	2.604452E-19
6.887476E+03	6.976571E-18	2.602560E-19
6.887676E+03	6.994088E-18	2.609126E-19
6.887876E+03	7.011911E-18	2.615806E-19
6.888076E+03	7.010408E-18	2.615277E-19
6.888276E+03	7.018569E-18	2.618353E-19
6.888476E+03	7.032209E-18	2.623473E-19
6.888676E+03	7.031011E-18	2.623057E-19
6.888876E+03	7.021365E-18	2.619490E-19
6.889076E+03	7.017655E-18	2.618137E-19
6.889276E+03	7.023839E-18	2.620476E-19
6.889476E+03	7.046539E-18	2.628976E-19
6.889676E+03	7.073123E-18	2.638926E-19
6.889876E+03	7.077102E-18	2.640442E-19
6.890076E+03	7.074764E-18	2.639602E-19
6.890276E+03	7.075927E-18	2.640067E-19
6.890476E+03	7.079449E-18	2.641413E-19
6.890676E+03	7.090737E-18	2.645656E-19
6.890876E+03	7.099363E-18	2.648906E-19
6.891076E+03	7.098775E-18	2.648719E-19
6.891276E+03	7.107172E-18	2.651884E-19
6.891477E+03	7.109100E-18	2.652635E-19
6.891677E+03	7.098081E-18	2.648555E-19
6.891877E+03	7.093155E-18	2.646748E-19
6.892077E+03	7.095766E-18	2.647754E-19
6.892277E+03	7.104774E-18	2.651147E-19
6.892477E+03	7.111726E-18	2.653773E-19
6.892677E+03	7.112967E-18	2.654268E-19
6.892877E+03	7.113524E-18	2.654508E-19
6.893077E+03	7.110424E-18	2.653383E-19
6.893277E+03	7.104735E-18	2.651291E-19
6.893477E+03	7.108642E-18	2.652781E-19
6.893677E+03	7.111330E-18	2.653816E-19
6.893877E+03	7.106555E-18	2.652066E-19
6.894077E+03	7.112824E-18	2.654437E-19
6.894277E+03	7.125644E-18	2.659253E-19
6.894477E+03	7.125211E-18	2.659123E-19
6.894677E+03	7.116702E-18	2.655979E-19
6.894877E+03	7.110631E-18	2.653745E-19
6.895077E+03	7.113169E-18	2.654724E-19
6.895277E+03	7.124011E-18	2.658802E-19
6.895477E+03	7.128987E-18	2.660690E-19
6.895677E+03	7.124820E-18	2.659167E-19
6.895877E+03	7.118596E-18	2.656876E-19
6.896077E+03	7.115648E-18	2.655807E-19
6.896277E+03	7.118567E-18	2.656928E-19
6.896478E+03	7.131547E-18	2.661804E-19
6.896678E+03	7.143002E-18	2.666112E-19
6.896878E+03	7.153849E-18	2.670192E-19
6.897078E+03	7.161114E-18	2.672936E-19
6.897278E+03	7.162587E-18	2.673517E-19
6.897478E+03	7.161850E-18	2.673274E-19
6.897678E+03	7.163629E-18	2.673970E-19
6.897877E+03	7.167465E-18	2.675433E-19
6.898078E+03	7.168026E-18	2.675674E-19
6.898278E+03	7.171329E-18	2.676939E-19
6.898477E+03	7.178444E-18	2.679627E-19
6.898677E+03	7.186399E-18	2.682628E-19
6.898877E+03	7.185205E-18	2.682214E-19
6.899077E+03	7.176922E-18	2.679154E-19
6.899277E+03	7.178778E-18	2.679878E-19
6.899477E+03	7.188869E-18	2.683677E-19
6.899677E+03	7.197968E-18	2.687106E-19
6.899877E+03	7.208137E-18	2.690934E-19
6.900077E+03	7.221204E-18	2.695844E-19
6.900277E+03	7.228095E-18	2.698449E-19
6.900477E+03	7.231326E-18	2.699687E-19
6.900677E+03	7.227312E-18	2.698220E-19
6.900877E+03	7.223604E-18	2.696868E-19
6.901077E+03	7.222335E-18	2.696426E-19
6.901277E+03	7.219847E-18	2.695529E-19
6.901678E+03	7.217311E-18	2.694646E-19
6.901878E+03	7.223747E-18	2.697081E-19
6.902078E+03	7.239412E-18	2.702962E-19
6.902278E+03	7.245239E-18	2.705169E-19
6.902478E+03	7.246107E-18	2.705525E-19
6.902678E+03	7.248730E-18	2.706537E-19
6.902878E+03	7.257152E-18	2.709713E-19
6.903078E+03	7.264277E-18	2.712406E-19
6.903278E+03	7.269800E-18	2.714500E-19
6.903478E+03	7.278452E-18	2.717762E-19
6.903678E+03	7.289470E-18	2.721909E-19
6.903878E+03	7.296750E-18	2.724659E-19
6.904078E+03	7.300215E-18	2.725985E-19
6.904278E+03	7.306275E-18	2.728280E-19
6.904478E+03	7.312412E-18	2.730604E-19
6.904678E+03	7.318702E-18	2.732985E-19
6.904878E+03	7.319421E-18	2.733286E-19
6.905078E+03	7.325406E-18	2.735553E-19
6.905278E+03	7.341466E-18	2.741583E-19
6.905478E+03	7.349514E-18	2.744620E-19
6.905678E+03	7.360386E-18	2.748713E-19
6.905878E+03	7.362252E-18	2.749442E-19
6.906078E+03	7.359919E-18	2.748603E-19
6.906279E+03	7.355222E-18	2.746881E-19
6.906479E+03	7.362889E-18	2.749777E-19
6.906679E+03	7.380177E-18	2.756266E-19
6.906879E+03	7.381968E-18	2.756967E-19
6.907079E+03	7.380857E-18	2.756584E-19
6.907279E+03	7.383716E-18	2.757685E-19
6.907479E+03	7.386348E-18	2.758700E-19
6.907679E+03	7.396004E-18	2.762338E-19
6.907879E+03	7.406042E-18	2.766120E-19
6.908079E+03	7.415700E-18	2.769760E-19
6.908279E+03	7.426885E-18	2.773970E-19
6.908479E+03	7.437078E-18	2.777810E-19
6.908679E+03	7.446815E-18	2.781479E-19
6.908879E+03	7.445631E-18	2.781069E-19
6.909079E+03	7.442613E-18	2.779974E-19
6.909279E+03	7.442879E-18	2.780106E-19
6.909879E+03	7.446352E-18	2.781501E-19
6.910079E+03	7.450591E-18	2.783117E-19
6.910279E+03	7.453150E-18	2.784106E-19
6.910479E+03	7.455021E-18	2.784837E-19
6.910678E+03	7.451315E-18	2.783485E-19
6.910878E+03	7.446769E-18	2.781819E-19
6.911078E+03	7.455211E-18	2.785006E-19
6.911279E+03	7.474352E-18	2.792189E-19
6.911480E+03	7.482032E-18	2.795090E-19
6.911679E+03	7.480543E-18	2.794566E-19
6.911879E+03	7.486084E-18	2.796669E-19
6.912079E+03	7.484824E-18	2.796231E-19
6.912279E+03	7.479819E-18	2.794394E-19
6.912479E+03	7.472445E-18	2.791671E-19
6.912679E+03	7.463772E-18	2.788464E-19
6.912879E+03	7.461823E-18	2.787768E-19
6.913479E+03	7.464156E-18	2.788737E-19
6.913679E+03	7.470004E-18	2.790954E-19
6.914079E+03	7.475281E-18	2.792991E-19
6.914279E+03	7.476466E-18	2.793466E-19
6.914479E+03	7.484303E-18	2.796427E-19
6.914679E+03	7.486102E-18	2.797131E-19
6.914879E+03	7.478190E-18	2.794207E-19
6.915079E+03	7.479605E-18	2.794769E-19
6.915279E+03	7.482856E-18	2.796016E-19
6.915479E+03	7.481825E-18	2.795663E-19
6.915679E+03	7.478118E-18	2.794310E-19
6.915879E+03	7.468523E-18	2.790757E-19
6.916079E+03	7.459462E-18	2.787403E-19
6.916280E+03	7.452085E-18	2.784679E-19
6.916480E+03	7.448987E-18	2.783554E-19
6.916680E+03	7.447802E-18	2.783143E-19
6.916880E+03	7.449524E-18	2.783819E-19
6.917080E+03	7.441761E-18	2.780950E-19
6.917280E+03	7.429637E-18	2.776452E-19
6.917480E+03	7.424475E-18	2.774555E-19
6.917680E+03	7.417169E-18	2.771856E-19
6.917880E+03	7.413000E-18	2.770330E-19
6.918080E+03	7.407147E-18	2.768175E-19
6.918280E+03	7.393108E-18	2.762960E-19
6.918480E+03	7.383964E-18	2.759575E-19
6.918680E+03	7.381858E-18	2.758820E-19
6.918880E+03	7.383119E-18	2.759323E-19
6.919080E+03	7.381931E-18	2.758910E-19
6.919280E+03	7.372021E-18	2.755239E-19
6.919480E+03	7.360502E-18	2.750965E-19
6.919680E+03	7.354953E-18	2.748923E-19
6.919880E+03	7.350550E-18	2.747309E-19
6.920080E+03	7.357856E-18	2.750071E-19
6.920280E+03	7.361795E-18	2.751575E-19
6.920480E+03	7.371780E-18	2.755338E-19
6.920680E+03	7.383986E-18	2.759932E-19
6.920880E+03	7.388691E-18	2.761723E-19
6.921081E+03	7.395619E-18	2.764344E-19
6.921281E+03	7.401397E-18	2.766536E-19
6.921481E+03	7.404726E-18	2.767812E-19
6.921681E+03	7.403539E-18	2.767400E-19
6.921881E+03	7.410160E-18	2.769907E-19
6.922081E+03	7.420764E-18	2.773902E-19
6.922281E+03	7.419654E-18	2.773519E-19
6.922481E+03	7.421070E-18	2.774080E-19
6.922681E+03	7.423100E-18	2.774871E-19
6.922881E+03	7.413414E-18	2.771282E-19
6.923081E+03	7.401508E-18	2.766863E-19
6.923280E+03	7.395037E-18	2.764475E-19
6.923480E+03	7.387724E-18	2.761773E-19
6.923681E+03	7.373365E-18	2.756437E-19
6.923881E+03	7.367965E-18	2.754449E-19
6.924080E+03	7.364019E-18	2.753005E-19
6.924280E+03	7.363060E-18	2.752678E-19
6.924880E+03	7.372592E-18	2.756336E-19
6.925080E+03	7.367497E-18	2.754463E-19
6.925280E+03	7.368224E-18	2.754766E-19
6.925480E+03	7.375691E-18	2.757589E-19
6.925680E+03	7.380631E-18	2.759468E-19
6.925880E+03	7.374463E-18	2.757193E-19
6.926081E+03	7.364236E-18	2.753401E-19
6.926281E+03	7.363124E-18	2.753016E-19
6.926481E+03	7.364004E-18	2.753377E-19
6.926681E+03	7.362202E-18	2.752734E-19
6.926881E+03	7.348831E-18	2.747766E-19
6.927081E+03	7.344116E-18	2.746034E-19
6.927281E+03	7.348597E-18	2.747741E-19
6.927481E+03	7.347484E-18	2.747356E-19
6.927681E+03	7.343919E-18	2.746054E-19
6.927881E+03	7.334070E-18	2.742403E-19
6.928081E+03	7.331424E-18	2.741444E-19
6.928281E+03	7.327858E-18	2.740142E-19
6.928481E+03	7.329121E-18	2.740645E-19
6.928681E+03	7.338277E-18	2.744100E-19
6.928881E+03	7.334098E-18	2.742569E-19
6.929081E+03	7.331912E-18	2.741782E-19
6.929281E+03	7.347509E-18	2.747646E-19
6.929481E+03	7.336201E-18	2.743448E-19
6.929681E+03	7.331868E-18	2.741859E-19
6.929881E+03	7.335430E-18	2.743222E-19
6.930081E+03	7.335313E-18	2.743209E-19
6.930281E+03	7.349381E-18	2.748501E-19
6.930481E+03	7.338607E-18	2.744503E-19
6.930681E+03	7.320626E-18	2.737809E-19
6.930881E+03	7.337224E-18	2.744048E-19
6.931082E+03	7.353058E-18	2.750000E-19
6.931282E+03	7.355626E-18	2.750992E-19
6.931482E+03	7.359344E-18	2.752413E-19
6.931682E+03	7.362679E-18	2.753692E-19
6.931882E+03	7.359496E-18	2.752532E-19
6.932082E+03	7.359150E-18	2.752434E-19
6.932282E+03	7.363406E-18	2.754057E-19
6.932482E+03	7.360070E-18	2.752840E-19
6.932682E+03	7.359494E-18	2.752655E-19
6.932882E+03	7.369197E-18	2.756316E-19
6.933082E+03	7.373607E-18	2.757996E-19
6.933282E+03	7.387837E-18	2.763350E-19
6.933482E+03	7.402681E-18	2.768933E-19
6.933682E+03	7.397351E-18	2.766970E-19
6.933882E+03	7.398311E-18	2.767361E-19
6.934082E+03	7.410857E-18	2.772084E-19
6.934282E+03	7.430077E-18	2.779305E-19
6.934482E+03	7.443852E-18	2.784489E-19
6.934682E+03	7.455403E-18	2.788841E-19
6.934882E+03	7.460432E-18	2.790753E-19
6.935082E+03	7.460857E-18	2.790944E-19
6.935282E+03	7.473792E-18	2.795813E-19
6.935481E+03	7.485115E-18	2.800080E-19
6.935681E+03	7.489225E-18	2.801649E-19
6.935882E+03	7.492569E-18	2.802932E-19
6.936083E+03	7.496835E-18	2.804559E-19
6.936283E+03	7.498259E-18	2.805123E-19
6.936483E+03	7.498380E-18	2.805199E-19
6.936682E+03	7.504409E-18	2.807486E-19
6.936882E+03	7.510594E-18	2.809831E-19
6.937082E+03	7.506877E-18	2.808472E-19
6.937282E+03	7.512448E-18	2.810588E-19
6.937482E+03	7.518633E-18	2.812933E-19
6.937682E+03	7.519599E-18	2.813326E-19
6.937882E+03	7.520181E-18	2.813575E-19
6.938082E+03	7.523834E-18	2.814973E-19
6.938282E+03	7.525721E-18	2.815710E-19
6.938482E+03	7.521005E-18	2.813977E-19
6.938682E+03	7.508226E-18	2.809227E-19
6.938882E+03	7.498365E-18	2.805568E-19
6.939082E+03	7.480824E-18	2.799036E-19
6.939282E+03	7.466430E-18	2.793681E-19
6.939482E+03	7.460174E-18	2.791372E-19
6.939682E+03	7.456300E-18	2.789953E-19
6.939882E+03	7.449508E-18	2.787443E-19
6.940082E+03	7.448935E-18	2.787259E-19
6.940282E+03	7.453970E-18	2.789174E-19
6.940482E+03	7.455701E-18	2.789853E-19
6.940682E+03	7.459124E-18	2.791164E-19
6.941283E+03	7.463939E-18	2.793059E-19
6.941483E+03	7.475352E-18	2.797361E-19
6.941683E+03	7.484539E-18	2.800829E-19
6.941883E+03	7.494186E-18	2.804470E-19
6.942083E+03	7.486700E-18	2.801700E-19
6.942283E+03	7.485899E-18	2.801431E-19
6.942483E+03	7.505383E-18	2.808753E-19
6.942683E+03	7.529479E-18	2.817802E-19
6.942883E+03	7.533521E-18	2.819345E-19
6.943083E+03	7.531184E-18	2.818502E-19
6.943283E+03	7.543833E-18	2.823267E-19
6.943483E+03	7.548183E-18	2.824926E-19
6.943683E+03	7.543925E-18	2.823363E-19
6.943883E+03	7.539898E-18	2.821887E-19
6.944083E+03	7.543557E-18	2.823287E-19
6.944283E+03	7.554671E-18	2.827478E-19
6.944483E+03	7.556256E-18	2.828102E-19
6.944683E+03	7.548615E-18	2.825274E-19
6.944883E+03	7.543511E-18	2.823394E-19
6.945083E+03	7.544019E-18	2.823615E-19
6.945283E+03	7.546987E-18	2.824757E-19
6.945483E+03	7.553029E-18	2.827049E-19
6.945683E+03	7.556306E-18	2.828307E-19
6.945884E+03	7.558430E-18	2.829133E-19
6.946084E+03	7.551864E-18	2.826706E-19
6.946284E+03	7.561599E-18	2.830381E-19
6.946484E+03	7.571567E-18	2.834143E-19
6.946684E+03	7.562156E-18	2.830651E-19
6.946884E+03	7.545669E-18	2.824510E-19
6.947084E+03	7.541408E-18	2.822947E-19
6.947284E+03	7.527766E-18	2.817870E-19
6.947484E+03	7.506738E-18	2.810030E-19
6.947684E+03	7.488863E-18	2.803369E-19
6.947883E+03	7.480370E-18	2.800220E-19
6.948083E+03	7.477953E-18	2.799346E-19
6.948283E+03	7.481228E-18	2.800602E-19
6.948484E+03	7.482427E-18	2.801081E-19
6.948684E+03	7.482010E-18	2.800956E-19
6.948883E+03	7.479593E-18	2.800081E-19
6.949683E+03	7.485772E-18	2.802516E-19
6.949883E+03	7.489895E-18	2.804090E-19
6.950083E+03	7.491479E-18	2.804713E-19
6.950283E+03	7.488984E-18	2.803810E-19
6.950884E+03	7.481425E-18	2.801070E-19
6.951084E+03	7.473005E-18	2.797948E-19
6.951284E+03	7.468740E-18	2.796381E-19
6.951484E+03	7.466474E-18	2.795563E-19
6.951684E+03	7.465210E-18	2.795120E-19
6.951884E+03	7.462406E-18	2.794100E-19
6.952084E+03	7.467070E-18	2.795877E-19
6.952284E+03	7.468422E-18	2.796413E-19
6.952484E+03	7.452609E-18	2.790522E-19
6.952684E+03	7.441953E-18	2.786562E-19
6.952884E+03	7.443536E-18	2.787185E-19
6.953084E+03	7.440500E-18	2.786078E-19
6.953284E+03	7.450707E-18	2.789930E-19
6.953484E+03	7.459297E-18	2.793177E-19
6.953684E+03	7.447561E-18	2.788812E-19
6.953884E+03	7.449221E-18	2.789464E-19
6.954084E+03	7.462202E-18	2.794354E-19
6.954284E+03	7.481113E-18	2.801466E-19
6.954484E+03	7.484240E-18	2.802667E-19
6.954684E+03	7.488443E-18	2.804271E-19
6.954884E+03	7.498116E-18	2.807923E-19
6.955084E+03	7.485531E-18	2.803240E-19
6.955284E+03	7.480956E-18	2.801557E-19
6.955484E+03	7.490012E-18	2.804978E-19
6.955685E+03	7.480740E-18	2.801536E-19
6.955885E+03	7.475162E-18	2.799477E-19
6.956085E+03	7.476362E-18	2.799956E-19
6.956285E+03	7.475715E-18	2.799743E-19
6.956485E+03	7.489858E-18	2.805070E-19
6.956685E+03	7.487284E-18	2.804136E-19
6.956885E+03	7.471690E-18	2.798326E-19
6.957085E+03	7.472121E-18	2.798517E-19
6.957285E+03	7.482414E-18	2.802402E-19
6.957485E+03	7.492168E-18	2.806085E-19
6.957685E+03	7.496607E-18	2.807777E-19
6.957885E+03	7.499658E-18	2.808949E-19
6.958085E+03	7.513961E-18	2.814336E-19
6.958285E+03	7.516936E-18	2.815481E-19
6.958485E+03	7.516675E-18	2.815413E-19
6.958685E+03	7.523659E-18	2.818058E-19
6.958885E+03	7.521779E-18	2.817384E-19
6.959085E+03	7.524524E-18	2.818442E-19
6.959285E+03	7.524881E-18	2.818605E-19
6.959485E+03	7.527780E-18	2.819721E-19
6.959685E+03	7.525824E-18	2.819018E-19
6.959885E+03	7.528646E-18	2.820105E-19
6.960085E+03	7.528386E-18	2.820037E-19
6.960285E+03	7.507079E-18	2.812086E-19
6.960484E+03	7.496949E-18	2.808321E-19
6.960685E+03	7.491831E-18	2.806433E-19
6.960886E+03	7.479312E-18	2.801773E-19
6.961086E+03	7.488687E-18	2.805315E-19
6.961285E+03	7.485263E-18	2.804062E-19
6.961485E+03	7.472201E-18	2.799198E-19
6.961685E+03	7.473250E-18	2.799620E-19
6.961885E+03	7.475686E-18	2.800562E-19
6.962085E+03	7.484138E-18	2.803758E-19
6.962285E+03	7.486730E-18	2.804758E-19
6.962485E+03	7.475285E-18	2.800500E-19
6.962685E+03	7.478493E-18	2.801731E-19
6.962885E+03	7.484941E-18	2.804176E-19
6.963085E+03	7.475114E-18	2.800524E-19
6.963285E+03	7.461353E-18	2.795398E-19
6.963485E+03	7.468573E-18	2.798132E-19
6.963885E+03	7.482551E-18	2.803428E-19
6.964085E+03	7.490852E-18	2.806567E-19
6.964285E+03	7.501315E-18	2.810516E-19
6.964485E+03	7.494804E-18	2.808106E-19
6.964685E+03	7.483895E-18	2.804048E-19
6.964885E+03	7.495129E-18	2.808287E-19
6.965085E+03	7.499653E-18	2.810011E-19
6.965285E+03	7.514515E-18	2.815609E-19
6.965486E+03	7.528300E-18	2.820803E-19
6.965686E+03	7.532670E-18	2.822470E-19
6.965886E+03	7.537504E-18	2.824310E-19
6.966086E+03	7.553605E-18	2.830373E-19
6.966286E+03	7.564382E-18	2.834441E-19
6.966486E+03	7.564587E-18	2.834547E-19
6.966686E+03	7.571815E-18	2.837284E-19
6.967086E+03	7.576084E-18	2.838943E-19
6.967286E+03	7.581074E-18	2.840843E-19
6.967486E+03	7.580585E-18	2.840689E-19
6.967686E+03	7.568130E-18	2.836051E-19
6.967886E+03	7.572503E-18	2.837718E-19
6.968086E+03	7.575796E-18	2.838982E-19
6.968286E+03	7.578626E-18	2.840072E-19
6.968486E+03	7.584467E-18	2.842290E-19
6.968686E+03	7.590232E-18	2.844480E-19
6.968886E+03	7.589666E-18	2.844297E-19
6.969086E+03	7.594042E-18	2.845966E-19
6.969286E+03	7.600733E-18	2.848503E-19
6.969486E+03	7.609821E-18	2.851938E-19
6.969686E+03	7.618522E-18	2.855229E-19
6.969886E+03	7.624444E-18	2.857477E-19
6.970086E+03	7.628899E-18	2.859176E-19
6.970286E+03	7.638993E-18	2.862988E-19
6.971487E+03	7.633907E-18	2.861258E-19
6.971687E+03	7.628860E-18	2.859396E-19
6.971887E+03	7.635789E-18	2.862022E-19
6.972087E+03	7.650831E-18	2.867689E-19
6.972287E+03	7.658689E-18	2.870664E-19
6.972487E+03	7.659439E-18	2.870974E-19
6.972687E+03	7.660729E-18	2.871487E-19
6.972886E+03	7.668974E-18	2.874607E-19
6.973087E+03	7.670730E-18	2.875294E-19
6.973287E+03	7.663443E-18	2.872592E-19
6.973486E+03	7.663807E-18	2.872757E-19
6.973686E+03	7.657678E-18	2.870489E-19
6.973886E+03	7.644440E-18	2.865556E-19
6.974087E+03	7.630813E-18	2.860477E-19
6.974286E+03	7.623137E-18	2.857629E-19
6.974486E+03	7.619016E-18	2.856113E-19
6.974686E+03	7.617059E-18	2.855408E-19
6.974886E+03	7.632805E-18	2.861339E-19
6.975086E+03	7.643140E-18	2.865243E-19
6.975287E+03	7.624487E-18	2.858279E-19
6.975487E+03	7.616732E-18	2.855401E-19
6.975687E+03	7.609131E-18	2.852580E-19
6.975887E+03	7.619158E-18	2.856368E-19
6.976087E+03	7.638231E-18	2.863547E-19
6.976287E+03	7.631867E-18	2.861190E-19
6.976487E+03	7.626044E-18	2.859036E-19
6.976687E+03	7.624861E-18	2.858621E-19
6.976887E+03	7.624837E-18	2.858641E-19
6.977087E+03	7.628835E-18	2.860169E-19
6.977287E+03	7.625486E-18	2.858942E-19
6.977487E+03	7.616182E-18	2.855482E-19
6.977687E+03	7.623195E-18	2.858140E-19
6.977887E+03	7.625492E-18	2.859030E-19
6.978087E+03	7.613480E-18	2.854555E-19
6.978287E+03	7.605102E-18	2.851442E-19
6.978687E+03	7.620215E-18	2.857166E-19
6.979287E+03	7.630279E-18	2.861025E-19
6.979487E+03	7.630410E-18	2.861103E-19
6.979687E+03	7.635107E-18	2.862892E-19
6.980087E+03	7.634674E-18	2.862787E-19
6.980288E+03	7.634729E-18	2.862836E-19
6.980488E+03	7.634396E-18	2.862740E-19
6.980688E+03	7.638863E-18	2.864443E-19
6.980888E+03	7.645650E-18	2.867017E-19
6.981088E+03	7.658861E-18	2.871999E-19
6.981288E+03	7.664566E-18	2.874167E-19
6.981488E+03	7.663461E-18	2.873781E-19
6.981688E+03	7.660110E-18	2.872553E-19
6.981888E+03	7.652812E-18	2.869845E-19
6.982088E+03	7.656352E-18	2.871201E-19
6.982288E+03	7.662677E-18	2.873601E-19
6.982488E+03	7.675815E-18	2.878556E-19
6.982688E+03	7.698090E-18	2.886938E-19
6.982888E+03	7.707515E-18	2.890501E-19
6.983088E+03	7.722282E-18	2.896068E-19
6.983288E+03	7.731554E-18	2.899574E-19
6.983488E+03	7.733934E-18	2.900495E-19
6.983688E+03	7.740032E-18	2.902811E-19
6.983888E+03	7.754881E-18	2.908408E-19
6.984088E+03	7.770660E-18	2.914354E-19
6.984288E+03	7.769403E-18	2.913912E-19
6.984688E+03	7.760694E-18	2.910702E-19
6.984888E+03	7.775701E-18	2.916359E-19
6.985088E+03	7.778317E-18	2.917369E-19
6.985289E+03	7.766993E-18	2.913151E-19
6.985489E+03	7.762639E-18	2.911546E-19
6.985689E+03	7.766804E-18	2.913137E-19
6.985889E+03	7.775617E-18	2.916470E-19
6.986088E+03	7.784430E-18	2.919805E-19
6.986288E+03	7.790921E-18	2.922268E-19
6.986489E+03	7.787341E-18	2.920954E-19
6.986688E+03	7.781436E-18	2.918767E-19
6.986888E+03	7.793351E-18	2.923264E-19
6.987088E+03	7.794419E-18	2.923694E-19
6.987288E+03	7.795487E-18	2.924123E-19
6.987488E+03	7.799656E-18	2.925715E-19
6.987688E+03	7.799175E-18	2.925563E-19
6.987888E+03	7.798693E-18	2.925411E-19
6.988088E+03	7.786589E-18	2.920898E-19
6.988288E+03	7.786882E-18	2.921036E-19
6.988488E+03	7.777875E-18	2.917686E-19
6.988688E+03	7.759568E-18	2.910847E-19
6.988888E+03	7.759861E-18	2.910985E-19
6.989088E+03	7.763254E-18	2.912286E-19
6.989288E+03	7.768972E-18	2.914459E-19
6.989488E+03	7.782443E-18	2.919541E-19
6.989688E+03	7.787388E-18	2.921424E-19
6.989888E+03	7.795434E-18	2.924470E-19
6.990089E+03	7.794178E-18	2.924028E-19
6.990289E+03	7.792923E-18	2.923585E-19
6.990489E+03	7.790115E-18	2.922560E-19
6.990689E+03	7.791185E-18	2.922989E-19
6.990889E+03	7.793804E-18	2.924000E-19
6.991089E+03	7.801077E-18	2.926756E-19
6.991289E+03	7.795169E-18	2.924568E-19
6.991489E+03	7.780730E-18	2.919179E-19
6.991689E+03	7.777146E-18	2.917862E-19
6.991889E+03	7.775114E-18	2.917127E-19
6.992089E+03	7.776183E-18	2.917556E-19
6.992289E+03	7.774926E-18	2.917113E-19
6.992489E+03	7.769015E-18	2.914923E-19
6.992689E+03	7.765430E-18	2.913606E-19
6.992889E+03	7.767274E-18	2.914325E-19
6.993089E+03	7.769895E-18	2.915336E-19
6.993289E+03	7.767087E-18	2.914310E-19
6.993489E+03	7.764277E-18	2.913284E-19
6.993689E+03	7.766898E-18	2.914295E-19
6.993889E+03	7.774174E-18	2.917053E-19
6.994089E+03	7.780674E-18	2.919519E-19
6.994289E+03	7.775538E-18	2.917620E-19
6.994489E+03	7.771952E-18	2.916302E-19
6.994689E+03	7.766039E-18	2.914111E-19
6.994889E+03	7.777972E-18	2.918616E-19
6.995090E+03	7.781372E-18	2.919920E-19
6.995290E+03	7.780114E-18	2.919475E-19
6.995490E+03	7.780408E-18	2.919613E-19
6.995690E+03	7.780703E-18	2.919751E-19
6.995890E+03	7.772460E-18	2.916686E-19
6.996090E+03	7.771979E-18	2.916533E-19
6.996290E+03	7.787796E-18	2.922496E-19
6.996490E+03	7.798181E-18	2.926420E-19
6.996690E+03	7.795372E-18	2.925394E-19
6.996890E+03	7.794890E-18	2.925240E-19
6.997090E+03	7.806830E-18	2.929749E-19
6.997290E+03	7.811783E-18	2.931635E-19
6.997490E+03	7.809750E-18	2.930900E-19
6.997690E+03	7.799954E-18	2.927250E-19
6.997890E+03	7.787827E-18	2.922727E-19
6.998090E+03	7.784240E-18	2.921408E-19
6.998289E+03	7.781429E-18	2.920380E-19
6.998489E+03	7.789489E-18	2.923432E-19
6.998690E+03	7.797550E-18	2.926485E-19
6.998890E+03	7.804057E-18	2.928955E-19
6.999090E+03	7.810565E-18	2.931425E-19
6.999289E+03	7.817074E-18	2.933895E-19
6.999489E+03	7.819701E-18	2.934908E-19
6.999689E+03	7.819998E-18	2.935046E-19
6.999889E+03	7.825730E-18	2.937225E-19
7.000090E+03	7.833797E-18	2.940280E-19
7.000290E+03	7.848075E-18	2.945667E-19
7.000490E+03	7.861577E-18	2.950762E-19
7.000690E+03	7.869643E-18	2.953817E-19
7.000890E+03	7.869165E-18	2.953665E-19
7.001090E+03	7.867911E-18	2.953221E-19
7.001290E+03	7.867433E-18	2.953069E-19
7.001490E+03	7.870061E-18	2.954083E-19
7.001690E+03	7.872691E-18	2.955097E-19
7.001890E+03	7.882314E-18	2.958737E-19
7.002090E+03	7.896599E-18	2.964126E-19
7.002290E+03	7.902339E-18	2.966308E-19
7.002490E+03	7.908078E-18	2.968490E-19
7.002690E+03	7.917703E-18	2.972130E-19
7.002890E+03	7.927330E-18	2.975771E-19
7.003090E+03	7.933848E-18	2.978245E-19
7.003290E+03	7.943476E-18	2.981886E-19
7.003490E+03	7.959322E-18	2.987862E-19
7.003690E+03	7.968174E-18	2.991212E-19
7.003890E+03	7.971586E-18	2.992521E-19
7.004290E+03	7.972192E-18	2.992803E-19
7.004490E+03	7.967831E-18	2.991193E-19
7.004690E+03	7.952587E-18	2.985497E-19
7.004891E+03	7.952891E-18	2.985639E-19
7.005091E+03	7.964077E-18	2.989866E-19
7.005291E+03	7.956606E-18	2.987088E-19
7.005491E+03	7.949911E-18	2.984602E-19
7.005691E+03	7.949436E-18	2.984450E-19
7.005891E+03	7.945851E-18	2.983132E-19
7.006091E+03	7.939933E-18	2.980937E-19
7.006291E+03	7.927016E-18	2.976114E-19
7.006491E+03	7.914097E-18	2.971291E-19
7.006691E+03	7.911288E-18	2.970263E-19
7.006891E+03	7.911589E-18	2.970403E-19
7.007091E+03	7.904113E-18	2.967623E-19
7.007291E+03	7.894303E-18	2.963967E-19
7.007491E+03	7.893826E-18	2.963814E-19
7.007691E+03	7.895683E-18	2.964538E-19
7.007891E+03	7.889760E-18	2.962341E-19
7.008091E+03	7.893950E-18	2.963941E-19
7.008291E+03	7.906698E-18	2.968754E-19
7.008491E+03	7.910889E-18	2.970354E-19
7.008691E+03	7.905745E-18	2.968449E-19
7.008891E+03	7.909936E-18	2.970050E-19
7.009091E+03	7.918018E-18	2.973111E-19
7.009291E+03	7.919098E-18	2.973543E-19
7.009491E+03	7.905394E-18	2.968424E-19
7.009691E+03	7.900249E-18	2.966518E-19
7.009892E+03	7.910667E-18	2.970457E-19
7.010092E+03	7.910191E-18	2.970305E-19
7.010292E+03	7.901155E-18	2.966938E-19
7.010492E+03	7.892117E-18	2.963571E-19
7.010691E+03	7.884635E-18	2.960787E-19
7.010891E+03	7.894275E-18	2.964434E-19
7.011092E+03	7.898469E-18	2.966035E-19
7.011292E+03	7.892544E-18	2.963836E-19
7.011492E+03	7.881947E-18	2.959883E-19
7.011691E+03	7.871350E-18	2.955930E-19
7.011891E+03	7.874764E-18	2.957238E-19
7.012091E+03	7.878179E-18	2.958547E-19
7.012291E+03	7.865245E-18	2.953716E-19
7.012491E+03	7.860874E-18	2.952100E-19
7.012691E+03	7.869738E-18	2.955455E-19
7.012891E+03	7.872375E-18	2.956471E-19
7.013091E+03	7.875011E-18	2.957488E-19
7.013291E+03	7.874534E-18	2.957334E-19
7.013491E+03	7.866269E-18	2.954256E-19
7.013691E+03	7.849438E-18	2.947961E-19
7.013891E+03	7.853632E-18	2.949562E-19
7.014091E+03	7.860163E-18	2.952041E-19
7.014291E+03	7.851117E-18	2.948669E-19
7.014491E+03	7.856090E-18	2.950563E-19
7.014691E+03	7.854833E-18	2.950117E-19
7.014892E+03	7.853577E-18	2.949671E-19
7.015092E+03	7.843752E-18	2.946006E-19
7.015292E+03	7.851841E-18	2.949070E-19
7.015492E+03	7.856036E-18	2.950672E-19
7.015692E+03	7.841535E-18	2.945251E-19
7.015892E+03	7.836382E-18	2.943341E-19
7.016092E+03	7.832007E-18	2.941723E-19
7.016292E+03	7.824516E-18	2.938935E-19
7.016492E+03	7.817804E-18	2.936439E-19
7.016692E+03	7.817323E-18	2.936284E-19
7.016892E+03	7.820739E-18	2.937593E-19
7.017092E+03	7.810129E-18	2.933633E-19
7.017292E+03	7.807311E-18	2.932600E-19
7.017492E+03	7.809948E-18	2.933616E-19
7.017692E+03	7.809468E-18	2.933461E-19
7.017892E+03	7.808988E-18	2.933306E-19
7.018092E+03	7.799155E-18	2.929637E-19
7.018292E+03	7.801792E-18	2.930653E-19
7.018492E+03	7.803650E-18	2.931376E-19
7.018692E+03	7.797713E-18	2.929171E-19
7.018892E+03	7.798012E-18	2.929309E-19
7.019092E+03	7.800650E-18	2.930325E-19
7.019292E+03	7.814980E-18	2.935733E-19
7.019492E+03	7.823075E-18	2.938799E-19
7.019693E+03	7.829614E-18	2.941281E-19
7.019893E+03	7.846286E-18	2.947569E-19
7.020093E+03	7.855943E-18	2.951222E-19
7.020293E+03	7.843769E-18	2.946674E-19
7.020493E+03	7.844849E-18	2.947105E-19
7.020693E+03	7.835014E-18	2.943435E-19
7.020893E+03	7.818939E-18	2.937421E-19
7.021093E+03	7.816119E-18	2.936386E-19
7.021293E+03	7.821878E-18	2.938575E-19
7.021493E+03	7.821398E-18	2.938420E-19
7.021693E+03	7.831837E-18	2.942367E-19
7.021893E+03	7.842277E-18	2.946313E-19
7.022093E+03	7.846477E-18	2.947917E-19
7.022293E+03	7.857699E-18	2.952157E-19
7.022493E+03	7.861120E-18	2.953468E-19
7.022693E+03	7.865322E-18	2.955072E-19
7.022893E+03	7.857043E-18	2.951986E-19
7.023092E+03	7.855785E-18	2.951538E-19
7.023292E+03	7.861547E-18	2.953728E-19
7.023493E+03	7.871212E-18	2.957384E-19
7.023693E+03	7.878536E-18	2.960161E-19
7.023892E+03	7.877278E-18	2.959713E-19
7.024092E+03	7.883041E-18	2.961903E-19
7.024292E+03	7.894269E-18	2.966146E-19
7.024492E+03	7.903936E-18	2.969803E-19
7.024693E+03	7.906583E-18	2.970823E-19
7.024893E+03	7.906886E-18	2.970962E-19
7.025093E+03	7.911093E-18	2.972567E-19
7.025293E+03	7.909055E-18	2.971826E-19
7.025493E+03	7.910920E-18	2.972552E-19
7.025693E+03	7.924493E-18	2.977677E-19
7.025893E+03	7.933383E-18	2.981042E-19
7.026093E+03	7.936810E-18	2.982355E-19
7.026293E+03	7.946484E-18	2.986014E-19
7.026493E+03	7.949130E-18	2.987033E-19
7.026693E+03	7.943972E-18	2.985120E-19
7.026893E+03	7.941935E-18	2.984379E-19
7.027093E+03	7.949267E-18	2.987159E-19
7.027293E+03	7.946450E-18	2.986125E-19
7.027493E+03	7.955344E-18	2.989492E-19
7.027693E+03	7.961897E-18	2.991979E-19
7.027893E+03	7.959861E-18	2.991239E-19
7.028093E+03	7.958605E-18	2.990791E-19
7.028293E+03	7.960473E-18	2.991518E-19
7.028493E+03	7.956094E-18	2.989897E-19
7.028693E+03	7.944687E-18	2.985634E-19
7.028893E+03	7.945774E-18	2.986067E-19
7.029093E+03	7.953889E-18	2.989142E-19
7.029293E+03	7.969816E-18	2.995152E-19
7.029493E+03	7.977935E-18	2.998227E-19
7.029694E+03	7.973557E-18	2.996606E-19
7.029894E+03	7.970739E-18	2.995572E-19
7.030094E+03	7.964797E-18	2.993363E-19
7.030294E+03	7.975259E-18	2.997319E-19
7.030494E+03	7.974785E-18	2.997166E-19
7.030694E+03	7.963374E-18	2.992901E-19
7.030894E+03	7.944149E-18	2.985700E-19
7.031094E+03	7.921797E-18	2.977323E-19
7.031294E+03	7.921321E-18	2.977169E-19
7.031494E+03	7.928658E-18	2.979950E-19
7.031694E+03	7.924275E-18	2.978327E-19
7.031894E+03	7.915985E-18	2.975235E-19
7.032094E+03	7.911601E-18	2.973612E-19
7.032294E+03	7.909562E-18	2.972869E-19
7.032494E+03	7.917683E-18	2.975945E-19
7.032694E+03	7.921896E-18	2.977553E-19
7.032894E+03	7.916730E-18	2.975635E-19
7.033094E+03	7.917817E-18	2.976068E-19
7.033294E+03	7.915778E-18	2.975325E-19
7.033494E+03	7.912175E-18	2.973995E-19
7.033694E+03	7.916388E-18	2.975602E-19
7.033894E+03	7.924512E-18	2.978679E-19
7.034094E+03	7.925599E-18	2.979112E-19
7.034294E+03	7.904797E-18	2.971316E-19
7.034495E+03	7.887903E-18	2.964990E-19
7.034695E+03	7.883516E-18	2.963364E-19
7.034895E+03	7.871310E-18	2.958800E-19
7.035095E+03	7.863014E-18	2.955705E-19
7.035295E+03	7.853152E-18	2.952021E-19
7.035495E+03	7.843290E-18	2.948337E-19
7.035694E+03	7.848284E-18	2.950238E-19
7.035895E+03	7.855626E-18	2.953021E-19
7.036095E+03	7.849673E-18	2.950807E-19
7.036294E+03	7.847630E-18	2.950062E-19
7.036494E+03	7.841675E-18	2.947847E-19
7.036694E+03	7.831811E-18	2.944162E-19
7.036894E+03	7.825073E-18	2.941652E-19
7.037094E+03	7.819275E-18	2.939495E-19
7.037294E+03	7.805966E-18	2.934515E-19
7.037494E+03	7.792734E-18	2.929564E-19
7.037694E+03	7.780362E-18	2.924936E-19
7.037894E+03	7.781680E-18	2.925454E-19
7.038094E+03	7.789179E-18	2.928296E-19
7.038294E+03	7.792139E-18	2.929432E-19
7.038494E+03	7.786886E-18	2.927480E-19
7.038694E+03	7.794073E-18	2.930204E-19
7.038894E+03	7.806190E-18	2.934783E-19
7.039094E+03	7.823316E-18	2.941244E-19
7.039294E+03	7.833401E-18	2.945059E-19
7.039495E+03	7.832923E-18	2.944902E-19
7.039695E+03	7.841053E-18	2.947981E-19
7.039895E+03	7.853095E-18	2.952532E-19
7.040095E+03	7.844007E-18	2.949138E-19
7.040295E+03	7.839614E-18	2.947509E-19
7.040495E+03	7.838353E-18	2.947057E-19
7.040695E+03	7.843352E-18	2.948960E-19
7.040895E+03	7.835829E-18	2.946154E-19
7.041095E+03	7.823998E-18	2.941728E-19
7.041295E+03	7.821483E-18	2.940805E-19
7.041495E+03	7.823586E-18	2.941619E-19
7.041695E+03	7.819192E-18	2.939989E-19
7.041895E+03	7.818790E-18	2.939860E-19
7.042095E+03	7.827784E-18	2.943265E-19
7.042295E+03	7.831689E-18	2.944755E-19
7.042495E+03	7.817664E-18	2.939504E-19
7.042695E+03	7.800269E-18	2.932986E-19
7.042895E+03	7.796264E-18	2.931502E-19
7.043095E+03	7.795783E-18	2.931344E-19
7.043295E+03	7.789820E-18	2.929124E-19
7.043495E+03	7.792941E-18	2.930320E-19
7.043695E+03	7.805070E-18	2.934903E-19
7.043895E+03	7.809132E-18	2.936453E-19
7.044095E+03	7.801916E-18	2.933761E-19
7.044296E+03	7.801828E-18	2.933751E-19
7.044496E+03	7.811766E-18	2.937509E-19
7.044696E+03	7.816690E-18	2.939383E-19
7.044896E+03	7.817934E-18	2.939873E-19
7.045096E+03	7.820353E-18	2.940805E-19
7.045296E+03	7.814545E-18	2.938643E-19
7.045496E+03	7.811087E-18	2.937365E-19
7.045696E+03	7.805671E-18	2.935350E-19
7.045896E+03	7.798530E-18	2.932687E-19
7.046096E+03	7.803378E-18	2.934532E-19
7.046296E+03	7.803524E-18	2.934608E-19
7.046496E+03	7.803983E-18	2.934803E-19
7.046696E+03	7.813847E-18	2.938535E-19
7.046896E+03	7.809056E-18	2.936755E-19
7.047096E+03	7.806538E-18	2.935830E-19
7.047296E+03	7.807312E-18	2.936142E-19
7.047496E+03	7.811455E-18	2.937722E-19
7.047696E+03	7.817559E-18	2.940040E-19
7.047896E+03	7.820136E-18	2.941031E-19
7.048096E+03	7.824124E-18	2.942552E-19
7.048296E+03	7.824036E-18	2.942541E-19
7.048495E+03	7.839235E-18	2.948279E-19
7.048695E+03	7.846125E-18	2.950892E-19
7.048895E+03	7.844078E-18	2.950144E-19
7.049096E+03	7.833798E-18	2.946299E-19
7.049297E+03	7.834496E-18	2.946583E-19
7.049496E+03	7.833389E-18	2.946189E-19
7.049696E+03	7.835419E-18	2.946974E-19
7.049896E+03	7.830783E-18	2.945252E-19
7.050096E+03	7.827480E-18	2.944031E-19
7.050296E+03	7.832020E-18	2.945760E-19
7.050496E+03	7.842363E-18	2.949671E-19
7.050696E+03	7.857020E-18	2.955206E-19
7.050896E+03	7.873796E-18	2.961537E-19
7.051096E+03	7.881947E-18	2.964624E-19
7.051296E+03	7.874409E-18	2.961811E-19
7.051496E+03	7.870793E-18	2.960472E-19
7.051696E+03	7.859333E-18	2.956183E-19
7.051896E+03	7.852579E-18	2.953664E-19
7.052096E+03	7.855238E-18	2.954686E-19
7.052296E+03	7.851620E-18	2.953346E-19
7.052496E+03	7.845650E-18	2.951122E-19
7.052696E+03	7.839914E-18	2.948985E-19
7.052896E+03	7.824762E-18	2.943307E-19
7.053096E+03	7.805528E-18	2.936093E-19
7.053296E+03	7.803713E-18	2.935432E-19
7.053496E+03	7.810217E-18	2.937899E-19
7.053696E+03	7.806676E-18	2.936588E-19
7.053896E+03	7.802036E-18	2.934864E-19
7.054096E+03	7.794256E-18	2.931958E-19
7.054297E+03	7.788753E-18	2.929909E-19
7.054497E+03	7.791804E-18	2.931078E-19
7.054697E+03	7.785907E-18	2.928880E-19
7.054897E+03	7.769962E-18	2.922903E-19
7.055097E+03	7.745931E-18	2.913883E-19
7.055297E+03	7.731788E-18	2.908584E-19
7.055497E+03	7.730756E-18	2.908216E-19
7.055697E+03	7.731606E-18	2.908556E-19
7.055897E+03	7.734577E-18	2.909694E-19
7.056097E+03	7.738804E-18	2.911305E-19
7.056297E+03	7.746643E-18	2.914275E-19
7.056497E+03	7.737052E-18	2.910687E-19
7.056697E+03	7.721806E-18	2.904972E-19
7.056897E+03	7.730274E-18	2.908178E-19
7.057097E+03	7.744632E-18	2.913600E-19
7.057297E+03	7.743834E-18	2.913320E-19
7.057497E+03	7.742173E-18	2.912716E-19
7.057697E+03	7.741925E-18	2.912643E-19
7.057897E+03	7.740264E-18	2.912038E-19
7.058097E+03	7.727292E-18	2.907178E-19
7.058297E+03	7.717933E-18	2.903677E-19
7.058497E+03	7.718705E-18	2.903988E-19
7.058697E+03	7.719164E-18	2.904181E-19
7.058897E+03	7.717658E-18	2.903634E-19
7.059098E+03	7.715368E-18	2.902793E-19
7.059298E+03	7.716848E-18	2.903370E-19
7.059498E+03	7.718877E-18	2.904153E-19
7.059698E+03	7.716979E-18	2.903459E-19
7.059898E+03	7.721288E-18	2.905100E-19
7.060098E+03	7.726146E-18	2.906948E-19
7.060298E+03	7.724483E-18	2.906342E-19
7.060498E+03	7.727929E-18	2.907659E-19
7.060698E+03	7.720136E-18	2.904747E-19
7.060898E+03	7.705978E-18	2.899439E-19
7.061097E+03	7.691819E-18	2.894132E-19
7.061297E+03	7.696599E-18	2.895950E-19
7.061498E+03	7.706881E-18	2.899838E-19
7.061698E+03	7.701052E-18	2.897665E-19
7.061897E+03	7.699309E-18	2.897029E-19
7.062097E+03	7.709671E-18	2.900947E-19
7.062297E+03	7.722943E-18	2.905961E-19
7.062497E+03	7.724031E-18	2.906390E-19
7.062697E+03	7.715606E-18	2.903239E-19
7.062897E+03	7.713393E-18	2.902426E-19
7.063097E+03	7.703709E-18	2.898802E-19
7.063297E+03	7.692296E-18	2.894527E-19
7.063497E+03	7.690710E-18	2.893949E-19
7.063697E+03	7.699817E-18	2.897396E-19
7.063897E+03	7.703342E-18	2.898742E-19
7.064098E+03	7.695310E-18	2.895739E-19
7.064298E+03	7.676187E-18	2.888562E-19
7.064498E+03	7.664377E-18	2.884137E-19
7.064698E+03	7.662475E-18	2.883441E-19
7.064898E+03	7.653887E-18	2.880228E-19
7.065098E+03	7.651434E-18	2.879324E-19
7.065298E+03	7.659520E-18	2.882386E-19
7.065498E+03	7.657932E-18	2.881808E-19
7.065698E+03	7.653276E-18	2.880075E-19
7.065898E+03	7.650980E-18	2.879230E-19
7.066098E+03	7.646166E-18	2.877437E-19
7.066298E+03	7.639307E-18	2.874875E-19
7.066498E+03	7.634964E-18	2.873259E-19
7.066698E+03	7.635893E-18	2.873628E-19
7.066898E+03	7.644296E-18	2.876809E-19
7.067098E+03	7.644594E-18	2.876940E-19
7.067298E+03	7.639071E-18	2.874880E-19
7.067498E+03	7.629692E-18	2.871369E-19
7.067698E+03	7.615827E-18	2.866170E-19
7.067898E+03	7.621712E-18	2.868404E-19
7.068098E+03	7.630904E-18	2.871882E-19
7.068298E+03	7.623254E-18	2.869021E-19
7.068498E+03	7.624733E-18	2.869597E-19
7.068698E+03	7.631643E-18	2.872216E-19
7.068898E+03	7.626354E-18	2.870244E-19
7.069099E+03	7.618469E-18	2.867295E-19
7.069299E+03	7.613730E-18	2.865530E-19
7.069499E+03	7.610879E-18	2.864475E-19
7.069699E+03	7.597480E-18	2.859451E-19
7.069899E+03	7.583293E-18	2.854129E-19
7.070099E+03	7.584614E-18	2.854645E-19
7.070299E+03	7.586407E-18	2.855338E-19
7.070499E+03	7.580012E-18	2.852950E-19
7.070699E+03	7.568736E-18	2.848724E-19
7.070899E+03	7.561631E-18	2.846068E-19
7.071099E+03	7.562400E-18	2.846375E-19
7.071299E+03	7.566555E-18	2.847957E-19
7.071499E+03	7.561812E-18	2.846190E-19
7.071699E+03	7.569117E-18	2.848958E-19
7.071899E+03	7.573588E-18	2.850659E-19
7.072099E+03	7.580265E-18	2.853190E-19
7.072299E+03	7.582689E-18	2.854121E-19
7.072499E+03	7.590154E-18	2.856949E-19
7.072699E+03	7.594942E-18	2.858768E-19
7.072899E+03	7.602959E-18	2.861804E-19
7.073099E+03	7.621612E-18	2.868844E-19
7.073298E+03	7.630734E-18	2.872295E-19
7.073498E+03	7.634263E-18	2.873641E-19
7.073699E+03	7.623298E-18	2.869532E-19
7.073900E+03	7.614223E-18	2.866134E-19
7.074100E+03	7.612158E-18	2.865375E-19
7.074300E+03	7.608912E-18	2.864171E-19
7.074499E+03	7.612283E-18	2.865457E-19
7.074699E+03	7.614946E-18	2.866478E-19
7.074899E+03	7.620131E-18	2.868447E-19
7.075099E+03	7.623267E-18	2.869645E-19
7.075299E+03	7.625537E-18	2.870517E-19
7.075499E+03	7.632851E-18	2.873289E-19
7.075699E+03	7.639692E-18	2.875881E-19
7.075899E+03	7.642594E-18	2.876992E-19
7.076099E+03	7.641790E-18	2.876707E-19
7.076299E+03	7.648633E-18	2.879300E-19
7.076499E+03	7.649958E-18	2.879817E-19
7.076699E+03	7.654437E-18	2.881521E-19
7.076899E+03	7.663015E-18	2.884767E-19
7.077099E+03	7.660558E-18	2.883860E-19
7.077299E+03	7.646668E-18	2.878648E-19
7.077499E+03	7.639951E-18	2.876137E-19
7.077699E+03	7.637966E-18	2.875407E-19
7.077899E+03	7.640789E-18	2.876488E-19
7.078099E+03	7.637384E-18	2.875223E-19
7.078299E+03	7.635082E-18	2.874374E-19
7.078499E+03	7.628837E-18	2.872040E-19
7.078699E+03	7.616125E-18	2.867272E-19
7.078900E+03	7.606884E-18	2.863810E-19
7.079100E+03	7.609156E-18	2.864683E-19
7.079300E+03	7.612688E-18	2.866030E-19
7.079500E+03	7.613382E-18	2.866308E-19
7.079700E+03	7.608713E-18	2.864567E-19
7.079900E+03	7.601440E-18	2.861846E-19
7.080100E+03	7.601108E-18	2.861738E-19
7.080300E+03	7.602669E-18	2.862343E-19
7.080500E+03	7.593344E-18	2.858849E-19
7.080700E+03	7.592776E-18	2.858652E-19
7.080900E+03	7.589840E-18	2.857564E-19
7.081100E+03	7.588166E-18	2.856951E-19
7.081300E+03	7.588544E-18	2.857110E-19
7.081500E+03	7.586397E-18	2.856318E-19
7.081700E+03	7.578095E-18	2.853209E-19
7.081900E+03	7.572791E-18	2.851229E-19
7.082100E+03	7.563777E-18	2.847852E-19
7.082300E+03	7.570309E-18	2.850328E-19
7.082500E+03	7.583157E-18	2.855182E-19
7.082700E+03	7.579193E-18	2.853706E-19
7.082900E+03	7.573020E-18	2.851399E-19
7.083100E+03	7.562584E-18	2.847486E-19
7.083300E+03	7.552542E-18	2.843721E-19
7.083500E+03	7.540131E-18	2.839065E-19
7.083700E+03	7.546586E-18	2.841512E-19
7.083901E+03	7.560857E-18	2.846902E-19
7.084101E+03	7.567549E-18	2.849438E-19
7.084301E+03	7.568638E-18	2.849864E-19
7.084501E+03	7.571779E-18	2.851063E-19
7.084701E+03	7.577366E-18	2.853184E-19
7.084901E+03	7.570007E-18	2.850429E-19
7.085101E+03	7.554593E-18	2.844641E-19
7.085301E+03	7.542414E-18	2.840071E-19
7.085501E+03	7.547766E-18	2.842103E-19
7.085700E+03	7.549327E-18	2.842707E-19
7.085900E+03	7.549151E-18	2.842657E-19
7.086100E+03	7.557662E-18	2.845878E-19
7.086301E+03	7.556934E-18	2.845620E-19
7.086501E+03	7.551467E-18	2.843577E-19
7.086700E+03	7.539758E-18	2.839184E-19
7.086900E+03	7.525522E-18	2.833839E-19
7.087100E+03	7.514444E-18	2.829684E-19
7.087300E+03	7.518849E-18	2.831358E-19
7.087500E+03	7.528467E-18	2.834996E-19
7.087700E+03	7.528448E-18	2.835005E-19
7.087900E+03	7.525428E-18	2.833883E-19
7.088100E+03	7.517745E-18	2.831006E-19
7.088300E+03	7.515909E-18	2.830330E-19
7.088500E+03	7.516758E-18	2.830666E-19
7.088701E+03	7.509629E-18	2.827997E-19
7.088901E+03	7.509452E-18	2.827946E-19
7.089101E+03	7.515675E-18	2.830305E-19
7.089301E+03	7.515577E-18	2.830284E-19
7.089501E+03	7.521722E-18	2.832614E-19
7.089701E+03	7.519174E-18	2.831669E-19
7.089901E+03	7.513227E-18	2.829446E-19
7.090101E+03	7.513208E-18	2.829454E-19
7.090301E+03	7.510501E-18	2.828450E-19
7.090501E+03	7.511668E-18	2.828905E-19
7.090701E+03	7.519790E-18	2.831979E-19
7.090901E+03	7.518664E-18	2.831571E-19
7.091101E+03	7.517538E-18	2.831162E-19
7.091301E+03	7.522737E-18	2.833135E-19
7.091501E+03	7.519477E-18	2.831923E-19
7.091701E+03	7.509022E-18	2.828001E-19
7.091901E+03	7.503626E-18	2.825984E-19
7.092101E+03	7.513253E-18	2.829625E-19
7.092301E+03	7.527150E-18	2.834874E-19
7.092501E+03	7.539151E-18	2.839409E-19
7.092701E+03	7.531779E-18	2.836647E-19
7.092901E+03	7.523220E-18	2.833439E-19
7.093101E+03	7.529448E-18	2.835800E-19
7.093301E+03	7.548331E-18	2.842927E-19
7.093501E+03	7.566030E-18	2.849608E-19
7.093702E+03	7.572658E-18	2.852120E-19
7.093902E+03	7.565523E-18	2.849447E-19
7.094102E+03	7.561551E-18	2.847967E-19
7.094302E+03	7.556313E-18	2.846009E-19
7.094502E+03	7.554951E-18	2.845511E-19
7.094702E+03	7.557544E-18	2.846502E-19
7.094902E+03	7.557685E-18	2.846570E-19
7.095102E+03	7.564551E-18	2.849171E-19
7.095302E+03	7.575769E-18	2.853411E-19
7.095502E+03	7.586117E-18	2.857324E-19
7.095702E+03	7.596387E-18	2.861207E-19
7.095902E+03	7.604284E-18	2.864196E-19
7.096102E+03	7.599442E-18	2.862387E-19
7.096302E+03	7.593886E-18	2.860310E-19
7.096502E+03	7.594662E-18	2.860617E-19
7.096702E+03	7.595437E-18	2.860924E-19
7.096902E+03	7.586558E-18	2.857594E-19
7.097102E+03	7.574590E-18	2.853101E-19
7.097302E+03	7.570854E-18	2.851708E-19
7.097502E+03	7.565851E-18	2.849838E-19
7.097702E+03	7.570346E-18	2.851546E-19
7.097902E+03	7.580382E-18	2.855341E-19
7.098102E+03	7.584324E-18	2.856840E-19
7.098301E+03	7.588661E-18	2.858488E-19
7.098502E+03	7.591656E-18	2.859631E-19
7.098703E+03	7.589502E-18	2.858834E-19
7.098903E+03	7.607143E-18	2.865494E-19
7.099102E+03	7.615283E-18	2.868574E-19
7.099302E+03	7.621444E-18	2.870910E-19
7.099502E+03	7.630219E-18	2.874230E-19
7.099702E+03	7.632660E-18	2.875163E-19
7.099902E+03	7.631774E-18	2.874844E-19
7.100102E+03	7.631364E-18	2.874704E-19
7.100302E+03	7.631113E-18	2.874624E-19
7.100502E+03	7.630386E-18	2.874364E-19
7.100702E+03	7.626965E-18	2.873090E-19
7.100902E+03	7.636060E-18	2.876530E-19
7.101102E+03	7.639294E-18	2.877763E-19
7.101302E+03	7.633102E-18	2.875444E-19
7.101502E+03	7.632295E-18	2.875155E-19
7.101702E+03	7.628083E-18	2.873582E-19
7.101902E+03	7.621256E-18	2.871024E-19
7.102102E+03	7.619497E-18	2.870376E-19
7.102302E+03	7.623444E-18	2.871877E-19
7.102502E+03	7.619231E-18	2.870304E-19
7.102702E+03	7.612957E-18	2.867954E-19
7.102902E+03	7.609377E-18	2.866619E-19
7.103102E+03	7.607697E-18	2.866000E-19
7.103302E+03	7.611249E-18	2.867352E-19
7.103503E+03	7.626688E-18	2.873182E-19
7.103703E+03	7.628022E-18	2.873699E-19
7.103903E+03	7.611602E-18	2.867527E-19
7.104103E+03	7.596766E-18	2.861951E-19
7.104303E+03	7.588746E-18	2.858944E-19
7.104503E+03	7.600382E-18	2.863341E-19
7.104703E+03	7.607104E-18	2.865887E-19
7.104903E+03	7.602412E-18	2.864133E-19
7.105103E+03	7.595659E-18	2.861602E-19
7.105303E+03	7.601034E-18	2.863641E-19
7.105503E+03	7.606568E-18	2.865740E-19
7.105703E+03	7.597753E-18	2.862432E-19
7.105903E+03	7.597738E-18	2.862440E-19
7.106103E+03	7.604145E-18	2.864867E-19
7.106303E+03	7.594774E-18	2.861350E-19
7.106503E+03	7.587939E-18	2.858788E-19
7.106703E+03	7.582531E-18	2.856764E-19
7.106903E+03	7.584498E-18	2.857519E-19
7.107103E+03	7.583689E-18	2.857227E-19
7.107303E+03	7.575346E-18	2.854097E-19
7.107503E+03	7.576837E-18	2.854672E-19
7.107703E+03	7.588162E-18	2.858952E-19
7.107903E+03	7.593620E-18	2.861022E-19
7.108103E+03	7.584720E-18	2.857682E-19
7.108303E+03	7.581532E-18	2.856494E-19
7.108504E+03	7.578424E-18	2.855336E-19
7.108704E+03	7.571348E-18	2.852683E-19
7.108904E+03	7.568317E-18	2.851554E-19
7.109104E+03	7.577028E-18	2.854849E-19
7.109304E+03	7.574869E-18	2.854049E-19
7.109504E+03	7.583343E-18	2.857254E-19
7.109704E+03	7.588088E-18	2.859055E-19
7.109904E+03	7.571806E-18	2.852933E-19
7.110104E+03	7.553459E-18	2.846033E-19
7.110304E+03	7.542334E-18	2.841854E-19
7.110504E+03	7.538189E-18	2.840305E-19
7.110704E+03	7.533570E-18	2.838577E-19
7.110904E+03	7.529583E-18	2.837088E-19
7.111104E+03	7.526947E-18	2.836107E-19
7.111303E+03	7.523595E-18	2.834857E-19
7.111503E+03	7.516354E-18	2.832141E-19
7.111703E+03	7.507763E-18	2.828916E-19
7.111904E+03	7.502188E-18	2.826828E-19
7.112103E+03	7.500660E-18	2.826265E-19
7.112303E+03	7.509295E-18	2.829531E-19
7.112503E+03	7.515865E-18	2.832019E-19
7.112703E+03	7.517196E-18	2.832533E-19
7.112903E+03	7.521466E-18	2.834154E-19
7.113103E+03	7.521766E-18	2.834279E-19
7.113304E+03	7.515238E-18	2.831832E-19
7.113504E+03	7.519666E-18	2.833513E-19
7.113704E+03	7.524095E-18	2.835194E-19
7.113904E+03	7.525189E-18	2.835619E-19
7.114104E+03	7.517786E-18	2.832841E-19
7.114304E+03	7.536192E-18	2.839789E-19
7.114504E+03	7.547850E-18	2.844194E-19
7.114704E+03	7.554028E-18	2.846535E-19
7.114904E+03	7.561478E-18	2.849354E-19
7.115104E+03	7.570516E-18	2.852772E-19
7.115304E+03	7.572883E-18	2.853676E-19
7.115504E+03	7.577793E-18	2.855538E-19
7.115704E+03	7.600099E-18	2.863956E-19
7.115904E+03	7.615894E-18	2.869920E-19
7.116104E+03	7.623506E-18	2.872800E-19
7.116304E+03	7.629452E-18	2.875053E-19
7.116504E+03	7.626657E-18	2.874012E-19
7.116704E+03	7.617903E-18	2.870725E-19
7.116904E+03	7.613042E-18	2.868905E-19
7.117104E+03	7.603730E-18	2.865408E-19
7.117304E+03	7.598551E-18	2.863468E-19
7.117504E+03	7.598616E-18	2.863504E-19
7.117704E+03	7.600031E-18	2.864049E-19
7.117904E+03	7.592704E-18	2.861300E-19
7.118104E+03	7.578463E-18	2.855945E-19
7.118305E+03	7.572885E-18	2.853855E-19
7.118505E+03	7.574221E-18	2.854370E-19
7.118705E+03	7.574126E-18	2.854346E-19
7.118905E+03	7.576017E-18	2.855070E-19
7.119105E+03	7.573618E-18	2.854177E-19
7.119305E+03	7.572965E-18	2.853943E-19
7.119505E+03	7.577402E-18	2.855626E-19
7.119705E+03	7.580884E-18	2.856950E-19
7.119905E+03	7.585162E-18	2.858574E-19
7.120105E+03	7.597471E-18	2.863224E-19
7.120305E+03	7.607793E-18	2.867125E-19
7.120505E+03	7.610880E-18	2.868300E-19
7.120705E+03	7.614205E-18	2.869565E-19
7.120905E+03	7.618565E-18	2.871219E-19
7.121105E+03	7.618869E-18	2.871345E-19
7.121305E+03	7.626887E-18	2.874378E-19
7.121505E+03	7.637929E-18	2.878551E-19
7.121705E+03	7.652391E-18	2.884013E-19
7.121905E+03	7.661208E-18	2.887347E-19
7.122105E+03	7.662547E-18	2.887863E-19
7.122305E+03	7.663252E-18	2.888140E-19
7.122505E+03	7.664591E-18	2.888656E-19
7.122705E+03	7.671978E-18	2.891451E-19
7.122905E+03	7.683263E-18	2.895715E-19
7.123105E+03	7.690093E-18	2.898300E-19
7.123306E+03	7.706235E-18	2.904395E-19
7.123506E+03	7.724684E-18	2.911359E-19
7.123706E+03	7.738439E-18	2.916555E-19
7.123905E+03	7.749729E-18	2.920821E-19
7.124105E+03	7.761656E-18	2.925327E-19
7.124306E+03	7.769526E-18	2.928305E-19
7.124506E+03	7.764903E-18	2.926573E-19
7.124705E+03	7.756777E-18	2.923521E-19
7.124905E+03	7.753029E-18	2.922120E-19
7.125105E+03	7.751826E-18	2.921677E-19
7.125305E+03	7.755798E-18	2.923185E-19
7.125505E+03	7.766296E-18	2.927153E-19
7.125705E+03	7.775761E-18	2.930731E-19
7.125905E+03	7.771375E-18	2.929089E-19
7.126105E+03	7.755048E-18	2.922946E-19
7.126305E+03	7.747557E-18	2.920133E-19
7.126505E+03	7.750016E-18	2.921071E-19
7.126705E+03	7.745947E-18	2.919548E-19
7.126905E+03	7.740763E-18	2.917605E-19
7.127105E+03	7.738047E-18	2.916592E-19
7.127305E+03	7.741940E-18	2.918069E-19
7.127505E+03	7.748939E-18	2.920718E-19
7.127705E+03	7.756734E-18	2.923666E-19
7.127905E+03	7.754257E-18	2.922744E-19
7.128106E+03	7.743420E-18	2.918669E-19
7.128306E+03	7.741898E-18	2.918106E-19
7.128506E+03	7.750969E-18	2.921535E-19
7.128706E+03	7.758686E-18	2.924455E-19
7.128906E+03	7.765129E-18	2.926894E-19
7.129106E+03	7.767670E-18	2.927862E-19
7.129306E+03	7.764795E-18	2.926788E-19
7.129506E+03	7.765504E-18	2.927066E-19
7.129706E+03	7.766771E-18	2.927554E-19
7.129906E+03	7.762063E-18	2.925789E-19
7.130106E+03	7.757435E-18	2.924055E-19
7.130306E+03	7.750893E-18	2.921599E-19
7.130506E+03	7.744829E-18	2.919324E-19
7.130706E+03	7.747530E-18	2.920352E-19
7.130906E+03	7.754613E-18	2.923032E-19
7.131106E+03	7.748628E-18	2.920786E-19
7.131306E+03	7.739376E-18	2.917308E-19
7.131506E+03	7.733391E-18	2.915062E-19
7.131706E+03	7.732028E-18	2.914558E-19
7.131906E+03	7.724686E-18	2.911801E-19
7.132106E+03	7.716309E-18	2.908653E-19
7.132306E+03	7.715103E-18	2.908208E-19
7.132506E+03	7.715651E-18	2.908425E-19
7.132706E+03	7.713409E-18	2.907589E-19
7.132906E+03	7.711726E-18	2.906964E-19
7.133107E+03	7.710123E-18	2.906370E-19
7.133307E+03	7.711628E-18	2.906947E-19
7.133507E+03	7.710183E-18	2.906412E-19
7.133707E+03	7.705629E-18	2.904705E-19
7.133907E+03	7.705619E-18	2.904710E-19
7.134107E+03	7.710792E-18	2.906670E-19
7.134307E+03	7.718676E-18	2.909651E-19
7.134507E+03	7.723052E-18	2.911310E-19
7.134707E+03	7.729901E-18	2.913901E-19
7.134907E+03	7.743129E-18	2.918898E-19
7.135107E+03	7.754126E-18	2.923052E-19
7.135307E+03	7.756749E-18	2.924051E-19
7.135507E+03	7.753871E-18	2.922975E-19
7.135707E+03	7.756176E-18	2.923853E-19
7.135907E+03	7.757523E-18	2.924370E-19
7.136106E+03	7.757436E-18	2.924347E-19
7.136306E+03	7.761576E-18	2.925917E-19
7.136507E+03	7.763004E-18	2.926464E-19
7.136707E+03	7.768421E-18	2.928516E-19
7.136907E+03	7.760276E-18	2.925454E-19
7.137106E+03	7.747184E-18	2.920528E-19
7.137306E+03	7.738719E-18	2.917346E-19
7.137506E+03	7.739907E-18	2.917803E-19
7.137706E+03	7.749154E-18	2.921298E-19
7.137907E+03	7.742046E-18	2.918627E-19
7.138107E+03	7.721849E-18	2.911022E-19
7.138307E+03	7.714578E-18	2.908290E-19
7.138507E+03	7.710259E-18	2.906671E-19
7.138707E+03	7.707376E-18	2.905593E-19
7.138907E+03	7.710719E-18	2.906861E-19
7.139107E+03	7.701052E-18	2.903226E-19
7.139307E+03	7.688191E-18	2.898386E-19
7.139507E+03	7.693209E-18	2.900287E-19
7.139707E+03	7.692879E-18	2.900171E-19
7.139907E+03	7.687600E-18	2.898189E-19
7.140107E+03	7.685914E-18	2.897562E-19
7.140307E+03	7.691490E-18	2.899673E-19
7.140507E+03	7.696589E-18	2.901604E-19
7.140707E+03	7.692029E-18	2.899893E-19
7.140907E+03	7.679483E-18	2.895172E-19
7.141107E+03	7.671248E-18	2.892076E-19
7.141307E+03	7.669161E-18	2.891297E-19
7.141507E+03	7.667473E-18	2.890669E-19
7.141707E+03	7.654286E-18	2.885706E-19
7.141907E+03	7.638861E-18	2.879899E-19
7.142107E+03	7.634696E-18	2.878337E-19
7.142307E+03	7.640753E-18	2.880628E-19
7.142507E+03	7.647369E-18	2.883131E-19
7.142707E+03	7.658459E-18	2.887320E-19
7.142908E+03	7.675941E-18	2.893919E-19
7.143108E+03	7.693903E-18	2.900699E-19
7.143308E+03	7.708350E-18	2.906154E-19
7.143508E+03	7.715131E-18	2.908718E-19
7.143708E+03	7.717997E-18	2.909807E-19
7.143908E+03	7.722702E-18	2.911589E-19
7.144108E+03	7.727006E-18	2.913220E-19
7.144308E+03	7.730913E-18	2.914701E-19
7.144508E+03	7.734419E-18	2.916031E-19
7.144708E+03	7.737527E-18	2.917210E-19
7.144908E+03	7.740395E-18	2.918299E-19
7.145108E+03	7.742784E-18	2.919208E-19
7.145308E+03	7.744853E-18	2.919996E-19
7.145508E+03	7.746523E-18	2.920634E-19
7.145708E+03	7.747794E-18	2.921120E-19
7.145908E+03	7.748745E-18	2.921487E-19
7.146108E+03	7.749456E-18	2.921763E-19
7.146308E+03	7.746171E-18	2.920532E-19
7.146508E+03	7.752797E-18	2.923038E-19
7.146708E+03	7.758225E-18	2.925092E-19
7.146908E+03	7.757818E-18	2.924946E-19
7.147108E+03	7.758130E-18	2.925071E-19
7.147308E+03	7.750608E-18	2.922242E-19
7.147508E+03	7.752198E-18	2.922849E-19
7.147708E+03	7.744036E-18	2.919780E-19
7.147909E+03	7.731477E-18	2.915052E-19
7.148109E+03	7.737305E-18	2.917256E-19
7.148309E+03	7.723863E-18	2.912196E-19
7.148508E+03	7.699304E-18	2.902943E-19
7.148708E+03	7.688579E-18	2.898907E-19
7.148908E+03	7.695926E-18	2.901684E-19
7.149109E+03	7.696876E-18	2.902050E-19
7.149309E+03	7.702624E-18	2.904224E-19
7.149508E+03	7.712371E-18	2.907906E-19
7.149708E+03	7.704764E-18	2.905045E-19
7.149908E+03	7.685878E-18	2.897931E-19
7.150108E+03	7.677388E-18	2.894737E-19
7.150308E+03	7.669778E-18	2.891875E-19
7.150508E+03	7.666407E-18	2.890611E-19
7.150708E+03	7.655196E-18	2.886391E-19
7.150908E+03	7.650785E-18	2.884734E-19
7.151108E+03	7.662213E-18	2.889050E-19
7.151308E+03	7.662761E-18	2.889264E-19
7.151508E+03	7.660669E-18	2.888482E-19
7.151708E+03	7.665860E-18	2.890446E-19
7.151908E+03	7.651605E-18	2.885077E-19
7.152108E+03	7.645272E-18	2.882696E-19
7.152308E+03	7.645740E-18	2.882879E-19
7.152508E+03	7.640845E-18	2.881040E-19
7.152709E+03	7.643396E-18	2.882009E-19
7.152909E+03	7.638262E-18	2.880080E-19
7.153109E+03	7.630246E-18	2.877064E-19
7.153309E+03	7.629592E-18	2.876824E-19
7.153509E+03	7.624537E-18	2.874924E-19
7.153709E+03	7.619561E-18	2.873054E-19
7.153909E+03	7.625872E-18	2.875440E-19
7.154109E+03	7.630103E-18	2.877042E-19
7.154309E+03	7.630010E-18	2.877013E-19
7.154509E+03	7.634561E-18	2.878735E-19
7.154709E+03	7.653443E-18	2.885862E-19
7.154909E+03	7.662238E-18	2.889184E-19
7.155109E+03	7.667512E-18	2.891179E-19
7.155309E+03	7.678470E-18	2.895317E-19
7.155509E+03	7.669812E-18	2.892059E-19
7.155709E+03	7.668039E-18	2.891396E-19
7.155909E+03	7.673474E-18	2.893452E-19
7.156109E+03	7.660889E-18	2.888713E-19
7.156309E+03	7.646782E-18	2.883399E-19
7.156509E+03	7.638521E-18	2.880290E-19
7.156709E+03	7.633062E-18	2.878238E-19
7.156909E+03	7.638736E-18	2.880383E-19
7.157109E+03	7.645132E-18	2.882801E-19
7.157309E+03	7.638471E-18	2.880295E-19
7.157509E+03	7.629647E-18	2.876973E-19
7.157710E+03	7.634362E-18	2.878757E-19
7.157910E+03	7.623294E-18	2.874590E-19
7.158110E+03	7.610703E-18	2.869847E-19
7.158310E+03	7.607245E-18	2.868549E-19
7.158510E+03	7.609074E-18	2.869244E-19
7.158710E+03	7.608660E-18	2.869094E-19
7.158910E+03	7.608566E-18	2.869064E-19
7.159110E+03	7.609514E-18	2.869427E-19
7.159310E+03	7.608539E-18	2.869065E-19
7.159510E+03	7.610288E-18	2.869730E-19
7.159710E+03	7.614122E-18	2.871181E-19
7.159910E+03	7.613147E-18	2.870819E-19
7.160110E+03	7.613535E-18	2.870971E-19
7.160310E+03	7.607670E-18	2.868765E-19
7.160510E+03	7.601645E-18	2.866498E-19
7.160710E+03	7.595779E-18	2.864292E-19
7.160910E+03	7.593120E-18	2.863294E-19
7.161109E+03	7.592144E-18	2.862931E-19
7.161310E+03	7.589484E-18	2.861934E-19
7.161510E+03	7.594761E-18	2.863929E-19
7.161709E+03	7.603166E-18	2.867103E-19
7.161909E+03	7.594333E-18	2.863777E-19
7.162109E+03	7.581810E-18	2.859060E-19
7.162309E+03	7.575541E-18	2.856701E-19
7.162509E+03	7.571516E-18	2.855189E-19
7.162710E+03	7.577197E-18	2.857336E-19
7.162910E+03	7.580471E-18	2.858575E-19
7.163110E+03	7.573799E-18	2.856064E-19
7.163310E+03	7.574265E-18	2.856245E-19
7.163510E+03	7.570882E-18	2.854974E-19
7.163710E+03	7.560520E-18	2.851072E-19
7.163910E+03	7.550879E-18	2.847441E-19
7.164110E+03	7.554874E-18	2.848952E-19
7.164310E+03	7.559672E-18	2.850766E-19
7.164510E+03	7.555244E-18	2.849101E-19
7.164710E+03	7.550656E-18	2.847375E-19
7.164910E+03	7.544382E-18	2.845014E-19
7.165110E+03	7.531128E-18	2.840021E-19
7.165310E+03	7.529908E-18	2.839565E-19
7.165510E+03	7.536712E-18	2.842135E-19
7.165710E+03	7.538140E-18	2.842678E-19
7.165910E+03	7.531864E-18	2.840316E-19
7.166110E+03	7.527916E-18	2.838832E-19
7.166310E+03	7.531511E-18	2.840192E-19
7.166510E+03	7.530691E-18	2.839887E-19
7.166710E+03	7.540386E-18	2.843548E-19
7.166910E+03	7.554898E-18	2.849024E-19
7.167110E+03	7.554801E-18	2.848992E-19
7.167310E+03	7.551977E-18	2.847932E-19
7.167511E+03	7.551401E-18	2.847718E-19
7.167711E+03	7.545043E-18	2.845325E-19
7.167911E+03	7.534832E-18	2.841479E-19
7.168111E+03	7.538268E-18	2.842779E-19
7.168311E+03	7.549491E-18	2.847015E-19
7.168511E+03	7.561920E-18	2.851706E-19
7.168711E+03	7.577160E-18	2.857457E-19
7.168911E+03	7.572810E-18	2.855821E-19
7.169111E+03	7.551436E-18	2.847765E-19
7.169311E+03	7.550055E-18	2.847248E-19
7.169511E+03	7.560398E-18	2.851152E-19
7.169711E+03	7.567932E-18	2.853997E-19
7.169911E+03	7.569282E-18	2.854510E-19
7.170111E+03	7.575371E-18	2.856810E-19
7.170311E+03	7.578810E-18	2.858111E-19
7.170511E+03	7.574779E-18	2.856595E-19
7.170711E+03	7.562636E-18	2.852019E-19
7.170911E+03	7.569689E-18	2.854683E-19
7.171111E+03	7.588712E-18	2.861860E-19
7.171311E+03	7.594884E-18	2.864191E-19
7.171511E+03	7.598565E-18	2.865584E-19
7.171711E+03	7.594133E-18	2.863916E-19
7.171911E+03	7.583675E-18	2.859975E-19
7.172111E+03	7.580607E-18	2.858822E-19
7.172311E+03	7.590074E-18	2.862395E-19
7.172512E+03	7.598820E-18	2.865697E-19
7.172712E+03	7.606440E-18	2.868574E-19
7.172912E+03	7.613658E-18	2.871300E-19
7.173112E+03	7.616458E-18	2.872359E-19
7.173312E+03	7.617410E-18	2.872722E-19
7.173511E+03	7.612092E-18	2.870720E-19
7.173712E+03	7.602837E-18	2.867232E-19
7.173912E+03	7.596072E-18	2.864684E-19
7.174111E+03	7.587457E-18	2.861439E-19
7.174311E+03	7.591945E-18	2.863134E-19
7.174511E+03	7.597235E-18	2.865133E-19
7.174712E+03	7.600358E-18	2.866313E-19
7.174911E+03	7.596646E-18	2.864917E-19
7.175111E+03	7.592049E-18	2.863186E-19
7.175311E+03	7.595733E-18	2.864578E-19
7.175511E+03	7.596603E-18	2.864910E-19
7.175711E+03	7.594419E-18	2.864089E-19
7.175911E+03	7.589018E-18	2.862055E-19
7.176111E+03	7.584903E-18	2.860506E-19
7.176311E+03	7.574676E-18	2.856652E-19
7.176511E+03	7.566137E-18	2.853435E-19
7.176711E+03	7.566926E-18	2.853735E-19
7.176911E+03	7.566911E-18	2.853732E-19
7.177111E+03	7.566253E-18	2.853486E-19
7.177312E+03	7.570341E-18	2.855031E-19
7.177512E+03	7.579496E-18	2.858486E-19
7.177712E+03	7.588168E-18	2.861760E-19
7.177912E+03	7.585017E-18	2.860574E-19
7.178112E+03	7.577522E-18	2.857750E-19
7.178312E+03	7.563349E-18	2.852407E-19
7.178512E+03	7.555208E-18	2.849340E-19
7.178712E+03	7.547790E-18	2.846545E-19
7.178912E+03	7.528948E-18	2.839441E-19
7.179112E+03	7.520725E-18	2.836342E-19
7.179312E+03	7.534468E-18	2.841527E-19
7.179512E+03	7.544429E-18	2.845286E-19
7.179712E+03	7.553345E-18	2.848651E-19
7.179912E+03	7.569987E-18	2.854930E-19
7.180112E+03	7.565143E-18	2.853105E-19
7.180312E+03	7.568750E-18	2.854468E-19
7.180512E+03	7.585154E-18	2.860657E-19
7.180712E+03	7.605261E-18	2.868242E-19
7.180912E+03	7.617160E-18	2.872732E-19
7.181112E+03	7.613766E-18	2.871454E-19
7.181312E+03	7.604818E-18	2.868081E-19
7.181512E+03	7.598848E-18	2.865832E-19
7.181712E+03	7.595050E-18	2.864402E-19
7.181912E+03	7.596888E-18	2.865097E-19
7.182112E+03	7.602027E-18	2.867037E-19
7.182313E+03	7.602981E-18	2.867399E-19
7.182513E+03	7.595883E-18	2.864723E-19
7.182713E+03	7.591199E-18	2.862959E-19
7.182913E+03	7.595694E-18	2.864656E-19
7.183113E+03	7.591734E-18	2.863164E-19
7.183313E+03	7.585036E-18	2.860640E-19
7.183513E+03	7.594122E-18	2.864068E-19
7.183713E+03	7.604255E-18	2.867892E-19
7.183913E+03	7.602550E-18	2.867250E-19
7.184113E+03	7.606725E-18	2.868827E-19
7.184313E+03	7.618069E-18	2.873106E-19
7.184513E+03	7.624499E-18	2.875533E-19
7.184713E+03	7.614176E-18	2.871642E-19
7.184913E+03	7.598536E-18	2.865744E-19
7.185113E+03	7.603034E-18	2.867442E-19
7.185313E+03	7.604390E-18	2.867955E-19
7.185513E+03	7.601556E-18	2.866888E-19
7.185713E+03	7.602348E-18	2.867188E-19
7.185913E+03	7.607410E-18	2.869098E-19
7.186113E+03	7.603933E-18	2.867788E-19
7.186312E+03	7.598440E-18	2.865718E-19
7.186512E+03	7.600521E-18	2.866504E-19
7.186913E+03	7.597512E-18	2.865372E-19
7.187113E+03	7.581461E-18	2.859319E-19
7.187314E+03	7.567022E-18	2.853875E-19
7.187513E+03	7.581273E-18	2.859250E-19
7.187713E+03	7.591574E-18	2.863137E-19
7.187913E+03	7.595753E-18	2.864714E-19
7.188113E+03	7.599688E-18	2.866199E-19
7.188313E+03	7.593064E-18	2.863702E-19
7.188513E+03	7.577412E-18	2.857799E-19
7.188713E+03	7.574737E-18	2.856791E-19
7.188913E+03	7.571900E-18	2.855722E-19
7.189113E+03	7.565274E-18	2.853224E-19
7.189313E+03	7.561793E-18	2.851912E-19
7.189513E+03	7.574920E-18	2.856864E-19
7.189713E+03	7.594338E-18	2.864188E-19
7.189913E+03	7.605129E-18	2.868258E-19
7.190113E+03	7.608744E-18	2.869623E-19
7.190313E+03	7.616795E-18	2.872660E-19
7.190513E+03	7.626138E-18	2.876184E-19
7.190713E+03	7.625641E-18	2.875997E-19
7.190913E+03	7.622080E-18	2.874655E-19
7.191113E+03	7.617550E-18	2.872947E-19
7.191313E+03	7.612778E-18	2.871147E-19
7.191513E+03	7.610426E-18	2.870261E-19
7.191713E+03	7.606944E-18	2.868948E-19
7.191913E+03	7.605640E-18	2.868457E-19
7.192114E+03	7.605950E-18	2.868574E-19
7.192314E+03	7.606502E-18	2.868783E-19
7.192514E+03	7.604795E-18	2.868139E-19
7.192714E+03	7.602280E-18	2.867191E-19
7.192914E+03	7.599926E-18	2.866303E-19
7.193114E+03	7.602091E-18	2.867120E-19
7.193314E+03	7.604659E-18	2.868089E-19
7.193514E+03	7.601902E-18	2.867049E-19
7.193714E+03	7.589865E-18	2.862509E-19
7.193914E+03	7.586542E-18	2.861256E-19
7.194114E+03	7.584188E-18	2.860368E-19
7.194314E+03	7.573278E-18	2.856254E-19
7.194514E+03	7.571084E-18	2.855426E-19
7.194714E+03	7.578091E-18	2.858069E-19
7.194914E+03	7.575816E-18	2.857211E-19
7.195114E+03	7.569424E-18	2.854800E-19
7.195314E+03	7.566342E-18	2.853637E-19
7.195514E+03	7.558092E-18	2.850526E-19
7.195714E+03	7.547179E-18	2.846410E-19
7.195914E+03	7.552330E-18	2.848352E-19
7.196114E+03	7.558531E-18	2.850691E-19
7.196314E+03	7.562391E-18	2.852146E-19
7.196514E+03	7.567382E-18	2.854028E-19
7.196714E+03	7.580448E-18	2.858956E-19
7.196914E+03	7.589882E-18	2.862513E-19
7.197115E+03	7.589707E-18	2.862447E-19
7.197315E+03	7.599708E-18	2.866218E-19
7.197515E+03	7.605428E-18	2.868375E-19
7.197715E+03	7.598549E-18	2.865780E-19
7.197915E+03	7.599020E-18	2.865957E-19
7.198115E+03	7.603288E-18	2.867566E-19
7.198315E+03	7.602951E-18	2.867438E-19
7.198515E+03	7.601322E-18	2.866823E-19
7.198715E+03	7.588060E-18	2.861821E-19
7.198914E+03	7.576089E-18	2.857306E-19
7.199114E+03	7.578821E-18	2.858335E-19
7.199315E+03	7.588179E-18	2.861864E-19
7.199515E+03	7.586144E-18	2.861096E-19
7.199715E+03	7.580151E-18	2.858834E-19
7.199914E+03	7.596135E-18	2.864862E-19
7.200114E+03	7.603797E-18	2.867751E-19
7.200314E+03	7.597724E-18	2.865459E-19
7.200514E+03	7.599246E-18	2.866032E-19
7.200714E+03	7.612000E-18	2.870841E-19
7.200914E+03	7.612068E-18	2.870866E-19
7.201114E+03	7.603488E-18	2.867629E-19
7.201314E+03	7.604201E-18	2.867897E-19
7.201514E+03	7.616635E-18	2.872585E-19
7.201714E+03	7.631091E-18	2.878036E-19
7.201914E+03	7.636010E-18	2.879890E-19
7.202115E+03	7.639636E-18	2.881256E-19
7.202315E+03	7.646576E-18	2.883872E-19
7.202515E+03	7.655295E-18	2.887159E-19
7.202715E+03	7.661186E-18	2.889380E-19
7.202915E+03	7.657698E-18	2.888063E-19
7.203115E+03	7.650410E-18	2.885313E-19
7.203315E+03	7.641827E-18	2.882074E-19
7.203515E+03	7.638581E-18	2.880849E-19
7.203715E+03	7.644957E-18	2.883252E-19
7.203915E+03	7.648422E-18	2.884557E-19
7.204115E+03	7.642021E-18	2.882142E-19
7.204315E+03	7.649855E-18	2.885094E-19
7.204515E+03	7.658820E-18	2.888474E-19
7.204715E+03	7.654926E-18	2.887004E-19
7.204915E+03	7.652084E-18	2.885930E-19
7.205115E+03	7.653447E-18	2.886442E-19
7.205315E+03	7.651979E-18	2.885887E-19
7.205515E+03	7.647358E-18	2.884142E-19
7.205715E+03	7.652685E-18	2.886150E-19
7.205915E+03	7.653078E-18	2.886296E-19
7.206115E+03	7.657920E-18	2.888120E-19
7.206315E+03	7.672148E-18	2.893484E-19
7.206515E+03	7.689857E-18	2.900161E-19
7.206715E+03	7.704330E-18	2.905617E-19
7.206916E+03	7.707720E-18	2.906894E-19
7.207116E+03	7.713457E-18	2.909055E-19
7.207316E+03	7.713447E-18	2.909050E-19
7.207516E+03	7.716432E-18	2.910173E-19
7.207716E+03	7.716100E-18	2.910046E-19
7.207916E+03	7.713339E-18	2.909002E-19
7.208116E+03	7.721099E-18	2.911927E-19
7.208316E+03	7.739868E-18	2.919003E-19
7.208516E+03	7.745607E-18	2.921165E-19
7.208716E+03	7.749485E-18	2.922625E-19
7.208916E+03	7.765828E-18	2.928786E-19
7.209116E+03	7.775050E-18	2.932262E-19
7.209316E+03	7.776339E-18	2.932745E-19
7.209516E+03	7.782404E-18	2.935030E-19
7.209716E+03	7.784988E-18	2.936002E-19
7.209916E+03	7.794779E-18	2.939692E-19
7.210116E+03	7.810562E-18	2.945642E-19
7.210316E+03	7.810557E-18	2.945637E-19
7.210516E+03	7.812576E-18	2.946396E-19
7.210716E+03	7.819049E-18	2.948835E-19
7.210916E+03	7.814428E-18	2.947089E-19
7.211116E+03	7.818635E-18	2.948673E-19
7.211315E+03	7.825190E-18	2.951142E-19
7.211516E+03	7.821622E-18	2.949794E-19
7.211716E+03	7.816919E-18	2.948017E-19
7.211917E+03	7.807357E-18	2.944409E-19
7.212117E+03	7.790828E-18	2.938172E-19
7.212316E+03	7.785556E-18	2.936181E-19
7.212516E+03	7.791464E-18	2.938406E-19
7.212716E+03	7.802962E-18	2.942739E-19
7.212916E+03	7.817133E-18	2.948080E-19
7.213116E+03	7.826688E-18	2.951681E-19
7.213316E+03	7.826765E-18	2.951706E-19
7.213516E+03	7.831865E-18	2.953627E-19
7.213716E+03	7.848147E-18	2.959764E-19
7.213916E+03	7.862972E-18	2.965352E-19
7.214116E+03	7.866211E-18	2.966570E-19
7.214316E+03	7.861184E-18	2.964670E-19
7.214516E+03	7.865962E-18	2.966469E-19
7.214716E+03	7.873171E-18	2.969185E-19
7.214916E+03	7.882570E-18	2.972726E-19
7.215116E+03	7.887107E-18	2.974433E-19
7.215316E+03	7.892374E-18	2.976416E-19
7.215516E+03	7.889534E-18	2.975341E-19
7.215716E+03	7.880534E-18	2.971944E-19
7.215916E+03	7.884667E-18	2.973499E-19
7.216116E+03	7.882151E-18	2.972546E-19
7.216316E+03	7.873717E-18	2.969362E-19
7.216516E+03	7.868120E-18	2.967247E-19
7.216717E+03	7.871443E-18	2.968497E-19
7.216917E+03	7.878251E-18	2.971061E-19
7.217117E+03	7.883195E-18	2.972921E-19
7.217317E+03	7.893652E-18	2.976861E-19
7.217517E+03	7.898273E-18	2.978600E-19
7.217717E+03	7.885053E-18	2.973610E-19
7.217917E+03	7.876779E-18	2.970486E-19
7.218117E+03	7.877425E-18	2.970726E-19
7.218317E+03	7.872231E-18	2.968763E-19
7.218517E+03	7.874986E-18	2.969798E-19
7.218717E+03	7.878228E-18	2.971016E-19
7.218917E+03	7.874251E-18	2.969513E-19
7.219117E+03	7.877250E-18	2.970639E-19
7.219317E+03	7.889171E-18	2.975131E-19
7.219517E+03	7.892495E-18	2.976380E-19
7.219717E+03	7.889816E-18	2.975366E-19
7.219917E+03	7.893059E-18	2.976584E-19
7.220117E+03	7.898251E-18	2.978538E-19
7.220317E+03	7.894354E-18	2.977064E-19
7.220517E+03	7.888672E-18	2.974917E-19
7.220717E+03	7.886155E-18	2.973963E-19
7.220917E+03	7.892157E-18	2.976222E-19
7.221117E+03	7.892560E-18	2.976370E-19
7.221317E+03	7.879574E-18	2.971468E-19
7.221517E+03	7.877867E-18	2.970820E-19
7.221718E+03	7.865367E-18	2.966102E-19
7.221918E+03	7.843856E-18	2.957985E-19
7.222118E+03	7.836060E-18	2.955040E-19
7.222318E+03	7.827045E-18	2.951636E-19
7.222518E+03	7.820222E-18	2.949058E-19
7.222718E+03	7.815346E-18	2.947215E-19
7.222918E+03	7.821024E-18	2.949351E-19
7.223118E+03	7.833765E-18	2.954151E-19
7.223318E+03	7.846263E-18	2.958859E-19
7.223518E+03	7.842362E-18	2.957383E-19
7.223718E+03	7.829611E-18	2.952570E-19
7.223917E+03	7.823679E-18	2.950328E-19
7.224118E+03	7.837072E-18	2.955374E-19
7.224318E+03	7.851684E-18	2.960879E-19
7.224517E+03	7.847458E-18	2.959280E-19
7.224717E+03	7.845749E-18	2.958631E-19
7.224917E+03	7.853215E-18	2.961441E-19
7.225117E+03	7.856217E-18	2.962568E-19
7.225317E+03	7.848660E-18	2.959713E-19
7.225517E+03	7.839559E-18	2.956276E-19
7.225717E+03	7.836225E-18	2.955013E-19
7.225917E+03	7.833052E-18	2.953812E-19
7.226117E+03	7.827849E-18	2.951844E-19
7.226317E+03	7.828412E-18	2.952051E-19
7.226517E+03	7.831901E-18	2.953362E-19
7.226718E+03	7.832386E-18	2.953539E-19
7.226918E+03	7.828319E-18	2.952000E-19
7.227118E+03	7.826039E-18	2.951135E-19
7.227318E+03	7.830178E-18	2.952690E-19
7.227518E+03	7.837080E-18	2.955287E-19
7.227718E+03	7.836100E-18	2.954912E-19
7.227918E+03	7.831220E-18	2.953066E-19
7.228118E+03	7.831866E-18	2.953305E-19
7.228318E+03	7.833812E-18	2.954032E-19
7.228518E+03	7.836571E-18	2.955067E-19
7.228718E+03	7.840224E-18	2.956439E-19
7.228918E+03	7.849078E-18	2.959772E-19
7.229118E+03	7.846799E-18	2.958907E-19
7.229318E+03	7.839154E-18	2.956018E-19
7.229518E+03	7.834923E-18	2.954417E-19
7.229718E+03	7.851258E-18	2.960570E-19
7.229918E+03	7.860928E-18	2.964211E-19
7.230118E+03	7.847916E-18	2.959298E-19
7.230318E+03	7.847099E-18	2.958984E-19
7.230518E+03	7.855307E-18	2.962073E-19
7.230718E+03	7.850588E-18	2.960288E-19
7.230918E+03	7.841884E-18	2.957000E-19
7.231118E+03	7.827812E-18	2.951687E-19
7.231318E+03	7.813331E-18	2.946221E-19
7.231519E+03	7.812759E-18	2.945999E-19
7.231719E+03	7.812509E-18	2.945898E-19
7.231919E+03	7.812991E-18	2.946074E-19
7.232119E+03	7.823235E-18	2.949930E-19
7.232319E+03	7.826808E-18	2.951271E-19
7.232519E+03	7.829731E-18	2.952367E-19
7.232719E+03	7.825090E-18	2.950610E-19
7.232919E+03	7.822644E-18	2.949682E-19
7.233119E+03	7.824674E-18	2.950441E-19
7.233319E+03	7.828573E-18	2.951904E-19
7.233519E+03	7.832148E-18	2.953246E-19
7.233719E+03	7.834503E-18	2.954127E-19
7.233919E+03	7.835963E-18	2.954671E-19
7.234119E+03	7.841491E-18	2.956749E-19
7.234319E+03	7.852878E-18	2.961036E-19
7.234519E+03	7.870369E-18	2.967625E-19
7.234719E+03	7.889002E-18	2.974643E-19
7.234919E+03	7.900067E-18	2.978809E-19
7.235119E+03	7.905925E-18	2.981011E-19
7.235319E+03	7.901040E-18	2.979162E-19
7.235519E+03	7.891515E-18	2.975563E-19
7.235719E+03	7.881339E-18	2.971720E-19
7.235919E+03	7.879627E-18	2.971067E-19
7.236119E+03	7.876856E-18	2.970015E-19
7.236319E+03	7.877749E-18	2.970345E-19
7.236520E+03	7.884423E-18	2.972854E-19
7.236720E+03	7.890200E-18	2.975025E-19
7.236919E+03	7.896060E-18	2.977228E-19
7.237119E+03	7.903874E-18	2.980167E-19
7.237319E+03	7.909897E-18	2.982430E-19
7.237520E+03	7.910628E-18	2.982699E-19
7.237719E+03	7.912987E-18	2.983581E-19
7.237919E+03	7.926584E-18	2.988700E-19
7.238119E+03	7.927316E-18	2.988969E-19
7.238319E+03	7.933343E-18	2.991234E-19
7.238519E+03	7.939123E-18	2.993406E-19
7.238719E+03	7.945964E-18	2.995978E-19
7.238919E+03	7.959322E-18	3.001006E-19
7.239119E+03	7.965757E-18	3.003425E-19
7.239319E+03	7.972355E-18	3.005905E-19
7.239519E+03	7.976103E-18	3.007311E-19
7.239719E+03	7.970565E-18	3.005215E-19
7.239919E+03	7.968448E-18	3.004409E-19
7.240119E+03	7.966330E-18	3.003603E-19
7.240719E+03	7.964621E-18	3.002935E-19
7.240919E+03	7.959569E-18	3.001022E-19
7.241119E+03	7.949059E-18	2.997051E-19
7.241320E+03	7.939607E-18	2.993480E-19
7.241520E+03	7.944985E-18	2.995499E-19
7.241920E+03	7.957291E-18	3.000123E-19
7.242120E+03	7.953624E-18	2.998732E-19
7.242320E+03	7.958921E-18	3.000721E-19
7.242520E+03	7.955905E-18	2.999576E-19
7.242720E+03	7.958025E-18	3.000367E-19
7.242920E+03	7.963243E-18	3.002326E-19
7.243120E+03	7.972780E-18	3.005914E-19
7.243320E+03	7.979384E-18	3.008395E-19
7.243520E+03	7.980038E-18	3.008633E-19
7.243720E+03	7.987946E-18	3.011606E-19
7.243920E+03	8.000911E-18	3.016486E-19
7.244120E+03	8.003766E-18	3.017554E-19
7.244320E+03	8.016244E-18	3.022250E-19
7.244520E+03	8.032799E-18	3.028482E-19
7.244720E+03	8.034516E-18	3.029121E-19
7.244920E+03	8.030033E-18	3.027422E-19
7.245120E+03	8.035418E-18	3.029444E-19
7.245320E+03	8.046024E-18	3.033433E-19
7.245520E+03	8.058669E-18	3.038192E-19
7.245720E+03	8.068379E-18	3.041844E-19
7.245920E+03	8.073115E-18	3.043620E-19
7.246120E+03	8.072793E-18	3.043490E-19
7.246321E+03	8.075573E-18	3.044529E-19
7.246521E+03	8.083409E-18	3.047474E-19
7.246721E+03	8.100872E-18	3.054049E-19
7.246921E+03	8.106181E-18	3.056041E-19
7.247121E+03	8.099334E-18	3.053451E-19
7.247321E+03	8.103011E-18	3.054828E-19
7.247521E+03	8.111584E-18	3.058051E-19
7.247721E+03	8.120729E-18	3.061489E-19
7.247921E+03	8.122286E-18	3.062067E-19
7.248121E+03	8.124333E-18	3.062829E-19
7.248321E+03	8.129807E-18	3.064883E-19
7.248521E+03	8.134874E-18	3.066784E-19
7.248721E+03	8.141981E-18	3.069454E-19
7.248921E+03	8.144192E-18	3.070278E-19
7.249120E+03	8.147220E-18	3.071410E-19
7.249320E+03	8.146820E-18	3.071249E-19
7.249520E+03	8.150092E-18	3.072473E-19
7.249721E+03	8.150753E-18	3.072713E-19
7.249921E+03	8.147578E-18	3.071506E-19
7.250120E+03	8.146443E-18	3.071069E-19
7.250320E+03	8.142614E-18	3.069615E-19
7.250520E+03	8.140907E-18	3.068962E-19
7.250720E+03	8.148180E-18	3.071694E-19
7.250920E+03	8.150229E-18	3.072457E-19
7.251120E+03	8.148195E-18	3.071680E-19
7.251321E+03	8.152697E-18	3.073367E-19
7.251521E+03	8.156379E-18	3.074745E-19
7.251721E+03	8.157040E-18	3.074984E-19
7.251921E+03	8.162438E-18	3.077009E-19
7.252121E+03	8.174126E-18	3.081405E-19
7.252321E+03	8.185894E-18	3.085831E-19
7.252521E+03	8.186231E-18	3.085948E-19
7.252721E+03	8.188200E-18	3.086680E-19
7.252921E+03	8.197521E-18	3.090184E-19
7.253121E+03	8.201942E-18	3.091840E-19
7.253321E+03	8.209630E-18	3.094727E-19
7.253521E+03	8.215686E-18	3.097000E-19
7.253721E+03	8.225827E-18	3.100812E-19
7.253921E+03	8.225347E-18	3.100621E-19
7.254121E+03	8.228136E-18	3.101661E-19
7.254321E+03	8.234193E-18	3.103934E-19
7.254521E+03	8.229629E-18	3.102203E-19
7.254721E+03	8.216893E-18	3.097392E-19
7.254921E+03	8.218864E-18	3.098124E-19
7.255121E+03	8.225739E-18	3.100705E-19
7.255321E+03	8.231797E-18	3.102978E-19
7.255721E+03	8.236560E-18	3.104751E-19
7.255921E+03	8.245072E-18	3.107949E-19
7.256122E+03	8.253585E-18	3.111147E-19
7.256322E+03	8.260463E-18	3.113729E-19
7.256522E+03	8.257533E-18	3.112613E-19
7.256722E+03	8.249697E-18	3.109648E-19
7.256922E+03	8.250853E-18	3.110073E-19
7.257122E+03	8.256914E-18	3.112347E-19
7.257322E+03	8.253984E-18	3.111231E-19
7.257522E+03	8.248599E-18	3.109190E-19
7.257722E+03	8.248938E-18	3.109307E-19
7.257922E+03	8.250912E-18	3.110039E-19
7.258122E+03	8.251251E-18	3.110156E-19
7.258322E+03	8.242595E-18	3.106882E-19
7.258522E+03	8.236391E-18	3.104532E-19
7.258722E+03	8.230188E-18	3.102183E-19
7.258922E+03	8.226436E-18	3.100757E-19
7.259122E+03	8.227593E-18	3.101182E-19
7.259322E+03	8.225477E-18	3.100373E-19
7.259522E+03	8.226632E-18	3.100797E-19
7.259722E+03	8.226971E-18	3.100913E-19
7.259922E+03	8.232216E-18	3.102878E-19
7.260122E+03	8.238281E-18	3.105153E-19
7.260322E+03	8.238618E-18	3.105268E-19
7.260522E+03	8.238957E-18	3.105384E-19
7.260722E+03	8.235205E-18	3.103958E-19
7.260922E+03	8.228180E-18	3.101299E-19
7.261123E+03	8.244066E-18	3.107274E-19
7.261323E+03	8.252586E-18	3.110474E-19
7.261523E+03	8.244742E-18	3.107506E-19
7.261722E+03	8.248354E-18	3.108855E-19
7.261922E+03	8.250330E-18	3.109588E-19
7.262123E+03	8.246577E-18	3.108161E-19
7.262323E+03	8.246916E-18	3.108277E-19
7.262523E+03	8.260350E-18	3.113328E-19
7.262722E+03	8.270510E-18	3.117145E-19
7.262922E+03	8.272487E-18	3.117878E-19
7.263122E+03	8.270372E-18	3.117069E-19
7.263322E+03	8.269893E-18	3.116876E-19
7.263522E+03	8.276781E-18	3.119460E-19
7.263722E+03	8.286127E-18	3.122970E-19
7.263922E+03	8.291379E-18	3.124937E-19
7.264122E+03	8.289264E-18	3.124128E-19
7.264322E+03	8.294517E-18	3.126095E-19
7.264522E+03	8.296495E-18	3.126828E-19
7.264722E+03	8.295199E-18	3.126327E-19
7.264922E+03	8.287351E-18	3.123357E-19
7.265122E+03	8.285235E-18	3.122547E-19
7.265322E+03	8.287213E-18	3.123279E-19
7.265522E+03	8.289192E-18	3.124013E-19
7.265722E+03	8.287895E-18	3.123511E-19
7.265922E+03	8.277588E-18	3.119614E-19
7.266123E+03	8.277111E-18	3.119422E-19
7.266323E+03	8.278270E-18	3.119845E-19
7.266523E+03	8.284344E-18	3.122122E-19
7.266723E+03	8.286323E-18	3.122855E-19
7.266923E+03	8.288302E-18	3.123588E-19
7.267123E+03	8.295197E-18	3.126173E-19
7.267323E+03	8.295538E-18	3.126288E-19
7.267523E+03	8.293420E-18	3.125477E-19
7.267723E+03	8.283930E-18	3.121888E-19
7.267923E+03	8.276896E-18	3.119224E-19
7.268123E+03	8.269862E-18	3.116560E-19
7.268323E+03	8.259550E-18	3.112661E-19
7.268523E+03	8.248417E-18	3.108452E-19
7.268723E+03	8.241381E-18	3.105787E-19
7.268923E+03	8.238442E-18	3.104667E-19
7.269123E+03	8.228128E-18	3.100766E-19
7.269323E+03	8.222728E-18	3.098719E-19
7.269523E+03	8.213232E-18	3.095126E-19
7.269723E+03	8.198816E-18	3.089681E-19
7.269923E+03	8.195382E-18	3.088373E-19
7.270123E+03	8.203588E-18	3.091452E-19
7.270323E+03	8.203926E-18	3.091566E-19
7.270523E+03	8.199344E-18	3.089826E-19
7.270723E+03	8.183039E-18	3.083668E-19
7.270924E+03	8.178459E-18	3.081929E-19
7.271124E+03	8.168711E-18	3.078242E-19
7.271324E+03	8.158306E-18	3.074308E-19
7.271524E+03	8.158231E-18	3.074266E-19
7.271724E+03	8.151515E-18	3.071722E-19
7.271924E+03	8.143732E-18	3.068775E-19
7.272124E+03	8.146199E-18	3.069691E-19
7.272324E+03	8.148011E-18	3.070360E-19
7.272524E+03	8.149329E-18	3.070843E-19
7.272724E+03	8.146220E-18	3.069658E-19
7.272924E+03	8.141306E-18	3.067793E-19
7.273124E+03	8.138032E-18	3.066545E-19
7.273324E+03	8.144928E-18	3.069130E-19
7.273524E+03	8.156829E-18	3.073601E-19
7.273724E+03	8.169797E-18	3.078473E-19
7.273924E+03	8.169806E-18	3.078462E-19
7.274123E+03	8.164480E-18	3.076442E-19
7.274324E+03	8.162848E-18	3.075812E-19
7.274524E+03	8.169336E-18	3.078243E-19
7.274724E+03	8.167375E-18	3.077490E-19
7.274923E+03	8.166152E-18	3.077015E-19
7.275123E+03	8.158857E-18	3.074253E-19
7.275323E+03	8.149428E-18	3.070685E-19
7.275523E+03	8.144593E-18	3.068849E-19
7.275723E+03	8.138609E-18	3.066581E-19
7.275924E+03	8.145840E-18	3.069291E-19
7.276124E+03	8.162179E-18	3.075433E-19
7.276324E+03	8.164812E-18	3.076411E-19
7.277124E+03	8.150805E-18	3.071075E-19
7.277324E+03	8.149663E-18	3.070630E-19
7.277524E+03	8.156977E-18	3.073371E-19
7.278124E+03	8.163977E-18	3.075965E-19
7.278324E+03	8.158648E-18	3.073942E-19
7.278524E+03	8.154385E-18	3.072321E-19
7.278724E+03	8.161864E-18	3.075125E-19
7.278924E+03	8.172793E-18	3.079227E-19
7.279124E+03	8.178714E-18	3.081443E-19
7.279324E+03	8.183567E-18	3.083257E-19
7.279524E+03	8.186533E-18	3.084359E-19
7.279724E+03	8.176685E-18	3.080634E-19
7.279924E+03	8.168315E-18	3.077466E-19
7.280124E+03	8.173168E-18	3.079279E-19
7.280324E+03	8.181391E-18	3.082362E-19
7.280524E+03	8.192570E-18	3.086558E-19
7.280725E+03	8.195209E-18	3.087537E-19
7.280925E+03	8.192344E-18	3.086442E-19
7.281125E+03	8.194570E-18	3.087266E-19
7.281325E+03	8.196797E-18	3.088090E-19
7.281525E+03	8.203296E-18	3.090523E-19
7.281725E+03	8.204948E-18	3.091130E-19
7.281925E+03	8.200274E-18	3.089353E-19
7.282125E+03	8.198639E-18	3.088722E-19
7.282325E+03	8.201524E-18	3.089793E-19
7.282525E+03	8.197999E-18	3.088450E-19
7.282725E+03	8.192419E-18	3.086332E-19
7.282925E+03	8.192592E-18	3.086382E-19
7.283125E+03	8.195313E-18	3.087391E-19
7.283325E+03	8.187431E-18	3.084406E-19
7.283525E+03	8.180371E-18	3.081731E-19
7.283725E+03	8.177584E-18	3.080665E-19
7.283925E+03	8.173235E-18	3.079011E-19
7.284125E+03	8.165514E-18	3.076087E-19
7.284325E+03	8.165521E-18	3.076073E-19
7.284525E+03	8.165940E-18	3.076215E-19
7.284725E+03	8.161425E-18	3.074499E-19
7.285125E+03	8.166044E-18	3.076207E-19
7.285325E+03	8.177070E-18	3.080345E-19
7.285525E+03	8.184067E-18	3.082964E-19
7.285726E+03	8.191396E-18	3.085709E-19
7.285926E+03	8.194776E-18	3.086966E-19
7.286126E+03	8.195607E-18	3.087263E-19
7.286326E+03	8.186485E-18	3.083811E-19
7.286526E+03	8.171113E-18	3.078004E-19
7.286725E+03	8.169969E-18	3.077557E-19
7.286926E+03	8.172444E-18	3.078473E-19
7.287126E+03	8.168832E-18	3.077096E-19
7.287325E+03	8.154443E-18	3.071659E-19
7.287525E+03	8.137010E-18	3.065076E-19
7.287725E+03	8.131504E-18	3.062986E-19
7.287925E+03	8.131757E-18	3.063065E-19
7.288125E+03	8.130610E-18	3.062617E-19
7.288325E+03	8.129053E-18	3.062014E-19
7.288525E+03	8.126426E-18	3.061008E-19
7.288725E+03	8.135483E-18	3.064402E-19
7.288925E+03	8.145692E-18	3.068231E-19
7.289125E+03	8.141501E-18	3.066636E-19
7.289325E+03	8.131056E-18	3.062685E-19
7.289525E+03	8.124642E-18	3.060253E-19
7.289725E+03	8.113043E-18	3.055867E-19
7.289925E+03	8.096587E-18	3.049652E-19
7.290125E+03	8.086220E-18	3.045731E-19
7.290325E+03	8.083837E-18	3.044817E-19
7.290525E+03	8.082606E-18	3.044336E-19
7.290726E+03	8.077755E-18	3.042492E-19
7.290926E+03	8.070678E-18	3.039810E-19
7.291126E+03	8.074221E-18	3.041127E-19
7.291326E+03	8.082952E-18	3.044399E-19
7.291526E+03	8.085260E-18	3.045252E-19
7.291726E+03	8.078018E-18	3.042507E-19
7.291926E+03	8.067811E-18	3.038646E-19
7.292126E+03	8.066167E-18	3.038010E-19
7.292326E+03	8.066664E-18	3.038180E-19
7.292526E+03	8.072926E-18	3.040521E-19
7.292726E+03	8.077211E-18	3.042118E-19
7.292926E+03	8.077050E-18	3.042040E-19
7.293126E+03	8.089242E-18	3.046615E-19
7.293326E+03	8.085210E-18	3.045079E-19
7.293526E+03	8.062563E-18	3.036532E-19
7.293726E+03	8.057211E-18	3.034500E-19
7.293926E+03	8.058285E-18	3.034887E-19
7.294126E+03	8.053921E-18	3.033226E-19
7.294326E+03	8.052111E-18	3.032527E-19
7.294526E+03	8.053019E-18	3.032852E-19
7.294726E+03	8.055081E-18	3.033611E-19
7.294926E+03	8.040500E-18	3.028102E-19
7.295126E+03	8.033251E-18	3.025355E-19
7.295326E+03	8.038444E-18	3.027293E-19
7.295527E+03	8.040095E-18	3.027897E-19
7.295727E+03	8.040590E-18	3.028066E-19
7.295927E+03	8.050151E-18	3.031649E-19
7.296127E+03	8.054274E-18	3.033184E-19
7.296327E+03	8.051474E-18	3.032112E-19
7.296527E+03	8.047272E-18	3.030512E-19
7.296927E+03	8.042743E-18	3.028771E-19
7.297127E+03	8.036479E-18	3.026394E-19
7.297327E+03	8.034091E-18	3.025477E-19
7.297527E+03	8.029722E-18	3.023814E-19
7.297727E+03	8.017770E-18	3.019295E-19
7.297927E+03	8.009197E-18	3.016049E-19
7.298127E+03	8.000293E-18	3.012678E-19
7.298327E+03	7.996253E-18	3.011139E-19
7.298527E+03	8.002520E-18	3.013481E-19
7.298727E+03	8.000705E-18	3.012780E-19
7.298927E+03	7.992377E-18	3.009626E-19
7.299127E+03	7.998313E-18	3.011843E-19
7.299327E+03	8.002106E-18	3.013253E-19
7.299526E+03	7.989571E-18	3.008515E-19
7.299726E+03	7.988168E-18	3.007969E-19
7.299926E+03	7.992951E-18	3.009752E-19
7.300127E+03	7.986764E-18	3.007404E-19
7.300327E+03	7.982557E-18	3.005801E-19
7.300527E+03	7.990641E-18	3.008827E-19
7.300727E+03	7.991218E-18	3.009026E-19
7.300927E+03	7.990392E-18	3.008697E-19
7.301127E+03	7.979997E-18	3.004764E-19
7.301327E+03	7.973561E-18	3.002322E-19
7.301527E+03	7.978097E-18	3.004012E-19
7.301727E+03	7.975456E-18	3.002999E-19
7.301927E+03	7.961592E-18	2.997761E-19
7.302127E+03	7.950616E-18	2.993609E-19
7.302327E+03	7.945581E-18	2.991695E-19
7.302527E+03	7.936996E-18	2.988444E-19
7.302727E+03	7.934022E-18	2.987306E-19
7.302927E+03	7.923207E-18	2.983216E-19
7.303127E+03	7.912145E-18	2.979032E-19
7.303327E+03	7.904136E-18	2.975998E-19
7.303527E+03	7.911724E-18	2.978836E-19
7.303727E+03	7.901733E-18	2.975056E-19
7.303927E+03	7.888522E-18	2.970063E-19
7.304127E+03	7.900981E-18	2.974736E-19
7.304327E+03	7.917982E-18	2.981118E-19
7.304527E+03	7.933745E-18	2.987034E-19
7.304727E+03	7.938695E-18	2.988879E-19
7.304927E+03	7.943976E-18	2.990848E-19
7.305127E+03	7.949670E-18	2.992973E-19
7.305328E+03	7.954870E-18	2.994912E-19
7.305528E+03	7.956520E-18	2.995513E-19
7.305728E+03	7.955195E-18	2.994996E-19
7.305928E+03	7.963699E-18	2.998178E-19
7.306128E+03	7.975010E-18	3.002418E-19
7.306328E+03	7.982193E-18	3.005103E-19
7.306528E+03	7.985000E-18	3.006140E-19
7.306728E+03	7.988385E-18	3.007395E-19
7.306928E+03	7.985824E-18	3.006411E-19
7.307128E+03	7.982023E-18	3.004961E-19
7.307328E+03	7.979625E-18	3.004039E-19
7.307528E+03	7.990693E-18	3.008186E-19
7.307728E+03	7.994657E-18	3.009659E-19
7.307928E+03	7.989782E-18	3.007805E-19
7.308128E+03	7.985567E-18	3.006198E-19
7.308328E+03	7.989118E-18	3.007516E-19
7.308528E+03	7.975237E-18	3.002270E-19
7.308728E+03	7.971104E-18	3.000695E-19
7.308928E+03	7.978373E-18	3.003412E-19
7.309128E+03	7.981181E-18	3.004449E-19
7.309328E+03	7.983080E-18	3.005144E-19
7.309528E+03	7.993822E-18	3.009168E-19
7.309728E+03	7.998118E-18	3.010765E-19
7.309928E+03	7.983075E-18	3.005083E-19
7.310128E+03	7.979438E-18	3.003694E-19
7.310329E+03	7.981090E-18	3.004296E-19
7.310529E+03	7.974146E-18	3.001662E-19
7.310729E+03	7.974722E-18	3.001859E-19
7.310929E+03	7.978605E-18	3.003301E-19
7.311129E+03	7.979926E-18	3.003778E-19
7.311329E+03	7.982652E-18	3.004784E-19
7.311529E+03	7.976946E-18	3.002616E-19
7.311729E+03	7.974795E-18	3.001786E-19
7.311928E+03	7.977273E-18	3.002699E-19
7.312128E+03	7.982976E-18	3.004825E-19
7.312328E+03	7.990416E-18	3.007605E-19
7.312529E+03	7.990167E-18	3.007491E-19
7.312729E+03	7.985204E-18	3.005603E-19
7.312928E+03	7.985864E-18	3.005831E-19
7.313128E+03	7.989170E-18	3.007055E-19
7.313328E+03	8.001078E-18	3.011516E-19
7.313528E+03	8.005129E-18	3.013021E-19
7.313728E+03	8.001737E-18	3.011724E-19
7.313928E+03	7.999255E-18	3.010769E-19
7.314128E+03	8.003720E-18	3.012429E-19
7.314328E+03	8.009923E-18	3.014743E-19
7.314528E+03	8.012570E-18	3.015718E-19
7.314728E+03	8.009922E-18	3.014701E-19
7.314928E+03	8.013478E-18	3.016019E-19
7.315128E+03	8.020593E-18	3.018676E-19
7.315329E+03	8.024235E-18	3.020026E-19
7.315529E+03	8.022332E-18	3.019288E-19
7.315729E+03	8.021008E-18	3.018769E-19
7.315929E+03	8.012319E-18	3.015478E-19
7.316129E+03	8.006029E-18	3.013090E-19
7.316329E+03	8.008593E-18	3.014034E-19
7.317129E+03	8.016949E-18	3.017094E-19
7.317329E+03	8.023818E-18	3.019658E-19
7.317929E+03	8.026384E-18	3.020560E-19
7.318129E+03	8.017277E-18	3.017111E-19
7.318329E+03	8.009743E-18	3.014255E-19
7.318529E+03	7.996660E-18	3.009310E-19
7.318729E+03	7.984654E-18	3.004770E-19
7.318929E+03	7.973888E-18	3.000698E-19
7.319129E+03	7.964612E-18	2.997185E-19
7.319329E+03	7.960386E-18	2.995574E-19
7.319529E+03	7.957070E-18	2.994305E-19
7.319729E+03	7.954666E-18	2.993379E-19
7.319929E+03	7.954414E-18	2.993262E-19
7.320130E+03	7.946297E-18	2.990186E-19
7.320330E+03	7.942814E-18	2.988854E-19
7.320530E+03	7.947862E-18	2.990732E-19
7.320730E+03	7.949764E-18	2.991426E-19
7.320930E+03	7.947938E-18	2.990718E-19
7.321130E+03	7.950419E-18	2.991630E-19
7.321330E+03	7.960853E-18	2.995534E-19
7.321530E+03	7.965158E-18	2.997132E-19
7.321730E+03	7.960019E-18	2.995176E-19
7.321930E+03	7.958276E-18	2.994499E-19
7.322130E+03	7.956532E-18	2.993821E-19
7.322330E+03	7.957275E-18	2.994078E-19
7.322530E+03	7.954288E-18	2.992933E-19
7.322730E+03	7.948899E-18	2.990883E-19
7.322930E+03	7.953536E-18	2.992606E-19
7.323130E+03	7.965548E-18	2.997104E-19
7.323330E+03	7.972341E-18	2.999637E-19
7.323530E+03	7.974161E-18	3.000300E-19
7.323730E+03	7.966368E-18	2.997346E-19
7.323930E+03	7.960645E-18	2.995170E-19
7.324130E+03	7.962134E-18	2.995709E-19
7.324330E+03	7.956826E-18	2.993689E-19
7.324529E+03	7.955247E-18	2.993073E-19
7.324730E+03	7.958477E-18	2.994266E-19
7.324930E+03	7.958805E-18	2.994367E-19
7.325131E+03	7.953580E-18	2.992378E-19
7.325331E+03	7.943794E-18	2.988674E-19
7.325530E+03	7.955148E-18	2.992924E-19
7.325730E+03	7.967581E-18	2.997579E-19
7.325930E+03	7.974544E-18	3.000176E-19
7.326130E+03	7.977940E-18	3.001431E-19
7.326330E+03	7.979181E-18	3.001875E-19
7.326530E+03	7.983325E-18	3.003412E-19
7.326730E+03	7.988713E-18	3.005416E-19
7.326930E+03	7.989042E-18	3.005517E-19
7.327130E+03	7.994513E-18	3.007553E-19
7.327330E+03	8.001147E-18	3.010025E-19
7.327530E+03	8.003302E-18	3.010813E-19
7.327730E+03	7.998157E-18	3.008855E-19
7.327930E+03	7.993012E-18	3.006896E-19
7.328130E+03	7.987286E-18	3.004719E-19
7.328330E+03	7.984213E-18	3.003541E-19
7.328530E+03	7.983547E-18	3.003267E-19
7.328730E+03	7.994911E-18	3.007519E-19
7.328930E+03	7.996734E-18	3.008181E-19
7.329130E+03	7.982709E-18	3.002883E-19
7.329730E+03	7.981623E-18	3.002404E-19
7.329931E+03	7.985936E-18	3.004004E-19
7.330131E+03	7.988838E-18	3.005072E-19
7.330331E+03	7.992737E-18	3.006515E-19
7.330531E+03	7.991489E-18	3.006022E-19
7.330731E+03	7.983601E-18	3.003032E-19
7.330931E+03	7.976709E-18	3.000416E-19
7.331131E+03	7.978948E-18	3.001235E-19
7.331331E+03	7.977451E-18	3.000648E-19
7.331531E+03	7.973629E-18	2.999187E-19
7.331731E+03	7.968312E-18	2.997164E-19
7.331931E+03	7.962248E-18	2.994859E-19
7.332131E+03	7.960335E-18	2.994116E-19
7.332331E+03	7.955598E-18	2.992311E-19
7.332531E+03	7.949284E-18	2.989913E-19
7.332731E+03	7.952435E-18	2.991074E-19
7.332931E+03	7.955503E-18	2.992205E-19
7.333131E+03	7.955914E-18	2.992335E-19
7.333331E+03	7.951592E-18	2.990686E-19
7.333531E+03	7.946272E-18	2.988662E-19
7.333731E+03	7.947597E-18	2.989136E-19
7.333931E+03	7.944934E-18	2.988111E-19
7.334131E+03	7.946507E-18	2.988679E-19
7.334331E+03	7.947168E-18	2.988903E-19
7.334531E+03	7.944172E-18	2.987753E-19
7.334731E+03	7.956794E-18	2.992476E-19
7.334932E+03	7.968421E-18	2.996825E-19
7.335132E+03	7.962105E-18	2.994425E-19
7.335332E+03	7.961768E-18	2.994274E-19
7.335532E+03	7.964506E-18	2.995280E-19
7.335732E+03	7.971730E-18	2.997972E-19
7.335932E+03	7.969317E-18	2.997041E-19
7.336132E+03	7.966238E-18	2.995859E-19
7.336332E+03	7.972051E-18	2.998021E-19
7.336532E+03	7.985344E-18	3.002995E-19
7.336732E+03	7.989745E-18	3.004626E-19
7.336931E+03	7.985171E-18	3.002881E-19
7.337132E+03	7.988825E-18	3.004231E-19
7.337332E+03	7.989653E-18	3.004518E-19
7.337532E+03	7.991312E-18	3.005117E-19
7.337731E+03	7.993470E-18	3.005904E-19
7.337931E+03	7.990974E-18	3.004941E-19
7.338132E+03	7.990223E-18	3.004634E-19
7.338331E+03	7.995622E-18	3.006640E-19
7.338531E+03	7.991795E-18	3.005176E-19
7.338731E+03	7.988633E-18	3.003962E-19
7.338931E+03	7.987965E-18	3.003686E-19
7.339131E+03	7.987214E-18	3.003379E-19
7.339331E+03	7.988457E-18	3.003822E-19
7.339531E+03	7.985710E-18	3.002764E-19
7.339731E+03	7.982131E-18	3.001393E-19
7.339932E+03	7.978054E-18	2.999835E-19
7.340132E+03	7.973227E-18	2.997995E-19
7.340332E+03	7.967735E-18	2.995905E-19
7.340532E+03	7.961576E-18	2.993564E-19
7.340732E+03	7.954752E-18	2.990974E-19
7.341732E+03	7.948739E-18	2.988588E-19
7.341932E+03	7.939998E-18	2.985276E-19
7.342132E+03	7.930841E-18	2.981808E-19
7.342332E+03	7.921018E-18	2.978090E-19
7.342732E+03	7.910938E-18	2.974250E-19
7.342932E+03	7.907187E-18	2.972814E-19
7.343132E+03	7.901355E-18	2.970597E-19
7.343332E+03	7.898852E-18	2.969630E-19
7.343532E+03	7.903005E-18	2.971166E-19
7.343732E+03	7.903663E-18	2.971389E-19
7.343932E+03	7.905654E-18	2.972112E-19
7.344132E+03	7.897075E-18	2.968861E-19
7.344332E+03	7.895902E-18	2.968395E-19
7.344532E+03	7.904967E-18	2.971777E-19
7.344733E+03	7.904462E-18	2.971562E-19
7.344933E+03	7.913862E-18	2.975070E-19
7.345133E+03	7.928506E-18	2.980550E-19
7.345333E+03	7.924587E-18	2.979051E-19
7.345533E+03	7.906349E-18	2.972169E-19
7.345733E+03	7.904510E-18	2.971452E-19
7.345933E+03	7.899590E-18	2.969577E-19
7.346133E+03	7.896336E-18	2.968328E-19
7.346333E+03	7.905072E-18	2.971586E-19
7.346533E+03	7.920969E-18	2.977536E-19
7.346733E+03	7.940032E-18	2.984676E-19
7.346933E+03	7.961346E-18	2.992662E-19
7.347133E+03	7.970335E-18	2.996015E-19
7.347333E+03	7.983823E-18	3.001059E-19
7.347533E+03	7.979154E-18	2.999278E-19
7.347733E+03	7.972987E-18	2.996934E-19
7.347933E+03	7.982644E-18	3.000538E-19
7.348133E+03	7.984307E-18	3.001136E-19
7.348333E+03	7.980387E-18	2.999637E-19
7.348533E+03	7.993711E-18	3.004619E-19
7.348733E+03	8.000956E-18	3.007315E-19
7.348933E+03	7.996786E-18	3.005721E-19
7.349133E+03	7.989702E-18	3.003032E-19
7.349333E+03	7.980866E-18	2.999685E-19
7.349533E+03	7.981278E-18	2.999813E-19
7.349734E+03	7.985692E-18	3.001445E-19
7.349934E+03	7.989771E-18	3.002952E-19
7.350133E+03	7.997516E-18	3.005836E-19
7.350333E+03	8.006180E-18	3.009066E-19
7.350533E+03	8.003593E-18	3.008067E-19
7.350734E+03	8.000506E-18	3.006880E-19
7.350933E+03	7.997502E-18	3.005724E-19
7.351133E+03	7.991997E-18	3.003628E-19
7.351333E+03	7.983074E-18	3.000248E-19
7.351533E+03	7.978402E-18	2.998465E-19
7.351733E+03	7.969729E-18	2.995179E-19
7.351933E+03	7.961304E-18	2.991986E-19
7.352133E+03	7.960465E-18	2.991644E-19
7.352333E+03	7.961460E-18	2.991991E-19
7.352533E+03	7.966123E-18	2.993716E-19
7.352733E+03	7.978542E-18	2.998356E-19
7.352933E+03	7.986291E-18	3.001241E-19
7.353133E+03	7.978365E-18	2.998236E-19
7.353333E+03	7.973441E-18	2.996358E-19
7.353533E+03	7.973352E-18	2.996298E-19
7.353733E+03	7.965675E-18	2.993386E-19
7.353933E+03	7.971674E-18	2.995613E-19
7.354133E+03	7.987683E-18	3.001601E-19
7.354333E+03	7.988763E-18	3.001980E-19
7.354534E+03	8.001271E-18	3.006653E-19
7.354734E+03	8.008941E-18	3.009507E-19
7.354934E+03	8.000847E-18	3.006438E-19
7.355134E+03	7.993001E-18	3.003463E-19
7.355334E+03	8.002007E-18	3.006819E-19
7.355534E+03	8.010095E-18	3.009831E-19
7.355734E+03	8.008006E-18	3.009018E-19
7.355934E+03	8.009754E-18	3.009647E-19
7.356134E+03	8.012087E-18	3.010496E-19
7.356334E+03	8.012083E-18	3.010467E-19
7.356534E+03	8.015000E-18	3.011535E-19
7.356734E+03	8.014246E-18	3.011224E-19
7.356934E+03	8.010070E-18	3.009627E-19
7.357134E+03	8.007312E-18	3.008563E-19
7.357334E+03	8.004220E-18	3.007374E-19
7.357534E+03	7.998458E-18	3.005181E-19
7.357734E+03	7.993696E-18	3.003364E-19
7.357934E+03	7.994025E-18	3.003460E-19
7.358134E+03	7.998612E-18	3.005155E-19
7.358334E+03	7.998441E-18	3.005063E-19
7.358534E+03	8.008204E-18	3.008702E-19
7.359334E+03	8.023634E-18	3.014387E-19
7.359535E+03	8.027891E-18	3.015958E-19
7.359735E+03	8.023796E-18	3.014391E-19
7.359935E+03	8.011936E-18	3.009907E-19
7.360135E+03	8.011096E-18	3.009563E-19
7.360335E+03	8.016020E-18	3.011385E-19
7.360535E+03	8.006663E-18	3.007841E-19
7.360735E+03	7.998390E-18	3.004705E-19
7.360935E+03	8.009995E-18	3.009036E-19
7.361135E+03	8.021434E-18	3.013304E-19
7.361335E+03	8.014497E-18	3.010670E-19
7.361535E+03	8.001798E-18	3.005871E-19
7.361735E+03	8.000290E-18	3.005276E-19
7.361935E+03	8.007887E-18	3.008101E-19
7.362135E+03	8.011809E-18	3.009546E-19
7.362334E+03	8.021580E-18	3.013187E-19
7.362534E+03	8.019821E-18	3.012498E-19
7.362734E+03	8.015891E-18	3.010993E-19
7.362935E+03	8.018811E-18	3.012061E-19
7.363135E+03	8.023069E-18	3.013631E-19
7.363334E+03	8.033009E-18	3.017336E-19
7.363534E+03	8.037685E-18	3.019064E-19
7.363734E+03	8.033003E-18	3.017276E-19
7.363934E+03	8.019711E-18	3.012254E-19
7.364134E+03	8.007423E-18	3.007610E-19
7.364334E+03	8.013017E-18	3.009682E-19
7.364535E+03	8.014603E-18	3.010248E-19
7.364735E+03	8.010838E-18	3.008805E-19
7.364935E+03	8.012088E-18	3.009245E-19
7.365135E+03	8.007903E-18	3.007645E-19
7.365335E+03	8.002382E-18	3.005542E-19
7.365535E+03	8.002795E-18	3.005668E-19
7.365735E+03	7.999447E-18	3.004381E-19
7.365935E+03	7.986400E-18	2.999452E-19
7.366135E+03	7.980792E-18	2.997316E-19
7.366335E+03	7.989734E-18	3.000645E-19
7.366535E+03	7.999511E-18	3.004288E-19
7.366735E+03	8.005193E-18	3.006392E-19
7.366935E+03	8.008616E-18	3.007649E-19
7.367135E+03	8.006019E-18	3.006644E-19
7.367335E+03	7.997484E-18	3.003409E-19
7.367535E+03	7.994218E-18	3.002153E-19
7.367735E+03	8.006424E-18	3.006707E-19
7.367935E+03	8.023062E-18	3.012926E-19
7.368135E+03	8.026321E-18	3.014120E-19
7.368335E+03	8.027990E-18	3.014717E-19
7.368535E+03	8.030160E-18	3.015502E-19
7.368735E+03	8.022294E-18	3.012518E-19
7.368935E+03	8.016852E-18	3.010445E-19
7.369135E+03	8.019274E-18	3.011324E-19
7.369336E+03	8.021698E-18	3.012205E-19
7.370136E+03	8.021931E-18	3.012173E-19
7.370336E+03	8.016991E-18	3.010287E-19
7.370536E+03	8.006944E-18	3.006485E-19
7.370736E+03	7.998738E-18	3.003374E-19
7.370936E+03	8.000992E-18	3.004190E-19
7.371136E+03	7.996970E-18	3.002649E-19
7.371336E+03	7.992946E-18	3.001109E-19
7.371536E+03	7.991350E-18	3.000479E-19
7.371736E+03	7.998460E-18	3.003119E-19
7.371936E+03	8.012685E-18	3.008429E-19
7.372136E+03	8.016699E-18	3.009906E-19
7.372336E+03	8.014517E-18	3.009056E-19
7.372536E+03	8.005638E-18	3.005693E-19
7.372736E+03	8.003875E-18	3.005000E-19
7.372936E+03	8.001023E-18	3.003899E-19
7.373136E+03	7.993817E-18	3.001163E-19
7.373336E+03	7.992388E-18	3.000596E-19
7.373536E+03	7.991713E-18	3.000312E-19
7.373736E+03	7.998155E-18	3.002700E-19
7.373936E+03	7.993711E-18	3.001001E-19
7.374136E+03	7.999400E-18	3.003107E-19
7.374337E+03	8.011456E-18	3.007602E-19
7.374537E+03	8.009189E-18	3.006720E-19
7.374736E+03	8.002232E-18	3.004078E-19
7.374936E+03	8.001473E-18	3.003762E-19
7.375136E+03	8.010179E-18	3.007000E-19
7.375337E+03	8.009002E-18	3.006527E-19
7.375537E+03	8.006315E-18	3.005487E-19
7.375736E+03	8.017284E-18	3.009574E-19
7.375936E+03	8.021720E-18	3.011208E-19
7.376136E+03	8.023138E-18	3.011710E-19
7.376336E+03	8.037628E-18	3.017118E-19
7.376536E+03	8.062593E-18	3.026458E-19
7.376736E+03	8.080102E-18	3.032999E-19
7.376936E+03	8.073480E-18	3.030482E-19
7.377136E+03	8.068701E-18	3.028657E-19
7.377336E+03	8.057553E-18	3.024441E-19
7.377536E+03	8.059309E-18	3.025069E-19
7.377736E+03	8.046567E-18	3.020255E-19
7.377936E+03	8.043043E-18	3.018901E-19
7.378136E+03	8.033232E-18	3.015187E-19
7.378336E+03	8.024428E-18	3.011851E-19
7.378536E+03	8.019225E-18	3.009867E-19
7.378736E+03	8.016873E-18	3.008953E-19
7.378936E+03	8.026173E-18	3.012412E-19
7.379136E+03	8.034383E-18	3.015462E-19
7.379337E+03	8.033375E-18	3.015051E-19
7.379537E+03	8.038568E-18	3.016969E-19
7.379737E+03	8.046278E-18	3.019831E-19
7.379937E+03	8.052059E-18	3.021969E-19
7.380137E+03	8.051384E-18	3.021684E-19
7.380337E+03	8.053645E-18	3.022500E-19
7.380537E+03	8.057917E-18	3.024072E-19
7.380737E+03	8.053553E-18	3.022402E-19
7.380937E+03	8.048266E-18	3.020386E-19
7.381137E+03	8.047506E-18	3.020069E-19
7.381337E+03	8.035928E-18	3.015692E-19
7.381537E+03	8.026949E-18	3.012291E-19
7.381737E+03	8.034410E-18	3.015059E-19
7.381937E+03	8.028114E-18	3.012664E-19
7.382137E+03	8.016617E-18	3.008318E-19
7.382337E+03	8.007215E-18	3.004758E-19
7.382537E+03	8.013166E-18	3.006959E-19
7.382737E+03	8.023563E-18	3.010828E-19
7.382937E+03	8.021292E-18	3.009944E-19
7.383137E+03	8.016840E-18	3.008241E-19
7.383337E+03	8.013311E-18	3.006885E-19
7.383537E+03	8.015235E-18	3.007575E-19
7.383737E+03	8.011537E-18	3.006155E-19
7.383937E+03	8.004902E-18	3.003633E-19
7.384138E+03	8.007919E-18	3.004733E-19
7.384338E+03	8.015465E-18	3.007532E-19
7.384538E+03	8.017474E-18	3.008254E-19
7.384738E+03	8.032324E-18	3.013793E-19
7.384938E+03	8.058170E-18	3.023458E-19
7.385138E+03	8.052122E-18	3.021156E-19
7.385338E+03	8.046074E-18	3.018855E-19
7.385538E+03	8.055807E-18	3.022474E-19
7.385738E+03	8.051941E-18	3.020991E-19
7.385938E+03	8.055882E-18	3.022437E-19
7.386138E+03	8.066205E-18	3.026277E-19
7.386338E+03	8.065362E-18	3.025927E-19
7.386538E+03	8.061999E-18	3.024633E-19
7.386738E+03	8.065353E-18	3.025859E-19
7.386938E+03	8.078112E-18	3.030612E-19
7.387138E+03	8.080125E-18	3.031334E-19
7.387337E+03	8.084151E-18	3.032812E-19
7.387538E+03	8.092883E-18	3.036054E-19
7.387738E+03	8.093047E-18	3.036083E-19
7.387938E+03	8.082630E-18	3.032142E-19
7.388137E+03	8.069777E-18	3.027287E-19
7.388337E+03	8.069857E-18	3.027284E-19
7.388537E+03	8.081528E-18	3.031629E-19
7.388737E+03	8.087321E-18	3.033769E-19
7.388937E+03	8.085050E-18	3.032884E-19
7.389138E+03	8.091096E-18	3.035118E-19
7.389338E+03	8.114447E-18	3.043844E-19
7.389538E+03	8.129483E-18	3.049451E-19
7.389738E+03	8.134355E-18	3.051245E-19
7.389938E+03	8.129228E-18	3.049288E-19
7.390138E+03	8.130151E-18	3.049600E-19
7.390338E+03	8.138216E-18	3.052592E-19
7.390538E+03	8.147206E-18	3.055930E-19
7.390738E+03	8.147037E-18	3.055833E-19
7.390938E+03	8.147204E-18	3.055862E-19
7.391138E+03	8.149136E-18	3.056552E-19
7.391338E+03	8.154009E-18	3.058346E-19
7.391538E+03	8.159977E-18	3.060550E-19
7.391738E+03	8.158295E-18	3.059886E-19
7.391938E+03	8.165522E-18	3.062562E-19
7.392138E+03	8.177459E-18	3.067005E-19
7.392338E+03	8.171911E-18	3.064890E-19
7.392938E+03	8.177628E-18	3.066931E-19
7.393138E+03	8.191584E-18	3.072131E-19
7.393338E+03	8.202095E-18	3.076038E-19
7.393538E+03	8.211092E-18	3.079378E-19
7.393738E+03	8.215130E-18	3.080858E-19
7.393939E+03	8.215301E-18	3.080887E-19
7.394139E+03	8.220432E-18	3.082777E-19
7.394339E+03	8.230777E-18	3.086621E-19
7.394539E+03	8.235321E-18	3.088291E-19
7.394739E+03	8.234903E-18	3.088099E-19
7.394939E+03	8.240876E-18	3.090304E-19
7.395139E+03	8.243486E-18	3.091248E-19
7.395339E+03	8.239957E-18	3.089889E-19
7.395539E+03	8.235922E-18	3.088341E-19
7.395739E+03	8.236512E-18	3.088528E-19
7.395939E+03	8.232897E-18	3.087137E-19
7.396139E+03	8.231301E-18	3.086503E-19
7.396339E+03	8.247204E-18	3.092431E-19
7.396539E+03	8.263275E-18	3.098422E-19
7.396739E+03	8.280359E-18	3.104793E-19
7.396939E+03	8.290291E-18	3.108481E-19
7.397139E+03	8.286425E-18	3.106996E-19
7.397339E+03	8.279193E-18	3.104249E-19
7.397539E+03	8.284161E-18	3.106076E-19
7.397739E+03	8.291823E-18	3.108914E-19
7.397939E+03	8.291912E-18	3.108912E-19
7.398139E+03	8.290485E-18	3.108341E-19
7.398339E+03	8.286197E-18	3.106698E-19
7.398539E+03	8.290157E-18	3.108147E-19
7.398739E+03	8.293023E-18	3.109185E-19
7.398940E+03	8.289410E-18	3.107795E-19
7.399140E+03	8.289583E-18	3.107824E-19
7.399340E+03	8.286809E-18	3.106748E-19
7.399540E+03	8.287318E-18	3.106903E-19
7.399740E+03	8.287659E-18	3.106995E-19
7.399940E+03	8.284968E-18	3.105950E-19
7.400140E+03	8.287246E-18	3.106768E-19
7.400340E+03	8.283544E-18	3.105344E-19
7.400539E+03	8.281275E-18	3.104458E-19
7.400739E+03	8.284815E-18	3.105749E-19
7.400940E+03	8.286840E-18	3.106472E-19
7.401139E+03	8.298633E-18	3.110857E-19
7.401339E+03	8.313881E-18	3.116536E-19
7.401539E+03	8.323824E-18	3.120227E-19
7.401739E+03	8.327535E-18	3.121582E-19
7.401939E+03	8.327540E-18	3.121547E-19
7.402339E+03	8.341365E-18	3.126657E-19
7.402539E+03	8.344235E-18	3.127696E-19
7.402739E+03	8.335059E-18	3.124220E-19
7.402939E+03	8.339361E-18	3.125796E-19
7.403139E+03	8.337092E-18	3.124909E-19
7.403339E+03	8.333812E-18	3.123642E-19
7.403539E+03	8.343085E-18	3.127082E-19
7.403740E+03	8.355648E-18	3.131753E-19
7.403940E+03	8.368293E-18	3.136456E-19
7.404140E+03	8.377316E-18	3.139801E-19
7.404340E+03	8.373953E-18	3.138503E-19
7.404540E+03	8.369662E-18	3.136858E-19
7.404740E+03	8.362843E-18	3.134265E-19
7.404940E+03	8.353579E-18	3.130756E-19
7.405140E+03	8.351393E-18	3.129900E-19
7.405340E+03	8.351821E-18	3.130023E-19
7.405540E+03	8.350226E-18	3.129388E-19
7.405740E+03	8.348377E-18	3.128658E-19
7.405940E+03	8.358499E-18	3.132414E-19
7.406140E+03	8.368115E-18	3.135981E-19
7.406340E+03	8.367953E-18	3.135883E-19
7.406540E+03	8.357169E-18	3.131804E-19
7.406740E+03	8.359029E-18	3.132464E-19
7.406940E+03	8.359205E-18	3.132492E-19
7.407140E+03	8.343950E-18	3.126739E-19
7.407340E+03	8.338222E-18	3.124555E-19
7.407540E+03	8.335950E-18	3.123666E-19
7.407740E+03	8.328028E-18	3.120660E-19
7.407940E+03	8.332756E-18	3.122394E-19
7.408140E+03	8.332423E-18	3.122232E-19
7.408340E+03	8.317922E-18	3.116761E-19
7.408540E+03	8.312107E-18	3.114545E-19
7.408741E+03	8.307643E-18	3.112835E-19
7.408941E+03	8.303091E-18	3.111092E-19
7.409141E+03	8.305795E-18	3.112067E-19
7.409341E+03	8.299557E-18	3.109692E-19
7.409541E+03	8.286569E-18	3.104789E-19
7.409741E+03	8.287668E-18	3.105163E-19
7.409941E+03	8.288177E-18	3.105316E-19
7.410141E+03	8.284468E-18	3.103889E-19
7.410341E+03	8.292824E-18	3.106982E-19
7.410541E+03	8.300253E-18	3.109728E-19
7.410741E+03	8.297893E-18	3.108806E-19
7.410941E+03	8.294690E-18	3.107568E-19
7.411141E+03	8.294693E-18	3.107532E-19
7.411341E+03	8.293599E-18	3.107084E-19
7.411541E+03	8.297822E-18	3.108628E-19
7.411741E+03	8.299513E-18	3.109224E-19
7.411941E+03	8.293440E-18	3.106911E-19
7.412141E+03	8.283145E-18	3.103016E-19
7.412341E+03	8.278421E-18	3.101209E-19
7.412541E+03	8.283572E-18	3.103101E-19
7.412740E+03	8.280452E-18	3.101894E-19
7.412940E+03	8.279526E-18	3.101509E-19
7.413141E+03	8.281892E-18	3.102357E-19
7.413341E+03	8.284849E-18	3.103427E-19
7.413541E+03	8.280377E-18	3.101714E-19
7.413741E+03	8.281731E-18	3.102183E-19
7.413941E+03	8.292204E-18	3.106068E-19
7.414141E+03	8.292628E-18	3.106188E-19
7.414341E+03	8.291281E-18	3.105645E-19
7.414541E+03	8.291114E-18	3.105545E-19
7.414741E+03	8.295846E-18	3.107279E-19
7.414941E+03	8.304716E-18	3.110563E-19
7.415141E+03	8.299821E-18	3.108691E-19
7.415341E+03	8.300921E-18	3.109065E-19
7.415541E+03	8.305908E-18	3.110894E-19
7.415741E+03	8.303715E-18	3.110034E-19
7.415941E+03	8.310223E-18	3.112433E-19
7.416141E+03	8.313858E-18	3.113756E-19
7.416341E+03	8.309469E-18	3.112073E-19
7.416541E+03	8.317244E-18	3.114946E-19
7.416741E+03	8.322232E-18	3.116776E-19
7.416941E+03	8.317251E-18	3.114871E-19
7.417141E+03	8.319198E-18	3.115562E-19
7.417341E+03	8.322073E-18	3.116600E-19
7.417541E+03	8.320557E-18	3.115993E-19
7.417741E+03	8.309153E-18	3.111684E-19
7.417941E+03	8.294029E-18	3.105981E-19
7.418141E+03	8.286088E-18	3.102969E-19
7.418341E+03	8.275526E-18	3.098975E-19
7.418542E+03	8.263528E-18	3.094443E-19
7.418742E+03	8.254402E-18	3.090987E-19
7.418942E+03	8.256262E-18	3.091644E-19
7.419142E+03	8.250262E-18	3.089359E-19
7.419342E+03	8.240794E-18	3.085775E-19
7.419542E+03	8.238259E-18	3.084786E-19
7.419742E+03	8.231750E-18	3.082310E-19
7.419942E+03	8.235976E-18	3.083854E-19
7.420142E+03	8.247305E-18	3.088057E-19
7.420342E+03	8.250349E-18	3.089158E-19
7.420542E+03	8.245614E-18	3.087346E-19
7.420742E+03	8.232425E-18	3.082369E-19
7.420942E+03	8.230310E-18	3.081538E-19
7.421142E+03	8.239695E-18	3.085013E-19
7.421342E+03	8.235720E-18	3.083486E-19
7.421542E+03	8.220921E-18	3.077906E-19
7.421742E+03	8.222527E-18	3.078468E-19
7.421942E+03	8.230307E-18	3.081341E-19
7.422142E+03	8.233351E-18	3.082442E-19
7.422342E+03	8.219987E-18	3.077400E-19
7.422542E+03	8.203154E-18	3.071058E-19
7.422742E+03	8.204674E-18	3.071589E-19
7.422942E+03	8.204842E-18	3.071612E-19
7.423142E+03	8.199257E-18	3.069482E-19
7.423342E+03	8.197056E-18	3.068619E-19
7.423543E+03	8.200439E-18	3.069846E-19
7.423743E+03	8.204329E-18	3.071263E-19
7.423943E+03	8.210757E-18	3.073630E-19
7.424143E+03	8.215578E-18	3.075396E-19
7.424343E+03	8.218877E-18	3.076591E-19
7.424543E+03	8.213798E-18	3.074650E-19
7.424743E+03	8.207197E-18	3.072140E-19
7.424943E+03	8.210579E-18	3.073366E-19
7.425142E+03	8.209815E-18	3.073041E-19
7.425342E+03	8.199489E-18	3.069136E-19
7.425542E+03	8.184252E-18	3.063394E-19
7.425743E+03	8.167745E-18	3.057175E-19
7.425943E+03	8.158007E-18	3.053491E-19
7.426142E+03	8.152078E-18	3.051233E-19
7.426342E+03	8.143016E-18	3.047802E-19
7.426542E+03	8.125319E-18	3.041138E-19
7.426742E+03	8.114392E-18	3.037010E-19
7.426942E+03	8.109392E-18	3.035099E-19
7.427142E+03	8.100496E-18	3.031730E-19
7.427342E+03	8.098966E-18	3.031118E-19
7.427542E+03	8.103446E-18	3.032755E-19
7.427742E+03	8.112162E-18	3.035978E-19
7.427942E+03	8.104619E-18	3.033115E-19
7.428142E+03	8.091148E-18	3.028035E-19
7.428343E+03	8.100543E-18	3.031511E-19
7.428543E+03	8.092237E-18	3.028363E-19
7.428743E+03	8.097481E-18	3.030286E-19
7.428943E+03	8.106367E-18	3.033572E-19
7.429143E+03	8.104243E-18	3.032738E-19
7.429343E+03	8.114740E-18	3.036626E-19
7.429543E+03	8.134639E-18	3.044032E-19
7.429743E+03	8.139886E-18	3.045956E-19
7.429943E+03	8.142422E-18	3.046865E-19
7.430143E+03	8.152243E-18	3.050500E-19
7.430343E+03	8.157745E-18	3.052519E-19
7.430543E+03	8.171296E-18	3.057549E-19
7.430743E+03	8.187729E-18	3.063658E-19
7.430943E+03	8.209671E-18	3.071828E-19
7.431143E+03	8.224836E-18	3.077462E-19
7.431343E+03	8.225257E-18	3.077579E-19
7.431543E+03	8.230340E-18	3.079440E-19
7.431743E+03	8.246100E-18	3.085296E-19
7.431943E+03	8.264659E-18	3.092199E-19
7.432143E+03	8.292203E-18	3.102464E-19
7.432343E+03	8.293729E-18	3.102994E-19
7.432543E+03	8.287458E-18	3.100606E-19
7.432743E+03	8.287034E-18	3.100407E-19
7.432943E+03	8.293392E-18	3.102744E-19
7.433143E+03	8.285849E-18	3.099881E-19
7.433344E+03	8.272033E-18	3.094671E-19
7.433544E+03	8.282714E-18	3.098626E-19
7.433744E+03	8.300603E-18	3.105277E-19
7.433944E+03	8.301960E-18	3.105743E-19
7.434144E+03	8.298485E-18	3.104402E-19
7.434344E+03	8.299588E-18	3.104773E-19
7.434544E+03	8.306541E-18	3.107333E-19
7.434744E+03	8.313665E-18	3.109956E-19
7.434944E+03	8.309172E-18	3.108234E-19
7.435144E+03	8.304679E-18	3.106512E-19
7.435344E+03	8.305697E-18	3.106851E-19
7.435544E+03	8.315621E-18	3.110522E-19
7.435744E+03	8.330973E-18	3.116223E-19
7.435944E+03	8.347515E-18	3.122368E-19
7.436144E+03	8.342767E-18	3.120551E-19
7.436344E+03	8.334797E-18	3.117528E-19
7.436544E+03	8.332763E-18	3.116725E-19
7.436744E+03	8.337515E-18	3.118461E-19
7.436944E+03	8.347783E-18	3.122259E-19
7.437144E+03	8.359238E-18	3.126502E-19
7.437344E+03	8.369252E-18	3.130205E-19
7.437544E+03	8.364250E-18	3.128292E-19
7.437743E+03	8.361113E-18	3.127077E-19
7.437944E+03	8.371298E-18	3.130844E-19
7.438144E+03	8.379533E-18	3.133881E-19
7.438345E+03	8.394643E-18	3.139489E-19
7.438544E+03	8.403303E-18	3.142686E-19
7.438744E+03	8.413831E-18	3.146580E-19
7.438944E+03	8.428687E-18	3.152094E-19
7.439144E+03	8.444479E-18	3.157957E-19
7.439344E+03	8.452124E-18	3.160772E-19
7.439544E+03	8.456629E-18	3.162414E-19
7.439944E+03	8.475572E-18	3.169412E-19
7.440144E+03	8.471675E-18	3.167912E-19
7.440344E+03	8.485688E-18	3.173109E-19
7.440544E+03	8.504035E-18	3.179926E-19
7.440744E+03	8.508627E-18	3.181600E-19
7.440944E+03	8.500485E-18	3.178512E-19
7.441144E+03	8.496588E-18	3.177011E-19
7.441344E+03	8.496936E-18	3.177098E-19
7.441544E+03	8.496434E-18	3.176867E-19
7.441744E+03	8.496782E-18	3.176953E-19
7.441944E+03	8.494583E-18	3.176088E-19
7.442144E+03	8.494930E-18	3.176174E-19
7.442344E+03	8.490521E-18	3.174482E-19
7.442544E+03	8.483905E-18	3.171965E-19
7.442744E+03	8.482638E-18	3.171448E-19
7.442944E+03	8.490714E-18	3.174424E-19
7.443145E+03	8.494971E-18	3.175971E-19
7.443345E+03	8.490222E-18	3.174152E-19
7.443545E+03	8.488445E-18	3.173444E-19
7.443745E+03	8.494740E-18	3.175753E-19
7.443945E+03	8.490415E-18	3.174093E-19
7.444145E+03	8.495179E-18	3.175830E-19
7.444345E+03	8.497056E-18	3.176488E-19
7.444545E+03	8.501653E-18	3.178162E-19
7.444745E+03	8.514745E-18	3.183013E-19
7.444945E+03	8.519343E-18	3.184687E-19
7.445145E+03	8.512043E-18	3.181915E-19
7.445345E+03	8.510692E-18	3.181365E-19
7.445545E+03	8.511040E-18	3.181451E-19
7.445745E+03	8.517337E-18	3.183761E-19
7.445945E+03	8.521935E-18	3.185435E-19
7.446145E+03	8.522284E-18	3.185522E-19
7.446345E+03	8.522632E-18	3.185608E-19
7.446545E+03	8.525530E-18	3.186647E-19
7.446745E+03	8.538630E-18	3.191498E-19
7.446945E+03	8.544930E-18	3.193809E-19
7.447145E+03	8.549530E-18	3.195483E-19
7.447345E+03	8.555831E-18	3.197794E-19
7.447545E+03	8.558731E-18	3.198833E-19
7.447745E+03	8.567583E-18	3.202097E-19
7.447945E+03	8.573885E-18	3.204407E-19
7.448146E+03	8.583590E-18	3.207990E-19
7.448346E+03	8.600948E-18	3.214432E-19
7.448546E+03	8.617456E-18	3.220556E-19
7.448746E+03	8.624612E-18	3.223185E-19
7.448946E+03	8.626665E-18	3.223907E-19
7.449146E+03	8.628719E-18	3.224630E-19
7.449346E+03	8.629072E-18	3.224716E-19
7.449546E+03	8.630275E-18	3.225120E-19
7.449746E+03	8.634880E-18	3.226796E-19
7.449946E+03	8.631831E-18	3.225611E-19
7.450146E+03	8.631333E-18	3.225380E-19
7.450346E+03	8.631686E-18	3.225466E-19
7.450546E+03	8.631188E-18	3.225235E-19
7.450745E+03	8.635794E-18	3.226910E-19
7.450945E+03	8.641252E-18	3.228904E-19
7.451145E+03	8.640755E-18	3.228673E-19
7.451346E+03	8.636854E-18	3.227169E-19
7.451545E+03	8.635504E-18	3.226619E-19
7.451745E+03	8.641814E-18	3.228931E-19
7.451945E+03	8.642167E-18	3.229018E-19
7.452145E+03	8.643371E-18	3.229421E-19
7.452345E+03	8.648831E-18	3.231416E-19
7.452545E+03	8.655141E-18	3.233727E-19
7.452745E+03	8.658048E-18	3.234768E-19
7.452946E+03	8.656701E-18	3.234218E-19
7.453146E+03	8.655353E-18	3.233668E-19
7.453346E+03	8.654855E-18	3.233436E-19
7.453546E+03	8.653506E-18	3.232886E-19
7.453746E+03	8.653860E-18	3.232972E-19
7.453946E+03	8.653363E-18	3.232740E-19
7.454146E+03	8.653715E-18	3.232826E-19
7.454346E+03	8.647258E-18	3.230368E-19
7.454546E+03	8.635692E-18	3.226001E-19
7.454746E+03	8.624125E-18	3.221634E-19
7.454946E+03	8.619368E-18	3.219811E-19
7.455146E+03	8.618869E-18	3.219578E-19
7.455346E+03	8.616666E-18	3.218709E-19
7.455546E+03	8.610206E-18	3.216250E-19
7.455746E+03	8.613964E-18	3.217607E-19
7.455946E+03	8.625387E-18	3.221828E-19
7.456146E+03	8.629998E-18	3.223504E-19
7.456346E+03	8.632054E-18	3.224225E-19
7.456546E+03	8.634110E-18	3.224947E-19
7.456746E+03	8.634462E-18	3.225032E-19
7.456946E+03	8.639074E-18	3.226708E-19
7.457146E+03	8.648797E-18	3.230293E-19
7.457346E+03	8.645742E-18	3.229106E-19
7.457546E+03	8.638429E-18	3.226327E-19
7.457746E+03	8.633669E-18	3.224503E-19
7.457947E+03	8.625503E-18	3.221407E-19
7.458147E+03	8.619892E-18	3.219264E-19
7.458347E+03	8.622800E-18	3.220304E-19
7.458547E+03	8.629117E-18	3.222616E-19
7.458747E+03	8.620947E-18	3.219519E-19
7.458947E+03	8.618743E-18	3.218649E-19
7.459147E+03	8.620799E-18	3.219370E-19
7.459347E+03	8.613481E-18	3.216590E-19
7.459547E+03	8.608719E-18	3.214765E-19
7.459747E+03	8.612480E-18	3.216123E-19
7.459947E+03	8.614535E-18	3.216844E-19
7.460147E+03	8.609774E-18	3.215019E-19
7.460347E+03	8.602453E-18	3.212238E-19
7.460547E+03	8.599395E-18	3.211049E-19
7.460747E+03	8.604860E-18	3.213043E-19
7.460947E+03	8.611178E-18	3.215356E-19
7.461147E+03	8.613235E-18	3.216077E-19
7.461347E+03	8.611882E-18	3.215524E-19
7.461547E+03	8.616496E-18	3.217200E-19
7.461747E+03	8.618553E-18	3.217921E-19
7.461947E+03	8.617200E-18	3.217369E-19
7.462147E+03	8.614992E-18	3.216497E-19
7.462347E+03	8.612786E-18	3.215626E-19
7.462547E+03	8.610580E-18	3.214756E-19
7.462747E+03	8.604961E-18	3.212611E-19
7.463347E+03	8.598339E-18	3.209997E-19
7.463547E+03	8.590160E-18	3.206896E-19
7.463748E+03	8.581981E-18	3.203795E-19
7.463948E+03	8.580624E-18	3.203242E-19
7.464147E+03	8.574150E-18	3.200778E-19
7.464347E+03	8.563409E-18	3.196721E-19
7.464547E+03	8.557786E-18	3.194575E-19
7.464747E+03	8.553017E-18	3.192747E-19
7.464947E+03	8.543127E-18	3.189008E-19
7.465147E+03	8.534091E-18	3.185588E-19
7.465347E+03	8.525735E-18	3.182422E-19
7.465547E+03	8.523181E-18	3.181422E-19
7.465747E+03	8.526686E-18	3.182682E-19
7.465947E+03	8.533264E-18	3.185091E-19
7.466147E+03	8.536683E-18	3.186320E-19
7.466347E+03	8.537885E-18	3.186721E-19
7.466547E+03	8.539940E-18	3.187441E-19
7.466747E+03	8.542849E-18	3.188479E-19
7.466947E+03	8.546612E-18	3.189836E-19
7.467147E+03	8.555496E-18	3.193104E-19
7.467347E+03	8.564381E-18	3.196372E-19
7.467547E+03	8.563876E-18	3.196137E-19
7.467748E+03	8.560812E-18	3.194945E-19
7.467948E+03	8.561161E-18	3.195028E-19
7.468148E+03	8.558095E-18	3.193836E-19
7.468348E+03	8.551614E-18	3.191369E-19
7.468548E+03	8.542570E-18	3.187947E-19
7.468748E+03	8.539503E-18	3.186754E-19
7.468948E+03	8.532422E-18	3.184064E-19
7.469148E+03	8.528927E-18	3.182712E-19
7.469348E+03	8.532434E-18	3.183973E-19
7.469548E+03	8.528768E-18	3.182558E-19
7.469748E+03	8.533130E-18	3.184137E-19
7.469948E+03	8.542445E-18	3.187566E-19
7.470148E+03	8.539633E-18	3.186468E-19
7.470348E+03	8.535283E-18	3.184797E-19
7.470548E+03	8.529566E-18	3.182616E-19
7.470748E+03	8.532476E-18	3.183654E-19
7.470948E+03	8.532397E-18	3.183577E-19
7.471148E+03	8.531976E-18	3.183371E-19
7.471348E+03	8.532409E-18	3.183485E-19
7.471548E+03	8.528399E-18	3.181941E-19
7.471748E+03	8.516187E-18	3.177337E-19
7.471948E+03	8.521319E-18	3.179203E-19
7.472148E+03	8.525596E-18	3.180751E-19
7.472348E+03	8.523295E-18	3.179844E-19
7.472548E+03	8.509627E-18	3.174697E-19
7.472749E+03	8.496730E-18	3.169837E-19
7.472949E+03	8.491949E-18	3.168006E-19
7.473149E+03	8.492551E-18	3.168182E-19
7.473349E+03	8.488025E-18	3.166446E-19
7.473549E+03	8.484268E-18	3.164996E-19
7.473749E+03	8.486067E-18	3.165619E-19
7.474149E+03	8.483424E-18	3.164537E-19
7.474349E+03	8.472656E-18	3.160472E-19
7.474549E+03	8.483431E-18	3.164443E-19
7.474749E+03	8.499422E-18	3.170360E-19
7.474949E+03	8.500024E-18	3.170536E-19
7.475149E+03	8.495839E-18	3.168927E-19
7.475349E+03	8.489344E-18	3.166456E-19
7.475548E+03	8.484132E-18	3.164464E-19
7.475748E+03	8.482425E-18	3.163779E-19
7.475949E+03	8.477725E-18	3.161977E-19
7.476149E+03	8.470802E-18	3.159347E-19
7.476349E+03	8.466956E-18	3.157864E-19
7.476548E+03	8.458320E-18	3.154595E-19
7.476748E+03	8.454389E-18	3.153081E-19
7.476948E+03	8.462857E-18	3.156191E-19
7.477148E+03	8.471670E-18	3.159429E-19
7.477348E+03	8.475864E-18	3.160944E-19
7.477549E+03	8.478007E-18	3.161695E-19
7.477749E+03	8.471594E-18	3.159255E-19
7.477949E+03	8.466635E-18	3.157357E-19
7.478149E+03	8.464841E-18	3.156639E-19
7.478349E+03	8.455175E-18	3.152986E-19
7.478549E+03	8.440632E-18	3.147514E-19
7.478749E+03	8.429168E-18	3.143191E-19
7.478949E+03	8.426859E-18	3.142281E-19
7.479149E+03	8.428656E-18	3.142903E-19
7.479349E+03	8.428144E-18	3.142663E-19
7.479549E+03	8.423438E-18	3.140860E-19
7.479749E+03	8.413767E-18	3.137206E-19
7.479949E+03	8.402470E-18	3.132945E-19
7.480149E+03	8.394083E-18	3.129769E-19
7.480349E+03	8.390316E-18	3.128316E-19
7.480549E+03	8.388090E-18	3.127438E-19
7.480749E+03	8.390399E-18	3.128250E-19
7.480949E+03	8.382095E-18	3.125106E-19
7.481149E+03	8.379611E-18	3.124131E-19
7.481349E+03	8.386543E-18	3.126667E-19
7.481549E+03	8.376868E-18	3.123012E-19
7.481749E+03	8.368733E-18	3.119930E-19
7.481949E+03	8.365820E-18	3.118796E-19
7.482149E+03	8.352033E-18	3.113607E-19
7.482349E+03	8.335847E-18	3.107525E-19
7.482550E+03	8.327368E-18	3.104315E-19
7.482750E+03	8.319572E-18	3.101361E-19
7.482950E+03	8.311347E-18	3.098246E-19
7.483150E+03	8.305776E-18	3.096121E-19
7.483350E+03	8.298235E-18	3.093262E-19
7.483550E+03	8.286924E-18	3.088997E-19
7.483750E+03	8.278097E-18	3.085659E-19
7.483950E+03	8.277577E-18	3.085417E-19
7.484150E+03	8.275086E-18	3.084440E-19
7.484350E+03	8.271825E-18	3.083176E-19
7.484550E+03	8.274217E-18	3.084020E-19
7.484750E+03	8.270527E-18	3.082596E-19
7.484950E+03	8.271292E-18	3.082832E-19
7.485150E+03	8.274198E-18	3.083867E-19
7.485350E+03	8.281645E-18	3.086594E-19
7.485550E+03	8.284038E-18	3.087438E-19
7.485750E+03	8.269895E-18	3.082118E-19
7.485950E+03	8.249323E-18	3.074403E-19
7.486150E+03	8.239118E-18	3.070551E-19
7.486350E+03	8.237911E-18	3.070053E-19
7.486550E+03	8.239874E-18	3.070736E-19
7.486750E+03	8.239351E-18	3.070493E-19
7.486950E+03	8.245771E-18	3.072837E-19
7.487150E+03	8.251677E-18	3.074989E-19
7.487350E+03	8.247126E-18	3.073245E-19
7.487551E+03	8.242063E-18	3.071309E-19
7.487751E+03	8.236226E-18	3.069086E-19
7.487951E+03	8.238190E-18	3.069769E-19
7.488150E+03	8.239809E-18	3.070324E-19
7.488350E+03	8.230714E-18	3.066886E-19
7.488551E+03	8.222476E-18	3.063768E-19
7.488751E+03	8.217837E-18	3.061991E-19
7.488950E+03	8.214826E-18	3.060821E-19
7.489150E+03	8.211388E-18	3.059491E-19
7.489350E+03	8.208720E-18	3.058448E-19
7.489550E+03	8.199106E-18	3.054818E-19
7.489750E+03	8.193436E-18	3.052657E-19
7.489950E+03	8.177132E-18	3.046534E-19
7.490150E+03	8.154052E-18	3.037887E-19
7.490350E+03	8.140319E-18	3.032722E-19
7.490550E+03	8.142192E-18	3.033372E-19
7.490750E+03	8.142266E-18	3.033351E-19
7.490950E+03	8.137707E-18	3.031604E-19
7.491150E+03	8.142412E-18	3.033308E-19
7.491350E+03	8.152865E-18	3.037154E-19
7.491550E+03	8.159630E-18	3.039625E-19
7.491750E+03	8.158417E-18	3.039125E-19
7.491950E+03	8.165096E-18	3.041564E-19
7.492150E+03	8.166457E-18	3.042022E-19
7.492351E+03	8.158295E-18	3.038933E-19
7.492551E+03	8.142411E-18	3.032968E-19
7.492751E+03	8.126953E-18	3.027162E-19
7.492951E+03	8.129428E-18	3.028035E-19
7.493151E+03	8.136622E-18	3.030666E-19
7.493351E+03	8.133177E-18	3.029334E-19
7.493551E+03	8.130933E-18	3.028449E-19
7.493751E+03	8.129889E-18	3.028012E-19
7.493951E+03	8.125412E-18	3.026296E-19
7.494151E+03	8.115357E-18	3.022502E-19
7.494351E+03	8.108133E-18	3.019763E-19
7.494551E+03	8.118247E-18	3.023481E-19
7.494751E+03	8.118318E-18	3.023459E-19
7.494951E+03	8.120537E-18	3.024237E-19
7.495151E+03	8.126961E-18	3.026580E-19
7.495351E+03	8.119649E-18	3.023809E-19
7.495551E+03	8.109591E-18	3.020014E-19
7.495751E+03	8.102707E-18	3.017402E-19
7.495951E+03	8.084663E-18	3.010633E-19
7.496151E+03	8.081041E-18	3.009236E-19
7.496351E+03	8.088410E-18	3.011931E-19
7.496551E+03	8.093546E-18	3.013795E-19
7.496751E+03	8.097309E-18	3.015148E-19
7.496951E+03	8.095147E-18	3.014294E-19
7.497151E+03	8.090150E-18	3.012384E-19
7.497352E+03	8.088505E-18	3.011722E-19
7.497552E+03	8.081532E-18	3.009077E-19
7.497752E+03	8.081859E-18	3.009150E-19
7.497952E+03	8.093526E-18	3.013445E-19
7.498152E+03	8.101241E-18	3.016269E-19
7.498352E+03	8.110932E-18	3.019828E-19
7.498552E+03	8.115642E-18	3.021532E-19
7.498752E+03	8.111504E-18	3.019942E-19
7.498952E+03	8.131077E-18	3.027180E-19
7.499152E+03	8.146613E-18	3.032915E-19
7.499352E+03	8.150380E-18	3.034268E-19
7.499552E+03	8.147789E-18	3.033253E-19
7.499752E+03	8.159376E-18	3.037517E-19
7.499952E+03	8.177580E-18	3.044244E-19
7.500152E+03	8.190973E-18	3.049180E-19
7.500352E+03	8.205570E-18	3.054565E-19
7.500552E+03	8.221200E-18	3.060333E-19
7.500752E+03	8.239066E-18	3.066933E-19
7.500952E+03	8.249627E-18	3.070814E-19
7.501151E+03	8.257352E-18	3.073640E-19
7.501351E+03	8.261211E-18	3.075025E-19
7.501551E+03	8.270227E-18	3.078331E-19
7.501752E+03	8.281995E-18	3.082660E-19
7.501951E+03	8.295569E-18	3.087662E-19
7.502152E+03	8.309060E-18	3.092633E-19
7.502352E+03	8.320228E-18	3.096739E-19
7.502552E+03	8.317385E-18	3.095629E-19
7.502752E+03	8.304137E-18	3.090648E-19
7.502952E+03	8.312039E-18	3.093538E-19
7.503152E+03	8.320029E-18	3.096461E-19
7.503352E+03	8.329480E-18	3.099927E-19
7.503552E+03	8.345640E-18	3.105890E-19
7.503752E+03	8.361973E-18	3.111917E-19
7.503952E+03	8.367127E-18	3.113784E-19
7.504152E+03	8.388279E-18	3.121604E-19
7.504352E+03	8.409088E-18	3.129296E-19
7.504552E+03	8.427835E-18	3.136220E-19
7.504752E+03	8.450797E-18	3.144713E-19
7.504952E+03	8.474106E-18	3.153335E-19
7.505152E+03	8.492083E-18	3.159972E-19
7.505352E+03	8.510750E-18	3.166866E-19
7.505552E+03	8.527181E-18	3.172927E-19
7.505752E+03	8.532945E-18	3.175019E-19
7.505952E+03	8.537249E-18	3.176568E-19
7.506152E+03	8.539315E-18	3.177284E-19
7.506352E+03	8.537251E-18	3.176463E-19
7.506552E+03	8.537510E-18	3.176507E-19
7.506752E+03	8.546977E-18	3.179976E-19
7.506952E+03	8.540955E-18	3.177683E-19
7.507153E+03	8.538635E-18	3.176767E-19
7.507353E+03	8.536140E-18	3.175786E-19
7.507553E+03	8.536141E-18	3.175733E-19
7.507753E+03	8.538379E-18	3.176513E-19
7.507953E+03	8.543544E-18	3.178382E-19
7.508153E+03	8.550863E-18	3.181051E-19
7.508353E+03	8.559816E-18	3.184329E-19
7.508553E+03	8.565585E-18	3.186422E-19
7.508753E+03	8.575142E-18	3.189924E-19
7.508953E+03	8.584786E-18	3.193458E-19
7.509153E+03	8.593398E-18	3.196608E-19
7.509353E+03	8.605282E-18	3.200975E-19
7.509553E+03	8.616564E-18	3.205118E-19
7.509753E+03	8.629827E-18	3.209998E-19
7.509953E+03	8.632759E-18	3.211035E-19
7.510153E+03	8.620193E-18	3.206307E-19
7.510353E+03	8.611930E-18	3.203180E-19
7.510553E+03	8.606594E-18	3.201141E-19
7.510753E+03	8.613488E-18	3.203652E-19
7.510953E+03	8.606343E-18	3.200940E-19
7.511153E+03	8.601179E-18	3.198966E-19
7.511353E+03	8.620561E-18	3.206121E-19
7.511553E+03	8.626938E-18	3.208438E-19
7.511753E+03	8.629871E-18	3.209475E-19
7.511953E+03	8.630220E-18	3.209551E-19
7.512154E+03	8.627986E-18	3.208666E-19
7.512354E+03	8.627473E-18	3.208421E-19
7.512554E+03	8.624375E-18	3.207215E-19
7.512754E+03	8.621278E-18	3.206009E-19
7.512954E+03	8.621626E-18	3.206085E-19
7.513154E+03	8.617667E-18	3.204558E-19
7.513354E+03	8.610347E-18	3.201782E-19
7.513553E+03	8.600268E-18	3.197981E-19
7.513753E+03	8.589327E-18	3.193858E-19
7.513953E+03	8.583900E-18	3.191786E-19
7.514154E+03	8.571752E-18	3.187215E-19
7.514354E+03	8.583646E-18	3.191583E-19
7.514553E+03	8.607176E-18	3.200278E-19
7.514753E+03	8.627347E-18	3.207724E-19
7.514953E+03	8.638900E-18	3.211965E-19
7.515153E+03	8.641834E-18	3.213002E-19
7.515353E+03	8.641321E-18	3.212756E-19
7.515553E+03	8.640809E-18	3.212511E-19
7.515753E+03	8.624778E-18	3.206497E-19
7.515953E+03	8.617540E-18	3.203751E-19
7.516153E+03	8.630647E-18	3.208570E-19
7.516353E+03	8.640479E-18	3.212170E-19
7.516553E+03	8.641691E-18	3.212566E-19
7.516753E+03	8.634279E-18	3.209756E-19
7.516954E+03	8.632905E-18	3.209190E-19
7.517154E+03	8.640152E-18	3.211830E-19
7.517354E+03	8.647399E-18	3.214469E-19
7.517554E+03	8.659821E-18	3.219031E-19
7.517754E+03	8.666208E-18	3.221351E-19
7.517954E+03	8.652758E-18	3.216296E-19
7.518154E+03	8.638446E-18	3.210921E-19
7.518354E+03	8.632757E-18	3.208752E-19
7.518554E+03	8.633968E-18	3.209147E-19
7.518754E+03	8.638629E-18	3.210825E-19
7.518954E+03	8.641565E-18	3.211861E-19
7.519154E+03	8.647952E-18	3.214180E-19
7.519354E+03	8.647439E-18	3.213934E-19
7.519554E+03	8.643474E-18	3.212405E-19
7.519754E+03	8.654175E-18	3.216328E-19
7.519954E+03	8.667466E-18	3.221212E-19
7.520154E+03	8.682484E-18	3.226738E-19
7.520354E+03	8.690599E-18	3.229698E-19
7.520554E+03	8.683184E-18	3.226887E-19
7.520754E+03	8.678356E-18	3.225038E-19
7.520954E+03	8.686473E-18	3.227998E-19
7.521154E+03	8.704083E-18	3.234487E-19
7.521354E+03	8.703571E-18	3.234241E-19
7.521554E+03	8.687524E-18	3.228222E-19
7.521754E+03	8.670612E-18	3.221883E-19
7.522155E+03	8.673040E-18	3.222673E-19
7.522355E+03	8.688927E-18	3.228521E-19
7.522555E+03	8.696183E-18	3.231161E-19
7.522755E+03	8.696533E-18	3.231236E-19
7.522955E+03	8.691704E-18	3.229386E-19
7.523155E+03	8.686874E-18	3.227535E-19
7.523355E+03	8.686362E-18	3.227289E-19
7.523555E+03	8.674623E-18	3.222872E-19
7.523755E+03	8.663749E-18	3.218776E-19
7.523955E+03	8.662370E-18	3.218208E-19
7.524555E+03	8.661691E-18	3.217789E-19
7.524755E+03	8.672403E-18	3.221712E-19
7.524955E+03	8.679662E-18	3.224353E-19
7.525155E+03	8.657556E-18	3.216085E-19
7.525355E+03	8.645813E-18	3.211667E-19
7.525555E+03	8.659980E-18	3.216874E-19
7.525755E+03	8.677606E-18	3.223365E-19
7.525954E+03	8.671044E-18	3.220872E-19
7.526154E+03	8.663619E-18	3.218058E-19
7.526355E+03	8.663968E-18	3.218132E-19
7.526555E+03	8.670364E-18	3.220451E-19
7.526756E+03	8.685403E-18	3.225981E-19
7.526956E+03	8.696984E-18	3.230226E-19
7.527155E+03	8.696470E-18	3.229979E-19
7.527355E+03	8.690771E-18	3.227806E-19
7.527555E+03	8.686801E-18	3.226276E-19
7.527755E+03	8.686287E-18	3.226028E-19
7.527955E+03	8.690958E-18	3.227706E-19
7.528155E+03	8.688715E-18	3.226817E-19
7.528355E+03	8.702892E-18	3.232026E-19
7.528555E+03	8.734356E-18	3.243654E-19
7.528755E+03	8.743350E-18	3.246937E-19
7.528955E+03	8.730737E-18	3.242197E-19
7.529155E+03	8.754427E-18	3.250937E-19
7.529355E+03	8.743542E-18	3.246838E-19
7.529555E+03	8.749945E-18	3.249159E-19
7.529755E+03	8.745110E-18	3.247307E-19
7.529955E+03	8.755836E-18	3.251232E-19
7.530155E+03	8.760512E-18	3.252911E-19
7.530355E+03	8.753948E-18	3.250417E-19
7.530555E+03	8.748247E-18	3.248243E-19
7.530755E+03	8.741682E-18	3.245749E-19
7.530955E+03	8.721281E-18	3.238117E-19
7.531155E+03	8.712120E-18	3.234659E-19
7.531355E+03	8.706417E-18	3.232484E-19
7.531555E+03	8.706768E-18	3.232558E-19
7.531756E+03	8.725280E-18	3.239374E-19
7.531956E+03	8.755901E-18	3.250685E-19
7.532156E+03	8.751064E-18	3.248832E-19
7.532356E+03	8.732388E-18	3.241841E-19
7.532556E+03	8.717169E-18	3.236134E-19
7.532756E+03	8.715790E-18	3.235565E-19
7.532956E+03	8.720465E-18	3.237244E-19
7.533156E+03	8.718221E-18	3.236353E-19
7.533356E+03	8.722032E-18	3.237711E-19
7.533556E+03	8.724113E-18	3.238426E-19
7.533756E+03	8.722733E-18	3.237856E-19
7.533956E+03	8.720489E-18	3.236966E-19
7.534156E+03	8.714782E-18	3.234791E-19
7.534356E+03	8.703884E-18	3.230688E-19
7.534556E+03	8.702503E-18	3.230118E-19
7.534756E+03	8.701987E-18	3.229870E-19
7.534956E+03	8.699740E-18	3.228979E-19
7.535156E+03	8.707014E-18	3.231621E-19
7.535356E+03	8.718615E-18	3.235869E-19
7.535556E+03	8.717234E-18	3.235299E-19
7.535756E+03	8.708064E-18	3.231838E-19
7.535956E+03	8.695430E-18	3.227092E-19
7.536156E+03	8.687124E-18	3.223952E-19
7.536356E+03	8.688338E-18	3.224346E-19
7.536557E+03	8.698211E-18	3.227952E-19
7.536757E+03	8.717606E-18	3.235092E-19
7.536957E+03	8.737868E-18	3.242553E-19
7.537157E+03	8.753803E-18	3.248409E-19
7.537357E+03	8.768873E-18	3.253943E-19
7.537557E+03	8.781347E-18	3.258514E-19
7.537757E+03	8.786029E-18	3.260193E-19
7.537957E+03	8.788980E-18	3.261230E-19
7.538157E+03	8.795395E-18	3.263552E-19
7.538357E+03	8.800944E-18	3.265553E-19
7.538556E+03	8.805627E-18	3.267232E-19
7.538757E+03	8.799918E-18	3.265056E-19
7.538957E+03	8.803736E-18	3.266414E-19
7.539157E+03	8.827475E-18	3.275163E-19
7.539356E+03	8.837356E-18	3.278771E-19
7.539556E+03	8.839443E-18	3.279486E-19
7.539757E+03	8.849327E-18	3.283094E-19
7.539956E+03	8.847083E-18	3.282203E-19
7.540156E+03	8.832711E-18	3.276813E-19
7.540356E+03	8.830467E-18	3.275921E-19
7.540556E+03	8.833420E-18	3.276958E-19
7.540756E+03	8.832042E-18	3.276388E-19
7.540956E+03	8.832396E-18	3.276461E-19
7.541156E+03	8.844015E-18	3.280712E-19
7.541356E+03	8.859967E-18	3.286570E-19
7.541557E+03	8.868122E-18	3.289536E-19
7.541757E+03	8.874544E-18	3.291859E-19
7.541957E+03	8.879234E-18	3.293540E-19
7.542157E+03	8.880456E-18	3.293934E-19
7.542357E+03	8.879079E-18	3.293363E-19
7.542557E+03	8.884636E-18	3.295365E-19
7.542757E+03	8.887592E-18	3.296402E-19
7.542957E+03	8.890549E-18	3.297440E-19
7.543157E+03	8.897840E-18	3.300084E-19
7.543357E+03	8.897330E-18	3.299836E-19
7.543557E+03	8.894219E-18	3.298622E-19
7.543757E+03	8.893708E-18	3.298374E-19
7.543957E+03	8.905336E-18	3.302626E-19
7.544157E+03	8.932569E-18	3.312666E-19
7.544357E+03	8.957204E-18	3.321742E-19
7.544557E+03	8.969702E-18	3.326317E-19
7.544757E+03	8.968327E-18	3.325747E-19
7.544957E+03	8.954813E-18	3.320675E-19
7.545157E+03	8.938696E-18	3.314638E-19
7.545357E+03	8.931249E-18	3.311817E-19
7.545557E+03	8.930740E-18	3.311569E-19
7.545757E+03	8.929363E-18	3.310998E-19
7.545957E+03	8.926252E-18	3.309784E-19
7.546157E+03	8.924875E-18	3.309214E-19
7.546357E+03	8.918294E-18	3.306713E-19
7.546558E+03	8.909978E-18	3.303570E-19
7.546758E+03	8.912071E-18	3.304286E-19
7.546958E+03	8.911560E-18	3.304036E-19
7.547158E+03	8.907580E-18	3.302501E-19
7.547358E+03	8.914009E-18	3.304824E-19
7.547558E+03	8.929982E-18	3.310686E-19
7.547758E+03	8.931208E-18	3.311080E-19
7.547958E+03	8.931565E-18	3.311153E-19
7.548158E+03	8.938865E-18	3.313798E-19
7.548358E+03	8.939223E-18	3.313871E-19
7.548558E+03	8.927433E-18	3.309440E-19
7.548758E+03	8.926054E-18	3.308868E-19
7.548958E+03	8.918601E-18	3.306045E-19
7.549158E+03	8.916355E-18	3.305152E-19
7.549358E+03	8.924523E-18	3.308120E-19
7.549558E+03	8.917937E-18	3.305618E-19
7.549758E+03	8.921765E-18	3.306977E-19
7.549958E+03	8.941219E-18	3.314127E-19
7.550158E+03	8.965881E-18	3.323207E-19
7.550358E+03	8.975789E-18	3.326819E-19
7.550558E+03	8.977885E-18	3.327535E-19
7.550758E+03	8.976507E-18	3.326964E-19
7.550958E+03	8.973395E-18	3.325749E-19
7.551158E+03	8.967676E-18	3.323569E-19
7.551359E+03	8.960222E-18	3.320745E-19
7.551559E+03	8.958844E-18	3.320173E-19
7.551758E+03	8.960939E-18	3.320889E-19
7.551958E+03	8.961298E-18	3.320961E-19
7.552158E+03	8.962524E-18	3.321355E-19
7.552359E+03	8.966357E-18	3.322714E-19
7.552558E+03	8.959768E-18	3.320212E-19
7.552758E+03	8.957521E-18	3.319318E-19
7.552958E+03	8.971775E-18	3.324539E-19
7.553158E+03	8.971265E-18	3.324289E-19
7.553358E+03	8.952516E-18	3.317281E-19
7.553558E+03	8.949399E-18	3.316064E-19
7.553758E+03	8.954100E-18	3.317745E-19
7.553958E+03	8.951852E-18	3.316851E-19
7.554158E+03	8.946129E-18	3.314670E-19
7.554358E+03	8.936931E-18	3.311201E-19
7.554558E+03	8.933812E-18	3.309985E-19
7.554758E+03	8.940252E-18	3.312309E-19
7.554958E+03	8.961462E-18	3.320106E-19
7.555158E+03	8.978329E-18	3.326294E-19
7.555358E+03	8.975212E-18	3.325078E-19
7.555558E+03	8.971225E-18	3.323539E-19
7.555758E+03	8.973322E-18	3.324255E-19
7.555958E+03	8.973681E-18	3.324327E-19
7.556158E+03	8.975778E-18	3.325042E-19
7.556359E+03	8.985699E-18	3.328655E-19
7.556559E+03	8.993880E-18	3.331624E-19
7.556759E+03	8.989893E-18	3.330086E-19
7.556959E+03	8.992860E-18	3.331123E-19
7.557159E+03	9.001043E-18	3.334092E-19
7.557359E+03	9.006618E-18	3.336096E-19
7.557559E+03	9.004370E-18	3.335201E-19
7.557759E+03	8.997775E-18	3.332697E-19
7.557959E+03	9.001611E-18	3.334056E-19
7.558159E+03	9.002841E-18	3.334449E-19
7.558359E+03	8.995375E-18	3.331622E-19
7.558559E+03	8.991386E-18	3.330083E-19
7.558759E+03	8.997832E-18	3.332409E-19
7.558959E+03	9.010365E-18	3.336988E-19
7.559159E+03	9.019421E-18	3.340280E-19
7.559359E+03	9.025869E-18	3.342606E-19
7.559559E+03	9.029708E-18	3.343965E-19
7.559759E+03	9.037026E-18	3.346613E-19
7.559959E+03	9.040866E-18	3.347973E-19
7.560159E+03	9.041226E-18	3.348044E-19
7.560359E+03	9.048546E-18	3.350692E-19
7.560559E+03	9.059345E-18	3.354629E-19
7.560759E+03	9.060576E-18	3.355022E-19
7.560959E+03	9.053979E-18	3.352517E-19
7.561160E+03	9.046512E-18	3.349689E-19
7.561360E+03	9.050353E-18	3.351049E-19
7.561560E+03	9.064635E-18	3.356274E-19
7.561760E+03	9.083268E-18	3.363110E-19
7.561960E+03	9.085370E-18	3.363826E-19
7.562160E+03	9.077031E-18	3.360676E-19
7.562360E+03	9.079134E-18	3.361391E-19
7.562560E+03	9.075145E-18	3.359852E-19
7.562760E+03	9.068545E-18	3.357346E-19
7.562960E+03	9.062815E-18	3.355162E-19
7.563160E+03	9.058825E-18	3.353622E-19
7.563360E+03	9.064408E-18	3.355625E-19
7.563560E+03	9.069992E-18	3.357630E-19
7.563760E+03	9.070354E-18	3.357701E-19
7.563959E+03	9.066362E-18	3.356161E-19
7.564159E+03	9.071076E-18	3.357843E-19
7.564359E+03	9.086237E-18	3.363392E-19
7.564560E+03	9.097916E-18	3.367652E-19
7.564760E+03	9.104372E-18	3.369978E-19
7.564959E+03	9.120406E-18	3.375850E-19
7.565159E+03	9.136441E-18	3.381722E-19
7.565359E+03	9.152478E-18	3.387594E-19
7.565559E+03	9.162420E-18	3.391210E-19
7.565759E+03	9.166268E-18	3.392570E-19
7.565959E+03	9.170987E-18	3.394253E-19
7.566160E+03	9.173967E-18	3.395292E-19
7.566360E+03	9.179557E-18	3.397297E-19
7.566560E+03	9.181665E-18	3.398013E-19
7.566760E+03	9.183773E-18	3.398729E-19
7.566960E+03	9.190235E-18	3.401057E-19
7.567160E+03	9.203665E-18	3.405963E-19
7.567360E+03	9.219711E-18	3.411836E-19
7.567560E+03	9.224434E-18	3.413520E-19
7.567760E+03	9.236124E-18	3.417781E-19
7.567960E+03	9.235622E-18	3.417531E-19
7.568160E+03	9.235118E-18	3.417280E-19
7.568360E+03	9.252909E-18	3.423799E-19
7.568560E+03	9.274188E-18	3.431607E-19
7.568760E+03	9.285884E-18	3.435870E-19
7.568960E+03	9.281897E-18	3.434330E-19
7.569160E+03	9.277038E-18	3.432467E-19
7.569360E+03	9.273922E-18	3.431249E-19
7.569560E+03	9.272548E-18	3.430676E-19
7.569760E+03	9.280761E-18	3.433650E-19
7.569960E+03	9.289844E-18	3.436945E-19
7.570160E+03	9.285856E-18	3.435405E-19
7.570360E+03	9.278383E-18	3.432575E-19
7.570560E+03	9.280495E-18	3.433291E-19
7.570760E+03	9.299168E-18	3.440134E-19
7.570960E+03	9.290821E-18	3.436981E-19
7.571161E+03	9.294680E-18	3.438343E-19
7.571361E+03	9.299408E-18	3.440027E-19
7.571561E+03	9.311110E-18	3.444290E-19
7.571761E+03	9.329789E-18	3.451134E-19
7.572361E+03	9.341364E-18	3.455219E-19
7.572561E+03	9.341736E-18	3.455291E-19
7.572761E+03	9.344724E-18	3.456330E-19
7.572961E+03	9.352071E-18	3.458982E-19
7.573361E+03	9.350199E-18	3.458158E-19
7.573561E+03	9.353187E-18	3.459197E-19
7.573761E+03	9.359664E-18	3.461527E-19
7.573961E+03	9.353930E-18	3.459340E-19
7.574161E+03	9.346452E-18	3.456509E-19
7.574361E+03	9.345952E-18	3.456258E-19
7.574561E+03	9.353302E-18	3.458910E-19
7.574761E+03	9.355417E-18	3.459626E-19
7.574961E+03	9.354917E-18	3.459375E-19
7.575161E+03	9.359650E-18	3.461059E-19
7.575361E+03	9.369619E-18	3.464679E-19
7.575561E+03	9.380460E-18	3.468622E-19
7.575761E+03	9.392175E-18	3.472887E-19
7.575962E+03	9.396913E-18	3.474573E-19
7.576162E+03	9.396414E-18	3.474322E-19
7.576362E+03	9.403768E-18	3.476974E-19
7.576561E+03	9.410249E-18	3.479304E-19
7.576761E+03	9.419350E-18	3.482603E-19
7.576962E+03	9.430196E-18	3.486546E-19
7.577162E+03	9.442789E-18	3.491135E-19
7.577361E+03	9.457127E-18	3.496369E-19
7.577561E+03	9.473214E-18	3.502249E-19
7.577761E+03	9.490173E-18	3.508452E-19
7.577961E+03	9.506261E-18	3.514332E-19
7.578161E+03	9.519733E-18	3.519245E-19
7.578361E+03	9.532331E-18	3.523835E-19
7.578561E+03	9.543185E-18	3.527779E-19
7.578761E+03	9.551421E-18	3.530756E-19
7.578961E+03	9.569261E-18	3.537282E-19
7.579161E+03	9.579244E-18	3.540905E-19
7.579361E+03	9.581370E-18	3.541623E-19
7.579561E+03	9.588736E-18	3.544277E-19
7.579761E+03	9.600468E-18	3.548545E-19
7.579961E+03	9.600849E-18	3.548618E-19
7.580161E+03	9.609962E-18	3.551918E-19
7.580361E+03	9.617330E-18	3.554573E-19
7.580561E+03	9.621204E-18	3.555936E-19
7.580761E+03	9.630319E-18	3.559236E-19
7.580962E+03	9.642931E-18	3.563828E-19
7.581162E+03	9.652047E-18	3.567129E-19
7.581362E+03	9.650683E-18	3.566556E-19
7.581562E+03	9.642331E-18	3.563401E-19
7.581762E+03	9.621749E-18	3.555726E-19
7.581962E+03	9.611648E-18	3.551924E-19
7.582162E+03	9.622512E-18	3.555871E-19
7.582362E+03	9.639492E-18	3.562076E-19
7.582562E+03	9.656474E-18	3.568283E-19
7.582762E+03	9.666467E-18	3.571907E-19
7.582962E+03	9.658114E-18	3.568751E-19
7.583162E+03	9.655875E-18	3.567855E-19
7.583362E+03	9.661501E-18	3.569864E-19
7.583562E+03	9.664505E-18	3.570905E-19
7.583762E+03	9.659645E-18	3.569041E-19
7.583962E+03	9.654785E-18	3.567176E-19
7.584162E+03	9.658663E-18	3.568539E-19
7.584362E+03	9.672155E-18	3.573455E-19
7.584562E+03	9.679530E-18	3.576110E-19
7.584762E+03	9.673795E-18	3.573922E-19
7.584962E+03	9.665438E-18	3.570766E-19
7.585162E+03	9.661451E-18	3.569224E-19
7.585362E+03	9.660959E-18	3.568973E-19
7.585562E+03	9.671832E-18	3.572920E-19
7.585763E+03	9.677462E-18	3.574930E-19
7.585963E+03	9.678719E-18	3.575325E-19
7.586163E+03	9.688720E-18	3.578950E-19
7.586563E+03	9.695608E-18	3.581355E-19
7.586763E+03	9.698615E-18	3.582396E-19
7.586963E+03	9.711240E-18	3.586990E-19
7.587163E+03	9.715123E-18	3.588354E-19
7.587363E+03	9.709386E-18	3.586165E-19
7.587563E+03	9.702775E-18	3.583654E-19
7.587763E+03	9.706657E-18	3.585018E-19
7.587963E+03	9.712288E-18	3.587028E-19
7.588163E+03	9.704801E-18	3.584193E-19
7.588363E+03	9.710434E-18	3.586203E-19
7.588563E+03	9.723939E-18	3.591121E-19
7.588763E+03	9.726948E-18	3.592162E-19
7.588963E+03	9.723833E-18	3.590942E-19
7.589163E+03	9.713720E-18	3.587137E-19
7.589363E+03	9.713230E-18	3.586886E-19
7.589562E+03	9.710989E-18	3.585989E-19
7.589762E+03	9.705249E-18	3.583799E-19
7.590163E+03	9.711267E-18	3.585881E-19
7.590362E+03	9.718651E-18	3.588538E-19
7.590562E+03	9.719035E-18	3.588609E-19
7.590763E+03	9.710671E-18	3.585451E-19
7.590963E+03	9.706679E-18	3.583907E-19
7.591163E+03	9.704438E-18	3.583009E-19
7.591363E+03	9.696945E-18	3.580173E-19
7.591563E+03	9.699954E-18	3.581213E-19
7.591763E+03	9.708214E-18	3.584193E-19
7.591963E+03	9.707723E-18	3.583941E-19
7.592163E+03	9.711608E-18	3.585305E-19
7.592363E+03	9.705865E-18	3.583115E-19
7.592563E+03	9.701872E-18	3.581570E-19
7.592763E+03	9.707507E-18	3.583581E-19
7.592963E+03	9.708767E-18	3.583975E-19
7.593163E+03	9.706523E-18	3.583077E-19
7.593363E+03	9.707782E-18	3.583471E-19
7.593563E+03	9.710792E-18	3.584512E-19
7.593763E+03	9.716430E-18	3.586523E-19
7.593963E+03	9.717689E-18	3.586917E-19
7.594163E+03	9.717198E-18	3.586665E-19
7.594363E+03	9.721084E-18	3.588029E-19
7.594563E+03	9.722344E-18	3.588423E-19
7.594763E+03	9.727107E-18	3.590111E-19
7.595163E+03	9.734006E-18	3.592516E-19
7.595363E+03	9.737894E-18	3.593880E-19
7.595564E+03	9.735652E-18	3.592981E-19
7.595764E+03	9.732533E-18	3.591759E-19
7.595964E+03	9.731165E-18	3.591184E-19
7.596164E+03	9.721038E-18	3.587376E-19
7.596364E+03	9.707404E-18	3.582274E-19
7.596564E+03	9.703408E-18	3.580729E-19
7.596764E+03	9.698534E-18	3.578860E-19
7.596964E+03	9.701545E-18	3.579900E-19
7.597164E+03	9.709814E-18	3.582881E-19
7.597364E+03	9.706692E-18	3.581658E-19
7.597564E+03	9.713208E-18	3.583992E-19
7.597764E+03	9.723231E-18	3.587619E-19
7.597964E+03	9.720985E-18	3.586720E-19
7.598164E+03	9.707347E-18	3.581617E-19
7.598364E+03	9.691079E-18	3.575544E-19
7.598564E+03	9.689708E-18	3.574967E-19
7.598764E+03	9.701484E-18	3.579242E-19
7.598964E+03	9.706250E-18	3.580929E-19
7.599164E+03	9.701373E-18	3.579059E-19
7.599364E+03	9.700002E-18	3.578482E-19
7.599564E+03	9.698632E-18	3.577906E-19
7.600164E+03	9.696273E-18	3.576823E-19
7.600364E+03	9.697532E-18	3.577217E-19
7.600565E+03	9.706684E-18	3.580521E-19
7.600965E+03	9.706572E-18	3.580338E-19
7.601365E+03	9.691552E-18	3.574656E-19
7.601565E+03	9.678781E-18	3.569875E-19
7.601765E+03	9.672146E-18	3.567357E-19
7.601965E+03	9.675158E-18	3.568397E-19
7.602164E+03	9.684310E-18	3.571701E-19
7.602364E+03	9.687323E-18	3.572742E-19
7.602964E+03	9.688467E-18	3.572951E-19
7.603164E+03	9.692357E-18	3.574314E-19
7.603364E+03	9.697126E-18	3.576002E-19
7.603564E+03	9.687857E-18	3.572513E-19
7.603764E+03	9.675956E-18	3.568053E-19
7.603964E+03	9.674583E-18	3.567475E-19
7.604364E+03	9.682363E-18	3.570202E-19
7.604564E+03	9.693275E-18	3.574154E-19
7.604764E+03	9.698043E-18	3.575841E-19
7.604964E+03	9.706323E-18	3.578823E-19
7.605164E+03	9.720746E-18	3.584070E-19
7.605364E+03	9.728149E-18	3.586727E-19
7.605765E+03	9.733305E-18	3.588485E-19
7.605965E+03	9.738955E-18	3.590496E-19
7.606165E+03	9.743726E-18	3.592184E-19
7.606365E+03	9.745865E-18	3.592900E-19
7.606565E+03	9.745370E-18	3.592646E-19
7.606765E+03	9.742243E-18	3.591421E-19
7.606965E+03	9.747893E-18	3.593432E-19
7.607165E+03	9.758812E-18	3.597386E-19
7.607565E+03	9.765725E-18	3.599790E-19
7.607765E+03	9.768743E-18	3.600831E-19
7.607965E+03	9.762103E-18	3.598311E-19
7.608165E+03	9.757218E-18	3.596439E-19
7.608765E+03	9.763638E-18	3.598589E-19
7.608965E+03	9.769290E-18	3.600600E-19
7.609165E+03	9.771432E-18	3.601317E-19
7.609365E+03	9.769180E-18	3.600415E-19
7.609565E+03	9.760782E-18	3.597247E-19
7.609765E+03	9.758530E-18	3.596345E-19
7.609965E+03	9.760670E-18	3.597062E-19
7.610165E+03	9.766324E-18	3.599074E-19
7.610366E+03	9.771102E-18	3.600761E-19
7.610566E+03	9.777635E-18	3.603097E-19
7.610766E+03	9.782412E-18	3.604785E-19
7.611166E+03	9.784059E-18	3.605247E-19
7.611366E+03	9.780050E-18	3.603697E-19
7.611566E+03	9.771648E-18	3.600529E-19
7.611766E+03	9.763244E-18	3.597360E-19
7.611966E+03	9.766264E-18	3.598400E-19
7.612166E+03	9.756981E-18	3.594908E-19
7.612366E+03	9.745939E-18	3.590767E-19
7.612566E+03	9.741927E-18	3.589217E-19
7.612766E+03	9.734400E-18	3.586371E-19
7.612966E+03	9.733904E-18	3.586116E-19
7.613166E+03	9.734285E-18	3.586185E-19
7.613366E+03	9.736425E-18	3.586901E-19
7.613566E+03	9.736808E-18	3.586970E-19
7.613766E+03	9.738069E-18	3.587362E-19
7.613966E+03	9.737572E-18	3.587106E-19
7.614365E+03	9.731302E-18	3.584653E-19
7.614565E+03	9.729926E-18	3.584073E-19
7.614766E+03	9.737342E-18	3.586732E-19
7.614966E+03	9.743878E-18	3.589068E-19
7.615166E+03	9.740744E-18	3.587840E-19
7.615367E+03	9.742886E-18	3.588557E-19
7.615566E+03	9.747665E-18	3.590245E-19
7.615766E+03	9.750685E-18	3.591284E-19
7.615966E+03	9.744032E-18	3.588762E-19
7.616166E+03	9.731222E-18	3.583971E-19
7.616366E+03	9.721929E-18	3.580476E-19
7.616566E+03	9.716154E-18	3.578277E-19
7.616766E+03	9.707739E-18	3.575106E-19
7.616966E+03	9.701962E-18	3.572906E-19
7.617166E+03	9.706740E-18	3.574593E-19
7.617366E+03	9.707121E-18	3.574661E-19
7.617566E+03	9.699584E-18	3.571813E-19
7.617766E+03	9.704363E-18	3.573501E-19
7.617966E+03	9.699464E-18	3.571625E-19
7.618166E+03	9.673451E-18	3.561974E-19
7.618366E+03	9.656233E-18	3.555561E-19
7.618566E+03	9.650452E-18	3.553361E-19
7.618766E+03	9.642031E-18	3.550188E-19
7.618966E+03	9.638009E-18	3.548635E-19
7.619166E+03	9.634867E-18	3.547407E-19
7.619366E+03	9.632603E-18	3.546501E-19
7.619566E+03	9.631220E-18	3.545920E-19
7.619766E+03	9.621037E-18	3.542099E-19
7.619966E+03	9.615253E-18	3.539898E-19
7.620167E+03	9.615631E-18	3.539965E-19
7.620367E+03	9.615127E-18	3.539707E-19
7.620567E+03	9.615504E-18	3.539774E-19
7.620767E+03	9.606198E-18	3.536276E-19
7.620967E+03	9.590728E-18	3.530510E-19
7.621167E+03	9.585821E-18	3.528632E-19
7.621367E+03	9.579154E-18	3.526106E-19
7.621567E+03	9.584811E-18	3.528117E-19
7.621767E+03	9.593991E-18	3.531424E-19
7.621967E+03	9.585561E-18	3.528249E-19
7.622167E+03	9.583295E-18	3.527343E-19
7.622367E+03	9.599519E-18	3.533243E-19
7.622567E+03	9.616625E-18	3.539467E-19
7.622767E+03	9.631091E-18	3.544719E-19
7.622967E+03	9.637632E-18	3.547054E-19
7.623167E+03	9.647696E-18	3.550686E-19
7.623367E+03	9.657761E-18	3.554318E-19
7.623567E+03	9.660781E-18	3.555357E-19
7.623767E+03	9.660279E-18	3.555100E-19
7.623967E+03	9.667702E-18	3.557759E-19
7.624167E+03	9.679531E-18	3.562039E-19
7.624367E+03	9.690480E-18	3.565996E-19
7.624567E+03	9.714643E-18	3.574815E-19
7.624767E+03	9.737047E-18	3.582986E-19
7.625168E+03	9.745739E-18	3.586038E-19
7.625368E+03	9.754049E-18	3.589022E-19
7.625568E+03	9.766765E-18	3.593628E-19
7.625768E+03	9.776839E-18	3.597261E-19
7.625968E+03	9.767529E-18	3.593762E-19
7.626168E+03	9.759098E-18	3.590587E-19
7.626368E+03	9.762123E-18	3.591626E-19
7.626568E+03	9.758098E-18	3.590072E-19
7.626768E+03	9.749666E-18	3.586896E-19
7.626967E+03	9.765911E-18	3.592800E-19
7.627167E+03	9.789207E-18	3.601296E-19
7.627368E+03	9.792234E-18	3.602336E-19
7.627568E+03	9.786446E-18	3.600133E-19
7.627767E+03	9.778013E-18	3.596958E-19
7.627967E+03	9.773107E-18	3.595079E-19
7.628167E+03	9.764673E-18	3.591903E-19
7.628367E+03	9.761528E-18	3.590673E-19
7.628567E+03	9.768961E-18	3.593334E-19
7.628767E+03	9.768461E-18	3.593076E-19
7.629367E+03	9.765196E-18	3.591654E-19
7.629767E+03	9.760667E-18	3.589841E-19
7.629967E+03	9.745175E-18	3.584070E-19
7.630568E+03	9.751608E-18	3.586215E-19
7.630768E+03	9.764336E-18	3.590822E-19
7.630968E+03	9.770009E-18	3.592834E-19
7.631168E+03	9.777447E-18	3.595496E-19
7.631368E+03	9.787531E-18	3.599130E-19
7.631568E+03	9.794088E-18	3.601467E-19
7.631768E+03	9.796233E-18	3.602182E-19
7.632368E+03	9.802672E-18	3.604327E-19
7.632568E+03	9.813642E-18	3.608286E-19
7.632768E+03	9.823729E-18	3.611921E-19
7.632968E+03	9.835583E-18	3.616205E-19
7.633168E+03	9.835084E-18	3.615947E-19
7.633368E+03	9.831055E-18	3.614392E-19
7.633568E+03	9.842910E-18	3.618676E-19
7.633768E+03	9.851236E-18	3.621662E-19
7.633968E+03	9.852502E-18	3.622052E-19
7.634168E+03	9.850239E-18	3.621146E-19
7.634368E+03	9.844444E-18	3.618941E-19
7.634568E+03	9.835118E-18	3.615438E-19
7.634768E+03	9.839032E-18	3.616803E-19
7.634969E+03	9.849126E-18	3.620438E-19
7.635169E+03	9.862751E-18	3.625372E-19
7.635369E+03	9.865783E-18	3.626412E-19
7.635569E+03	9.855574E-18	3.622584E-19
7.635769E+03	9.854191E-18	3.622001E-19
7.635969E+03	9.857224E-18	3.623041E-19
7.636169E+03	9.864671E-18	3.625703E-19
7.636369E+03	9.872118E-18	3.628366E-19
7.636569E+03	9.868087E-18	3.626809E-19
7.636769E+03	9.858758E-18	3.623306E-19
7.636969E+03	9.850311E-18	3.620127E-19
7.637169E+03	9.855993E-18	3.622140E-19
7.637369E+03	9.859026E-18	3.623180E-19
7.637569E+03	9.862942E-18	3.624544E-19
7.637769E+03	9.865975E-18	3.625584E-19
7.637969E+03	9.860176E-18	3.623378E-19
7.638169E+03	9.857910E-18	3.622470E-19
7.638369E+03	9.869776E-18	3.626755E-19
7.638569E+03	9.881643E-18	3.631041E-19
7.638769E+03	9.879377E-18	3.630133E-19
7.638969E+03	9.871811E-18	3.627278E-19
7.639169E+03	9.873961E-18	3.627993E-19
7.639369E+03	9.888480E-18	3.633253E-19
7.639569E+03	9.903884E-18	3.638837E-19
7.639769E+03	9.906036E-18	3.639552E-19
7.639970E+03	9.904655E-18	3.638969E-19
7.640169E+03	9.909458E-18	3.640659E-19
7.640369E+03	9.916913E-18	3.643322E-19
7.640569E+03	9.920832E-18	3.644687E-19
7.640770E+03	9.922985E-18	3.645402E-19
7.640969E+03	9.926022E-18	3.646442E-19
7.641169E+03	9.933477E-18	3.649105E-19
7.641369E+03	9.933864E-18	3.649171E-19
7.641569E+03	9.934249E-18	3.649237E-19
7.641769E+03	9.942589E-18	3.652225E-19
7.641969E+03	9.951815E-18	3.655538E-19
7.642169E+03	9.956620E-18	3.657228E-19
7.642369E+03	9.971151E-18	3.662489E-19
7.642569E+03	9.977726E-18	3.664828E-19
7.642769E+03	9.977229E-18	3.664569E-19
7.642969E+03	9.966124E-18	3.660414E-19
7.643169E+03	9.954133E-18	3.655934E-19
7.643369E+03	9.949215E-18	3.654052E-19
7.643569E+03	9.952254E-18	3.655092E-19
7.643769E+03	9.960598E-18	3.658081E-19
7.643969E+03	9.974247E-18	3.663017E-19
7.644169E+03	9.990551E-18	3.668929E-19
7.644369E+03	1.000067E-17	3.672567E-19
7.644569E+03	1.001255E-17	3.676855E-19
7.644770E+03	1.001825E-17	3.678870E-19
7.644970E+03	1.001333E-17	3.676987E-19
7.645170E+03	1.000930E-17	3.675430E-19
7.645370E+03	1.001411E-17	3.677120E-19
7.645570E+03	1.001715E-17	3.678160E-19
7.645770E+03	1.001488E-17	3.677252E-19
7.645970E+03	1.001793E-17	3.678292E-19
7.646170E+03	1.002097E-17	3.679333E-19
7.646370E+03	1.002489E-17	3.680698E-19
7.646570E+03	1.003148E-17	3.683037E-19
7.646770E+03	1.003009E-17	3.682454E-19
7.646970E+03	1.001721E-17	3.677648E-19
7.647170E+03	1.001052E-17	3.675115E-19
7.647370E+03	1.001268E-17	3.675830E-19
7.647570E+03	1.001307E-17	3.675896E-19
7.647770E+03	1.000903E-17	3.674338E-19
7.647970E+03	1.000942E-17	3.674403E-19
7.648170E+03	1.000981E-17	3.674469E-19
7.648370E+03	1.001639E-17	3.676809E-19
7.648570E+03	1.002032E-17	3.678174E-19
7.648770E+03	1.002779E-17	3.680839E-19
7.648970E+03	1.003526E-17	3.683503E-19
7.649170E+03	1.003033E-17	3.681620E-19
7.649370E+03	1.002010E-17	3.677787E-19
7.649570E+03	1.002049E-17	3.677852E-19
7.649771E+03	1.002530E-17	3.679543E-19
7.649971E+03	1.002127E-17	3.677984E-19
7.650171E+03	1.001723E-17	3.676425E-19
7.650371E+03	1.001673E-17	3.676165E-19
7.650571E+03	1.001535E-17	3.675581E-19
7.650771E+03	1.001308E-17	3.674671E-19
7.651171E+03	1.001120E-17	3.673828E-19
7.651371E+03	1.000804E-17	3.672593E-19
7.651571E+03	1.000489E-17	3.671358E-19
7.651771E+03	1.000085E-17	3.669799E-19
7.651971E+03	9.995918E-18	3.667914E-19
7.652171E+03	9.990991E-18	3.666029E-19
7.652370E+03	9.984291E-18	3.663495E-19
7.652570E+03	9.975821E-18	3.660310E-19
7.652770E+03	9.966463E-18	3.656800E-19
7.652971E+03	9.965963E-18	3.656540E-19
7.653171E+03	9.969892E-18	3.657905E-19
7.653370E+03	9.973820E-18	3.659270E-19
7.653570E+03	9.971548E-18	3.658359E-19
7.653770E+03	9.976363E-18	3.660049E-19
7.653970E+03	9.988266E-18	3.664339E-19
7.654170E+03	1.000017E-17	3.668629E-19
7.654370E+03	1.000410E-17	3.669995E-19
7.654571E+03	1.000449E-17	3.670060E-19
7.654771E+03	1.001462E-17	3.673700E-19
7.655171E+03	1.002780E-17	3.678381E-19
7.655371E+03	1.003705E-17	3.681696E-19
7.655571E+03	1.004542E-17	3.684687E-19
7.655771E+03	1.005112E-17	3.686703E-19
7.655971E+03	1.005151E-17	3.686768E-19
7.656171E+03	1.006785E-17	3.692684E-19
7.656371E+03	1.008331E-17	3.698276E-19
7.656571E+03	1.008724E-17	3.699641E-19
7.656771E+03	1.009472E-17	3.702307E-19
7.656971E+03	1.010575E-17	3.706274E-19
7.657171E+03	1.010614E-17	3.706339E-19
7.657371E+03	1.010387E-17	3.705429E-19
7.657571E+03	1.010072E-17	3.704193E-19
7.657771E+03	1.009578E-17	3.702307E-19
7.657971E+03	1.009529E-17	3.702048E-19
7.658171E+03	1.010366E-17	3.705039E-19
7.658371E+03	1.011735E-17	3.709982E-19
7.658571E+03	1.011951E-17	3.710697E-19
7.658771E+03	1.011192E-17	3.707835E-19
7.658971E+03	1.011675E-17	3.709527E-19
7.659171E+03	1.012334E-17	3.711866E-19
7.659371E+03	1.012018E-17	3.710630E-19
7.659572E+03	1.011880E-17	3.710046E-19
7.659772E+03	1.011387E-17	3.708160E-19
7.659972E+03	1.010628E-17	3.705299E-19
7.660172E+03	1.010490E-17	3.704713E-19
7.660372E+03	1.009908E-17	3.702502E-19
7.660572E+03	1.009947E-17	3.702566E-19
7.660772E+03	1.009631E-17	3.701330E-19
7.660972E+03	1.008871E-17	3.698468E-19
7.661172E+03	1.008111E-17	3.695605E-19
7.661372E+03	1.008062E-17	3.695345E-19
7.661572E+03	1.008455E-17	3.696710E-19
7.661772E+03	1.008583E-17	3.697100E-19
7.661972E+03	1.008533E-17	3.696839E-19
7.662172E+03	1.008572E-17	3.696904E-19
7.662372E+03	1.008522E-17	3.696643E-19
7.662572E+03	1.008383E-17	3.696057E-19
7.662772E+03	1.008333E-17	3.695796E-19
7.662972E+03	1.007662E-17	3.693258E-19
7.663172E+03	1.007257E-17	3.691696E-19
7.663372E+03	1.007030E-17	3.690784E-19
7.663572E+03	1.006536E-17	3.688896E-19
7.663772E+03	1.006131E-17	3.687334E-19
7.663972E+03	1.005637E-17	3.685446E-19
7.664172E+03	1.006031E-17	3.686812E-19
7.664372E+03	1.005626E-17	3.685249E-19
7.664573E+03	1.004511E-17	3.681084E-19
7.664773E+03	1.004815E-17	3.682124E-19
7.664972E+03	1.005032E-17	3.682839E-19
7.665172E+03	1.004626E-17	3.681276E-19
7.665373E+03	1.003777E-17	3.678086E-19
7.665573E+03	1.002484E-17	3.673270E-19
7.665773E+03	1.001901E-17	3.671056E-19
7.665972E+03	1.001851E-17	3.670795E-19
7.666172E+03	1.001356E-17	3.668906E-19
7.666372E+03	1.000063E-17	3.664089E-19
7.666572E+03	9.993906E-18	3.661549E-19
7.666772E+03	9.992514E-18	3.660962E-19
7.666972E+03	9.995563E-18	3.662001E-19
7.667172E+03	9.995947E-18	3.662064E-19
7.667372E+03	9.995442E-18	3.661802E-19
7.667572E+03	9.997603E-18	3.662516E-19
7.667772E+03	9.997987E-18	3.662580E-19
7.667972E+03	9.993930E-18	3.661016E-19
7.668172E+03	9.985431E-18	3.657825E-19
7.668372E+03	9.980484E-18	3.655935E-19
7.668572E+03	9.978202E-18	3.655022E-19
7.668772E+03	9.975030E-18	3.653783E-19
7.668972E+03	9.975414E-18	3.653846E-19
7.669172E+03	9.976686E-18	3.654235E-19
7.669373E+03	9.980625E-18	3.655600E-19
7.669573E+03	9.981897E-18	3.655988E-19
7.669773E+03	9.976060E-18	3.653773E-19
7.669973E+03	9.968445E-18	3.650907E-19
7.670173E+03	9.966160E-18	3.649993E-19
7.670373E+03	9.948768E-18	3.643546E-19
7.670573E+03	9.939373E-18	3.640028E-19
7.670773E+03	9.936200E-18	3.638789E-19
7.670973E+03	9.941025E-18	3.640479E-19
7.671173E+03	9.951184E-18	3.644122E-19
7.671373E+03	9.949788E-18	3.643533E-19
7.671573E+03	9.943058E-18	3.640991E-19
7.671773E+03	9.946996E-18	3.642356E-19
7.671973E+03	9.950044E-18	3.643395E-19
7.672173E+03	9.947759E-18	3.642481E-19
7.672373E+03	9.941028E-18	3.639939E-19
7.672573E+03	9.935185E-18	3.637723E-19
7.672773E+03	9.916894E-18	3.630949E-19
7.672973E+03	9.895933E-18	3.623197E-19
7.673173E+03	9.884752E-18	3.619027E-19
7.673373E+03	9.886020E-18	3.619414E-19
7.673573E+03	9.890845E-18	3.621104E-19
7.673773E+03	9.892114E-18	3.621492E-19
7.673973E+03	9.881820E-18	3.617646E-19
7.674173E+03	9.863521E-18	3.610870E-19
7.674374E+03	9.847892E-18	3.605072E-19
7.674574E+03	9.831370E-18	3.598947E-19
7.674774E+03	9.818403E-18	3.594124E-19
7.674974E+03	9.810774E-18	3.591255E-19
7.675174E+03	9.804923E-18	3.589037E-19
7.675374E+03	9.796402E-18	3.585842E-19
7.675574E+03	9.784322E-18	3.581344E-19
7.675774E+03	9.770462E-18	3.576195E-19
7.675974E+03	9.759269E-18	3.572022E-19
7.676174E+03	9.747186E-18	3.567524E-19
7.676374E+03	9.736882E-18	3.563677E-19
7.676574E+03	9.732806E-18	3.562109E-19
7.676774E+03	9.728730E-18	3.560541E-19
7.676974E+03	9.723762E-18	3.558648E-19
7.677174E+03	9.725915E-18	3.559360E-19
7.677374E+03	9.720947E-18	3.557466E-19
7.677574E+03	9.710639E-18	3.553618E-19
7.677774E+03	9.704781E-18	3.551399E-19
7.677974E+03	9.707822E-18	3.552436E-19
7.678173E+03	9.709083E-18	3.552823E-19
7.678373E+03	9.696103E-18	3.547997E-19
7.678574E+03	9.686683E-18	3.544474E-19
7.678773E+03	9.683492E-18	3.543232E-19
7.678973E+03	9.678521E-18	3.541338E-19
7.679174E+03	9.682454E-18	3.542701E-19
7.679374E+03	9.681044E-18	3.542109E-19
7.679574E+03	9.668949E-18	3.537609E-19
7.679774E+03	9.670209E-18	3.537995E-19
7.679974E+03	9.664346E-18	3.535774E-19
7.680174E+03	9.658482E-18	3.533553E-19
7.680374E+03	9.656180E-18	3.532636E-19
7.680574E+03	9.651206E-18	3.530741E-19
7.680774E+03	9.643560E-18	3.527869E-19
7.680974E+03	9.636805E-18	3.525322E-19
7.681174E+03	9.636282E-18	3.525056E-19
7.681374E+03	9.632196E-18	3.523486E-19
7.681574E+03	9.634346E-18	3.524198E-19
7.681774E+03	9.641840E-18	3.526864E-19
7.681974E+03	9.643989E-18	3.527575E-19
7.682174E+03	9.644358E-18	3.527634E-19
7.682374E+03	9.649180E-18	3.529323E-19
7.682574E+03	9.651330E-18	3.530034E-19
7.682774E+03	9.641898E-18	3.526509E-19
7.682974E+03	9.634249E-18	3.523636E-19
7.683174E+03	9.623925E-18	3.519786E-19
7.683374E+03	9.613601E-18	3.515935E-19
7.683574E+03	9.600603E-18	3.511106E-19
7.683774E+03	9.593840E-18	3.508558E-19
7.683974E+03	9.597771E-18	3.509920E-19
7.684175E+03	9.608833E-18	3.513891E-19
7.684375E+03	9.615437E-18	3.516231E-19
7.684575E+03	9.610457E-18	3.514334E-19
7.684775E+03	9.604585E-18	3.512112E-19
7.684975E+03	9.604060E-18	3.511845E-19
7.685175E+03	9.592840E-18	3.507668E-19
7.685375E+03	9.586967E-18	3.505445E-19
7.685575E+03	9.592680E-18	3.507459E-19
7.685775E+03	9.598394E-18	3.509474E-19
7.685975E+03	9.610349E-18	3.513770E-19
7.686175E+03	9.614281E-18	3.515132E-19
7.686375E+03	9.608407E-18	3.512910E-19
7.686575E+03	9.598966E-18	3.509383E-19
7.686775E+03	9.590416E-18	3.506182E-19
7.686975E+03	9.582758E-18	3.503308E-19
7.687175E+03	9.576881E-18	3.501085E-19
7.687375E+03	9.571005E-18	3.498862E-19
7.687575E+03	9.567803E-18	3.497616E-19
7.687775E+03	9.566384E-18	3.497023E-19
7.687975E+03	9.564965E-18	3.496429E-19
7.688175E+03	9.565329E-18	3.496488E-19
7.688375E+03	9.567477E-18	3.497198E-19
7.688575E+03	9.570517E-18	3.498235E-19
7.688775E+03	9.574448E-18	3.499597E-19
7.688976E+03	9.573031E-18	3.499004E-19
7.689176E+03	9.580531E-18	3.501670E-19
7.689376E+03	9.582680E-18	3.502381E-19
7.689576E+03	9.569664E-18	3.497548E-19
7.689776E+03	9.549511E-18	3.490108E-19
7.689976E+03	9.543630E-18	3.487884E-19
7.690176E+03	9.538640E-18	3.485986E-19
7.690376E+03	9.530974E-18	3.483110E-19
7.690575E+03	9.534013E-18	3.484146E-19
7.690775E+03	9.545082E-18	3.488117E-19
7.690975E+03	9.553476E-18	3.491110E-19
7.691176E+03	9.552947E-18	3.490841E-19
7.691376E+03	9.549740E-18	3.489595E-19
7.691575E+03	9.553673E-18	3.490958E-19
7.691775E+03	9.555821E-18	3.491668E-19
7.691975E+03	9.557077E-18	3.492052E-19
7.692175E+03	9.561903E-18	3.493740E-19
7.692375E+03	9.570299E-18	3.496733E-19
7.692575E+03	9.577803E-18	3.499400E-19
7.692775E+03	9.574596E-18	3.498154E-19
7.692975E+03	9.582102E-18	3.500821E-19
7.693175E+03	9.589606E-18	3.503488E-19
7.693375E+03	9.594434E-18	3.505176E-19
7.693575E+03	9.607296E-18	3.509800E-19
7.693775E+03	9.621052E-18	3.514751E-19
7.693976E+03	9.634812E-18	3.519701E-19
7.694176E+03	9.653926E-18	3.526608E-19
7.694376E+03	9.664114E-18	3.530255E-19
7.694576E+03	9.664482E-18	3.530313E-19
7.694776E+03	9.664848E-18	3.530371E-19
7.694976E+03	9.670573E-18	3.532387E-19
7.695176E+03	9.680763E-18	3.536033E-19
7.695376E+03	9.696311E-18	3.541636E-19
7.695576E+03	9.711862E-18	3.547240E-19
7.695776E+03	9.731877E-18	3.554475E-19
7.695976E+03	9.742965E-18	3.558448E-19
7.696176E+03	9.748694E-18	3.560464E-19
7.696376E+03	9.757995E-18	3.563785E-19
7.696576E+03	9.762831E-18	3.565475E-19
7.696776E+03	9.773920E-18	3.569448E-19
7.696976E+03	9.789477E-18	3.575053E-19
7.697176E+03	9.777342E-18	3.570545E-19
7.697376E+03	9.775033E-18	3.569625E-19
7.697576E+03	9.787017E-18	3.573925E-19
7.697776E+03	9.807043E-18	3.581161E-19
7.697976E+03	9.814563E-18	3.583830E-19
7.698176E+03	9.818509E-18	3.585194E-19
7.698376E+03	9.826030E-18	3.587863E-19
7.698576E+03	9.824615E-18	3.587270E-19
7.698776E+03	9.822306E-18	3.586350E-19
7.698977E+03	9.823574E-18	3.586735E-19
7.699177E+03	9.825734E-18	3.587447E-19
7.699377E+03	9.827893E-18	3.588158E-19
7.699577E+03	9.824691E-18	3.586912E-19
7.699777E+03	9.822382E-18	3.585992E-19
7.699977E+03	9.820073E-18	3.585072E-19
7.700177E+03	9.818657E-18	3.584478E-19
7.700377E+03	9.817241E-18	3.583885E-19
7.700577E+03	9.816719E-18	3.583617E-19
7.700777E+03	9.830500E-18	3.588571E-19
7.700977E+03	9.855008E-18	3.597440E-19
7.701177E+03	9.858064E-18	3.598478E-19
7.701377E+03	9.855755E-18	3.597558E-19
7.701577E+03	9.844505E-18	3.593375E-19
7.701777E+03	9.820737E-18	3.584622E-19
7.701977E+03	9.807697E-18	3.579785E-19
7.702177E+03	9.820586E-18	3.584413E-19
7.702377E+03	9.817381E-18	3.583166E-19
7.702577E+03	9.807917E-18	3.579635E-19
7.702777E+03	9.793979E-18	3.574471E-19
7.702976E+03	9.776463E-18	3.568003E-19
7.703176E+03	9.762524E-18	3.562839E-19
7.703377E+03	9.745006E-18	3.556369E-19
7.703577E+03	9.738219E-18	3.553816E-19
7.703778E+03	9.736800E-18	3.553221E-19
7.703977E+03	9.724646E-18	3.548710E-19
7.704177E+03	9.706229E-18	3.541913E-19
7.704377E+03	9.694967E-18	3.537727E-19
7.704577E+03	9.694439E-18	3.537459E-19
7.704777E+03	9.689438E-18	3.535558E-19
7.704977E+03	9.680858E-18	3.532351E-19
7.705177E+03	9.691065E-18	3.536000E-19
7.705377E+03	9.690536E-18	3.535731E-19
7.705577E+03	9.689113E-18	3.535136E-19
7.705777E+03	9.685900E-18	3.533887E-19
7.705977E+03	9.686265E-18	3.533945E-19
7.706177E+03	9.683947E-18	3.533023E-19
7.706377E+03	9.678943E-18	3.531122E-19
7.706577E+03	9.673045E-18	3.528894E-19
7.706777E+03	9.667145E-18	3.526666E-19
7.706977E+03	9.663035E-18	3.525091E-19
7.707177E+03	9.664295E-18	3.525474E-19
7.707377E+03	9.659289E-18	3.523573E-19
7.707577E+03	9.652494E-18	3.521018E-19
7.707777E+03	9.648382E-18	3.519443E-19
7.707977E+03	9.638901E-18	3.515908E-19
7.708177E+03	9.632103E-18	3.513353E-19
7.708377E+03	9.642313E-18	3.517002E-19
7.708577E+03	9.656105E-18	3.521957E-19
7.708778E+03	9.669901E-18	3.526912E-19
7.708978E+03	9.669371E-18	3.526643E-19
7.709178E+03	9.678689E-18	3.529966E-19
7.709378E+03	9.679054E-18	3.530023E-19
7.709578E+03	9.656137E-18	3.521590E-19
7.709778E+03	9.649338E-18	3.519034E-19
7.709978E+03	9.645225E-18	3.517458E-19
7.710178E+03	9.643797E-18	3.516862E-19
7.710378E+03	9.641474E-18	3.515939E-19
7.710578E+03	9.633777E-18	3.513057E-19
7.710778E+03	9.626976E-18	3.510501E-19
7.710978E+03	9.621964E-18	3.508598E-19
7.711178E+03	9.625909E-18	3.509961E-19
7.711378E+03	9.633438E-18	3.512631E-19
7.711578E+03	9.639175E-18	3.514647E-19
7.711778E+03	9.645809E-18	3.516990E-19
7.711978E+03	9.657818E-18	3.521294E-19
7.712178E+03	9.673411E-18	3.526903E-19
7.712378E+03	9.685422E-18	3.531206E-19
7.712578E+03	9.675932E-18	3.527670E-19
7.712778E+03	9.653001E-18	3.519234E-19
7.713178E+03	9.632223E-18	3.511508E-19
7.713378E+03	9.625417E-18	3.508951E-19
7.713579E+03	9.630262E-18	3.510642E-19
7.714179E+03	9.634037E-18	3.511791E-19
7.714379E+03	9.634400E-18	3.511848E-19
7.714579E+03	9.645518E-18	3.515825E-19
7.714779E+03	9.651258E-18	3.517841E-19
7.714979E+03	9.636384E-18	3.512344E-19
7.715179E+03	9.629575E-18	3.509787E-19
7.715379E+03	9.628144E-18	3.509190E-19
7.715578E+03	9.631196E-18	3.510227E-19
7.715779E+03	9.636937E-18	3.512244E-19
7.715979E+03	9.633713E-18	3.510993E-19
7.716178E+03	9.633178E-18	3.510723E-19
7.716378E+03	9.629955E-18	3.509473E-19
7.716778E+03	9.627091E-18	3.508278E-19
7.716978E+03	9.640006E-18	3.512909E-19
7.717578E+03	9.659029E-18	3.519613E-19
7.717778E+03	9.668359E-18	3.522937E-19
7.717978E+03	9.672309E-18	3.524301E-19
7.718779E+03	9.666588E-18	3.521913E-19
7.718979E+03	9.657981E-18	3.518701E-19
7.719779E+03	9.653151E-18	3.516638E-19
7.719979E+03	9.657999E-18	3.518329E-19
7.720179E+03	9.661951E-18	3.519693E-19
7.720379E+03	9.656929E-18	3.517788E-19
7.720579E+03	9.649216E-18	3.514902E-19
7.720779E+03	9.643297E-18	3.512670E-19
7.720979E+03	9.640069E-18	3.511419E-19
7.721179E+03	9.648507E-18	3.514417E-19
7.721379E+03	9.656048E-18	3.517088E-19
7.721579E+03	9.653717E-18	3.516163E-19
7.721779E+03	9.638823E-18	3.510662E-19
7.721979E+03	9.625721E-18	3.505815E-19
7.722179E+03	9.628775E-18	3.506852E-19
7.722379E+03	9.635419E-18	3.509196E-19
7.722579E+03	9.624111E-18	3.505002E-19
7.722779E+03	9.599337E-18	3.495905E-19
7.722979E+03	9.583539E-18	3.490076E-19
7.723179E+03	9.576716E-18	3.487516E-19
7.723380E+03	9.576179E-18	3.487245E-19
7.723580E+03	9.574742E-18	3.486647E-19
7.723780E+03	9.567020E-18	3.483760E-19
7.723980E+03	9.573664E-18	3.486104E-19
7.724180E+03	9.576716E-18	3.487140E-19
7.724380E+03	9.570789E-18	3.484907E-19
7.724580E+03	9.580127E-18	3.488232E-19
7.724780E+03	9.566118E-18	3.483056E-19
7.724980E+03	9.549414E-18	3.476899E-19
7.725180E+03	9.559649E-18	3.480551E-19
7.725380E+03	9.570784E-18	3.484530E-19
7.725580E+03	9.555874E-18	3.479027E-19
7.725780E+03	9.528389E-18	3.468946E-19
7.725980E+03	9.535033E-18	3.471290E-19
7.726180E+03	9.547964E-18	3.475922E-19
7.726380E+03	9.549220E-18	3.476305E-19
7.726580E+03	9.539696E-18	3.472763E-19
7.726780E+03	9.525679E-18	3.467586E-19
7.726980E+03	9.521544E-18	3.466005E-19
7.727180E+03	9.518306E-18	3.464752E-19
7.727380E+03	9.514171E-18	3.463172E-19
7.727580E+03	9.520815E-18	3.465516E-19
7.727780E+03	9.531054E-18	3.469168E-19
7.727980E+03	9.531410E-18	3.469223E-19
7.728180E+03	9.529071E-18	3.468297E-19
7.728381E+03	9.515051E-18	3.463119E-19
7.728581E+03	9.488448E-18	3.453363E-19
7.728780E+03	9.475322E-18	3.448512E-19
7.728980E+03	9.483765E-18	3.451510E-19
7.729181E+03	9.452665E-18	3.440117E-19
7.729380E+03	9.453916E-18	3.440499E-19
7.729580E+03	9.439888E-18	3.435319E-19
7.729780E+03	9.434848E-18	3.433411E-19
7.729980E+03	9.424414E-18	3.429540E-19
7.730180E+03	9.419373E-18	3.427632E-19
7.730380E+03	9.417027E-18	3.426705E-19
7.730580E+03	9.408389E-18	3.423488E-19
7.730780E+03	9.406043E-18	3.422561E-19
7.730980E+03	9.426172E-18	3.429811E-19
7.731180E+03	9.435514E-18	3.433136E-19
7.731380E+03	9.434968E-18	3.432864E-19
7.731580E+03	9.438017E-18	3.433899E-19
7.731780E+03	9.416789E-18	3.426102E-19
7.731980E+03	9.379374E-18	3.412416E-19
7.732180E+03	9.382422E-18	3.413451E-19
7.732380E+03	9.401656E-18	3.420375E-19
7.732580E+03	9.410101E-18	3.423374E-19
7.732780E+03	9.407754E-18	3.422446E-19
7.732980E+03	9.407205E-18	3.422173E-19
7.733180E+03	9.410253E-18	3.423208E-19
7.733381E+03	9.413304E-18	3.424244E-19
7.733581E+03	9.415454E-18	3.424952E-19
7.733781E+03	9.416704E-18	3.425333E-19
7.733981E+03	9.414357E-18	3.424405E-19
7.734181E+03	9.410209E-18	3.422823E-19
7.734381E+03	9.413258E-18	3.423859E-19
7.734581E+03	9.418107E-18	3.425548E-19
7.734781E+03	9.415759E-18	3.424621E-19
7.734981E+03	9.422408E-18	3.426965E-19
7.735181E+03	9.419159E-18	3.425710E-19
7.735381E+03	9.406014E-18	3.420855E-19
7.735581E+03	9.410862E-18	3.422545E-19
7.735781E+03	9.420211E-18	3.425871E-19
7.735981E+03	9.434959E-18	3.431161E-19
7.736181E+03	9.447009E-18	3.435469E-19
7.736381E+03	9.453660E-18	3.437814E-19
7.736581E+03	9.454012E-18	3.437868E-19
7.736781E+03	9.448064E-18	3.435631E-19
7.736981E+03	9.438515E-18	3.432085E-19
7.737181E+03	9.433465E-18	3.430174E-19
7.737381E+03	9.432016E-18	3.429574E-19
7.737581E+03	9.429667E-18	3.428646E-19
7.737781E+03	9.427316E-18	3.427717E-19
7.737981E+03	9.423167E-18	3.426135E-19
7.738182E+03	9.420817E-18	3.425207E-19
7.738382E+03	9.418467E-18	3.424278E-19
7.738582E+03	9.414315E-18	3.422695E-19
7.738782E+03	9.420068E-18	3.424713E-19
7.738982E+03	9.421318E-18	3.425094E-19
7.739182E+03	9.403660E-18	3.418601E-19
7.739382E+03	9.395906E-18	3.415708E-19
7.739582E+03	9.399856E-18	3.417071E-19
7.739782E+03	9.396604E-18	3.415815E-19
7.739982E+03	9.395151E-18	3.415214E-19
7.740182E+03	9.407208E-18	3.419523E-19
7.740382E+03	9.421966E-18	3.424814E-19
7.740582E+03	9.439428E-18	3.431087E-19
7.740782E+03	9.449686E-18	3.434742E-19
7.740981E+03	9.448235E-18	3.434141E-19
7.741181E+03	9.437777E-18	3.430266E-19
7.741382E+03	9.425517E-18	3.425736E-19
7.741582E+03	9.423164E-18	3.424807E-19
7.741782E+03	9.426217E-18	3.425843E-19
7.741981E+03	9.421161E-18	3.423932E-19
7.742181E+03	9.436825E-18	3.429551E-19
7.742381E+03	9.431769E-18	3.427640E-19
7.742581E+03	9.416804E-18	3.422128E-19
7.742781E+03	9.409944E-18	3.419562E-19
7.742981E+03	9.415700E-18	3.421580E-19
7.743182E+03	9.420556E-18	3.423271E-19
7.743382E+03	9.420905E-18	3.423324E-19
7.743582E+03	9.423056E-18	3.424032E-19
7.743782E+03	9.417999E-18	3.422121E-19
7.743982E+03	9.400324E-18	3.415625E-19
7.744182E+03	9.379043E-18	3.407819E-19
7.744382E+03	9.366773E-18	3.403288E-19
7.744582E+03	9.366219E-18	3.403013E-19
7.744782E+03	9.370171E-18	3.404376E-19
7.744982E+03	9.376828E-18	3.406721E-19
7.745182E+03	9.381682E-18	3.408411E-19
7.745382E+03	9.376621E-18	3.406500E-19
7.745582E+03	9.375165E-18	3.405898E-19
7.745782E+03	9.376414E-18	3.406278E-19
7.745982E+03	9.379465E-18	3.407313E-19
7.746182E+03	9.385222E-18	3.409331E-19
7.746382E+03	9.399093E-18	3.414297E-19
7.746582E+03	9.412965E-18	3.419262E-19
7.746782E+03	9.416921E-18	3.420626E-19
7.746982E+03	9.417269E-18	3.420679E-19
7.747182E+03	9.415813E-18	3.420077E-19
7.747382E+03	9.402635E-18	3.415217E-19
7.747582E+03	9.390359E-18	3.410684E-19
7.747782E+03	9.391608E-18	3.411065E-19
7.747983E+03	9.394662E-18	3.412100E-19
7.748183E+03	9.394108E-18	3.411826E-19
7.748383E+03	9.402573E-18	3.414827E-19
7.748583E+03	9.419155E-18	3.420776E-19
7.748783E+03	9.418601E-18	3.420501E-19
7.748983E+03	9.418048E-18	3.420227E-19
7.749183E+03	9.412983E-18	3.418314E-19
7.749383E+03	9.400702E-18	3.413781E-19
7.749583E+03	9.402854E-18	3.414489E-19
7.749783E+03	9.398690E-18	3.412904E-19
7.749983E+03	9.378287E-18	3.405422E-19
7.750183E+03	9.352469E-18	3.395974E-19
7.750383E+03	9.332964E-18	3.388819E-19
7.750583E+03	9.319775E-18	3.383957E-19
7.750783E+03	9.311095E-18	3.380733E-19
7.752383E+03	9.300306E-18	3.376236E-19
7.752583E+03	9.298845E-18	3.375633E-19
7.752783E+03	9.309117E-18	3.379289E-19
7.752984E+03	9.312170E-18	3.380325E-19
7.753184E+03	9.306194E-18	3.378083E-19
7.753384E+03	9.308343E-18	3.378791E-19
7.753583E+03	9.306881E-18	3.378188E-19
7.753783E+03	9.303612E-18	3.376929E-19
7.753984E+03	9.311178E-18	3.379602E-19
7.754184E+03	9.313328E-18	3.380310E-19
7.754383E+03	9.299224E-18	3.375119E-19
7.754583E+03	9.295052E-18	3.373533E-19
7.754783E+03	9.314357E-18	3.380467E-19
7.754983E+03	9.318312E-18	3.381830E-19
7.755183E+03	9.315946E-18	3.380899E-19
7.755383E+03	9.324417E-18	3.383900E-19
7.755583E+03	9.337405E-18	3.388541E-19
7.755783E+03	9.355811E-18	3.395148E-19
7.755983E+03	9.365188E-18	3.398478E-19
7.756183E+03	9.366436E-18	3.398858E-19
7.756383E+03	9.358651E-18	3.395960E-19
7.756583E+03	9.350866E-18	3.393063E-19
7.756783E+03	9.355727E-18	3.394754E-19
7.756983E+03	9.369622E-18	3.399723E-19
7.757183E+03	9.385324E-18	3.405347E-19
7.757383E+03	9.399221E-18	3.410316E-19
7.757583E+03	9.402277E-18	3.411352E-19
7.757784E+03	9.397203E-18	3.409438E-19
7.757984E+03	9.393935E-18	3.408179E-19
7.758184E+03	9.396991E-18	3.409215E-19
7.758384E+03	9.399144E-18	3.409923E-19
7.758584E+03	9.396778E-18	3.408992E-19
7.758784E+03	9.393510E-18	3.407733E-19
7.758984E+03	9.395662E-18	3.408441E-19
7.759184E+03	9.399623E-18	3.409805E-19
7.759384E+03	9.399968E-18	3.409857E-19
7.759584E+03	9.408448E-18	3.412860E-19
7.759784E+03	9.430485E-18	3.420781E-19
7.759984E+03	9.454332E-18	3.429357E-19
7.760784E+03	9.463857E-18	3.432519E-19
7.760984E+03	9.450644E-18	3.427653E-19
7.761584E+03	9.445356E-18	3.425516E-19
7.761784E+03	9.462882E-18	3.431798E-19
7.761984E+03	9.469559E-18	3.434146E-19
7.762184E+03	9.465385E-18	3.432559E-19
7.762384E+03	9.458498E-18	3.429988E-19
7.762584E+03	9.457036E-18	3.429385E-19
7.762785E+03	9.449247E-18	3.426487E-19
7.762985E+03	9.438741E-18	3.422604E-19
7.763185E+03	9.442705E-18	3.423968E-19
7.763385E+03	9.462044E-18	3.430907E-19
7.763585E+03	9.481384E-18	3.437846E-19
7.763785E+03	9.490777E-18	3.441179E-19
7.763985E+03	9.494743E-18	3.442543E-19
7.764185E+03	9.489664E-18	3.440628E-19
7.764385E+03	9.497248E-18	3.443304E-19
7.764585E+03	9.509357E-18	3.447621E-19
7.764785E+03	9.516942E-18	3.450297E-19
7.764985E+03	9.524528E-18	3.452973E-19
7.765185E+03	9.525782E-18	3.453354E-19
7.765385E+03	9.535179E-18	3.456687E-19
7.765585E+03	9.539147E-18	3.458052E-19
7.765785E+03	9.544020E-18	3.459745E-19
7.765985E+03	9.557037E-18	3.464389E-19
7.766185E+03	9.567341E-18	3.468051E-19
7.766385E+03	9.574026E-18	3.470400E-19
7.766584E+03	9.577091E-18	3.471437E-19
7.766784E+03	9.573822E-18	3.470178E-19
7.766984E+03	9.568742E-18	3.468263E-19
7.767185E+03	9.566378E-18	3.467331E-19
7.767384E+03	9.569443E-18	3.468369E-19
7.767585E+03	9.573415E-18	3.469734E-19
7.767785E+03	9.570145E-18	3.468475E-19
7.767985E+03	9.569590E-18	3.468200E-19
7.768185E+03	9.568128E-18	3.467596E-19
7.768385E+03	9.571195E-18	3.468633E-19
7.768585E+03	9.582407E-18	3.472623E-19
7.768785E+03	9.595432E-18	3.477269E-19
7.768985E+03	9.605742E-18	3.480931E-19
7.769185E+03	9.616958E-18	3.484921E-19
7.769385E+03	9.627269E-18	3.488583E-19
7.769585E+03	9.633959E-18	3.490933E-19
7.769785E+03	9.644271E-18	3.494595E-19
7.769985E+03	9.657301E-18	3.499242E-19
7.770185E+03	9.662181E-18	3.500936E-19
7.770385E+03	9.658912E-18	3.499677E-19
7.770585E+03	9.660170E-18	3.500058E-19
7.770785E+03	9.659617E-18	3.499783E-19
7.770985E+03	9.655442E-18	3.498196E-19
7.771185E+03	9.653983E-18	3.497593E-19
7.771385E+03	9.661582E-18	3.500271E-19
7.771585E+03	9.674615E-18	3.504919E-19
7.771785E+03	9.684027E-18	3.508253E-19
7.771985E+03	9.688003E-18	3.509619E-19
7.772185E+03	9.690169E-18	3.510329E-19
7.772385E+03	9.696864E-18	3.512680E-19
7.772586E+03	9.708997E-18	3.517000E-19
7.772786E+03	9.716598E-18	3.519678E-19
7.772986E+03	9.722389E-18	3.521701E-19
7.773186E+03	9.728180E-18	3.523724E-19
7.773386E+03	9.731252E-18	3.524762E-19
7.773586E+03	9.729795E-18	3.524159E-19
7.773786E+03	9.723807E-18	3.521915E-19
7.773986E+03	9.718724E-18	3.519999E-19
7.774186E+03	9.716359E-18	3.519068E-19
7.774386E+03	9.717621E-18	3.519450E-19
7.774586E+03	9.723412E-18	3.521472E-19
7.774786E+03	9.722860E-18	3.521198E-19
7.774986E+03	9.720495E-18	3.520267E-19
7.775186E+03	9.719036E-18	3.519663E-19
7.775386E+03	9.716672E-18	3.518732E-19
7.775586E+03	9.720651E-18	3.520099E-19
7.775786E+03	9.730070E-18	3.523435E-19
7.775986E+03	9.736770E-18	3.525786E-19
7.776186E+03	9.742564E-18	3.527809E-19
7.776386E+03	9.736572E-18	3.525564E-19
7.776586E+03	9.728767E-18	3.522664E-19
7.776786E+03	9.730934E-18	3.523374E-19
7.776986E+03	9.731288E-18	3.523427E-19
7.777186E+03	9.728016E-18	3.522167E-19
7.777386E+03	9.726556E-18	3.521564E-19
7.777587E+03	9.726005E-18	3.521290E-19
7.777787E+03	9.730893E-18	3.522985E-19
7.777987E+03	9.738502E-18	3.525664E-19
7.778187E+03	9.739763E-18	3.526046E-19
7.778387E+03	9.736489E-18	3.524786E-19
7.778587E+03	9.733216E-18	3.523527E-19
7.778787E+03	9.739011E-18	3.525550E-19
7.778986E+03	9.735737E-18	3.524290E-19
7.779186E+03	9.728834E-18	3.521717E-19
7.779386E+03	9.717396E-18	3.517502E-19
7.779587E+03	9.718656E-18	3.517883E-19
7.779787E+03	9.730802E-18	3.522205E-19
7.779986E+03	9.714826E-18	3.516348E-19
7.780186E+03	9.703386E-18	3.512133E-19
7.780386E+03	9.701924E-18	3.511529E-19
7.780586E+03	9.696832E-18	3.509612E-19
7.780786E+03	9.700814E-18	3.510979E-19
7.780986E+03	9.696630E-18	3.509390E-19
7.781186E+03	9.677019E-18	3.502218E-19
7.781386E+03	9.663760E-18	3.497346E-19
7.781586E+03	9.664111E-18	3.497399E-19
7.781786E+03	9.661739E-18	3.496466E-19
7.781986E+03	9.654829E-18	3.493892E-19
7.782186E+03	9.651550E-18	3.492631E-19
7.782387E+03	9.659163E-18	3.495312E-19
7.782587E+03	9.670403E-18	3.499305E-19
7.782787E+03	9.681646E-18	3.503300E-19
7.782987E+03	9.680182E-18	3.502696E-19
7.783187E+03	9.673271E-18	3.500121E-19
7.783387E+03	9.672714E-18	3.499846E-19
7.783587E+03	9.688497E-18	3.505482E-19
7.783787E+03	9.708820E-18	3.512761E-19
7.783987E+03	9.701001E-18	3.509858E-19
7.784187E+03	9.684103E-18	3.503670E-19
7.784387E+03	9.673560E-18	3.499782E-19
7.784587E+03	9.665739E-18	3.496878E-19
7.784787E+03	9.681524E-18	3.502515E-19
7.784987E+03	9.697311E-18	3.508152E-19
7.785187E+03	9.703110E-18	3.510176E-19
7.785387E+03	9.710725E-18	3.512857E-19
7.785587E+03	9.713802E-18	3.513895E-19
7.785787E+03	9.718694E-18	3.515591E-19
7.785987E+03	9.723587E-18	3.517287E-19
7.786187E+03	9.725755E-18	3.517997E-19
7.786387E+03	9.723382E-18	3.517064E-19
7.786587E+03	9.722826E-18	3.516789E-19
7.786787E+03	9.727720E-18	3.518485E-19
7.786987E+03	9.734429E-18	3.520837E-19
7.787187E+03	9.742957E-18	3.523847E-19
7.787388E+03	9.737861E-18	3.521929E-19
7.787588E+03	9.743663E-18	3.523954E-19
7.787788E+03	9.757642E-18	3.528935E-19
7.787988E+03	9.763447E-18	3.530960E-19
7.788188E+03	9.757439E-18	3.528713E-19
7.788388E+03	9.751432E-18	3.526466E-19
7.788588E+03	9.744517E-18	3.523891E-19
7.788788E+03	9.739417E-18	3.521973E-19
7.788988E+03	9.743403E-18	3.523340E-19
7.789188E+03	9.753751E-18	3.527008E-19
7.789388E+03	9.758647E-18	3.528704E-19
7.789588E+03	9.764452E-18	3.530729E-19
7.789788E+03	9.772984E-18	3.533739E-19
7.789988E+03	9.755160E-18	3.527220E-19
7.790188E+03	9.730065E-18	3.518073E-19
7.790388E+03	9.721327E-18	3.514839E-19
7.790588E+03	9.712589E-18	3.511606E-19
7.790788E+03	9.729301E-18	3.517574E-19
7.790988E+03	9.742378E-18	3.522228E-19
7.791188E+03	9.736366E-18	3.519981E-19
7.791387E+03	9.749444E-18	3.524635E-19
7.791587E+03	9.759796E-18	3.528303E-19
7.791788E+03	9.760148E-18	3.528356E-19
7.791988E+03	9.765955E-18	3.530381E-19
7.792189E+03	9.770854E-18	3.532078E-19
7.792389E+03	9.768479E-18	3.531145E-19
7.792588E+03	9.767013E-18	3.530541E-19
7.792788E+03	9.780095E-18	3.535196E-19
7.792988E+03	9.790450E-18	3.538864E-19
7.793188E+03	9.797168E-18	3.541218E-19
7.793388E+03	9.796612E-18	3.540943E-19
7.793588E+03	9.791508E-18	3.539024E-19
7.793788E+03	9.797318E-18	3.541050E-19
7.793988E+03	9.805856E-18	3.544061E-19
7.794188E+03	9.813486E-18	3.546744E-19
7.794788E+03	9.827280E-18	3.551506E-19
7.794988E+03	9.839459E-18	3.555833E-19
7.795188E+03	9.846181E-18	3.558188E-19
7.795388E+03	9.850174E-18	3.559556E-19
7.795588E+03	9.852348E-18	3.560267E-19
7.795788E+03	9.856341E-18	3.561636E-19
7.796188E+03	9.860691E-18	3.563058E-19
7.796388E+03	9.863775E-18	3.564098E-19
7.796588E+03	9.872318E-18	3.567110E-19
7.796788E+03	9.879954E-18	3.569794E-19
7.796988E+03	9.880309E-18	3.569848E-19
7.797189E+03	9.877025E-18	3.568586E-19
7.797389E+03	9.876471E-18	3.568311E-19
7.797589E+03	9.880466E-18	3.569680E-19
7.797789E+03	9.878091E-18	3.568747E-19
7.797989E+03	9.880266E-18	3.569459E-19
7.798189E+03	9.895184E-18	3.574773E-19
7.798389E+03	9.903731E-18	3.577786E-19
7.798589E+03	9.912279E-18	3.580799E-19
7.798789E+03	9.911724E-18	3.580524E-19
7.798989E+03	9.909350E-18	3.579592E-19
7.799189E+03	9.921539E-18	3.583920E-19
7.799389E+03	9.923717E-18	3.584632E-19
7.799589E+03	9.920432E-18	3.583370E-19
7.799789E+03	9.926250E-18	3.585397E-19
7.799989E+03	9.932070E-18	3.587424E-19
7.800189E+03	9.934247E-18	3.588136E-19
7.800389E+03	9.934603E-18	3.588190E-19
7.800589E+03	9.932228E-18	3.587257E-19
7.800789E+03	9.926210E-18	3.585009E-19
7.800989E+03	9.932031E-18	3.587036E-19
7.801189E+03	9.945136E-18	3.591694E-19
7.801389E+03	9.952778E-18	3.594379E-19
7.801589E+03	9.966796E-18	3.599366E-19
7.801789E+03	9.978082E-18	3.603367E-19
7.801990E+03	9.976620E-18	3.602764E-19
7.802190E+03	9.984264E-18	3.605449E-19
7.802390E+03	9.997373E-18	3.610108E-19
7.802590E+03	1.000866E-17	3.614109E-19
7.802790E+03	1.002177E-17	3.618768E-19
7.802990E+03	1.002669E-17	3.620467E-19
7.803190E+03	1.002431E-17	3.619534E-19
7.803390E+03	1.003105E-17	3.621891E-19
7.803590E+03	1.003596E-17	3.623590E-19
7.803790E+03	1.004088E-17	3.625289E-19
7.803990E+03	1.004033E-17	3.625015E-19
7.804190E+03	1.004342E-17	3.626056E-19
7.804390E+03	1.005836E-17	3.631374E-19
7.804590E+03	1.007330E-17	3.636692E-19
7.804789E+03	1.006819E-17	3.634773E-19
7.804989E+03	1.006399E-17	3.633183E-19
7.805190E+03	1.006527E-17	3.633566E-19
7.805389E+03	1.005925E-17	3.631318E-19
7.805589E+03	1.005323E-17	3.629069E-19
7.805789E+03	1.005176E-17	3.628466E-19
7.805989E+03	1.004939E-17	3.627533E-19
7.806189E+03	1.004610E-17	3.626272E-19
7.806389E+03	1.004829E-17	3.626984E-19
7.806589E+03	1.005594E-17	3.629670E-19
7.806789E+03	1.006359E-17	3.632357E-19
7.806990E+03	1.007580E-17	3.636689E-19
7.807190E+03	1.008710E-17	3.640692E-19
7.807390E+03	1.008837E-17	3.641076E-19
7.807590E+03	1.008326E-17	3.639156E-19
7.807790E+03	1.008180E-17	3.638553E-19
7.807990E+03	1.007760E-17	3.636962E-19
7.808190E+03	1.007523E-17	3.636029E-19
7.808390E+03	1.008014E-17	3.637729E-19
7.808590E+03	1.008598E-17	3.639758E-19
7.808790E+03	1.008725E-17	3.640142E-19
7.808990E+03	1.009399E-17	3.642500E-19
7.809190E+03	1.009709E-17	3.643542E-19
7.809390E+03	1.009289E-17	3.641951E-19
7.809590E+03	1.008778E-17	3.640031E-19
7.809790E+03	1.008266E-17	3.638111E-19
7.810190E+03	1.008156E-17	3.637562E-19
7.810390E+03	1.007736E-17	3.635971E-19
7.810590E+03	1.008228E-17	3.637671E-19
7.810790E+03	1.008355E-17	3.638054E-19
7.810990E+03	1.008391E-17	3.638109E-19
7.811190E+03	1.008792E-17	3.639480E-19
7.811390E+03	1.007915E-17	3.636243E-19
7.811590E+03	1.006765E-17	3.632019E-19
7.811790E+03	1.007440E-17	3.634378E-19
7.811991E+03	1.008845E-17	3.639370E-19
7.812191E+03	1.009610E-17	3.642057E-19
7.812391E+03	1.008916E-17	3.639479E-19
7.812591E+03	1.007857E-17	3.635583E-19
7.812791E+03	1.007620E-17	3.634650E-19
7.812991E+03	1.005465E-17	3.626805E-19
7.813191E+03	1.004406E-17	3.622909E-19
7.813391E+03	1.003894E-17	3.620988E-19
7.813591E+03	1.004934E-17	3.624663E-19
7.813791E+03	1.004513E-17	3.623072E-19
7.813991E+03	1.003454E-17	3.619176E-19
7.814191E+03	1.002577E-17	3.615938E-19
7.814391E+03	1.001882E-17	3.613358E-19
7.814591E+03	1.001370E-17	3.611437E-19
7.814791E+03	1.001314E-17	3.611162E-19
7.814991E+03	1.001624E-17	3.612204E-19
7.815191E+03	1.002116E-17	3.613904E-19
7.815391E+03	1.002151E-17	3.613958E-19
7.815591E+03	1.002644E-17	3.615659E-19
7.815791E+03	1.003866E-17	3.619993E-19
7.815991E+03	1.004632E-17	3.622681E-19
7.816191E+03	1.004668E-17	3.622736E-19
7.816391E+03	1.004247E-17	3.621144E-19
7.816591E+03	1.004192E-17	3.620869E-19
7.816792E+03	1.005232E-17	3.624545E-19
7.816992E+03	1.005724E-17	3.626246E-19
7.817191E+03	1.004847E-17	3.623007E-19
7.817391E+03	1.004060E-17	3.620098E-19
7.817592E+03	1.004644E-17	3.622128E-19
7.817792E+03	1.005593E-17	3.625475E-19
7.817991E+03	1.004989E-17	3.623225E-19
7.818191E+03	1.004386E-17	3.620974E-19
7.818391E+03	1.004421E-17	3.621028E-19
7.818591E+03	1.004548E-17	3.621412E-19
7.818791E+03	1.004675E-17	3.621795E-19
7.818991E+03	1.005076E-17	3.623167E-19
7.819191E+03	1.004655E-17	3.621575E-19
7.819391E+03	1.003869E-17	3.618665E-19
7.819591E+03	1.002716E-17	3.614438E-19
7.819791E+03	1.001473E-17	3.609881E-19
7.819991E+03	1.000503E-17	3.606312E-19
7.820191E+03	1.000356E-17	3.605708E-19
7.820391E+03	1.000391E-17	3.605762E-19
7.820591E+03	9.996958E-18	3.603181E-19
7.820791E+03	9.993658E-18	3.601918E-19
7.820991E+03	9.988529E-18	3.599995E-19
7.821191E+03	9.978829E-18	3.596426E-19
7.821591E+03	9.975880E-18	3.595216E-19
7.821792E+03	9.985375E-18	3.598564E-19
7.821992E+03	9.994869E-18	3.601912E-19
7.822592E+03	9.993188E-18	3.601086E-19
7.823392E+03	9.999174E-18	3.602949E-19
7.823592E+03	1.001416E-17	3.608274E-19
7.823792E+03	1.001725E-17	3.609316E-19
7.823992E+03	1.002218E-17	3.611017E-19
7.824192E+03	1.003351E-17	3.615025E-19
7.824392E+03	1.005123E-17	3.621339E-19
7.824592E+03	1.005891E-17	3.624029E-19
7.824792E+03	1.005652E-17	3.623095E-19
7.824992E+03	1.005413E-17	3.622160E-19
7.825192E+03	1.004351E-17	3.618261E-19
7.825392E+03	1.003746E-17	3.616009E-19
7.825592E+03	1.004696E-17	3.619358E-19
7.825792E+03	1.005555E-17	3.622378E-19
7.825992E+03	1.006231E-17	3.624738E-19
7.826192E+03	1.007455E-17	3.629076E-19
7.826392E+03	1.007582E-17	3.629460E-19
7.826593E+03	1.008624E-17	3.633139E-19
7.826793E+03	1.009483E-17	3.636160E-19
7.826993E+03	1.010251E-17	3.638850E-19
7.827193E+03	1.011201E-17	3.642200E-19
7.827393E+03	1.009865E-17	3.637311E-19
7.827593E+03	1.007613E-17	3.629128E-19
7.827793E+03	1.007283E-17	3.627864E-19
7.827993E+03	1.009331E-17	3.635168E-19
7.828193E+03	1.010922E-17	3.640825E-19
7.828393E+03	1.011324E-17	3.642198E-19
7.828593E+03	1.011817E-17	3.643900E-19
7.828793E+03	1.011944E-17	3.644284E-19
7.828993E+03	1.012346E-17	3.645657E-19
7.829193E+03	1.012748E-17	3.647030E-19
7.829392E+03	1.013699E-17	3.650381E-19
7.829592E+03	1.014741E-17	3.654062E-19
7.829792E+03	1.014960E-17	3.654776E-19
7.829993E+03	1.014355E-17	3.652523E-19
7.830193E+03	1.013841E-17	3.650600E-19
7.830392E+03	1.013145E-17	3.648018E-19
7.830592E+03	1.011899E-17	3.643458E-19
7.830792E+03	1.012850E-17	3.646809E-19
7.830992E+03	1.013435E-17	3.648841E-19
7.831192E+03	1.014569E-17	3.652852E-19
7.831392E+03	1.014422E-17	3.652247E-19
7.831593E+03	1.014458E-17	3.652303E-19
7.831793E+03	1.016050E-17	3.657962E-19
7.831993E+03	1.016452E-17	3.659334E-19
7.832193E+03	1.015938E-17	3.657411E-19
7.832393E+03	1.015699E-17	3.656477E-19
7.832593E+03	1.015368E-17	3.655212E-19
7.832793E+03	1.015679E-17	3.656258E-19
7.832993E+03	1.015990E-17	3.657301E-19
7.833193E+03	1.016667E-17	3.659665E-19
7.833393E+03	1.017434E-17	3.662355E-19
7.833593E+03	1.018294E-17	3.665376E-19
7.833793E+03	1.019704E-17	3.670377E-19
7.833993E+03	1.019924E-17	3.671094E-19
7.834193E+03	1.019502E-17	3.669500E-19
7.834393E+03	1.019812E-17	3.670542E-19
7.834593E+03	1.020855E-17	3.674224E-19
7.834793E+03	1.020250E-17	3.671973E-19
7.834993E+03	1.019369E-17	3.668729E-19
7.835193E+03	1.019772E-17	3.670104E-19
7.835393E+03	1.020724E-17	3.673457E-19
7.835593E+03	1.022409E-17	3.679446E-19
7.835793E+03	1.024277E-17	3.686096E-19
7.835993E+03	1.025138E-17	3.689120E-19
7.836193E+03	1.025907E-17	3.691812E-19
7.836394E+03	1.026951E-17	3.695497E-19
7.836594E+03	1.027079E-17	3.695881E-19
7.836794E+03	1.027115E-17	3.695937E-19
7.836994E+03	1.027884E-17	3.698629E-19
7.837194E+03	1.028837E-17	3.701985E-19
7.837394E+03	1.028140E-17	3.699402E-19
7.837594E+03	1.027625E-17	3.697476E-19
7.837794E+03	1.028669E-17	3.701161E-19
7.837994E+03	1.029805E-17	3.705174E-19
7.838194E+03	1.030666E-17	3.708197E-19
7.838394E+03	1.031070E-17	3.709574E-19
7.838594E+03	1.031014E-17	3.709298E-19
7.838794E+03	1.031600E-17	3.711332E-19
7.838994E+03	1.031728E-17	3.711721E-19
7.839194E+03	1.032314E-17	3.713755E-19
7.839394E+03	1.033084E-17	3.716449E-19
7.839594E+03	1.032569E-17	3.714524E-19
7.839794E+03	1.032423E-17	3.713923E-19
7.839994E+03	1.034109E-17	3.719913E-19
7.840194E+03	1.035521E-17	3.724917E-19
7.840394E+03	1.035648E-17	3.725302E-19
7.840594E+03	1.035685E-17	3.725361E-19
7.840794E+03	1.036546E-17	3.728384E-19
7.840994E+03	1.037132E-17	3.730418E-19
7.841194E+03	1.037169E-17	3.730477E-19
7.841395E+03	1.037664E-17	3.732182E-19
7.841595E+03	1.037792E-17	3.732566E-19
7.841795E+03	1.038286E-17	3.734271E-19
7.841995E+03	1.038415E-17	3.734659E-19
7.842194E+03	1.037901E-17	3.732738E-19
7.842395E+03	1.038762E-17	3.735760E-19
7.842595E+03	1.040817E-17	3.743076E-19
7.842994E+03	1.041623E-17	3.745826E-19
7.843194E+03	1.041568E-17	3.745553E-19
7.843394E+03	1.040779E-17	3.742639E-19
7.843594E+03	1.040632E-17	3.742038E-19
7.843794E+03	1.040943E-17	3.743083E-19
7.843994E+03	1.040704E-17	3.742150E-19
7.844194E+03	1.040098E-17	3.739896E-19
7.844394E+03	1.039401E-17	3.737315E-19
7.844594E+03	1.039161E-17	3.736378E-19
7.844794E+03	1.039932E-17	3.739075E-19
7.844994E+03	1.039968E-17	3.739131E-19
7.845194E+03	1.039729E-17	3.738199E-19
7.845394E+03	1.039949E-17	3.738915E-19
7.845594E+03	1.039159E-17	3.736002E-19
7.845794E+03	1.037451E-17	3.729787E-19
7.845994E+03	1.036753E-17	3.727202E-19
7.846195E+03	1.037616E-17	3.730231E-19
7.846395E+03	1.038386E-17	3.732924E-19
7.846595E+03	1.038789E-17	3.734301E-19
7.846795E+03	1.038642E-17	3.733697E-19
7.846995E+03	1.038036E-17	3.731444E-19
7.847195E+03	1.038623E-17	3.733481E-19
7.847395E+03	1.040128E-17	3.738818E-19
7.847595E+03	1.040531E-17	3.740195E-19
7.847795E+03	1.040200E-17	3.738931E-19
7.847995E+03	1.039227E-17	3.735358E-19
7.848195E+03	1.037610E-17	3.729473E-19
7.848395E+03	1.038932E-17	3.734150E-19
7.848595E+03	1.040621E-17	3.740147E-19
7.848795E+03	1.041024E-17	3.741523E-19
7.848995E+03	1.042437E-17	3.746528E-19
7.849195E+03	1.044402E-17	3.753517E-19
7.849395E+03	1.043980E-17	3.751924E-19
7.849595E+03	1.043189E-17	3.749008E-19
7.849795E+03	1.043226E-17	3.749068E-19
7.849995E+03	1.043079E-17	3.748464E-19
7.850195E+03	1.042839E-17	3.747529E-19
7.850395E+03	1.042875E-17	3.747585E-19
7.850595E+03	1.042911E-17	3.747641E-19
7.850795E+03	1.042947E-17	3.747697E-19
7.850995E+03	1.043259E-17	3.748745E-19
7.851196E+03	1.043847E-17	3.750784E-19
7.851396E+03	1.044618E-17	3.753480E-19
7.851596E+03	1.045848E-17	3.757828E-19
7.851796E+03	1.047171E-17	3.762507E-19
7.851996E+03	1.048034E-17	3.765534E-19
7.852196E+03	1.048439E-17	3.766913E-19
7.852396E+03	1.049394E-17	3.770272E-19
7.852596E+03	1.050166E-17	3.772971E-19
7.852796E+03	1.050202E-17	3.773027E-19
7.852996E+03	1.050147E-17	3.772755E-19
7.853196E+03	1.049631E-17	3.770828E-19
7.854196E+03	1.049445E-17	3.769792E-19
7.854396E+03	1.048931E-17	3.767869E-19
7.854995E+03	1.048304E-17	3.765399E-19
7.855395E+03	1.047733E-17	3.763201E-19
7.855596E+03	1.048229E-17	3.764908E-19
7.855796E+03	1.048817E-17	3.766947E-19
7.855995E+03	1.048210E-17	3.764693E-19
7.856196E+03	1.047419E-17	3.761779E-19
7.856396E+03	1.045708E-17	3.755560E-19
7.856596E+03	1.044917E-17	3.752646E-19
7.856796E+03	1.044860E-17	3.752371E-19
7.856996E+03	1.044713E-17	3.751768E-19
7.857196E+03	1.044105E-17	3.749514E-19
7.857396E+03	1.043405E-17	3.746925E-19
7.857596E+03	1.043074E-17	3.745663E-19
7.857796E+03	1.043938E-17	3.748693E-19
7.857996E+03	1.044986E-17	3.752383E-19
7.858196E+03	1.045481E-17	3.754091E-19
7.858396E+03	1.045241E-17	3.753156E-19
7.858596E+03	1.044909E-17	3.751890E-19
7.858796E+03	1.045130E-17	3.752610E-19
7.858996E+03	1.045442E-17	3.753658E-19
7.859196E+03	1.044190E-17	3.749091E-19
7.859396E+03	1.043030E-17	3.744852E-19
7.859596E+03	1.042698E-17	3.743587E-19
7.859796E+03	1.041998E-17	3.741002E-19
7.859996E+03	1.041942E-17	3.740728E-19
7.860196E+03	1.042070E-17	3.741117E-19
7.860396E+03	1.041186E-17	3.737869E-19
7.860596E+03	1.041037E-17	3.737263E-19
7.860796E+03	1.040521E-17	3.735339E-19
7.861197E+03	1.040409E-17	3.734794E-19
7.861397E+03	1.039801E-17	3.732538E-19
7.861597E+03	1.039469E-17	3.731273E-19
7.861797E+03	1.039136E-17	3.730008E-19
7.861997E+03	1.038251E-17	3.726758E-19
7.862197E+03	1.037367E-17	3.723511E-19
7.862397E+03	1.036942E-17	3.721915E-19
7.862597E+03	1.036150E-17	3.719001E-19
7.862797E+03	1.035633E-17	3.717073E-19
7.862997E+03	1.035393E-17	3.716140E-19
7.863197E+03	1.034507E-17	3.712891E-19
7.863397E+03	1.034266E-17	3.711954E-19
7.863597E+03	1.034763E-17	3.713666E-19
7.863797E+03	1.035535E-17	3.716364E-19
7.863997E+03	1.036584E-17	3.720057E-19
7.864197E+03	1.037079E-17	3.721764E-19
7.864397E+03	1.037207E-17	3.722150E-19
7.864597E+03	1.036506E-17	3.719564E-19
7.864797E+03	1.036266E-17	3.718631E-19
7.864997E+03	1.037130E-17	3.721661E-19
7.865197E+03	1.036798E-17	3.720396E-19
7.865397E+03	1.036281E-17	3.718470E-19
7.865597E+03	1.036500E-17	3.719187E-19
7.865797E+03	1.037088E-17	3.721226E-19
7.865998E+03	1.037493E-17	3.722605E-19
7.866198E+03	1.037068E-17	3.721010E-19
7.866398E+03	1.036919E-17	3.720405E-19
7.866598E+03	1.037600E-17	3.722775E-19
7.866798E+03	1.038649E-17	3.726467E-19
7.866998E+03	1.038500E-17	3.725862E-19
7.867198E+03	1.038075E-17	3.724267E-19
7.867398E+03	1.037834E-17	3.723331E-19
7.867597E+03	1.037224E-17	3.721074E-19
7.867797E+03	1.036984E-17	3.720142E-19
7.867998E+03	1.037019E-17	3.720196E-19
7.868198E+03	1.036687E-17	3.718933E-19
7.868398E+03	1.036999E-17	3.719981E-19
7.868597E+03	1.037587E-17	3.722020E-19
7.868797E+03	1.037346E-17	3.721084E-19
7.868997E+03	1.037197E-17	3.720480E-19
7.869197E+03	1.037233E-17	3.720538E-19
7.869397E+03	1.036992E-17	3.719603E-19
7.869597E+03	1.036290E-17	3.717014E-19
7.869797E+03	1.035312E-17	3.713436E-19
7.869997E+03	1.034426E-17	3.710186E-19
7.870197E+03	1.034092E-17	3.708919E-19
7.870397E+03	1.034036E-17	3.708646E-19
7.870597E+03	1.033610E-17	3.707049E-19
7.870798E+03	1.033461E-17	3.706445E-19
7.870998E+03	1.033682E-17	3.707166E-19
7.871198E+03	1.033809E-17	3.707552E-19
7.871398E+03	1.033199E-17	3.705292E-19
7.871598E+03	1.032589E-17	3.703036E-19
7.871798E+03	1.032533E-17	3.702763E-19
7.871998E+03	1.032475E-17	3.702487E-19
7.872398E+03	1.032177E-17	3.701277E-19
7.872598E+03	1.032397E-17	3.701998E-19
7.872798E+03	1.032248E-17	3.701391E-19
7.872998E+03	1.032007E-17	3.700456E-19
7.873198E+03	1.032226E-17	3.701174E-19
7.873398E+03	1.032723E-17	3.702885E-19
7.873598E+03	1.033403E-17	3.705255E-19
7.873798E+03	1.033347E-17	3.704982E-19
7.873998E+03	1.031445E-17	3.698095E-19
7.874198E+03	1.028806E-17	3.688561E-19
7.874398E+03	1.027273E-17	3.682995E-19
7.874598E+03	1.027862E-17	3.685037E-19
7.874798E+03	1.029003E-17	3.689059E-19
7.874998E+03	1.029777E-17	3.691764E-19
7.875198E+03	1.030642E-17	3.694796E-19
7.875398E+03	1.031415E-17	3.697497E-19
7.875598E+03	1.032281E-17	3.700533E-19
7.875799E+03	1.033423E-17	3.704557E-19
7.875999E+03	1.034565E-17	3.708582E-19
7.876199E+03	1.034416E-17	3.707979E-19
7.876399E+03	1.033621E-17	3.705059E-19
7.876599E+03	1.033380E-17	3.704125E-19
7.876799E+03	1.033230E-17	3.703518E-19
7.876999E+03	1.032804E-17	3.701922E-19
7.877199E+03	1.033578E-17	3.704626E-19
7.877399E+03	1.033982E-17	3.706006E-19
7.877599E+03	1.032356E-17	3.700106E-19
7.877799E+03	1.032945E-17	3.702148E-19
7.877999E+03	1.034180E-17	3.706508E-19
7.878199E+03	1.034400E-17	3.707225E-19
7.878399E+03	1.033512E-17	3.703974E-19
7.878599E+03	1.031978E-17	3.698406E-19
7.878799E+03	1.031183E-17	3.695487E-19
7.878999E+03	1.031679E-17	3.697198E-19
7.879199E+03	1.030330E-17	3.692292E-19
7.879399E+03	1.029627E-17	3.689704E-19
7.879599E+03	1.030399E-17	3.692404E-19
7.879799E+03	1.030896E-17	3.694115E-19
7.880199E+03	1.029028E-17	3.687284E-19
7.880399E+03	1.027677E-17	3.682376E-19
7.880600E+03	1.027529E-17	3.681773E-19
7.880800E+03	1.027748E-17	3.682492E-19
7.880999E+03	1.028430E-17	3.684865E-19
7.881199E+03	1.029019E-17	3.686907E-19
7.881399E+03	1.028407E-17	3.684647E-19
7.881599E+03	1.027241E-17	3.680401E-19
7.881799E+03	1.026629E-17	3.678141E-19
7.881999E+03	1.025925E-17	3.675550E-19
7.882199E+03	1.024853E-17	3.671639E-19
7.882399E+03	1.024426E-17	3.670041E-19
7.882599E+03	1.024183E-17	3.669105E-19
7.882799E+03	1.023848E-17	3.667834E-19
7.882999E+03	1.023698E-17	3.667229E-19
7.883199E+03	1.023733E-17	3.667286E-19
7.883399E+03	1.024322E-17	3.669328E-19
7.883599E+03	1.025465E-17	3.673356E-19
7.883799E+03	1.025777E-17	3.674405E-19
7.883999E+03	1.025535E-17	3.673469E-19
7.884199E+03	1.025477E-17	3.673195E-19
7.884399E+03	1.025789E-17	3.674244E-19
7.884599E+03	1.025824E-17	3.674301E-19
7.884799E+03	1.025027E-17	3.671380E-19
7.884999E+03	1.024138E-17	3.668129E-19
7.885199E+03	1.023341E-17	3.665204E-19
7.885399E+03	1.022267E-17	3.661291E-19
7.885600E+03	1.020546E-17	3.655058E-19
7.885800E+03	1.019471E-17	3.651142E-19
7.886000E+03	1.019044E-17	3.649545E-19
7.886200E+03	1.017969E-17	3.645629E-19
7.886400E+03	1.017079E-17	3.642375E-19
7.886600E+03	1.016837E-17	3.641440E-19
7.886800E+03	1.016501E-17	3.640170E-19
7.887000E+03	1.014964E-17	3.634599E-19
7.887200E+03	1.013057E-17	3.627704E-19
7.887400E+03	1.012814E-17	3.626767E-19
7.887600E+03	1.013681E-17	3.629802E-19
7.887800E+03	1.014455E-17	3.632507E-19
7.888000E+03	1.014859E-17	3.633887E-19
7.888200E+03	1.015170E-17	3.634936E-19
7.888400E+03	1.015667E-17	3.636647E-19
7.888600E+03	1.015979E-17	3.637697E-19
7.888800E+03	1.015828E-17	3.637090E-19
7.889000E+03	1.016047E-17	3.637809E-19
7.889200E+03	1.017099E-17	3.641509E-19
7.889400E+03	1.018150E-17	3.645205E-19
7.889600E+03	1.018740E-17	3.647250E-19
7.889800E+03	1.018866E-17	3.647635E-19
7.890000E+03	1.018993E-17	3.648023E-19
7.890200E+03	1.019305E-17	3.649073E-19
7.890801E+03	1.019224E-17	3.648581E-19
7.891001E+03	1.019906E-17	3.650957E-19
7.891401E+03	1.020715E-17	3.653718E-19
7.891601E+03	1.019639E-17	3.649800E-19
7.891801E+03	1.019396E-17	3.648863E-19
7.892001E+03	1.018783E-17	3.646602E-19
7.892201E+03	1.018077E-17	3.644011E-19
7.892401E+03	1.017464E-17	3.641747E-19
7.892601E+03	1.016666E-17	3.638826E-19
7.892801E+03	1.016144E-17	3.636892E-19
7.893001E+03	1.015624E-17	3.634963E-19
7.893200E+03	1.014825E-17	3.632039E-19
7.893400E+03	1.014582E-17	3.631102E-19
7.893600E+03	1.014709E-17	3.631490E-19
7.893801E+03	1.014465E-17	3.630552E-19
7.894001E+03	1.013944E-17	3.628621E-19
7.894200E+03	1.013978E-17	3.628678E-19
7.894400E+03	1.014753E-17	3.631384E-19
7.894600E+03	1.015435E-17	3.633758E-19
7.894800E+03	1.015839E-17	3.635138E-19
7.895000E+03	1.015874E-17	3.635196E-19
7.895200E+03	1.016001E-17	3.635585E-19
7.895401E+03	1.016313E-17	3.636635E-19
7.895601E+03	1.016902E-17	3.638677E-19
7.895801E+03	1.016936E-17	3.638735E-19
7.896001E+03	1.016415E-17	3.636803E-19
7.896201E+03	1.016171E-17	3.635866E-19
7.896401E+03	1.016669E-17	3.637580E-19
7.896601E+03	1.017258E-17	3.639622E-19
7.896801E+03	1.017385E-17	3.640011E-19
7.897001E+03	1.017234E-17	3.639404E-19
7.897201E+03	1.017083E-17	3.638798E-19
7.897401E+03	1.017024E-17	3.638522E-19
7.897601E+03	1.016596E-17	3.636924E-19
7.897801E+03	1.015333E-17	3.632341E-19
7.898001E+03	1.014071E-17	3.627761E-19
7.898201E+03	1.013642E-17	3.626161E-19
7.898401E+03	1.014695E-17	3.629861E-19
7.898601E+03	1.016025E-17	3.634555E-19
7.898801E+03	1.016152E-17	3.634944E-19
7.899001E+03	1.016001E-17	3.634338E-19
7.899201E+03	1.016499E-17	3.636052E-19
7.899401E+03	1.017552E-17	3.639753E-19
7.899601E+03	1.017864E-17	3.640803E-19
7.899801E+03	1.017435E-17	3.639202E-19
7.900001E+03	1.017654E-17	3.639922E-19
7.900201E+03	1.017689E-17	3.639980E-19
7.900402E+03	1.017815E-17	3.640365E-19
7.900602E+03	1.018034E-17	3.641085E-19
7.900802E+03	1.018161E-17	3.641474E-19
7.901002E+03	1.019214E-17	3.645174E-19
7.901202E+03	1.020176E-17	3.648548E-19
7.901402E+03	1.020395E-17	3.649267E-19
7.901602E+03	1.019966E-17	3.647666E-19
7.901802E+03	1.019351E-17	3.645401E-19
7.902002E+03	1.019108E-17	3.644465E-19
7.902202E+03	1.019513E-17	3.645849E-19
7.902402E+03	1.019546E-17	3.645904E-19
7.902602E+03	1.019488E-17	3.645628E-19
7.902802E+03	1.019893E-17	3.647012E-19
7.903002E+03	1.020854E-17	3.650382E-19
7.903202E+03	1.022927E-17	3.657730E-19
7.903402E+03	1.024630E-17	3.663754E-19
7.903602E+03	1.024849E-17	3.664473E-19
7.903802E+03	1.024792E-17	3.664201E-19
7.904002E+03	1.024640E-17	3.663595E-19
7.904202E+03	1.024489E-17	3.662989E-19
7.904402E+03	1.025079E-17	3.665033E-19
7.904602E+03	1.025763E-17	3.667411E-19
7.904802E+03	1.027373E-17	3.673103E-19
7.905002E+03	1.028243E-17	3.676146E-19
7.905203E+03	1.027999E-17	3.675209E-19
7.905403E+03	1.028682E-17	3.677583E-19
7.905602E+03	1.030478E-17	3.683940E-19
7.905802E+03	1.031811E-17	3.688640E-19
7.906002E+03	1.031568E-17	3.687704E-19
7.906203E+03	1.031601E-17	3.687758E-19
7.906403E+03	1.031544E-17	3.687486E-19
7.906602E+03	1.031392E-17	3.686880E-19
7.906802E+03	1.032168E-17	3.689588E-19
7.907002E+03	1.032853E-17	3.691969E-19
7.907202E+03	1.033629E-17	3.694677E-19
7.907402E+03	1.034313E-17	3.697058E-19
7.907602E+03	1.035645E-17	3.701754E-19
7.907802E+03	1.037165E-17	3.707118E-19
7.908002E+03	1.037941E-17	3.709829E-19
7.908202E+03	1.038533E-17	3.711875E-19
7.908402E+03	1.038753E-17	3.712597E-19
7.908602E+03	1.037767E-17	3.709008E-19
7.908802E+03	1.037060E-17	3.706414E-19
7.909002E+03	1.036723E-17	3.705144E-19
7.909202E+03	1.036201E-17	3.703213E-19
7.909402E+03	1.035214E-17	3.699621E-19
7.909602E+03	1.034507E-17	3.697026E-19
7.909802E+03	1.034634E-17	3.697415E-19
7.910002E+03	1.035411E-17	3.700126E-19
7.910203E+03	1.036188E-17	3.702836E-19
7.910403E+03	1.036686E-17	3.704553E-19
7.910603E+03	1.037185E-17	3.706269E-19
7.910803E+03	1.037962E-17	3.708979E-19
7.911003E+03	1.039203E-17	3.713348E-19
7.911203E+03	1.040629E-17	3.718380E-19
7.911403E+03	1.041592E-17	3.721754E-19
7.911603E+03	1.040978E-17	3.719494E-19
7.911803E+03	1.039991E-17	3.715902E-19
7.912003E+03	1.040862E-17	3.718946E-19
7.912203E+03	1.042010E-17	3.722984E-19
7.912403E+03	1.041023E-17	3.719393E-19
7.913003E+03	1.039456E-17	3.713596E-19
7.913203E+03	1.039119E-17	3.712326E-19
7.913403E+03	1.037668E-17	3.707077E-19
7.913603E+03	1.036125E-17	3.701499E-19
7.915204E+03	1.037050E-17	3.704280E-19
7.915604E+03	1.036561E-17	3.702406E-19
7.915804E+03	1.035760E-17	3.699480E-19
7.916004E+03	1.035608E-17	3.698871E-19
7.916204E+03	1.035085E-17	3.696938E-19
7.916404E+03	1.035120E-17	3.696997E-19
7.916604E+03	1.035526E-17	3.698383E-19
7.916804E+03	1.036117E-17	3.700429E-19
7.917004E+03	1.036431E-17	3.701485E-19
7.917204E+03	1.036372E-17	3.701210E-19
7.917404E+03	1.037428E-17	3.704917E-19
7.917604E+03	1.038764E-17	3.709621E-19
7.917804E+03	1.039542E-17	3.712334E-19
7.918004E+03	1.039575E-17	3.712389E-19
7.918203E+03	1.039238E-17	3.711120E-19
7.918404E+03	1.039459E-17	3.711842E-19
7.918604E+03	1.038750E-17	3.709246E-19
7.918803E+03	1.037948E-17	3.706317E-19
7.919003E+03	1.037517E-17	3.704715E-19
7.919203E+03	1.037458E-17	3.704441E-19
7.919404E+03	1.036936E-17	3.702508E-19
7.919603E+03	1.036226E-17	3.699910E-19
7.919803E+03	1.035609E-17	3.697644E-19
7.920004E+03	1.035366E-17	3.696709E-19
7.920204E+03	1.035493E-17	3.697098E-19
7.920404E+03	1.036271E-17	3.699811E-19
7.920604E+03	1.037141E-17	3.702854E-19
7.920804E+03	1.037362E-17	3.703576E-19
7.921004E+03	1.037861E-17	3.705295E-19
7.921404E+03	1.039045E-17	3.709393E-19
7.921804E+03	1.039858E-17	3.712164E-19
7.922004E+03	1.040542E-17	3.714543E-19
7.922204E+03	1.040763E-17	3.715265E-19
7.922404E+03	1.040612E-17	3.714661E-19
7.922604E+03	1.040181E-17	3.713059E-19
7.922804E+03	1.039750E-17	3.711458E-19
7.923004E+03	1.039134E-17	3.709193E-19
7.923204E+03	1.038704E-17	3.707591E-19
7.923404E+03	1.039016E-17	3.708644E-19
7.923604E+03	1.039143E-17	3.709032E-19
7.923804E+03	1.038806E-17	3.707764E-19
7.924004E+03	1.038282E-17	3.705830E-19
7.924204E+03	1.037573E-17	3.703232E-19
7.924404E+03	1.036863E-17	3.700634E-19
7.924604E+03	1.036618E-17	3.699696E-19
7.924805E+03	1.036838E-17	3.700418E-19
7.925005E+03	1.036872E-17	3.700474E-19
7.925205E+03	1.037092E-17	3.701196E-19
7.925405E+03	1.037033E-17	3.700922E-19
7.925605E+03	1.037719E-17	3.703304E-19
7.925805E+03	1.038590E-17	3.706349E-19
7.926005E+03	1.038160E-17	3.704748E-19
7.926205E+03	1.038566E-17	3.706134E-19
7.926405E+03	1.039717E-17	3.710175E-19
7.926605E+03	1.040588E-17	3.713220E-19
7.926805E+03	1.040902E-17	3.714276E-19
7.927005E+03	1.041587E-17	3.716658E-19
7.927205E+03	1.042273E-17	3.719039E-19
7.927405E+03	1.042214E-17	3.718765E-19
7.927605E+03	1.041877E-17	3.717497E-19
7.927805E+03	1.041910E-17	3.717553E-19
7.928005E+03	1.041666E-17	3.716615E-19
7.928205E+03	1.041421E-17	3.715678E-19
7.928405E+03	1.041176E-17	3.714740E-19
7.928605E+03	1.040651E-17	3.712803E-19
7.928805E+03	1.040220E-17	3.711202E-19
7.929005E+03	1.040162E-17	3.710928E-19
7.929205E+03	1.040474E-17	3.711980E-19
7.929405E+03	1.041533E-17	3.715691E-19
7.929605E+03	1.042871E-17	3.720402E-19
7.929806E+03	1.042905E-17	3.720457E-19
7.930006E+03	1.042846E-17	3.720182E-19
7.930206E+03	1.042788E-17	3.719912E-19
7.930406E+03	1.043101E-17	3.720963E-19
7.930606E+03	1.044160E-17	3.724677E-19
7.930806E+03	1.045031E-17	3.727721E-19
7.931006E+03	1.045345E-17	3.728777E-19
7.931206E+03	1.045659E-17	3.729832E-19
7.931405E+03	1.046345E-17	3.732216E-19
7.932006E+03	1.046356E-17	3.732059E-19
7.932205E+03	1.045831E-17	3.730123E-19
7.932405E+03	1.045865E-17	3.730181E-19
7.932605E+03	1.045713E-17	3.729574E-19
7.932805E+03	1.045468E-17	3.728637E-19
7.933205E+03	1.045536E-17	3.728751E-19
7.933405E+03	1.045012E-17	3.726818E-19
7.933605E+03	1.044674E-17	3.725547E-19
7.933805E+03	1.045359E-17	3.727928E-19
7.934005E+03	1.045487E-17	3.728320E-19
7.934205E+03	1.045055E-17	3.726717E-19
7.934405E+03	1.044717E-17	3.725447E-19
7.934606E+03	1.044658E-17	3.725172E-19
7.934806E+03	1.044693E-17	3.725231E-19
7.935006E+03	1.043702E-17	3.721633E-19
7.935206E+03	1.042152E-17	3.716042E-19
7.935406E+03	1.041347E-17	3.713110E-19
7.935606E+03	1.041474E-17	3.713499E-19
7.935806E+03	1.041881E-17	3.714887E-19
7.936006E+03	1.042754E-17	3.717934E-19
7.936206E+03	1.043534E-17	3.720651E-19
7.936406E+03	1.043941E-17	3.722039E-19
7.936606E+03	1.044441E-17	3.723757E-19
7.936806E+03	1.044848E-17	3.725145E-19
7.937006E+03	1.044137E-17	3.722546E-19
7.937206E+03	1.043331E-17	3.719611E-19
7.937406E+03	1.042713E-17	3.717342E-19
7.937606E+03	1.042281E-17	3.715739E-19
7.937806E+03	1.042688E-17	3.717127E-19
7.938006E+03	1.043934E-17	3.721506E-19
7.938206E+03	1.044900E-17	3.724885E-19
7.938406E+03	1.045214E-17	3.725940E-19
7.938606E+03	1.044689E-17	3.724004E-19
7.938806E+03	1.043791E-17	3.720740E-19
7.939006E+03	1.044011E-17	3.721462E-19
7.939206E+03	1.044512E-17	3.723183E-19
7.939406E+03	1.043986E-17	3.721244E-19
7.939607E+03	1.043275E-17	3.718645E-19
7.939807E+03	1.044334E-17	3.722357E-19
7.940007E+03	1.045580E-17	3.726735E-19
7.940207E+03	1.044868E-17	3.724134E-19
7.940407E+03	1.044436E-17	3.722531E-19
7.940607E+03	1.045029E-17	3.724582E-19
7.940807E+03	1.045904E-17	3.727635E-19
7.941007E+03	1.046497E-17	3.729685E-19
7.941207E+03	1.046625E-17	3.730077E-19
7.941407E+03	1.046845E-17	3.730799E-19
7.941607E+03	1.046599E-17	3.729859E-19
7.941807E+03	1.045328E-17	3.725263E-19
7.942007E+03	1.045641E-17	3.726318E-19
7.942207E+03	1.046795E-17	3.730366E-19
7.942407E+03	1.046549E-17	3.729426E-19
7.942607E+03	1.046023E-17	3.727487E-19
7.942807E+03	1.046711E-17	3.729874E-19
7.943007E+03	1.047584E-17	3.732922E-19
7.943207E+03	1.047899E-17	3.733980E-19
7.943407E+03	1.048119E-17	3.734702E-19
7.943606E+03	1.048154E-17	3.734761E-19
7.943806E+03	1.048001E-17	3.734155E-19
7.944007E+03	1.047568E-17	3.732549E-19
7.944207E+03	1.045456E-17	3.724957E-19
7.944407E+03	1.046517E-17	3.728675E-19
7.944608E+03	1.048604E-17	3.736048E-19
7.944807E+03	1.049292E-17	3.738435E-19
7.945007E+03	1.048672E-17	3.736163E-19
7.945207E+03	1.048613E-17	3.735890E-19
7.945407E+03	1.049486E-17	3.738938E-19
7.945607E+03	1.049521E-17	3.738997E-19
7.945807E+03	1.049368E-17	3.738390E-19
7.946007E+03	1.049869E-17	3.740110E-19
7.946207E+03	1.049997E-17	3.740502E-19
7.946407E+03	1.049097E-17	3.737232E-19
7.946607E+03	1.047545E-17	3.731640E-19
7.946807E+03	1.046551E-17	3.728037E-19
7.947007E+03	1.046585E-17	3.728097E-19
7.947207E+03	1.047366E-17	3.730815E-19
7.947407E+03	1.048520E-17	3.734862E-19
7.947607E+03	1.048927E-17	3.736249E-19
7.947807E+03	1.048868E-17	3.735975E-19
7.948007E+03	1.049090E-17	3.736700E-19
7.948207E+03	1.049217E-17	3.737089E-19
7.948407E+03	1.048316E-17	3.733820E-19
7.948607E+03	1.047137E-17	3.729556E-19
7.948807E+03	1.046517E-17	3.727285E-19
7.949007E+03	1.046178E-17	3.726013E-19
7.949207E+03	1.046585E-17	3.727400E-19
7.949408E+03	1.047740E-17	3.731450E-19
7.949608E+03	1.048147E-17	3.732837E-19
7.949808E+03	1.047995E-17	3.732230E-19
7.950008E+03	1.048215E-17	3.732952E-19
7.950208E+03	1.047782E-17	3.731347E-19
7.950408E+03	1.046788E-17	3.727746E-19
7.950608E+03	1.046075E-17	3.725143E-19
7.950808E+03	1.046482E-17	3.726530E-19
7.951008E+03	1.046423E-17	3.726256E-19
7.951208E+03	1.047298E-17	3.729307E-19
7.951408E+03	1.049481E-17	3.737016E-19
7.951608E+03	1.051476E-17	3.744060E-19
7.951808E+03	1.052912E-17	3.749107E-19
7.952008E+03	1.053974E-17	3.752826E-19
7.952208E+03	1.054382E-17	3.754216E-19
7.952408E+03	1.053761E-17	3.751943E-19
7.952608E+03	1.054076E-17	3.753000E-19
7.952808E+03	1.055232E-17	3.757052E-19
7.953008E+03	1.056480E-17	3.761433E-19
7.953208E+03	1.058010E-17	3.766815E-19
7.953408E+03	1.059353E-17	3.771532E-19
7.953608E+03	1.059200E-17	3.770925E-19
7.953808E+03	1.059048E-17	3.770319E-19
7.954008E+03	1.059735E-17	3.772703E-19
7.954208E+03	1.061172E-17	3.777756E-19
7.954409E+03	1.062889E-17	3.783803E-19
7.954609E+03	1.064419E-17	3.789184E-19
7.954809E+03	1.065201E-17	3.791904E-19
7.955009E+03	1.065889E-17	3.794291E-19
7.955209E+03	1.066672E-17	3.797015E-19
7.955409E+03	1.067080E-17	3.798404E-19
7.955609E+03	1.067302E-17	3.799128E-19
7.955809E+03	1.066962E-17	3.797855E-19
7.956009E+03	1.066249E-17	3.795253E-19
7.956209E+03	1.066377E-17	3.795644E-19
7.956408E+03	1.066692E-17	3.796701E-19
7.956609E+03	1.067287E-17	3.798755E-19
7.956809E+03	1.067882E-17	3.800809E-19
7.957008E+03	1.068010E-17	3.801200E-19
7.957208E+03	1.068886E-17	3.804256E-19
7.957408E+03	1.069763E-17	3.807311E-19
7.957608E+03	1.069797E-17	3.807369E-19
7.957808E+03	1.069738E-17	3.807095E-19
7.958008E+03	1.070146E-17	3.808484E-19
7.958208E+03	1.071303E-17	3.812537E-19
7.958408E+03	1.071338E-17	3.812595E-19
7.958608E+03	1.070811E-17	3.810658E-19
7.958808E+03	1.071032E-17	3.811381E-19
7.959008E+03	1.071441E-17	3.812770E-19
7.959209E+03	1.071663E-17	3.813497E-19
7.959409E+03	1.072071E-17	3.814885E-19
7.959609E+03	1.072106E-17	3.814943E-19
7.959809E+03	1.071486E-17	3.812674E-19
7.960009E+03	1.071052E-17	3.811065E-19
7.960209E+03	1.071461E-17	3.812458E-19
7.960409E+03	1.072244E-17	3.815180E-19
7.960609E+03	1.071904E-17	3.813904E-19
7.960809E+03	1.071284E-17	3.811635E-19
7.961009E+03	1.072347E-17	3.815354E-19
7.961209E+03	1.073037E-17	3.817744E-19
7.961409E+03	1.071105E-17	3.810808E-19
7.961609E+03	1.070766E-17	3.809537E-19
7.961809E+03	1.071081E-17	3.810592E-19
7.962009E+03	1.072052E-17	3.813983E-19
7.962209E+03	1.072741E-17	3.816372E-19
7.962409E+03	1.073431E-17	3.818762E-19
7.962609E+03	1.074027E-17	3.820818E-19
7.962809E+03	1.074061E-17	3.820876E-19
7.963009E+03	1.073347E-17	3.818271E-19
7.963209E+03	1.072633E-17	3.815666E-19
7.963409E+03	1.072386E-17	3.814723E-19
7.963609E+03	1.071858E-17	3.812783E-19
7.963809E+03	1.071331E-17	3.810843E-19
7.964009E+03	1.070616E-17	3.808238E-19
7.964210E+03	1.069902E-17	3.805633E-19
7.964410E+03	1.069281E-17	3.803361E-19
7.964610E+03	1.069315E-17	3.803419E-19
7.964810E+03	1.070473E-17	3.807474E-19
7.965410E+03	1.071606E-17	3.811313E-19
7.965610E+03	1.072108E-17	3.813033E-19
7.965810E+03	1.072049E-17	3.812759E-19
7.966410E+03	1.071965E-17	3.812269E-19
7.966610E+03	1.071906E-17	3.811995E-19
7.966810E+03	1.072314E-17	3.813383E-19
7.967010E+03	1.072911E-17	3.815442E-19
7.967210E+03	1.073882E-17	3.818831E-19
7.967410E+03	1.074853E-17	3.822221E-19
7.967610E+03	1.074981E-17	3.822611E-19
7.967810E+03	1.075015E-17	3.822669E-19
7.968010E+03	1.074956E-17	3.822395E-19
7.968210E+03	1.075459E-17	3.824118E-19
7.968410E+03	1.075868E-17	3.825509E-19
7.968610E+03	1.076277E-17	3.826900E-19
7.968810E+03	1.076405E-17	3.827291E-19
7.969011E+03	1.075971E-17	3.825683E-19
7.969211E+03	1.075818E-17	3.825077E-19
7.969410E+03	1.076414E-17	3.827133E-19
7.969610E+03	1.076449E-17	3.827191E-19
7.969810E+03	1.076015E-17	3.825584E-19
7.970011E+03	1.075580E-17	3.823976E-19
7.970210E+03	1.075053E-17	3.822037E-19
7.970410E+03	1.074806E-17	3.821095E-19
7.970610E+03	1.075402E-17	3.823150E-19
7.970810E+03	1.076374E-17	3.826542E-19
7.971010E+03	1.076595E-17	3.827265E-19
7.971210E+03	1.077099E-17	3.828991E-19
7.971410E+03	1.077602E-17	3.830714E-19
7.971610E+03	1.077824E-17	3.831440E-19
7.971810E+03	1.077670E-17	3.830830E-19
7.972010E+03	1.078173E-17	3.832553E-19
7.972210E+03	1.078676E-17	3.834280E-19
7.972410E+03	1.078242E-17	3.832673E-19
7.972610E+03	1.078089E-17	3.832063E-19
7.972810E+03	1.078592E-17	3.833789E-19
7.973010E+03	1.078907E-17	3.834844E-19
7.973210E+03	1.078942E-17	3.834905E-19
7.973410E+03	1.078507E-17	3.833295E-19
7.973610E+03	1.077792E-17	3.830688E-19
7.973810E+03	1.078014E-17	3.831414E-19
7.974011E+03	1.078517E-17	3.833136E-19
7.974211E+03	1.078926E-17	3.834526E-19
7.974411E+03	1.079241E-17	3.835584E-19
7.974611E+03	1.079370E-17	3.835978E-19
7.974811E+03	1.079873E-17	3.837701E-19
7.975011E+03	1.080283E-17	3.839094E-19
7.975211E+03	1.080411E-17	3.839484E-19
7.975411E+03	1.080257E-17	3.838874E-19
7.975611E+03	1.080011E-17	3.837936E-19
7.975811E+03	1.079201E-17	3.834993E-19
7.976011E+03	1.078297E-17	3.831719E-19
7.976211E+03	1.078613E-17	3.832777E-19
7.976411E+03	1.079679E-17	3.836499E-19
7.976611E+03	1.079245E-17	3.834893E-19
7.976811E+03	1.078809E-17	3.833283E-19
7.977011E+03	1.078937E-17	3.833673E-19
7.977211E+03	1.077846E-17	3.829731E-19
7.977411E+03	1.076942E-17	3.826457E-19
7.977611E+03	1.076976E-17	3.826515E-19
7.977811E+03	1.076729E-17	3.825573E-19
7.978211E+03	1.076985E-17	3.826353E-19
7.978411E+03	1.076925E-17	3.826079E-19
7.978611E+03	1.076772E-17	3.825469E-19
7.978812E+03	1.077087E-17	3.826527E-19
7.979012E+03	1.077779E-17	3.828920E-19
7.979212E+03	1.077907E-17	3.829310E-19
7.979412E+03	1.076814E-17	3.825365E-19
7.979612E+03	1.076943E-17	3.825759E-19
7.979812E+03	1.078103E-17	3.829816E-19
7.980412E+03	1.079331E-17	3.833988E-19
7.980612E+03	1.078709E-17	3.831715E-19
7.980812E+03	1.076490E-17	3.823768E-19
7.981012E+03	1.077087E-17	3.825825E-19
7.981612E+03	1.077941E-17	3.828666E-19
7.981811E+03	1.078069E-17	3.829060E-19
7.982011E+03	1.079042E-17	3.832452E-19
7.982212E+03	1.079639E-17	3.834509E-19
7.982412E+03	1.080612E-17	3.837901E-19
7.982611E+03	1.082524E-17	3.844628E-19
7.982811E+03	1.083967E-17	3.849687E-19
7.983011E+03	1.084001E-17	3.849744E-19
7.983211E+03	1.083660E-17	3.848470E-19
7.983411E+03	1.084352E-17	3.850862E-19
7.983611E+03	1.085325E-17	3.854254E-19
7.983812E+03	1.084890E-17	3.852644E-19
7.984012E+03	1.083234E-17	3.846701E-19
7.984212E+03	1.082047E-17	3.842422E-19
7.984412E+03	1.082927E-17	3.845482E-19
7.984612E+03	1.084181E-17	3.849872E-19
7.984812E+03	1.085437E-17	3.854267E-19
7.985012E+03	1.085190E-17	3.853325E-19
7.985212E+03	1.083626E-17	3.847711E-19
7.985412E+03	1.084319E-17	3.850106E-19
7.985612E+03	1.085950E-17	3.855831E-19
7.985812E+03	1.086078E-17	3.856224E-19
7.986012E+03	1.086300E-17	3.856949E-19
7.986212E+03	1.085395E-17	3.853669E-19
7.986412E+03	1.083738E-17	3.847724E-19
7.986612E+03	1.083115E-17	3.845448E-19
7.986812E+03	1.082303E-17	3.842500E-19
7.987012E+03	1.081304E-17	3.838889E-19
7.987212E+03	1.080492E-17	3.835945E-19
7.987412E+03	1.079680E-17	3.832998E-19
7.987612E+03	1.078681E-17	3.829388E-19
7.987812E+03	1.078151E-17	3.827443E-19
7.988012E+03	1.078467E-17	3.828500E-19
7.988212E+03	1.079346E-17	3.831559E-19
7.988412E+03	1.080414E-17	3.835285E-19
7.988613E+03	1.080448E-17	3.835342E-19
7.988813E+03	1.081141E-17	3.837737E-19
7.989013E+03	1.081644E-17	3.839461E-19
7.989213E+03	1.081115E-17	3.837517E-19
7.989413E+03	1.080866E-17	3.836572E-19
7.989613E+03	1.081652E-17	3.839299E-19
7.989813E+03	1.082251E-17	3.841358E-19
7.990013E+03	1.082285E-17	3.841415E-19
7.990213E+03	1.082319E-17	3.841473E-19
7.990413E+03	1.083481E-17	3.845534E-19
7.990613E+03	1.084362E-17	3.848595E-19
7.990813E+03	1.083831E-17	3.846647E-19
7.991013E+03	1.082832E-17	3.843037E-19
7.991213E+03	1.082489E-17	3.841757E-19
7.991413E+03	1.084780E-17	3.849824E-19
7.991613E+03	1.087071E-17	3.857890E-19
7.991813E+03	1.087857E-17	3.860616E-19
7.992013E+03	1.089208E-17	3.865346E-19
7.992213E+03	1.088301E-17	3.862064E-19
7.992613E+03	1.086771E-17	3.856507E-19
7.992813E+03	1.087369E-17	3.858565E-19
7.993013E+03	1.086933E-17	3.856953E-19
7.993213E+03	1.086215E-17	3.854342E-19
7.993413E+03	1.086249E-17	3.854399E-19
7.994014E+03	1.085881E-17	3.852901E-19
7.994214E+03	1.085445E-17	3.851289E-19
7.994413E+03	1.085479E-17	3.851347E-19
7.995213E+03	1.086085E-17	3.853241E-19
7.995413E+03	1.085931E-17	3.852632E-19
7.995613E+03	1.085777E-17	3.852022E-19
7.995813E+03	1.085999E-17	3.852746E-19
7.996013E+03	1.087162E-17	3.856808E-19
7.996213E+03	1.088513E-17	3.861537E-19
7.996413E+03	1.089113E-17	3.863599E-19
7.996613E+03	1.089240E-17	3.863987E-19
7.996813E+03	1.089463E-17	3.864715E-19
7.997013E+03	1.088932E-17	3.862768E-19
7.997213E+03	1.088308E-17	3.860489E-19
7.997413E+03	1.088153E-17	3.859875E-19
7.997613E+03	1.088282E-17	3.860268E-19
7.997813E+03	1.088504E-17	3.860991E-19
7.998013E+03	1.088350E-17	3.860382E-19
7.998213E+03	1.088102E-17	3.859437E-19
7.998413E+03	1.087947E-17	3.858823E-19
7.998614E+03	1.087417E-17	3.856880E-19
7.998814E+03	1.086886E-17	3.854933E-19
7.999014E+03	1.087108E-17	3.855657E-19
7.999214E+03	1.087613E-17	3.857382E-19
7.999414E+03	1.088400E-17	3.860110E-19
7.999614E+03	1.088434E-17	3.860167E-19
7.999814E+03	1.089221E-17	3.862894E-19
8.000014E+03	1.089914E-17	3.865286E-19
8.000214E+03	1.088535E-17	3.860334E-19
8.000414E+03	1.087439E-17	3.856384E-19
8.000614E+03	1.087286E-17	3.855774E-19
8.000814E+03	1.087413E-17	3.856162E-19
8.001014E+03	1.087071E-17	3.854886E-19
8.001214E+03	1.085409E-17	3.848929E-19
8.001414E+03	1.084313E-17	3.844979E-19
8.001614E+03	1.084065E-17	3.844034E-19
8.001814E+03	1.083440E-17	3.841753E-19
8.002014E+03	1.083662E-17	3.842476E-19
8.002214E+03	1.084072E-17	3.843867E-19
8.002414E+03	1.084200E-17	3.844259E-19
8.002614E+03	1.084422E-17	3.844983E-19
8.002814E+03	1.085680E-17	3.849378E-19
8.003014E+03	1.086279E-17	3.851438E-19
8.003214E+03	1.085654E-17	3.849157E-19
8.003415E+03	1.084746E-17	3.845873E-19
8.003615E+03	1.082990E-17	3.839586E-19
8.003815E+03	1.080857E-17	3.831958E-19
8.004015E+03	1.079854E-17	3.828341E-19
8.004215E+03	1.078945E-17	3.825055E-19
8.004415E+03	1.078885E-17	3.824777E-19
8.004615E+03	1.078635E-17	3.823829E-19
8.004815E+03	1.077633E-17	3.820212E-19
8.005015E+03	1.076441E-17	3.815925E-19
8.005215E+03	1.075155E-17	3.811302E-19
8.005415E+03	1.073399E-17	3.805013E-19
8.005615E+03	1.072207E-17	3.800726E-19
8.005815E+03	1.070544E-17	3.794768E-19
8.006015E+03	1.069164E-17	3.789811E-19
8.006215E+03	1.068255E-17	3.786526E-19
8.006415E+03	1.066592E-17	3.780568E-19
8.006615E+03	1.064268E-17	3.772270E-19
8.006815E+03	1.064301E-17	3.772324E-19
8.007015E+03	1.064240E-17	3.772047E-19
8.007215E+03	1.063990E-17	3.771097E-19
8.007414E+03	1.064024E-17	3.771155E-19
8.007614E+03	1.063491E-17	3.769203E-19
8.007815E+03	1.063713E-17	3.769927E-19
8.008015E+03	1.064028E-17	3.770983E-19
8.008215E+03	1.063872E-17	3.770367E-19
8.008415E+03	1.062963E-17	3.767083E-19
8.008615E+03	1.062148E-17	3.764130E-19
8.008815E+03	1.062181E-17	3.764184E-19
8.009015E+03	1.061271E-17	3.760897E-19
8.009215E+03	1.059512E-17	3.754602E-19
8.009415E+03	1.058602E-17	3.751315E-19
8.009615E+03	1.059012E-17	3.752705E-19
8.009815E+03	1.059234E-17	3.753430E-19
8.010015E+03	1.059644E-17	3.754820E-19
8.010215E+03	1.060054E-17	3.756211E-19
8.010415E+03	1.059615E-17	3.754594E-19
8.010615E+03	1.059365E-17	3.753644E-19
8.010815E+03	1.059398E-17	3.753699E-19
8.011015E+03	1.059147E-17	3.752748E-19
8.011215E+03	1.059652E-17	3.754474E-19
8.011415E+03	1.059779E-17	3.754863E-19
8.011615E+03	1.058963E-17	3.751907E-19
8.011815E+03	1.058619E-17	3.750626E-19
8.012015E+03	1.057896E-17	3.748005E-19
8.012215E+03	1.057552E-17	3.746724E-19
8.012415E+03	1.056641E-17	3.743434E-19
8.012615E+03	1.056392E-17	3.742487E-19
8.012815E+03	1.056613E-17	3.743208E-19
8.013015E+03	1.055890E-17	3.740587E-19
8.013216E+03	1.055357E-17	3.738636E-19
8.013416E+03	1.055862E-17	3.740361E-19
8.013616E+03	1.055988E-17	3.740747E-19
8.013816E+03	1.055550E-17	3.739131E-19
8.014016E+03	1.055771E-17	3.739852E-19
8.014216E+03	1.056559E-17	3.742581E-19
8.014616E+03	1.057568E-17	3.746031E-19
8.014816E+03	1.057694E-17	3.746416E-19
8.015016E+03	1.059237E-17	3.751820E-19
8.015216E+03	1.059364E-17	3.752205E-19
8.015416E+03	1.059397E-17	3.752259E-19
8.015616E+03	1.057636E-17	3.745961E-19
8.015816E+03	1.057008E-17	3.743675E-19
8.016016E+03	1.057041E-17	3.743730E-19
8.016216E+03	1.056885E-17	3.743114E-19
8.016416E+03	1.056729E-17	3.742499E-19
8.016616E+03	1.056855E-17	3.742885E-19
8.016816E+03	1.055850E-17	3.739261E-19
8.017016E+03	1.054372E-17	3.733967E-19
8.017216E+03	1.053366E-17	3.730339E-19
8.017416E+03	1.053398E-17	3.730394E-19
8.017616E+03	1.052770E-17	3.728105E-19
8.017816E+03	1.051575E-17	3.723812E-19
8.018016E+03	1.050946E-17	3.721524E-19
8.018217E+03	1.050601E-17	3.720240E-19
8.018417E+03	1.050729E-17	3.720629E-19
8.018617E+03	1.049627E-17	3.716667E-19
8.018817E+03	1.047110E-17	3.707693E-19
8.019017E+03	1.046009E-17	3.703732E-19
8.019217E+03	1.045664E-17	3.702448E-19
8.019417E+03	1.045696E-17	3.702499E-19
8.019617E+03	1.045728E-17	3.702554E-19
8.019816E+03	1.045571E-17	3.701936E-19
8.020016E+03	1.045792E-17	3.702656E-19
8.020217E+03	1.045825E-17	3.702711E-19
8.020417E+03	1.045951E-17	3.703097E-19
8.020617E+03	1.045889E-17	3.702813E-19
8.020816E+03	1.045733E-17	3.702199E-19
8.021016E+03	1.045103E-17	3.699908E-19
8.021216E+03	1.044852E-17	3.698959E-19
8.021416E+03	1.044884E-17	3.699010E-19
8.021616E+03	1.045389E-17	3.700734E-19
8.021816E+03	1.045420E-17	3.700785E-19
8.022016E+03	1.045925E-17	3.702509E-19
8.022216E+03	1.046713E-17	3.705237E-19
8.022416E+03	1.047123E-17	3.706626E-19
8.022616E+03	1.047627E-17	3.708350E-19
8.022816E+03	1.048415E-17	3.711077E-19
8.023017E+03	1.049771E-17	3.715816E-19
8.023217E+03	1.051032E-17	3.720216E-19
8.023417E+03	1.051064E-17	3.720266E-19
8.023617E+03	1.050057E-17	3.716641E-19
8.023817E+03	1.049522E-17	3.714684E-19
8.024017E+03	1.049176E-17	3.713397E-19
8.024217E+03	1.047980E-17	3.709102E-19
8.024417E+03	1.047255E-17	3.706477E-19
8.024617E+03	1.046816E-17	3.704858E-19
8.024817E+03	1.045713E-17	3.700895E-19
8.025017E+03	1.045651E-17	3.700611E-19
8.025217E+03	1.045966E-17	3.701666E-19
8.025417E+03	1.045715E-17	3.700717E-19
8.025617E+03	1.045653E-17	3.700433E-19
8.025817E+03	1.045968E-17	3.701487E-19
8.026017E+03	1.046094E-17	3.701873E-19
8.026617E+03	1.045813E-17	3.700691E-19
8.026817E+03	1.045183E-17	3.698400E-19
8.027017E+03	1.044459E-17	3.695775E-19
8.027617E+03	1.043136E-17	3.690911E-19
8.027817E+03	1.042317E-17	3.687952E-19
8.028018E+03	1.043200E-17	3.691013E-19
8.028218E+03	1.043893E-17	3.693404E-19
8.028418E+03	1.044588E-17	3.695800E-19
8.028618E+03	1.044903E-17	3.696854E-19
8.028818E+03	1.045030E-17	3.697239E-19
8.029018E+03	1.046102E-17	3.700972E-19
8.029218E+03	1.047553E-17	3.706042E-19
8.029418E+03	1.048625E-17	3.709775E-19
8.029618E+03	1.048185E-17	3.708153E-19
8.029818E+03	1.047176E-17	3.704522E-19
8.030018E+03	1.046546E-17	3.702231E-19
8.030218E+03	1.046861E-17	3.703285E-19
8.030418E+03	1.047839E-17	3.706683E-19
8.030618E+03	1.047966E-17	3.707068E-19
8.030818E+03	1.047809E-17	3.706453E-19
8.031018E+03	1.047557E-17	3.705497E-19
8.031218E+03	1.047210E-17	3.704210E-19
8.031418E+03	1.047242E-17	3.704260E-19
8.031618E+03	1.047275E-17	3.704314E-19
8.031818E+03	1.047401E-17	3.704699E-19
8.032018E+03	1.048001E-17	3.706759E-19
8.032218E+03	1.049263E-17	3.711159E-19
8.032418E+03	1.048822E-17	3.709538E-19
8.032618E+03	1.049326E-17	3.711260E-19
8.032819E+03	1.048791E-17	3.709304E-19
8.033019E+03	1.048823E-17	3.709354E-19
8.033218E+03	1.049612E-17	3.712082E-19
8.033418E+03	1.048982E-17	3.709792E-19
8.033618E+03	1.048729E-17	3.708836E-19
8.033818E+03	1.049329E-17	3.710896E-19
8.034018E+03	1.049645E-17	3.711952E-19
8.034218E+03	1.050340E-17	3.714346E-19
8.034418E+03	1.051129E-17	3.717074E-19
8.034618E+03	1.051540E-17	3.718464E-19
8.034818E+03	1.051761E-17	3.719183E-19
8.035018E+03	1.052834E-17	3.722917E-19
8.035218E+03	1.054381E-17	3.728322E-19
8.035418E+03	1.053845E-17	3.726366E-19
8.035618E+03	1.053403E-17	3.724741E-19
8.035818E+03	1.053814E-17	3.726131E-19
8.036018E+03	1.054699E-17	3.729196E-19
8.036218E+03	1.055015E-17	3.730252E-19
8.036418E+03	1.055141E-17	3.730636E-19
8.036618E+03	1.055173E-17	3.730686E-19
8.036818E+03	1.055679E-17	3.732410E-19
8.037018E+03	1.055238E-17	3.730789E-19
8.037218E+03	1.054039E-17	3.726486E-19
8.037418E+03	1.054450E-17	3.727876E-19
8.037618E+03	1.055049E-17	3.729935E-19
8.037819E+03	1.054324E-17	3.727307E-19
8.038019E+03	1.052936E-17	3.722337E-19
8.038219E+03	1.052684E-17	3.721384E-19
8.038419E+03	1.053189E-17	3.723108E-19
8.038619E+03	1.053410E-17	3.723826E-19
8.038819E+03	1.053253E-17	3.723207E-19
8.039019E+03	1.053379E-17	3.723591E-19
8.039219E+03	1.053222E-17	3.722972E-19
8.039419E+03	1.053065E-17	3.722353E-19
8.039619E+03	1.053286E-17	3.723075E-19
8.039819E+03	1.053697E-17	3.724464E-19
8.040019E+03	1.053539E-17	3.723842E-19
8.040219E+03	1.053287E-17	3.722889E-19
8.040419E+03	1.053319E-17	3.722938E-19
8.040619E+03	1.053824E-17	3.724662E-19
8.040819E+03	1.053761E-17	3.724377E-19
8.041019E+03	1.053889E-17	3.724764E-19
8.041219E+03	1.054868E-17	3.728162E-19
8.041419E+03	1.054711E-17	3.727543E-19
8.041619E+03	1.053227E-17	3.722236E-19
8.041819E+03	1.052310E-17	3.718934E-19
8.042019E+03	1.052532E-17	3.719655E-19
8.042219E+03	1.052943E-17	3.721044E-19
8.042419E+03	1.052406E-17	3.719085E-19
8.042620E+03	1.052059E-17	3.717795E-19
8.042820E+03	1.052091E-17	3.717844E-19
8.043020E+03	1.051839E-17	3.716891E-19
8.043220E+03	1.051775E-17	3.716603E-19
8.043420E+03	1.051523E-17	3.715650E-19
8.043620E+03	1.051460E-17	3.715365E-19
8.043820E+03	1.052060E-17	3.717422E-19
8.044020E+03	1.052092E-17	3.717472E-19
8.044220E+03	1.051082E-17	3.713840E-19
8.044420E+03	1.050639E-17	3.712212E-19
8.044620E+03	1.050386E-17	3.711255E-19
8.044820E+03	1.050134E-17	3.710302E-19
8.045020E+03	1.049976E-17	3.709680E-19
8.045220E+03	1.050386E-17	3.711069E-19
8.045419E+03	1.051176E-17	3.713798E-19
8.045619E+03	1.052157E-17	3.717197E-19
8.045819E+03	1.053137E-17	3.720597E-19
8.046020E+03	1.053643E-17	3.722323E-19
8.046220E+03	1.053106E-17	3.720361E-19
8.046419E+03	1.052664E-17	3.718737E-19
8.046619E+03	1.052695E-17	3.718786E-19
8.046819E+03	1.052916E-17	3.719502E-19
8.047019E+03	1.053992E-17	3.723239E-19
8.047219E+03	1.055161E-17	3.727306E-19
8.047419E+03	1.055098E-17	3.727021E-19
8.047620E+03	1.055130E-17	3.727069E-19
8.047820E+03	1.055351E-17	3.727790E-19
8.048020E+03	1.054435E-17	3.724488E-19
8.048220E+03	1.054182E-17	3.723532E-19
8.048420E+03	1.055542E-17	3.728273E-19
8.048620E+03	1.055574E-17	3.728322E-19
8.048820E+03	1.053709E-17	3.721671E-19
8.049020E+03	1.053076E-17	3.719372E-19
8.049220E+03	1.053772E-17	3.721769E-19
8.049420E+03	1.055131E-17	3.726506E-19
8.049620E+03	1.057061E-17	3.733257E-19
8.049820E+03	1.056049E-17	3.729619E-19
8.050020E+03	1.054563E-17	3.724307E-19
8.050220E+03	1.054120E-17	3.722680E-19
8.050420E+03	1.052444E-17	3.716697E-19
8.050620E+03	1.050198E-17	3.708705E-19
8.050820E+03	1.051084E-17	3.711769E-19
8.051020E+03	1.052634E-17	3.717181E-19
8.051220E+03	1.052760E-17	3.717563E-19
8.051420E+03	1.053171E-17	3.718951E-19
8.051620E+03	1.054721E-17	3.724362E-19
8.051820E+03	1.055892E-17	3.728430E-19
8.052020E+03	1.056588E-17	3.730826E-19
8.052220E+03	1.057664E-17	3.734561E-19
8.052621E+03	1.058486E-17	3.737338E-19
8.052821E+03	1.058708E-17	3.738057E-19
8.053021E+03	1.058266E-17	3.736433E-19
8.053221E+03	1.057539E-17	3.733800E-19
8.053421E+03	1.057095E-17	3.732172E-19
8.053621E+03	1.057506E-17	3.733559E-19
8.053821E+03	1.058868E-17	3.738301E-19
8.054021E+03	1.059468E-17	3.740359E-19
8.054221E+03	1.060070E-17	3.742420E-19
8.054421E+03	1.060292E-17	3.743139E-19
8.054621E+03	1.059469E-17	3.740169E-19
8.054821E+03	1.058647E-17	3.737203E-19
8.055021E+03	1.058204E-17	3.735575E-19
8.055221E+03	1.057951E-17	3.734618E-19
8.055421E+03	1.057698E-17	3.733661E-19
8.055621E+03	1.057729E-17	3.733709E-19
8.055821E+03	1.056810E-17	3.730402E-19
8.056021E+03	1.055608E-17	3.726094E-19
8.056221E+03	1.055830E-17	3.726813E-19
8.056421E+03	1.056526E-17	3.729207E-19
8.056621E+03	1.057507E-17	3.732606E-19
8.056821E+03	1.058394E-17	3.735672E-19
8.057021E+03	1.059090E-17	3.738066E-19
8.057221E+03	1.059597E-17	3.739789E-19
8.057422E+03	1.060199E-17	3.741849E-19
8.057622E+03	1.060801E-17	3.743910E-19
8.057822E+03	1.061307E-17	3.745633E-19
8.058021E+03	1.061719E-17	3.747022E-19
8.058221E+03	1.061466E-17	3.746065E-19
8.058422E+03	1.061213E-17	3.745108E-19
8.058622E+03	1.061719E-17	3.746831E-19
8.058822E+03	1.061561E-17	3.746207E-19
8.059021E+03	1.061308E-17	3.745250E-19
8.059221E+03	1.061529E-17	3.745969E-19
8.059421E+03	1.062226E-17	3.748362E-19
8.059621E+03	1.062163E-17	3.748076E-19
8.059821E+03	1.062099E-17	3.747786E-19
8.060021E+03	1.062701E-17	3.749845E-19
8.060221E+03	1.062258E-17	3.748217E-19
8.060421E+03	1.062005E-17	3.747260E-19
8.060621E+03	1.062227E-17	3.747978E-19
8.060821E+03	1.063019E-17	3.750708E-19
8.061021E+03	1.063715E-17	3.753101E-19
8.061221E+03	1.063366E-17	3.751807E-19
8.061421E+03	1.063588E-17	3.752525E-19
8.061621E+03	1.064286E-17	3.754921E-19
8.061821E+03	1.064793E-17	3.756646E-19
8.062021E+03	1.065395E-17	3.758705E-19
8.062221E+03	1.065711E-17	3.759756E-19
8.062422E+03	1.065648E-17	3.759469E-19
8.062622E+03	1.066156E-17	3.761195E-19
8.063022E+03	1.067169E-17	3.764641E-19
8.063222E+03	1.067487E-17	3.765696E-19
8.063422E+03	1.068088E-17	3.767754E-19
8.063622E+03	1.068691E-17	3.769816E-19
8.063822E+03	1.067963E-17	3.767180E-19
8.064022E+03	1.067328E-17	3.764878E-19
8.064222E+03	1.066409E-17	3.761572E-19
8.064422E+03	1.067202E-17	3.764304E-19
8.064622E+03	1.068185E-17	3.767703E-19
8.064822E+03	1.068978E-17	3.770435E-19
8.065022E+03	1.069104E-17	3.770815E-19
8.065222E+03	1.068755E-17	3.769520E-19
8.065422E+03	1.068597E-17	3.768896E-19
8.065622E+03	1.068344E-17	3.767939E-19
8.065822E+03	1.068091E-17	3.766981E-19
8.066022E+03	1.068217E-17	3.767361E-19
8.066222E+03	1.068534E-17	3.768415E-19
8.066422E+03	1.068471E-17	3.768128E-19
8.066622E+03	1.068122E-17	3.766833E-19
8.066822E+03	1.067583E-17	3.764864E-19
8.067022E+03	1.067330E-17	3.763907E-19
8.067223E+03	1.068217E-17	3.766971E-19
8.067423E+03	1.068440E-17	3.767691E-19
8.067623E+03	1.067900E-17	3.765723E-19
8.067823E+03	1.068407E-17	3.767447E-19
8.068023E+03	1.068915E-17	3.769170E-19
8.068223E+03	1.068946E-17	3.769216E-19
8.068423E+03	1.068883E-17	3.768929E-19
8.068623E+03	1.068345E-17	3.766964E-19
8.068823E+03	1.067710E-17	3.764662E-19
8.069023E+03	1.067552E-17	3.764038E-19
8.069223E+03	1.067392E-17	3.763410E-19
8.069423E+03	1.067044E-17	3.762116E-19
8.069623E+03	1.067171E-17	3.762499E-19
8.069823E+03	1.067297E-17	3.762878E-19
8.070023E+03	1.067519E-17	3.763598E-19
8.070223E+03	1.068312E-17	3.766328E-19
8.070423E+03	1.069105E-17	3.769058E-19
8.070623E+03	1.069898E-17	3.771789E-19
8.070823E+03	1.070501E-17	3.773848E-19
8.071023E+03	1.070913E-17	3.775234E-19
8.071222E+03	1.070945E-17	3.775280E-19
8.071422E+03	1.070216E-17	3.772645E-19
8.071623E+03	1.069200E-17	3.768999E-19
8.071823E+03	1.069136E-17	3.768708E-19
8.072022E+03	1.069549E-17	3.770098E-19
8.072223E+03	1.070247E-17	3.772494E-19
8.072423E+03	1.070088E-17	3.771866E-19
8.072623E+03	1.069168E-17	3.768557E-19
8.072823E+03	1.068628E-17	3.766589E-19
8.073023E+03	1.068755E-17	3.766971E-19
8.073223E+03	1.068787E-17	3.767017E-19
8.073423E+03	1.068723E-17	3.766726E-19
8.073623E+03	1.068374E-17	3.765431E-19
8.073823E+03	1.068215E-17	3.764806E-19
8.074023E+03	1.068913E-17	3.767199E-19
8.074223E+03	1.069136E-17	3.767918E-19
8.074423E+03	1.068976E-17	3.767289E-19
8.074623E+03	1.068532E-17	3.765658E-19
8.074823E+03	1.067611E-17	3.762346E-19
8.075023E+03	1.066881E-17	3.759708E-19
8.075223E+03	1.066151E-17	3.757070E-19
8.075423E+03	1.065134E-17	3.753422E-19
8.075623E+03	1.063833E-17	3.748771E-19
8.075823E+03	1.061673E-17	3.741096E-19
8.076023E+03	1.059609E-17	3.733755E-19
8.076223E+03	1.059164E-17	3.732124E-19
8.076423E+03	1.059386E-17	3.732840E-19
8.076623E+03	1.060275E-17	3.735905E-19
8.076823E+03	1.061163E-17	3.738971E-19
8.077024E+03	1.061195E-17	3.739016E-19
8.077224E+03	1.059321E-17	3.732349E-19
8.077424E+03	1.057827E-17	3.727021E-19
8.077624E+03	1.058335E-17	3.728743E-19
8.077824E+03	1.056461E-17	3.722076E-19
8.078024E+03	1.054777E-17	3.716080E-19
8.078224E+03	1.053855E-17	3.712766E-19
8.078424E+03	1.053506E-17	3.711468E-19
8.078624E+03	1.053822E-17	3.712517E-19
8.078824E+03	1.054330E-17	3.714242E-19
8.079024E+03	1.054456E-17	3.714621E-19
8.079224E+03	1.055153E-17	3.717013E-19
8.079424E+03	1.054422E-17	3.714372E-19
8.079624E+03	1.052833E-17	3.708709E-19
8.079824E+03	1.051626E-17	3.704389E-19
8.080024E+03	1.052991E-17	3.709134E-19
8.080224E+03	1.053784E-17	3.711862E-19
8.080424E+03	1.052957E-17	3.708885E-19
8.080624E+03	1.052703E-17	3.707924E-19
8.080824E+03	1.052161E-17	3.705950E-19
8.081024E+03	1.051430E-17	3.703310E-19
8.081224E+03	1.052128E-17	3.705705E-19
8.081424E+03	1.053494E-17	3.710448E-19
8.081624E+03	1.053715E-17	3.711163E-19
8.081824E+03	1.053841E-17	3.711541E-19
8.082025E+03	1.054635E-17	3.714272E-19
8.082225E+03	1.054953E-17	3.715323E-19
8.082425E+03	1.054887E-17	3.715028E-19
8.082625E+03	1.054633E-17	3.714068E-19
8.082825E+03	1.054091E-17	3.712094E-19
8.083025E+03	1.053265E-17	3.709117E-19
8.083225E+03	1.052437E-17	3.706137E-19
8.083425E+03	1.051896E-17	3.704167E-19
8.083624E+03	1.052022E-17	3.704545E-19
8.083824E+03	1.052339E-17	3.705596E-19
8.084025E+03	1.052180E-17	3.704968E-19
8.084225E+03	1.051733E-17	3.703331E-19
8.084425E+03	1.051192E-17	3.701361E-19
8.084624E+03	1.050841E-17	3.700060E-19
8.084824E+03	1.050586E-17	3.699096E-19
8.085024E+03	1.049950E-17	3.696789E-19
8.085224E+03	1.050076E-17	3.697167E-19
8.085424E+03	1.050297E-17	3.697882E-19
8.085624E+03	1.050804E-17	3.699602E-19
8.085824E+03	1.050645E-17	3.698974E-19
8.086024E+03	1.050771E-17	3.699352E-19
8.086224E+03	1.050992E-17	3.700067E-19
8.086424E+03	1.050833E-17	3.699439E-19
8.086624E+03	1.050101E-17	3.696796E-19
8.086825E+03	1.051276E-17	3.700867E-19
8.087025E+03	1.053023E-17	3.706953E-19
8.087225E+03	1.052864E-17	3.706325E-19
8.087425E+03	1.052227E-17	3.704019E-19
8.087625E+03	1.051303E-17	3.700699E-19
8.087825E+03	1.050285E-17	3.697051E-19
8.088025E+03	1.050029E-17	3.696083E-19
8.088225E+03	1.049869E-17	3.695455E-19
8.088425E+03	1.049804E-17	3.695160E-19
8.088625E+03	1.050408E-17	3.697219E-19
8.088825E+03	1.050819E-17	3.698602E-19
8.089025E+03	1.050373E-17	3.696965E-19
8.089225E+03	1.049068E-17	3.692308E-19
8.089425E+03	1.048908E-17	3.691676E-19
8.089625E+03	1.049511E-17	3.693736E-19
8.089825E+03	1.048778E-17	3.691089E-19
8.090025E+03	1.047282E-17	3.685756E-19
8.090225E+03	1.046835E-17	3.684119E-19
8.090425E+03	1.046579E-17	3.683151E-19
8.090625E+03	1.045941E-17	3.680842E-19
8.090825E+03	1.046545E-17	3.682901E-19
8.091025E+03	1.046767E-17	3.683615E-19
8.091225E+03	1.047178E-17	3.684997E-19
8.091425E+03	1.047305E-17	3.685378E-19
8.091625E+03	1.048385E-17	3.689111E-19
8.091826E+03	1.049943E-17	3.694529E-19
8.092026E+03	1.050833E-17	3.697593E-19
8.092226E+03	1.051723E-17	3.700660E-19
8.092426E+03	1.052804E-17	3.704396E-19
8.092626E+03	1.053503E-17	3.706791E-19
8.092826E+03	1.054775E-17	3.711199E-19
8.093026E+03	1.056143E-17	3.715944E-19
8.093226E+03	1.057128E-17	3.719343E-19
8.093426E+03	1.057732E-17	3.721401E-19
8.093626E+03	1.057954E-17	3.722117E-19
8.093826E+03	1.058080E-17	3.722493E-19
8.094026E+03	1.058206E-17	3.722869E-19
8.094226E+03	1.059001E-17	3.725599E-19
8.094426E+03	1.059032E-17	3.725643E-19
8.094626E+03	1.058967E-17	3.725346E-19
8.094826E+03	1.059189E-17	3.726059E-19
8.095026E+03	1.059507E-17	3.727111E-19
8.095226E+03	1.060397E-17	3.730176E-19
8.095426E+03	1.061097E-17	3.732569E-19
8.095626E+03	1.060649E-17	3.730928E-19
8.095826E+03	1.060012E-17	3.728618E-19
8.096026E+03	1.059661E-17	3.727316E-19
8.096225E+03	1.059787E-17	3.727693E-19
8.096426E+03	1.059531E-17	3.726727E-19
8.096627E+03	1.058989E-17	3.724753E-19
8.096827E+03	1.059497E-17	3.726473E-19
8.097026E+03	1.060961E-17	3.731555E-19
8.097226E+03	1.062330E-17	3.736301E-19
8.097426E+03	1.062838E-17	3.738021E-19
8.097626E+03	1.062009E-17	3.735038E-19
8.097826E+03	1.060797E-17	3.730708E-19
8.098026E+03	1.061689E-17	3.733776E-19
8.098226E+03	1.062484E-17	3.736504E-19
8.098426E+03	1.061846E-17	3.734194E-19
8.098626E+03	1.060729E-17	3.730200E-19
8.098826E+03	1.060187E-17	3.728226E-19
8.099026E+03	1.060313E-17	3.728602E-19
8.099226E+03	1.060917E-17	3.730657E-19
8.099426E+03	1.061713E-17	3.733389E-19
8.099626E+03	1.061839E-17	3.733764E-19
8.099826E+03	1.061679E-17	3.733134E-19
8.100026E+03	1.061901E-17	3.733846E-19
8.100226E+03	1.061453E-17	3.732204E-19
8.100426E+03	1.061198E-17	3.731239E-19
8.100626E+03	1.061419E-17	3.731950E-19
8.100826E+03	1.062311E-17	3.735016E-19
8.101026E+03	1.063775E-17	3.740096E-19
8.101226E+03	1.064475E-17	3.742490E-19
8.101426E+03	1.064793E-17	3.743540E-19
8.101627E+03	1.065397E-17	3.745595E-19
8.101827E+03	1.066193E-17	3.748325E-19
8.102027E+03	1.066893E-17	3.750719E-19
8.102227E+03	1.066350E-17	3.748741E-19
8.102427E+03	1.065138E-17	3.744412E-19
8.102627E+03	1.064786E-17	3.743106E-19
8.102827E+03	1.064531E-17	3.742140E-19
8.103027E+03	1.064083E-17	3.740499E-19
8.103227E+03	1.064113E-17	3.740537E-19
8.103427E+03	1.064814E-17	3.742931E-19
8.103627E+03	1.064941E-17	3.743309E-19
8.103827E+03	1.064780E-17	3.742675E-19
8.104027E+03	1.064046E-17	3.740026E-19
8.104227E+03	1.063502E-17	3.738049E-19
8.104427E+03	1.063055E-17	3.736407E-19
8.104627E+03	1.062798E-17	3.735438E-19
8.104827E+03	1.062160E-17	3.733125E-19
8.105027E+03	1.061234E-17	3.729804E-19
8.105227E+03	1.061647E-17	3.731186E-19
8.105427E+03	1.062634E-17	3.734587E-19
8.105627E+03	1.063527E-17	3.737655E-19
8.105827E+03	1.064130E-17	3.739708E-19
8.106027E+03	1.064353E-17	3.740422E-19
8.106227E+03	1.064766E-17	3.741807E-19
8.106428E+03	1.065083E-17	3.742852E-19
8.106628E+03	1.064636E-17	3.741210E-19
8.106828E+03	1.063424E-17	3.736882E-19
8.107028E+03	1.062879E-17	3.734901E-19
8.107228E+03	1.063006E-17	3.735279E-19
8.107428E+03	1.062559E-17	3.733637E-19
8.107628E+03	1.061919E-17	3.731321E-19
8.107828E+03	1.061567E-17	3.730015E-19
8.108028E+03	1.061597E-17	3.730053E-19
8.108228E+03	1.062490E-17	3.733120E-19
8.108428E+03	1.063572E-17	3.736856E-19
8.108628E+03	1.064177E-17	3.738912E-19
8.108828E+03	1.064591E-17	3.740296E-19
8.109028E+03	1.064048E-17	3.738319E-19
8.109227E+03	1.062833E-17	3.733984E-19
8.109427E+03	1.061811E-17	3.730325E-19
8.109627E+03	1.061268E-17	3.728348E-19
8.109828E+03	1.061107E-17	3.727714E-19
8.110028E+03	1.060372E-17	3.725061E-19
8.110227E+03	1.059541E-17	3.722074E-19
8.110427E+03	1.058422E-17	3.718075E-19
8.110627E+03	1.056538E-17	3.711387E-19
8.110827E+03	1.055898E-17	3.709071E-19
8.111027E+03	1.056312E-17	3.710456E-19
8.111227E+03	1.055193E-17	3.706458E-19
8.111428E+03	1.053787E-17	3.701452E-19
8.111628E+03	1.054967E-17	3.705526E-19
8.111828E+03	1.056529E-17	3.710945E-19
8.112028E+03	1.056464E-17	3.710647E-19
8.112228E+03	1.058218E-17	3.716738E-19
8.112428E+03	1.060163E-17	3.723500E-19
8.112628E+03	1.059523E-17	3.721184E-19
8.112828E+03	1.059266E-17	3.720214E-19
8.113028E+03	1.059967E-17	3.722605E-19
8.113228E+03	1.060092E-17	3.722978E-19
8.113428E+03	1.060698E-17	3.725036E-19
8.113628E+03	1.061015E-17	3.726080E-19
8.113828E+03	1.060089E-17	3.722757E-19
8.114028E+03	1.058491E-17	3.717077E-19
8.114228E+03	1.057659E-17	3.714087E-19
8.114428E+03	1.057498E-17	3.713453E-19
8.114628E+03	1.057049E-17	3.711808E-19
8.114828E+03	1.056122E-17	3.708482E-19
8.115028E+03	1.055481E-17	3.706163E-19
8.115228E+03	1.055703E-17	3.706874E-19
8.115428E+03	1.055925E-17	3.707583E-19
8.115628E+03	1.055764E-17	3.706949E-19
8.115828E+03	1.055506E-17	3.705975E-19
8.116028E+03	1.056303E-17	3.708704E-19
8.116228E+03	1.056717E-17	3.710087E-19
8.116429E+03	1.056268E-17	3.708442E-19
8.116629E+03	1.056873E-17	3.710496E-19
8.116829E+03	1.057765E-17	3.713560E-19
8.117029E+03	1.057987E-17	3.714268E-19
8.117229E+03	1.058976E-17	3.717671E-19
8.117429E+03	1.060156E-17	3.721745E-19
8.117629E+03	1.059611E-17	3.719761E-19
8.117829E+03	1.058874E-17	3.717106E-19
8.118029E+03	1.058809E-17	3.716807E-19
8.118229E+03	1.058072E-17	3.714152E-19
8.118429E+03	1.057049E-17	3.710491E-19
8.118629E+03	1.055737E-17	3.705816E-19
8.118829E+03	1.054330E-17	3.700806E-19
8.119029E+03	1.053498E-17	3.697816E-19
8.119229E+03	1.053431E-17	3.697514E-19
8.119429E+03	1.053845E-17	3.698896E-19
8.119629E+03	1.054738E-17	3.701963E-19
8.119829E+03	1.056014E-17	3.706371E-19
8.120029E+03	1.057003E-17	3.709773E-19
8.120229E+03	1.057129E-17	3.710144E-19
8.120429E+03	1.057350E-17	3.710852E-19
8.120629E+03	1.058147E-17	3.713579E-19
8.120829E+03	1.058849E-17	3.715970E-19
8.121029E+03	1.059933E-17	3.719706E-19
8.121230E+03	1.060922E-17	3.723107E-19
8.121430E+03	1.061337E-17	3.724492E-19
8.121630E+03	1.061367E-17	3.724528E-19
8.121829E+03	1.061493E-17	3.724899E-19
8.122029E+03	1.061811E-17	3.725945E-19
8.122230E+03	1.062033E-17	3.726654E-19
8.122430E+03	1.062063E-17	3.726690E-19
8.122630E+03	1.062189E-17	3.727061E-19
8.122829E+03	1.061740E-17	3.725416E-19
8.123029E+03	1.060715E-17	3.721749E-19
8.123229E+03	1.059786E-17	3.718420E-19
8.123429E+03	1.058953E-17	3.715426E-19
8.123629E+03	1.058505E-17	3.713782E-19
8.123829E+03	1.058055E-17	3.712133E-19
8.124029E+03	1.056838E-17	3.707795E-19
8.124229E+03	1.055430E-17	3.702783E-19
8.124429E+03	1.054309E-17	3.698781E-19
8.124629E+03	1.053667E-17	3.696458E-19
8.124829E+03	1.054080E-17	3.697839E-19
8.125029E+03	1.054494E-17	3.699220E-19
8.125229E+03	1.054141E-17	3.697911E-19
8.125429E+03	1.054459E-17	3.698956E-19
8.125629E+03	1.054297E-17	3.698317E-19
8.125829E+03	1.053750E-17	3.696330E-19
8.126029E+03	1.053301E-17	3.694682E-19
8.126230E+03	1.052275E-17	3.691015E-19
8.126430E+03	1.051250E-17	3.687349E-19
8.126630E+03	1.050417E-17	3.684356E-19
8.126830E+03	1.049583E-17	3.681360E-19
8.127030E+03	1.048749E-17	3.678368E-19
8.127230E+03	1.047243E-17	3.673015E-19
8.127430E+03	1.045738E-17	3.667665E-19
8.127630E+03	1.045000E-17	3.665009E-19
8.127830E+03	1.045029E-17	3.665041E-19
8.128030E+03	1.045251E-17	3.665747E-19
8.128230E+03	1.044609E-17	3.663426E-19
8.128430E+03	1.043679E-17	3.660095E-19
8.128630E+03	1.043612E-17	3.659792E-19
8.128830E+03	1.043642E-17	3.659824E-19
8.129030E+03	1.043672E-17	3.659860E-19
8.129230E+03	1.043221E-17	3.658209E-19
8.129430E+03	1.043154E-17	3.657906E-19
8.129630E+03	1.044432E-17	3.662317E-19
8.129830E+03	1.044654E-17	3.663023E-19
8.130030E+03	1.043147E-17	3.657671E-19
8.130230E+03	1.043273E-17	3.658042E-19
8.130430E+03	1.043399E-17	3.658412E-19
8.130630E+03	1.043044E-17	3.657100E-19
8.130830E+03	1.042978E-17	3.656797E-19
8.131031E+03	1.042815E-17	3.656155E-19
8.131231E+03	1.043228E-17	3.657534E-19
8.131431E+03	1.044603E-17	3.662282E-19
8.131631E+03	1.045304E-17	3.664671E-19
8.131831E+03	1.045430E-17	3.665041E-19
8.132031E+03	1.045363E-17	3.664737E-19
8.132231E+03	1.044145E-17	3.660395E-19
8.132431E+03	1.044078E-17	3.660091E-19
8.132631E+03	1.044107E-17	3.660123E-19
8.132831E+03	1.043561E-17	3.658137E-19
8.133031E+03	1.043782E-17	3.658842E-19
8.133231E+03	1.044196E-17	3.660221E-19
8.133431E+03	1.044226E-17	3.660256E-19
8.133631E+03	1.044639E-17	3.661635E-19
8.133831E+03	1.045437E-17	3.664361E-19
8.134031E+03	1.046043E-17	3.666413E-19
8.134230E+03	1.045976E-17	3.666109E-19
8.134431E+03	1.045141E-17	3.663111E-19
8.134631E+03	1.045075E-17	3.662807E-19
8.134831E+03	1.045488E-17	3.664185E-19
8.135030E+03	1.045326E-17	3.663546E-19
8.135230E+03	1.044683E-17	3.661222E-19
8.135431E+03	1.044135E-17	3.659232E-19
8.135630E+03	1.044645E-17	3.660949E-19
8.135830E+03	1.046404E-17	3.667041E-19
8.136031E+03	1.046722E-17	3.668084E-19
8.136231E+03	1.045695E-17	3.664412E-19
8.136431E+03	1.045820E-17	3.664782E-19
8.136631E+03	1.046330E-17	3.666498E-19
8.136831E+03	1.046167E-17	3.665855E-19
8.137031E+03	1.045236E-17	3.662522E-19
8.137231E+03	1.044209E-17	3.658851E-19
8.137431E+03	1.045007E-17	3.661575E-19
8.137631E+03	1.046093E-17	3.665311E-19
8.137831E+03	1.046315E-17	3.666015E-19
8.138031E+03	1.047497E-17	3.670086E-19
8.138231E+03	1.048391E-17	3.673148E-19
8.138431E+03	1.048421E-17	3.673182E-19
8.138631E+03	1.049411E-17	3.676579E-19
8.138831E+03	1.050018E-17	3.678633E-19
8.139031E+03	1.048894E-17	3.674623E-19
8.139231E+03	1.047674E-17	3.670278E-19
8.139431E+03	1.047511E-17	3.669635E-19
8.139631E+03	1.047926E-17	3.671016E-19
8.139831E+03	1.048436E-17	3.672730E-19
8.140031E+03	1.048273E-17	3.672087E-19
8.140231E+03	1.048206E-17	3.671782E-19
8.140431E+03	1.048908E-17	3.674170E-19
8.140631E+03	1.049418E-17	3.675885E-19
8.140832E+03	1.049160E-17	3.674907E-19
8.141032E+03	1.049093E-17	3.674601E-19
8.141232E+03	1.049314E-17	3.675304E-19
8.141432E+03	1.048863E-17	3.673653E-19
8.141632E+03	1.048124E-17	3.670990E-19
8.141832E+03	1.048249E-17	3.671358E-19
8.142032E+03	1.048567E-17	3.672399E-19
8.142232E+03	1.048404E-17	3.671756E-19
8.142432E+03	1.048530E-17	3.672124E-19
8.142632E+03	1.049424E-17	3.675184E-19
8.142832E+03	1.050127E-17	3.677574E-19
8.143032E+03	1.050830E-17	3.679961E-19
8.143232E+03	1.051436E-17	3.682013E-19
8.143432E+03	1.051465E-17	3.682042E-19
8.143632E+03	1.050918E-17	3.680052E-19
8.143832E+03	1.050948E-17	3.680085E-19
8.144032E+03	1.051747E-17	3.682810E-19
8.144232E+03	1.051391E-17	3.681493E-19
8.144432E+03	1.051132E-17	3.680511E-19
8.144632E+03	1.052219E-17	3.684246E-19
8.144832E+03	1.052537E-17	3.685286E-19
8.145032E+03	1.052663E-17	3.685654E-19
8.145232E+03	1.053655E-17	3.689054E-19
8.145432E+03	1.054454E-17	3.691778E-19
8.145632E+03	1.054965E-17	3.693494E-19
8.145833E+03	1.055186E-17	3.694195E-19
8.146033E+03	1.055408E-17	3.694900E-19
8.146233E+03	1.055149E-17	3.693921E-19
8.146433E+03	1.055371E-17	3.694622E-19
8.146633E+03	1.055593E-17	3.695327E-19
8.146833E+03	1.055237E-17	3.694010E-19
8.147033E+03	1.055363E-17	3.694376E-19
8.147233E+03	1.055777E-17	3.695753E-19
8.147432E+03	1.055903E-17	3.696120E-19
8.147632E+03	1.054586E-17	3.691435E-19
8.147833E+03	1.053075E-17	3.686074E-19
8.148033E+03	1.052334E-17	3.683408E-19
8.148232E+03	1.052364E-17	3.683440E-19
8.148432E+03	1.053452E-17	3.687174E-19
8.148632E+03	1.056177E-17	3.696637E-19
8.148832E+03	1.057650E-17	3.701719E-19
8.149032E+03	1.058642E-17	3.705117E-19
8.149232E+03	1.059826E-17	3.709188E-19
8.149432E+03	1.058893E-17	3.705849E-19
8.149632E+03	1.057382E-17	3.700488E-19
8.149832E+03	1.057411E-17	3.700516E-19
8.150032E+03	1.058116E-17	3.702906E-19
8.150232E+03	1.058145E-17	3.702934E-19
8.150432E+03	1.057308E-17	3.699933E-19
8.150633E+03	1.055412E-17	3.693224E-19
8.150833E+03	1.053805E-17	3.687526E-19
8.151033E+03	1.053642E-17	3.686881E-19
8.151233E+03	1.054056E-17	3.688257E-19
8.151433E+03	1.054374E-17	3.689295E-19
8.151633E+03	1.054500E-17	3.689661E-19
8.151833E+03	1.053759E-17	3.686995E-19
8.152033E+03	1.053788E-17	3.687022E-19
8.152233E+03	1.054876E-17	3.690757E-19
8.152433E+03	1.056062E-17	3.694830E-19
8.152633E+03	1.056476E-17	3.696205E-19
8.152833E+03	1.056024E-17	3.694550E-19
8.153033E+03	1.056054E-17	3.694580E-19
8.153233E+03	1.056180E-17	3.694945E-19
8.153433E+03	1.055727E-17	3.693286E-19
8.153633E+03	1.054986E-17	3.690620E-19
8.153833E+03	1.054823E-17	3.689975E-19
8.154033E+03	1.054563E-17	3.688992E-19
8.154233E+03	1.053725E-17	3.685988E-19
8.154433E+03	1.052791E-17	3.682646E-19
8.154633E+03	1.052821E-17	3.682677E-19
8.154833E+03	1.053813E-17	3.686072E-19
8.155033E+03	1.054324E-17	3.687785E-19
8.155233E+03	1.053872E-17	3.686130E-19
8.155433E+03	1.053612E-17	3.685146E-19
8.155634E+03	1.053256E-17	3.683825E-19
8.155834E+03	1.053478E-17	3.684527E-19
8.156034E+03	1.054567E-17	3.688260E-19
8.156234E+03	1.055366E-17	3.690983E-19
8.156434E+03	1.055108E-17	3.690003E-19
8.156634E+03	1.054366E-17	3.687333E-19
8.156834E+03	1.054202E-17	3.686688E-19
8.157034E+03	1.055002E-17	3.689410E-19
8.157234E+03	1.055705E-17	3.691794E-19
8.157434E+03	1.056506E-17	3.694519E-19
8.157634E+03	1.057595E-17	3.698251E-19
8.157834E+03	1.058396E-17	3.700976E-19
8.158034E+03	1.059389E-17	3.704373E-19
8.158234E+03	1.060093E-17	3.706760E-19
8.158434E+03	1.060411E-17	3.707796E-19
8.158634E+03	1.061115E-17	3.710183E-19
8.158834E+03	1.061722E-17	3.712232E-19
8.159034E+03	1.062427E-17	3.714618E-19
8.159234E+03	1.063516E-17	3.718352E-19
8.159434E+03	1.064220E-17	3.720738E-19
8.159634E+03	1.063961E-17	3.719754E-19
8.159833E+03	1.063605E-17	3.718435E-19
8.160033E+03	1.063441E-17	3.717785E-19
8.160234E+03	1.063181E-17	3.716800E-19
8.160435E+03	1.063114E-17	3.716491E-19
8.160635E+03	1.063144E-17	3.716520E-19
8.160834E+03	1.063077E-17	3.716208E-19
8.161034E+03	1.062239E-17	3.713204E-19
8.161234E+03	1.061207E-17	3.709521E-19
8.161434E+03	1.061141E-17	3.709212E-19
8.161634E+03	1.061363E-17	3.709913E-19
8.161834E+03	1.061199E-17	3.709263E-19
8.162034E+03	1.061517E-17	3.710301E-19
8.162234E+03	1.062318E-17	3.713023E-19
8.162434E+03	1.062830E-17	3.714737E-19
8.162634E+03	1.063726E-17	3.717793E-19
8.162834E+03	1.065685E-17	3.724560E-19
8.163034E+03	1.066968E-17	3.728971E-19
8.163234E+03	1.067384E-17	3.730346E-19
8.163434E+03	1.068088E-17	3.732730E-19
8.163634E+03	1.069082E-17	3.736127E-19
8.163834E+03	1.069401E-17	3.737164E-19
8.164034E+03	1.069334E-17	3.736854E-19
8.164234E+03	1.069748E-17	3.738225E-19
8.164434E+03	1.071322E-17	3.743647E-19
8.164634E+03	1.072123E-17	3.746368E-19
8.164834E+03	1.071284E-17	3.743360E-19
8.165034E+03	1.071410E-17	3.743721E-19
8.165234E+03	1.072308E-17	3.746783E-19
8.165435E+03	1.073881E-17	3.752200E-19
8.165635E+03	1.075165E-17	3.756608E-19
8.165835E+03	1.075773E-17	3.758657E-19
8.166035E+03	1.076092E-17	3.759693E-19
8.166235E+03	1.077183E-17	3.763425E-19
8.166435E+03	1.077791E-17	3.765474E-19
8.166635E+03	1.077918E-17	3.765838E-19
8.166835E+03	1.078333E-17	3.767210E-19
8.167035E+03	1.078363E-17	3.767237E-19
8.167235E+03	1.078393E-17	3.767263E-19
8.167435E+03	1.078036E-17	3.765939E-19
8.167635E+03	1.077583E-17	3.764278E-19
8.167835E+03	1.078385E-17	3.767001E-19
8.168035E+03	1.078512E-17	3.767364E-19
8.168235E+03	1.078058E-17	3.765703E-19
8.168435E+03	1.078184E-17	3.766063E-19
8.168635E+03	1.078504E-17	3.767102E-19
8.168835E+03	1.079209E-17	3.769486E-19
8.169035E+03	1.080107E-17	3.772546E-19
8.169235E+03	1.081006E-17	3.775605E-19
8.169435E+03	1.081228E-17	3.776302E-19
8.169635E+03	1.081065E-17	3.775652E-19
8.169835E+03	1.080708E-17	3.774328E-19
8.170035E+03	1.080931E-17	3.775029E-19
8.170236E+03	1.081058E-17	3.775391E-19
8.170436E+03	1.081088E-17	3.775417E-19
8.170636E+03	1.081406E-17	3.776451E-19
8.170836E+03	1.081823E-17	3.777826E-19
8.171036E+03	1.082431E-17	3.779872E-19
8.171236E+03	1.083136E-17	3.782255E-19
8.171436E+03	1.084131E-17	3.785650E-19
8.171636E+03	1.083968E-17	3.785000E-19
8.171836E+03	1.082646E-17	3.780306E-19
8.172036E+03	1.082000E-17	3.777970E-19
8.172236E+03	1.082320E-17	3.779007E-19
8.172435E+03	1.082638E-17	3.780040E-19
8.172636E+03	1.083345E-17	3.782426E-19
8.172836E+03	1.084533E-17	3.786495E-19
8.173035E+03	1.084756E-17	3.787195E-19
8.173235E+03	1.084785E-17	3.787216E-19
8.173435E+03	1.085104E-17	3.788252E-19
8.173636E+03	1.085231E-17	3.788613E-19
8.173835E+03	1.085454E-17	3.789313E-19
8.174035E+03	1.085291E-17	3.788663E-19
8.174235E+03	1.085513E-17	3.789358E-19
8.174435E+03	1.085736E-17	3.790057E-19
8.174635E+03	1.086828E-17	3.793791E-19
8.174835E+03	1.087437E-17	3.795835E-19
8.175035E+03	1.087370E-17	3.795522E-19
8.175236E+03	1.087304E-17	3.795208E-19
8.175436E+03	1.086947E-17	3.793883E-19
8.175636E+03	1.087846E-17	3.796942E-19
8.175836E+03	1.089036E-17	3.801012E-19
8.176036E+03	1.089644E-17	3.803055E-19
8.176236E+03	1.090060E-17	3.804428E-19
8.176436E+03	1.090477E-17	3.805800E-19
8.176636E+03	1.090024E-17	3.804138E-19
8.176836E+03	1.089377E-17	3.801801E-19
8.177036E+03	1.089214E-17	3.801150E-19
8.177236E+03	1.088954E-17	3.800162E-19
8.177436E+03	1.088886E-17	3.799845E-19
8.177636E+03	1.089592E-17	3.802228E-19
8.177836E+03	1.089622E-17	3.802251E-19
8.178036E+03	1.089072E-17	3.800252E-19
8.178236E+03	1.089392E-17	3.801286E-19
8.178436E+03	1.090098E-17	3.803669E-19
8.178636E+03	1.091191E-17	3.807401E-19
8.178836E+03	1.091607E-17	3.808772E-19
8.179036E+03	1.091444E-17	3.808121E-19
8.179236E+03	1.091280E-17	3.807469E-19
8.179436E+03	1.091890E-17	3.809514E-19
8.179636E+03	1.092692E-17	3.812234E-19
8.179836E+03	1.093205E-17	3.813942E-19
8.180037E+03	1.094396E-17	3.818012E-19
8.180237E+03	1.095488E-17	3.821742E-19
8.180437E+03	1.095711E-17	3.822438E-19
8.180637E+03	1.096418E-17	3.824823E-19
8.180837E+03	1.097608E-17	3.828890E-19
8.181037E+03	1.098605E-17	3.832285E-19
8.181237E+03	1.098731E-17	3.832644E-19
8.181437E+03	1.099438E-17	3.835029E-19
8.181637E+03	1.100048E-17	3.837072E-19
8.181837E+03	1.099981E-17	3.836757E-19
8.182037E+03	1.100494E-17	3.838463E-19
8.182237E+03	1.101587E-17	3.842195E-19
8.182437E+03	1.102295E-17	3.844579E-19
8.182637E+03	1.101745E-17	3.842578E-19
8.182837E+03	1.100904E-17	3.839564E-19
8.183037E+03	1.101127E-17	3.840259E-19
8.183237E+03	1.101157E-17	3.840280E-19
8.183437E+03	1.099930E-17	3.835917E-19
8.183637E+03	1.099187E-17	3.833243E-19
8.183837E+03	1.098249E-17	3.829892E-19
8.184037E+03	1.096635E-17	3.824178E-19
8.184237E+03	1.095794E-17	3.821164E-19
8.184437E+03	1.095824E-17	3.821185E-19
8.184637E+03	1.096143E-17	3.822217E-19
8.184837E+03	1.095206E-17	3.818866E-19
8.185038E+03	1.094365E-17	3.815852E-19
8.185238E+03	1.096329E-17	3.822617E-19
8.185438E+03	1.098197E-17	3.829046E-19
8.185637E+03	1.097453E-17	3.826369E-19
8.185837E+03	1.096128E-17	3.821667E-19
8.186038E+03	1.094804E-17	3.816968E-19
8.186238E+03	1.094640E-17	3.816312E-19
8.186438E+03	1.094766E-17	3.816670E-19
8.186637E+03	1.094603E-17	3.816017E-19
8.186837E+03	1.094922E-17	3.817049E-19
8.187037E+03	1.095726E-17	3.819768E-19
8.187237E+03	1.096627E-17	3.822823E-19
8.187437E+03	1.097334E-17	3.825205E-19
8.187637E+03	1.097944E-17	3.827249E-19
8.187837E+03	1.099038E-17	3.830978E-19
8.188037E+03	1.100229E-17	3.835046E-19
8.188237E+03	1.101517E-17	3.839452E-19
8.188437E+03	1.102224E-17	3.841832E-19
8.188637E+03	1.101963E-17	3.840839E-19
8.188837E+03	1.102768E-17	3.843559E-19
8.189037E+03	1.103764E-17	3.846950E-19
8.189237E+03	1.103891E-17	3.847306E-19
8.189437E+03	1.104985E-17	3.851037E-19
8.189637E+03	1.106080E-17	3.854767E-19
8.189837E+03	1.106401E-17	3.855800E-19
8.190038E+03	1.105946E-17	3.854132E-19
8.190238E+03	1.105880E-17	3.853815E-19
8.190438E+03	1.105329E-17	3.851810E-19
8.190638E+03	1.104488E-17	3.848796E-19
8.190838E+03	1.103453E-17	3.845105E-19
8.191038E+03	1.102127E-17	3.840400E-19
8.191238E+03	1.102157E-17	3.840420E-19
8.191438E+03	1.104509E-17	3.848532E-19
8.191638E+03	1.106766E-17	3.856312E-19
8.191838E+03	1.108636E-17	3.862741E-19
8.192038E+03	1.110118E-17	3.867819E-19
8.192238E+03	1.111600E-17	3.872898E-19
8.192438E+03	1.112695E-17	3.876626E-19
8.192638E+03	1.113597E-17	3.879684E-19
8.192838E+03	1.113820E-17	3.880375E-19
8.193038E+03	1.113850E-17	3.880393E-19
8.193238E+03	1.114074E-17	3.881088E-19
8.193438E+03	1.115459E-17	3.885829E-19
8.193638E+03	1.116458E-17	3.889223E-19
8.193838E+03	1.116584E-17	3.889577E-19
8.194038E+03	1.116808E-17	3.890271E-19
8.194238E+03	1.116258E-17	3.888266E-19
8.194438E+03	1.116385E-17	3.888623E-19
8.194638E+03	1.116706E-17	3.889654E-19
8.194839E+03	1.115573E-17	3.885622E-19
8.195039E+03	1.115215E-17	3.884290E-19
8.195239E+03	1.115439E-17	3.884984E-19
8.195439E+03	1.114888E-17	3.882978E-19
8.195639E+03	1.113950E-17	3.879624E-19
8.195839E+03	1.112430E-17	3.874243E-19
8.196039E+03	1.110909E-17	3.868863E-19
8.196239E+03	1.109583E-17	3.864159E-19
8.196439E+03	1.108547E-17	3.860465E-19
8.196639E+03	1.108383E-17	3.859806E-19
8.196839E+03	1.108413E-17	3.859824E-19
8.197039E+03	1.108153E-17	3.858832E-19
8.197239E+03	1.107310E-17	3.855811E-19
8.197439E+03	1.107437E-17	3.856168E-19
8.197639E+03	1.107563E-17	3.856522E-19
8.197839E+03	1.108852E-17	3.860923E-19
8.198039E+03	1.110820E-17	3.867690E-19
8.198238E+03	1.111625E-17	3.870405E-19
8.198439E+03	1.111946E-17	3.871435E-19
8.198638E+03	1.112848E-17	3.874490E-19
8.198838E+03	1.114331E-17	3.879566E-19
8.199039E+03	1.114168E-17	3.878910E-19
8.199238E+03	1.114585E-17	3.880275E-19
8.199438E+03	1.116359E-17	3.886364E-19
8.199638E+03	1.117164E-17	3.889082E-19
8.199839E+03	1.120005E-17	3.898883E-19
8.200039E+03	1.120811E-17	3.901600E-19
8.200239E+03	1.118999E-17	3.895204E-19
8.200439E+03	1.117672E-17	3.890498E-19
8.200639E+03	1.116636E-17	3.886803E-19
8.200839E+03	1.115600E-17	3.883110E-19
8.201039E+03	1.114078E-17	3.877727E-19
8.201239E+03	1.112945E-17	3.873694E-19
8.201439E+03	1.112490E-17	3.872025E-19
8.201639E+03	1.113198E-17	3.874402E-19
8.201839E+03	1.113519E-17	3.875430E-19
8.202039E+03	1.113548E-17	3.875446E-19
8.202239E+03	1.114451E-17	3.878499E-19
8.202439E+03	1.115644E-17	3.882563E-19
8.202639E+03	1.116159E-17	3.884267E-19
8.202839E+03	1.115510E-17	3.881922E-19
8.203039E+03	1.115540E-17	3.881937E-19
8.203239E+03	1.116055E-17	3.883641E-19
8.203439E+03	1.116278E-17	3.884329E-19
8.203639E+03	1.116016E-17	3.883332E-19
8.203839E+03	1.115659E-17	3.881999E-19
8.204039E+03	1.116270E-17	3.884038E-19
8.204239E+03	1.116883E-17	3.886081E-19
8.204439E+03	1.116912E-17	3.886096E-19
8.204640E+03	1.118009E-17	3.889822E-19
8.204840E+03	1.118718E-17	3.892201E-19
8.205040E+03	1.118457E-17	3.891204E-19
8.205240E+03	1.118681E-17	3.891894E-19
8.205440E+03	1.118419E-17	3.890897E-19
8.205640E+03	1.118158E-17	3.889899E-19
8.205840E+03	1.118673E-17	3.891602E-19
8.206040E+03	1.118799E-17	3.891952E-19
8.206240E+03	1.119218E-17	3.893318E-19
8.206440E+03	1.119247E-17	3.893332E-19
8.206640E+03	1.118501E-17	3.890647E-19
8.206840E+03	1.117658E-17	3.887627E-19
8.207040E+03	1.116717E-17	3.884266E-19
8.207240E+03	1.115388E-17	3.879554E-19
8.207440E+03	1.114060E-17	3.874847E-19
8.207640E+03	1.113605E-17	3.873174E-19
8.207840E+03	1.114120E-17	3.874875E-19
8.208040E+03	1.113955E-17	3.874214E-19
8.208240E+03	1.113694E-17	3.873217E-19
8.208440E+03	1.113238E-17	3.871544E-19
8.208640E+03	1.112491E-17	3.868856E-19
8.208840E+03	1.112424E-17	3.868534E-19
8.209040E+03	1.112745E-17	3.869560E-19
8.209240E+03	1.113065E-17	3.870586E-19
8.209440E+03	1.113289E-17	3.871275E-19
8.209641E+03	1.112737E-17	3.869266E-19
8.209841E+03	1.113348E-17	3.871303E-19
8.210041E+03	1.114737E-17	3.876041E-19
8.210241E+03	1.114378E-17	3.874704E-19
8.210441E+03	1.113147E-17	3.870333E-19
8.210641E+03	1.112108E-17	3.866634E-19
8.210841E+03	1.110876E-17	3.862260E-19
8.211040E+03	1.109740E-17	3.858222E-19
8.211240E+03	1.109188E-17	3.856213E-19
8.211441E+03	1.108343E-17	3.853186E-19
8.211640E+03	1.107499E-17	3.850163E-19
8.211841E+03	1.107529E-17	3.850177E-19
8.212040E+03	1.107461E-17	3.849852E-19
8.212240E+03	1.107296E-17	3.849190E-19
8.212440E+03	1.107422E-17	3.849540E-19
8.212640E+03	1.107549E-17	3.849889E-19
8.212840E+03	1.107578E-17	3.849903E-19
8.213040E+03	1.107608E-17	3.849917E-19
8.213240E+03	1.107055E-17	3.847905E-19
8.213440E+03	1.106307E-17	3.845218E-19
8.213640E+03	1.105462E-17	3.842191E-19
8.213840E+03	1.105394E-17	3.841866E-19
8.214040E+03	1.105424E-17	3.841879E-19
8.214240E+03	1.105356E-17	3.841553E-19
8.214441E+03	1.104803E-17	3.839541E-19
8.214641E+03	1.104152E-17	3.837190E-19
8.214841E+03	1.103793E-17	3.835853E-19
8.215041E+03	1.102852E-17	3.832491E-19
8.215241E+03	1.101715E-17	3.828451E-19
8.215441E+03	1.101356E-17	3.827115E-19
8.215641E+03	1.101482E-17	3.827464E-19
8.215841E+03	1.101414E-17	3.827138E-19
8.216041E+03	1.100181E-17	3.822762E-19
8.216241E+03	1.098364E-17	3.816362E-19
8.216441E+03	1.098393E-17	3.816372E-19
8.216641E+03	1.099102E-17	3.818746E-19
8.216841E+03	1.098645E-17	3.817070E-19
8.217041E+03	1.097995E-17	3.814720E-19
8.217241E+03	1.097927E-17	3.814394E-19
8.217441E+03	1.098538E-17	3.816428E-19
8.217641E+03	1.099053E-17	3.818127E-19
8.217841E+03	1.100150E-17	3.821849E-19
8.218041E+03	1.101054E-17	3.824901E-19
8.218241E+03	1.101181E-17	3.825249E-19
8.218441E+03	1.101307E-17	3.825597E-19
8.218641E+03	1.102210E-17	3.828645E-19
8.218841E+03	1.102336E-17	3.828993E-19
8.219041E+03	1.101685E-17	3.826642E-19
8.219241E+03	1.101520E-17	3.825976E-19
8.219442E+03	1.101938E-17	3.827338E-19
8.219642E+03	1.102647E-17	3.829710E-19
8.219842E+03	1.102871E-17	3.830397E-19
8.220042E+03	1.102705E-17	3.829731E-19
8.220242E+03	1.101957E-17	3.827041E-19
8.220442E+03	1.101208E-17	3.824351E-19
8.220642E+03	1.100946E-17	3.823350E-19
8.220842E+03	1.100392E-17	3.821335E-19
8.221042E+03	1.099837E-17	3.819319E-19
8.221242E+03	1.099672E-17	3.818654E-19
8.221442E+03	1.099215E-17	3.816978E-19
8.221642E+03	1.099244E-17	3.816986E-19
8.221842E+03	1.099759E-17	3.818683E-19
8.222042E+03	1.100469E-17	3.821057E-19
8.222242E+03	1.100789E-17	3.822079E-19
8.222442E+03	1.100137E-17	3.819725E-19
8.222642E+03	1.099291E-17	3.816696E-19
8.222842E+03	1.099321E-17	3.816708E-19
8.223042E+03	1.099543E-17	3.817391E-19
8.223242E+03	1.099572E-17	3.817399E-19
8.223442E+03	1.099310E-17	3.816397E-19
8.223641E+03	1.099436E-17	3.816744E-19
8.223842E+03	1.099951E-17	3.818440E-19
8.224041E+03	1.100077E-17	3.818787E-19
8.224243E+03	1.100009E-17	3.818458E-19
8.224442E+03	1.099941E-17	3.818131E-19
8.224642E+03	1.099873E-17	3.817804E-19
8.224842E+03	1.099707E-17	3.817137E-19
8.225042E+03	1.099444E-17	3.816132E-19
8.225242E+03	1.099181E-17	3.815130E-19
8.225442E+03	1.099015E-17	3.814463E-19
8.225642E+03	1.099044E-17	3.814470E-19
8.225842E+03	1.098684E-17	3.813130E-19
8.226042E+03	1.098323E-17	3.811785E-19
8.226242E+03	1.098547E-17	3.812470E-19
8.226442E+03	1.097701E-17	3.809442E-19
8.226642E+03	1.097535E-17	3.808776E-19
8.226842E+03	1.098634E-17	3.812496E-19
8.227042E+03	1.099246E-17	3.814529E-19
8.227242E+03	1.098204E-17	3.810823E-19
8.227442E+03	1.096677E-17	3.805431E-19
8.227642E+03	1.096122E-17	3.803413E-19
8.227842E+03	1.095664E-17	3.801733E-19
8.228042E+03	1.094623E-17	3.798028E-19
8.228242E+03	1.093679E-17	3.794662E-19
8.228442E+03	1.092734E-17	3.791292E-19
8.228642E+03	1.092568E-17	3.790625E-19
8.228842E+03	1.092986E-17	3.791984E-19
8.229042E+03	1.092723E-17	3.790979E-19
8.229243E+03	1.092557E-17	3.790311E-19
8.229443E+03	1.092488E-17	3.789980E-19
8.229643E+03	1.091543E-17	3.786610E-19
8.229843E+03	1.090404E-17	3.782567E-19
8.230043E+03	1.090239E-17	3.781900E-19
8.230243E+03	1.090657E-17	3.783259E-19
8.230443E+03	1.090198E-17	3.781576E-19
8.230643E+03	1.089351E-17	3.778545E-19
8.230843E+03	1.088698E-17	3.776189E-19
8.231043E+03	1.088532E-17	3.775522E-19
8.231243E+03	1.088561E-17	3.775529E-19
8.231443E+03	1.088686E-17	3.775871E-19
8.231643E+03	1.088714E-17	3.775878E-19
8.231843E+03	1.087964E-17	3.773183E-19
8.232043E+03	1.086727E-17	3.768802E-19
8.232243E+03	1.086561E-17	3.768135E-19
8.232443E+03	1.086590E-17	3.768142E-19
8.232643E+03	1.086229E-17	3.766798E-19
8.232843E+03	1.086160E-17	3.766466E-19
8.233043E+03	1.085799E-17	3.765122E-19
8.233243E+03	1.085243E-17	3.763101E-19
8.233443E+03	1.084200E-17	3.759394E-19
8.233643E+03	1.083839E-17	3.758050E-19
8.233843E+03	1.084062E-17	3.758731E-19
8.234044E+03	1.084090E-17	3.758737E-19
8.234244E+03	1.083632E-17	3.757054E-19
8.234444E+03	1.083075E-17	3.755033E-19
8.234644E+03	1.083396E-17	3.756052E-19
8.234844E+03	1.083814E-17	3.757409E-19
8.235044E+03	1.083453E-17	3.756065E-19
8.235244E+03	1.082702E-17	3.753370E-19
8.235444E+03	1.081756E-17	3.749999E-19
8.235644E+03	1.081200E-17	3.747978E-19
8.235844E+03	1.081910E-17	3.750347E-19
8.236044E+03	1.082328E-17	3.751703E-19
8.236244E+03	1.082063E-17	3.750694E-19
8.236443E+03	1.082871E-17	3.753401E-19
8.236644E+03	1.083386E-17	3.755091E-19
8.236844E+03	1.083025E-17	3.753747E-19
8.237043E+03	1.083637E-17	3.755777E-19
8.237244E+03	1.083763E-17	3.756121E-19
8.237443E+03	1.082817E-17	3.752750E-19
8.237643E+03	1.082455E-17	3.751402E-19
8.237843E+03	1.082192E-17	3.750397E-19
8.238043E+03	1.080855E-17	3.745672E-19
8.238243E+03	1.079617E-17	3.741290E-19
8.238443E+03	1.079158E-17	3.739604E-19
8.238643E+03	1.078894E-17	3.738599E-19
8.238843E+03	1.078922E-17	3.738601E-19
8.239044E+03	1.078463E-17	3.736918E-19
8.239244E+03	1.078490E-17	3.736921E-19
8.239444E+03	1.078617E-17	3.737264E-19
8.239644E+03	1.078547E-17	3.736932E-19
8.239844E+03	1.077892E-17	3.734569E-19
8.240044E+03	1.077434E-17	3.732887E-19
8.240244E+03	1.077852E-17	3.734242E-19
8.240444E+03	1.078464E-17	3.736270E-19
8.240644E+03	1.078199E-17	3.735261E-19
8.240844E+03	1.077545E-17	3.732902E-19
8.241044E+03	1.077476E-17	3.732569E-19
8.241244E+03	1.078089E-17	3.734596E-19
8.241444E+03	1.077239E-17	3.731561E-19
8.241644E+03	1.076390E-17	3.728526E-19
8.241844E+03	1.076613E-17	3.729204E-19
8.242044E+03	1.077128E-17	3.730897E-19
8.242244E+03	1.077643E-17	3.732585E-19
8.242444E+03	1.078158E-17	3.734278E-19
8.242644E+03	1.078966E-17	3.736981E-19
8.242844E+03	1.078994E-17	3.736985E-19
8.243044E+03	1.077852E-17	3.732936E-19
8.243244E+03	1.076418E-17	3.727875E-19
8.243444E+03	1.075958E-17	3.726190E-19
8.243644E+03	1.075401E-17	3.724166E-19
8.243845E+03	1.073967E-17	3.719105E-19
8.244045E+03	1.072727E-17	3.714719E-19
8.244245E+03	1.071878E-17	3.711684E-19
8.244445E+03	1.070833E-17	3.707974E-19
8.244645E+03	1.069886E-17	3.704598E-19
8.244845E+03	1.069232E-17	3.702240E-19
8.245045E+03	1.069161E-17	3.701903E-19
8.245245E+03	1.069384E-17	3.702581E-19
8.245445E+03	1.069216E-17	3.701906E-19
8.245645E+03	1.068659E-17	3.699882E-19
8.245845E+03	1.067809E-17	3.696849E-19
8.246045E+03	1.067251E-17	3.694822E-19
8.246245E+03	1.066987E-17	3.693813E-19
8.246445E+03	1.066819E-17	3.693138E-19
8.246645E+03	1.067139E-17	3.694153E-19
8.246845E+03	1.067946E-17	3.696854E-19
8.247045E+03	1.068560E-17	3.698883E-19
8.247245E+03	1.069269E-17	3.701246E-19
8.247445E+03	1.070175E-17	3.704285E-19
8.247645E+03	1.070788E-17	3.706314E-19
8.247845E+03	1.071595E-17	3.709014E-19
8.248045E+03	1.072013E-17	3.710366E-19
8.248245E+03	1.071749E-17	3.709356E-19
8.248445E+03	1.071190E-17	3.707329E-19
8.248645E+03	1.070730E-17	3.705643E-19
8.248846E+03	1.069978E-17	3.702944E-19
8.249046E+03	1.069030E-17	3.699568E-19
8.249246E+03	1.068375E-17	3.697207E-19
8.249445E+03	1.067622E-17	3.694509E-19
8.249646E+03	1.067357E-17	3.693495E-19
8.249845E+03	1.067579E-17	3.694171E-19
8.250046E+03	1.067216E-17	3.692820E-19
8.250245E+03	1.066463E-17	3.690121E-19
8.250445E+03	1.066296E-17	3.689446E-19
8.250645E+03	1.065737E-17	3.687419E-19
8.250845E+03	1.065082E-17	3.685058E-19
8.251045E+03	1.064621E-17	3.683369E-19
8.251245E+03	1.064942E-17	3.684383E-19
8.251445E+03	1.065359E-17	3.685734E-19
8.251645E+03	1.066264E-17	3.688770E-19
8.251845E+03	1.067073E-17	3.691472E-19
8.252045E+03	1.067393E-17	3.692485E-19
8.252245E+03	1.068298E-17	3.695521E-19
8.252445E+03	1.069204E-17	3.698560E-19
8.252645E+03	1.069720E-17	3.700248E-19
8.252845E+03	1.069161E-17	3.698221E-19
8.253045E+03	1.068506E-17	3.695860E-19
8.253245E+03	1.068729E-17	3.696535E-19
8.253445E+03	1.069341E-17	3.698556E-19
8.253646E+03	1.069370E-17	3.698559E-19
8.253846E+03	1.068713E-17	3.696194E-19
8.254046E+03	1.068155E-17	3.694167E-19
8.254246E+03	1.068671E-17	3.695854E-19
8.254446E+03	1.069869E-17	3.699905E-19
8.254646E+03	1.070385E-17	3.701592E-19
8.254846E+03	1.070315E-17	3.701253E-19
8.255046E+03	1.071026E-17	3.703615E-19
8.255246E+03	1.071151E-17	3.703951E-19
8.255446E+03	1.070885E-17	3.702937E-19
8.255646E+03	1.070912E-17	3.702935E-19
8.255846E+03	1.070842E-17	3.702596E-19
8.256046E+03	1.071553E-17	3.704957E-19
8.256246E+03	1.071580E-17	3.704955E-19
8.256446E+03	1.070729E-17	3.701915E-19
8.256646E+03	1.070463E-17	3.700901E-19
8.256846E+03	1.071076E-17	3.702924E-19
8.257046E+03	1.071690E-17	3.704947E-19
8.257246E+03	1.071815E-17	3.705286E-19
8.257446E+03	1.071843E-17	3.705284E-19
8.257646E+03	1.071870E-17	3.705282E-19
8.257846E+03	1.071507E-17	3.703929E-19
8.258046E+03	1.070948E-17	3.701902E-19
8.258246E+03	1.070291E-17	3.699534E-19
8.258446E+03	1.069928E-17	3.698182E-19
8.258647E+03	1.069760E-17	3.697504E-19
8.258847E+03	1.069495E-17	3.696489E-19
8.259047E+03	1.069327E-17	3.695812E-19
8.259247E+03	1.069745E-17	3.697159E-19
8.259447E+03	1.070162E-17	3.698506E-19
8.259647E+03	1.070287E-17	3.698841E-19
8.259847E+03	1.070412E-17	3.699176E-19
8.260047E+03	1.070049E-17	3.697823E-19
8.260247E+03	1.070369E-17	3.698833E-19
8.260447E+03	1.071569E-17	3.702882E-19
8.260647E+03	1.072182E-17	3.704903E-19
8.260847E+03	1.071722E-17	3.703213E-19
8.261047E+03	1.071456E-17	3.702198E-19
8.261247E+03	1.070896E-17	3.700167E-19
8.261447E+03	1.070338E-17	3.698140E-19
8.261647E+03	1.070365E-17	3.698136E-19
8.261846E+03	1.069806E-17	3.696106E-19
8.262047E+03	1.068759E-17	3.692392E-19
8.262246E+03	1.068200E-17	3.690362E-19
8.262447E+03	1.067640E-17	3.688331E-19
8.262647E+03	1.067179E-17	3.686641E-19
8.262846E+03	1.065839E-17	3.681913E-19
8.263046E+03	1.064009E-17	3.675495E-19
8.263246E+03	1.063352E-17	3.673127E-19
8.263447E+03	1.063574E-17	3.673798E-19
8.263647E+03	1.062135E-17	3.668730E-19
8.263847E+03	1.061967E-17	3.668052E-19
8.264047E+03	1.061798E-17	3.667371E-19
8.264247E+03	1.060946E-17	3.664329E-19
8.264447E+03	1.060973E-17	3.664326E-19
8.264647E+03	1.061684E-17	3.666683E-19
8.264847E+03	1.060636E-17	3.662967E-19
8.265047E+03	1.059587E-17	3.659248E-19
8.265247E+03	1.059028E-17	3.657218E-19
8.265447E+03	1.059543E-17	3.658901E-19
8.265647E+03	1.060353E-17	3.661598E-19
8.265847E+03	1.060184E-17	3.660917E-19
8.266047E+03	1.060699E-17	3.662599E-19
8.266247E+03	1.060531E-17	3.661921E-19
8.266447E+03	1.060460E-17	3.661577E-19
8.266647E+03	1.061269E-17	3.664273E-19
8.266847E+03	1.061980E-17	3.666629E-19
8.267047E+03	1.062594E-17	3.668651E-19
8.267247E+03	1.063306E-17	3.671010E-19
8.267447E+03	1.063332E-17	3.671003E-19
8.267647E+03	1.063065E-17	3.669984E-19
8.267847E+03	1.062800E-17	3.668968E-19
8.268047E+03	1.062925E-17	3.669301E-19
8.268247E+03	1.063733E-17	3.671993E-19
8.268448E+03	1.063565E-17	3.671314E-19
8.268648E+03	1.062907E-17	3.668943E-19
8.268848E+03	1.063032E-17	3.669275E-19
8.269048E+03	1.063841E-17	3.671970E-19
8.269248E+03	1.064944E-17	3.675679E-19
8.269448E+03	1.065362E-17	3.677022E-19
8.269648E+03	1.065878E-17	3.678705E-19
8.269848E+03	1.066883E-17	3.682073E-19
8.270048E+03	1.067497E-17	3.684093E-19
8.270248E+03	1.068307E-17	3.686787E-19
8.270448E+03	1.068627E-17	3.687792E-19
8.270648E+03	1.068262E-17	3.686435E-19
8.270848E+03	1.067800E-17	3.684741E-19
8.271048E+03	1.067828E-17	3.684736E-19
8.271248E+03	1.068245E-17	3.686078E-19
8.271448E+03	1.068370E-17	3.686409E-19
8.271648E+03	1.068593E-17	3.687077E-19
8.271848E+03	1.068914E-17	3.688085E-19
8.272048E+03	1.070017E-17	3.691791E-19
8.272248E+03	1.070827E-17	3.694483E-19
8.272448E+03	1.070658E-17	3.693800E-19
8.272648E+03	1.070685E-17	3.693793E-19
8.272848E+03	1.070712E-17	3.693787E-19
8.273048E+03	1.070152E-17	3.691752E-19
8.273248E+03	1.069103E-17	3.688034E-19
8.273449E+03	1.068738E-17	3.686676E-19
8.273649E+03	1.069645E-17	3.689704E-19
8.273849E+03	1.070456E-17	3.692399E-19
8.274049E+03	1.070483E-17	3.692392E-19
8.274249E+03	1.070412E-17	3.692045E-19
8.274449E+03	1.071222E-17	3.694739E-19
8.274648E+03	1.072717E-17	3.699794E-19
8.274849E+03	1.073331E-17	3.701810E-19
8.275049E+03	1.073358E-17	3.701803E-19
8.275248E+03	1.073288E-17	3.701459E-19
8.275449E+03	1.073314E-17	3.701448E-19
8.275648E+03	1.072852E-17	3.699754E-19
8.275848E+03	1.072194E-17	3.697383E-19
8.276048E+03	1.072221E-17	3.697375E-19
8.276248E+03	1.073031E-17	3.700068E-19
8.276448E+03	1.074037E-17	3.703434E-19
8.276648E+03	1.074847E-17	3.706126E-19
8.276848E+03	1.074972E-17	3.706454E-19
8.277048E+03	1.075488E-17	3.708133E-19
8.277248E+03	1.076299E-17	3.710825E-19
8.277448E+03	1.076130E-17	3.710140E-19
8.277648E+03	1.076352E-17	3.710804E-19
8.277848E+03	1.077359E-17	3.714172E-19
8.278048E+03	1.078267E-17	3.717200E-19
8.278249E+03	1.078588E-17	3.718204E-19
8.278449E+03	1.078419E-17	3.717518E-19
8.278649E+03	1.078545E-17	3.717850E-19
8.278849E+03	1.079256E-17	3.720200E-19
8.279049E+03	1.079675E-17	3.721540E-19
8.279249E+03	1.079115E-17	3.719509E-19
8.279449E+03	1.079534E-17	3.720849E-19
8.279649E+03	1.080344E-17	3.723539E-19
8.279849E+03	1.079686E-17	3.721167E-19
8.280049E+03	1.079713E-17	3.721157E-19
8.280249E+03	1.080524E-17	3.723847E-19
8.280449E+03	1.081236E-17	3.726199E-19
8.280649E+03	1.081655E-17	3.727539E-19
8.280849E+03	1.081976E-17	3.728542E-19
8.281049E+03	1.083178E-17	3.732580E-19
8.281249E+03	1.083793E-17	3.734595E-19
8.281449E+03	1.083526E-17	3.733572E-19
8.281649E+03	1.083847E-17	3.734575E-19
8.281849E+03	1.084659E-17	3.737266E-19
8.282249E+03	1.085399E-17	3.739606E-19
8.282449E+03	1.085915E-17	3.741281E-19
8.282649E+03	1.086236E-17	3.742283E-19
8.283049E+03	1.086584E-17	3.743274E-19
8.283250E+03	1.087298E-17	3.745627E-19
8.283450E+03	1.087619E-17	3.746628E-19
8.283650E+03	1.087646E-17	3.746617E-19
8.283850E+03	1.086889E-17	3.743905E-19
8.284050E+03	1.086623E-17	3.742881E-19
8.284250E+03	1.087434E-17	3.745570E-19
8.284450E+03	1.087853E-17	3.746907E-19
8.284650E+03	1.087586E-17	3.745884E-19
8.284850E+03	1.087221E-17	3.744523E-19
8.285050E+03	1.086562E-17	3.742148E-19
8.285250E+03	1.085708E-17	3.739099E-19
8.285450E+03	1.084853E-17	3.736051E-19
8.285650E+03	1.084096E-17	3.733339E-19
8.285850E+03	1.083829E-17	3.732316E-19
8.286050E+03	1.083855E-17	3.732300E-19
8.286250E+03	1.084177E-17	3.733301E-19
8.286450E+03	1.083126E-17	3.729577E-19
8.286650E+03	1.082663E-17	3.727877E-19
8.286850E+03	1.082984E-17	3.728878E-19
8.287050E+03	1.082913E-17	3.728530E-19
8.287249E+03	1.082842E-17	3.728179E-19
8.287450E+03	1.082967E-17	3.728502E-19
8.287649E+03	1.082896E-17	3.728155E-19
8.287850E+03	1.083315E-17	3.729490E-19
8.288050E+03	1.084225E-17	3.732517E-19
8.288251E+03	1.084840E-17	3.734528E-19
8.288451E+03	1.084964E-17	3.734851E-19
8.288650E+03	1.085482E-17	3.736526E-19
8.288850E+03	1.085705E-17	3.737190E-19
8.290250E+03	1.085011E-17	3.734057E-19
8.290450E+03	1.084548E-17	3.732357E-19
8.290650E+03	1.084576E-17	3.732345E-19
8.290850E+03	1.084406E-17	3.731656E-19
8.291050E+03	1.084629E-17	3.732315E-19
8.291250E+03	1.085342E-17	3.734664E-19
8.291450E+03	1.085076E-17	3.733639E-19
8.291650E+03	1.085004E-17	3.733286E-19
8.291850E+03	1.085914E-17	3.736310E-19
8.292050E+03	1.086725E-17	3.738994E-19
8.292250E+03	1.087243E-17	3.740667E-19
8.292450E+03	1.087466E-17	3.741328E-19
8.292650E+03	1.087101E-17	3.739963E-19
8.292850E+03	1.086834E-17	3.738938E-19
8.293051E+03	1.086959E-17	3.739260E-19
8.293251E+03	1.087083E-17	3.739581E-19
8.293451E+03	1.087209E-17	3.739906E-19
8.293651E+03	1.088020E-17	3.742589E-19
8.293851E+03	1.088538E-17	3.744261E-19
8.294051E+03	1.088761E-17	3.744922E-19
8.294251E+03	1.089278E-17	3.746593E-19
8.294451E+03	1.089011E-17	3.745567E-19
8.294651E+03	1.088155E-17	3.742513E-19
8.294851E+03	1.087004E-17	3.738448E-19
8.295051E+03	1.086345E-17	3.736073E-19
8.295251E+03	1.085685E-17	3.733694E-19
8.295451E+03	1.084730E-17	3.730304E-19
8.295651E+03	1.084561E-17	3.729614E-19
8.295851E+03	1.084490E-17	3.729261E-19
8.296051E+03	1.084713E-17	3.729921E-19
8.296251E+03	1.086310E-17	3.735305E-19
8.296451E+03	1.087710E-17	3.740011E-19
8.296851E+03	1.087961E-17	3.740655E-19
8.297051E+03	1.087203E-17	3.737940E-19
8.297251E+03	1.087328E-17	3.738261E-19
8.297451E+03	1.088237E-17	3.741280E-19
8.297651E+03	1.088853E-17	3.743289E-19
8.297852E+03	1.088783E-17	3.742937E-19
8.298052E+03	1.089202E-17	3.744270E-19
8.298252E+03	1.089817E-17	3.746275E-19
8.298452E+03	1.090237E-17	3.747608E-19
8.298652E+03	1.090559E-17	3.748606E-19
8.298852E+03	1.090291E-17	3.747576E-19
8.299052E+03	1.089238E-17	3.743847E-19
8.300852E+03	1.088204E-17	3.739307E-19
8.301051E+03	1.088820E-17	3.741314E-19
8.301251E+03	1.089043E-17	3.741972E-19
8.301451E+03	1.088186E-17	3.738918E-19
8.301651E+03	1.088212E-17	3.738898E-19
8.301851E+03	1.088731E-17	3.740569E-19
8.302051E+03	1.089150E-17	3.741900E-19
8.302251E+03	1.088784E-17	3.740531E-19
8.302451E+03	1.088026E-17	3.737817E-19
8.302651E+03	1.087267E-17	3.735099E-19
8.302852E+03	1.086900E-17	3.733729E-19
8.303052E+03	1.087615E-17	3.736074E-19
8.303252E+03	1.088329E-17	3.738418E-19
8.303452E+03	1.087766E-17	3.736374E-19
8.303652E+03	1.086909E-17	3.733318E-19
8.303852E+03	1.086739E-17	3.732626E-19
8.304052E+03	1.086373E-17	3.731257E-19
8.304252E+03	1.086596E-17	3.731914E-19
8.304452E+03	1.087408E-17	3.734593E-19
8.304652E+03	1.087534E-17	3.734914E-19
8.304852E+03	1.087168E-17	3.733544E-19
8.305052E+03	1.086703E-17	3.731836E-19
8.305252E+03	1.086828E-17	3.732157E-19
8.305452E+03	1.086757E-17	3.731800E-19
8.305652E+03	1.086194E-17	3.729757E-19
8.305852E+03	1.086122E-17	3.729400E-19
8.306052E+03	1.086738E-17	3.731404E-19
8.306252E+03	1.087059E-17	3.732395E-19
8.306452E+03	1.087086E-17	3.732377E-19
8.306652E+03	1.087211E-17	3.732694E-19
8.306852E+03	1.086943E-17	3.731663E-19
8.307052E+03	1.086380E-17	3.729620E-19
8.307252E+03	1.086014E-17	3.728250E-19
8.307452E+03	1.085746E-17	3.727219E-19
8.307653E+03	1.085772E-17	3.727197E-19
8.307853E+03	1.085405E-17	3.725827E-19
8.308053E+03	1.085826E-17	3.727160E-19
8.308253E+03	1.086638E-17	3.729836E-19
8.308453E+03	1.087255E-17	3.731841E-19
8.308653E+03	1.087380E-17	3.732157E-19
8.308853E+03	1.087209E-17	3.731461E-19
8.309053E+03	1.086646E-17	3.729418E-19
8.309253E+03	1.086379E-17	3.728387E-19
8.309453E+03	1.086601E-17	3.729038E-19
8.309653E+03	1.087218E-17	3.731042E-19
8.309853E+03	1.087146E-17	3.730685E-19
8.310053E+03	1.087172E-17	3.730662E-19
8.310253E+03	1.087494E-17	3.731654E-19
8.310453E+03	1.087029E-17	3.729946E-19
8.310653E+03	1.086171E-17	3.726890E-19
8.310853E+03	1.086100E-17	3.726532E-19
8.311453E+03	1.086572E-17	3.727817E-19
8.311653E+03	1.086303E-17	3.726782E-19
8.311853E+03	1.085642E-17	3.724400E-19
8.312053E+03	1.085964E-17	3.725392E-19
8.312253E+03	1.085891E-17	3.725030E-19
8.312654E+03	1.085257E-17	3.722628E-19
8.312853E+03	1.085184E-17	3.722266E-19
8.313053E+03	1.084326E-17	3.719211E-19
8.313254E+03	1.083270E-17	3.715476E-19
8.313453E+03	1.083199E-17	3.715118E-19
8.313654E+03	1.082930E-17	3.714083E-19
8.313853E+03	1.082464E-17	3.712375E-19
8.314053E+03	1.082884E-17	3.713701E-19
8.314253E+03	1.084387E-17	3.718741E-19
8.314453E+03	1.085396E-17	3.722089E-19
8.314653E+03	1.085324E-17	3.721730E-19
8.314853E+03	1.085350E-17	3.721706E-19
8.315053E+03	1.085377E-17	3.721685E-19
8.315253E+03	1.084715E-17	3.719300E-19
8.315453E+03	1.083168E-17	3.713882E-19
8.315653E+03	1.082112E-17	3.710148E-19
8.315853E+03	1.081646E-17	3.708440E-19
8.316053E+03	1.079312E-17	3.700323E-19
8.316253E+03	1.077370E-17	3.693553E-19
8.316453E+03	1.077888E-17	3.695216E-19
8.316653E+03	1.077817E-17	3.694858E-19
8.316853E+03	1.076957E-17	3.691797E-19
8.317053E+03	1.075410E-17	3.686381E-19
8.317253E+03	1.075238E-17	3.685680E-19
8.317454E+03	1.075363E-17	3.685994E-19
8.317654E+03	1.075291E-17	3.685635E-19
8.317854E+03	1.074629E-17	3.683251E-19
8.318054E+03	1.073965E-17	3.680864E-19
8.318254E+03	1.073107E-17	3.677808E-19
8.318454E+03	1.072247E-17	3.674748E-19
8.318654E+03	1.071879E-17	3.673375E-19
8.318854E+03	1.072299E-17	3.674700E-19
8.319054E+03	1.072817E-17	3.676363E-19
8.319254E+03	1.072548E-17	3.675328E-19
8.319454E+03	1.071589E-17	3.671930E-19
8.319654E+03	1.071025E-17	3.669881E-19
8.319854E+03	1.071936E-17	3.672892E-19
8.320054E+03	1.073243E-17	3.677254E-19
8.320254E+03	1.074351E-17	3.680937E-19
8.320454E+03	1.074377E-17	3.680912E-19
8.320654E+03	1.073320E-17	3.677180E-19
8.320854E+03	1.072657E-17	3.674793E-19
8.321054E+03	1.072093E-17	3.672748E-19
8.321254E+03	1.071135E-17	3.669351E-19
8.321454E+03	1.071456E-17	3.670336E-19
8.321654E+03	1.071776E-17	3.671322E-19
8.321854E+03	1.071409E-17	3.669949E-19
8.322054E+03	1.071041E-17	3.668575E-19
8.322254E+03	1.070378E-17	3.666189E-19
8.322455E+03	1.069911E-17	3.664477E-19
8.322655E+03	1.069544E-17	3.663104E-19
8.322855E+03	1.069471E-17	3.662742E-19
8.323055E+03	1.070679E-17	3.666763E-19
8.323255E+03	1.071492E-17	3.669433E-19
8.323455E+03	1.071419E-17	3.669070E-19
8.323655E+03	1.071051E-17	3.667697E-19
8.323855E+03	1.070782E-17	3.666662E-19
8.324055E+03	1.070807E-17	3.666632E-19
8.324255E+03	1.071819E-17	3.669981E-19
8.324455E+03	1.073223E-17	3.674673E-19
8.324655E+03	1.073938E-17	3.677008E-19
8.324855E+03	1.073964E-17	3.676981E-19
8.325055E+03	1.073202E-17	3.674257E-19
8.325255E+03	1.072441E-17	3.671536E-19
8.325455E+03	1.071973E-17	3.669821E-19
8.325655E+03	1.071901E-17	3.669457E-19
8.325854E+03	1.072912E-17	3.672805E-19
8.326055E+03	1.073824E-17	3.675810E-19
8.326254E+03	1.074145E-17	3.676797E-19
8.326454E+03	1.074369E-17	3.677445E-19
8.326655E+03	1.074197E-17	3.676743E-19
8.326854E+03	1.074617E-17	3.678063E-19
8.327054E+03	1.075431E-17	3.680734E-19
8.327255E+03	1.075555E-17	3.681043E-19
8.327455E+03	1.075089E-17	3.679332E-19
8.327655E+03	1.074819E-17	3.678292E-19
8.327855E+03	1.074944E-17	3.678602E-19
8.328055E+03	1.076939E-17	3.685315E-19
8.328255E+03	1.078345E-17	3.690010E-19
8.328455E+03	1.077682E-17	3.687623E-19
8.328655E+03	1.076919E-17	3.684898E-19
8.328855E+03	1.076748E-17	3.684195E-19
8.329055E+03	1.076577E-17	3.683493E-19
8.329255E+03	1.076504E-17	3.683127E-19
8.329455E+03	1.076234E-17	3.682087E-19
8.329655E+03	1.075669E-17	3.680037E-19
8.329855E+03	1.074414E-17	3.675626E-19
8.330055E+03	1.073061E-17	3.670881E-19
8.330255E+03	1.072791E-17	3.669841E-19
8.330455E+03	1.072126E-17	3.667451E-19
8.330655E+03	1.072941E-17	3.670122E-19
8.330855E+03	1.073656E-17	3.672452E-19
8.331055E+03	1.074174E-17	3.674108E-19
8.331255E+03	1.074496E-17	3.675091E-19
8.331455E+03	1.074522E-17	3.675063E-19
8.331655E+03	1.073563E-17	3.671665E-19
8.331855E+03	1.073391E-17	3.670961E-19
8.332055E+03	1.074403E-17	3.674303E-19
8.332256E+03	1.075118E-17	3.676631E-19
8.332456E+03	1.075045E-17	3.676265E-19
8.332656E+03	1.074775E-17	3.675224E-19
8.332856E+03	1.074604E-17	3.674521E-19
8.333056E+03	1.074728E-17	3.674829E-19
8.333256E+03	1.074458E-17	3.673789E-19
8.333456E+03	1.074090E-17	3.672410E-19
8.333656E+03	1.073820E-17	3.671370E-19
8.333856E+03	1.072959E-17	3.668309E-19
8.334056E+03	1.072393E-17	3.666256E-19
8.334256E+03	1.072320E-17	3.665890E-19
8.334456E+03	1.072148E-17	3.665183E-19
8.334656E+03	1.072075E-17	3.664817E-19
8.334856E+03	1.072594E-17	3.666473E-19
8.335056E+03	1.073704E-17	3.670149E-19
8.335256E+03	1.073927E-17	3.670794E-19
8.335456E+03	1.073361E-17	3.668742E-19
8.335656E+03	1.073091E-17	3.667701E-19
8.335856E+03	1.073117E-17	3.667671E-19
8.336056E+03	1.072649E-17	3.665955E-19
8.336256E+03	1.071886E-17	3.663229E-19
8.336456E+03	1.071123E-17	3.660502E-19
8.336656E+03	1.071345E-17	3.661143E-19
8.336856E+03	1.071864E-17	3.662799E-19
8.337057E+03	1.071890E-17	3.662768E-19
8.337257E+03	1.071127E-17	3.660042E-19
8.337457E+03	1.069574E-17	3.654619E-19
8.337657E+03	1.068317E-17	3.650205E-19
8.337857E+03	1.068540E-17	3.650849E-19
8.338057E+03	1.068171E-17	3.649471E-19
8.338256E+03	1.066618E-17	3.644046E-19
8.338457E+03	1.065559E-17	3.640309E-19
8.338656E+03	1.065683E-17	3.640617E-19
8.338856E+03	1.065807E-17	3.640921E-19
8.339057E+03	1.065340E-17	3.639205E-19
8.339256E+03	1.064674E-17	3.636814E-19
8.339457E+03	1.064207E-17	3.635099E-19
8.339656E+03	1.063640E-17	3.633044E-19
8.339856E+03	1.063468E-17	3.632341E-19
8.340056E+03	1.064085E-17	3.634329E-19
8.340256E+03	1.063913E-17	3.633625E-19
8.340456E+03	1.062755E-17	3.629549E-19
8.340656E+03	1.062286E-17	3.627831E-19
8.340856E+03	1.062213E-17	3.627464E-19
8.341056E+03	1.061449E-17	3.624736E-19
8.341256E+03	1.060192E-17	3.620323E-19
8.341456E+03	1.058836E-17	3.615574E-19
8.341656E+03	1.057776E-17	3.611836E-19
8.341856E+03	1.057011E-17	3.609108E-19
8.342057E+03	1.056642E-17	3.607727E-19
8.342257E+03	1.056765E-17	3.608031E-19
8.342457E+03	1.057777E-17	3.611368E-19
8.342657E+03	1.058296E-17	3.613022E-19
8.342857E+03	1.057433E-17	3.609957E-19
8.343057E+03	1.057655E-17	3.610597E-19
8.343257E+03	1.057582E-17	3.610226E-19
8.343457E+03	1.057212E-17	3.608846E-19
8.343857E+03	1.057854E-17	3.610801E-19
8.344057E+03	1.058472E-17	3.612791E-19
8.344257E+03	1.057806E-17	3.610400E-19
8.344457E+03	1.056055E-17	3.604302E-19
8.345057E+03	1.053761E-17	3.596118E-19
8.345257E+03	1.052897E-17	3.593051E-19
8.345457E+03	1.051737E-17	3.588974E-19
8.345657E+03	1.049887E-17	3.582542E-19
8.345857E+03	1.049319E-17	3.580485E-19
8.346057E+03	1.048456E-17	3.577422E-19
8.346257E+03	1.047493E-17	3.574020E-19
8.346858E+03	1.047075E-17	3.572235E-19
8.347058E+03	1.047297E-17	3.572874E-19
8.347258E+03	1.047519E-17	3.573513E-19
8.347458E+03	1.048037E-17	3.575162E-19
8.347658E+03	1.048654E-17	3.577150E-19
8.347858E+03	1.048679E-17	3.577115E-19
8.348058E+03	1.047519E-17	3.573040E-19
8.348258E+03	1.046655E-17	3.569975E-19
8.348458E+03	1.047371E-17	3.572295E-19
8.348658E+03	1.049174E-17	3.578327E-19
8.348858E+03	1.049989E-17	3.580987E-19
8.349058E+03	1.049717E-17	3.579939E-19
8.349258E+03	1.048951E-17	3.577210E-19
8.349458E+03	1.048582E-17	3.575829E-19
8.349658E+03	1.048804E-17	3.576467E-19
8.349858E+03	1.048236E-17	3.574411E-19
8.350058E+03	1.047569E-17	3.572018E-19
8.350258E+03	1.047001E-17	3.569962E-19
8.350458E+03	1.046038E-17	3.566560E-19
8.350658E+03	1.045372E-17	3.564168E-19
8.350858E+03	1.045495E-17	3.564469E-19
8.351058E+03	1.045915E-17	3.565779E-19
8.351257E+03	1.046433E-17	3.567429E-19
8.351458E+03	1.047051E-17	3.569415E-19
8.351657E+03	1.047076E-17	3.569380E-19
8.351859E+03	1.046804E-17	3.568331E-19
8.352058E+03	1.047124E-17	3.569305E-19
8.352258E+03	1.047249E-17	3.569609E-19
8.352458E+03	1.047174E-17	3.569234E-19
8.352658E+03	1.046803E-17	3.567850E-19
8.352858E+03	1.046038E-17	3.565121E-19
8.353058E+03	1.045074E-17	3.561717E-19
8.353658E+03	1.044160E-17	3.558242E-19
8.353858E+03	1.043295E-17	3.555174E-19
8.354058E+03	1.042134E-17	3.551098E-19
8.354258E+03	1.040677E-17	3.546011E-19
8.354858E+03	1.039169E-17	3.540513E-19
8.355058E+03	1.037810E-17	3.535763E-19
8.355258E+03	1.037142E-17	3.533368E-19
8.355458E+03	1.036376E-17	3.530638E-19
8.355658E+03	1.035511E-17	3.527571E-19
8.355858E+03	1.035239E-17	3.526525E-19
8.356058E+03	1.035658E-17	3.527833E-19
8.356258E+03	1.035781E-17	3.528134E-19
8.356458E+03	1.036201E-17	3.529442E-19
8.356659E+03	1.036621E-17	3.530753E-19
8.356859E+03	1.036150E-17	3.529030E-19
8.357059E+03	1.035484E-17	3.526639E-19
8.357259E+03	1.035507E-17	3.526600E-19
8.357459E+03	1.036322E-17	3.529255E-19
8.357659E+03	1.037731E-17	3.533932E-19
8.357859E+03	1.038941E-17	3.537933E-19
8.358059E+03	1.040449E-17	3.542945E-19
8.358259E+03	1.041956E-17	3.547956E-19
8.358459E+03	1.042870E-17	3.550949E-19
8.358659E+03	1.043785E-17	3.553941E-19
8.358859E+03	1.044501E-17	3.556257E-19
8.359059E+03	1.045120E-17	3.558242E-19
8.359259E+03	1.045934E-17	3.560894E-19
8.359459E+03	1.046849E-17	3.563885E-19
8.359659E+03	1.047269E-17	3.565194E-19
8.359859E+03	1.046997E-17	3.564145E-19
8.360059E+03	1.046923E-17	3.563771E-19
8.360259E+03	1.046651E-17	3.562722E-19
8.360459E+03	1.045983E-17	3.560327E-19
8.360659E+03	1.046205E-17	3.560960E-19
8.360859E+03	1.046626E-17	3.562268E-19
8.361059E+03	1.046551E-17	3.561890E-19
8.361259E+03	1.046080E-17	3.560167E-19
8.361459E+03	1.046402E-17	3.561139E-19
8.361660E+03	1.047316E-17	3.564127E-19
8.361860E+03	1.047935E-17	3.566109E-19
8.362060E+03	1.048157E-17	3.566742E-19
8.362260E+03	1.049566E-17	3.571415E-19
8.362460E+03	1.051667E-17	3.578441E-19
8.362660E+03	1.053176E-17	3.583449E-19
8.362860E+03	1.053200E-17	3.583409E-19
8.363060E+03	1.051742E-17	3.578322E-19
8.363260E+03	1.050381E-17	3.573571E-19
8.363460E+03	1.050010E-17	3.572182E-19
8.363660E+03	1.050034E-17	3.572142E-19
8.363860E+03	1.049960E-17	3.571767E-19
8.364059E+03	1.050182E-17	3.572399E-19
8.364260E+03	1.050404E-17	3.573029E-19
8.364460E+03	1.050231E-17	3.572315E-19
8.364659E+03	1.050651E-17	3.573621E-19
8.364860E+03	1.051270E-17	3.575599E-19
8.365059E+03	1.051690E-17	3.576905E-19
8.365459E+03	1.052036E-17	3.577834E-19
8.365659E+03	1.052060E-17	3.577790E-19
8.365859E+03	1.051986E-17	3.577414E-19
8.366059E+03	1.051812E-17	3.576699E-19
8.366259E+03	1.051045E-17	3.573964E-19
8.366460E+03	1.050377E-17	3.571569E-19
8.366660E+03	1.049511E-17	3.568499E-19
8.366860E+03	1.048842E-17	3.566101E-19
8.367060E+03	1.048570E-17	3.565051E-19
8.367260E+03	1.049189E-17	3.567029E-19
8.367460E+03	1.049411E-17	3.567659E-19
8.367660E+03	1.049139E-17	3.566608E-19
8.367860E+03	1.048470E-17	3.564210E-19
8.368060E+03	1.048198E-17	3.563160E-19
8.368260E+03	1.048815E-17	3.565134E-19
8.368460E+03	1.049235E-17	3.566437E-19
8.368660E+03	1.049260E-17	3.566396E-19
8.368860E+03	1.049383E-17	3.566690E-19
8.369060E+03	1.050100E-17	3.569001E-19
8.369260E+03	1.050422E-17	3.569969E-19
8.369460E+03	1.050545E-17	3.570263E-19
8.369660E+03	1.050669E-17	3.570556E-19
8.369860E+03	1.050792E-17	3.570849E-19
8.370060E+03	1.050817E-17	3.570807E-19
8.370260E+03	1.051039E-17	3.571436E-19
8.370460E+03	1.051757E-17	3.573750E-19
8.370660E+03	1.052177E-17	3.575051E-19
8.370860E+03	1.052795E-17	3.577026E-19
8.371060E+03	1.053711E-17	3.580010E-19
8.371260E+03	1.054329E-17	3.581985E-19
8.371461E+03	1.054453E-17	3.582276E-19
8.371661E+03	1.054676E-17	3.582907E-19
8.371861E+03	1.055195E-17	3.584546E-19
8.372061E+03	1.055319E-17	3.584838E-19
8.372261E+03	1.055739E-17	3.586138E-19
8.372461E+03	1.055764E-17	3.586095E-19
8.372661E+03	1.055985E-17	3.586722E-19
8.372861E+03	1.056110E-17	3.587016E-19
8.373061E+03	1.055936E-17	3.586300E-19
8.373261E+03	1.056653E-17	3.588607E-19
8.373461E+03	1.057074E-17	3.589910E-19
8.373661E+03	1.056999E-17	3.589528E-19
8.373861E+03	1.057222E-17	3.590157E-19
8.374061E+03	1.057841E-17	3.592130E-19
8.374261E+03	1.057370E-17	3.590404E-19
8.374461E+03	1.056998E-17	3.589013E-19
8.374661E+03	1.057122E-17	3.589304E-19
8.374861E+03	1.056453E-17	3.586905E-19
8.375061E+03	1.055981E-17	3.585176E-19
8.375261E+03	1.056006E-17	3.585132E-19
8.375461E+03	1.056229E-17	3.585761E-19
8.375661E+03	1.056352E-17	3.586051E-19
8.375861E+03	1.056872E-17	3.587687E-19
8.376061E+03	1.057392E-17	3.589323E-19
8.376262E+03	1.057912E-17	3.590959E-19
8.376462E+03	1.057936E-17	3.590914E-19
8.376662E+03	1.057762E-17	3.590192E-19
8.376862E+03	1.057786E-17	3.590147E-19
8.377061E+03	1.057613E-17	3.589430E-19
8.377262E+03	1.057934E-17	3.590391E-19
8.377461E+03	1.059049E-17	3.594046E-19
8.377662E+03	1.059272E-17	3.594672E-19
8.377861E+03	1.058205E-17	3.590925E-19
8.378061E+03	1.057834E-17	3.589534E-19
8.378261E+03	1.057957E-17	3.589823E-19
8.378461E+03	1.057585E-17	3.588432E-19
8.378661E+03	1.057610E-17	3.588386E-19
8.378861E+03	1.057832E-17	3.589013E-19
8.379061E+03	1.058749E-17	3.591992E-19
8.379261E+03	1.059665E-17	3.594971E-19
8.379461E+03	1.060085E-17	3.596267E-19
8.379661E+03	1.060705E-17	3.598238E-19
8.379861E+03	1.061126E-17	3.599537E-19
8.380061E+03	1.060951E-17	3.598814E-19
8.380261E+03	1.060976E-17	3.598768E-19
8.380461E+03	1.061794E-17	3.601411E-19
8.380661E+03	1.062215E-17	3.602709E-19
8.380861E+03	1.061842E-17	3.601314E-19
8.381061E+03	1.061569E-17	3.600260E-19
8.381262E+03	1.062486E-17	3.603236E-19
8.381462E+03	1.063204E-17	3.605540E-19
8.381662E+03	1.063923E-17	3.607848E-19
8.381862E+03	1.065632E-17	3.613513E-19
8.382062E+03	1.066350E-17	3.615816E-19
8.382262E+03	1.067069E-17	3.618123E-19
8.382462E+03	1.067490E-17	3.619419E-19
8.382662E+03	1.067614E-17	3.619705E-19
8.382862E+03	1.067738E-17	3.619995E-19
8.383062E+03	1.066374E-17	3.615238E-19
8.383262E+03	1.065506E-17	3.612163E-19
8.383462E+03	1.066819E-17	3.616485E-19
8.383662E+03	1.067835E-17	3.619797E-19
8.383862E+03	1.069049E-17	3.623780E-19
8.384062E+03	1.069868E-17	3.626423E-19
8.384262E+03	1.070586E-17	3.628724E-19
8.384462E+03	1.071702E-17	3.632372E-19
8.384662E+03	1.072619E-17	3.635348E-19
8.384862E+03	1.073238E-17	3.637314E-19
8.385062E+03	1.074156E-17	3.640290E-19
8.385262E+03	1.074973E-17	3.642927E-19
8.385462E+03	1.075196E-17	3.643549E-19
8.385662E+03	1.074824E-17	3.642155E-19
8.385862E+03	1.074254E-17	3.640089E-19
8.386062E+03	1.074179E-17	3.639701E-19
8.386263E+03	1.074898E-17	3.642003E-19
8.386463E+03	1.076906E-17	3.648673E-19
8.386663E+03	1.077527E-17	3.650641E-19
8.386863E+03	1.076757E-17	3.647899E-19
8.387063E+03	1.076187E-17	3.645833E-19
8.387263E+03	1.075021E-17	3.641749E-19
8.387463E+03	1.073855E-17	3.637665E-19
8.387663E+03	1.073681E-17	3.636942E-19
8.387863E+03	1.074598E-17	3.639915E-19
8.388063E+03	1.075219E-17	3.641882E-19
8.388263E+03	1.076036E-17	3.644517E-19
8.388463E+03	1.076657E-17	3.646483E-19
8.388663E+03	1.077276E-17	3.648446E-19
8.388863E+03	1.078889E-17	3.653773E-19
8.389063E+03	1.079410E-17	3.655401E-19
8.389263E+03	1.077548E-17	3.648962E-19
8.389462E+03	1.076184E-17	3.644208E-19
8.389663E+03	1.075018E-17	3.640124E-19
8.389862E+03	1.073852E-17	3.636042E-19
8.390062E+03	1.072288E-17	3.630613E-19
8.390263E+03	1.070526E-17	3.624512E-19
8.390462E+03	1.069063E-17	3.619422E-19
8.390662E+03	1.067896E-17	3.615337E-19
8.390862E+03	1.066730E-17	3.611255E-19
8.391063E+03	1.065563E-17	3.607170E-19
8.391263E+03	1.064595E-17	3.603759E-19
8.391463E+03	1.064321E-17	3.602700E-19
8.391663E+03	1.063948E-17	3.601303E-19
8.391863E+03	1.063179E-17	3.598565E-19
8.392063E+03	1.063402E-17	3.599185E-19
8.392263E+03	1.063525E-17	3.599467E-19
8.392463E+03	1.063350E-17	3.598741E-19
8.392663E+03	1.063573E-17	3.599361E-19
8.392863E+03	1.063200E-17	3.597965E-19
8.393063E+03	1.062529E-17	3.595560E-19
8.393263E+03	1.062752E-17	3.596179E-19
8.393463E+03	1.063372E-17	3.598144E-19
8.393663E+03	1.064190E-17	3.600775E-19
8.393863E+03	1.064314E-17	3.601061E-19
8.394063E+03	1.064735E-17	3.602350E-19
8.394263E+03	1.065554E-17	3.604985E-19
8.394463E+03	1.066074E-17	3.606611E-19
8.394663E+03	1.066296E-17	3.607226E-19
8.394863E+03	1.066917E-17	3.609189E-19
8.395063E+03	1.067636E-17	3.611485E-19
8.395263E+03	1.067462E-17	3.610762E-19
8.395463E+03	1.067287E-17	3.610035E-19
8.395663E+03	1.066418E-17	3.606959E-19
8.395863E+03	1.065151E-17	3.602540E-19
8.396064E+03	1.064579E-17	3.600468E-19
8.396264E+03	1.064802E-17	3.601085E-19
8.396464E+03	1.065025E-17	3.601703E-19
8.396664E+03	1.064354E-17	3.599299E-19
8.396864E+03	1.064676E-17	3.600253E-19
8.397064E+03	1.064402E-17	3.599189E-19
8.397264E+03	1.063433E-17	3.595778E-19
8.397464E+03	1.064053E-17	3.597739E-19
8.397664E+03	1.062687E-17	3.592984E-19
8.397864E+03	1.062612E-17	3.592594E-19
8.398064E+03	1.064722E-17	3.599590E-19
8.398264E+03	1.066236E-17	3.604572E-19
8.398464E+03	1.067153E-17	3.607536E-19
8.398664E+03	1.068071E-17	3.610503E-19
8.398864E+03	1.068891E-17	3.613136E-19
8.399064E+03	1.069212E-17	3.614085E-19
8.399264E+03	1.070230E-17	3.617388E-19
8.401065E+03	1.070944E-17	3.618563E-19
8.401265E+03	1.070968E-17	3.618504E-19
8.401465E+03	1.070495E-17	3.616769E-19
8.401665E+03	1.070520E-17	3.616714E-19
8.401865E+03	1.070942E-17	3.618001E-19
8.402065E+03	1.071165E-17	3.618616E-19
8.402264E+03	1.072182E-17	3.621916E-19
8.402465E+03	1.073001E-17	3.624541E-19
8.402665E+03	1.073820E-17	3.627171E-19
8.402864E+03	1.074242E-17	3.628458E-19
8.403065E+03	1.074962E-17	3.630749E-19
8.403264E+03	1.075185E-17	3.631363E-19
8.403464E+03	1.074513E-17	3.628955E-19
8.403664E+03	1.074140E-17	3.627555E-19
8.403864E+03	1.074065E-17	3.627162E-19
8.404064E+03	1.073293E-17	3.624417E-19
8.404264E+03	1.073517E-17	3.625034E-19
8.404464E+03	1.074535E-17	3.628331E-19
8.404664E+03	1.074460E-17	3.627937E-19
8.404864E+03	1.074285E-17	3.627207E-19
8.405064E+03	1.074110E-17	3.626478E-19
8.405264E+03	1.073638E-17	3.624742E-19
8.405464E+03	1.073463E-17	3.624012E-19
8.405664E+03	1.073388E-17	3.623619E-19
8.405865E+03	1.074008E-17	3.625572E-19
8.406065E+03	1.074927E-17	3.628534E-19
8.406265E+03	1.074852E-17	3.628140E-19
8.406465E+03	1.074280E-17	3.626068E-19
8.406665E+03	1.073608E-17	3.623660E-19
8.406865E+03	1.073632E-17	3.623602E-19
8.407065E+03	1.073755E-17	3.623877E-19
8.407265E+03	1.072686E-17	3.620128E-19
8.407465E+03	1.072113E-17	3.618056E-19
8.407665E+03	1.071939E-17	3.617326E-19
8.407865E+03	1.072062E-17	3.617601E-19
8.408065E+03	1.072086E-17	3.617543E-19
8.408265E+03	1.071911E-17	3.616813E-19
8.408465E+03	1.070543E-17	3.612055E-19
8.408665E+03	1.069572E-17	3.608639E-19
8.408865E+03	1.069000E-17	3.606568E-19
8.409065E+03	1.068526E-17	3.604830E-19
8.409265E+03	1.067158E-17	3.600073E-19
8.409465E+03	1.065093E-17	3.592968E-19
8.409665E+03	1.065316E-17	3.593579E-19
8.409865E+03	1.066135E-17	3.596203E-19
8.410065E+03	1.065961E-17	3.595473E-19
8.410265E+03	1.065985E-17	3.595416E-19
8.410465E+03	1.066605E-17	3.597367E-19
8.410666E+03	1.067325E-17	3.599653E-19
8.410866E+03	1.068046E-17	3.601943E-19
8.411066E+03	1.068865E-17	3.604566E-19
8.411266E+03	1.069188E-17	3.605512E-19
8.411466E+03	1.069013E-17	3.604781E-19
8.411666E+03	1.068937E-17	3.604383E-19
8.411866E+03	1.069060E-17	3.604657E-19
8.412066E+03	1.068985E-17	3.604262E-19
8.412266E+03	1.068511E-17	3.602523E-19
8.412466E+03	1.068037E-17	3.600785E-19
8.412666E+03	1.067763E-17	3.599718E-19
8.412866E+03	1.067588E-17	3.598988E-19
8.413066E+03	1.068208E-17	3.600937E-19
8.413266E+03	1.067934E-17	3.599870E-19
8.413466E+03	1.066466E-17	3.594780E-19
8.413666E+03	1.065196E-17	3.590359E-19
8.413866E+03	1.064722E-17	3.588621E-19
8.414066E+03	1.064846E-17	3.588894E-19
8.414266E+03	1.065168E-17	3.589839E-19
8.414466E+03	1.065589E-17	3.591116E-19
8.414666E+03	1.066011E-17	3.592396E-19
8.414866E+03	1.066035E-17	3.592337E-19
8.415066E+03	1.065362E-17	3.589927E-19
8.415265E+03	1.064888E-17	3.588190E-19
8.415466E+03	1.065309E-17	3.589465E-19
8.415867E+03	1.066452E-17	3.593030E-19
8.416067E+03	1.067173E-17	3.595316E-19
8.416266E+03	1.066698E-17	3.593575E-19
8.416466E+03	1.065727E-17	3.590162E-19
8.417066E+03	1.065897E-17	3.590307E-19
8.417266E+03	1.065822E-17	3.589911E-19
8.417466E+03	1.064253E-17	3.584485E-19
8.417666E+03	1.063380E-17	3.581402E-19
8.417866E+03	1.062807E-17	3.579329E-19
8.418066E+03	1.061636E-17	3.575242E-19
8.418266E+03	1.060564E-17	3.571492E-19
8.418466E+03	1.060390E-17	3.570761E-19
8.418666E+03	1.060214E-17	3.570026E-19
8.418866E+03	1.060237E-17	3.569963E-19
8.419066E+03	1.060559E-17	3.570905E-19
8.419266E+03	1.060981E-17	3.572183E-19
8.419466E+03	1.061204E-17	3.572790E-19
8.419666E+03	1.061327E-17	3.573061E-19
8.419866E+03	1.061550E-17	3.573668E-19
8.420066E+03	1.061374E-17	3.572933E-19
8.420266E+03	1.061696E-17	3.573875E-19
8.420467E+03	1.062218E-17	3.575487E-19
8.420667E+03	1.062241E-17	3.575422E-19
8.420867E+03	1.062763E-17	3.577034E-19
8.421067E+03	1.063284E-17	3.578646E-19
8.421267E+03	1.063407E-17	3.578916E-19
8.421467E+03	1.063829E-17	3.580192E-19
8.421667E+03	1.063156E-17	3.577784E-19
8.421867E+03	1.062382E-17	3.575037E-19
8.422067E+03	1.061908E-17	3.573296E-19
8.422267E+03	1.061633E-17	3.572228E-19
8.422467E+03	1.062154E-17	3.573836E-19
8.422667E+03	1.062974E-17	3.576452E-19
8.422867E+03	1.062899E-17	3.576055E-19
8.423067E+03	1.061926E-17	3.572638E-19
8.423267E+03	1.060754E-17	3.568551E-19
8.423467E+03	1.060180E-17	3.566475E-19
8.423667E+03	1.060303E-17	3.566744E-19
8.423867E+03	1.060824E-17	3.568355E-19
8.424067E+03	1.060847E-17	3.568289E-19
8.424267E+03	1.060174E-17	3.565881E-19
8.424467E+03	1.059500E-17	3.563470E-19
8.424667E+03	1.059125E-17	3.562064E-19
8.424867E+03	1.059348E-17	3.562669E-19
8.425067E+03	1.059471E-17	3.562938E-19
8.425267E+03	1.058897E-17	3.560862E-19
8.425468E+03	1.057725E-17	3.556776E-19
8.425668E+03	1.056453E-17	3.552356E-19
8.425868E+03	1.056078E-17	3.550950E-19
8.426068E+03	1.056200E-17	3.551216E-19
8.426268E+03	1.056422E-17	3.551820E-19
8.426468E+03	1.056645E-17	3.552424E-19
8.426668E+03	1.055473E-17	3.548339E-19
8.426868E+03	1.053005E-17	3.539898E-19
8.427068E+03	1.051036E-17	3.533135E-19
8.427268E+03	1.049863E-17	3.529047E-19
8.427468E+03	1.048890E-17	3.525634E-19
8.427668E+03	1.048414E-17	3.523891E-19
8.427868E+03	1.049234E-17	3.526504E-19
8.428067E+03	1.049855E-17	3.528449E-19
8.428267E+03	1.049381E-17	3.526709E-19
8.428468E+03	1.048805E-17	3.524631E-19
8.428667E+03	1.048530E-17	3.523562E-19
8.428868E+03	1.047755E-17	3.520814E-19
8.429067E+03	1.047280E-17	3.519075E-19
8.429267E+03	1.047203E-17	3.518672E-19
8.429467E+03	1.047326E-17	3.518941E-19
8.429667E+03	1.047449E-17	3.519210E-19
8.429867E+03	1.047571E-17	3.519475E-19
8.430067E+03	1.047594E-17	3.519409E-19
8.430268E+03	1.048016E-17	3.520681E-19
8.432068E+03	1.048921E-17	3.522416E-19
8.432268E+03	1.048845E-17	3.522015E-19
8.432468E+03	1.049067E-17	3.522617E-19
8.432668E+03	1.049091E-17	3.522550E-19
8.432868E+03	1.048914E-17	3.521810E-19
8.433068E+03	1.048537E-17	3.520402E-19
8.433268E+03	1.047862E-17	3.517990E-19
8.433468E+03	1.047886E-17	3.517923E-19
8.433668E+03	1.048806E-17	3.520866E-19
8.433868E+03	1.049128E-17	3.521802E-19
8.434068E+03	1.048852E-17	3.520731E-19
8.434268E+03	1.048476E-17	3.519323E-19
8.434468E+03	1.048200E-17	3.518249E-19
8.434668E+03	1.048023E-17	3.517509E-19
8.434868E+03	1.047947E-17	3.517107E-19
8.435068E+03	1.047869E-17	3.516702E-19
8.435269E+03	1.048092E-17	3.517302E-19
8.435469E+03	1.048314E-17	3.517902E-19
8.435669E+03	1.048637E-17	3.518837E-19
8.435869E+03	1.048859E-17	3.519438E-19
8.436069E+03	1.049181E-17	3.520372E-19
8.436269E+03	1.048905E-17	3.519298E-19
8.436469E+03	1.048429E-17	3.517555E-19
8.436669E+03	1.047953E-17	3.515812E-19
8.436869E+03	1.047876E-17	3.515407E-19
8.437069E+03	1.048198E-17	3.516341E-19
8.437269E+03	1.048721E-17	3.517946E-19
8.437469E+03	1.048344E-17	3.516538E-19
8.437669E+03	1.047868E-17	3.514792E-19
8.437869E+03	1.047591E-17	3.513717E-19
8.438069E+03	1.046317E-17	3.509298E-19
8.438269E+03	1.045442E-17	3.506216E-19
8.438469E+03	1.045764E-17	3.507150E-19
8.438669E+03	1.045089E-17	3.504739E-19
8.438869E+03	1.043715E-17	3.499984E-19
8.439069E+03	1.042840E-17	3.496902E-19
8.439269E+03	1.042762E-17	3.496496E-19
8.439469E+03	1.041987E-17	3.493749E-19
8.439669E+03	1.041511E-17	3.492007E-19
8.439869E+03	1.041933E-17	3.493274E-19
8.440070E+03	1.041955E-17	3.493202E-19
8.440270E+03	1.041479E-17	3.491460E-19
8.440470E+03	1.041002E-17	3.489715E-19
8.440669E+03	1.041125E-17	3.489981E-19
8.440870E+03	1.040050E-17	3.486228E-19
8.441069E+03	1.038875E-17	3.482143E-19
8.441270E+03	1.038499E-17	3.480735E-19
8.441469E+03	1.038123E-17	3.479328E-19
8.441669E+03	1.037945E-17	3.478585E-19
8.441869E+03	1.037369E-17	3.476510E-19
8.442069E+03	1.036294E-17	3.472759E-19
8.442269E+03	1.035618E-17	3.470347E-19
8.442469E+03	1.035740E-17	3.470609E-19
8.442669E+03	1.035862E-17	3.470871E-19
8.442869E+03	1.034886E-17	3.467454E-19
8.443069E+03	1.034509E-17	3.466047E-19
8.443269E+03	1.034132E-17	3.464637E-19
8.443469E+03	1.033856E-17	3.463563E-19
8.443669E+03	1.033878E-17	3.463491E-19
8.443869E+03	1.033801E-17	3.463085E-19
8.444069E+03	1.034122E-17	3.464014E-19
8.444269E+03	1.034245E-17	3.464279E-19
8.444469E+03	1.034267E-17	3.464206E-19
8.444669E+03	1.033990E-17	3.463130E-19
8.444869E+03	1.033613E-17	3.461722E-19
8.445070E+03	1.032737E-17	3.458640E-19
8.445270E+03	1.032161E-17	3.456562E-19
8.445470E+03	1.032183E-17	3.456490E-19
8.445670E+03	1.032105E-17	3.456080E-19
8.445870E+03	1.031928E-17	3.455341E-19
8.446070E+03	1.031751E-17	3.454601E-19
8.446270E+03	1.031773E-17	3.454528E-19
8.446470E+03	1.032294E-17	3.456126E-19
8.446670E+03	1.032915E-17	3.458058E-19
8.446870E+03	1.033337E-17	3.459322E-19
8.447070E+03	1.033460E-17	3.459585E-19
8.447270E+03	1.033682E-17	3.460179E-19
8.447470E+03	1.034103E-17	3.461443E-19
8.447670E+03	1.034425E-17	3.462373E-19
8.447870E+03	1.034448E-17	3.462299E-19
8.448070E+03	1.034370E-17	3.461892E-19
8.448270E+03	1.034593E-17	3.462488E-19
8.448470E+03	1.034715E-17	3.462747E-19
8.448670E+03	1.034137E-17	3.460667E-19
8.448870E+03	1.033760E-17	3.459256E-19
8.449070E+03	1.033084E-17	3.456845E-19
8.449270E+03	1.032107E-17	3.453428E-19
8.449470E+03	1.031230E-17	3.450345E-19
8.449670E+03	1.030853E-17	3.448934E-19
8.449871E+03	1.030476E-17	3.447523E-19
8.450071E+03	1.030299E-17	3.446783E-19
8.450271E+03	1.030220E-17	3.446372E-19
8.450471E+03	1.030143E-17	3.445965E-19
8.450671E+03	1.030664E-17	3.447560E-19
8.450871E+03	1.031187E-17	3.449159E-19
8.451071E+03	1.031808E-17	3.451087E-19
8.451271E+03	1.032130E-17	3.452015E-19
8.451471E+03	1.032052E-17	3.451607E-19
8.451671E+03	1.032075E-17	3.451533E-19
8.451871E+03	1.032496E-17	3.452794E-19
8.452071E+03	1.032618E-17	3.453052E-19
8.452271E+03	1.032241E-17	3.451641E-19
8.452471E+03	1.032663E-17	3.452902E-19
8.452671E+03	1.033485E-17	3.455501E-19
8.452871E+03	1.032907E-17	3.453421E-19
8.453071E+03	1.032230E-17	3.451008E-19
8.453271E+03	1.031552E-17	3.448591E-19
8.453470E+03	1.030975E-17	3.446512E-19
8.454070E+03	1.030841E-17	3.445617E-19
8.454271E+03	1.030464E-17	3.444205E-19
8.454470E+03	1.029887E-17	3.442126E-19
8.454670E+03	1.029509E-17	3.440713E-19
8.454871E+03	1.029131E-17	3.439301E-19
8.455071E+03	1.028754E-17	3.437891E-19
8.455271E+03	1.028976E-17	3.438481E-19
8.455471E+03	1.030197E-17	3.442413E-19
8.455671E+03	1.031219E-17	3.445676E-19
8.455871E+03	1.031940E-17	3.447936E-19
8.456071E+03	1.032462E-17	3.449531E-19
8.456271E+03	1.031685E-17	3.446782E-19
8.456471E+03	1.030307E-17	3.442030E-19
8.456671E+03	1.029330E-17	3.438616E-19
8.456871E+03	1.028952E-17	3.437202E-19
8.457071E+03	1.028574E-17	3.435788E-19
8.457271E+03	1.028197E-17	3.434378E-19
8.457471E+03	1.027918E-17	3.433297E-19
8.457671E+03	1.028540E-17	3.435224E-19
8.457871E+03	1.029762E-17	3.439153E-19
8.458071E+03	1.030084E-17	3.440077E-19
8.458271E+03	1.029707E-17	3.438667E-19
8.458471E+03	1.029229E-17	3.436920E-19
8.458671E+03	1.028450E-17	3.434169E-19
8.458871E+03	1.027972E-17	3.432423E-19
8.459071E+03	1.028494E-17	3.434015E-19
8.459271E+03	1.029116E-17	3.435941E-19
8.459471E+03	1.028839E-17	3.434863E-19
8.459672E+03	1.028161E-17	3.432447E-19
8.459872E+03	1.027282E-17	3.429364E-19
8.460072E+03	1.026805E-17	3.427618E-19
8.460272E+03	1.026726E-17	3.427205E-19
8.460472E+03	1.026848E-17	3.427460E-19
8.460672E+03	1.027170E-17	3.428384E-19
8.460872E+03	1.026692E-17	3.426637E-19
8.461072E+03	1.026314E-17	3.425224E-19
8.461272E+03	1.026136E-17	3.424478E-19
8.461472E+03	1.025958E-17	3.423733E-19
8.461672E+03	1.025880E-17	3.423320E-19
8.461872E+03	1.025902E-17	3.423242E-19
8.462072E+03	1.026623E-17	3.425498E-19
8.462272E+03	1.026346E-17	3.424420E-19
8.462472E+03	1.025167E-17	3.420334E-19
8.462672E+03	1.024889E-17	3.419256E-19
8.462872E+03	1.025210E-17	3.420176E-19
8.463072E+03	1.026133E-17	3.423102E-19
8.463272E+03	1.027455E-17	3.427360E-19
8.463472E+03	1.028077E-17	3.429282E-19
8.463672E+03	1.027698E-17	3.427868E-19
8.463872E+03	1.027820E-17	3.428122E-19
8.464072E+03	1.028342E-17	3.429711E-19
8.464272E+03	1.027664E-17	3.427297E-19
8.464472E+03	1.026485E-17	3.423212E-19
8.464673E+03	1.026007E-17	3.421465E-19
8.464873E+03	1.027230E-17	3.425389E-19
8.465073E+03	1.028852E-17	3.430645E-19
8.465273E+03	1.029875E-17	3.433904E-19
8.465473E+03	1.030297E-17	3.435156E-19
8.465673E+03	1.031420E-17	3.438746E-19
8.467272E+03	1.031294E-17	3.437098E-19
8.467472E+03	1.030815E-17	3.435348E-19
8.467672E+03	1.030738E-17	3.434936E-19
8.467872E+03	1.030359E-17	3.433518E-19
8.468072E+03	1.029780E-17	3.431436E-19
8.468272E+03	1.030903E-17	3.435023E-19
8.468472E+03	1.032127E-17	3.438945E-19
8.468672E+03	1.032449E-17	3.439864E-19
8.468872E+03	1.032370E-17	3.439447E-19
8.469072E+03	1.031891E-17	3.437697E-19
8.469272E+03	1.031913E-17	3.437616E-19
8.469473E+03	1.031835E-17	3.437199E-19
8.469673E+03	1.032458E-17	3.439119E-19
8.469873E+03	1.032780E-17	3.440036E-19
8.470073E+03	1.032701E-17	3.439620E-19
8.470273E+03	1.033124E-17	3.440872E-19
8.470473E+03	1.033446E-17	3.441789E-19
8.470673E+03	1.033468E-17	3.441707E-19
8.470873E+03	1.033189E-17	3.440623E-19
8.471073E+03	1.032911E-17	3.439540E-19
8.471273E+03	1.033333E-17	3.440791E-19
8.471473E+03	1.033655E-17	3.441708E-19
8.471673E+03	1.033176E-17	3.439957E-19
8.471873E+03	1.032898E-17	3.438874E-19
8.472073E+03	1.032920E-17	3.438792E-19
8.472273E+03	1.033042E-17	3.439041E-19
8.472473E+03	1.032863E-17	3.438289E-19
8.472673E+03	1.032685E-17	3.437540E-19
8.472873E+03	1.032606E-17	3.437123E-19
8.473073E+03	1.032428E-17	3.436374E-19
8.473273E+03	1.031749E-17	3.433957E-19
8.473473E+03	1.031069E-17	3.431538E-19
8.473673E+03	1.030891E-17	3.430789E-19
8.473873E+03	1.031213E-17	3.431704E-19
8.474073E+03	1.031635E-17	3.432954E-19
8.474273E+03	1.031957E-17	3.433869E-19
8.474474E+03	1.032681E-17	3.436119E-19
8.474674E+03	1.033803E-17	3.439698E-19
8.474874E+03	1.034527E-17	3.441947E-19
8.475074E+03	1.034048E-17	3.440197E-19
8.475274E+03	1.033368E-17	3.437777E-19
8.475474E+03	1.032889E-17	3.436027E-19
8.475674E+03	1.033011E-17	3.436275E-19
8.475874E+03	1.033534E-17	3.437858E-19
8.476074E+03	1.033656E-17	3.438106E-19
8.476274E+03	1.034078E-17	3.439354E-19
8.476474E+03	1.034701E-17	3.441267E-19
8.476674E+03	1.035524E-17	3.443847E-19
8.476874E+03	1.036147E-17	3.445760E-19
8.477074E+03	1.036169E-17	3.445675E-19
8.477274E+03	1.036391E-17	3.446256E-19
8.477474E+03	1.036313E-17	3.445837E-19
8.477674E+03	1.036134E-17	3.445084E-19
8.477874E+03	1.035554E-17	3.442999E-19
8.478074E+03	1.034374E-17	3.438917E-19
8.478274E+03	1.033894E-17	3.437163E-19
8.478474E+03	1.034116E-17	3.437744E-19
8.478674E+03	1.034238E-17	3.437991E-19
8.478874E+03	1.034260E-17	3.437906E-19
8.479074E+03	1.035284E-17	3.441151E-19
8.479274E+03	1.036408E-17	3.444728E-19
8.479475E+03	1.036029E-17	3.443308E-19
8.479674E+03	1.035550E-17	3.441558E-19
8.479874E+03	1.034870E-17	3.439139E-19
8.480075E+03	1.034490E-17	3.437719E-19
8.480274E+03	1.034812E-17	3.438630E-19
8.480474E+03	1.035035E-17	3.439210E-19
8.480674E+03	1.035057E-17	3.439125E-19
8.480874E+03	1.035379E-17	3.440035E-19
8.481074E+03	1.036002E-17	3.441948E-19
8.481274E+03	1.036124E-17	3.442193E-19
8.481474E+03	1.035644E-17	3.440439E-19
8.481674E+03	1.035666E-17	3.440353E-19
8.481874E+03	1.036390E-17	3.442596E-19
8.482074E+03	1.036110E-17	3.441507E-19
8.482274E+03	1.035130E-17	3.438093E-19
8.482474E+03	1.035351E-17	3.438668E-19
8.482674E+03	1.036075E-17	3.440911E-19
8.482874E+03	1.035495E-17	3.438826E-19
8.483074E+03	1.035316E-17	3.438072E-19
8.483274E+03	1.037042E-17	3.443644E-19
8.483474E+03	1.037966E-17	3.446550E-19
8.483674E+03	1.037286E-17	3.444132E-19
8.483874E+03	1.036506E-17	3.441382E-19
8.484074E+03	1.036327E-17	3.440627E-19
8.484275E+03	1.035948E-17	3.439207E-19
8.484475E+03	1.035568E-17	3.437787E-19
8.484675E+03	1.035791E-17	3.438365E-19
8.484875E+03	1.035912E-17	3.438608E-19
8.485075E+03	1.035933E-17	3.438517E-19
8.485275E+03	1.035955E-17	3.438430E-19
8.485475E+03	1.036077E-17	3.438673E-19
8.485675E+03	1.036098E-17	3.438582E-19
8.485875E+03	1.035820E-17	3.437496E-19
8.486075E+03	1.036242E-17	3.438737E-19
8.486275E+03	1.036664E-17	3.439978E-19
8.486475E+03	1.036786E-17	3.440220E-19
8.486675E+03	1.037109E-17	3.441131E-19
8.486875E+03	1.037432E-17	3.442040E-19
8.487075E+03	1.036551E-17	3.438955E-19
8.487275E+03	1.035068E-17	3.433874E-19
8.487475E+03	1.034487E-17	3.431787E-19
8.487675E+03	1.034810E-17	3.432696E-19
8.487875E+03	1.035032E-17	3.433272E-19
8.488075E+03	1.035354E-17	3.434178E-19
8.488275E+03	1.035978E-17	3.436085E-19
8.488475E+03	1.036902E-17	3.438990E-19
8.488675E+03	1.037626E-17	3.441226E-19
8.488875E+03	1.037648E-17	3.441137E-19
8.489076E+03	1.037368E-17	3.440047E-19
8.489276E+03	1.037490E-17	3.440288E-19
8.489476E+03	1.038815E-17	3.444522E-19
8.489676E+03	1.040141E-17	3.448755E-19
8.489876E+03	1.040564E-17	3.449993E-19
8.490076E+03	1.040786E-17	3.450567E-19
8.490276E+03	1.041510E-17	3.452805E-19
8.490476E+03	1.042033E-17	3.454375E-19
8.490676E+03	1.042556E-17	3.455946E-19
8.490876E+03	1.042879E-17	3.456852E-19
8.491076E+03	1.042801E-17	3.456428E-19
8.491276E+03	1.043223E-17	3.457664E-19
8.491476E+03	1.043947E-17	3.459901E-19
8.491676E+03	1.044370E-17	3.461137E-19
8.491876E+03	1.045395E-17	3.464369E-19
8.492076E+03	1.046119E-17	3.466605E-19
8.492275E+03	1.046141E-17	3.466514E-19
8.492476E+03	1.046363E-17	3.467085E-19
8.492675E+03	1.046987E-17	3.468987E-19
8.492876E+03	1.048012E-17	3.472217E-19
8.493075E+03	1.048736E-17	3.474452E-19
8.493275E+03	1.048256E-17	3.472697E-19
8.493475E+03	1.047976E-17	3.471605E-19
8.493675E+03	1.048199E-17	3.472175E-19
8.493875E+03	1.048521E-17	3.473079E-19
8.494076E+03	1.049146E-17	3.474982E-19
8.494276E+03	1.050070E-17	3.477878E-19
8.494476E+03	1.050795E-17	3.480110E-19
8.495276E+03	1.052086E-17	3.483720E-19
8.495476E+03	1.052810E-17	3.485952E-19
8.495676E+03	1.052832E-17	3.485858E-19
8.495876E+03	1.053255E-17	3.487093E-19
8.496076E+03	1.053578E-17	3.487994E-19
8.496276E+03	1.053299E-17	3.486901E-19
8.496476E+03	1.052317E-17	3.483483E-19
8.496676E+03	1.051133E-17	3.479400E-19
8.496876E+03	1.051356E-17	3.479969E-19
8.497076E+03	1.052583E-17	3.483863E-19
8.497276E+03	1.053910E-17	3.488087E-19
8.497476E+03	1.054132E-17	3.488655E-19
8.497676E+03	1.053652E-17	3.486899E-19
8.497876E+03	1.053773E-17	3.487133E-19
8.498076E+03	1.054398E-17	3.489032E-19
8.498276E+03	1.054921E-17	3.490595E-19
8.498476E+03	1.054742E-17	3.489834E-19
8.498676E+03	1.053760E-17	3.486417E-19
8.498877E+03	1.052476E-17	3.482001E-19
8.499077E+03	1.051996E-17	3.480245E-19
8.499277E+03	1.052520E-17	3.481811E-19
8.499477E+03	1.051638E-17	3.478724E-19
8.499677E+03	1.050253E-17	3.473977E-19
8.499877E+03	1.050777E-17	3.475542E-19
8.500077E+03	1.051401E-17	3.477436E-19
8.500277E+03	1.050820E-17	3.475348E-19
8.500477E+03	1.050641E-17	3.474588E-19
8.500677E+03	1.050863E-17	3.475154E-19
8.500877E+03	1.049880E-17	3.471736E-19
8.501077E+03	1.048496E-17	3.466990E-19
8.501277E+03	1.048517E-17	3.466891E-19
8.501477E+03	1.049142E-17	3.468788E-19
8.501677E+03	1.047657E-17	3.463711E-19
8.501877E+03	1.046875E-17	3.460958E-19
8.502077E+03	1.047297E-17	3.462186E-19
8.502277E+03	1.047621E-17	3.463089E-19
8.502477E+03	1.047340E-17	3.461992E-19
8.502677E+03	1.047161E-17	3.461231E-19
8.502877E+03	1.047083E-17	3.460803E-19
8.503077E+03	1.047405E-17	3.461702E-19
8.503277E+03	1.049034E-17	3.466915E-19
8.503477E+03	1.050763E-17	3.472460E-19
8.503677E+03	1.050785E-17	3.472364E-19
8.503878E+03	1.050706E-17	3.471934E-19
8.504078E+03	1.050828E-17	3.472166E-19
8.504278E+03	1.050850E-17	3.472069E-19
8.504478E+03	1.050770E-17	3.471637E-19
8.504677E+03	1.050692E-17	3.471209E-19
8.504878E+03	1.050914E-17	3.471772E-19
8.505677E+03	1.051301E-17	3.472374E-19
8.505877E+03	1.051725E-17	3.473602E-19
8.506477E+03	1.052592E-17	3.475957E-19
8.506677E+03	1.053418E-17	3.478513E-19
8.506877E+03	1.053741E-17	3.479408E-19
8.507077E+03	1.053160E-17	3.477320E-19
8.507277E+03	1.052879E-17	3.476222E-19
8.507477E+03	1.053303E-17	3.477449E-19
8.507677E+03	1.052622E-17	3.475029E-19
8.507877E+03	1.051939E-17	3.472606E-19
8.508077E+03	1.052363E-17	3.473833E-19
8.508277E+03	1.052987E-17	3.475723E-19
8.508477E+03	1.053109E-17	3.475953E-19
8.508678E+03	1.053231E-17	3.476186E-19
8.508878E+03	1.053353E-17	3.476415E-19
8.509078E+03	1.053073E-17	3.475321E-19
8.509278E+03	1.052190E-17	3.472234E-19
8.509478E+03	1.051407E-17	3.469480E-19
8.509678E+03	1.050825E-17	3.467389E-19
8.509878E+03	1.050143E-17	3.464967E-19
8.510078E+03	1.049562E-17	3.462877E-19
8.510278E+03	1.048779E-17	3.460123E-19
8.510478E+03	1.048297E-17	3.458362E-19
8.510678E+03	1.049022E-17	3.460583E-19
8.510878E+03	1.050149E-17	3.464131E-19
8.511078E+03	1.050774E-17	3.466019E-19
8.511278E+03	1.051096E-17	3.466912E-19
8.511478E+03	1.051118E-17	3.466812E-19
8.511678E+03	1.051542E-17	3.468036E-19
8.511878E+03	1.051864E-17	3.468928E-19
8.512078E+03	1.051886E-17	3.468829E-19
8.512278E+03	1.052410E-17	3.470384E-19
8.512478E+03	1.052934E-17	3.471939E-19
8.512678E+03	1.052554E-17	3.470512E-19
8.512878E+03	1.052373E-17	3.469745E-19
8.513078E+03	1.052998E-17	3.471631E-19
8.513278E+03	1.053422E-17	3.472857E-19
8.513478E+03	1.053745E-17	3.473748E-19
8.513679E+03	1.054369E-17	3.475633E-19
8.513879E+03	1.054794E-17	3.476858E-19
8.514079E+03	1.054915E-17	3.477085E-19
8.514279E+03	1.054635E-17	3.475989E-19
8.514479E+03	1.054556E-17	3.475553E-19
8.514679E+03	1.054779E-17	3.476115E-19
8.514879E+03	1.055604E-17	3.478662E-19
8.515079E+03	1.055625E-17	3.478557E-19
8.515279E+03	1.054742E-17	3.475473E-19
8.515479E+03	1.054562E-17	3.474705E-19
8.515679E+03	1.054885E-17	3.475598E-19
8.515879E+03	1.054303E-17	3.473504E-19
8.516079E+03	1.053822E-17	3.471746E-19
8.516279E+03	1.054245E-17	3.472966E-19
8.516479E+03	1.054769E-17	3.474518E-19
8.516679E+03	1.054690E-17	3.474084E-19
8.516879E+03	1.053806E-17	3.470997E-19
8.517079E+03	1.055638E-17	3.476858E-19
8.517279E+03	1.057369E-17	3.482384E-19
8.517478E+03	1.055881E-17	3.477310E-19
8.517678E+03	1.054696E-17	3.473233E-19
8.517879E+03	1.055321E-17	3.475113E-19
8.518078E+03	1.057354E-17	3.481636E-19
8.518279E+03	1.057677E-17	3.482522E-19
8.518479E+03	1.057598E-17	3.482088E-19
8.518679E+03	1.057619E-17	3.481981E-19
8.518879E+03	1.058345E-17	3.484196E-19
8.519079E+03	1.058970E-17	3.486079E-19
8.519279E+03	1.059192E-17	3.486634E-19
8.519479E+03	1.059214E-17	3.486530E-19
8.519679E+03	1.060241E-17	3.489734E-19
8.519879E+03	1.061168E-17	3.492609E-19
8.520079E+03	1.061794E-17	3.494491E-19
8.520279E+03	1.062620E-17	3.497034E-19
8.520479E+03	1.063447E-17	3.499578E-19
8.520679E+03	1.063870E-17	3.500793E-19
8.520879E+03	1.063087E-17	3.498040E-19
8.521079E+03	1.062001E-17	3.494288E-19
8.521279E+03	1.061922E-17	3.493853E-19
8.521479E+03	1.062043E-17	3.494075E-19
8.521679E+03	1.061360E-17	3.491650E-19
8.521879E+03	1.061080E-17	3.490553E-19
8.522079E+03	1.061605E-17	3.492102E-19
8.522279E+03	1.061827E-17	3.492655E-19
8.522479E+03	1.061950E-17	3.492881E-19
8.522679E+03	1.062676E-17	3.495091E-19
8.522879E+03	1.062194E-17	3.493328E-19
8.523079E+03	1.061812E-17	3.491896E-19
8.523279E+03	1.062940E-17	3.495428E-19
8.523480E+03	1.064070E-17	3.498963E-19
8.523680E+03	1.064392E-17	3.499846E-19
8.523880E+03	1.064615E-17	3.500401E-19
8.524080E+03	1.064939E-17	3.501286E-19
8.524280E+03	1.065464E-17	3.502833E-19
8.524480E+03	1.065686E-17	3.503384E-19
8.524680E+03	1.066210E-17	3.504930E-19
8.524880E+03	1.067541E-17	3.509125E-19
8.525080E+03	1.067764E-17	3.509679E-19
8.525280E+03	1.066275E-17	3.504606E-19
8.525480E+03	1.066195E-17	3.504165E-19
8.525680E+03	1.066921E-17	3.506371E-19
8.525880E+03	1.067044E-17	3.506594E-19
8.526080E+03	1.068072E-17	3.509795E-19
8.526280E+03	1.070107E-17	3.516300E-19
8.526480E+03	1.070732E-17	3.518175E-19
8.526680E+03	1.069647E-17	3.514428E-19
8.526880E+03	1.068459E-17	3.510348E-19
8.527080E+03	1.067574E-17	3.507259E-19
8.527280E+03	1.066991E-17	3.505165E-19
8.527480E+03	1.066711E-17	3.504063E-19
8.527680E+03	1.066229E-17	3.502299E-19
8.527880E+03	1.065243E-17	3.498881E-19
8.528080E+03	1.063955E-17	3.494472E-19
8.528281E+03	1.062868E-17	3.490723E-19
8.528481E+03	1.062085E-17	3.487969E-19
8.528681E+03	1.060998E-17	3.484222E-19
8.528881E+03	1.059508E-17	3.479150E-19
8.529081E+03	1.057213E-17	3.471434E-19
8.529281E+03	1.054817E-17	3.463388E-19
8.529481E+03	1.055543E-17	3.465592E-19
8.529681E+03	1.057276E-17	3.471106E-19
8.529881E+03	1.058406E-17	3.474633E-19
8.530081E+03	1.059836E-17	3.479151E-19
8.530281E+03	1.060765E-17	3.482018E-19
8.530480E+03	1.061894E-17	3.485546E-19
8.530681E+03	1.062720E-17	3.488077E-19
8.530880E+03	1.063245E-17	3.489620E-19
8.531081E+03	1.063468E-17	3.490170E-19
8.531281E+03	1.063791E-17	3.491052E-19
8.531480E+03	1.064517E-17	3.493254E-19
8.531680E+03	1.063833E-17	3.490828E-19
8.531880E+03	1.064257E-17	3.492038E-19
8.532080E+03	1.064984E-17	3.494242E-19
8.532280E+03	1.065509E-17	3.495783E-19
8.532480E+03	1.066135E-17	3.497656E-19
8.532680E+03	1.065350E-17	3.494900E-19
8.532880E+03	1.064666E-17	3.492474E-19
8.533080E+03	1.064486E-17	3.491701E-19
8.533281E+03	1.064205E-17	3.490597E-19
8.533481E+03	1.064226E-17	3.490484E-19
8.533681E+03	1.063743E-17	3.488718E-19
8.533881E+03	1.063159E-17	3.486623E-19
8.534081E+03	1.063382E-17	3.487172E-19
8.534281E+03	1.062899E-17	3.485407E-19
8.534481E+03	1.061610E-17	3.481000E-19
8.534681E+03	1.061229E-17	3.479567E-19
8.534881E+03	1.061451E-17	3.480114E-19
8.535081E+03	1.061473E-17	3.480004E-19
8.535281E+03	1.060889E-17	3.477909E-19
8.535481E+03	1.060003E-17	3.474821E-19
8.535681E+03	1.059218E-17	3.472068E-19
8.535881E+03	1.058835E-17	3.470632E-19
8.536081E+03	1.058352E-17	3.468868E-19
8.536281E+03	1.057668E-17	3.466444E-19
8.536481E+03	1.057487E-17	3.465668E-19
8.536681E+03	1.056903E-17	3.463574E-19
8.536881E+03	1.055916E-17	3.460159E-19
8.537081E+03	1.056139E-17	3.460708E-19
8.537281E+03	1.056865E-17	3.462905E-19
8.537481E+03	1.056584E-17	3.461803E-19
8.537681E+03	1.055999E-17	3.459706E-19
8.537881E+03	1.055113E-17	3.456620E-19
8.538082E+03	1.054126E-17	3.453205E-19
8.538282E+03	1.053744E-17	3.451771E-19
8.538482E+03	1.054269E-17	3.453311E-19
8.538682E+03	1.054491E-17	3.453857E-19
8.538882E+03	1.053908E-17	3.451763E-19
8.539082E+03	1.053626E-17	3.450659E-19
8.539282E+03	1.054453E-17	3.453187E-19
8.539482E+03	1.054978E-17	3.454723E-19
8.539682E+03	1.054797E-17	3.453950E-19
8.539882E+03	1.054818E-17	3.453836E-19
8.540082E+03	1.055443E-17	3.455701E-19
8.540282E+03	1.056271E-17	3.458228E-19
8.540482E+03	1.056998E-17	3.460425E-19
8.540682E+03	1.056918E-17	3.459981E-19
8.540882E+03	1.056132E-17	3.457226E-19
8.541082E+03	1.055346E-17	3.454471E-19
8.541282E+03	1.055064E-17	3.453366E-19
8.541482E+03	1.055186E-17	3.453580E-19
8.541682E+03	1.055106E-17	3.453137E-19
8.541882E+03	1.055127E-17	3.453022E-19
8.542082E+03	1.055248E-17	3.453236E-19
8.542282E+03	1.055370E-17	3.453454E-19
8.542482E+03	1.055391E-17	3.453339E-19
8.542682E+03	1.055109E-17	3.452233E-19
8.542882E+03	1.054625E-17	3.450466E-19
8.543083E+03	1.054042E-17	3.448373E-19
8.543282E+03	1.052953E-17	3.444630E-19
8.543483E+03	1.051663E-17	3.440224E-19
8.543683E+03	1.051178E-17	3.438458E-19
8.543882E+03	1.051099E-17	3.438015E-19
8.544083E+03	1.050312E-17	3.435258E-19
8.544282E+03	1.049425E-17	3.432174E-19
8.544482E+03	1.048739E-17	3.429751E-19
8.544682E+03	1.047651E-17	3.426009E-19
8.544882E+03	1.046461E-17	3.421935E-19
8.545082E+03	1.046279E-17	3.421159E-19
8.545282E+03	1.047612E-17	3.425333E-19
8.545482E+03	1.049347E-17	3.430824E-19
8.545682E+03	1.049368E-17	3.430709E-19
8.545882E+03	1.049388E-17	3.430591E-19
8.546082E+03	1.050720E-17	3.434762E-19
8.546282E+03	1.051649E-17	3.437615E-19
8.546482E+03	1.052678E-17	3.440797E-19
8.546682E+03	1.054111E-17	3.445295E-19
8.546882E+03	1.054939E-17	3.447818E-19
8.547082E+03	1.055162E-17	3.448362E-19
8.547282E+03	1.055384E-17	3.448903E-19
8.547482E+03	1.056010E-17	3.450764E-19
8.547682E+03	1.056434E-17	3.451965E-19
8.547883E+03	1.056354E-17	3.451518E-19
8.548083E+03	1.056577E-17	3.452062E-19
8.548283E+03	1.056799E-17	3.452601E-19
8.548483E+03	1.056114E-17	3.450178E-19
8.548683E+03	1.055025E-17	3.446433E-19
8.548883E+03	1.054540E-17	3.444667E-19
8.549083E+03	1.055066E-17	3.446199E-19
8.549483E+03	1.055712E-17	3.447938E-19
8.549683E+03	1.056238E-17	3.449469E-19
8.549883E+03	1.056561E-17	3.450339E-19
8.550483E+03	1.057229E-17	3.451962E-19
8.550683E+03	1.057653E-17	3.453160E-19
8.550883E+03	1.058178E-17	3.454690E-19
8.551083E+03	1.059612E-17	3.459184E-19
8.551283E+03	1.060945E-17	3.463349E-19
8.551483E+03	1.061066E-17	3.463558E-19
8.551683E+03	1.060684E-17	3.462122E-19
8.551883E+03	1.060401E-17	3.461011E-19
8.552083E+03	1.060119E-17	3.459904E-19
8.552283E+03	1.059332E-17	3.457149E-19
8.552483E+03	1.058343E-17	3.453735E-19
8.552683E+03	1.057354E-17	3.450321E-19
8.552884E+03	1.056870E-17	3.448554E-19
8.553084E+03	1.056891E-17	3.448434E-19
8.553284E+03	1.057719E-17	3.450950E-19
8.553484E+03	1.058447E-17	3.453137E-19
8.553684E+03	1.058770E-17	3.454005E-19
8.553884E+03	1.059699E-17	3.456847E-19
8.554084E+03	1.061032E-17	3.461008E-19
8.554284E+03	1.061860E-17	3.463521E-19
8.554484E+03	1.062487E-17	3.465378E-19
8.554684E+03	1.062710E-17	3.465917E-19
8.554884E+03	1.062832E-17	3.466124E-19
8.555084E+03	1.063256E-17	3.467318E-19
8.555284E+03	1.063883E-17	3.469174E-19
8.555484E+03	1.063802E-17	3.468722E-19
8.555684E+03	1.063520E-17	3.467613E-19
8.555883E+03	1.063338E-17	3.466834E-19
8.556084E+03	1.062754E-17	3.464738E-19
8.556283E+03	1.061663E-17	3.460995E-19
8.556484E+03	1.061886E-17	3.461532E-19
8.556683E+03	1.063321E-17	3.466020E-19
8.556883E+03	1.064754E-17	3.470503E-19
8.557083E+03	1.065886E-17	3.474003E-19
8.557283E+03	1.065705E-17	3.473222E-19
8.557483E+03	1.065221E-17	3.471454E-19
8.557684E+03	1.064030E-17	3.467382E-19
8.557884E+03	1.062232E-17	3.461335E-19
8.558084E+03	1.062051E-17	3.460555E-19
8.558284E+03	1.062576E-17	3.462078E-19
8.558484E+03	1.063001E-17	3.463272E-19
8.558684E+03	1.063021E-17	3.463147E-19
8.558884E+03	1.062840E-17	3.462366E-19
8.559084E+03	1.063062E-17	3.462902E-19
8.559284E+03	1.063588E-17	3.464424E-19
8.559484E+03	1.064013E-17	3.465617E-19
8.559684E+03	1.064842E-17	3.468128E-19
8.559884E+03	1.065165E-17	3.468990E-19
8.560084E+03	1.065085E-17	3.468536E-19
8.560284E+03	1.064701E-17	3.467097E-19
8.560484E+03	1.064520E-17	3.466315E-19
8.560684E+03	1.064742E-17	3.466850E-19
8.560884E+03	1.065066E-17	3.467712E-19
8.561084E+03	1.065592E-17	3.469235E-19
8.561284E+03	1.065815E-17	3.469769E-19
8.561484E+03	1.065936E-17	3.469973E-19
8.561684E+03	1.065957E-17	3.469849E-19
8.561884E+03	1.065472E-17	3.468078E-19
8.562084E+03	1.064381E-17	3.464338E-19
8.562284E+03	1.062987E-17	3.459609E-19
8.562484E+03	1.061795E-17	3.455539E-19
8.562685E+03	1.061512E-17	3.454426E-19
8.562885E+03	1.062948E-17	3.458906E-19
8.563085E+03	1.063777E-17	3.461413E-19
8.563285E+03	1.063292E-17	3.459643E-19
8.563485E+03	1.062200E-17	3.455900E-19
8.563685E+03	1.061716E-17	3.454134E-19
8.563885E+03	1.061433E-17	3.453022E-19
8.564085E+03	1.061352E-17	3.452568E-19
8.564285E+03	1.061272E-17	3.452116E-19
8.564485E+03	1.060888E-17	3.450674E-19
8.564685E+03	1.060706E-17	3.449893E-19
8.564885E+03	1.061030E-17	3.450753E-19
8.565085E+03	1.060949E-17	3.450298E-19
8.565285E+03	1.060263E-17	3.447875E-19
8.565485E+03	1.059980E-17	3.446763E-19
8.565685E+03	1.059697E-17	3.445651E-19
8.565885E+03	1.060424E-17	3.447825E-19
8.566085E+03	1.061759E-17	3.451973E-19
8.566285E+03	1.063397E-17	3.457105E-19
8.566485E+03	1.064326E-17	3.459935E-19
8.566685E+03	1.062629E-17	3.454223E-19
8.566885E+03	1.060931E-17	3.448512E-19
8.567085E+03	1.060850E-17	3.448057E-19
8.567285E+03	1.061679E-17	3.450559E-19
8.567486E+03	1.062912E-17	3.454374E-19
8.567686E+03	1.062327E-17	3.452278E-19
8.567886E+03	1.060628E-17	3.446565E-19
8.568086E+03	1.059536E-17	3.442826E-19
8.568286E+03	1.059557E-17	3.442701E-19
8.568486E+03	1.060184E-17	3.444545E-19
8.568685E+03	1.060103E-17	3.444091E-19
8.568886E+03	1.059415E-17	3.441661E-19
8.569085E+03	1.058425E-17	3.438254E-19
8.569285E+03	1.057838E-17	3.436156E-19
8.569486E+03	1.058566E-17	3.438325E-19
8.569685E+03	1.059193E-17	3.440170E-19
8.569885E+03	1.059214E-17	3.440044E-19
8.570085E+03	1.059133E-17	3.439589E-19
8.570285E+03	1.058344E-17	3.436834E-19
8.570485E+03	1.057151E-17	3.432768E-19
8.570685E+03	1.056160E-17	3.429357E-19
8.570885E+03	1.055270E-17	3.426274E-19
8.571085E+03	1.054177E-17	3.422535E-19
8.571285E+03	1.052883E-17	3.418140E-19
8.571485E+03	1.052903E-17	3.418014E-19
8.571685E+03	1.051305E-17	3.412634E-19
8.571885E+03	1.050921E-17	3.411194E-19
8.572085E+03	1.050840E-17	3.410739E-19
8.572285E+03	1.049544E-17	3.406342E-19
8.572486E+03	1.048755E-17	3.403590E-19
8.572686E+03	1.048877E-17	3.403791E-19
8.572886E+03	1.047683E-17	3.399725E-19
8.573086E+03	1.045984E-17	3.394021E-19
8.573286E+03	1.045598E-17	3.392578E-19
8.573486E+03	1.045517E-17	3.392124E-19
8.573686E+03	1.044829E-17	3.389700E-19
8.573886E+03	1.044748E-17	3.389246E-19
8.574086E+03	1.045072E-17	3.390103E-19
8.574286E+03	1.045193E-17	3.390304E-19
8.574486E+03	1.046124E-17	3.393131E-19
8.574686E+03	1.047053E-17	3.395954E-19
8.574886E+03	1.047680E-17	3.397795E-19
8.575086E+03	1.047195E-17	3.396029E-19
8.575286E+03	1.047113E-17	3.395571E-19
8.575486E+03	1.047436E-17	3.396427E-19
8.575686E+03	1.047052E-17	3.394988E-19
8.575886E+03	1.046971E-17	3.394533E-19
8.576086E+03	1.046687E-17	3.393419E-19
8.576286E+03	1.046100E-17	3.391325E-19
8.576486E+03	1.046424E-17	3.392180E-19
8.576686E+03	1.046747E-17	3.393035E-19
8.576886E+03	1.045957E-17	3.390282E-19
8.577086E+03	1.044257E-17	3.384581E-19
8.577287E+03	1.042860E-17	3.379859E-19
8.577487E+03	1.042172E-17	3.377437E-19
8.577687E+03	1.040775E-17	3.372717E-19
8.577887E+03	1.038973E-17	3.366685E-19
8.578087E+03	1.038183E-17	3.363934E-19
8.578287E+03	1.037595E-17	3.361838E-19
8.578487E+03	1.036907E-17	3.359417E-19
8.578687E+03	1.036116E-17	3.356663E-19
8.578887E+03	1.035327E-17	3.353914E-19
8.579087E+03	1.034841E-17	3.352147E-19
8.579287E+03	1.034658E-17	3.351365E-19
8.579487E+03	1.034273E-17	3.349925E-19
8.579687E+03	1.033786E-17	3.348159E-19
8.579887E+03	1.032996E-17	3.345406E-19
8.580087E+03	1.032104E-17	3.342329E-19
8.580287E+03	1.031922E-17	3.341547E-19
8.580487E+03	1.031637E-17	3.340432E-19
8.580687E+03	1.030645E-17	3.337030E-19
8.580887E+03	1.029753E-17	3.333950E-19
8.581087E+03	1.028254E-17	3.328907E-19
8.581287E+03	1.026958E-17	3.324519E-19
8.581487E+03	1.026774E-17	3.323735E-19
8.581686E+03	1.027199E-17	3.324920E-19
8.581887E+03	1.027117E-17	3.324463E-19
8.582086E+03	1.026530E-17	3.322371E-19
8.582288E+03	1.027157E-17	3.324207E-19
8.582487E+03	1.028188E-17	3.327354E-19
8.582687E+03	1.028005E-17	3.326572E-19
8.582887E+03	1.027923E-17	3.326116E-19
8.583087E+03	1.027638E-17	3.325002E-19
8.583287E+03	1.027051E-17	3.322909E-19
8.583487E+03	1.026362E-17	3.320488E-19
8.583687E+03	1.025773E-17	3.318393E-19
8.583887E+03	1.025185E-17	3.316301E-19
8.584087E+03	1.024293E-17	3.313223E-19
8.584287E+03	1.022997E-17	3.308839E-19
8.584487E+03	1.022509E-17	3.307072E-19
8.584687E+03	1.022428E-17	3.306617E-19
8.584887E+03	1.022244E-17	3.305832E-19
8.585087E+03	1.022061E-17	3.305048E-19
8.585287E+03	1.022079E-17	3.304917E-19
8.585487E+03	1.022099E-17	3.304790E-19
8.585687E+03	1.021510E-17	3.302695E-19
8.585887E+03	1.020923E-17	3.300605E-19
8.586087E+03	1.020334E-17	3.298511E-19
8.586287E+03	1.019239E-17	3.294779E-19
8.586487E+03	1.018752E-17	3.293013E-19
8.586687E+03	1.018872E-17	3.293211E-19
8.586887E+03	1.018486E-17	3.291774E-19
8.587088E+03	1.017898E-17	3.289680E-19
8.587288E+03	1.017309E-17	3.287587E-19
8.587488E+03	1.016417E-17	3.284512E-19
8.587688E+03	1.015930E-17	3.282748E-19
8.587888E+03	1.016151E-17	3.283274E-19
8.588088E+03	1.017589E-17	3.287726E-19
8.588288E+03	1.018417E-17	3.290213E-19
8.588488E+03	1.017424E-17	3.286811E-19
8.588688E+03	1.017139E-17	3.285699E-19
8.588888E+03	1.017766E-17	3.287533E-19
8.589088E+03	1.017177E-17	3.285440E-19
8.589288E+03	1.015880E-17	3.281059E-19
8.589488E+03	1.015595E-17	3.279947E-19
8.589688E+03	1.015918E-17	3.280800E-19
8.589888E+03	1.015936E-17	3.280668E-19
8.590088E+03	1.015550E-17	3.279229E-19
8.590288E+03	1.015367E-17	3.278446E-19
8.590488E+03	1.015791E-17	3.279625E-19
8.590688E+03	1.015911E-17	3.279822E-19
8.590888E+03	1.016031E-17	3.280018E-19
8.591088E+03	1.015848E-17	3.279234E-19
8.591288E+03	1.015158E-17	3.276814E-19
8.591488E+03	1.014873E-17	3.275702E-19
8.591688E+03	1.015094E-17	3.276226E-19
8.591888E+03	1.016025E-17	3.279038E-19
8.592089E+03	1.016450E-17	3.280215E-19
8.592289E+03	1.016570E-17	3.280411E-19
8.592489E+03	1.016893E-17	3.281261E-19
8.592689E+03	1.016304E-17	3.279170E-19
8.592889E+03	1.015006E-17	3.274787E-19
8.593089E+03	1.014923E-17	3.274329E-19
8.593289E+03	1.015753E-17	3.276814E-19
8.593489E+03	1.015975E-17	3.277336E-19
8.593689E+03	1.015183E-17	3.274589E-19
8.593889E+03	1.014999E-17	3.273804E-19
8.594089E+03	1.015525E-17	3.275308E-19
8.594289E+03	1.016152E-17	3.277136E-19
8.594488E+03	1.016779E-17	3.278966E-19
8.594689E+03	1.016798E-17	3.278835E-19
8.594888E+03	1.016209E-17	3.276742E-19
8.595088E+03	1.015822E-17	3.275303E-19
8.595289E+03	1.014827E-17	3.271902E-19
8.595488E+03	1.013448E-17	3.267262E-19
8.595688E+03	1.012716E-17	3.264712E-19
8.595888E+03	1.012573E-17	3.264057E-19
8.596088E+03	1.012176E-17	3.262585E-19
8.596288E+03	1.011536E-17	3.260330E-19
8.596488E+03	1.011484E-17	3.259969E-19
8.596688E+03	1.011908E-17	3.261144E-19
8.596889E+03	1.012110E-17	3.261599E-19
8.597089E+03	1.011743E-17	3.260226E-19
8.597289E+03	1.010606E-17	3.256369E-19
8.597489E+03	1.009439E-17	3.252415E-19
8.597689E+03	1.008687E-17	3.249801E-19
8.597889E+03	1.008189E-17	3.248003E-19
8.598089E+03	1.008400E-17	3.248492E-19
8.598289E+03	1.008287E-17	3.247935E-19
8.598489E+03	1.007616E-17	3.245582E-19
8.598689E+03	1.007554E-17	3.245188E-19
8.598889E+03	1.007167E-17	3.243749E-19
8.599089E+03	1.005716E-17	3.238882E-19
8.599289E+03	1.004822E-17	3.235811E-19
8.599489E+03	1.005327E-17	3.237246E-19
8.599689E+03	1.005680E-17	3.238191E-19
8.599889E+03	1.004888E-17	3.235447E-19
8.600089E+03	1.003852E-17	3.231919E-19
8.600289E+03	1.003414E-17	3.230317E-19
8.600489E+03	1.002571E-17	3.227410E-19
8.600689E+03	1.001332E-17	3.223230E-19
8.600889E+03	1.000468E-17	3.220258E-19
8.601089E+03	9.994419E-18	3.216764E-19
8.601289E+03	9.980305E-18	3.212029E-19
8.601489E+03	9.969941E-18	3.208503E-19
8.601689E+03	9.964751E-18	3.206641E-19
8.601890E+03	9.958952E-18	3.204583E-19
8.602090E+03	9.949906E-18	3.201481E-19
8.602290E+03	9.941672E-18	3.198640E-19
8.602490E+03	9.931409E-18	3.195147E-19
8.602690E+03	9.920131E-18	3.191328E-19
8.602890E+03	9.908953E-18	3.187542E-19
8.603090E+03	9.902747E-18	3.185355E-19
8.603290E+03	9.897147E-18	3.183363E-19
8.603490E+03	9.889012E-18	3.180556E-19
8.603690E+03	9.885949E-18	3.179380E-19
8.603890E+03	9.883189E-18	3.178302E-19
8.604090E+03	9.875054E-18	3.175496E-19
8.604290E+03	9.868337E-18	3.173146E-19
8.604490E+03	9.859085E-18	3.169981E-19
8.604690E+03	9.853992E-18	3.168153E-19
8.604890E+03	9.855593E-18	3.168478E-19
8.605090E+03	9.855673E-18	3.168313E-19
8.605290E+03	9.849261E-18	3.166062E-19
8.605490E+03	9.849645E-18	3.165995E-19
8.605690E+03	9.851855E-18	3.166515E-19
8.605890E+03	9.843515E-18	3.163644E-19
8.606090E+03	9.833245E-18	3.160153E-19
8.606290E+03	9.826426E-18	3.157772E-19
8.606490E+03	9.835840E-18	3.160607E-19
8.606691E+03	9.844037E-18	3.163049E-19
8.606891E+03	9.837623E-18	3.160798E-19
8.607091E+03	9.835369E-18	3.159883E-19
8.607290E+03	9.835550E-18	3.159752E-19
8.607490E+03	9.837050E-18	3.160043E-19
8.607691E+03	9.839768E-18	3.160725E-19
8.607890E+03	9.835687E-18	3.159224E-19
8.608091E+03	9.832417E-18	3.157982E-19
8.608290E+03	9.826103E-18	3.155764E-19
8.608490E+03	9.819686E-18	3.153513E-19
8.608690E+03	9.815604E-18	3.152011E-19
8.608890E+03	9.796096E-18	3.145557E-19
8.609090E+03	9.777094E-18	3.139265E-19
8.609290E+03	9.763573E-18	3.134734E-19
8.609490E+03	9.749339E-18	3.129974E-19
8.609690E+03	9.738760E-18	3.126389E-19
8.609890E+03	9.728788E-18	3.122998E-19
8.610090E+03	9.718715E-18	3.119576E-19
8.610290E+03	9.710164E-18	3.116642E-19
8.610490E+03	9.701004E-18	3.113513E-19
8.610690E+03	9.693264E-18	3.110840E-19
8.610890E+03	9.686133E-18	3.108363E-19
8.611090E+03	9.673622E-18	3.104160E-19
8.611290E+03	9.669333E-18	3.102595E-19
8.611490E+03	9.673976E-18	3.103896E-19
8.611691E+03	9.680550E-18	3.105816E-19
8.611891E+03	9.684179E-18	3.106791E-19
8.612091E+03	9.676133E-18	3.104021E-19
8.612291E+03	9.670422E-18	3.102000E-19
8.612491E+03	9.670396E-18	3.101803E-19
8.612691E+03	9.669760E-18	3.101410E-19
8.612891E+03	9.666689E-18	3.100236E-19
8.613091E+03	9.669200E-18	3.100852E-19
8.613291E+03	9.671508E-18	3.101403E-19
8.613491E+03	9.662344E-18	3.098276E-19
8.613691E+03	9.650642E-18	3.094335E-19
8.613891E+03	9.645640E-18	3.092542E-19
8.614091E+03	9.651705E-18	3.094298E-19
8.614291E+03	9.656755E-18	3.095728E-19
8.614491E+03	9.660079E-18	3.096604E-19
8.614691E+03	9.673659E-18	3.100767E-19
8.614891E+03	9.689372E-18	3.105614E-19
8.615091E+03	9.699297E-18	3.108605E-19
8.615291E+03	9.700083E-18	3.108667E-19
8.615491E+03	9.702088E-18	3.109119E-19
8.615691E+03	9.709069E-18	3.111165E-19
8.615891E+03	9.705488E-18	3.109827E-19
8.616091E+03	9.696017E-18	3.106602E-19
8.616291E+03	9.696600E-18	3.106599E-19
8.616492E+03	9.697082E-18	3.106562E-19
8.616692E+03	9.691571E-18	3.104606E-19
8.616892E+03	9.677021E-18	3.099754E-19
8.617092E+03	9.664400E-18	3.095521E-19
8.617292E+03	9.662544E-18	3.094737E-19
8.617492E+03	9.667494E-18	3.096132E-19
8.617692E+03	9.665740E-18	3.095380E-19
8.617892E+03	9.655657E-18	3.091961E-19
8.618092E+03	9.647098E-18	3.089030E-19
8.618292E+03	9.647679E-18	3.089026E-19
8.618492E+03	9.652324E-18	3.090323E-19
8.618692E+03	9.649655E-18	3.089278E-19
8.618892E+03	9.640179E-18	3.086054E-19
8.619092E+03	9.635479E-18	3.084360E-19
8.619292E+03	9.632606E-18	3.083250E-19
8.619492E+03	9.627397E-18	3.081393E-19
8.619692E+03	9.618327E-18	3.078300E-19
8.619891E+03	9.606413E-18	3.074298E-19
8.620092E+03	9.601100E-18	3.072407E-19
8.620291E+03	9.600868E-18	3.072144E-19
8.620492E+03	9.602973E-18	3.072626E-19
8.620692E+03	9.607008E-18	3.073728E-19
8.620891E+03	9.605353E-18	3.073009E-19
8.621092E+03	9.592217E-18	3.068616E-19
8.621291E+03	9.581723E-18	3.065070E-19
8.621492E+03	9.579256E-18	3.064090E-19
8.621692E+03	9.574044E-18	3.062233E-19
8.621892E+03	9.569340E-18	3.060539E-19
8.622092E+03	9.566159E-18	3.059332E-19
8.622292E+03	9.557392E-18	3.056339E-19
8.622492E+03	9.546285E-18	3.052598E-19
8.622692E+03	9.542900E-18	3.051326E-19
8.622892E+03	9.536773E-18	3.049178E-19
8.623092E+03	9.530746E-18	3.047062E-19
8.623292E+03	9.536000E-18	3.048552E-19
8.623492E+03	9.542168E-18	3.050334E-19
8.623692E+03	9.543154E-18	3.050460E-19
8.623892E+03	9.545562E-18	3.051040E-19
8.624092E+03	9.552441E-18	3.053049E-19
8.624292E+03	9.557899E-18	3.054603E-19
8.624492E+03	9.558580E-18	3.054631E-19
8.624692E+03	9.561497E-18	3.055372E-19
8.624892E+03	9.568377E-18	3.057381E-19
8.625092E+03	9.570684E-18	3.057927E-19
8.625292E+03	9.568925E-18	3.057175E-19
8.625492E+03	9.574485E-18	3.058760E-19
8.625692E+03	9.583399E-18	3.061417E-19
8.625892E+03	9.586215E-18	3.062125E-19
8.626092E+03	9.583541E-18	3.061080E-19
8.626693E+03	9.580807E-18	3.059633E-19
8.626893E+03	9.578336E-18	3.058652E-19
8.627093E+03	9.573223E-18	3.056828E-19
8.627293E+03	9.572988E-18	3.056562E-19
8.627493E+03	9.570517E-18	3.055582E-19
8.627693E+03	9.566623E-18	3.054147E-19
8.627893E+03	9.561712E-18	3.052388E-19
8.628093E+03	9.551413E-18	3.048910E-19
8.628293E+03	9.541011E-18	3.045398E-19
8.628493E+03	9.539861E-18	3.044840E-19
8.628693E+03	9.542472E-18	3.045483E-19
8.628893E+03	9.544372E-18	3.045898E-19
8.629093E+03	9.542510E-18	3.045113E-19
8.629293E+03	9.539325E-18	3.043905E-19
8.629493E+03	9.539091E-18	3.043639E-19
8.630093E+03	9.535334E-18	3.041867E-19
8.630293E+03	9.530115E-18	3.040011E-19
8.630493E+03	9.521540E-18	3.037084E-19
8.630693E+03	9.516932E-18	3.035423E-19
8.630893E+03	9.524221E-18	3.037557E-19
8.631093E+03	9.524188E-18	3.037355E-19
8.631294E+03	9.519174E-18	3.035564E-19
8.631494E+03	9.514055E-18	3.033740E-19
8.631694E+03	9.512294E-18	3.032988E-19
8.631894E+03	9.517040E-18	3.034310E-19
8.632094E+03	9.516601E-18	3.033978E-19
8.632294E+03	9.505380E-18	3.030209E-19
8.632494E+03	9.493041E-18	3.026085E-19
8.632694E+03	9.491583E-18	3.025429E-19
8.632894E+03	9.486464E-18	3.023606E-19
8.633094E+03	9.475750E-18	3.020000E-19
8.633494E+03	9.474360E-18	3.019175E-19
8.633693E+03	9.475241E-18	3.019266E-19
8.633894E+03	9.472257E-18	3.018123E-19
8.634093E+03	9.472834E-18	3.018117E-19
8.634293E+03	9.472392E-18	3.017785E-19
8.634493E+03	9.469612E-18	3.016708E-19
8.634693E+03	9.477715E-18	3.019098E-19
8.634893E+03	9.485514E-18	3.021391E-19
8.635093E+03	9.483954E-18	3.020702E-19
8.635293E+03	9.481071E-18	3.019592E-19
8.635493E+03	9.478391E-18	3.018547E-19
8.635693E+03	9.481918E-18	3.019478E-19
8.635893E+03	9.484528E-18	3.020118E-19
8.636094E+03	9.485207E-18	3.020141E-19
8.636294E+03	9.486699E-18	3.020424E-19
8.636494E+03	9.487478E-18	3.020480E-19
8.636694E+03	9.488359E-18	3.020568E-19
8.637094E+03	9.486051E-18	3.019449E-19
8.637294E+03	9.485712E-18	3.019149E-19
8.637494E+03	9.488119E-18	3.019723E-19
8.637694E+03	9.486558E-18	3.019033E-19
8.637894E+03	9.488457E-18	3.019445E-19
8.638094E+03	9.491169E-18	3.020116E-19
8.638294E+03	9.494798E-18	3.021077E-19
8.638494E+03	9.503413E-18	3.023626E-19
8.638694E+03	9.506940E-18	3.024555E-19
8.638894E+03	9.513724E-18	3.026520E-19
8.639094E+03	9.527020E-18	3.030556E-19
8.639294E+03	9.532787E-18	3.032196E-19
8.639494E+03	9.530921E-18	3.031409E-19
8.639694E+03	9.529461E-18	3.030751E-19
8.639894E+03	9.532582E-18	3.031549E-19
8.640094E+03	9.535804E-18	3.032380E-19
8.640294E+03	9.543607E-18	3.034667E-19
8.640494E+03	9.538992E-18	3.033005E-19
8.640694E+03	9.527864E-18	3.029273E-19
8.640894E+03	9.524368E-18	3.027967E-19
8.641095E+03	9.521790E-18	3.026953E-19
8.641295E+03	9.522264E-18	3.026909E-19
8.641495E+03	9.537802E-18	3.031654E-19
8.641695E+03	9.550389E-18	3.035460E-19
8.641895E+03	9.563079E-18	3.039298E-19
8.642095E+03	9.582792E-18	3.045368E-19
8.642295E+03	9.591920E-18	3.048073E-19
8.642495E+03	9.592701E-18	3.048125E-19
8.642695E+03	9.601524E-18	3.050732E-19
8.642895E+03	9.610449E-18	3.053371E-19
8.643095E+03	9.621511E-18	3.056689E-19
8.643295E+03	9.631047E-18	3.059522E-19
8.643495E+03	9.629486E-18	3.058829E-19
8.643695E+03	9.625482E-18	3.057360E-19
8.643895E+03	9.625348E-18	3.057121E-19
8.644095E+03	9.624194E-18	3.056557E-19
8.644295E+03	9.612248E-18	3.052566E-19
8.644495E+03	9.607021E-18	3.050710E-19
8.644695E+03	9.609431E-18	3.051278E-19
8.644895E+03	9.612553E-18	3.052072E-19
8.645095E+03	9.619137E-18	3.053966E-19
8.645295E+03	9.620733E-18	3.054275E-19
8.645495E+03	9.617949E-18	3.053194E-19
8.645694E+03	9.624330E-18	3.055023E-19
8.645896E+03	9.623177E-18	3.054458E-19
8.646095E+03	9.622532E-18	3.054056E-19
8.646296E+03	9.630339E-18	3.056335E-19
8.646496E+03	9.638146E-18	3.058615E-19
8.646695E+03	9.639028E-18	3.058698E-19
8.646895E+03	9.640522E-18	3.058974E-19
8.647095E+03	9.642118E-18	3.059282E-19
8.647295E+03	9.640455E-18	3.058556E-19
8.647495E+03	9.643883E-18	3.059445E-19
8.647695E+03	9.650876E-18	3.061465E-19
8.647895E+03	9.648092E-18	3.060384E-19
8.648095E+03	9.644901E-18	3.059173E-19
8.648295E+03	9.642117E-18	3.058091E-19
8.648495E+03	9.636684E-18	3.056170E-19
8.648695E+03	9.635224E-18	3.055508E-19
8.648895E+03	9.636107E-18	3.055589E-19
8.649095E+03	9.640045E-18	3.056639E-19
8.649295E+03	9.642353E-18	3.057172E-19
8.649495E+03	9.636716E-18	3.055186E-19
8.649695E+03	9.633524E-18	3.053976E-19
8.649895E+03	9.637054E-18	3.054896E-19
8.650095E+03	9.636510E-18	3.054524E-19
8.650295E+03	9.640449E-18	3.055574E-19
8.650495E+03	9.650091E-18	3.058430E-19
8.650695E+03	9.654132E-18	3.059511E-19
8.650896E+03	9.655728E-18	3.059817E-19
8.651096E+03	9.664964E-18	3.062544E-19
8.651296E+03	9.668903E-18	3.063592E-19
8.651896E+03	9.674403E-18	3.064734E-19
8.652096E+03	9.683028E-18	3.067266E-19
8.653096E+03	9.682653E-18	3.066144E-19
8.653296E+03	9.674263E-18	3.063286E-19
8.653496E+03	9.675146E-18	3.063365E-19
8.653696E+03	9.672971E-18	3.062476E-19
8.653896E+03	9.669166E-18	3.061071E-19
8.654096E+03	9.680849E-18	3.064568E-19
8.654296E+03	9.689273E-18	3.067034E-19
8.654496E+03	9.688524E-18	3.066596E-19
8.654696E+03	9.687776E-18	3.066157E-19
8.654896E+03	9.696506E-18	3.068719E-19
8.655096E+03	9.707171E-18	3.071892E-19
8.655296E+03	9.712844E-18	3.073485E-19
8.655496E+03	9.708937E-18	3.072047E-19
8.655697E+03	9.705336E-18	3.070705E-19
8.655897E+03	9.704180E-18	3.070137E-19
8.656497E+03	9.703261E-18	3.069240E-19
8.656697E+03	9.711482E-18	3.071638E-19
8.656897E+03	9.722760E-18	3.075003E-19
8.657097E+03	9.725885E-18	3.075788E-19
8.657297E+03	9.719633E-18	3.073609E-19
8.657497E+03	9.719395E-18	3.073330E-19
8.657697E+03	9.731082E-18	3.076823E-19
8.657897E+03	9.743177E-18	3.080444E-19
8.658097E+03	9.748647E-18	3.081970E-19
8.658297E+03	9.754730E-18	3.083689E-19
8.658496E+03	9.769986E-18	3.088309E-19
8.658697E+03	9.782185E-18	3.091959E-19
8.658897E+03	9.790510E-18	3.094386E-19
8.659096E+03	9.795778E-18	3.095847E-19
8.659297E+03	9.790952E-18	3.094116E-19
8.659496E+03	9.804274E-18	3.098122E-19
8.659696E+03	9.831358E-18	3.106475E-19
8.659896E+03	9.845802E-18	3.110833E-19
8.660096E+03	9.840774E-18	3.109038E-19
8.660496E+03	9.833162E-18	3.106222E-19
8.660697E+03	9.835169E-18	3.106649E-19
8.661097E+03	9.837753E-18	3.107052E-19
8.661297E+03	9.840676E-18	3.107769E-19
8.661497E+03	9.846251E-18	3.109323E-19
8.661697E+03	9.850092E-18	3.110330E-19
8.661897E+03	9.854443E-18	3.111497E-19
8.662097E+03	9.863383E-18	3.114113E-19
8.662297E+03	9.863962E-18	3.114088E-19
8.662497E+03	9.855261E-18	3.111134E-19
8.662697E+03	9.851760E-18	3.109822E-19
8.662897E+03	9.863352E-18	3.113274E-19
8.663097E+03	9.870457E-18	3.115309E-19
8.663297E+03	9.889698E-18	3.121174E-19
8.663497E+03	9.912102E-18	3.128036E-19
8.663697E+03	9.913191E-18	3.128171E-19
8.663897E+03	9.930496E-18	3.133423E-19
8.664097E+03	9.923732E-18	3.131080E-19
8.664297E+03	9.912174E-18	3.127225E-19
8.664497E+03	9.914997E-18	3.127907E-19
8.664697E+03	9.908029E-18	3.125499E-19
8.664897E+03	9.912280E-18	3.126632E-19
8.665097E+03	9.919692E-18	3.128761E-19
8.665297E+03	9.924045E-18	3.129925E-19
8.665498E+03	9.927685E-18	3.130862E-19
8.665698E+03	9.931325E-18	3.131800E-19
8.666098E+03	9.933605E-18	3.132100E-19
8.666298E+03	9.939080E-18	3.133617E-19
8.666498E+03	9.946291E-18	3.135680E-19
8.666698E+03	9.955337E-18	3.138322E-19
8.666898E+03	9.965097E-18	3.141188E-19
8.667098E+03	9.972205E-18	3.143218E-19
8.667298E+03	9.974622E-18	3.143769E-19
8.667498E+03	9.976017E-18	3.143998E-19
8.667698E+03	9.976393E-18	3.143905E-19
8.667898E+03	9.976871E-18	3.143845E-19
8.668098E+03	9.980613E-18	3.144813E-19
8.668298E+03	9.990783E-18	3.147806E-19
8.668498E+03	1.000432E-17	3.151859E-19
8.668698E+03	1.001082E-17	3.153694E-19
8.668898E+03	1.001150E-17	3.153697E-19
8.669098E+03	1.001422E-17	3.154343E-19
8.669298E+03	1.001868E-17	3.155534E-19
8.669498E+03	1.002222E-17	3.156436E-19
8.669698E+03	1.002647E-17	3.157564E-19
8.669898E+03	1.003093E-17	3.158754E-19
8.670098E+03	1.003569E-17	3.160042E-19
8.670298E+03	1.004005E-17	3.161200E-19
8.670499E+03	1.004522E-17	3.162615E-19
8.670699E+03	1.004540E-17	3.162456E-19
8.670899E+03	1.004353E-17	3.161654E-19
8.671299E+03	1.004479E-17	3.161625E-19
8.671498E+03	1.004976E-17	3.162976E-19
8.671699E+03	1.005024E-17	3.162912E-19
8.671898E+03	1.004959E-17	3.162496E-19
8.672099E+03	1.005007E-17	3.162432E-19
8.672299E+03	1.004851E-17	3.161726E-19
8.672498E+03	1.005215E-17	3.162659E-19
8.672698E+03	1.006875E-17	3.167669E-19
8.672898E+03	1.008658E-17	3.173064E-19
8.673098E+03	1.009604E-17	3.175825E-19
8.673298E+03	1.009734E-17	3.176017E-19
8.673498E+03	1.009669E-17	3.175599E-19
8.673698E+03	1.009534E-17	3.174957E-19
8.673898E+03	1.009683E-17	3.175213E-19
8.674098E+03	1.010425E-17	3.177331E-19
8.674298E+03	1.011576E-17	3.180732E-19
8.674498E+03	1.012624E-17	3.183812E-19
8.674698E+03	1.012764E-17	3.184035E-19
8.674898E+03	1.012556E-17	3.183167E-19
8.675098E+03	1.013472E-17	3.185829E-19
8.675299E+03	1.014235E-17	3.188009E-19
8.675499E+03	1.014681E-17	3.189194E-19
8.675699E+03	1.015372E-17	3.191148E-19
8.675899E+03	1.015798E-17	3.192271E-19
8.676099E+03	1.016121E-17	3.193071E-19
8.676699E+03	1.016643E-17	3.194057E-19
8.676899E+03	1.017181E-17	3.195529E-19
8.677099E+03	1.017208E-17	3.195397E-19
8.677299E+03	1.017572E-17	3.196323E-19
8.677499E+03	1.018652E-17	3.199496E-19
8.677699E+03	1.019302E-17	3.201321E-19
8.677899E+03	1.019749E-17	3.202504E-19
8.678099E+03	1.020337E-17	3.204133E-19
8.678299E+03	1.020733E-17	3.205157E-19
8.678499E+03	1.020974E-17	3.205696E-19
8.678699E+03	1.021114E-17	3.205917E-19
8.678899E+03	1.021387E-17	3.206555E-19
8.679099E+03	1.021711E-17	3.207351E-19
8.679299E+03	1.022137E-17	3.208469E-19
8.679499E+03	1.022461E-17	3.209266E-19
8.679699E+03	1.022579E-17	3.209419E-19
8.679899E+03	1.022291E-17	3.208295E-19
8.680099E+03	1.022615E-17	3.209090E-19
8.680300E+03	1.023755E-17	3.212448E-19
8.680500E+03	1.025101E-17	3.216449E-19
8.680700E+03	1.026037E-17	3.219167E-19
8.680900E+03	1.027382E-17	3.223166E-19
8.681100E+03	1.028829E-17	3.227484E-19
8.681300E+03	1.028949E-17	3.227638E-19
8.681500E+03	1.028558E-17	3.226191E-19
8.681700E+03	1.029188E-17	3.227946E-19
8.681900E+03	1.030227E-17	3.230982E-19
8.682100E+03	1.030551E-17	3.231775E-19
8.682300E+03	1.031182E-17	3.233531E-19
8.682500E+03	1.031812E-17	3.235285E-19
8.682700E+03	1.032339E-17	3.236716E-19
8.682900E+03	1.032970E-17	3.238472E-19
8.683100E+03	1.033396E-17	3.239584E-19
8.683300E+03	1.033516E-17	3.239737E-19
8.683500E+03	1.033533E-17	3.239567E-19
8.683700E+03	1.033959E-17	3.240680E-19
8.683900E+03	1.034385E-17	3.241792E-19
8.684100E+03	1.034301E-17	3.241304E-19
8.684299E+03	1.034216E-17	3.240814E-19
8.684499E+03	1.034847E-17	3.242568E-19
8.684700E+03	1.035273E-17	3.243678E-19
8.684899E+03	1.035494E-17	3.244148E-19
8.685101E+03	1.036227E-17	3.246220E-19
8.685300E+03	1.037879E-17	3.251170E-19
8.685500E+03	1.038714E-17	3.253561E-19
8.685700E+03	1.039140E-17	3.254670E-19
8.685900E+03	1.040997E-17	3.260263E-19
8.686100E+03	1.042854E-17	3.265852E-19
8.686300E+03	1.043586E-17	3.267919E-19
8.686500E+03	1.043911E-17	3.268709E-19
8.686700E+03	1.044542E-17	3.270459E-19
8.686900E+03	1.045478E-17	3.273164E-19
8.687100E+03	1.046109E-17	3.274912E-19
8.687300E+03	1.046434E-17	3.275701E-19
8.687500E+03	1.046860E-17	3.276808E-19
8.687700E+03	1.047082E-17	3.277276E-19
8.687900E+03	1.047099E-17	3.277102E-19
8.688100E+03	1.047628E-17	3.278532E-19
8.688300E+03	1.047543E-17	3.278037E-19
8.688500E+03	1.046846E-17	3.275628E-19
8.688700E+03	1.046352E-17	3.273855E-19
8.688900E+03	1.046880E-17	3.275281E-19
8.689100E+03	1.047511E-17	3.277027E-19
8.689300E+03	1.048040E-17	3.278452E-19
8.689500E+03	1.048467E-17	3.279560E-19
8.689700E+03	1.048791E-17	3.280347E-19
8.689900E+03	1.049012E-17	3.280810E-19
8.690101E+03	1.049746E-17	3.282874E-19
8.690301E+03	1.050785E-17	3.285897E-19
8.690501E+03	1.051416E-17	3.287641E-19
8.690701E+03	1.051843E-17	3.288747E-19
8.690901E+03	1.051758E-17	3.288251E-19
8.691101E+03	1.052082E-17	3.289036E-19
8.691301E+03	1.053122E-17	3.292057E-19
8.691501E+03	1.054060E-17	3.294760E-19
8.691701E+03	1.053874E-17	3.293947E-19
8.691901E+03	1.053482E-17	3.292493E-19
8.692101E+03	1.052477E-17	3.289124E-19
8.692301E+03	1.051882E-17	3.287033E-19
8.692501E+03	1.051796E-17	3.286536E-19
8.692701E+03	1.051201E-17	3.284446E-19
8.692901E+03	1.051014E-17	3.283633E-19
8.693101E+03	1.051236E-17	3.284097E-19
8.693301E+03	1.050844E-17	3.282643E-19
8.693501E+03	1.049942E-17	3.279596E-19
8.693701E+03	1.049960E-17	3.279420E-19
8.693901E+03	1.051307E-17	3.283398E-19
8.694101E+03	1.052449E-17	3.286735E-19
8.694301E+03	1.051955E-17	3.284961E-19
8.694501E+03	1.051052E-17	3.281912E-19
8.694701E+03	1.050251E-17	3.279182E-19
8.694902E+03	1.050167E-17	3.278688E-19
8.695102E+03	1.051616E-17	3.282983E-19
8.695302E+03	1.052963E-17	3.286957E-19
8.695502E+03	1.053697E-17	3.289016E-19
8.695702E+03	1.054225E-17	3.290434E-19
8.695902E+03	1.054345E-17	3.290576E-19
8.696102E+03	1.053953E-17	3.289122E-19
8.696302E+03	1.054176E-17	3.289587E-19
8.696502E+03	1.054807E-17	3.291324E-19
8.696702E+03	1.055234E-17	3.292425E-19
8.696902E+03	1.056682E-17	3.296713E-19
8.697102E+03	1.058030E-17	3.300686E-19
8.697301E+03	1.057433E-17	3.298594E-19
8.697502E+03	1.056428E-17	3.295224E-19
8.697701E+03	1.056752E-17	3.296005E-19
8.697901E+03	1.056054E-17	3.293596E-19
8.698102E+03	1.055151E-17	3.290547E-19
8.698301E+03	1.056498E-17	3.294516E-19
8.698501E+03	1.058664E-17	3.301037E-19
8.698701E+03	1.059397E-17	3.303090E-19
8.698901E+03	1.059722E-17	3.303868E-19
8.699101E+03	1.060046E-17	3.304647E-19
8.699301E+03	1.060473E-17	3.305744E-19
8.699501E+03	1.061207E-17	3.307799E-19
8.699701E+03	1.060816E-17	3.306345E-19
8.699902E+03	1.060629E-17	3.305528E-19
8.700102E+03	1.061157E-17	3.306940E-19
8.700302E+03	1.061686E-17	3.308356E-19
8.700502E+03	1.062420E-17	3.310407E-19
8.700702E+03	1.062846E-17	3.311503E-19
8.700902E+03	1.062660E-17	3.310686E-19
8.701102E+03	1.062678E-17	3.310508E-19
8.701302E+03	1.062184E-17	3.308734E-19
8.701502E+03	1.061484E-17	3.306322E-19
8.701702E+03	1.061195E-17	3.305187E-19
8.701902E+03	1.061725E-17	3.306601E-19
8.702102E+03	1.063276E-17	3.311200E-19
8.702302E+03	1.063908E-17	3.312932E-19
8.702502E+03	1.063108E-17	3.310204E-19
8.702702E+03	1.062818E-17	3.309069E-19
8.702902E+03	1.062630E-17	3.308249E-19
8.703102E+03	1.062034E-17	3.306157E-19
8.703302E+03	1.061438E-17	3.304068E-19
8.703502E+03	1.061353E-17	3.303567E-19
8.703702E+03	1.061677E-17	3.304342E-19
8.703902E+03	1.061593E-17	3.303845E-19
8.704102E+03	1.062020E-17	3.304938E-19
8.704302E+03	1.062651E-17	3.306669E-19
8.704502E+03	1.062464E-17	3.305849E-19
8.704703E+03	1.062379E-17	3.305350E-19
8.704903E+03	1.062294E-17	3.304849E-19
8.705103E+03	1.062517E-17	3.305307E-19
8.705303E+03	1.063147E-17	3.307034E-19
8.705503E+03	1.063984E-17	3.309400E-19
8.705703E+03	1.065025E-17	3.312400E-19
8.705903E+03	1.065861E-17	3.314766E-19
8.706103E+03	1.066186E-17	3.315538E-19
8.706303E+03	1.066306E-17	3.315676E-19
8.706503E+03	1.066016E-17	3.314537E-19
8.706703E+03	1.066136E-17	3.314675E-19
8.706903E+03	1.066461E-17	3.315447E-19
8.707103E+03	1.066479E-17	3.315266E-19
8.707303E+03	1.066188E-17	3.314127E-19
8.707503E+03	1.066309E-17	3.314264E-19
8.707703E+03	1.066941E-17	3.315990E-19
8.707903E+03	1.067572E-17	3.317716E-19
8.708103E+03	1.067384E-17	3.316895E-19
8.708303E+03	1.065969E-17	3.312261E-19
8.708503E+03	1.065065E-17	3.309215E-19
8.708703E+03	1.064775E-17	3.308076E-19
8.708903E+03	1.065305E-17	3.309486E-19
8.709103E+03	1.066038E-17	3.311526E-19
8.709303E+03	1.066466E-17	3.312618E-19
8.709503E+03	1.066483E-17	3.312433E-19
8.709704E+03	1.066501E-17	3.312250E-19
8.709904E+03	1.065904E-17	3.310157E-19
8.710103E+03	1.065307E-17	3.308068E-19
8.710303E+03	1.065324E-17	3.307883E-19
8.710504E+03	1.065752E-17	3.308973E-19
8.710703E+03	1.066281E-17	3.310379E-19
8.710904E+03	1.066401E-17	3.310511E-19
8.711103E+03	1.066725E-17	3.311281E-19
8.711303E+03	1.066948E-17	3.311735E-19
8.711503E+03	1.066453E-17	3.309960E-19
8.711703E+03	1.065958E-17	3.308188E-19
8.711903E+03	1.065157E-17	3.305463E-19
8.712103E+03	1.064662E-17	3.303688E-19
8.712303E+03	1.064475E-17	3.302870E-19
8.712503E+03	1.064082E-17	3.301414E-19
8.712703E+03	1.063588E-17	3.299643E-19
8.712903E+03	1.064015E-17	3.300729E-19
8.713103E+03	1.065159E-17	3.304039E-19
8.713303E+03	1.066303E-17	3.307349E-19
8.713503E+03	1.066115E-17	3.306528E-19
8.713703E+03	1.065620E-17	3.304757E-19
8.713903E+03	1.066252E-17	3.306477E-19
8.714103E+03	1.067498E-17	3.310102E-19
8.714303E+03	1.067515E-17	3.309916E-19
8.714504E+03	1.067226E-17	3.308779E-19
8.714704E+03	1.066833E-17	3.307322E-19
8.714904E+03	1.066237E-17	3.305234E-19
8.715104E+03	1.065537E-17	3.302825E-19
8.715304E+03	1.065144E-17	3.301369E-19
8.715504E+03	1.065264E-17	3.301503E-19
8.715704E+03	1.065794E-17	3.302904E-19
8.715904E+03	1.066323E-17	3.304305E-19
8.716104E+03	1.065931E-17	3.302852E-19
8.716304E+03	1.065129E-17	3.300126E-19
8.716504E+03	1.064633E-17	3.298353E-19
8.716704E+03	1.063728E-17	3.295310E-19
8.716904E+03	1.063234E-17	3.293541E-19
8.717104E+03	1.063456E-17	3.293989E-19
8.717304E+03	1.064293E-17	3.296341E-19
8.717504E+03	1.064925E-17	3.298061E-19
8.717704E+03	1.064328E-17	3.295971E-19
8.717904E+03	1.063832E-17	3.294198E-19
8.718104E+03	1.064362E-17	3.295597E-19
8.718304E+03	1.064481E-17	3.295728E-19
8.718504E+03	1.064192E-17	3.294593E-19
8.718704E+03	1.064926E-17	3.296625E-19
8.718904E+03	1.065660E-17	3.298658E-19
8.719104E+03	1.066088E-17	3.299742E-19
8.719304E+03	1.067641E-17	3.304310E-19
8.719505E+03	1.068478E-17	3.306660E-19
8.719705E+03	1.067676E-17	3.303936E-19
8.719905E+03	1.066464E-17	3.299944E-19
8.720105E+03	1.066890E-17	3.301024E-19
8.720305E+03	1.067933E-17	3.304008E-19
8.720505E+03	1.067745E-17	3.303186E-19
8.720705E+03	1.067147E-17	3.301097E-19
8.720905E+03	1.066959E-17	3.300275E-19
8.721105E+03	1.066362E-17	3.298186E-19
8.721305E+03	1.065252E-17	3.294513E-19
8.721505E+03	1.064962E-17	3.293375E-19
8.721705E+03	1.065799E-17	3.295724E-19
8.721905E+03	1.065509E-17	3.294586E-19
8.722105E+03	1.064911E-17	3.292497E-19
8.722305E+03	1.065236E-17	3.293259E-19
8.722505E+03	1.065048E-17	3.292437E-19
8.722704E+03	1.063938E-17	3.288768E-19
8.722905E+03	1.063544E-17	3.287309E-19
8.723104E+03	1.064791E-17	3.290924E-19
8.723305E+03	1.065731E-17	3.293587E-19
8.723504E+03	1.065953E-17	3.294032E-19
8.723704E+03	1.066381E-17	3.295113E-19
8.723904E+03	1.066910E-17	3.296506E-19
8.724104E+03	1.067645E-17	3.298535E-19
8.724305E+03	1.068482E-17	3.300879E-19
8.724505E+03	1.069524E-17	3.303857E-19
8.724705E+03	1.071079E-17	3.308416E-19
8.724905E+03	1.072839E-17	3.313610E-19
8.725105E+03	1.074702E-17	3.319119E-19
8.725305E+03	1.076769E-17	3.325261E-19
8.725505E+03	1.078939E-17	3.331717E-19
8.725705E+03	1.080596E-17	3.336588E-19
8.725905E+03	1.080409E-17	3.335766E-19
8.726105E+03	1.079503E-17	3.332724E-19
8.726305E+03	1.078496E-17	3.329369E-19
8.726505E+03	1.077283E-17	3.325380E-19
8.726705E+03	1.076992E-17	3.324239E-19
8.726905E+03	1.076190E-17	3.321518E-19
8.727105E+03	1.075694E-17	3.319742E-19
8.727305E+03	1.076224E-17	3.321133E-19
8.727505E+03	1.077779E-17	3.325688E-19
8.727705E+03	1.079129E-17	3.329610E-19
8.727905E+03	1.079249E-17	3.329733E-19
8.728105E+03	1.078549E-17	3.327328E-19
8.728305E+03	1.076925E-17	3.322073E-19
8.728505E+03	1.074994E-17	3.315872E-19
8.728705E+03	1.073986E-17	3.312520E-19
8.728905E+03	1.073081E-17	3.309482E-19
8.729105E+03	1.072893E-17	3.308658E-19
8.729306E+03	1.072705E-17	3.307834E-19
8.729506E+03	1.073029E-17	3.308589E-19
8.729706E+03	1.073970E-17	3.311245E-19
8.729906E+03	1.073678E-17	3.310102E-19
8.730106E+03	1.073081E-17	3.308015E-19
8.730306E+03	1.073406E-17	3.308773E-19
8.730506E+03	1.073730E-17	3.309528E-19
8.730706E+03	1.074363E-17	3.311232E-19
8.730906E+03	1.075713E-17	3.315149E-19
8.731106E+03	1.076550E-17	3.317484E-19
8.731306E+03	1.076568E-17	3.317294E-19
8.731506E+03	1.076380E-17	3.316469E-19
8.731706E+03	1.076705E-17	3.317222E-19
8.731906E+03	1.077132E-17	3.318294E-19
8.732106E+03	1.077457E-17	3.319049E-19
8.732306E+03	1.077679E-17	3.319486E-19
8.732506E+03	1.077902E-17	3.319926E-19
8.732706E+03	1.078124E-17	3.320363E-19
8.732906E+03	1.078346E-17	3.320803E-19
8.733106E+03	1.078466E-17	3.320923E-19
8.733306E+03	1.078586E-17	3.321047E-19
8.733506E+03	1.078192E-17	3.319589E-19
8.733706E+03	1.077594E-17	3.317499E-19
8.733906E+03	1.077406E-17	3.316674E-19
8.734107E+03	1.077424E-17	3.316481E-19
8.734307E+03	1.078261E-17	3.318812E-19
8.734507E+03	1.079099E-17	3.321145E-19
8.734707E+03	1.079423E-17	3.321895E-19
8.734907E+03	1.079851E-17	3.322964E-19
8.735107E+03	1.080278E-17	3.324032E-19
8.735307E+03	1.080399E-17	3.324155E-19
8.735506E+03	1.080826E-17	3.325224E-19
8.735707E+03	1.081356E-17	3.326606E-19
8.735906E+03	1.081681E-17	3.327359E-19
8.736106E+03	1.081698E-17	3.327163E-19
8.736307E+03	1.081715E-17	3.326966E-19
8.736506E+03	1.081630E-17	3.326456E-19
8.736707E+03	1.081134E-17	3.324681E-19
8.736906E+03	1.080433E-17	3.322278E-19
8.737106E+03	1.080142E-17	3.321138E-19
8.737306E+03	1.080057E-17	3.320627E-19
8.737506E+03	1.079869E-17	3.319801E-19
8.737706E+03	1.079475E-17	3.318342E-19
8.737906E+03	1.078261E-17	3.314363E-19
8.738106E+03	1.076738E-17	3.309436E-19
8.738306E+03	1.075935E-17	3.306719E-19
8.738506E+03	1.076259E-17	3.307468E-19
8.738706E+03	1.076789E-17	3.308849E-19
8.738906E+03	1.077114E-17	3.309601E-19
8.739107E+03	1.077850E-17	3.311612E-19
8.739307E+03	1.079714E-17	3.317092E-19
8.739507E+03	1.082092E-17	3.324147E-19
8.739707E+03	1.083750E-17	3.328992E-19
8.739907E+03	1.084075E-17	3.329741E-19
8.740107E+03	1.083990E-17	3.329229E-19
8.740307E+03	1.084726E-17	3.331239E-19
8.740507E+03	1.086283E-17	3.335771E-19
8.740707E+03	1.088045E-17	3.340931E-19
8.740907E+03	1.089088E-17	3.343882E-19
8.741107E+03	1.089721E-17	3.345576E-19
8.741307E+03	1.090457E-17	3.347583E-19
8.741507E+03	1.090782E-17	3.348330E-19
8.741707E+03	1.090594E-17	3.347501E-19
8.741907E+03	1.089789E-17	3.344781E-19
8.742107E+03	1.089704E-17	3.344267E-19
8.742307E+03	1.090439E-17	3.346273E-19
8.742507E+03	1.091483E-17	3.349225E-19
8.742707E+03	1.092116E-17	3.350913E-19
8.742907E+03	1.092338E-17	3.351344E-19
8.743107E+03	1.093280E-17	3.353980E-19
8.743307E+03	1.094426E-17	3.357244E-19
8.743507E+03	1.094341E-17	3.356729E-19
8.743707E+03	1.093536E-17	3.354009E-19
8.743908E+03	1.092938E-17	3.351919E-19
8.744108E+03	1.092955E-17	3.351718E-19
8.744308E+03	1.093794E-17	3.354038E-19
8.744508E+03	1.094119E-17	3.354782E-19
8.744708E+03	1.094136E-17	3.354581E-19
8.744908E+03	1.094358E-17	3.355010E-19
8.745108E+03	1.095300E-17	3.357643E-19
8.745308E+03	1.097165E-17	3.363107E-19
8.745508E+03	1.098414E-17	3.366680E-19
8.745708E+03	1.097404E-17	3.363333E-19
8.745908E+03	1.095779E-17	3.358097E-19
8.746108E+03	1.095795E-17	3.357895E-19
8.746308E+03	1.095710E-17	3.357378E-19
8.746508E+03	1.095830E-17	3.357493E-19
8.746708E+03	1.096155E-17	3.358235E-19
8.746908E+03	1.095967E-17	3.357405E-19
8.747108E+03	1.095573E-17	3.355945E-19
8.747308E+03	1.096309E-17	3.357944E-19
8.747508E+03	1.097456E-17	3.361203E-19
8.747708E+03	1.097987E-17	3.362575E-19
8.747908E+03	1.098106E-17	3.362685E-19
8.748108E+03	1.098637E-17	3.364056E-19
8.748308E+03	1.100092E-17	3.368254E-19
8.748507E+03	1.102164E-17	3.374343E-19
8.748708E+03	1.103926E-17	3.379482E-19
8.748908E+03	1.105176E-17	3.383051E-19
8.749109E+03	1.105501E-17	3.383788E-19
8.749308E+03	1.105005E-17	3.382013E-19
8.749508E+03	1.105227E-17	3.382438E-19
8.749708E+03	1.105347E-17	3.382549E-19
8.749908E+03	1.105262E-17	3.382030E-19
8.750108E+03	1.105896E-17	3.383713E-19
8.750308E+03	1.106837E-17	3.386337E-19
8.750508E+03	1.108189E-17	3.390215E-19
8.750708E+03	1.108926E-17	3.392211E-19
8.750908E+03	1.108635E-17	3.391061E-19
8.751108E+03	1.108138E-17	3.389285E-19
8.751308E+03	1.108361E-17	3.389708E-19
8.751508E+03	1.108995E-17	3.391390E-19
8.751708E+03	1.109320E-17	3.392125E-19
8.751908E+03	1.109954E-17	3.393806E-19
8.752108E+03	1.110690E-17	3.395796E-19
8.752308E+03	1.110296E-17	3.394333E-19
8.752508E+03	1.108979E-17	3.390047E-19
8.752708E+03	1.107968E-17	3.386701E-19
8.752908E+03	1.107575E-17	3.385239E-19
8.753108E+03	1.107900E-17	3.385974E-19
8.753308E+03	1.108020E-17	3.386083E-19
8.753508E+03	1.108961E-17	3.388701E-19
8.753709E+03	1.109801E-17	3.391007E-19
8.753909E+03	1.109715E-17	3.390487E-19
8.754109E+03	1.109630E-17	3.389966E-19
8.754309E+03	1.109134E-17	3.388191E-19
8.754509E+03	1.108534E-17	3.386101E-19
8.754709E+03	1.109475E-17	3.388717E-19
8.754909E+03	1.110418E-17	3.391336E-19
8.755109E+03	1.111154E-17	3.393326E-19
8.755309E+03	1.111993E-17	3.395628E-19
8.755509E+03	1.112421E-17	3.396676E-19
8.755709E+03	1.112850E-17	3.397724E-19
8.755909E+03	1.112970E-17	3.397831E-19
8.756109E+03	1.112987E-17	3.397621E-19
8.756309E+03	1.113313E-17	3.398356E-19
8.756509E+03	1.113741E-17	3.399403E-19
8.756709E+03	1.113552E-17	3.398565E-19
8.756909E+03	1.113364E-17	3.397731E-19
8.757109E+03	1.113381E-17	3.397522E-19
8.757309E+03	1.113296E-17	3.397003E-19
8.757509E+03	1.113621E-17	3.397733E-19
8.757709E+03	1.114563E-17	3.400347E-19
8.757909E+03	1.116122E-17	3.404841E-19
8.758109E+03	1.117578E-17	3.409022E-19
8.758309E+03	1.118417E-17	3.411319E-19
8.758509E+03	1.118641E-17	3.411738E-19
8.758710E+03	1.117939E-17	3.409334E-19
8.758910E+03	1.118469E-17	3.410690E-19
8.759110E+03	1.119925E-17	3.414868E-19
8.759310E+03	1.121382E-17	3.419045E-19
8.759510E+03	1.121912E-17	3.420400E-19
8.759710E+03	1.122341E-17	3.421443E-19
8.759910E+03	1.122564E-17	3.421861E-19
8.760110E+03	1.122787E-17	3.422275E-19
8.760910E+03	1.123473E-17	3.423312E-19
8.761110E+03	1.123798E-17	3.424038E-19
8.761309E+03	1.123199E-17	3.421951E-19
8.762309E+03	1.123285E-17	3.420891E-19
8.762709E+03	1.124553E-17	3.424224E-19
8.763510E+03	1.125959E-17	3.427443E-19
8.763710E+03	1.127004E-17	3.430361E-19
8.763910E+03	1.126918E-17	3.429835E-19
8.764110E+03	1.126113E-17	3.427118E-19
8.764310E+03	1.125308E-17	3.424402E-19
8.764510E+03	1.124810E-17	3.422624E-19
8.764710E+03	1.126473E-17	3.427418E-19
8.764910E+03	1.127827E-17	3.431271E-19
8.765110E+03	1.127947E-17	3.431370E-19
8.765310E+03	1.127450E-17	3.429592E-19
8.765510E+03	1.126440E-17	3.426253E-19
8.765710E+03	1.126662E-17	3.426664E-19
8.765910E+03	1.127399E-17	3.428641E-19
8.766110E+03	1.127520E-17	3.428740E-19
8.766310E+03	1.126919E-17	3.426648E-19
8.766510E+03	1.126319E-17	3.424558E-19
8.767110E+03	1.126782E-17	3.425166E-19
8.767310E+03	1.127313E-17	3.426516E-19
8.767510E+03	1.128257E-17	3.429116E-19
8.767710E+03	1.129302E-17	3.432027E-19
8.767910E+03	1.129216E-17	3.431500E-19
8.769711E+03	1.128960E-17	3.428315E-19
8.769911E+03	1.129080E-17	3.428412E-19
8.770111E+03	1.129200E-17	3.428509E-19
8.770311E+03	1.130245E-17	3.431416E-19
8.770511E+03	1.132114E-17	3.436821E-19
8.770711E+03	1.133263E-17	3.440040E-19
8.770911E+03	1.133486E-17	3.440449E-19
8.771111E+03	1.134018E-17	3.441794E-19
8.771311E+03	1.135063E-17	3.444698E-19
8.771511E+03	1.134875E-17	3.443858E-19
8.771711E+03	1.136332E-17	3.448010E-19
8.771911E+03	1.136042E-17	3.446859E-19
8.772111E+03	1.135647E-17	3.445391E-19
8.772311E+03	1.136384E-17	3.447358E-19
8.772511E+03	1.136915E-17	3.448701E-19
8.772711E+03	1.137241E-17	3.449419E-19
8.772911E+03	1.138699E-17	3.453571E-19
8.773111E+03	1.140465E-17	3.458657E-19
8.773312E+03	1.140998E-17	3.459999E-19
8.773512E+03	1.140295E-17	3.457597E-19
8.773712E+03	1.139592E-17	3.455194E-19
8.773912E+03	1.139506E-17	3.454664E-19
8.774112E+03	1.139214E-17	3.453509E-19
8.774311E+03	1.138100E-17	3.449861E-19
8.774512E+03	1.136676E-17	3.445274E-19
8.774711E+03	1.135767E-17	3.442248E-19
8.774912E+03	1.135475E-17	3.441093E-19
8.775112E+03	1.136419E-17	3.443684E-19
8.775311E+03	1.137568E-17	3.446896E-19
8.775511E+03	1.138099E-17	3.448235E-19
8.775711E+03	1.138528E-17	3.449265E-19
8.775911E+03	1.138752E-17	3.449670E-19
8.776111E+03	1.138974E-17	3.450073E-19
8.776311E+03	1.139198E-17	3.450478E-19
8.776511E+03	1.139214E-17	3.450257E-19
8.776711E+03	1.140055E-17	3.452532E-19
8.776911E+03	1.140895E-17	3.454806E-19
8.777111E+03	1.141633E-17	3.456766E-19
8.777311E+03	1.142165E-17	3.458106E-19
8.777511E+03	1.142182E-17	3.457884E-19
8.777711E+03	1.142508E-17	3.458601E-19
8.777911E+03	1.143451E-17	3.461183E-19
8.778712E+03	1.144240E-17	3.462478E-19
8.779112E+03	1.144893E-17	3.463906E-19
8.780112E+03	1.145288E-17	3.463734E-19
8.780312E+03	1.144995E-17	3.462576E-19
8.780712E+03	1.144824E-17	3.461510E-19
8.780912E+03	1.144841E-17	3.461290E-19
8.781112E+03	1.144961E-17	3.461379E-19
8.781312E+03	1.145081E-17	3.461468E-19
8.781512E+03	1.145099E-17	3.461247E-19
8.781712E+03	1.145424E-17	3.461958E-19
8.781912E+03	1.145854E-17	3.462980E-19
8.782112E+03	1.145870E-17	3.462756E-19
8.782312E+03	1.146197E-17	3.463469E-19
8.782512E+03	1.147243E-17	3.466356E-19
8.782712E+03	1.148599E-17	3.470180E-19
8.782912E+03	1.150366E-17	3.475242E-19
8.783113E+03	1.152134E-17	3.480305E-19
8.783313E+03	1.152357E-17	3.480704E-19
8.783513E+03	1.152066E-17	3.479547E-19
8.783713E+03	1.152701E-17	3.481188E-19
8.783913E+03	1.153644E-17	3.483763E-19
8.784113E+03	1.152941E-17	3.481363E-19
8.784313E+03	1.152032E-17	3.478340E-19
8.784513E+03	1.152666E-17	3.479981E-19
8.784713E+03	1.153301E-17	3.481620E-19
8.784913E+03	1.153834E-17	3.482951E-19
8.785113E+03	1.154881E-17	3.485835E-19
8.785313E+03	1.155722E-17	3.488098E-19
8.785513E+03	1.156563E-17	3.490357E-19
8.785713E+03	1.157301E-17	3.492307E-19
8.785913E+03	1.157833E-17	3.493635E-19
8.786113E+03	1.158675E-17	3.495896E-19
8.786313E+03	1.159000E-17	3.496601E-19
8.786513E+03	1.158297E-17	3.494202E-19
8.786713E+03	1.157284E-17	3.490867E-19
8.786913E+03	1.157610E-17	3.491572E-19
8.787112E+03	1.157936E-17	3.492280E-19
8.787312E+03	1.158778E-17	3.494540E-19
8.787513E+03	1.159001E-17	3.494933E-19
8.787712E+03	1.157575E-17	3.490357E-19
8.787913E+03	1.156048E-17	3.485471E-19
8.788113E+03	1.156271E-17	3.485866E-19
8.788313E+03	1.156907E-17	3.487505E-19
8.788513E+03	1.156408E-17	3.485725E-19
8.788713E+03	1.156219E-17	3.484876E-19
8.788913E+03	1.156340E-17	3.484962E-19
8.789113E+03	1.156563E-17	3.485357E-19
8.789313E+03	1.156992E-17	3.486371E-19
8.789513E+03	1.157215E-17	3.486766E-19
8.789713E+03	1.157335E-17	3.486848E-19
8.789913E+03	1.157146E-17	3.486000E-19
8.790113E+03	1.157369E-17	3.486394E-19
8.790313E+03	1.158314E-17	3.488961E-19
8.790513E+03	1.158228E-17	3.488423E-19
8.790713E+03	1.157318E-17	3.485402E-19
8.790913E+03	1.156923E-17	3.483933E-19
8.791113E+03	1.157042E-17	3.484016E-19
8.791313E+03	1.156957E-17	3.483478E-19
8.791513E+03	1.157077E-17	3.483560E-19
8.791713E+03	1.157094E-17	3.483334E-19
8.791913E+03	1.156596E-17	3.481555E-19
8.792113E+03	1.156613E-17	3.481329E-19
8.792313E+03	1.156630E-17	3.481100E-19
8.792513E+03	1.156544E-17	3.480563E-19
8.793114E+03	1.155668E-17	3.477089E-19
8.793314E+03	1.154345E-17	3.472830E-19
8.793514E+03	1.153641E-17	3.470434E-19
8.793714E+03	1.153245E-17	3.468964E-19
8.793914E+03	1.152645E-17	3.466879E-19
8.794114E+03	1.151527E-17	3.463240E-19
8.794314E+03	1.151132E-17	3.461775E-19
8.794514E+03	1.151252E-17	3.461857E-19
8.794714E+03	1.150754E-17	3.460081E-19
8.794914E+03	1.150256E-17	3.458305E-19
8.795114E+03	1.150272E-17	3.458076E-19
8.795314E+03	1.149877E-17	3.456611E-19
8.795514E+03	1.149069E-17	3.453903E-19
8.795714E+03	1.148674E-17	3.452439E-19
8.795914E+03	1.148897E-17	3.452832E-19
8.796114E+03	1.148810E-17	3.452293E-19
8.796314E+03	1.148312E-17	3.450518E-19
8.796514E+03	1.146989E-17	3.446265E-19
8.796714E+03	1.145666E-17	3.442012E-19
8.796914E+03	1.145168E-17	3.440238E-19
8.797114E+03	1.145390E-17	3.440629E-19
8.797314E+03	1.145510E-17	3.440711E-19
8.797514E+03	1.145733E-17	3.441104E-19
8.797714E+03	1.146471E-17	3.443043E-19
8.797915E+03	1.147519E-17	3.445911E-19
8.798115E+03	1.147021E-17	3.444137E-19
8.798315E+03	1.144975E-17	3.437718E-19
8.798515E+03	1.143756E-17	3.433779E-19
8.798715E+03	1.143669E-17	3.433241E-19
8.798915E+03	1.143685E-17	3.433013E-19
8.799115E+03	1.143084E-17	3.430930E-19
8.799315E+03	1.142379E-17	3.428538E-19
8.799515E+03	1.141983E-17	3.427073E-19
8.799715E+03	1.140969E-17	3.423753E-19
8.799915E+03	1.139542E-17	3.419194E-19
8.800114E+03	1.138424E-17	3.415566E-19
8.800315E+03	1.137410E-17	3.412247E-19
8.800514E+03	1.136911E-17	3.410475E-19
8.800715E+03	1.137031E-17	3.410557E-19
8.800915E+03	1.136428E-17	3.408474E-19
8.801114E+03	1.135723E-17	3.406085E-19
8.801314E+03	1.136565E-17	3.408332E-19
8.801514E+03	1.137200E-17	3.409962E-19
8.801714E+03	1.136908E-17	3.408809E-19
8.801914E+03	1.136202E-17	3.406416E-19
8.802114E+03	1.136013E-17	3.405573E-19
8.802314E+03	1.136132E-17	3.405654E-19
8.802514E+03	1.135633E-17	3.403884E-19
8.802715E+03	1.135547E-17	3.403347E-19
8.802915E+03	1.135872E-17	3.404046E-19
8.803115E+03	1.135889E-17	3.403820E-19
8.803315E+03	1.136008E-17	3.403903E-19
8.803515E+03	1.136644E-17	3.405531E-19
8.803715E+03	1.136970E-17	3.406230E-19
8.803915E+03	1.136470E-17	3.404458E-19
8.804115E+03	1.136178E-17	3.403305E-19
8.804315E+03	1.136091E-17	3.402768E-19
8.804515E+03	1.135797E-17	3.401613E-19
8.804715E+03	1.135505E-17	3.400460E-19
8.804915E+03	1.135625E-17	3.400543E-19
8.805115E+03	1.136259E-17	3.402166E-19
8.805315E+03	1.136483E-17	3.402558E-19
8.805515E+03	1.136396E-17	3.402021E-19
8.805715E+03	1.136309E-17	3.401485E-19
8.805915E+03	1.135913E-17	3.400023E-19
8.806115E+03	1.135723E-17	3.399177E-19
8.806315E+03	1.135843E-17	3.399259E-19
8.806515E+03	1.135859E-17	3.399032E-19
8.806715E+03	1.136185E-17	3.399729E-19
8.806915E+03	1.136201E-17	3.399501E-19
8.807115E+03	1.135393E-17	3.396806E-19
8.807315E+03	1.134378E-17	3.393493E-19
8.807515E+03	1.134188E-17	3.392648E-19
8.807716E+03	1.133689E-17	3.390877E-19
8.807916E+03	1.132570E-17	3.387256E-19
8.808116E+03	1.132070E-17	3.385484E-19
8.808316E+03	1.132190E-17	3.385566E-19
8.808516E+03	1.132103E-17	3.385030E-19
8.808716E+03	1.131087E-17	3.381716E-19
8.808916E+03	1.130485E-17	3.379639E-19
8.809116E+03	1.131327E-17	3.381881E-19
8.809316E+03	1.131549E-17	3.382269E-19
8.809516E+03	1.131566E-17	3.382042E-19
8.809716E+03	1.131376E-17	3.381197E-19
8.809916E+03	1.129742E-17	3.376038E-19
8.810116E+03	1.128210E-17	3.371186E-19
8.810316E+03	1.127710E-17	3.369415E-19
8.810516E+03	1.128345E-17	3.371039E-19
8.810716E+03	1.128465E-17	3.371121E-19
8.810916E+03	1.127553E-17	3.368119E-19
8.811116E+03	1.128188E-17	3.369742E-19
8.811316E+03	1.128410E-17	3.370130E-19
8.811516E+03	1.128117E-17	3.368977E-19
8.811716E+03	1.128649E-17	3.370290E-19
8.811916E+03	1.128975E-17	3.370986E-19
8.812116E+03	1.129301E-17	3.371685E-19
8.812316E+03	1.129833E-17	3.372997E-19
8.812517E+03	1.130159E-17	3.373691E-19
8.812717E+03	1.130175E-17	3.373464E-19
8.812916E+03	1.129882E-17	3.372313E-19
8.813117E+03	1.129278E-17	3.370234E-19
8.813317E+03	1.128676E-17	3.368159E-19
8.813516E+03	1.128176E-17	3.366392E-19
8.813717E+03	1.128192E-17	3.366163E-19
8.813916E+03	1.128621E-17	3.367168E-19
8.814116E+03	1.128740E-17	3.367246E-19
8.814316E+03	1.128859E-17	3.367327E-19
8.814516E+03	1.128669E-17	3.366483E-19
8.814716E+03	1.128479E-17	3.365639E-19
8.814916E+03	1.127979E-17	3.363871E-19
8.815116E+03	1.127375E-17	3.361795E-19
8.815316E+03	1.126153E-17	3.357873E-19
8.815516E+03	1.124930E-17	3.353953E-19
8.815716E+03	1.125360E-17	3.354958E-19
8.815916E+03	1.126511E-17	3.358114E-19
8.816116E+03	1.126940E-17	3.359116E-19
8.816316E+03	1.126543E-17	3.357656E-19
8.816516E+03	1.125940E-17	3.355581E-19
8.816716E+03	1.124821E-17	3.351970E-19
8.816916E+03	1.122256E-17	3.344052E-19
8.817116E+03	1.119691E-17	3.336135E-19
8.817316E+03	1.117643E-17	3.329758E-19
8.817517E+03	1.116317E-17	3.325533E-19
8.817717E+03	1.114887E-17	3.320999E-19
8.817917E+03	1.113046E-17	3.315240E-19
8.818117E+03	1.112029E-17	3.311939E-19
8.818317E+03	1.111735E-17	3.310789E-19
8.818517E+03	1.110615E-17	3.307183E-19
8.818717E+03	1.109805E-17	3.304498E-19
8.818917E+03	1.109202E-17	3.302429E-19
8.819117E+03	1.109527E-17	3.303125E-19
8.819317E+03	1.110162E-17	3.304741E-19
8.819517E+03	1.110178E-17	3.304518E-19
8.819717E+03	1.109677E-17	3.302753E-19
8.819917E+03	1.109487E-17	3.301915E-19
8.820117E+03	1.110018E-17	3.303222E-19
8.820317E+03	1.110138E-17	3.303306E-19
8.820517E+03	1.109225E-17	3.300315E-19
8.820717E+03	1.108310E-17	3.297322E-19
8.820917E+03	1.107810E-17	3.295561E-19
8.821117E+03	1.107929E-17	3.295642E-19
8.821317E+03	1.108151E-17	3.296031E-19
8.821517E+03	1.108063E-17	3.295497E-19
8.821717E+03	1.107666E-17	3.294044E-19
8.821917E+03	1.107785E-17	3.294125E-19
8.822117E+03	1.108214E-17	3.295127E-19
8.822318E+03	1.107816E-17	3.293670E-19
8.822518E+03	1.108142E-17	3.294365E-19
8.822718E+03	1.109500E-17	3.298131E-19
8.822918E+03	1.110033E-17	3.299439E-19
8.823118E+03	1.110151E-17	3.299519E-19
8.823318E+03	1.110787E-17	3.301134E-19
8.823518E+03	1.110906E-17	3.301213E-19
8.823718E+03	1.110921E-17	3.300986E-19
8.823918E+03	1.111350E-17	3.301986E-19
8.824118E+03	1.111469E-17	3.302065E-19
8.824318E+03	1.111484E-17	3.301837E-19
8.824518E+03	1.111811E-17	3.302532E-19
8.824718E+03	1.112652E-17	3.304756E-19
8.824918E+03	1.113184E-17	3.306062E-19
8.825118E+03	1.113923E-17	3.307982E-19
8.825318E+03	1.114351E-17	3.308980E-19
8.825518E+03	1.112818E-17	3.304152E-19
8.825718E+03	1.110768E-17	3.297792E-19
8.826118E+03	1.109870E-17	3.294578E-19
8.826317E+03	1.109886E-17	3.294352E-19
8.826517E+03	1.109591E-17	3.293204E-19
8.826718E+03	1.108883E-17	3.290828E-19
8.826917E+03	1.108486E-17	3.289375E-19
8.829318E+03	1.108052E-17	3.284803E-19
8.829518E+03	1.107035E-17	3.281513E-19
8.829718E+03	1.106224E-17	3.278835E-19
8.829918E+03	1.105929E-17	3.277689E-19
8.830118E+03	1.105222E-17	3.275318E-19
8.830318E+03	1.104514E-17	3.272947E-19
8.830518E+03	1.104529E-17	3.272720E-19
8.830718E+03	1.105061E-17	3.274023E-19
8.830918E+03	1.105490E-17	3.275019E-19
8.831118E+03	1.105506E-17	3.274792E-19
8.831318E+03	1.105624E-17	3.274870E-19
8.831518E+03	1.105640E-17	3.274642E-19
8.831718E+03	1.105655E-17	3.274414E-19
8.831918E+03	1.105464E-17	3.273574E-19
8.832119E+03	1.105376E-17	3.273039E-19
8.832319E+03	1.105702E-17	3.273729E-19
8.832519E+03	1.106337E-17	3.275336E-19
8.832719E+03	1.106972E-17	3.276943E-19
8.832919E+03	1.107298E-17	3.277632E-19
8.833119E+03	1.107107E-17	3.276791E-19
8.833319E+03	1.107019E-17	3.276257E-19
8.833519E+03	1.107344E-17	3.276946E-19
8.833719E+03	1.107773E-17	3.277940E-19
8.833919E+03	1.107892E-17	3.278017E-19
8.834119E+03	1.106977E-17	3.275037E-19
8.834319E+03	1.106373E-17	3.272974E-19
8.834519E+03	1.105974E-17	3.271520E-19
8.834719E+03	1.104750E-17	3.267625E-19
8.834919E+03	1.104248E-17	3.265866E-19
8.835119E+03	1.104781E-17	3.267169E-19
8.835319E+03	1.105726E-17	3.269690E-19
8.835519E+03	1.105845E-17	3.269766E-19
8.835719E+03	1.105239E-17	3.267702E-19
8.835919E+03	1.104532E-17	3.265336E-19
8.836119E+03	1.104341E-17	3.264497E-19
8.836319E+03	1.104666E-17	3.265184E-19
8.836519E+03	1.104371E-17	3.264037E-19
8.836719E+03	1.104489E-17	3.264114E-19
8.836919E+03	1.105332E-17	3.266330E-19
8.837120E+03	1.105554E-17	3.266711E-19
8.837320E+03	1.105570E-17	3.266482E-19
8.837520E+03	1.105895E-17	3.267168E-19
8.838520E+03	1.105558E-17	3.264799E-19
8.838719E+03	1.105366E-17	3.263959E-19
8.838919E+03	1.106209E-17	3.266173E-19
8.839120E+03	1.105913E-17	3.265024E-19
8.839319E+03	1.105412E-17	3.263271E-19
8.839520E+03	1.105738E-17	3.263955E-19
8.839719E+03	1.106063E-17	3.264642E-19
8.839919E+03	1.106595E-17	3.265937E-19
8.840119E+03	1.106920E-17	3.266622E-19
8.840319E+03	1.106729E-17	3.265783E-19
8.840519E+03	1.105607E-17	3.262197E-19
8.840719E+03	1.105002E-17	3.260136E-19
8.840919E+03	1.105121E-17	3.260211E-19
8.841119E+03	1.104309E-17	3.257541E-19
8.841319E+03	1.104013E-17	3.256395E-19
8.841519E+03	1.104443E-17	3.257387E-19
8.841719E+03	1.104354E-17	3.256850E-19
8.841920E+03	1.104060E-17	3.255706E-19
8.842120E+03	1.104075E-17	3.255476E-19
8.842320E+03	1.104400E-17	3.256161E-19
8.842520E+03	1.104208E-17	3.255319E-19
8.842720E+03	1.103293E-17	3.252346E-19
8.842920E+03	1.103101E-17	3.251505E-19
8.843120E+03	1.103013E-17	3.250971E-19
8.843320E+03	1.102511E-17	3.249217E-19
8.843520E+03	1.102630E-17	3.249292E-19
8.843720E+03	1.102542E-17	3.248758E-19
8.843920E+03	1.101522E-17	3.245480E-19
8.844120E+03	1.101123E-17	3.244030E-19
8.844320E+03	1.101966E-17	3.246239E-19
8.844520E+03	1.102395E-17	3.247227E-19
8.844720E+03	1.102720E-17	3.247910E-19
8.844920E+03	1.102115E-17	3.245852E-19
8.845120E+03	1.100682E-17	3.241358E-19
8.845320E+03	1.099973E-17	3.238997E-19
8.845520E+03	1.098954E-17	3.235721E-19
8.845720E+03	1.097521E-17	3.231229E-19
8.845920E+03	1.096915E-17	3.229170E-19
8.846120E+03	1.096206E-17	3.226810E-19
8.846320E+03	1.095187E-17	3.223536E-19
8.846520E+03	1.094995E-17	3.222697E-19
8.846720E+03	1.094699E-17	3.221555E-19
8.846921E+03	1.093576E-17	3.217976E-19
8.847121E+03	1.092764E-17	3.215314E-19
8.847321E+03	1.092055E-17	3.212954E-19
8.847521E+03	1.091553E-17	3.211204E-19
8.847721E+03	1.091671E-17	3.211278E-19
8.847921E+03	1.091893E-17	3.211659E-19
8.848121E+03	1.091700E-17	3.210821E-19
8.848321E+03	1.092026E-17	3.211505E-19
8.848521E+03	1.093799E-17	3.216447E-19
8.848721E+03	1.094642E-17	3.218652E-19
8.848921E+03	1.094450E-17	3.217814E-19
8.849121E+03	1.094258E-17	3.216975E-19
8.849321E+03	1.093962E-17	3.215834E-19
8.849521E+03	1.093978E-17	3.215606E-19
8.849721E+03	1.094613E-17	3.217199E-19
8.849921E+03	1.094732E-17	3.217274E-19
8.850121E+03	1.095781E-17	3.220084E-19
8.850321E+03	1.097348E-17	3.224414E-19
8.850521E+03	1.097466E-17	3.224489E-19
8.850721E+03	1.097068E-17	3.223043E-19
8.850921E+03	1.097703E-17	3.224635E-19
8.851121E+03	1.098028E-17	3.225316E-19
8.851521E+03	1.098369E-17	3.225767E-19
8.851721E+03	1.099626E-17	3.229183E-19
8.851922E+03	1.100158E-17	3.230468E-19
8.852121E+03	1.099551E-17	3.228414E-19
8.852322E+03	1.099773E-17	3.228790E-19
8.852522E+03	1.100099E-17	3.229469E-19
8.852721E+03	1.100631E-17	3.230760E-19
8.852921E+03	1.101474E-17	3.232958E-19
8.853121E+03	1.101799E-17	3.233637E-19
8.853321E+03	1.101401E-17	3.232191E-19
8.853521E+03	1.100898E-17	3.230439E-19
8.853721E+03	1.100913E-17	3.230208E-19
8.853921E+03	1.101445E-17	3.231493E-19
8.854121E+03	1.101667E-17	3.231869E-19
8.854321E+03	1.101682E-17	3.231638E-19
8.854521E+03	1.102007E-17	3.232316E-19
8.854721E+03	1.102125E-17	3.232385E-19
8.854921E+03	1.101726E-17	3.230940E-19
8.855121E+03	1.101534E-17	3.230100E-19
8.855321E+03	1.101756E-17	3.230475E-19
8.855521E+03	1.101564E-17	3.229636E-19
8.855721E+03	1.101993E-17	3.230616E-19
8.855921E+03	1.102215E-17	3.230990E-19
8.856121E+03	1.102022E-17	3.230151E-19
8.856321E+03	1.102452E-17	3.231134E-19
8.856521E+03	1.102777E-17	3.231810E-19
8.856722E+03	1.102377E-17	3.230361E-19
8.856922E+03	1.102289E-17	3.229827E-19
8.857122E+03	1.102407E-17	3.229896E-19
8.857322E+03	1.102215E-17	3.229056E-19
8.857522E+03	1.102748E-17	3.230340E-19
8.857722E+03	1.104005E-17	3.233745E-19
8.857922E+03	1.104744E-17	3.235634E-19
8.858122E+03	1.104242E-17	3.233886E-19
8.858322E+03	1.103739E-17	3.232136E-19
8.858522E+03	1.104064E-17	3.232812E-19
8.858722E+03	1.104803E-17	3.234699E-19
8.858922E+03	1.105025E-17	3.235072E-19
8.859122E+03	1.104833E-17	3.234232E-19
8.859322E+03	1.104952E-17	3.234302E-19
8.859522E+03	1.104760E-17	3.233462E-19
8.859722E+03	1.104257E-17	3.231713E-19
8.859922E+03	1.103857E-17	3.230266E-19
8.860122E+03	1.103665E-17	3.229426E-19
8.860322E+03	1.103473E-17	3.228587E-19
8.860522E+03	1.103488E-17	3.228355E-19
8.860722E+03	1.104330E-17	3.230543E-19
8.860922E+03	1.105898E-17	3.234851E-19
8.861122E+03	1.107052E-17	3.237949E-19
8.861322E+03	1.106653E-17	3.236502E-19
8.861523E+03	1.106046E-17	3.234450E-19
8.861723E+03	1.105647E-17	3.233003E-19
8.861923E+03	1.106076E-17	3.233981E-19
8.862123E+03	1.107126E-17	3.236773E-19
8.862323E+03	1.106106E-17	3.233512E-19
8.862523E+03	1.104361E-17	3.228133E-19
8.862723E+03	1.103858E-17	3.226385E-19
8.862923E+03	1.104597E-17	3.228268E-19
8.863123E+03	1.105336E-17	3.230151E-19
8.863323E+03	1.105661E-17	3.230823E-19
8.863523E+03	1.106298E-17	3.232406E-19
8.863723E+03	1.106209E-17	3.231869E-19
8.863923E+03	1.105913E-17	3.230724E-19
8.864123E+03	1.105721E-17	3.229885E-19
8.864323E+03	1.105424E-17	3.228741E-19
8.864522E+03	1.104818E-17	3.226694E-19
8.864722E+03	1.105868E-17	3.229482E-19
8.864923E+03	1.107851E-17	3.234992E-19
8.865122E+03	1.108383E-17	3.236270E-19
8.865323E+03	1.107777E-17	3.234220E-19
8.865522E+03	1.108205E-17	3.235193E-19
8.865722E+03	1.106874E-17	3.231029E-19
8.865922E+03	1.105128E-17	3.225653E-19
8.866122E+03	1.105350E-17	3.226023E-19
8.866322E+03	1.103708E-17	3.220953E-19
8.866523E+03	1.104550E-17	3.223132E-19
8.866723E+03	1.106740E-17	3.229244E-19
8.866923E+03	1.107376E-17	3.230821E-19
8.867123E+03	1.108634E-17	3.234211E-19
8.867323E+03	1.108960E-17	3.234883E-19
8.867523E+03	1.108871E-17	3.234345E-19
8.867723E+03	1.109196E-17	3.235014E-19
8.867923E+03	1.109418E-17	3.235381E-19
8.868123E+03	1.109123E-17	3.234241E-19
8.868323E+03	1.109137E-17	3.234003E-19
8.868523E+03	1.108634E-17	3.232257E-19
8.868723E+03	1.107716E-17	3.229301E-19
8.869523E+03	1.107049E-17	3.226243E-19
8.869723E+03	1.106857E-17	3.225404E-19
8.869923E+03	1.106768E-17	3.224866E-19
8.870123E+03	1.106783E-17	3.224629E-19
8.870323E+03	1.107005E-17	3.224996E-19
8.870523E+03	1.107019E-17	3.224759E-19
8.870723E+03	1.106412E-17	3.222711E-19
8.870923E+03	1.105287E-17	3.219157E-19
8.871123E+03	1.103747E-17	3.214394E-19
8.871324E+03	1.103037E-17	3.212045E-19
8.871524E+03	1.103362E-17	3.212714E-19
8.871724E+03	1.103687E-17	3.213382E-19
8.871924E+03	1.103080E-17	3.211336E-19
8.872124E+03	1.102784E-17	3.210198E-19
8.872324E+03	1.103524E-17	3.212072E-19
8.872524E+03	1.104056E-17	3.213343E-19
8.872724E+03	1.104071E-17	3.213107E-19
8.872924E+03	1.104086E-17	3.212873E-19
8.873124E+03	1.104514E-17	3.213841E-19
8.873324E+03	1.104633E-17	3.213907E-19
8.873524E+03	1.104855E-17	3.214274E-19
8.873724E+03	1.105491E-17	3.215845E-19
8.873924E+03	1.106126E-17	3.217416E-19
8.874124E+03	1.106556E-17	3.218385E-19
8.874324E+03	1.107814E-17	3.221766E-19
8.874524E+03	1.109384E-17	3.226049E-19
8.874724E+03	1.110538E-17	3.229126E-19
8.874924E+03	1.111174E-17	3.230694E-19
8.875124E+03	1.111395E-17	3.231058E-19
8.875324E+03	1.110582E-17	3.228412E-19
8.875524E+03	1.109767E-17	3.225763E-19
8.875724E+03	1.109367E-17	3.224322E-19
8.875924E+03	1.108863E-17	3.222577E-19
8.876124E+03	1.108982E-17	3.222641E-19
8.876325E+03	1.109928E-17	3.225110E-19
8.876525E+03	1.110773E-17	3.227283E-19
8.876725E+03	1.110269E-17	3.225539E-19
8.876925E+03	1.109557E-17	3.223191E-19
8.877124E+03	1.109883E-17	3.223860E-19
8.877325E+03	1.110831E-17	3.226330E-19
8.877524E+03	1.111777E-17	3.228800E-19
8.877725E+03	1.112311E-17	3.230067E-19
8.877924E+03	1.113258E-17	3.232536E-19
8.878124E+03	1.113998E-17	3.234404E-19
8.878325E+03	1.114324E-17	3.235067E-19
8.878524E+03	1.115167E-17	3.237235E-19
8.878724E+03	1.115286E-17	3.237298E-19
8.878924E+03	1.114471E-17	3.234651E-19
8.879124E+03	1.113864E-17	3.232607E-19
8.879324E+03	1.113775E-17	3.232067E-19
8.879524E+03	1.114203E-17	3.233029E-19
8.879724E+03	1.114529E-17	3.233693E-19
8.879924E+03	1.114233E-17	3.232551E-19
8.880124E+03	1.113832E-17	3.231107E-19
8.880324E+03	1.113743E-17	3.230567E-19
8.880524E+03	1.113654E-17	3.230027E-19
8.880724E+03	1.113357E-17	3.228886E-19
8.880924E+03	1.112646E-17	3.226541E-19
8.881125E+03	1.111831E-17	3.223896E-19
8.881325E+03	1.111742E-17	3.223357E-19
8.881525E+03	1.112379E-17	3.224922E-19
8.881725E+03	1.113533E-17	3.227986E-19
8.881925E+03	1.114792E-17	3.231354E-19
8.882125E+03	1.115843E-17	3.234118E-19
8.882325E+03	1.115547E-17	3.232976E-19
8.882525E+03	1.114524E-17	3.229732E-19
8.882725E+03	1.113605E-17	3.226787E-19
8.882925E+03	1.113101E-17	3.225045E-19
8.883125E+03	1.112908E-17	3.224204E-19
8.883325E+03	1.112819E-17	3.223664E-19
8.883525E+03	1.113145E-17	3.224327E-19
8.883725E+03	1.114093E-17	3.226789E-19
8.883925E+03	1.114833E-17	3.228651E-19
8.884125E+03	1.114640E-17	3.227809E-19
8.884325E+03	1.114343E-17	3.226668E-19
8.884525E+03	1.114357E-17	3.226427E-19
8.884725E+03	1.114579E-17	3.226787E-19
8.884925E+03	1.114179E-17	3.225348E-19
8.885125E+03	1.113986E-17	3.224507E-19
8.885325E+03	1.114311E-17	3.225165E-19
8.885525E+03	1.115052E-17	3.227028E-19
8.885725E+03	1.115895E-17	3.229185E-19
8.885925E+03	1.116325E-17	3.230145E-19
8.886126E+03	1.116961E-17	3.231703E-19
8.886326E+03	1.117495E-17	3.232963E-19
8.886526E+03	1.117613E-17	3.233023E-19
8.886726E+03	1.117628E-17	3.232781E-19
8.887926E+03	1.118232E-17	3.232831E-19
8.888126E+03	1.118972E-17	3.234686E-19
8.888326E+03	1.119298E-17	3.235345E-19
8.888526E+03	1.119105E-17	3.234503E-19
8.888726E+03	1.119119E-17	3.234260E-19
8.888926E+03	1.119238E-17	3.234319E-19
8.889126E+03	1.118422E-17	3.231679E-19
8.889326E+03	1.117191E-17	3.227839E-19
8.889526E+03	1.117102E-17	3.227299E-19
8.889726E+03	1.117324E-17	3.227657E-19
8.889926E+03	1.117235E-17	3.227116E-19
8.890126E+03	1.117145E-17	3.226573E-19
8.890326E+03	1.117367E-17	3.226930E-19
8.890525E+03	1.117381E-17	3.226689E-19
8.890726E+03	1.117292E-17	3.226148E-19
8.890926E+03	1.118033E-17	3.228004E-19
8.891127E+03	1.118773E-17	3.229855E-19
8.891326E+03	1.118372E-17	3.228416E-19
8.891526E+03	1.118594E-17	3.228772E-19
8.891726E+03	1.119957E-17	3.232423E-19
8.891926E+03	1.121009E-17	3.235174E-19
8.892126E+03	1.120608E-17	3.233734E-19
8.892326E+03	1.119482E-17	3.230199E-19
8.892526E+03	1.118251E-17	3.226365E-19
8.892726E+03	1.117331E-17	3.223427E-19
8.892926E+03	1.116308E-17	3.220192E-19
8.893126E+03	1.114973E-17	3.216059E-19
8.893326E+03	1.113846E-17	3.212524E-19
8.893526E+03	1.113237E-17	3.210488E-19
8.893726E+03	1.113252E-17	3.210247E-19
8.893926E+03	1.112955E-17	3.209109E-19
8.894126E+03	1.112553E-17	3.207669E-19
8.894326E+03	1.112153E-17	3.206231E-19
8.894526E+03	1.111856E-17	3.205094E-19
8.894726E+03	1.111870E-17	3.204850E-19
8.894926E+03	1.111988E-17	3.204910E-19
8.895126E+03	1.112002E-17	3.204668E-19
8.895326E+03	1.112535E-17	3.205920E-19
8.895526E+03	1.112341E-17	3.205081E-19
8.895726E+03	1.112252E-17	3.204543E-19
8.895927E+03	1.112474E-17	3.204897E-19
8.896127E+03	1.112592E-17	3.204953E-19
8.896327E+03	1.112813E-17	3.205310E-19
8.896527E+03	1.112932E-17	3.205368E-19
8.896727E+03	1.113153E-17	3.205724E-19
8.896927E+03	1.113375E-17	3.206080E-19
8.897127E+03	1.113597E-17	3.206436E-19
8.897327E+03	1.114129E-17	3.207686E-19
8.897527E+03	1.114974E-17	3.209836E-19
8.897727E+03	1.115818E-17	3.211982E-19
8.897927E+03	1.116455E-17	3.213531E-19
8.898127E+03	1.116262E-17	3.212692E-19
8.898327E+03	1.115238E-17	3.209461E-19
8.898527E+03	1.113695E-17	3.204740E-19
8.898727E+03	1.112983E-17	3.202407E-19
8.898927E+03	1.112789E-17	3.201566E-19
8.899127E+03	1.112284E-17	3.199831E-19
8.899327E+03	1.112091E-17	3.198992E-19
8.899527E+03	1.111690E-17	3.197557E-19
8.899727E+03	1.111081E-17	3.195523E-19
8.899927E+03	1.110783E-17	3.194385E-19
8.900127E+03	1.110486E-17	3.193248E-19
8.900327E+03	1.109566E-17	3.190321E-19
8.900527E+03	1.109268E-17	3.189184E-19
8.900728E+03	1.110112E-17	3.191327E-19
8.900928E+03	1.110231E-17	3.191385E-19
8.901128E+03	1.109622E-17	3.189352E-19
8.901328E+03	1.109428E-17	3.188512E-19
8.901528E+03	1.109442E-17	3.188271E-19
8.901728E+03	1.108833E-17	3.186239E-19
8.901928E+03	1.109054E-17	3.186594E-19
8.902128E+03	1.109380E-17	3.187249E-19
8.902328E+03	1.110536E-17	3.190287E-19
8.902528E+03	1.111172E-17	3.191833E-19
8.902728E+03	1.110875E-17	3.190696E-19
8.902927E+03	1.111201E-17	3.191351E-19
8.903128E+03	1.111318E-17	3.191405E-19
8.903327E+03	1.110918E-17	3.189973E-19
8.903528E+03	1.110620E-17	3.188835E-19
8.903927E+03	1.110128E-17	3.186861E-19
8.904127E+03	1.110038E-17	3.186320E-19
8.904327E+03	1.109948E-17	3.185780E-19
8.905127E+03	1.110108E-17	3.185110E-19
8.905327E+03	1.110745E-17	3.186654E-19
8.905527E+03	1.111278E-17	3.187902E-19
8.905728E+03	1.111603E-17	3.188549E-19
8.905928E+03	1.111410E-17	3.187713E-19
8.906128E+03	1.110074E-17	3.183599E-19
8.906328E+03	1.108945E-17	3.180079E-19
8.906528E+03	1.109063E-17	3.180136E-19
8.906728E+03	1.109596E-17	3.181381E-19
8.906928E+03	1.109817E-17	3.181734E-19
8.907128E+03	1.109832E-17	3.181492E-19
8.907328E+03	1.109846E-17	3.181251E-19
8.907528E+03	1.109963E-17	3.181305E-19
8.907728E+03	1.109769E-17	3.180466E-19
8.907928E+03	1.109887E-17	3.180523E-19
8.908128E+03	1.110005E-17	3.180577E-19
8.908328E+03	1.110018E-17	3.180333E-19
8.908528E+03	1.110240E-17	3.180686E-19
8.908728E+03	1.110670E-17	3.181635E-19
8.908928E+03	1.111099E-17	3.182582E-19
8.909128E+03	1.110904E-17	3.181743E-19
8.909328E+03	1.110088E-17	3.179122E-19
8.909528E+03	1.109998E-17	3.178582E-19
8.909728E+03	1.110323E-17	3.179229E-19
8.909928E+03	1.110440E-17	3.179283E-19
8.910128E+03	1.110559E-17	3.179339E-19
8.910328E+03	1.110780E-17	3.179691E-19
8.910529E+03	1.111624E-17	3.181823E-19
8.910729E+03	1.112366E-17	3.183663E-19
8.910929E+03	1.112691E-17	3.184309E-19
8.911129E+03	1.112705E-17	3.184067E-19
8.911329E+03	1.112926E-17	3.184418E-19
8.911529E+03	1.112836E-17	3.183877E-19
8.911729E+03	1.112226E-17	3.181848E-19
8.911929E+03	1.111305E-17	3.178932E-19
8.912129E+03	1.110488E-17	3.176311E-19
8.912329E+03	1.111333E-17	3.178444E-19
8.912529E+03	1.112489E-17	3.181469E-19
8.912729E+03	1.113023E-17	3.182711E-19
8.912929E+03	1.113037E-17	3.182468E-19
8.913129E+03	1.113154E-17	3.182520E-19
8.913329E+03	1.113168E-17	3.182278E-19
8.913529E+03	1.112974E-17	3.181439E-19
8.913729E+03	1.112572E-17	3.180008E-19
8.913929E+03	1.112378E-17	3.179169E-19
8.914129E+03	1.111872E-17	3.177441E-19
8.914329E+03	1.111366E-17	3.175712E-19
8.914529E+03	1.110860E-17	3.173984E-19
8.914729E+03	1.110978E-17	3.174037E-19
8.914929E+03	1.111719E-17	3.175873E-19
8.915129E+03	1.111318E-17	3.174442E-19
8.915329E+03	1.110188E-17	3.170931E-19
8.915530E+03	1.109474E-17	3.168610E-19
8.915729E+03	1.109073E-17	3.167182E-19
8.915930E+03	1.109190E-17	3.167234E-19
8.916129E+03	1.109723E-17	3.168475E-19
8.916329E+03	1.110361E-17	3.170013E-19
8.916530E+03	1.110790E-17	3.170953E-19
8.916729E+03	1.111219E-17	3.171896E-19
8.916930E+03	1.110401E-17	3.169279E-19
8.917129E+03	1.108129E-17	3.162513E-19
8.917329E+03	1.106064E-17	3.156338E-19
8.917529E+03	1.105662E-17	3.154910E-19
8.917729E+03	1.106091E-17	3.155853E-19
8.917929E+03	1.106313E-17	3.156203E-19
8.918129E+03	1.106326E-17	3.155959E-19
8.918329E+03	1.106340E-17	3.155718E-19
8.918529E+03	1.105522E-17	3.153102E-19
8.918729E+03	1.104288E-17	3.149304E-19
8.918929E+03	1.103471E-17	3.146691E-19
8.919129E+03	1.103277E-17	3.145857E-19
8.919329E+03	1.103394E-17	3.145910E-19
8.919529E+03	1.103096E-17	3.144779E-19
8.919729E+03	1.102902E-17	3.143944E-19
8.919929E+03	1.103019E-17	3.143998E-19
8.920129E+03	1.103240E-17	3.144349E-19
8.920330E+03	1.103254E-17	3.144104E-19
8.920530E+03	1.103267E-17	3.143861E-19
8.921930E+03	1.103985E-17	3.143940E-19
8.922130E+03	1.104310E-17	3.144584E-19
8.922330E+03	1.103804E-17	3.142862E-19
8.922530E+03	1.103610E-17	3.142028E-19
8.922730E+03	1.103727E-17	3.142081E-19
8.922930E+03	1.103116E-17	3.140061E-19
8.923130E+03	1.102818E-17	3.138931E-19
8.923330E+03	1.103351E-17	3.140167E-19
8.923530E+03	1.103781E-17	3.141110E-19
8.923730E+03	1.103690E-17	3.140570E-19
8.923930E+03	1.103287E-17	3.139143E-19
8.924130E+03	1.102781E-17	3.137423E-19
8.924330E+03	1.102171E-17	3.135407E-19
8.924530E+03	1.101560E-17	3.133388E-19
8.924730E+03	1.101055E-17	3.131669E-19
8.924930E+03	1.101172E-17	3.131723E-19
8.925130E+03	1.102328E-17	3.134731E-19
8.925331E+03	1.102550E-17	3.135078E-19
8.925531E+03	1.101940E-17	3.133063E-19
8.925731E+03	1.102057E-17	3.133116E-19
8.925931E+03	1.101758E-17	3.131984E-19
8.926131E+03	1.101459E-17	3.130856E-19
8.926331E+03	1.101577E-17	3.130909E-19
8.926531E+03	1.101487E-17	3.130372E-19
8.926731E+03	1.101707E-17	3.130719E-19
8.926931E+03	1.101824E-17	3.130772E-19
8.927131E+03	1.101422E-17	3.129347E-19
8.927331E+03	1.100708E-17	3.127038E-19
8.927531E+03	1.100409E-17	3.125910E-19
8.927731E+03	1.100214E-17	3.125075E-19
8.927931E+03	1.099708E-17	3.123358E-19
8.928131E+03	1.099929E-17	3.123705E-19
8.928331E+03	1.100359E-17	3.124645E-19
8.928531E+03	1.100579E-17	3.124991E-19
8.928730E+03	1.100489E-17	3.124457E-19
8.928931E+03	1.099982E-17	3.122736E-19
8.929130E+03	1.099683E-17	3.121608E-19
8.929331E+03	1.099593E-17	3.121071E-19
8.929531E+03	1.098878E-17	3.118761E-19
8.929730E+03	1.097955E-17	3.115865E-19
8.929930E+03	1.096720E-17	3.112080E-19
8.930131E+03	1.095693E-17	3.108886E-19
8.930331E+03	1.094667E-17	3.105694E-19
8.930531E+03	1.093433E-17	3.101915E-19
8.930731E+03	1.092406E-17	3.098724E-19
8.930931E+03	1.092418E-17	3.098480E-19
8.931131E+03	1.092431E-17	3.098240E-19
8.931331E+03	1.092341E-17	3.097706E-19
8.931531E+03	1.091833E-17	3.095988E-19
8.931731E+03	1.091327E-17	3.094273E-19
8.931931E+03	1.091132E-17	3.093445E-19
8.932131E+03	1.090937E-17	3.092614E-19
8.932331E+03	1.090534E-17	3.091192E-19
8.932531E+03	1.089403E-17	3.087709E-19
8.932731E+03	1.087544E-17	3.082163E-19
8.932931E+03	1.085477E-17	3.076030E-19
8.933131E+03	1.084345E-17	3.072546E-19
8.933331E+03	1.084463E-17	3.072603E-19
8.933531E+03	1.085100E-17	3.074132E-19
8.933731E+03	1.085425E-17	3.074776E-19
8.933931E+03	1.084709E-17	3.072474E-19
8.934131E+03	1.083890E-17	3.069877E-19
8.934331E+03	1.084943E-17	3.072583E-19
8.934531E+03	1.086205E-17	3.075879E-19
8.934731E+03	1.085385E-17	3.073283E-19
8.934931E+03	1.083942E-17	3.068920E-19
8.935132E+03	1.083747E-17	3.068090E-19
8.935332E+03	1.084176E-17	3.069028E-19
8.935532E+03	1.084085E-17	3.068494E-19
8.935732E+03	1.083994E-17	3.067961E-19
8.935932E+03	1.083694E-17	3.066838E-19
8.936132E+03	1.082251E-17	3.062478E-19
8.936332E+03	1.080495E-17	3.057234E-19
8.936532E+03	1.079572E-17	3.054346E-19
8.936732E+03	1.078961E-17	3.052343E-19
8.936932E+03	1.078141E-17	3.049751E-19
8.937132E+03	1.078049E-17	3.049216E-19
8.937332E+03	1.077958E-17	3.048685E-19
8.937532E+03	1.077451E-17	3.046974E-19
8.937732E+03	1.076840E-17	3.044973E-19
8.937932E+03	1.076228E-17	3.042969E-19
8.938132E+03	1.076137E-17	3.042438E-19
8.938332E+03	1.075942E-17	3.041612E-19
8.938532E+03	1.074914E-17	3.038433E-19
8.938732E+03	1.073990E-17	3.035547E-19
8.938932E+03	1.072962E-17	3.032370E-19
8.939132E+03	1.071726E-17	3.028604E-19
8.939332E+03	1.071219E-17	3.026897E-19
8.939532E+03	1.070919E-17	3.025778E-19
8.939732E+03	1.070932E-17	3.025543E-19
8.939933E+03	1.070945E-17	3.025303E-19
8.940133E+03	1.069709E-17	3.021540E-19
8.940333E+03	1.068160E-17	3.016894E-19
8.940533E+03	1.067341E-17	3.014309E-19
8.940733E+03	1.066625E-17	3.012016E-19
8.940933E+03	1.065701E-17	3.009134E-19
8.941133E+03	1.065089E-17	3.007135E-19
8.941333E+03	1.064790E-17	3.006019E-19
8.941532E+03	1.064699E-17	3.005493E-19
8.941733E+03	1.064502E-17	3.004667E-19
8.941933E+03	1.063578E-17	3.001787E-19
8.942132E+03	1.062966E-17	2.999792E-19
8.942333E+03	1.062771E-17	2.998969E-19
8.942532E+03	1.062679E-17	2.998441E-19
8.942733E+03	1.062900E-17	2.998791E-19
8.942932E+03	1.063641E-17	3.000614E-19
8.943132E+03	1.064902E-17	3.003901E-19
8.943332E+03	1.066476E-17	3.008069E-19
8.943532E+03	1.067322E-17	3.010182E-19
8.944332E+03	1.067371E-17	3.009236E-19
8.944532E+03	1.067489E-17	3.009296E-19
8.944733E+03	1.068125E-17	3.010816E-19
8.944933E+03	1.067930E-17	3.009994E-19
8.945133E+03	1.066693E-17	3.006237E-19
8.945333E+03	1.064936E-17	3.001015E-19
8.945533E+03	1.063908E-17	2.997846E-19
8.945733E+03	1.064233E-17	2.998491E-19
8.945933E+03	1.064870E-17	3.000015E-19
8.946133E+03	1.064882E-17	2.999779E-19
8.946333E+03	1.063958E-17	2.996904E-19
8.946533E+03	1.062825E-17	2.993444E-19
8.946733E+03	1.062422E-17	2.992037E-19
8.946933E+03	1.062330E-17	2.991508E-19
8.947133E+03	1.062238E-17	2.990979E-19
8.947333E+03	1.062562E-17	2.991623E-19
8.947533E+03	1.062783E-17	2.991974E-19
8.947733E+03	1.063004E-17	2.992327E-19
8.947933E+03	1.063536E-17	2.993554E-19
8.948133E+03	1.063550E-17	2.993321E-19
8.948333E+03	1.062624E-17	2.990446E-19
8.948533E+03	1.062117E-17	2.988748E-19
8.948733E+03	1.062025E-17	2.988219E-19
8.948933E+03	1.061517E-17	2.986521E-19
8.949133E+03	1.060696E-17	2.983941E-19
8.949333E+03	1.060188E-17	2.982244E-19
8.949533E+03	1.060721E-17	2.983473E-19
8.949734E+03	1.061046E-17	2.984115E-19
8.949934E+03	1.060746E-17	2.983001E-19
8.950134E+03	1.060341E-17	2.981594E-19
8.950334E+03	1.060458E-17	2.981652E-19
8.950534E+03	1.060782E-17	2.982295E-19
8.950734E+03	1.060483E-17	2.981184E-19
8.950934E+03	1.059870E-17	2.979192E-19
8.951134E+03	1.058425E-17	2.974861E-19
8.951334E+03	1.056875E-17	2.970236E-19
8.951534E+03	1.057720E-17	2.972343E-19
8.951734E+03	1.059191E-17	2.976206E-19
8.951934E+03	1.059411E-17	2.976556E-19
8.952134E+03	1.059840E-17	2.977492E-19
8.952334E+03	1.060581E-17	2.979305E-19
8.952534E+03	1.061114E-17	2.980533E-19
8.952734E+03	1.061647E-17	2.981760E-19
8.952934E+03	1.061764E-17	2.981817E-19
8.953134E+03	1.061151E-17	2.979826E-19
8.953334E+03	1.059913E-17	2.976082E-19
8.953534E+03	1.058572E-17	2.972048E-19
8.953734E+03	1.057751E-17	2.969474E-19
8.953934E+03	1.057763E-17	2.969239E-19
8.954134E+03	1.057567E-17	2.968420E-19
8.954334E+03	1.056850E-17	2.966140E-19
8.954534E+03	1.056029E-17	2.963567E-19
8.954735E+03	1.055000E-17	2.960409E-19
8.954934E+03	1.053867E-17	2.956962E-19
8.955135E+03	1.053983E-17	2.957019E-19
8.955335E+03	1.054308E-17	2.957662E-19
8.955534E+03	1.054007E-17	2.956554E-19
8.955734E+03	1.054019E-17	2.956320E-19
8.955934E+03	1.054032E-17	2.956087E-19
8.956134E+03	1.053419E-17	2.954101E-19
8.956334E+03	1.052910E-17	2.952408E-19
8.956534E+03	1.053131E-17	2.952759E-19
8.956734E+03	1.053768E-17	2.954277E-19
8.956934E+03	1.054405E-17	2.955796E-19
8.957134E+03	1.055042E-17	2.957314E-19
8.957334E+03	1.055575E-17	2.958540E-19
8.957534E+03	1.056004E-17	2.959474E-19
8.957734E+03	1.056745E-17	2.961283E-19
8.957934E+03	1.056966E-17	2.961632E-19
8.958134E+03	1.056874E-17	2.961106E-19
8.958334E+03	1.057302E-17	2.962039E-19
8.958534E+03	1.058148E-17	2.964139E-19
8.958734E+03	1.058576E-17	2.965071E-19
8.958934E+03	1.058797E-17	2.965420E-19
8.960135E+03	1.058974E-17	2.964303E-19
8.960335E+03	1.059403E-17	2.965234E-19
8.960535E+03	1.060352E-17	2.967623E-19
8.960735E+03	1.060781E-17	2.968554E-19
8.960935E+03	1.060377E-17	2.967153E-19
8.961135E+03	1.060805E-17	2.968084E-19
8.961335E+03	1.061756E-17	2.970474E-19
8.961535E+03	1.062080E-17	2.971113E-19
8.961735E+03	1.061467E-17	2.969127E-19
8.961935E+03	1.060750E-17	2.966853E-19
8.962135E+03	1.060658E-17	2.966326E-19
8.962335E+03	1.060670E-17	2.966091E-19
8.962535E+03	1.060578E-17	2.965565E-19
8.962735E+03	1.060798E-17	2.965913E-19
8.962935E+03	1.060915E-17	2.965969E-19
8.963135E+03	1.060093E-17	2.963402E-19
8.963335E+03	1.059584E-17	2.961712E-19
8.963535E+03	1.060221E-17	2.963224E-19
8.963735E+03	1.060754E-17	2.964444E-19
8.963935E+03	1.061183E-17	2.965373E-19
8.964135E+03	1.062237E-17	2.968051E-19
8.964336E+03	1.063187E-17	2.970433E-19
8.964536E+03	1.063408E-17	2.970782E-19
8.964736E+03	1.062378E-17	2.967635E-19
8.964936E+03	1.061348E-17	2.964488E-19
8.965136E+03	1.061568E-17	2.964835E-19
8.965336E+03	1.062518E-17	2.967220E-19
8.965536E+03	1.063364E-17	2.969311E-19
8.965736E+03	1.063688E-17	2.969948E-19
8.965936E+03	1.063805E-17	2.970003E-19
8.966136E+03	1.064337E-17	2.971221E-19
8.966336E+03	1.065184E-17	2.973313E-19
8.966536E+03	1.065716E-17	2.974531E-19
8.966736E+03	1.065833E-17	2.974585E-19
8.966936E+03	1.066053E-17	2.974931E-19
8.967136E+03	1.066273E-17	2.975276E-19
8.967335E+03	1.066181E-17	2.974750E-19
8.967535E+03	1.065881E-17	2.973643E-19
8.967736E+03	1.065685E-17	2.972824E-19
8.967935E+03	1.065593E-17	2.972299E-19
8.968136E+03	1.065918E-17	2.972933E-19
8.968335E+03	1.066034E-17	2.972989E-19
8.968535E+03	1.065316E-17	2.970717E-19
8.968735E+03	1.064598E-17	2.968446E-19
8.968935E+03	1.063984E-17	2.966466E-19
8.969135E+03	1.063892E-17	2.965940E-19
8.969336E+03	1.064217E-17	2.966574E-19
8.969536E+03	1.064959E-17	2.968373E-19
8.969736E+03	1.065805E-17	2.970462E-19
8.969936E+03	1.066650E-17	2.972548E-19
8.970136E+03	1.067497E-17	2.974636E-19
8.970336E+03	1.068239E-17	2.976433E-19
8.970536E+03	1.068771E-17	2.977647E-19
8.970736E+03	1.068992E-17	2.977991E-19
8.970936E+03	1.069838E-17	2.980078E-19
8.971136E+03	1.070788E-17	2.982454E-19
8.971336E+03	1.070800E-17	2.982217E-19
8.971536E+03	1.070291E-17	2.980527E-19
8.971736E+03	1.070199E-17	2.980000E-19
8.971936E+03	1.070003E-17	2.979183E-19
8.972136E+03	1.069909E-17	2.978654E-19
8.972336E+03	1.070235E-17	2.979289E-19
8.972536E+03	1.070247E-17	2.979052E-19
8.972736E+03	1.069738E-17	2.977364E-19
8.972936E+03	1.069228E-17	2.975675E-19
8.973136E+03	1.068302E-17	2.972828E-19
8.973336E+03	1.067480E-17	2.970271E-19
8.973536E+03	1.067700E-17	2.970614E-19
8.973736E+03	1.067921E-17	2.970958E-19
8.973936E+03	1.067515E-17	2.969560E-19
8.974137E+03	1.066693E-17	2.967003E-19
8.974337E+03	1.066810E-17	2.967056E-19
8.974537E+03	1.068176E-17	2.970588E-19
8.974737E+03	1.069127E-17	2.972960E-19
8.974937E+03	1.069660E-17	2.974174E-19
8.975137E+03	1.070089E-17	2.975096E-19
8.975337E+03	1.070623E-17	2.976309E-19
8.975537E+03	1.071365E-17	2.978101E-19
8.975737E+03	1.071689E-17	2.978733E-19
8.975937E+03	1.072118E-17	2.979653E-19
8.976137E+03	1.072964E-17	2.981734E-19
8.976337E+03	1.074227E-17	2.984974E-19
8.976537E+03	1.075177E-17	2.987343E-19
8.976737E+03	1.076545E-17	2.990871E-19
8.976937E+03	1.078539E-17	2.996137E-19
8.977137E+03	1.080428E-17	3.001112E-19
8.977337E+03	1.081691E-17	3.004349E-19
8.977537E+03	1.082328E-17	3.005845E-19
8.977737E+03	1.082236E-17	3.005316E-19
8.977937E+03	1.081518E-17	3.003050E-19
8.978137E+03	1.081322E-17	3.002232E-19
8.978337E+03	1.081646E-17	3.002860E-19
8.978537E+03	1.081763E-17	3.002910E-19
8.978737E+03	1.081775E-17	3.002670E-19
8.978937E+03	1.081891E-17	3.002720E-19
8.979138E+03	1.081695E-17	3.001901E-19
8.979338E+03	1.081289E-17	3.000503E-19
8.979538E+03	1.081197E-17	2.999975E-19
8.979738E+03	1.081313E-17	3.000025E-19
8.979938E+03	1.081429E-17	3.000074E-19
8.980138E+03	1.081546E-17	3.000124E-19
8.980337E+03	1.082287E-17	3.001910E-19
8.980538E+03	1.083447E-17	3.004851E-19
8.980737E+03	1.083876E-17	3.005771E-19
8.980938E+03	1.083367E-17	3.004083E-19
8.981138E+03	1.083065E-17	3.002975E-19
8.981337E+03	1.083495E-17	3.003894E-19
8.981537E+03	1.083298E-17	3.003074E-19
8.981737E+03	1.082684E-17	3.001100E-19
8.981937E+03	1.082279E-17	2.999704E-19
8.982137E+03	1.082499E-17	3.000042E-19
8.982337E+03	1.083033E-17	3.001248E-19
8.982537E+03	1.083670E-17	3.002742E-19
8.982737E+03	1.083682E-17	3.002503E-19
8.982937E+03	1.083173E-17	3.000818E-19
8.983137E+03	1.082871E-17	2.999711E-19
8.983337E+03	1.082779E-17	2.999183E-19
8.983537E+03	1.082478E-17	2.998076E-19
8.983737E+03	1.082386E-17	2.997548E-19
8.983938E+03	1.082398E-17	2.997308E-19
8.984138E+03	1.082932E-17	2.998513E-19
8.984338E+03	1.083465E-17	2.999717E-19
8.984538E+03	1.083790E-17	3.000343E-19
8.984738E+03	1.084219E-17	3.001259E-19
8.984938E+03	1.084753E-17	3.002463E-19
8.985138E+03	1.085286E-17	3.003667E-19
8.985338E+03	1.085506E-17	3.004003E-19
8.985538E+03	1.085205E-17	3.002896E-19
8.985738E+03	1.084904E-17	3.001790E-19
8.985938E+03	1.085333E-17	3.002705E-19
8.986138E+03	1.085345E-17	3.002465E-19
8.986338E+03	1.084940E-17	3.001071E-19
8.986538E+03	1.085160E-17	3.001407E-19
8.986738E+03	1.085694E-17	3.002610E-19
8.986938E+03	1.085914E-17	3.002946E-19
8.987138E+03	1.085508E-17	3.001552E-19
8.987338E+03	1.085103E-17	3.000158E-19
8.987538E+03	1.085219E-17	3.000207E-19
8.987738E+03	1.084814E-17	2.998813E-19
8.987938E+03	1.085034E-17	2.999149E-19
8.988138E+03	1.084838E-17	2.998334E-19
8.988338E+03	1.084849E-17	2.998092E-19
8.988538E+03	1.085696E-17	3.000160E-19
8.989339E+03	1.086265E-17	3.000641E-19
8.989539E+03	1.085859E-17	2.999246E-19
8.989739E+03	1.085871E-17	2.999006E-19
8.989939E+03	1.086508E-17	3.000494E-19
8.990139E+03	1.087043E-17	3.001698E-19
8.990339E+03	1.087889E-17	3.003760E-19
8.990539E+03	1.088422E-17	3.004960E-19
8.990739E+03	1.087809E-17	3.002993E-19
8.990939E+03	1.086777E-17	2.999871E-19
8.991139E+03	1.086058E-17	2.997615E-19
8.991339E+03	1.085339E-17	2.995359E-19
8.991539E+03	1.084620E-17	2.993103E-19
8.991739E+03	1.084841E-17	2.993439E-19
8.991939E+03	1.085583E-17	2.995216E-19
8.992139E+03	1.086429E-17	2.997277E-19
8.992339E+03	1.087381E-17	2.999631E-19
8.992539E+03	1.087809E-17	3.000540E-19
8.992739E+03	1.087508E-17	2.999436E-19
8.992939E+03	1.086789E-17	2.997181E-19
8.993139E+03	1.086697E-17	2.996655E-19
8.993338E+03	1.086604E-17	2.996127E-19
8.993539E+03	1.085885E-17	2.993872E-19
8.993739E+03	1.085584E-17	2.992769E-19
8.993940E+03	1.086535E-17	2.995117E-19
8.994139E+03	1.087591E-17	2.997756E-19
8.994340E+03	1.088124E-17	2.998953E-19
8.994539E+03	1.088553E-17	2.999862E-19
8.994739E+03	1.088878E-17	3.000486E-19
8.994939E+03	1.089203E-17	3.001109E-19
8.995139E+03	1.089320E-17	3.001156E-19
8.995339E+03	1.089226E-17	3.000627E-19
8.995539E+03	1.088612E-17	2.998662E-19
8.995739E+03	1.088624E-17	2.998422E-19
8.995939E+03	1.089575E-17	3.000768E-19
8.996139E+03	1.090525E-17	3.003114E-19
8.996339E+03	1.090747E-17	3.003450E-19
8.996539E+03	1.090340E-17	3.002058E-19
8.996739E+03	1.090143E-17	3.001242E-19
8.996939E+03	1.090155E-17	3.001003E-19
8.997139E+03	1.089958E-17	3.000187E-19
8.997339E+03	1.089343E-17	2.998223E-19
8.997539E+03	1.089772E-17	2.999132E-19
8.997739E+03	1.091142E-17	3.002627E-19
8.997939E+03	1.091988E-17	3.004684E-19
8.998139E+03	1.091999E-17	3.004441E-19
8.998339E+03	1.092011E-17	3.004201E-19
8.998539E+03	1.092231E-17	3.004534E-19
8.998740E+03	1.092035E-17	3.003720E-19
8.998940E+03	1.091211E-17	3.001181E-19
8.999140E+03	1.090910E-17	3.000080E-19
8.999340E+03	1.091757E-17	3.002135E-19
8.999540E+03	1.093126E-17	3.005627E-19
8.999740E+03	1.093450E-17	3.006246E-19
8.999940E+03	1.093045E-17	3.004858E-19
9.000140E+03	1.092952E-17	3.004329E-19
9.000340E+03	1.093172E-17	3.004661E-19
9.000540E+03	1.093497E-17	3.005282E-19
9.000740E+03	1.094030E-17	3.006475E-19
9.000940E+03	1.094982E-17	3.008817E-19
9.001140E+03	1.096246E-17	3.012016E-19
9.001340E+03	1.097407E-17	3.014932E-19
9.001540E+03	1.098567E-17	3.017845E-19
9.003140E+03	1.099913E-17	3.019349E-19
9.003340E+03	1.101282E-17	3.022832E-19
9.003541E+03	1.101921E-17	3.024309E-19
9.003741E+03	1.101514E-17	3.022919E-19
9.003941E+03	1.101317E-17	3.022103E-19
9.004141E+03	1.101016E-17	3.021002E-19
9.004341E+03	1.100715E-17	3.019901E-19
9.004541E+03	1.101144E-17	3.020804E-19
9.004741E+03	1.101364E-17	3.021134E-19
9.004941E+03	1.101272E-17	3.020606E-19
9.005141E+03	1.101074E-17	3.019791E-19
9.005341E+03	1.100668E-17	3.018403E-19
9.005541E+03	1.100366E-17	3.017299E-19
9.005741E+03	1.100796E-17	3.018205E-19
9.005941E+03	1.101016E-17	3.018535E-19
9.006140E+03	1.101341E-17	3.019153E-19
9.006341E+03	1.101770E-17	3.020054E-19
9.006540E+03	1.102096E-17	3.020673E-19
9.006740E+03	1.102420E-17	3.021287E-19
9.006941E+03	1.102850E-17	3.022190E-19
9.007140E+03	1.103487E-17	3.023664E-19
9.007341E+03	1.103918E-17	3.024567E-19
9.007540E+03	1.103824E-17	3.024039E-19
9.007740E+03	1.103627E-17	3.023224E-19
9.007940E+03	1.103534E-17	3.022694E-19
9.008140E+03	1.103755E-17	3.023025E-19
9.008340E+03	1.103662E-17	3.022496E-19
9.008541E+03	1.103255E-17	3.021107E-19
9.008741E+03	1.103267E-17	3.020866E-19
9.008941E+03	1.103070E-17	3.020052E-19
9.009141E+03	1.102559E-17	3.018377E-19
9.009341E+03	1.102361E-17	3.017563E-19
9.009541E+03	1.102686E-17	3.018180E-19
9.009741E+03	1.103325E-17	3.019653E-19
9.009941E+03	1.104067E-17	3.021411E-19
9.010141E+03	1.104183E-17	3.021454E-19
9.010341E+03	1.103882E-17	3.020355E-19
9.010541E+03	1.103894E-17	3.020114E-19
9.010741E+03	1.103905E-17	3.019870E-19
9.010941E+03	1.103707E-17	3.019056E-19
9.011141E+03	1.103719E-17	3.018815E-19
9.011341E+03	1.103000E-17	3.016573E-19
9.011541E+03	1.101757E-17	3.012900E-19
9.011741E+03	1.101246E-17	3.011231E-19
9.011941E+03	1.101571E-17	3.011847E-19
9.012141E+03	1.101791E-17	3.012176E-19
9.012341E+03	1.101803E-17	3.011935E-19
9.012541E+03	1.101919E-17	3.011979E-19
9.012741E+03	1.101826E-17	3.011451E-19
9.012941E+03	1.100897E-17	3.008640E-19
9.013141E+03	1.100177E-17	3.006398E-19
9.013342E+03	1.100293E-17	3.006441E-19
9.013542E+03	1.100305E-17	3.006201E-19
9.013742E+03	1.100525E-17	3.006529E-19
9.013942E+03	1.101268E-17	3.008288E-19
9.014142E+03	1.101593E-17	3.008903E-19
9.014342E+03	1.101604E-17	3.008660E-19
9.014542E+03	1.101511E-17	3.008133E-19
9.014742E+03	1.101314E-17	3.007322E-19
9.014942E+03	1.101011E-17	3.006224E-19
9.015142E+03	1.101023E-17	3.005984E-19
9.015342E+03	1.101243E-17	3.006312E-19
9.015542E+03	1.101777E-17	3.007498E-19
9.015742E+03	1.102938E-17	3.010393E-19
9.015942E+03	1.103994E-17	3.013004E-19
9.016142E+03	1.104214E-17	3.013331E-19
9.016342E+03	1.103912E-17	3.012233E-19
9.016542E+03	1.103506E-17	3.010852E-19
9.016742E+03	1.103518E-17	3.010611E-19
9.016942E+03	1.103529E-17	3.010368E-19
9.017142E+03	1.103540E-17	3.010128E-19
9.017342E+03	1.103238E-17	3.009031E-19
9.017542E+03	1.103145E-17	3.008504E-19
9.017742E+03	1.103470E-17	3.009118E-19
9.017942E+03	1.104108E-17	3.010586E-19
9.018142E+03	1.104433E-17	3.011200E-19
9.018343E+03	1.103713E-17	3.008961E-19
9.018543E+03	1.102783E-17	3.006154E-19
9.018743E+03	1.102482E-17	3.005061E-19
9.018943E+03	1.102911E-17	3.005959E-19
9.019142E+03	1.103862E-17	3.008281E-19
9.019343E+03	1.105233E-17	3.011742E-19
9.019542E+03	1.106289E-17	3.014349E-19
9.019743E+03	1.107346E-17	3.016954E-19
9.019942E+03	1.108611E-17	3.020130E-19
9.020142E+03	1.109668E-17	3.022734E-19
9.020342E+03	1.110724E-17	3.025338E-19
9.020542E+03	1.111677E-17	3.027658E-19
9.020742E+03	1.112419E-17	3.029406E-19
9.020942E+03	1.113790E-17	3.032864E-19
9.021142E+03	1.115577E-17	3.037457E-19
9.021342E+03	1.116739E-17	3.040344E-19
9.021542E+03	1.116751E-17	3.040102E-19
9.021742E+03	1.116867E-17	3.040142E-19
9.021942E+03	1.116877E-17	3.039897E-19
9.022142E+03	1.116367E-17	3.038232E-19
9.022342E+03	1.116483E-17	3.038273E-19
9.022542E+03	1.116494E-17	3.038028E-19
9.022742E+03	1.116715E-17	3.038354E-19
9.022942E+03	1.117667E-17	3.040670E-19
9.023143E+03	1.118305E-17	3.042130E-19
9.023343E+03	1.118421E-17	3.042170E-19
9.023543E+03	1.118015E-17	3.040789E-19
9.023743E+03	1.117712E-17	3.039692E-19
9.023943E+03	1.118559E-17	3.041721E-19
9.024143E+03	1.119303E-17	3.043467E-19
9.024343E+03	1.119733E-17	3.044361E-19
9.024543E+03	1.120371E-17	3.045821E-19
9.024743E+03	1.121010E-17	3.047283E-19
9.024943E+03	1.121230E-17	3.047606E-19
9.025143E+03	1.120719E-17	3.045943E-19
9.025343E+03	1.120521E-17	3.045129E-19
9.025543E+03	1.120951E-17	3.046022E-19
9.025743E+03	1.121171E-17	3.046344E-19
9.025943E+03	1.120660E-17	3.044680E-19
9.026143E+03	1.119939E-17	3.042447E-19
9.026343E+03	1.119951E-17	3.042204E-19
9.026543E+03	1.120381E-17	3.043098E-19
9.026743E+03	1.120497E-17	3.043137E-19
9.026943E+03	1.120194E-17	3.042041E-19
9.027143E+03	1.119892E-17	3.040946E-19
9.027343E+03	1.119066E-17	3.038430E-19
9.027543E+03	1.117928E-17	3.035064E-19
9.027743E+03	1.117834E-17	3.034537E-19
9.027943E+03	1.119101E-17	3.037700E-19
9.028144E+03	1.120053E-17	3.040009E-19
9.028344E+03	1.119960E-17	3.039482E-19
9.028544E+03	1.119343E-17	3.037534E-19
9.028744E+03	1.119459E-17	3.037574E-19
9.028944E+03	1.120411E-17	3.039884E-19
9.029144E+03	1.121154E-17	3.041626E-19
9.029344E+03	1.121584E-17	3.042518E-19
9.029544E+03	1.122328E-17	3.044259E-19
9.029744E+03	1.122758E-17	3.045150E-19
9.029944E+03	1.122455E-17	3.044056E-19
9.030144E+03	1.122048E-17	3.042676E-19
9.030344E+03	1.121641E-17	3.041300E-19
9.030544E+03	1.121443E-17	3.040488E-19
9.030744E+03	1.121559E-17	3.040528E-19
9.030944E+03	1.121466E-17	3.040001E-19
9.031144E+03	1.121581E-17	3.040041E-19
9.031344E+03	1.121279E-17	3.038947E-19
9.031544E+03	1.120348E-17	3.036151E-19
9.031744E+03	1.120151E-17	3.035343E-19
9.031943E+03	1.120685E-17	3.036518E-19
9.032144E+03	1.120905E-17	3.036838E-19
9.032344E+03	1.121126E-17	3.037163E-19
9.032543E+03	1.121451E-17	3.037771E-19
9.032744E+03	1.120834E-17	3.035826E-19
9.032944E+03	1.119800E-17	3.032750E-19
9.033145E+03	1.119497E-17	3.031657E-19
9.033344E+03	1.119613E-17	3.031699E-19
9.033544E+03	1.119206E-17	3.030323E-19
9.033744E+03	1.119008E-17	3.029513E-19
9.033944E+03	1.119437E-17	3.030404E-19
9.034144E+03	1.119867E-17	3.031295E-19
9.034344E+03	1.119773E-17	3.030767E-19
9.034544E+03	1.119576E-17	3.029960E-19
9.034744E+03	1.119901E-17	3.030566E-19
9.034944E+03	1.120540E-17	3.032023E-19
9.035144E+03	1.120446E-17	3.031495E-19
9.035344E+03	1.119829E-17	3.029554E-19
9.035544E+03	1.119422E-17	3.028179E-19
9.035744E+03	1.119015E-17	3.026808E-19
9.035944E+03	1.119130E-17	3.026846E-19
9.036144E+03	1.120187E-17	3.029432E-19
9.036344E+03	1.120931E-17	3.031172E-19
9.036544E+03	1.120838E-17	3.030647E-19
9.036744E+03	1.120954E-17	3.030688E-19
9.036944E+03	1.120546E-17	3.029314E-19
9.037144E+03	1.119930E-17	3.027375E-19
9.037344E+03	1.120150E-17	3.027697E-19
9.037544E+03	1.120684E-17	3.028868E-19
9.037744E+03	1.121218E-17	3.030038E-19
9.037945E+03	1.121544E-17	3.030645E-19
9.038145E+03	1.120613E-17	3.027858E-19
9.038345E+03	1.119683E-17	3.025072E-19
9.038545E+03	1.119066E-17	3.023135E-19
9.038745E+03	1.118345E-17	3.020915E-19
9.038945E+03	1.117623E-17	3.018694E-19
9.039145E+03	1.117425E-17	3.017888E-19
9.039345E+03	1.117855E-17	3.018777E-19
9.039545E+03	1.118807E-17	3.021077E-19
9.039745E+03	1.120074E-17	3.024227E-19
9.039945E+03	1.121445E-17	3.027657E-19
9.040145E+03	1.122083E-17	3.029107E-19
9.040345E+03	1.122722E-17	3.030560E-19
9.040545E+03	1.123152E-17	3.031448E-19
9.040745E+03	1.122849E-17	3.030357E-19
9.040945E+03	1.122232E-17	3.028422E-19
9.041145E+03	1.122139E-17	3.027898E-19
9.041345E+03	1.122150E-17	3.027656E-19
9.041545E+03	1.122265E-17	3.027696E-19
9.041745E+03	1.122590E-17	3.028301E-19
9.041945E+03	1.122601E-17	3.028058E-19
9.042145E+03	1.122717E-17	3.028099E-19
9.042345E+03	1.123042E-17	3.028703E-19
9.042545E+03	1.122948E-17	3.028180E-19
9.042746E+03	1.122750E-17	3.027372E-19
9.042946E+03	1.123284E-17	3.028540E-19
9.043146E+03	1.124760E-17	3.032248E-19
9.043346E+03	1.125295E-17	3.033418E-19
9.043546E+03	1.125097E-17	3.032611E-19
9.043746E+03	1.124688E-17	3.031239E-19
9.043946E+03	1.124386E-17	3.030152E-19
9.044146E+03	1.125129E-17	3.031883E-19
9.044346E+03	1.126396E-17	3.035025E-19
9.044546E+03	1.126931E-17	3.036194E-19
9.044746E+03	1.127465E-17	3.037360E-19
9.044945E+03	1.127998E-17	3.038528E-19
9.045146E+03	1.128219E-17	3.038849E-19
9.045345E+03	1.128230E-17	3.038607E-19
9.045546E+03	1.128346E-17	3.038645E-19
9.045746E+03	1.128984E-17	3.040093E-19
9.045945E+03	1.130146E-17	3.042951E-19
9.046145E+03	1.131309E-17	3.045810E-19
9.046345E+03	1.132052E-17	3.047537E-19
9.046545E+03	1.132064E-17	3.047295E-19
9.046745E+03	1.131761E-17	3.046206E-19
9.046945E+03	1.131248E-17	3.044555E-19
9.047145E+03	1.131259E-17	3.044311E-19
9.047345E+03	1.131585E-17	3.044915E-19
9.047545E+03	1.131490E-17	3.044389E-19
9.047746E+03	1.131292E-17	3.043582E-19
9.047946E+03	1.131513E-17	3.043903E-19
9.048146E+03	1.131629E-17	3.043942E-19
9.048346E+03	1.131534E-17	3.043417E-19
9.048546E+03	1.131860E-17	3.044021E-19
9.048746E+03	1.131662E-17	3.043215E-19
9.048946E+03	1.130625E-17	3.040156E-19
9.049146E+03	1.129799E-17	3.037662E-19
9.049346E+03	1.128972E-17	3.035169E-19
9.049546E+03	1.128146E-17	3.032676E-19
9.049746E+03	1.127843E-17	3.031590E-19
9.049946E+03	1.127854E-17	3.031351E-19
9.050346E+03	1.127457E-17	3.029741E-19
9.050546E+03	1.127258E-17	3.028938E-19
9.051346E+03	1.127407E-17	3.028256E-19
9.051546E+03	1.127104E-17	3.027171E-19
9.051946E+03	1.126811E-17	3.025845E-19
9.052146E+03	1.127136E-17	3.026447E-19
9.052346E+03	1.127461E-17	3.027049E-19
9.052547E+03	1.127367E-17	3.026527E-19
9.052747E+03	1.126750E-17	3.024600E-19
9.052947E+03	1.126342E-17	3.023234E-19
9.053147E+03	1.125829E-17	3.021589E-19
9.053347E+03	1.125840E-17	3.021349E-19
9.053547E+03	1.126584E-17	3.023075E-19
9.053747E+03	1.126909E-17	3.023677E-19
9.053947E+03	1.126814E-17	3.023155E-19
9.054147E+03	1.126826E-17	3.022917E-19
9.054347E+03	1.127465E-17	3.024361E-19
9.054547E+03	1.128209E-17	3.026086E-19
9.054747E+03	1.128323E-17	3.026124E-19
9.054947E+03	1.128230E-17	3.025605E-19
9.055147E+03	1.128136E-17	3.025082E-19
9.055347E+03	1.128146E-17	3.024842E-19
9.055547E+03	1.128157E-17	3.024601E-19
9.055747E+03	1.128064E-17	3.024082E-19
9.055947E+03	1.127969E-17	3.023560E-19
9.056147E+03	1.127876E-17	3.023041E-19
9.056347E+03	1.127887E-17	3.022800E-19
9.056547E+03	1.128001E-17	3.022839E-19
9.056747E+03	1.128012E-17	3.022599E-19
9.056947E+03	1.128128E-17	3.022640E-19
9.057147E+03	1.128558E-17	3.023522E-19
9.057347E+03	1.129301E-17	3.025246E-19
9.057548E+03	1.129731E-17	3.026126E-19
9.057747E+03	1.129742E-17	3.025887E-19
9.057948E+03	1.129124E-17	3.023964E-19
9.058147E+03	1.128507E-17	3.022043E-19
9.058347E+03	1.128518E-17	3.021803E-19
9.058548E+03	1.128737E-17	3.022122E-19
9.058747E+03	1.128748E-17	3.021883E-19
9.058948E+03	1.128654E-17	3.021361E-19
9.059147E+03	1.129188E-17	3.022525E-19
9.059347E+03	1.130246E-17	3.025088E-19
9.059547E+03	1.130990E-17	3.026810E-19
9.059747E+03	1.131734E-17	3.028531E-19
9.059947E+03	1.132687E-17	3.030814E-19
9.060147E+03	1.133745E-17	3.033375E-19
9.060347E+03	1.134699E-17	3.035657E-19
9.060547E+03	1.135128E-17	3.036537E-19
9.060747E+03	1.134091E-17	3.033493E-19
9.060947E+03	1.132636E-17	3.029332E-19
9.061147E+03	1.132018E-17	3.027412E-19
9.061347E+03	1.131610E-17	3.026052E-19
9.061547E+03	1.131097E-17	3.024411E-19
9.061747E+03	1.130269E-17	3.021931E-19
9.061947E+03	1.129862E-17	3.020574E-19
9.062147E+03	1.129977E-17	3.020613E-19
9.062348E+03	1.130092E-17	3.020653E-19
9.062548E+03	1.130103E-17	3.020414E-19
9.062748E+03	1.129800E-17	3.019336E-19
9.062948E+03	1.129600E-17	3.018536E-19
9.063148E+03	1.129821E-17	3.018858E-19
9.063348E+03	1.129622E-17	3.018058E-19
9.063548E+03	1.129004E-17	3.016142E-19
9.063748E+03	1.129119E-17	3.016181E-19
9.063948E+03	1.129235E-17	3.016224E-19
9.064148E+03	1.128616E-17	3.014305E-19
9.064348E+03	1.128208E-17	3.012948E-19
9.064548E+03	1.127905E-17	3.011872E-19
9.064748E+03	1.127078E-17	3.009396E-19
9.064948E+03	1.126250E-17	3.006922E-19
9.065148E+03	1.125946E-17	3.005843E-19
9.065348E+03	1.125852E-17	3.005326E-19
9.065548E+03	1.125757E-17	3.004809E-19
9.065748E+03	1.125768E-17	3.004572E-19
9.065948E+03	1.125360E-17	3.003216E-19
9.066148E+03	1.124951E-17	3.001862E-19
9.066348E+03	1.124962E-17	3.001625E-19
9.066548E+03	1.125077E-17	3.001666E-19
9.066748E+03	1.124878E-17	3.000869E-19
9.066948E+03	1.124260E-17	2.998958E-19
9.067149E+03	1.124061E-17	2.998160E-19
9.067349E+03	1.124596E-17	2.999321E-19
9.067549E+03	1.124920E-17	2.999922E-19
9.067749E+03	1.124931E-17	2.999686E-19
9.067949E+03	1.124941E-17	2.999447E-19
9.068149E+03	1.125265E-17	3.000048E-19
9.068349E+03	1.126429E-17	3.002885E-19
9.068549E+03	1.127696E-17	3.005999E-19
9.068749E+03	1.128440E-17	3.007716E-19
9.068949E+03	1.129184E-17	3.009435E-19
9.069149E+03	1.129718E-17	3.010592E-19
9.069349E+03	1.130463E-17	3.012311E-19
9.069549E+03	1.130787E-17	3.012910E-19
9.069749E+03	1.129645E-17	3.009602E-19
9.069949E+03	1.129237E-17	3.008249E-19
9.070149E+03	1.130399E-17	3.011081E-19
9.070349E+03	1.131982E-17	3.015030E-19
9.070549E+03	1.134087E-17	3.020372E-19
9.070748E+03	1.135460E-17	3.023765E-19
9.070949E+03	1.135680E-17	3.024082E-19
9.071148E+03	1.135900E-17	3.024402E-19
9.071349E+03	1.137063E-17	3.027232E-19
9.071549E+03	1.138121E-17	3.029784E-19
9.071748E+03	1.138027E-17	3.029267E-19
9.071949E+03	1.138038E-17	3.029028E-19
9.072149E+03	1.138572E-17	3.030184E-19
9.072349E+03	1.139002E-17	3.031061E-19
9.072549E+03	1.139221E-17	3.031379E-19
9.072749E+03	1.139547E-17	3.031979E-19
9.072949E+03	1.139871E-17	3.032576E-19
9.073149E+03	1.140406E-17	3.033731E-19
9.073349E+03	1.140626E-17	3.034049E-19
9.073549E+03	1.140531E-17	3.033531E-19
9.073749E+03	1.140333E-17	3.032738E-19
9.073949E+03	1.139819E-17	3.031104E-19
9.074149E+03	1.139096E-17	3.028917E-19
9.074349E+03	1.138478E-17	3.027008E-19
9.074549E+03	1.138069E-17	3.025654E-19
9.074749E+03	1.137765E-17	3.024582E-19
9.074949E+03	1.137880E-17	3.024622E-19
9.075149E+03	1.137891E-17	3.024385E-19
9.075349E+03	1.138425E-17	3.025540E-19
9.075549E+03	1.138960E-17	3.026695E-19
9.075749E+03	1.138236E-17	3.024508E-19
9.075949E+03	1.137408E-17	3.022043E-19
9.076149E+03	1.137524E-17	3.022085E-19
9.076349E+03	1.137638E-17	3.022125E-19
9.076549E+03	1.137230E-17	3.020776E-19
9.076749E+03	1.136611E-17	3.018866E-19
9.076950E+03	1.136308E-17	3.017795E-19
9.077150E+03	1.135689E-17	3.015889E-19
9.077350E+03	1.134756E-17	3.013148E-19
9.077550E+03	1.134242E-17	3.011519E-19
9.077750E+03	1.133939E-17	3.010450E-19
9.077950E+03	1.133424E-17	3.008821E-19
9.078150E+03	1.132911E-17	3.007196E-19
9.078350E+03	1.132921E-17	3.006959E-19
9.078550E+03	1.133245E-17	3.007557E-19
9.078750E+03	1.133885E-17	3.008991E-19
9.078950E+03	1.134000E-17	3.009035E-19
9.079150E+03	1.133906E-17	3.008522E-19
9.079350E+03	1.134336E-17	3.009398E-19
9.079550E+03	1.134555E-17	3.009718E-19
9.079750E+03	1.134251E-17	3.008648E-19
9.079950E+03	1.134575E-17	3.009246E-19
9.080150E+03	1.135110E-17	3.010401E-19
9.080350E+03	1.135225E-17	3.010445E-19
9.080550E+03	1.135865E-17	3.011878E-19
9.080750E+03	1.136608E-17	3.013586E-19
9.080950E+03	1.136514E-17	3.013073E-19
9.081150E+03	1.136419E-17	3.012560E-19
9.081350E+03	1.136639E-17	3.012879E-19
9.081550E+03	1.136335E-17	3.011810E-19
9.081750E+03	1.136135E-17	3.011019E-19
9.081951E+03	1.136146E-17	3.010784E-19
9.082151E+03	1.136157E-17	3.010550E-19
9.082351E+03	1.136586E-17	3.011425E-19
9.082551E+03	1.137329E-17	3.013133E-19
9.082751E+03	1.137550E-17	3.013454E-19
9.082951E+03	1.137560E-17	3.013220E-19
9.083151E+03	1.136941E-17	3.011318E-19
9.083351E+03	1.136217E-17	3.009138E-19
9.083551E+03	1.135809E-17	3.007795E-19
9.083751E+03	1.135714E-17	3.007281E-19
9.083951E+03	1.135934E-17	3.007603E-19
9.084150E+03	1.135839E-17	3.007091E-19
9.084351E+03	1.135954E-17	3.007134E-19
9.084550E+03	1.135860E-17	3.006624E-19
9.084751E+03	1.135660E-17	3.005832E-19
9.084950E+03	1.135880E-17	3.006155E-19
9.085150E+03	1.135786E-17	3.005645E-19
9.085350E+03	1.136320E-17	3.006798E-19
9.085550E+03	1.136225E-17	3.006284E-19
9.085750E+03	1.135502E-17	3.004110E-19
9.085950E+03	1.135301E-17	3.003320E-19
9.086150E+03	1.135102E-17	3.002532E-19
9.086350E+03	1.135008E-17	3.002022E-19
9.086550E+03	1.135017E-17	3.001787E-19
9.086751E+03	1.135238E-17	3.002108E-19
9.086951E+03	1.135562E-17	3.002706E-19
9.087151E+03	1.135573E-17	3.002474E-19
9.087351E+03	1.135372E-17	3.001684E-19
9.087551E+03	1.135173E-17	3.000897E-19
9.087751E+03	1.134974E-17	3.000110E-19
9.087951E+03	1.134773E-17	2.999321E-19
9.088151E+03	1.134679E-17	2.998812E-19
9.088351E+03	1.134794E-17	2.998855E-19
9.088551E+03	1.134699E-17	2.998346E-19
9.088751E+03	1.134290E-17	2.997005E-19
9.088951E+03	1.134195E-17	2.996494E-19
9.089151E+03	1.134625E-17	2.997372E-19
9.089351E+03	1.133796E-17	2.994923E-19
9.089551E+03	1.132442E-17	2.991088E-19
9.089751E+03	1.131719E-17	2.988920E-19
9.089951E+03	1.131204E-17	2.987301E-19
9.090151E+03	1.131005E-17	2.986517E-19
9.090351E+03	1.131434E-17	2.987393E-19
9.090551E+03	1.131864E-17	2.988269E-19
9.090751E+03	1.132398E-17	2.989421E-19
9.090951E+03	1.132932E-17	2.990574E-19
9.091151E+03	1.133152E-17	2.990895E-19
9.091351E+03	1.134001E-17	2.992878E-19
9.091551E+03	1.135270E-17	2.995969E-19
9.091752E+03	1.135909E-17	2.997396E-19
9.091952E+03	1.135814E-17	2.996886E-19
9.092152E+03	1.135195E-17	2.994994E-19
9.092352E+03	1.134681E-17	2.993380E-19
9.092552E+03	1.134166E-17	2.991766E-19
9.092752E+03	1.134176E-17	2.991533E-19
9.092952E+03	1.134815E-17	2.992961E-19
9.093152E+03	1.134721E-17	2.992455E-19
9.093352E+03	1.134206E-17	2.990839E-19
9.093552E+03	1.133587E-17	2.988949E-19
9.093752E+03	1.133282E-17	2.987890E-19
9.093952E+03	1.133607E-17	2.988488E-19
9.094152E+03	1.133721E-17	2.988533E-19
9.094352E+03	1.133522E-17	2.987750E-19
9.094552E+03	1.133427E-17	2.987242E-19
9.094752E+03	1.133646E-17	2.987564E-19
9.094952E+03	1.133867E-17	2.987888E-19
9.095152E+03	1.133981E-17	2.987933E-19
9.095352E+03	1.133467E-17	2.986322E-19
9.095552E+03	1.132532E-17	2.983603E-19
9.095752E+03	1.132228E-17	2.982545E-19
9.095952E+03	1.131922E-17	2.981485E-19
9.096152E+03	1.131513E-17	2.980151E-19
9.096352E+03	1.131523E-17	2.979921E-19
9.096552E+03	1.131847E-17	2.980520E-19
9.096753E+03	1.132173E-17	2.981120E-19
9.096952E+03	1.132917E-17	2.982825E-19
9.097153E+03	1.133346E-17	2.983698E-19
9.097353E+03	1.133146E-17	2.982915E-19
9.097552E+03	1.133365E-17	2.983238E-19
9.097753E+03	1.134006E-17	2.984667E-19
9.097952E+03	1.135063E-17	2.987197E-19
9.098152E+03	1.135704E-17	2.988626E-19
9.098352E+03	1.135818E-17	2.988671E-19
9.098552E+03	1.136248E-17	2.989545E-19
9.098752E+03	1.136992E-17	2.991247E-19
9.098952E+03	1.137421E-17	2.992121E-19
9.099152E+03	1.137746E-17	2.992721E-19
9.099352E+03	1.138281E-17	2.993870E-19
9.099552E+03	1.139759E-17	2.997503E-19
9.099752E+03	1.140608E-17	2.999480E-19
9.099952E+03	1.140513E-17	2.998973E-19
9.100152E+03	1.140419E-17	2.998468E-19
9.100352E+03	1.140428E-17	2.998238E-19
9.100552E+03	1.141172E-17	2.999938E-19
9.100752E+03	1.140867E-17	2.998879E-19
9.100952E+03	1.140877E-17	2.998651E-19
9.101152E+03	1.141622E-17	3.000351E-19
9.101352E+03	1.141946E-17	3.000948E-19
9.101553E+03	1.142901E-17	3.003200E-19
9.101753E+03	1.144484E-17	3.007105E-19
9.101953E+03	1.145858E-17	3.010457E-19
9.102153E+03	1.146602E-17	3.012156E-19
9.102353E+03	1.145878E-17	3.009997E-19
9.102553E+03	1.144733E-17	3.006734E-19
9.102753E+03	1.144428E-17	3.005677E-19
9.102953E+03	1.144544E-17	3.005724E-19
9.103153E+03	1.144448E-17	3.005218E-19
9.103353E+03	1.144038E-17	3.003885E-19
9.103553E+03	1.143839E-17	3.003106E-19
9.103753E+03	1.144478E-17	3.004529E-19
9.103953E+03	1.145432E-17	3.006778E-19
9.104153E+03	1.145127E-17	3.005724E-19
9.104553E+03	1.144202E-17	3.002785E-19
9.104753E+03	1.144212E-17	3.002555E-19
9.104953E+03	1.145061E-17	3.004530E-19
9.105153E+03	1.145806E-17	3.006227E-19
9.105353E+03	1.146550E-17	3.007924E-19
9.105553E+03	1.147085E-17	3.009073E-19
9.105753E+03	1.146779E-17	3.008017E-19
9.105953E+03	1.145740E-17	3.005035E-19
9.106153E+03	1.145329E-17	3.003705E-19
9.106354E+03	1.145025E-17	3.002651E-19
9.106554E+03	1.144615E-17	3.001321E-19
9.106754E+03	1.144939E-17	3.001917E-19
9.106954E+03	1.145894E-17	3.004166E-19
9.107154E+03	1.146218E-17	3.004762E-19
9.107354E+03	1.145388E-17	3.002333E-19
9.107554E+03	1.144664E-17	3.000178E-19
9.107754E+03	1.144673E-17	2.999950E-19
9.107954E+03	1.144369E-17	2.998899E-19
9.108154E+03	1.143223E-17	2.995643E-19
9.108354E+03	1.142604E-17	2.993768E-19
9.108554E+03	1.142823E-17	2.994090E-19
9.108754E+03	1.143358E-17	2.995236E-19
9.108954E+03	1.143472E-17	2.995283E-19
9.109154E+03	1.143483E-17	2.995058E-19
9.109354E+03	1.143597E-17	2.995105E-19
9.109553E+03	1.143606E-17	2.994879E-19
9.109754E+03	1.143931E-17	2.995474E-19
9.109953E+03	1.144466E-17	2.996624E-19
9.110154E+03	1.144370E-17	2.996120E-19
9.110353E+03	1.143960E-17	2.994795E-19
9.110553E+03	1.143865E-17	2.994293E-19
9.110754E+03	1.143560E-17	2.993241E-19
9.110953E+03	1.142520E-17	2.990269E-19
9.111153E+03	1.141479E-17	2.987294E-19
9.111354E+03	1.141384E-17	2.986792E-19
9.111554E+03	1.141709E-17	2.987391E-19
9.111754E+03	1.142138E-17	2.988263E-19
9.111954E+03	1.142567E-17	2.989135E-19
9.112154E+03	1.142157E-17	2.987811E-19
9.112354E+03	1.141432E-17	2.985663E-19
9.112554E+03	1.140917E-17	2.984065E-19
9.112754E+03	1.140192E-17	2.981919E-19
9.112954E+03	1.140622E-17	2.982791E-19
9.113154E+03	1.141575E-17	2.985034E-19
9.113354E+03	1.141901E-17	2.985634E-19
9.113554E+03	1.142330E-17	2.986506E-19
9.113754E+03	1.142654E-17	2.987103E-19
9.113954E+03	1.142454E-17	2.986329E-19
9.114154E+03	1.141729E-17	2.984184E-19
9.114354E+03	1.140373E-17	2.980392E-19
9.114554E+03	1.139544E-17	2.977974E-19
9.114754E+03	1.140183E-17	2.979394E-19
9.114954E+03	1.141767E-17	2.983284E-19
9.115154E+03	1.142617E-17	2.985255E-19
9.115354E+03	1.142205E-17	2.983931E-19
9.115554E+03	1.141690E-17	2.982336E-19
9.115754E+03	1.140440E-17	2.978820E-19
9.115954E+03	1.139505E-17	2.976130E-19
9.116155E+03	1.139725E-17	2.976453E-19
9.116355E+03	1.141099E-17	2.979793E-19
9.116555E+03	1.142578E-17	2.983407E-19
9.116755E+03	1.143848E-17	2.986472E-19
9.116955E+03	1.144591E-17	2.988165E-19
9.117155E+03	1.144496E-17	2.987666E-19
9.117355E+03	1.144401E-17	2.987168E-19
9.117555E+03	1.144726E-17	2.987768E-19
9.117755E+03	1.145365E-17	2.989186E-19
9.117955E+03	1.145900E-17	2.990334E-19
9.118155E+03	1.145909E-17	2.990109E-19
9.118355E+03	1.145603E-17	2.989061E-19
9.118555E+03	1.145612E-17	2.988837E-19
9.118755E+03	1.145938E-17	2.989437E-19
9.118955E+03	1.146052E-17	2.989486E-19
9.119155E+03	1.145536E-17	2.987892E-19
9.119355E+03	1.144916E-17	2.986026E-19
9.119555E+03	1.145240E-17	2.986623E-19
9.119755E+03	1.145670E-17	2.987497E-19
9.119955E+03	1.145154E-17	2.985903E-19
9.120155E+03	1.145164E-17	2.985680E-19
9.120355E+03	1.146433E-17	2.988741E-19
9.120555E+03	1.147388E-17	2.990981E-19
9.120755E+03	1.147502E-17	2.991031E-19
9.120955E+03	1.147721E-17	2.991355E-19
9.121156E+03	1.148571E-17	2.993320E-19
9.121356E+03	1.149106E-17	2.994466E-19
9.121556E+03	1.149116E-17	2.994242E-19
9.121756E+03	1.148180E-17	2.991557E-19
9.121956E+03	1.147769E-17	2.990237E-19
9.122156E+03	1.147149E-17	2.988375E-19
9.122356E+03	1.145897E-17	2.984868E-19
9.122556E+03	1.145487E-17	2.983553E-19
9.122755E+03	1.146442E-17	2.985794E-19
9.122956E+03	1.146346E-17	2.985297E-19
9.123156E+03	1.145516E-17	2.982887E-19
9.123355E+03	1.145210E-17	2.981844E-19
9.123556E+03	1.145219E-17	2.981621E-19
9.123755E+03	1.145648E-17	2.982493E-19
9.123955E+03	1.145763E-17	2.982548E-19
9.124155E+03	1.145352E-17	2.981231E-19
9.124355E+03	1.145152E-17	2.980464E-19
9.124555E+03	1.145581E-17	2.981335E-19
9.124755E+03	1.145800E-17	2.981659E-19
9.124955E+03	1.145074E-17	2.979525E-19
9.125155E+03	1.144664E-17	2.978213E-19
9.125355E+03	1.144779E-17	2.978265E-19
9.125555E+03	1.145103E-17	2.978863E-19
9.125755E+03	1.145112E-17	2.978642E-19
9.125956E+03	1.144911E-17	2.977872E-19
9.126156E+03	1.145025E-17	2.977925E-19
9.126356E+03	1.145455E-17	2.978798E-19
9.126556E+03	1.145675E-17	2.979123E-19
9.126756E+03	1.145579E-17	2.978630E-19
9.126956E+03	1.145483E-17	2.978135E-19
9.127156E+03	1.145492E-17	2.977915E-19
9.127356E+03	1.145081E-17	2.976602E-19
9.127556E+03	1.144250E-17	2.974198E-19
9.127756E+03	1.143630E-17	2.972341E-19
9.127956E+03	1.143639E-17	2.972121E-19
9.128156E+03	1.144698E-17	2.974631E-19
9.128356E+03	1.145443E-17	2.976322E-19
9.128556E+03	1.145453E-17	2.976103E-19
9.128756E+03	1.144832E-17	2.974246E-19
9.128956E+03	1.144421E-17	2.972935E-19
9.129156E+03	1.144535E-17	2.972988E-19
9.129356E+03	1.144334E-17	2.972222E-19
9.129556E+03	1.144028E-17	2.971186E-19
9.129756E+03	1.144772E-17	2.972875E-19
9.129956E+03	1.145307E-17	2.974021E-19
9.130156E+03	1.145631E-17	2.974619E-19
9.130356E+03	1.146271E-17	2.976037E-19
9.130556E+03	1.146911E-17	2.977455E-19
9.130756E+03	1.147970E-17	2.979962E-19
9.130957E+03	1.147454E-17	2.978378E-19
9.131157E+03	1.146833E-17	2.976524E-19
9.131357E+03	1.146843E-17	2.976306E-19
9.131557E+03	1.146116E-17	2.974177E-19
9.131757E+03	1.145811E-17	2.973143E-19
9.131957E+03	1.146030E-17	2.973470E-19
9.132157E+03	1.146879E-17	2.975431E-19
9.132357E+03	1.147413E-17	2.976574E-19
9.132557E+03	1.147213E-17	2.975812E-19
9.132757E+03	1.147432E-17	2.976139E-19
9.132957E+03	1.148177E-17	2.977828E-19
9.133157E+03	1.148606E-17	2.978699E-19
9.133357E+03	1.148720E-17	2.978753E-19
9.133557E+03	1.148414E-17	2.977717E-19
9.133757E+03	1.147372E-17	2.974775E-19
9.133957E+03	1.146542E-17	2.972380E-19
9.134157E+03	1.146236E-17	2.971346E-19
9.134357E+03	1.146980E-17	2.973035E-19
9.134557E+03	1.148039E-17	2.975539E-19
9.134757E+03	1.148259E-17	2.975866E-19
9.134957E+03	1.148793E-17	2.977011E-19
9.135157E+03	1.150063E-17	2.980061E-19
9.135357E+03	1.150703E-17	2.981477E-19
9.135557E+03	1.152078E-17	2.984798E-19
9.135757E+03	1.153453E-17	2.988118E-19
9.135958E+03	1.154197E-17	2.989804E-19
9.136157E+03	1.154312E-17	2.989859E-19
9.136358E+03	1.153481E-17	2.987465E-19
9.136558E+03	1.153070E-17	2.986159E-19
9.136757E+03	1.153709E-17	2.987573E-19
9.136957E+03	1.154874E-17	2.990349E-19
9.137157E+03	1.155829E-17	2.992581E-19
9.137357E+03	1.156258E-17	2.993450E-19
9.137557E+03	1.157004E-17	2.995138E-19
9.137757E+03	1.158063E-17	2.997639E-19
9.137957E+03	1.158493E-17	2.998510E-19
9.138157E+03	1.158186E-17	2.997476E-19
9.138357E+03	1.158406E-17	2.997802E-19
9.138557E+03	1.159150E-17	2.999487E-19
9.138757E+03	1.159685E-17	3.000629E-19
9.138957E+03	1.159379E-17	2.999596E-19
9.139157E+03	1.159072E-17	2.998562E-19
9.139357E+03	1.159082E-17	2.998346E-19
9.139557E+03	1.158986E-17	2.997858E-19
9.139757E+03	1.158995E-17	2.997639E-19
9.139957E+03	1.159320E-17	2.998239E-19
9.140157E+03	1.158909E-17	2.996935E-19
9.140357E+03	1.158287E-17	2.995087E-19
9.140557E+03	1.157876E-17	2.993784E-19
9.140758E+03	1.157360E-17	2.992209E-19
9.140958E+03	1.157263E-17	2.991719E-19
9.141158E+03	1.156852E-17	2.990417E-19
9.141358E+03	1.156230E-17	2.988570E-19
9.141558E+03	1.155714E-17	2.986998E-19
9.141758E+03	1.155513E-17	2.986238E-19
9.141958E+03	1.154997E-17	2.984666E-19
9.142158E+03	1.154690E-17	2.983634E-19
9.142358E+03	1.154384E-17	2.982604E-19
9.142558E+03	1.154288E-17	2.982120E-19
9.142758E+03	1.154402E-17	2.982177E-19
9.142958E+03	1.154622E-17	2.982505E-19
9.143158E+03	1.154525E-17	2.982018E-19
9.143358E+03	1.154639E-17	2.982075E-19
9.143558E+03	1.155384E-17	2.983760E-19
9.143758E+03	1.156339E-17	2.985989E-19
9.143958E+03	1.156453E-17	2.986046E-19
9.144158E+03	1.156041E-17	2.984744E-19
9.144358E+03	1.155525E-17	2.983175E-19
9.144558E+03	1.155324E-17	2.982418E-19
9.144758E+03	1.155438E-17	2.982475E-19
9.144958E+03	1.155342E-17	2.981989E-19
9.145158E+03	1.155351E-17	2.981776E-19
9.145358E+03	1.155359E-17	2.981561E-19
9.145559E+03	1.154948E-17	2.980263E-19
9.145759E+03	1.155799E-17	2.982220E-19
9.145959E+03	1.156753E-17	2.984445E-19
9.146159E+03	1.157078E-17	2.985047E-19
9.146359E+03	1.157611E-17	2.986187E-19
9.146559E+03	1.158672E-17	2.988687E-19
9.146759E+03	1.159627E-17	2.990911E-19
9.146959E+03	1.160897E-17	2.993952E-19
9.147159E+03	1.162168E-17	2.996992E-19
9.147359E+03	1.162387E-17	2.997320E-19
9.147559E+03	1.161975E-17	2.996020E-19
9.147759E+03	1.162089E-17	2.996078E-19
9.147959E+03	1.162203E-17	2.996135E-19
9.148159E+03	1.162002E-17	2.995380E-19
9.148359E+03	1.161591E-17	2.994084E-19
9.148558E+03	1.161390E-17	2.993330E-19
9.148758E+03	1.161924E-17	2.994471E-19
9.148959E+03	1.161933E-17	2.994256E-19
9.149158E+03	1.161206E-17	2.992149E-19
9.149359E+03	1.161005E-17	2.991393E-19
9.149558E+03	1.161539E-17	2.992536E-19
9.149758E+03	1.161863E-17	2.993135E-19
9.149958E+03	1.162293E-17	2.994006E-19
9.150158E+03	1.162301E-17	2.993792E-19
9.150358E+03	1.161470E-17	2.991416E-19
9.150559E+03	1.160742E-17	2.989305E-19
9.150759E+03	1.161067E-17	2.989907E-19
9.150959E+03	1.161917E-17	2.991862E-19
9.151159E+03	1.161821E-17	2.991378E-19
9.151359E+03	1.161304E-17	2.989813E-19
9.151559E+03	1.161312E-17	2.989600E-19
9.151759E+03	1.161637E-17	2.990202E-19
9.151959E+03	1.161225E-17	2.988907E-19
9.152159E+03	1.160814E-17	2.987615E-19
9.152359E+03	1.161243E-17	2.988485E-19
9.152559E+03	1.161568E-17	2.989087E-19
9.152759E+03	1.160629E-17	2.986439E-19
9.152959E+03	1.159587E-17	2.983524E-19
9.153159E+03	1.159281E-17	2.982503E-19
9.153359E+03	1.159394E-17	2.982561E-19
9.153559E+03	1.159193E-17	2.981810E-19
9.153759E+03	1.158781E-17	2.980518E-19
9.153959E+03	1.158475E-17	2.979498E-19
9.154159E+03	1.158378E-17	2.979017E-19
9.154359E+03	1.157652E-17	2.976917E-19
9.154559E+03	1.156924E-17	2.974814E-19
9.154759E+03	1.156723E-17	2.974065E-19
9.154959E+03	1.157362E-17	2.975477E-19
9.155159E+03	1.157476E-17	2.975539E-19
9.155360E+03	1.157485E-17	2.975328E-19
9.155560E+03	1.157809E-17	2.975929E-19
9.155760E+03	1.157187E-17	2.974100E-19
9.155960E+03	1.156985E-17	2.973352E-19
9.156160E+03	1.156889E-17	2.972873E-19
9.156360E+03	1.156582E-17	2.971853E-19
9.156560E+03	1.156170E-17	2.970564E-19
9.156760E+03	1.155968E-17	2.969816E-19
9.156960E+03	1.155661E-17	2.968797E-19
9.157160E+03	1.154829E-17	2.966429E-19
9.157360E+03	1.153786E-17	2.963520E-19
9.157560E+03	1.152953E-17	2.961153E-19
9.157760E+03	1.152016E-17	2.958517E-19
9.157960E+03	1.151393E-17	2.956689E-19
9.158160E+03	1.151928E-17	2.957833E-19
9.158360E+03	1.152883E-17	2.960057E-19
9.158560E+03	1.153102E-17	2.960390E-19
9.158760E+03	1.153637E-17	2.961534E-19
9.158960E+03	1.154487E-17	2.963488E-19
9.159160E+03	1.154915E-17	2.964360E-19
9.159360E+03	1.154503E-17	2.963074E-19
9.159560E+03	1.153776E-17	2.960979E-19
9.159760E+03	1.153995E-17	2.961313E-19
9.159960E+03	1.155056E-17	2.963807E-19
9.160161E+03	1.155800E-17	2.965487E-19
9.160361E+03	1.156545E-17	2.967171E-19
9.160561E+03	1.157185E-17	2.968583E-19
9.160761E+03	1.157088E-17	2.968108E-19
9.160961E+03	1.155834E-17	2.964664E-19
9.161161E+03	1.155317E-17	2.963111E-19
9.161361E+03	1.155537E-17	2.963445E-19
9.161560E+03	1.155545E-17	2.963241E-19
9.161761E+03	1.155028E-17	2.961687E-19
9.161960E+03	1.154826E-17	2.960943E-19
9.162160E+03	1.154624E-17	2.960200E-19
9.162361E+03	1.154528E-17	2.959725E-19
9.162560E+03	1.155167E-17	2.961138E-19
9.162760E+03	1.155702E-17	2.962282E-19
9.162960E+03	1.155184E-17	2.960729E-19
9.163160E+03	1.153721E-17	2.956752E-19
9.163360E+03	1.152572E-17	2.953582E-19
9.163560E+03	1.152791E-17	2.953918E-19
9.163760E+03	1.153430E-17	2.955331E-19
9.163960E+03	1.154175E-17	2.957015E-19
9.164160E+03	1.154289E-17	2.957080E-19
9.164360E+03	1.153981E-17	2.956067E-19
9.164560E+03	1.153674E-17	2.955056E-19
9.164760E+03	1.153473E-17	2.954315E-19
9.164960E+03	1.153376E-17	2.953843E-19
9.165161E+03	1.153280E-17	2.953370E-19
9.165361E+03	1.152973E-17	2.952360E-19
9.165561E+03	1.152875E-17	2.951886E-19
9.165761E+03	1.152463E-17	2.950607E-19
9.165961E+03	1.152156E-17	2.949597E-19
9.166161E+03	1.152270E-17	2.949665E-19
9.166361E+03	1.152488E-17	2.950000E-19
9.166561E+03	1.152813E-17	2.950608E-19
9.166761E+03	1.152926E-17	2.950674E-19
9.166961E+03	1.152724E-17	2.949933E-19
9.167161E+03	1.152628E-17	2.949463E-19
9.167361E+03	1.152425E-17	2.948722E-19
9.167561E+03	1.153066E-17	2.950138E-19
9.167761E+03	1.154231E-17	2.952896E-19
9.167961E+03	1.154029E-17	2.952156E-19
9.168161E+03	1.153827E-17	2.951418E-19
9.168361E+03	1.154045E-17	2.951753E-19
9.168561E+03	1.153949E-17	2.951284E-19
9.168761E+03	1.153852E-17	2.950815E-19
9.168961E+03	1.153861E-17	2.950614E-19
9.169161E+03	1.154500E-17	2.952026E-19
9.169361E+03	1.154719E-17	2.952364E-19
9.169561E+03	1.154096E-17	2.950550E-19
9.169761E+03	1.153789E-17	2.949543E-19
9.169962E+03	1.153482E-17	2.948536E-19
9.170162E+03	1.152964E-17	2.946991E-19
9.170362E+03	1.152025E-17	2.944370E-19
9.170562E+03	1.150772E-17	2.940945E-19
9.170762E+03	1.149517E-17	2.937519E-19
9.170962E+03	1.149105E-17	2.936246E-19
9.171162E+03	1.148797E-17	2.935239E-19
9.171362E+03	1.148385E-17	2.933967E-19
9.171562E+03	1.148288E-17	2.933498E-19
9.171762E+03	1.147455E-17	2.931150E-19
9.171962E+03	1.146621E-17	2.928803E-19
9.172162E+03	1.146419E-17	2.928068E-19
9.172362E+03	1.146532E-17	2.928138E-19
9.172562E+03	1.146646E-17	2.928211E-19
9.172762E+03	1.146549E-17	2.927744E-19
9.172962E+03	1.146347E-17	2.927009E-19
9.173162E+03	1.146461E-17	2.927083E-19
9.173362E+03	1.146469E-17	2.926886E-19
9.173562E+03	1.145950E-17	2.925344E-19
9.173762E+03	1.144802E-17	2.922194E-19
9.173962E+03	1.144073E-17	2.920118E-19
9.174162E+03	1.143766E-17	2.919117E-19
9.174362E+03	1.143353E-17	2.917847E-19
9.174561E+03	1.142941E-17	2.916578E-19
9.174762E+03	1.142633E-17	2.915577E-19
9.174962E+03	1.142957E-17	2.916187E-19
9.175163E+03	1.144018E-17	2.918675E-19
9.175362E+03	1.145078E-17	2.921165E-19
9.175562E+03	1.145296E-17	2.921505E-19
9.175762E+03	1.145515E-17	2.921848E-19
9.175962E+03	1.146260E-17	2.923532E-19
9.176162E+03	1.147110E-17	2.925483E-19
9.176362E+03	1.147855E-17	2.927167E-19
9.176562E+03	1.148599E-17	2.928848E-19
9.176762E+03	1.148924E-17	2.929460E-19
9.176962E+03	1.149037E-17	2.929532E-19
9.177162E+03	1.149571E-17	2.930679E-19
9.177362E+03	1.149580E-17	2.930484E-19
9.177562E+03	1.148851E-17	2.928412E-19
9.177762E+03	1.148754E-17	2.927948E-19
9.177962E+03	1.149288E-17	2.929094E-19
9.178162E+03	1.149507E-17	2.929437E-19
9.178362E+03	1.148989E-17	2.927900E-19
9.178562E+03	1.148366E-17	2.926099E-19
9.178762E+03	1.148373E-17	2.925903E-19
9.178962E+03	1.148066E-17	2.924906E-19
9.179162E+03	1.147653E-17	2.923639E-19
9.179362E+03	1.146399E-17	2.920230E-19
9.179562E+03	1.144933E-17	2.916282E-19
9.179763E+03	1.144205E-17	2.914213E-19
9.179963E+03	1.143371E-17	2.911875E-19
9.180163E+03	1.142853E-17	2.910344E-19
9.180363E+03	1.143071E-17	2.910686E-19
9.180563E+03	1.143395E-17	2.911298E-19
9.180763E+03	1.143298E-17	2.910840E-19
9.180963E+03	1.142675E-17	2.909041E-19
9.181163E+03	1.142999E-17	2.909653E-19
9.181363E+03	1.144059E-17	2.912140E-19
9.181563E+03	1.143751E-17	2.911144E-19
9.181763E+03	1.143233E-17	2.909614E-19
9.181963E+03	1.143557E-17	2.910226E-19
9.182163E+03	1.144196E-17	2.911642E-19
9.182363E+03	1.144520E-17	2.912254E-19
9.182563E+03	1.144633E-17	2.912330E-19
9.182763E+03	1.144641E-17	2.912140E-19
9.182963E+03	1.144228E-17	2.910879E-19
9.183163E+03	1.143605E-17	2.909081E-19
9.183363E+03	1.144033E-17	2.909961E-19
9.183563E+03	1.144463E-17	2.910843E-19
9.183763E+03	1.144261E-17	2.910117E-19
9.183963E+03	1.144584E-17	2.910730E-19
9.184163E+03	1.144592E-17	2.910539E-19
9.184363E+03	1.144916E-17	2.911151E-19
9.184563E+03	1.145239E-17	2.911765E-19
9.184764E+03	1.144300E-17	2.909166E-19
9.184964E+03	1.143571E-17	2.907103E-19
9.185164E+03	1.143790E-17	2.907450E-19
9.185364E+03	1.144535E-17	2.909134E-19
9.185564E+03	1.144753E-17	2.909478E-19
9.185764E+03	1.144761E-17	2.909290E-19
9.185964E+03	1.145191E-17	2.910173E-19
9.186164E+03	1.145409E-17	2.910517E-19
9.186364E+03	1.145206E-17	2.909794E-19
9.186564E+03	1.145003E-17	2.909069E-19
9.186764E+03	1.144907E-17	2.908615E-19
9.186964E+03	1.145020E-17	2.908694E-19
9.187164E+03	1.145238E-17	2.909039E-19
9.187363E+03	1.145351E-17	2.909119E-19
9.187564E+03	1.145359E-17	2.908931E-19
9.187763E+03	1.145577E-17	2.909278E-19
9.187963E+03	1.146007E-17	2.910160E-19
9.188164E+03	1.146120E-17	2.910239E-19
9.188363E+03	1.146022E-17	2.909785E-19
9.188563E+03	1.146346E-17	2.910399E-19
9.188763E+03	1.146248E-17	2.909944E-19
9.188963E+03	1.145731E-17	2.908422E-19
9.189163E+03	1.145738E-17	2.908234E-19
9.189363E+03	1.145746E-17	2.908048E-19
9.189564E+03	1.145964E-17	2.908393E-19
9.189764E+03	1.146077E-17	2.908473E-19
9.189964E+03	1.146507E-17	2.909357E-19
9.190164E+03	1.147567E-17	2.911840E-19
9.190364E+03	1.148418E-17	2.913792E-19
9.190564E+03	1.148741E-17	2.914407E-19
9.190764E+03	1.148749E-17	2.914219E-19
9.190964E+03	1.148863E-17	2.914301E-19
9.191164E+03	1.148238E-17	2.912511E-19
9.191364E+03	1.147509E-17	2.910456E-19
9.191564E+03	1.147307E-17	2.909737E-19
9.191764E+03	1.147420E-17	2.909819E-19
9.191964E+03	1.147112E-17	2.908832E-19
9.192164E+03	1.146383E-17	2.906778E-19
9.192364E+03	1.145969E-17	2.905524E-19
9.192564E+03	1.146188E-17	2.905874E-19
9.192764E+03	1.145985E-17	2.905154E-19
9.192964E+03	1.145361E-17	2.903369E-19
9.193164E+03	1.144421E-17	2.900783E-19
9.193364E+03	1.143903E-17	2.899264E-19
9.193564E+03	1.144858E-17	2.901482E-19
9.193764E+03	1.145918E-17	2.903965E-19
9.193964E+03	1.145610E-17	2.902981E-19
9.194164E+03	1.144987E-17	2.901198E-19
9.194364E+03	1.144679E-17	2.900214E-19
9.194565E+03	1.144159E-17	2.898693E-19
9.194765E+03	1.143746E-17	2.897445E-19
9.194965E+03	1.143860E-17	2.897529E-19
9.195165E+03	1.144183E-17	2.898146E-19
9.195365E+03	1.143665E-17	2.896630E-19
9.195565E+03	1.142830E-17	2.894313E-19
9.195765E+03	1.141890E-17	2.891732E-19
9.195965E+03	1.141055E-17	2.889416E-19
9.196165E+03	1.140747E-17	2.888435E-19
9.196365E+03	1.140965E-17	2.888785E-19
9.196565E+03	1.141078E-17	2.888871E-19
9.196765E+03	1.141085E-17	2.888688E-19
9.196965E+03	1.141830E-17	2.890373E-19
9.197165E+03	1.142681E-17	2.892325E-19
9.197365E+03	1.143110E-17	2.893211E-19
9.197565E+03	1.142275E-17	2.890897E-19
9.197765E+03	1.141861E-17	2.889650E-19
9.197965E+03	1.142079E-17	2.890001E-19
9.198165E+03	1.142298E-17	2.890355E-19
9.198365E+03	1.142727E-17	2.891239E-19
9.198565E+03	1.142945E-17	2.891593E-19
9.198765E+03	1.142215E-17	2.889546E-19
9.198965E+03	1.141802E-17	2.888302E-19
9.199165E+03	1.141283E-17	2.886789E-19
9.199366E+03	1.140869E-17	2.885542E-19
9.199566E+03	1.140351E-17	2.884032E-19
9.199766E+03	1.139621E-17	2.881990E-19
9.199966E+03	1.139312E-17	2.881010E-19
9.200165E+03	1.139531E-17	2.881366E-19
9.200365E+03	1.140066E-17	2.882519E-19
9.200566E+03	1.140389E-17	2.883138E-19
9.200765E+03	1.139870E-17	2.881628E-19
9.200966E+03	1.139456E-17	2.880384E-19
9.201165E+03	1.139990E-17	2.881537E-19
9.201365E+03	1.140524E-17	2.882690E-19
9.201565E+03	1.139900E-17	2.880915E-19
9.201765E+03	1.139592E-17	2.879940E-19
9.201965E+03	1.139810E-17	2.880293E-19
9.202165E+03	1.140029E-17	2.880650E-19
9.202365E+03	1.140878E-17	2.882599E-19
9.202565E+03	1.141307E-17	2.883488E-19
9.202765E+03	1.140577E-17	2.881447E-19
9.202965E+03	1.140374E-17	2.880737E-19
9.203165E+03	1.141225E-17	2.882689E-19
9.203365E+03	1.141969E-17	2.884374E-19
9.203565E+03	1.142714E-17	2.886059E-19
9.203765E+03	1.143354E-17	2.887479E-19
9.203965E+03	1.143994E-17	2.888899E-19
9.204165E+03	1.144211E-17	2.889253E-19
9.204366E+03	1.143903E-17	2.888279E-19
9.204566E+03	1.143700E-17	2.887570E-19
9.204766E+03	1.143602E-17	2.887126E-19
9.204966E+03	1.143610E-17	2.886952E-19
9.205166E+03	1.143828E-17	2.887306E-19
9.205366E+03	1.143625E-17	2.886598E-19
9.205566E+03	1.142790E-17	2.884297E-19
9.205766E+03	1.142797E-17	2.884120E-19
9.205966E+03	1.143121E-17	2.884743E-19
9.206166E+03	1.143023E-17	2.884302E-19
9.206366E+03	1.142820E-17	2.883596E-19
9.206566E+03	1.142511E-17	2.882622E-19
9.206766E+03	1.141887E-17	2.880853E-19
9.206966E+03	1.141051E-17	2.878551E-19
9.207166E+03	1.140427E-17	2.876783E-19
9.207366E+03	1.139907E-17	2.875280E-19
9.207566E+03	1.138967E-17	2.872715E-19
9.207766E+03	1.138237E-17	2.870682E-19
9.207966E+03	1.138139E-17	2.870244E-19
9.208166E+03	1.138146E-17	2.870071E-19
9.208366E+03	1.137627E-17	2.868569E-19
9.208566E+03	1.137107E-17	2.867068E-19
9.208766E+03	1.136167E-17	2.864505E-19
9.208966E+03	1.135121E-17	2.861676E-19
9.209167E+03	1.134602E-17	2.860178E-19
9.209367E+03	1.134504E-17	2.859739E-19
9.209567E+03	1.134195E-17	2.858770E-19
9.209767E+03	1.133887E-17	2.857804E-19
9.209967E+03	1.133578E-17	2.856836E-19
9.210167E+03	1.132848E-17	2.854806E-19
9.210367E+03	1.132749E-17	2.854369E-19
9.210567E+03	1.132967E-17	2.854729E-19
9.210767E+03	1.132659E-17	2.853763E-19
9.210967E+03	1.131928E-17	2.851733E-19
9.211167E+03	1.130882E-17	2.848909E-19
9.211367E+03	1.130363E-17	2.847412E-19
9.211567E+03	1.130055E-17	2.846448E-19
9.211767E+03	1.129113E-17	2.843889E-19
9.211967E+03	1.128067E-17	2.841067E-19
9.212167E+03	1.127021E-17	2.838245E-19
9.212367E+03	1.126080E-17	2.835687E-19
9.212567E+03	1.125350E-17	2.833663E-19
9.212767E+03	1.124514E-17	2.831372E-19
9.212967E+03	1.124311E-17	2.830675E-19
9.213166E+03	1.124634E-17	2.831304E-19
9.213367E+03	1.126432E-17	2.835644E-19
9.213567E+03	1.127493E-17	2.838129E-19
9.213766E+03	1.128448E-17	2.840347E-19
9.213967E+03	1.128667E-17	2.840711E-19
9.214167E+03	1.128253E-17	2.839482E-19
9.214368E+03	1.128470E-17	2.839843E-19
9.214567E+03	1.129321E-17	2.841799E-19
9.214767E+03	1.129749E-17	2.842691E-19
9.214967E+03	1.130178E-17	2.843586E-19
9.215167E+03	1.130923E-17	2.845273E-19
9.215367E+03	1.131036E-17	2.845373E-19
9.215567E+03	1.130937E-17	2.844940E-19
9.215767E+03	1.131051E-17	2.845039E-19
9.215967E+03	1.130846E-17	2.844341E-19
9.216167E+03	1.130854E-17	2.844174E-19
9.216367E+03	1.131282E-17	2.845067E-19
9.216567E+03	1.131184E-17	2.844637E-19
9.216767E+03	1.130454E-17	2.842615E-19
9.216967E+03	1.128565E-17	2.837681E-19
9.217167E+03	1.127413E-17	2.834602E-19
9.217367E+03	1.126576E-17	2.832315E-19
9.217567E+03	1.125214E-17	2.828707E-19
9.217767E+03	1.123640E-17	2.824568E-19
9.217967E+03	1.121751E-17	2.819638E-19
9.218167E+03	1.119967E-17	2.814971E-19
9.218367E+03	1.118603E-17	2.811364E-19
9.218567E+03	1.117241E-17	2.807759E-19
9.218767E+03	1.115983E-17	2.804419E-19
9.218968E+03	1.115358E-17	2.802667E-19
9.219168E+03	1.115154E-17	2.801974E-19
9.219368E+03	1.114423E-17	2.799958E-19
9.219568E+03	1.114431E-17	2.799797E-19
9.219768E+03	1.114332E-17	2.799370E-19
9.219968E+03	1.113391E-17	2.796826E-19
9.220168E+03	1.112238E-17	2.793752E-19
9.220368E+03	1.112140E-17	2.793326E-19
9.220568E+03	1.114045E-17	2.797931E-19
9.220768E+03	1.115422E-17	2.801211E-19
9.220968E+03	1.116060E-17	2.802636E-19
9.221168E+03	1.117753E-17	2.806709E-19
9.221368E+03	1.119342E-17	2.810519E-19
9.221568E+03	1.119981E-17	2.811943E-19
9.221768E+03	1.120304E-17	2.812577E-19
9.221968E+03	1.119995E-17	2.811623E-19
9.222168E+03	1.120319E-17	2.812256E-19
9.222368E+03	1.121484E-17	2.815003E-19
9.222568E+03	1.121914E-17	2.815902E-19
9.222768E+03	1.121499E-17	2.814683E-19
9.222968E+03	1.122139E-17	2.816111E-19
9.223168E+03	1.123410E-17	2.819122E-19
9.223368E+03	1.122890E-17	2.817641E-19
9.223568E+03	1.121843E-17	2.814836E-19
9.223768E+03	1.121007E-17	2.812560E-19
9.223969E+03	1.121963E-17	2.814779E-19
9.224169E+03	1.121969E-17	2.814618E-19
9.224369E+03	1.123241E-17	2.817632E-19
9.224569E+03	1.125883E-17	2.824080E-19
9.224769E+03	1.126733E-17	2.826035E-19
9.224969E+03	1.126635E-17	2.825611E-19
9.225169E+03	1.126958E-17	2.826245E-19
9.225369E+03	1.127282E-17	2.826879E-19
9.225569E+03	1.126973E-17	2.825927E-19
9.225769E+03	1.126874E-17	2.825503E-19
9.225969E+03	1.127619E-17	2.827193E-19
9.226168E+03	1.128469E-17	2.829148E-19
9.226369E+03	1.128792E-17	2.829782E-19
9.226568E+03	1.129116E-17	2.830417E-19
9.226769E+03	1.129017E-17	2.829993E-19
9.226969E+03	1.128813E-17	2.829304E-19
9.227168E+03	1.129031E-17	2.829675E-19
9.227368E+03	1.129775E-17	2.831364E-19
9.227568E+03	1.131153E-17	2.834641E-19
9.227768E+03	1.132636E-17	2.838179E-19
9.227968E+03	1.133803E-17	2.840928E-19
9.228168E+03	1.134441E-17	2.842352E-19
9.228368E+03	1.134449E-17	2.842194E-19
9.228568E+03	1.135088E-17	2.843620E-19
9.228769E+03	1.136255E-17	2.846364E-19
9.228969E+03	1.136368E-17	2.846472E-19
9.229169E+03	1.136269E-17	2.846049E-19
9.229369E+03	1.136593E-17	2.846683E-19
9.229569E+03	1.138181E-17	2.850485E-19
9.229769E+03	1.138925E-17	2.852173E-19
9.229969E+03	1.139670E-17	2.853864E-19
9.230169E+03	1.140732E-17	2.856346E-19
9.230369E+03	1.141370E-17	2.857769E-19
9.230569E+03	1.142221E-17	2.859724E-19
9.230769E+03	1.143177E-17	2.861941E-19
9.230969E+03	1.144027E-17	2.863894E-19
9.231169E+03	1.145405E-17	2.867166E-19
9.231369E+03	1.146466E-17	2.869647E-19
9.231569E+03	1.146894E-17	2.870543E-19
9.231769E+03	1.146901E-17	2.870386E-19
9.231969E+03	1.146171E-17	2.868381E-19
9.232169E+03	1.144702E-17	2.864531E-19
9.232369E+03	1.143022E-17	2.860151E-19
9.232569E+03	1.141869E-17	2.857093E-19
9.232769E+03	1.140927E-17	2.854562E-19
9.232969E+03	1.139458E-17	2.850713E-19
9.233169E+03	1.138727E-17	2.848712E-19
9.233369E+03	1.139261E-17	2.849874E-19
9.233569E+03	1.141271E-17	2.854728E-19
9.233770E+03	1.143914E-17	2.861165E-19
9.233970E+03	1.145924E-17	2.866018E-19
9.234170E+03	1.147197E-17	2.869027E-19
9.234370E+03	1.147836E-17	2.870453E-19
9.234570E+03	1.147526E-17	2.869505E-19
9.234770E+03	1.147428E-17	2.869085E-19
9.234970E+03	1.148595E-17	2.871830E-19
9.235170E+03	1.149761E-17	2.874572E-19
9.235370E+03	1.150506E-17	2.876261E-19
9.235570E+03	1.151251E-17	2.877951E-19
9.235770E+03	1.151785E-17	2.879112E-19
9.235970E+03	1.152004E-17	2.879485E-19
9.236170E+03	1.152116E-17	2.879592E-19
9.236370E+03	1.152123E-17	2.879437E-19
9.236570E+03	1.151708E-17	2.878228E-19
9.236770E+03	1.151188E-17	2.876755E-19
9.236970E+03	1.150772E-17	2.875544E-19
9.237170E+03	1.150674E-17	2.875126E-19
9.237370E+03	1.150365E-17	2.874182E-19
9.237570E+03	1.149950E-17	2.872974E-19
9.237770E+03	1.150378E-17	2.873872E-19
9.237970E+03	1.150491E-17	2.873983E-19
9.238170E+03	1.150393E-17	2.873565E-19
9.238370E+03	1.151137E-17	2.875253E-19
9.238571E+03	1.152410E-17	2.878260E-19
9.238771E+03	1.153260E-17	2.880213E-19
9.238971E+03	1.153056E-17	2.879532E-19
9.239171E+03	1.152536E-17	2.878062E-19
9.239371E+03	1.152226E-17	2.877117E-19
9.239570E+03	1.152655E-17	2.878019E-19
9.239771E+03	1.153822E-17	2.880761E-19
9.239970E+03	1.154672E-17	2.882713E-19
9.240171E+03	1.154257E-17	2.881506E-19
9.240370E+03	1.153526E-17	2.879513E-19
9.240570E+03	1.153005E-17	2.878042E-19
9.240770E+03	1.151641E-17	2.874468E-19
9.240970E+03	1.150910E-17	2.872475E-19
9.241170E+03	1.152182E-17	2.875479E-19
9.241370E+03	1.153139E-17	2.877697E-19
9.241570E+03	1.151775E-17	2.874124E-19
9.241770E+03	1.150516E-17	2.870813E-19
9.241970E+03	1.151577E-17	2.873292E-19
9.242170E+03	1.153271E-17	2.877352E-19
9.242370E+03	1.154754E-17	2.880883E-19
9.242570E+03	1.156870E-17	2.885993E-19
9.242770E+03	1.158986E-17	2.891103E-19
9.242970E+03	1.159943E-17	2.893320E-19
9.243170E+03	1.159633E-17	2.892378E-19
9.243371E+03	1.158691E-17	2.889859E-19
9.243571E+03	1.157959E-17	2.887865E-19
9.243771E+03	1.157649E-17	2.886924E-19
9.243971E+03	1.157023E-17	2.885195E-19
9.244171E+03	1.156187E-17	2.882942E-19
9.244371E+03	1.155033E-17	2.879898E-19
9.244571E+03	1.154302E-17	2.877907E-19
9.244771E+03	1.154309E-17	2.877758E-19
9.244971E+03	1.154527E-17	2.878133E-19
9.245171E+03	1.154850E-17	2.878773E-19
9.245371E+03	1.155279E-17	2.879675E-19
9.245571E+03	1.155707E-17	2.880575E-19
9.245771E+03	1.156663E-17	2.882793E-19
9.245971E+03	1.157197E-17	2.883956E-19
9.246171E+03	1.156255E-17	2.881442E-19
9.246371E+03	1.154468E-17	2.876824E-19
9.246571E+03	1.153420E-17	2.874048E-19
9.246771E+03	1.153111E-17	2.873110E-19
9.246971E+03	1.152485E-17	2.871386E-19
9.247171E+03	1.151648E-17	2.869137E-19
9.247371E+03	1.151021E-17	2.867411E-19
9.247571E+03	1.150501E-17	2.865950E-19
9.247771E+03	1.150403E-17	2.865541E-19
9.247971E+03	1.150409E-17	2.865392E-19
9.248171E+03	1.150626E-17	2.865770E-19
9.248372E+03	1.150739E-17	2.865887E-19
9.248572E+03	1.150429E-17	2.864951E-19
9.248772E+03	1.149908E-17	2.863490E-19
9.248972E+03	1.149598E-17	2.862555E-19
9.249172E+03	1.149288E-17	2.861621E-19
9.249372E+03	1.148346E-17	2.859113E-19
9.249572E+03	1.148037E-17	2.858179E-19
9.249772E+03	1.148782E-17	2.859871E-19
9.249972E+03	1.150476E-17	2.863926E-19
9.250172E+03	1.152381E-17	2.868507E-19
9.250372E+03	1.152915E-17	2.869673E-19
9.250572E+03	1.152183E-17	2.867690E-19
9.250772E+03	1.151136E-17	2.864920E-19
9.250972E+03	1.150614E-17	2.863461E-19
9.251172E+03	1.150094E-17	2.862005E-19
9.251372E+03	1.149046E-17	2.859234E-19
9.251572E+03	1.147997E-17	2.856463E-19
9.251772E+03	1.146632E-17	2.852907E-19
9.251972E+03	1.145690E-17	2.850403E-19
9.252172E+03	1.146118E-17	2.851307E-19
9.252371E+03	1.146653E-17	2.852478E-19
9.252572E+03	1.146659E-17	2.852333E-19
9.252772E+03	1.147088E-17	2.853240E-19
9.252971E+03	1.147938E-17	2.855194E-19
9.253173E+03	1.148578E-17	2.856625E-19
9.253372E+03	1.149217E-17	2.858056E-19
9.253572E+03	1.149751E-17	2.859223E-19
9.253772E+03	1.150285E-17	2.860393E-19
9.253972E+03	1.150503E-17	2.860774E-19
9.254172E+03	1.150826E-17	2.861419E-19
9.254372E+03	1.151781E-17	2.863635E-19
9.254572E+03	1.152738E-17	2.865853E-19
9.254772E+03	1.153272E-17	2.867023E-19
9.254972E+03	1.152962E-17	2.866093E-19
9.255172E+03	1.152336E-17	2.864376E-19
9.255372E+03	1.152342E-17	2.864232E-19
9.255572E+03	1.152665E-17	2.864877E-19
9.255772E+03	1.152144E-17	2.863423E-19
9.255972E+03	1.151834E-17	2.862495E-19
9.256172E+03	1.153002E-17	2.865239E-19
9.256372E+03	1.154907E-17	2.869815E-19
9.256572E+03	1.155969E-17	2.872295E-19
9.256772E+03	1.156502E-17	2.873463E-19
9.256972E+03	1.157459E-17	2.875680E-19
9.257172E+03	1.158309E-17	2.877635E-19
9.257372E+03	1.158632E-17	2.878280E-19
9.257572E+03	1.158956E-17	2.878925E-19
9.257772E+03	1.159806E-17	2.880880E-19
9.257972E+03	1.160445E-17	2.882310E-19
9.258173E+03	1.160558E-17	2.882431E-19
9.258373E+03	1.160880E-17	2.883074E-19
9.258573E+03	1.161732E-17	2.885031E-19
9.258773E+03	1.163004E-17	2.888032E-19
9.258973E+03	1.164382E-17	2.891296E-19
9.259173E+03	1.164705E-17	2.891941E-19
9.259373E+03	1.164501E-17	2.891277E-19
9.259573E+03	1.165457E-17	2.893493E-19
9.259773E+03	1.166941E-17	2.897019E-19
9.259973E+03	1.167475E-17	2.898188E-19
9.260173E+03	1.167059E-17	2.897000E-19
9.260373E+03	1.166644E-17	2.895811E-19
9.260573E+03	1.166861E-17	2.896194E-19
9.260773E+03	1.167396E-17	2.897364E-19
9.260973E+03	1.167719E-17	2.898009E-19
9.261173E+03	1.167725E-17	2.897868E-19
9.261373E+03	1.167521E-17	2.897205E-19
9.261573E+03	1.167949E-17	2.898110E-19
9.261773E+03	1.169855E-17	2.902684E-19
9.261973E+03	1.171234E-17	2.905948E-19
9.262173E+03	1.170818E-17	2.904761E-19
9.262373E+03	1.169347E-17	2.900955E-19
9.262573E+03	1.166927E-17	2.894796E-19
9.262773E+03	1.164823E-17	2.889421E-19
9.262974E+03	1.163880E-17	2.886927E-19
9.263174E+03	1.163676E-17	2.886266E-19
9.263374E+03	1.163576E-17	2.885865E-19
9.263574E+03	1.163476E-17	2.885464E-19
9.263774E+03	1.162745E-17	2.883496E-19
9.263974E+03	1.161485E-17	2.880218E-19
9.264174E+03	1.160964E-17	2.878772E-19
9.264374E+03	1.160970E-17	2.878634E-19
9.264574E+03	1.160766E-17	2.877975E-19
9.264774E+03	1.160455E-17	2.877051E-19
9.264974E+03	1.160990E-17	2.878224E-19
9.265174E+03	1.162051E-17	2.880703E-19
9.265373E+03	1.163429E-17	2.883967E-19
9.265574E+03	1.163964E-17	2.885138E-19
9.265773E+03	1.163654E-17	2.884218E-19
9.265974E+03	1.163238E-17	2.883035E-19
9.266174E+03	1.162822E-17	2.881851E-19
9.266373E+03	1.161879E-17	2.879363E-19
9.266573E+03	1.160829E-17	2.876611E-19
9.266773E+03	1.160520E-17	2.875692E-19
9.266973E+03	1.160104E-17	2.874511E-19
9.267173E+03	1.159372E-17	2.872545E-19
9.267373E+03	1.159167E-17	2.871886E-19
9.267573E+03	1.160018E-17	2.873845E-19
9.267773E+03	1.160974E-17	2.876063E-19
9.267974E+03	1.161613E-17	2.877495E-19
9.268174E+03	1.162147E-17	2.878668E-19
9.268374E+03	1.162682E-17	2.879841E-19
9.268574E+03	1.162794E-17	2.879968E-19
9.268774E+03	1.162905E-17	2.880095E-19
9.268974E+03	1.162490E-17	2.878915E-19
9.269174E+03	1.162285E-17	2.878258E-19
9.269374E+03	1.162608E-17	2.878908E-19
9.269574E+03	1.162508E-17	2.878512E-19
9.269774E+03	1.162515E-17	2.878378E-19
9.269974E+03	1.162943E-17	2.879290E-19
9.270174E+03	1.163899E-17	2.881508E-19
9.270374E+03	1.165384E-17	2.885033E-19
9.270574E+03	1.166551E-17	2.887774E-19
9.270774E+03	1.166768E-17	2.888163E-19
9.270974E+03	1.167091E-17	2.888813E-19
9.271174E+03	1.167414E-17	2.889464E-19
9.271374E+03	1.167949E-17	2.890638E-19
9.271574E+03	1.169010E-17	2.893116E-19
9.271774E+03	1.170178E-17	2.895856E-19
9.271974E+03	1.171028E-17	2.897811E-19
9.272174E+03	1.171879E-17	2.899769E-19
9.272374E+03	1.173679E-17	2.904075E-19
9.272574E+03	1.174742E-17	2.906555E-19
9.272775E+03	1.173798E-17	2.904071E-19
9.272975E+03	1.172432E-17	2.900542E-19
9.273175E+03	1.170961E-17	2.896755E-19
9.273375E+03	1.169700E-17	2.893489E-19
9.273575E+03	1.169285E-17	2.892314E-19
9.273775E+03	1.169185E-17	2.891920E-19
9.273975E+03	1.168559E-17	2.890223E-19
9.274175E+03	1.167826E-17	2.888265E-19
9.274375E+03	1.166777E-17	2.885523E-19
9.274575E+03	1.165516E-17	2.882260E-19
9.274775E+03	1.164045E-17	2.878476E-19
9.274975E+03	1.163101E-17	2.875995E-19
9.275175E+03	1.162580E-17	2.874561E-19
9.275375E+03	1.161425E-17	2.871560E-19
9.275575E+03	1.159953E-17	2.867776E-19
9.275775E+03	1.158376E-17	2.863734E-19
9.275975E+03	1.155955E-17	2.857604E-19
9.276175E+03	1.153744E-17	2.851996E-19
9.276375E+03	1.153117E-17	2.850301E-19
9.276575E+03	1.153967E-17	2.852260E-19
9.276775E+03	1.154501E-17	2.853437E-19
9.276975E+03	1.153769E-17	2.851485E-19
9.277175E+03	1.152509E-17	2.848227E-19
9.277375E+03	1.151564E-17	2.845750E-19
9.277575E+03	1.151253E-17	2.844840E-19
9.277776E+03	1.150943E-17	2.843932E-19
9.277976E+03	1.149893E-17	2.841195E-19
9.278175E+03	1.149267E-17	2.839506E-19
9.278376E+03	1.148745E-17	2.838074E-19
9.278576E+03	1.147590E-17	2.835080E-19
9.278775E+03	1.146541E-17	2.832348E-19
9.278976E+03	1.145807E-17	2.830395E-19
9.279175E+03	1.145602E-17	2.829749E-19
9.279375E+03	1.145608E-17	2.829624E-19
9.279575E+03	1.145615E-17	2.829500E-19
9.279775E+03	1.145515E-17	2.829114E-19
9.279975E+03	1.145416E-17	2.828729E-19
9.280175E+03	1.145105E-17	2.827822E-19
9.280375E+03	1.144477E-17	2.826133E-19
9.280575E+03	1.143850E-17	2.824444E-19
9.280775E+03	1.143539E-17	2.823538E-19
9.280975E+03	1.142701E-17	2.821330E-19
9.281175E+03	1.141229E-17	2.817556E-19
9.281375E+03	1.140285E-17	2.815089E-19
9.281575E+03	1.139763E-17	2.813662E-19
9.281775E+03	1.139241E-17	2.812236E-19
9.281975E+03	1.138297E-17	2.809767E-19
9.282175E+03	1.136297E-17	2.804694E-19
9.282375E+03	1.134508E-17	2.800143E-19
9.282576E+03	1.133670E-17	2.797936E-19
9.282776E+03	1.133359E-17	2.797032E-19
9.282976E+03	1.132837E-17	2.795609E-19
9.283176E+03	1.132949E-17	2.795749E-19
9.283376E+03	1.132954E-17	2.795626E-19
9.283576E+03	1.132432E-17	2.794203E-19
9.283776E+03	1.132333E-17	2.793822E-19
9.283976E+03	1.132445E-17	2.793963E-19
9.284176E+03	1.132661E-17	2.794362E-19
9.284376E+03	1.133196E-17	2.795545E-19
9.284576E+03	1.133729E-17	2.796726E-19
9.284776E+03	1.133629E-17	2.796346E-19
9.284976E+03	1.132579E-17	2.793621E-19
9.285176E+03	1.131529E-17	2.790897E-19
9.285376E+03	1.131113E-17	2.789736E-19
9.285576E+03	1.131331E-17	2.790139E-19
9.285776E+03	1.131442E-17	2.790278E-19
9.285976E+03	1.130814E-17	2.788597E-19
9.286176E+03	1.129975E-17	2.786395E-19
9.286376E+03	1.129137E-17	2.784194E-19
9.286576E+03	1.128615E-17	2.782774E-19
9.286776E+03	1.128198E-17	2.781615E-19
9.286976E+03	1.127677E-17	2.780196E-19
9.287176E+03	1.127893E-17	2.780598E-19
9.287376E+03	1.129166E-17	2.783603E-19
9.287577E+03	1.130017E-17	2.785568E-19
9.287777E+03	1.129811E-17	2.784928E-19
9.287977E+03	1.129289E-17	2.783510E-19
9.288177E+03	1.128556E-17	2.781571E-19
9.288377E+03	1.127295E-17	2.778331E-19
9.288577E+03	1.126245E-17	2.775612E-19
9.288777E+03	1.126144E-17	2.775234E-19
9.288977E+03	1.126256E-17	2.775379E-19
9.289177E+03	1.125946E-17	2.774482E-19
9.289377E+03	1.125212E-17	2.772543E-19
9.289577E+03	1.124479E-17	2.770607E-19
9.289777E+03	1.123957E-17	2.769191E-19
9.289977E+03	1.123011E-17	2.766732E-19
9.290177E+03	1.122173E-17	2.764536E-19
9.290377E+03	1.122073E-17	2.764162E-19
9.290577E+03	1.121551E-17	2.762745E-19
9.290777E+03	1.120818E-17	2.760810E-19
9.290977E+03	1.120295E-17	2.759394E-19
9.291176E+03	1.119456E-17	2.757200E-19
9.291377E+03	1.119144E-17	2.756304E-19
9.291576E+03	1.119468E-17	2.756972E-19
9.291776E+03	1.119895E-17	2.757897E-19
9.291977E+03	1.119902E-17	2.757784E-19
9.292176E+03	1.119907E-17	2.757670E-19
9.292377E+03	1.119596E-17	2.756776E-19
9.292577E+03	1.118545E-17	2.754062E-19
9.292777E+03	1.117707E-17	2.751870E-19
9.292977E+03	1.116656E-17	2.749155E-19
9.293177E+03	1.115289E-17	2.745664E-19
9.293377E+03	1.114133E-17	2.742691E-19
9.293577E+03	1.112872E-17	2.739460E-19
9.293777E+03	1.110871E-17	2.734408E-19
9.293977E+03	1.108765E-17	2.729099E-19
9.294177E+03	1.107291E-17	2.725348E-19
9.294377E+03	1.106769E-17	2.723937E-19
9.294577E+03	1.106564E-17	2.723308E-19
9.294777E+03	1.105830E-17	2.721377E-19
9.294977E+03	1.105202E-17	2.719706E-19
9.295177E+03	1.105630E-17	2.720637E-19
9.295377E+03	1.106480E-17	2.722605E-19
9.295577E+03	1.107119E-17	2.724053E-19
9.295777E+03	1.107336E-17	2.724462E-19
9.295977E+03	1.107342E-17	2.724354E-19
9.296177E+03	1.107664E-17	2.725023E-19
9.296377E+03	1.108092E-17	2.725952E-19
9.296577E+03	1.107676E-17	2.724805E-19
9.296777E+03	1.106625E-17	2.722097E-19
9.296977E+03	1.105786E-17	2.719909E-19
9.297177E+03	1.104841E-17	2.717461E-19
9.297378E+03	1.104107E-17	2.715533E-19
9.297578E+03	1.104113E-17	2.715427E-19
9.297778E+03	1.104646E-17	2.716616E-19
9.297978E+03	1.105285E-17	2.718065E-19
9.298178E+03	1.106242E-17	2.720296E-19
9.298378E+03	1.106986E-17	2.722004E-19
9.298578E+03	1.107414E-17	2.722934E-19
9.298778E+03	1.107737E-17	2.723607E-19
9.298978E+03	1.108059E-17	2.724277E-19
9.299178E+03	1.107959E-17	2.723909E-19
9.299378E+03	1.107648E-17	2.723022E-19
9.299578E+03	1.107019E-17	2.721356E-19
9.299778E+03	1.106920E-17	2.720991E-19
9.299978E+03	1.107348E-17	2.721921E-19
9.300178E+03	1.107142E-17	2.721294E-19
9.300378E+03	1.106091E-17	2.718592E-19
9.300578E+03	1.104829E-17	2.715370E-19
9.300778E+03	1.103779E-17	2.712667E-19
9.300978E+03	1.102834E-17	2.710225E-19
9.301178E+03	1.101361E-17	2.706486E-19
9.301378E+03	1.100204E-17	2.703525E-19
9.301578E+03	1.099998E-17	2.702900E-19
9.301778E+03	1.099793E-17	2.702276E-19
9.301978E+03	1.099481E-17	2.701392E-19
9.302179E+03	1.099487E-17	2.701286E-19
9.302379E+03	1.099492E-17	2.701180E-19
9.302579E+03	1.099708E-17	2.701594E-19
9.302779E+03	1.100348E-17	2.703048E-19
9.302979E+03	1.100670E-17	2.703721E-19
9.303179E+03	1.099831E-17	2.701541E-19
9.303379E+03	1.098568E-17	2.698322E-19
9.303579E+03	1.097518E-17	2.695624E-19
9.303779E+03	1.096889E-17	2.693964E-19
9.303978E+03	1.096895E-17	2.693860E-19
9.304178E+03	1.096900E-17	2.693757E-19
9.304379E+03	1.096061E-17	2.691578E-19
9.304578E+03	1.094798E-17	2.688361E-19
9.304779E+03	1.092585E-17	2.682810E-19
9.304978E+03	1.089949E-17	2.676224E-19
9.305178E+03	1.088477E-17	2.672493E-19
9.305378E+03	1.087636E-17	2.670314E-19
9.305578E+03	1.086902E-17	2.668398E-19
9.305778E+03	1.086380E-17	2.667000E-19
9.305978E+03	1.086385E-17	2.666899E-19
9.306178E+03	1.087235E-17	2.668871E-19
9.306378E+03	1.087663E-17	2.669807E-19
9.307979E+03	1.086966E-17	2.667186E-19
9.308179E+03	1.085810E-17	2.664236E-19
9.308379E+03	1.085603E-17	2.663616E-19
9.308579E+03	1.086032E-17	2.664555E-19
9.308779E+03	1.086248E-17	2.664974E-19
9.308979E+03	1.087310E-17	2.667465E-19
9.309179E+03	1.088477E-17	2.670217E-19
9.309779E+03	1.087753E-17	2.668104E-19
9.309979E+03	1.086491E-17	2.664896E-19
9.310179E+03	1.086285E-17	2.664279E-19
9.310579E+03	1.086296E-17	2.664083E-19
9.310779E+03	1.086301E-17	2.663985E-19
9.311379E+03	1.087056E-17	2.665504E-19
9.311579E+03	1.087378E-17	2.666183E-19
9.311779E+03	1.086538E-17	2.664012E-19
9.311980E+03	1.084537E-17	2.658994E-19
9.312180E+03	1.082323E-17	2.653456E-19
9.312380E+03	1.081060E-17	2.650252E-19
9.312580E+03	1.080431E-17	2.648600E-19
9.312980E+03	1.079913E-17	2.647111E-19
9.313180E+03	1.079496E-17	2.645981E-19
9.314580E+03	1.079532E-17	2.645311E-19
9.314780E+03	1.079749E-17	2.645733E-19
9.314980E+03	1.079965E-17	2.646156E-19
9.315580E+03	1.079453E-17	2.644578E-19
9.315780E+03	1.078296E-17	2.641636E-19
9.315980E+03	1.077561E-17	2.639730E-19
9.316180E+03	1.076826E-17	2.637824E-19
9.316380E+03	1.075035E-17	2.633330E-19
9.316580E+03	1.073773E-17	2.630131E-19
9.316781E+03	1.073460E-17	2.629260E-19
9.316980E+03	1.072515E-17	2.626839E-19
9.317181E+03	1.070935E-17	2.622863E-19
9.317380E+03	1.070200E-17	2.620959E-19
9.317581E+03	1.069571E-17	2.619313E-19
9.317781E+03	1.069259E-17	2.618444E-19
9.317980E+03	1.068948E-17	2.617578E-19
9.318181E+03	1.068952E-17	2.617483E-19
9.318380E+03	1.069803E-17	2.619464E-19
9.318580E+03	1.070125E-17	2.620148E-19
9.318780E+03	1.069178E-17	2.617726E-19
9.318980E+03	1.069184E-17	2.617635E-19
9.319180E+03	1.070140E-17	2.619873E-19
9.319380E+03	1.070463E-17	2.620558E-19
9.319580E+03	1.070256E-17	2.619949E-19
9.319780E+03	1.069627E-17	2.618306E-19
9.319980E+03	1.069315E-17	2.617438E-19
9.320180E+03	1.069109E-17	2.616831E-19
9.320380E+03	1.068162E-17	2.614411E-19
9.320580E+03	1.066793E-17	2.610958E-19
9.320780E+03	1.065637E-17	2.608025E-19
9.320980E+03	1.066170E-17	2.609228E-19
9.321180E+03	1.066703E-17	2.610430E-19
9.321380E+03	1.066602E-17	2.610081E-19
9.321580E+03	1.066608E-17	2.609993E-19
9.321781E+03	1.066930E-17	2.610678E-19
9.321981E+03	1.067357E-17	2.611623E-19
9.322181E+03	1.067468E-17	2.611793E-19
9.322381E+03	1.067367E-17	2.611444E-19
9.322581E+03	1.066738E-17	2.609804E-19
9.322781E+03	1.066321E-17	2.608681E-19
9.322981E+03	1.066432E-17	2.608852E-19
9.323181E+03	1.066859E-17	2.609797E-19
9.323381E+03	1.066969E-17	2.609966E-19
9.323981E+03	1.066985E-17	2.609702E-19
9.325981E+03	1.067351E-17	2.609602E-19
9.326181E+03	1.067673E-17	2.610290E-19
9.326381E+03	1.066727E-17	2.607879E-19
9.326582E+03	1.065252E-17	2.604173E-19
9.326782E+03	1.064305E-17	2.601761E-19
9.326982E+03	1.064522E-17	2.602192E-19
9.327182E+03	1.065690E-17	2.604949E-19
9.327382E+03	1.066963E-17	2.607962E-19
9.327582E+03	1.067602E-17	2.609428E-19
9.327782E+03	1.067501E-17	2.609083E-19
9.327982E+03	1.066026E-17	2.605380E-19
9.328182E+03	1.064552E-17	2.601679E-19
9.328382E+03	1.063500E-17	2.599011E-19
9.328582E+03	1.062870E-17	2.597375E-19
9.328782E+03	1.062875E-17	2.597292E-19
9.328982E+03	1.061929E-17	2.594883E-19
9.329182E+03	1.060982E-17	2.592474E-19
9.329382E+03	1.060987E-17	2.592388E-19
9.329582E+03	1.061943E-17	2.594629E-19
9.329782E+03	1.063534E-17	2.598419E-19
9.329981E+03	1.063750E-17	2.598853E-19
9.330182E+03	1.063121E-17	2.597218E-19
9.330381E+03	1.062069E-17	2.594553E-19
9.330582E+03	1.061017E-17	2.591887E-19
9.330781E+03	1.060705E-17	2.591030E-19
9.330981E+03	1.060920E-17	2.591461E-19
9.331181E+03	1.061348E-17	2.592411E-19
9.331381E+03	1.062515E-17	2.595167E-19
9.331582E+03	1.064000E-17	2.598699E-19
9.331782E+03	1.065485E-17	2.602231E-19
9.331982E+03	1.066335E-17	2.604212E-19
9.332182E+03	1.066657E-17	2.604904E-19
9.332382E+03	1.067085E-17	2.605853E-19
9.332582E+03	1.067407E-17	2.606545E-19
9.332782E+03	1.067623E-17	2.606980E-19
9.332982E+03	1.067417E-17	2.606380E-19
9.333182E+03	1.066259E-17	2.603460E-19
9.333382E+03	1.065524E-17	2.601571E-19
9.333582E+03	1.065740E-17	2.602006E-19
9.333782E+03	1.065534E-17	2.601408E-19
9.333982E+03	1.065644E-17	2.601583E-19
9.334182E+03	1.065014E-17	2.599952E-19
9.334382E+03	1.063962E-17	2.597291E-19
9.334582E+03	1.064073E-17	2.597469E-19
9.334782E+03	1.064394E-17	2.598160E-19
9.334982E+03	1.064928E-17	2.599371E-19
9.335182E+03	1.065038E-17	2.599547E-19
9.335382E+03	1.063774E-17	2.596369E-19
9.335582E+03	1.062299E-17	2.592677E-19
9.335782E+03	1.060930E-17	2.589243E-19
9.335982E+03	1.059560E-17	2.585808E-19
9.336182E+03	1.058825E-17	2.583923E-19
9.336383E+03	1.058407E-17	2.582812E-19
9.336583E+03	1.057778E-17	2.581184E-19
9.336783E+03	1.057465E-17	2.580331E-19
9.336983E+03	1.057470E-17	2.580252E-19
9.337183E+03	1.057581E-17	2.580432E-19
9.337383E+03	1.057585E-17	2.580352E-19
9.337583E+03	1.056575E-17	2.577796E-19
9.337783E+03	1.054318E-17	2.572200E-19
9.337983E+03	1.052081E-17	2.566653E-19
9.338383E+03	1.050981E-17	2.563790E-19
9.338583E+03	1.052339E-17	2.567014E-19
9.338783E+03	1.055092E-17	2.573641E-19
9.338983E+03	1.057411E-17	2.579208E-19
9.339183E+03	1.056042E-17	2.575778E-19
9.339783E+03	1.055231E-17	2.573535E-19
9.339983E+03	1.056748E-17	2.577146E-19
9.340183E+03	1.058921E-17	2.582355E-19
9.340383E+03	1.059559E-17	2.583824E-19
9.340583E+03	1.058612E-17	2.581425E-19
9.340783E+03	1.057982E-17	2.579801E-19
9.340983E+03	1.058199E-17	2.580241E-19
9.341183E+03	1.058732E-17	2.581453E-19
9.341384E+03	1.058525E-17	2.580861E-19
9.341584E+03	1.058107E-17	2.579752E-19
9.341784E+03	1.058746E-17	2.581224E-19
9.341984E+03	1.060549E-17	2.585531E-19
9.342184E+03	1.061927E-17	2.588803E-19
9.342384E+03	1.062144E-17	2.589244E-19
9.342584E+03	1.061937E-17	2.588652E-19
9.342784E+03	1.061941E-17	2.588576E-19
9.342984E+03	1.062051E-17	2.588757E-19
9.343183E+03	1.062268E-17	2.589198E-19
9.343383E+03	1.062484E-17	2.589639E-19
9.343584E+03	1.062594E-17	2.589820E-19
9.344183E+03	1.062609E-17	2.589596E-19
9.344383E+03	1.062613E-17	2.589521E-19
9.344583E+03	1.063252E-17	2.590991E-19
9.344783E+03	1.063363E-17	2.591175E-19
9.344983E+03	1.062627E-17	2.589295E-19
9.345183E+03	1.062632E-17	2.589223E-19
9.345383E+03	1.063376E-17	2.590950E-19
9.345583E+03	1.063382E-17	2.590878E-19
9.345783E+03	1.062646E-17	2.588999E-19
9.345983E+03	1.061910E-17	2.587123E-19
9.346184E+03	1.060012E-17	2.582411E-19
9.346384E+03	1.057373E-17	2.575899E-19
9.346584E+03	1.057230E-17	2.575466E-19
9.346784E+03	1.058651E-17	2.578844E-19
9.346984E+03	1.059079E-17	2.579801E-19
9.347184E+03	1.058660E-17	2.578697E-19
9.347384E+03	1.058665E-17	2.578625E-19
9.347584E+03	1.059304E-17	2.580099E-19
9.347784E+03	1.059309E-17	2.580026E-19
9.347984E+03	1.057833E-17	2.576348E-19
9.348184E+03	1.056917E-17	2.574034E-19
9.348384E+03	1.057525E-17	2.575430E-19
9.348584E+03	1.058058E-17	2.576645E-19
9.348784E+03	1.057957E-17	2.576316E-19
9.348984E+03	1.057856E-17	2.575987E-19
9.349184E+03	1.058495E-17	2.577462E-19
9.349384E+03	1.060085E-17	2.581251E-19
9.349584E+03	1.061253E-17	2.584013E-19
9.349784E+03	1.061046E-17	2.583425E-19
9.349984E+03	1.060311E-17	2.581553E-19
9.350184E+03	1.060210E-17	2.581224E-19
9.350384E+03	1.060848E-17	2.582697E-19
9.350584E+03	1.061170E-17	2.583399E-19
9.350784E+03	1.060752E-17	2.582298E-19
9.350984E+03	1.059487E-17	2.579138E-19
9.351185E+03	1.059070E-17	2.578040E-19
9.351385E+03	1.059920E-17	2.580029E-19
9.351585E+03	1.060664E-17	2.581759E-19
9.351785E+03	1.060986E-17	2.582461E-19
9.351985E+03	1.061731E-17	2.584193E-19
9.352185E+03	1.063110E-17	2.587469E-19
9.352385E+03	1.064173E-17	2.589974E-19
9.352585E+03	1.064177E-17	2.589904E-19
9.352785E+03	1.063759E-17	2.588805E-19
9.352985E+03	1.063658E-17	2.588478E-19
9.353185E+03	1.063980E-17	2.589181E-19
9.353385E+03	1.065147E-17	2.591941E-19
9.353585E+03	1.067584E-17	2.597791E-19
9.353785E+03	1.068541E-17	2.600039E-19
9.353985E+03	1.068122E-17	2.598940E-19
9.354185E+03	1.067174E-17	2.596553E-19
9.354385E+03	1.066862E-17	2.595714E-19
9.354585E+03	1.066126E-17	2.593843E-19
9.354785E+03	1.064333E-17	2.589402E-19
9.354985E+03	1.063597E-17	2.587531E-19
9.355185E+03	1.064024E-17	2.588492E-19
9.355385E+03	1.064769E-17	2.590226E-19
9.355585E+03	1.065197E-17	2.591186E-19
9.355785E+03	1.065942E-17	2.592920E-19
9.355986E+03	1.067850E-17	2.597483E-19
9.356185E+03	1.069758E-17	2.602044E-19
9.356386E+03	1.071666E-17	2.606607E-19
9.356585E+03	1.073575E-17	2.611170E-19
9.356785E+03	1.075589E-17	2.615990E-19
9.356986E+03	1.077603E-17	2.620809E-19
9.357185E+03	1.079616E-17	2.625628E-19
9.357385E+03	1.081102E-17	2.629161E-19
9.357585E+03	1.081847E-17	2.630894E-19
9.357785E+03	1.082592E-17	2.632627E-19
9.357985E+03	1.083337E-17	2.634360E-19
9.358185E+03	1.083553E-17	2.634807E-19
9.358385E+03	1.083452E-17	2.634483E-19
9.358585E+03	1.083456E-17	2.634415E-19
9.358785E+03	1.083355E-17	2.634092E-19
9.358985E+03	1.082619E-17	2.632224E-19
9.359185E+03	1.081037E-17	2.628300E-19
9.359385E+03	1.079985E-17	2.625663E-19
9.359585E+03	1.079883E-17	2.625338E-19
9.359785E+03	1.079358E-17	2.623987E-19
9.359985E+03	1.079152E-17	2.623408E-19
9.360185E+03	1.080108E-17	2.625654E-19
9.360385E+03	1.080535E-17	2.626616E-19
9.360585E+03	1.079906E-17	2.625009E-19
9.360785E+03	1.079698E-17	2.624428E-19
9.360986E+03	1.080232E-17	2.625649E-19
9.361186E+03	1.080554E-17	2.626355E-19
9.361386E+03	1.081193E-17	2.627833E-19
9.361586E+03	1.081832E-17	2.629308E-19
9.361786E+03	1.081837E-17	2.629246E-19
9.361986E+03	1.081418E-17	2.628153E-19
9.362186E+03	1.081105E-17	2.627316E-19
9.362386E+03	1.081427E-17	2.628023E-19
9.362586E+03	1.082278E-17	2.630014E-19
9.362786E+03	1.082705E-17	2.630977E-19
9.362986E+03	1.083027E-17	2.631684E-19
9.363186E+03	1.083031E-17	2.631620E-19
9.363386E+03	1.083142E-17	2.631814E-19
9.363586E+03	1.083464E-17	2.632521E-19
9.363786E+03	1.083891E-17	2.633485E-19
9.363986E+03	1.084319E-17	2.634448E-19
9.364186E+03	1.084853E-17	2.635671E-19
9.364386E+03	1.085703E-17	2.637662E-19
9.364586E+03	1.086660E-17	2.639912E-19
9.364786E+03	1.087299E-17	2.641391E-19
9.364986E+03	1.088149E-17	2.643383E-19
9.365186E+03	1.088683E-17	2.644605E-19
9.365386E+03	1.088265E-17	2.643515E-19
9.365586E+03	1.088057E-17	2.642937E-19
9.365787E+03	1.088591E-17	2.644159E-19
9.365987E+03	1.088913E-17	2.644867E-19
9.366187E+03	1.089235E-17	2.645575E-19
9.366387E+03	1.089662E-17	2.646540E-19
9.366587E+03	1.089878E-17	2.646992E-19
9.366787E+03	1.089459E-17	2.645900E-19
9.366987E+03	1.088935E-17	2.644555E-19
9.367187E+03	1.089892E-17	2.646805E-19
9.367387E+03	1.090319E-17	2.647770E-19
9.367587E+03	1.090112E-17	2.647196E-19
9.367787E+03	1.090222E-17	2.647390E-19
9.367987E+03	1.090439E-17	2.647843E-19
9.368187E+03	1.091183E-17	2.649580E-19
9.368387E+03	1.092140E-17	2.651831E-19
9.368587E+03	1.093202E-17	2.654337E-19
9.368787E+03	1.095005E-17	2.658642E-19
9.368987E+03	1.096808E-17	2.662949E-19
9.369186E+03	1.098399E-17	2.666739E-19
9.369387E+03	1.099355E-17	2.668989E-19
9.369586E+03	1.100207E-17	2.670984E-19
9.369787E+03	1.101269E-17	2.673490E-19
9.369987E+03	1.102860E-17	2.677282E-19
9.370186E+03	1.104345E-17	2.680816E-19
9.370386E+03	1.105514E-17	2.683581E-19
9.370586E+03	1.105836E-17	2.684290E-19
9.370787E+03	1.105946E-17	2.684488E-19
9.370987E+03	1.106903E-17	2.686738E-19
9.371187E+03	1.107330E-17	2.687704E-19
9.371387E+03	1.107124E-17	2.687132E-19
9.371587E+03	1.107128E-17	2.687071E-19
9.371787E+03	1.107027E-17	2.686755E-19
9.371987E+03	1.107454E-17	2.687721E-19
9.372187E+03	1.108305E-17	2.689716E-19
9.372387E+03	1.108098E-17	2.689142E-19
9.372587E+03	1.107679E-17	2.688056E-19
9.372787E+03	1.108318E-17	2.689537E-19
9.372987E+03	1.110122E-17	2.693843E-19
9.373187E+03	1.111819E-17	2.697890E-19
9.373387E+03	1.113410E-17	2.701682E-19
9.373587E+03	1.115425E-17	2.706502E-19
9.373787E+03	1.117017E-17	2.710293E-19
9.373987E+03	1.115857E-17	2.707409E-19
9.374187E+03	1.116920E-17	2.709918E-19
9.374387E+03	1.117453E-17	2.711144E-19
9.374587E+03	1.116399E-17	2.708517E-19
9.375387E+03	1.115148E-17	2.705204E-19
9.375588E+03	1.115152E-17	2.705147E-19
9.378188E+03	1.115316E-17	2.704664E-19
9.378388E+03	1.115215E-17	2.704351E-19
9.378588E+03	1.115219E-17	2.704295E-19
9.378788E+03	1.115541E-17	2.705009E-19
9.378988E+03	1.115545E-17	2.704953E-19
9.379188E+03	1.115232E-17	2.704128E-19
9.379388E+03	1.115343E-17	2.704330E-19
9.379588E+03	1.115876E-17	2.705558E-19
9.379788E+03	1.116092E-17	2.706015E-19
9.379988E+03	1.115250E-17	2.703909E-19
9.380188E+03	1.114513E-17	2.702057E-19
9.380389E+03	1.114200E-17	2.701233E-19
9.380589E+03	1.114840E-17	2.702719E-19
9.380789E+03	1.116961E-17	2.707795E-19
9.380989E+03	1.119504E-17	2.713895E-19
9.381189E+03	1.121202E-17	2.717946E-19
9.381389E+03	1.122688E-17	2.721482E-19
9.381589E+03	1.124914E-17	2.726815E-19
9.381789E+03	1.127459E-17	2.732918E-19
9.381988E+03	1.129791E-17	2.738506E-19
9.382189E+03	1.132546E-17	2.745119E-19
9.382388E+03	1.133821E-17	2.748144E-19
9.382588E+03	1.134037E-17	2.748603E-19
9.382789E+03	1.134464E-17	2.749574E-19
9.382988E+03	1.135421E-17	2.751830E-19
9.383188E+03	1.136802E-17	2.755110E-19
9.383388E+03	1.137335E-17	2.756339E-19
9.383588E+03	1.136705E-17	2.754746E-19
9.383788E+03	1.136921E-17	2.755206E-19
9.383988E+03	1.137877E-17	2.757460E-19
9.384188E+03	1.138411E-17	2.758689E-19
9.384388E+03	1.138733E-17	2.759407E-19
9.384588E+03	1.139690E-17	2.761660E-19
9.384788E+03	1.140752E-17	2.764172E-19
9.384988E+03	1.142027E-17	2.767197E-19
9.385188E+03	1.142983E-17	2.769451E-19
9.385389E+03	1.143200E-17	2.769911E-19
9.385589E+03	1.142886E-17	2.769089E-19
9.385789E+03	1.143632E-17	2.770832E-19
9.385989E+03	1.145329E-17	2.774882E-19
9.386189E+03	1.145863E-17	2.776111E-19
9.386389E+03	1.145868E-17	2.776061E-19
9.386589E+03	1.146295E-17	2.777033E-19
9.386789E+03	1.147040E-17	2.778776E-19
9.386989E+03	1.147998E-17	2.781033E-19
9.387189E+03	1.148637E-17	2.782518E-19
9.387589E+03	1.149069E-17	2.783441E-19
9.387789E+03	1.149285E-17	2.783903E-19
9.387989E+03	1.149925E-17	2.785391E-19
9.388189E+03	1.150988E-17	2.787903E-19
9.388389E+03	1.151626E-17	2.789389E-19
9.388589E+03	1.152054E-17	2.790364E-19
9.388789E+03	1.152588E-17	2.791595E-19
9.388989E+03	1.152804E-17	2.792057E-19
9.389189E+03	1.151751E-17	2.789445E-19
9.389389E+03	1.151967E-17	2.789908E-19
9.389589E+03	1.152818E-17	2.791907E-19
9.389789E+03	1.152927E-17	2.792112E-19
9.389989E+03	1.152826E-17	2.791807E-19
9.390190E+03	1.153042E-17	2.792269E-19
9.390390E+03	1.153682E-17	2.793759E-19
9.390590E+03	1.153898E-17	2.794222E-19
9.390790E+03	1.152844E-17	2.791609E-19
9.390990E+03	1.151261E-17	2.787715E-19
9.391190E+03	1.151159E-17	2.787410E-19
9.391390E+03	1.151587E-17	2.788388E-19
9.391590E+03	1.151486E-17	2.788083E-19
9.391790E+03	1.151279E-17	2.787521E-19
9.391990E+03	1.151177E-17	2.787217E-19
9.392190E+03	1.151076E-17	2.786913E-19
9.392390E+03	1.150868E-17	2.786352E-19
9.392590E+03	1.150132E-17	2.784510E-19
9.392790E+03	1.149501E-17	2.782925E-19
9.392990E+03	1.149612E-17	2.783135E-19
9.393190E+03	1.149934E-17	2.783855E-19
9.393390E+03	1.150467E-17	2.785089E-19
9.393590E+03	1.151741E-17	2.788116E-19
9.393790E+03	1.153228E-17	2.791656E-19
9.393990E+03	1.153868E-17	2.793148E-19
9.394190E+03	1.154189E-17	2.793868E-19
9.394390E+03	1.154511E-17	2.794589E-19
9.394590E+03	1.154092E-17	2.793519E-19
9.394790E+03	1.152933E-17	2.790655E-19
9.394989E+03	1.151984E-17	2.788303E-19
9.395191E+03	1.151671E-17	2.787488E-19
9.395390E+03	1.151887E-17	2.787954E-19
9.395591E+03	1.152208E-17	2.788676E-19
9.395790E+03	1.152319E-17	2.788888E-19
9.395990E+03	1.151794E-17	2.787561E-19
9.396190E+03	1.151587E-17	2.787003E-19
9.396390E+03	1.151591E-17	2.786957E-19
9.396590E+03	1.151595E-17	2.786912E-19
9.396790E+03	1.152340E-17	2.788660E-19
9.396990E+03	1.153616E-17	2.791691E-19
9.397190E+03	1.154255E-17	2.793181E-19
9.397390E+03	1.154047E-17	2.792624E-19
9.397590E+03	1.154369E-17	2.793349E-19
9.397790E+03	1.155856E-17	2.796890E-19
9.397990E+03	1.157342E-17	2.800432E-19
9.398190E+03	1.158511E-17	2.803206E-19
9.398390E+03	1.158727E-17	2.803674E-19
9.398590E+03	1.158413E-17	2.802859E-19
9.398790E+03	1.158735E-17	2.803585E-19
9.398990E+03	1.160010E-17	2.806614E-19
9.399190E+03	1.161496E-17	2.810156E-19
9.399390E+03	1.162029E-17	2.811392E-19
9.399590E+03	1.162245E-17	2.811861E-19
9.399790E+03	1.162780E-17	2.813100E-19
9.399991E+03	1.163418E-17	2.814591E-19
9.400191E+03	1.163741E-17	2.815317E-19
9.400391E+03	1.163640E-17	2.815019E-19
9.400591E+03	1.163537E-17	2.814719E-19
9.400791E+03	1.163331E-17	2.814165E-19
9.400991E+03	1.163017E-17	2.813353E-19
9.401191E+03	1.162915E-17	2.813055E-19
9.401391E+03	1.162391E-17	2.811733E-19
9.401591E+03	1.161971E-17	2.810666E-19
9.401791E+03	1.161341E-17	2.809089E-19
9.401991E+03	1.160816E-17	2.807767E-19
9.402191E+03	1.160820E-17	2.807725E-19
9.402391E+03	1.161353E-17	2.808963E-19
9.402591E+03	1.161569E-17	2.809434E-19
9.402991E+03	1.161049E-17	2.808072E-19
9.403191E+03	1.160524E-17	2.806751E-19
9.403391E+03	1.160635E-17	2.806968E-19
9.403591E+03	1.161273E-17	2.808462E-19
9.403791E+03	1.161384E-17	2.808678E-19
9.403991E+03	1.160859E-17	2.807358E-19
9.404191E+03	1.161498E-17	2.808852E-19
9.404391E+03	1.161714E-17	2.809325E-19
9.404591E+03	1.161189E-17	2.808005E-19
9.404791E+03	1.160770E-17	2.806941E-19
9.404992E+03	1.160139E-17	2.805366E-19
9.405192E+03	1.159826E-17	2.804560E-19
9.405392E+03	1.160041E-17	2.805030E-19
9.405592E+03	1.159940E-17	2.804736E-19
9.405792E+03	1.159204E-17	2.802905E-19
9.405992E+03	1.158679E-17	2.801587E-19
9.406192E+03	1.158154E-17	2.800269E-19
9.406392E+03	1.158158E-17	2.800231E-19
9.406592E+03	1.157844E-17	2.799423E-19
9.406792E+03	1.157425E-17	2.798361E-19
9.406992E+03	1.157641E-17	2.798835E-19
9.407192E+03	1.157857E-17	2.799309E-19
9.407392E+03	1.157437E-17	2.798247E-19
9.407592E+03	1.156489E-17	2.795906E-19
9.407792E+03	1.156070E-17	2.794844E-19
9.407992E+03	1.156709E-17	2.796343E-19
9.408192E+03	1.157666E-17	2.798609E-19
9.408391E+03	1.157565E-17	2.798318E-19
9.408592E+03	1.157251E-17	2.797511E-19
9.408791E+03	1.157362E-17	2.797732E-19
9.408992E+03	1.157790E-17	2.798719E-19
9.409191E+03	1.158111E-17	2.799450E-19
9.409391E+03	1.157903E-17	2.798901E-19
9.409591E+03	1.157591E-17	2.798099E-19
9.409792E+03	1.157277E-17	2.797293E-19
9.409992E+03	1.157493E-17	2.797769E-19
9.410192E+03	1.158026E-17	2.799012E-19
9.410392E+03	1.158137E-17	2.799234E-19
9.410592E+03	1.157823E-17	2.798429E-19
9.410792E+03	1.158462E-17	2.799930E-19
9.410992E+03	1.159631E-17	2.802709E-19
9.411192E+03	1.159423E-17	2.802162E-19
9.411392E+03	1.158687E-17	2.800337E-19
9.411592E+03	1.157844E-17	2.798254E-19
9.411792E+03	1.156684E-17	2.795406E-19
9.411992E+03	1.156476E-17	2.794860E-19
9.412192E+03	1.157116E-17	2.796361E-19
9.412392E+03	1.157014E-17	2.796070E-19
9.412592E+03	1.156277E-17	2.794246E-19
9.412792E+03	1.155539E-17	2.792419E-19
9.412992E+03	1.155650E-17	2.792643E-19
9.413192E+03	1.156290E-17	2.794145E-19
9.413392E+03	1.156505E-17	2.794621E-19
9.413592E+03	1.156616E-17	2.794845E-19
9.413792E+03	1.157678E-17	2.797368E-19
9.413992E+03	1.158529E-17	2.799383E-19
9.414192E+03	1.157686E-17	2.797303E-19
9.414392E+03	1.157055E-17	2.795735E-19
9.414592E+03	1.157907E-17	2.797750E-19
9.414793E+03	1.158652E-17	2.799507E-19
9.414993E+03	1.158127E-17	2.798197E-19
9.415193E+03	1.158978E-17	2.800211E-19
9.415393E+03	1.161523E-17	2.806317E-19
9.415593E+03	1.163222E-17	2.810379E-19
9.415793E+03	1.164497E-17	2.813418E-19
9.415993E+03	1.163230E-17	2.810316E-19
9.416193E+03	1.160269E-17	2.803121E-19
9.416393E+03	1.158156E-17	2.797973E-19
9.416593E+03	1.157525E-17	2.796407E-19
9.416793E+03	1.156787E-17	2.794584E-19
9.416993E+03	1.156156E-17	2.793019E-19
9.417193E+03	1.155737E-17	2.791965E-19
9.417393E+03	1.154894E-17	2.789888E-19
9.417593E+03	1.153839E-17	2.787300E-19
9.417793E+03	1.152679E-17	2.784457E-19
9.417993E+03	1.152153E-17	2.783148E-19
9.418193E+03	1.152687E-17	2.784396E-19
9.418393E+03	1.153008E-17	2.785132E-19
9.418593E+03	1.152483E-17	2.783826E-19
9.418793E+03	1.152064E-17	2.782773E-19
9.418993E+03	1.151538E-17	2.781464E-19
9.419193E+03	1.151860E-17	2.782202E-19
9.419393E+03	1.152818E-17	2.784476E-19
9.419594E+03	1.154410E-17	2.788282E-19
9.419794E+03	1.155790E-17	2.791578E-19
9.419994E+03	1.157382E-17	2.795384E-19
9.420194E+03	1.158869E-17	2.798936E-19
9.420394E+03	1.159720E-17	2.800954E-19
9.420594E+03	1.160360E-17	2.802461E-19
9.420794E+03	1.160893E-17	2.803710E-19
9.420994E+03	1.161851E-17	2.805985E-19
9.421193E+03	1.163126E-17	2.809027E-19
9.421994E+03	1.164201E-17	2.811471E-19
9.422193E+03	1.165899E-17	2.815535E-19
9.422393E+03	1.168868E-17	2.822668E-19
9.422593E+03	1.171732E-17	2.829546E-19
9.422793E+03	1.172689E-17	2.831819E-19
9.422993E+03	1.173116E-17	2.832815E-19
9.423193E+03	1.173968E-17	2.834834E-19
9.423393E+03	1.174925E-17	2.837110E-19
9.423593E+03	1.175882E-17	2.839383E-19
9.423793E+03	1.175993E-17	2.839614E-19
9.423993E+03	1.176526E-17	2.840865E-19
9.424193E+03	1.176742E-17	2.841350E-19
9.424393E+03	1.175687E-17	2.838767E-19
9.424594E+03	1.175268E-17	2.837719E-19
9.424794E+03	1.175907E-17	2.839227E-19
9.424994E+03	1.175912E-17	2.839202E-19
9.425194E+03	1.175809E-17	2.838920E-19
9.425394E+03	1.175390E-17	2.837872E-19
9.425594E+03	1.174546E-17	2.835799E-19
9.425794E+03	1.175080E-17	2.837054E-19
9.425994E+03	1.176673E-17	2.840865E-19
9.426194E+03	1.177525E-17	2.842885E-19
9.426394E+03	1.177529E-17	2.842861E-19
9.426594E+03	1.179015E-17	2.846416E-19
9.426794E+03	1.180395E-17	2.849713E-19
9.426994E+03	1.180930E-17	2.850968E-19
9.427194E+03	1.180616E-17	2.850176E-19
9.427394E+03	1.181573E-17	2.852454E-19
9.427594E+03	1.180942E-17	2.850897E-19
9.427794E+03	1.179145E-17	2.846525E-19
9.427994E+03	1.178514E-17	2.844968E-19
9.428194E+03	1.178942E-17	2.845967E-19
9.428394E+03	1.179052E-17	2.846201E-19
9.428594E+03	1.178420E-17	2.844642E-19
9.428794E+03	1.178213E-17	2.844109E-19
9.428994E+03	1.178746E-17	2.845363E-19
9.429194E+03	1.179068E-17	2.846108E-19
9.429395E+03	1.178119E-17	2.843785E-19
9.429595E+03	1.176746E-17	2.840439E-19
9.429795E+03	1.176644E-17	2.840160E-19
9.429995E+03	1.178025E-17	2.843462E-19
9.430195E+03	1.178877E-17	2.845485E-19
9.430395E+03	1.179304E-17	2.846486E-19
9.430595E+03	1.180155E-17	2.848509E-19
9.430795E+03	1.180478E-17	2.849255E-19
9.430995E+03	1.179422E-17	2.846677E-19
9.431195E+03	1.177943E-17	2.843076E-19
9.431395E+03	1.177524E-17	2.842033E-19
9.431595E+03	1.178270E-17	2.843803E-19
9.431795E+03	1.178485E-17	2.844291E-19
9.431995E+03	1.177219E-17	2.841205E-19
9.432195E+03	1.176058E-17	2.838373E-19
9.432395E+03	1.175108E-17	2.836050E-19
9.432595E+03	1.174159E-17	2.833729E-19
9.432795E+03	1.172363E-17	2.829365E-19
9.432995E+03	1.170777E-17	2.825510E-19
9.433195E+03	1.170252E-17	2.824212E-19
9.433395E+03	1.170574E-17	2.824961E-19
9.433595E+03	1.170790E-17	2.825453E-19
9.433795E+03	1.170265E-17	2.824156E-19
9.433995E+03	1.168998E-17	2.821069E-19
9.434194E+03	1.167094E-17	2.816448E-19
9.434396E+03	1.165510E-17	2.812596E-19
9.434595E+03	1.164878E-17	2.811043E-19
9.434796E+03	1.164882E-17	2.811026E-19
9.434996E+03	1.165945E-17	2.813563E-19
9.435195E+03	1.167961E-17	2.818400E-19
9.435395E+03	1.169767E-17	2.822730E-19
9.435595E+03	1.171253E-17	2.826289E-19
9.435795E+03	1.172316E-17	2.828826E-19
9.435995E+03	1.172956E-17	2.830342E-19
9.436195E+03	1.173808E-17	2.832371E-19
9.436395E+03	1.174764E-17	2.834652E-19
9.436595E+03	1.174875E-17	2.834892E-19
9.436795E+03	1.173395E-17	2.831295E-19
9.436995E+03	1.170963E-17	2.825400E-19
9.437195E+03	1.169061E-17	2.820784E-19
9.437395E+03	1.168429E-17	2.819233E-19
9.437595E+03	1.168750E-17	2.819983E-19
9.437795E+03	1.169391E-17	2.821502E-19
9.437995E+03	1.169817E-17	2.822506E-19
9.438195E+03	1.169716E-17	2.822237E-19
9.438395E+03	1.169508E-17	2.821708E-19
9.438595E+03	1.169194E-17	2.820926E-19
9.438795E+03	1.168880E-17	2.820144E-19
9.438995E+03	1.168567E-17	2.819362E-19
9.439196E+03	1.167935E-17	2.817813E-19
9.439396E+03	1.167516E-17	2.816777E-19
9.439596E+03	1.167413E-17	2.816507E-19
9.441796E+03	1.167456E-17	2.816352E-19
9.442396E+03	1.167362E-17	2.816056E-19
9.442596E+03	1.167684E-17	2.816809E-19
9.442796E+03	1.167793E-17	2.817052E-19
9.442996E+03	1.167586E-17	2.816529E-19
9.443196E+03	1.167271E-17	2.815749E-19
9.443396E+03	1.166852E-17	2.814716E-19
9.443596E+03	1.168021E-17	2.817515E-19
9.443796E+03	1.169084E-17	2.820057E-19
9.443997E+03	1.168029E-17	2.817491E-19
9.444197E+03	1.165914E-17	2.812369E-19
9.444397E+03	1.164541E-17	2.809036E-19
9.444597E+03	1.164014E-17	2.807745E-19
9.444797E+03	1.164230E-17	2.808246E-19
9.444997E+03	1.164870E-17	2.809768E-19
9.445197E+03	1.165086E-17	2.810269E-19
9.445397E+03	1.164559E-17	2.808979E-19
9.445597E+03	1.164669E-17	2.809224E-19
9.445797E+03	1.165626E-17	2.811513E-19
9.445997E+03	1.166902E-17	2.814570E-19
9.446197E+03	1.168389E-17	2.818138E-19
9.446397E+03	1.170618E-17	2.823493E-19
9.446597E+03	1.171257E-17	2.825016E-19
9.446797E+03	1.169884E-17	2.821685E-19
9.446996E+03	1.168828E-17	2.819119E-19
9.447197E+03	1.169680E-17	2.821155E-19
9.447397E+03	1.170849E-17	2.823957E-19
9.447596E+03	1.170747E-17	2.823692E-19
9.447797E+03	1.170538E-17	2.823171E-19
9.447996E+03	1.169907E-17	2.821629E-19
9.448197E+03	1.168109E-17	2.817276E-19
9.448396E+03	1.166100E-17	2.812412E-19
9.448596E+03	1.165363E-17	2.810617E-19
9.448796E+03	1.166002E-17	2.812142E-19
9.448997E+03	1.167383E-17	2.815454E-19
9.449197E+03	1.168340E-17	2.817746E-19
9.449397E+03	1.168238E-17	2.817483E-19
9.449597E+03	1.168348E-17	2.817731E-19
9.449797E+03	1.168776E-17	2.818745E-19
9.449997E+03	1.169521E-17	2.820527E-19
9.450197E+03	1.170267E-17	2.822309E-19
9.450397E+03	1.170482E-17	2.822811E-19
9.450597E+03	1.170275E-17	2.822295E-19
9.450797E+03	1.169960E-17	2.821520E-19
9.450997E+03	1.169328E-17	2.819981E-19
9.451197E+03	1.168378E-17	2.817675E-19
9.451397E+03	1.167217E-17	2.814858E-19
9.451597E+03	1.166585E-17	2.813320E-19
9.451797E+03	1.166695E-17	2.813569E-19
9.451997E+03	1.167123E-17	2.814585E-19
9.452197E+03	1.166914E-17	2.814068E-19
9.452397E+03	1.166601E-17	2.813297E-19
9.452597E+03	1.166498E-17	2.813034E-19
9.452797E+03	1.167350E-17	2.815074E-19
9.452997E+03	1.168730E-17	2.818389E-19
9.453197E+03	1.169158E-17	2.819406E-19
9.453397E+03	1.168633E-17	2.818125E-19
9.453597E+03	1.168636E-17	2.818119E-19
9.453798E+03	1.169064E-17	2.819137E-19
9.453998E+03	1.169809E-17	2.820921E-19
9.454198E+03	1.170660E-17	2.822960E-19
9.454398E+03	1.171617E-17	2.825255E-19
9.454598E+03	1.172045E-17	2.826273E-19
9.454798E+03	1.171731E-17	2.825504E-19
9.454998E+03	1.171205E-17	2.824222E-19
9.455198E+03	1.170785E-17	2.823197E-19
9.455398E+03	1.170153E-17	2.821661E-19
9.455598E+03	1.169097E-17	2.819102E-19
9.455798E+03	1.167936E-17	2.816290E-19
9.455998E+03	1.167728E-17	2.815775E-19
9.456198E+03	1.168261E-17	2.817049E-19
9.456398E+03	1.169218E-17	2.819345E-19
9.456598E+03	1.170388E-17	2.822155E-19
9.456798E+03	1.171981E-17	2.825985E-19
9.456998E+03	1.173468E-17	2.829559E-19
9.457198E+03	1.174849E-17	2.832877E-19
9.457398E+03	1.176337E-17	2.836454E-19
9.457598E+03	1.177188E-17	2.838495E-19
9.457798E+03	1.175920E-17	2.835427E-19
9.457998E+03	1.173911E-17	2.830573E-19
9.458198E+03	1.172749E-17	2.827760E-19
9.458398E+03	1.172859E-17	2.828014E-19
9.458598E+03	1.173180E-17	2.828779E-19
9.458799E+03	1.173289E-17	2.829033E-19
9.458999E+03	1.173082E-17	2.828524E-19
9.459199E+03	1.172661E-17	2.827499E-19
9.459399E+03	1.172772E-17	2.827756E-19
9.459599E+03	1.173305E-17	2.829032E-19
9.459799E+03	1.173096E-17	2.828520E-19
9.460799E+03	1.172585E-17	2.827246E-19
9.460998E+03	1.172484E-17	2.826991E-19
9.461199E+03	1.173123E-17	2.828524E-19
9.461398E+03	1.174080E-17	2.830824E-19
9.461598E+03	1.175144E-17	2.833381E-19
9.461798E+03	1.175995E-17	2.835427E-19
9.461998E+03	1.177164E-17	2.838238E-19
9.462198E+03	1.179182E-17	2.843094E-19
9.462398E+03	1.180668E-17	2.846672E-19
9.462598E+03	1.180248E-17	2.845652E-19
9.462798E+03	1.179193E-17	2.843100E-19
9.462998E+03	1.178878E-17	2.842334E-19
9.463198E+03	1.178989E-17	2.842595E-19
9.463398E+03	1.178780E-17	2.842086E-19
9.463599E+03	1.178466E-17	2.841321E-19
9.463799E+03	1.178787E-17	2.842089E-19
9.463999E+03	1.179003E-17	2.842604E-19
9.464199E+03	1.178583E-17	2.841586E-19
9.464399E+03	1.179010E-17	2.842611E-19
9.464599E+03	1.180497E-17	2.846190E-19
9.464799E+03	1.181773E-17	2.849261E-19
9.464999E+03	1.182519E-17	2.851054E-19
9.465199E+03	1.182734E-17	2.851567E-19
9.465399E+03	1.182738E-17	2.851572E-19
9.465599E+03	1.183589E-17	2.853619E-19
9.465799E+03	1.185077E-17	2.857201E-19
9.465999E+03	1.185186E-17	2.857461E-19
9.466199E+03	1.184555E-17	2.855934E-19
9.466399E+03	1.184982E-17	2.856961E-19
9.466599E+03	1.186151E-17	2.859775E-19
9.466799E+03	1.186791E-17	2.861314E-19
9.466999E+03	1.187430E-17	2.862852E-19
9.467199E+03	1.187858E-17	2.863879E-19
9.467399E+03	1.187438E-17	2.862863E-19
9.467599E+03	1.186487E-17	2.860568E-19
9.467799E+03	1.185750E-17	2.858786E-19
9.467999E+03	1.185435E-17	2.858025E-19
9.468199E+03	1.185015E-17	2.857010E-19
9.468399E+03	1.184489E-17	2.855739E-19
9.468600E+03	1.184705E-17	2.856257E-19
9.468800E+03	1.186086E-17	2.859585E-19
9.469000E+03	1.188315E-17	2.864956E-19
9.469200E+03	1.190438E-17	2.870074E-19
9.469400E+03	1.191396E-17	2.872382E-19
9.469600E+03	1.191718E-17	2.873155E-19
9.469800E+03	1.192039E-17	2.873928E-19
9.470000E+03	1.192043E-17	2.873937E-19
9.470200E+03	1.192471E-17	2.874966E-19
9.470400E+03	1.193852E-17	2.878295E-19
9.470600E+03	1.194386E-17	2.879582E-19
9.470800E+03	1.193435E-17	2.877289E-19
9.471000E+03	1.193333E-17	2.877043E-19
9.471200E+03	1.193337E-17	2.877051E-19
9.471400E+03	1.192281E-17	2.874505E-19
9.471600E+03	1.190588E-17	2.870424E-19
9.471800E+03	1.188261E-17	2.864813E-19
9.472000E+03	1.186993E-17	2.861756E-19
9.472200E+03	1.187527E-17	2.863043E-19
9.472400E+03	1.188272E-17	2.864841E-19
9.472600E+03	1.188699E-17	2.865872E-19
9.472800E+03	1.189763E-17	2.868437E-19
9.472999E+03	1.191250E-17	2.872024E-19
9.473200E+03	1.191572E-17	2.872800E-19
9.473400E+03	1.191152E-17	2.871789E-19
9.473601E+03	1.191155E-17	2.871799E-19
9.473800E+03	1.190735E-17	2.870788E-19
9.474001E+03	1.189467E-17	2.867732E-19
9.474201E+03	1.188834E-17	2.866209E-19
9.474400E+03	1.188839E-17	2.866222E-19
9.474600E+03	1.188630E-17	2.865722E-19
9.474800E+03	1.188422E-17	2.865222E-19
9.475000E+03	1.188001E-17	2.864210E-19
9.475200E+03	1.187264E-17	2.862434E-19
9.475400E+03	1.186843E-17	2.861423E-19
9.475600E+03	1.186528E-17	2.860667E-19
9.475800E+03	1.186638E-17	2.860935E-19
9.476000E+03	1.187172E-17	2.862225E-19
9.476200E+03	1.186645E-17	2.860960E-19
9.476400E+03	1.185377E-17	2.857906E-19
9.476600E+03	1.184215E-17	2.855109E-19
9.476800E+03	1.182735E-17	2.851543E-19
9.479001E+03	1.181184E-17	2.847861E-19
9.479201E+03	1.179704E-17	2.844298E-19
9.479401E+03	1.178754E-17	2.842012E-19
9.479601E+03	1.177909E-17	2.839982E-19
9.479801E+03	1.176747E-17	2.837187E-19
9.480001E+03	1.175054E-17	2.833111E-19
9.480201E+03	1.173786E-17	2.830060E-19
9.480401E+03	1.172518E-17	2.827009E-19
9.480601E+03	1.170613E-17	2.822424E-19
9.480801E+03	1.168179E-17	2.816562E-19
9.481001E+03	1.166274E-17	2.811976E-19
9.481201E+03	1.166279E-17	2.811994E-19
9.481401E+03	1.166600E-17	2.812777E-19
9.481601E+03	1.166179E-17	2.811770E-19
9.481801E+03	1.164699E-17	2.808208E-19
9.482001E+03	1.163324E-17	2.804902E-19
9.482201E+03	1.162798E-17	2.803642E-19
9.482401E+03	1.162802E-17	2.803659E-19
9.482601E+03	1.162593E-17	2.803163E-19
9.482801E+03	1.162067E-17	2.801903E-19
9.483001E+03	1.161646E-17	2.800898E-19
9.483202E+03	1.161861E-17	2.801425E-19
9.483402E+03	1.162077E-17	2.801955E-19
9.483602E+03	1.161656E-17	2.800950E-19
9.483802E+03	1.161024E-17	2.799435E-19
9.484002E+03	1.161028E-17	2.799452E-19
9.484202E+03	1.161561E-17	2.800749E-19
9.484402E+03	1.162943E-17	2.804089E-19
9.484602E+03	1.164641E-17	2.808196E-19
9.484802E+03	1.164540E-17	2.807960E-19
9.485002E+03	1.163164E-17	2.804655E-19
9.485202E+03	1.161896E-17	2.801608E-19
9.485402E+03	1.161900E-17	2.801627E-19
9.485602E+03	1.162645E-17	2.803435E-19
9.485802E+03	1.162649E-17	2.803454E-19
9.486002E+03	1.162017E-17	2.801941E-19
9.486201E+03	1.162338E-17	2.802727E-19
9.486401E+03	1.163083E-17	2.804536E-19
9.486602E+03	1.162980E-17	2.804299E-19
9.486801E+03	1.162242E-17	2.802530E-19
9.487002E+03	1.162034E-17	2.802040E-19
9.487201E+03	1.161931E-17	2.801804E-19
9.487401E+03	1.161299E-17	2.800292E-19
9.487601E+03	1.160348E-17	2.798011E-19
9.487801E+03	1.159185E-17	2.795220E-19
9.488001E+03	1.157599E-17	2.791406E-19
9.488202E+03	1.155164E-17	2.785548E-19
9.488402E+03	1.153471E-17	2.781478E-19
9.488602E+03	1.154005E-17	2.782779E-19
9.488802E+03	1.155598E-17	2.786635E-19
9.489002E+03	1.156556E-17	2.788958E-19
9.489202E+03	1.156983E-17	2.790000E-19
9.489402E+03	1.156986E-17	2.790022E-19
9.489602E+03	1.157414E-17	2.791067E-19
9.489802E+03	1.158478E-17	2.793648E-19
9.490002E+03	1.159647E-17	2.796482E-19
9.490202E+03	1.161135E-17	2.800083E-19
9.490402E+03	1.163046E-17	2.804707E-19
9.490602E+03	1.164852E-17	2.809077E-19
9.490802E+03	1.164961E-17	2.809354E-19
9.491002E+03	1.164223E-17	2.807589E-19
9.492402E+03	1.163716E-17	2.806477E-19
9.492602E+03	1.163720E-17	2.806501E-19
9.492802E+03	1.162875E-17	2.804481E-19
9.493003E+03	1.160971E-17	2.799905E-19
9.493203E+03	1.159808E-17	2.797118E-19
9.493403E+03	1.159917E-17	2.797397E-19
9.493603E+03	1.160663E-17	2.799212E-19
9.493803E+03	1.160985E-17	2.800006E-19
9.494003E+03	1.160987E-17	2.800029E-19
9.494203E+03	1.161310E-17	2.800824E-19
9.494403E+03	1.161207E-17	2.800594E-19
9.494603E+03	1.160680E-17	2.799341E-19
9.494803E+03	1.160683E-17	2.799367E-19
9.495003E+03	1.160792E-17	2.799647E-19
9.495203E+03	1.160478E-17	2.798908E-19
9.495403E+03	1.160270E-17	2.798424E-19
9.495603E+03	1.161120E-17	2.800494E-19
9.495803E+03	1.162502E-17	2.803846E-19
9.496003E+03	1.163460E-17	2.806176E-19
9.496203E+03	1.163782E-17	2.806969E-19
9.496403E+03	1.163467E-17	2.806231E-19
9.496603E+03	1.162940E-17	2.804979E-19
9.496803E+03	1.161883E-17	2.802449E-19
9.497003E+03	1.160297E-17	2.798642E-19
9.497203E+03	1.159664E-17	2.797135E-19
9.497403E+03	1.159985E-17	2.797930E-19
9.497603E+03	1.160519E-17	2.799238E-19
9.497804E+03	1.160840E-17	2.800033E-19
9.498004E+03	1.160631E-17	2.799549E-19
9.498204E+03	1.160528E-17	2.799322E-19
9.498404E+03	1.160214E-17	2.798585E-19
9.498604E+03	1.158945E-17	2.795545E-19
9.498804E+03	1.158100E-17	2.793527E-19
9.499004E+03	1.158527E-17	2.794579E-19
9.499203E+03	1.158637E-17	2.794865E-19
9.499404E+03	1.158004E-17	2.793360E-19
9.499603E+03	1.158538E-17	2.794669E-19
9.499803E+03	1.159601E-17	2.797255E-19
9.500004E+03	1.159923E-17	2.798055E-19
9.500203E+03	1.160351E-17	2.799109E-19
9.500403E+03	1.160884E-17	2.800416E-19
9.500603E+03	1.161524E-17	2.801983E-19
9.500803E+03	1.162269E-17	2.803803E-19
9.501003E+03	1.162484E-17	2.804345E-19
9.501203E+03	1.161852E-17	2.802843E-19
9.501403E+03	1.161643E-17	2.802362E-19
9.501603E+03	1.162282E-17	2.803927E-19
9.501803E+03	1.163346E-17	2.806518E-19
9.502003E+03	1.163667E-17	2.807316E-19
9.502203E+03	1.163247E-17	2.806325E-19
9.502403E+03	1.163250E-17	2.806358E-19
9.502603E+03	1.163465E-17	2.806901E-19
9.502804E+03	1.163680E-17	2.807444E-19
9.503404E+03	1.164433E-17	2.809333E-19
9.503604E+03	1.165497E-17	2.811925E-19
9.503804E+03	1.166348E-17	2.814004E-19
9.504004E+03	1.166988E-17	2.815574E-19
9.504204E+03	1.167310E-17	2.816375E-19
9.504404E+03	1.167737E-17	2.817431E-19
9.504604E+03	1.168589E-17	2.819512E-19
9.504804E+03	1.169334E-17	2.821336E-19
9.505004E+03	1.170080E-17	2.823163E-19
9.505204E+03	1.170508E-17	2.824221E-19
9.505404E+03	1.171040E-17	2.825533E-19
9.505604E+03	1.171044E-17	2.825568E-19
9.505804E+03	1.170623E-17	2.824580E-19
9.506004E+03	1.170414E-17	2.824103E-19
9.506204E+03	1.169994E-17	2.823115E-19
9.506404E+03	1.169573E-17	2.822128E-19
9.506604E+03	1.169364E-17	2.821651E-19
9.506804E+03	1.169262E-17	2.821431E-19
9.507004E+03	1.168946E-17	2.820698E-19
9.507204E+03	1.168632E-17	2.819968E-19
9.507404E+03	1.168423E-17	2.819491E-19
9.507605E+03	1.168427E-17	2.819528E-19
9.507805E+03	1.168535E-17	2.819819E-19
9.508005E+03	1.168009E-17	2.818576E-19
9.508205E+03	1.166846E-17	2.815798E-19
9.508405E+03	1.166001E-17	2.813789E-19
9.508605E+03	1.164944E-17	2.811268E-19
9.508805E+03	1.163675E-17	2.808234E-19
9.509005E+03	1.163042E-17	2.806735E-19
9.509205E+03	1.163151E-17	2.807027E-19
9.509405E+03	1.163261E-17	2.807322E-19
9.509605E+03	1.163264E-17	2.807360E-19
9.509805E+03	1.163373E-17	2.807652E-19
9.510005E+03	1.163589E-17	2.808204E-19
9.510205E+03	1.163910E-17	2.809009E-19
9.510405E+03	1.164125E-17	2.809559E-19
9.510605E+03	1.163916E-17	2.809085E-19
9.510805E+03	1.164132E-17	2.809637E-19
9.511005E+03	1.164560E-17	2.810700E-19
9.511205E+03	1.164245E-17	2.809970E-19
9.511405E+03	1.163399E-17	2.807961E-19
9.511605E+03	1.162660E-17	2.806208E-19
9.511805E+03	1.162346E-17	2.805481E-19
9.512005E+03	1.162561E-17	2.806032E-19
9.512204E+03	1.162671E-17	2.806328E-19
9.512405E+03	1.162356E-17	2.805600E-19
9.512605E+03	1.162464E-17	2.805895E-19
9.512806E+03	1.162680E-17	2.806448E-19
9.513005E+03	1.162789E-17	2.806743E-19
9.513206E+03	1.163110E-17	2.807552E-19
9.513405E+03	1.163963E-17	2.809642E-19
9.513605E+03	1.164602E-17	2.811217E-19
9.513805E+03	1.165029E-17	2.812282E-19
9.514005E+03	1.165351E-17	2.813091E-19
9.514205E+03	1.165673E-17	2.813902E-19
9.514405E+03	1.166100E-17	2.814968E-19
9.514605E+03	1.166527E-17	2.816031E-19
9.514805E+03	1.167379E-17	2.818123E-19
9.515005E+03	1.169079E-17	2.822259E-19
9.515205E+03	1.170779E-17	2.826398E-19
9.515405E+03	1.171736E-17	2.828745E-19
9.515605E+03	1.171740E-17	2.828788E-19
9.515805E+03	1.171425E-17	2.828062E-19
9.516005E+03	1.171004E-17	2.827083E-19
9.516205E+03	1.170478E-17	2.825846E-19
9.516405E+03	1.170374E-17	2.825631E-19
9.516605E+03	1.170272E-17	2.825419E-19
9.516805E+03	1.170911E-17	2.827000E-19
9.517005E+03	1.172188E-17	2.830117E-19
9.517205E+03	1.172615E-17	2.831185E-19
9.517406E+03	1.172406E-17	2.830717E-19
9.517606E+03	1.171985E-17	2.829736E-19
9.517806E+03	1.171140E-17	2.827732E-19
9.518006E+03	1.171143E-17	2.827777E-19
9.518206E+03	1.171995E-17	2.829870E-19
9.518406E+03	1.171786E-17	2.829403E-19
9.518606E+03	1.170623E-17	2.826632E-19
9.518806E+03	1.169565E-17	2.824115E-19
9.519006E+03	1.168826E-17	2.822368E-19
9.519206E+03	1.167875E-17	2.820110E-19
9.519406E+03	1.167454E-17	2.819130E-19
9.521606E+03	1.168232E-17	2.821437E-19
9.521806E+03	1.169508E-17	2.824558E-19
9.522006E+03	1.170678E-17	2.827423E-19
9.522206E+03	1.171530E-17	2.829519E-19
9.522407E+03	1.171851E-17	2.830336E-19
9.522607E+03	1.171748E-17	2.830128E-19
9.522807E+03	1.171752E-17	2.830177E-19
9.523007E+03	1.171649E-17	2.829970E-19
9.523207E+03	1.171122E-17	2.828737E-19
9.523407E+03	1.171231E-17	2.829043E-19
9.523607E+03	1.171977E-17	2.830884E-19
9.523807E+03	1.172616E-17	2.832471E-19
9.524007E+03	1.172725E-17	2.832776E-19
9.524207E+03	1.172305E-17	2.831803E-19
9.524407E+03	1.171990E-17	2.831083E-19
9.524607E+03	1.172099E-17	2.831388E-19
9.524807E+03	1.173056E-17	2.833744E-19
9.525007E+03	1.173590E-17	2.835075E-19
9.525207E+03	1.172638E-17	2.832820E-19
9.525406E+03	1.171900E-17	2.831077E-19
9.525606E+03	1.172009E-17	2.831385E-19
9.525807E+03	1.172331E-17	2.832205E-19
9.526006E+03	1.172439E-17	2.832511E-19
9.526207E+03	1.172867E-17	2.833587E-19
9.526406E+03	1.173931E-17	2.836201E-19
9.526606E+03	1.175207E-17	2.839328E-19
9.526806E+03	1.176165E-17	2.841687E-19
9.527006E+03	1.176486E-17	2.842508E-19
9.527207E+03	1.177020E-17	2.843842E-19
9.527407E+03	1.177978E-17	2.846200E-19
9.527607E+03	1.178299E-17	2.847021E-19
9.527807E+03	1.178196E-17	2.846818E-19
9.528007E+03	1.178942E-17	2.848666E-19
9.528207E+03	1.180642E-17	2.852819E-19
9.528407E+03	1.182025E-17	2.856205E-19
9.528607E+03	1.182452E-17	2.857283E-19
9.528807E+03	1.181818E-17	2.855798E-19
9.529007E+03	1.181079E-17	2.854059E-19
9.529207E+03	1.180658E-17	2.853087E-19
9.529407E+03	1.180449E-17	2.852629E-19
9.529607E+03	1.180028E-17	2.851657E-19
9.529807E+03	1.179395E-17	2.850175E-19
9.530007E+03	1.179080E-17	2.849461E-19
9.530207E+03	1.179295E-17	2.850027E-19
9.530407E+03	1.179829E-17	2.851364E-19
9.530607E+03	1.180681E-17	2.853471E-19
9.530807E+03	1.181002E-17	2.854295E-19
9.531007E+03	1.180369E-17	2.852811E-19
9.531207E+03	1.180054E-17	2.852098E-19
9.531407E+03	1.180163E-17	2.852411E-19
9.531607E+03	1.180485E-17	2.853236E-19
9.531807E+03	1.180701E-17	2.853806E-19
9.532007E+03	1.180809E-17	2.854118E-19
9.532208E+03	1.181555E-17	2.855970E-19
9.532408E+03	1.182832E-17	2.859104E-19
9.532608E+03	1.183895E-17	2.861724E-19
9.532808E+03	1.183580E-17	2.861011E-19
9.533008E+03	1.182099E-17	2.857480E-19
9.533208E+03	1.181253E-17	2.855485E-19
9.533408E+03	1.181893E-17	2.857081E-19
9.533608E+03	1.183805E-17	2.861754E-19
9.533808E+03	1.185718E-17	2.866430E-19
9.534008E+03	1.186463E-17	2.868281E-19
9.534208E+03	1.186892E-17	2.869368E-19
9.534408E+03	1.187743E-17	2.871476E-19
9.534608E+03	1.189550E-17	2.875896E-19
9.534808E+03	1.191143E-17	2.879800E-19
9.535008E+03	1.191041E-17	2.879604E-19
9.535208E+03	1.189347E-17	2.875560E-19
9.535408E+03	1.188290E-17	2.873056E-19
9.535608E+03	1.188611E-17	2.873884E-19
9.535808E+03	1.189251E-17	2.875483E-19
9.536008E+03	1.189784E-17	2.876826E-19
9.536208E+03	1.190212E-17	2.877912E-19
9.536408E+03	1.190003E-17	2.877459E-19
9.536608E+03	1.189794E-17	2.877007E-19
9.536808E+03	1.190221E-17	2.878094E-19
9.537009E+03	1.190436E-17	2.878667E-19
9.537209E+03	1.189485E-17	2.876420E-19
9.537409E+03	1.188109E-17	2.873146E-19
9.537609E+03	1.188219E-17	2.873465E-19
9.537809E+03	1.189176E-17	2.875834E-19
9.538009E+03	1.189498E-17	2.876665E-19
9.538209E+03	1.189076E-17	2.875701E-19
9.538408E+03	1.188550E-17	2.874482E-19
9.538609E+03	1.188553E-17	2.874543E-19
9.538808E+03	1.189405E-17	2.876658E-19
9.539008E+03	1.189938E-17	2.878004E-19
9.539209E+03	1.189305E-17	2.876527E-19
9.539408E+03	1.188354E-17	2.874281E-19
9.539608E+03	1.188145E-17	2.873831E-19
9.539808E+03	1.188466E-17	2.874664E-19
9.540008E+03	1.189318E-17	2.876780E-19
9.540208E+03	1.190169E-17	2.878895E-19
9.540408E+03	1.190385E-17	2.879474E-19
9.540608E+03	1.189858E-17	2.878254E-19
9.540808E+03	1.189118E-17	2.876521E-19
9.541008E+03	1.189228E-17	2.876843E-19
9.541208E+03	1.190504E-17	2.879987E-19
9.541408E+03	1.192417E-17	2.884672E-19
9.541608E+03	1.193587E-17	2.887559E-19
9.541808E+03	1.193908E-17	2.888393E-19
9.542009E+03	1.194018E-17	2.888717E-19
9.542209E+03	1.194020E-17	2.888781E-19
9.542409E+03	1.194236E-17	2.889361E-19
9.542609E+03	1.194664E-17	2.890454E-19
9.542809E+03	1.194667E-17	2.890521E-19
9.543009E+03	1.194882E-17	2.891099E-19
9.543209E+03	1.196264E-17	2.894502E-19
9.543409E+03	1.198813E-17	2.900729E-19
9.543609E+03	1.201470E-17	2.907216E-19
9.543809E+03	1.203275E-17	2.911645E-19
9.544009E+03	1.202961E-17	2.910943E-19
9.544209E+03	1.201161E-17	2.906648E-19
9.544409E+03	1.199890E-17	2.903633E-19
9.544609E+03	1.202547E-17	2.910121E-19
9.544809E+03	1.204565E-17	2.915066E-19
9.545009E+03	1.204250E-17	2.914364E-19
9.545209E+03	1.203192E-17	2.911867E-19
9.545409E+03	1.202771E-17	2.910908E-19
9.545609E+03	1.204153E-17	2.914314E-19
9.545809E+03	1.205749E-17	2.918237E-19
9.546009E+03	1.206070E-17	2.919076E-19
9.546209E+03	1.206391E-17	2.919915E-19
9.546409E+03	1.207774E-17	2.923324E-19
9.546609E+03	1.208944E-17	2.926218E-19
9.546810E+03	1.208629E-17	2.925518E-19
9.547010E+03	1.206934E-17	2.921480E-19
9.547210E+03	1.204922E-17	2.916672E-19
9.547410E+03	1.203652E-17	2.913659E-19
9.547610E+03	1.203549E-17	2.913474E-19
9.547810E+03	1.204720E-17	2.916371E-19
9.548010E+03	1.206420E-17	2.920551E-19
9.548210E+03	1.207484E-17	2.923189E-19
9.548410E+03	1.208018E-17	2.924547E-19
9.548610E+03	1.208021E-17	2.924617E-19
9.548810E+03	1.207600E-17	2.923662E-19
9.549010E+03	1.207497E-17	2.923478E-19
9.549210E+03	1.208243E-17	2.925348E-19
9.549410E+03	1.209625E-17	2.928759E-19
9.549610E+03	1.210795E-17	2.931658E-19
9.549810E+03	1.211223E-17	2.932758E-19
9.550010E+03	1.210908E-17	2.932061E-19
9.550210E+03	1.211017E-17	2.932392E-19
9.550410E+03	1.211976E-17	2.934779E-19
9.550610E+03	1.212509E-17	2.936137E-19
9.550810E+03	1.213467E-17	2.938523E-19
9.551010E+03	1.215805E-17	2.944250E-19
9.551210E+03	1.217718E-17	2.948949E-19
9.551409E+03	1.218145E-17	2.950051E-19
9.551611E+03	1.218255E-17	2.950384E-19
9.551810E+03	1.218682E-17	2.951486E-19
9.552011E+03	1.218473E-17	2.951049E-19
9.552210E+03	1.218052E-17	2.950096E-19
9.552410E+03	1.218586E-17	2.951456E-19
9.552610E+03	1.219968E-17	2.954874E-19
9.552810E+03	1.221139E-17	2.957777E-19
9.553010E+03	1.222097E-17	2.960167E-19
9.553210E+03	1.223373E-17	2.963326E-19
9.553410E+03	1.224225E-17	2.965459E-19
9.553610E+03	1.224759E-17	2.966823E-19
9.553810E+03	1.225080E-17	2.967670E-19
9.554610E+03	1.224881E-17	2.967469E-19
9.554810E+03	1.224778E-17	2.967288E-19
9.555010E+03	1.225206E-17	2.968396E-19
9.555210E+03	1.225315E-17	2.968730E-19
9.555410E+03	1.225637E-17	2.969582E-19
9.555610E+03	1.226807E-17	2.972489E-19
9.555810E+03	1.228614E-17	2.976937E-19
9.556010E+03	1.230315E-17	2.981132E-19
9.556210E+03	1.231273E-17	2.983525E-19
9.556410E+03	1.232019E-17	2.985405E-19
9.556611E+03	1.232659E-17	2.987030E-19
9.556811E+03	1.232662E-17	2.987109E-19
9.557011E+03	1.233196E-17	2.988477E-19
9.557211E+03	1.233942E-17	2.990357E-19
9.557411E+03	1.233945E-17	2.990436E-19
9.557611E+03	1.233524E-17	2.989490E-19
9.557811E+03	1.233421E-17	2.989315E-19
9.558011E+03	1.233531E-17	2.989654E-19
9.558211E+03	1.233427E-17	2.989477E-19
9.558411E+03	1.233643E-17	2.990075E-19
9.558611E+03	1.233541E-17	2.989901E-19
9.558811E+03	1.233118E-17	2.988952E-19
9.559011E+03	1.233334E-17	2.989550E-19
9.559211E+03	1.234080E-17	2.991433E-19
9.559411E+03	1.234721E-17	2.993061E-19
9.559611E+03	1.235254E-17	2.994429E-19
9.559811E+03	1.236106E-17	2.996570E-19
9.560011E+03	1.237489E-17	2.999998E-19
9.560211E+03	1.238871E-17	3.003426E-19
9.560411E+03	1.239511E-17	3.005053E-19
9.560611E+03	1.239514E-17	3.005138E-19
9.560811E+03	1.239518E-17	3.005224E-19
9.561011E+03	1.239521E-17	3.005307E-19
9.561211E+03	1.238675E-17	3.003334E-19
9.561412E+03	1.238041E-17	3.001875E-19
9.561612E+03	1.236984E-17	2.999389E-19
9.561812E+03	1.236244E-17	2.997671E-19
9.562012E+03	1.236460E-17	2.998273E-19
9.562212E+03	1.236145E-17	2.997587E-19
9.562412E+03	1.235724E-17	2.996644E-19
9.562612E+03	1.235514E-17	2.996213E-19
9.562812E+03	1.235199E-17	2.995528E-19
9.563012E+03	1.235309E-17	2.995873E-19
9.563212E+03	1.235099E-17	2.995443E-19
9.563412E+03	1.234147E-17	2.993213E-19
9.563612E+03	1.233408E-17	2.991499E-19
9.563812E+03	1.233305E-17	2.991329E-19
9.564012E+03	1.233945E-17	2.992959E-19
9.564212E+03	1.235752E-17	2.997423E-19
9.564412E+03	1.237241E-17	3.001114E-19
9.564612E+03	1.236608E-17	2.999658E-19
9.564811E+03	1.234170E-17	2.993824E-19
9.565012E+03	1.232157E-17	2.989023E-19
9.565211E+03	1.231099E-17	2.986536E-19
9.565412E+03	1.230890E-17	2.986108E-19
9.565611E+03	1.230575E-17	2.985424E-19
9.565811E+03	1.229517E-17	2.982938E-19
9.566011E+03	1.229308E-17	2.982513E-19
9.566211E+03	1.229841E-17	2.983888E-19
9.566412E+03	1.230056E-17	2.984491E-19
9.566612E+03	1.229317E-17	2.982779E-19
9.566812E+03	1.228047E-17	2.979778E-19
9.567012E+03	1.227838E-17	2.979353E-19
9.567212E+03	1.228584E-17	2.981245E-19
9.567412E+03	1.229542E-17	2.983652E-19
9.567612E+03	1.230288E-17	2.985546E-19
9.568212E+03	1.230404E-17	2.986076E-19
9.569612E+03	1.230638E-17	2.987230E-19
9.569812E+03	1.231172E-17	2.988609E-19
9.570012E+03	1.231600E-17	2.989733E-19
9.570212E+03	1.232133E-17	2.991113E-19
9.570412E+03	1.232349E-17	2.991722E-19
9.570612E+03	1.232458E-17	2.992072E-19
9.570812E+03	1.233098E-17	2.993710E-19
9.571012E+03	1.233950E-17	2.995866E-19
9.571213E+03	1.234484E-17	2.997247E-19
9.571413E+03	1.235230E-17	2.999147E-19
9.571613E+03	1.236401E-17	3.002074E-19
9.571813E+03	1.237783E-17	3.005518E-19
9.572013E+03	1.239061E-17	3.008707E-19
9.572213E+03	1.240337E-17	3.011894E-19
9.572413E+03	1.241295E-17	3.014308E-19
9.572613E+03	1.242042E-17	3.016209E-19
9.572813E+03	1.243106E-17	3.018881E-19
9.573013E+03	1.244064E-17	3.021295E-19
9.573213E+03	1.244810E-17	3.023197E-19
9.573413E+03	1.245131E-17	3.024066E-19
9.573613E+03	1.244498E-17	3.022617E-19
9.573813E+03	1.243016E-17	3.019105E-19
9.574013E+03	1.242169E-17	3.017138E-19
9.574213E+03	1.241854E-17	3.016463E-19
9.574413E+03	1.241434E-17	3.015530E-19
9.574613E+03	1.241012E-17	3.014595E-19
9.574813E+03	1.241121E-17	3.014951E-19
9.575013E+03	1.241336E-17	3.015564E-19
9.575213E+03	1.241022E-17	3.014889E-19
9.575413E+03	1.240918E-17	3.014728E-19
9.575613E+03	1.240179E-17	3.013022E-19
9.575813E+03	1.238484E-17	3.008996E-19
9.576013E+03	1.237319E-17	3.006256E-19
9.576214E+03	1.237323E-17	3.006356E-19
9.576414E+03	1.237750E-17	3.007485E-19
9.576614E+03	1.237860E-17	3.007844E-19
9.576814E+03	1.236801E-17	3.005362E-19
9.577014E+03	1.234894E-17	3.000820E-19
9.577214E+03	1.232986E-17	2.996276E-19
9.577414E+03	1.231823E-17	2.993539E-19
9.577613E+03	1.231507E-17	2.992863E-19
9.577814E+03	1.231404E-17	2.992706E-19
9.578013E+03	1.231407E-17	2.992804E-19
9.578213E+03	1.231305E-17	2.992647E-19
9.578414E+03	1.231520E-17	2.993263E-19
9.578613E+03	1.231735E-17	2.993878E-19
9.578813E+03	1.231951E-17	2.994495E-19
9.579013E+03	1.232590E-17	2.996143E-19
9.579213E+03	1.233443E-17	2.998310E-19
9.579413E+03	1.234613E-17	3.001248E-19
9.579613E+03	1.235572E-17	3.003673E-19
9.579813E+03	1.235999E-17	3.004805E-19
9.580013E+03	1.236215E-17	3.005425E-19
9.580213E+03	1.235899E-17	3.004752E-19
9.580413E+03	1.234310E-17	3.000982E-19
9.580613E+03	1.232722E-17	2.997215E-19
9.580813E+03	1.234316E-17	3.001187E-19
9.581014E+03	1.233577E-17	2.999485E-19
9.581214E+03	1.233262E-17	2.998813E-19
9.581414E+03	1.233902E-17	3.000466E-19
9.581614E+03	1.234223E-17	3.001343E-19
9.581814E+03	1.233908E-17	3.000673E-19
9.582014E+03	1.234336E-17	3.001808E-19
9.582214E+03	1.235507E-17	3.004753E-19
9.582414E+03	1.236252E-17	3.006662E-19
9.582614E+03	1.236999E-17	3.008575E-19
9.582814E+03	1.238806E-17	3.013067E-19
9.583014E+03	1.240720E-17	3.017820E-19
9.583214E+03	1.241253E-17	3.019215E-19
9.583414E+03	1.240726E-17	3.018031E-19
9.583614E+03	1.241260E-17	3.019427E-19
9.583814E+03	1.242643E-17	3.022890E-19
9.584014E+03	1.243920E-17	3.026094E-19
9.584214E+03	1.244772E-17	3.028267E-19
9.584414E+03	1.245094E-17	3.029150E-19
9.584614E+03	1.244036E-17	3.026674E-19
9.584814E+03	1.241385E-17	3.020324E-19
9.585014E+03	1.238416E-17	3.013200E-19
9.585214E+03	1.235660E-17	3.006592E-19
9.585414E+03	1.233752E-17	3.002050E-19
9.585614E+03	1.232375E-17	2.998799E-19
9.585814E+03	1.230149E-17	2.993482E-19
9.586015E+03	1.227499E-17	2.987131E-19
9.586215E+03	1.226334E-17	2.984397E-19
9.586415E+03	1.226867E-17	2.985794E-19
9.586615E+03	1.226871E-17	2.985903E-19
9.586815E+03	1.225707E-17	2.983169E-19
9.587015E+03	1.224330E-17	2.979918E-19
9.587215E+03	1.223696E-17	2.978474E-19
9.587415E+03	1.222956E-17	2.976773E-19
9.587615E+03	1.222003E-17	2.974556E-19
9.587815E+03	1.221369E-17	2.973113E-19
9.588015E+03	1.220948E-17	2.972189E-19
9.588215E+03	1.220421E-17	2.971005E-19
9.588415E+03	1.220423E-17	2.971113E-19
9.588615E+03	1.220532E-17	2.971479E-19
9.588815E+03	1.219793E-17	2.969781E-19
9.589015E+03	1.218735E-17	2.967305E-19
9.589215E+03	1.218419E-17	2.966639E-19
9.589415E+03	1.218422E-17	2.966747E-19
9.589615E+03	1.217894E-17	2.965564E-19
9.589815E+03	1.217366E-17	2.964381E-19
9.590015E+03	1.217263E-17	2.964231E-19
9.590215E+03	1.217373E-17	2.964601E-19
9.590415E+03	1.216102E-17	2.961610E-19
9.590614E+03	1.214512E-17	2.957839E-19
9.590816E+03	1.214728E-17	2.958469E-19
9.591015E+03	1.215686E-17	2.960905E-19
9.591216E+03	1.215902E-17	2.961535E-19
9.591415E+03	1.215693E-17	2.961127E-19
9.591615E+03	1.215377E-17	2.960462E-19
9.591815E+03	1.214425E-17	2.958247E-19
9.592015E+03	1.212517E-17	2.953701E-19
9.592215E+03	1.210291E-17	2.948384E-19
9.592415E+03	1.209127E-17	2.945651E-19
9.592615E+03	1.207961E-17	2.942915E-19
9.592815E+03	1.206797E-17	2.940182E-19
9.593015E+03	1.205950E-17	2.938225E-19
9.593215E+03	1.205953E-17	2.938336E-19
9.593415E+03	1.205956E-17	2.938447E-19
9.593615E+03	1.206066E-17	2.938820E-19
9.593815E+03	1.206600E-17	2.940224E-19
9.594015E+03	1.206072E-17	2.939044E-19
9.594215E+03	1.205120E-17	2.936828E-19
9.594415E+03	1.205335E-17	2.937458E-19
9.594615E+03	1.206400E-17	2.940159E-19
9.594815E+03	1.206509E-17	2.940530E-19
9.595015E+03	1.205238E-17	2.937539E-19
9.595215E+03	1.203861E-17	2.934288E-19
9.595415E+03	1.203439E-17	2.933366E-19
9.595615E+03	1.203123E-17	2.932703E-19
9.595816E+03	1.202808E-17	2.932041E-19
9.596016E+03	1.202811E-17	2.932155E-19
9.596216E+03	1.203558E-17	2.934082E-19
9.596416E+03	1.203879E-17	2.934972E-19
9.596616E+03	1.203033E-17	2.933017E-19
9.596816E+03	1.201549E-17	2.929506E-19
9.597016E+03	1.200491E-17	2.927034E-19
9.597216E+03	1.199325E-17	2.924300E-19
9.597416E+03	1.198373E-17	2.922086E-19
9.597616E+03	1.197846E-17	2.920907E-19
9.597816E+03	1.197849E-17	2.921022E-19
9.598016E+03	1.198064E-17	2.921654E-19
9.598216E+03	1.198279E-17	2.922287E-19
9.598416E+03	1.198919E-17	2.923958E-19
9.598616E+03	1.199983E-17	2.926661E-19
9.598816E+03	1.200730E-17	2.928592E-19
9.599016E+03	1.200521E-17	2.928190E-19
9.599216E+03	1.200417E-17	2.928048E-19
9.599416E+03	1.201801E-17	2.931532E-19
9.599616E+03	1.203078E-17	2.934757E-19
9.599816E+03	1.202443E-17	2.933319E-19
9.600016E+03	1.202446E-17	2.933436E-19
9.600216E+03	1.202662E-17	2.934074E-19
9.600416E+03	1.202135E-17	2.932897E-19
9.600617E+03	1.201182E-17	2.930684E-19
9.600817E+03	1.200866E-17	2.930025E-19
9.601017E+03	1.200869E-17	2.930143E-19
9.601217E+03	1.200235E-17	2.928708E-19
9.601417E+03	1.199070E-17	2.925976E-19
9.601617E+03	1.197693E-17	2.922726E-19
9.601817E+03	1.195998E-17	2.918702E-19
9.602017E+03	1.194939E-17	2.916229E-19
9.602217E+03	1.193880E-17	2.913755E-19
9.602417E+03	1.192078E-17	2.909469E-19
9.602617E+03	1.189745E-17	2.903888E-19
9.602817E+03	1.188050E-17	2.899861E-19
9.603017E+03	1.186778E-17	2.896870E-19
9.603217E+03	1.185931E-17	2.894914E-19
9.603416E+03	1.185404E-17	2.893738E-19
9.603617E+03	1.184770E-17	2.892304E-19
9.603817E+03	1.184348E-17	2.891385E-19
9.604016E+03	1.184670E-17	2.892283E-19
9.604217E+03	1.185416E-17	2.894217E-19
9.604416E+03	1.185949E-17	2.895632E-19
9.604617E+03	1.186908E-17	2.898087E-19
9.604816E+03	1.187335E-17	2.899243E-19
9.605016E+03	1.187764E-17	2.900403E-19
9.605216E+03	1.188828E-17	2.903115E-19
9.605417E+03	1.189468E-17	2.904794E-19
9.605617E+03	1.189365E-17	2.904657E-19
9.605817E+03	1.188412E-17	2.902444E-19
9.606017E+03	1.187035E-17	2.899194E-19
9.606217E+03	1.187144E-17	2.899576E-19
9.606417E+03	1.188421E-17	2.902810E-19
9.606617E+03	1.188212E-17	2.902414E-19
9.606817E+03	1.186729E-17	2.898906E-19
9.607017E+03	1.185139E-17	2.895138E-19
9.607217E+03	1.184504E-17	2.893704E-19
9.607417E+03	1.184720E-17	2.894345E-19
9.607617E+03	1.184510E-17	2.893949E-19
9.607817E+03	1.184407E-17	2.893814E-19
9.608017E+03	1.184516E-17	2.894196E-19
9.608217E+03	1.183988E-17	2.893021E-19
9.608417E+03	1.183036E-17	2.890812E-19
9.608617E+03	1.182932E-17	2.890674E-19
9.608817E+03	1.183679E-17	2.892615E-19
9.609017E+03	1.184106E-17	2.893777E-19
9.609217E+03	1.184321E-17	2.894420E-19
9.609417E+03	1.184112E-17	2.894026E-19
9.609617E+03	1.182947E-17	2.891296E-19
9.609817E+03	1.181464E-17	2.887788E-19
9.610017E+03	1.180829E-17	2.886355E-19
9.610217E+03	1.180514E-17	2.885702E-19
9.610418E+03	1.180199E-17	2.885050E-19
9.610618E+03	1.180202E-17	2.885176E-19
9.610818E+03	1.180417E-17	2.885820E-19
9.611018E+03	1.180420E-17	2.885946E-19
9.611218E+03	1.179997E-17	2.885032E-19
9.611418E+03	1.179151E-17	2.883081E-19
9.611618E+03	1.178623E-17	2.881910E-19
9.611818E+03	1.178520E-17	2.881777E-19
9.612018E+03	1.178310E-17	2.881383E-19
9.612218E+03	1.177357E-17	2.879172E-19
9.612418E+03	1.175768E-17	2.875405E-19
9.612618E+03	1.174390E-17	2.872154E-19
9.612818E+03	1.173650E-17	2.870465E-19
9.613018E+03	1.173016E-17	2.869033E-19
9.613218E+03	1.172169E-17	2.867082E-19
9.613418E+03	1.170792E-17	2.863834E-19
9.613618E+03	1.170158E-17	2.862401E-19
9.613818E+03	1.170691E-17	2.863827E-19
9.614018E+03	1.171226E-17	2.865255E-19
9.614218E+03	1.170591E-17	2.863823E-19
9.614418E+03	1.169213E-17	2.860572E-19
9.614618E+03	1.169428E-17	2.861220E-19
9.614818E+03	1.170493E-17	2.863947E-19
9.615018E+03	1.171876E-17	2.867453E-19
9.615219E+03	1.173685E-17	2.872000E-19
9.615419E+03	1.174431E-17	2.873947E-19
9.615619E+03	1.174009E-17	2.873039E-19
9.615819E+03	1.173693E-17	2.872387E-19
9.616019E+03	1.173802E-17	2.872777E-19
9.616219E+03	1.173911E-17	2.873167E-19
9.616419E+03	1.173278E-17	2.871739E-19
9.616619E+03	1.172324E-17	2.869528E-19
9.616818E+03	1.172965E-17	2.871219E-19
9.617019E+03	1.173605E-17	2.872909E-19
9.617219E+03	1.172440E-17	2.870181E-19
9.617418E+03	1.171593E-17	2.868231E-19
9.617619E+03	1.173188E-17	2.872262E-19
9.617818E+03	1.174891E-17	2.876553E-19
9.618018E+03	1.175106E-17	2.877205E-19
9.618218E+03	1.175215E-17	2.877597E-19
9.618418E+03	1.177024E-17	2.882151E-19
9.618618E+03	1.177557E-17	2.883583E-19
9.618818E+03	1.176817E-17	2.881895E-19
9.619018E+03	1.176501E-17	2.881246E-19
9.619218E+03	1.176079E-17	2.880341E-19
9.619418E+03	1.176507E-17	2.881514E-19
9.619618E+03	1.179165E-17	2.888150E-19
9.619818E+03	1.181292E-17	2.893487E-19
9.620018E+03	1.181825E-17	2.894921E-19
9.620219E+03	1.181828E-17	2.895056E-19
9.620419E+03	1.181513E-17	2.894412E-19
9.620619E+03	1.181091E-17	2.893505E-19
9.620819E+03	1.180988E-17	2.893381E-19
9.621019E+03	1.181203E-17	2.894037E-19
9.622019E+03	1.181536E-17	2.895496E-19
9.622219E+03	1.180689E-17	2.893550E-19
9.622419E+03	1.178993E-17	2.889523E-19
9.622819E+03	1.179105E-17	2.890057E-19
9.623019E+03	1.179745E-17	2.891754E-19
9.623219E+03	1.179110E-17	2.890330E-19
9.623419E+03	1.179114E-17	2.890468E-19
9.623619E+03	1.180285E-17	2.893468E-19
9.623819E+03	1.179863E-17	2.892567E-19
9.624019E+03	1.177530E-17	2.886976E-19
9.624219E+03	1.176364E-17	2.884249E-19
9.624419E+03	1.176579E-17	2.884908E-19
9.624619E+03	1.176476E-17	2.884786E-19
9.624819E+03	1.176692E-17	2.885445E-19
9.625020E+03	1.177650E-17	2.887929E-19
9.625220E+03	1.178927E-17	2.891193E-19
9.625420E+03	1.179037E-17	2.891592E-19
9.625620E+03	1.178722E-17	2.890952E-19
9.625820E+03	1.178937E-17	2.891613E-19
9.626020E+03	1.178196E-17	2.889929E-19
9.626220E+03	1.175862E-17	2.884336E-19
9.626420E+03	1.173316E-17	2.878224E-19
9.626620E+03	1.171726E-17	2.874456E-19
9.626820E+03	1.170774E-17	2.872252E-19
9.627020E+03	1.170882E-17	2.872650E-19
9.627220E+03	1.171417E-17	2.874095E-19
9.627420E+03	1.171100E-17	2.873453E-19
9.627620E+03	1.169511E-17	2.869685E-19
9.627820E+03	1.167071E-17	2.863832E-19
9.628020E+03	1.164950E-17	2.858760E-19
9.628220E+03	1.163041E-17	2.854208E-19
9.628420E+03	1.161132E-17	2.849656E-19
9.628620E+03	1.159648E-17	2.846147E-19
9.628820E+03	1.159438E-17	2.845765E-19
9.629020E+03	1.160079E-17	2.847471E-19
9.629220E+03	1.160825E-17	2.849438E-19
9.629420E+03	1.161147E-17	2.850361E-19
9.629620E+03	1.160193E-17	2.848154E-19
9.629819E+03	1.159241E-17	2.845950E-19
9.630021E+03	1.159349E-17	2.846351E-19
9.630220E+03	1.159458E-17	2.846753E-19
9.630421E+03	1.158612E-17	2.844810E-19
9.630621E+03	1.157552E-17	2.842344E-19
9.630820E+03	1.157130E-17	2.841441E-19
9.631020E+03	1.156920E-17	2.841061E-19
9.631220E+03	1.157030E-17	2.841465E-19
9.631420E+03	1.156714E-17	2.840824E-19
9.631620E+03	1.156399E-17	2.840186E-19
9.631820E+03	1.157358E-17	2.842677E-19
9.632020E+03	1.157997E-17	2.844384E-19
9.632220E+03	1.157894E-17	2.844268E-19
9.632420E+03	1.158110E-17	2.844933E-19
9.632620E+03	1.158855E-17	2.846901E-19
9.632820E+03	1.160133E-17	2.850178E-19
9.633020E+03	1.161516E-17	2.853714E-19
9.633220E+03	1.162369E-17	2.855946E-19
9.633420E+03	1.163009E-17	2.857656E-19
9.633620E+03	1.163331E-17	2.858587E-19
9.633820E+03	1.162802E-17	2.857425E-19
9.634020E+03	1.161850E-17	2.855223E-19
9.634220E+03	1.160790E-17	2.852758E-19
9.634420E+03	1.159625E-17	2.850032E-19
9.634620E+03	1.158565E-17	2.847567E-19
9.634821E+03	1.157719E-17	2.845627E-19
9.635021E+03	1.157084E-17	2.844204E-19
9.635221E+03	1.157405E-17	2.845134E-19
9.635421E+03	1.158364E-17	2.847630E-19
9.635621E+03	1.159005E-17	2.849344E-19
9.635821E+03	1.159751E-17	2.851320E-19
9.636021E+03	1.161134E-17	2.854861E-19
9.636221E+03	1.162837E-17	2.859187E-19
9.636421E+03	1.163158E-17	2.860118E-19
9.636621E+03	1.163161E-17	2.860267E-19
9.636821E+03	1.164226E-17	2.863027E-19
9.637021E+03	1.165185E-17	2.865527E-19
9.637221E+03	1.164657E-17	2.864370E-19
9.637421E+03	1.163704E-17	2.862167E-19
9.637621E+03	1.162751E-17	2.859967E-19
9.637821E+03	1.162435E-17	2.859332E-19
9.638021E+03	1.162757E-17	2.860265E-19
9.638221E+03	1.163078E-17	2.861199E-19
9.638421E+03	1.162762E-17	2.860565E-19
9.638621E+03	1.162022E-17	2.858887E-19
9.638821E+03	1.160644E-17	2.855638E-19
9.639021E+03	1.158947E-17	2.851607E-19
9.639221E+03	1.157782E-17	2.848882E-19
9.639421E+03	1.156722E-17	2.846419E-19
9.639621E+03	1.156725E-17	2.846568E-19
9.639822E+03	1.157047E-17	2.847505E-19
9.640022E+03	1.158324E-17	2.850792E-19
9.640222E+03	1.160345E-17	2.855911E-19
9.640422E+03	1.162047E-17	2.860245E-19
9.640622E+03	1.163112E-17	2.863011E-19
9.640822E+03	1.165133E-17	2.868132E-19
9.641022E+03	1.167261E-17	2.873515E-19
9.641222E+03	1.167582E-17	2.874452E-19
9.641422E+03	1.167692E-17	2.874868E-19
9.641622E+03	1.168756E-17	2.877636E-19
9.641822E+03	1.169822E-17	2.880407E-19
9.642022E+03	1.170037E-17	2.881085E-19
9.642222E+03	1.170465E-17	2.882285E-19
9.642422E+03	1.171530E-17	2.885055E-19
9.642621E+03	1.172064E-17	2.886519E-19
9.642822E+03	1.172492E-17	2.887720E-19
9.643022E+03	1.173025E-17	2.889183E-19
9.643221E+03	1.173560E-17	2.890648E-19
9.643422E+03	1.174200E-17	2.892376E-19
9.643621E+03	1.174309E-17	2.892791E-19
9.643822E+03	1.173887E-17	2.891902E-19
9.644021E+03	1.174633E-17	2.893890E-19
9.644221E+03	1.176548E-17	2.898759E-19
9.644421E+03	1.178144E-17	2.902842E-19
9.644622E+03	1.178997E-17	2.905094E-19
9.644822E+03	1.178788E-17	2.904731E-19
9.645022E+03	1.178047E-17	2.903056E-19
9.645222E+03	1.178688E-17	2.904786E-19
9.645422E+03	1.180921E-17	2.910442E-19
9.645622E+03	1.182305E-17	2.914005E-19
9.645822E+03	1.182414E-17	2.914427E-19
9.646022E+03	1.183267E-17	2.916682E-19
9.646222E+03	1.183482E-17	2.917366E-19
9.646422E+03	1.182954E-17	2.916218E-19
9.646622E+03	1.183701E-17	2.918212E-19
9.646822E+03	1.183491E-17	2.917849E-19
9.647022E+03	1.182220E-17	2.914868E-19
9.647222E+03	1.182116E-17	2.914766E-19
9.647422E+03	1.182756E-17	2.916500E-19
9.647622E+03	1.182546E-17	2.916137E-19
9.647822E+03	1.182019E-17	2.914990E-19
9.648022E+03	1.182022E-17	2.915152E-19
9.648222E+03	1.182237E-17	2.915838E-19
9.648422E+03	1.182559E-17	2.916787E-19
9.648622E+03	1.183092E-17	2.918258E-19
9.648822E+03	1.183414E-17	2.919209E-19
9.649022E+03	1.183417E-17	2.919371E-19
9.649222E+03	1.182889E-17	2.918225E-19
9.649422E+03	1.182679E-17	2.917863E-19
9.649623E+03	1.182894E-17	2.918552E-19
9.649823E+03	1.182578E-17	2.917929E-19
9.650023E+03	1.182157E-17	2.917045E-19
9.650223E+03	1.182691E-17	2.918521E-19
9.650423E+03	1.183756E-17	2.921306E-19
9.650623E+03	1.184078E-17	2.922259E-19
9.650823E+03	1.184825E-17	2.924260E-19
9.651023E+03	1.185252E-17	2.925473E-19
9.651223E+03	1.185148E-17	2.925375E-19
9.651423E+03	1.185365E-17	2.926068E-19
9.651623E+03	1.185792E-17	2.927283E-19
9.651823E+03	1.185688E-17	2.927185E-19
9.652023E+03	1.185161E-17	2.926042E-19
9.652223E+03	1.185164E-17	2.926209E-19
9.652423E+03	1.186123E-17	2.928736E-19
9.652623E+03	1.187188E-17	2.931528E-19
9.652823E+03	1.187935E-17	2.933532E-19
9.653023E+03	1.189319E-17	2.937109E-19
9.653223E+03	1.191978E-17	2.943838E-19
9.653423E+03	1.193787E-17	2.948468E-19
9.653623E+03	1.194958E-17	2.951521E-19
9.653823E+03	1.196766E-17	2.956152E-19
9.654023E+03	1.199001E-17	2.961834E-19
9.654223E+03	1.199641E-17	2.963579E-19
9.654424E+03	1.199007E-17	2.962178E-19
9.654624E+03	1.199754E-17	2.964186E-19
9.654824E+03	1.201563E-17	2.968820E-19
9.655024E+03	1.202734E-17	2.971880E-19
9.655224E+03	1.203269E-17	2.973365E-19
9.655424E+03	1.203377E-17	2.973798E-19
9.655623E+03	1.203168E-17	2.973447E-19
9.655824E+03	1.203596E-17	2.974670E-19
9.656023E+03	1.204449E-17	2.976944E-19
9.656224E+03	1.205514E-17	2.979743E-19
9.656424E+03	1.205836E-17	2.980706E-19
9.656623E+03	1.205838E-17	2.980878E-19
9.656824E+03	1.206373E-17	2.982367E-19
9.657023E+03	1.207013E-17	2.984117E-19
9.657223E+03	1.207229E-17	2.984817E-19
9.657423E+03	1.207126E-17	2.984731E-19
9.657623E+03	1.207022E-17	2.984643E-19
9.657823E+03	1.207982E-17	2.987184E-19
9.658023E+03	1.209047E-17	2.989988E-19
9.658223E+03	1.208732E-17	2.989376E-19
9.658423E+03	1.208416E-17	2.988763E-19
9.658623E+03	1.208631E-17	2.989466E-19
9.658823E+03	1.209803E-17	2.992533E-19
9.659023E+03	1.211931E-17	2.997967E-19
9.659224E+03	1.213633E-17	3.002351E-19
9.659424E+03	1.214380E-17	3.004368E-19
9.659624E+03	1.215127E-17	3.006389E-19
9.659824E+03	1.216511E-17	3.009984E-19
9.660024E+03	1.217152E-17	3.011741E-19
9.660224E+03	1.217261E-17	3.012183E-19
9.660424E+03	1.218646E-17	3.015783E-19
9.660624E+03	1.220666E-17	3.020957E-19
9.660824E+03	1.222263E-17	3.025082E-19
9.661024E+03	1.222692E-17	3.026316E-19
9.661224E+03	1.222907E-17	3.027023E-19
9.661424E+03	1.223229E-17	3.027995E-19
9.661624E+03	1.222913E-17	3.027388E-19
9.661824E+03	1.222598E-17	3.026781E-19
9.662024E+03	1.222282E-17	3.026174E-19
9.662224E+03	1.221541E-17	3.024515E-19
9.662424E+03	1.221650E-17	3.024961E-19
9.662624E+03	1.221654E-17	3.025144E-19
9.662824E+03	1.220594E-17	3.022695E-19
9.663024E+03	1.219322E-17	3.019723E-19
9.663224E+03	1.219750E-17	3.020957E-19
9.663424E+03	1.221772E-17	3.026141E-19
9.663624E+03	1.223474E-17	3.030535E-19
9.663824E+03	1.224328E-17	3.032826E-19
9.664024E+03	1.224968E-17	3.034590E-19
9.664225E+03	1.225715E-17	3.036618E-19
9.664425E+03	1.226249E-17	3.038119E-19
9.664625E+03	1.226890E-17	3.039885E-19
9.664825E+03	1.227637E-17	3.041915E-19
9.665025E+03	1.228278E-17	3.043681E-19
9.665225E+03	1.228068E-17	3.043341E-19
9.665425E+03	1.227221E-17	3.041421E-19
9.665625E+03	1.225418E-17	3.037131E-19
9.665825E+03	1.224465E-17	3.034949E-19
9.666025E+03	1.224255E-17	3.034609E-19
9.666225E+03	1.223727E-17	3.033480E-19
9.666425E+03	1.223199E-17	3.032349E-19
9.666625E+03	1.222671E-17	3.031220E-19
9.666825E+03	1.222461E-17	3.030880E-19
9.667025E+03	1.221720E-17	3.029224E-19
9.667225E+03	1.220979E-17	3.027567E-19
9.667425E+03	1.220132E-17	3.025647E-19
9.667625E+03	1.217691E-17	3.019774E-19
9.667825E+03	1.216525E-17	3.017063E-19
9.668025E+03	1.217379E-17	3.019360E-19
9.668225E+03	1.218232E-17	3.021658E-19
9.668425E+03	1.218979E-17	3.023691E-19
9.668625E+03	1.219619E-17	3.025461E-19
9.668825E+03	1.220154E-17	3.026969E-19
9.669025E+03	1.220475E-17	3.027948E-19
9.669425E+03	1.220907E-17	3.029384E-19
9.669626E+03	1.221016E-17	3.029839E-19
9.669826E+03	1.219956E-17	3.027392E-19
9.670025E+03	1.218471E-17	3.023889E-19
9.670225E+03	1.217519E-17	3.021708E-19
9.670425E+03	1.216672E-17	3.019789E-19
9.670625E+03	1.215612E-17	3.017342E-19
9.670825E+03	1.214446E-17	3.014631E-19
9.671025E+03	1.213174E-17	3.011657E-19
9.671225E+03	1.212008E-17	3.008946E-19
9.671425E+03	1.212118E-17	3.009401E-19
9.671625E+03	1.212439E-17	3.010383E-19
9.671825E+03	1.211593E-17	3.008464E-19
9.672025E+03	1.211383E-17	3.008128E-19
9.672225E+03	1.212554E-17	3.011221E-19
9.672425E+03	1.214045E-17	3.015108E-19
9.672625E+03	1.215749E-17	3.019524E-19
9.672825E+03	1.216814E-17	3.022356E-19
9.673025E+03	1.216073E-17	3.020702E-19
9.673225E+03	1.215333E-17	3.019048E-19
9.673425E+03	1.216079E-17	3.021089E-19
9.673625E+03	1.216933E-17	3.023395E-19
9.673825E+03	1.217467E-17	3.024910E-19
9.674026E+03	1.218214E-17	3.026953E-19
9.674226E+03	1.218854E-17	3.028732E-19
9.674426E+03	1.218858E-17	3.028928E-19
9.674626E+03	1.219179E-17	3.029915E-19
9.674826E+03	1.220457E-17	3.033281E-19
9.675026E+03	1.221417E-17	3.035854E-19
9.675226E+03	1.220995E-17	3.034995E-19
9.675426E+03	1.220573E-17	3.034133E-19
9.675626E+03	1.220151E-17	3.033275E-19
9.675826E+03	1.219622E-17	3.032150E-19
9.676026E+03	1.219945E-17	3.033141E-19
9.676226E+03	1.220797E-17	3.035450E-19
9.676426E+03	1.221864E-17	3.038293E-19
9.676626E+03	1.221973E-17	3.038755E-19
9.676826E+03	1.220488E-17	3.035254E-19
9.677026E+03	1.219429E-17	3.032809E-19
9.677226E+03	1.219113E-17	3.032214E-19
9.677426E+03	1.219115E-17	3.032412E-19
9.677626E+03	1.220394E-17	3.035783E-19
9.677826E+03	1.222417E-17	3.041006E-19
9.678026E+03	1.223269E-17	3.043320E-19
9.678226E+03	1.222528E-17	3.041670E-19
9.678426E+03	1.221469E-17	3.039225E-19
9.678626E+03	1.221047E-17	3.038369E-19
9.678827E+03	1.220943E-17	3.038305E-19
9.679027E+03	1.220841E-17	3.038243E-19
9.679227E+03	1.220737E-17	3.038178E-19
9.679427E+03	1.221272E-17	3.039702E-19
9.679627E+03	1.222656E-17	3.043342E-19
9.679827E+03	1.224041E-17	3.046983E-19
9.680027E+03	1.225319E-17	3.050360E-19
9.680227E+03	1.226810E-17	3.054266E-19
9.681427E+03	1.227997E-17	3.058402E-19
9.681627E+03	1.228107E-17	3.058871E-19
9.681826E+03	1.227791E-17	3.058280E-19
9.682026E+03	1.228113E-17	3.059279E-19
9.682227E+03	1.228222E-17	3.059750E-19
9.682426E+03	1.227907E-17	3.059160E-19
9.683226E+03	1.228556E-17	3.061575E-19
9.683426E+03	1.230154E-17	3.065755E-19
9.683626E+03	1.230476E-17	3.066757E-19
9.683827E+03	1.229098E-17	3.063522E-19
9.684027E+03	1.228569E-17	3.062405E-19
9.684227E+03	1.229422E-17	3.064732E-19
9.684427E+03	1.230595E-17	3.067856E-19
9.684627E+03	1.233042E-17	3.074158E-19
9.684827E+03	1.234746E-17	3.078607E-19
9.685027E+03	1.235067E-17	3.079611E-19
9.685227E+03	1.236027E-17	3.082205E-19
9.685427E+03	1.237730E-17	3.086656E-19
9.685627E+03	1.237522E-17	3.086339E-19
9.685827E+03	1.235718E-17	3.082044E-19
9.686027E+03	1.234977E-17	3.080397E-19
9.686227E+03	1.235086E-17	3.080874E-19
9.686427E+03	1.235408E-17	3.081882E-19
9.686627E+03	1.235624E-17	3.082623E-19
9.686827E+03	1.235202E-17	3.081776E-19
9.687027E+03	1.234993E-17	3.081457E-19
9.687227E+03	1.235314E-17	3.082463E-19
9.687427E+03	1.235637E-17	3.083473E-19
9.687627E+03	1.235639E-17	3.083684E-19
9.687827E+03	1.235643E-17	3.083898E-19
9.688027E+03	1.235539E-17	3.083845E-19
9.688227E+03	1.235649E-17	3.084324E-19
9.688427E+03	1.236609E-17	3.086927E-19
9.688628E+03	1.237568E-17	3.089530E-19
9.688828E+03	1.237997E-17	3.090806E-19
9.689028E+03	1.236830E-17	3.088101E-19
9.689228E+03	1.234070E-17	3.081415E-19
9.689428E+03	1.232691E-17	3.078180E-19
9.689628E+03	1.232376E-17	3.077598E-19
9.689828E+03	1.231953E-17	3.076750E-19
9.690028E+03	1.231319E-17	3.075373E-19
9.690228E+03	1.230365E-17	3.073198E-19
9.690428E+03	1.229625E-17	3.071556E-19
9.690628E+03	1.228565E-17	3.069117E-19
9.690828E+03	1.227505E-17	3.066675E-19
9.691028E+03	1.226870E-17	3.065297E-19
9.691228E+03	1.227299E-17	3.066575E-19
9.691428E+03	1.228258E-17	3.069181E-19
9.691628E+03	1.228900E-17	3.070992E-19
9.691828E+03	1.229327E-17	3.072269E-19
9.692028E+03	1.230181E-17	3.074611E-19
9.692228E+03	1.231672E-17	3.078548E-19
9.692428E+03	1.232951E-17	3.081954E-19
9.692628E+03	1.233167E-17	3.082705E-19
9.692828E+03	1.232851E-17	3.082124E-19
9.693028E+03	1.232641E-17	3.081811E-19
9.693228E+03	1.232539E-17	3.081766E-19
9.693428E+03	1.232329E-17	3.081453E-19
9.693629E+03	1.232651E-17	3.082470E-19
9.693829E+03	1.233292E-17	3.084285E-19
9.694029E+03	1.234358E-17	3.087162E-19
9.694229E+03	1.235636E-17	3.090572E-19
9.694429E+03	1.237234E-17	3.094783E-19
9.694629E+03	1.237981E-17	3.096863E-19
9.694829E+03	1.236921E-17	3.094427E-19
9.695029E+03	1.235330E-17	3.090659E-19
9.695228E+03	1.233739E-17	3.086890E-19
9.695428E+03	1.232891E-17	3.084983E-19
9.695629E+03	1.232895E-17	3.085206E-19
9.695828E+03	1.232791E-17	3.085160E-19
9.696029E+03	1.233326E-17	3.086713E-19
9.696228E+03	1.233967E-17	3.088532E-19
9.696428E+03	1.234608E-17	3.090350E-19
9.696628E+03	1.234505E-17	3.090309E-19
9.696828E+03	1.233658E-17	3.088402E-19
9.697028E+03	1.232705E-17	3.086231E-19
9.697228E+03	1.232601E-17	3.086187E-19
9.697428E+03	1.233880E-17	3.089604E-19
9.697628E+03	1.235052E-17	3.092756E-19
9.697828E+03	1.235374E-17	3.093780E-19
9.698028E+03	1.235590E-17	3.094537E-19
9.698228E+03	1.235699E-17	3.095029E-19
9.698429E+03	1.235809E-17	3.095521E-19
9.698629E+03	1.236131E-17	3.096544E-19
9.698829E+03	1.236772E-17	3.098369E-19
9.699029E+03	1.236456E-17	3.097795E-19
9.699229E+03	1.236884E-17	3.099087E-19
9.699429E+03	1.236888E-17	3.099314E-19
9.699629E+03	1.234871E-17	3.094481E-19
9.699829E+03	1.232642E-17	3.089113E-19
9.700029E+03	1.232114E-17	3.088008E-19
9.700229E+03	1.232329E-17	3.088768E-19
9.701629E+03	1.232882E-17	3.091691E-19
9.701829E+03	1.233205E-17	3.092721E-19
9.702029E+03	1.233101E-17	3.092683E-19
9.702229E+03	1.232786E-17	3.092113E-19
9.702429E+03	1.232683E-17	3.092075E-19
9.702629E+03	1.233536E-17	3.094438E-19
9.702829E+03	1.234178E-17	3.096269E-19
9.703029E+03	1.233968E-17	3.095966E-19
9.703230E+03	1.233440E-17	3.094864E-19
9.703430E+03	1.233018E-17	3.094027E-19
9.703630E+03	1.232808E-17	3.093725E-19
9.703830E+03	1.233237E-17	3.095023E-19
9.704030E+03	1.233665E-17	3.096322E-19
9.704230E+03	1.233137E-17	3.095220E-19
9.704430E+03	1.232502E-17	3.093849E-19
9.704630E+03	1.232292E-17	3.093547E-19
9.704830E+03	1.232296E-17	3.093780E-19
9.705030E+03	1.231555E-17	3.092144E-19
9.705230E+03	1.230601E-17	3.089974E-19
9.705430E+03	1.229435E-17	3.087271E-19
9.705630E+03	1.228694E-17	3.085634E-19
9.705830E+03	1.228804E-17	3.086134E-19
9.706030E+03	1.228594E-17	3.085833E-19
9.706230E+03	1.228916E-17	3.086866E-19
9.706430E+03	1.229769E-17	3.089235E-19
9.706630E+03	1.229454E-17	3.088669E-19
9.706830E+03	1.229245E-17	3.088369E-19
9.707030E+03	1.230204E-17	3.091005E-19
9.707230E+03	1.230952E-17	3.093110E-19
9.707430E+03	1.231699E-17	3.095216E-19
9.707630E+03	1.231171E-17	3.094115E-19
9.707830E+03	1.230005E-17	3.091412E-19
9.708030E+03	1.230433E-17	3.092716E-19
9.708230E+03	1.230861E-17	3.094019E-19
9.708431E+03	1.229908E-17	3.091852E-19
9.708630E+03	1.228635E-17	3.088881E-19
9.708831E+03	1.228000E-17	3.087513E-19
9.709031E+03	1.228004E-17	3.087750E-19
9.709230E+03	1.229069E-17	3.090657E-19
9.709430E+03	1.230136E-17	3.093567E-19
9.709630E+03	1.230458E-17	3.094608E-19
9.709830E+03	1.229930E-17	3.093509E-19
9.710030E+03	1.228870E-17	3.091072E-19
9.710230E+03	1.228023E-17	3.089171E-19
9.710430E+03	1.227920E-17	3.089141E-19
9.710630E+03	1.227816E-17	3.089111E-19
9.710830E+03	1.227182E-17	3.087746E-19
9.711030E+03	1.226122E-17	3.085309E-19
9.711230E+03	1.224955E-17	3.082602E-19
9.711430E+03	1.225172E-17	3.083378E-19
9.711630E+03	1.226557E-17	3.087096E-19
9.711830E+03	1.227622E-17	3.090008E-19
9.712030E+03	1.227839E-17	3.090786E-19
9.712430E+03	1.227738E-17	3.090996E-19
9.712630E+03	1.225934E-17	3.086687E-19
9.712830E+03	1.224874E-17	3.084250E-19
9.713031E+03	1.224559E-17	3.083690E-19
9.713231E+03	1.224243E-17	3.083125E-19
9.713431E+03	1.223715E-17	3.082028E-19
9.713631E+03	1.222442E-17	3.079055E-19
9.713831E+03	1.221276E-17	3.076350E-19
9.714031E+03	1.220428E-17	3.074447E-19
9.714231E+03	1.219687E-17	3.072812E-19
9.714431E+03	1.219903E-17	3.073591E-19
9.714631E+03	1.220863E-17	3.076242E-19
9.714831E+03	1.221610E-17	3.078359E-19
9.715031E+03	1.221295E-17	3.077799E-19
9.715231E+03	1.220128E-17	3.075092E-19
9.715431E+03	1.218749E-17	3.071851E-19
9.715631E+03	1.217902E-17	3.069950E-19
9.715831E+03	1.217373E-17	3.068850E-19
9.716031E+03	1.216739E-17	3.067486E-19
9.716231E+03	1.216210E-17	3.066386E-19
9.716431E+03	1.216532E-17	3.067435E-19
9.716631E+03	1.216854E-17	3.068481E-19
9.716831E+03	1.216858E-17	3.068725E-19
9.717031E+03	1.215798E-17	3.066288E-19
9.717231E+03	1.214099E-17	3.062239E-19
9.717431E+03	1.214316E-17	3.063020E-19
9.717631E+03	1.215701E-17	3.066751E-19
9.717831E+03	1.215917E-17	3.067531E-19
9.718032E+03	1.215282E-17	3.066166E-19
9.718232E+03	1.214328E-17	3.063996E-19
9.718432E+03	1.213055E-17	3.061021E-19
9.718632E+03	1.212527E-17	3.059924E-19
9.718832E+03	1.213487E-17	3.062585E-19
9.719032E+03	1.214766E-17	3.066049E-19
9.719232E+03	1.215407E-17	3.067906E-19
9.719432E+03	1.216261E-17	3.070299E-19
9.719632E+03	1.217540E-17	3.073767E-19
9.719832E+03	1.218075E-17	3.075355E-19
9.720032E+03	1.218184E-17	3.075873E-19
9.722031E+03	1.218216E-17	3.078357E-19
9.722231E+03	1.218007E-17	3.078069E-19
9.722431E+03	1.217372E-17	3.076707E-19
9.722631E+03	1.215886E-17	3.073194E-19
9.722832E+03	1.213976E-17	3.068607E-19
9.723032E+03	1.212065E-17	3.064020E-19
9.723232E+03	1.211324E-17	3.062389E-19
9.723432E+03	1.211753E-17	3.063714E-19
9.723632E+03	1.213031E-17	3.067189E-19
9.723832E+03	1.214311E-17	3.070667E-19
9.724032E+03	1.214526E-17	3.071455E-19
9.724232E+03	1.214423E-17	3.071438E-19
9.724432E+03	1.214533E-17	3.071959E-19
9.724632E+03	1.214749E-17	3.072749E-19
9.724832E+03	1.213476E-17	3.069774E-19
9.725032E+03	1.211459E-17	3.064914E-19
9.725232E+03	1.210718E-17	3.063283E-19
9.725432E+03	1.210615E-17	3.063266E-19
9.725632E+03	1.210299E-17	3.062711E-19
9.725832E+03	1.210089E-17	3.062426E-19
9.726032E+03	1.210624E-17	3.064024E-19
9.726232E+03	1.211053E-17	3.065354E-19
9.726432E+03	1.210418E-17	3.063992E-19
9.726632E+03	1.208932E-17	3.060477E-19
9.726832E+03	1.208191E-17	3.058847E-19
9.727032E+03	1.208407E-17	3.059638E-19
9.727232E+03	1.208091E-17	3.059084E-19
9.727432E+03	1.206500E-17	3.055299E-19
9.727632E+03	1.205440E-17	3.052861E-19
9.727833E+03	1.205549E-17	3.053384E-19
9.728033E+03	1.205340E-17	3.053101E-19
9.728233E+03	1.204599E-17	3.051470E-19
9.728433E+03	1.203964E-17	3.050108E-19
9.728633E+03	1.203222E-17	3.048475E-19
9.728833E+03	1.202162E-17	3.046037E-19
9.729033E+03	1.200783E-17	3.042788E-19
9.729233E+03	1.199297E-17	3.039270E-19
9.729433E+03	1.197706E-17	3.035483E-19
9.729633E+03	1.196326E-17	3.032233E-19
9.729833E+03	1.195478E-17	3.030330E-19
9.730033E+03	1.195269E-17	3.030046E-19
9.730233E+03	1.195804E-17	3.031649E-19
9.730433E+03	1.196765E-17	3.034331E-19
9.730633E+03	1.196873E-17	3.034854E-19
9.730833E+03	1.196983E-17	3.035381E-19
9.731033E+03	1.197837E-17	3.037793E-19
9.731233E+03	1.198584E-17	3.039937E-19
9.731433E+03	1.198800E-17	3.040734E-19
9.731633E+03	1.198378E-17	3.039912E-19
9.731833E+03	1.197956E-17	3.039091E-19
9.732033E+03	1.198385E-17	3.040428E-19
9.732233E+03	1.198601E-17	3.041226E-19
9.732433E+03	1.197647E-17	3.039055E-19
9.732634E+03	1.196161E-17	3.035534E-19
9.732834E+03	1.194782E-17	3.032286E-19
9.733034E+03	1.194572E-17	3.032002E-19
9.733234E+03	1.196702E-17	3.037659E-19
9.733434E+03	1.199258E-17	3.044398E-19
9.733634E+03	1.199687E-17	3.045738E-19
9.733834E+03	1.198200E-17	3.042216E-19
9.734034E+03	1.197354E-17	3.040318E-19
9.734234E+03	1.197144E-17	3.040036E-19
9.734433E+03	1.196615E-17	3.038944E-19
9.734633E+03	1.196193E-17	3.038124E-19
9.734834E+03	1.196196E-17	3.038385E-19
9.735033E+03	1.196838E-17	3.040267E-19
9.735234E+03	1.198223E-17	3.044040E-19
9.735433E+03	1.199502E-17	3.047542E-19
9.735633E+03	1.200038E-17	3.049158E-19
9.735833E+03	1.200360E-17	3.050230E-19
9.736033E+03	1.200576E-17	3.051032E-19
9.736233E+03	1.201430E-17	3.053459E-19
9.736433E+03	1.202603E-17	3.056695E-19
9.736633E+03	1.202181E-17	3.055878E-19
9.736833E+03	1.200482E-17	3.051817E-19
9.737033E+03	1.199422E-17	3.049376E-19
9.737233E+03	1.199957E-17	3.050991E-19
9.737433E+03	1.200492E-17	3.052610E-19
9.737634E+03	1.199751E-17	3.050981E-19
9.737834E+03	1.199010E-17	3.049354E-19
9.738034E+03	1.199438E-17	3.050699E-19
9.738234E+03	1.199973E-17	3.052318E-19
9.738434E+03	1.200189E-17	3.053125E-19
9.738634E+03	1.200511E-17	3.054201E-19
9.738834E+03	1.200727E-17	3.055008E-19
9.739034E+03	1.200624E-17	3.055004E-19
9.739234E+03	1.200840E-17	3.055812E-19
9.739434E+03	1.201587E-17	3.057974E-19
9.739634E+03	1.202442E-17	3.060407E-19
9.739834E+03	1.202658E-17	3.061217E-19
9.740034E+03	1.201491E-17	3.058507E-19
9.740234E+03	1.199899E-17	3.054713E-19
9.740434E+03	1.199902E-17	3.054981E-19
9.740634E+03	1.201288E-17	3.058771E-19
9.740834E+03	1.202781E-17	3.062831E-19
9.741034E+03	1.203528E-17	3.064996E-19
9.741234E+03	1.203318E-17	3.064723E-19
9.741434E+03	1.202152E-17	3.062013E-19
9.741634E+03	1.200878E-17	3.059031E-19
9.741834E+03	1.200457E-17	3.058218E-19
9.742034E+03	1.201098E-17	3.060115E-19
9.742234E+03	1.202484E-17	3.063907E-19
9.742435E+03	1.203231E-17	3.066076E-19
9.742635E+03	1.202915E-17	3.065534E-19
9.742835E+03	1.202919E-17	3.065808E-19
9.743035E+03	1.203773E-17	3.068247E-19
9.743235E+03	1.204202E-17	3.069603E-19
9.743435E+03	1.204205E-17	3.069876E-19
9.743635E+03	1.203676E-17	3.068792E-19
9.743835E+03	1.202510E-17	3.066082E-19
9.744035E+03	1.201875E-17	3.064729E-19
9.744235E+03	1.201665E-17	3.064459E-19
9.744435E+03	1.201881E-17	3.065274E-19
9.744635E+03	1.202310E-17	3.066633E-19
9.744835E+03	1.202846E-17	3.068265E-19
9.745035E+03	1.203061E-17	3.069082E-19
9.745235E+03	1.203383E-17	3.070169E-19
9.745435E+03	1.203493E-17	3.070716E-19
9.745635E+03	1.202646E-17	3.068820E-19
9.745835E+03	1.201478E-17	3.066108E-19
9.746035E+03	1.200418E-17	3.063669E-19
9.746235E+03	1.198933E-17	3.060145E-19
9.746435E+03	1.197234E-17	3.056075E-19
9.746635E+03	1.195429E-17	3.051733E-19
9.746835E+03	1.194156E-17	3.048749E-19
9.747035E+03	1.194159E-17	3.049023E-19
9.747435E+03	1.195016E-17	3.051747E-19
9.747636E+03	1.195764E-17	3.053925E-19
9.747835E+03	1.196193E-17	3.055287E-19
9.748035E+03	1.196303E-17	3.055836E-19
9.748236E+03	1.196625E-17	3.056928E-19
9.748435E+03	1.198011E-17	3.060737E-19
9.748635E+03	1.199929E-17	3.065907E-19
9.748835E+03	1.201208E-17	3.069445E-19
9.749035E+03	1.201424E-17	3.070268E-19
9.749235E+03	1.200896E-17	3.069190E-19
9.749435E+03	1.201218E-17	3.070283E-19
9.749635E+03	1.203136E-17	3.075457E-19
9.749835E+03	1.204948E-17	3.080361E-19
9.750035E+03	1.206228E-17	3.083904E-19
9.750235E+03	1.208783E-17	3.090712E-19
9.750435E+03	1.211021E-17	3.096708E-19
9.750635E+03	1.208896E-17	3.091549E-19
9.750835E+03	1.209645E-17	3.093738E-19
9.751035E+03	1.211456E-17	3.098645E-19
9.751235E+03	1.212311E-17	3.101106E-19
9.751435E+03	1.211569E-17	3.099485E-19
9.751635E+03	1.210509E-17	3.097048E-19
9.751835E+03	1.210725E-17	3.097877E-19
9.752035E+03	1.211792E-17	3.100885E-19
9.752236E+03	1.213603E-17	3.105797E-19
9.752436E+03	1.215522E-17	3.110986E-19
9.752636E+03	1.216695E-17	3.114268E-19
9.752836E+03	1.217337E-17	3.116189E-19
9.753036E+03	1.217659E-17	3.117292E-19
9.753236E+03	1.217130E-17	3.116218E-19
9.753436E+03	1.217240E-17	3.116779E-19
9.753636E+03	1.219158E-17	3.121970E-19
9.753836E+03	1.220757E-17	3.126346E-19
9.754036E+03	1.220335E-17	3.125544E-19
9.754236E+03	1.219487E-17	3.123654E-19
9.754436E+03	1.220448E-17	3.126396E-19
9.754636E+03	1.222791E-17	3.132682E-19
9.754836E+03	1.224922E-17	3.138424E-19
9.755036E+03	1.224926E-17	3.138718E-19
9.755236E+03	1.222589E-17	3.133011E-19
9.755436E+03	1.220145E-17	3.127032E-19
9.755636E+03	1.219192E-17	3.124872E-19
9.755836E+03	1.219514E-17	3.125980E-19
9.756036E+03	1.220050E-17	3.127636E-19
9.756236E+03	1.220053E-17	3.127928E-19
9.756436E+03	1.219418E-17	3.126585E-19
9.756636E+03	1.218464E-17	3.124422E-19
9.756836E+03	1.218041E-17	3.123622E-19
9.757037E+03	1.218896E-17	3.126099E-19
9.757237E+03	1.219751E-17	3.128576E-19
9.757437E+03	1.220179E-17	3.129961E-19
9.757637E+03	1.220289E-17	3.130529E-19
9.757837E+03	1.220293E-17	3.130822E-19
9.758037E+03	1.220934E-17	3.132755E-19
9.758237E+03	1.222002E-17	3.135780E-19
9.758437E+03	1.222324E-17	3.136893E-19
9.758637E+03	1.221476E-17	3.135006E-19
9.758837E+03	1.220735E-17	3.133390E-19
9.759037E+03	1.220206E-17	3.132320E-19
9.759237E+03	1.219891E-17	3.131797E-19
9.759437E+03	1.219788E-17	3.131821E-19
9.759637E+03	1.219791E-17	3.132116E-19
9.759837E+03	1.219794E-17	3.132413E-19
9.760037E+03	1.219585E-17	3.132165E-19
9.760237E+03	1.220120E-17	3.133827E-19
9.760436E+03	1.221613E-17	3.137950E-19
9.760637E+03	1.223212E-17	3.142349E-19
9.760836E+03	1.223428E-17	3.143192E-19
9.761037E+03	1.222474E-17	3.141033E-19
9.761237E+03	1.222371E-17	3.141059E-19
9.761436E+03	1.223332E-17	3.143816E-19
9.761636E+03	1.223974E-17	3.145757E-19
9.761836E+03	1.224615E-17	3.147698E-19
9.762037E+03	1.224938E-17	3.148822E-19
9.762237E+03	1.225261E-17	3.149944E-19
9.762437E+03	1.225796E-17	3.151612E-19
9.762637E+03	1.225055E-17	3.149998E-19
9.762837E+03	1.224207E-17	3.148113E-19
9.763037E+03	1.224529E-17	3.149234E-19
9.763237E+03	1.225916E-17	3.153095E-19
9.763437E+03	1.227728E-17	3.158050E-19
9.763637E+03	1.228902E-17	3.161364E-19
9.763837E+03	1.228692E-17	3.161119E-19
9.764037E+03	1.228483E-17	3.160878E-19
9.764237E+03	1.229976E-17	3.165013E-19
9.764437E+03	1.232533E-17	3.171891E-19
9.764637E+03	1.235622E-17	3.180139E-19
9.764837E+03	1.239030E-17	3.189208E-19
9.765037E+03	1.240842E-17	3.194172E-19
9.765237E+03	1.241589E-17	3.196397E-19
9.765437E+03	1.242019E-17	3.197804E-19
9.765637E+03	1.240958E-17	3.195372E-19
9.765837E+03	1.239579E-17	3.192122E-19
9.766037E+03	1.238944E-17	3.190787E-19
9.766237E+03	1.239480E-17	3.192467E-19
9.766437E+03	1.241504E-17	3.197984E-19
9.766637E+03	1.244380E-17	3.205695E-19
9.766838E+03	1.247044E-17	3.212861E-19
9.767038E+03	1.248643E-17	3.217285E-19
9.767238E+03	1.248753E-17	3.217874E-19
9.767438E+03	1.248756E-17	3.218186E-19
9.767638E+03	1.248440E-17	3.217678E-19
9.767838E+03	1.248445E-17	3.217994E-19
9.768038E+03	1.249299E-17	3.220502E-19
9.768238E+03	1.250685E-17	3.224382E-19
9.768438E+03	1.252711E-17	3.229912E-19
9.768638E+03	1.255161E-17	3.236537E-19
9.768838E+03	1.256760E-17	3.240969E-19
9.769038E+03	1.256765E-17	3.241289E-19
9.769238E+03	1.256023E-17	3.239685E-19
9.769438E+03	1.254962E-17	3.237258E-19
9.769638E+03	1.253582E-17	3.234007E-19
9.769838E+03	1.252735E-17	3.232130E-19
9.770038E+03	1.252313E-17	3.231350E-19
9.770238E+03	1.251678E-17	3.230022E-19
9.770438E+03	1.250511E-17	3.227319E-19
9.770638E+03	1.249239E-17	3.224344E-19
9.770838E+03	1.247859E-17	3.221091E-19
9.771038E+03	1.246479E-17	3.217838E-19
9.771238E+03	1.245525E-17	3.215685E-19
9.771438E+03	1.245847E-17	3.216825E-19
9.771638E+03	1.248724E-17	3.224564E-19
9.771839E+03	1.251813E-17	3.232853E-19
9.772039E+03	1.253625E-17	3.237845E-19
9.772239E+03	1.253842E-17	3.238717E-19
9.772439E+03	1.254802E-17	3.241511E-19
9.772639E+03	1.255125E-17	3.242659E-19
9.772839E+03	1.255023E-17	3.242706E-19
9.773039E+03	1.254068E-17	3.240555E-19
9.773239E+03	1.254391E-17	3.241703E-19
9.773439E+03	1.255140E-17	3.243952E-19
9.773638E+03	1.256101E-17	3.246748E-19
9.773838E+03	1.257062E-17	3.249548E-19
9.774039E+03	1.257278E-17	3.250424E-19
9.774238E+03	1.257070E-17	3.250199E-19
9.774439E+03	1.256541E-17	3.249150E-19
9.774638E+03	1.256119E-17	3.248372E-19
9.774838E+03	1.257080E-17	3.251175E-19
9.775038E+03	1.258999E-17	3.256455E-19
9.775238E+03	1.260918E-17	3.261736E-19
9.775438E+03	1.262198E-17	3.265367E-19
9.775638E+03	1.262414E-17	3.266245E-19
9.775838E+03	1.262418E-17	3.266574E-19
9.776038E+03	1.263273E-17	3.269106E-19
9.776238E+03	1.264766E-17	3.273290E-19
9.776438E+03	1.265833E-17	3.276373E-19
9.776639E+03	1.266689E-17	3.278911E-19
9.776839E+03	1.266799E-17	3.279518E-19
9.777039E+03	1.266164E-17	3.278195E-19
9.777239E+03	1.266380E-17	3.279076E-19
9.777439E+03	1.267767E-17	3.282991E-19
9.777639E+03	1.269154E-17	3.286906E-19
9.777839E+03	1.269264E-17	3.287515E-19
9.778039E+03	1.268629E-17	3.286194E-19
9.778239E+03	1.268314E-17	3.285700E-19
9.778439E+03	1.268742E-17	3.287136E-19
9.778639E+03	1.269811E-17	3.290229E-19
9.778839E+03	1.270985E-17	3.293597E-19
9.779039E+03	1.271520E-17	3.295309E-19
9.779239E+03	1.270886E-17	3.293991E-19
9.779439E+03	1.269932E-17	3.291844E-19
9.779639E+03	1.269829E-17	3.291905E-19
9.779839E+03	1.269938E-17	3.292514E-19
9.780039E+03	1.269943E-17	3.292852E-19
9.780239E+03	1.269946E-17	3.293188E-19
9.780439E+03	1.269099E-17	3.291318E-19
9.780639E+03	1.266548E-17	3.285030E-19
9.780839E+03	1.263679E-17	3.277914E-19
9.781039E+03	1.261661E-17	3.273005E-19
9.781239E+03	1.259961E-17	3.268922E-19
9.781439E+03	1.258582E-17	3.265669E-19
9.781640E+03	1.257734E-17	3.263796E-19
9.781840E+03	1.257737E-17	3.264131E-19
9.782040E+03	1.257741E-17	3.264468E-19
9.782240E+03	1.257425E-17	3.263974E-19
9.782440E+03	1.256897E-17	3.262929E-19
9.782640E+03	1.257113E-17	3.263817E-19
9.782840E+03	1.258287E-17	3.267194E-19
9.783040E+03	1.261058E-17	3.274717E-19
9.783240E+03	1.263935E-17	3.282518E-19
9.783440E+03	1.264897E-17	3.285345E-19
9.783640E+03	1.265113E-17	3.286237E-19
9.783840E+03	1.267031E-17	3.291552E-19
9.784040E+03	1.270228E-17	3.300189E-19
9.784240E+03	1.272041E-17	3.305231E-19
9.784440E+03	1.271831E-17	3.305021E-19
9.784640E+03	1.271623E-17	3.304812E-19
9.784840E+03	1.272158E-17	3.306536E-19
9.785040E+03	1.272481E-17	3.307710E-19
9.785240E+03	1.271740E-17	3.306118E-19
9.785440E+03	1.271743E-17	3.306461E-19
9.785640E+03	1.272599E-17	3.309021E-19
9.785840E+03	1.273135E-17	3.310750E-19
9.786040E+03	1.272712E-17	3.309987E-19
9.786240E+03	1.271758E-17	3.307842E-19
9.786441E+03	1.270485E-17	3.304867E-19
9.786640E+03	1.269744E-17	3.303273E-19
9.786841E+03	1.269747E-17	3.303620E-19
9.787040E+03	1.269857E-17	3.304241E-19
9.787240E+03	1.269542E-17	3.303757E-19
9.787441E+03	1.268374E-17	3.301057E-19
9.787640E+03	1.266462E-17	3.296415E-19
9.787840E+03	1.264444E-17	3.291498E-19
9.788040E+03	1.262958E-17	3.287965E-19
9.788240E+03	1.261791E-17	3.285264E-19
9.788440E+03	1.261262E-17	3.284222E-19
9.788640E+03	1.260414E-17	3.282350E-19
9.788840E+03	1.258502E-17	3.277707E-19
9.789040E+03	1.256803E-17	3.273616E-19
9.789240E+03	1.256382E-17	3.272856E-19
9.789440E+03	1.256811E-17	3.274310E-19
9.790240E+03	1.256293E-17	3.274306E-19
9.790440E+03	1.255339E-17	3.272157E-19
9.790840E+03	1.255878E-17	3.274238E-19
9.791040E+03	1.257372E-17	3.278472E-19
9.792241E+03	1.258032E-17	3.282233E-19
9.792441E+03	1.258462E-17	3.283695E-19
9.792641E+03	1.259955E-17	3.287931E-19
9.792841E+03	1.260386E-17	3.289395E-19
9.793041E+03	1.259112E-17	3.286413E-19
9.793241E+03	1.258690E-17	3.285653E-19
9.793441E+03	1.259119E-17	3.287115E-19
9.793641E+03	1.259122E-17	3.287467E-19
9.793841E+03	1.259445E-17	3.288653E-19
9.794041E+03	1.260301E-17	3.291231E-19
9.794241E+03	1.261263E-17	3.294086E-19
9.794441E+03	1.261266E-17	3.294438E-19
9.794641E+03	1.260311E-17	3.292289E-19
9.794841E+03	1.259783E-17	3.291254E-19
9.795041E+03	1.259787E-17	3.291607E-19
9.795241E+03	1.260110E-17	3.292797E-19
9.795441E+03	1.258730E-17	3.289535E-19
9.795641E+03	1.257563E-17	3.286831E-19
9.795841E+03	1.257673E-17	3.287464E-19
9.796041E+03	1.255229E-17	3.281420E-19
9.796242E+03	1.252252E-17	3.273983E-19
9.796442E+03	1.251510E-17	3.272388E-19
9.796642E+03	1.252792E-17	3.276083E-19
9.796842E+03	1.254073E-17	3.279779E-19
9.797042E+03	1.254822E-17	3.282083E-19
9.797242E+03	1.255357E-17	3.283829E-19
9.797442E+03	1.255893E-17	3.285578E-19
9.797642E+03	1.256003E-17	3.286214E-19
9.797842E+03	1.256219E-17	3.287127E-19
9.798042E+03	1.257395E-17	3.290550E-19
9.798242E+03	1.258462E-17	3.293693E-19
9.798442E+03	1.258466E-17	3.294051E-19
9.798642E+03	1.257938E-17	3.293017E-19
9.798842E+03	1.258261E-17	3.294213E-19
9.799042E+03	1.259328E-17	3.297358E-19
9.799242E+03	1.259546E-17	3.298277E-19
9.799442E+03	1.258804E-17	3.296685E-19
9.799641E+03	1.259234E-17	3.298160E-19
9.799842E+03	1.259663E-17	3.299636E-19
9.800041E+03	1.259773E-17	3.300276E-19
9.800242E+03	1.259351E-17	3.299523E-19
9.800442E+03	1.258822E-17	3.298489E-19
9.800641E+03	1.258187E-17	3.297176E-19
9.801842E+03	1.257358E-17	3.297120E-19
9.802042E+03	1.256511E-17	3.295250E-19
9.802242E+03	1.256408E-17	3.295335E-19
9.802442E+03	1.257689E-17	3.299047E-19
9.802642E+03	1.260035E-17	3.305556E-19
9.802842E+03	1.260996E-17	3.308435E-19
9.803042E+03	1.260787E-17	3.308242E-19
9.803242E+03	1.261216E-17	3.309724E-19
9.803442E+03	1.263350E-17	3.315680E-19
9.803642E+03	1.265908E-17	3.322752E-19
9.803842E+03	1.267722E-17	3.327872E-19
9.804042E+03	1.267512E-17	3.327682E-19
9.804242E+03	1.265920E-17	3.323859E-19
9.804442E+03	1.265072E-17	3.321992E-19
9.804642E+03	1.265181E-17	3.322639E-19
9.804842E+03	1.264334E-17	3.320772E-19
9.805042E+03	1.262848E-17	3.317228E-19
9.805242E+03	1.261680E-17	3.314521E-19
9.805442E+03	1.260406E-17	3.311533E-19
9.805642E+03	1.259346E-17	3.309105E-19
9.805842E+03	1.258285E-17	3.306678E-19
9.806043E+03	1.257543E-17	3.305090E-19
9.806243E+03	1.257654E-17	3.305739E-19
9.806443E+03	1.258296E-17	3.307787E-19
9.806643E+03	1.258939E-17	3.309837E-19
9.806843E+03	1.259155E-17	3.310767E-19
9.807043E+03	1.257455E-17	3.306658E-19
9.807243E+03	1.254692E-17	3.299750E-19
9.807443E+03	1.254163E-17	3.298719E-19
9.807643E+03	1.256189E-17	3.304411E-19
9.807843E+03	1.258322E-17	3.310382E-19
9.808043E+03	1.258539E-17	3.311316E-19
9.808243E+03	1.258010E-17	3.310287E-19
9.808443E+03	1.257801E-17	3.310099E-19
9.808643E+03	1.256741E-17	3.307671E-19
9.808843E+03	1.255574E-17	3.304961E-19
9.809043E+03	1.255364E-17	3.304773E-19
9.809243E+03	1.255688E-17	3.305987E-19
9.809443E+03	1.255266E-17	3.305240E-19
9.809643E+03	1.253779E-17	3.301687E-19
9.809843E+03	1.252611E-17	3.298976E-19
9.810043E+03	1.252721E-17	3.299628E-19
9.810243E+03	1.254002E-17	3.303367E-19
9.810443E+03	1.255816E-17	3.308510E-19
9.810643E+03	1.257523E-17	3.313373E-19
9.810844E+03	1.258273E-17	3.315716E-19
9.811044E+03	1.258489E-17	3.316653E-19
9.811244E+03	1.258919E-17	3.318151E-19
9.811444E+03	1.259029E-17	3.318809E-19
9.811644E+03	1.259458E-17	3.320308E-19
9.811844E+03	1.260314E-17	3.322932E-19
9.812044E+03	1.261063E-17	3.325275E-19
9.812244E+03	1.260748E-17	3.324813E-19
9.812444E+03	1.259581E-17	3.322104E-19
9.812644E+03	1.259052E-17	3.321078E-19
9.812844E+03	1.260440E-17	3.325109E-19
9.813043E+03	1.263957E-17	3.334757E-19
9.813244E+03	1.267900E-17	3.345533E-19
9.813844E+03	1.270253E-17	3.352863E-19
9.814043E+03	1.272707E-17	3.359711E-19
9.814243E+03	1.275052E-17	3.366278E-19
9.814443E+03	1.277505E-17	3.373131E-19
9.814643E+03	1.279957E-17	3.379984E-19
9.814843E+03	1.281558E-17	3.384590E-19
9.815043E+03	1.281988E-17	3.386105E-19
9.815243E+03	1.282312E-17	3.387339E-19
9.815443E+03	1.282848E-17	3.389134E-19
9.815643E+03	1.283597E-17	3.391493E-19
9.815844E+03	1.283601E-17	3.391888E-19
9.816044E+03	1.283711E-17	3.392558E-19
9.816244E+03	1.283502E-17	3.392386E-19
9.816444E+03	1.282122E-17	3.389120E-19
9.816644E+03	1.280742E-17	3.385854E-19
9.816844E+03	1.281916E-17	3.389340E-19
9.817044E+03	1.284369E-17	3.396208E-19
9.817244E+03	1.287035E-17	3.403642E-19
9.817444E+03	1.287784E-17	3.406006E-19
9.817644E+03	1.286510E-17	3.403021E-19
9.817844E+03	1.286302E-17	3.402854E-19
9.818044E+03	1.287157E-17	3.405500E-19
9.818244E+03	1.287374E-17	3.406461E-19
9.818444E+03	1.286740E-17	3.405167E-19
9.818644E+03	1.286104E-17	3.403870E-19
9.818844E+03	1.286002E-17	3.403985E-19
9.819044E+03	1.285793E-17	3.403817E-19
9.819244E+03	1.285158E-17	3.402523E-19
9.819444E+03	1.284204E-17	3.400382E-19
9.819644E+03	1.283355E-17	3.398522E-19
9.819844E+03	1.282933E-17	3.397791E-19
9.820044E+03	1.283044E-17	3.398470E-19
9.820244E+03	1.282835E-17	3.398303E-19
9.820444E+03	1.282413E-17	3.397572E-19
9.820645E+03	1.281884E-17	3.396560E-19
9.820845E+03	1.280717E-17	3.393855E-19
9.821045E+03	1.277740E-17	3.386352E-19
9.821245E+03	1.274017E-17	3.376869E-19
9.821445E+03	1.271892E-17	3.371622E-19
9.821645E+03	1.270618E-17	3.368629E-19
9.821845E+03	1.269237E-17	3.365354E-19
9.822045E+03	1.268283E-17	3.363208E-19
9.822245E+03	1.268286E-17	3.363603E-19
9.822445E+03	1.268397E-17	3.364282E-19
9.822645E+03	1.268613E-17	3.365242E-19
9.822845E+03	1.268299E-17	3.364793E-19
9.823045E+03	1.266385E-17	3.360103E-19
9.823245E+03	1.264473E-17	3.355415E-19
9.823445E+03	1.264370E-17	3.355526E-19
9.823645E+03	1.264161E-17	3.355358E-19
9.823845E+03	1.262567E-17	3.351514E-19
9.824045E+03	1.261826E-17	3.349931E-19
9.824245E+03	1.263214E-17	3.354004E-19
9.824445E+03	1.263538E-17	3.355249E-19
9.824645E+03	1.261944E-17	3.351404E-19
9.824845E+03	1.260032E-17	3.346712E-19
9.825045E+03	1.257373E-17	3.340037E-19
9.825245E+03	1.254608E-17	3.333077E-19
9.825445E+03	1.252482E-17	3.327814E-19
9.825646E+03	1.251741E-17	3.326231E-19
9.825845E+03	1.251532E-17	3.326059E-19
9.826046E+03	1.251323E-17	3.325891E-19
9.826246E+03	1.251007E-17	3.325437E-19
9.826445E+03	1.251225E-17	3.326399E-19
9.826646E+03	1.251974E-17	3.328779E-19
9.826845E+03	1.252190E-17	3.329740E-19
9.827046E+03	1.251874E-17	3.329288E-19
9.827245E+03	1.251240E-17	3.327986E-19
9.827445E+03	1.251137E-17	3.328100E-19
9.827645E+03	1.251993E-17	3.330764E-19
9.827845E+03	1.253701E-17	3.335697E-19
9.828045E+03	1.255195E-17	3.340062E-19
9.828245E+03	1.256158E-17	3.343014E-19
9.828445E+03	1.257759E-17	3.347666E-19
9.828645E+03	1.259467E-17	3.352603E-19
9.828845E+03	1.260216E-17	3.354989E-19
9.829045E+03	1.259581E-17	3.353692E-19
9.829245E+03	1.257988E-17	3.349842E-19
9.829445E+03	1.256075E-17	3.345139E-19
9.829645E+03	1.254694E-17	3.341854E-19
9.829845E+03	1.254378E-17	3.341404E-19
9.830045E+03	1.253956E-17	3.340673E-19
9.830245E+03	1.253001E-17	3.338520E-19
9.830446E+03	1.252686E-17	3.338076E-19
9.830646E+03	1.253329E-17	3.340179E-19
9.830846E+03	1.254398E-17	3.343423E-19
9.831046E+03	1.254721E-17	3.344676E-19
9.831246E+03	1.254086E-17	3.343379E-19
9.831446E+03	1.253131E-17	3.341226E-19
9.831646E+03	1.252710E-17	3.340496E-19
9.831846E+03	1.252820E-17	3.341185E-19
9.832046E+03	1.252185E-17	3.339885E-19
9.832246E+03	1.251337E-17	3.338017E-19
9.832446E+03	1.251341E-17	3.338421E-19
9.832646E+03	1.251451E-17	3.339112E-19
9.832846E+03	1.250816E-17	3.337811E-19
9.833046E+03	1.249222E-17	3.333954E-19
9.833246E+03	1.247629E-17	3.330096E-19
9.833446E+03	1.247101E-17	3.329080E-19
9.833646E+03	1.247317E-17	3.330053E-19
9.833846E+03	1.247748E-17	3.331598E-19
9.834046E+03	1.248816E-17	3.334848E-19
9.834246E+03	1.251270E-17	3.341796E-19
9.834446E+03	1.254469E-17	3.350739E-19
9.834646E+03	1.256283E-17	3.355983E-19
9.834846E+03	1.255967E-17	3.355539E-19
9.835046E+03	1.255971E-17	3.355949E-19
9.835247E+03	1.256614E-17	3.358070E-19
9.835447E+03	1.255979E-17	3.356772E-19
9.835647E+03	1.254066E-17	3.352060E-19
9.835847E+03	1.252047E-17	3.347063E-19
9.836047E+03	1.250879E-17	3.344341E-19
9.836247E+03	1.250137E-17	3.342756E-19
9.836447E+03	1.250460E-17	3.344021E-19
9.836647E+03	1.252062E-17	3.348706E-19
9.836847E+03	1.253451E-17	3.352821E-19
9.837047E+03	1.253455E-17	3.353234E-19
9.837247E+03	1.253671E-17	3.354215E-19
9.837447E+03	1.254634E-17	3.357194E-19
9.837647E+03	1.255490E-17	3.359888E-19
9.837847E+03	1.256666E-17	3.363438E-19
9.838047E+03	1.258374E-17	3.368415E-19
9.838247E+03	1.260188E-17	3.373676E-19
9.838447E+03	1.261470E-17	3.377515E-19
9.838647E+03	1.262326E-17	3.380215E-19
9.838847E+03	1.263928E-17	3.384913E-19
9.839047E+03	1.266382E-17	3.391891E-19
9.839246E+03	1.269049E-17	3.399442E-19
9.839447E+03	1.271715E-17	3.407000E-19
9.839647E+03	1.274382E-17	3.414557E-19
9.839846E+03	1.275238E-17	3.417261E-19
9.840047E+03	1.275455E-17	3.418257E-19
9.840247E+03	1.275246E-17	3.418111E-19
9.840447E+03	1.274291E-17	3.415965E-19
9.840647E+03	1.273976E-17	3.415533E-19
9.840847E+03	1.274619E-17	3.417671E-19
9.841047E+03	1.274730E-17	3.418383E-19
9.841247E+03	1.274628E-17	3.418524E-19
9.841447E+03	1.275590E-17	3.421519E-19
9.841647E+03	1.276340E-17	3.423948E-19
9.841847E+03	1.276344E-17	3.424374E-19
9.842047E+03	1.276454E-17	3.425088E-19
9.842247E+03	1.277204E-17	3.427516E-19
9.842447E+03	1.277421E-17	3.428517E-19
9.842647E+03	1.277211E-17	3.428372E-19
9.842847E+03	1.277429E-17	3.429375E-19
9.843047E+03	1.278605E-17	3.432949E-19
9.843247E+03	1.281272E-17	3.440530E-19
9.843447E+03	1.284471E-17	3.449542E-19
9.843647E+03	1.287032E-17	3.456842E-19
9.843847E+03	1.290019E-17	3.465287E-19
9.844047E+03	1.292791E-17	3.473161E-19
9.844247E+03	1.294181E-17	3.477319E-19
9.844447E+03	1.293226E-17	3.475179E-19
9.844647E+03	1.292910E-17	3.474757E-19
9.844847E+03	1.293128E-17	3.475768E-19
9.845048E+03	1.293132E-17	3.476207E-19
9.845248E+03	1.292177E-17	3.474067E-19
9.845448E+03	1.290477E-17	3.469923E-19
9.845648E+03	1.288564E-17	3.465205E-19
9.845848E+03	1.288888E-17	3.466502E-19
9.846048E+03	1.289851E-17	3.469519E-19
9.846248E+03	1.289642E-17	3.469384E-19
9.846448E+03	1.291670E-17	3.475267E-19
9.846648E+03	1.295295E-17	3.485452E-19
9.846848E+03	1.296046E-17	3.487901E-19
9.847048E+03	1.295837E-17	3.487770E-19
9.847248E+03	1.296266E-17	3.489357E-19
9.847448E+03	1.297123E-17	3.492095E-19
9.847648E+03	1.297979E-17	3.494832E-19
9.847848E+03	1.298623E-17	3.496997E-19
9.848048E+03	1.298733E-17	3.497728E-19
9.848248E+03	1.297992E-17	3.496165E-19
9.848448E+03	1.297144E-17	3.494314E-19
9.848648E+03	1.296829E-17	3.493897E-19
9.848848E+03	1.297685E-17	3.496637E-19
9.849048E+03	1.299394E-17	3.501677E-19
9.849248E+03	1.300889E-17	3.506142E-19
9.849448E+03	1.302172E-17	3.510036E-19
9.849648E+03	1.303774E-17	3.514792E-19
9.850849E+03	1.305930E-17	3.523237E-19
9.851049E+03	1.308596E-17	3.530873E-19
9.851249E+03	1.311371E-17	3.538802E-19
9.851449E+03	1.312547E-17	3.542417E-19
9.851649E+03	1.311699E-17	3.540572E-19
9.851849E+03	1.311596E-17	3.540738E-19
9.852049E+03	1.312986E-17	3.544932E-19
9.852248E+03	1.315866E-17	3.553153E-19
9.852449E+03	1.319173E-17	3.562532E-19
9.852648E+03	1.321734E-17	3.569893E-19
9.852849E+03	1.323976E-17	3.576398E-19
9.853049E+03	1.326537E-17	3.583766E-19
9.853248E+03	1.329311E-17	3.591709E-19
9.853448E+03	1.331339E-17	3.597642E-19
9.853648E+03	1.332409E-17	3.600986E-19
9.853848E+03	1.333052E-17	3.603178E-19
9.854048E+03	1.332311E-17	3.601629E-19
9.854248E+03	1.330824E-17	3.598062E-19
9.854448E+03	1.328059E-17	3.591037E-19
9.854648E+03	1.326145E-17	3.586315E-19
9.854849E+03	1.323592E-17	3.579865E-19
9.855049E+03	1.320933E-17	3.573125E-19
9.855249E+03	1.319979E-17	3.570994E-19
9.855449E+03	1.321581E-17	3.575781E-19
9.855649E+03	1.323184E-17	3.580571E-19
9.855849E+03	1.321910E-17	3.577575E-19
9.856049E+03	1.320103E-17	3.573138E-19
9.856249E+03	1.319680E-17	3.572447E-19
9.856449E+03	1.319259E-17	3.571760E-19
9.856649E+03	1.319263E-17	3.572224E-19
9.856849E+03	1.321185E-17	3.577881E-19
9.857049E+03	1.322787E-17	3.582676E-19
9.857249E+03	1.323857E-17	3.586029E-19
9.857449E+03	1.325141E-17	3.589962E-19
9.857649E+03	1.326849E-17	3.595047E-19
9.857849E+03	1.328452E-17	3.599849E-19
9.858049E+03	1.327390E-17	3.597430E-19
9.858249E+03	1.328140E-17	3.599922E-19
9.858449E+03	1.328571E-17	3.601548E-19
9.858649E+03	1.327723E-17	3.599709E-19
9.858849E+03	1.326981E-17	3.598157E-19
9.859049E+03	1.327519E-17	3.600074E-19
9.859249E+03	1.328589E-17	3.603435E-19
9.859449E+03	1.329446E-17	3.606221E-19
9.859649E+03	1.328917E-17	3.605247E-19
9.859850E+03	1.328176E-17	3.603700E-19
9.860050E+03	1.327328E-17	3.601861E-19
9.860250E+03	1.326586E-17	3.600309E-19
9.860450E+03	1.327016E-17	3.601939E-19
9.860650E+03	1.327979E-17	3.605016E-19
9.860850E+03	1.327771E-17	3.604912E-19
9.861050E+03	1.326391E-17	3.601627E-19
9.861250E+03	1.326395E-17	3.602101E-19
9.861450E+03	1.327252E-17	3.604892E-19
9.861650E+03	1.326830E-17	3.604209E-19
9.861850E+03	1.325982E-17	3.602370E-19
9.862050E+03	1.325347E-17	3.601108E-19
9.862250E+03	1.325458E-17	3.601873E-19
9.862450E+03	1.325462E-17	3.602349E-19
9.862650E+03	1.325147E-17	3.601957E-19
9.862850E+03	1.325577E-17	3.603592E-19
9.863050E+03	1.326008E-17	3.605229E-19
9.863250E+03	1.326332E-17	3.606575E-19
9.863450E+03	1.326123E-17	3.606474E-19
9.863650E+03	1.324956E-17	3.603765E-19
9.863850E+03	1.324108E-17	3.601925E-19
9.864050E+03	1.324858E-17	3.604433E-19
9.864250E+03	1.326780E-17	3.610129E-19
9.864450E+03	1.327957E-17	3.613800E-19
9.864651E+03	1.326469E-17	3.610221E-19
9.864851E+03	1.324236E-17	3.604611E-19
9.865051E+03	1.323388E-17	3.602771E-19
9.865251E+03	1.323499E-17	3.603541E-19
9.865451E+03	1.323397E-17	3.603730E-19
9.865650E+03	1.322549E-17	3.601888E-19
9.865851E+03	1.321487E-17	3.599467E-19
9.866050E+03	1.320533E-17	3.597334E-19
9.866251E+03	1.319259E-17	3.594333E-19
9.866451E+03	1.317984E-17	3.591329E-19
9.866650E+03	1.317563E-17	3.590647E-19
9.866850E+03	1.318100E-17	3.592578E-19
9.867050E+03	1.318211E-17	3.593350E-19
9.867250E+03	1.317469E-17	3.591797E-19
9.867450E+03	1.317154E-17	3.591407E-19
9.867650E+03	1.316945E-17	3.591307E-19
9.867850E+03	1.316949E-17	3.591789E-19
9.868050E+03	1.316634E-17	3.591399E-19
9.868250E+03	1.317704E-17	3.594788E-19
9.868450E+03	1.318988E-17	3.598762E-19
9.868650E+03	1.319418E-17	3.600409E-19
9.868850E+03	1.320275E-17	3.603218E-19
9.869050E+03	1.321346E-17	3.606614E-19
9.869250E+03	1.321775E-17	3.608261E-19
9.869450E+03	1.321781E-17	3.608749E-19
9.869651E+03	1.321039E-17	3.607201E-19
9.869851E+03	1.320617E-17	3.606522E-19
9.870051E+03	1.321261E-17	3.608757E-19
9.870251E+03	1.321905E-17	3.610990E-19
9.870451E+03	1.321589E-17	3.610604E-19
9.870651E+03	1.321381E-17	3.610510E-19
9.870851E+03	1.323729E-17	3.617404E-19
9.871051E+03	1.326718E-17	3.626050E-19
9.871251E+03	1.327895E-17	3.629745E-19
9.871451E+03	1.327579E-17	3.629363E-19
9.871651E+03	1.327264E-17	3.628980E-19
9.871851E+03	1.327801E-17	3.630927E-19
9.872051E+03	1.329617E-17	3.636375E-19
9.872251E+03	1.332925E-17	3.645905E-19
9.872451E+03	1.335274E-17	3.652815E-19
9.872651E+03	1.336451E-17	3.656519E-19
9.872851E+03	1.336988E-17	3.658472E-19
9.873051E+03	1.336247E-17	3.656930E-19
9.874452E+03	1.334147E-17	3.654586E-19
9.874652E+03	1.332873E-17	3.651582E-19
9.874852E+03	1.332877E-17	3.652079E-19
9.875052E+03	1.332775E-17	3.652285E-19
9.875252E+03	1.332566E-17	3.652202E-19
9.875452E+03	1.332784E-17	3.653287E-19
9.875652E+03	1.332255E-17	3.652325E-19
9.875852E+03	1.331301E-17	3.650196E-19
9.876052E+03	1.330133E-17	3.647480E-19
9.876252E+03	1.329605E-17	3.646521E-19
9.876452E+03	1.329716E-17	3.647314E-19
9.876652E+03	1.330786E-17	3.650737E-19
9.876852E+03	1.331750E-17	3.653872E-19
9.877052E+03	1.331967E-17	3.654958E-19
9.877252E+03	1.332185E-17	3.656046E-19
9.877452E+03	1.333575E-17	3.660351E-19
9.877652E+03	1.334539E-17	3.663490E-19
9.877852E+03	1.334544E-17	3.663993E-19
9.878052E+03	1.335081E-17	3.665963E-19
9.878252E+03	1.336471E-17	3.670272E-19
9.878451E+03	1.337861E-17	3.674580E-19
9.878651E+03	1.337545E-17	3.674209E-19
9.878852E+03	1.336911E-17	3.672962E-19
9.879051E+03	1.338728E-17	3.678447E-19
9.879253E+03	1.341290E-17	3.685990E-19
9.879452E+03	1.342680E-17	3.690304E-19
9.879652E+03	1.343537E-17	3.693158E-19
9.879852E+03	1.343541E-17	3.693670E-19
9.880052E+03	1.342694E-17	3.691838E-19
9.880252E+03	1.342165E-17	3.690882E-19
9.880452E+03	1.342916E-17	3.693449E-19
9.880652E+03	1.344199E-17	3.697477E-19
9.880852E+03	1.345802E-17	3.702388E-19
9.881052E+03	1.347725E-17	3.708181E-19
9.881252E+03	1.349329E-17	3.713096E-19
9.881452E+03	1.350186E-17	3.715959E-19
9.881652E+03	1.349871E-17	3.715596E-19
9.881852E+03	1.349130E-17	3.714061E-19
9.882052E+03	1.348601E-17	3.713109E-19
9.882252E+03	1.348074E-17	3.712160E-19
9.882452E+03	1.347971E-17	3.712383E-19
9.882652E+03	1.349148E-17	3.716129E-19
9.882852E+03	1.351711E-17	3.723696E-19
9.883052E+03	1.353634E-17	3.729502E-19
9.883252E+03	1.353958E-17	3.730902E-19
9.883452E+03	1.353964E-17	3.731426E-19
9.883652E+03	1.354607E-17	3.733709E-19
9.883852E+03	1.354185E-17	3.733055E-19
9.884052E+03	1.352485E-17	3.728877E-19
9.884253E+03	1.351424E-17	3.726462E-19
9.884453E+03	1.352174E-17	3.729041E-19
9.884653E+03	1.353032E-17	3.731916E-19
9.884853E+03	1.353357E-17	3.733323E-19
9.885053E+03	1.353148E-17	3.733256E-19
9.885253E+03	1.351234E-17	3.728489E-19
9.885453E+03	1.350172E-17	3.726068E-19
9.885653E+03	1.350284E-17	3.726886E-19
9.885853E+03	1.349329E-17	3.724763E-19
9.886053E+03	1.347522E-17	3.720285E-19
9.886253E+03	1.347739E-17	3.721395E-19
9.886453E+03	1.349556E-17	3.726925E-19
9.886653E+03	1.349881E-17	3.728332E-19
9.886853E+03	1.347967E-17	3.723557E-19
9.887053E+03	1.345306E-17	3.716720E-19
9.887253E+03	1.344139E-17	3.714007E-19
9.887453E+03	1.345103E-17	3.717180E-19
9.887653E+03	1.346174E-17	3.720653E-19
9.887853E+03	1.346498E-17	3.722062E-19
9.888053E+03	1.346290E-17	3.721999E-19
9.888253E+03	1.345548E-17	3.720462E-19
9.888453E+03	1.344913E-17	3.719221E-19
9.888653E+03	1.346197E-17	3.723285E-19
9.888853E+03	1.348654E-17	3.730595E-19
9.889054E+03	1.350150E-17	3.735253E-19
9.889254E+03	1.351754E-17	3.740206E-19
9.889454E+03	1.353677E-17	3.746046E-19
9.889654E+03	1.355494E-17	3.751594E-19
9.889854E+03	1.357738E-17	3.758324E-19
9.890054E+03	1.359022E-17	3.762400E-19
9.890254E+03	1.359879E-17	3.765296E-19
9.890454E+03	1.361590E-17	3.770554E-19
9.890654E+03	1.363300E-17	3.775815E-19
9.890854E+03	1.363838E-17	3.777829E-19
9.891054E+03	1.362989E-17	3.776003E-19
9.891254E+03	1.362355E-17	3.774770E-19
9.891453E+03	1.362466E-17	3.775601E-19
9.891654E+03	1.363217E-17	3.778209E-19
9.891853E+03	1.364181E-17	3.781406E-19
9.892053E+03	1.364293E-17	3.782241E-19
9.892254E+03	1.363231E-17	3.779829E-19
9.892453E+03	1.362596E-17	3.778591E-19
9.892654E+03	1.363881E-17	3.782684E-19
9.892853E+03	1.365591E-17	3.787953E-19
9.893053E+03	1.366022E-17	3.789678E-19
9.893253E+03	1.365600E-17	3.789037E-19
9.893453E+03	1.365392E-17	3.788989E-19
9.893653E+03	1.365183E-17	3.788939E-19
9.893853E+03	1.364655E-17	3.788004E-19
9.894054E+03	1.363700E-17	3.785884E-19
9.894254E+03	1.362426E-17	3.782878E-19
9.894454E+03	1.361578E-17	3.781053E-19
9.894654E+03	1.361263E-17	3.780707E-19
9.894854E+03	1.360734E-17	3.779771E-19
9.896654E+03	1.359818E-17	3.782008E-19
9.896854E+03	1.359610E-17	3.781960E-19
9.897054E+03	1.359722E-17	3.782804E-19
9.897254E+03	1.359512E-17	3.782756E-19
9.897454E+03	1.362289E-17	3.791017E-19
9.897654E+03	1.364747E-17	3.798393E-19
9.897854E+03	1.365178E-17	3.800129E-19
9.898054E+03	1.364969E-17	3.800084E-19
9.898254E+03	1.365187E-17	3.801230E-19
9.898454E+03	1.366578E-17	3.805641E-19
9.898654E+03	1.367543E-17	3.808865E-19
9.898855E+03	1.367654E-17	3.809718E-19
9.899055E+03	1.368192E-17	3.811757E-19
9.899255E+03	1.369796E-17	3.816765E-19
9.899455E+03	1.371081E-17	3.820888E-19
9.899655E+03	1.369913E-17	3.818175E-19
9.899855E+03	1.368958E-17	3.816054E-19
9.900055E+03	1.371095E-17	3.822554E-19
9.900255E+03	1.374191E-17	3.831732E-19
9.900455E+03	1.376116E-17	3.837643E-19
9.900655E+03	1.378359E-17	3.844447E-19
9.900855E+03	1.380390E-17	3.850660E-19
9.901055E+03	1.380715E-17	3.852112E-19
9.901255E+03	1.380400E-17	3.851807E-19
9.901455E+03	1.379440E-17	3.849700E-19
9.929393E+03	1.222836E-17	3.483443E-19
9.969393E+03	1.221808E-17	3.601438E-19
1.000939E+04	1.220397E-17	3.718039E-19
1.004939E+04	1.218739E-17	3.833587E-19
1.008939E+04	1.217220E-17	3.974264E-19
1.012939E+04	1.215666E-17	4.114444E-19
1.016939E+04	1.214174E-17	4.254450E-19
1.020939E+04	1.213092E-17	4.412489E-19
1.024939E+04	1.212309E-17	4.571338E-19
1.028939E+04	1.211946E-17	4.731593E-19
1.032939E+04	1.212326E-17	4.905292E-19
1.036939E+04	1.213356E-17	5.081785E-19
1.040939E+04	1.215148E-17	5.261836E-19
1.044939E+04	1.217979E-17	5.452859E-19
1.048939E+04	1.221753E-17	5.649037E-19
1.052939E+04	1.226544E-17	5.851128E-19
1.056939E+04	1.232561E-17	6.063019E-19
1.060939E+04	1.239681E-17	6.282241E-19
1.064939E+04	1.247905E-17	6.509290E-19
1.068939E+04	1.257334E-17	6.745034E-19
1.072939E+04	1.267796E-17	6.989218E-19
1.076939E+04	1.279231E-17	7.241965E-19
1.080939E+04	1.291681E-17	7.501822E-19
1.084939E+04	1.304989E-17	7.770376E-19
1.088939E+04	1.319088E-17	8.047612E-19
1.092939E+04	1.333982E-17	8.330204E-19
1.096939E+04	1.349514E-17	8.621102E-19
1.100939E+04	1.365622E-17	8.920166E-19
1.104939E+04	1.382287E-17	9.222586E-19
1.108939E+04	1.399367E-17	9.532452E-19
1.112939E+04	1.416743E-17	9.849092E-19
1.116939E+04	1.434286E-17	1.016578E-18
1.120939E+04	1.451800E-17	1.048697E-18
1.124939E+04	1.469100E-17	1.081127E-18
1.128939E+04	1.485987E-17	1.113035E-18
1.132939E+04	1.502269E-17	1.144919E-18
1.136939E+04	1.517759E-17	1.176610E-18
1.140939E+04	1.532245E-17	1.207170E-18
1.144939E+04	1.545600E-17	1.237184E-18
1.148939E+04	1.557647E-17	1.266467E-18
1.152939E+04	1.568139E-17	1.293981E-18
1.156939E+04	1.577023E-17	1.320397E-18
1.160939E+04	1.584212E-17	1.345584E-18
1.164939E+04	1.589607E-17	1.368585E-18
1.168939E+04	1.593512E-17	1.390408E-18
1.172939E+04	1.596263E-17	1.411295E-18
1.176939E+04	1.598124E-17	1.430618E-18
1.180939E+04	1.599624E-17	1.449651E-18
1.184939E+04	1.601157E-17	1.468744E-18
1.188939E+04	1.602947E-17	1.487255E-18
1.192939E+04	1.605373E-17	1.506398E-18
1.196939E+04	1.608621E-17	1.526370E-18
1.200939E+04	1.612692E-17	1.546327E-18
1.204939E+04	1.617726E-17	1.567295E-18
1.208939E+04	1.623672E-17	1.589254E-18
1.212939E+04	1.630277E-17	1.611093E-18
1.216939E+04	1.637373E-17	1.633546E-18
1.220939E+04	1.644588E-17	1.656250E-18
1.224939E+04	1.651322E-17	1.677698E-18
1.228939E+04	1.657028E-17	1.698211E-18
1.232939E+04	1.660959E-17	1.716989E-18
1.236939E+04	1.662171E-17	1.732094E-18
1.240939E+04	1.659799E-17	1.743454E-18
1.244939E+04	1.652866E-17	1.749944E-18
1.248939E+04	1.640559E-17	1.749697E-18
1.252939E+04	1.623126E-17	1.743750E-18
1.256939E+04	1.601325E-17	1.732803E-18
1.260939E+04	1.575960E-17	1.716789E-18
1.264939E+04	1.547973E-17	1.697531E-18
1.268939E+04	1.518189E-17	1.675884E-18
1.272939E+04	1.487302E-17	1.651795E-18
1.276939E+04	1.456086E-17	1.626923E-18
1.280939E+04	1.425193E-17	1.601993E-18
1.284939E+04	1.395127E-17	1.576862E-18
1.288939E+04	1.366436E-17	1.552921E-18
1.292939E+04	1.339534E-17	1.530666E-18
1.296939E+04	1.314716E-17	1.509811E-18
1.300939E+04	1.292320E-17	1.491466E-18
1.304939E+04	1.272556E-17	1.475919E-18
1.308939E+04	1.255526E-17	1.462717E-18
1.312939E+04	1.241358E-17	1.452686E-18
1.316939E+04	1.230074E-17	1.445898E-18
1.320939E+04	1.221597E-17	1.441728E-18
1.324939E+04	1.215891E-17	1.440760E-18
1.328939E+04	1.212823E-17	1.442877E-18
1.332939E+04	1.212174E-17	1.447301E-18
1.336939E+04	1.213780E-17	1.454420E-18
1.340939E+04	1.217399E-17	1.463975E-18
1.344939E+04	1.222735E-17	1.475099E-18
1.348939E+04	1.229547E-17	1.488050E-18
1.352939E+04	1.237531E-17	1.502477E-18
1.356939E+04	1.246326E-17	1.517434E-18
1.360939E+04	1.255661E-17	1.533112E-18
1.364939E+04	1.265240E-17	1.549154E-18
1.368939E+04	1.274751E-17	1.564677E-18
1.372939E+04	1.283995E-17	1.579929E-18
1.376939E+04	1.292764E-17	1.594653E-18
1.380939E+04	1.300825E-17	1.608077E-18
1.384939E+04	1.308057E-17	1.620519E-18
1.388939E+04	1.314334E-17	1.631812E-18
1.392939E+04	1.319511E-17	1.641324E-18
1.396939E+04	1.323569E-17	1.649467E-18
1.400939E+04	1.326474E-17	1.656188E-18
1.404939E+04	1.328186E-17	1.661021E-18
1.408939E+04	1.328807E-17	1.664494E-18
1.412939E+04	1.328414E-17	1.666699E-18
1.416939E+04	1.327051E-17	1.667317E-18
1.420939E+04	1.324873E-17	1.666905E-18
1.424939E+04	1.322008E-17	1.665620E-18
1.428939E+04	1.318541E-17	1.663249E-18
1.432939E+04	1.314659E-17	1.660344E-18
1.436939E+04	1.310506E-17	1.657086E-18
1.440939E+04	1.306175E-17	1.653325E-18
1.444939E+04	1.301875E-17	1.649594E-18
1.448939E+04	1.297771E-17	1.646099E-18
1.452939E+04	1.293978E-17	1.642782E-18
1.456939E+04	1.290730E-17	1.640148E-18
1.460939E+04	1.288186E-17	1.638403E-18
1.464939E+04	1.286436E-17	1.637515E-18
1.468939E+04	1.285687E-17	1.637899E-18
1.472939E+04	1.286055E-17	1.639706E-18
1.476939E+04	1.287551E-17	1.642866E-18
1.480939E+04	1.290298E-17	1.647627E-18
1.484939E+04	1.294336E-17	1.654043E-18
1.488939E+04	1.299630E-17	1.662052E-18
1.492939E+04	1.306280E-17	1.671806E-18
1.496939E+04	1.314298E-17	1.683325E-18
1.500939E+04	1.323580E-17	1.696530E-18
1.504939E+04	1.334152E-17	1.711407E-18
1.508939E+04	1.345937E-17	1.727864E-18
1.512939E+04	1.358750E-17	1.745792E-18
1.516939E+04	1.372553E-17	1.765021E-18
1.520939E+04	1.387193E-17	1.785357E-18
1.524939E+04	1.402384E-17	1.806647E-18
1.528939E+04	1.417981E-17	1.828499E-18
1.532939E+04	1.433708E-17	1.850560E-18
1.536939E+04	1.449185E-17	1.872641E-18
1.540939E+04	1.464283E-17	1.894279E-18
1.544939E+04	1.478842E-17	1.915262E-18
1.548939E+04	1.492637E-17	1.935676E-18
1.552939E+04	1.505696E-17	1.955182E-18
1.556939E+04	1.517942E-17	1.973675E-18
1.560939E+04	1.529167E-17	1.991270E-18
1.564939E+04	1.539392E-17	2.007607E-18
1.568939E+04	1.548489E-17	2.022511E-18
1.572939E+04	1.556189E-17	2.036015E-18
1.576939E+04	1.562492E-17	2.047724E-18
1.580939E+04	1.567262E-17	2.057449E-18
1.584939E+04	1.570237E-17	2.065228E-18
1.588939E+04	1.571487E-17	2.070750E-18
1.592939E+04	1.570983E-17	2.073964E-18
1.596939E+04	1.568579E-17	2.075054E-18
1.600939E+04	1.564434E-17	2.073824E-18
1.604939E+04	1.558583E-17	2.070305E-18
1.608939E+04	1.550944E-17	2.064767E-18
1.612939E+04	1.541782E-17	2.057151E-18
1.616939E+04	1.531227E-17	2.047619E-18
1.620939E+04	1.519260E-17	2.036509E-18
1.624939E+04	1.506178E-17	2.023824E-18
1.628939E+04	1.492143E-17	2.009773E-18
1.632939E+04	1.477178E-17	1.994695E-18
1.636939E+04	1.461574E-17	1.978652E-18
1.640939E+04	1.445455E-17	1.961803E-18
1.644939E+04	1.428809E-17	1.944379E-18
1.648939E+04	1.411869E-17	1.926437E-18
1.652939E+04	1.394735E-17	1.908108E-18
1.656939E+04	1.377376E-17	1.889541E-18
1.660939E+04	1.359975E-17	1.870786E-18
1.664939E+04	1.342603E-17	1.851943E-18
1.668939E+04	1.325228E-17	1.833106E-18
1.672939E+04	1.308001E-17	1.814342E-18
1.676939E+04	1.290999E-17	1.795758E-18
1.680939E+04	1.274213E-17	1.777442E-18
1.684939E+04	1.257804E-17	1.759522E-18
1.688939E+04	1.241826E-17	1.742078E-18
1.692939E+04	1.226234E-17	1.725109E-18
1.696939E+04	1.211131E-17	1.708707E-18
1.700939E+04	1.196534E-17	1.692901E-18
1.704939E+04	1.182387E-17	1.677643E-18
1.708939E+04	1.168764E-17	1.663018E-18
1.712939E+04	1.155684E-17	1.649059E-18
1.716939E+04	1.143125E-17	1.635738E-18
1.720939E+04	1.131193E-17	1.623218E-18
1.724939E+04	1.119948E-17	1.611592E-18
1.728939E+04	1.109411E-17	1.600872E-18
1.732939E+04	1.099701E-17	1.591266E-18
1.736939E+04	1.090891E-17	1.582889E-18
1.740939E+04	1.083005E-17	1.575742E-18
1.744939E+04	1.076159E-17	1.570052E-18
1.748939E+04	1.070431E-17	1.565945E-18
1.752939E+04	1.065844E-17	1.563405E-18
1.756939E+04	1.062472E-17	1.562620E-18
1.760939E+04	1.060359E-17	1.563665E-18
1.764939E+04	1.059522E-17	1.566505E-18
1.768939E+04	1.060025E-17	1.571328E-18
1.772939E+04	1.061900E-17	1.578195E-18
1.776939E+04	1.065163E-17	1.587059E-18
1.780939E+04	1.069887E-17	1.598130E-18
1.784939E+04	1.076108E-17	1.611479E-18
1.788939E+04	1.083834E-17	1.627038E-18
1.792939E+04	1.093112E-17	1.644990E-18
1.796939E+04	1.103946E-17	1.665359E-18
1.800939E+04	1.116284E-17	1.687971E-18
1.804939E+04	1.130053E-17	1.712843E-18
1.808939E+04	1.145117E-17	1.739781E-18
1.812939E+04	1.161275E-17	1.768373E-18
1.816939E+04	1.178312E-17	1.798420E-18
1.820939E+04	1.195932E-17	1.829478E-18
1.824939E+04	1.213785E-17	1.860882E-18
1.828939E+04	1.231507E-17	1.892206E-18
1.832939E+04	1.248694E-17	1.922829E-18
1.836939E+04	1.264923E-17	1.951942E-18
1.840939E+04	1.279791E-17	1.979061E-18
1.844939E+04	1.292925E-17	2.003590E-18
1.848939E+04	1.304017E-17	2.024879E-18
1.852939E+04	1.312835E-17	2.042704E-18
1.856939E+04	1.319198E-17	2.056756E-18
1.860939E+04	1.323003E-17	2.066695E-18
1.864939E+04	1.324205E-17	2.072585E-18
1.868939E+04	1.322805E-17	2.074403E-18
1.872939E+04	1.318864E-17	2.072062E-18
1.876939E+04	1.312518E-17	2.065913E-18
1.880939E+04	1.304003E-17	2.056310E-18
1.884939E+04	1.293610E-17	2.043534E-18
1.888939E+04	1.281621E-17	2.028174E-18
1.892939E+04	1.268330E-17	2.010687E-18
1.896939E+04	1.254039E-17	1.991386E-18
1.900939E+04	1.239009E-17	1.970835E-18
1.904939E+04	1.223524E-17	1.949479E-18
1.908939E+04	1.207895E-17	1.927667E-18
1.912939E+04	1.192399E-17	1.905989E-18
1.916939E+04	1.177300E-17	1.884870E-18
1.920939E+04	1.162855E-17	1.864586E-18
1.924939E+04	1.149247E-17	1.845575E-18
1.928939E+04	1.136642E-17	1.828114E-18
1.932939E+04	1.125190E-17	1.812318E-18
1.936939E+04	1.114937E-17	1.798404E-18
1.940939E+04	1.105908E-17	1.786421E-18
1.944939E+04	1.098132E-17	1.776300E-18
1.948939E+04	1.091568E-17	1.768108E-18
1.952939E+04	1.086199E-17	1.761827E-18
1.956939E+04	1.082038E-17	1.757366E-18
1.960939E+04	1.079040E-17	1.754780E-18
1.964939E+04	1.077181E-17	1.754036E-18
1.968939E+04	1.076460E-17	1.755027E-18
1.972939E+04	1.076792E-17	1.757735E-18
1.976939E+04	1.078119E-17	1.762072E-18
1.980939E+04	1.080402E-17	1.767869E-18
1.984939E+04	1.083508E-17	1.775022E-18
1.988939E+04	1.087339E-17	1.783379E-18
1.992939E+04	1.091844E-17	1.792750E-18
1.996939E+04	1.096868E-17	1.802992E-18
2.000939E+04	1.102304E-17	1.813929E-18
2.004939E+04	1.108096E-17	1.825372E-18
2.008939E+04	1.114096E-17	1.837178E-18
2.012939E+04	1.120207E-17	1.849187E-18
2.016939E+04	1.126389E-17	1.861236E-18
2.020939E+04	1.132485E-17	1.873165E-18
2.024939E+04	1.138396E-17	1.884806E-18
2.028939E+04	1.144094E-17	1.896020E-18
2.032939E+04	1.149442E-17	1.906671E-18
2.036939E+04	1.154366E-17	1.916634E-18
2.040939E+04	1.158874E-17	1.925832E-18
2.044939E+04	1.162855E-17	1.934165E-18
2.048939E+04	1.166282E-17	1.941590E-18
2.052939E+04	1.169218E-17	1.948121E-18
2.056939E+04	1.171566E-17	1.953681E-18
2.060939E+04	1.173304E-17	1.958229E-18
2.064939E+04	1.174502E-17	1.961799E-18
2.068939E+04	1.175054E-17	1.964295E-18
2.072939E+04	1.174950E-17	1.965693E-18
2.076939E+04	1.174269E-17	1.966053E-18
2.080939E+04	1.172898E-17	1.965256E-18
2.084939E+04	1.170820E-17	1.963269E-18
2.088939E+04	1.168131E-17	1.960184E-18
2.092939E+04	1.164730E-17	1.955899E-18
2.096939E+04	1.160624E-17	1.950421E-18
2.100939E+04	1.155933E-17	1.943888E-18
2.104939E+04	1.150549E-17	1.936181E-18
2.108939E+04	1.144487E-17	1.927317E-18
2.112939E+04	1.137884E-17	1.917477E-18
2.116939E+04	1.130661E-17	1.906575E-18
2.120939E+04	1.122869E-17	1.894698E-18
2.124939E+04	1.114696E-17	1.882115E-18
2.128939E+04	1.106079E-17	1.868764E-18
2.132939E+04	1.097071E-17	1.854733E-18
2.136939E+04	1.087872E-17	1.840321E-18
2.140939E+04	1.078439E-17	1.825494E-18
2.144939E+04	1.068869E-17	1.810415E-18
2.148939E+04	1.059372E-17	1.795403E-18
2.152939E+04	1.049891E-17	1.780400E-18
2.156939E+04	1.040445E-17	1.765436E-18
2.160939E+04	1.031130E-17	1.750642E-18
2.164939E+04	1.021815E-17	1.735828E-18
2.168939E+04	1.012480E-17	1.720964E-18
2.172939E+04	1.003204E-17	1.706146E-18
2.176939E+04	9.938673E-18	1.691208E-18
2.180939E+04	9.844482E-18	1.676111E-18
2.184939E+04	9.750230E-18	1.660954E-18
2.188939E+04	9.655036E-18	1.645619E-18
2.192939E+04	9.559048E-18	1.630131E-18
2.196939E+04	9.463339E-18	1.614642E-18
2.200939E+04	9.367429E-18	1.599101E-18
2.204939E+04	9.271501E-18	1.583540E-18
2.208939E+04	9.176357E-18	1.568066E-18
2.212939E+04	9.081396E-18	1.552607E-18
2.216939E+04	8.986707E-18	1.537178E-18
2.220939E+04	8.892934E-18	1.521860E-18
2.224939E+04	8.799480E-18	1.506582E-18
2.228939E+04	8.706387E-18	1.491350E-18
2.232939E+04	8.614331E-18	1.476252E-18
2.236939E+04	8.523013E-18	1.461267E-18
2.240939E+04	8.432716E-18	1.446442E-18
2.244939E+04	8.344184E-18	1.431878E-18
2.248939E+04	8.257170E-18	1.417562E-18
2.252939E+04	8.171931E-18	1.403538E-18
2.256939E+04	8.089146E-18	1.389896E-18
2.260939E+04	8.008702E-18	1.376645E-18
2.264939E+04	7.930955E-18	1.363846E-18
2.268939E+04	7.856575E-18	1.351590E-18
2.272939E+04	7.785416E-18	1.339878E-18
2.276939E+04	7.717624E-18	1.328736E-18
2.280939E+04	7.653643E-18	1.318217E-18
2.284939E+04	7.593267E-18	1.308310E-18
2.288939E+04	7.536590E-18	1.299034E-18
2.292939E+04	7.483968E-18	1.290426E-18
2.296939E+04	7.435163E-18	1.282469E-18
2.300939E+04	7.390195E-18	1.275169E-18
2.304939E+04	7.349367E-18	1.268555E-18
2.308939E+04	7.312550E-18	1.262629E-18
2.312939E+04	7.279906E-18	1.257419E-18
2.316939E+04	7.251810E-18	1.252970E-18
2.320939E+04	7.228187E-18	1.249290E-18
2.324939E+04	7.209214E-18	1.246412E-18
2.328939E+04	7.195277E-18	1.244382E-18
2.332939E+04	7.186356E-18	1.243218E-18
2.336939E+04	7.182601E-18	1.242946E-18
2.340939E+04	7.184309E-18	1.243600E-18
2.344939E+04	7.191404E-18	1.245186E-18
2.348939E+04	7.203962E-18	1.247720E-18
2.352939E+04	7.222210E-18	1.251220E-18
2.356939E+04	7.246084E-18	1.255697E-18
2.360939E+04	7.275688E-18	1.261169E-18
2.364939E+04	7.311240E-18	1.267656E-18
2.368939E+04	7.352674E-18	1.275166E-18
2.372939E+04	7.400061E-18	1.283713E-18
2.376939E+04	7.453586E-18	1.293309E-18
2.380939E+04	7.513177E-18	1.303962E-18
2.384939E+04	7.578839E-18	1.315675E-18
2.388939E+04	7.650643E-18	1.328440E-18
2.392939E+04	7.728413E-18	1.342247E-18
2.396939E+04	7.812060E-18	1.357081E-18
2.400939E+04	7.901588E-18	1.372924E-18
2.404939E+04	7.996796E-18	1.389760E-18
2.408939E+04	8.097538E-18	1.407566E-18
2.412939E+04	8.203750E-18	1.426311E-18
2.416939E+04	8.315225E-18	1.445979E-18
2.420939E+04	8.431838E-18	1.466548E-18
2.424939E+04	8.553544E-18	1.487992E-18
2.428939E+04	8.680190E-18	1.510303E-18
2.432939E+04	8.811651E-18	1.533460E-18
2.436939E+04	8.947825E-18	1.557427E-18
2.440939E+04	9.088519E-18	1.582189E-18
2.444939E+04	9.233647E-18	1.607731E-18
2.448939E+04	9.378560E-18	1.632963E-18
