#wls	flux	fluxerr
3.257341E+03	9.148106E-18	1.668183E-18
3.261958E+03	9.359363E-18	1.706204E-18
3.262156E+03	9.316880E-18	1.698438E-18
3.263147E+03	9.364320E-18	1.706978E-18
3.263345E+03	9.424170E-18	1.717866E-18
3.263543E+03	9.470368E-18	1.726266E-18
3.263741E+03	9.522612E-18	1.735767E-18
3.264930E+03	9.529151E-18	1.736826E-18
3.265128E+03	9.504160E-18	1.732250E-18
3.265326E+03	9.567985E-18	1.743860E-18
3.265722E+03	9.629659E-18	1.755057E-18
3.265920E+03	9.677329E-18	1.763722E-18
3.266118E+03	9.645354E-18	1.757873E-18
3.266911E+03	9.680410E-18	1.764172E-18
3.267109E+03	9.677940E-18	1.763699E-18
3.267307E+03	9.740535E-18	1.775084E-18
3.267505E+03	9.805425E-18	1.786887E-18
3.267703E+03	9.729126E-18	1.772960E-18
3.267901E+03	9.778483E-18	1.781932E-18
3.268296E+03	9.714207E-18	1.770174E-18
3.268495E+03	9.723623E-18	1.771867E-18
3.269088E+03	9.778886E-18	1.781870E-18
3.269881E+03	9.795389E-18	1.784786E-18
3.270079E+03	9.844443E-18	1.793701E-18
3.270277E+03	9.865235E-18	1.797467E-18
3.270476E+03	9.917424E-18	1.806952E-18
3.270674E+03	9.940826E-18	1.811193E-18
3.271268E+03	9.956789E-18	1.814032E-18
3.271466E+03	9.945136E-18	1.811886E-18
3.271664E+03	9.990866E-18	1.820195E-18
3.272060E+03	1.002026E-17	1.825503E-18
3.272258E+03	9.999108E-18	1.821627E-18
3.272456E+03	1.004797E-17	1.830506E-18
3.273050E+03	1.002064E-17	1.825456E-18
3.273248E+03	9.914139E-18	1.806032E-18
3.273446E+03	9.875454E-18	1.798962E-18
3.273644E+03	9.879140E-18	1.799610E-18
3.273842E+03	9.877292E-18	1.799251E-18
3.274040E+03	9.849247E-18	1.794119E-18
3.274437E+03	9.865697E-18	1.797070E-18
3.274636E+03	9.913419E-18	1.805739E-18
3.275230E+03	9.924158E-18	1.807626E-18
3.275428E+03	9.924398E-18	1.807647E-18
3.276022E+03	9.848290E-18	1.793716E-18
3.276220E+03	9.778279E-18	1.780942E-18
3.276418E+03	9.808155E-18	1.786360E-18
3.276616E+03	9.834280E-18	1.791095E-18
3.276814E+03	9.868966E-18	1.797390E-18
3.277408E+03	9.918122E-18	1.806273E-18
3.277606E+03	9.918985E-18	1.806407E-18
3.277804E+03	9.891035E-18	1.801294E-18
3.278002E+03	9.936375E-18	1.809528E-18
3.278201E+03	9.971378E-18	1.815879E-18
3.278399E+03	9.991039E-18	1.819436E-18
3.278597E+03	1.004683E-17	1.829572E-18
3.278993E+03	1.007727E-17	1.835069E-18
3.279587E+03	1.011141E-17	1.841215E-18
3.279785E+03	1.011176E-17	1.841255E-18
3.279984E+03	1.005582E-17	1.831045E-18
3.280182E+03	1.007465E-17	1.834450E-18
3.280973E+03	1.002129E-17	1.824640E-18
3.281172E+03	1.006769E-17	1.833066E-18
3.281369E+03	1.007576E-17	1.834512E-18
3.281567E+03	1.005856E-17	1.831356E-18
3.281963E+03	1.007157E-17	1.833678E-18
3.282162E+03	1.009175E-17	1.837330E-18
3.282954E+03	1.011767E-17	1.841954E-18
3.283548E+03	1.009446E-17	1.837658E-18
3.283746E+03	1.007381E-17	1.833874E-18
3.283944E+03	1.003810E-17	1.827350E-18
3.284142E+03	1.007271E-17	1.833627E-18
3.284340E+03	1.007420E-17	1.833874E-18
3.284538E+03	1.008917E-17	1.836576E-18
3.284736E+03	1.005879E-17	1.831022E-18
3.284934E+03	1.005725E-17	1.830718E-18
3.285133E+03	1.006564E-17	1.832221E-18
3.285331E+03	1.005103E-17	1.829539E-18
3.285529E+03	1.006809E-17	1.832621E-18
3.285925E+03	1.006490E-17	1.831993E-18
3.286124E+03	1.010078E-17	1.838499E-18
3.286520E+03	1.014745E-17	1.846946E-18
3.287312E+03	1.018162E-17	1.853072E-18
3.287906E+03	1.017021E-17	1.850922E-18
3.288104E+03	1.014494E-17	1.846299E-18
3.288302E+03	1.009050E-17	1.836368E-18
3.288896E+03	1.010353E-17	1.838669E-18
3.290085E+03	1.001909E-17	1.823161E-18
3.291868E+03	9.934986E-18	1.807646E-18
3.292065E+03	9.927373E-18	1.806238E-18
3.292659E+03	9.922086E-18	1.805206E-18
3.293055E+03	9.927246E-18	1.806098E-18
3.293451E+03	9.897578E-18	1.800654E-18
3.293649E+03	9.906276E-18	1.802213E-18
3.294640E+03	9.870263E-18	1.795544E-18
3.294838E+03	9.878644E-18	1.797046E-18
3.295036E+03	9.831787E-18	1.788499E-18
3.295234E+03	9.766623E-18	1.776622E-18
3.295432E+03	9.806601E-18	1.783871E-18
3.295631E+03	9.835491E-18	1.789103E-18
3.295829E+03	9.796271E-18	1.781945E-18
3.296225E+03	9.751932E-18	1.773834E-18
3.297017E+03	9.769446E-18	1.776928E-18
3.297612E+03	9.783394E-18	1.779395E-18
3.297810E+03	9.727628E-18	1.769230E-18
3.298404E+03	9.744183E-18	1.772172E-18
3.299790E+03	9.765074E-18	1.775809E-18
3.299988E+03	9.727291E-18	1.768915E-18
3.300186E+03	9.741015E-18	1.771388E-18
3.300582E+03	9.716325E-18	1.766852E-18
3.301574E+03	9.736246E-18	1.770359E-18
3.301772E+03	9.738872E-18	1.770814E-18
3.302762E+03	9.732720E-18	1.769580E-18
3.302960E+03	9.700998E-18	1.763789E-18
3.303554E+03	9.704044E-18	1.764274E-18
3.304147E+03	9.642165E-18	1.752955E-18
3.304345E+03	9.621221E-18	1.749125E-18
3.304940E+03	9.613791E-18	1.747705E-18
3.305137E+03	9.581429E-18	1.741800E-18
3.305335E+03	9.568020E-18	1.739339E-18
3.305930E+03	9.547066E-18	1.735462E-18
3.306129E+03	9.511137E-18	1.728908E-18
3.306723E+03	9.408576E-18	1.710198E-18
3.306921E+03	9.352952E-18	1.700065E-18
3.307119E+03	9.300876E-18	1.690577E-18
3.307713E+03	9.272044E-18	1.685270E-18
3.307911E+03	9.278739E-18	1.686465E-18
3.308307E+03	9.280189E-18	1.686684E-18
3.309298E+03	9.251749E-18	1.681405E-18
3.309496E+03	9.207833E-18	1.673402E-18
3.309694E+03	9.170618E-18	1.666617E-18
3.309892E+03	9.116534E-18	1.656766E-18
3.310090E+03	9.046001E-18	1.643927E-18
3.311278E+03	8.964367E-18	1.628963E-18
3.311477E+03	8.961415E-18	1.628405E-18
3.311675E+03	8.927750E-18	1.622266E-18
3.311873E+03	8.847136E-18	1.607597E-18
3.312071E+03	8.765463E-18	1.592735E-18
3.312269E+03	8.757788E-18	1.591320E-18
3.312467E+03	8.748118E-18	1.589542E-18
3.313260E+03	8.724548E-18	1.585176E-18
3.313854E+03	8.642909E-18	1.570281E-18
3.314052E+03	8.613843E-18	1.564979E-18
3.314250E+03	8.550599E-18	1.553469E-18
3.314646E+03	8.515527E-18	1.547056E-18
3.315240E+03	8.442251E-18	1.533683E-18
3.315636E+03	8.412517E-18	1.528241E-18
3.316229E+03	8.369950E-18	1.520448E-18
3.316427E+03	8.338246E-18	1.514669E-18
3.316626E+03	8.337056E-18	1.514433E-18
3.316825E+03	8.355588E-18	1.517779E-18
3.317221E+03	8.268890E-18	1.501991E-18
3.317419E+03	8.236553E-18	1.496098E-18
3.317815E+03	8.231446E-18	1.495131E-18
3.318211E+03	8.185639E-18	1.486771E-18
3.318409E+03	8.163683E-18	1.482764E-18
3.319201E+03	8.131006E-18	1.476750E-18
3.319399E+03	8.089953E-18	1.469275E-18
3.320389E+03	8.049251E-18	1.461786E-18
3.320587E+03	8.024448E-18	1.457263E-18
3.321380E+03	8.012728E-18	1.455057E-18
3.322965E+03	7.998839E-18	1.452381E-18
3.323559E+03	7.980024E-18	1.448907E-18
3.323757E+03	7.973676E-18	1.447736E-18
3.324351E+03	7.943731E-18	1.442241E-18
3.324549E+03	7.922905E-18	1.438441E-18
3.325342E+03	7.904241E-18	1.434977E-18
3.325540E+03	7.888234E-18	1.432052E-18
3.325738E+03	7.861319E-18	1.427146E-18
3.326728E+03	7.842486E-18	1.423633E-18
3.327125E+03	7.826219E-18	1.420642E-18
3.327323E+03	7.793412E-18	1.414668E-18
3.327521E+03	7.770683E-18	1.410524E-18
3.327719E+03	7.761603E-18	1.408857E-18
3.327917E+03	7.741601E-18	1.405207E-18
3.328114E+03	7.712250E-18	1.399861E-18
3.328313E+03	7.699183E-18	1.397471E-18
3.328511E+03	7.666368E-18	1.391496E-18
3.328709E+03	7.634077E-18	1.385617E-18
3.328908E+03	7.603043E-18	1.379966E-18
3.329105E+03	7.574010E-18	1.374678E-18
3.329897E+03	7.539227E-18	1.368292E-18
3.330095E+03	7.505145E-18	1.362088E-18
3.330293E+03	7.476100E-18	1.356799E-18
3.330491E+03	7.455353E-18	1.353015E-18
3.330689E+03	7.431661E-18	1.348698E-18
3.331085E+03	7.423140E-18	1.347116E-18
3.331877E+03	7.417112E-18	1.345950E-18
3.332075E+03	7.412643E-18	1.345121E-18
3.332273E+03	7.403128E-18	1.343376E-18
3.332671E+03	7.405732E-18	1.343813E-18
3.332869E+03	7.394219E-18	1.341706E-18
3.333463E+03	7.363567E-18	1.336091E-18
3.333661E+03	7.334189E-18	1.330742E-18
3.333859E+03	7.317951E-18	1.327778E-18
3.334057E+03	7.305591E-18	1.325518E-18
3.334255E+03	7.319395E-18	1.328005E-18
3.334453E+03	7.322588E-18	1.328566E-18
3.334651E+03	7.309176E-18	1.326115E-18
3.335443E+03	7.292731E-18	1.323061E-18
3.335641E+03	7.265558E-18	1.318113E-18
3.336433E+03	7.209492E-18	1.307872E-18
3.336830E+03	7.161330E-18	1.299100E-18
3.337028E+03	7.143713E-18	1.295887E-18
3.337424E+03	7.106056E-18	1.289022E-18
3.337623E+03	7.063950E-18	1.281366E-18
3.338019E+03	7.018189E-18	1.273031E-18
3.338613E+03	6.974040E-18	1.264972E-18
3.338811E+03	6.931814E-18	1.257297E-18
3.339207E+03	6.874906E-18	1.246941E-18
3.339405E+03	6.866110E-18	1.245329E-18
3.339603E+03	6.865296E-18	1.245165E-18
3.339801E+03	6.841988E-18	1.240921E-18
3.340196E+03	6.803040E-18	1.233824E-18
3.341187E+03	6.756706E-18	1.225338E-18
3.341385E+03	6.695966E-18	1.214307E-18
3.341583E+03	6.687793E-18	1.212808E-18
3.341781E+03	6.631256E-18	1.202539E-18
3.342177E+03	6.596075E-18	1.196127E-18
3.342573E+03	6.589078E-18	1.194826E-18
3.343366E+03	6.556144E-18	1.188790E-18
3.343564E+03	6.521361E-18	1.182467E-18
3.343762E+03	6.525160E-18	1.183140E-18
3.344158E+03	6.505536E-18	1.179550E-18
3.344357E+03	6.491150E-18	1.176926E-18
3.344555E+03	6.479916E-18	1.174873E-18
3.344753E+03	6.463845E-18	1.171944E-18
3.344951E+03	6.446931E-18	1.168861E-18
3.345149E+03	6.439482E-18	1.167495E-18
3.345545E+03	6.433627E-18	1.166402E-18
3.346337E+03	6.424228E-18	1.164635E-18
3.346931E+03	6.414916E-18	1.162900E-18
3.347327E+03	6.410109E-18	1.161997E-18
3.347525E+03	6.365313E-18	1.153861E-18
3.347723E+03	6.353862E-18	1.151770E-18
3.348120E+03	6.346107E-18	1.150333E-18
3.348913E+03	6.341745E-18	1.149480E-18
3.349111E+03	6.319770E-18	1.145482E-18
3.349309E+03	6.304002E-18	1.142608E-18
3.349507E+03	6.262982E-18	1.135158E-18
3.349705E+03	6.242794E-18	1.131484E-18
3.350101E+03	6.243027E-18	1.131496E-18
3.350695E+03	6.255794E-18	1.133763E-18
3.350893E+03	6.230025E-18	1.129078E-18
3.351289E+03	6.185640E-18	1.121004E-18
3.351487E+03	6.144399E-18	1.113515E-18
3.351685E+03	6.138409E-18	1.112414E-18
3.352082E+03	6.126114E-18	1.110156E-18
3.352279E+03	6.108442E-18	1.106938E-18
3.352477E+03	6.110555E-18	1.107306E-18
3.353072E+03	6.095740E-18	1.104577E-18
3.354656E+03	6.060009E-18	1.097983E-18
3.355250E+03	6.052343E-18	1.096549E-18
3.355448E+03	6.010661E-18	1.088983E-18
3.356043E+03	5.988989E-18	1.085012E-18
3.356241E+03	5.976360E-18	1.082710E-18
3.356439E+03	5.953413E-18	1.078538E-18
3.356835E+03	5.939418E-18	1.075973E-18
3.357033E+03	5.920890E-18	1.072602E-18
3.357429E+03	5.877411E-18	1.064697E-18
3.358816E+03	5.830774E-18	1.056148E-18
3.359212E+03	5.771170E-18	1.045323E-18
3.359807E+03	5.718616E-18	1.035762E-18
3.360005E+03	5.677225E-18	1.028251E-18
3.360401E+03	5.640253E-18	1.021527E-18
3.360995E+03	5.610225E-18	1.016047E-18
3.361193E+03	5.563455E-18	1.007563E-18
3.361391E+03	5.527955E-18	1.001120E-18
3.361589E+03	5.520470E-18	9.997506E-19
3.362183E+03	5.509286E-18	9.976843E-19
3.362381E+03	5.498113E-18	9.956475E-19
3.362579E+03	5.508535E-18	9.975212E-19
3.362777E+03	5.475346E-18	9.914975E-19
3.363173E+03	5.443938E-18	9.857832E-19
3.363371E+03	5.423598E-18	9.820866E-19
3.363569E+03	5.393354E-18	9.765969E-19
3.363768E+03	5.382705E-18	9.746552E-19
3.364758E+03	5.373807E-18	9.729776E-19
3.364957E+03	5.344296E-18	9.676210E-19
3.365946E+03	5.324538E-18	9.639779E-19
3.367134E+03	5.308031E-18	9.609104E-19
3.367927E+03	5.301238E-18	9.596282E-19
3.368125E+03	5.311238E-18	9.614252E-19
3.368719E+03	5.308461E-18	9.608830E-19
3.368917E+03	5.282521E-18	9.561745E-19
3.369116E+03	5.271968E-18	9.542512E-19
3.369314E+03	5.281230E-18	9.559146E-19
3.370106E+03	5.255669E-18	9.512357E-19
3.370502E+03	5.241094E-18	9.485718E-19
3.370898E+03	5.227677E-18	9.461176E-19
3.371691E+03	5.193461E-18	9.398735E-19
3.371889E+03	5.162556E-18	9.342676E-19
3.372087E+03	5.149572E-18	9.319052E-19
3.372285E+03	5.111917E-18	9.250780E-19
3.373077E+03	5.104574E-18	9.236984E-19
3.373275E+03	5.094118E-18	9.217937E-19
3.373473E+03	5.065948E-18	9.166835E-19
3.373671E+03	5.044630E-18	9.128135E-19
3.374662E+03	5.043377E-18	9.125240E-19
3.375455E+03	5.000484E-18	9.047134E-19
3.375653E+03	4.977474E-18	9.005378E-19
3.376049E+03	4.970051E-18	8.991700E-19
3.376246E+03	4.950835E-18	8.956812E-19
3.376445E+03	4.955982E-18	8.966000E-19
3.377039E+03	4.943263E-18	8.942619E-19
3.377236E+03	4.937018E-18	8.931200E-19
3.378226E+03	4.920138E-18	8.900049E-19
3.378424E+03	4.917162E-18	8.894543E-19
3.378622E+03	4.889713E-18	8.844768E-19
3.379217E+03	4.886374E-18	8.838363E-19
3.379415E+03	4.884664E-18	8.835147E-19
3.379614E+03	4.880949E-18	8.828305E-19
3.380406E+03	4.872310E-18	8.812193E-19
3.380604E+03	4.874819E-18	8.816608E-19
3.381198E+03	4.877280E-18	8.820694E-19
3.381594E+03	4.877549E-18	8.820937E-19
3.381792E+03	4.885651E-18	8.835466E-19
3.382386E+03	4.884630E-18	8.833252E-19
3.382782E+03	4.875823E-18	8.817083E-19
3.383575E+03	4.862746E-18	8.792948E-19
3.383773E+03	4.854806E-18	8.778469E-19
3.383971E+03	4.844861E-18	8.760365E-19
3.384169E+03	4.845681E-18	8.761725E-19
3.384565E+03	4.846369E-18	8.762728E-19
3.384764E+03	4.841384E-18	8.753591E-19
3.384962E+03	4.843680E-18	8.757622E-19
3.385160E+03	4.834473E-18	8.740853E-19
3.385754E+03	4.860890E-18	8.788250E-19
3.386348E+03	4.884353E-18	8.830303E-19
3.386546E+03	4.890451E-18	8.841203E-19
3.386942E+03	4.896840E-18	8.852508E-19
3.387141E+03	4.902727E-18	8.863028E-19
3.387735E+03	4.916904E-18	8.888286E-19
3.388131E+03	4.921394E-18	8.896154E-19
3.388328E+03	4.929498E-18	8.910680E-19
3.388725E+03	4.939689E-18	8.928854E-19
3.389318E+03	4.956191E-18	8.958308E-19
3.389516E+03	4.988581E-18	9.016728E-19
3.389714E+03	4.981166E-18	9.003200E-19
3.390507E+03	4.988988E-18	9.016835E-19
3.392290E+03	5.009888E-18	9.053472E-19
3.392488E+03	5.009230E-18	9.052157E-19
3.393082E+03	5.003452E-18	9.041337E-19
3.393280E+03	5.011666E-18	9.056053E-19
3.393676E+03	5.015524E-18	9.062771E-19
3.393874E+03	5.015393E-18	9.062409E-19
3.394468E+03	5.005495E-18	9.044144E-19
3.394865E+03	5.034387E-18	9.096094E-19
3.395063E+03	5.039855E-18	9.105846E-19
3.395658E+03	5.052774E-18	9.128803E-19
3.395856E+03	5.026128E-18	9.080536E-19
3.396054E+03	5.036561E-18	9.099257E-19
3.396846E+03	5.034875E-18	9.095703E-19
3.397044E+03	5.029884E-18	9.086559E-19
3.397440E+03	5.014513E-18	9.058537E-19
3.397638E+03	5.013325E-18	9.056264E-19
3.397836E+03	5.025344E-18	9.077848E-19
3.398430E+03	5.026639E-18	9.079807E-19
3.399025E+03	5.029308E-18	9.084246E-19
3.399817E+03	5.043152E-18	9.108741E-19
3.400610E+03	5.085531E-18	9.184767E-19
3.401203E+03	5.114410E-18	9.236537E-19
3.401401E+03	5.107832E-18	9.224528E-19
3.401599E+03	5.119221E-18	9.244966E-19
3.402193E+03	5.111746E-18	9.231077E-19
3.402391E+03	5.080963E-18	9.175359E-19
3.402788E+03	5.100148E-18	9.209744E-19
3.402986E+03	5.110586E-18	9.228463E-19
3.403580E+03	5.094546E-18	9.199111E-19
3.403778E+03	5.111327E-18	9.229282E-19
3.403976E+03	5.106756E-18	9.220898E-19
3.404174E+03	5.133579E-18	9.269201E-19
3.404570E+03	5.139447E-18	9.279535E-19
3.404768E+03	5.174518E-18	9.342726E-19
3.404966E+03	5.224603E-18	9.433022E-19
3.405560E+03	5.238166E-18	9.457111E-19
3.405759E+03	5.254001E-18	9.485565E-19
3.406750E+03	5.276186E-18	9.524947E-19
3.406948E+03	5.298260E-18	9.564662E-19
3.407146E+03	5.318008E-18	9.600176E-19
3.407344E+03	5.327184E-18	9.616605E-19
3.407938E+03	5.354287E-18	9.665123E-19
3.408136E+03	5.383343E-18	9.717435E-19
3.408334E+03	5.401613E-18	9.750276E-19
3.408532E+03	5.406349E-18	9.758687E-19
3.408730E+03	5.421659E-18	9.786185E-19
3.408928E+03	5.434115E-18	9.808528E-19
3.409126E+03	5.450272E-18	9.837553E-19
3.409324E+03	5.466218E-18	9.866196E-19
3.409522E+03	5.472647E-18	9.877660E-19
3.410711E+03	5.475579E-18	9.882115E-19
3.411108E+03	5.473102E-18	9.877364E-19
3.411702E+03	5.469015E-18	9.869568E-19
3.411900E+03	5.472482E-18	9.875686E-19
3.412295E+03	5.449483E-18	9.833904E-19
3.412494E+03	5.459297E-18	9.851474E-19
3.412692E+03	5.503913E-18	9.931843E-19
3.413285E+03	5.529127E-18	9.976919E-19
3.413483E+03	5.573746E-18	1.005729E-18
3.413681E+03	5.611913E-18	1.012601E-18
3.413879E+03	5.622788E-18	1.014549E-18
3.414474E+03	5.633198E-18	1.016384E-18
3.414672E+03	5.677506E-18	1.024364E-18
3.414870E+03	5.718640E-18	1.031771E-18
3.415068E+03	5.756284E-18	1.038548E-18
3.415464E+03	5.788620E-18	1.044353E-18
3.416059E+03	5.819988E-18	1.049967E-18
3.416455E+03	5.819844E-18	1.049911E-18
3.416851E+03	5.849433E-18	1.055219E-18
3.418238E+03	5.863482E-18	1.057649E-18
3.418436E+03	5.869708E-18	1.058756E-18
3.418832E+03	5.868823E-18	1.058567E-18
3.419624E+03	5.860703E-18	1.057042E-18
3.420020E+03	5.865216E-18	1.057826E-18
3.420218E+03	5.865197E-18	1.057807E-18
3.420416E+03	5.847396E-18	1.054582E-18
3.420614E+03	5.859231E-18	1.056701E-18
3.421010E+03	5.874857E-18	1.059489E-18
3.421407E+03	5.894718E-18	1.063041E-18
3.421605E+03	5.885702E-18	1.061399E-18
3.422002E+03	5.878465E-18	1.060064E-18
3.422398E+03	5.898750E-18	1.063692E-18
3.423190E+03	5.892849E-18	1.062567E-18
3.423388E+03	5.920142E-18	1.067473E-18
3.423981E+03	5.916589E-18	1.066787E-18
3.424180E+03	5.933404E-18	1.069803E-18
3.424377E+03	5.966204E-18	1.075702E-18
3.424575E+03	5.997735E-18	1.081372E-18
3.425367E+03	5.996707E-18	1.081125E-18
3.425763E+03	6.036694E-18	1.088302E-18
3.425962E+03	6.050969E-18	1.090860E-18
3.426160E+03	6.037185E-18	1.088360E-18
3.426755E+03	6.063497E-18	1.093056E-18
3.426953E+03	6.071633E-18	1.094507E-18
3.427151E+03	6.109948E-18	1.101398E-18
3.427349E+03	6.108659E-18	1.101150E-18
3.427547E+03	6.126326E-18	1.104319E-18
3.427745E+03	6.139122E-18	1.106610E-18
3.427943E+03	6.163461E-18	1.110981E-18
3.428933E+03	6.209868E-18	1.119266E-18
3.429131E+03	6.262488E-18	1.128734E-18
3.429329E+03	6.318816E-18	1.138870E-18
3.430122E+03	6.319602E-18	1.138946E-18
3.430320E+03	6.352314E-18	1.144826E-18
3.430716E+03	6.387450E-18	1.151125E-18
3.430914E+03	6.434465E-18	1.159581E-18
3.431707E+03	6.460996E-18	1.164295E-18
3.431905E+03	6.476236E-18	1.167025E-18
3.432301E+03	6.490933E-18	1.169640E-18
3.433093E+03	6.519269E-18	1.174678E-18
3.433291E+03	6.543411E-18	1.179011E-18
3.433489E+03	6.551026E-18	1.180366E-18
3.433688E+03	6.582051E-18	1.185939E-18
3.434084E+03	6.603848E-18	1.189833E-18
3.434480E+03	6.620251E-18	1.192754E-18
3.434678E+03	6.640793E-18	1.196437E-18
3.435866E+03	6.659684E-18	1.199737E-18
3.436063E+03	6.661471E-18	1.200042E-18
3.436262E+03	6.690704E-18	1.205291E-18
3.436856E+03	6.731568E-18	1.212600E-18
3.437055E+03	6.739932E-18	1.214089E-18
3.437252E+03	6.799368E-18	1.224778E-18
3.437649E+03	6.828169E-18	1.229930E-18
3.438243E+03	6.862584E-18	1.236076E-18
3.438441E+03	6.862359E-18	1.236017E-18
3.438639E+03	6.894144E-18	1.241724E-18
3.439233E+03	6.923367E-18	1.246934E-18
3.439431E+03	6.902262E-18	1.243115E-18
3.439629E+03	6.881797E-18	1.239411E-18
3.440025E+03	6.867683E-18	1.236833E-18
3.440421E+03	6.851442E-18	1.233873E-18
3.441015E+03	6.840280E-18	1.231809E-18
3.441412E+03	6.827747E-18	1.229517E-18
3.441610E+03	6.830701E-18	1.230031E-18
3.441808E+03	6.829100E-18	1.229725E-18
3.442205E+03	6.813392E-18	1.226860E-18
3.442601E+03	6.820890E-18	1.228175E-18
3.442799E+03	6.824800E-18	1.228861E-18
3.442997E+03	6.805389E-18	1.225348E-18
3.443195E+03	6.782161E-18	1.221148E-18
3.443393E+03	6.759987E-18	1.217138E-18
3.443591E+03	6.756905E-18	1.216566E-18
3.444185E+03	6.753360E-18	1.215875E-18
3.444383E+03	6.752713E-18	1.215741E-18
3.444581E+03	6.750259E-18	1.215281E-18
3.444977E+03	6.747263E-18	1.214706E-18
3.445572E+03	6.743722E-18	1.214016E-18
3.445770E+03	6.739363E-18	1.213214E-18
3.445968E+03	6.733622E-18	1.212163E-18
3.446166E+03	6.727461E-18	1.211036E-18
3.446364E+03	6.719703E-18	1.209622E-18
3.446562E+03	6.711526E-18	1.208133E-18
3.446958E+03	6.730053E-18	1.211432E-18
3.447553E+03	6.742100E-18	1.213548E-18
3.448344E+03	6.749569E-18	1.214822E-18
3.448543E+03	6.758252E-18	1.216367E-18
3.448741E+03	6.760464E-18	1.216747E-18
3.450919E+03	6.766240E-18	1.217592E-18
3.451117E+03	6.769828E-18	1.218220E-18
3.451315E+03	6.794314E-18	1.222608E-18
3.451909E+03	6.811242E-18	1.225601E-18
3.452504E+03	6.839312E-18	1.230598E-18
3.453099E+03	6.802135E-18	1.223855E-18
3.453297E+03	6.813688E-18	1.225916E-18
3.453891E+03	6.810561E-18	1.225299E-18
3.454287E+03	6.795467E-18	1.222548E-18
3.454683E+03	6.822275E-18	1.227335E-18
3.454881E+03	6.819293E-18	1.226781E-18
3.455673E+03	6.794402E-18	1.222231E-18
3.456069E+03	6.775479E-18	1.218792E-18
3.456267E+03	6.772175E-18	1.218180E-18
3.456663E+03	6.768325E-18	1.217452E-18
3.457456E+03	6.775365E-18	1.218647E-18
3.457654E+03	6.799119E-18	1.222901E-18
3.458249E+03	6.814458E-18	1.225606E-18
3.459239E+03	6.852051E-18	1.232277E-18
3.460624E+03	6.860956E-18	1.233752E-18
3.461021E+03	6.874300E-18	1.236115E-18
3.462407E+03	6.886180E-18	1.238124E-18
3.463200E+03	6.897366E-18	1.240063E-18
3.463398E+03	6.920913E-18	1.244278E-18
3.463992E+03	6.933708E-18	1.246523E-18
3.464190E+03	6.958639E-18	1.250987E-18
3.464388E+03	6.986226E-18	1.255928E-18
3.464586E+03	7.003097E-18	1.258942E-18
3.465577E+03	6.980403E-18	1.254770E-18
3.465775E+03	6.959149E-18	1.250931E-18
3.466171E+03	6.941700E-18	1.247758E-18
3.466369E+03	6.921618E-18	1.244130E-18
3.466765E+03	6.909052E-18	1.241835E-18
3.466963E+03	6.880368E-18	1.236661E-18
3.467161E+03	6.876313E-18	1.235914E-18
3.467359E+03	6.863551E-18	1.233602E-18
3.467557E+03	6.846017E-18	1.230432E-18
3.469539E+03	6.841687E-18	1.229473E-18
3.469935E+03	6.841016E-18	1.229316E-18
3.470133E+03	6.854060E-18	1.231641E-18
3.470529E+03	6.871860E-18	1.234804E-18
3.470727E+03	6.894144E-18	1.238789E-18
3.470925E+03	6.922488E-18	1.243864E-18
3.471123E+03	6.934150E-18	1.245941E-18
3.471321E+03	6.938592E-18	1.246721E-18
3.471915E+03	6.923032E-18	1.243870E-18
3.472707E+03	6.914352E-18	1.242237E-18
3.472906E+03	6.930481E-18	1.245116E-18
3.473103E+03	6.944590E-18	1.247633E-18
3.473302E+03	6.956576E-18	1.249767E-18
3.473896E+03	6.944942E-18	1.247622E-18
3.474688E+03	6.893023E-18	1.238221E-18
3.474886E+03	6.860386E-18	1.232341E-18
3.475282E+03	6.853658E-18	1.231096E-18
3.475480E+03	6.843755E-18	1.229298E-18
3.475678E+03	6.835451E-18	1.227789E-18
3.475876E+03	6.834153E-18	1.227537E-18
3.476074E+03	6.850710E-18	1.230493E-18
3.476272E+03	6.839953E-18	1.228543E-18
3.476867E+03	6.831393E-18	1.226951E-18
3.477263E+03	6.825509E-18	1.225857E-18
3.477461E+03	6.814757E-18	1.223908E-18
3.478253E+03	6.801497E-18	1.221454E-18
3.478650E+03	6.785299E-18	1.218509E-18
3.478848E+03	6.765511E-18	1.214937E-18
3.479046E+03	6.759861E-18	1.213905E-18
3.479640E+03	6.751183E-18	1.212292E-18
3.480036E+03	6.743379E-18	1.210855E-18
3.480234E+03	6.741764E-18	1.210547E-18
3.480433E+03	6.755561E-18	1.213006E-18
3.480631E+03	6.746714E-18	1.211400E-18
3.480829E+03	6.745098E-18	1.211091E-18
3.481423E+03	6.728984E-18	1.208144E-18
3.482017E+03	6.729017E-18	1.208096E-18
3.482215E+03	6.721659E-18	1.206757E-18
3.482809E+03	6.705758E-18	1.203848E-18
3.483007E+03	6.699888E-18	1.202777E-18
3.483403E+03	6.692611E-18	1.201435E-18
3.483601E+03	6.693967E-18	1.201660E-18
3.484197E+03	6.654673E-18	1.194553E-18
3.484394E+03	6.612127E-18	1.186898E-18
3.485384E+03	6.579473E-18	1.180948E-18
3.485582E+03	6.577105E-18	1.180506E-18
3.485780E+03	6.544443E-18	1.174626E-18
3.485978E+03	6.525918E-18	1.171283E-18
3.486176E+03	6.535779E-18	1.173036E-18
3.486374E+03	6.523527E-18	1.170819E-18
3.487562E+03	6.521240E-18	1.170304E-18
3.487760E+03	6.503883E-18	1.167171E-18
3.488355E+03	6.482217E-18	1.163231E-18
3.488553E+03	6.493886E-18	1.165307E-18
3.488950E+03	6.486814E-18	1.164003E-18
3.489544E+03	6.477693E-18	1.162314E-18
3.489742E+03	6.468839E-18	1.160708E-18
3.489940E+03	6.477850E-18	1.162308E-18
3.490336E+03	6.480240E-18	1.162702E-18
3.490534E+03	6.484147E-18	1.163385E-18
3.490732E+03	6.485289E-18	1.163573E-18
3.490930E+03	6.489195E-18	1.164256E-18
3.491326E+03	6.492224E-18	1.164765E-18
3.491722E+03	6.494614E-18	1.165158E-18
3.491921E+03	6.496288E-18	1.165441E-18
3.492515E+03	6.479506E-18	1.162378E-18
3.492713E+03	6.461610E-18	1.159151E-18
3.493109E+03	6.459745E-18	1.158781E-18
3.493307E+03	6.442167E-18	1.155610E-18
3.493505E+03	6.439904E-18	1.155187E-18
3.493703E+03	6.425836E-18	1.152646E-18
3.493901E+03	6.422935E-18	1.152109E-18
3.494100E+03	6.407908E-18	1.149396E-18
3.494892E+03	6.393537E-18	1.146749E-18
3.495090E+03	6.373722E-18	1.143178E-18
3.495486E+03	6.368344E-18	1.142179E-18
3.495684E+03	6.378526E-18	1.143988E-18
3.495883E+03	6.366475E-18	1.141809E-18
3.496080E+03	6.364104E-18	1.141367E-18
3.496476E+03	6.352767E-18	1.139300E-18
3.496674E+03	6.352949E-18	1.139315E-18
3.497070E+03	6.353527E-18	1.139384E-18
3.497268E+03	6.327751E-18	1.134745E-18
3.497466E+03	6.311549E-18	1.131822E-18
3.498060E+03	6.301987E-18	1.130057E-18
3.498654E+03	6.279231E-18	1.125925E-18
3.498852E+03	6.276752E-18	1.125464E-18
3.499050E+03	6.264804E-18	1.123304E-18
3.499447E+03	6.263889E-18	1.123106E-18
3.499844E+03	6.266697E-18	1.123576E-18
3.500042E+03	6.257408E-18	1.121894E-18
3.500240E+03	6.258228E-18	1.122024E-18
3.500636E+03	6.238371E-18	1.118430E-18
3.501626E+03	6.222459E-18	1.115493E-18
3.502022E+03	6.222074E-18	1.115390E-18
3.502220E+03	6.209590E-18	1.113135E-18
3.502616E+03	6.196434E-18	1.110743E-18
3.502814E+03	6.203638E-18	1.112018E-18
3.503012E+03	6.179127E-18	1.107608E-18
3.503210E+03	6.169302E-18	1.105830E-18
3.503408E+03	6.183848E-18	1.108420E-18
3.503607E+03	6.171044E-18	1.106108E-18
3.503805E+03	6.157813E-18	1.103720E-18
3.504201E+03	6.161364E-18	1.104323E-18
3.504399E+03	6.169844E-18	1.105826E-18
3.504796E+03	6.164029E-18	1.104751E-18
3.504994E+03	6.158035E-18	1.103660E-18
3.505390E+03	6.152750E-18	1.102679E-18
3.506182E+03	6.135901E-18	1.099593E-18
3.507569E+03	6.144706E-18	1.101054E-18
3.507767E+03	6.154571E-18	1.102805E-18
3.508162E+03	6.170789E-18	1.105677E-18
3.509152E+03	6.170935E-18	1.105620E-18
3.509747E+03	6.167531E-18	1.104959E-18
3.509945E+03	6.172606E-18	1.105852E-18
3.510539E+03	6.177932E-18	1.106755E-18
3.510737E+03	6.155964E-18	1.102803E-18
3.510935E+03	6.144962E-18	1.100815E-18
3.511530E+03	6.133996E-18	1.098801E-18
3.512124E+03	6.108122E-18	1.094116E-18
3.512322E+03	6.100845E-18	1.092796E-18
3.512520E+03	6.101448E-18	1.092887E-18
3.512916E+03	6.079973E-18	1.089007E-18
3.513114E+03	6.056723E-18	1.084826E-18
3.513312E+03	6.051788E-18	1.083926E-18
3.513510E+03	6.042274E-18	1.082205E-18
3.514104E+03	6.013836E-18	1.077063E-18
3.514698E+03	6.028101E-18	1.079568E-18
3.515294E+03	6.023943E-18	1.078774E-18
3.515690E+03	6.023442E-18	1.078651E-18
3.516284E+03	6.028868E-18	1.079574E-18
3.516482E+03	6.009447E-18	1.076080E-18
3.516680E+03	5.989812E-18	1.072547E-18
3.516878E+03	5.988283E-18	1.072257E-18
3.517274E+03	5.968396E-18	1.068664E-18
3.517472E+03	5.972831E-18	1.069441E-18
3.517670E+03	5.976414E-18	1.070067E-18
3.517868E+03	5.972968E-18	1.069433E-18
3.518066E+03	5.983474E-18	1.071298E-18
3.518264E+03	5.996537E-18	1.073620E-18
3.518858E+03	5.976611E-18	1.070004E-18
3.519453E+03	5.978094E-18	1.070220E-18
3.519651E+03	5.994460E-18	1.073133E-18
3.520047E+03	5.993212E-18	1.072877E-18
3.520642E+03	5.984041E-18	1.071186E-18
3.521037E+03	5.971074E-18	1.068832E-18
3.521235E+03	5.943016E-18	1.063794E-18
3.521433E+03	5.912508E-18	1.058317E-18
3.521631E+03	5.875713E-18	1.051714E-18
3.522027E+03	5.839624E-18	1.045222E-18
3.522225E+03	5.821152E-18	1.041900E-18
3.522423E+03	5.817489E-18	1.041229E-18
3.523018E+03	5.811933E-18	1.040186E-18
3.523612E+03	5.799557E-18	1.037924E-18
3.523810E+03	5.774264E-18	1.033381E-18
3.524008E+03	5.777952E-18	1.034025E-18
3.524206E+03	5.749994E-18	1.029006E-18
3.524404E+03	5.744412E-18	1.027991E-18
3.524998E+03	5.735869E-18	1.026415E-18
3.525197E+03	5.742860E-18	1.027650E-18
3.525395E+03	5.740473E-18	1.027208E-18
3.525593E+03	5.732120E-18	1.025697E-18
3.525791E+03	5.750833E-18	1.029030E-18
3.526187E+03	5.743183E-18	1.027629E-18
3.526781E+03	5.743484E-18	1.027636E-18
3.527970E+03	5.741419E-18	1.027171E-18
3.528168E+03	5.743616E-18	1.027549E-18
3.528366E+03	5.756576E-18	1.029851E-18
3.529356E+03	5.764466E-18	1.031183E-18
3.529554E+03	5.760373E-18	1.030435E-18
3.530148E+03	5.764297E-18	1.031090E-18
3.530347E+03	5.760951E-18	1.030475E-18
3.530545E+03	5.759416E-18	1.030185E-18
3.530743E+03	5.761933E-18	1.030619E-18
3.530942E+03	5.768819E-18	1.031835E-18
3.531140E+03	5.802247E-18	1.037798E-18
3.531536E+03	5.807920E-18	1.038780E-18
3.531932E+03	5.809222E-18	1.038981E-18
3.532328E+03	5.815428E-18	1.040059E-18
3.532525E+03	5.824873E-18	1.041732E-18
3.532922E+03	5.834491E-18	1.043420E-18
3.533515E+03	5.854302E-18	1.046914E-18
3.534505E+03	5.854627E-18	1.046892E-18
3.534704E+03	5.855864E-18	1.047097E-18
3.535298E+03	5.857552E-18	1.047350E-18
3.535496E+03	5.863694E-18	1.048432E-18
3.535695E+03	5.880819E-18	1.051477E-18
3.536091E+03	5.891825E-18	1.053413E-18
3.536289E+03	5.887625E-18	1.052645E-18
3.536487E+03	5.901125E-18	1.055043E-18
3.536883E+03	5.922154E-18	1.058770E-18
3.537081E+03	5.946319E-18	1.063073E-18
3.537279E+03	5.966004E-18	1.066576E-18
3.537477E+03	5.982811E-18	1.069564E-18
3.537675E+03	6.006763E-18	1.073830E-18
3.537873E+03	5.997126E-18	1.072090E-18
3.538071E+03	6.013720E-18	1.075040E-18
3.538269E+03	6.025090E-18	1.077056E-18
3.538467E+03	6.049044E-18	1.081321E-18
3.538864E+03	6.078824E-18	1.086611E-18
3.539458E+03	6.085530E-18	1.087759E-18
3.539656E+03	6.087197E-18	1.088040E-18
3.540250E+03	6.095182E-18	1.089417E-18
3.540845E+03	6.090372E-18	1.088506E-18
3.541043E+03	6.078600E-18	1.086385E-18
3.541637E+03	6.076454E-18	1.085951E-18
3.541835E+03	6.084946E-18	1.087452E-18
3.542033E+03	6.087573E-18	1.087904E-18
3.542231E+03	6.082307E-18	1.086946E-18
3.542429E+03	6.075974E-18	1.085798E-18
3.542628E+03	6.085640E-18	1.087508E-18
3.543816E+03	6.081027E-18	1.086582E-18
3.544014E+03	6.087387E-18	1.087702E-18
3.544211E+03	6.048411E-18	1.080721E-18
3.544410E+03	6.033117E-18	1.077971E-18
3.544805E+03	6.005086E-18	1.072929E-18
3.545201E+03	5.993482E-18	1.070823E-18
3.545399E+03	5.975306E-18	1.067559E-18
3.545597E+03	5.954995E-18	1.063913E-18
3.545795E+03	5.960607E-18	1.064899E-18
3.545994E+03	5.969314E-18	1.066438E-18
3.546192E+03	5.984102E-18	1.069063E-18
3.546589E+03	6.002795E-18	1.072370E-18
3.546787E+03	6.014063E-18	1.074366E-18
3.546985E+03	5.995991E-18	1.071121E-18
3.547183E+03	6.000431E-18	1.071897E-18
3.547381E+03	6.012019E-18	1.073950E-18
3.547777E+03	6.012364E-18	1.073978E-18
3.547975E+03	6.022778E-18	1.075822E-18
3.548173E+03	5.990408E-18	1.070023E-18
3.548569E+03	5.990752E-18	1.070051E-18
3.548767E+03	5.990497E-18	1.069989E-18
3.548965E+03	5.989815E-18	1.069850E-18
3.549163E+03	5.986999E-18	1.069331E-18
3.549361E+03	5.989518E-18	1.069764E-18
3.550153E+03	5.991166E-18	1.069991E-18
3.550352E+03	5.999768E-18	1.071511E-18
3.550748E+03	5.981757E-18	1.068261E-18
3.550946E+03	5.995694E-18	1.070733E-18
3.551145E+03	5.973670E-18	1.066783E-18
3.551343E+03	5.983339E-18	1.068493E-18
3.551937E+03	5.984707E-18	1.068687E-18
3.552531E+03	5.966759E-18	1.065432E-18
3.552729E+03	5.948787E-18	1.062206E-18
3.553125E+03	5.932267E-18	1.059223E-18
3.553521E+03	5.933463E-18	1.059403E-18
3.553719E+03	5.930859E-18	1.058922E-18
3.553917E+03	5.940635E-18	1.060651E-18
3.554314E+03	5.917495E-18	1.056486E-18
3.554512E+03	5.896213E-18	1.052670E-18
3.555106E+03	5.909212E-18	1.054941E-18
3.555304E+03	5.914719E-18	1.055908E-18
3.556492E+03	5.912006E-18	1.055324E-18
3.556691E+03	5.913991E-18	1.055662E-18
3.557680E+03	5.921034E-18	1.056836E-18
3.557878E+03	5.932734E-18	1.058908E-18
3.558077E+03	5.933438E-18	1.059017E-18
3.558275E+03	5.932007E-18	1.058745E-18
3.558473E+03	5.956625E-18	1.063122E-18
3.558671E+03	5.976439E-18	1.066641E-18
3.558869E+03	5.979278E-18	1.067131E-18
3.559067E+03	5.998986E-18	1.070632E-18
3.559265E+03	6.016453E-18	1.073732E-18
3.559463E+03	6.026019E-18	1.075422E-18
3.559661E+03	6.038788E-18	1.077684E-18
3.560057E+03	6.042334E-18	1.078283E-18
3.560453E+03	6.028904E-18	1.075852E-18
3.560651E+03	6.035695E-18	1.077047E-18
3.561047E+03	6.032087E-18	1.076370E-18
3.561245E+03	6.036209E-18	1.077088E-18
3.561642E+03	6.042424E-18	1.078163E-18
3.561840E+03	6.047508E-18	1.079053E-18
3.562237E+03	6.061091E-18	1.081443E-18
3.562831E+03	6.056160E-18	1.080512E-18
3.563029E+03	6.067864E-18	1.082583E-18
3.563425E+03	6.084438E-18	1.085506E-18
3.563623E+03	6.104472E-18	1.089063E-18
3.563821E+03	6.116710E-18	1.091229E-18
3.564217E+03	6.119618E-18	1.091713E-18
3.564415E+03	6.124916E-18	1.092641E-18
3.564613E+03	6.111419E-18	1.090216E-18
3.565009E+03	6.113258E-18	1.090509E-18
3.565207E+03	6.110653E-18	1.090027E-18
3.565405E+03	6.118407E-18	1.091393E-18
3.566198E+03	6.131590E-18	1.093676E-18
3.566396E+03	6.138278E-18	1.094851E-18
3.566595E+03	6.140373E-18	1.095208E-18
3.567387E+03	6.142877E-18	1.095585E-18
3.567585E+03	6.144224E-18	1.095808E-18
3.567783E+03	6.143541E-18	1.095669E-18
3.568377E+03	6.154739E-18	1.097614E-18
3.569366E+03	6.177604E-18	1.101604E-18
3.569961E+03	6.181859E-18	1.102311E-18
3.570159E+03	6.196453E-18	1.104895E-18
3.570357E+03	6.197373E-18	1.105042E-18
3.570753E+03	6.207119E-18	1.106744E-18
3.571744E+03	6.209265E-18	1.107039E-18
3.571942E+03	6.227919E-18	1.110347E-18
3.572536E+03	6.231109E-18	1.110863E-18
3.572932E+03	6.231668E-18	1.110927E-18
3.573526E+03	6.232185E-18	1.110967E-18
3.573725E+03	6.242081E-18	1.112713E-18
3.573923E+03	6.264157E-18	1.116630E-18
3.574121E+03	6.270100E-18	1.117672E-18
3.574319E+03	6.287796E-18	1.120809E-18
3.574517E+03	6.297906E-18	1.122593E-18
3.574715E+03	6.294232E-18	1.121920E-18
3.574913E+03	6.293765E-18	1.121819E-18
3.575111E+03	6.311248E-18	1.124917E-18
3.575309E+03	6.314947E-18	1.125559E-18
3.575507E+03	6.315762E-18	1.125686E-18
3.575705E+03	6.318927E-18	1.126232E-18
3.575903E+03	6.327222E-18	1.127693E-18
3.576299E+03	6.337828E-18	1.129547E-18
3.576497E+03	6.347725E-18	1.131293E-18
3.576695E+03	6.355166E-18	1.132601E-18
3.577687E+03	6.363622E-18	1.134018E-18
3.577885E+03	6.382712E-18	1.137401E-18
3.578083E+03	6.380642E-18	1.137014E-18
3.578281E+03	6.379319E-18	1.136761E-18
3.578677E+03	6.386935E-18	1.138081E-18
3.578875E+03	6.389567E-18	1.138532E-18
3.579073E+03	6.396795E-18	1.139802E-18
3.579271E+03	6.412680E-18	1.142614E-18
3.579667E+03	6.432693E-18	1.146143E-18
3.579865E+03	6.433296E-18	1.146232E-18
3.580063E+03	6.435394E-18	1.146588E-18
3.580260E+03	6.437278E-18	1.146906E-18
3.580656E+03	6.439872E-18	1.147331E-18
3.580854E+03	6.454369E-18	1.149895E-18
3.581053E+03	6.462666E-18	1.151355E-18
3.581449E+03	6.475201E-18	1.153552E-18
3.581845E+03	6.478758E-18	1.154148E-18
3.582044E+03	6.491973E-18	1.156484E-18
3.582242E+03	6.498134E-18	1.157563E-18
3.582836E+03	6.508173E-18	1.159296E-18
3.583826E+03	6.517815E-18	1.160920E-18
3.584222E+03	6.539225E-18	1.164696E-18
3.584420E+03	6.550305E-18	1.166651E-18
3.585411E+03	6.538567E-18	1.164467E-18
3.585609E+03	6.565577E-18	1.169259E-18
3.586203E+03	6.583103E-18	1.172324E-18
3.586995E+03	6.610000E-18	1.177038E-18
3.587193E+03	6.591038E-18	1.173642E-18
3.587788E+03	6.591139E-18	1.173604E-18
3.587986E+03	6.576453E-18	1.170970E-18
3.588184E+03	6.552783E-18	1.166737E-18
3.589175E+03	6.548101E-18	1.165809E-18
3.589373E+03	6.560680E-18	1.168030E-18
3.589571E+03	6.581386E-18	1.171698E-18
3.589769E+03	6.591293E-18	1.173443E-18
3.590363E+03	6.590430E-18	1.173232E-18
3.590561E+03	6.591889E-18	1.173473E-18
3.590759E+03	6.609497E-18	1.176589E-18
3.590957E+03	6.606892E-18	1.176106E-18
3.591353E+03	6.613447E-18	1.177235E-18
3.592342E+03	6.611864E-18	1.176859E-18
3.592541E+03	6.625945E-18	1.179346E-18
3.592740E+03	6.645910E-18	1.182880E-18
3.592938E+03	6.646190E-18	1.182911E-18
3.593136E+03	6.679308E-18	1.188787E-18
3.593532E+03	6.659769E-18	1.185271E-18
3.594324E+03	6.649560E-18	1.183378E-18
3.594522E+03	6.657977E-18	1.184856E-18
3.594720E+03	6.672376E-18	1.187400E-18
3.594918E+03	6.686248E-18	1.189849E-18
3.595512E+03	6.690089E-18	1.190475E-18
3.595710E+03	6.698394E-18	1.191933E-18
3.596502E+03	6.695892E-18	1.191411E-18
3.596700E+03	6.702276E-18	1.192528E-18
3.597097E+03	6.737077E-18	1.198681E-18
3.597295E+03	6.730086E-18	1.197418E-18
3.597493E+03	6.713677E-18	1.194479E-18
3.598286E+03	6.723587E-18	1.196165E-18
3.598484E+03	6.750936E-18	1.201011E-18
3.598682E+03	6.756891E-18	1.202051E-18
3.598880E+03	6.763276E-18	1.203168E-18
3.599078E+03	6.781425E-18	1.206377E-18
3.599276E+03	6.798082E-18	1.209320E-18
3.600266E+03	6.813516E-18	1.211968E-18
3.600464E+03	6.841727E-18	1.216966E-18
3.600861E+03	6.857810E-18	1.219787E-18
3.601059E+03	6.863020E-18	1.220694E-18
3.601257E+03	6.874540E-18	1.222723E-18
3.601455E+03	6.882638E-18	1.224144E-18
3.601653E+03	6.903142E-18	1.227771E-18
3.602247E+03	6.908603E-18	1.228682E-18
3.603040E+03	6.904827E-18	1.227931E-18
3.603238E+03	6.926192E-18	1.231710E-18
3.603436E+03	6.930115E-18	1.232388E-18
3.603634E+03	6.912956E-18	1.229317E-18
3.603832E+03	6.916774E-18	1.229976E-18
3.604030E+03	6.908924E-18	1.228560E-18
3.604227E+03	6.911889E-18	1.229067E-18
3.604426E+03	6.919771E-18	1.230449E-18
3.605021E+03	6.913458E-18	1.229266E-18
3.605218E+03	6.892663E-18	1.225549E-18
3.605416E+03	6.861164E-18	1.219928E-18
3.605812E+03	6.858524E-18	1.219419E-18
3.606010E+03	6.866723E-18	1.220857E-18
3.606208E+03	6.875999E-18	1.222487E-18
3.606406E+03	6.870830E-18	1.221548E-18
3.607000E+03	6.871579E-18	1.221621E-18
3.607198E+03	6.872291E-18	1.221728E-18
3.607594E+03	6.867721E-18	1.220876E-18
3.607792E+03	6.851100E-18	1.217901E-18
3.608189E+03	6.851777E-18	1.217982E-18
3.608387E+03	6.870366E-18	1.221266E-18
3.608586E+03	6.882425E-18	1.223390E-18
3.608784E+03	6.904007E-18	1.227206E-18
3.609378E+03	6.913646E-18	1.228860E-18
3.609774E+03	6.888206E-18	1.224298E-18
3.610764E+03	6.869289E-18	1.220836E-18
3.610962E+03	6.898369E-18	1.225984E-18
3.611160E+03	6.918679E-18	1.229574E-18
3.611358E+03	6.926133E-18	1.230878E-18
3.611556E+03	6.930594E-18	1.231651E-18
3.612150E+03	6.893873E-18	1.225065E-18
3.612348E+03	6.879601E-18	1.222509E-18
3.613340E+03	6.883916E-18	1.223176E-18
3.613538E+03	6.869319E-18	1.220562E-18
3.613736E+03	6.856863E-18	1.218329E-18
3.613934E+03	6.877817E-18	1.222032E-18
3.614330E+03	6.887379E-18	1.223691E-18
3.615320E+03	6.872100E-18	1.220877E-18
3.615518E+03	6.846686E-18	1.216342E-18
3.615716E+03	6.824167E-18	1.212321E-18
3.615914E+03	6.820918E-18	1.211724E-18
3.616112E+03	6.831587E-18	1.213600E-18
3.616310E+03	6.809278E-18	1.209617E-18
3.616509E+03	6.801104E-18	1.208145E-18
3.616706E+03	6.782431E-18	1.204808E-18
3.616904E+03	6.788927E-18	1.205943E-18
3.617103E+03	6.787285E-18	1.205631E-18
3.617498E+03	6.780569E-18	1.204399E-18
3.617696E+03	6.787284E-18	1.205572E-18
3.617894E+03	6.787135E-18	1.205526E-18
3.618092E+03	6.773711E-18	1.203121E-18
3.618291E+03	6.774852E-18	1.203304E-18
3.618489E+03	6.770214E-18	1.202461E-18
3.619083E+03	6.733687E-18	1.195914E-18
3.619479E+03	6.688630E-18	1.187873E-18
3.619677E+03	6.702731E-18	1.190358E-18
3.619875E+03	6.715866E-18	1.192671E-18
3.620073E+03	6.698260E-18	1.189525E-18
3.620272E+03	6.675304E-18	1.185429E-18
3.620866E+03	6.662120E-18	1.183029E-18
3.621064E+03	6.666587E-18	1.183803E-18
3.621262E+03	6.680682E-18	1.186286E-18
3.621658E+03	6.697207E-18	1.189182E-18
3.621856E+03	6.689889E-18	1.187863E-18
3.622054E+03	6.677102E-18	1.185573E-18
3.622252E+03	6.653608E-18	1.181382E-18
3.622450E+03	6.643604E-18	1.179586E-18
3.622648E+03	6.621928E-18	1.175718E-18
3.622846E+03	6.614073E-18	1.174304E-18
3.623044E+03	6.610819E-18	1.173707E-18
3.623242E+03	6.608103E-18	1.173205E-18
3.623441E+03	6.599709E-18	1.171696E-18
3.623639E+03	6.597848E-18	1.171346E-18
3.624035E+03	6.597878E-18	1.171313E-18
3.624234E+03	6.587447E-18	1.169442E-18
3.624630E+03	6.603117E-18	1.172185E-18
3.624828E+03	6.601257E-18	1.171836E-18
3.625026E+03	6.576470E-18	1.167416E-18
3.625224E+03	6.566039E-18	1.165546E-18
3.625422E+03	6.571250E-18	1.166451E-18
3.625818E+03	6.553601E-18	1.163280E-18
3.626016E+03	6.547348E-18	1.162151E-18
3.626610E+03	6.545086E-18	1.161692E-18
3.626808E+03	6.538296E-18	1.160468E-18
3.627006E+03	6.547686E-18	1.162115E-18
3.627204E+03	6.557610E-18	1.163857E-18
3.627600E+03	6.557960E-18	1.163881E-18
3.627996E+03	6.582846E-18	1.168259E-18
3.628195E+03	6.587415E-18	1.169051E-18
3.628392E+03	6.587911E-18	1.169119E-18
3.628591E+03	6.588837E-18	1.169264E-18
3.629383E+03	6.588894E-18	1.169197E-18
3.629581E+03	6.577818E-18	1.167213E-18
3.629779E+03	6.562991E-18	1.164562E-18
3.629977E+03	6.536162E-18	1.159782E-18
3.630175E+03	6.520370E-18	1.156961E-18
3.631165E+03	6.539996E-18	1.160348E-18
3.631363E+03	6.535456E-18	1.159523E-18
3.632156E+03	6.534547E-18	1.159285E-18
3.632354E+03	6.541366E-18	1.160476E-18
3.632948E+03	6.508773E-18	1.154636E-18
3.633146E+03	6.488369E-18	1.150997E-18
3.633344E+03	6.478576E-18	1.149241E-18
3.633542E+03	6.455385E-18	1.145108E-18
3.634137E+03	6.447011E-18	1.143566E-18
3.634335E+03	6.437860E-18	1.141924E-18
3.634533E+03	6.416704E-18	1.138152E-18
3.634929E+03	6.413728E-18	1.137587E-18
3.635325E+03	6.406679E-18	1.136299E-18
3.635523E+03	6.411890E-18	1.137204E-18
3.635920E+03	6.400660E-18	1.135175E-18
3.636118E+03	6.405014E-18	1.135928E-18
3.636316E+03	6.397147E-18	1.134514E-18
3.636514E+03	6.412543E-18	1.137225E-18
3.637306E+03	6.389009E-18	1.132977E-18
3.637702E+03	6.383459E-18	1.131955E-18
3.637900E+03	6.388671E-18	1.132860E-18
3.638098E+03	6.362151E-18	1.128139E-18
3.638296E+03	6.358357E-18	1.127447E-18
3.638494E+03	6.369144E-18	1.129341E-18
3.638692E+03	6.339191E-18	1.124011E-18
3.638891E+03	6.343438E-18	1.124746E-18
3.639089E+03	6.364624E-18	1.128483E-18
3.639287E+03	6.351610E-18	1.126157E-18
3.639684E+03	6.350991E-18	1.126010E-18
3.639882E+03	6.357811E-18	1.127200E-18
3.640080E+03	6.329894E-18	1.122232E-18
3.640476E+03	6.320160E-18	1.120469E-18
3.640673E+03	6.306823E-18	1.118086E-18
3.640872E+03	6.289626E-18	1.115019E-18
3.641070E+03	6.283579E-18	1.113928E-18
3.641267E+03	6.263272E-18	1.110310E-18
3.641465E+03	6.259691E-18	1.109657E-18
3.641861E+03	6.254352E-18	1.108673E-18
3.642059E+03	6.237367E-18	1.105644E-18
3.642257E+03	6.221134E-18	1.102748E-18
3.642455E+03	6.222592E-18	1.102988E-18
3.642653E+03	6.211075E-18	1.100928E-18
3.643247E+03	6.201617E-18	1.099197E-18
3.643445E+03	6.205649E-18	1.099893E-18
3.643644E+03	6.200351E-18	1.098936E-18
3.643842E+03	6.210388E-18	1.100696E-18
3.644635E+03	6.213541E-18	1.101182E-18
3.644833E+03	6.211568E-18	1.100814E-18
3.645427E+03	6.195567E-18	1.097923E-18
3.645625E+03	6.173967E-18	1.094077E-18
3.645823E+03	6.146040E-18	1.089110E-18
3.646021E+03	6.133018E-18	1.086784E-18
3.646615E+03	6.130420E-18	1.086269E-18
3.647011E+03	6.118750E-18	1.084165E-18
3.647209E+03	6.133185E-18	1.086705E-18
3.647606E+03	6.122587E-18	1.084790E-18
3.647804E+03	6.122864E-18	1.084821E-18
3.648200E+03	6.091885E-18	1.079297E-18
3.648398E+03	6.091305E-18	1.079176E-18
3.648596E+03	6.089115E-18	1.078770E-18
3.649191E+03	6.092201E-18	1.079262E-18
3.649389E+03	6.063624E-18	1.074182E-18
3.649587E+03	6.043305E-18	1.070564E-18
3.649785E+03	6.049804E-18	1.071698E-18
3.649983E+03	6.044718E-18	1.070779E-18
3.650181E+03	6.041348E-18	1.070164E-18
3.650379E+03	6.033580E-18	1.068770E-18
3.650577E+03	6.013689E-18	1.065229E-18
3.650775E+03	6.010104E-18	1.064576E-18
3.650973E+03	5.999224E-18	1.062631E-18
3.651171E+03	5.997034E-18	1.062225E-18
3.651370E+03	5.985617E-18	1.060185E-18
3.651568E+03	5.964652E-18	1.056454E-18
3.651964E+03	5.942461E-18	1.052488E-18
3.652558E+03	5.931703E-18	1.050530E-18
3.652755E+03	5.932301E-18	1.050618E-18
3.652953E+03	5.925066E-18	1.049319E-18
3.653547E+03	5.890918E-18	1.043219E-18
3.653745E+03	5.871237E-18	1.039716E-18
3.653943E+03	5.827952E-18	1.032034E-18
3.654141E+03	5.825544E-18	1.031590E-18
3.654340E+03	5.817665E-18	1.030177E-18
3.654538E+03	5.803992E-18	1.027739E-18
3.654736E+03	5.786885E-18	1.024692E-18
3.654934E+03	5.764626E-18	1.020734E-18
3.655132E+03	5.760394E-18	1.019967E-18
3.655727E+03	5.759071E-18	1.019682E-18
3.655925E+03	5.771793E-18	1.021917E-18
3.656321E+03	5.775454E-18	1.022531E-18
3.656519E+03	5.778840E-18	1.023113E-18
3.656717E+03	5.749498E-18	1.017901E-18
3.656915E+03	5.739363E-18	1.016090E-18
3.657113E+03	5.727619E-18	1.013993E-18
3.657311E+03	5.713942E-18	1.011555E-18
3.657509E+03	5.683310E-18	1.006115E-18
3.657905E+03	5.669906E-18	1.003709E-18
3.658103E+03	5.647000E-18	9.996368E-19
3.659094E+03	5.623467E-18	9.953871E-19
3.659292E+03	5.597339E-18	9.907456E-19
3.659491E+03	5.590529E-18	9.895234E-19
3.659887E+03	5.585171E-18	9.885417E-19
3.660877E+03	5.572797E-18	9.862683E-19
3.661471E+03	5.553006E-18	9.827160E-19
3.661867E+03	5.531547E-18	9.788854E-19
3.662065E+03	5.516148E-18	9.761437E-19
3.662263E+03	5.528227E-18	9.782648E-19
3.662461E+03	5.516048E-18	9.760931E-19
3.662659E+03	5.524908E-18	9.776443E-19
3.663452E+03	5.531042E-18	9.786636E-19
3.663650E+03	5.515641E-18	9.759221E-19
3.663848E+03	5.518168E-18	9.763527E-19
3.664045E+03	5.480545E-18	9.696795E-19
3.664244E+03	5.471370E-18	9.680398E-19
3.664441E+03	5.473466E-18	9.683944E-19
3.664640E+03	5.459997E-18	9.659949E-19
3.664839E+03	5.443844E-18	9.631207E-19
3.665037E+03	5.449054E-18	9.640261E-19
3.665234E+03	5.444494E-18	9.632032E-19
3.665432E+03	5.439183E-18	9.622472E-19
3.666224E+03	5.425023E-18	9.596772E-19
3.666819E+03	5.432064E-18	9.608740E-19
3.667017E+03	5.427183E-18	9.599942E-19
3.667215E+03	5.417147E-18	9.582027E-19
3.667611E+03	5.398040E-18	9.547907E-19
3.667809E+03	5.385427E-18	9.525436E-19
3.668007E+03	5.378719E-18	9.513409E-19
3.668205E+03	5.378023E-18	9.512018E-19
3.668403E+03	5.380871E-18	9.516893E-19
3.668601E+03	5.377384E-18	9.510564E-19
3.668799E+03	5.381306E-18	9.517339E-19
3.669195E+03	5.363271E-18	9.485121E-19
3.669393E+03	5.345180E-18	9.452965E-19
3.669591E+03	5.334927E-18	9.434673E-19
3.669790E+03	5.318554E-18	9.405557E-19
3.669988E+03	5.315817E-18	9.400558E-19
3.670186E+03	5.277429E-18	9.332512E-19
3.670384E+03	5.240436E-18	9.266938E-19
3.670781E+03	5.237002E-18	9.260550E-19
3.671177E+03	5.223795E-18	9.236883E-19
3.671375E+03	5.210211E-18	9.212707E-19
3.671573E+03	5.189968E-18	9.176757E-19
3.671771E+03	5.189592E-18	9.175937E-19
3.671969E+03	5.197916E-18	9.190498E-19
3.672167E+03	5.190453E-18	9.177146E-19
3.672365E+03	5.182131E-18	9.162276E-19
3.672563E+03	5.149643E-18	9.104681E-19
3.672761E+03	5.153563E-18	9.111458E-19
3.673355E+03	5.162425E-18	9.126658E-19
3.673751E+03	5.153619E-18	9.110779E-19
3.673949E+03	5.131869E-18	9.072175E-19
3.674147E+03	5.129560E-18	9.067939E-19
3.674345E+03	5.123598E-18	9.057246E-19
3.674543E+03	5.114737E-18	9.041428E-19
3.674742E+03	5.091697E-18	9.000546E-19
3.674941E+03	5.102171E-18	9.018905E-19
3.675139E+03	5.079560E-18	8.978784E-19
3.675337E+03	5.074457E-18	8.969611E-19
3.676326E+03	5.065807E-18	8.953559E-19
3.676525E+03	5.060811E-18	8.944576E-19
3.676921E+03	5.040830E-18	8.908956E-19
3.677119E+03	5.057211E-18	8.937755E-19
3.677316E+03	5.049422E-18	8.923838E-19
3.677712E+03	5.030298E-18	8.889737E-19
3.677910E+03	5.019393E-18	8.870314E-19
3.678108E+03	5.020843E-18	8.872724E-19
3.678306E+03	5.026052E-18	8.881778E-19
3.678505E+03	5.008593E-18	8.850775E-19
3.678703E+03	5.007357E-18	8.848439E-19
3.678901E+03	4.990865E-18	8.819145E-19
3.679297E+03	4.977970E-18	8.796058E-19
3.679495E+03	4.983609E-18	8.805872E-19
3.680090E+03	4.998916E-18	8.832465E-19
3.680288E+03	4.996175E-18	8.827471E-19
3.680486E+03	5.001385E-18	8.836526E-19
3.680882E+03	5.005895E-18	8.844191E-19
3.681278E+03	5.006753E-18	8.845404E-19
3.681476E+03	4.992407E-18	8.819909E-19
3.681674E+03	4.990204E-18	8.815865E-19
3.681872E+03	4.970162E-18	8.780309E-19
3.682467E+03	4.942811E-18	8.731542E-19
3.682665E+03	4.925240E-18	8.700354E-19
3.682863E+03	4.905950E-18	8.666130E-19
3.683061E+03	4.871078E-18	8.604382E-19
3.683457E+03	4.867742E-18	8.598195E-19
3.683655E+03	4.867364E-18	8.597379E-19
3.683853E+03	4.867307E-18	8.597132E-19
3.684447E+03	4.855210E-18	8.575323E-19
3.684645E+03	4.835273E-18	8.539963E-19
3.684843E+03	4.832530E-18	8.534972E-19
3.685041E+03	4.828604E-18	8.527893E-19
3.685240E+03	4.807376E-18	8.490255E-19
3.685438E+03	4.796680E-18	8.471219E-19
3.685636E+03	4.799095E-18	8.475339E-19
3.685834E+03	4.790978E-18	8.460859E-19
3.686032E+03	4.785869E-18	8.451692E-19
3.686230E+03	4.776354E-18	8.434745E-19
3.686429E+03	4.765442E-18	8.415330E-19
3.686627E+03	4.764310E-18	8.413186E-19
3.687023E+03	4.780963E-18	8.442303E-19
3.687221E+03	4.796383E-18	8.469387E-19
3.687419E+03	4.813416E-18	8.499317E-19
3.687815E+03	4.814486E-18	8.500913E-19
3.688607E+03	4.822859E-18	8.515112E-19
3.688804E+03	4.816997E-18	8.504618E-19
3.689398E+03	4.810378E-18	8.492493E-19
3.689794E+03	4.797043E-18	8.468659E-19
3.689992E+03	4.781829E-18	8.441655E-19
3.690191E+03	4.779192E-18	8.436855E-19
3.690390E+03	4.761398E-18	8.405297E-19
3.690588E+03	4.760051E-18	8.402775E-19
3.690786E+03	4.771497E-18	8.422834E-19
3.690984E+03	4.757464E-18	8.397919E-19
3.691380E+03	4.742730E-18	8.371621E-19
3.691578E+03	4.735577E-18	8.358852E-19
3.691776E+03	4.717566E-18	8.326916E-19
3.691974E+03	4.705897E-18	8.306177E-19
3.692766E+03	4.712870E-18	8.317911E-19
3.692964E+03	4.739584E-18	8.364916E-19
3.693360E+03	4.753232E-18	8.388713E-19
3.693558E+03	4.726295E-18	8.341030E-19
3.693756E+03	4.726883E-18	8.341923E-19
3.693954E+03	4.708010E-18	8.308473E-19
3.694153E+03	4.716446E-18	8.323217E-19
3.694945E+03	4.719551E-18	8.328121E-19
3.695143E+03	4.716805E-18	8.323131E-19
3.695342E+03	4.713414E-18	8.317004E-19
3.695540E+03	4.712390E-18	8.315052E-19
3.695738E+03	4.712869E-18	8.315755E-19
3.696134E+03	4.704367E-18	8.300467E-19
3.696530E+03	4.700273E-18	8.292957E-19
3.696728E+03	4.718928E-18	8.325725E-19
3.696926E+03	4.725215E-18	8.336674E-19
3.697124E+03	4.730320E-18	8.345536E-19
3.697718E+03	4.718103E-18	8.323551E-19
3.697917E+03	4.714712E-18	8.317425E-19
3.698115E+03	4.714547E-18	8.316990E-19
3.698511E+03	4.717337E-18	8.321623E-19
3.698709E+03	4.714913E-18	8.317204E-19
3.698907E+03	4.734108E-18	8.350919E-19
3.699501E+03	4.732753E-18	8.348096E-19
3.699699E+03	4.727749E-18	8.339125E-19
3.700094E+03	4.722472E-18	8.329528E-19
3.700293E+03	4.721339E-18	8.327385E-19
3.700492E+03	4.735265E-18	8.351802E-19
3.700689E+03	4.717783E-18	8.320825E-19
3.700888E+03	4.701054E-18	8.291176E-19
3.701086E+03	4.702181E-18	8.293018E-19
3.701283E+03	4.685236E-18	8.262990E-19
3.701481E+03	4.660654E-18	8.219494E-19
3.701679E+03	4.637146E-18	8.177895E-19
3.701878E+03	4.647845E-18	8.196621E-19
3.702076E+03	4.640365E-18	8.183287E-19
3.702274E+03	4.641168E-18	8.184561E-19
3.702472E+03	4.636269E-18	8.175781E-19
3.702670E+03	4.629650E-18	8.163966E-19
3.703264E+03	4.609682E-18	8.128331E-19
3.703462E+03	4.612851E-18	8.133777E-19
3.703660E+03	4.597302E-18	8.106219E-19
3.703858E+03	4.606064E-18	8.121529E-19
3.704056E+03	4.610202E-18	8.128683E-19
3.704254E+03	4.614555E-18	8.136217E-19
3.704452E+03	4.617509E-18	8.141284E-19
3.704650E+03	4.602066E-18	8.113915E-19
3.704848E+03	4.617285E-18	8.140606E-19
3.705046E+03	4.622607E-18	8.149847E-19
3.705244E+03	4.646217E-18	8.191331E-19
3.705442E+03	4.655519E-18	8.207588E-19
3.705641E+03	4.648899E-18	8.195774E-19
3.706038E+03	4.658037E-18	8.211598E-19
3.706632E+03	4.638712E-18	8.177103E-19
3.706830E+03	4.627787E-18	8.157703E-19
3.707028E+03	4.597603E-18	8.104353E-19
3.707226E+03	4.612393E-18	8.130284E-19
3.707424E+03	4.619867E-18	8.143316E-19
3.707622E+03	4.627126E-18	8.155969E-19
3.707820E+03	4.646974E-18	8.190812E-19
3.708216E+03	4.650948E-18	8.197530E-19
3.708612E+03	4.653953E-18	8.202542E-19
3.709008E+03	4.658035E-18	8.209450E-19
3.709206E+03	4.659699E-18	8.212239E-19
3.709404E+03	4.657382E-18	8.208012E-19
3.709999E+03	4.642574E-18	8.181487E-19
3.710197E+03	4.629065E-18	8.157538E-19
3.710395E+03	4.642459E-18	8.180999E-19
3.710593E+03	4.634653E-18	8.167102E-19
3.710792E+03	4.613180E-18	8.129119E-19
3.711386E+03	4.622046E-18	8.144316E-19
3.711782E+03	4.626128E-18	8.151224E-19
3.711980E+03	4.636080E-18	8.168616E-19
3.712178E+03	4.634300E-18	8.165338E-19
3.712375E+03	4.628000E-18	8.154096E-19
3.712574E+03	4.609215E-18	8.120856E-19
3.713168E+03	4.613993E-18	8.128848E-19
3.713365E+03	4.601664E-18	8.106987E-19
3.713564E+03	4.610433E-18	8.122292E-19
3.713960E+03	4.599446E-18	8.102653E-19
3.714158E+03	4.594329E-18	8.093497E-19
3.714356E+03	4.598361E-18	8.100459E-19
3.714554E+03	4.592168E-18	8.089407E-19
3.714950E+03	4.585163E-18	8.076785E-19
3.715148E+03	4.588227E-18	8.082040E-19
3.715346E+03	4.586770E-18	8.079332E-19
3.715544E+03	4.573686E-18	8.056145E-19
3.716139E+03	4.571467E-18	8.051813E-19
3.716337E+03	4.565919E-18	8.041900E-19
3.716733E+03	4.568924E-18	8.046912E-19
3.716931E+03	4.560146E-18	8.031310E-19
3.717129E+03	4.566547E-18	8.042443E-19
3.717327E+03	4.570795E-18	8.049784E-19
3.717526E+03	4.564386E-18	8.038354E-19
3.717724E+03	4.580369E-18	8.066362E-19
3.717922E+03	4.607226E-18	8.113516E-19
3.718120E+03	4.602216E-18	8.104551E-19
3.718318E+03	4.612171E-18	8.121940E-19
3.718516E+03	4.611468E-18	8.120559E-19
3.718912E+03	4.625134E-18	8.144338E-19
3.719506E+03	4.623777E-18	8.141521E-19
3.719704E+03	4.628457E-18	8.149619E-19
3.719902E+03	4.634107E-18	8.159423E-19
3.720298E+03	4.645621E-18	8.179409E-19
3.720496E+03	4.656762E-18	8.198881E-19
3.720694E+03	4.656598E-18	8.198447E-19
3.720892E+03	4.662463E-18	8.208630E-19
3.721091E+03	4.646793E-18	8.180897E-19
3.721290E+03	4.661273E-18	8.206245E-19
3.721686E+03	4.664928E-18	8.212392E-19
3.721884E+03	4.669609E-18	8.220489E-19
3.722082E+03	4.680644E-18	8.239769E-19
3.722280E+03	4.694802E-18	8.264547E-19
3.722478E+03	4.707130E-18	8.286103E-19
3.722676E+03	4.705673E-18	8.283393E-19
3.722874E+03	4.703463E-18	8.279357E-19
3.723072E+03	4.708253E-18	8.287643E-19
3.723468E+03	4.705448E-18	8.282415E-19
3.724260E+03	4.698007E-18	8.268735E-19
3.724457E+03	4.697197E-18	8.267164E-19
3.724656E+03	4.699187E-18	8.270519E-19
3.724853E+03	4.691053E-18	8.256060E-19
3.725051E+03	4.718353E-18	8.303960E-19
3.725251E+03	4.721636E-18	8.309591E-19
3.725448E+03	4.721149E-18	8.308588E-19
3.725844E+03	4.732346E-18	8.328000E-19
3.726042E+03	4.734122E-18	8.330978E-19
3.726241E+03	4.732342E-18	8.327699E-19
3.726439E+03	4.704174E-18	8.277984E-19
3.726637E+03	4.676651E-18	8.229407E-19
3.727033E+03	4.654887E-18	8.190821E-19
3.727231E+03	4.635550E-18	8.156650E-19
3.727627E+03	4.623695E-18	8.135503E-19
3.728221E+03	4.623093E-18	8.134013E-19
3.728419E+03	4.615280E-18	8.120123E-19
3.728617E+03	4.605743E-18	8.103201E-19
3.728815E+03	4.584572E-18	8.065811E-19
3.729014E+03	4.566309E-18	8.033538E-19
3.729212E+03	4.557525E-18	8.017944E-19
3.729806E+03	4.552828E-18	8.009255E-19
3.730004E+03	4.558588E-18	8.019246E-19
3.730400E+03	4.561597E-18	8.024256E-19
3.730598E+03	4.580608E-18	8.057556E-19
3.730796E+03	4.606731E-18	8.103365E-19
3.730994E+03	4.620034E-18	8.126620E-19
3.731192E+03	4.623748E-18	8.133010E-19
3.731391E+03	4.605806E-18	8.101307E-19
3.731589E+03	4.616200E-18	8.119446E-19
3.731787E+03	4.622824E-18	8.130952E-19
3.732381E+03	4.635906E-18	8.153529E-19
3.733174E+03	4.645162E-18	8.169229E-19
3.733372E+03	4.650601E-18	8.178650E-19
3.733570E+03	4.663798E-18	8.201714E-19
3.733966E+03	4.670905E-18	8.213921E-19
3.734560E+03	4.676448E-18	8.223232E-19
3.734758E+03	4.689000E-18	8.245157E-19
3.735352E+03	4.683013E-18	8.234192E-19
3.735748E+03	4.699066E-18	8.262124E-19
3.735946E+03	4.694808E-18	8.254491E-19
3.736342E+03	4.700947E-18	8.264991E-19
3.737136E+03	4.714951E-18	8.289023E-19
3.737333E+03	4.727504E-18	8.310946E-19
3.737531E+03	4.734886E-18	8.323775E-19
3.738125E+03	4.742696E-18	8.337060E-19
3.738323E+03	4.746198E-18	8.343068E-19
3.738521E+03	4.761879E-18	8.370485E-19
3.739115E+03	4.749750E-18	8.348718E-19
3.739511E+03	4.747592E-18	8.344629E-19
3.739709E+03	4.772005E-18	8.387390E-19
3.739907E+03	4.802456E-18	8.440760E-19
3.740105E+03	4.815768E-18	8.464007E-19
3.740501E+03	4.825361E-18	8.480566E-19
3.740700E+03	4.831343E-18	8.490929E-19
3.741096E+03	4.837273E-18	8.501046E-19
3.741294E+03	4.861366E-18	8.543236E-19
3.741492E+03	4.864762E-18	8.549052E-19
3.741691E+03	4.856300E-18	8.534028E-19
3.742087E+03	4.845088E-18	8.514023E-19
3.742285E+03	4.846544E-18	8.516429E-19
3.742483E+03	4.848431E-18	8.519593E-19
3.742681E+03	4.831882E-18	8.490363E-19
3.742879E+03	4.820293E-18	8.469848E-19
3.743077E+03	4.822718E-18	8.473959E-19
3.743671E+03	4.824713E-18	8.477009E-19
3.743869E+03	4.816034E-18	8.461609E-19
3.744067E+03	4.817381E-18	8.463825E-19
3.744463E+03	4.820508E-18	8.469018E-19
3.744662E+03	4.820562E-18	8.468961E-19
3.745454E+03	4.809240E-18	8.448468E-19
3.745652E+03	4.798296E-18	8.429091E-19
3.745850E+03	4.785949E-18	8.407251E-19
3.746048E+03	4.804765E-18	8.440154E-19
3.746246E+03	4.813553E-18	8.455441E-19
3.746444E+03	4.802824E-18	8.436443E-19
3.747237E+03	4.811020E-18	8.450235E-19
3.747633E+03	4.804549E-18	8.438567E-19
3.747831E+03	4.810750E-18	8.449308E-19
3.748227E+03	4.802446E-18	8.434422E-19
3.748425E+03	4.803147E-18	8.435503E-19
3.748624E+03	4.819594E-18	8.464235E-19
3.748821E+03	4.828707E-18	8.480089E-19
3.749020E+03	4.821644E-18	8.467532E-19
3.749218E+03	4.809079E-18	8.445315E-19
3.749811E+03	4.823586E-18	8.470336E-19
3.750009E+03	4.816522E-18	8.457780E-19
3.750207E+03	4.813124E-18	8.451664E-19
3.750405E+03	4.799697E-18	8.427934E-19
3.750801E+03	4.781253E-18	8.395248E-19
3.750999E+03	4.802663E-18	8.432690E-19
3.751197E+03	4.822995E-18	8.468237E-19
3.751395E+03	4.822295E-18	8.466856E-19
3.751593E+03	4.851041E-18	8.517175E-19
3.751792E+03	4.853469E-18	8.521284E-19
3.751990E+03	4.847375E-18	8.510434E-19
3.752188E+03	4.834593E-18	8.487840E-19
3.752783E+03	4.834002E-18	8.486345E-19
3.752981E+03	4.843334E-18	8.502576E-19
3.753179E+03	4.828178E-18	8.475818E-19
3.753377E+03	4.841177E-18	8.498485E-19
3.753575E+03	4.854933E-18	8.522479E-19
3.753773E+03	4.850349E-18	8.514280E-19
3.753971E+03	4.863133E-18	8.536568E-19
3.754169E+03	4.881959E-18	8.569461E-19
3.754367E+03	4.879102E-18	8.564291E-19
3.754565E+03	4.891995E-18	8.586768E-19
3.754763E+03	4.898199E-18	8.597504E-19
3.754961E+03	4.876031E-18	8.558440E-19
3.755159E+03	4.897663E-18	8.596255E-19
3.755357E+03	4.906997E-18	8.612482E-19
3.755555E+03	4.903168E-18	8.605608E-19
3.756149E+03	4.890820E-18	8.583472E-19
3.756348E+03	4.882783E-18	8.569214E-19
3.756744E+03	4.877823E-18	8.560200E-19
3.756943E+03	4.869355E-18	8.545185E-19
3.757537E+03	4.883548E-18	8.569630E-19
3.757735E+03	4.862347E-18	8.532273E-19
3.758131E+03	4.838179E-18	8.489559E-19
3.758329E+03	4.825177E-18	8.466592E-19
3.758527E+03	4.828577E-18	8.472405E-19
3.758725E+03	4.829819E-18	8.474432E-19
3.758923E+03	4.814767E-18	8.447869E-19
3.759121E+03	4.803276E-18	8.427555E-19
3.759319E+03	4.803330E-18	8.427499E-19
3.759517E+03	4.807593E-18	8.434826E-19
3.760310E+03	4.795186E-18	8.412452E-19
3.760507E+03	4.817040E-18	8.450640E-19
3.760903E+03	4.820819E-18	8.456965E-19
3.761101E+03	4.811916E-18	8.441195E-19
3.761497E+03	4.807278E-18	8.432754E-19
3.761695E+03	4.804419E-18	8.427587E-19
3.761893E+03	4.821202E-18	8.456874E-19
3.762092E+03	4.833237E-18	8.477831E-19
3.762290E+03	4.849806E-18	8.506740E-19
3.762488E+03	4.842954E-18	8.494568E-19
3.762884E+03	4.847058E-18	8.501460E-19
3.763082E+03	4.850460E-18	8.507272E-19
3.763280E+03	4.836376E-18	8.482417E-19
3.764469E+03	4.839622E-18	8.487191E-19
3.764667E+03	4.843456E-18	8.493760E-19
3.764865E+03	4.836495E-18	8.481400E-19
3.765063E+03	4.827806E-18	8.466011E-19
3.765261E+03	4.826782E-18	8.464061E-19
3.765459E+03	4.817770E-18	8.448105E-19
3.765657E+03	4.822467E-18	8.456189E-19
3.765855E+03	4.806653E-18	8.428307E-19
3.766053E+03	4.794078E-18	8.406105E-19
3.766251E+03	4.807951E-18	8.430278E-19
3.766449E+03	4.814052E-18	8.440822E-19
3.767242E+03	4.800239E-18	8.415992E-19
3.767440E+03	4.805800E-18	8.425591E-19
3.767836E+03	4.807422E-18	8.428129E-19
3.768035E+03	4.809745E-18	8.432048E-19
3.768233E+03	4.816278E-18	8.443349E-19
3.768431E+03	4.815038E-18	8.441021E-19
3.768629E+03	4.827078E-18	8.461975E-19
3.768827E+03	4.836311E-18	8.478007E-19
3.769223E+03	4.834479E-18	8.474489E-19
3.769421E+03	4.834966E-18	8.475189E-19
3.769619E+03	4.844092E-18	8.491032E-19
3.770213E+03	4.865207E-18	8.527580E-19
3.770411E+03	4.884484E-18	8.561213E-19
3.771005E+03	4.885193E-18	8.561989E-19
3.771203E+03	4.885681E-18	8.562690E-19
3.771798E+03	4.898270E-18	8.584285E-19
3.771996E+03	4.901350E-18	8.589527E-19
3.772193E+03	4.900326E-18	8.587578E-19
3.772392E+03	4.913882E-18	8.611177E-19
3.772788E+03	4.906653E-18	8.598196E-19
3.772987E+03	4.880899E-18	8.552909E-19
3.773580E+03	4.882364E-18	8.555010E-19
3.774174E+03	4.884154E-18	8.557680E-19
3.774372E+03	4.886586E-18	8.561787E-19
3.774570E+03	4.885456E-18	8.559650E-19
3.774768E+03	4.895125E-18	8.576435E-19
3.774966E+03	4.903066E-18	8.590192E-19
3.775164E+03	4.916624E-18	8.613789E-19
3.775362E+03	4.928994E-18	8.635304E-19
3.775560E+03	4.933588E-18	8.643195E-19
3.775759E+03	4.955897E-18	8.682120E-19
3.775957E+03	4.971185E-18	8.708744E-19
3.776155E+03	4.967678E-18	8.702442E-19
3.776749E+03	4.950892E-18	8.672562E-19
3.776947E+03	4.972986E-18	8.711106E-19
3.777145E+03	4.992488E-18	8.745108E-19
3.777343E+03	4.988009E-18	8.737103E-19
3.777542E+03	4.991632E-18	8.743290E-19
3.778136E+03	5.004446E-18	8.765254E-19
3.778334E+03	5.003208E-18	8.762927E-19
3.778532E+03	5.021848E-18	8.795414E-19
3.778730E+03	5.042109E-18	8.830738E-19
3.778928E+03	5.055023E-18	8.853195E-19
3.779126E+03	5.055299E-18	8.853515E-19
3.779324E+03	5.067134E-18	8.874081E-19
3.779522E+03	5.062979E-18	8.866643E-19
3.779721E+03	5.053639E-18	8.850125E-19
3.779919E+03	5.049809E-18	8.843255E-19
3.780117E+03	5.045870E-18	8.836197E-19
3.780315E+03	5.034585E-18	8.816273E-19
3.780513E+03	5.015844E-18	8.783294E-19
3.780909E+03	4.996729E-18	8.749503E-19
3.781305E+03	4.976209E-18	8.713252E-19
3.781503E+03	4.955197E-18	8.676303E-19
3.781701E+03	4.933429E-18	8.638030E-19
3.781899E+03	4.911119E-18	8.598811E-19
3.782097E+03	4.888053E-18	8.558269E-19
3.782295E+03	4.864770E-18	8.517348E-19
3.782692E+03	4.866722E-18	8.520452E-19
3.782890E+03	4.859215E-18	8.507154E-19
3.783088E+03	4.844792E-18	8.481747E-19
3.783286E+03	4.827775E-18	8.451802E-19
3.783683E+03	4.823025E-18	8.443177E-19
3.783881E+03	4.814544E-18	8.428177E-19
3.784277E+03	4.800069E-18	8.402529E-19
3.784474E+03	4.797963E-18	8.398690E-19
3.784673E+03	4.794129E-18	8.391824E-19
3.784870E+03	4.794942E-18	8.393094E-19
3.785069E+03	4.785488E-18	8.376392E-19
3.785267E+03	4.785545E-18	8.376338E-19
3.785464E+03	4.782034E-18	8.370040E-19
3.786058E+03	4.791822E-18	8.386711E-19
3.786256E+03	4.800849E-18	8.402356E-19
3.786454E+03	4.801662E-18	8.403626E-19
3.786652E+03	4.796099E-18	8.393735E-19
3.786850E+03	4.807396E-18	8.413353E-19
3.787048E+03	4.813397E-18	8.423701E-19
3.787246E+03	4.823182E-18	8.440669E-19
3.787445E+03	4.831562E-18	8.455179E-19
3.787644E+03	4.834645E-18	8.460420E-19
3.787842E+03	4.832541E-18	8.456582E-19
3.788238E+03	4.840437E-18	8.470089E-19
3.788436E+03	4.837900E-18	8.465495E-19
3.788634E+03	4.827797E-18	8.447660E-19
3.788832E+03	4.820935E-18	8.435499E-19
3.789426E+03	4.833322E-18	8.456707E-19
3.789624E+03	4.821488E-18	8.435846E-19
3.790020E+03	4.822683E-18	8.437628E-19
3.790218E+03	4.830200E-18	8.450623E-19
3.790416E+03	4.827554E-18	8.445839E-19
3.790812E+03	4.823128E-18	8.437786E-19
3.791010E+03	4.817022E-18	8.426950E-19
3.791407E+03	4.838327E-18	8.463909E-19
3.792001E+03	4.854501E-18	8.491735E-19
3.792199E+03	4.849044E-18	8.482033E-19
3.792397E+03	4.844778E-18	8.474414E-19
3.792595E+03	4.846024E-18	8.476438E-19
3.792794E+03	4.855165E-18	8.492270E-19
3.792992E+03	4.853925E-18	8.489944E-19
3.793190E+03	4.870525E-18	8.518824E-19
3.793784E+03	4.890163E-18	8.552698E-19
3.793982E+03	4.893465E-18	8.558316E-19
3.794180E+03	4.902390E-18	8.573768E-19
3.794378E+03	4.899312E-18	8.568227E-19
3.794972E+03	4.902731E-18	8.573733E-19
3.795369E+03	4.890845E-18	8.552631E-19
3.795567E+03	4.897500E-18	8.564111E-19
3.795963E+03	4.905944E-18	8.578561E-19
3.796161E+03	4.907084E-18	8.580395E-19
3.796359E+03	4.917416E-18	8.598303E-19
3.796556E+03	4.927208E-18	8.615267E-19
3.796755E+03	4.940245E-18	8.637902E-19
3.796952E+03	4.946360E-18	8.648435E-19
3.797151E+03	4.946095E-18	8.647811E-19
3.797349E+03	4.948534E-18	8.651916E-19
3.797943E+03	4.957688E-18	8.667441E-19
3.798141E+03	4.949960E-18	8.653770E-19
3.798339E+03	4.946991E-18	8.648420E-19
3.798537E+03	4.953324E-18	8.659332E-19
3.799132E+03	4.946687E-18	8.647250E-19
3.799330E+03	4.940798E-18	8.636795E-19
3.799528E+03	4.928634E-18	8.615373E-19
3.799924E+03	4.920315E-18	8.600513E-19
3.800122E+03	4.905446E-18	8.574365E-19
3.800320E+03	4.898149E-18	8.561452E-19
3.800518E+03	4.885444E-18	8.539087E-19
3.800914E+03	4.875393E-18	8.521203E-19
3.801112E+03	4.874153E-18	8.518879E-19
3.801310E+03	4.883623E-18	8.535272E-19
3.801508E+03	4.911593E-18	8.583997E-19
3.801706E+03	4.907757E-18	8.577135E-19
3.801904E+03	4.926640E-18	8.609976E-19
3.802300E+03	4.923513E-18	8.604193E-19
3.802498E+03	4.909832E-18	8.580126E-19
3.802696E+03	4.905564E-18	8.572508E-19
3.803094E+03	4.908603E-18	8.577501E-19
3.803490E+03	4.928521E-18	8.611988E-19
3.803688E+03	4.912676E-18	8.584141E-19
3.803886E+03	4.925936E-18	8.607150E-19
3.804084E+03	4.939844E-18	8.631293E-19
3.804480E+03	4.940829E-18	8.632694E-19
3.804678E+03	4.933963E-18	8.620538E-19
3.804876E+03	4.920822E-18	8.597419E-19
3.805074E+03	4.919259E-18	8.594529E-19
3.805272E+03	4.916613E-18	8.589746E-19
3.805470E+03	4.924572E-18	8.603491E-19
3.805668E+03	4.926904E-18	8.607406E-19
3.805866E+03	4.948172E-18	8.644402E-19
3.806460E+03	4.937747E-18	8.625709E-19
3.806658E+03	4.929799E-18	8.611665E-19
3.806857E+03	4.936351E-18	8.622951E-19
3.807055E+03	4.925914E-18	8.604559E-19
3.807253E+03	4.942098E-18	8.632669E-19
3.807451E+03	4.936423E-18	8.622595E-19
3.807649E+03	4.938430E-18	8.625941E-19
3.808244E+03	4.935255E-18	8.619914E-19
3.808640E+03	4.945549E-18	8.637572E-19
3.808837E+03	4.955782E-18	8.655285E-19
3.809036E+03	4.956492E-18	8.656363E-19
3.809233E+03	4.955145E-18	8.653850E-19
3.809431E+03	4.942758E-18	8.632056E-19
3.809629E+03	4.944333E-18	8.634648E-19
3.809827E+03	4.923829E-18	8.598679E-19
3.810223E+03	4.921892E-18	8.594977E-19
3.810421E+03	4.928987E-18	8.607207E-19
3.811016E+03	4.926786E-18	8.602883E-19
3.811214E+03	4.923599E-18	8.597158E-19
3.811412E+03	4.916298E-18	8.584250E-19
3.811610E+03	4.915167E-18	8.582115E-19
3.811808E+03	4.911547E-18	8.575634E-19
3.812006E+03	4.910416E-18	8.573501E-19
3.812204E+03	4.904414E-18	8.562861E-19
3.812402E+03	4.909562E-18	8.571689E-19
3.812798E+03	4.903186E-18	8.560239E-19
3.812996E+03	4.894152E-18	8.544308E-19
3.813195E+03	4.879057E-18	8.517794E-19
3.813393E+03	4.884854E-18	8.527756E-19
3.813987E+03	4.884925E-18	8.527403E-19
3.814185E+03	4.884876E-18	8.527159E-19
3.814582E+03	4.890409E-18	8.536499E-19
3.814780E+03	4.893068E-18	8.540980E-19
3.814978E+03	4.879269E-18	8.516735E-19
3.815176E+03	4.869151E-18	8.498916E-19
3.815374E+03	4.869103E-18	8.498673E-19
3.815572E+03	4.875659E-18	8.509957E-19
3.815770E+03	4.884488E-18	8.525209E-19
3.816364E+03	4.880446E-18	8.517676E-19
3.816562E+03	4.870977E-18	8.500991E-19
3.816760E+03	4.865948E-18	8.492056E-19
3.816958E+03	4.865574E-18	8.491245E-19
3.817156E+03	4.890864E-18	8.535221E-19
3.817354E+03	4.898179E-18	8.547827E-19
3.817552E+03	4.904520E-18	8.558732E-19
3.818345E+03	4.910392E-18	8.568339E-19
3.818544E+03	4.923665E-18	8.591338E-19
3.818742E+03	4.916362E-18	8.578434E-19
3.818940E+03	4.915014E-18	8.575922E-19
3.819336E+03	4.917842E-18	8.580536E-19
3.819534E+03	4.910972E-18	8.568388E-19
3.819732E+03	4.895871E-18	8.541880E-19
3.819930E+03	4.888241E-18	8.528410E-19
3.820326E+03	4.887170E-18	8.526222E-19
3.820722E+03	4.885125E-18	8.522335E-19
3.820919E+03	4.890275E-18	8.531160E-19
3.821118E+03	4.880588E-18	8.514101E-19
3.821316E+03	4.878374E-18	8.510079E-19
3.821513E+03	4.877676E-18	8.508702E-19
3.822107E+03	4.873524E-18	8.500981E-19
3.822306E+03	4.879325E-18	8.510940E-19
3.822504E+03	4.881768E-18	8.515044E-19
3.822702E+03	4.881721E-18	8.514800E-19
3.823693E+03	4.861874E-18	8.479387E-19
3.823891E+03	4.869734E-18	8.492936E-19
3.824089E+03	4.874019E-18	8.500250E-19
3.824287E+03	4.867363E-18	8.488483E-19
3.824485E+03	4.874032E-18	8.499953E-19
3.824683E+03	4.866617E-18	8.486863E-19
3.824881E+03	4.871986E-18	8.496067E-19
3.825079E+03	4.851787E-18	8.460684E-19
3.825277E+03	4.844480E-18	8.447783E-19
3.825475E+03	4.864259E-18	8.482113E-19
3.825673E+03	4.881329E-18	8.511719E-19
3.826466E+03	4.862719E-18	8.478632E-19
3.826664E+03	4.854437E-18	8.464032E-19
3.827456E+03	4.862155E-18	8.476852E-19
3.827654E+03	4.875110E-18	8.499278E-19
3.827852E+03	4.874737E-18	8.498468E-19
3.828050E+03	4.878265E-18	8.504459E-19
3.828248E+03	4.869007E-18	8.488160E-19
3.828446E+03	4.875895E-18	8.500007E-19
3.828645E+03	4.884300E-18	8.514498E-19
3.828843E+03	4.884469E-18	8.514632E-19
3.829041E+03	4.879003E-18	8.504945E-19
3.829635E+03	4.874743E-18	8.497038E-19
3.830031E+03	4.873239E-18	8.494097E-19
3.830230E+03	4.874384E-18	8.495932E-19
3.830428E+03	4.871627E-18	8.490967E-19
3.830626E+03	4.874506E-18	8.495824E-19
3.830824E+03	4.863296E-18	8.476127E-19
3.831022E+03	4.864007E-18	8.477206E-19
3.831220E+03	4.878482E-18	8.502274E-19
3.831418E+03	4.880928E-18	8.506376E-19
3.831616E+03	4.893669E-18	8.528421E-19
3.831814E+03	4.889287E-18	8.520623E-19
3.832012E+03	4.900512E-18	8.540024E-19
3.832605E+03	4.909042E-18	8.554406E-19
3.832804E+03	4.909321E-18	8.554729E-19
3.833001E+03	4.892365E-18	8.525023E-19
3.833200E+03	4.897954E-18	8.534600E-19
3.833398E+03	4.905712E-18	8.547957E-19
3.833596E+03	4.891248E-18	8.522594E-19
3.833794E+03	4.876459E-18	8.496665E-19
3.833993E+03	4.891480E-18	8.522675E-19
3.834191E+03	4.896419E-18	8.531121E-19
3.834389E+03	4.891820E-18	8.522945E-19
3.834587E+03	4.899686E-18	8.536490E-19
3.834785E+03	4.899531E-18	8.536058E-19
3.834983E+03	4.896774E-18	8.531094E-19
3.835181E+03	4.897919E-18	8.532928E-19
3.835577E+03	4.891864E-18	8.522056E-19
3.835775E+03	4.888131E-18	8.515392E-19
3.836171E+03	4.897253E-18	8.530960E-19
3.836369E+03	4.902301E-18	8.539593E-19
3.836765E+03	4.908388E-18	8.549872E-19
3.836963E+03	4.896958E-18	8.529801E-19
3.837161E+03	4.883900E-18	8.506896E-19
3.837359E+03	4.884070E-18	8.507031E-19
3.837557E+03	4.867218E-18	8.477518E-19
3.837755E+03	4.849281E-18	8.446116E-19
3.837954E+03	4.848150E-18	8.443986E-19
3.838152E+03	4.846476E-18	8.440911E-19
3.838350E+03	4.827671E-18	8.407999E-19
3.838548E+03	4.812552E-18	8.381509E-19
3.838747E+03	4.829311E-18	8.410537E-19
3.838945E+03	4.839782E-18	8.428613E-19
3.839143E+03	4.848410E-18	8.443479E-19
3.839737E+03	4.851847E-18	8.448984E-19
3.839935E+03	4.839438E-18	8.427215E-19
3.840133E+03	4.837764E-18	8.424141E-19
3.840727E+03	4.832417E-18	8.414352E-19
3.840925E+03	4.829551E-18	8.409201E-19
3.841321E+03	4.827505E-18	8.405319E-19
3.841519E+03	4.816612E-18	8.386195E-19
3.841717E+03	4.819276E-18	8.390674E-19
3.841916E+03	4.816843E-18	8.386279E-19
3.842510E+03	4.819196E-18	8.389897E-19
3.842708E+03	4.824246E-18	8.398531E-19
3.842906E+03	4.831575E-18	8.411129E-19
3.843104E+03	4.829683E-18	8.407677E-19
3.843302E+03	4.836795E-18	8.419897E-19
3.843500E+03	4.849547E-18	8.441936E-19
3.843698E+03	4.866963E-18	8.472092E-19
3.843897E+03	4.879391E-18	8.493563E-19
3.844095E+03	4.877175E-18	8.489545E-19
3.844293E+03	4.879081E-18	8.492701E-19
3.844886E+03	4.886427E-18	8.505003E-19
3.845282E+03	4.901196E-18	8.530385E-19
3.845679E+03	4.902623E-18	8.532544E-19
3.845877E+03	4.922754E-18	8.567418E-19
3.846075E+03	4.933557E-18	8.586055E-19
3.846471E+03	4.922617E-18	8.566691E-19
3.846669E+03	4.921596E-18	8.564750E-19
3.846867E+03	4.922852E-18	8.566773E-19
3.847065E+03	4.949821E-18	8.613540E-19
3.847263E+03	4.958129E-18	8.627833E-19
3.847461E+03	4.947560E-18	8.609278E-19
3.847857E+03	4.943998E-18	8.602752E-19
3.848055E+03	4.930825E-18	8.579667E-19
3.848253E+03	4.930454E-18	8.578858E-19
3.848847E+03	4.926304E-18	8.571148E-19
3.849046E+03	4.942426E-18	8.599033E-19
3.849442E+03	4.954380E-18	8.619503E-19
3.849641E+03	4.952924E-18	8.616806E-19
3.849839E+03	4.970023E-18	8.646389E-19
3.850037E+03	4.979094E-18	8.662004E-19
3.850433E+03	5.000273E-18	8.698517E-19
3.850631E+03	5.013142E-18	8.720738E-19
3.850829E+03	5.030136E-18	8.750132E-19
3.851027E+03	5.044199E-18	8.774428E-19
3.851225E+03	5.043178E-18	8.772486E-19
3.851621E+03	5.053401E-18	8.789932E-19
3.851819E+03	5.073542E-18	8.824797E-19
3.852017E+03	5.089886E-18	8.853057E-19
3.852215E+03	5.108184E-18	8.884714E-19
3.852413E+03	5.099568E-18	8.869558E-19
3.852611E+03	5.102130E-18	8.873844E-19
3.852809E+03	5.111421E-18	8.889834E-19
3.853007E+03	5.135906E-18	8.932248E-19
3.853205E+03	5.149322E-18	8.955409E-19
3.853404E+03	5.141899E-18	8.942329E-19
3.853602E+03	5.136648E-18	8.933026E-19
3.853800E+03	5.142792E-18	8.943540E-19
3.854791E+03	5.138349E-18	8.934959E-19
3.854989E+03	5.145579E-18	8.947360E-19
3.855385E+03	5.162103E-18	8.975749E-19
3.855583E+03	5.154246E-18	8.961915E-19
3.855781E+03	5.141178E-18	8.939023E-19
3.855979E+03	5.148518E-18	8.951613E-19
3.856177E+03	5.149995E-18	8.954010E-19
3.856375E+03	5.151473E-18	8.956409E-19
3.856572E+03	5.160333E-18	8.971642E-19
3.856771E+03	5.139665E-18	8.935537E-19
3.856968E+03	5.156233E-18	8.964170E-19
3.857167E+03	5.149895E-18	8.952980E-19
3.857366E+03	5.140517E-18	8.936504E-19
3.857563E+03	5.149703E-18	8.952303E-19
3.857761E+03	5.146729E-18	8.946962E-19
3.857959E+03	5.137242E-18	8.930299E-19
3.858157E+03	5.147840E-18	8.948551E-19
3.858355E+03	5.145302E-18	8.943966E-19
3.858751E+03	5.145653E-18	8.944233E-19
3.858949E+03	5.151256E-18	8.953802E-19
3.859544E+03	5.152978E-18	8.956279E-19
3.859742E+03	5.158691E-18	8.966036E-19
3.859940E+03	5.160930E-18	8.969756E-19
3.860336E+03	5.160739E-18	8.969079E-19
3.860534E+03	5.167538E-18	8.980724E-19
3.860732E+03	5.184002E-18	9.009163E-19
3.861128E+03	5.180336E-18	9.002447E-19
3.861327E+03	5.194738E-18	9.027301E-19
3.861525E+03	5.200779E-18	9.037625E-19
3.861723E+03	5.207253E-18	9.048703E-19
3.861921E+03	5.234144E-18	9.095256E-19
3.862119E+03	5.231498E-18	9.090483E-19
3.862317E+03	5.220815E-18	9.071746E-19
3.862515E+03	5.225879E-18	9.080370E-19
3.862713E+03	5.223883E-18	9.076729E-19
3.862911E+03	5.205055E-18	9.043841E-19
3.863109E+03	5.211314E-18	9.054540E-19
3.863307E+03	5.204757E-18	9.042975E-19
3.863505E+03	5.194833E-18	9.025558E-19
3.863703E+03	5.199462E-18	9.033428E-19
3.863901E+03	5.196598E-18	9.028278E-19
3.864099E+03	5.205573E-18	9.043696E-19
3.864298E+03	5.219217E-18	9.067226E-19
3.864496E+03	5.215919E-18	9.061321E-19
3.864694E+03	5.230107E-18	9.085795E-19
3.864892E+03	5.210733E-18	9.051964E-19
3.865487E+03	5.204747E-18	9.041043E-19
3.865685E+03	5.210789E-18	9.051364E-19
3.866081E+03	5.215706E-18	9.059556E-19
3.866279E+03	5.192419E-18	9.018934E-19
3.866477E+03	5.194009E-18	9.021521E-19
3.866675E+03	5.189623E-18	9.013730E-19
3.866873E+03	5.194036E-18	9.021222E-19
3.867071E+03	5.189759E-18	9.013619E-19
3.867269E+03	5.182332E-18	9.000546E-19
3.867467E+03	5.179684E-18	8.995774E-19
3.867665E+03	5.173669E-18	8.985154E-19
3.867863E+03	5.192749E-18	9.018116E-19
3.868061E+03	5.194664E-18	9.021268E-19
3.868259E+03	5.205379E-18	9.039702E-19
3.868457E+03	5.207837E-18	9.043797E-19
3.868853E+03	5.211560E-18	9.049912E-19
3.869051E+03	5.228252E-18	9.078723E-19
3.869250E+03	5.203332E-18	9.035275E-19
3.869448E+03	5.196230E-18	9.022769E-19
3.869646E+03	5.189996E-18	9.011771E-19
3.869844E+03	5.187783E-18	9.007754E-19
3.870042E+03	5.187743E-18	9.007511E-19
3.870240E+03	5.192049E-18	9.014813E-19
3.870636E+03	5.179473E-18	8.992631E-19
3.870834E+03	5.173348E-18	8.981823E-19
3.871032E+03	5.169070E-18	8.974222E-19
3.871230E+03	5.152513E-18	8.945305E-19
3.871428E+03	5.140411E-18	8.924122E-19
3.871626E+03	5.133308E-18	8.911617E-19
3.872022E+03	5.129749E-18	8.905095E-19
3.872220E+03	5.124709E-18	8.896174E-19
3.872616E+03	5.104415E-18	8.860602E-19
3.872815E+03	5.113284E-18	8.875827E-19
3.873013E+03	5.107919E-18	8.866341E-19
3.873211E+03	5.106247E-18	8.863269E-19
3.873409E+03	5.121639E-18	8.889813E-19
3.873607E+03	5.116599E-18	8.880892E-19
3.874399E+03	5.119153E-18	8.884638E-19
3.874598E+03	5.099440E-18	8.850253E-19
3.874796E+03	5.080379E-18	8.817002E-19
3.875390E+03	5.101559E-18	8.853245E-19
3.875588E+03	5.103583E-18	8.856586E-19
3.875786E+03	5.095500E-18	8.842387E-19
3.875984E+03	5.101219E-18	8.852141E-19
3.876182E+03	5.119222E-18	8.883210E-19
3.876380E+03	5.126247E-18	8.895227E-19
3.876578E+03	5.126424E-18	8.895362E-19
3.876975E+03	5.128626E-18	8.898837E-19
3.877371E+03	5.122675E-18	8.888167E-19
3.877569E+03	5.117743E-18	8.879437E-19
3.877767E+03	5.106614E-18	8.859957E-19
3.877965E+03	5.110813E-18	8.867070E-19
3.878163E+03	5.101315E-18	8.850419E-19
3.878361E+03	5.091925E-18	8.833957E-19
3.878757E+03	5.069339E-18	8.794432E-19
3.878955E+03	5.067885E-18	8.791739E-19
3.879153E+03	5.064148E-18	8.785084E-19
3.879351E+03	5.061823E-18	8.780881E-19
3.879550E+03	5.061891E-18	8.780828E-19
3.879748E+03	5.063155E-18	8.782850E-19
3.879946E+03	5.065723E-18	8.787134E-19
3.880144E+03	5.069379E-18	8.793305E-19
3.880342E+03	5.074231E-18	8.801550E-19
3.880739E+03	5.080238E-18	8.811627E-19
3.880936E+03	5.087373E-18	8.823833E-19
3.881135E+03	5.075373E-18	8.802847E-19
3.881332E+03	5.068373E-18	8.790535E-19
3.881530E+03	5.070071E-18	8.793311E-19
3.881728E+03	5.055460E-18	8.767798E-19
3.881926E+03	5.067163E-18	8.787924E-19
3.882124E+03	5.049615E-18	8.757321E-19
3.882520E+03	5.013538E-18	8.694417E-19
3.882718E+03	5.022088E-18	8.709074E-19
3.882916E+03	5.004103E-18	8.677717E-19
3.883114E+03	5.006672E-18	8.682002E-19
3.883312E+03	5.007392E-18	8.683081E-19
3.883510E+03	4.988971E-18	8.650971E-19
3.884104E+03	4.976883E-18	8.629506E-19
3.884302E+03	4.969881E-18	8.617197E-19
3.884501E+03	4.959290E-18	8.598666E-19
3.884700E+03	4.953918E-18	8.589185E-19
3.885690E+03	4.958603E-18	8.596469E-19
3.885888E+03	4.972483E-18	8.620365E-19
3.886086E+03	4.970593E-18	8.616920E-19
3.886284E+03	4.951733E-18	8.584058E-19
3.886482E+03	4.940596E-18	8.564585E-19
3.886680E+03	4.949365E-18	8.579618E-19
3.886878E+03	4.934965E-18	8.554489E-19
3.887076E+03	4.912841E-18	8.515972E-19
3.887274E+03	4.906816E-18	8.505362E-19
3.887472E+03	4.912647E-18	8.515304E-19
3.888066E+03	4.905993E-18	8.503272E-19
3.888264E+03	4.897030E-18	8.487571E-19
3.888463E+03	4.880343E-18	8.458484E-19
3.888661E+03	4.874317E-18	8.447875E-19
3.888859E+03	4.881780E-18	8.460645E-19
3.889255E+03	4.886047E-18	8.467709E-19
3.889453E+03	4.884590E-18	8.465018E-19
3.889651E+03	4.878346E-18	8.454032E-19
3.890048E+03	4.870536E-18	8.440167E-19
3.890246E+03	4.862442E-18	8.425976E-19
3.890444E+03	4.865445E-18	8.431016E-19
3.890642E+03	4.866273E-18	8.432286E-19
3.890840E+03	4.872324E-18	8.442606E-19
3.891038E+03	4.877504E-18	8.451416E-19
3.891236E+03	4.888668E-18	8.470596E-19
3.891434E+03	4.882424E-18	8.459611E-19
3.891632E+03	4.868345E-18	8.435051E-19
3.891830E+03	4.872655E-18	8.442354E-19
3.892028E+03	4.855092E-18	8.411761E-19
3.892226E+03	4.839380E-18	8.384375E-19
3.892425E+03	4.815724E-18	8.343226E-19
3.892821E+03	4.807694E-18	8.328987E-19
3.893217E+03	4.793460E-18	8.304003E-19
3.893415E+03	4.787539E-18	8.293584E-19
3.893612E+03	4.792719E-18	8.302396E-19
3.893810E+03	4.785384E-18	8.289527E-19
3.894008E+03	4.774349E-18	8.270249E-19
3.894206E+03	4.781488E-18	8.282453E-19
3.894602E+03	4.787822E-18	8.293101E-19
3.894801E+03	4.787452E-18	8.292297E-19
3.895395E+03	4.769363E-18	8.260479E-19
3.895593E+03	4.776939E-18	8.273437E-19
3.895791E+03	4.761983E-18	8.247374E-19
3.895989E+03	4.763681E-18	8.250152E-19
3.896386E+03	4.765553E-18	8.253070E-19
3.896584E+03	4.762026E-18	8.246801E-19
3.896782E+03	4.754145E-18	8.232991E-19
3.896980E+03	4.733855E-18	8.197693E-19
3.897178E+03	4.726082E-18	8.184072E-19
3.897376E+03	4.716677E-18	8.167624E-19
3.897574E+03	4.702372E-18	8.142694E-19
3.897970E+03	4.700215E-18	8.138639E-19
3.898168E+03	4.691897E-18	8.124077E-19
3.898366E+03	4.672148E-18	8.089723E-19
3.898564E+03	4.677111E-18	8.098157E-19
3.898762E+03	4.665527E-18	8.077941E-19
3.898960E+03	4.652527E-18	8.055274E-19
3.899158E+03	4.653026E-18	8.055981E-19
3.899356E+03	4.670183E-18	8.085525E-19
3.899951E+03	4.679303E-18	8.100836E-19
3.900150E+03	4.693412E-18	8.125103E-19
3.900348E+03	4.703820E-18	8.142961E-19
3.900546E+03	4.709546E-18	8.152714E-19
3.900744E+03	4.711788E-18	8.156435E-19
3.900942E+03	4.713160E-18	8.158649E-19
3.901140E+03	4.725529E-18	8.179899E-19
3.901536E+03	4.724570E-18	8.177917E-19
3.901734E+03	4.733020E-18	8.192382E-19
3.901932E+03	4.743102E-18	8.209672E-19
3.902724E+03	4.751857E-18	8.224178E-19
3.902922E+03	4.757804E-18	8.234308E-19
3.903120E+03	4.758958E-18	8.236143E-19
3.903318E+03	4.761637E-18	8.240618E-19
3.903516E+03	4.769761E-18	8.254515E-19
3.903714E+03	4.781807E-18	8.275198E-19
3.904111E+03	4.806334E-18	8.317315E-19
3.904309E+03	4.814677E-18	8.331590E-19
3.904507E+03	4.833912E-18	8.364709E-19
3.904704E+03	4.848354E-18	8.389537E-19
3.904903E+03	4.858333E-18	8.406636E-19
3.905102E+03	4.846093E-18	8.385291E-19
3.905299E+03	4.845724E-18	8.384488E-19
3.905497E+03	4.851999E-18	8.395181E-19
3.905695E+03	4.856423E-18	8.402669E-19
3.906289E+03	4.870240E-18	8.426077E-19
3.906487E+03	4.877823E-18	8.439030E-19
3.906685E+03	4.875494E-18	8.434835E-19
3.906883E+03	4.883623E-18	8.448730E-19
3.907081E+03	4.893929E-18	8.466394E-19
3.907279E+03	4.895196E-18	8.468418E-19
3.907477E+03	4.927180E-18	8.523581E-19
3.907675E+03	4.930626E-18	8.529373E-19
3.907874E+03	4.910868E-18	8.495026E-19
3.908072E+03	4.917146E-18	8.505718E-19
3.908468E+03	4.948983E-18	8.560453E-19
3.908666E+03	4.938376E-18	8.541936E-19
3.908864E+03	4.946615E-18	8.556018E-19
3.909062E+03	4.935789E-18	8.537124E-19
3.909260E+03	4.930956E-18	8.528596E-19
3.909656E+03	4.927933E-18	8.523031E-19
3.909854E+03	4.918523E-18	8.506588E-19
3.910251E+03	4.926069E-18	8.519301E-19
3.910449E+03	4.924831E-18	8.516990E-19
3.910647E+03	4.936557E-18	8.537101E-19
3.911043E+03	4.943559E-18	8.548873E-19
3.911241E+03	4.963241E-18	8.582738E-19
3.911439E+03	4.957099E-18	8.571948E-19
3.911637E+03	4.959238E-18	8.575478E-19
3.911836E+03	4.966935E-18	8.588617E-19
3.912430E+03	4.967034E-18	8.588278E-19
3.912628E+03	4.963508E-18	8.582010E-19
3.912826E+03	4.963359E-18	8.581583E-19
3.913024E+03	4.945339E-18	8.550257E-19
3.913222E+03	4.928190E-18	8.520438E-19
3.913420E+03	4.915182E-18	8.497780E-19
3.913618E+03	4.919174E-18	8.504513E-19
3.913816E+03	4.924800E-18	8.514072E-19
3.914014E+03	4.933152E-18	8.528341E-19
3.914212E+03	4.943247E-18	8.545624E-19
3.914410E+03	4.950182E-18	8.557444E-19
3.914608E+03	4.942404E-18	8.543829E-19
3.914806E+03	4.957841E-18	8.570344E-19
3.915004E+03	4.979599E-18	8.607786E-19
3.915203E+03	5.002231E-18	8.646734E-19
3.915401E+03	5.007859E-18	8.656291E-19
3.915600E+03	4.991798E-18	8.628358E-19
3.915996E+03	5.006870E-18	8.654068E-19
3.916392E+03	5.015840E-18	8.669227E-19
3.916589E+03	5.003811E-18	8.648265E-19
3.916788E+03	5.013038E-18	8.664040E-19
3.917184E+03	5.022553E-18	8.680140E-19
3.917381E+03	5.017391E-18	8.671047E-19
3.917777E+03	5.010991E-18	8.659643E-19
3.917975E+03	5.023925E-18	8.681823E-19
3.918371E+03	5.023521E-18	8.680780E-19
3.918569E+03	5.017814E-18	8.670745E-19
3.918767E+03	5.044267E-18	8.716283E-19
3.918965E+03	5.045974E-18	8.719058E-19
3.919163E+03	5.052695E-18	8.730498E-19
3.919560E+03	5.063522E-18	8.748858E-19
3.919758E+03	5.059886E-18	8.742402E-19
3.920154E+03	5.048253E-18	8.721957E-19
3.920749E+03	5.039963E-18	8.707113E-19
3.920947E+03	5.034909E-18	8.698209E-19
3.921145E+03	5.035962E-18	8.699854E-19
3.921541E+03	5.031633E-18	8.692030E-19
3.921739E+03	5.033885E-18	8.695747E-19
3.921937E+03	5.002988E-18	8.642202E-19
3.922135E+03	5.006330E-18	8.647803E-19
3.922333E+03	5.016433E-18	8.665082E-19
3.922531E+03	5.011706E-18	8.656745E-19
3.922729E+03	5.018211E-18	8.667808E-19
3.922927E+03	5.033222E-18	8.693562E-19
3.923125E+03	5.043653E-18	8.711406E-19
3.923323E+03	5.034345E-18	8.695156E-19
3.923522E+03	5.028637E-18	8.685124E-19
3.923720E+03	5.028054E-18	8.683943E-19
3.923918E+03	5.018637E-18	8.667507E-19
3.924314E+03	5.017361E-18	8.664958E-19
3.924512E+03	5.009907E-18	8.651912E-19
3.924710E+03	5.006270E-18	8.645459E-19
3.925106E+03	5.004776E-18	8.642534E-19
3.925304E+03	5.023280E-18	8.674315E-19
3.925701E+03	5.038365E-18	8.700016E-19
3.926097E+03	5.043962E-18	8.709333E-19
3.926295E+03	5.037489E-18	8.697983E-19
3.926493E+03	5.025999E-18	8.677969E-19
3.926691E+03	5.032287E-18	8.688654E-19
3.926889E+03	5.037159E-18	8.696891E-19
3.927087E+03	5.049993E-18	8.718876E-19
3.927286E+03	5.051483E-18	8.721274E-19
3.927484E+03	5.040428E-18	8.702014E-19
3.927682E+03	5.043990E-18	8.707991E-19
3.927880E+03	5.060317E-18	8.736002E-19
3.928078E+03	5.053298E-18	8.723711E-19
3.928276E+03	5.055333E-18	8.727050E-19
3.928474E+03	5.031951E-18	8.686511E-19
3.928671E+03	5.029076E-18	8.681375E-19
3.928870E+03	5.018674E-18	8.663246E-19
3.929067E+03	5.013400E-18	8.653970E-19
3.929464E+03	5.018234E-18	8.661967E-19
3.929661E+03	5.018960E-18	8.663048E-19
3.929859E+03	5.008558E-18	8.644920E-19
3.930057E+03	5.014522E-18	8.655040E-19
3.930255E+03	5.025940E-18	8.674574E-19
3.930454E+03	5.030377E-18	8.682057E-19
3.930652E+03	5.038414E-18	8.695754E-19
3.930850E+03	5.046560E-18	8.709640E-19
3.931048E+03	5.056343E-18	8.726349E-19
3.931247E+03	5.050851E-18	8.716696E-19
3.931445E+03	5.043503E-18	8.703841E-19
3.932039E+03	5.049284E-18	8.713295E-19
3.932237E+03	5.042373E-18	8.701194E-19
3.932435E+03	5.025313E-18	8.671580E-19
3.932633E+03	5.024402E-18	8.669836E-19
3.932831E+03	5.024256E-18	8.669409E-19
3.933029E+03	5.020726E-18	8.663146E-19
3.933821E+03	5.005626E-18	8.636398E-19
3.934019E+03	5.006789E-18	8.638232E-19
3.934217E+03	5.015047E-18	8.652305E-19
3.934415E+03	5.010098E-18	8.643594E-19
3.934613E+03	5.008206E-18	8.640156E-19
3.934811E+03	5.006858E-18	8.637658E-19
3.935010E+03	5.005730E-18	8.635538E-19
3.935406E+03	5.006638E-18	8.636757E-19
3.935605E+03	5.013041E-18	8.647629E-19
3.936001E+03	5.011220E-18	8.644141E-19
3.936199E+03	5.017950E-18	8.655577E-19
3.936595E+03	5.023444E-18	8.664704E-19
3.936793E+03	5.030939E-18	8.677458E-19
3.936991E+03	5.033194E-18	8.681174E-19
3.937189E+03	5.041345E-18	8.695057E-19
3.937387E+03	5.058010E-18	8.723625E-19
3.937585E+03	5.067908E-18	8.740520E-19
3.937783E+03	5.080972E-18	8.762876E-19
3.937981E+03	5.093927E-18	8.785042E-19
3.938179E+03	5.102844E-18	8.800243E-19
3.938377E+03	5.117437E-18	8.825233E-19
3.938773E+03	5.125554E-18	8.838875E-19
3.938972E+03	5.148992E-18	8.879115E-19
3.939566E+03	5.150307E-18	8.880847E-19
3.939764E+03	5.154203E-18	8.887386E-19
3.939962E+03	5.182447E-18	8.935907E-19
3.940160E+03	5.193222E-18	8.954306E-19
3.940358E+03	5.198756E-18	8.963668E-19
3.940755E+03	5.199126E-18	8.963943E-19
3.940952E+03	5.214160E-18	8.989684E-19
3.941151E+03	5.234764E-18	9.025024E-19
3.941348E+03	5.243575E-18	9.040034E-19
3.941546E+03	5.249111E-18	9.049395E-19
3.941745E+03	5.242854E-18	9.038425E-19
3.941942E+03	5.238998E-18	9.031597E-19
3.942140E+03	5.237655E-18	9.029100E-19
3.942338E+03	5.237403E-18	9.028484E-19
3.942536E+03	5.255825E-18	9.060058E-19
3.942734E+03	5.268460E-18	9.081655E-19
3.942933E+03	5.265369E-18	9.076145E-19
3.943131E+03	5.279971E-18	9.101130E-19
3.943725E+03	5.291668E-18	9.120742E-19
3.943923E+03	5.309766E-18	9.151750E-19
3.944121E+03	5.326662E-18	9.180687E-19
3.944517E+03	5.319499E-18	9.167971E-19
3.944715E+03	5.322307E-18	9.172625E-19
3.944913E+03	5.323914E-18	9.175209E-19
3.945111E+03	5.325738E-18	9.178168E-19
3.945309E+03	5.329857E-18	9.185082E-19
3.945507E+03	5.347302E-18	9.214959E-19
3.945706E+03	5.355354E-18	9.228648E-19
3.945904E+03	5.364716E-18	9.244595E-19
3.946102E+03	5.384457E-18	9.278425E-19
3.946498E+03	5.397722E-18	9.300907E-19
3.946697E+03	5.427295E-18	9.351676E-19
3.946895E+03	5.445399E-18	9.382681E-19
3.947093E+03	5.453125E-18	9.395804E-19
3.947291E+03	5.454188E-18	9.397445E-19
3.947489E+03	5.447822E-18	9.386286E-19
3.947687E+03	5.435557E-18	9.364965E-19
3.947885E+03	5.432468E-18	9.359454E-19
3.948083E+03	5.431345E-18	9.357330E-19
3.948281E+03	5.426290E-18	9.348432E-19
3.948479E+03	5.434125E-18	9.361742E-19
3.948677E+03	5.443710E-18	9.378065E-19
3.948875E+03	5.449689E-18	9.388175E-19
3.949073E+03	5.454904E-18	9.396969E-19
3.949271E+03	5.465145E-18	9.414420E-19
3.949469E+03	5.472873E-18	9.427542E-19
3.949667E+03	5.485409E-18	9.448945E-19
3.949865E+03	5.482320E-18	9.443434E-19
3.950063E+03	5.487427E-18	9.452039E-19
3.950261E+03	5.494938E-18	9.464784E-19
3.950459E+03	5.502994E-18	9.478469E-19
3.950658E+03	5.510396E-18	9.491026E-19
3.950857E+03	5.494305E-18	9.463118E-19
3.951253E+03	5.504738E-18	9.480703E-19
3.951451E+03	5.513451E-18	9.495518E-19
3.951649E+03	5.513423E-18	9.495277E-19
3.951847E+03	5.510771E-18	9.490518E-19
3.952045E+03	5.509322E-18	9.487830E-19
3.952243E+03	5.521097E-18	9.507915E-19
3.952441E+03	5.532106E-18	9.526681E-19
3.952638E+03	5.521804E-18	9.508748E-19
3.952837E+03	5.511394E-18	9.490628E-19
3.953034E+03	5.516502E-18	9.499233E-19
3.953233E+03	5.500081E-18	9.470763E-19
3.953628E+03	5.479694E-18	9.435276E-19
3.953826E+03	5.477479E-18	9.431272E-19
3.954024E+03	5.501824E-18	9.472997E-19
3.954222E+03	5.524420E-18	9.511711E-19
3.954421E+03	5.531388E-18	9.523513E-19
3.954817E+03	5.517559E-18	9.499319E-19
3.955015E+03	5.532506E-18	9.524859E-19
3.955213E+03	5.549749E-18	9.554350E-19
3.955411E+03	5.560215E-18	9.572174E-19
3.956006E+03	5.567675E-18	9.584433E-19
3.956204E+03	5.569834E-18	9.587954E-19
3.956600E+03	5.574481E-18	9.595563E-19
3.956798E+03	5.575656E-18	9.597391E-19
3.957590E+03	5.566255E-18	9.580431E-19
3.957788E+03	5.584158E-18	9.611049E-19
3.957986E+03	5.598890E-18	9.636210E-19
3.958184E+03	5.598973E-18	9.636156E-19
3.958383E+03	5.600477E-18	9.638548E-19
3.958581E+03	5.610399E-18	9.655428E-19
3.958779E+03	5.614200E-18	9.661772E-19
3.959175E+03	5.618958E-18	9.669568E-19
3.959373E+03	5.626258E-18	9.681933E-19
3.959769E+03	5.616474E-18	9.664703E-19
3.959967E+03	5.606935E-18	9.648092E-19
3.960165E+03	5.622545E-18	9.674755E-19
3.960561E+03	5.610136E-18	9.653011E-19
3.960759E+03	5.597862E-18	9.631695E-19
3.960958E+03	5.603742E-18	9.641614E-19
3.961156E+03	5.611260E-18	9.654354E-19
3.961552E+03	5.617661E-18	9.664972E-19
3.961750E+03	5.615666E-18	9.661343E-19
3.961948E+03	5.627013E-18	9.680669E-19
3.962146E+03	5.636939E-18	9.697548E-19
3.962543E+03	5.632842E-18	9.690103E-19
3.962741E+03	5.637956E-18	9.698704E-19
3.962939E+03	5.634649E-18	9.692817E-19
3.963137E+03	5.633639E-18	9.690882E-19
3.963335E+03	5.629786E-18	9.684056E-19
3.963929E+03	5.629599E-18	9.683143E-19
3.964127E+03	5.639527E-18	9.700021E-19
3.964325E+03	5.651096E-18	9.719722E-19
3.964523E+03	5.654133E-18	9.724747E-19
3.964720E+03	5.670188E-18	9.752161E-19
3.964919E+03	5.679570E-18	9.768098E-19
3.965116E+03	5.683373E-18	9.774440E-19
3.965315E+03	5.683458E-18	9.774386E-19
3.965513E+03	5.682011E-18	9.771698E-19
3.965710E+03	5.687784E-18	9.781427E-19
3.965908E+03	5.681852E-18	9.771025E-19
3.966108E+03	5.691236E-18	9.786962E-19
3.966306E+03	5.698213E-18	9.798760E-19
3.966504E+03	5.692937E-18	9.789487E-19
3.966702E+03	5.686896E-18	9.778899E-19
3.966900E+03	5.678884E-18	9.764924E-19
3.967098E+03	5.692645E-18	9.788386E-19
3.967494E+03	5.701677E-18	9.803514E-19
3.967692E+03	5.706357E-18	9.811361E-19
3.967890E+03	5.719243E-18	9.833316E-19
3.968484E+03	5.718734E-18	9.831837E-19
3.969078E+03	5.712972E-18	9.821329E-19
3.969276E+03	5.696863E-18	9.793435E-19
3.969474E+03	5.689398E-18	9.780402E-19
3.969870E+03	5.695477E-18	9.790451E-19
3.970069E+03	5.701471E-18	9.800555E-19
3.970465E+03	5.705363E-18	9.806842E-19
3.970663E+03	5.709716E-18	9.814124E-19
3.970861E+03	5.706519E-18	9.808427E-19
3.971059E+03	5.698397E-18	9.794266E-19
3.971654E+03	5.698763E-18	9.794292E-19
3.971852E+03	5.688889E-18	9.777122E-19
3.972644E+03	5.692404E-18	9.782362E-19
3.972842E+03	5.707376E-18	9.807888E-19
3.973238E+03	5.720135E-18	9.829411E-19
3.973436E+03	5.724052E-18	9.835940E-19
3.973832E+03	5.742175E-18	9.866678E-19
3.974031E+03	5.726499E-18	9.839540E-19
3.974229E+03	5.734466E-18	9.853028E-19
3.974427E+03	5.727875E-18	9.841501E-19
3.974625E+03	5.732887E-18	9.849910E-19
3.975219E+03	5.742014E-18	9.864983E-19
3.975417E+03	5.738378E-18	9.858534E-19
3.976011E+03	5.736447E-18	9.854610E-19
3.976210E+03	5.732594E-18	9.847787E-19
3.976408E+03	5.731475E-18	9.845664E-19
3.976606E+03	5.736488E-18	9.854072E-19
3.976804E+03	5.752122E-18	9.880724E-19
3.977397E+03	5.758295E-18	9.890719E-19
3.977595E+03	5.770644E-18	9.911727E-19
3.977795E+03	5.757155E-18	9.888353E-19
3.978190E+03	5.754482E-18	9.883356E-19
3.978388E+03	5.762234E-18	9.896467E-19
3.978586E+03	5.769438E-18	9.908637E-19
3.978784E+03	5.775110E-18	9.918173E-19
3.978982E+03	5.757786E-18	9.888218E-19
3.979180E+03	5.741666E-18	9.860331E-19
3.979378E+03	5.749637E-18	9.873818E-19
3.979576E+03	5.757171E-18	9.886551E-19
3.979774E+03	5.758244E-18	9.888190E-19
3.979972E+03	5.758660E-18	9.888701E-19
3.980170E+03	5.760389E-18	9.891467E-19
3.980368E+03	5.744707E-18	9.864335E-19
3.980566E+03	5.744465E-18	9.863717E-19
3.980764E+03	5.746852E-18	9.867611E-19
3.980962E+03	5.760300E-18	9.890499E-19
3.981160E+03	5.772325E-18	9.910943E-19
3.981557E+03	5.769325E-18	9.905381E-19
3.981756E+03	5.772260E-18	9.910216E-19
3.981954E+03	5.757013E-18	9.883836E-19
3.982152E+03	5.744505E-18	9.862158E-19
3.982350E+03	5.735282E-18	9.846122E-19
3.982548E+03	5.728468E-18	9.834221E-19
3.982746E+03	5.732499E-18	9.840937E-19
3.982944E+03	5.727876E-18	9.832799E-19
3.983142E+03	5.725443E-18	9.828419E-19
3.983340E+03	5.729583E-18	9.835323E-19
3.983538E+03	5.724084E-18	9.825681E-19
3.983736E+03	5.706315E-18	9.794978E-19
3.983934E+03	5.704540E-18	9.791728E-19
3.984132E+03	5.705503E-18	9.793179E-19
3.984528E+03	5.693845E-18	9.772766E-19
3.984726E+03	5.686482E-18	9.759927E-19
3.985122E+03	5.681506E-18	9.750984E-19
3.985320E+03	5.663297E-18	9.719531E-19
3.985518E+03	5.647826E-18	9.692779E-19
3.985717E+03	5.657225E-18	9.708709E-19
3.986113E+03	5.664848E-18	9.721389E-19
3.986311E+03	5.653539E-18	9.701782E-19
3.986510E+03	5.637081E-18	9.673338E-19
3.986708E+03	5.633332E-18	9.666705E-19
3.987302E+03	5.631727E-18	9.663352E-19
3.987500E+03	5.634881E-18	9.668564E-19
3.987896E+03	5.646559E-18	9.688201E-19
3.988094E+03	5.648069E-18	9.690592E-19
3.988292E+03	5.650019E-18	9.693736E-19
3.988490E+03	5.657776E-18	9.706844E-19
3.988688E+03	5.665862E-18	9.720517E-19
3.988886E+03	5.677017E-18	9.739453E-19
3.989083E+03	5.681925E-18	9.747672E-19
3.989282E+03	5.693958E-18	9.768112E-19
3.989480E+03	5.715634E-18	9.805096E-19
3.989678E+03	5.734243E-18	9.836815E-19
3.989877E+03	5.738277E-18	9.843530E-19
3.990074E+03	5.738035E-18	9.842913E-19
3.990272E+03	5.752809E-18	9.868052E-19
3.990470E+03	5.763309E-18	9.885858E-19
3.990668E+03	5.767234E-18	9.892385E-19
3.990866E+03	5.775542E-18	9.906430E-19
3.991262E+03	5.784049E-18	9.920611E-19
3.991461E+03	5.786659E-18	9.924881E-19
3.991659E+03	5.784446E-18	9.920880E-19
3.991857E+03	5.788700E-18	9.927970E-19
3.992055E+03	5.798215E-18	9.944084E-19
3.992253E+03	5.811459E-18	9.966589E-19
3.992451E+03	5.825798E-18	9.990974E-19
3.992649E+03	5.825229E-18	9.989792E-19
3.992847E+03	5.827182E-18	9.992933E-19
3.993045E+03	5.837357E-18	1.001017E-18
3.993243E+03	5.837994E-18	1.001106E-18
3.993442E+03	5.834795E-18	1.000537E-18
3.993640E+03	5.823265E-18	9.985387E-19
3.993838E+03	5.821271E-18	9.981762E-19
3.994036E+03	5.824211E-18	9.986595E-19
3.994234E+03	5.813447E-18	9.967932E-19
3.994432E+03	5.807616E-18	9.957728E-19
3.994630E+03	5.799702E-18	9.943952E-19
3.994828E+03	5.804177E-18	9.951418E-19
3.995026E+03	5.807994E-18	9.957755E-19
3.995224E+03	5.812469E-18	9.965221E-19
3.995422E+03	5.827032E-18	9.989980E-19
3.995818E+03	5.833022E-18	9.999834E-19
3.996016E+03	5.828726E-18	9.992262E-19
3.996412E+03	5.838116E-18	1.000794E-18
3.996611E+03	5.841606E-18	1.001372E-18
3.996809E+03	5.846191E-18	1.002137E-18
3.997007E+03	5.847049E-18	1.002263E-18
3.997602E+03	5.830432E-18	9.993524E-19
3.997800E+03	5.822956E-18	9.980501E-19
3.998790E+03	5.820444E-18	9.975159E-19
3.998988E+03	5.816805E-18	9.968716E-19
3.999186E+03	5.831811E-18	9.994224E-19
3.999384E+03	5.837275E-18	1.000338E-18
3.999582E+03	5.824204E-18	9.980772E-19
3.999780E+03	5.813546E-18	9.962300E-19
4.000176E+03	5.791679E-18	9.924415E-19
4.000374E+03	5.795279E-18	9.930377E-19
4.000572E+03	5.804801E-18	9.946486E-19
4.000770E+03	5.805549E-18	9.947561E-19
4.000968E+03	5.812111E-18	9.958596E-19
4.001166E+03	5.815382E-18	9.963995E-19
4.001365E+03	5.818105E-18	9.968451E-19
4.001564E+03	5.814027E-18	9.961256E-19
4.001762E+03	5.805341E-18	9.946167E-19
4.001959E+03	5.801263E-18	9.938973E-19
4.002157E+03	5.788517E-18	9.916931E-19
4.002355E+03	5.770945E-18	9.886620E-19
4.003147E+03	5.767134E-18	9.879268E-19
4.003345E+03	5.763494E-18	9.872825E-19
4.003543E+03	5.767533E-18	9.879538E-19
4.003741E+03	5.771243E-18	9.885687E-19
4.004533E+03	5.775003E-18	9.891302E-19
4.004731E+03	5.785077E-18	9.908350E-19
4.005128E+03	5.788440E-18	9.913695E-19
4.005326E+03	5.787432E-18	9.911763E-19
4.005524E+03	5.795094E-18	9.924677E-19
4.005722E+03	5.797598E-18	9.928758E-19
4.005920E+03	5.805918E-18	9.942799E-19
4.006514E+03	5.813322E-18	9.954855E-19
4.006713E+03	5.829435E-18	9.982237E-19
4.007109E+03	5.847834E-18	1.001332E-18
4.007307E+03	5.848583E-18	1.001440E-18
4.007505E+03	5.842858E-18	1.000439E-18
4.007703E+03	5.811013E-18	9.949652E-19
4.007901E+03	5.812530E-18	9.952041E-19
4.008099E+03	5.800439E-18	9.931131E-19
4.008297E+03	5.789225E-18	9.911724E-19
4.008495E+03	5.795681E-18	9.922569E-19
4.008693E+03	5.807844E-18	9.943186E-19
4.008892E+03	5.802118E-18	9.933174E-19
4.009090E+03	5.775976E-18	9.888213E-19
4.009288E+03	5.783311E-18	9.900562E-19
4.009486E+03	5.770229E-18	9.877961E-19
4.009882E+03	5.753615E-18	9.849108E-19
4.010080E+03	5.748985E-18	9.840976E-19
4.010278E+03	5.757637E-18	9.855580E-19
4.010674E+03	5.761879E-18	9.862428E-19
4.010872E+03	5.747698E-18	9.837949E-19
4.011268E+03	5.749525E-18	9.840663E-19
4.011466E+03	5.740503E-18	9.825016E-19
4.012259E+03	5.741083E-18	9.825183E-19
4.012457E+03	5.715153E-18	9.780602E-19
4.012655E+03	5.706788E-18	9.766083E-19
4.013051E+03	5.696317E-18	9.747755E-19
4.013250E+03	5.698274E-18	9.750898E-19
4.013447E+03	5.697264E-18	9.748967E-19
4.013646E+03	5.687582E-18	9.732195E-19
4.013844E+03	5.678118E-18	9.715797E-19
4.014239E+03	5.672257E-18	9.705361E-19
4.014437E+03	5.649506E-18	9.666231E-19
4.014635E+03	5.645971E-18	9.659981E-19
4.014833E+03	5.646829E-18	9.661245E-19
4.015031E+03	5.656581E-18	9.677726E-19
4.015229E+03	5.663808E-18	9.689887E-19
4.015427E+03	5.653904E-18	9.672740E-19
4.015823E+03	5.639585E-18	9.647839E-19
4.016021E+03	5.644177E-18	9.655491E-19
4.016219E+03	5.630538E-18	9.631957E-19
4.016417E+03	5.624257E-18	9.621010E-19
4.016616E+03	5.623357E-18	9.619268E-19
4.016815E+03	5.610925E-18	9.597800E-19
4.017211E+03	5.607368E-18	9.591311E-19
4.017607E+03	5.596891E-18	9.572988E-19
4.017805E+03	5.593684E-18	9.567301E-19
4.018003E+03	5.582129E-18	9.547338E-19
4.018201E+03	5.575627E-18	9.536016E-19
4.018399E+03	5.553637E-18	9.498207E-19
4.018597E+03	5.544937E-18	9.483129E-19
4.018795E+03	5.547221E-18	9.486836E-19
4.018993E+03	5.548408E-18	9.488664E-19
4.019191E+03	5.548935E-18	9.489366E-19
4.019389E+03	5.552098E-18	9.494576E-19
4.019587E+03	5.537575E-18	9.469542E-19
4.019785E+03	5.525249E-18	9.448264E-19
4.019983E+03	5.507210E-18	9.417220E-19
4.020181E+03	5.500926E-18	9.406275E-19
4.020379E+03	5.501782E-18	9.407541E-19
4.020578E+03	5.493739E-18	9.393590E-19
4.020776E+03	5.476358E-18	9.363674E-19
4.020974E+03	5.470183E-18	9.352918E-19
4.021370E+03	5.465851E-18	9.345118E-19
4.021568E+03	5.452424E-18	9.321965E-19
4.021766E+03	5.446906E-18	9.312335E-19
4.021965E+03	5.444026E-18	9.307215E-19
4.022163E+03	5.421698E-18	9.268847E-19
4.022361E+03	5.400468E-18	9.232358E-19
4.022559E+03	5.389566E-18	9.213526E-19
4.022757E+03	5.384817E-18	9.205213E-19
4.022955E+03	5.382156E-18	9.200469E-19
4.023153E+03	5.377076E-18	9.191592E-19
4.023351E+03	5.374304E-18	9.186661E-19
4.023747E+03	5.368650E-18	9.176609E-19
4.023945E+03	5.350933E-18	9.146132E-19
4.024143E+03	5.362447E-18	9.165619E-19
4.024341E+03	5.373082E-18	9.183602E-19
4.024540E+03	5.366683E-18	9.172472E-19
4.024738E+03	5.380066E-18	9.195151E-19
4.024936E+03	5.379711E-18	9.194351E-19
4.025133E+03	5.381995E-18	9.198060E-19
4.025529E+03	5.387550E-18	9.207166E-19
4.025727E+03	5.389834E-18	9.210875E-19
4.025926E+03	5.384095E-18	9.200872E-19
4.026123E+03	5.376926E-18	9.188428E-19
4.026321E+03	5.382947E-18	9.198522E-19
4.026519E+03	5.379296E-18	9.192089E-19
4.026717E+03	5.383118E-18	9.198426E-19
4.026915E+03	5.379027E-18	9.191241E-19
4.027114E+03	5.373287E-18	9.181238E-19
4.027312E+03	5.371834E-18	9.178561E-19
4.027510E+03	5.361697E-18	9.161047E-19
4.027708E+03	5.356506E-18	9.151983E-19
4.027906E+03	5.345708E-18	9.133342E-19
4.028104E+03	5.368548E-18	9.172171E-19
4.028303E+03	5.381165E-18	9.193533E-19
4.028501E+03	5.360804E-18	9.158553E-19
4.028699E+03	5.351656E-18	9.142730E-19
4.028897E+03	5.349322E-18	9.138550E-19
4.029095E+03	5.356993E-18	9.151461E-19
4.029293E+03	5.353120E-18	9.144652E-19
4.029491E+03	5.342542E-18	9.126387E-19
4.029689E+03	5.335591E-18	9.114321E-19
4.029887E+03	5.319295E-18	9.086291E-19
4.030283E+03	5.296926E-18	9.047698E-19
4.030481E+03	5.298880E-18	9.050844E-19
4.030679E+03	5.291488E-18	9.038026E-19
4.030877E+03	5.290142E-18	9.035537E-19
4.031075E+03	5.285719E-18	9.027790E-19
4.031273E+03	5.293720E-18	9.041265E-19
4.031471E+03	5.307329E-18	9.064316E-19
4.031669E+03	5.323467E-18	9.091686E-19
4.031867E+03	5.321134E-18	9.087508E-19
4.032066E+03	5.311762E-18	9.071310E-19
4.032265E+03	5.312287E-18	9.072014E-19
4.032463E+03	5.313362E-18	9.073657E-19
4.032859E+03	5.292528E-18	9.037696E-19
4.033057E+03	5.278976E-18	9.014362E-19
4.033255E+03	5.269273E-18	8.997603E-19
4.033849E+03	5.274145E-18	9.005350E-19
4.034047E+03	5.274009E-18	9.004927E-19
4.034245E+03	5.277833E-18	9.011265E-19
4.034443E+03	5.272088E-18	9.001265E-19
4.034641E+03	5.262494E-18	8.984694E-19
4.034839E+03	5.265108E-18	8.988966E-19
4.035037E+03	5.263763E-18	8.986479E-19
4.035235E+03	5.250209E-18	8.963148E-19
4.035433E+03	5.249083E-18	8.961036E-19
4.035631E+03	5.244877E-18	8.953666E-19
4.035829E+03	5.236382E-18	8.938973E-19
4.036027E+03	5.249445E-18	8.961084E-19
4.036226E+03	5.248650E-18	8.959535E-19
4.036424E+03	5.236194E-18	8.938084E-19
4.036622E+03	5.233968E-18	8.934093E-19
4.036820E+03	5.222941E-18	8.915083E-19
4.037018E+03	5.228966E-18	8.925176E-19
4.037217E+03	5.238841E-18	8.941840E-19
4.037414E+03	5.242005E-18	8.947051E-19
4.037811E+03	5.232933E-18	8.931187E-19
4.038008E+03	5.229826E-18	8.925696E-19
4.038206E+03	5.227159E-18	8.920955E-19
4.038404E+03	5.231424E-18	8.928043E-19
4.038602E+03	5.238219E-18	8.939450E-19
4.038800E+03	5.243475E-18	8.948228E-19
4.038998E+03	5.235747E-18	8.934851E-19
4.039196E+03	5.237262E-18	8.937246E-19
4.039394E+03	5.249229E-18	8.957476E-19
4.039592E+03	5.264937E-18	8.984091E-19
4.039790E+03	5.273054E-18	8.997750E-19
4.039989E+03	5.262466E-18	8.979492E-19
4.040187E+03	5.256059E-18	8.968369E-19
4.040385E+03	5.266817E-18	8.986534E-19
4.040583E+03	5.273394E-18	8.997564E-19
4.040781E+03	5.293616E-18	9.031874E-19
4.040979E+03	5.312298E-18	9.063556E-19
4.041375E+03	5.325014E-18	9.084866E-19
4.041573E+03	5.312334E-18	9.063040E-19
4.041771E+03	5.310109E-18	9.059051E-19
4.042168E+03	5.312372E-18	9.062523E-19
4.042366E+03	5.318510E-18	9.072802E-19
4.042564E+03	5.327731E-18	9.088338E-19
4.042762E+03	5.322094E-18	9.078529E-19
4.042960E+03	5.325702E-18	9.084489E-19
4.043158E+03	5.331070E-18	9.093453E-19
4.043356E+03	5.338971E-18	9.106735E-19
4.043554E+03	5.340708E-18	9.109503E-19
4.043951E+03	5.329324E-18	9.089698E-19
4.044149E+03	5.312679E-18	9.061116E-19
4.044347E+03	5.297466E-18	9.034976E-19
4.044545E+03	5.304156E-18	9.046192E-19
4.044743E+03	5.308974E-18	9.054217E-19
4.045535E+03	5.318565E-18	9.069799E-19
4.045733E+03	5.315569E-18	9.064496E-19
4.045931E+03	5.324131E-18	9.078903E-19
4.046129E+03	5.318933E-18	9.069847E-19
4.046327E+03	5.323313E-18	9.077121E-19
4.046525E+03	5.341564E-18	9.108048E-19
4.046723E+03	5.340990E-18	9.106874E-19
4.046921E+03	5.339094E-18	9.103448E-19
4.047119E+03	5.335217E-18	9.096643E-19
4.047318E+03	5.333873E-18	9.094156E-19
4.047516E+03	5.337483E-18	9.100116E-19
4.047714E+03	5.343404E-18	9.110017E-19
4.047913E+03	5.363310E-18	9.143759E-19
4.048111E+03	5.367581E-18	9.150845E-19
4.048309E+03	5.384184E-18	9.178953E-19
4.048507E+03	5.406182E-18	9.216260E-19
4.048705E+03	5.396581E-18	9.199695E-19
4.048903E+03	5.393255E-18	9.193828E-19
4.049100E+03	5.387946E-18	9.184583E-19
4.049299E+03	5.376141E-18	9.164263E-19
4.049496E+03	5.368521E-18	9.151078E-19
4.049695E+03	5.385566E-18	9.179936E-19
4.049893E+03	5.400300E-18	9.204853E-19
4.050090E+03	5.387392E-18	9.182657E-19
4.050288E+03	5.394858E-18	9.195186E-19
4.050486E+03	5.388779E-18	9.184627E-19
4.050882E+03	5.373756E-18	9.158631E-19
4.051080E+03	5.371531E-18	9.154642E-19
4.051278E+03	5.378447E-18	9.166232E-19
4.051476E+03	5.399350E-18	9.201659E-19
4.051675E+03	5.420363E-18	9.237273E-19
4.051873E+03	5.430254E-18	9.253930E-19
4.052071E+03	5.401486E-18	9.204708E-19
4.052270E+03	5.387146E-18	9.180073E-19
4.052468E+03	5.400340E-18	9.202360E-19
4.052666E+03	5.413205E-18	9.224085E-19
4.052864E+03	5.421554E-18	9.238114E-19
4.053062E+03	5.406332E-18	9.211978E-19
4.053260E+03	5.398269E-18	9.198043E-19
4.053458E+03	5.397586E-18	9.196681E-19
4.053854E+03	5.404481E-18	9.208035E-19
4.054052E+03	5.420322E-18	9.234827E-19
4.054250E+03	5.425808E-18	9.243975E-19
4.054448E+03	5.422702E-18	9.238485E-19
4.054646E+03	5.433035E-18	9.255891E-19
4.054844E+03	5.436098E-18	9.260911E-19
4.055042E+03	5.442026E-18	9.270811E-19
4.055240E+03	5.433081E-18	9.255373E-19
4.055637E+03	5.433809E-18	9.256217E-19
4.055835E+03	5.437203E-18	9.261799E-19
4.056033E+03	5.426385E-18	9.243172E-19
4.056231E+03	5.439475E-18	9.265271E-19
4.056429E+03	5.450361E-18	9.283615E-19
4.056627E+03	5.451992E-18	9.286194E-19
4.056825E+03	5.458913E-18	9.297781E-19
4.057023E+03	5.480158E-18	9.333767E-19
4.057618E+03	5.494862E-18	9.358207E-19
4.057816E+03	5.498258E-18	9.363789E-19
4.058014E+03	5.504188E-18	9.373686E-19
4.058608E+03	5.514817E-18	9.391182E-19
4.058806E+03	5.514466E-18	9.390383E-19
4.059004E+03	5.518193E-18	9.396528E-19
4.059202E+03	5.516190E-18	9.392914E-19
4.059599E+03	5.501052E-18	9.366734E-19
4.059797E+03	5.483178E-18	9.336099E-19
4.059995E+03	5.472357E-18	9.317474E-19
4.060193E+03	5.476414E-18	9.324181E-19
4.060391E+03	5.475842E-18	9.323008E-19
4.060589E+03	5.499409E-18	9.362930E-19
4.060787E+03	5.503907E-18	9.370387E-19
4.060985E+03	5.516453E-18	9.391543E-19
4.061183E+03	5.524700E-18	9.405381E-19
4.061381E+03	5.526003E-18	9.407397E-19
4.061578E+03	5.524109E-18	9.403972E-19
4.061776E+03	5.526625E-18	9.408051E-19
4.061974E+03	5.529141E-18	9.412132E-19
4.062173E+03	5.526036E-18	9.406642E-19
4.062370E+03	5.528441E-18	9.410535E-19
4.062569E+03	5.516185E-18	9.389470E-19
4.062767E+03	5.523441E-18	9.401619E-19
4.062965E+03	5.539407E-18	9.428591E-19
4.063362E+03	5.550613E-18	9.447258E-19
4.063560E+03	5.554122E-18	9.453026E-19
4.063758E+03	5.550796E-18	9.447162E-19
4.063956E+03	5.551438E-18	9.448052E-19
4.064154E+03	5.547340E-18	9.440873E-19
4.064352E+03	5.555259E-18	9.454147E-19
4.064550E+03	5.546089E-18	9.438337E-19
4.065144E+03	5.549671E-18	9.443821E-19
4.065342E+03	5.532010E-18	9.413566E-19
4.065540E+03	5.533866E-18	9.416520E-19
4.065936E+03	5.544965E-18	9.434999E-19
4.066134E+03	5.549246E-18	9.442080E-19
4.066332E+03	5.547022E-18	9.438091E-19
4.066530E+03	5.541820E-18	9.429038E-19
4.066728E+03	5.539154E-18	9.424299E-19
4.066926E+03	5.531196E-18	9.410555E-19
4.067124E+03	5.541984E-18	9.428706E-19
4.067323E+03	5.545604E-18	9.434662E-19
4.067522E+03	5.532132E-18	9.411537E-19
4.067720E+03	5.546560E-18	9.435879E-19
4.067918E+03	5.554481E-18	9.449150E-19
4.068116E+03	5.556007E-18	9.451542E-19
4.068314E+03	5.553452E-18	9.446991E-19
4.068512E+03	5.544279E-18	9.431183E-19
4.069106E+03	5.530215E-18	9.406650E-19
4.069304E+03	5.526777E-18	9.400599E-19
4.069502E+03	5.536795E-18	9.417435E-19
4.069700E+03	5.557183E-18	9.451907E-19
4.069898E+03	5.560804E-18	9.457862E-19
4.070096E+03	5.564977E-18	9.464756E-19
4.070294E+03	5.561981E-18	9.459455E-19
4.070492E+03	5.560418E-18	9.456592E-19
4.070888E+03	5.559499E-18	9.454620E-19
4.071087E+03	5.558929E-18	9.453447E-19
4.071285E+03	5.568288E-18	9.469156E-19
4.071483E+03	5.584376E-18	9.496310E-19
4.071681E+03	5.573326E-18	9.477315E-19
4.071879E+03	5.555657E-18	9.447064E-19
4.072077E+03	5.565898E-18	9.464274E-19
4.072275E+03	5.594675E-18	9.513000E-19
4.072672E+03	5.619243E-18	9.554360E-19
4.072870E+03	5.616468E-18	9.549435E-19
4.073067E+03	5.593611E-18	9.510367E-19
4.073265E+03	5.586532E-18	9.498126E-19
4.073464E+03	5.606265E-18	9.531468E-19
4.073662E+03	5.614192E-18	9.544739E-19
4.073860E+03	5.617375E-18	9.549942E-19
4.074057E+03	5.618681E-18	9.551957E-19
4.074453E+03	5.621847E-18	9.556925E-19
4.074651E+03	5.626354E-18	9.564379E-19
4.074849E+03	5.624461E-18	9.560955E-19
4.075048E+03	5.603257E-18	9.524704E-19
4.075246E+03	5.603571E-18	9.525030E-19
4.075444E+03	5.598808E-18	9.516728E-19
4.075642E+03	5.581796E-18	9.487606E-19
4.075840E+03	5.586193E-18	9.494873E-19
4.076236E+03	5.603154E-18	9.523288E-19
4.076434E+03	5.612517E-18	9.538995E-19
4.076632E+03	5.614156E-18	9.541573E-19
4.076830E+03	5.608069E-18	9.531021E-19
4.077226E+03	5.611677E-18	9.536739E-19
4.077424E+03	5.624794E-18	9.558823E-19
4.077623E+03	5.621466E-18	9.552960E-19
4.077821E+03	5.608315E-18	9.530404E-19
4.078019E+03	5.607746E-18	9.529230E-19
4.078217E+03	5.609274E-18	9.531620E-19
4.078415E+03	5.610140E-18	9.532884E-19
4.078613E+03	5.633524E-18	9.572412E-19
4.078811E+03	5.646533E-18	9.594307E-19
4.079208E+03	5.645618E-18	9.592335E-19
4.079604E+03	5.647461E-18	9.595051E-19
4.079802E+03	5.641705E-18	9.585062E-19
4.080000E+03	5.642572E-18	9.586327E-19
4.080198E+03	5.653816E-18	9.605221E-19
4.080396E+03	5.651150E-18	9.600483E-19
4.080594E+03	5.661402E-18	9.617690E-19
4.080792E+03	5.667016E-18	9.627018E-19
4.080990E+03	5.671527E-18	9.634472E-19
4.081188E+03	5.676038E-18	9.641925E-19
4.081386E+03	5.672268E-18	9.635312E-19
4.081584E+03	5.676558E-18	9.642389E-19
4.081782E+03	5.675549E-18	9.640466E-19
4.081980E+03	5.675313E-18	9.639854E-19
4.082178E+03	5.666463E-18	9.624614E-19
4.082376E+03	5.661148E-18	9.615376E-19
4.082574E+03	5.648433E-18	9.593572E-19
4.082774E+03	5.660012E-18	9.613028E-19
4.083170E+03	5.659318E-18	9.611430E-19
4.083368E+03	5.649695E-18	9.594878E-19
4.083566E+03	5.661274E-18	9.614334E-19
4.083764E+03	5.674510E-18	9.636602E-19
4.083962E+03	5.661132E-18	9.613674E-19
4.084160E+03	5.642453E-18	9.581744E-19
4.084358E+03	5.631945E-18	9.563692E-19
4.084556E+03	5.625193E-18	9.552017E-19
4.084754E+03	5.636662E-18	9.571285E-19
4.084952E+03	5.642610E-18	9.581175E-19
4.085149E+03	5.637182E-18	9.571751E-19
4.085347E+03	5.625790E-18	9.552199E-19
4.085546E+03	5.620252E-18	9.542587E-19
4.085744E+03	5.628740E-18	9.556790E-19
4.085942E+03	5.643635E-18	9.581871E-19
4.086139E+03	5.648699E-18	9.590262E-19
4.086337E+03	5.651445E-18	9.594713E-19
4.086535E+03	5.660045E-18	9.609105E-19
4.086734E+03	5.659919E-18	9.608681E-19
4.086932E+03	5.649188E-18	9.590255E-19
4.087130E+03	5.627301E-18	9.552890E-19
4.087328E+03	5.635680E-18	9.566906E-19
4.087526E+03	5.657095E-18	9.603049E-19
4.087725E+03	5.662713E-18	9.612376E-19
4.087923E+03	5.655849E-18	9.600514E-19
4.088121E+03	5.678480E-18	9.638719E-19
4.088319E+03	5.700228E-18	9.675423E-19
4.088517E+03	5.715017E-18	9.700314E-19
4.088715E+03	5.716218E-18	9.702139E-19
4.088913E+03	5.727693E-18	9.721404E-19
4.089111E+03	5.730552E-18	9.726044E-19
4.089309E+03	5.745784E-18	9.751683E-19
4.089507E+03	5.765105E-18	9.784260E-19
4.089705E+03	5.770395E-18	9.793024E-19
4.089903E+03	5.768392E-18	9.789412E-19
4.090101E+03	5.772577E-18	9.796300E-19
4.090299E+03	5.775657E-18	9.801313E-19
4.090498E+03	5.768793E-18	9.789451E-19
4.090696E+03	5.779166E-18	9.806839E-19
4.090894E+03	5.774734E-18	9.799103E-19
4.091290E+03	5.776254E-18	9.801254E-19
4.091488E+03	5.797788E-18	9.837579E-19
4.091686E+03	5.826728E-18	9.886467E-19
4.091884E+03	5.834451E-18	9.899355E-19
4.092082E+03	5.835544E-18	9.900992E-19
4.092280E+03	5.847799E-18	9.921568E-19
4.092478E+03	5.848008E-18	9.921705E-19
4.092676E+03	5.858494E-18	9.939279E-19
4.093271E+03	5.893936E-18	9.998751E-19
4.093469E+03	5.902546E-18	1.001314E-18
4.093667E+03	5.893914E-18	9.998275E-19
4.093865E+03	5.904402E-18	1.001585E-18
4.094063E+03	5.923734E-18	1.004842E-18
4.094261E+03	5.932013E-18	1.006225E-18
4.094460E+03	5.932003E-18	1.006201E-18
4.094856E+03	5.928002E-18	1.005478E-18
4.095054E+03	5.916496E-18	1.003504E-18
4.095252E+03	5.920907E-18	1.004231E-18
4.095450E+03	5.922775E-18	1.004525E-18
4.095846E+03	5.929387E-18	1.005603E-18
4.096044E+03	5.936120E-18	1.006723E-18
4.096242E+03	5.943406E-18	1.007936E-18
4.096440E+03	5.964953E-18	1.011568E-18
4.096638E+03	5.973014E-18	1.012913E-18
4.096836E+03	5.988371E-18	1.015495E-18
4.097034E+03	6.006824E-18	1.018602E-18
4.097231E+03	6.015438E-18	1.020040E-18
4.097429E+03	6.040305E-18	1.024234E-18
4.097628E+03	6.058650E-18	1.027323E-18
4.097826E+03	6.074232E-18	1.029942E-18
4.098025E+03	6.084617E-18	1.031680E-18
4.098223E+03	6.074880E-18	1.030007E-18
4.098421E+03	6.080510E-18	1.030939E-18
4.098619E+03	6.072874E-18	1.029621E-18
4.098817E+03	6.086466E-18	1.031903E-18
4.099015E+03	6.100833E-18	1.034316E-18
4.099213E+03	6.108898E-18	1.035661E-18
4.099411E+03	6.105795E-18	1.035112E-18
4.099609E+03	6.098379E-18	1.033832E-18
4.099807E+03	6.098261E-18	1.033789E-18
4.100005E+03	6.085094E-18	1.031535E-18
4.100203E+03	6.079557E-18	1.030573E-18
4.100401E+03	6.084968E-18	1.031468E-18
4.100599E+03	6.098453E-18	1.033731E-18
4.100797E+03	6.103532E-18	1.034569E-18
4.101391E+03	6.092894E-18	1.032698E-18
4.101589E+03	6.067228E-18	1.028325E-18
4.101787E+03	6.060252E-18	1.027120E-18
4.101985E+03	6.074512E-18	1.029515E-18
4.102184E+03	6.086449E-18	1.031515E-18
4.102382E+03	6.070736E-18	1.028829E-18
4.102580E+03	6.074600E-18	1.029462E-18
4.102778E+03	6.073597E-18	1.029269E-18
4.102977E+03	6.099141E-18	1.033575E-18
4.103175E+03	6.103448E-18	1.034282E-18
4.103373E+03	6.082314E-18	1.030678E-18
4.103571E+03	6.069696E-18	1.028517E-18
4.104165E+03	6.082616E-18	1.030639E-18
4.104363E+03	6.091680E-18	1.032152E-18
4.104561E+03	6.090346E-18	1.031903E-18
4.104759E+03	6.083590E-18	1.030735E-18
4.104957E+03	6.071524E-18	1.028669E-18
4.105155E+03	6.077823E-18	1.029713E-18
4.105353E+03	6.077705E-18	1.029670E-18
4.105551E+03	6.082455E-18	1.030452E-18
4.105749E+03	6.073375E-18	1.028891E-18
4.105947E+03	6.071819E-18	1.028605E-18
4.106146E+03	6.078229E-18	1.029668E-18
4.106344E+03	6.106436E-18	1.034424E-18
4.106542E+03	6.122141E-18	1.037061E-18
4.107136E+03	6.130974E-18	1.038489E-18
4.107334E+03	6.143360E-18	1.040564E-18
4.107532E+03	6.146674E-18	1.041103E-18
4.107730E+03	6.151758E-18	1.041941E-18
4.107928E+03	6.154630E-18	1.042404E-18
4.108127E+03	6.152965E-18	1.042099E-18
4.108325E+03	6.150856E-18	1.041719E-18
4.108523E+03	6.138788E-18	1.039652E-18
4.108721E+03	6.121075E-18	1.036629E-18
4.108919E+03	6.116310E-18	1.035800E-18
4.109117E+03	6.111766E-18	1.035007E-18
4.109315E+03	6.117736E-18	1.035995E-18
4.109512E+03	6.123374E-18	1.036927E-18
4.109710E+03	6.123589E-18	1.036941E-18
4.109909E+03	6.117717E-18	1.035924E-18
4.110108E+03	6.110738E-18	1.034719E-18
4.110306E+03	6.107301E-18	1.034114E-18
4.110503E+03	6.110946E-18	1.034709E-18
4.110701E+03	6.123226E-18	1.036765E-18
4.110899E+03	6.112593E-18	1.034942E-18
4.111097E+03	6.095209E-18	1.031976E-18
4.111295E+03	6.094538E-18	1.031839E-18
4.111493E+03	6.090989E-18	1.031216E-18
4.111691E+03	6.095079E-18	1.031885E-18
4.111889E+03	6.098393E-18	1.032423E-18
4.112087E+03	6.099051E-18	1.032512E-18
4.112285E+03	6.087974E-18	1.030614E-18
4.112483E+03	6.082986E-18	1.029747E-18
4.112681E+03	6.083533E-18	1.029817E-18
4.112879E+03	6.083748E-18	1.029830E-18
4.113078E+03	6.084737E-18	1.029975E-18
4.113276E+03	6.088495E-18	1.030588E-18
4.113474E+03	6.080960E-18	1.029290E-18
4.113672E+03	6.089811E-18	1.030765E-18
4.113871E+03	6.096004E-18	1.031791E-18
4.114069E+03	6.096108E-18	1.031786E-18
4.114267E+03	6.111824E-18	1.034423E-18
4.114465E+03	6.111043E-18	1.034268E-18
4.114663E+03	6.093100E-18	1.031208E-18
4.114861E+03	6.093647E-18	1.031278E-18
4.115059E+03	6.102278E-18	1.032715E-18
4.115257E+03	6.114783E-18	1.034809E-18
4.115455E+03	6.112120E-18	1.034335E-18
4.115653E+03	6.113221E-18	1.034499E-18
4.115851E+03	6.114987E-18	1.034775E-18
4.116049E+03	6.119853E-18	1.035575E-18
4.116247E+03	6.124720E-18	1.036376E-18
4.116445E+03	6.115633E-18	1.034815E-18
4.116643E+03	6.095140E-18	1.031325E-18
4.116841E+03	6.089376E-18	1.030327E-18
4.117039E+03	6.094131E-18	1.031108E-18
4.117237E+03	6.085155E-18	1.029567E-18
4.117435E+03	6.074738E-18	1.027782E-18
4.117633E+03	6.084256E-18	1.029369E-18
4.117832E+03	6.081591E-18	1.028896E-18
4.118030E+03	6.064529E-18	1.025986E-18
4.118229E+03	6.058541E-18	1.024950E-18
4.118427E+03	6.066620E-18	1.026294E-18
4.118625E+03	6.071598E-18	1.027114E-18
4.118823E+03	6.079234E-18	1.028383E-18
4.119021E+03	6.075794E-18	1.027778E-18
4.119219E+03	6.088636E-18	1.029927E-18
4.119417E+03	6.097603E-18	1.031421E-18
4.119615E+03	6.111554E-18	1.033758E-18
4.119813E+03	6.123068E-18	1.035683E-18
4.120011E+03	6.112650E-18	1.033898E-18
4.120209E+03	6.104890E-18	1.032562E-18
4.120407E+03	6.100563E-18	1.031808E-18
4.120605E+03	6.108755E-18	1.033170E-18
4.120803E+03	6.090692E-18	1.030092E-18
4.121001E+03	6.085257E-18	1.029150E-18
4.121199E+03	6.085916E-18	1.029239E-18
4.121397E+03	6.078598E-18	1.027978E-18
4.121595E+03	6.077373E-18	1.027749E-18
4.121793E+03	6.088888E-18	1.029673E-18
4.121991E+03	6.096860E-18	1.030998E-18
4.122190E+03	6.090317E-18	1.029869E-18
4.122388E+03	6.104715E-18	1.032281E-18
4.122585E+03	6.114349E-18	1.033887E-18
4.122783E+03	6.109357E-18	1.033020E-18
4.123180E+03	6.105025E-18	1.032241E-18
4.123576E+03	6.122078E-18	1.035079E-18
4.123774E+03	6.141686E-18	1.038371E-18
4.123972E+03	6.148109E-18	1.039433E-18
4.124170E+03	6.156747E-18	1.040871E-18
4.124368E+03	6.161951E-18	1.041727E-18
4.124566E+03	6.172585E-18	1.043502E-18
4.124764E+03	6.177568E-18	1.044321E-18
4.124962E+03	6.180555E-18	1.044803E-18
4.125160E+03	6.189306E-18	1.046259E-18
4.125358E+03	6.196727E-18	1.047490E-18
4.125557E+03	6.207473E-18	1.049283E-18
4.125755E+03	6.212457E-18	1.050102E-18
4.126151E+03	6.218435E-18	1.051066E-18
4.126349E+03	6.235833E-18	1.053983E-18
4.126547E+03	6.254007E-18	1.057031E-18
4.126745E+03	6.264312E-18	1.058750E-18
4.126943E+03	6.278497E-18	1.061123E-18
4.127141E+03	6.288359E-18	1.062767E-18
4.127339E+03	6.299331E-18	1.064597E-18
4.127537E+03	6.298553E-18	1.064442E-18
4.127735E+03	6.301988E-18	1.064999E-18
4.127933E+03	6.307528E-18	1.065911E-18
4.128131E+03	6.312293E-18	1.066693E-18
4.128330E+03	6.312735E-18	1.066744E-18
4.128528E+03	6.308521E-18	1.066008E-18
4.128726E+03	6.308519E-18	1.065984E-18
4.128924E+03	6.301755E-18	1.064817E-18
4.129320E+03	6.292660E-18	1.063233E-18
4.129519E+03	6.280795E-18	1.061204E-18
4.129717E+03	6.282677E-18	1.061499E-18
4.129915E+03	6.286777E-18	1.062168E-18
4.130113E+03	6.284891E-18	1.061825E-18
4.130311E+03	6.294202E-18	1.063375E-18
4.130509E+03	6.307395E-18	1.065580E-18
4.130707E+03	6.314933E-18	1.066829E-18
4.130905E+03	6.322471E-18	1.068079E-18
4.131103E+03	6.310272E-18	1.065995E-18
4.131301E+03	6.310160E-18	1.065952E-18
4.131499E+03	6.308495E-18	1.065647E-18
4.131697E+03	6.302949E-18	1.064686E-18
4.131895E+03	6.305830E-18	1.065149E-18
4.132291E+03	6.313367E-18	1.066375E-18
4.132489E+03	6.312701E-18	1.066238E-18
4.132885E+03	6.320571E-18	1.067520E-18
4.133083E+03	6.313140E-18	1.066241E-18
4.133283E+03	6.283861E-18	1.061272E-18
4.133481E+03	6.284524E-18	1.061360E-18
4.133679E+03	6.296722E-18	1.063397E-18
4.133876E+03	6.314132E-18	1.066313E-18
4.134074E+03	6.327773E-18	1.068593E-18
4.134272E+03	6.323446E-18	1.067839E-18
4.134471E+03	6.306808E-18	1.065005E-18
4.134668E+03	6.307361E-18	1.065075E-18
4.134866E+03	6.304254E-18	1.064526E-18
4.135064E+03	6.302367E-18	1.064184E-18
4.135460E+03	6.303252E-18	1.064285E-18
4.135658E+03	6.285169E-18	1.061209E-18
4.135856E+03	6.272965E-18	1.059124E-18
4.136054E+03	6.281505E-18	1.060542E-18
4.136252E+03	6.283611E-18	1.060874E-18
4.136648E+03	6.288710E-18	1.061688E-18
4.136846E+03	6.299470E-18	1.063480E-18
4.137044E+03	6.308454E-18	1.064973E-18
4.137243E+03	6.321100E-18	1.067084E-18
4.137441E+03	6.342511E-18	1.070675E-18
4.137639E+03	6.354604E-18	1.072692E-18
4.137837E+03	6.346504E-18	1.071301E-18
4.138035E+03	6.335630E-18	1.069441E-18
4.138233E+03	6.322205E-18	1.067151E-18
4.138432E+03	6.314437E-18	1.065816E-18
4.138630E+03	6.332966E-18	1.068920E-18
4.138828E+03	6.333409E-18	1.068971E-18
4.139224E+03	6.321756E-18	1.066956E-18
4.139422E+03	6.321312E-18	1.066857E-18
4.139620E+03	6.325749E-18	1.067582E-18
4.139818E+03	6.320755E-18	1.066715E-18
4.140016E+03	6.310989E-18	1.065043E-18
4.140214E+03	6.304885E-18	1.063989E-18
4.140412E+03	6.285796E-18	1.060744E-18
4.140610E+03	6.302219E-18	1.063492E-18
4.140808E+03	6.329296E-18	1.068037E-18
4.141006E+03	6.329961E-18	1.068125E-18
4.141205E+03	6.332291E-18	1.068495E-18
4.141403E+03	6.348161E-18	1.071148E-18
4.141601E+03	6.365807E-18	1.074102E-18
4.141799E+03	6.362033E-18	1.073441E-18
4.141997E+03	6.349714E-18	1.071338E-18
4.142393E+03	6.333508E-18	1.068556E-18
4.142591E+03	6.339613E-18	1.069562E-18
4.142789E+03	6.347936E-18	1.070942E-18
4.142987E+03	6.343830E-18	1.070225E-18
4.143384E+03	6.321074E-18	1.066339E-18
4.143582E+03	6.286884E-18	1.060547E-18
4.143780E+03	6.280334E-18	1.059418E-18
4.143978E+03	6.302756E-18	1.063177E-18
4.144176E+03	6.285993E-18	1.060325E-18
4.144374E+03	6.270339E-18	1.057661E-18
4.144572E+03	6.265897E-18	1.056888E-18
4.144770E+03	6.260456E-18	1.055946E-18
4.144969E+03	6.260676E-18	1.055960E-18
4.145167E+03	6.253681E-18	1.054756E-18
4.145364E+03	6.267445E-18	1.057054E-18
4.145563E+03	6.273328E-18	1.058022E-18
4.145761E+03	6.254342E-18	1.054797E-18
4.145959E+03	6.255672E-18	1.054997E-18
4.146156E+03	6.248231E-18	1.053719E-18
4.146354E+03	6.235794E-18	1.051598E-18
4.146553E+03	6.230685E-18	1.050712E-18
4.146750E+03	6.232459E-18	1.050988E-18
4.146948E+03	6.237231E-18	1.051769E-18
4.147146E+03	6.230789E-18	1.050659E-18
4.147344E+03	6.253994E-18	1.054549E-18
4.147542E+03	6.259101E-18	1.055386E-18
4.147938E+03	6.241885E-18	1.052436E-18
4.148136E+03	6.233222E-18	1.050951E-18
4.148334E+03	6.249322E-18	1.053642E-18
4.148533E+03	6.259205E-18	1.055285E-18
4.148731E+03	6.254095E-18	1.054399E-18
4.148930E+03	6.248208E-18	1.053383E-18
4.149128E+03	6.260866E-18	1.055493E-18
4.149326E+03	6.260088E-18	1.055338E-18
4.149524E+03	6.241872E-18	1.052244E-18
4.149722E+03	6.246090E-18	1.052931E-18
4.149920E+03	6.258528E-18	1.055004E-18
4.150118E+03	6.269523E-18	1.056834E-18
4.150316E+03	6.268855E-18	1.056697E-18
4.150514E+03	6.266410E-18	1.056262E-18
4.150712E+03	6.265076E-18	1.056013E-18
4.150910E+03	6.268297E-18	1.056532E-18
4.151108E+03	6.279736E-18	1.058436E-18
4.151306E+03	6.264184E-18	1.055791E-18
4.151504E+03	6.239967E-18	1.051686E-18
4.151900E+03	6.229966E-18	1.049953E-18
4.152098E+03	6.222299E-18	1.048637E-18
4.152296E+03	6.226963E-18	1.049400E-18
4.152494E+03	6.222740E-18	1.048664E-18
4.152693E+03	6.225071E-18	1.049033E-18
4.152891E+03	6.233734E-18	1.050470E-18
4.153089E+03	6.228956E-18	1.049641E-18
4.153486E+03	6.234286E-18	1.050491E-18
4.153684E+03	6.229285E-18	1.049625E-18
4.153882E+03	6.219839E-18	1.048010E-18
4.154080E+03	6.211060E-18	1.046507E-18
4.154278E+03	6.198836E-18	1.044424E-18
4.154476E+03	6.189167E-18	1.042771E-18
4.154674E+03	6.178276E-18	1.040913E-18
4.154872E+03	6.149717E-18	1.036078E-18
4.155070E+03	6.154825E-18	1.036915E-18
4.155268E+03	6.143933E-18	1.035056E-18
4.155466E+03	6.143374E-18	1.034939E-18
4.155664E+03	6.149038E-18	1.035870E-18
4.155862E+03	6.157703E-18	1.037306E-18
4.156060E+03	6.164590E-18	1.038443E-18
4.156456E+03	6.144914E-18	1.035081E-18
4.156655E+03	6.143578E-18	1.034833E-18
4.156853E+03	6.142019E-18	1.034547E-18
4.157051E+03	6.151796E-18	1.036170E-18
4.157249E+03	6.170353E-18	1.039272E-18
4.157645E+03	6.171793E-18	1.039468E-18
4.157843E+03	6.170679E-18	1.039257E-18
4.158041E+03	6.151004E-18	1.035920E-18
4.158238E+03	6.137773E-18	1.033668E-18
4.158436E+03	6.130324E-18	1.032391E-18
4.158635E+03	6.106646E-18	1.028380E-18
4.158833E+03	6.107532E-18	1.028505E-18
4.159031E+03	6.109973E-18	1.028893E-18
4.159229E+03	6.125198E-18	1.031434E-18
4.159427E+03	6.116525E-18	1.029950E-18
4.159823E+03	6.098177E-18	1.026814E-18
4.160021E+03	6.087168E-18	1.024937E-18
4.160219E+03	6.079382E-18	1.023603E-18
4.160417E+03	6.071930E-18	1.022325E-18
4.160616E+03	6.072815E-18	1.022451E-18
4.160814E+03	6.074033E-18	1.022633E-18
4.161012E+03	6.080811E-18	1.023751E-18
4.161210E+03	6.085588E-18	1.024532E-18
4.161408E+03	6.085473E-18	1.024489E-18
4.161606E+03	6.102480E-18	1.027329E-18
4.161804E+03	6.104033E-18	1.027567E-18
4.162002E+03	6.107809E-18	1.028180E-18
4.162200E+03	6.111698E-18	1.028811E-18
4.162398E+03	6.100242E-18	1.026859E-18
4.162596E+03	6.085006E-18	1.024271E-18
4.162794E+03	6.073215E-18	1.022264E-18
4.162992E+03	6.062203E-18	1.020387E-18
4.163190E+03	6.071428E-18	1.021917E-18
4.163388E+03	6.072647E-18	1.022099E-18
4.163587E+03	6.060523E-18	1.020035E-18
4.163785E+03	6.046841E-18	1.017709E-18
4.164181E+03	6.046499E-18	1.017605E-18
4.164380E+03	6.052166E-18	1.018536E-18
4.164578E+03	6.060947E-18	1.019990E-18
4.164776E+03	6.038145E-18	1.016130E-18
4.164974E+03	6.014563E-18	1.012139E-18
4.165172E+03	6.030685E-18	1.014829E-18
4.165370E+03	6.036908E-18	1.015853E-18
4.165568E+03	6.029229E-18	1.014538E-18
4.165766E+03	6.028891E-18	1.014458E-18
4.165964E+03	6.026885E-18	1.014097E-18
4.166162E+03	6.015424E-18	1.012146E-18
4.166360E+03	6.021537E-18	1.013151E-18
4.166558E+03	6.007072E-18	1.010695E-18
4.166756E+03	6.003619E-18	1.010091E-18
4.166954E+03	6.005505E-18	1.010385E-18
4.167152E+03	5.998270E-18	1.009145E-18
4.167350E+03	6.001490E-18	1.009664E-18
4.167548E+03	5.994032E-18	1.008386E-18
4.167746E+03	5.996919E-18	1.008849E-18
4.167944E+03	6.009263E-18	1.010902E-18
4.168142E+03	6.005809E-18	1.010298E-18
4.168341E+03	5.994568E-18	1.008385E-18
4.168539E+03	6.016257E-18	1.012010E-18
4.168738E+03	6.036056E-18	1.015317E-18
4.168936E+03	6.034716E-18	1.015069E-18
4.169332E+03	6.029034E-18	1.014067E-18
4.169529E+03	6.011116E-18	1.011030E-18
4.169727E+03	6.017230E-18	1.012036E-18
4.169926E+03	6.036920E-18	1.015324E-18
4.170124E+03	6.045705E-18	1.016779E-18
4.170322E+03	6.048372E-18	1.017204E-18
4.170519E+03	6.048034E-18	1.017124E-18
4.170717E+03	6.051479E-18	1.017680E-18
4.170915E+03	6.053923E-18	1.018068E-18
4.171113E+03	6.051360E-18	1.017614E-18
4.171311E+03	6.036000E-18	1.015008E-18
4.171707E+03	6.032542E-18	1.014380E-18
4.172104E+03	6.026301E-18	1.013285E-18
4.172302E+03	6.008936E-18	1.010342E-18
4.172500E+03	5.996022E-18	1.008148E-18
4.172698E+03	5.992678E-18	1.007562E-18
4.173292E+03	5.999008E-18	1.008558E-18
4.173490E+03	6.000672E-18	1.008815E-18
4.173689E+03	5.995883E-18	1.007986E-18
4.173887E+03	6.001109E-18	1.008842E-18
4.174085E+03	6.011344E-18	1.010539E-18
4.174283E+03	6.015903E-18	1.011283E-18
4.174481E+03	6.019015E-18	1.011783E-18
4.174679E+03	6.020347E-18	1.011984E-18
4.174877E+03	6.031029E-18	1.013756E-18
4.175075E+03	6.041488E-18	1.015491E-18
4.175273E+03	6.036921E-18	1.014700E-18
4.175471E+03	6.012872E-18	1.010635E-18
4.175669E+03	5.995947E-18	1.007767E-18
4.175867E+03	6.003512E-18	1.009016E-18
4.176066E+03	6.002283E-18	1.008786E-18
4.176264E+03	5.993595E-18	1.007303E-18
4.176462E+03	5.984238E-18	1.005708E-18
4.176660E+03	5.971987E-18	1.003626E-18
4.177254E+03	5.975869E-18	1.004210E-18
4.177452E+03	5.967736E-18	1.002820E-18
4.177650E+03	5.960271E-18	1.001543E-18
4.177848E+03	5.965611E-18	1.002417E-18
4.178046E+03	5.961152E-18	1.001645E-18
4.178244E+03	5.954243E-18	1.000461E-18
4.178442E+03	5.943660E-18	9.986602E-19
4.178640E+03	5.957239E-18	1.000919E-18
4.178839E+03	5.958682E-18	1.001138E-18
4.179037E+03	5.944201E-18	9.986826E-19
4.179235E+03	5.953437E-18	1.000212E-18
4.179433E+03	5.966572E-18	1.002395E-18
4.179631E+03	5.953650E-18	1.000202E-18
4.179829E+03	5.956540E-18	1.000664E-18
4.180028E+03	5.962437E-18	1.001632E-18
4.180226E+03	5.956307E-18	1.000579E-18
4.180424E+03	5.983141E-18	1.005064E-18
4.180622E+03	5.996390E-18	1.007267E-18
4.180820E+03	5.992153E-18	1.006532E-18
4.181018E+03	5.995936E-18	1.007144E-18
4.181216E+03	5.991364E-18	1.006354E-18
4.181414E+03	5.984232E-18	1.005133E-18
4.181611E+03	5.981442E-18	1.004641E-18
4.181809E+03	5.987452E-18	1.005628E-18
4.182007E+03	6.002707E-18	1.008167E-18
4.182206E+03	5.995686E-18	1.006964E-18
4.182404E+03	5.999023E-18	1.007502E-18
4.182601E+03	6.010715E-18	1.009442E-18
4.182799E+03	6.021961E-18	1.011308E-18
4.182997E+03	6.028975E-18	1.012463E-18
4.183195E+03	6.021396E-18	1.011167E-18
4.183393E+03	6.023398E-18	1.011480E-18
4.183791E+03	6.031634E-18	1.012816E-18
4.183989E+03	6.038315E-18	1.013915E-18
4.184187E+03	6.049674E-18	1.015799E-18
4.184385E+03	6.073401E-18	1.019760E-18
4.184583E+03	6.087213E-18	1.022055E-18
4.184781E+03	6.078743E-18	1.020610E-18
4.184979E+03	6.056235E-18	1.016808E-18
4.185375E+03	6.043638E-18	1.014646E-18
4.185573E+03	6.043189E-18	1.014548E-18
4.185771E+03	6.029035E-18	1.012148E-18
4.185969E+03	6.005521E-18	1.008178E-18
4.186167E+03	5.991812E-18	1.005853E-18
4.186365E+03	5.985567E-18	1.004782E-18
4.186563E+03	5.976983E-18	1.003318E-18
4.186761E+03	5.968510E-18	1.001872E-18
4.186959E+03	5.953461E-18	9.993235E-19
4.187157E+03	5.948442E-18	9.984581E-19
4.187355E+03	5.952115E-18	9.990517E-19
4.187553E+03	5.962473E-18	1.000767E-18
4.187752E+03	5.957676E-18	9.999393E-19
4.188148E+03	5.960564E-18	1.000378E-18
4.188346E+03	5.956659E-18	9.996999E-19
4.188544E+03	5.945398E-18	9.977870E-19
4.188742E+03	5.944501E-18	9.976136E-19
4.188941E+03	5.929228E-18	9.950274E-19
4.189139E+03	5.909606E-18	9.917118E-19
4.189337E+03	5.913279E-18	9.923054E-19
4.189535E+03	5.909595E-18	9.916645E-19
4.189733E+03	5.883173E-18	9.872081E-19
4.189931E+03	5.878931E-18	9.864736E-19
4.190129E+03	5.888288E-18	9.880210E-19
4.190327E+03	5.880926E-18	9.867630E-19
4.190525E+03	5.866429E-18	9.843079E-19
4.191119E+03	5.873321E-18	9.853965E-19
4.191317E+03	5.898063E-18	9.895248E-19
4.191515E+03	5.904746E-18	9.906232E-19
4.191714E+03	5.904740E-18	9.905995E-19
4.191912E+03	5.903062E-18	9.902954E-19
4.192110E+03	5.919110E-18	9.929647E-19
4.192308E+03	5.945862E-18	9.974296E-19
4.192506E+03	5.959682E-18	9.997249E-19
4.192704E+03	5.954215E-18	9.987848E-19
4.192902E+03	5.954210E-18	9.987611E-19
4.193100E+03	5.953202E-18	9.985690E-19
4.193298E+03	5.967357E-18	1.000920E-18
4.193496E+03	5.983632E-18	1.003627E-18
4.193693E+03	6.005147E-18	1.007213E-18
4.193892E+03	6.004363E-18	1.007058E-18
4.194090E+03	5.997112E-18	1.005819E-18
4.194288E+03	5.986515E-18	1.004018E-18
4.194487E+03	5.965324E-18	1.000441E-18
4.194685E+03	5.972011E-18	1.001540E-18
4.194882E+03	5.986837E-18	1.004003E-18
4.195080E+03	5.988172E-18	1.004204E-18
4.195477E+03	5.976231E-18	1.002155E-18
4.195675E+03	5.971209E-18	1.001290E-18
4.195873E+03	5.985256E-18	1.003622E-18
4.196071E+03	5.995512E-18	1.005319E-18
4.196269E+03	5.987590E-18	1.003968E-18
4.196467E+03	5.989259E-18	1.004224E-18
4.196665E+03	5.984459E-18	1.003396E-18
4.196863E+03	5.992932E-18	1.004794E-18
4.197061E+03	5.993375E-18	1.004845E-18
4.197259E+03	5.994040E-18	1.004933E-18
4.197457E+03	6.002290E-18	1.006293E-18
4.197655E+03	6.006525E-18	1.006980E-18
4.198051E+03	5.995363E-18	1.005063E-18
4.198249E+03	5.987329E-18	1.003693E-18
4.198447E+03	5.992233E-18	1.004492E-18
4.198645E+03	6.004165E-18	1.006469E-18
4.198843E+03	6.004943E-18	1.006576E-18
4.199042E+03	6.017099E-18	1.008590E-18
4.199240E+03	6.027582E-18	1.010324E-18
4.199439E+03	6.024344E-18	1.009758E-18
4.199637E+03	6.035832E-18	1.011660E-18
4.199835E+03	6.049774E-18	1.013974E-18
4.200033E+03	6.063717E-18	1.016287E-18
4.200231E+03	6.094396E-18	1.021405E-18
4.200627E+03	6.120166E-18	1.025677E-18
4.200825E+03	6.118267E-18	1.025335E-18
4.201023E+03	6.106774E-18	1.023385E-18
4.201221E+03	6.098627E-18	1.021997E-18
4.201419E+03	6.101861E-18	1.022515E-18
4.201617E+03	6.115026E-18	1.024697E-18
4.201815E+03	6.121051E-18	1.025683E-18
4.202013E+03	6.114131E-18	1.024500E-18
4.202211E+03	6.107434E-18	1.023354E-18
4.202409E+03	6.103416E-18	1.022657E-18
4.202607E+03	6.105757E-18	1.023026E-18
4.202805E+03	6.110220E-18	1.023750E-18
4.203003E+03	6.113008E-18	1.024194E-18
4.203201E+03	6.120149E-18	1.025366E-18
4.203400E+03	6.134990E-18	1.027829E-18
4.203598E+03	6.124834E-18	1.026104E-18
4.203796E+03	6.129632E-18	1.026884E-18
4.203995E+03	6.152287E-18	1.030655E-18
4.204193E+03	6.147711E-18	1.029865E-18
4.204391E+03	6.153067E-18	1.030738E-18
4.204589E+03	6.177398E-18	1.034790E-18
4.204787E+03	6.186438E-18	1.036281E-18
4.204985E+03	6.173268E-18	1.034051E-18
4.205183E+03	6.172151E-18	1.033840E-18
4.205381E+03	6.173826E-18	1.034096E-18
4.205777E+03	6.179518E-18	1.035002E-18
4.205974E+03	6.185434E-18	1.035969E-18
4.206172E+03	6.193917E-18	1.037366E-18
4.206370E+03	6.215685E-18	1.040988E-18
4.206569E+03	6.241251E-18	1.045245E-18
4.206767E+03	6.248620E-18	1.046455E-18
4.206964E+03	6.229530E-18	1.043234E-18
4.207163E+03	6.209548E-18	1.039863E-18
4.207361E+03	6.206869E-18	1.039391E-18
4.207559E+03	6.196487E-18	1.037628E-18
4.207757E+03	6.198273E-18	1.037903E-18
4.207955E+03	6.200507E-18	1.038253E-18
4.208153E+03	6.199390E-18	1.038042E-18
4.208351E+03	6.192469E-18	1.036859E-18
4.208549E+03	6.199614E-18	1.038032E-18
4.208946E+03	6.223511E-18	1.041984E-18
4.209144E+03	6.243833E-18	1.045363E-18
4.209342E+03	6.243946E-18	1.045357E-18
4.209540E+03	6.248972E-18	1.046175E-18
4.209738E+03	6.267510E-18	1.049254E-18
4.209936E+03	6.268628E-18	1.049417E-18
4.210134E+03	6.254559E-18	1.047037E-18
4.210332E+03	6.257688E-18	1.047537E-18
4.210530E+03	6.260481E-18	1.047980E-18
4.210728E+03	6.257580E-18	1.047470E-18
4.210926E+03	6.265845E-18	1.048829E-18
4.211125E+03	6.259592E-18	1.047759E-18
4.211323E+03	6.255350E-18	1.047024E-18
4.211521E+03	6.281932E-18	1.051449E-18
4.211719E+03	6.294778E-18	1.053575E-18
4.211917E+03	6.306396E-18	1.055495E-18
4.212115E+03	6.312876E-18	1.056555E-18
4.212313E+03	6.322037E-18	1.058064E-18
4.212511E+03	6.318689E-18	1.057479E-18
4.212709E+03	6.322490E-18	1.058090E-18
4.212907E+03	6.330982E-18	1.059487E-18
4.213105E+03	6.329086E-18	1.059145E-18
4.213303E+03	6.326184E-18	1.058635E-18
4.213501E+03	6.333337E-18	1.059807E-18
4.213699E+03	6.345962E-18	1.061895E-18
4.213897E+03	6.339263E-18	1.060750E-18
4.214096E+03	6.353342E-18	1.063081E-18
4.214294E+03	6.356361E-18	1.063561E-18
4.214492E+03	6.355025E-18	1.063313E-18
4.214690E+03	6.368210E-18	1.065494E-18
4.214888E+03	6.377040E-18	1.066947E-18
4.215087E+03	6.394248E-18	1.069801E-18
4.215285E+03	6.401403E-18	1.070973E-18
4.215483E+03	6.395933E-18	1.070033E-18
4.215681E+03	6.401188E-18	1.070888E-18
4.215879E+03	6.423649E-18	1.074620E-18
4.216077E+03	6.430469E-18	1.075736E-18
4.216275E+03	6.433492E-18	1.076217E-18
4.216473E+03	6.445005E-18	1.078118E-18
4.216671E+03	6.446686E-18	1.078374E-18
4.216869E+03	6.450043E-18	1.078910E-18
4.217067E+03	6.462228E-18	1.080924E-18
4.217265E+03	6.463351E-18	1.081086E-18
4.217463E+03	6.456541E-18	1.079922E-18
4.217661E+03	6.449171E-18	1.078664E-18
4.217859E+03	6.444147E-18	1.077799E-18
4.218056E+03	6.448846E-18	1.078560E-18
4.218254E+03	6.459914E-18	1.080386E-18
4.218452E+03	6.454667E-18	1.079483E-18
4.218651E+03	6.441821E-18	1.077310E-18
4.219048E+03	6.427191E-18	1.074813E-18
4.219246E+03	6.426749E-18	1.074714E-18
4.219642E+03	6.433912E-18	1.075862E-18
4.219840E+03	6.437158E-18	1.076380E-18
4.220038E+03	6.434705E-18	1.075944E-18
4.220236E+03	6.444098E-18	1.077490E-18
4.220434E+03	6.439745E-18	1.076737E-18
4.220632E+03	6.435391E-18	1.075984E-18
4.220830E+03	6.454957E-18	1.079230E-18
4.221028E+03	6.463905E-18	1.080701E-18
4.221226E+03	6.461675E-18	1.080303E-18
4.221424E+03	6.465146E-18	1.080858E-18
4.221622E+03	6.457886E-18	1.079619E-18
4.221820E+03	6.463816E-18	1.080586E-18
4.222018E+03	6.474889E-18	1.082411E-18
4.222216E+03	6.479366E-18	1.083135E-18
4.222414E+03	6.488316E-18	1.084606E-18
4.222612E+03	6.506881E-18	1.087684E-18
4.222811E+03	6.507669E-18	1.087790E-18
4.223009E+03	6.517179E-18	1.089354E-18
4.223207E+03	6.526242E-18	1.090844E-18
4.223405E+03	6.521330E-18	1.089997E-18
4.223603E+03	6.520889E-18	1.089898E-18
4.223801E+03	6.512622E-18	1.088491E-18
4.223999E+03	6.518555E-18	1.089457E-18
4.224198E+03	6.540030E-18	1.093021E-18
4.224396E+03	6.536571E-18	1.092417E-18
4.224594E+03	6.543175E-18	1.093495E-18
4.224792E+03	6.557607E-18	1.095882E-18
4.224990E+03	6.570922E-18	1.098081E-18
4.225188E+03	6.580882E-18	1.099720E-18
4.225386E+03	6.591401E-18	1.101452E-18
4.225584E+03	6.586265E-18	1.100568E-18
4.225782E+03	6.578669E-18	1.099273E-18
4.225980E+03	6.598806E-18	1.102612E-18
4.226178E+03	6.611452E-18	1.104700E-18
4.226376E+03	6.631255E-18	1.107983E-18
4.226575E+03	6.655868E-18	1.112069E-18
4.226773E+03	6.646483E-18	1.110475E-18
4.226971E+03	6.624683E-18	1.106807E-18
4.227169E+03	6.617199E-18	1.105531E-18
4.227367E+03	6.626826E-18	1.107114E-18
4.227565E+03	6.637461E-18	1.108864E-18
4.227763E+03	6.643957E-18	1.109924E-18
4.227961E+03	6.648776E-18	1.110703E-18
4.228159E+03	6.653819E-18	1.111519E-18
4.228357E+03	6.643984E-18	1.109850E-18
4.228555E+03	6.641981E-18	1.109490E-18
4.228753E+03	6.625770E-18	1.106756E-18
4.228951E+03	6.619403E-18	1.105667E-18
4.229150E+03	6.638317E-18	1.108800E-18
4.229348E+03	6.657679E-18	1.112008E-18
4.229546E+03	6.654892E-18	1.111516E-18
4.229744E+03	6.660943E-18	1.112501E-18
4.229942E+03	6.674712E-18	1.114775E-18
4.230140E+03	6.710298E-18	1.120692E-18
4.230338E+03	6.731565E-18	1.124218E-18
4.230536E+03	6.735267E-18	1.124810E-18
4.230734E+03	6.744452E-18	1.126317E-18
4.230933E+03	6.740101E-18	1.125564E-18
4.231328E+03	6.732402E-18	1.124226E-18
4.231526E+03	6.750651E-18	1.127247E-18
4.231724E+03	6.751781E-18	1.127409E-18
4.231922E+03	6.749107E-18	1.126936E-18
4.232120E+03	6.744195E-18	1.126090E-18
4.232318E+03	6.747899E-18	1.126682E-18
4.232516E+03	6.757086E-18	1.128189E-18
4.232714E+03	6.766609E-18	1.129753E-18
4.232912E+03	6.801870E-18	1.135614E-18
4.233110E+03	6.814527E-18	1.137700E-18
4.233308E+03	6.829312E-18	1.140142E-18
4.233506E+03	6.837158E-18	1.141425E-18
4.233704E+03	6.837842E-18	1.141513E-18
4.233902E+03	6.836960E-18	1.141339E-18
4.234100E+03	6.838428E-18	1.141557E-18
4.234299E+03	6.861049E-18	1.145306E-18
4.234498E+03	6.876395E-18	1.147841E-18
4.234696E+03	6.870813E-18	1.146882E-18
4.234894E+03	6.878661E-18	1.148165E-18
4.235092E+03	6.876548E-18	1.147786E-18
4.235290E+03	6.887195E-18	1.149536E-18
4.235488E+03	6.904334E-18	1.152370E-18
4.235686E+03	6.919013E-18	1.154793E-18
4.235884E+03	6.931897E-18	1.156916E-18
4.236082E+03	6.922397E-18	1.155303E-18
4.236280E+03	6.903943E-18	1.152196E-18
4.236478E+03	6.893324E-18	1.150397E-18
4.236676E+03	6.894457E-18	1.150559E-18
4.236874E+03	6.897942E-18	1.151114E-18
4.237072E+03	6.892918E-18	1.150249E-18
4.237270E+03	6.885544E-18	1.148991E-18
4.237468E+03	6.892162E-18	1.150068E-18
4.237666E+03	6.894864E-18	1.150492E-18
4.237864E+03	6.904730E-18	1.152111E-18
4.238062E+03	6.924783E-18	1.155430E-18
4.238261E+03	6.940359E-18	1.158002E-18
4.238459E+03	6.951013E-18	1.159753E-18
4.238657E+03	6.941290E-18	1.158103E-18
4.238855E+03	6.924281E-18	1.155238E-18
4.239053E+03	6.908063E-18	1.152505E-18
4.239252E+03	6.915133E-18	1.153658E-18
4.239450E+03	6.924890E-18	1.155258E-18
4.239648E+03	6.931736E-18	1.156373E-18
4.239846E+03	6.943166E-18	1.158253E-18
4.240044E+03	6.954382E-18	1.160097E-18
4.240242E+03	6.970411E-18	1.162743E-18
4.240440E+03	6.983750E-18	1.164941E-18
4.240638E+03	6.988808E-18	1.165757E-18
4.240836E+03	6.989828E-18	1.165900E-18
4.241034E+03	6.987605E-18	1.165502E-18
4.241232E+03	6.991543E-18	1.166131E-18
4.241430E+03	6.993690E-18	1.166462E-18
4.241628E+03	6.993140E-18	1.166343E-18
4.241826E+03	7.005590E-18	1.168392E-18
4.242024E+03	7.011319E-18	1.169320E-18
4.242223E+03	7.021412E-18	1.170976E-18
4.242421E+03	7.026021E-18	1.171717E-18
4.242816E+03	7.036022E-18	1.173330E-18
4.243015E+03	7.035149E-18	1.173156E-18
4.243212E+03	7.026315E-18	1.171656E-18
4.243608E+03	7.036206E-18	1.173250E-18
4.243806E+03	7.044509E-18	1.174607E-18
4.244004E+03	7.054162E-18	1.176189E-18
4.244202E+03	7.067397E-18	1.178368E-18
4.244401E+03	7.066967E-18	1.178268E-18
4.244599E+03	7.066426E-18	1.178150E-18
4.244797E+03	7.063526E-18	1.177639E-18
4.244995E+03	7.078222E-18	1.180061E-18
4.245193E+03	7.091569E-18	1.182259E-18
4.245391E+03	7.108729E-18	1.185092E-18
4.245589E+03	7.127237E-18	1.188149E-18
4.245787E+03	7.144398E-18	1.190982E-18
4.245986E+03	7.166595E-18	1.194654E-18
4.246184E+03	7.169078E-18	1.195040E-18
4.246382E+03	7.165737E-18	1.194455E-18
4.246580E+03	7.196237E-18	1.199511E-18
4.246778E+03	7.217994E-18	1.203109E-18
4.246976E+03	7.223951E-18	1.204074E-18
4.247174E+03	7.217027E-18	1.202891E-18
4.247372E+03	7.210207E-18	1.201726E-18
4.247570E+03	7.203622E-18	1.200600E-18
4.247768E+03	7.221341E-18	1.203525E-18
4.247966E+03	7.238396E-18	1.206339E-18
4.248164E+03	7.224968E-18	1.204073E-18
4.248362E+03	7.211547E-18	1.201808E-18
4.248560E+03	7.204844E-18	1.200662E-18
4.248758E+03	7.204859E-18	1.200637E-18
4.249154E+03	7.208936E-18	1.201259E-18
4.249948E+03	7.208684E-18	1.201104E-18
4.250146E+03	7.210498E-18	1.201378E-18
4.250344E+03	7.223966E-18	1.203593E-18
4.250542E+03	7.223088E-18	1.203419E-18
4.250938E+03	7.212032E-18	1.201520E-18
4.251136E+03	7.220573E-18	1.202915E-18
4.251334E+03	7.219363E-18	1.202685E-18
4.251532E+03	7.209294E-18	1.200979E-18
4.251730E+03	7.207745E-18	1.200693E-18
4.251928E+03	7.220211E-18	1.202741E-18
4.252126E+03	7.234463E-18	1.205086E-18
4.252324E+03	7.225515E-18	1.203568E-18
4.252522E+03	7.214774E-18	1.201750E-18
4.252720E+03	7.220181E-18	1.202622E-18
4.252918E+03	7.234884E-18	1.205043E-18
4.253116E+03	7.225825E-18	1.203506E-18
4.253314E+03	7.210709E-18	1.200960E-18
4.253512E+03	7.200078E-18	1.199161E-18
4.253908E+03	7.195524E-18	1.198346E-18
4.254107E+03	7.186236E-18	1.196770E-18
4.254305E+03	7.181882E-18	1.196017E-18
4.254504E+03	7.183026E-18	1.196179E-18
4.254702E+03	7.175758E-18	1.194941E-18
4.254899E+03	7.185643E-18	1.196559E-18
4.255097E+03	7.191273E-18	1.197468E-18
4.255295E+03	7.186586E-18	1.196659E-18
4.255493E+03	7.187951E-18	1.196858E-18
4.255691E+03	7.179221E-18	1.195376E-18
4.255889E+03	7.170159E-18	1.193839E-18
4.256087E+03	7.166033E-18	1.193124E-18
4.256285E+03	7.157974E-18	1.191754E-18
4.256483E+03	7.141170E-18	1.188928E-18
4.256681E+03	7.132556E-18	1.187466E-18
4.256879E+03	7.138629E-18	1.188449E-18
4.257077E+03	7.135173E-18	1.187845E-18
4.257275E+03	7.123415E-18	1.185860E-18
4.257473E+03	7.122653E-18	1.185705E-18
4.257672E+03	7.124467E-18	1.185979E-18
4.257870E+03	7.134127E-18	1.187559E-18
4.258068E+03	7.143573E-18	1.189103E-18
4.258266E+03	7.157160E-18	1.191336E-18
4.258464E+03	7.172326E-18	1.193833E-18
4.258662E+03	7.189509E-18	1.196664E-18
4.258860E+03	7.194240E-18	1.197424E-18
4.259058E+03	7.208168E-18	1.199713E-18
4.259256E+03	7.225913E-18	1.202638E-18
4.259455E+03	7.227730E-18	1.202912E-18
4.259653E+03	7.216082E-18	1.200945E-18
4.259851E+03	7.217226E-18	1.201107E-18
4.260049E+03	7.242037E-18	1.205208E-18
4.260247E+03	7.258330E-18	1.207890E-18
4.260445E+03	7.270578E-18	1.209900E-18
4.260643E+03	7.279461E-18	1.211350E-18
4.260841E+03	7.278251E-18	1.211120E-18
4.261039E+03	7.278275E-18	1.211095E-18
4.261237E+03	7.274370E-18	1.210416E-18
4.261435E+03	7.265527E-18	1.208916E-18
4.261634E+03	7.263978E-18	1.208630E-18
4.261832E+03	7.262089E-18	1.208287E-18
4.262030E+03	7.248763E-18	1.206041E-18
4.262228E+03	7.232062E-18	1.203234E-18
4.262426E+03	7.222213E-18	1.201567E-18
4.262624E+03	7.228068E-18	1.202512E-18
4.262822E+03	7.206316E-18	1.198865E-18
4.263020E+03	7.193771E-18	1.196750E-18
4.263218E+03	7.196259E-18	1.197135E-18
4.263416E+03	7.216817E-18	1.200527E-18
4.263614E+03	7.218744E-18	1.200819E-18
4.263812E+03	7.212372E-18	1.199730E-18
4.264010E+03	7.215311E-18	1.200191E-18
4.264208E+03	7.198718E-18	1.197402E-18
4.264407E+03	7.187744E-18	1.195548E-18
4.264605E+03	7.187426E-18	1.195467E-18
4.264803E+03	7.182618E-18	1.194639E-18
4.265001E+03	7.188364E-18	1.195566E-18
4.265199E+03	7.201628E-18	1.197744E-18
4.265397E+03	7.199294E-18	1.197327E-18
4.265596E+03	7.206052E-18	1.198423E-18
4.265794E+03	7.212914E-18	1.199536E-18
4.265991E+03	7.203282E-18	1.197906E-18
4.266189E+03	7.197018E-18	1.196835E-18
4.266387E+03	7.212869E-18	1.199443E-18
4.266784E+03	7.217849E-18	1.200214E-18
4.266981E+03	7.223929E-18	1.201196E-18
4.267179E+03	7.245957E-18	1.204831E-18
4.267377E+03	7.246985E-18	1.204973E-18
4.267575E+03	7.243189E-18	1.204313E-18
4.267773E+03	7.250288E-18	1.205465E-18
4.267971E+03	7.262434E-18	1.207456E-18
4.268169E+03	7.274803E-18	1.209483E-18
4.268367E+03	7.283359E-18	1.210877E-18
4.268565E+03	7.264404E-18	1.207697E-18
4.268763E+03	7.250168E-18	1.205302E-18
4.268961E+03	7.263216E-18	1.207442E-18
4.269159E+03	7.281541E-18	1.210460E-18
4.269358E+03	7.291554E-18	1.212095E-18
4.269557E+03	7.312237E-18	1.215505E-18
4.269755E+03	7.324497E-18	1.217514E-18
4.269953E+03	7.332945E-18	1.218889E-18
4.270151E+03	7.322750E-18	1.217165E-18
4.270349E+03	7.304243E-18	1.214060E-18
4.270547E+03	7.294610E-18	1.212430E-18
4.270745E+03	7.298565E-18	1.213059E-18
4.270943E+03	7.291288E-18	1.211820E-18
4.271141E+03	7.285807E-18	1.210881E-18
4.271339E+03	7.270445E-18	1.208299E-18
4.271537E+03	7.257773E-18	1.206164E-18
4.271735E+03	7.246564E-18	1.204273E-18
4.271933E+03	7.237718E-18	1.202774E-18
4.272131E+03	7.238747E-18	1.202916E-18
4.272329E+03	7.230012E-18	1.201436E-18
4.272527E+03	7.230818E-18	1.201542E-18
4.272725E+03	7.216577E-18	1.199146E-18
4.272923E+03	7.213562E-18	1.198617E-18
4.273121E+03	7.211789E-18	1.198294E-18
4.273320E+03	7.218545E-18	1.199388E-18
4.273518E+03	7.226321E-18	1.200651E-18
4.273716E+03	7.239486E-18	1.202810E-18
4.273914E+03	7.251077E-18	1.204707E-18
4.274112E+03	7.258625E-18	1.205932E-18
4.274310E+03	7.265272E-18	1.207008E-18
4.274509E+03	7.251140E-18	1.204631E-18
4.274707E+03	7.252287E-18	1.204793E-18
4.274905E+03	7.261181E-18	1.206242E-18
4.275103E+03	7.267718E-18	1.207299E-18
4.275499E+03	7.273161E-18	1.208146E-18
4.275697E+03	7.267116E-18	1.207113E-18
4.275895E+03	7.250957E-18	1.204400E-18
4.276093E+03	7.242101E-18	1.202900E-18
4.276291E+03	7.245385E-18	1.203417E-18
4.276489E+03	7.249223E-18	1.204026E-18
4.276687E+03	7.229358E-18	1.200698E-18
4.276885E+03	7.221292E-18	1.199329E-18
4.277083E+03	7.235807E-18	1.201711E-18
4.277282E+03	7.247291E-18	1.203590E-18
4.277480E+03	7.233938E-18	1.201344E-18
4.277678E+03	7.223735E-18	1.199621E-18
4.277876E+03	7.215891E-18	1.198289E-18
4.278073E+03	7.209058E-18	1.197126E-18
4.278271E+03	7.219196E-18	1.198781E-18
4.278469E+03	7.224159E-18	1.199577E-18
4.278668E+03	7.222386E-18	1.199253E-18
4.278866E+03	7.223644E-18	1.199434E-18
4.279063E+03	7.231527E-18	1.200714E-18
4.279261E+03	7.245712E-18	1.203041E-18
4.279459E+03	7.248095E-18	1.203408E-18
4.279658E+03	7.237440E-18	1.201610E-18
4.279856E+03	7.232404E-18	1.200745E-18
4.280054E+03	7.225682E-18	1.199600E-18
4.280252E+03	7.218849E-18	1.198437E-18
4.280450E+03	7.217408E-18	1.198169E-18
4.280846E+03	7.215316E-18	1.197765E-18
4.281045E+03	7.216796E-18	1.197982E-18
4.281243E+03	7.208165E-18	1.196521E-18
4.281441E+03	7.194023E-18	1.194145E-18
4.281837E+03	7.198114E-18	1.194766E-18
4.282035E+03	7.199816E-18	1.195020E-18
4.282233E+03	7.178253E-18	1.191413E-18
4.282431E+03	7.172654E-18	1.190455E-18
4.282629E+03	7.169524E-18	1.189907E-18
4.282827E+03	7.154596E-18	1.187401E-18
4.283025E+03	7.136744E-18	1.184410E-18
4.283223E+03	7.135301E-18	1.184142E-18
4.283421E+03	7.125875E-18	1.182550E-18
4.283619E+03	7.133428E-18	1.183775E-18
4.283817E+03	7.141092E-18	1.185018E-18
4.284015E+03	7.125487E-18	1.182401E-18
4.284213E+03	7.117525E-18	1.181051E-18
4.284411E+03	7.129688E-18	1.183041E-18
4.284610E+03	7.122962E-18	1.181897E-18
4.284808E+03	7.088911E-18	1.176218E-18
4.285007E+03	7.072512E-18	1.173469E-18
4.285205E+03	7.064771E-18	1.172157E-18
4.285403E+03	7.069852E-18	1.172972E-18
4.285601E+03	7.086396E-18	1.175689E-18
4.285799E+03	7.087993E-18	1.175925E-18
4.285997E+03	7.074405E-18	1.173643E-18
4.286195E+03	7.076223E-18	1.173916E-18
4.286393E+03	7.077702E-18	1.174134E-18
4.286591E+03	7.068953E-18	1.172654E-18
4.286789E+03	7.085388E-18	1.175352E-18
4.286987E+03	7.077534E-18	1.174021E-18
4.287185E+03	7.053036E-18	1.169930E-18
4.287383E+03	7.040119E-18	1.167759E-18
4.287581E+03	7.020570E-18	1.164489E-18
4.287977E+03	7.013297E-18	1.163226E-18
4.288175E+03	7.029962E-18	1.165962E-18
4.288373E+03	7.036162E-18	1.166963E-18
4.288571E+03	7.039779E-18	1.167535E-18
4.288770E+03	7.032604E-18	1.166317E-18
4.288968E+03	7.032394E-18	1.166254E-18
4.289166E+03	7.019135E-18	1.164027E-18
4.289364E+03	7.009708E-18	1.162436E-18
4.289761E+03	7.014019E-18	1.163095E-18
4.289959E+03	7.020338E-18	1.164115E-18
4.290157E+03	7.027331E-18	1.165247E-18
4.290355E+03	7.023857E-18	1.164643E-18
4.290552E+03	6.999578E-18	1.160589E-18
4.290750E+03	6.982267E-18	1.157691E-18
4.290949E+03	6.989489E-18	1.158861E-18
4.291147E+03	6.991418E-18	1.159153E-18
4.291344E+03	6.968930E-18	1.155397E-18
4.291542E+03	6.952186E-18	1.152593E-18
4.291740E+03	6.949835E-18	1.152176E-18
4.291938E+03	6.946140E-18	1.151535E-18
4.292136E+03	6.940869E-18	1.150634E-18
4.292334E+03	6.936947E-18	1.149956E-18
4.292532E+03	6.932687E-18	1.149222E-18
4.292731E+03	6.933717E-18	1.149365E-18
4.293127E+03	6.910793E-18	1.145510E-18
4.293325E+03	6.886726E-18	1.141494E-18
4.293523E+03	6.867274E-18	1.138242E-18
4.293721E+03	6.860650E-18	1.137117E-18
4.293919E+03	6.860102E-18	1.136999E-18
4.294117E+03	6.860905E-18	1.137105E-18
4.294315E+03	6.868010E-18	1.138255E-18
4.294513E+03	6.850580E-18	1.135339E-18
4.294712E+03	6.848345E-18	1.134941E-18
4.294910E+03	6.864793E-18	1.137639E-18
4.295108E+03	6.874375E-18	1.139200E-18
4.295306E+03	6.886771E-18	1.141227E-18
4.295504E+03	6.898268E-18	1.143104E-18
4.295702E+03	6.897496E-18	1.142949E-18
4.295900E+03	6.889407E-18	1.141581E-18
4.296098E+03	6.890774E-18	1.141780E-18
4.296296E+03	6.875818E-18	1.139275E-18
4.296494E+03	6.859173E-18	1.136490E-18
4.296693E+03	6.858739E-18	1.136390E-18
4.296891E+03	6.870011E-18	1.138230E-18
4.297089E+03	6.862146E-18	1.136900E-18
4.297287E+03	6.838745E-18	1.132996E-18
4.297485E+03	6.831555E-18	1.131777E-18
4.297683E+03	6.847219E-18	1.134345E-18
4.297881E+03	6.866485E-18	1.137509E-18
4.298079E+03	6.852202E-18	1.135116E-18
4.298277E+03	6.848952E-18	1.134550E-18
4.298475E+03	6.844126E-18	1.133724E-18
4.298673E+03	6.836485E-18	1.132431E-18
4.298871E+03	6.827717E-18	1.130951E-18
4.299069E+03	6.813207E-18	1.128520E-18
4.299267E+03	6.827522E-18	1.130864E-18
4.299465E+03	6.847128E-18	1.134084E-18
4.299664E+03	6.833632E-18	1.131822E-18
4.299862E+03	6.805045E-18	1.127060E-18
4.300060E+03	6.791772E-18	1.124834E-18
4.300258E+03	6.771967E-18	1.121527E-18
4.300457E+03	6.759143E-18	1.119377E-18
4.300655E+03	6.750711E-18	1.117953E-18
4.300853E+03	6.737435E-18	1.115728E-18
4.301051E+03	6.735422E-18	1.115367E-18
4.301249E+03	6.740614E-18	1.116200E-18
4.301447E+03	6.722045E-18	1.113099E-18
4.301645E+03	6.721946E-18	1.113055E-18
4.301843E+03	6.713512E-18	1.111632E-18
4.302041E+03	6.704176E-18	1.110059E-18
4.302239E+03	6.693151E-18	1.108207E-18
4.302437E+03	6.688658E-18	1.107437E-18
4.302634E+03	6.701622E-18	1.109557E-18
4.302832E+03	6.691047E-18	1.107779E-18
4.303031E+03	6.682049E-18	1.106262E-18
4.303229E+03	6.678681E-18	1.105678E-18
4.303426E+03	6.657854E-18	1.102204E-18
4.303624E+03	6.636914E-18	1.098711E-18
4.303822E+03	6.631405E-18	1.097772E-18
4.304020E+03	6.628488E-18	1.097263E-18
4.304218E+03	6.636046E-18	1.098488E-18
4.304417E+03	6.640000E-18	1.099115E-18
4.304615E+03	6.639223E-18	1.098960E-18
4.305210E+03	6.632385E-18	1.097749E-18
4.305408E+03	6.628790E-18	1.097127E-18
4.305606E+03	6.646940E-18	1.100105E-18
4.305804E+03	6.654163E-18	1.101274E-18
4.306002E+03	6.643583E-18	1.099496E-18
4.306200E+03	6.643932E-18	1.099527E-18
4.306398E+03	6.647662E-18	1.100118E-18
4.306596E+03	6.650265E-18	1.100522E-18
4.306794E+03	6.633375E-18	1.097701E-18
4.307190E+03	6.614580E-18	1.094538E-18
4.307388E+03	6.600392E-18	1.092164E-18
4.307586E+03	6.610995E-18	1.093892E-18
4.307784E+03	6.625092E-18	1.096198E-18
4.307982E+03	6.611580E-18	1.093935E-18
4.308181E+03	6.606632E-18	1.093090E-18
4.308379E+03	6.600445E-18	1.092040E-18
4.308577E+03	6.587721E-18	1.089909E-18
4.308775E+03	6.594831E-18	1.091059E-18
4.308973E+03	6.585037E-18	1.089412E-18
4.309171E+03	6.564760E-18	1.086031E-18
4.309369E+03	6.570744E-18	1.086995E-18
4.309567E+03	6.560047E-18	1.085199E-18
4.309766E+03	6.559381E-18	1.085063E-18
4.309964E+03	6.549585E-18	1.083416E-18
4.310162E+03	6.527052E-18	1.079663E-18
4.310360E+03	6.501362E-18	1.075387E-18
4.310558E+03	6.478828E-18	1.071634E-18
4.310756E+03	6.487177E-18	1.072989E-18
4.310954E+03	6.497894E-18	1.074735E-18
4.311152E+03	6.506469E-18	1.076128E-18
4.311350E+03	6.510198E-18	1.076718E-18
4.311548E+03	6.493636E-18	1.073953E-18
4.311746E+03	6.487220E-18	1.072866E-18
4.311944E+03	6.497599E-18	1.074557E-18
4.312143E+03	6.502005E-18	1.075259E-18
4.312341E+03	6.494347E-18	1.073967E-18
4.312539E+03	6.490410E-18	1.073290E-18
4.312737E+03	6.490982E-18	1.073358E-18
4.312935E+03	6.501025E-18	1.074993E-18
4.313133E+03	6.525499E-18	1.079014E-18
4.313331E+03	6.512768E-18	1.076883E-18
4.313529E+03	6.497781E-18	1.074379E-18
4.313727E+03	6.494858E-18	1.073869E-18
4.313925E+03	6.486636E-18	1.072484E-18
4.314123E+03	6.471197E-18	1.069905E-18
4.314321E+03	6.433432E-18	1.063636E-18
4.314519E+03	6.426674E-18	1.062493E-18
4.314718E+03	6.443596E-18	1.065264E-18
4.314915E+03	6.461645E-18	1.068223E-18
4.315113E+03	6.461991E-18	1.068254E-18
4.315312E+03	6.457602E-18	1.067502E-18
4.315509E+03	6.449828E-18	1.066192E-18
4.315707E+03	6.448709E-18	1.065981E-18
4.315905E+03	6.458640E-18	1.067597E-18
4.316104E+03	6.448724E-18	1.065932E-18
4.316302E+03	6.422906E-18	1.061638E-18
4.316500E+03	6.423816E-18	1.061763E-18
4.316698E+03	6.414011E-18	1.060117E-18
4.316896E+03	6.404319E-18	1.058489E-18
4.317094E+03	6.403761E-18	1.058371E-18
4.317292E+03	6.404671E-18	1.058496E-18
4.317490E+03	6.422724E-18	1.061454E-18
4.317688E+03	6.415738E-18	1.060274E-18
4.317886E+03	6.411911E-18	1.059615E-18
4.318084E+03	6.429062E-18	1.062424E-18
4.318282E+03	6.424333E-18	1.061617E-18
4.318480E+03	6.427047E-18	1.062039E-18
4.318678E+03	6.430777E-18	1.062630E-18
4.318876E+03	6.431123E-18	1.062661E-18
4.319074E+03	6.444893E-18	1.064911E-18
4.319272E+03	6.446593E-18	1.065166E-18
4.319470E+03	6.446714E-18	1.065160E-18
4.319668E+03	6.421451E-18	1.060960E-18
4.319868E+03	6.432177E-18	1.062706E-18
4.320066E+03	6.450573E-18	1.065720E-18
4.320264E+03	6.466263E-18	1.068286E-18
4.320660E+03	6.450597E-18	1.065646E-18
4.320858E+03	6.438645E-18	1.063646E-18
4.321056E+03	6.438653E-18	1.063621E-18
4.321254E+03	6.433019E-18	1.062665E-18
4.321452E+03	6.434607E-18	1.062901E-18
4.321650E+03	6.439353E-18	1.063660E-18
4.321848E+03	6.445680E-18	1.064679E-18
4.322046E+03	6.447041E-18	1.064878E-18
4.322244E+03	6.426512E-18	1.061461E-18
4.322442E+03	6.406095E-18	1.058063E-18
4.322640E+03	6.394028E-18	1.056044E-18
4.322838E+03	6.395501E-18	1.056262E-18
4.323036E+03	6.399232E-18	1.056853E-18
4.323234E+03	6.391791E-18	1.055598E-18
4.323432E+03	6.379158E-18	1.053486E-18
4.323630E+03	6.383228E-18	1.054133E-18
4.323829E+03	6.392376E-18	1.055618E-18
4.324027E+03	6.387304E-18	1.054754E-18
4.324225E+03	6.385279E-18	1.054394E-18
4.324423E+03	6.384270E-18	1.054202E-18
4.324621E+03	6.391839E-18	1.055426E-18
4.324820E+03	6.388799E-18	1.054898E-18
4.325018E+03	6.381356E-18	1.053644E-18
4.325216E+03	6.382943E-18	1.053880E-18
4.325414E+03	6.379676E-18	1.053315E-18
4.325612E+03	6.380586E-18	1.053440E-18
4.325810E+03	6.390864E-18	1.055111E-18
4.326008E+03	6.407352E-18	1.057808E-18
4.326206E+03	6.400135E-18	1.056590E-18
4.326403E+03	6.407930E-18	1.057852E-18
4.326602E+03	6.426677E-18	1.060921E-18
4.326800E+03	6.439215E-18	1.062964E-18
4.327195E+03	6.446568E-18	1.064127E-18
4.327393E+03	6.455269E-18	1.065537E-18
4.327591E+03	6.464309E-18	1.067003E-18
4.327790E+03	6.464881E-18	1.067072E-18
4.327988E+03	6.470648E-18	1.067997E-18
4.328186E+03	6.487817E-18	1.070805E-18
4.328384E+03	6.503520E-18	1.073371E-18
4.328582E+03	6.508046E-18	1.074092E-18
4.328780E+03	6.519459E-18	1.075949E-18
4.328978E+03	6.519242E-18	1.075887E-18
4.329176E+03	6.511460E-18	1.074577E-18
4.329374E+03	6.512034E-18	1.074645E-18
4.329572E+03	6.511930E-18	1.074602E-18
4.329770E+03	6.524699E-18	1.076683E-18
4.329969E+03	6.523015E-18	1.076378E-18
4.330167E+03	6.518959E-18	1.075683E-18
4.330365E+03	6.536698E-18	1.078584E-18
4.330563E+03	6.537498E-18	1.078689E-18
4.330761E+03	6.531410E-18	1.077659E-18
4.330959E+03	6.548698E-18	1.080485E-18
4.331157E+03	6.573554E-18	1.084559E-18
4.331355E+03	6.588359E-18	1.086975E-18
4.331554E+03	6.595372E-18	1.088106E-18
4.331752E+03	6.601707E-18	1.089125E-18
4.331950E+03	6.616062E-18	1.091466E-18
4.332148E+03	6.617315E-18	1.091646E-18
4.332346E+03	6.611792E-18	1.090709E-18
4.332544E+03	6.594070E-18	1.087758E-18
4.332742E+03	6.581995E-18	1.085740E-18
4.332940E+03	6.577939E-18	1.085045E-18
4.333138E+03	6.572301E-18	1.084088E-18
4.333336E+03	6.580557E-18	1.085424E-18
4.333534E+03	6.593333E-18	1.087504E-18
4.333732E+03	6.591084E-18	1.087107E-18
4.333930E+03	6.590868E-18	1.087045E-18
4.334128E+03	6.612004E-18	1.090504E-18
4.334326E+03	6.626927E-18	1.092939E-18
4.334524E+03	6.635637E-18	1.094348E-18
4.334722E+03	6.621188E-18	1.091939E-18
4.334921E+03	6.617245E-18	1.091262E-18
4.335119E+03	6.650473E-18	1.096715E-18
4.335317E+03	6.663816E-18	1.098888E-18
4.335516E+03	6.663489E-18	1.098807E-18
4.335714E+03	6.653220E-18	1.097087E-18
4.335912E+03	6.641933E-18	1.095199E-18
4.336110E+03	6.669288E-18	1.099683E-18
4.336308E+03	6.677322E-18	1.100981E-18
4.336506E+03	6.659368E-18	1.097994E-18
4.336704E+03	6.662883E-18	1.098546E-18
4.336902E+03	6.664025E-18	1.098708E-18
4.337100E+03	6.676015E-18	1.100658E-18
4.337298E+03	6.707103E-18	1.105756E-18
4.337496E+03	6.717512E-18	1.107445E-18
4.337694E+03	6.711197E-18	1.106377E-18
4.337892E+03	6.712113E-18	1.106501E-18
4.338090E+03	6.709414E-18	1.106029E-18
4.338288E+03	6.714174E-18	1.106787E-18
4.338485E+03	6.721532E-18	1.107973E-18
4.338684E+03	6.729231E-18	1.109214E-18
4.338882E+03	6.735799E-18	1.110270E-18
4.339079E+03	6.738524E-18	1.110692E-18
4.339278E+03	6.742042E-18	1.111245E-18
4.339476E+03	6.740925E-18	1.111033E-18
4.339674E+03	6.744103E-18	1.111530E-18
4.339873E+03	6.736657E-18	1.110276E-18
4.340071E+03	6.718812E-18	1.107307E-18
4.340269E+03	6.699157E-18	1.104041E-18
4.340467E+03	6.691257E-18	1.102712E-18
4.340665E+03	6.703930E-18	1.104774E-18
4.340863E+03	6.719995E-18	1.107394E-18
4.341061E+03	6.705651E-18	1.105003E-18
4.341457E+03	6.698103E-18	1.103705E-18
4.341655E+03	6.689411E-18	1.102246E-18
4.341853E+03	6.690441E-18	1.102389E-18
4.342051E+03	6.713516E-18	1.106164E-18
4.342249E+03	6.720199E-18	1.107238E-18
4.342447E+03	6.709133E-18	1.105388E-18
4.342645E+03	6.726670E-18	1.108250E-18
4.342843E+03	6.741720E-18	1.110702E-18
4.343041E+03	6.766495E-18	1.114757E-18
4.343240E+03	6.779511E-18	1.116874E-18
4.343438E+03	6.785970E-18	1.117910E-18
4.343636E+03	6.774565E-18	1.116004E-18
4.343834E+03	6.771187E-18	1.115420E-18
4.344032E+03	6.785448E-18	1.117742E-18
4.344230E+03	6.775850E-18	1.116134E-18
4.344428E+03	6.767837E-18	1.114786E-18
4.344626E+03	6.770564E-18	1.115208E-18
4.344824E+03	6.759496E-18	1.113358E-18
4.345023E+03	6.741644E-18	1.110390E-18
4.345221E+03	6.748781E-18	1.111539E-18
4.345419E+03	6.750378E-18	1.111774E-18
4.345617E+03	6.731619E-18	1.108657E-18
4.345815E+03	6.713763E-18	1.105690E-18
4.346013E+03	6.712420E-18	1.105441E-18
4.346211E+03	6.706438E-18	1.104429E-18
4.346607E+03	6.699791E-18	1.103280E-18
4.346805E+03	6.707721E-18	1.104559E-18
4.347003E+03	6.716217E-18	1.105931E-18
4.347202E+03	6.724826E-18	1.107322E-18
4.347400E+03	6.734567E-18	1.108898E-18
4.347598E+03	6.734354E-18	1.108836E-18
4.347796E+03	6.738779E-18	1.109537E-18
4.347994E+03	6.741281E-18	1.109922E-18
4.348192E+03	6.744801E-18	1.110474E-18
4.348390E+03	6.761217E-18	1.113150E-18
4.348588E+03	6.799806E-18	1.119476E-18
4.348786E+03	6.821314E-18	1.122989E-18
4.348984E+03	6.805831E-18	1.120412E-18
4.349182E+03	6.797021E-18	1.118935E-18
4.349380E+03	6.798733E-18	1.119189E-18
4.349578E+03	6.784153E-18	1.116762E-18
4.349776E+03	6.775004E-18	1.115228E-18
4.349975E+03	6.796402E-18	1.118723E-18
4.350173E+03	6.807730E-18	1.120560E-18
4.350371E+03	6.808311E-18	1.120628E-18
4.350568E+03	6.801649E-18	1.119504E-18
4.350766E+03	6.773264E-18	1.114805E-18
4.350965E+03	6.778031E-18	1.115562E-18
4.351164E+03	6.787550E-18	1.117101E-18
4.351361E+03	6.775231E-18	1.115046E-18
4.351559E+03	6.785202E-18	1.116660E-18
4.351757E+03	6.802077E-18	1.119410E-18
4.351955E+03	6.812955E-18	1.121172E-18
4.352153E+03	6.803011E-18	1.119508E-18
4.352351E+03	6.798047E-18	1.118664E-18
4.352549E+03	6.803720E-18	1.119570E-18
4.352747E+03	6.813467E-18	1.121146E-18
4.352945E+03	6.806692E-18	1.120004E-18
4.353143E+03	6.789391E-18	1.117130E-18
4.353341E+03	6.781823E-18	1.115857E-18
4.353539E+03	6.788062E-18	1.116856E-18
4.353737E+03	6.793169E-18	1.117669E-18
4.353935E+03	6.789449E-18	1.117029E-18
4.354133E+03	6.773505E-18	1.114379E-18
4.354331E+03	6.774424E-18	1.114503E-18
4.354529E+03	6.763346E-18	1.112653E-18
4.354727E+03	6.743213E-18	1.109313E-18
4.354927E+03	6.742661E-18	1.109195E-18
4.355125E+03	6.775274E-18	1.114533E-18
4.355323E+03	6.790683E-18	1.117040E-18
4.355521E+03	6.780396E-18	1.115320E-18
4.355719E+03	6.782109E-18	1.115575E-18
4.355917E+03	6.809971E-18	1.120130E-18
4.356115E+03	6.836362E-18	1.124443E-18
4.356313E+03	6.859358E-18	1.128198E-18
4.356511E+03	6.870921E-18	1.130072E-18
4.356709E+03	6.892220E-18	1.133547E-18
4.356907E+03	6.922012E-18	1.138419E-18
4.357105E+03	6.927463E-18	1.139287E-18
4.357303E+03	6.914233E-18	1.137084E-18
4.357501E+03	6.914930E-18	1.137170E-18
4.357699E+03	6.926382E-18	1.139025E-18
4.357897E+03	6.934438E-18	1.140322E-18
4.358095E+03	6.948268E-18	1.142568E-18
4.358293E+03	6.960627E-18	1.144572E-18
4.358491E+03	6.966646E-18	1.145534E-18
4.358689E+03	7.001425E-18	1.151224E-18
4.358888E+03	7.017069E-18	1.153768E-18
4.359086E+03	7.004862E-18	1.151733E-18
4.359284E+03	7.007371E-18	1.152117E-18
4.359482E+03	7.031169E-18	1.156001E-18
4.359680E+03	7.041718E-18	1.157707E-18
4.359878E+03	7.045025E-18	1.158222E-18
4.360077E+03	7.060330E-18	1.160709E-18
4.360275E+03	7.062050E-18	1.160964E-18
4.360473E+03	7.058561E-18	1.160361E-18
4.360671E+03	7.050087E-18	1.158940E-18
4.360869E+03	7.055310E-18	1.159770E-18
4.361067E+03	7.056009E-18	1.159856E-18
4.361265E+03	7.050485E-18	1.158919E-18
4.361463E+03	7.055484E-18	1.159713E-18
4.361661E+03	7.046554E-18	1.158216E-18
4.361859E+03	7.040008E-18	1.157112E-18
4.362057E+03	7.035945E-18	1.156415E-18
4.362255E+03	7.031210E-18	1.155609E-18
4.362453E+03	7.029076E-18	1.155229E-18
4.362651E+03	7.021732E-18	1.153994E-18
4.362849E+03	7.003289E-18	1.150935E-18
4.363048E+03	6.991751E-18	1.149010E-18
4.363246E+03	6.993355E-18	1.149245E-18
4.363444E+03	6.991675E-18	1.148941E-18
4.363641E+03	6.999619E-18	1.150218E-18
4.363839E+03	7.003717E-18	1.150863E-18
4.364037E+03	6.993994E-18	1.149237E-18
4.364235E+03	6.981777E-18	1.147201E-18
4.364433E+03	6.972845E-18	1.145705E-18
4.364631E+03	6.984646E-18	1.147616E-18
4.364829E+03	6.986816E-18	1.147944E-18
4.365028E+03	6.969161E-18	1.145015E-18
4.365226E+03	6.947878E-18	1.141490E-18
4.365424E+03	6.954014E-18	1.142470E-18
4.365622E+03	6.955731E-18	1.142724E-18
4.365820E+03	6.958355E-18	1.143127E-18
4.366018E+03	6.948741E-18	1.141519E-18
4.366216E+03	6.946379E-18	1.141103E-18
4.366414E+03	6.951042E-18	1.141841E-18
4.366613E+03	6.950833E-18	1.141778E-18
4.366811E+03	6.947564E-18	1.141213E-18
4.367009E+03	6.957327E-18	1.142788E-18
4.367207E+03	6.967657E-18	1.144457E-18
4.367405E+03	6.970282E-18	1.144860E-18
4.367603E+03	6.976645E-18	1.145877E-18
4.367801E+03	6.993323E-18	1.148587E-18
4.367999E+03	7.004674E-18	1.150423E-18
4.368197E+03	7.023166E-18	1.153432E-18
4.368395E+03	7.029421E-18	1.154431E-18
4.368593E+03	7.024788E-18	1.153641E-18
4.368791E+03	7.026397E-18	1.153877E-18
4.368989E+03	7.019273E-18	1.152678E-18
4.369187E+03	7.016802E-18	1.152244E-18
4.369385E+03	7.015688E-18	1.152033E-18
4.369583E+03	7.023070E-18	1.153216E-18
4.369781E+03	7.051426E-18	1.157844E-18
4.369980E+03	7.075480E-18	1.161765E-18
4.370178E+03	7.093635E-18	1.164717E-18
4.370376E+03	7.104763E-18	1.166515E-18
4.370575E+03	7.105352E-18	1.166583E-18
4.370773E+03	7.106732E-18	1.166781E-18
4.370971E+03	7.135324E-18	1.171446E-18
4.371169E+03	7.169579E-18	1.177041E-18
4.371367E+03	7.181389E-18	1.178950E-18
4.371565E+03	7.196034E-18	1.181325E-18
4.371763E+03	7.197870E-18	1.181598E-18
4.371961E+03	7.191888E-18	1.180586E-18
4.372159E+03	7.187033E-18	1.179760E-18
4.372357E+03	7.200209E-18	1.181894E-18
4.372555E+03	7.213267E-18	1.184008E-18
4.372753E+03	7.192542E-18	1.180577E-18
4.372951E+03	7.191655E-18	1.180402E-18
4.373149E+03	7.187254E-18	1.179650E-18
4.373347E+03	7.188636E-18	1.179848E-18
4.373545E+03	7.188092E-18	1.179729E-18
4.373743E+03	7.205239E-18	1.182514E-18
4.373941E+03	7.221702E-18	1.185187E-18
4.374139E+03	7.226598E-18	1.185961E-18
4.374338E+03	7.241367E-18	1.188355E-18
4.374536E+03	7.247511E-18	1.189334E-18
4.374733E+03	7.250258E-18	1.189756E-18
4.374931E+03	7.237351E-18	1.187608E-18
4.375130E+03	7.217980E-18	1.184400E-18
4.375329E+03	7.228214E-18	1.186050E-18
4.375527E+03	7.237082E-18	1.187475E-18
4.375725E+03	7.247196E-18	1.189105E-18
4.375922E+03	7.250966E-18	1.189695E-18
4.376120E+03	7.267888E-18	1.192442E-18
4.376318E+03	7.279481E-18	1.194314E-18
4.376516E+03	7.277685E-18	1.193990E-18
4.376714E+03	7.298579E-18	1.197388E-18
4.376912E+03	7.327982E-18	1.202182E-18
4.377110E+03	7.342868E-18	1.204594E-18
4.377308E+03	7.343574E-18	1.204680E-18
4.377506E+03	7.341443E-18	1.204301E-18
4.377704E+03	7.348956E-18	1.205503E-18
4.377902E+03	7.371212E-18	1.209124E-18
4.378100E+03	7.367156E-18	1.208429E-18
4.378299E+03	7.374214E-18	1.209557E-18
4.378497E+03	7.390687E-18	1.212228E-18
4.378695E+03	7.393663E-18	1.212686E-18
4.378893E+03	7.391196E-18	1.212252E-18
4.379091E+03	7.400862E-18	1.213807E-18
4.379289E+03	7.406220E-18	1.214656E-18
4.379487E+03	7.404888E-18	1.214407E-18
4.379685E+03	7.410694E-18	1.215329E-18
4.379883E+03	7.420144E-18	1.216849E-18
4.380082E+03	7.423801E-18	1.217418E-18
4.380280E+03	7.428137E-18	1.218099E-18
4.380478E+03	7.425895E-18	1.217701E-18
4.380676E+03	7.423653E-18	1.217303E-18
4.380874E+03	7.431849E-18	1.218617E-18
4.381072E+03	7.448103E-18	1.221251E-18
4.381270E+03	7.452664E-18	1.221969E-18
4.381468E+03	7.455074E-18	1.222334E-18
4.381666E+03	7.459642E-18	1.223053E-18
4.381864E+03	7.461142E-18	1.223268E-18
4.382063E+03	7.450731E-18	1.221531E-18
4.382261E+03	7.452006E-18	1.221709E-18
4.382459E+03	7.450787E-18	1.221479E-18
4.382657E+03	7.439465E-18	1.219593E-18
4.382855E+03	7.435064E-18	1.218841E-18
4.383053E+03	7.441448E-18	1.219857E-18
4.383251E+03	7.441700E-18	1.219868E-18
4.383449E+03	7.436956E-18	1.219060E-18
4.383647E+03	7.450039E-18	1.221175E-18
4.383845E+03	7.471518E-18	1.224665E-18
4.384043E+03	7.485842E-18	1.226982E-18
4.384241E+03	7.483264E-18	1.226529E-18
4.384439E+03	7.484428E-18	1.226689E-18
4.384637E+03	7.486952E-18	1.227073E-18
4.384835E+03	7.481872E-18	1.226210E-18
4.385034E+03	7.481782E-18	1.226164E-18
4.385232E+03	7.485554E-18	1.226752E-18
4.385430E+03	7.493075E-18	1.227954E-18
4.385628E+03	7.499804E-18	1.229026E-18
4.385826E+03	7.495292E-18	1.228256E-18
4.386025E+03	7.489644E-18	1.227300E-18
4.386223E+03	7.489665E-18	1.227273E-18
4.386421E+03	7.487991E-18	1.226968E-18
4.386619E+03	7.488812E-18	1.227072E-18
4.386817E+03	7.486234E-18	1.226619E-18
4.387014E+03	7.489781E-18	1.227170E-18
4.387212E+03	7.488099E-18	1.226864E-18
4.387411E+03	7.488241E-18	1.226856E-18
4.387609E+03	7.474081E-18	1.224506E-18
4.387807E+03	7.467520E-18	1.223401E-18
4.388004E+03	7.470388E-18	1.223840E-18
4.388202E+03	7.478135E-18	1.225079E-18
4.388400E+03	7.489633E-18	1.226932E-18
4.388598E+03	7.504532E-18	1.229342E-18
4.388796E+03	7.502290E-18	1.228944E-18
4.389192E+03	7.500869E-18	1.228650E-18
4.389390E+03	7.497602E-18	1.228084E-18
4.389588E+03	7.484569E-18	1.225919E-18
4.389787E+03	7.490053E-18	1.226787E-18
4.389985E+03	7.500642E-18	1.228490E-18
4.390184E+03	7.494536E-18	1.227460E-18
4.390382E+03	7.500813E-18	1.228457E-18
4.390580E+03	7.494931E-18	1.227463E-18
4.390778E+03	7.480423E-18	1.225057E-18
4.390976E+03	7.480109E-18	1.224975E-18
4.391174E+03	7.477522E-18	1.224521E-18
4.391372E+03	7.470166E-18	1.223286E-18
4.391570E+03	7.484620E-18	1.225622E-18
4.391768E+03	7.504299E-18	1.228814E-18
4.391966E+03	7.517506E-18	1.230946E-18
4.392164E+03	7.530369E-18	1.233021E-18
4.392362E+03	7.538577E-18	1.234334E-18
4.392560E+03	7.533718E-18	1.233508E-18
4.392758E+03	7.537269E-18	1.234059E-18
4.392956E+03	7.543997E-18	1.235129E-18
4.393154E+03	7.546299E-18	1.235476E-18
4.393352E+03	7.547122E-18	1.235579E-18
4.393550E+03	7.539085E-18	1.234233E-18
4.393749E+03	7.546950E-18	1.235490E-18
4.393947E+03	7.540050E-18	1.234329E-18
4.394145E+03	7.530877E-18	1.232797E-18
4.394343E+03	7.549537E-18	1.235821E-18
4.394541E+03	7.545134E-18	1.235069E-18
4.394739E+03	7.530510E-18	1.232645E-18
4.394937E+03	7.540992E-18	1.234330E-18
4.395136E+03	7.548290E-18	1.235493E-18
4.395334E+03	7.540141E-18	1.234128E-18
4.395532E+03	7.552889E-18	1.236184E-18
4.395730E+03	7.566670E-18	1.238409E-18
4.395928E+03	7.575449E-18	1.239815E-18
4.396126E+03	7.601045E-18	1.243973E-18
4.396324E+03	7.613010E-18	1.245900E-18
4.396522E+03	7.618718E-18	1.246803E-18
4.396720E+03	7.620117E-18	1.247001E-18
4.396918E+03	7.631733E-18	1.248870E-18
4.397116E+03	7.639945E-18	1.250183E-18
4.397314E+03	7.640658E-18	1.250268E-18
4.397512E+03	7.639897E-18	1.250113E-18
4.397711E+03	7.640265E-18	1.250142E-18
4.397909E+03	7.634957E-18	1.249242E-18
4.398107E+03	7.628961E-18	1.248230E-18
4.398305E+03	7.620922E-18	1.246883E-18
4.398503E+03	7.609698E-18	1.245016E-18
4.398701E+03	7.598136E-18	1.243093E-18
4.398899E+03	7.585886E-18	1.241058E-18
4.399096E+03	7.597060E-18	1.242855E-18
4.399294E+03	7.612776E-18	1.245395E-18
4.399492E+03	7.616443E-18	1.245964E-18
4.399691E+03	7.623970E-18	1.247164E-18
4.399889E+03	7.626507E-18	1.247548E-18
4.400086E+03	7.625057E-18	1.247279E-18
4.400285E+03	7.646229E-18	1.250711E-18
4.400483E+03	7.658881E-18	1.252749E-18
4.400681E+03	7.657888E-18	1.252556E-18
4.400879E+03	7.633592E-18	1.248550E-18
4.401077E+03	7.618498E-18	1.246050E-18
4.401275E+03	7.606365E-18	1.244035E-18
4.401474E+03	7.596505E-18	1.242391E-18
4.401672E+03	7.588688E-18	1.241082E-18
4.401870E+03	7.589625E-18	1.241204E-18
4.402068E+03	7.593067E-18	1.241736E-18
4.402266E+03	7.569560E-18	1.237861E-18
4.402464E+03	7.545259E-18	1.233856E-18
4.402662E+03	7.542783E-18	1.233420E-18
4.402860E+03	7.532464E-18	1.231702E-18
4.403058E+03	7.529763E-18	1.231229E-18
4.403454E+03	7.517655E-18	1.229188E-18
4.403652E+03	7.514610E-18	1.228659E-18
4.403850E+03	7.515545E-18	1.228781E-18
4.404048E+03	7.509662E-18	1.227789E-18
4.404246E+03	7.524359E-18	1.230161E-18
4.404444E+03	7.540538E-18	1.232775E-18
4.404642E+03	7.539430E-18	1.232563E-18
4.404840E+03	7.534566E-18	1.231737E-18
4.405038E+03	7.538577E-18	1.232362E-18
4.405237E+03	7.551113E-18	1.234380E-18
4.405436E+03	7.555012E-18	1.234987E-18
4.405634E+03	7.556861E-18	1.235258E-18
4.405832E+03	7.567691E-18	1.236997E-18
4.406030E+03	7.552027E-18	1.234406E-18
4.406228E+03	7.528966E-18	1.230606E-18
4.406426E+03	7.533659E-18	1.231342E-18
4.406624E+03	7.552910E-18	1.234458E-18
4.406822E+03	7.556690E-18	1.235044E-18
4.407020E+03	7.558083E-18	1.235241E-18
4.407218E+03	7.564940E-18	1.236331E-18
4.407416E+03	7.576228E-18	1.238145E-18
4.407614E+03	7.567044E-18	1.236613E-18
4.407812E+03	7.558653E-18	1.235210E-18
4.408010E+03	7.555382E-18	1.234645E-18
4.408208E+03	7.546309E-18	1.233131E-18
4.408406E+03	7.542925E-18	1.232548E-18
4.408604E+03	7.538066E-18	1.231723E-18
4.409000E+03	7.534248E-18	1.231037E-18
4.409198E+03	7.540881E-18	1.232090E-18
4.409397E+03	7.533963E-18	1.230929E-18
4.409595E+03	7.520224E-18	1.228653E-18
4.409793E+03	7.523443E-18	1.229148E-18
4.409991E+03	7.519489E-18	1.228472E-18
4.410190E+03	7.516105E-18	1.227888E-18
4.410388E+03	7.513282E-18	1.227396E-18
4.410586E+03	7.504325E-18	1.225902E-18
4.410784E+03	7.497525E-18	1.224760E-18
4.410982E+03	7.489468E-18	1.223413E-18
4.411180E+03	7.477096E-18	1.221362E-18
4.411377E+03	7.471201E-18	1.220368E-18
4.411575E+03	7.461898E-18	1.218818E-18
4.411773E+03	7.455097E-18	1.217677E-18
4.411972E+03	7.445106E-18	1.216014E-18
4.412169E+03	7.453783E-18	1.217401E-18
4.412367E+03	7.481580E-18	1.221910E-18
4.412565E+03	7.486500E-18	1.222683E-18
4.412763E+03	7.471962E-18	1.220278E-18
4.412961E+03	7.454008E-18	1.217316E-18
4.413160E+03	7.433889E-18	1.213999E-18
4.413358E+03	7.440283E-18	1.215013E-18
4.413556E+03	7.437352E-18	1.214504E-18
4.413754E+03	7.416775E-18	1.211113E-18
4.413952E+03	7.419304E-18	1.211496E-18
4.414150E+03	7.430717E-18	1.213329E-18
4.414348E+03	7.419359E-18	1.211444E-18
4.414546E+03	7.388083E-18	1.206307E-18
4.414744E+03	7.367728E-18	1.202953E-18
4.414942E+03	7.350226E-18	1.200065E-18
4.415140E+03	7.324745E-18	1.195875E-18
4.415339E+03	7.327281E-18	1.196259E-18
4.415537E+03	7.332423E-18	1.197069E-18
4.415735E+03	7.313661E-18	1.193975E-18
4.415933E+03	7.293766E-18	1.190698E-18
4.416131E+03	7.300961E-18	1.191842E-18
4.416329E+03	7.305991E-18	1.192633E-18
4.416527E+03	7.299753E-18	1.191585E-18
4.416725E+03	7.302287E-18	1.191969E-18
4.416923E+03	7.304928E-18	1.192370E-18
4.417122E+03	7.296756E-18	1.191006E-18
4.417320E+03	7.279923E-18	1.188229E-18
4.417518E+03	7.261845E-18	1.185248E-18
4.417716E+03	7.236589E-18	1.181096E-18
4.417914E+03	7.224542E-18	1.179100E-18
4.418112E+03	7.211355E-18	1.176919E-18
4.418310E+03	7.198737E-18	1.174830E-18
4.418508E+03	7.192608E-18	1.173800E-18
4.418706E+03	7.193771E-18	1.173960E-18
4.418904E+03	7.171927E-18	1.170366E-18
4.419102E+03	7.155771E-18	1.167700E-18
4.419300E+03	7.167409E-18	1.169570E-18
4.419498E+03	7.164816E-18	1.169117E-18
4.419696E+03	7.141374E-18	1.165263E-18
4.419894E+03	7.134899E-18	1.164177E-18
4.420092E+03	7.146312E-18	1.166010E-18
4.420291E+03	7.153620E-18	1.167173E-18
4.420489E+03	7.162412E-18	1.168578E-18
4.420687E+03	7.153208E-18	1.167047E-18
4.420885E+03	7.152548E-18	1.166910E-18
4.421084E+03	7.145847E-18	1.165787E-18
4.421282E+03	7.125594E-18	1.162454E-18
4.421480E+03	7.112739E-18	1.160328E-18
4.421678E+03	7.100003E-18	1.158221E-18
4.421876E+03	7.090340E-18	1.156615E-18
4.422074E+03	7.075781E-18	1.154211E-18
4.422272E+03	7.060990E-18	1.151769E-18
4.422470E+03	7.052577E-18	1.150368E-18
4.422668E+03	7.047357E-18	1.149488E-18
4.422866E+03	7.059110E-18	1.151376E-18
4.423064E+03	7.085331E-18	1.155624E-18
4.423262E+03	7.105519E-18	1.158887E-18
4.423459E+03	7.118524E-18	1.160979E-18
4.423657E+03	7.124581E-18	1.161938E-18
4.423855E+03	7.130188E-18	1.162823E-18
4.424054E+03	7.133855E-18	1.163391E-18
4.424251E+03	7.131365E-18	1.162956E-18
4.424449E+03	7.121812E-18	1.161369E-18
4.424647E+03	7.131746E-18	1.162960E-18
4.424846E+03	7.152620E-18	1.166334E-18
4.425044E+03	7.150588E-18	1.165973E-18
4.425243E+03	7.138876E-18	1.164034E-18
4.425441E+03	7.122371E-18	1.161314E-18
4.425639E+03	7.120796E-18	1.161028E-18
4.425837E+03	7.114324E-18	1.159943E-18
4.426035E+03	7.105564E-18	1.158486E-18
4.426233E+03	7.115732E-18	1.160114E-18
4.426431E+03	7.118596E-18	1.160552E-18
4.426629E+03	7.097762E-18	1.157126E-18
4.426827E+03	7.068491E-18	1.152325E-18
4.427025E+03	7.060764E-18	1.151036E-18
4.427223E+03	7.059187E-18	1.150750E-18
4.427619E+03	7.051473E-18	1.149435E-18
4.427817E+03	7.040664E-18	1.147644E-18
4.428015E+03	7.030768E-18	1.146002E-18
4.428213E+03	7.029988E-18	1.145846E-18
4.428411E+03	7.048359E-18	1.148811E-18
4.428808E+03	7.051701E-18	1.149298E-18
4.429006E+03	7.041347E-18	1.147581E-18
4.429204E+03	7.050488E-18	1.149042E-18
4.429402E+03	7.078091E-18	1.153512E-18
4.429600E+03	7.101253E-18	1.157257E-18
4.429798E+03	7.108798E-18	1.158457E-18
4.429996E+03	7.101859E-18	1.157297E-18
4.430195E+03	7.095729E-18	1.156269E-18
4.430393E+03	7.083432E-18	1.154236E-18
4.430591E+03	7.063617E-18	1.150978E-18
4.430789E+03	7.051552E-18	1.148983E-18
4.430987E+03	7.048601E-18	1.148474E-18
4.431185E+03	7.038246E-18	1.146757E-18
4.431383E+03	7.032564E-18	1.145803E-18
4.431581E+03	7.034065E-18	1.146018E-18
4.431779E+03	7.034882E-18	1.146122E-18
4.431977E+03	7.035242E-18	1.146152E-18
4.432175E+03	7.040845E-18	1.147036E-18
4.432571E+03	7.038263E-18	1.146557E-18
4.432770E+03	7.036114E-18	1.146178E-18
4.432968E+03	7.040238E-18	1.146821E-18
4.433166E+03	7.037178E-18	1.146294E-18
4.433364E+03	7.031153E-18	1.145283E-18
4.433562E+03	7.023188E-18	1.143957E-18
4.433760E+03	7.013969E-18	1.142427E-18
4.433958E+03	7.024137E-18	1.144054E-18
4.434354E+03	7.031359E-18	1.145172E-18
4.434552E+03	7.035825E-18	1.145871E-18
4.434750E+03	7.032421E-18	1.145287E-18
4.434948E+03	7.009857E-18	1.141584E-18
4.435146E+03	7.016719E-18	1.142672E-18
4.435345E+03	7.033162E-18	1.145321E-18
4.435543E+03	7.030785E-18	1.144905E-18
4.435741E+03	7.018370E-18	1.142854E-18
4.435938E+03	7.025802E-18	1.144036E-18
4.436136E+03	7.041448E-18	1.146554E-18
4.436334E+03	7.040668E-18	1.146398E-18
4.436533E+03	7.034755E-18	1.145407E-18
4.436731E+03	7.033404E-18	1.145158E-18
4.436929E+03	7.032054E-18	1.144909E-18
4.437325E+03	7.029467E-18	1.144430E-18
4.437523E+03	7.024579E-18	1.143605E-18
4.437721E+03	7.021631E-18	1.143096E-18
4.437919E+03	7.021992E-18	1.143126E-18
4.438117E+03	7.020869E-18	1.142914E-18
4.438315E+03	6.996129E-18	1.138858E-18
4.438513E+03	6.987019E-18	1.137346E-18
4.438711E+03	6.997647E-18	1.139048E-18
4.438909E+03	7.005196E-18	1.140248E-18
4.439107E+03	7.008295E-18	1.140723E-18
4.439305E+03	7.009225E-18	1.140846E-18
4.439503E+03	7.014948E-18	1.141748E-18
4.439701E+03	7.017362E-18	1.142112E-18
4.440097E+03	7.033374E-18	1.144660E-18
4.440296E+03	7.028258E-18	1.143798E-18
4.440495E+03	7.018120E-18	1.142120E-18
4.440693E+03	7.008095E-18	1.140459E-18
4.440891E+03	7.005717E-18	1.140043E-18
4.441089E+03	7.001626E-18	1.139349E-18
4.441287E+03	6.998220E-18	1.138766E-18
4.441485E+03	6.989222E-18	1.137273E-18
4.441683E+03	6.969153E-18	1.133978E-18
4.441881E+03	6.951822E-18	1.131130E-18
4.442079E+03	6.955833E-18	1.131754E-18
4.442277E+03	6.963725E-18	1.133009E-18
4.442475E+03	6.963514E-18	1.132946E-18
4.442673E+03	6.966385E-18	1.133384E-18
4.442871E+03	6.969255E-18	1.133823E-18
4.443069E+03	6.972582E-18	1.134335E-18
4.443267E+03	6.974654E-18	1.134643E-18
4.443465E+03	6.978210E-18	1.135193E-18
4.443663E+03	6.979368E-18	1.135353E-18
4.443861E+03	6.991143E-18	1.137239E-18
4.444059E+03	7.006229E-18	1.139665E-18
4.444258E+03	7.022914E-18	1.142350E-18
4.444456E+03	7.030010E-18	1.143475E-18
4.444654E+03	7.029571E-18	1.143375E-18
4.444852E+03	7.023768E-18	1.142402E-18
4.445050E+03	7.019790E-18	1.141726E-18
4.445249E+03	7.024147E-18	1.142405E-18
4.445447E+03	7.029873E-18	1.143307E-18
4.445645E+03	7.031718E-18	1.143579E-18
4.445843E+03	7.016323E-18	1.141046E-18
4.446041E+03	7.005494E-18	1.139256E-18
4.446239E+03	7.012933E-18	1.140437E-18
4.446437E+03	7.016148E-18	1.140931E-18
4.446635E+03	7.017651E-18	1.141146E-18
4.446833E+03	7.022007E-18	1.141825E-18
4.447031E+03	7.027392E-18	1.142672E-18
4.447228E+03	7.028323E-18	1.142794E-18
4.447427E+03	7.026971E-18	1.142546E-18
4.447625E+03	7.026875E-18	1.142501E-18
4.447823E+03	7.013761E-18	1.140340E-18
4.448020E+03	7.010923E-18	1.139850E-18
4.448219E+03	7.009799E-18	1.139638E-18
4.448417E+03	7.010502E-18	1.139723E-18
4.448615E+03	7.036558E-18	1.143930E-18
4.448813E+03	7.044000E-18	1.145111E-18
4.449011E+03	7.032254E-18	1.143172E-18
4.449209E+03	7.035470E-18	1.143666E-18
4.449407E+03	7.041199E-18	1.144568E-18
4.449605E+03	7.047385E-18	1.145545E-18
4.449803E+03	7.057344E-18	1.147134E-18
4.450001E+03	7.068668E-18	1.148946E-18
4.450199E+03	7.077595E-18	1.150368E-18
4.450398E+03	7.077841E-18	1.150378E-18
4.450596E+03	7.084604E-18	1.151448E-18
4.450794E+03	7.073086E-18	1.149547E-18
4.450992E+03	7.065680E-18	1.148314E-18
4.451190E+03	7.072210E-18	1.149346E-18
4.451388E+03	7.083423E-18	1.151139E-18
4.451586E+03	7.071905E-18	1.149238E-18
4.451784E+03	7.055696E-18	1.146575E-18
4.451982E+03	7.052976E-18	1.146104E-18
4.452181E+03	7.052308E-18	1.145966E-18
4.452379E+03	7.046272E-18	1.144956E-18
4.452577E+03	7.033723E-18	1.142888E-18
4.452775E+03	7.035798E-18	1.143196E-18
4.452973E+03	7.038101E-18	1.143541E-18
4.453171E+03	7.040747E-18	1.143942E-18
4.453369E+03	7.046935E-18	1.144919E-18
4.453567E+03	7.041354E-18	1.143983E-18
4.453765E+03	7.025034E-18	1.141302E-18
4.453963E+03	7.015453E-18	1.139717E-18
4.454161E+03	7.022442E-18	1.140823E-18
4.454359E+03	7.020517E-18	1.140481E-18
4.454557E+03	7.011850E-18	1.139045E-18
4.454755E+03	7.022495E-18	1.140745E-18
4.454953E+03	7.035997E-18	1.142909E-18
4.455151E+03	7.028015E-18	1.141583E-18
4.455350E+03	7.018092E-18	1.139942E-18
4.455548E+03	7.005996E-18	1.137949E-18
4.455746E+03	6.991843E-18	1.135621E-18
4.455945E+03	6.984317E-18	1.134370E-18
4.456143E+03	6.983534E-18	1.134214E-18
4.456341E+03	6.981723E-18	1.133891E-18
4.456539E+03	6.970311E-18	1.132008E-18
4.456737E+03	6.955584E-18	1.129588E-18
4.456935E+03	6.951829E-18	1.128949E-18
4.457133E+03	6.957103E-18	1.129777E-18
4.457331E+03	6.968435E-18	1.131589E-18
4.457529E+03	6.977481E-18	1.133029E-18
4.457727E+03	6.979670E-18	1.133355E-18
4.457925E+03	6.991232E-18	1.135204E-18
4.458123E+03	7.012396E-18	1.138611E-18
4.458321E+03	7.033675E-18	1.142037E-18
4.458519E+03	7.044781E-18	1.143811E-18
4.458717E+03	7.046400E-18	1.144045E-18
4.458915E+03	7.047904E-18	1.144260E-18
4.459113E+03	7.046779E-18	1.144048E-18
4.459310E+03	7.029649E-18	1.141238E-18
4.459509E+03	7.013319E-18	1.138558E-18
4.459707E+03	7.024426E-18	1.140332E-18
4.459906E+03	7.051196E-18	1.144649E-18
4.460103E+03	7.064250E-18	1.146739E-18
4.460302E+03	7.058435E-18	1.145766E-18
4.460500E+03	7.058568E-18	1.145758E-18
4.460698E+03	7.065793E-18	1.146902E-18
4.460896E+03	7.056318E-18	1.145334E-18
4.461094E+03	7.065487E-18	1.146793E-18
4.461292E+03	7.095686E-18	1.151666E-18
4.461490E+03	7.087934E-18	1.150378E-18
4.461688E+03	7.077315E-18	1.148625E-18
4.461886E+03	7.074017E-18	1.148061E-18
4.462084E+03	7.072095E-18	1.147720E-18
4.462282E+03	7.067879E-18	1.147006E-18
4.462480E+03	7.060124E-18	1.145718E-18
4.462678E+03	7.061282E-18	1.145877E-18
4.462876E+03	7.069083E-18	1.147114E-18
4.463074E+03	7.081219E-18	1.149054E-18
4.463272E+03	7.087417E-18	1.150030E-18
4.463470E+03	7.076796E-18	1.148278E-18
4.463669E+03	7.063782E-18	1.146137E-18
4.463867E+03	7.071117E-18	1.147298E-18
4.464065E+03	7.073764E-18	1.147698E-18
4.464263E+03	7.057429E-18	1.145018E-18
4.464461E+03	7.051729E-18	1.144064E-18
4.464659E+03	7.071762E-18	1.147285E-18
4.464857E+03	7.084366E-18	1.149301E-18
4.465055E+03	7.091476E-18	1.150425E-18
4.465253E+03	7.099046E-18	1.151623E-18
4.465452E+03	7.117704E-18	1.154621E-18
4.465650E+03	7.134314E-18	1.157286E-18
4.465848E+03	7.128502E-18	1.156313E-18
4.466046E+03	7.123487E-18	1.155470E-18
4.466244E+03	7.135973E-18	1.157466E-18
4.466442E+03	7.143086E-18	1.158590E-18
4.466640E+03	7.143220E-18	1.158582E-18
4.466838E+03	7.148044E-18	1.159335E-18
4.467036E+03	7.151611E-18	1.159884E-18
4.467234E+03	7.157234E-18	1.160766E-18
4.467432E+03	7.170068E-18	1.162818E-18
4.467631E+03	7.170775E-18	1.162903E-18
4.467829E+03	7.169653E-18	1.162691E-18
4.468027E+03	7.184092E-18	1.165003E-18
4.468225E+03	7.189949E-18	1.165923E-18
4.468423E+03	7.192938E-18	1.166378E-18
4.468621E+03	7.198343E-18	1.167225E-18
4.468819E+03	7.203508E-18	1.168032E-18
4.469017E+03	7.194148E-18	1.166485E-18
4.469215E+03	7.186159E-18	1.165160E-18
4.469413E+03	7.188237E-18	1.165467E-18
4.469611E+03	7.195585E-18	1.166629E-18
4.469809E+03	7.206707E-18	1.168402E-18
4.470007E+03	7.216677E-18	1.169988E-18
4.470205E+03	7.213040E-18	1.169369E-18
4.470404E+03	7.209283E-18	1.168730E-18
4.470602E+03	7.215254E-18	1.169668E-18
4.470800E+03	7.210013E-18	1.168788E-18
4.470998E+03	7.209576E-18	1.168688E-18
4.471393E+03	7.224155E-18	1.170991E-18
4.471790E+03	7.232779E-18	1.172329E-18
4.471989E+03	7.233601E-18	1.172432E-18
4.472187E+03	7.230762E-18	1.171942E-18
4.472384E+03	7.226890E-18	1.171285E-18
4.472582E+03	7.226340E-18	1.171166E-18
4.472780E+03	7.222355E-18	1.170490E-18
4.472978E+03	7.234852E-18	1.172485E-18
4.473176E+03	7.240027E-18	1.173294E-18
4.473374E+03	7.253442E-18	1.175438E-18
4.473572E+03	7.254264E-18	1.175541E-18
4.473770E+03	7.255545E-18	1.175719E-18
4.474166E+03	7.248488E-18	1.174515E-18
4.474364E+03	7.234198E-18	1.172169E-18
4.474562E+03	7.224947E-18	1.170641E-18
4.474760E+03	7.216841E-18	1.169297E-18
4.474958E+03	7.206790E-18	1.167639E-18
4.475156E+03	7.201539E-18	1.166758E-18
4.475356E+03	7.185417E-18	1.164116E-18
4.475554E+03	7.183834E-18	1.163830E-18
4.475752E+03	7.193017E-18	1.165288E-18
4.475950E+03	7.192926E-18	1.165243E-18
4.476148E+03	7.203361E-18	1.166904E-18
4.476544E+03	7.209704E-18	1.167872E-18
4.476742E+03	7.222318E-18	1.169885E-18
4.476940E+03	7.229785E-18	1.171065E-18
4.477138E+03	7.237938E-18	1.172355E-18
4.477336E+03	7.265209E-18	1.176742E-18
4.477732E+03	7.268232E-18	1.177172E-18
4.477930E+03	7.262642E-18	1.176236E-18
4.478128E+03	7.265755E-18	1.176710E-18
4.478326E+03	7.282960E-18	1.179466E-18
4.478524E+03	7.288704E-18	1.180366E-18
4.478722E+03	7.275328E-18	1.178170E-18
4.478920E+03	7.270309E-18	1.177327E-18
4.479118E+03	7.282474E-18	1.179267E-18
4.479317E+03	7.296584E-18	1.181521E-18
4.479515E+03	7.312300E-18	1.184036E-18
4.479713E+03	7.331566E-18	1.187125E-18
4.479911E+03	7.331470E-18	1.187079E-18
4.480109E+03	7.311792E-18	1.183863E-18
4.480308E+03	7.301279E-18	1.182130E-18
4.480506E+03	7.296373E-18	1.181305E-18
4.480704E+03	7.293646E-18	1.180834E-18
4.480902E+03	7.294589E-18	1.180956E-18
4.481100E+03	7.301714E-18	1.182079E-18
4.481298E+03	7.304142E-18	1.182442E-18
4.481496E+03	7.305998E-18	1.182712E-18
4.481694E+03	7.312317E-18	1.183705E-18
4.481892E+03	7.305006E-18	1.182491E-18
4.482090E+03	7.291053E-18	1.180202E-18
4.482288E+03	7.289357E-18	1.179897E-18
4.482486E+03	7.292246E-18	1.180334E-18
4.482684E+03	7.297766E-18	1.181198E-18
4.482882E+03	7.306957E-18	1.182655E-18
4.483080E+03	7.322218E-18	1.185095E-18
4.483279E+03	7.331057E-18	1.186495E-18
4.483476E+03	7.334179E-18	1.186970E-18
4.483674E+03	7.355738E-18	1.190428E-18
4.483872E+03	7.368256E-18	1.192424E-18
4.484071E+03	7.374579E-18	1.193416E-18
4.484269E+03	7.385831E-18	1.195206E-18
4.484466E+03	7.385170E-18	1.195069E-18
4.484664E+03	7.396197E-18	1.196823E-18
4.484862E+03	7.406191E-18	1.198409E-18
4.485060E+03	7.412287E-18	1.199365E-18
4.485258E+03	7.419191E-18	1.200451E-18
4.485457E+03	7.429640E-18	1.202111E-18
4.485655E+03	7.435623E-18	1.203048E-18
4.485853E+03	7.429918E-18	1.202094E-18
4.486051E+03	7.418255E-18	1.200176E-18
4.486249E+03	7.416901E-18	1.199926E-18
4.486447E+03	7.430683E-18	1.202125E-18
4.486645E+03	7.451223E-18	1.205417E-18
4.486843E+03	7.439672E-18	1.203518E-18
4.487042E+03	7.426402E-18	1.201340E-18
4.487240E+03	7.427800E-18	1.201535E-18
4.487438E+03	7.445823E-18	1.204420E-18
4.487636E+03	7.460173E-18	1.206710E-18
4.487834E+03	7.473038E-18	1.208760E-18
4.488032E+03	7.488656E-18	1.211255E-18
4.488230E+03	7.488563E-18	1.211209E-18
4.488428E+03	7.498562E-18	1.212795E-18
4.488626E+03	7.517501E-18	1.215827E-18
4.488824E+03	7.529108E-18	1.217673E-18
4.489022E+03	7.551722E-18	1.221299E-18
4.489220E+03	7.570090E-18	1.224238E-18
4.489418E+03	7.577572E-18	1.225416E-18
4.489616E+03	7.582754E-18	1.226223E-18
4.489814E+03	7.596543E-18	1.228421E-18
4.490012E+03	7.615600E-18	1.231471E-18
4.490210E+03	7.633284E-18	1.234299E-18
4.490409E+03	7.644548E-18	1.236089E-18
4.490607E+03	7.645959E-18	1.236285E-18
4.490805E+03	7.646902E-18	1.236406E-18
4.491004E+03	7.665508E-18	1.239382E-18
4.491202E+03	7.687209E-18	1.242859E-18
4.491400E+03	7.689986E-18	1.243276E-18
4.491598E+03	7.695178E-18	1.244083E-18
4.491796E+03	7.714127E-18	1.247115E-18
4.491994E+03	7.736516E-18	1.250702E-18
4.492192E+03	7.754553E-18	1.253586E-18
4.492390E+03	7.772703E-18	1.256488E-18
4.492588E+03	7.781104E-18	1.257813E-18
4.492786E+03	7.784925E-18	1.258399E-18
4.492984E+03	7.796194E-18	1.260188E-18
4.493182E+03	7.785903E-18	1.258492E-18
4.493380E+03	7.783295E-18	1.258038E-18
4.493578E+03	7.801221E-18	1.260903E-18
4.493776E+03	7.799073E-18	1.260523E-18
4.493974E+03	7.798985E-18	1.260477E-18
4.494172E+03	7.809109E-18	1.262081E-18
4.494370E+03	7.827950E-18	1.265093E-18
4.494568E+03	7.841404E-18	1.267235E-18
4.494766E+03	7.839603E-18	1.266911E-18
4.494965E+03	7.841357E-18	1.267162E-18
4.495163E+03	7.838062E-18	1.266597E-18
4.495362E+03	7.831899E-18	1.265568E-18
4.495560E+03	7.828604E-18	1.265003E-18
4.495757E+03	7.815328E-18	1.262826E-18
4.495955E+03	7.823046E-18	1.264040E-18
4.496153E+03	7.847975E-18	1.268036E-18
4.496352E+03	7.858789E-18	1.269750E-18
4.496550E+03	7.876262E-18	1.272540E-18
4.496747E+03	7.894534E-18	1.275460E-18
4.497143E+03	7.894830E-18	1.275442E-18
4.497341E+03	7.914138E-18	1.278528E-18
4.497539E+03	7.934362E-18	1.281763E-18
4.497737E+03	7.919712E-18	1.279363E-18
4.497935E+03	7.916878E-18	1.278872E-18
4.498133E+03	7.913009E-18	1.278214E-18
4.498331E+03	7.910402E-18	1.277760E-18
4.498529E+03	7.919497E-18	1.279196E-18
4.498728E+03	7.936174E-18	1.281857E-18
4.498926E+03	7.952270E-18	1.284424E-18
4.499124E+03	7.948748E-18	1.283822E-18
4.499322E+03	7.960028E-18	1.285611E-18
4.499520E+03	7.975324E-18	1.288048E-18
4.499718E+03	7.984422E-18	1.289484E-18
4.499916E+03	7.990424E-18	1.290420E-18
4.500114E+03	7.990573E-18	1.290411E-18
4.500312E+03	7.984643E-18	1.289420E-18
4.500511E+03	7.992708E-18	1.290689E-18
4.500709E+03	8.007433E-18	1.293034E-18
4.500907E+03	8.016192E-18	1.294415E-18
4.501105E+03	8.028623E-18	1.296388E-18
4.501303E+03	8.041748E-18	1.298474E-18
4.501501E+03	8.057849E-18	1.301041E-18
4.501699E+03	8.070054E-18	1.302978E-18
4.501897E+03	8.069057E-18	1.302783E-18
4.502095E+03	8.082978E-18	1.304997E-18
4.502293E+03	8.091392E-18	1.306322E-18
4.502491E+03	8.099119E-18	1.307536E-18
4.502690E+03	8.106159E-18	1.308639E-18
4.502888E+03	8.095751E-18	1.306924E-18
4.503086E+03	8.104053E-18	1.308231E-18
4.503284E+03	8.117408E-18	1.310353E-18
4.503482E+03	8.113308E-18	1.309657E-18
4.503680E+03	8.122184E-18	1.311056E-18
4.503878E+03	8.116829E-18	1.310158E-18
4.504076E+03	8.098041E-18	1.307092E-18
4.504274E+03	8.101290E-18	1.307583E-18
4.504472E+03	8.109933E-18	1.308944E-18
4.504670E+03	8.122944E-18	1.311010E-18
4.504868E+03	8.131020E-18	1.312280E-18
4.505066E+03	8.135993E-18	1.313048E-18
4.505264E+03	8.144985E-18	1.314466E-18
4.505463E+03	8.146520E-18	1.314679E-18
4.505661E+03	8.138980E-18	1.313429E-18
4.505859E+03	8.142231E-18	1.313919E-18
4.506057E+03	8.147090E-18	1.314669E-18
4.506255E+03	8.160564E-18	1.316810E-18
4.506453E+03	8.169330E-18	1.318190E-18
4.506652E+03	8.166377E-18	1.317680E-18
4.506850E+03	8.183071E-18	1.320339E-18
4.507048E+03	8.203203E-18	1.323553E-18
4.507246E+03	8.214269E-18	1.325305E-18
4.507444E+03	8.223264E-18	1.326722E-18
4.507642E+03	8.228012E-18	1.327453E-18
4.507840E+03	8.250097E-18	1.330982E-18
4.508037E+03	8.266105E-18	1.333530E-18
4.508235E+03	8.272918E-18	1.334595E-18
4.508434E+03	8.264117E-18	1.333141E-18
4.508632E+03	8.246352E-18	1.330241E-18
4.508829E+03	8.249952E-18	1.330787E-18
4.509027E+03	8.262856E-18	1.332834E-18
4.509225E+03	8.257380E-18	1.331916E-18
4.509423E+03	8.245592E-18	1.329981E-18
4.509621E+03	8.234718E-18	1.328192E-18
4.509819E+03	8.239694E-18	1.328961E-18
4.510017E+03	8.233756E-18	1.327969E-18
4.510215E+03	8.248733E-18	1.330350E-18
4.510415E+03	8.260377E-18	1.332193E-18
4.510613E+03	8.248694E-18	1.330275E-18
4.510811E+03	8.255515E-18	1.331340E-18
4.511009E+03	8.265315E-18	1.332886E-18
4.511207E+03	8.264668E-18	1.332747E-18
4.511405E+03	8.274930E-18	1.334368E-18
4.511603E+03	8.290937E-18	1.336914E-18
4.511801E+03	8.300058E-18	1.338351E-18
4.511999E+03	8.304348E-18	1.339008E-18
4.512197E+03	8.302780E-18	1.338720E-18
4.512395E+03	8.312241E-18	1.340211E-18
4.512791E+03	8.331507E-18	1.343248E-18
4.512989E+03	8.350164E-18	1.346221E-18
4.513187E+03	8.356066E-18	1.347138E-18
4.513385E+03	8.355760E-18	1.347054E-18
4.513583E+03	8.360741E-18	1.347822E-18
4.513781E+03	8.374341E-18	1.349979E-18
4.513979E+03	8.392887E-18	1.352934E-18
4.514177E+03	8.408553E-18	1.355424E-18
4.514376E+03	8.415152E-18	1.356453E-18
4.514574E+03	8.420133E-18	1.357221E-18
4.514772E+03	8.416495E-18	1.356599E-18
4.514970E+03	8.402170E-18	1.354255E-18
4.515168E+03	8.385780E-18	1.351579E-18
4.515367E+03	8.372030E-18	1.349327E-18
4.515565E+03	8.383567E-18	1.351152E-18
4.515763E+03	8.385675E-18	1.351457E-18
4.515961E+03	8.388358E-18	1.351854E-18
4.516159E+03	8.392084E-18	1.352420E-18
4.516357E+03	8.402352E-18	1.354039E-18
4.516555E+03	8.406760E-18	1.354715E-18
4.516753E+03	8.411629E-18	1.355464E-18
4.516951E+03	8.420060E-18	1.356788E-18
4.517149E+03	8.434702E-18	1.359112E-18
4.517347E+03	8.455668E-18	1.362455E-18
4.517545E+03	8.457777E-18	1.362759E-18
4.517743E+03	8.468510E-18	1.364453E-18
4.517941E+03	8.485687E-18	1.367186E-18
4.518140E+03	8.473425E-18	1.365175E-18
4.518338E+03	8.462432E-18	1.363368E-18
4.518536E+03	8.456841E-18	1.362432E-18
4.518734E+03	8.465509E-18	1.363793E-18
4.518932E+03	8.468541E-18	1.364247E-18
4.519130E+03	8.463752E-18	1.363440E-18
4.519328E+03	8.444254E-18	1.360264E-18
4.519526E+03	8.440962E-18	1.359698E-18
4.519724E+03	8.462046E-18	1.363059E-18
4.519922E+03	8.477956E-18	1.365586E-18
4.520119E+03	8.477417E-18	1.365464E-18
4.520317E+03	8.471023E-18	1.364399E-18
4.520516E+03	8.467731E-18	1.363833E-18
4.520715E+03	8.476977E-18	1.365287E-18
4.520912E+03	8.474948E-18	1.364925E-18
4.521110E+03	8.482006E-18	1.366026E-18
4.521308E+03	8.494354E-18	1.367980E-18
4.521506E+03	8.514868E-18	1.371248E-18
4.521704E+03	8.503638E-18	1.369404E-18
4.521902E+03	8.497243E-18	1.368338E-18
4.522101E+03	8.507058E-18	1.369883E-18
4.522299E+03	8.505377E-18	1.369577E-18
4.522497E+03	8.493806E-18	1.367679E-18
4.522695E+03	8.479017E-18	1.365262E-18
4.522893E+03	8.465833E-18	1.363104E-18
4.523091E+03	8.477487E-18	1.364945E-18
4.523289E+03	8.473278E-18	1.364232E-18
4.523487E+03	8.458367E-18	1.361796E-18
4.523685E+03	8.451970E-18	1.360731E-18
4.523883E+03	8.452241E-18	1.360739E-18
4.524081E+03	8.450212E-18	1.360377E-18
4.524279E+03	8.440597E-18	1.358794E-18
4.524477E+03	8.441443E-18	1.358895E-18
4.524675E+03	8.431019E-18	1.357182E-18
4.525071E+03	8.426958E-18	1.356457E-18
4.525269E+03	8.427804E-18	1.356558E-18
4.525468E+03	8.403692E-18	1.352642E-18
4.525666E+03	8.387854E-18	1.350058E-18
4.525864E+03	8.398600E-18	1.351752E-18
4.526063E+03	8.408992E-18	1.353390E-18
4.526261E+03	8.407884E-18	1.353176E-18
4.526459E+03	8.418624E-18	1.354870E-18
4.526657E+03	8.417516E-18	1.354656E-18
4.526855E+03	8.415485E-18	1.354294E-18
4.527053E+03	8.421744E-18	1.355266E-18
4.527251E+03	8.420288E-18	1.354997E-18
4.527449E+03	8.426078E-18	1.355894E-18
4.527647E+03	8.426121E-18	1.355865E-18
4.527845E+03	8.431343E-18	1.356670E-18
4.528043E+03	8.443236E-18	1.358549E-18
4.528241E+03	8.438214E-18	1.357706E-18
4.528439E+03	8.441248E-18	1.358158E-18
4.528637E+03	8.451302E-18	1.359741E-18
4.528835E+03	8.465725E-18	1.362026E-18
4.529033E+03	8.476817E-18	1.363775E-18
4.529231E+03	8.483881E-18	1.364876E-18
4.529429E+03	8.495435E-18	1.366699E-18
4.529627E+03	8.518607E-18	1.370392E-18
4.529826E+03	8.532002E-18	1.372511E-18
4.530024E+03	8.523990E-18	1.371186E-18
4.530222E+03	8.521036E-18	1.370676E-18
4.530421E+03	8.521430E-18	1.370703E-18
4.530619E+03	8.522619E-18	1.370859E-18
4.530817E+03	8.532335E-18	1.372386E-18
4.531015E+03	8.549179E-18	1.375060E-18
4.531213E+03	8.559812E-18	1.376734E-18
4.531411E+03	8.571370E-18	1.378557E-18
4.531609E+03	8.584882E-18	1.380695E-18
4.531807E+03	8.597813E-18	1.382738E-18
4.532005E+03	8.612712E-18	1.385099E-18
4.532203E+03	8.630824E-18	1.387975E-18
4.532400E+03	8.656079E-18	1.392001E-18
4.532598E+03	8.678691E-18	1.395601E-18
4.532797E+03	8.701646E-18	1.399256E-18
4.532994E+03	8.714238E-18	1.401244E-18
4.533192E+03	8.719695E-18	1.402085E-18
4.533390E+03	8.730334E-18	1.403759E-18
4.533588E+03	8.733140E-18	1.404174E-18
4.533787E+03	8.732158E-18	1.403980E-18
4.533985E+03	8.735768E-18	1.404524E-18
4.534183E+03	8.731331E-18	1.403774E-18
4.534381E+03	8.723546E-18	1.402486E-18
4.534579E+03	8.721754E-18	1.402161E-18
4.534777E+03	8.732273E-18	1.403816E-18
4.534975E+03	8.725184E-18	1.402640E-18
4.535173E+03	8.720513E-18	1.401852E-18
4.535371E+03	8.727812E-18	1.402989E-18
4.535570E+03	8.727975E-18	1.402979E-18
4.535768E+03	8.723644E-18	1.402246E-18
4.535966E+03	8.713903E-18	1.400644E-18
4.536164E+03	8.710844E-18	1.400116E-18
4.536362E+03	8.728048E-18	1.402845E-18
4.536560E+03	8.723489E-18	1.402075E-18
4.536758E+03	8.724227E-18	1.402157E-18
4.536956E+03	8.727496E-18	1.402646E-18
4.537154E+03	8.725817E-18	1.402340E-18
4.537352E+03	8.735307E-18	1.403829E-18
4.537551E+03	8.748596E-18	1.405928E-18
4.537749E+03	8.746340E-18	1.405529E-18
4.537947E+03	8.740053E-18	1.404482E-18
4.538145E+03	8.754153E-18	1.406711E-18
4.538343E+03	8.760538E-18	1.407700E-18
4.538541E+03	8.760003E-18	1.407578E-18
4.538739E+03	8.763622E-18	1.408123E-18
4.538937E+03	8.775995E-18	1.410074E-18
4.539135E+03	8.781115E-18	1.410860E-18
4.539333E+03	8.759047E-18	1.407278E-18
4.539531E+03	8.761514E-18	1.407637E-18
4.539729E+03	8.776185E-18	1.409958E-18
4.539927E+03	8.796283E-18	1.413150E-18
4.540125E+03	8.802434E-18	1.414101E-18
4.540323E+03	8.803864E-18	1.414294E-18
4.540522E+03	8.793544E-18	1.412599E-18
4.540720E+03	8.792783E-18	1.412440E-18
4.540918E+03	8.798017E-18	1.413244E-18
4.541116E+03	8.778599E-18	1.410089E-18
4.541314E+03	8.764820E-18	1.407839E-18
4.541513E+03	8.753574E-18	1.405996E-18
4.541711E+03	8.756389E-18	1.406411E-18
4.541909E+03	8.769228E-18	1.408437E-18
4.542107E+03	8.779755E-18	1.410091E-18
4.542305E+03	8.792943E-18	1.412172E-18
4.542503E+03	8.798171E-18	1.412975E-18
4.542701E+03	8.812854E-18	1.415296E-18
4.542899E+03	8.830759E-18	1.418135E-18
4.543097E+03	8.851206E-18	1.421381E-18
4.543295E+03	8.878909E-18	1.425793E-18
4.543493E+03	8.877808E-18	1.425579E-18
4.543691E+03	8.863224E-18	1.423200E-18
4.543888E+03	8.852552E-18	1.421449E-18
4.544087E+03	8.847879E-18	1.420662E-18
4.544285E+03	8.853920E-18	1.421595E-18
4.544482E+03	8.853620E-18	1.421510E-18
4.544680E+03	8.839497E-18	1.419205E-18
4.545274E+03	8.851630E-18	1.421042E-18
4.545474E+03	8.864582E-18	1.423084E-18
4.545672E+03	8.868205E-18	1.423629E-18
4.545870E+03	8.868255E-18	1.423600E-18
4.546068E+03	8.862542E-18	1.422645E-18
4.546266E+03	8.857177E-18	1.421747E-18
4.546464E+03	8.860337E-18	1.422217E-18
4.546662E+03	8.875140E-18	1.424556E-18
4.546860E+03	8.881183E-18	1.425489E-18
4.547058E+03	8.864516E-18	1.422777E-18
4.547256E+03	8.860994E-18	1.422174E-18
4.547454E+03	8.859080E-18	1.421830E-18
4.547652E+03	8.852098E-18	1.420673E-18
4.547850E+03	8.852034E-18	1.420625E-18
4.548048E+03	8.849892E-18	1.420245E-18
4.548246E+03	8.839907E-18	1.418605E-18
4.548444E+03	8.850106E-18	1.420205E-18
4.548642E+03	8.862143E-18	1.422099E-18
4.548840E+03	8.882480E-18	1.425326E-18
4.549038E+03	8.900404E-18	1.428165E-18
4.549237E+03	8.906790E-18	1.429152E-18
4.549435E+03	8.914337E-18	1.430326E-18
4.549633E+03	8.929258E-18	1.432682E-18
4.549831E+03	8.952830E-18	1.436427E-18
4.550029E+03	8.971327E-18	1.439357E-18
4.550624E+03	8.963988E-18	1.438067E-18
4.550822E+03	8.956080E-18	1.436761E-18
4.551020E+03	8.959478E-18	1.437269E-18
4.551218E+03	8.940037E-18	1.434112E-18
4.551416E+03	8.904803E-18	1.428423E-18
4.551614E+03	8.883174E-18	1.424916E-18
4.551812E+03	8.887141E-18	1.425515E-18
4.552010E+03	8.899872E-18	1.427520E-18
4.552208E+03	8.903960E-18	1.428139E-18
4.552406E+03	8.895709E-18	1.426778E-18
4.552604E+03	8.887685E-18	1.425454E-18
4.552802E+03	8.876086E-18	1.423557E-18
4.553000E+03	8.881442E-18	1.424378E-18
4.553199E+03	8.886334E-18	1.425126E-18
4.553397E+03	8.884419E-18	1.424781E-18
4.553595E+03	8.885161E-18	1.424863E-18
4.553793E+03	8.902858E-18	1.427664E-18
4.553991E+03	8.921595E-18	1.430631E-18
4.554189E+03	8.924872E-18	1.431119E-18
4.554387E+03	8.930692E-18	1.432015E-18
4.554585E+03	8.936163E-18	1.432855E-18
4.554783E+03	8.936670E-18	1.432899E-18
4.554981E+03	8.929222E-18	1.431667E-18
4.555179E+03	8.939543E-18	1.433285E-18
4.555377E+03	8.955513E-18	1.435808E-18
4.555576E+03	8.956256E-18	1.435889E-18
4.555774E+03	8.941885E-18	1.433548E-18
4.555971E+03	8.928894E-18	1.431428E-18
4.556169E+03	8.918560E-18	1.429734E-18
4.556368E+03	8.923690E-18	1.430519E-18
4.556566E+03	8.910934E-18	1.428436E-18
4.556763E+03	8.909139E-18	1.428111E-18
4.556961E+03	8.921071E-18	1.429987E-18
4.557160E+03	8.916157E-18	1.429162E-18
4.557358E+03	8.906513E-18	1.427579E-18
4.557556E+03	8.908758E-18	1.427901E-18
4.557754E+03	8.910076E-18	1.428075E-18
4.557952E+03	8.921661E-18	1.429895E-18
4.558150E+03	8.929556E-18	1.431122E-18
4.558348E+03	8.928688E-18	1.430946E-18
4.558546E+03	8.919619E-18	1.429455E-18
4.558744E+03	8.929132E-18	1.430942E-18
4.558942E+03	8.928484E-18	1.430801E-18
4.559140E+03	8.913189E-18	1.428313E-18
4.559338E+03	8.915085E-18	1.428579E-18
4.559536E+03	8.905559E-18	1.427015E-18
4.559734E+03	8.883215E-18	1.423398E-18
4.559932E+03	8.880957E-18	1.422999E-18
4.560130E+03	8.877081E-18	1.422341E-18
4.560328E+03	8.866977E-18	1.420684E-18
4.560527E+03	8.852484E-18	1.418325E-18
4.560725E+03	8.841445E-18	1.416520E-18
4.560924E+03	8.858576E-18	1.419227E-18
4.561122E+03	8.865666E-18	1.420326E-18
4.561320E+03	8.876334E-18	1.421998E-18
4.561518E+03	8.878229E-18	1.422264E-18
4.561716E+03	8.857270E-18	1.418869E-18
4.561914E+03	8.853856E-18	1.418285E-18
4.562112E+03	8.873989E-18	1.421473E-18
4.562310E+03	8.887081E-18	1.423533E-18
4.562508E+03	8.891636E-18	1.424225E-18
4.562706E+03	8.904379E-18	1.426229E-18
4.562904E+03	8.910203E-18	1.427125E-18
4.563102E+03	8.895129E-18	1.424673E-18
4.563300E+03	8.882128E-18	1.422554E-18
4.563498E+03	8.875599E-18	1.421471E-18
4.563696E+03	8.880033E-18	1.422144E-18
4.563894E+03	8.873382E-18	1.421041E-18
4.564092E+03	8.863738E-18	1.419460E-18
4.564290E+03	8.862055E-18	1.419153E-18
4.564488E+03	8.874800E-18	1.421157E-18
4.564686E+03	8.882121E-18	1.422292E-18
4.564885E+03	8.876632E-18	1.421376E-18
4.565083E+03	8.871250E-18	1.420477E-18
4.565281E+03	8.878343E-18	1.421575E-18
4.565480E+03	8.891903E-18	1.423709E-18
4.565678E+03	8.875784E-18	1.421091E-18
4.565876E+03	8.863129E-18	1.419028E-18
4.566074E+03	8.868953E-18	1.419923E-18
4.566272E+03	8.878585E-18	1.421428E-18
4.566470E+03	8.877365E-18	1.421196E-18
4.566668E+03	8.864824E-18	1.419151E-18
4.566866E+03	8.862214E-18	1.418696E-18
4.567064E+03	8.854755E-18	1.417464E-18
4.567262E+03	8.851803E-18	1.416955E-18
4.567460E+03	8.880259E-18	1.421473E-18
4.567658E+03	8.865755E-18	1.419114E-18
4.567856E+03	8.848713E-18	1.416349E-18
4.568053E+03	8.840211E-18	1.414951E-18
4.568251E+03	8.837600E-18	1.414496E-18
4.568450E+03	8.846778E-18	1.415928E-18
4.568648E+03	8.858607E-18	1.417784E-18
4.568846E+03	8.867199E-18	1.419122E-18
4.569044E+03	8.878452E-18	1.420886E-18
4.569242E+03	8.873416E-18	1.420043E-18
4.569440E+03	8.869536E-18	1.419385E-18
4.569638E+03	8.886331E-18	1.422035E-18
4.569836E+03	8.894697E-18	1.423336E-18
4.570034E+03	8.890360E-18	1.422605E-18
4.570232E+03	8.898034E-18	1.423796E-18
4.570431E+03	8.910673E-18	1.425781E-18
4.570629E+03	8.932092E-18	1.429171E-18
4.570827E+03	8.944275E-18	1.431082E-18
4.571025E+03	8.946865E-18	1.431459E-18
4.571223E+03	8.956617E-18	1.432982E-18
4.571421E+03	8.953087E-18	1.432380E-18
4.571619E+03	8.939849E-18	1.430224E-18
4.571817E+03	8.941397E-18	1.430434E-18
4.572015E+03	8.945143E-18	1.430996E-18
4.572213E+03	8.929600E-18	1.428472E-18
4.572411E+03	8.915896E-18	1.426243E-18
4.572610E+03	8.921147E-18	1.427045E-18
4.572808E+03	8.918764E-18	1.426627E-18
4.573006E+03	8.916039E-18	1.426153E-18
4.573204E+03	8.927989E-18	1.428027E-18
4.573402E+03	8.930237E-18	1.428349E-18
4.573600E+03	8.908448E-18	1.424827E-18
4.573798E+03	8.886310E-18	1.421249E-18
4.573996E+03	8.884504E-18	1.420923E-18
4.574194E+03	8.885017E-18	1.420968E-18
4.574392E+03	8.878709E-18	1.419922E-18
4.574590E+03	8.860379E-18	1.416953E-18
4.574788E+03	8.857538E-18	1.416462E-18
4.574986E+03	8.875040E-18	1.419223E-18
4.575184E+03	8.883751E-18	1.420579E-18
4.575383E+03	8.899985E-18	1.423137E-18
4.575581E+03	8.909625E-18	1.424642E-18
4.575779E+03	8.904815E-18	1.423835E-18
4.575977E+03	8.907063E-18	1.424157E-18
4.576175E+03	8.903530E-18	1.423555E-18
4.576373E+03	8.898142E-18	1.422656E-18
4.576572E+03	8.908361E-18	1.424253E-18
4.576770E+03	8.918816E-18	1.425887E-18
4.576968E+03	8.921870E-18	1.426338E-18
4.577166E+03	8.925503E-18	1.426881E-18
4.577364E+03	8.919536E-18	1.425890E-18
4.577562E+03	8.914612E-18	1.425065E-18
4.577760E+03	8.914776E-18	1.425054E-18
4.577958E+03	8.904769E-18	1.423417E-18
4.578156E+03	8.900771E-18	1.422741E-18
4.578354E+03	8.906602E-18	1.423635E-18
4.578552E+03	8.914625E-18	1.424880E-18
4.578750E+03	8.924960E-18	1.426495E-18
4.578948E+03	8.928365E-18	1.427001E-18
4.579146E+03	8.914538E-18	1.424754E-18
4.579344E+03	8.885335E-18	1.420050E-18
4.579542E+03	8.882265E-18	1.419522E-18
4.579740E+03	8.906478E-18	1.423354E-18
4.579938E+03	8.918085E-18	1.425171E-18
4.580135E+03	8.934317E-18	1.427728E-18
4.580334E+03	8.930091E-18	1.427015E-18
4.580533E+03	8.932105E-18	1.427299E-18
4.580732E+03	8.933077E-18	1.427417E-18
4.580930E+03	8.916592E-18	1.424746E-18
4.581128E+03	8.906004E-18	1.423016E-18
4.581325E+03	8.898763E-18	1.421822E-18
4.581523E+03	8.893379E-18	1.420925E-18
4.581721E+03	8.890651E-18	1.420451E-18
4.581919E+03	8.889079E-18	1.420163E-18
4.582117E+03	8.894676E-18	1.421020E-18
4.582315E+03	8.891483E-18	1.420473E-18
4.582513E+03	8.894774E-18	1.420961E-18
4.582711E+03	8.894473E-18	1.420876E-18
4.582909E+03	8.881334E-18	1.418739E-18
4.583107E+03	8.862067E-18	1.415624E-18
4.583305E+03	8.840022E-18	1.412066E-18
4.583503E+03	8.823181E-18	1.409339E-18
4.583701E+03	8.814553E-18	1.407923E-18
4.583899E+03	8.812286E-18	1.407524E-18
4.584097E+03	8.824596E-18	1.409454E-18
4.584296E+03	8.829150E-18	1.410144E-18
4.584494E+03	8.837760E-18	1.411482E-18
4.584692E+03	8.849606E-18	1.413337E-18
4.584890E+03	8.848612E-18	1.413141E-18
4.585088E+03	8.850974E-18	1.413481E-18
4.585286E+03	8.867214E-18	1.416037E-18
4.585485E+03	8.882183E-18	1.418390E-18
4.585683E+03	8.886282E-18	1.419007E-18
4.585881E+03	8.900901E-18	1.421305E-18
4.586079E+03	8.912293E-18	1.423086E-18
4.586277E+03	8.896256E-18	1.420488E-18
4.586475E+03	8.880569E-18	1.417946E-18
4.586673E+03	8.889525E-18	1.419339E-18
4.586871E+03	8.877195E-18	1.417333E-18
4.587069E+03	8.871915E-18	1.416453E-18
4.587267E+03	8.873935E-18	1.416738E-18
4.587465E+03	8.853381E-18	1.413419E-18
4.587663E+03	8.843135E-18	1.411746E-18
4.587861E+03	8.850698E-18	1.412917E-18
4.588059E+03	8.867406E-18	1.415547E-18
4.588258E+03	8.887708E-18	1.418750E-18
4.588456E+03	8.903260E-18	1.421195E-18
4.588654E+03	8.910131E-18	1.422255E-18
4.588852E+03	8.917589E-18	1.423408E-18
4.589050E+03	8.934064E-18	1.426000E-18
4.589248E+03	8.942216E-18	1.427264E-18
4.589446E+03	8.954648E-18	1.429210E-18
4.589644E+03	8.966501E-18	1.431065E-18
4.589842E+03	8.961342E-18	1.430204E-18
4.590040E+03	8.947966E-18	1.428031E-18
4.590238E+03	8.946972E-18	1.427835E-18
4.590437E+03	8.945744E-18	1.427601E-18
4.590635E+03	8.931209E-18	1.425244E-18
4.590833E+03	8.920497E-18	1.423497E-18
4.591031E+03	8.913714E-18	1.422378E-18
4.591229E+03	8.915035E-18	1.422551E-18
4.591427E+03	8.914155E-18	1.422373E-18
4.591625E+03	8.902977E-18	1.420552E-18
4.591823E+03	8.870038E-18	1.415259E-18
4.592022E+03	8.845423E-18	1.411295E-18
4.592220E+03	8.845006E-18	1.411191E-18
4.592417E+03	8.849341E-18	1.411846E-18
4.592615E+03	8.842671E-18	1.410744E-18
4.592814E+03	8.856491E-18	1.412912E-18
4.593012E+03	8.871935E-18	1.415338E-18
4.593210E+03	8.865614E-18	1.414293E-18
4.593407E+03	8.869600E-18	1.414892E-18
4.593605E+03	8.886316E-18	1.417521E-18
4.593803E+03	8.902919E-18	1.420132E-18
4.594001E+03	8.899722E-18	1.419585E-18
4.594199E+03	8.880900E-18	1.416545E-18
4.594397E+03	8.860683E-18	1.413283E-18
4.594595E+03	8.852853E-18	1.411997E-18
4.594793E+03	8.863788E-18	1.413704E-18
4.594991E+03	8.877962E-18	1.415927E-18
4.595189E+03	8.856585E-18	1.412481E-18
4.595388E+03	8.852001E-18	1.411712E-18
4.595586E+03	8.871501E-18	1.414785E-18
4.595784E+03	8.874673E-18	1.415253E-18
4.595983E+03	8.860823E-18	1.413008E-18
4.596181E+03	8.853342E-18	1.411777E-18
4.596379E+03	8.854548E-18	1.411933E-18
4.596577E+03	8.855868E-18	1.412106E-18
4.596775E+03	8.862515E-18	1.413129E-18
4.596973E+03	8.879351E-18	1.415776E-18
4.597171E+03	8.890052E-18	1.417445E-18
4.597369E+03	8.886740E-18	1.416879E-18
4.597567E+03	8.887596E-18	1.416978E-18
4.597765E+03	8.898420E-18	1.418667E-18
4.597963E+03	8.913291E-18	1.421000E-18
4.598161E+03	8.919361E-18	1.421930E-18
4.598359E+03	8.928205E-18	1.423303E-18
4.598557E+03	8.931958E-18	1.423864E-18
4.598755E+03	8.936297E-18	1.424518E-18
4.598953E+03	8.932635E-18	1.423896E-18
4.599151E+03	8.938934E-18	1.424863E-18
4.599349E+03	8.945469E-18	1.425867E-18
4.599547E+03	8.943895E-18	1.425579E-18
4.599746E+03	8.944409E-18	1.425623E-18
4.599944E+03	8.945266E-18	1.425722E-18
4.600142E+03	8.946474E-18	1.425877E-18
4.600340E+03	8.946637E-18	1.425865E-18
4.600539E+03	8.937997E-18	1.424451E-18
4.600737E+03	8.926109E-18	1.422519E-18
4.600935E+03	8.930098E-18	1.423117E-18
4.601133E+03	8.937557E-18	1.424268E-18
4.601331E+03	8.933786E-18	1.423630E-18
4.601529E+03	8.922133E-18	1.421735E-18
4.601727E+03	8.918469E-18	1.421114E-18
4.601925E+03	8.922459E-18	1.421712E-18
4.602123E+03	8.924818E-18	1.422050E-18
4.602321E+03	8.932048E-18	1.423165E-18
4.602519E+03	8.935803E-18	1.423726E-18
4.602717E+03	8.934349E-18	1.423457E-18
4.602915E+03	8.933117E-18	1.423223E-18
4.603113E+03	8.919960E-18	1.421089E-18
4.603311E+03	8.905407E-18	1.418733E-18
4.603509E+03	8.911014E-18	1.419589E-18
4.603708E+03	8.918595E-18	1.420759E-18
4.603906E+03	8.927794E-18	1.422187E-18
4.604104E+03	8.937573E-18	1.423707E-18
4.604302E+03	8.947123E-18	1.425191E-18
4.604499E+03	8.951228E-18	1.425807E-18
4.604697E+03	8.945367E-18	1.424836E-18
4.604896E+03	8.947384E-18	1.425120E-18
4.605094E+03	8.963189E-18	1.427599E-18
4.605292E+03	8.974364E-18	1.429342E-18
4.605490E+03	8.970821E-18	1.428740E-18
4.605688E+03	8.968430E-18	1.428321E-18
4.605886E+03	8.967320E-18	1.428107E-18
4.606084E+03	8.985567E-18	1.430975E-18
4.606282E+03	9.004973E-18	1.434028E-18
4.606480E+03	9.009653E-18	1.434735E-18
4.606678E+03	9.011327E-18	1.434964E-18
4.606876E+03	9.009402E-18	1.434619E-18
4.607074E+03	9.001458E-18	1.433317E-18
4.607272E+03	8.992233E-18	1.431810E-18
4.607470E+03	9.001901E-18	1.433311E-18
4.607669E+03	9.013537E-18	1.435126E-18
4.607867E+03	9.012199E-18	1.434875E-18
4.608065E+03	9.015605E-18	1.435380E-18
4.608263E+03	9.020873E-18	1.436181E-18
4.608461E+03	9.025325E-18	1.436851E-18
4.608659E+03	9.028502E-18	1.437319E-18
4.608857E+03	9.037829E-18	1.438766E-18
4.609055E+03	9.051443E-18	1.440896E-18
4.609253E+03	9.057406E-18	1.441807E-18
4.609451E+03	9.056526E-18	1.441629E-18
4.609649E+03	9.050542E-18	1.440638E-18
4.609847E+03	9.036219E-18	1.438320E-18
4.610045E+03	9.027571E-18	1.436906E-18
4.610243E+03	9.026225E-18	1.436653E-18
4.610442E+03	9.019783E-18	1.435590E-18
4.610640E+03	9.017742E-18	1.435227E-18
4.610838E+03	9.036928E-18	1.438243E-18
4.611036E+03	9.052513E-18	1.440685E-18
4.611234E+03	9.061835E-18	1.442131E-18
4.611433E+03	9.078467E-18	1.444739E-18
4.611631E+03	9.069940E-18	1.443344E-18
4.611829E+03	9.063726E-18	1.442317E-18
4.612027E+03	9.062846E-18	1.442139E-18
4.612225E+03	9.053152E-18	1.440559E-18
4.612423E+03	9.038474E-18	1.438185E-18
4.612621E+03	9.029358E-18	1.436697E-18
4.612819E+03	9.035788E-18	1.437682E-18
4.613017E+03	9.031893E-18	1.437024E-18
4.613215E+03	9.019648E-18	1.435038E-18
4.613413E+03	9.021666E-18	1.435321E-18
4.613611E+03	9.041895E-18	1.438502E-18
4.613809E+03	9.056790E-18	1.440833E-18
4.614007E+03	9.069831E-18	1.442870E-18
4.614205E+03	9.074865E-18	1.443632E-18
4.614403E+03	9.063436E-18	1.441776E-18
4.614601E+03	9.067196E-18	1.442336E-18
4.614799E+03	9.075017E-18	1.443542E-18
4.614997E+03	9.075991E-18	1.443659E-18
4.615195E+03	9.087988E-18	1.445529E-18
4.615395E+03	9.085139E-18	1.445037E-18
4.615593E+03	9.050037E-18	1.439416E-18
4.615791E+03	9.040110E-18	1.437799E-18
4.615989E+03	9.049672E-18	1.439282E-18
4.616187E+03	9.048676E-18	1.439086E-18
4.616385E+03	9.048375E-18	1.439000E-18
4.616583E+03	9.050165E-18	1.439246E-18
4.616780E+03	9.056131E-18	1.440157E-18
4.616978E+03	9.058380E-18	1.440477E-18
4.617176E+03	9.051704E-18	1.439377E-18
4.617375E+03	9.060222E-18	1.440693E-18
4.617572E+03	9.075350E-18	1.443061E-18
4.617770E+03	9.095358E-18	1.446204E-18
4.617968E+03	9.105388E-18	1.447761E-18
4.618166E+03	9.113326E-18	1.448985E-18
4.618364E+03	9.113492E-18	1.448973E-18
4.618562E+03	9.089407E-18	1.445105E-18
4.618760E+03	9.084120E-18	1.444226E-18
4.618958E+03	9.097045E-18	1.446243E-18
4.619157E+03	9.098836E-18	1.446490E-18
4.619355E+03	9.099231E-18	1.446514E-18
4.619553E+03	9.115295E-18	1.449029E-18
4.619751E+03	9.119989E-18	1.449737E-18
4.619949E+03	9.125958E-18	1.450648E-18
4.620147E+03	9.154326E-18	1.455119E-18
4.620345E+03	9.176425E-18	1.458593E-18
4.620544E+03	9.169979E-18	1.457529E-18
4.620742E+03	9.155750E-18	1.455229E-18
4.620940E+03	9.153136E-18	1.454775E-18
4.621138E+03	9.167461E-18	1.457014E-18
4.621336E+03	9.176098E-18	1.458348E-18
4.621534E+03	9.177891E-18	1.458594E-18
4.621732E+03	9.186643E-18	1.459946E-18
4.621930E+03	9.208868E-18	1.463440E-18
4.622128E+03	9.222730E-18	1.465604E-18
4.622326E+03	9.216512E-18	1.464577E-18
4.622524E+03	9.212150E-18	1.463845E-18
4.622722E+03	9.229037E-18	1.466490E-18
4.622920E+03	9.243481E-18	1.468746E-18
4.623119E+03	9.243068E-18	1.468642E-18
4.623317E+03	9.243931E-18	1.468740E-18
4.623515E+03	9.247116E-18	1.469207E-18
4.623713E+03	9.236024E-18	1.467406E-18
4.623911E+03	9.230386E-18	1.466471E-18
4.624109E+03	9.237635E-18	1.467584E-18
4.624307E+03	9.240125E-18	1.467941E-18
4.624505E+03	9.262119E-18	1.471396E-18
4.624703E+03	9.278430E-18	1.473948E-18
4.624901E+03	9.270469E-18	1.472645E-18
4.625099E+03	9.275397E-18	1.473388E-18
4.625297E+03	9.302734E-18	1.477692E-18
4.625496E+03	9.327055E-18	1.481516E-18
4.625694E+03	9.331984E-18	1.482259E-18
4.625892E+03	9.337730E-18	1.483133E-18
4.626090E+03	9.355428E-18	1.485904E-18
4.626288E+03	9.359197E-18	1.486464E-18
4.626486E+03	9.356233E-18	1.485954E-18
4.626684E+03	9.374749E-18	1.488855E-18
4.626882E+03	9.391990E-18	1.491554E-18
4.627081E+03	9.387751E-18	1.490841E-18
4.627279E+03	9.378163E-18	1.489279E-18
4.627477E+03	9.366144E-18	1.487331E-18
4.627675E+03	9.361316E-18	1.486525E-18
4.627873E+03	9.356029E-18	1.485646E-18
4.628071E+03	9.354800E-18	1.485411E-18
4.628269E+03	9.362291E-18	1.486561E-18
4.628467E+03	9.373611E-18	1.488319E-18
4.628665E+03	9.377143E-18	1.488841E-18
4.628862E+03	9.368485E-18	1.487427E-18
4.629060E+03	9.376901E-18	1.488724E-18
4.629258E+03	9.395773E-18	1.491681E-18
4.629457E+03	9.406866E-18	1.493402E-18
4.629655E+03	9.409941E-18	1.493851E-18
4.629852E+03	9.413244E-18	1.494336E-18
4.630050E+03	9.403539E-18	1.492755E-18
4.630248E+03	9.384425E-18	1.489682E-18
4.630447E+03	9.377395E-18	1.488526E-18
4.630645E+03	9.383840E-18	1.489510E-18
4.630843E+03	9.400972E-18	1.492190E-18
4.631042E+03	9.409620E-18	1.493523E-18
4.631240E+03	9.412810E-18	1.493989E-18
4.631438E+03	9.408103E-18	1.493203E-18
4.631636E+03	9.409550E-18	1.493393E-18
4.631834E+03	9.420522E-18	1.495095E-18
4.632032E+03	9.429874E-18	1.496539E-18
4.632230E+03	9.442124E-18	1.498444E-18
4.632428E+03	9.460421E-18	1.501308E-18
4.632626E+03	9.468957E-18	1.502622E-18
4.632824E+03	9.477844E-18	1.503993E-18
4.633022E+03	9.474529E-18	1.503427E-18
4.633220E+03	9.460991E-18	1.501239E-18
4.633418E+03	9.466621E-18	1.502092E-18
4.633616E+03	9.473536E-18	1.503150E-18
4.633814E+03	9.469640E-18	1.502492E-18
4.634012E+03	9.467716E-18	1.502147E-18
4.634210E+03	9.465333E-18	1.501729E-18
4.634408E+03	9.457835E-18	1.500499E-18
4.634606E+03	9.459168E-18	1.500671E-18
4.634805E+03	9.474564E-18	1.503074E-18
4.635003E+03	9.493440E-18	1.506028E-18
4.635201E+03	9.506864E-18	1.508118E-18
4.635400E+03	9.507847E-18	1.508234E-18
4.635598E+03	9.501396E-18	1.507170E-18
4.635796E+03	9.490058E-18	1.505332E-18
4.635994E+03	9.494765E-18	1.506039E-18
4.636192E+03	9.496099E-18	1.506210E-18
4.636390E+03	9.500224E-18	1.506825E-18
4.636588E+03	9.521314E-18	1.510130E-18
4.636786E+03	9.530901E-18	1.511610E-18
4.636984E+03	9.526544E-18	1.510879E-18
4.637182E+03	9.536247E-18	1.512378E-18
4.637380E+03	9.544901E-18	1.513710E-18
4.637578E+03	9.538679E-18	1.512683E-18
4.637776E+03	9.530484E-18	1.511344E-18
4.637974E+03	9.527749E-18	1.510870E-18
4.638172E+03	9.528617E-18	1.510968E-18
4.638370E+03	9.524957E-18	1.510347E-18
4.638568E+03	9.521985E-18	1.509836E-18
4.638767E+03	9.515647E-18	1.508791E-18
4.638965E+03	9.522910E-18	1.509902E-18
4.639163E+03	9.533080E-18	1.511475E-18
4.639361E+03	9.541744E-18	1.512808E-18
4.639559E+03	9.542842E-18	1.512942E-18
4.639757E+03	9.555224E-18	1.514865E-18
4.639955E+03	9.572136E-18	1.517506E-18
4.640153E+03	9.583011E-18	1.519190E-18
4.640352E+03	9.609687E-18	1.523378E-18
4.640550E+03	9.633119E-18	1.527052E-18
4.640748E+03	9.633637E-18	1.527094E-18
4.640946E+03	9.624163E-18	1.525552E-18
4.641143E+03	9.610846E-18	1.523401E-18
4.641341E+03	9.598815E-18	1.521453E-18
4.641539E+03	9.585843E-18	1.519357E-18
4.641738E+03	9.590203E-18	1.520007E-18
4.641935E+03	9.607706E-18	1.522741E-18
4.642133E+03	9.615554E-18	1.523945E-18
4.642331E+03	9.611190E-18	1.523212E-18
4.642530E+03	9.627877E-18	1.525817E-18
4.642728E+03	9.656540E-18	1.530319E-18
4.642926E+03	9.664627E-18	1.531559E-18
4.643124E+03	9.661311E-18	1.530993E-18
4.643322E+03	9.664738E-18	1.531496E-18
4.643520E+03	9.681894E-18	1.534174E-18
4.643718E+03	9.698469E-18	1.536759E-18
4.643916E+03	9.691434E-18	1.535604E-18
4.644114E+03	9.678231E-18	1.533471E-18
4.644312E+03	9.663519E-18	1.531099E-18
4.644510E+03	9.664390E-18	1.531197E-18
4.644708E+03	9.665375E-18	1.531312E-18
4.644906E+03	9.667409E-18	1.531594E-18
4.645104E+03	9.674564E-18	1.532687E-18
4.645302E+03	9.670903E-18	1.532066E-18
4.645501E+03	9.667932E-18	1.531554E-18
4.645699E+03	9.678233E-18	1.533146E-18
4.645897E+03	9.669796E-18	1.531768E-18
4.646095E+03	9.665898E-18	1.531110E-18
4.646293E+03	9.673168E-18	1.532221E-18
4.646492E+03	9.664737E-18	1.530845E-18
4.646690E+03	9.669443E-18	1.531550E-18
4.646888E+03	9.697537E-18	1.535959E-18
4.647086E+03	9.712723E-18	1.538323E-18
4.647284E+03	9.713013E-18	1.538328E-18
4.647482E+03	9.713769E-18	1.538407E-18
4.647680E+03	9.720459E-18	1.539426E-18
4.647878E+03	9.712259E-18	1.538086E-18
4.648076E+03	9.716851E-18	1.538773E-18
4.648274E+03	9.728433E-18	1.540566E-18
4.648472E+03	9.733960E-18	1.541400E-18
4.648670E+03	9.740069E-18	1.542327E-18
4.648868E+03	9.739662E-18	1.542221E-18
4.649066E+03	9.737043E-18	1.541766E-18
4.649264E+03	9.740128E-18	1.542213E-18
4.649462E+03	9.737860E-18	1.541813E-18
4.649660E+03	9.734658E-18	1.541265E-18
4.649858E+03	9.724595E-18	1.539631E-18
4.650056E+03	9.726279E-18	1.539857E-18
4.650254E+03	9.737044E-18	1.541520E-18
4.650454E+03	9.741409E-18	1.542170E-18
4.650652E+03	9.748338E-18	1.543226E-18
4.650850E+03	9.742578E-18	1.542273E-18
4.651048E+03	9.729137E-18	1.540104E-18
4.651246E+03	9.734550E-18	1.540920E-18
4.651444E+03	9.746014E-18	1.542694E-18
4.651642E+03	9.742000E-18	1.542018E-18
4.651840E+03	9.737633E-18	1.541286E-18
4.652038E+03	9.736062E-18	1.540996E-18
4.652236E+03	9.733793E-18	1.540596E-18
4.652434E+03	9.726286E-18	1.539367E-18
4.652632E+03	9.726461E-18	1.539354E-18
4.652830E+03	9.725816E-18	1.539211E-18
4.653028E+03	9.710748E-18	1.536785E-18
4.653226E+03	9.689736E-18	1.533419E-18
4.653423E+03	9.663712E-18	1.529260E-18
4.653621E+03	9.644912E-18	1.526245E-18
4.653820E+03	9.636361E-18	1.524851E-18
4.654017E+03	9.633737E-18	1.524395E-18
4.654216E+03	9.645554E-18	1.526224E-18
4.654414E+03	9.656321E-18	1.527888E-18
4.654612E+03	9.658701E-18	1.528224E-18
4.654810E+03	9.647237E-18	1.526369E-18
4.655008E+03	9.631806E-18	1.523887E-18
4.655206E+03	9.635824E-18	1.524482E-18
4.655405E+03	9.654507E-18	1.527397E-18
4.655603E+03	9.660036E-18	1.528231E-18
4.655801E+03	9.631218E-18	1.523632E-18
4.655999E+03	9.604728E-18	1.519401E-18
4.656197E+03	9.606295E-18	1.519608E-18
4.656395E+03	9.602744E-18	1.519006E-18
4.656593E+03	9.591155E-18	1.517133E-18
4.656791E+03	9.584224E-18	1.515996E-18
4.656989E+03	9.568673E-18	1.513496E-18
4.657187E+03	9.551964E-18	1.510813E-18
4.657385E+03	9.549453E-18	1.510376E-18
4.657583E+03	9.556498E-18	1.511450E-18
4.657781E+03	9.556669E-18	1.511437E-18
4.657979E+03	9.558235E-18	1.511644E-18
4.658178E+03	9.554682E-18	1.511042E-18
4.658376E+03	9.552409E-18	1.510642E-18
4.658574E+03	9.566436E-18	1.512820E-18
4.658772E+03	9.581398E-18	1.515146E-18
4.658970E+03	9.602300E-18	1.518411E-18
4.659168E+03	9.612143E-18	1.519927E-18
4.659366E+03	9.590887E-18	1.516526E-18
4.659564E+03	9.573232E-18	1.513694E-18
4.659762E+03	9.568514E-18	1.512907E-18
4.659960E+03	9.562976E-18	1.511992E-18
4.660158E+03	9.560587E-18	1.511574E-18
4.660357E+03	9.567634E-18	1.512647E-18
4.660555E+03	9.571063E-18	1.513149E-18
4.660753E+03	9.569839E-18	1.512916E-18
4.660951E+03	9.568846E-18	1.512718E-18
4.661149E+03	9.572397E-18	1.513239E-18
4.661347E+03	9.578394E-18	1.514147E-18
4.661545E+03	9.580191E-18	1.514391E-18
4.661743E+03	9.579082E-18	1.514175E-18
4.661941E+03	9.576808E-18	1.513776E-18
4.662140E+03	9.564745E-18	1.511829E-18
4.662338E+03	9.562708E-18	1.511466E-18
4.662536E+03	9.572662E-18	1.512999E-18
4.662734E+03	9.587859E-18	1.515361E-18
4.662932E+03	9.589196E-18	1.515532E-18
4.663130E+03	9.581095E-18	1.514212E-18
4.663328E+03	9.568923E-18	1.512248E-18
4.663526E+03	9.558023E-18	1.510485E-18
4.663724E+03	9.566229E-18	1.511741E-18
4.663922E+03	9.575961E-18	1.513239E-18
4.664120E+03	9.567507E-18	1.511863E-18
4.664318E+03	9.561851E-18	1.510929E-18
4.664516E+03	9.560511E-18	1.510677E-18
4.664714E+03	9.563711E-18	1.511142E-18
4.664912E+03	9.559803E-18	1.510485E-18
4.665110E+03	9.557642E-18	1.510103E-18
4.665309E+03	9.554087E-18	1.509501E-18
4.665507E+03	9.539221E-18	1.507112E-18
4.665704E+03	9.532167E-18	1.505958E-18
4.665903E+03	9.533733E-18	1.506165E-18
4.666101E+03	9.519456E-18	1.503869E-18
4.666299E+03	9.492586E-18	1.499585E-18
4.666497E+03	9.465370E-18	1.495245E-18
4.666695E+03	9.444794E-18	1.491955E-18
4.666893E+03	9.443444E-18	1.491702E-18
4.667091E+03	9.450025E-18	1.492702E-18
4.667289E+03	9.452179E-18	1.493003E-18
4.667487E+03	9.450945E-18	1.492768E-18
4.667685E+03	9.461253E-18	1.494356E-18
4.667883E+03	9.469353E-18	1.495596E-18
4.668081E+03	9.464743E-18	1.494828E-18
4.668279E+03	9.460717E-18	1.494152E-18
4.668477E+03	9.468341E-18	1.495317E-18
4.668675E+03	9.466762E-18	1.495027E-18
4.668873E+03	9.461569E-18	1.494168E-18
4.669071E+03	9.464070E-18	1.494523E-18
4.669269E+03	9.467621E-18	1.495044E-18
4.669467E+03	9.472454E-18	1.495767E-18
4.669665E+03	9.483232E-18	1.497429E-18
4.669864E+03	9.496458E-18	1.499478E-18
4.670062E+03	9.502220E-18	1.500348E-18
4.670260E+03	9.510200E-18	1.501567E-18
4.670459E+03	9.524010E-18	1.503708E-18
4.670657E+03	9.529780E-18	1.504579E-18
4.670855E+03	9.532168E-18	1.504915E-18
4.671053E+03	9.538283E-18	1.505841E-18
4.671251E+03	9.535538E-18	1.505367E-18
4.671449E+03	9.530928E-18	1.504600E-18
4.671647E+03	9.513022E-18	1.501733E-18
4.671845E+03	9.510975E-18	1.501370E-18
4.672043E+03	9.529567E-18	1.504264E-18
4.672241E+03	9.530903E-18	1.504435E-18
4.672439E+03	9.525947E-18	1.503613E-18
4.672637E+03	9.532647E-18	1.504630E-18
4.672835E+03	9.536193E-18	1.505150E-18
4.673033E+03	9.531935E-18	1.504438E-18
4.673231E+03	9.535374E-18	1.504941E-18
4.673429E+03	9.536825E-18	1.505130E-18
4.673628E+03	9.545153E-18	1.506404E-18
4.673826E+03	9.556872E-18	1.508213E-18
4.674024E+03	9.569405E-18	1.510151E-18
4.674222E+03	9.574004E-18	1.510836E-18
4.674420E+03	9.573714E-18	1.510750E-18
4.674618E+03	9.579011E-18	1.511546E-18
4.674816E+03	9.572651E-18	1.510502E-18
4.675014E+03	9.558009E-18	1.508151E-18
4.675212E+03	9.562378E-18	1.508800E-18
4.675411E+03	9.560914E-18	1.508529E-18
4.675609E+03	9.555136E-18	1.507577E-18
4.675807E+03	9.554960E-18	1.507509E-18
4.676005E+03	9.548944E-18	1.506520E-18
4.676203E+03	9.549352E-18	1.506544E-18
4.676401E+03	9.546252E-18	1.506015E-18
4.676599E+03	9.551788E-18	1.506848E-18
4.676797E+03	9.569229E-18	1.509559E-18
4.676994E+03	9.577558E-18	1.510833E-18
4.677193E+03	9.577730E-18	1.510820E-18
4.677391E+03	9.576272E-18	1.510550E-18
4.677590E+03	9.584956E-18	1.511879E-18
4.677787E+03	9.599006E-18	1.514055E-18
4.677985E+03	9.611076E-18	1.515918E-18
4.678183E+03	9.608913E-18	1.515537E-18
4.678381E+03	9.589722E-18	1.512470E-18
4.678579E+03	9.583589E-18	1.511462E-18
4.678777E+03	9.589011E-18	1.512277E-18
4.678975E+03	9.591163E-18	1.512576E-18
4.679173E+03	9.591218E-18	1.512544E-18
4.679371E+03	9.594421E-18	1.513009E-18
4.679569E+03	9.605794E-18	1.514762E-18
4.679767E+03	9.638174E-18	1.519828E-18
4.679965E+03	9.650592E-18	1.521746E-18
4.680163E+03	9.659164E-18	1.523057E-18
4.680362E+03	9.668674E-18	1.524515E-18
4.680560E+03	9.684134E-18	1.526912E-18
4.680758E+03	9.693874E-18	1.528407E-18
4.680956E+03	9.679579E-18	1.526113E-18
4.681154E+03	9.674614E-18	1.525289E-18
4.681352E+03	9.682603E-18	1.526508E-18
4.681551E+03	9.679979E-18	1.526054E-18
4.681749E+03	9.663579E-18	1.523428E-18
4.681947E+03	9.653591E-18	1.521812E-18
4.682145E+03	9.643264E-18	1.520144E-18
4.682343E+03	9.643897E-18	1.520203E-18
4.682541E+03	9.653990E-18	1.521754E-18
4.682739E+03	9.661396E-18	1.522880E-18
4.682937E+03	9.674294E-18	1.524873E-18
4.683135E+03	9.684036E-18	1.526368E-18
4.683333E+03	9.684791E-18	1.526446E-18
4.683531E+03	9.688819E-18	1.527040E-18
4.683729E+03	9.705097E-18	1.529565E-18
4.683927E+03	9.712275E-18	1.530655E-18
4.684125E+03	9.709528E-18	1.530182E-18
4.684323E+03	9.711683E-18	1.530480E-18
4.684521E+03	9.716172E-18	1.531147E-18
4.684719E+03	9.721015E-18	1.531869E-18
4.684917E+03	9.724337E-18	1.532352E-18
4.685115E+03	9.726145E-18	1.532596E-18
4.685315E+03	9.742781E-18	1.535176E-18
4.685513E+03	9.747041E-18	1.535806E-18
4.685711E+03	9.749080E-18	1.536087E-18
4.685909E+03	9.740849E-18	1.534749E-18
4.686107E+03	9.750010E-18	1.536151E-18
4.686305E+03	9.772831E-18	1.539706E-18
4.686503E+03	9.784913E-18	1.541568E-18
4.686701E+03	9.792677E-18	1.542750E-18
4.686899E+03	9.806165E-18	1.544834E-18
4.687097E+03	9.816374E-18	1.546401E-18
4.687295E+03	9.817369E-18	1.546516E-18
4.687493E+03	9.822330E-18	1.547257E-18
4.687691E+03	9.824141E-18	1.547500E-18
4.687889E+03	9.817538E-18	1.546419E-18
4.688087E+03	9.803935E-18	1.544235E-18
4.688285E+03	9.791499E-18	1.542235E-18
4.688483E+03	9.790036E-18	1.541964E-18
4.688681E+03	9.785538E-18	1.541214E-18
4.688879E+03	9.778472E-18	1.540060E-18
4.689076E+03	9.786936E-18	1.541352E-18
4.689275E+03	9.801710E-18	1.543638E-18
4.689474E+03	9.817884E-18	1.546144E-18
4.689672E+03	9.831484E-18	1.548244E-18
4.689869E+03	9.843454E-18	1.550088E-18
4.690067E+03	9.850752E-18	1.551196E-18
4.690266E+03	9.864008E-18	1.553241E-18
4.690464E+03	9.873997E-18	1.554773E-18
4.690662E+03	9.874518E-18	1.554813E-18
4.690860E+03	9.874808E-18	1.554818E-18
4.691058E+03	9.868211E-18	1.553737E-18
4.691256E+03	9.869908E-18	1.553963E-18
4.691454E+03	9.879306E-18	1.555401E-18
4.691652E+03	9.882632E-18	1.555883E-18
4.691850E+03	9.886781E-18	1.556495E-18
4.692048E+03	9.892682E-18	1.557382E-18
4.692246E+03	9.906993E-18	1.559594E-18
4.692444E+03	9.922119E-18	1.561933E-18
4.692642E+03	9.918789E-18	1.561367E-18
4.692840E+03	9.893029E-18	1.557271E-18
4.693039E+03	9.875800E-18	1.554517E-18
4.693237E+03	9.868610E-18	1.553344E-18
4.693435E+03	9.862827E-18	1.552392E-18
4.693633E+03	9.868375E-18	1.553224E-18
4.693831E+03	9.868672E-18	1.553229E-18
4.694029E+03	9.870477E-18	1.553472E-18
4.694227E+03	9.879069E-18	1.554783E-18
4.694425E+03	9.888001E-18	1.556147E-18
4.694623E+03	9.880118E-18	1.554865E-18
4.694821E+03	9.879355E-18	1.554703E-18
4.695019E+03	9.872756E-18	1.553623E-18
4.695218E+03	9.861360E-18	1.551788E-18
4.695416E+03	9.858497E-18	1.551296E-18
4.695614E+03	9.857156E-18	1.551044E-18
4.695812E+03	9.856277E-18	1.550864E-18
4.696010E+03	9.858205E-18	1.551126E-18
4.696208E+03	9.860478E-18	1.551442E-18
4.696406E+03	9.861706E-18	1.551594E-18
4.696604E+03	9.857443E-18	1.550882E-18
4.696802E+03	9.857617E-18	1.550868E-18
4.697001E+03	9.859075E-18	1.551056E-18
4.697199E+03	9.871515E-18	1.552972E-18
4.697397E+03	9.876950E-18	1.553785E-18
4.697595E+03	9.876662E-18	1.553698E-18
4.697793E+03	9.877068E-18	1.553721E-18
4.697991E+03	9.890562E-18	1.555802E-18
4.698189E+03	9.910140E-18	1.558840E-18
4.698387E+03	9.924105E-18	1.560995E-18
4.698585E+03	9.935271E-18	1.562709E-18
4.698783E+03	9.939184E-18	1.563283E-18
4.698981E+03	9.930360E-18	1.561854E-18
4.699179E+03	9.930889E-18	1.561895E-18
4.699377E+03	9.942748E-18	1.563718E-18
4.699575E+03	9.949469E-18	1.564734E-18
4.699773E+03	9.945553E-18	1.564076E-18
4.699971E+03	9.948189E-18	1.564449E-18
4.700169E+03	9.949765E-18	1.564655E-18
4.700368E+03	9.964903E-18	1.566993E-18
4.700566E+03	9.985886E-18	1.570251E-18
4.700764E+03	9.973439E-18	1.568252E-18
4.700963E+03	9.967299E-18	1.567244E-18
4.701160E+03	9.969113E-18	1.567488E-18
4.701358E+03	9.970104E-18	1.567602E-18
4.701556E+03	9.971334E-18	1.567753E-18
4.701755E+03	9.956316E-18	1.565350E-18
4.701953E+03	9.941521E-18	1.562982E-18
4.702150E+03	9.950234E-18	1.564310E-18
4.702348E+03	9.972621E-18	1.567788E-18
4.702546E+03	9.980167E-18	1.568933E-18
4.702744E+03	9.974965E-18	1.568073E-18
4.702942E+03	9.976888E-18	1.568333E-18
4.703140E+03	9.973562E-18	1.567769E-18
4.703338E+03	9.960173E-18	1.565622E-18
4.703536E+03	9.977415E-18	1.568290E-18
4.703734E+03	9.996188E-18	1.571199E-18
4.703932E+03	9.997649E-18	1.571387E-18
4.704130E+03	9.998056E-18	1.571409E-18
4.704328E+03	9.989229E-18	1.569980E-18
4.704526E+03	9.972684E-18	1.567337E-18
4.704725E+03	9.961047E-18	1.565467E-18
4.704923E+03	9.941807E-18	1.562401E-18
4.705121E+03	9.943621E-18	1.562644E-18
4.705320E+03	9.973156E-18	1.567244E-18
4.705518E+03	9.996950E-18	1.570941E-18
4.705716E+03	1.001713E-17	1.574069E-18
4.705914E+03	1.002783E-17	1.575709E-18
4.706112E+03	1.003152E-17	1.576246E-18
4.706310E+03	1.003309E-17	1.576452E-18
4.706508E+03	1.003994E-17	1.577485E-18
4.706706E+03	1.004538E-17	1.578298E-18
4.706904E+03	1.003304E-17	1.576317E-18
4.707102E+03	1.001731E-17	1.573803E-18
4.707300E+03	1.001234E-17	1.572981E-18
4.707498E+03	1.001006E-17	1.572581E-18
4.707696E+03	1.001772E-17	1.573742E-18
4.707894E+03	1.002924E-17	1.575510E-18
4.708092E+03	1.003538E-17	1.576432E-18
4.708290E+03	1.003697E-17	1.576639E-18
4.708488E+03	1.003515E-17	1.576312E-18
4.708687E+03	1.004235E-17	1.577400E-18
4.708885E+03	1.004674E-17	1.578047E-18
4.709083E+03	1.003931E-17	1.576838E-18
4.709281E+03	1.004510E-17	1.577706E-18
4.709479E+03	1.005043E-17	1.578501E-18
4.709677E+03	1.005423E-17	1.579056E-18
4.709875E+03	1.005686E-17	1.579427E-18
4.710073E+03	1.006277E-17	1.580312E-18
4.710272E+03	1.006904E-17	1.581254E-18
4.710470E+03	1.006991E-17	1.581349E-18
4.710668E+03	1.007173E-17	1.581592E-18
4.710866E+03	1.009086E-17	1.584553E-18
4.711064E+03	1.009618E-17	1.585347E-18
4.711262E+03	1.009109E-17	1.584506E-18
4.711460E+03	1.009408E-17	1.584933E-18
4.711658E+03	1.009625E-17	1.585230E-18
4.711856E+03	1.010193E-17	1.586080E-18
4.712054E+03	1.012387E-17	1.589482E-18
4.712252E+03	1.013224E-17	1.590754E-18
4.712450E+03	1.012036E-17	1.588847E-18
4.712649E+03	1.010158E-17	1.585856E-18
4.712847E+03	1.009942E-17	1.585474E-18
4.713045E+03	1.009468E-17	1.584688E-18
4.713242E+03	1.007520E-17	1.581587E-18
4.713440E+03	1.006226E-17	1.579514E-18
4.713638E+03	1.006244E-17	1.579499E-18
4.713837E+03	1.006835E-17	1.580385E-18
4.714035E+03	1.009404E-17	1.584376E-18
4.714232E+03	1.012863E-17	1.589762E-18
4.714430E+03	1.014637E-17	1.592504E-18
4.714628E+03	1.015392E-17	1.593646E-18
4.714826E+03	1.016802E-17	1.595817E-18
4.715024E+03	1.017008E-17	1.596097E-18
4.715223E+03	1.015082E-17	1.593032E-18
4.715421E+03	1.013286E-17	1.590170E-18
4.715619E+03	1.013292E-17	1.590137E-18
4.715817E+03	1.012701E-17	1.589168E-18
4.716015E+03	1.011958E-17	1.587959E-18
4.716213E+03	1.012701E-17	1.589083E-18
4.716412E+03	1.012239E-17	1.588315E-18
4.716610E+03	1.010407E-17	1.585398E-18
4.716808E+03	1.009851E-17	1.584483E-18
4.717006E+03	1.010489E-17	1.585443E-18
4.717204E+03	1.009723E-17	1.584198E-18
4.717402E+03	1.007610E-17	1.580840E-18
4.717600E+03	1.005953E-17	1.578199E-18
4.717798E+03	1.005432E-17	1.577339E-18
4.717996E+03	1.005660E-17	1.577655E-18
4.718194E+03	1.005772E-17	1.577788E-18
4.718392E+03	1.005333E-17	1.577056E-18
4.718590E+03	1.005256E-17	1.576894E-18
4.718788E+03	1.005122E-17	1.576642E-18
4.718986E+03	1.005912E-17	1.577839E-18
4.719184E+03	1.007370E-17	1.580083E-18
4.719382E+03	1.008114E-17	1.581207E-18
4.719580E+03	1.007897E-17	1.580825E-18
4.719778E+03	1.007693E-17	1.580462E-18
4.719976E+03	1.008928E-17	1.582357E-18
4.720175E+03	1.008571E-17	1.581755E-18
4.720374E+03	1.007816E-17	1.580528E-18
4.720572E+03	1.008384E-17	1.581377E-18
4.720770E+03	1.008998E-17	1.582299E-18
4.720968E+03	1.009988E-17	1.583808E-18
4.721166E+03	1.009256E-17	1.582619E-18
4.721364E+03	1.007424E-17	1.579702E-18
4.721562E+03	1.007816E-17	1.580275E-18
4.721760E+03	1.009169E-17	1.582355E-18
4.721958E+03	1.010592E-17	1.584543E-18
4.722156E+03	1.010692E-17	1.584657E-18
4.722354E+03	1.010955E-17	1.585028E-18
4.722552E+03	1.011781E-17	1.586280E-18
4.722750E+03	1.010897E-17	1.584851E-18
4.722948E+03	1.010985E-17	1.584947E-18
4.723146E+03	1.012467E-17	1.587228E-18
4.723344E+03	1.014124E-17	1.589783E-18
4.723542E+03	1.014880E-17	1.590926E-18
4.723740E+03	1.016151E-17	1.592876E-18
4.723938E+03	1.018231E-17	1.596093E-18
4.724136E+03	1.019373E-17	1.597841E-18
4.724335E+03	1.019063E-17	1.597312E-18
4.724533E+03	1.018296E-17	1.596067E-18
4.724731E+03	1.017458E-17	1.594711E-18
4.724929E+03	1.018764E-17	1.596716E-18
4.725127E+03	1.022227E-17	1.602099E-18
4.725326E+03	1.024037E-17	1.604894E-18
4.725524E+03	1.023247E-17	1.603612E-18
4.725721E+03	1.022936E-17	1.603083E-18
4.725919E+03	1.025098E-17	1.606428E-18
4.726118E+03	1.026194E-17	1.608102E-18
4.726316E+03	1.024865E-17	1.605976E-18
4.726514E+03	1.025797E-17	1.607393E-18
4.726711E+03	1.027806E-17	1.610499E-18
4.726909E+03	1.028222E-17	1.611108E-18
4.727107E+03	1.028452E-17	1.611424E-18
4.727305E+03	1.029372E-17	1.612823E-18
4.727503E+03	1.030596E-17	1.614698E-18
4.727701E+03	1.031376E-17	1.615877E-18
4.727899E+03	1.031195E-17	1.615550E-18
4.728098E+03	1.031447E-17	1.615901E-18
4.728296E+03	1.032848E-17	1.618053E-18
4.728494E+03	1.033241E-17	1.618625E-18
4.728692E+03	1.033212E-17	1.618536E-18
4.728890E+03	1.032738E-17	1.617751E-18
4.729088E+03	1.033108E-17	1.618286E-18
4.729286E+03	1.034544E-17	1.620493E-18
4.729484E+03	1.035453E-17	1.621873E-18
4.729682E+03	1.035189E-17	1.621417E-18
4.729880E+03	1.033789E-17	1.619180E-18
4.730078E+03	1.034182E-17	1.619752E-18
4.730277E+03	1.035337E-17	1.621518E-18
4.730475E+03	1.035953E-17	1.622439E-18
4.730673E+03	1.036991E-17	1.624021E-18
4.730871E+03	1.036680E-17	1.623491E-18
4.731069E+03	1.036241E-17	1.622760E-18
4.731267E+03	1.035708E-17	1.621882E-18
4.731465E+03	1.036148E-17	1.622528E-18
4.731663E+03	1.036777E-17	1.623468E-18
4.731861E+03	1.036795E-17	1.623453E-18
4.732060E+03	1.036074E-17	1.622280E-18
4.732258E+03	1.034990E-17	1.620540E-18
4.732456E+03	1.034023E-17	1.618983E-18
4.732654E+03	1.034123E-17	1.619096E-18
4.732852E+03	1.034634E-17	1.619852E-18
4.733050E+03	1.035554E-17	1.621250E-18
4.733248E+03	1.038046E-17	1.625107E-18
4.733446E+03	1.040772E-17	1.629332E-18
4.733644E+03	1.041388E-17	1.630253E-18
4.733842E+03	1.039789E-17	1.627705E-18
4.734040E+03	1.038025E-17	1.624900E-18
4.734238E+03	1.038828E-17	1.626114E-18
4.734436E+03	1.040992E-17	1.629457E-18
4.734634E+03	1.041034E-17	1.629480E-18
4.734832E+03	1.040500E-17	1.628601E-18
4.735030E+03	1.042113E-17	1.631082E-18
4.735229E+03	1.042026E-17	1.630901E-18
4.735427E+03	1.040566E-17	1.628573E-18
4.735625E+03	1.040725E-17	1.628779E-18
4.735823E+03	1.040954E-17	1.629093E-18
4.736022E+03	1.040586E-17	1.628473E-18
4.736220E+03	1.041682E-17	1.630146E-18
4.736418E+03	1.042556E-17	1.631469E-18
4.736616E+03	1.042774E-17	1.631767E-18
4.736814E+03	1.043684E-17	1.633146E-18
4.737012E+03	1.044183E-17	1.633883E-18
4.737210E+03	1.044060E-17	1.633647E-18
4.737408E+03	1.042987E-17	1.631925E-18
4.737606E+03	1.042313E-17	1.630827E-18
4.737803E+03	1.043047E-17	1.631931E-18
4.738001E+03	1.044813E-17	1.634650E-18
4.738200E+03	1.045698E-17	1.635992E-18
4.738398E+03	1.044016E-17	1.633317E-18
4.738596E+03	1.043495E-17	1.632457E-18
4.738793E+03	1.043958E-17	1.633139E-18
4.738991E+03	1.044164E-17	1.633417E-18
4.739189E+03	1.044077E-17	1.633237E-18
4.739387E+03	1.043861E-17	1.632854E-18
4.739585E+03	1.044383E-17	1.633627E-18
4.739784E+03	1.044366E-17	1.633558E-18
4.739982E+03	1.042859E-17	1.631156E-18
4.740181E+03	1.041657E-17	1.629233E-18
4.740379E+03	1.041347E-17	1.628704E-18
4.740577E+03	1.041071E-17	1.628229E-18
4.740775E+03	1.041958E-17	1.629572E-18
4.740973E+03	1.042597E-17	1.630529E-18
4.741171E+03	1.042310E-17	1.630037E-18
4.741369E+03	1.042657E-17	1.630534E-18
4.741567E+03	1.042640E-17	1.630464E-18
4.741765E+03	1.041473E-17	1.628596E-18
4.741963E+03	1.040870E-17	1.627609E-18
4.742161E+03	1.042554E-17	1.630198E-18
4.742359E+03	1.043780E-17	1.632072E-18
4.742557E+03	1.043963E-17	1.632314E-18
4.742755E+03	1.045154E-17	1.634132E-18
4.742953E+03	1.045512E-17	1.634649E-18
4.743151E+03	1.043723E-17	1.631809E-18
4.743349E+03	1.042322E-17	1.629574E-18
4.743547E+03	1.040638E-17	1.626898E-18
4.743746E+03	1.038743E-17	1.623892E-18
4.743944E+03	1.037341E-17	1.621657E-18
4.744142E+03	1.036948E-17	1.620999E-18
4.744340E+03	1.035617E-17	1.618875E-18
4.744538E+03	1.033229E-17	1.615098E-18
4.744736E+03	1.032789E-17	1.614368E-18
4.744934E+03	1.033699E-17	1.615747E-18
4.745133E+03	1.033764E-17	1.615804E-18
4.745331E+03	1.033559E-17	1.615441E-18
4.745529E+03	1.033119E-17	1.614710E-18
4.745727E+03	1.031881E-17	1.612732E-18
4.745925E+03	1.031160E-17	1.611562E-18
4.746123E+03	1.032351E-17	1.613380E-18
4.746321E+03	1.034446E-17	1.616611E-18
4.746519E+03	1.036319E-17	1.619494E-18
4.746717E+03	1.037710E-17	1.621625E-18
4.746915E+03	1.038468E-17	1.622765E-18
4.747113E+03	1.038568E-17	1.622878E-18
4.747311E+03	1.037788E-17	1.621616E-18
4.747510E+03	1.036713E-17	1.619894E-18
4.747708E+03	1.037049E-17	1.620374E-18
4.747906E+03	1.036972E-17	1.620212E-18
4.748104E+03	1.036920E-17	1.620087E-18
4.748302E+03	1.037713E-17	1.621282E-18
4.748500E+03	1.038165E-17	1.621944E-18
4.748698E+03	1.037654E-17	1.621104E-18
4.748896E+03	1.038236E-17	1.621969E-18
4.749094E+03	1.038677E-17	1.622614E-18
4.749292E+03	1.038765E-17	1.622708E-18
4.749490E+03	1.038971E-17	1.622986E-18
4.749688E+03	1.039458E-17	1.623704E-18
4.749885E+03	1.040392E-17	1.625119E-18
4.750084E+03	1.040892E-17	1.625856E-18
4.750282E+03	1.041062E-17	1.626079E-18
4.750480E+03	1.040575E-17	1.625275E-18
4.750679E+03	1.040875E-17	1.625699E-18
4.750876E+03	1.042266E-17	1.627829E-18
4.751074E+03	1.042860E-17	1.628712E-18
4.751272E+03	1.042009E-17	1.627339E-18
4.751471E+03	1.041346E-17	1.626261E-18
4.751669E+03	1.039685E-17	1.623623E-18
4.751867E+03	1.038646E-17	1.621957E-18
4.752065E+03	1.038006E-17	1.620914E-18
4.752263E+03	1.037836E-17	1.620606E-18
4.752461E+03	1.038805E-17	1.622076E-18
4.752659E+03	1.040702E-17	1.624994E-18
4.752857E+03	1.041460E-17	1.626134E-18
4.753055E+03	1.040785E-17	1.625036E-18
4.753253E+03	1.041778E-17	1.626543E-18
4.753451E+03	1.042865E-17	1.628196E-18
4.753649E+03	1.041837E-17	1.626548E-18
4.753847E+03	1.041409E-17	1.625835E-18
4.754045E+03	1.041532E-17	1.625985E-18
4.754243E+03	1.041997E-17	1.626667E-18
4.754441E+03	1.043659E-17	1.629218E-18
4.754639E+03	1.044723E-17	1.630835E-18
4.754837E+03	1.045245E-17	1.631607E-18
4.755036E+03	1.044759E-17	1.630803E-18
4.755234E+03	1.045411E-17	1.631777E-18
4.755433E+03	1.045265E-17	1.631506E-18
4.755631E+03	1.044049E-17	1.629565E-18
4.755829E+03	1.045101E-17	1.631162E-18
4.756027E+03	1.047139E-17	1.634300E-18
4.756225E+03	1.046582E-17	1.633387E-18
4.756423E+03	1.044661E-17	1.630345E-18
4.756621E+03	1.043293E-17	1.628167E-18
4.756819E+03	1.042183E-17	1.626391E-18
4.757017E+03	1.041449E-17	1.625201E-18
4.757215E+03	1.041173E-17	1.624727E-18
4.757413E+03	1.041579E-17	1.625317E-18
4.757611E+03	1.042314E-17	1.626420E-18
4.757809E+03	1.044247E-17	1.629393E-18
4.758007E+03	1.045734E-17	1.631669E-18
4.758205E+03	1.045857E-17	1.631817E-18
4.758403E+03	1.044618E-17	1.629840E-18
4.758601E+03	1.045775E-17	1.631603E-18
4.758799E+03	1.047063E-17	1.633568E-18
4.758997E+03	1.046247E-17	1.632251E-18
4.759196E+03	1.045207E-17	1.630585E-18
4.759394E+03	1.044849E-17	1.629983E-18
4.759592E+03	1.044444E-17	1.629307E-18
4.759790E+03	1.043816E-17	1.628283E-18
4.759988E+03	1.043046E-17	1.627040E-18
4.760187E+03	1.042089E-17	1.625502E-18
4.760385E+03	1.040873E-17	1.623562E-18
4.760583E+03	1.040503E-17	1.622941E-18
4.760781E+03	1.041814E-17	1.624942E-18
4.760979E+03	1.043524E-17	1.627566E-18
4.761177E+03	1.043917E-17	1.628136E-18
4.761375E+03	1.042996E-17	1.626655E-18
4.761573E+03	1.043190E-17	1.626914E-18
4.761771E+03	1.042537E-17	1.625853E-18
4.761969E+03	1.041356E-17	1.623968E-18
4.762166E+03	1.040622E-17	1.622780E-18
4.762364E+03	1.041346E-17	1.623864E-18
4.762562E+03	1.040928E-17	1.623170E-18
4.762761E+03	1.039947E-17	1.621596E-18
4.762958E+03	1.039530E-17	1.620902E-18
4.763157E+03	1.039818E-17	1.621309E-18
4.763355E+03	1.040483E-17	1.622301E-18
4.763553E+03	1.040277E-17	1.621937E-18
4.763751E+03	1.039977E-17	1.621426E-18
4.763949E+03	1.040571E-17	1.622309E-18
4.764147E+03	1.041001E-17	1.622935E-18
4.764345E+03	1.040971E-17	1.622846E-18
4.764543E+03	1.040472E-17	1.622024E-18
4.764741E+03	1.039785E-17	1.620909E-18
4.764939E+03	1.039250E-17	1.620032E-18
4.765138E+03	1.038433E-17	1.618715E-18
4.765336E+03	1.037475E-17	1.617178E-18
4.765534E+03	1.037046E-17	1.616466E-18
4.765732E+03	1.034936E-17	1.613133E-18
4.765930E+03	1.033836E-17	1.611377E-18
4.766128E+03	1.034478E-17	1.612333E-18
4.766326E+03	1.034577E-17	1.612445E-18
4.766524E+03	1.035559E-17	1.613932E-18
4.766722E+03	1.036789E-17	1.615805E-18
4.766921E+03	1.035454E-17	1.613681E-18
4.767119E+03	1.034237E-17	1.611741E-18
4.767317E+03	1.033926E-17	1.611213E-18
4.767515E+03	1.033849E-17	1.611050E-18
4.767713E+03	1.033350E-17	1.610229E-18
4.767911E+03	1.032144E-17	1.608308E-18
4.768109E+03	1.031962E-17	1.607981E-18
4.768307E+03	1.031650E-17	1.607452E-18
4.768505E+03	1.029939E-17	1.604743E-18
4.768703E+03	1.028816E-17	1.602950E-18
4.768901E+03	1.029915E-17	1.604620E-18
4.769099E+03	1.031486E-17	1.607023E-18
4.769297E+03	1.030951E-17	1.606146E-18
4.769495E+03	1.028451E-17	1.602210E-18
4.769693E+03	1.027469E-17	1.600637E-18
4.769891E+03	1.028710E-17	1.602527E-18
4.770090E+03	1.030021E-17	1.604526E-18
4.770288E+03	1.031109E-17	1.606178E-18
4.770486E+03	1.031833E-17	1.607262E-18
4.770684E+03	1.032439E-17	1.608163E-18
4.770883E+03	1.033398E-17	1.609613E-18
4.771081E+03	1.034391E-17	1.611118E-18
4.771279E+03	1.034362E-17	1.611029E-18
4.771477E+03	1.034026E-17	1.610463E-18
4.771675E+03	1.033527E-17	1.609642E-18
4.771873E+03	1.034238E-17	1.610707E-18
4.772071E+03	1.035621E-17	1.612816E-18
4.772269E+03	1.034486E-17	1.611006E-18
4.772467E+03	1.032833E-17	1.608389E-18
4.772665E+03	1.032168E-17	1.607310E-18
4.772863E+03	1.032821E-17	1.608284E-18
4.773061E+03	1.034356E-17	1.610631E-18
4.773259E+03	1.034197E-17	1.610340E-18
4.773457E+03	1.033133E-17	1.608640E-18
4.773655E+03	1.032539E-17	1.607672E-18
4.773853E+03	1.032133E-17	1.606997E-18
4.774051E+03	1.031091E-17	1.605332E-18
4.774248E+03	1.030239E-17	1.603962E-18
4.774446E+03	1.030585E-17	1.604458E-18
4.774644E+03	1.030426E-17	1.604168E-18
4.774844E+03	1.029209E-17	1.602230E-18
4.775042E+03	1.029944E-17	1.603331E-18
4.775240E+03	1.030927E-17	1.604818E-18
4.775438E+03	1.031520E-17	1.605699E-18
4.775636E+03	1.033150E-17	1.608193E-18
4.775834E+03	1.035533E-17	1.611859E-18
4.776032E+03	1.036751E-17	1.613711E-18
4.776230E+03	1.035133E-17	1.611150E-18
4.776428E+03	1.033997E-17	1.609339E-18
4.776626E+03	1.034909E-17	1.610715E-18
4.776824E+03	1.035787E-17	1.612037E-18
4.777022E+03	1.036027E-17	1.612369E-18
4.777220E+03	1.035209E-17	1.611052E-18
4.777418E+03	1.032826E-17	1.607301E-18
4.777616E+03	1.030914E-17	1.604282E-18
4.777814E+03	1.029190E-17	1.601556E-18
4.778012E+03	1.028395E-17	1.600276E-18
4.778210E+03	1.028989E-17	1.601158E-18
4.778408E+03	1.029349E-17	1.601674E-18
4.778607E+03	1.028341E-17	1.600064E-18
4.778805E+03	1.027582E-17	1.598839E-18
4.779003E+03	1.028930E-17	1.600894E-18
4.779201E+03	1.028112E-17	1.599578E-18
4.779399E+03	1.026646E-17	1.597255E-18
4.779597E+03	1.026970E-17	1.597715E-18
4.779795E+03	1.027764E-17	1.598908E-18
4.779994E+03	1.027464E-17	1.598398E-18
4.780192E+03	1.025963E-17	1.596020E-18
4.780390E+03	1.025098E-17	1.594632E-18
4.780588E+03	1.025762E-17	1.595622E-18
4.780786E+03	1.026039E-17	1.596010E-18
4.780984E+03	1.025762E-17	1.595537E-18
4.781182E+03	1.025461E-17	1.595026E-18
4.781380E+03	1.025408E-17	1.594901E-18
4.781578E+03	1.025484E-17	1.594977E-18
4.781776E+03	1.026550E-17	1.596591E-18
4.781974E+03	1.028745E-17	1.599963E-18
4.782172E+03	1.030305E-17	1.602346E-18
4.782370E+03	1.030182E-17	1.602111E-18
4.782767E+03	1.028709E-17	1.599735E-18
4.782965E+03	1.029469E-17	1.600873E-18
4.783163E+03	1.030299E-17	1.602120E-18
4.783361E+03	1.030316E-17	1.602105E-18
4.783559E+03	1.030534E-17	1.602401E-18
4.783757E+03	1.029904E-17	1.601378E-18
4.783955E+03	1.029839E-17	1.601235E-18
4.784153E+03	1.030516E-17	1.602244E-18
4.784351E+03	1.030616E-17	1.602356E-18
4.784549E+03	1.029962E-17	1.601297E-18
4.784747E+03	1.028460E-17	1.598919E-18
4.784946E+03	1.027831E-17	1.597897E-18
4.785144E+03	1.028060E-17	1.598210E-18
4.785342E+03	1.028395E-17	1.598689E-18
4.785540E+03	1.027388E-17	1.597080E-18
4.785738E+03	1.027594E-17	1.597357E-18
4.785935E+03	1.030462E-17	1.601773E-18
4.786134E+03	1.033824E-17	1.606956E-18
4.786332E+03	1.034537E-17	1.608021E-18
4.786531E+03	1.034048E-17	1.607217E-18
4.786728E+03	1.034230E-17	1.607458E-18
4.786926E+03	1.034601E-17	1.607992E-18
4.787124E+03	1.034961E-17	1.608507E-18
4.787322E+03	1.037016E-17	1.611658E-18
4.787520E+03	1.037905E-17	1.612996E-18
4.787718E+03	1.037156E-17	1.611790E-18
4.787916E+03	1.038400E-17	1.613679E-18
4.788114E+03	1.038123E-17	1.613205E-18
4.788312E+03	1.037186E-17	1.611706E-18
4.788510E+03	1.038063E-17	1.613026E-18
4.788708E+03	1.039000E-17	1.614439E-18
4.788906E+03	1.038935E-17	1.614294E-18
4.789104E+03	1.038046E-17	1.612869E-18
4.789302E+03	1.038641E-17	1.613751E-18
4.789500E+03	1.038882E-17	1.614083E-18
4.789698E+03	1.038699E-17	1.613755E-18
4.789897E+03	1.039542E-17	1.615020E-18
4.790095E+03	1.040584E-17	1.616597E-18
4.790294E+03	1.041286E-17	1.617643E-18
4.790492E+03	1.041303E-17	1.617627E-18
4.790690E+03	1.041085E-17	1.617245E-18
4.790888E+03	1.042552E-17	1.619480E-18
4.791086E+03	1.044655E-17	1.622704E-18
4.791284E+03	1.046028E-17	1.624792E-18
4.791482E+03	1.047247E-17	1.626643E-18
4.791680E+03	1.048337E-17	1.628292E-18
4.791878E+03	1.049675E-17	1.630326E-18
4.792076E+03	1.049776E-17	1.630439E-18
4.792274E+03	1.049617E-17	1.630148E-18
4.792472E+03	1.051473E-17	1.632987E-18
4.792670E+03	1.052315E-17	1.634251E-18
4.792868E+03	1.052640E-17	1.634712E-18
4.793066E+03	1.053482E-17	1.635976E-18
4.793264E+03	1.053983E-17	1.636710E-18
4.793462E+03	1.055274E-17	1.638671E-18
4.793660E+03	1.057814E-17	1.642571E-18
4.793858E+03	1.059859E-17	1.645703E-18
4.794056E+03	1.061055E-17	1.647516E-18
4.794255E+03	1.060778E-17	1.647042E-18
4.794453E+03	1.060596E-17	1.646715E-18
4.794651E+03	1.060308E-17	1.646223E-18
4.794849E+03	1.059784E-17	1.645365E-18
4.795048E+03	1.061935E-17	1.648661E-18
4.795246E+03	1.063308E-17	1.650748E-18
4.795444E+03	1.062643E-17	1.649671E-18
4.795642E+03	1.061989E-17	1.648612E-18
4.795840E+03	1.062007E-17	1.648596E-18
4.796038E+03	1.061259E-17	1.647390E-18
4.796236E+03	1.060510E-17	1.646184E-18
4.796434E+03	1.059856E-17	1.645125E-18
4.796632E+03	1.060299E-17	1.645767E-18
4.796830E+03	1.061413E-17	1.647452E-18
4.797028E+03	1.060829E-17	1.646503E-18
4.797226E+03	1.060034E-17	1.645223E-18
4.797424E+03	1.059733E-17	1.644713E-18
4.797622E+03	1.059551E-17	1.644386E-18
4.797820E+03	1.059722E-17	1.644607E-18
4.798018E+03	1.060942E-17	1.646457E-18
4.798217E+03	1.062399E-17	1.648674E-18
4.798415E+03	1.062169E-17	1.648272E-18
4.798613E+03	1.060230E-17	1.645220E-18
4.798810E+03	1.057996E-17	1.641709E-18
4.799008E+03	1.056976E-17	1.640083E-18
4.799207E+03	1.056546E-17	1.639371E-18
4.799404E+03	1.056752E-17	1.639647E-18
4.799602E+03	1.057796E-17	1.641223E-18
4.799800E+03	1.059276E-17	1.643475E-18
4.799999E+03	1.059400E-17	1.643624E-18
4.800197E+03	1.058098E-17	1.641558E-18
4.800395E+03	1.057090E-17	1.639951E-18
4.800593E+03	1.057190E-17	1.640062E-18
4.800791E+03	1.057042E-17	1.639789E-18
4.800989E+03	1.057166E-17	1.639938E-18
4.801187E+03	1.056960E-17	1.639574E-18
4.801385E+03	1.056412E-17	1.638680E-18
4.801583E+03	1.056524E-17	1.638809E-18
4.801781E+03	1.056872E-17	1.639306E-18
4.801980E+03	1.057703E-17	1.640551E-18
4.802178E+03	1.057922E-17	1.640846E-18
4.802376E+03	1.057562E-17	1.640244E-18
4.802574E+03	1.057155E-17	1.639569E-18
4.802772E+03	1.056902E-17	1.639133E-18
4.802970E+03	1.056625E-17	1.638659E-18
4.803168E+03	1.057728E-17	1.640325E-18
4.803366E+03	1.058229E-17	1.641059E-18
4.803564E+03	1.058283E-17	1.641098E-18
4.803762E+03	1.058714E-17	1.641722E-18
4.803960E+03	1.057292E-17	1.639474E-18
4.804158E+03	1.056366E-17	1.637994E-18
4.804356E+03	1.058059E-17	1.640575E-18
4.804554E+03	1.060365E-17	1.644107E-18
4.804752E+03	1.062589E-17	1.647511E-18
4.804951E+03	1.064896E-17	1.651042E-18
4.805149E+03	1.066943E-17	1.654172E-18
4.805347E+03	1.066748E-17	1.653826E-18
4.805545E+03	1.065610E-17	1.652017E-18
4.805743E+03	1.065487E-17	1.651782E-18
4.805942E+03	1.065457E-17	1.651692E-18
4.806140E+03	1.064331E-17	1.649901E-18
4.806338E+03	1.063664E-17	1.648823E-18
4.806536E+03	1.064980E-17	1.650819E-18
4.806734E+03	1.065305E-17	1.651278E-18
4.806932E+03	1.064509E-17	1.650000E-18
4.807130E+03	1.064208E-17	1.649489E-18
4.807328E+03	1.062952E-17	1.647498E-18
4.807526E+03	1.062061E-17	1.646074E-18
4.807724E+03	1.062763E-17	1.647117E-18
4.807922E+03	1.064256E-17	1.649387E-18
4.808120E+03	1.063436E-17	1.648072E-18
4.808318E+03	1.063159E-17	1.647599E-18
4.808516E+03	1.064203E-17	1.649173E-18
4.808714E+03	1.064835E-17	1.650107E-18
4.808912E+03	1.066257E-17	1.652267E-18
4.809110E+03	1.067691E-17	1.654444E-18
4.809308E+03	1.066930E-17	1.653221E-18
4.809506E+03	1.066830E-17	1.653021E-18
4.809705E+03	1.069256E-17	1.656736E-18
4.809904E+03	1.070819E-17	1.659114E-18
4.810102E+03	1.071711E-17	1.660451E-18
4.810299E+03	1.071729E-17	1.660434E-18
4.810498E+03	1.071050E-17	1.659338E-18
4.810696E+03	1.070655E-17	1.658682E-18
4.810894E+03	1.071086E-17	1.659305E-18
4.811091E+03	1.070077E-17	1.657698E-18
4.811289E+03	1.068384E-17	1.655031E-18
4.811487E+03	1.069358E-17	1.656495E-18
4.811685E+03	1.070261E-17	1.657849E-18
4.811883E+03	1.070397E-17	1.658015E-18
4.812081E+03	1.068397E-17	1.654873E-18
4.812279E+03	1.065842E-17	1.650871E-18
4.812477E+03	1.065010E-17	1.649538E-18
4.812675E+03	1.063268E-17	1.646797E-18
4.812873E+03	1.060630E-17	1.642667E-18
4.813071E+03	1.059999E-17	1.641645E-18
4.813269E+03	1.060984E-17	1.643127E-18
4.813467E+03	1.061451E-17	1.643806E-18
4.813666E+03	1.061315E-17	1.643551E-18
4.813864E+03	1.060731E-17	1.642602E-18
4.814062E+03	1.059816E-17	1.641142E-18
4.814260E+03	1.058394E-17	1.638895E-18
4.814458E+03	1.058116E-17	1.638422E-18
4.814656E+03	1.059043E-17	1.639813E-18
4.814855E+03	1.057750E-17	1.637767E-18
4.815053E+03	1.054757E-17	1.633089E-18
4.815251E+03	1.054633E-17	1.632853E-18
4.815449E+03	1.055548E-17	1.634226E-18
4.815647E+03	1.054716E-17	1.632893E-18
4.815845E+03	1.053966E-17	1.631688E-18
4.816043E+03	1.054598E-17	1.632623E-18
4.816241E+03	1.054426E-17	1.632314E-18
4.816439E+03	1.053511E-17	1.630854E-18
4.816637E+03	1.053493E-17	1.630782E-18
4.816835E+03	1.053110E-17	1.630145E-18
4.817033E+03	1.054166E-17	1.631737E-18
4.817231E+03	1.056534E-17	1.635358E-18
4.817429E+03	1.056894E-17	1.635872E-18
4.817628E+03	1.056439E-17	1.635124E-18
4.817826E+03	1.055595E-17	1.633773E-18
4.818024E+03	1.054302E-17	1.631728E-18
4.818222E+03	1.053127E-17	1.629865E-18
4.818420E+03	1.053463E-17	1.630342E-18
4.818618E+03	1.053469E-17	1.630308E-18
4.818816E+03	1.052494E-17	1.628755E-18
4.819014E+03	1.051437E-17	1.627076E-18
4.819212E+03	1.050829E-17	1.626091E-18
4.819410E+03	1.051968E-17	1.627811E-18
4.819608E+03	1.053155E-17	1.629604E-18
4.819807E+03	1.053374E-17	1.629899E-18
4.820005E+03	1.053226E-17	1.629626E-18
4.820203E+03	1.052759E-17	1.628860E-18
4.820401E+03	1.051407E-17	1.626724E-18
4.820599E+03	1.050420E-17	1.625154E-18
4.820797E+03	1.049883E-17	1.624279E-18
4.820995E+03	1.048719E-17	1.622434E-18
4.821193E+03	1.046527E-17	1.619000E-18
4.821392E+03	1.045434E-17	1.617267E-18
4.821590E+03	1.045782E-17	1.617762E-18
4.821788E+03	1.046922E-17	1.619482E-18
4.821986E+03	1.046538E-17	1.618844E-18
4.822184E+03	1.046201E-17	1.618279E-18
4.822381E+03	1.045923E-17	1.617807E-18
4.822579E+03	1.043707E-17	1.614336E-18
4.822778E+03	1.042449E-17	1.612346E-18
4.822976E+03	1.044014E-17	1.614724E-18
4.823173E+03	1.046076E-17	1.617869E-18
4.823371E+03	1.047003E-17	1.619260E-18
4.823569E+03	1.047529E-17	1.620030E-18
4.823767E+03	1.047676E-17	1.620214E-18
4.823965E+03	1.046949E-17	1.619046E-18
4.824163E+03	1.047770E-17	1.620273E-18
4.824361E+03	1.048780E-17	1.621790E-18
4.824559E+03	1.047569E-17	1.619874E-18
4.824758E+03	1.045376E-17	1.616441E-18
4.824956E+03	1.044059E-17	1.614360E-18
4.825154E+03	1.044135E-17	1.614435E-18
4.825353E+03	1.043455E-17	1.613340E-18
4.825551E+03	1.042929E-17	1.612484E-18
4.825749E+03	1.043230E-17	1.612906E-18
4.825947E+03	1.041983E-17	1.610935E-18
4.826145E+03	1.039720E-17	1.607393E-18
4.826343E+03	1.038850E-17	1.606006E-18
4.826541E+03	1.039270E-17	1.606611E-18
4.826739E+03	1.039523E-17	1.606959E-18
4.826937E+03	1.039363E-17	1.606670E-18
4.827135E+03	1.039333E-17	1.606580E-18
4.827333E+03	1.039031E-17	1.606070E-18
4.827531E+03	1.037867E-17	1.604227E-18
4.827729E+03	1.038369E-17	1.604960E-18
4.827927E+03	1.039981E-17	1.607410E-18
4.828125E+03	1.040803E-17	1.608636E-18
4.828323E+03	1.040111E-17	1.607524E-18
4.828521E+03	1.039277E-17	1.606192E-18
4.828719E+03	1.037675E-17	1.603673E-18
4.828917E+03	1.036817E-17	1.602305E-18
4.829116E+03	1.036977E-17	1.602508E-18
4.829314E+03	1.036485E-17	1.601706E-18
4.829512E+03	1.035581E-17	1.600265E-18
4.829710E+03	1.036224E-17	1.601217E-18
4.829909E+03	1.038133E-17	1.604124E-18
4.830107E+03	1.040633E-17	1.607943E-18
4.830305E+03	1.042684E-17	1.611068E-18
4.830503E+03	1.043351E-17	1.612057E-18
4.830701E+03	1.043510E-17	1.612259E-18
4.830899E+03	1.044367E-17	1.613540E-18
4.831097E+03	1.044940E-17	1.614382E-18
4.831295E+03	1.043492E-17	1.612101E-18
4.831493E+03	1.042161E-17	1.610002E-18
4.831691E+03	1.042639E-17	1.610698E-18
4.831889E+03	1.043851E-17	1.612526E-18
4.832087E+03	1.043939E-17	1.612619E-18
4.832285E+03	1.044311E-17	1.613151E-18
4.832483E+03	1.044956E-17	1.614103E-18
4.832681E+03	1.045848E-17	1.615438E-18
4.832879E+03	1.045877E-17	1.615439E-18
4.833078E+03	1.045421E-17	1.614692E-18
4.833276E+03	1.045403E-17	1.614622E-18
4.833474E+03	1.044818E-17	1.613674E-18
4.833672E+03	1.043925E-17	1.612251E-18
4.833870E+03	1.044202E-17	1.612636E-18
4.834068E+03	1.044302E-17	1.612747E-18
4.834266E+03	1.044958E-17	1.613718E-18
4.834463E+03	1.046311E-17	1.615765E-18
4.834661E+03	1.046956E-17	1.616717E-18
4.834860E+03	1.047399E-17	1.617358E-18
4.835059E+03	1.047050E-17	1.616775E-18
4.835257E+03	1.048060E-17	1.618292E-18
4.835454E+03	1.048243E-17	1.618531E-18
4.835652E+03	1.046995E-17	1.616561E-18
4.835850E+03	1.046516E-17	1.615778E-18
4.836048E+03	1.045977E-17	1.614902E-18
4.836246E+03	1.045155E-17	1.613589E-18
4.836444E+03	1.045965E-17	1.614797E-18
4.836642E+03	1.047141E-17	1.616570E-18
4.836840E+03	1.046177E-17	1.615038E-18
4.837039E+03	1.044857E-17	1.612958E-18
4.837237E+03	1.044378E-17	1.612175E-18
4.837435E+03	1.043638E-17	1.610989E-18
4.837633E+03	1.041609E-17	1.607814E-18
4.837831E+03	1.040325E-17	1.605790E-18
4.838029E+03	1.040472E-17	1.605974E-18
4.838227E+03	1.040348E-17	1.605739E-18
4.838425E+03	1.039974E-17	1.605119E-18
4.838623E+03	1.040938E-17	1.606564E-18
4.838821E+03	1.042766E-17	1.609341E-18
4.839019E+03	1.044569E-17	1.612082E-18
4.839217E+03	1.044528E-17	1.611974E-18
4.839415E+03	1.043361E-17	1.610131E-18
4.839613E+03	1.044431E-17	1.611739E-18
4.839812E+03	1.045739E-17	1.613713E-18
4.840010E+03	1.045579E-17	1.613423E-18
4.840208E+03	1.044366E-17	1.611508E-18
4.840406E+03	1.045211E-17	1.612769E-18
4.840604E+03	1.046731E-17	1.615071E-18
4.840803E+03	1.047731E-17	1.616571E-18
4.841001E+03	1.048825E-17	1.618215E-18
4.841199E+03	1.048380E-17	1.617487E-18
4.841397E+03	1.045996E-17	1.613764E-18
4.841595E+03	1.043504E-17	1.609877E-18
4.841793E+03	1.043640E-17	1.610043E-18
4.841991E+03	1.045657E-17	1.613112E-18
4.842189E+03	1.046632E-17	1.614574E-18
4.842387E+03	1.046425E-17	1.614211E-18
4.842585E+03	1.045708E-17	1.613062E-18
4.842783E+03	1.046460E-17	1.614178E-18
4.842981E+03	1.048015E-17	1.616534E-18
4.843179E+03	1.047559E-17	1.615787E-18
4.843377E+03	1.045790E-17	1.613015E-18
4.843575E+03	1.045275E-17	1.612177E-18
4.843773E+03	1.045990E-17	1.613237E-18
4.843971E+03	1.047049E-17	1.614827E-18
4.844169E+03	1.046687E-17	1.614226E-18
4.844367E+03	1.044977E-17	1.611545E-18
4.844565E+03	1.044946E-17	1.611455E-18
4.844765E+03	1.045603E-17	1.612425E-18
4.844963E+03	1.044271E-17	1.610327E-18
4.845161E+03	1.043732E-17	1.609453E-18
4.845359E+03	1.045856E-17	1.612685E-18
4.845557E+03	1.047933E-17	1.615844E-18
4.845755E+03	1.049844E-17	1.618749E-18
4.845953E+03	1.050122E-17	1.619133E-18
4.846151E+03	1.049275E-17	1.617785E-18
4.846349E+03	1.049043E-17	1.617384E-18
4.846546E+03	1.048351E-17	1.616273E-18
4.846744E+03	1.047705E-17	1.615234E-18
4.846942E+03	1.048184E-17	1.615929E-18
4.847141E+03	1.048450E-17	1.616295E-18
4.847339E+03	1.047911E-17	1.615421E-18
4.847536E+03	1.049147E-17	1.617284E-18
4.847734E+03	1.050337E-17	1.619075E-18
4.847932E+03	1.049596E-17	1.617890E-18
4.848130E+03	1.049152E-17	1.617162E-18
4.848328E+03	1.048980E-17	1.616854E-18
4.848526E+03	1.050003E-17	1.618388E-18
4.848725E+03	1.051442E-17	1.620561E-18
4.848923E+03	1.051767E-17	1.621019E-18
4.849121E+03	1.053181E-17	1.623155E-18
4.849319E+03	1.054608E-17	1.625311E-18
4.849517E+03	1.056259E-17	1.627812E-18
4.849716E+03	1.056253E-17	1.627758E-18
4.849914E+03	1.055489E-17	1.626537E-18
4.850112E+03	1.055376E-17	1.626320E-18
4.850310E+03	1.056175E-17	1.627508E-18
4.850508E+03	1.057009E-17	1.628750E-18
4.850706E+03	1.056813E-17	1.628405E-18
4.850904E+03	1.056381E-17	1.627695E-18
4.851102E+03	1.055262E-17	1.625927E-18
4.851300E+03	1.054486E-17	1.624688E-18
4.851498E+03	1.053685E-17	1.623411E-18
4.851696E+03	1.054177E-17	1.624125E-18
4.851894E+03	1.055354E-17	1.625896E-18
4.852092E+03	1.054437E-17	1.624438E-18
4.852290E+03	1.054406E-17	1.624348E-18
4.852489E+03	1.056555E-17	1.627615E-18
4.852687E+03	1.058504E-17	1.630573E-18
4.852885E+03	1.058853E-17	1.631067E-18
4.853083E+03	1.058988E-17	1.631233E-18
4.853281E+03	1.060084E-17	1.632876E-18
4.853479E+03	1.061084E-17	1.634373E-18
4.853677E+03	1.061244E-17	1.634576E-18
4.853875E+03	1.061000E-17	1.634157E-18
4.854073E+03	1.060627E-17	1.633539E-18
4.854271E+03	1.060325E-17	1.633030E-18
4.854469E+03	1.060461E-17	1.633195E-18
4.854668E+03	1.060917E-17	1.633853E-18
4.854866E+03	1.060804E-17	1.633636E-18
4.855064E+03	1.060312E-17	1.632834E-18
4.855262E+03	1.060780E-17	1.633511E-18
4.855460E+03	1.060371E-17	1.632837E-18
4.855658E+03	1.060388E-17	1.632821E-18
4.855856E+03	1.060429E-17	1.632840E-18
4.856054E+03	1.059534E-17	1.631418E-18
4.856252E+03	1.059729E-17	1.631675E-18
4.856451E+03	1.061240E-17	1.633957E-18
4.856649E+03	1.062868E-17	1.636420E-18
4.856847E+03	1.064533E-17	1.638940E-18
4.857045E+03	1.064858E-17	1.639397E-18
4.857243E+03	1.062968E-17	1.636443E-18
4.857441E+03	1.062523E-17	1.635714E-18
4.857639E+03	1.062884E-17	1.636226E-18
4.857837E+03	1.062759E-17	1.635991E-18
4.858035E+03	1.062255E-17	1.635171E-18
4.858233E+03	1.062273E-17	1.635154E-18
4.858431E+03	1.062894E-17	1.636068E-18
4.858629E+03	1.064405E-17	1.638349E-18
4.858826E+03	1.065904E-17	1.640613E-18
4.859024E+03	1.067343E-17	1.642784E-18
4.859223E+03	1.068179E-17	1.644026E-18
4.859421E+03	1.068824E-17	1.644975E-18
4.859620E+03	1.069103E-17	1.645360E-18
4.859818E+03	1.068859E-17	1.644941E-18
4.860015E+03	1.068723E-17	1.644687E-18
4.860213E+03	1.068859E-17	1.644853E-18
4.860412E+03	1.068829E-17	1.644763E-18
4.860610E+03	1.067886E-17	1.643268E-18
4.860808E+03	1.066410E-17	1.640953E-18
4.861006E+03	1.066535E-17	1.641100E-18
4.861204E+03	1.067607E-17	1.642706E-18
4.861402E+03	1.068419E-17	1.643912E-18
4.861600E+03	1.067287E-17	1.642126E-18
4.861798E+03	1.066249E-17	1.640485E-18
4.861996E+03	1.066456E-17	1.640760E-18
4.862194E+03	1.066829E-17	1.641290E-18
4.862392E+03	1.067131E-17	1.641711E-18
4.862590E+03	1.067243E-17	1.641839E-18
4.862788E+03	1.067000E-17	1.641422E-18
4.862986E+03	1.066828E-17	1.641113E-18
4.863184E+03	1.068267E-17	1.643283E-18
4.863382E+03	1.070004E-17	1.645911E-18
4.863580E+03	1.070827E-17	1.647133E-18
4.863778E+03	1.072149E-17	1.649123E-18
4.863976E+03	1.072167E-17	1.649106E-18
4.864175E+03	1.070904E-17	1.647119E-18
4.864373E+03	1.072309E-17	1.649236E-18
4.864572E+03	1.072694E-17	1.649784E-18
4.864770E+03	1.072332E-17	1.649183E-18
4.864968E+03	1.072765E-17	1.649805E-18
4.865166E+03	1.073292E-17	1.650571E-18
4.865364E+03	1.073925E-17	1.651502E-18
4.865562E+03	1.075330E-17	1.653618E-18
4.865760E+03	1.076249E-17	1.654986E-18
4.865958E+03	1.074915E-17	1.652891E-18
4.866156E+03	1.073521E-17	1.650704E-18
4.866354E+03	1.073871E-17	1.651198E-18
4.866552E+03	1.073818E-17	1.651071E-18
4.866750E+03	1.073633E-17	1.650744E-18
4.866948E+03	1.075347E-17	1.653334E-18
4.867146E+03	1.076621E-17	1.655249E-18
4.867344E+03	1.078085E-17	1.657456E-18
4.867542E+03	1.079408E-17	1.659444E-18
4.867740E+03	1.079544E-17	1.659610E-18
4.867938E+03	1.079929E-17	1.660157E-18
4.868137E+03	1.081322E-17	1.662255E-18
4.868335E+03	1.084293E-17	1.666777E-18
4.868533E+03	1.087537E-17	1.671719E-18
4.868731E+03	1.088254E-17	1.672776E-18
4.868929E+03	1.086315E-17	1.669752E-18
4.869127E+03	1.085763E-17	1.668859E-18
4.869325E+03	1.086208E-17	1.669498E-18
4.869524E+03	1.086830E-17	1.670410E-18
4.869722E+03	1.087607E-17	1.671559E-18
4.869920E+03	1.087388E-17	1.671177E-18
4.870118E+03	1.086848E-17	1.670304E-18
4.870316E+03	1.087293E-17	1.670942E-18
4.870514E+03	1.087987E-17	1.671964E-18
4.870712E+03	1.088657E-17	1.672949E-18
4.870910E+03	1.088960E-17	1.673369E-18
4.871107E+03	1.088716E-17	1.672950E-18
4.871305E+03	1.089861E-17	1.674665E-18
4.871504E+03	1.090899E-17	1.676215E-18
4.871702E+03	1.090893E-17	1.676162E-18
4.871900E+03	1.091717E-17	1.677383E-18
4.872098E+03	1.093088E-17	1.679444E-18
4.872296E+03	1.093223E-17	1.679608E-18
4.872494E+03	1.093763E-17	1.680393E-18
4.872692E+03	1.094529E-17	1.681524E-18
4.872890E+03	1.094048E-17	1.680740E-18
4.873088E+03	1.094102E-17	1.680778E-18
4.873286E+03	1.093942E-17	1.680487E-18
4.873484E+03	1.094161E-17	1.680779E-18
4.873682E+03	1.094618E-17	1.681437E-18
4.873880E+03	1.093769E-17	1.680088E-18
4.874078E+03	1.093325E-17	1.679360E-18
4.874276E+03	1.093414E-17	1.679452E-18
4.874474E+03	1.092636E-17	1.678213E-18
4.874673E+03	1.092085E-17	1.677321E-18
4.874871E+03	1.093491E-17	1.679435E-18
4.875069E+03	1.093995E-17	1.680165E-18
4.875267E+03	1.093170E-17	1.678854E-18
4.875465E+03	1.092927E-17	1.678435E-18
4.875663E+03	1.091438E-17	1.676104E-18
4.875862E+03	1.089960E-17	1.673790E-18
4.876060E+03	1.090702E-17	1.674884E-18
4.876258E+03	1.091610E-17	1.676233E-18
4.876456E+03	1.091770E-17	1.676434E-18
4.876654E+03	1.092630E-17	1.677711E-18
4.876852E+03	1.094666E-17	1.680791E-18
4.877050E+03	1.096143E-17	1.683015E-18
4.877248E+03	1.094689E-17	1.680737E-18
4.877446E+03	1.092428E-17	1.677222E-18
4.877644E+03	1.091354E-17	1.675528E-18
4.877842E+03	1.088618E-17	1.671283E-18
4.878040E+03	1.086487E-17	1.667967E-18
4.878238E+03	1.086244E-17	1.667549E-18
4.878436E+03	1.086440E-17	1.667805E-18
4.878634E+03	1.086505E-17	1.667861E-18
4.878832E+03	1.087650E-17	1.669574E-18
4.879030E+03	1.089330E-17	1.672107E-18
4.879228E+03	1.089917E-17	1.672964E-18
4.879426E+03	1.091039E-17	1.674642E-18
4.879625E+03	1.092540E-17	1.676901E-18
4.879824E+03	1.092783E-17	1.677230E-18
4.880022E+03	1.092646E-17	1.676975E-18
4.880220E+03	1.093899E-17	1.678853E-18
4.880418E+03	1.095947E-17	1.681951E-18
4.880616E+03	1.096178E-17	1.682261E-18
4.880814E+03	1.096125E-17	1.682134E-18
4.881012E+03	1.097081E-17	1.683556E-18
4.881210E+03	1.098475E-17	1.685651E-18
4.881408E+03	1.099633E-17	1.687382E-18
4.881606E+03	1.099532E-17	1.687182E-18
4.881804E+03	1.099775E-17	1.687511E-18
4.882002E+03	1.100600E-17	1.688732E-18
4.882200E+03	1.100215E-17	1.688096E-18
4.882398E+03	1.101123E-17	1.689444E-18
4.882596E+03	1.102566E-17	1.691612E-18
4.882794E+03	1.102583E-17	1.691594E-18
4.882992E+03	1.102032E-17	1.690703E-18
4.883189E+03	1.103035E-17	1.692197E-18
4.883387E+03	1.104122E-17	1.693819E-18
4.883587E+03	1.104555E-17	1.694439E-18
4.883785E+03	1.106354E-17	1.697153E-18
4.883983E+03	1.109032E-17	1.701215E-18
4.884180E+03	1.110023E-17	1.702691E-18
4.884378E+03	1.109757E-17	1.702236E-18
4.884577E+03	1.110783E-17	1.703766E-18
4.884775E+03	1.114424E-17	1.709305E-18
4.884973E+03	1.116306E-17	1.712145E-18
4.885171E+03	1.115422E-17	1.710744E-18
4.885369E+03	1.115012E-17	1.710070E-18
4.885567E+03	1.115553E-17	1.710853E-18
4.885765E+03	1.116723E-17	1.712602E-18
4.885963E+03	1.118855E-17	1.715826E-18
4.886161E+03	1.121617E-17	1.720016E-18
4.886359E+03	1.123998E-17	1.723622E-18
4.886557E+03	1.125157E-17	1.725353E-18
4.886755E+03	1.126042E-17	1.726664E-18
4.886953E+03	1.126892E-17	1.727921E-18
4.887151E+03	1.128585E-17	1.730471E-18
4.887349E+03	1.130503E-17	1.733366E-18
4.887548E+03	1.131234E-17	1.734441E-18
4.887746E+03	1.131739E-17	1.735169E-18
4.887944E+03	1.133136E-17	1.737264E-18
4.888142E+03	1.134710E-17	1.739631E-18
4.888340E+03	1.136308E-17	1.742035E-18
4.888538E+03	1.136779E-17	1.742709E-18
4.888736E+03	1.135525E-17	1.740741E-18
4.888934E+03	1.134831E-17	1.739631E-18
4.889132E+03	1.136869E-17	1.742708E-18
4.889330E+03	1.138622E-17	1.745349E-18
4.889529E+03	1.137844E-17	1.744111E-18
4.889727E+03	1.137233E-17	1.743126E-18
4.889925E+03	1.139366E-17	1.746349E-18
4.890123E+03	1.140715E-17	1.748370E-18
4.890321E+03	1.139736E-17	1.746823E-18
4.890519E+03	1.139005E-17	1.745657E-18
4.890717E+03	1.138311E-17	1.744547E-18
4.890915E+03	1.138198E-17	1.744327E-18
4.891113E+03	1.138003E-17	1.743982E-18
4.891311E+03	1.138200E-17	1.744237E-18
4.891510E+03	1.138099E-17	1.744036E-18
4.891708E+03	1.137345E-17	1.742834E-18
4.891906E+03	1.137102E-17	1.742416E-18
4.892104E+03	1.137727E-17	1.743326E-18
4.892302E+03	1.137875E-17	1.743508E-18
4.892500E+03	1.137620E-17	1.743070E-18
4.892698E+03	1.138150E-17	1.743835E-18
4.892896E+03	1.138857E-17	1.744872E-18
4.893094E+03	1.139625E-17	1.746002E-18
4.893292E+03	1.140831E-17	1.747803E-18
4.893490E+03	1.142596E-17	1.750461E-18
4.893688E+03	1.143138E-17	1.751244E-18
4.893886E+03	1.142681E-17	1.750497E-18
4.894084E+03	1.142996E-17	1.750934E-18
4.894282E+03	1.143383E-17	1.751480E-18
4.894481E+03	1.144079E-17	1.752499E-18
4.894679E+03	1.145951E-17	1.755320E-18
4.894877E+03	1.148465E-17	1.759125E-18
4.895075E+03	1.150112E-17	1.761600E-18
4.895274E+03	1.151450E-17	1.763602E-18
4.895471E+03	1.152360E-17	1.764950E-18
4.895669E+03	1.153175E-17	1.766150E-18
4.895867E+03	1.154953E-17	1.768826E-18
4.896066E+03	1.156933E-17	1.771811E-18
4.896263E+03	1.158152E-17	1.773631E-18
4.896461E+03	1.158503E-17	1.774122E-18
4.896659E+03	1.157773E-17	1.772957E-18
4.896857E+03	1.157613E-17	1.772665E-18
4.897055E+03	1.157609E-17	1.772610E-18
4.897253E+03	1.157805E-17	1.772865E-18
4.897451E+03	1.159666E-17	1.775667E-18
4.897649E+03	1.161409E-17	1.778288E-18
4.897847E+03	1.161547E-17	1.778451E-18
4.898045E+03	1.161042E-17	1.777631E-18
4.898243E+03	1.160335E-17	1.776502E-18
4.898441E+03	1.159034E-17	1.774463E-18
4.898639E+03	1.158113E-17	1.773005E-18
4.898837E+03	1.159309E-17	1.774789E-18
4.899035E+03	1.161254E-17	1.777719E-18
4.899234E+03	1.161641E-17	1.778264E-18
4.899433E+03	1.161601E-17	1.778154E-18
4.899631E+03	1.161596E-17	1.778100E-18
4.899829E+03	1.159759E-17	1.775241E-18
4.900027E+03	1.158565E-17	1.773366E-18
4.900225E+03	1.158976E-17	1.773948E-18
4.900423E+03	1.158733E-17	1.773529E-18
4.900621E+03	1.158335E-17	1.772873E-18
4.900819E+03	1.159269E-17	1.774255E-18
4.901017E+03	1.161512E-17	1.777640E-18
4.901215E+03	1.163052E-17	1.779950E-18
4.901413E+03	1.162940E-17	1.779732E-18
4.901611E+03	1.162079E-17	1.778367E-18
4.901809E+03	1.161467E-17	1.777383E-18
4.902007E+03	1.161902E-17	1.778001E-18
4.902205E+03	1.162587E-17	1.779001E-18
4.902403E+03	1.161012E-17	1.776544E-18
4.902601E+03	1.159223E-17	1.773759E-18
4.902799E+03	1.160027E-17	1.774942E-18
4.902998E+03	1.161876E-17	1.777725E-18
4.903196E+03	1.161788E-17	1.777542E-18
4.903394E+03	1.162116E-17	1.777996E-18
4.903592E+03	1.164038E-17	1.780889E-18
4.903790E+03	1.164912E-17	1.782180E-18
4.903988E+03	1.164789E-17	1.781944E-18
4.904186E+03	1.164474E-17	1.781415E-18
4.904385E+03	1.164695E-17	1.781706E-18
4.904583E+03	1.164856E-17	1.781905E-18
4.904781E+03	1.163495E-17	1.779775E-18
4.904979E+03	1.162646E-17	1.778428E-18
4.905177E+03	1.163830E-17	1.780192E-18
4.905375E+03	1.165764E-17	1.783103E-18
4.905573E+03	1.165806E-17	1.783120E-18
4.905771E+03	1.164456E-17	1.781008E-18
4.905969E+03	1.163774E-17	1.779917E-18
4.906167E+03	1.164601E-17	1.781135E-18
4.906365E+03	1.165583E-17	1.782589E-18
4.906563E+03	1.165828E-17	1.782916E-18
4.906761E+03	1.166964E-17	1.784607E-18
4.906960E+03	1.168601E-17	1.787063E-18
4.907158E+03	1.170369E-17	1.789718E-18
4.907356E+03	1.171613E-17	1.791573E-18
4.907553E+03	1.172143E-17	1.792337E-18
4.907751E+03	1.173055E-17	1.793682E-18
4.907949E+03	1.173252E-17	1.793936E-18
4.908148E+03	1.173223E-17	1.793844E-18
4.908345E+03	1.173718E-17	1.794553E-18
4.908543E+03	1.173915E-17	1.794807E-18
4.908741E+03	1.174933E-17	1.796315E-18
4.908939E+03	1.175297E-17	1.796824E-18
4.909137E+03	1.176470E-17	1.798569E-18
4.909336E+03	1.178702E-17	1.801934E-18
4.909534E+03	1.179149E-17	1.802569E-18
4.909732E+03	1.178644E-17	1.801749E-18
4.909930E+03	1.177532E-17	1.800002E-18
4.910128E+03	1.177349E-17	1.799674E-18
4.910326E+03	1.178189E-17	1.800910E-18
4.910524E+03	1.179017E-17	1.802128E-18
4.910722E+03	1.179441E-17	1.802727E-18
4.910921E+03	1.179352E-17	1.802544E-18
4.911119E+03	1.178990E-17	1.801943E-18
4.911317E+03	1.178712E-17	1.801469E-18
4.911515E+03	1.178587E-17	1.801231E-18
4.911713E+03	1.179023E-17	1.801848E-18
4.911911E+03	1.179208E-17	1.802084E-18
4.912109E+03	1.180536E-17	1.804066E-18
4.912307E+03	1.181912E-17	1.806120E-18
4.912505E+03	1.179610E-17	1.802554E-18
4.912703E+03	1.176891E-17	1.798351E-18
4.912901E+03	1.175636E-17	1.796386E-18
4.913099E+03	1.173679E-17	1.793349E-18
4.913297E+03	1.172043E-17	1.790801E-18
4.913495E+03	1.171538E-17	1.789982E-18
4.913693E+03	1.172009E-17	1.790654E-18
4.913891E+03	1.174373E-17	1.794218E-18
4.914089E+03	1.176046E-17	1.796726E-18
4.914288E+03	1.176076E-17	1.796725E-18
4.914486E+03	1.174846E-17	1.794797E-18
4.914685E+03	1.174721E-17	1.794558E-18
4.914883E+03	1.175609E-17	1.795868E-18
4.915081E+03	1.176747E-17	1.797557E-18
4.915279E+03	1.177670E-17	1.798920E-18
4.915477E+03	1.177748E-17	1.798992E-18
4.915675E+03	1.178255E-17	1.799718E-18
4.915873E+03	1.178512E-17	1.800063E-18
4.916071E+03	1.178543E-17	1.800061E-18
4.916269E+03	1.176919E-17	1.797533E-18
4.916467E+03	1.176307E-17	1.796550E-18
4.916665E+03	1.177016E-17	1.797585E-18
4.916863E+03	1.175237E-17	1.794821E-18
4.917061E+03	1.173624E-17	1.792311E-18
4.917259E+03	1.173953E-17	1.792765E-18
4.917457E+03	1.174316E-17	1.793272E-18
4.917655E+03	1.175228E-17	1.794617E-18
4.917853E+03	1.175580E-17	1.795107E-18
4.918051E+03	1.173991E-17	1.792633E-18
4.918249E+03	1.173843E-17	1.792359E-18
4.918447E+03	1.175064E-17	1.794176E-18
4.918646E+03	1.175667E-17	1.795048E-18
4.918844E+03	1.175804E-17	1.795211E-18
4.919042E+03	1.177133E-17	1.797192E-18
4.919241E+03	1.178319E-17	1.798954E-18
4.919439E+03	1.178647E-17	1.799407E-18
4.919637E+03	1.178356E-17	1.798915E-18
4.919834E+03	1.177958E-17	1.798260E-18
4.920032E+03	1.177929E-17	1.798168E-18
4.920230E+03	1.178067E-17	1.798330E-18
4.920429E+03	1.179229E-17	1.800056E-18
4.920626E+03	1.179974E-17	1.801146E-18
4.920824E+03	1.179814E-17	1.800854E-18
4.921022E+03	1.178975E-17	1.799526E-18
4.921220E+03	1.177303E-17	1.796925E-18
4.921418E+03	1.177131E-17	1.796615E-18
4.921616E+03	1.177578E-17	1.797250E-18
4.921814E+03	1.176859E-17	1.796104E-18
4.922012E+03	1.176079E-17	1.794866E-18
4.922210E+03	1.175133E-17	1.793374E-18
4.922409E+03	1.173841E-17	1.791356E-18
4.922607E+03	1.172680E-17	1.789537E-18
4.922805E+03	1.171997E-17	1.788446E-18
4.923003E+03	1.171335E-17	1.787389E-18
4.923201E+03	1.170354E-17	1.785844E-18
4.923399E+03	1.169348E-17	1.784262E-18
4.923597E+03	1.167663E-17	1.781643E-18
4.923795E+03	1.167241E-17	1.780952E-18
4.923993E+03	1.167819E-17	1.781787E-18
4.924192E+03	1.168314E-17	1.782495E-18
4.924390E+03	1.167499E-17	1.781203E-18
4.924588E+03	1.166910E-17	1.780257E-18
4.924786E+03	1.167369E-17	1.780910E-18
4.924984E+03	1.165767E-17	1.778419E-18
4.925182E+03	1.163783E-17	1.775346E-18
4.925380E+03	1.163219E-17	1.774437E-18
4.925578E+03	1.163570E-17	1.774926E-18
4.925776E+03	1.163505E-17	1.774781E-18
4.925974E+03	1.163500E-17	1.774724E-18
4.926172E+03	1.163840E-17	1.775197E-18
4.926371E+03	1.163882E-17	1.775214E-18
4.926569E+03	1.164663E-17	1.776358E-18
4.926767E+03	1.164360E-17	1.775847E-18
4.926965E+03	1.163711E-17	1.774811E-18
4.927163E+03	1.164075E-17	1.775319E-18
4.927361E+03	1.163712E-17	1.774719E-18
4.927559E+03	1.162420E-17	1.772700E-18
4.927757E+03	1.159661E-17	1.768447E-18
4.927955E+03	1.157856E-17	1.765647E-18
4.928153E+03	1.157482E-17	1.765029E-18
4.928351E+03	1.156737E-17	1.763847E-18
4.928549E+03	1.155325E-17	1.761646E-18
4.928747E+03	1.155010E-17	1.761119E-18
4.928945E+03	1.154599E-17	1.760446E-18
4.929143E+03	1.153831E-17	1.759228E-18
4.929342E+03	1.153098E-17	1.758063E-18
4.929540E+03	1.151436E-17	1.755483E-18
4.929738E+03	1.149654E-17	1.752720E-18
4.929936E+03	1.148087E-17	1.750285E-18
4.930134E+03	1.146556E-17	1.747903E-18
4.930333E+03	1.145489E-17	1.746231E-18
4.930531E+03	1.145209E-17	1.745758E-18
4.930729E+03	1.145954E-17	1.746847E-18
4.930927E+03	1.146890E-17	1.748227E-18
4.931125E+03	1.147277E-17	1.748771E-18
4.931323E+03	1.148047E-17	1.749898E-18
4.931521E+03	1.149781E-17	1.752495E-18
4.931719E+03	1.151564E-17	1.755165E-18
4.931917E+03	1.152309E-17	1.756254E-18
4.932114E+03	1.153090E-17	1.757398E-18
4.932312E+03	1.153526E-17	1.758015E-18
4.932511E+03	1.152996E-17	1.757160E-18
4.932708E+03	1.152191E-17	1.755887E-18
4.932906E+03	1.152459E-17	1.756250E-18
4.933104E+03	1.155422E-17	1.760719E-18
4.933302E+03	1.156549E-17	1.762389E-18
4.933500E+03	1.154564E-17	1.759318E-18
4.933698E+03	1.153128E-17	1.757082E-18
4.933896E+03	1.152788E-17	1.756518E-18
4.934095E+03	1.153677E-17	1.757826E-18
4.934294E+03	1.154184E-17	1.758552E-18
4.934492E+03	1.153654E-17	1.757697E-18
4.934690E+03	1.152575E-17	1.756007E-18
4.934888E+03	1.151734E-17	1.754679E-18
4.935086E+03	1.153339E-17	1.757077E-18
4.935284E+03	1.155265E-17	1.759964E-18
4.935482E+03	1.155092E-17	1.759654E-18
4.935680E+03	1.153417E-17	1.757056E-18
4.935878E+03	1.153220E-17	1.756709E-18
4.936076E+03	1.152893E-17	1.756164E-18
4.936274E+03	1.153256E-17	1.756671E-18
4.936472E+03	1.154026E-17	1.757797E-18
4.936670E+03	1.153102E-17	1.756342E-18
4.936868E+03	1.152846E-17	1.755906E-18
4.937066E+03	1.153985E-17	1.757594E-18
4.937264E+03	1.154445E-17	1.758248E-18
4.937462E+03	1.156573E-17	1.761442E-18
4.937660E+03	1.158309E-17	1.764039E-18
4.937858E+03	1.156371E-17	1.761041E-18
4.938057E+03	1.154553E-17	1.758225E-18
4.938255E+03	1.154571E-17	1.758206E-18
4.938453E+03	1.155901E-17	1.760185E-18
4.938651E+03	1.156182E-17	1.760565E-18
4.938849E+03	1.154721E-17	1.758294E-18
4.939047E+03	1.153510E-17	1.756404E-18
4.939246E+03	1.152431E-17	1.754714E-18
4.939444E+03	1.151364E-17	1.753042E-18
4.939642E+03	1.149641E-17	1.750372E-18
4.939840E+03	1.148370E-17	1.748391E-18
4.940038E+03	1.148758E-17	1.748935E-18
4.940236E+03	1.149241E-17	1.749624E-18
4.940434E+03	1.149415E-17	1.749842E-18
4.940632E+03	1.149098E-17	1.749314E-18
4.940830E+03	1.149474E-17	1.749840E-18
4.941028E+03	1.151007E-17	1.752127E-18
4.941226E+03	1.152600E-17	1.754505E-18
4.941424E+03	1.153429E-17	1.755720E-18
4.941622E+03	1.153471E-17	1.755738E-18
4.941820E+03	1.152189E-17	1.753739E-18
4.942019E+03	1.150943E-17	1.751796E-18
4.942217E+03	1.150137E-17	1.750523E-18
4.942415E+03	1.150370E-17	1.750831E-18
4.942613E+03	1.151521E-17	1.752537E-18
4.942811E+03	1.152172E-17	1.753481E-18
4.943009E+03	1.153072E-17	1.754805E-18
4.943207E+03	1.152923E-17	1.754531E-18
4.943405E+03	1.152465E-17	1.753787E-18
4.943603E+03	1.153390E-17	1.755147E-18
4.943801E+03	1.154994E-17	1.757543E-18
4.943999E+03	1.155323E-17	1.757996E-18
4.944198E+03	1.154482E-17	1.756669E-18
4.944395E+03	1.154070E-17	1.755997E-18
4.944593E+03	1.154852E-17	1.757139E-18
4.944791E+03	1.154965E-17	1.757265E-18
4.944989E+03	1.154351E-17	1.756283E-18
4.945187E+03	1.154405E-17	1.756319E-18
4.945385E+03	1.154351E-17	1.756191E-18
4.945583E+03	1.152973E-17	1.754048E-18
4.945782E+03	1.151905E-17	1.752376E-18
4.945980E+03	1.153164E-17	1.754245E-18
4.946178E+03	1.155140E-17	1.757204E-18
4.946376E+03	1.155158E-17	1.757184E-18
4.946574E+03	1.155080E-17	1.757019E-18
4.946772E+03	1.156435E-17	1.759033E-18
4.946970E+03	1.157682E-17	1.760884E-18
4.947168E+03	1.158321E-17	1.761809E-18
4.947366E+03	1.159043E-17	1.762860E-18
4.947564E+03	1.159217E-17	1.763077E-18
4.947762E+03	1.160571E-17	1.765091E-18
4.947960E+03	1.164087E-17	1.770391E-18
4.948158E+03	1.166600E-17	1.774165E-18
4.948356E+03	1.167370E-17	1.775289E-18
4.948554E+03	1.168510E-17	1.776976E-18
4.948752E+03	1.168767E-17	1.777320E-18
4.948950E+03	1.168773E-17	1.777281E-18
4.949149E+03	1.169281E-17	1.778006E-18
4.949347E+03	1.168332E-17	1.776516E-18
4.949545E+03	1.166942E-17	1.774355E-18
4.949744E+03	1.165898E-17	1.772721E-18
4.949942E+03	1.166381E-17	1.773408E-18
4.950140E+03	1.168584E-17	1.776710E-18
4.950338E+03	1.171062E-17	1.780430E-18
4.950536E+03	1.172632E-17	1.782771E-18
4.950734E+03	1.172984E-17	1.783259E-18
4.950932E+03	1.172286E-17	1.782150E-18
4.951130E+03	1.172113E-17	1.781840E-18
4.951328E+03	1.171953E-17	1.781548E-18
4.951526E+03	1.172090E-17	1.781710E-18
4.951724E+03	1.172742E-17	1.782653E-18
4.951922E+03	1.173190E-17	1.783287E-18
4.952120E+03	1.174199E-17	1.784773E-18
4.952318E+03	1.175005E-17	1.785951E-18
4.952516E+03	1.174164E-17	1.784625E-18
4.952714E+03	1.172463E-17	1.781992E-18
4.952912E+03	1.172194E-17	1.781537E-18
4.953110E+03	1.172797E-17	1.782406E-18
4.953308E+03	1.173938E-17	1.784093E-18
4.953506E+03	1.174840E-17	1.785416E-18
4.953705E+03	1.174966E-17	1.785559E-18
4.953903E+03	1.174864E-17	1.785358E-18
4.954102E+03	1.173713E-17	1.783560E-18
4.954300E+03	1.173003E-17	1.782434E-18
4.954498E+03	1.173880E-17	1.783720E-18
4.954696E+03	1.174604E-17	1.784772E-18
4.954894E+03	1.173499E-17	1.783046E-18
4.955092E+03	1.173016E-17	1.782264E-18
4.955290E+03	1.173583E-17	1.783079E-18
4.955488E+03	1.174677E-17	1.784693E-18
4.955685E+03	1.175256E-17	1.785526E-18
4.955884E+03	1.175203E-17	1.785397E-18
4.956082E+03	1.175113E-17	1.785214E-18
4.956280E+03	1.174570E-17	1.784342E-18
4.956477E+03	1.175090E-17	1.785084E-18
4.956675E+03	1.176781E-17	1.787605E-18
4.956874E+03	1.177921E-17	1.789290E-18
4.957071E+03	1.177259E-17	1.788236E-18
4.957269E+03	1.176787E-17	1.787473E-18
4.957468E+03	1.176567E-17	1.787090E-18
4.957666E+03	1.175510E-17	1.785437E-18
4.957864E+03	1.174417E-17	1.783731E-18
4.958062E+03	1.174137E-17	1.783257E-18
4.958260E+03	1.173677E-17	1.782512E-18
4.958458E+03	1.171557E-17	1.779245E-18
4.958656E+03	1.169509E-17	1.776087E-18
4.958854E+03	1.167735E-17	1.773345E-18
4.959053E+03	1.166116E-17	1.770840E-18
4.959251E+03	1.165358E-17	1.769641E-18
4.959449E+03	1.164994E-17	1.769041E-18
4.959647E+03	1.165262E-17	1.769403E-18
4.959845E+03	1.166678E-17	1.771505E-18
4.960043E+03	1.167461E-17	1.772647E-18
4.960241E+03	1.168244E-17	1.773789E-18
4.960439E+03	1.168525E-17	1.774168E-18
4.960637E+03	1.167743E-17	1.772933E-18
4.960835E+03	1.167617E-17	1.772695E-18
4.961033E+03	1.167110E-17	1.771878E-18
4.961231E+03	1.166805E-17	1.771368E-18
4.961430E+03	1.166381E-17	1.770678E-18
4.961628E+03	1.164559E-17	1.767865E-18
4.961826E+03	1.163478E-17	1.766177E-18
4.962024E+03	1.164954E-17	1.768370E-18
4.962222E+03	1.166584E-17	1.770798E-18
4.962420E+03	1.167343E-17	1.771903E-18
4.962618E+03	1.168210E-17	1.773171E-18
4.962816E+03	1.169280E-17	1.774748E-18
4.963014E+03	1.168784E-17	1.773948E-18
4.963212E+03	1.166770E-17	1.770845E-18
4.963410E+03	1.165438E-17	1.768777E-18
4.963608E+03	1.165588E-17	1.768956E-18
4.963806E+03	1.165761E-17	1.769172E-18
4.964005E+03	1.164763E-17	1.767611E-18
4.964203E+03	1.164363E-17	1.766957E-18
4.964401E+03	1.164453E-17	1.767046E-18
4.964599E+03	1.164566E-17	1.767170E-18
4.964797E+03	1.165050E-17	1.767858E-18
4.964995E+03	1.166359E-17	1.769797E-18
4.965193E+03	1.166772E-17	1.770376E-18
4.965392E+03	1.165439E-17	1.768308E-18
4.965590E+03	1.164668E-17	1.767091E-18
4.965788E+03	1.165821E-17	1.768793E-18
4.965986E+03	1.167226E-17	1.770877E-18
4.966184E+03	1.168594E-17	1.772907E-18
4.966382E+03	1.169772E-17	1.774647E-18
4.966580E+03	1.170412E-17	1.775570E-18
4.966778E+03	1.171541E-17	1.777236E-18
4.966976E+03	1.172934E-17	1.779302E-18
4.967174E+03	1.173693E-17	1.780406E-18
4.967372E+03	1.173664E-17	1.780313E-18
4.967570E+03	1.173646E-17	1.780240E-18
4.967768E+03	1.173306E-17	1.779676E-18
4.967965E+03	1.173431E-17	1.779818E-18
4.968164E+03	1.173844E-17	1.780397E-18
4.968362E+03	1.173790E-17	1.780269E-18
4.968559E+03	1.172815E-17	1.778743E-18
4.968757E+03	1.173563E-17	1.779830E-18
4.968956E+03	1.175064E-17	1.782059E-18
4.969155E+03	1.175512E-17	1.782691E-18
4.969353E+03	1.177695E-17	1.785953E-18
4.969551E+03	1.179052E-17	1.787964E-18
4.969749E+03	1.178436E-17	1.786982E-18
4.969947E+03	1.178286E-17	1.786708E-18
4.970145E+03	1.179213E-17	1.788066E-18
4.970343E+03	1.180786E-17	1.790404E-18
4.970541E+03	1.181426E-17	1.791326E-18
4.970739E+03	1.181110E-17	1.790799E-18
4.970937E+03	1.180960E-17	1.790525E-18
4.971135E+03	1.181098E-17	1.790686E-18
4.971333E+03	1.181857E-17	1.791790E-18
4.971531E+03	1.182796E-17	1.793166E-18
4.971729E+03	1.183891E-17	1.794777E-18
4.971927E+03	1.185045E-17	1.796480E-18
4.972125E+03	1.185386E-17	1.796949E-18
4.972323E+03	1.185595E-17	1.797218E-18
4.972521E+03	1.187013E-17	1.799319E-18
4.972719E+03	1.189016E-17	1.802308E-18
4.972917E+03	1.190183E-17	1.804029E-18
4.973116E+03	1.190153E-17	1.803936E-18
4.973314E+03	1.189382E-17	1.802719E-18
4.973512E+03	1.188575E-17	1.801448E-18
4.973710E+03	1.188318E-17	1.801011E-18
4.973909E+03	1.188600E-17	1.801389E-18
4.974107E+03	1.189778E-17	1.803127E-18
4.974305E+03	1.190730E-17	1.804521E-18
4.974503E+03	1.191370E-17	1.805443E-18
4.974701E+03	1.192237E-17	1.806710E-18
4.974899E+03	1.192148E-17	1.806526E-18
4.975097E+03	1.191245E-17	1.805110E-18
4.975295E+03	1.189983E-17	1.803151E-18
4.975493E+03	1.191174E-17	1.804906E-18
4.975691E+03	1.193417E-17	1.808258E-18
4.975889E+03	1.194440E-17	1.809759E-18
4.976087E+03	1.195284E-17	1.810990E-18
4.976285E+03	1.196474E-17	1.812745E-18
4.976483E+03	1.195835E-17	1.811729E-18
4.976681E+03	1.193640E-17	1.808355E-18
4.976880E+03	1.192773E-17	1.806993E-18
4.977078E+03	1.192600E-17	1.806683E-18
4.977276E+03	1.191828E-17	1.805467E-18
4.977474E+03	1.190531E-17	1.803453E-18
4.977672E+03	1.189760E-17	1.802237E-18
4.977870E+03	1.188809E-17	1.800749E-18
4.978068E+03	1.187128E-17	1.798155E-18
4.978266E+03	1.187266E-17	1.798316E-18
4.978464E+03	1.188337E-17	1.799890E-18
4.978662E+03	1.188295E-17	1.799779E-18
4.978861E+03	1.188397E-17	1.799885E-18
4.979059E+03	1.189492E-17	1.801496E-18
4.979257E+03	1.190396E-17	1.802817E-18
4.979455E+03	1.190773E-17	1.803341E-18
4.979653E+03	1.190779E-17	1.803301E-18
4.979851E+03	1.190223E-17	1.802412E-18
4.980048E+03	1.190720E-17	1.803116E-18
4.980246E+03	1.192461E-17	1.805705E-18
4.980445E+03	1.192934E-17	1.806373E-18
4.980643E+03	1.191457E-17	1.804087E-18
4.980841E+03	1.191164E-17	1.803596E-18
4.981039E+03	1.191816E-17	1.804536E-18
4.981237E+03	1.191978E-17	1.804733E-18
4.981435E+03	1.193181E-17	1.806506E-18
4.981633E+03	1.194000E-17	1.807699E-18
4.981831E+03	1.193875E-17	1.807462E-18
4.982029E+03	1.194409E-17	1.808221E-18
4.982227E+03	1.194439E-17	1.808219E-18
4.982425E+03	1.194851E-17	1.808795E-18
4.982623E+03	1.197419E-17	1.812634E-18
4.982821E+03	1.199831E-17	1.816237E-18
4.983019E+03	1.199730E-17	1.816036E-18
4.983217E+03	1.199389E-17	1.815472E-18
4.983415E+03	1.200245E-17	1.816719E-18
4.983613E+03	1.201340E-17	1.818328E-18
4.983812E+03	1.201000E-17	1.817764E-18
4.984010E+03	1.200659E-17	1.817200E-18
4.984208E+03	1.200557E-17	1.816998E-18
4.984406E+03	1.201294E-17	1.818065E-18
4.984604E+03	1.202988E-17	1.820581E-18
4.984803E+03	1.205281E-17	1.824001E-18
4.985001E+03	1.206856E-17	1.826336E-18
4.985199E+03	1.206994E-17	1.826496E-18
4.985397E+03	1.207132E-17	1.826657E-18
4.985595E+03	1.207150E-17	1.826636E-18
4.985793E+03	1.206690E-17	1.825891E-18
4.985991E+03	1.205990E-17	1.824783E-18
4.986189E+03	1.206966E-17	1.826211E-18
4.986387E+03	1.207343E-17	1.826734E-18
4.986585E+03	1.205805E-17	1.824358E-18
4.986783E+03	1.204866E-17	1.822888E-18
4.986981E+03	1.205243E-17	1.823411E-18
4.987179E+03	1.205980E-17	1.824477E-18
4.987377E+03	1.206717E-17	1.825543E-18
4.987575E+03	1.206496E-17	1.825160E-18
4.987773E+03	1.205317E-17	1.823328E-18
4.987971E+03	1.206413E-17	1.824937E-18
4.988169E+03	1.208108E-17	1.827453E-18
4.988367E+03	1.208365E-17	1.827794E-18
4.988566E+03	1.207905E-17	1.827049E-18
4.988765E+03	1.209599E-17	1.829563E-18
4.988963E+03	1.210336E-17	1.830629E-18
4.989161E+03	1.209277E-17	1.828978E-18
4.989359E+03	1.210493E-17	1.830768E-18
4.989557E+03	1.212308E-17	1.833464E-18
4.989755E+03	1.211368E-17	1.831994E-18
4.989953E+03	1.211147E-17	1.831611E-18
4.990151E+03	1.212123E-17	1.833039E-18
4.990349E+03	1.212740E-17	1.833924E-18
4.990547E+03	1.212879E-17	1.834084E-18
4.990745E+03	1.212298E-17	1.833157E-18
4.990943E+03	1.212197E-17	1.832955E-18
4.991141E+03	1.212814E-17	1.833840E-18
4.991339E+03	1.212353E-17	1.833095E-18
4.991537E+03	1.210455E-17	1.830176E-18
4.991735E+03	1.209875E-17	1.829249E-18
4.991933E+03	1.210132E-17	1.829591E-18
4.992130E+03	1.211229E-17	1.831200E-18
4.992328E+03	1.213163E-17	1.834075E-18
4.992528E+03	1.215458E-17	1.837495E-18
4.992726E+03	1.216435E-17	1.838923E-18
4.992923E+03	1.217411E-17	1.840350E-18
4.993121E+03	1.217908E-17	1.841053E-18
4.993319E+03	1.218046E-17	1.841213E-18
4.993517E+03	1.218065E-17	1.841192E-18
4.993716E+03	1.216886E-17	1.839361E-18
4.993914E+03	1.215826E-17	1.837710E-18
4.994112E+03	1.215246E-17	1.836783E-18
4.994310E+03	1.215623E-17	1.837306E-18
4.994508E+03	1.216481E-17	1.838552E-18
4.994706E+03	1.217936E-17	1.840703E-18
4.994904E+03	1.219033E-17	1.842311E-18
4.995102E+03	1.219411E-17	1.842834E-18
4.995300E+03	1.219789E-17	1.843356E-18
4.995498E+03	1.220047E-17	1.843697E-18
4.995696E+03	1.221742E-17	1.846209E-18
4.995894E+03	1.224277E-17	1.849991E-18
4.996092E+03	1.224295E-17	1.849969E-18
4.996291E+03	1.224673E-17	1.850491E-18
4.996489E+03	1.225290E-17	1.851374E-18
4.996687E+03	1.225788E-17	1.852077E-18
4.996885E+03	1.227005E-17	1.853866E-18
4.997083E+03	1.228342E-17	1.855837E-18
4.997281E+03	1.228840E-17	1.856539E-18
4.997479E+03	1.228618E-17	1.856156E-18
4.997677E+03	1.227439E-17	1.854324E-18
4.997875E+03	1.225899E-17	1.851949E-18
4.998073E+03	1.226517E-17	1.852833E-18
4.998271E+03	1.228813E-17	1.856252E-18
4.998469E+03	1.229191E-17	1.856773E-18
4.998668E+03	1.229329E-17	1.856933E-18
4.998866E+03	1.228988E-17	1.856368E-18
4.999064E+03	1.228527E-17	1.855623E-18
4.999262E+03	1.227947E-17	1.854696E-18
4.999460E+03	1.227845E-17	1.854494E-18
4.999658E+03	1.227264E-17	1.853567E-18
4.999856E+03	1.226204E-17	1.851917E-18
5.000054E+03	1.225264E-17	1.850448E-18
5.000253E+03	1.225762E-17	1.851150E-18
5.000451E+03	1.227338E-17	1.853482E-18
5.000649E+03	1.228795E-17	1.855632E-18
5.000847E+03	1.230132E-17	1.857601E-18
5.001045E+03	1.231349E-17	1.859390E-18
5.001243E+03	1.232926E-17	1.861721E-18
5.001441E+03	1.234622E-17	1.864233E-18
5.001639E+03	1.235360E-17	1.865297E-18
5.001837E+03	1.236098E-17	1.866362E-18
5.002035E+03	1.236236E-17	1.866521E-18
5.002233E+03	1.235176E-17	1.864871E-18
5.002431E+03	1.234235E-17	1.863401E-18
5.002629E+03	1.234853E-17	1.864284E-18
5.002827E+03	1.236311E-17	1.866435E-18
5.003025E+03	1.236569E-17	1.866775E-18
5.003223E+03	1.235748E-17	1.865487E-18
5.003421E+03	1.235767E-17	1.865465E-18
5.003620E+03	1.236865E-17	1.867072E-18
5.003818E+03	1.236763E-17	1.866870E-18
5.004016E+03	1.236902E-17	1.867029E-18
5.004215E+03	1.237400E-17	1.867731E-18
5.004412E+03	1.237179E-17	1.867348E-18
5.004610E+03	1.238276E-17	1.868954E-18
5.004809E+03	1.239853E-17	1.871285E-18
5.005007E+03	1.240951E-17	1.872892E-18
5.005205E+03	1.241689E-17	1.873956E-18
5.005402E+03	1.241468E-17	1.873572E-18
5.005600E+03	1.240527E-17	1.872103E-18
5.005798E+03	1.241984E-17	1.874251E-18
5.005996E+03	1.243922E-17	1.877125E-18
5.006194E+03	1.244420E-17	1.877827E-18
5.006392E+03	1.244918E-17	1.878529E-18
5.006590E+03	1.245537E-17	1.879412E-18
5.006788E+03	1.246514E-17	1.880836E-18
5.006986E+03	1.247492E-17	1.882262E-18
5.007184E+03	1.247871E-17	1.882783E-18
5.007382E+03	1.247649E-17	1.882399E-18
5.007580E+03	1.247908E-17	1.882739E-18
5.007778E+03	1.248406E-17	1.883441E-18
5.007977E+03	1.248665E-17	1.883781E-18
5.008175E+03	1.248324E-17	1.883216E-18
5.008373E+03	1.249902E-17	1.885547E-18
5.008571E+03	1.251239E-17	1.887514E-18
5.008770E+03	1.251378E-17	1.887673E-18
5.008968E+03	1.250917E-17	1.886927E-18
5.009166E+03	1.250816E-17	1.886724E-18
5.009364E+03	1.251314E-17	1.887426E-18
5.009562E+03	1.252053E-17	1.888489E-18
5.009760E+03	1.252551E-17	1.889191E-18
5.009958E+03	1.252930E-17	1.889711E-18
5.010156E+03	1.253788E-17	1.890956E-18
5.010354E+03	1.254526E-17	1.892018E-18
5.010552E+03	1.255265E-17	1.893081E-18
5.010750E+03	1.256003E-17	1.894145E-18
5.010948E+03	1.255902E-17	1.893942E-18
5.011146E+03	1.255321E-17	1.893015E-18
5.011344E+03	1.255700E-17	1.893536E-18
5.011542E+03	1.256918E-17	1.895323E-18
5.011740E+03	1.257777E-17	1.896567E-18
5.011939E+03	1.257796E-17	1.896545E-18
5.012137E+03	1.257574E-17	1.896161E-18
5.012335E+03	1.256513E-17	1.894510E-18
5.012533E+03	1.254972E-17	1.892137E-18
5.012731E+03	1.253552E-17	1.889945E-18
5.012929E+03	1.252371E-17	1.888114E-18
5.013127E+03	1.252390E-17	1.888092E-18
5.013325E+03	1.252049E-17	1.887527E-18
5.013523E+03	1.251347E-17	1.886419E-18
5.013722E+03	1.250646E-17	1.885312E-18
5.013920E+03	1.249106E-17	1.882940E-18
5.014118E+03	1.249364E-17	1.883279E-18
5.014316E+03	1.250582E-17	1.885065E-18
5.014514E+03	1.250961E-17	1.885585E-18
5.014712E+03	1.251699E-17	1.886648E-18
5.014910E+03	1.254358E-17	1.890605E-18
5.015108E+03	1.256296E-17	1.893476E-18
5.015306E+03	1.257035E-17	1.894539E-18
5.015504E+03	1.259333E-17	1.897952E-18
5.015702E+03	1.262472E-17	1.902632E-18
5.015901E+03	1.262730E-17	1.902970E-18
5.016099E+03	1.261549E-17	1.901140E-18
5.016297E+03	1.262048E-17	1.901841E-18
5.016494E+03	1.263266E-17	1.903626E-18
5.016692E+03	1.263645E-17	1.904146E-18
5.016891E+03	1.264024E-17	1.904666E-18
5.017089E+03	1.264763E-17	1.905729E-18
5.017287E+03	1.265142E-17	1.906249E-18
5.017484E+03	1.265161E-17	1.906227E-18
5.017682E+03	1.263979E-17	1.904396E-18
5.017880E+03	1.263638E-17	1.903831E-18
5.018078E+03	1.266178E-17	1.907606E-18
5.018276E+03	1.269196E-17	1.912103E-18
5.018474E+03	1.270416E-17	1.913889E-18
5.018673E+03	1.269714E-17	1.912781E-18
5.018871E+03	1.270574E-17	1.914025E-18
5.019069E+03	1.272512E-17	1.916894E-18
5.019267E+03	1.273852E-17	1.918860E-18
5.019465E+03	1.275190E-17	1.920826E-18
5.019664E+03	1.277370E-17	1.924058E-18
5.019862E+03	1.279069E-17	1.926565E-18
5.020060E+03	1.279088E-17	1.926542E-18
5.020258E+03	1.277907E-17	1.924713E-18
5.020456E+03	1.277206E-17	1.923605E-18
5.020654E+03	1.278905E-17	1.926112E-18
5.020852E+03	1.279644E-17	1.927175E-18
5.021050E+03	1.278223E-17	1.924983E-18
5.021248E+03	1.278362E-17	1.925141E-18
5.021446E+03	1.280301E-17	1.928010E-18
5.021644E+03	1.282361E-17	1.931061E-18
5.021842E+03	1.282741E-17	1.931580E-18
5.022040E+03	1.282399E-17	1.931015E-18
5.022238E+03	1.283018E-17	1.931895E-18
5.022436E+03	1.283998E-17	1.933318E-18
5.022634E+03	1.285097E-17	1.934923E-18
5.022832E+03	1.285477E-17	1.935442E-18
5.023030E+03	1.287056E-17	1.937768E-18
5.023228E+03	1.289837E-17	1.941903E-18
5.023426E+03	1.291656E-17	1.944590E-18
5.023626E+03	1.291675E-17	1.944567E-18
5.023824E+03	1.290974E-17	1.943460E-18
5.024022E+03	1.290874E-17	1.943257E-18
5.024220E+03	1.290893E-17	1.943234E-18
5.024418E+03	1.290912E-17	1.943211E-18
5.024616E+03	1.290451E-17	1.942465E-18
5.024814E+03	1.290590E-17	1.942622E-18
5.025012E+03	1.291449E-17	1.943863E-18
5.025210E+03	1.291828E-17	1.944383E-18
5.025408E+03	1.293649E-17	1.947071E-18
5.025606E+03	1.295109E-17	1.949215E-18
5.025804E+03	1.294888E-17	1.948832E-18
5.026002E+03	1.294907E-17	1.948809E-18
5.026200E+03	1.296247E-17	1.950773E-18
5.026398E+03	1.297227E-17	1.952195E-18
5.026596E+03	1.296886E-17	1.951630E-18
5.026794E+03	1.297626E-17	1.952691E-18
5.026992E+03	1.298365E-17	1.953752E-18
5.027190E+03	1.297784E-17	1.952825E-18
5.027388E+03	1.297563E-17	1.952440E-18
5.027587E+03	1.297702E-17	1.952598E-18
5.027785E+03	1.298202E-17	1.953298E-18
5.027983E+03	1.297981E-17	1.952913E-18
5.028181E+03	1.297640E-17	1.952347E-18
5.028379E+03	1.297779E-17	1.952505E-18
5.028578E+03	1.298759E-17	1.953927E-18
5.028775E+03	1.302021E-17	1.958782E-18
5.028973E+03	1.303601E-17	1.961107E-18
5.029171E+03	1.302059E-17	1.958735E-18
5.029370E+03	1.301598E-17	1.957989E-18
5.029568E+03	1.303899E-17	1.961398E-18
5.029765E+03	1.305720E-17	1.964085E-18
5.029963E+03	1.306701E-17	1.965507E-18
5.030161E+03	1.308281E-17	1.967832E-18
5.030359E+03	1.308540E-17	1.968170E-18
5.030557E+03	1.307358E-17	1.966339E-18
5.030755E+03	1.306177E-17	1.964510E-18
5.030953E+03	1.306917E-17	1.965571E-18
5.031151E+03	1.307897E-17	1.966991E-18
5.031350E+03	1.308156E-17	1.967329E-18
5.031548E+03	1.308536E-17	1.967848E-18
5.031746E+03	1.307234E-17	1.965838E-18
5.031944E+03	1.304971E-17	1.962381E-18
5.032142E+03	1.303548E-17	1.960190E-18
5.032340E+03	1.304288E-17	1.961250E-18
5.032538E+03	1.304788E-17	1.961949E-18
5.032736E+03	1.304807E-17	1.961926E-18
5.032934E+03	1.305307E-17	1.962625E-18
5.033132E+03	1.305326E-17	1.962601E-18
5.033330E+03	1.304625E-17	1.961494E-18
5.033529E+03	1.304764E-17	1.961651E-18
5.033727E+03	1.305504E-17	1.962711E-18
5.033925E+03	1.306244E-17	1.963772E-18
5.034123E+03	1.305663E-17	1.962845E-18
5.034321E+03	1.304120E-17	1.960473E-18
5.034519E+03	1.303058E-17	1.958824E-18
5.034717E+03	1.300914E-17	1.955549E-18
5.034915E+03	1.299372E-17	1.953178E-18
5.035113E+03	1.299391E-17	1.953155E-18
5.035312E+03	1.299290E-17	1.952950E-18
5.035510E+03	1.298588E-17	1.951843E-18
5.035708E+03	1.298607E-17	1.951820E-18
5.035906E+03	1.298506E-17	1.951615E-18
5.036104E+03	1.297563E-17	1.950147E-18
5.036302E+03	1.296380E-17	1.948317E-18
5.036500E+03	1.295438E-17	1.946850E-18
5.036698E+03	1.295457E-17	1.946826E-18
5.036896E+03	1.295837E-17	1.947344E-18
5.037094E+03	1.294894E-17	1.945876E-18
5.037292E+03	1.294072E-17	1.944588E-18
5.037490E+03	1.294692E-17	1.945468E-18
5.037688E+03	1.295913E-17	1.947250E-18
5.037886E+03	1.296653E-17	1.948310E-18
5.038084E+03	1.297393E-17	1.949370E-18
5.038282E+03	1.296691E-17	1.948262E-18
5.038481E+03	1.296229E-17	1.947516E-18
5.038679E+03	1.295768E-17	1.946772E-18
5.038877E+03	1.293743E-17	1.943678E-18
5.039075E+03	1.292560E-17	1.941848E-18
5.039274E+03	1.293661E-17	1.943450E-18
5.039472E+03	1.294762E-17	1.945052E-18
5.039670E+03	1.294540E-17	1.944667E-18
5.039868E+03	1.293718E-17	1.943380E-18
5.040066E+03	1.293015E-17	1.942272E-18
5.040264E+03	1.292553E-17	1.941527E-18
5.040462E+03	1.292212E-17	1.940962E-18
5.040660E+03	1.293673E-17	1.943105E-18
5.040857E+03	1.295976E-17	1.946512E-18
5.041055E+03	1.296596E-17	1.947391E-18
5.041253E+03	1.297096E-17	1.948089E-18
5.041452E+03	1.297115E-17	1.948066E-18
5.041650E+03	1.297254E-17	1.948223E-18
5.041847E+03	1.297633E-17	1.948741E-18
5.042045E+03	1.297893E-17	1.949078E-18
5.042243E+03	1.298754E-17	1.950319E-18
5.042441E+03	1.299133E-17	1.950837E-18
5.042639E+03	1.299513E-17	1.951355E-18
5.042837E+03	1.299652E-17	1.951511E-18
5.043036E+03	1.300633E-17	1.952931E-18
5.043234E+03	1.302335E-17	1.955435E-18
5.043433E+03	1.302715E-17	1.955953E-18
5.043631E+03	1.302614E-17	1.955749E-18
5.043829E+03	1.302392E-17	1.955364E-18
5.044027E+03	1.302772E-17	1.955882E-18
5.044225E+03	1.304714E-17	1.958745E-18
5.044423E+03	1.306297E-17	1.961069E-18
5.044621E+03	1.305955E-17	1.960503E-18
5.044819E+03	1.306094E-17	1.960660E-18
5.045017E+03	1.308399E-17	1.964066E-18
5.045215E+03	1.311544E-17	1.968735E-18
5.045413E+03	1.313968E-17	1.972321E-18
5.045611E+03	1.315310E-17	1.974282E-18
5.045809E+03	1.315089E-17	1.973897E-18
5.046007E+03	1.314386E-17	1.972790E-18
5.046205E+03	1.314526E-17	1.972947E-18
5.046403E+03	1.314906E-17	1.973464E-18
5.046601E+03	1.314323E-17	1.972537E-18
5.046799E+03	1.313621E-17	1.971430E-18
5.046998E+03	1.314001E-17	1.971948E-18
5.047196E+03	1.314621E-17	1.972826E-18
5.047394E+03	1.314159E-17	1.972080E-18
5.047592E+03	1.315141E-17	1.973500E-18
5.047790E+03	1.317084E-17	1.976363E-18
5.047988E+03	1.317223E-17	1.976519E-18
5.048186E+03	1.317002E-17	1.976134E-18
5.048385E+03	1.318705E-17	1.978637E-18
5.048583E+03	1.321130E-17	1.982221E-18
5.048781E+03	1.322833E-17	1.984724E-18
5.048979E+03	1.323454E-17	1.985602E-18
5.049177E+03	1.323954E-17	1.986300E-18
5.049375E+03	1.323492E-17	1.985553E-18
5.049573E+03	1.322188E-17	1.983544E-18
5.049771E+03	1.321125E-17	1.981895E-18
5.049969E+03	1.320302E-17	1.980609E-18
5.050167E+03	1.320081E-17	1.980223E-18
5.050365E+03	1.320822E-17	1.981282E-18
5.050563E+03	1.320961E-17	1.981438E-18
5.050762E+03	1.320018E-17	1.979970E-18
5.050960E+03	1.318954E-17	1.978321E-18
5.051158E+03	1.318973E-17	1.978297E-18
5.051356E+03	1.319113E-17	1.978453E-18
5.051554E+03	1.317688E-17	1.976263E-18
5.051752E+03	1.316745E-17	1.974796E-18
5.051950E+03	1.316403E-17	1.974231E-18
5.052148E+03	1.316182E-17	1.973846E-18
5.052346E+03	1.316081E-17	1.973641E-18
5.052544E+03	1.314776E-17	1.971632E-18
5.052742E+03	1.313712E-17	1.969983E-18
5.052939E+03	1.313731E-17	1.969959E-18
5.053137E+03	1.313029E-17	1.968853E-18
5.053336E+03	1.311483E-17	1.966483E-18
5.053534E+03	1.312104E-17	1.967361E-18
5.053733E+03	1.313447E-17	1.969322E-18
5.053931E+03	1.312624E-17	1.968034E-18
5.054128E+03	1.311800E-17	1.966747E-18
5.054326E+03	1.311338E-17	1.966001E-18
5.054524E+03	1.311116E-17	1.965616E-18
5.054723E+03	1.310292E-17	1.964329E-18
5.054921E+03	1.310191E-17	1.964124E-18
5.055119E+03	1.310932E-17	1.965182E-18
5.055317E+03	1.311433E-17	1.965880E-18
5.055515E+03	1.311452E-17	1.965856E-18
5.055713E+03	1.310989E-17	1.965110E-18
5.055911E+03	1.310647E-17	1.964544E-18
5.056109E+03	1.310786E-17	1.964700E-18
5.056307E+03	1.312009E-17	1.966480E-18
5.056505E+03	1.312509E-17	1.967177E-18
5.056703E+03	1.311806E-17	1.966071E-18
5.056901E+03	1.311343E-17	1.965325E-18
5.057099E+03	1.310881E-17	1.964579E-18
5.057297E+03	1.310659E-17	1.964194E-18
5.057495E+03	1.310558E-17	1.963989E-18
5.057693E+03	1.310577E-17	1.963965E-18
5.057891E+03	1.310234E-17	1.963399E-18
5.058089E+03	1.310133E-17	1.963194E-18
5.058288E+03	1.310272E-17	1.963350E-18
5.058486E+03	1.310773E-17	1.964047E-18
5.058685E+03	1.311394E-17	1.964925E-18
5.058883E+03	1.312376E-17	1.966344E-18
5.059081E+03	1.312033E-17	1.965778E-18
5.059279E+03	1.311450E-17	1.964852E-18
5.059477E+03	1.311108E-17	1.964286E-18
5.059675E+03	1.310645E-17	1.963540E-18
5.059873E+03	1.310183E-17	1.962795E-18
5.060071E+03	1.310082E-17	1.962591E-18
5.060269E+03	1.309378E-17	1.961484E-18
5.060467E+03	1.309518E-17	1.961640E-18
5.060665E+03	1.309898E-17	1.962157E-18
5.060863E+03	1.309555E-17	1.961592E-18
5.061061E+03	1.309454E-17	1.961387E-18
5.061259E+03	1.309593E-17	1.961543E-18
5.061457E+03	1.309732E-17	1.961699E-18
5.061655E+03	1.310593E-17	1.962936E-18
5.061853E+03	1.312900E-17	1.966338E-18
5.062051E+03	1.314604E-17	1.968837E-18
5.062249E+03	1.313901E-17	1.967732E-18
5.062448E+03	1.311993E-17	1.964822E-18
5.062646E+03	1.312133E-17	1.964977E-18
5.062844E+03	1.312994E-17	1.966215E-18
5.063042E+03	1.314218E-17	1.967994E-18
5.063241E+03	1.316524E-17	1.971395E-18
5.063439E+03	1.317506E-17	1.972813E-18
5.063637E+03	1.318007E-17	1.973509E-18
5.063835E+03	1.319230E-17	1.975287E-18
5.064033E+03	1.320814E-17	1.977606E-18
5.064231E+03	1.321435E-17	1.978483E-18
5.064429E+03	1.320973E-17	1.977737E-18
5.064627E+03	1.320389E-17	1.976811E-18
5.064825E+03	1.318602E-17	1.974082E-18
5.065023E+03	1.317537E-17	1.972435E-18
5.065220E+03	1.319482E-17	1.975295E-18
5.065418E+03	1.320345E-17	1.976532E-18
5.065616E+03	1.318196E-17	1.973263E-18
5.065815E+03	1.318215E-17	1.973238E-18
5.066013E+03	1.321365E-17	1.977900E-18
5.066210E+03	1.322468E-17	1.979498E-18
5.066409E+03	1.322005E-17	1.978752E-18
5.066607E+03	1.323469E-17	1.980890E-18
5.066805E+03	1.324933E-17	1.983028E-18
5.067003E+03	1.323386E-17	1.980660E-18
5.067201E+03	1.321599E-17	1.977932E-18
5.067399E+03	1.322341E-17	1.978989E-18
5.067597E+03	1.323564E-17	1.980765E-18
5.067795E+03	1.322740E-17	1.979480E-18
5.067993E+03	1.322398E-17	1.978914E-18
5.068192E+03	1.324946E-17	1.982674E-18
5.068390E+03	1.327735E-17	1.986794E-18
5.068588E+03	1.328236E-17	1.987490E-18
5.068786E+03	1.328014E-17	1.987105E-18
5.068984E+03	1.328756E-17	1.988161E-18
5.069182E+03	1.328654E-17	1.987956E-18
5.069380E+03	1.328191E-17	1.987210E-18
5.069578E+03	1.327487E-17	1.986103E-18
5.069776E+03	1.326664E-17	1.984818E-18
5.069974E+03	1.326321E-17	1.984252E-18
5.070173E+03	1.325858E-17	1.983506E-18
5.070371E+03	1.325034E-17	1.982219E-18
5.070569E+03	1.323005E-17	1.979131E-18
5.070767E+03	1.322542E-17	1.978385E-18
5.070965E+03	1.323283E-17	1.979441E-18
5.071163E+03	1.323543E-17	1.979776E-18
5.071361E+03	1.324767E-17	1.981554E-18
5.071559E+03	1.326473E-17	1.984052E-18
5.071757E+03	1.327576E-17	1.985648E-18
5.071955E+03	1.326872E-17	1.984542E-18
5.072153E+03	1.324963E-17	1.981634E-18
5.072351E+03	1.325343E-17	1.982149E-18
5.072549E+03	1.325362E-17	1.982124E-18
5.072747E+03	1.323815E-17	1.979756E-18
5.072945E+03	1.322870E-17	1.978291E-18
5.073144E+03	1.321925E-17	1.976824E-18
5.073342E+03	1.321221E-17	1.975717E-18
5.073540E+03	1.319914E-17	1.973710E-18
5.073738E+03	1.317402E-17	1.969902E-18
5.073936E+03	1.315613E-17	1.967174E-18
5.074135E+03	1.314910E-17	1.966069E-18
5.074333E+03	1.315651E-17	1.967124E-18
5.074531E+03	1.317116E-17	1.969261E-18
5.074729E+03	1.317737E-17	1.970137E-18
5.074927E+03	1.318118E-17	1.970653E-18
5.075125E+03	1.318016E-17	1.970448E-18
5.075323E+03	1.317794E-17	1.970062E-18
5.075521E+03	1.317451E-17	1.969497E-18
5.075719E+03	1.316746E-17	1.968391E-18
5.075917E+03	1.317006E-17	1.968726E-18
5.076115E+03	1.318471E-17	1.970863E-18
5.076313E+03	1.319334E-17	1.972100E-18
5.076511E+03	1.320196E-17	1.973335E-18
5.076709E+03	1.321179E-17	1.974751E-18
5.076907E+03	1.321198E-17	1.974726E-18
5.077105E+03	1.320131E-17	1.973079E-18
5.077303E+03	1.317981E-17	1.969812E-18
5.077500E+03	1.316674E-17	1.967805E-18
5.077698E+03	1.317054E-17	1.968321E-18
5.077897E+03	1.319122E-17	1.971359E-18
5.078097E+03	1.320466E-17	1.973314E-18
5.078295E+03	1.320726E-17	1.973649E-18
5.078492E+03	1.319901E-17	1.972363E-18
5.078690E+03	1.319318E-17	1.971438E-18
5.078888E+03	1.318975E-17	1.970873E-18
5.079086E+03	1.319235E-17	1.971208E-18
5.079284E+03	1.319736E-17	1.971903E-18
5.079482E+03	1.318669E-17	1.970257E-18
5.079680E+03	1.318206E-17	1.969511E-18
5.079878E+03	1.317862E-17	1.968946E-18
5.080076E+03	1.317278E-17	1.968020E-18
5.080274E+03	1.317538E-17	1.968355E-18
5.080472E+03	1.317436E-17	1.968150E-18
5.080670E+03	1.317214E-17	1.967764E-18
5.080868E+03	1.316750E-17	1.967019E-18
5.081066E+03	1.315081E-17	1.964473E-18
5.081264E+03	1.314376E-17	1.963367E-18
5.081462E+03	1.314998E-17	1.964242E-18
5.081660E+03	1.313449E-17	1.961876E-18
5.081859E+03	1.311298E-17	1.958610E-18
5.082057E+03	1.309869E-17	1.956423E-18
5.082255E+03	1.308923E-17	1.954957E-18
5.082453E+03	1.307616E-17	1.952952E-18
5.082651E+03	1.306307E-17	1.950946E-18
5.082849E+03	1.303432E-17	1.946599E-18
5.083048E+03	1.301039E-17	1.942972E-18
5.083246E+03	1.300334E-17	1.941868E-18
5.083444E+03	1.300473E-17	1.942023E-18
5.083642E+03	1.300732E-17	1.942357E-18
5.083840E+03	1.300148E-17	1.941433E-18
5.084038E+03	1.298237E-17	1.938526E-18
5.084236E+03	1.295723E-17	1.934721E-18
5.084434E+03	1.295500E-17	1.934336E-18
5.084632E+03	1.296724E-17	1.936110E-18
5.084830E+03	1.295416E-17	1.934106E-18
5.085028E+03	1.292901E-17	1.930299E-18
5.085226E+03	1.290629E-17	1.926854E-18
5.085424E+03	1.289320E-17	1.924848E-18
5.085622E+03	1.288253E-17	1.923204E-18
5.085821E+03	1.286945E-17	1.921198E-18
5.086019E+03	1.286480E-17	1.920453E-18
5.086217E+03	1.286257E-17	1.920069E-18
5.086415E+03	1.285431E-17	1.918783E-18
5.086613E+03	1.284244E-17	1.916959E-18
5.086811E+03	1.284744E-17	1.917655E-18
5.087009E+03	1.287054E-17	1.921050E-18
5.087207E+03	1.287554E-17	1.921745E-18
5.087405E+03	1.286969E-17	1.920820E-18
5.087603E+03	1.286505E-17	1.920075E-18
5.087801E+03	1.285678E-17	1.918790E-18
5.088000E+03	1.282440E-17	1.913905E-18
5.088198E+03	1.278960E-17	1.908660E-18
5.088396E+03	1.279461E-17	1.909356E-18
5.088594E+03	1.279479E-17	1.909331E-18
5.088792E+03	1.277566E-17	1.906426E-18
5.088990E+03	1.276620E-17	1.904962E-18
5.089188E+03	1.277000E-17	1.905478E-18
5.089386E+03	1.276294E-17	1.904373E-18
5.089584E+03	1.274864E-17	1.902188E-18
5.089782E+03	1.274640E-17	1.901803E-18
5.089980E+03	1.274296E-17	1.901238E-18
5.090179E+03	1.273952E-17	1.900674E-18
5.090377E+03	1.272885E-17	1.899030E-18
5.090574E+03	1.271093E-17	1.896305E-18
5.090772E+03	1.270507E-17	1.895381E-18
5.090970E+03	1.270525E-17	1.895356E-18
5.091168E+03	1.272232E-17	1.897852E-18
5.091366E+03	1.272492E-17	1.898187E-18
5.091564E+03	1.271061E-17	1.896002E-18
5.091762E+03	1.271441E-17	1.896518E-18
5.091960E+03	1.272424E-17	1.897933E-18
5.092158E+03	1.272201E-17	1.897548E-18
5.092356E+03	1.272460E-17	1.897884E-18
5.092554E+03	1.272840E-17	1.898399E-18
5.092752E+03	1.273823E-17	1.899813E-18
5.092951E+03	1.275772E-17	1.902668E-18
5.093149E+03	1.276755E-17	1.904084E-18
5.093347E+03	1.276894E-17	1.904239E-18
5.093546E+03	1.277032E-17	1.904394E-18
5.093744E+03	1.276929E-17	1.904189E-18
5.093942E+03	1.277068E-17	1.904344E-18
5.094140E+03	1.277206E-17	1.904500E-18
5.094338E+03	1.278068E-17	1.905733E-18
5.094536E+03	1.279173E-17	1.907328E-18
5.094734E+03	1.279070E-17	1.907124E-18
5.094932E+03	1.278726E-17	1.906559E-18
5.095130E+03	1.278019E-17	1.905454E-18
5.095328E+03	1.277314E-17	1.904351E-18
5.095526E+03	1.277090E-17	1.903966E-18
5.095724E+03	1.277229E-17	1.904121E-18
5.095922E+03	1.277126E-17	1.903916E-18
5.096120E+03	1.276661E-17	1.903172E-18
5.096318E+03	1.276800E-17	1.903327E-18
5.096516E+03	1.275127E-17	1.900782E-18
5.096714E+03	1.273818E-17	1.898779E-18
5.096912E+03	1.273957E-17	1.898935E-18
5.097110E+03	1.273491E-17	1.898190E-18
5.097308E+03	1.272664E-17	1.896906E-18
5.097507E+03	1.271475E-17	1.895081E-18
5.097705E+03	1.271372E-17	1.894877E-18
5.097904E+03	1.271752E-17	1.895391E-18
5.098102E+03	1.271890E-17	1.895547E-18
5.098300E+03	1.271425E-17	1.894802E-18
5.098498E+03	1.269029E-17	1.891180E-18
5.098696E+03	1.267236E-17	1.888456E-18
5.098894E+03	1.266770E-17	1.887712E-18
5.099092E+03	1.267150E-17	1.888227E-18
5.099290E+03	1.266685E-17	1.887482E-18
5.099488E+03	1.266823E-17	1.887638E-18
5.099686E+03	1.267324E-17	1.888332E-18
5.099884E+03	1.266014E-17	1.886330E-18
5.100082E+03	1.264583E-17	1.884146E-18
5.100280E+03	1.263755E-17	1.882862E-18
5.100478E+03	1.262565E-17	1.881038E-18
5.100676E+03	1.261738E-17	1.879756E-18
5.100874E+03	1.259824E-17	1.876852E-18
5.101072E+03	1.258634E-17	1.875029E-18
5.101270E+03	1.258651E-17	1.875004E-18
5.101469E+03	1.257945E-17	1.873901E-18
5.101667E+03	1.256997E-17	1.872438E-18
5.101864E+03	1.255686E-17	1.870434E-18
5.102062E+03	1.255341E-17	1.869870E-18
5.102261E+03	1.255962E-17	1.870745E-18
5.102459E+03	1.256221E-17	1.871080E-18
5.102656E+03	1.256722E-17	1.871775E-18
5.102855E+03	1.257947E-17	1.873549E-18
5.103053E+03	1.259775E-17	1.876221E-18
5.103251E+03	1.261000E-17	1.877995E-18
5.103449E+03	1.261018E-17	1.877970E-18
5.103647E+03	1.261156E-17	1.878125E-18
5.103845E+03	1.261174E-17	1.878100E-18
5.104043E+03	1.260829E-17	1.877536E-18
5.104241E+03	1.260484E-17	1.876972E-18
5.104439E+03	1.260985E-17	1.877666E-18
5.104637E+03	1.260761E-17	1.877282E-18
5.104835E+03	1.260657E-17	1.877077E-18
5.105033E+03	1.261400E-17	1.878131E-18
5.105232E+03	1.262746E-17	1.880085E-18
5.105430E+03	1.263487E-17	1.881138E-18
5.105628E+03	1.264109E-17	1.882012E-18
5.105826E+03	1.264006E-17	1.881807E-18
5.106024E+03	1.262574E-17	1.879626E-18
5.106222E+03	1.263074E-17	1.880319E-18
5.106420E+03	1.264300E-17	1.882092E-18
5.106618E+03	1.265042E-17	1.883146E-18
5.106816E+03	1.264456E-17	1.882222E-18
5.107014E+03	1.263265E-17	1.880399E-18
5.107212E+03	1.262317E-17	1.878937E-18
5.107410E+03	1.261972E-17	1.878372E-18
5.107608E+03	1.261989E-17	1.878347E-18
5.107807E+03	1.262611E-17	1.879221E-18
5.108005E+03	1.262628E-17	1.879196E-18
5.108203E+03	1.262887E-17	1.879531E-18
5.108401E+03	1.263992E-17	1.881123E-18
5.108599E+03	1.264492E-17	1.881817E-18
5.108797E+03	1.264631E-17	1.881972E-18
5.108995E+03	1.266702E-17	1.885004E-18
5.109194E+03	1.268652E-17	1.887854E-18
5.109392E+03	1.268911E-17	1.888189E-18
5.109590E+03	1.269654E-17	1.889242E-18
5.109788E+03	1.270275E-17	1.890116E-18
5.109986E+03	1.270051E-17	1.889731E-18
5.110184E+03	1.269827E-17	1.889347E-18
5.110382E+03	1.269603E-17	1.888962E-18
5.110580E+03	1.269258E-17	1.888397E-18
5.110778E+03	1.268188E-17	1.886754E-18
5.110976E+03	1.267964E-17	1.886369E-18
5.111174E+03	1.268586E-17	1.887243E-18
5.111372E+03	1.267636E-17	1.885780E-18
5.111570E+03	1.266567E-17	1.884138E-18
5.111768E+03	1.267430E-17	1.885370E-18
5.111966E+03	1.268293E-17	1.886603E-18
5.112164E+03	1.268431E-17	1.886758E-18
5.112362E+03	1.268811E-17	1.887272E-18
5.112560E+03	1.268829E-17	1.887246E-18
5.112759E+03	1.269934E-17	1.888839E-18
5.112957E+03	1.270919E-17	1.890251E-18
5.113156E+03	1.270694E-17	1.889867E-18
5.113354E+03	1.270349E-17	1.889302E-18
5.113551E+03	1.270004E-17	1.888738E-18
5.113750E+03	1.268934E-17	1.887095E-18
5.113948E+03	1.267984E-17	1.885632E-18
5.114145E+03	1.268244E-17	1.885966E-18
5.114343E+03	1.269591E-17	1.887918E-18
5.114541E+03	1.270091E-17	1.888611E-18
5.114740E+03	1.269867E-17	1.888226E-18
5.114937E+03	1.269401E-17	1.887482E-18
5.115135E+03	1.269056E-17	1.886918E-18
5.115333E+03	1.268832E-17	1.886533E-18
5.115531E+03	1.268003E-17	1.885250E-18
5.115729E+03	1.267417E-17	1.884327E-18
5.115927E+03	1.268763E-17	1.886277E-18
5.116125E+03	1.269989E-17	1.888049E-18
5.116323E+03	1.269644E-17	1.887484E-18
5.116521E+03	1.269662E-17	1.887459E-18
5.116719E+03	1.269196E-17	1.886715E-18
5.116918E+03	1.267521E-17	1.884175E-18
5.117116E+03	1.266572E-17	1.882712E-18
5.117314E+03	1.266831E-17	1.883046E-18
5.117512E+03	1.267211E-17	1.883560E-18
5.117711E+03	1.267470E-17	1.883894E-18
5.117909E+03	1.265795E-17	1.881352E-18
5.118107E+03	1.264241E-17	1.878991E-18
5.118305E+03	1.264621E-17	1.879505E-18
5.118503E+03	1.263671E-17	1.878043E-18
5.118701E+03	1.262601E-17	1.876401E-18
5.118899E+03	1.262376E-17	1.876016E-18
5.119097E+03	1.262514E-17	1.876170E-18
5.119295E+03	1.262411E-17	1.875965E-18
5.119493E+03	1.261823E-17	1.875042E-18
5.119691E+03	1.261357E-17	1.874298E-18
5.119889E+03	1.260407E-17	1.872835E-18
5.120087E+03	1.258732E-17	1.870296E-18
5.120285E+03	1.257298E-17	1.868114E-18
5.120483E+03	1.256711E-17	1.867191E-18
5.120681E+03	1.256124E-17	1.866268E-18
5.120880E+03	1.255174E-17	1.864806E-18
5.121078E+03	1.255433E-17	1.865140E-18
5.121276E+03	1.255571E-17	1.865294E-18
5.121474E+03	1.255589E-17	1.865269E-18
5.121672E+03	1.255848E-17	1.865603E-18
5.121870E+03	1.256469E-17	1.866475E-18
5.122068E+03	1.257332E-17	1.867707E-18
5.122266E+03	1.258075E-17	1.868760E-18
5.122464E+03	1.259302E-17	1.870531E-18
5.122663E+03	1.259682E-17	1.871044E-18
5.122861E+03	1.259820E-17	1.871198E-18
5.123059E+03	1.259353E-17	1.870454E-18
5.123257E+03	1.257677E-17	1.867914E-18
5.123455E+03	1.256606E-17	1.866272E-18
5.123653E+03	1.255656E-17	1.864811E-18
5.123851E+03	1.255311E-17	1.864247E-18
5.124049E+03	1.256174E-17	1.865479E-18
5.124247E+03	1.256554E-17	1.865992E-18
5.124445E+03	1.257417E-17	1.867223E-18
5.124644E+03	1.258281E-17	1.868455E-18
5.124842E+03	1.258903E-17	1.869327E-18
5.125040E+03	1.260372E-17	1.871457E-18
5.125238E+03	1.261235E-17	1.872688E-18
5.125436E+03	1.259318E-17	1.869790E-18
5.125634E+03	1.258125E-17	1.867968E-18
5.125832E+03	1.258505E-17	1.868482E-18
5.126030E+03	1.258159E-17	1.867917E-18
5.126227E+03	1.257088E-17	1.866276E-18
5.126425E+03	1.257226E-17	1.866430E-18
5.126623E+03	1.258936E-17	1.868919E-18
5.126822E+03	1.260888E-17	1.871765E-18
5.127019E+03	1.261752E-17	1.872997E-18
5.127217E+03	1.261407E-17	1.872432E-18
5.127415E+03	1.261908E-17	1.873125E-18
5.127614E+03	1.262288E-17	1.873638E-18
5.127812E+03	1.262184E-17	1.873433E-18
5.128010E+03	1.263411E-17	1.875203E-18
5.128208E+03	1.265242E-17	1.877870E-18
5.128406E+03	1.265017E-17	1.877485E-18
5.128605E+03	1.264914E-17	1.877281E-18
5.128803E+03	1.265778E-17	1.878511E-18
5.129001E+03	1.266521E-17	1.879562E-18
5.129199E+03	1.266296E-17	1.879177E-18
5.129397E+03	1.265708E-17	1.878254E-18
5.129595E+03	1.264879E-17	1.876972E-18
5.129793E+03	1.264775E-17	1.876767E-18
5.129991E+03	1.265760E-17	1.878177E-18
5.130189E+03	1.266019E-17	1.878510E-18
5.130387E+03	1.265552E-17	1.877766E-18
5.130585E+03	1.265690E-17	1.877920E-18
5.130783E+03	1.266917E-17	1.879689E-18
5.130981E+03	1.268266E-17	1.881638E-18
5.131179E+03	1.269129E-17	1.882868E-18
5.131377E+03	1.269388E-17	1.883201E-18
5.131575E+03	1.269769E-17	1.883714E-18
5.131773E+03	1.270633E-17	1.884945E-18
5.131971E+03	1.272223E-17	1.887252E-18
5.132169E+03	1.272846E-17	1.888124E-18
5.132368E+03	1.273346E-17	1.888815E-18
5.132567E+03	1.275784E-17	1.892379E-18
5.132765E+03	1.276406E-17	1.893250E-18
5.132963E+03	1.275818E-17	1.892327E-18
5.133161E+03	1.276078E-17	1.892660E-18
5.133359E+03	1.276700E-17	1.893531E-18
5.133557E+03	1.277080E-17	1.894043E-18
5.133755E+03	1.276614E-17	1.893299E-18
5.133953E+03	1.275905E-17	1.892196E-18
5.134151E+03	1.276527E-17	1.893068E-18
5.134349E+03	1.277875E-17	1.895015E-18
5.134547E+03	1.279103E-17	1.896783E-18
5.134745E+03	1.280088E-17	1.898193E-18
5.134943E+03	1.280711E-17	1.899064E-18
5.135141E+03	1.280002E-17	1.897961E-18
5.135339E+03	1.277840E-17	1.894704E-18
5.135537E+03	1.277011E-17	1.893423E-18
5.135735E+03	1.277028E-17	1.893397E-18
5.135933E+03	1.276198E-17	1.892114E-18
5.136131E+03	1.275126E-17	1.890473E-18
5.136330E+03	1.275385E-17	1.890806E-18
5.136528E+03	1.275160E-17	1.890420E-18
5.136726E+03	1.274088E-17	1.888779E-18
5.136924E+03	1.273621E-17	1.888035E-18
5.137122E+03	1.274485E-17	1.889265E-18
5.137320E+03	1.274382E-17	1.889059E-18
5.137519E+03	1.272947E-17	1.886881E-18
5.137717E+03	1.272722E-17	1.886496E-18
5.137914E+03	1.274312E-17	1.888801E-18
5.138113E+03	1.274450E-17	1.888954E-18
5.138311E+03	1.273500E-17	1.887494E-18
5.138509E+03	1.273154E-17	1.886929E-18
5.138706E+03	1.273896E-17	1.887979E-18
5.138904E+03	1.273309E-17	1.887056E-18
5.139102E+03	1.272357E-17	1.885595E-18
5.139300E+03	1.271527E-17	1.884313E-18
5.139498E+03	1.270939E-17	1.883389E-18
5.139696E+03	1.270593E-17	1.882825E-18
5.139894E+03	1.270852E-17	1.883157E-18
5.140092E+03	1.270990E-17	1.883311E-18
5.140291E+03	1.271007E-17	1.883284E-18
5.140489E+03	1.270661E-17	1.882720E-18
5.140687E+03	1.270315E-17	1.882155E-18
5.140885E+03	1.272027E-17	1.884641E-18
5.141083E+03	1.275192E-17	1.889278E-18
5.141281E+03	1.277509E-17	1.892660E-18
5.141479E+03	1.278616E-17	1.894247E-18
5.141677E+03	1.279359E-17	1.895297E-18
5.141875E+03	1.280103E-17	1.896347E-18
5.142073E+03	1.280605E-17	1.897038E-18
5.142271E+03	1.281470E-17	1.898267E-18
5.142470E+03	1.282455E-17	1.899674E-18
5.142668E+03	1.282835E-17	1.900186E-18
5.142866E+03	1.283095E-17	1.900518E-18
5.143064E+03	1.283596E-17	1.901209E-18
5.143262E+03	1.284340E-17	1.902259E-18
5.143460E+03	1.284600E-17	1.902591E-18
5.143658E+03	1.284859E-17	1.902923E-18
5.143856E+03	1.285482E-17	1.903793E-18
5.144055E+03	1.286105E-17	1.904663E-18
5.144253E+03	1.286001E-17	1.904457E-18
5.144451E+03	1.286018E-17	1.904431E-18
5.144649E+03	1.286277E-17	1.904761E-18
5.144847E+03	1.285810E-17	1.904018E-18
5.145045E+03	1.285827E-17	1.903992E-18
5.145243E+03	1.286087E-17	1.904324E-18
5.145441E+03	1.285498E-17	1.903400E-18
5.145639E+03	1.284425E-17	1.901759E-18
5.145837E+03	1.283353E-17	1.900119E-18
5.146035E+03	1.281917E-17	1.897941E-18
5.146233E+03	1.279269E-17	1.893969E-18
5.146431E+03	1.278318E-17	1.892509E-18
5.146629E+03	1.277972E-17	1.891944E-18
5.146827E+03	1.276535E-17	1.889765E-18
5.147025E+03	1.275462E-17	1.888125E-18
5.147223E+03	1.276932E-17	1.890250E-18
5.147422E+03	1.279251E-17	1.893629E-18
5.147620E+03	1.280721E-17	1.895755E-18
5.147818E+03	1.281102E-17	1.896266E-18
5.148017E+03	1.280756E-17	1.895701E-18
5.148215E+03	1.280773E-17	1.895674E-18
5.148413E+03	1.281153E-17	1.896186E-18
5.148611E+03	1.281534E-17	1.896697E-18
5.148809E+03	1.282278E-17	1.897746E-18
5.149007E+03	1.283142E-17	1.898973E-18
5.149205E+03	1.283644E-17	1.899663E-18
5.149403E+03	1.284146E-17	1.900354E-18
5.149601E+03	1.283678E-17	1.899610E-18
5.149799E+03	1.283089E-17	1.898686E-18
5.149997E+03	1.282985E-17	1.898480E-18
5.150195E+03	1.282518E-17	1.897737E-18
5.150393E+03	1.282051E-17	1.896993E-18
5.150591E+03	1.281826E-17	1.896608E-18
5.150788E+03	1.280994E-17	1.895326E-18
5.150986E+03	1.280163E-17	1.894045E-18
5.151185E+03	1.280544E-17	1.894555E-18
5.151382E+03	1.279834E-17	1.893453E-18
5.151580E+03	1.278640E-17	1.891635E-18
5.151778E+03	1.278778E-17	1.891787E-18
5.151977E+03	1.278915E-17	1.891939E-18
5.152175E+03	1.277358E-17	1.889582E-18
5.152374E+03	1.276769E-17	1.888659E-18
5.152572E+03	1.278361E-17	1.890963E-18
5.152770E+03	1.279226E-17	1.892189E-18
5.152968E+03	1.279243E-17	1.892163E-18
5.153166E+03	1.280229E-17	1.893570E-18
5.153364E+03	1.281337E-17	1.895156E-18
5.153562E+03	1.282202E-17	1.896384E-18
5.153760E+03	1.283188E-17	1.897790E-18
5.153958E+03	1.284296E-17	1.899376E-18
5.154156E+03	1.285767E-17	1.901500E-18
5.154354E+03	1.286511E-17	1.902548E-18
5.154552E+03	1.285316E-17	1.900728E-18
5.154750E+03	1.284728E-17	1.899805E-18
5.154948E+03	1.286805E-17	1.902825E-18
5.155146E+03	1.288518E-17	1.905306E-18
5.155344E+03	1.290353E-17	1.907967E-18
5.155542E+03	1.291824E-17	1.910089E-18
5.155741E+03	1.291478E-17	1.909524E-18
5.155939E+03	1.290768E-17	1.908423E-18
5.156137E+03	1.290906E-17	1.908575E-18
5.156335E+03	1.289711E-17	1.906756E-18
5.156533E+03	1.289486E-17	1.906370E-18
5.156731E+03	1.289988E-17	1.907060E-18
5.156929E+03	1.289520E-17	1.906316E-18
5.157127E+03	1.290022E-17	1.907005E-18
5.157326E+03	1.291251E-17	1.908770E-18
5.157524E+03	1.292480E-17	1.910533E-18
5.157722E+03	1.292497E-17	1.910506E-18
5.157920E+03	1.292272E-17	1.910120E-18
5.158118E+03	1.292774E-17	1.910809E-18
5.158316E+03	1.293761E-17	1.912216E-18
5.158514E+03	1.294384E-17	1.913084E-18
5.158712E+03	1.293552E-17	1.911802E-18
5.158910E+03	1.293084E-17	1.911058E-18
5.159108E+03	1.292495E-17	1.910135E-18
5.159306E+03	1.290452E-17	1.907063E-18
5.159504E+03	1.289984E-17	1.906319E-18
5.159703E+03	1.290122E-17	1.906471E-18
5.159901E+03	1.290139E-17	1.906443E-18
5.160099E+03	1.289429E-17	1.905341E-18
5.160297E+03	1.287991E-17	1.903164E-18
5.160495E+03	1.287887E-17	1.902957E-18
5.160693E+03	1.288389E-17	1.903647E-18
5.160891E+03	1.288406E-17	1.903619E-18
5.161089E+03	1.287816E-17	1.902696E-18
5.161287E+03	1.286743E-17	1.901057E-18
5.161485E+03	1.285062E-17	1.898522E-18
5.161683E+03	1.283745E-17	1.896524E-18
5.161881E+03	1.284854E-17	1.898109E-18
5.162079E+03	1.286204E-17	1.900052E-18
5.162277E+03	1.287676E-17	1.902175E-18
5.162476E+03	1.288784E-17	1.903758E-18
5.162674E+03	1.289771E-17	1.905164E-18
5.162872E+03	1.290516E-17	1.906211E-18
5.163069E+03	1.290533E-17	1.906183E-18
5.163267E+03	1.289337E-17	1.904365E-18
5.163465E+03	1.288626E-17	1.903263E-18
5.163664E+03	1.288764E-17	1.903414E-18
5.163862E+03	1.287812E-17	1.901955E-18
5.164060E+03	1.285646E-17	1.898704E-18
5.164258E+03	1.284692E-17	1.897243E-18
5.164456E+03	1.285073E-17	1.897753E-18
5.164654E+03	1.285333E-17	1.898084E-18
5.164852E+03	1.285228E-17	1.897877E-18
5.165050E+03	1.286700E-17	1.899999E-18
5.165248E+03	1.287930E-17	1.901762E-18
5.165446E+03	1.288189E-17	1.902092E-18
5.165644E+03	1.288448E-17	1.902423E-18
5.165842E+03	1.289314E-17	1.903649E-18
5.166040E+03	1.289816E-17	1.904337E-18
5.166238E+03	1.289227E-17	1.903414E-18
5.166436E+03	1.288152E-17	1.901775E-18
5.166634E+03	1.287321E-17	1.900495E-18
5.166832E+03	1.286731E-17	1.899572E-18
5.167030E+03	1.286384E-17	1.899007E-18
5.167229E+03	1.286886E-17	1.899696E-18
5.167428E+03	1.287631E-17	1.900743E-18
5.167626E+03	1.288012E-17	1.901252E-18
5.167824E+03	1.288513E-17	1.901940E-18
5.168022E+03	1.288167E-17	1.901376E-18
5.168220E+03	1.288547E-17	1.901884E-18
5.168418E+03	1.289898E-17	1.903826E-18
5.168616E+03	1.290643E-17	1.904873E-18
5.168814E+03	1.291873E-17	1.906636E-18
5.169012E+03	1.293466E-17	1.908934E-18
5.169210E+03	1.292028E-17	1.906759E-18
5.169408E+03	1.290467E-17	1.904404E-18
5.169606E+03	1.290363E-17	1.904197E-18
5.169804E+03	1.289895E-17	1.903453E-18
5.170002E+03	1.289547E-17	1.902888E-18
5.170200E+03	1.288594E-17	1.901428E-18
5.170398E+03	1.287034E-17	1.899074E-18
5.170596E+03	1.285473E-17	1.896719E-18
5.170794E+03	1.284884E-17	1.895797E-18
5.170992E+03	1.285386E-17	1.896485E-18
5.171190E+03	1.287586E-17	1.899680E-18
5.171389E+03	1.289422E-17	1.902336E-18
5.171587E+03	1.289075E-17	1.901771E-18
5.171785E+03	1.287030E-17	1.898701E-18
5.171983E+03	1.287047E-17	1.898674E-18
5.172182E+03	1.288520E-17	1.900794E-18
5.172380E+03	1.289021E-17	1.901481E-18
5.172578E+03	1.288189E-17	1.900201E-18
5.172776E+03	1.287599E-17	1.899278E-18
5.172974E+03	1.288708E-17	1.900860E-18
5.173172E+03	1.290302E-17	1.903159E-18
5.173370E+03	1.290925E-17	1.904026E-18
5.173568E+03	1.290700E-17	1.903640E-18
5.173766E+03	1.290352E-17	1.903075E-18
5.173964E+03	1.289884E-17	1.902332E-18
5.174162E+03	1.290022E-17	1.902483E-18
5.174359E+03	1.291131E-17	1.904066E-18
5.174557E+03	1.291633E-17	1.904753E-18
5.174756E+03	1.291528E-17	1.904546E-18
5.174954E+03	1.291181E-17	1.903981E-18
5.175152E+03	1.291683E-17	1.904669E-18
5.175350E+03	1.293156E-17	1.906788E-18
5.175548E+03	1.293901E-17	1.907834E-18
5.175746E+03	1.294646E-17	1.908879E-18
5.175944E+03	1.295269E-17	1.909746E-18
5.176142E+03	1.294922E-17	1.909181E-18
5.176340E+03	1.294453E-17	1.908437E-18
5.176538E+03	1.293256E-17	1.906619E-18
5.176736E+03	1.292546E-17	1.905519E-18
5.176934E+03	1.293411E-17	1.906742E-18
5.177133E+03	1.295249E-17	1.909398E-18
5.177331E+03	1.296844E-17	1.911696E-18
5.177529E+03	1.297345E-17	1.912382E-18
5.177727E+03	1.297119E-17	1.911996E-18
5.177925E+03	1.297257E-17	1.912147E-18
5.178123E+03	1.297153E-17	1.911940E-18
5.178321E+03	1.296928E-17	1.911555E-18
5.178519E+03	1.298158E-17	1.913315E-18
5.178717E+03	1.300481E-17	1.916686E-18
5.178915E+03	1.301468E-17	1.918087E-18
5.179114E+03	1.301485E-17	1.918059E-18
5.179312E+03	1.302352E-17	1.919283E-18
5.179510E+03	1.303825E-17	1.921401E-18
5.179708E+03	1.303599E-17	1.921015E-18
5.179906E+03	1.302402E-17	1.919198E-18
5.180104E+03	1.302055E-17	1.918633E-18
5.180302E+03	1.301950E-17	1.918425E-18
5.180500E+03	1.301360E-17	1.917502E-18
5.180698E+03	1.300770E-17	1.916581E-18
5.180896E+03	1.301636E-17	1.917803E-18
5.181094E+03	1.303232E-17	1.920100E-18
5.181292E+03	1.303370E-17	1.920251E-18
5.181490E+03	1.301565E-17	1.917539E-18
5.181688E+03	1.300733E-17	1.916260E-18
5.181886E+03	1.301842E-17	1.917840E-18
5.182085E+03	1.303559E-17	1.920315E-18
5.182283E+03	1.303818E-17	1.920645E-18
5.182481E+03	1.303106E-17	1.919543E-18
5.182679E+03	1.301545E-17	1.917189E-18
5.182877E+03	1.300712E-17	1.915910E-18
5.183076E+03	1.300486E-17	1.915523E-18
5.183274E+03	1.299653E-17	1.914243E-18
5.183472E+03	1.298455E-17	1.912426E-18
5.183670E+03	1.299201E-17	1.913471E-18
5.183868E+03	1.302738E-17	1.918627E-18
5.184066E+03	1.304819E-17	1.921639E-18
5.184264E+03	1.304472E-17	1.921074E-18
5.184462E+03	1.305339E-17	1.922297E-18
5.184660E+03	1.307055E-17	1.924771E-18
5.184858E+03	1.307436E-17	1.925279E-18
5.185056E+03	1.307574E-17	1.925429E-18
5.185254E+03	1.308927E-17	1.927367E-18
5.185452E+03	1.310279E-17	1.929304E-18
5.185650E+03	1.310417E-17	1.929454E-18
5.185848E+03	1.309585E-17	1.928175E-18
5.186046E+03	1.309237E-17	1.927610E-18
5.186244E+03	1.310104E-17	1.928831E-18
5.186442E+03	1.309877E-17	1.928445E-18
5.186639E+03	1.308923E-17	1.926987E-18
5.186839E+03	1.308454E-17	1.926243E-18
5.187038E+03	1.309079E-17	1.927108E-18
5.187236E+03	1.310431E-17	1.929044E-18
5.187433E+03	1.311419E-17	1.930446E-18
5.187631E+03	1.311922E-17	1.931132E-18
5.187829E+03	1.312546E-17	1.931997E-18
5.188027E+03	1.313049E-17	1.932683E-18
5.188225E+03	1.313430E-17	1.933191E-18
5.188423E+03	1.313932E-17	1.933876E-18
5.188621E+03	1.313463E-17	1.933133E-18
5.188819E+03	1.311294E-17	1.929886E-18
5.189017E+03	1.310339E-17	1.928426E-18
5.189215E+03	1.312056E-17	1.930900E-18
5.189413E+03	1.313288E-17	1.932659E-18
5.189611E+03	1.313305E-17	1.932630E-18
5.189809E+03	1.313078E-17	1.932243E-18
5.190007E+03	1.312852E-17	1.931857E-18
5.190205E+03	1.312748E-17	1.931649E-18
5.190403E+03	1.313129E-17	1.932156E-18
5.190601E+03	1.314117E-17	1.933556E-18
5.190800E+03	1.314863E-17	1.934599E-18
5.190998E+03	1.315001E-17	1.934749E-18
5.191196E+03	1.315018E-17	1.934720E-18
5.191394E+03	1.316492E-17	1.936835E-18
5.191592E+03	1.318331E-17	1.939486E-18
5.191790E+03	1.319441E-17	1.941065E-18
5.191989E+03	1.319701E-17	1.941393E-18
5.192187E+03	1.318381E-17	1.939398E-18
5.192385E+03	1.317063E-17	1.937404E-18
5.192583E+03	1.317201E-17	1.937553E-18
5.192781E+03	1.317096E-17	1.937345E-18
5.192979E+03	1.316019E-17	1.935708E-18
5.193177E+03	1.314943E-17	1.934070E-18
5.193375E+03	1.314473E-17	1.933326E-18
5.193573E+03	1.313762E-17	1.932225E-18
5.193771E+03	1.313050E-17	1.931124E-18
5.193969E+03	1.313066E-17	1.931095E-18
5.194167E+03	1.312597E-17	1.930351E-18
5.194365E+03	1.311034E-17	1.927998E-18
5.194563E+03	1.309836E-17	1.926183E-18
5.194762E+03	1.309853E-17	1.926154E-18
5.194960E+03	1.309627E-17	1.925767E-18
5.195158E+03	1.309400E-17	1.925381E-18
5.195356E+03	1.310510E-17	1.926959E-18
5.195554E+03	1.311620E-17	1.928537E-18
5.195752E+03	1.311151E-17	1.927793E-18
5.195950E+03	1.309953E-17	1.925978E-18
5.196148E+03	1.309362E-17	1.925056E-18
5.196346E+03	1.308406E-17	1.923597E-18
5.196544E+03	1.308423E-17	1.923568E-18
5.196742E+03	1.309047E-17	1.924432E-18
5.196941E+03	1.307849E-17	1.922616E-18
5.197139E+03	1.306650E-17	1.920800E-18
5.197337E+03	1.307031E-17	1.921307E-18
5.197535E+03	1.307898E-17	1.922528E-18
5.197733E+03	1.307672E-17	1.922142E-18
5.197931E+03	1.306716E-17	1.920683E-18
5.198129E+03	1.306004E-17	1.919583E-18
5.198327E+03	1.306021E-17	1.919554E-18
5.198526E+03	1.306887E-17	1.920774E-18
5.198723E+03	1.307512E-17	1.921638E-18
5.198921E+03	1.307164E-17	1.921073E-18
5.199120E+03	1.306937E-17	1.920686E-18
5.199318E+03	1.307562E-17	1.921550E-18
5.199515E+03	1.309037E-17	1.923664E-18
5.199713E+03	1.310634E-17	1.925957E-18
5.199911E+03	1.311136E-17	1.926641E-18
5.200109E+03	1.311274E-17	1.926790E-18
5.200307E+03	1.312384E-17	1.928368E-18
5.200505E+03	1.314711E-17	1.931732E-18
5.200703E+03	1.317036E-17	1.935095E-18
5.200901E+03	1.318512E-17	1.937209E-18
5.201099E+03	1.318893E-17	1.937715E-18
5.201297E+03	1.319152E-17	1.938042E-18
5.201495E+03	1.320993E-17	1.940691E-18
5.201693E+03	1.323197E-17	1.943875E-18
5.201892E+03	1.325645E-17	1.947417E-18
5.202090E+03	1.328701E-17	1.951851E-18
5.202288E+03	1.331027E-17	1.955213E-18
5.202487E+03	1.331894E-17	1.956433E-18
5.202685E+03	1.331060E-17	1.955153E-18
5.202883E+03	1.330713E-17	1.954588E-18
5.203081E+03	1.332188E-17	1.956700E-18
5.203279E+03	1.333907E-17	1.959170E-18
5.203477E+03	1.335504E-17	1.961460E-18
5.203675E+03	1.337831E-17	1.964823E-18
5.203873E+03	1.339184E-17	1.966756E-18
5.204071E+03	1.338837E-17	1.966191E-18
5.204269E+03	1.338368E-17	1.965447E-18
5.204467E+03	1.338385E-17	1.965416E-18
5.204665E+03	1.338402E-17	1.965386E-18
5.204863E+03	1.338905E-17	1.966070E-18
5.205061E+03	1.340015E-17	1.967646E-18
5.205259E+03	1.341127E-17	1.969222E-18
5.205457E+03	1.341387E-17	1.969549E-18
5.205655E+03	1.341160E-17	1.969162E-18
5.205853E+03	1.340812E-17	1.968596E-18
5.206051E+03	1.341924E-17	1.970172E-18
5.206250E+03	1.343886E-17	1.972997E-18
5.206448E+03	1.344632E-17	1.974038E-18
5.206646E+03	1.344406E-17	1.973650E-18
5.206845E+03	1.345274E-17	1.974869E-18
5.207043E+03	1.346750E-17	1.976981E-18
5.207241E+03	1.348104E-17	1.978913E-18
5.207439E+03	1.349094E-17	1.980311E-18
5.207637E+03	1.348990E-17	1.980102E-18
5.207835E+03	1.349371E-17	1.980606E-18
5.208033E+03	1.351334E-17	1.983432E-18
5.208231E+03	1.350986E-17	1.982866E-18
5.208429E+03	1.348692E-17	1.979443E-18
5.208627E+03	1.346278E-17	1.975844E-18
5.208825E+03	1.344835E-17	1.973671E-18
5.209023E+03	1.344852E-17	1.973640E-18
5.209221E+03	1.345112E-17	1.973967E-18
5.209419E+03	1.345372E-17	1.974293E-18
5.209617E+03	1.345632E-17	1.974620E-18
5.209815E+03	1.347230E-17	1.976909E-18
5.210013E+03	1.349679E-17	1.980447E-18
5.210212E+03	1.350669E-17	1.981844E-18
5.210410E+03	1.351416E-17	1.982884E-18
5.210608E+03	1.352649E-17	1.984637E-18
5.210806E+03	1.353760E-17	1.986212E-18
5.211003E+03	1.353534E-17	1.985825E-18
5.211202E+03	1.352213E-17	1.983831E-18
5.211400E+03	1.351257E-17	1.982373E-18
5.211598E+03	1.350058E-17	1.980558E-18
5.211797E+03	1.349710E-17	1.979991E-18
5.211994E+03	1.348997E-17	1.978890E-18
5.212192E+03	1.347676E-17	1.976897E-18
5.212390E+03	1.348544E-17	1.978114E-18
5.212588E+03	1.348926E-17	1.978619E-18
5.212786E+03	1.347362E-17	1.976269E-18
5.212984E+03	1.346648E-17	1.975168E-18
5.213182E+03	1.347030E-17	1.975672E-18
5.213380E+03	1.348506E-17	1.977781E-18
5.213578E+03	1.349496E-17	1.979178E-18
5.213776E+03	1.349635E-17	1.979326E-18
5.213974E+03	1.349408E-17	1.978938E-18
5.214173E+03	1.349060E-17	1.978371E-18
5.214371E+03	1.349077E-17	1.978341E-18
5.214569E+03	1.349337E-17	1.978666E-18
5.214767E+03	1.349597E-17	1.978992E-18
5.214965E+03	1.350466E-17	1.980210E-18
5.215163E+03	1.350726E-17	1.980536E-18
5.215361E+03	1.349526E-17	1.978721E-18
5.215559E+03	1.349300E-17	1.978333E-18
5.215757E+03	1.349803E-17	1.979016E-18
5.215955E+03	1.349212E-17	1.978093E-18
5.216153E+03	1.348377E-17	1.976813E-18
5.216351E+03	1.349245E-17	1.978031E-18
5.216549E+03	1.351452E-17	1.981211E-18
5.216748E+03	1.352564E-17	1.982784E-18
5.216946E+03	1.351851E-17	1.981683E-18
5.217144E+03	1.351746E-17	1.981474E-18
5.217342E+03	1.353466E-17	1.983939E-18
5.217540E+03	1.355065E-17	1.986227E-18
5.217738E+03	1.356906E-17	1.988870E-18
5.217937E+03	1.358384E-17	1.990979E-18
5.218135E+03	1.359496E-17	1.992553E-18
5.218333E+03	1.360121E-17	1.993414E-18
5.218531E+03	1.358313E-17	1.990707E-18
5.218729E+03	1.357112E-17	1.988892E-18
5.218927E+03	1.359320E-17	1.992071E-18
5.219125E+03	1.362257E-17	1.996319E-18
5.219323E+03	1.364100E-17	1.998963E-18
5.219521E+03	1.365455E-17	2.000892E-18
5.219719E+03	1.366323E-17	2.002109E-18
5.219917E+03	1.367558E-17	2.003861E-18
5.220115E+03	1.368913E-17	2.005790E-18
5.220313E+03	1.370390E-17	2.007898E-18
5.220511E+03	1.371624E-17	2.009650E-18
5.220709E+03	1.372250E-17	2.010510E-18
5.220907E+03	1.372753E-17	2.011190E-18
5.221105E+03	1.373866E-17	2.012763E-18
5.221303E+03	1.373761E-17	2.012553E-18
5.221501E+03	1.373900E-17	2.012700E-18
5.221700E+03	1.375256E-17	2.014629E-18
5.221899E+03	1.375273E-17	2.014597E-18
5.222097E+03	1.373951E-17	2.012604E-18
5.222295E+03	1.372629E-17	2.010612E-18
5.222493E+03	1.373376E-17	2.011649E-18
5.222691E+03	1.374975E-17	2.013935E-18
5.222889E+03	1.376210E-17	2.015686E-18
5.223086E+03	1.378296E-17	2.018684E-18
5.223284E+03	1.380139E-17	2.021326E-18
5.223483E+03	1.381251E-17	2.022898E-18
5.223681E+03	1.381511E-17	2.023222E-18
5.223879E+03	1.381163E-17	2.022655E-18
5.224076E+03	1.381910E-17	2.023693E-18
5.224274E+03	1.383875E-17	2.026513E-18
5.224472E+03	1.384745E-17	2.027729E-18
5.224670E+03	1.384153E-17	2.026805E-18
5.224868E+03	1.384292E-17	2.026951E-18
5.225066E+03	1.386013E-17	2.029414E-18
5.225264E+03	1.387126E-17	2.030986E-18
5.225462E+03	1.387508E-17	2.031488E-18
5.225661E+03	1.389229E-17	2.033951E-18
5.225859E+03	1.390464E-17	2.035701E-18
5.226057E+03	1.389872E-17	2.034777E-18
5.226255E+03	1.389889E-17	2.034745E-18
5.226453E+03	1.391002E-17	2.036316E-18
5.226652E+03	1.390532E-17	2.035571E-18
5.226850E+03	1.389940E-17	2.034647E-18
5.227048E+03	1.390079E-17	2.034793E-18
5.227246E+03	1.390462E-17	2.035295E-18
5.227444E+03	1.392062E-17	2.037580E-18
5.227642E+03	1.393418E-17	2.039507E-18
5.227840E+03	1.394044E-17	2.040365E-18
5.228038E+03	1.395644E-17	2.042649E-18
5.228236E+03	1.398705E-17	2.047071E-18
5.228434E+03	1.401644E-17	2.051315E-18
5.228632E+03	1.401539E-17	2.051104E-18
5.228830E+03	1.401678E-17	2.051249E-18
5.229028E+03	1.404253E-17	2.054959E-18
5.229226E+03	1.405609E-17	2.056885E-18
5.229424E+03	1.404287E-17	2.054893E-18
5.229623E+03	1.403817E-17	2.054147E-18
5.229821E+03	1.403835E-17	2.054114E-18
5.230019E+03	1.402634E-17	2.052299E-18
5.230217E+03	1.401920E-17	2.051197E-18
5.230415E+03	1.403399E-17	2.053303E-18
5.230613E+03	1.405730E-17	2.056654E-18
5.230811E+03	1.406478E-17	2.057690E-18
5.231009E+03	1.406373E-17	2.057479E-18
5.231207E+03	1.407243E-17	2.058693E-18
5.231405E+03	1.408965E-17	2.061155E-18
5.231604E+03	1.409469E-17	2.061833E-18
5.231802E+03	1.409122E-17	2.061266E-18
5.232000E+03	1.409139E-17	2.061233E-18
5.232198E+03	1.409278E-17	2.061378E-18
5.232396E+03	1.409782E-17	2.062057E-18
5.232594E+03	1.411261E-17	2.064161E-18
5.232792E+03	1.412496E-17	2.065910E-18
5.232990E+03	1.412513E-17	2.065876E-18
5.233188E+03	1.411921E-17	2.064952E-18
5.233386E+03	1.411451E-17	2.064206E-18
5.233585E+03	1.410738E-17	2.063104E-18
5.233783E+03	1.410633E-17	2.062893E-18
5.233981E+03	1.411747E-17	2.064463E-18
5.234179E+03	1.411886E-17	2.064607E-18
5.234377E+03	1.411050E-17	2.063327E-18
5.234575E+03	1.410702E-17	2.062759E-18
5.234773E+03	1.410354E-17	2.062192E-18
5.234971E+03	1.409641E-17	2.061091E-18
5.235168E+03	1.408927E-17	2.059989E-18
5.235366E+03	1.409675E-17	2.061024E-18
5.235565E+03	1.411032E-17	2.062949E-18
5.235763E+03	1.411780E-17	2.063984E-18
5.235961E+03	1.412163E-17	2.064485E-18
5.236158E+03	1.412423E-17	2.064808E-18
5.236356E+03	1.413415E-17	2.066199E-18
5.236555E+03	1.415503E-17	2.069192E-18
5.236753E+03	1.417713E-17	2.072365E-18
5.236951E+03	1.418827E-17	2.073933E-18
5.237149E+03	1.419697E-17	2.075146E-18
5.237348E+03	1.420932E-17	2.076893E-18
5.237546E+03	1.422167E-17	2.078639E-18
5.237744E+03	1.422794E-17	2.079496E-18
5.237942E+03	1.422324E-17	2.078750E-18
5.238140E+03	1.422341E-17	2.078716E-18
5.238338E+03	1.422602E-17	2.079038E-18
5.238536E+03	1.422985E-17	2.079539E-18
5.238734E+03	1.423368E-17	2.080039E-18
5.238932E+03	1.421924E-17	2.077870E-18
5.239130E+03	1.421210E-17	2.076767E-18
5.239328E+03	1.422932E-17	2.079225E-18
5.239526E+03	1.423437E-17	2.079904E-18
5.239724E+03	1.423089E-17	2.079336E-18
5.239922E+03	1.424081E-17	2.080726E-18
5.240120E+03	1.425560E-17	2.082829E-18
5.240318E+03	1.427161E-17	2.085109E-18
5.240516E+03	1.428885E-17	2.087567E-18
5.240714E+03	1.430729E-17	2.090203E-18
5.240912E+03	1.431965E-17	2.091949E-18
5.241110E+03	1.431373E-17	2.091025E-18
5.241309E+03	1.430294E-17	2.089388E-18
5.241508E+03	1.429093E-17	2.087575E-18
5.241706E+03	1.428623E-17	2.086828E-18
5.241904E+03	1.429615E-17	2.088219E-18
5.242102E+03	1.430972E-17	2.090142E-18
5.242300E+03	1.432696E-17	2.092600E-18
5.242498E+03	1.434176E-17	2.094702E-18
5.242696E+03	1.433828E-17	2.094133E-18
5.242894E+03	1.434089E-17	2.094455E-18
5.243092E+03	1.436056E-17	2.097268E-18
5.243290E+03	1.436926E-17	2.098479E-18
5.243488E+03	1.436943E-17	2.098445E-18
5.243686E+03	1.437936E-17	2.099835E-18
5.243884E+03	1.438806E-17	2.101045E-18
5.244082E+03	1.438701E-17	2.100833E-18
5.244280E+03	1.438354E-17	2.100265E-18
5.244478E+03	1.438736E-17	2.100764E-18
5.244676E+03	1.438388E-17	2.100196E-18
5.244874E+03	1.438284E-17	2.099984E-18
5.245072E+03	1.439276E-17	2.101372E-18
5.245271E+03	1.439659E-17	2.101871E-18
5.245469E+03	1.441017E-17	2.103794E-18
5.245667E+03	1.442375E-17	2.105718E-18
5.245865E+03	1.442271E-17	2.105505E-18
5.246063E+03	1.442654E-17	2.106004E-18
5.246261E+03	1.444255E-17	2.108282E-18
5.246460E+03	1.444639E-17	2.108781E-18
5.246658E+03	1.444168E-17	2.108034E-18
5.246856E+03	1.443820E-17	2.107466E-18
5.247054E+03	1.443472E-17	2.106897E-18
5.247252E+03	1.444342E-17	2.108108E-18
5.247449E+03	1.446676E-17	2.111454E-18
5.247647E+03	1.448887E-17	2.114621E-18
5.247845E+03	1.449758E-17	2.115832E-18
5.248044E+03	1.449166E-17	2.114907E-18
5.248242E+03	1.448452E-17	2.113805E-18
5.248439E+03	1.449689E-17	2.115549E-18
5.248637E+03	1.452022E-17	2.118894E-18
5.248835E+03	1.453015E-17	2.120282E-18
5.249034E+03	1.453398E-17	2.120781E-18
5.249232E+03	1.454391E-17	2.122169E-18
5.249430E+03	1.455871E-17	2.124268E-18
5.249628E+03	1.457351E-17	2.126368E-18
5.249826E+03	1.458344E-17	2.127756E-18
5.250024E+03	1.459215E-17	2.128965E-18
5.250222E+03	1.458501E-17	2.127863E-18
5.250420E+03	1.457421E-17	2.126227E-18
5.250618E+03	1.457195E-17	2.125836E-18
5.250816E+03	1.456725E-17	2.125089E-18
5.251014E+03	1.455279E-17	2.122919E-18
5.251212E+03	1.455053E-17	2.122529E-18
5.251411E+03	1.455923E-17	2.123738E-18
5.251609E+03	1.455941E-17	2.123702E-18
5.251807E+03	1.456934E-17	2.125090E-18
5.252005E+03	1.459268E-17	2.128433E-18
5.252203E+03	1.460992E-17	2.130888E-18
5.252401E+03	1.460644E-17	2.130319E-18
5.252599E+03	1.459930E-17	2.129216E-18
5.252797E+03	1.460557E-17	2.130070E-18
5.252996E+03	1.461550E-17	2.131458E-18
5.253194E+03	1.461568E-17	2.131422E-18
5.253392E+03	1.460975E-17	2.130498E-18
5.253590E+03	1.460383E-17	2.129573E-18
5.253788E+03	1.460522E-17	2.129715E-18
5.253986E+03	1.461028E-17	2.130391E-18
5.254184E+03	1.461289E-17	2.130711E-18
5.254382E+03	1.461550E-17	2.131031E-18
5.254580E+03	1.461446E-17	2.130818E-18
5.254778E+03	1.462195E-17	2.131849E-18
5.254976E+03	1.463553E-17	2.133769E-18
5.255174E+03	1.463571E-17	2.133733E-18
5.255372E+03	1.463467E-17	2.133521E-18
5.255570E+03	1.463485E-17	2.133485E-18
5.255768E+03	1.463258E-17	2.133094E-18
5.255966E+03	1.463153E-17	2.132880E-18
5.256164E+03	1.462805E-17	2.132311E-18
5.256363E+03	1.461968E-17	2.131031E-18
5.256561E+03	1.461254E-17	2.129928E-18
5.256759E+03	1.461027E-17	2.129537E-18
5.256958E+03	1.461289E-17	2.129857E-18
5.257156E+03	1.463258E-17	2.132666E-18
5.257354E+03	1.465226E-17	2.135474E-18
5.257552E+03	1.466098E-17	2.136682E-18
5.257750E+03	1.465871E-17	2.136291E-18
5.257948E+03	1.465401E-17	2.135544E-18
5.258146E+03	1.466394E-17	2.136930E-18
5.258344E+03	1.466777E-17	2.137428E-18
5.258542E+03	1.467039E-17	2.137748E-18
5.258740E+03	1.467422E-17	2.138245E-18
5.258938E+03	1.467927E-17	2.138919E-18
5.259136E+03	1.468432E-17	2.139594E-18
5.259334E+03	1.468938E-17	2.140269E-18
5.259531E+03	1.468589E-17	2.139700E-18
5.259729E+03	1.468485E-17	2.139486E-18
5.259927E+03	1.469844E-17	2.141406E-18
5.260126E+03	1.471204E-17	2.143325E-18
5.260324E+03	1.471221E-17	2.143289E-18
5.260521E+03	1.471117E-17	2.143075E-18
5.260720E+03	1.471256E-17	2.143217E-18
5.260918E+03	1.471273E-17	2.143180E-18
5.261116E+03	1.471413E-17	2.143322E-18
5.261315E+03	1.471552E-17	2.143463E-18
5.261513E+03	1.472301E-17	2.144493E-18
5.261711E+03	1.474027E-17	2.146945E-18
5.261909E+03	1.474654E-17	2.147797E-18
5.262107E+03	1.473696E-17	2.146339E-18
5.262305E+03	1.473469E-17	2.145947E-18
5.262503E+03	1.474707E-17	2.147688E-18
5.262701E+03	1.476066E-17	2.149607E-18
5.262899E+03	1.475474E-17	2.148682E-18
5.263097E+03	1.474271E-17	2.146868E-18
5.263295E+03	1.473800E-17	2.146121E-18
5.263493E+03	1.473940E-17	2.146262E-18
5.263691E+03	1.474811E-17	2.147470E-18
5.263889E+03	1.475805E-17	2.148855E-18
5.264087E+03	1.475822E-17	2.148819E-18
5.264285E+03	1.475840E-17	2.148782E-18
5.264483E+03	1.477321E-17	2.150877E-18
5.264682E+03	1.479169E-17	2.153506E-18
5.264880E+03	1.480285E-17	2.155068E-18
5.265078E+03	1.481034E-17	2.156097E-18
5.265276E+03	1.481539E-17	2.156771E-18
5.265474E+03	1.481435E-17	2.156557E-18
5.265672E+03	1.481574E-17	2.156698E-18
5.265870E+03	1.481836E-17	2.157016E-18
5.266068E+03	1.481121E-17	2.155914E-18
5.266267E+03	1.480163E-17	2.154457E-18
5.266465E+03	1.479204E-17	2.152999E-18
5.266663E+03	1.479587E-17	2.153495E-18
5.266861E+03	1.480702E-17	2.155056E-18
5.267059E+03	1.481208E-17	2.155730E-18
5.267257E+03	1.481226E-17	2.155693E-18
5.267455E+03	1.482219E-17	2.157078E-18
5.267653E+03	1.483336E-17	2.158640E-18
5.267851E+03	1.483597E-17	2.158958E-18
5.268049E+03	1.484591E-17	2.160342E-18
5.268247E+03	1.484730E-17	2.160482E-18
5.268445E+03	1.484747E-17	2.160445E-18
5.268644E+03	1.485253E-17	2.161119E-18
5.268842E+03	1.484294E-17	2.159662E-18
5.269040E+03	1.483701E-17	2.158737E-18
5.269238E+03	1.484817E-17	2.160297E-18
5.269436E+03	1.486055E-17	2.162037E-18
5.269634E+03	1.485218E-17	2.160756E-18
5.269832E+03	1.483771E-17	2.158589E-18
5.270030E+03	1.482934E-17	2.157309E-18
5.270228E+03	1.483073E-17	2.157450E-18
5.270426E+03	1.483335E-17	2.157768E-18
5.270624E+03	1.483841E-17	2.158441E-18
5.270822E+03	1.484956E-17	2.160002E-18
5.271020E+03	1.484486E-17	2.159255E-18
5.271219E+03	1.483038E-17	2.157087E-18
5.271417E+03	1.482567E-17	2.156340E-18
5.271615E+03	1.482218E-17	2.155770E-18
5.271813E+03	1.482480E-17	2.156088E-18
5.272010E+03	1.482741E-17	2.156407E-18
5.272208E+03	1.482148E-17	2.155482E-18
5.272408E+03	1.481067E-17	2.153847E-18
5.272606E+03	1.480352E-17	2.152745E-18
5.272804E+03	1.480857E-17	2.153418E-18
5.273001E+03	1.480508E-17	2.152849E-18
5.273199E+03	1.479793E-17	2.151746E-18
5.273397E+03	1.480543E-17	2.152775E-18
5.273595E+03	1.481171E-17	2.153625E-18
5.273793E+03	1.481553E-17	2.154120E-18
5.273991E+03	1.481815E-17	2.154438E-18
5.274189E+03	1.482443E-17	2.155288E-18
5.274387E+03	1.481849E-17	2.154364E-18
5.274585E+03	1.480036E-17	2.151664E-18
5.274783E+03	1.479198E-17	2.150385E-18
5.274981E+03	1.480070E-17	2.151590E-18
5.275179E+03	1.480820E-17	2.152618E-18
5.275377E+03	1.480349E-17	2.151871E-18
5.275575E+03	1.480244E-17	2.151656E-18
5.275773E+03	1.480017E-17	2.151264E-18
5.275971E+03	1.480156E-17	2.151404E-18
5.276170E+03	1.481028E-17	2.152610E-18
5.276369E+03	1.481656E-17	2.153459E-18
5.276567E+03	1.481673E-17	2.153422E-18
5.276765E+03	1.481080E-17	2.152498E-18
5.276963E+03	1.480731E-17	2.151928E-18
5.277161E+03	1.481237E-17	2.152601E-18
5.277359E+03	1.481864E-17	2.153450E-18
5.277557E+03	1.481149E-17	2.152349E-18
5.277755E+03	1.479456E-17	2.149827E-18
5.277953E+03	1.478130E-17	2.147837E-18
5.278151E+03	1.478269E-17	2.147977E-18
5.278349E+03	1.478530E-17	2.148295E-18
5.278547E+03	1.477937E-17	2.147370E-18
5.278745E+03	1.478687E-17	2.148398E-18
5.278943E+03	1.479315E-17	2.149248E-18
5.279141E+03	1.477866E-17	2.147081E-18
5.279339E+03	1.475441E-17	2.143496E-18
5.279537E+03	1.474847E-17	2.142571E-18
5.279735E+03	1.476697E-17	2.145196E-18
5.279933E+03	1.477202E-17	2.145868E-18
5.280132E+03	1.476486E-17	2.144766E-18
5.280330E+03	1.476503E-17	2.144729E-18
5.280528E+03	1.476276E-17	2.144337E-18
5.280726E+03	1.475927E-17	2.143767E-18
5.280924E+03	1.477410E-17	2.145859E-18
5.281123E+03	1.479259E-17	2.148482E-18
5.281321E+03	1.480497E-17	2.150219E-18
5.281519E+03	1.481614E-17	2.151778E-18
5.281717E+03	1.482974E-17	2.153691E-18
5.281915E+03	1.484946E-17	2.156492E-18
5.282113E+03	1.485574E-17	2.157342E-18
5.282311E+03	1.484980E-17	2.156417E-18
5.282509E+03	1.484875E-17	2.156202E-18
5.282707E+03	1.485137E-17	2.156519E-18
5.282905E+03	1.485398E-17	2.156836E-18
5.283103E+03	1.485171E-17	2.156443E-18
5.283301E+03	1.484944E-17	2.156051E-18
5.283499E+03	1.484472E-17	2.155304E-18
5.283697E+03	1.484734E-17	2.155621E-18
5.283895E+03	1.485973E-17	2.157357E-18
5.284093E+03	1.486478E-17	2.158028E-18
5.284291E+03	1.486373E-17	2.157813E-18
5.284490E+03	1.486390E-17	2.157775E-18
5.284688E+03	1.486041E-17	2.157206E-18
5.284886E+03	1.484958E-17	2.155572E-18
5.285083E+03	1.484242E-17	2.154470E-18
5.285281E+03	1.484381E-17	2.154609E-18
5.285479E+03	1.484643E-17	2.154926E-18
5.285677E+03	1.485027E-17	2.155420E-18
5.285875E+03	1.485166E-17	2.155560E-18
5.286074E+03	1.484572E-17	2.154635E-18
5.286272E+03	1.483856E-17	2.153533E-18
5.286470E+03	1.483873E-17	2.153495E-18
5.286668E+03	1.483401E-17	2.152748E-18
5.286866E+03	1.482685E-17	2.151646E-18
5.287064E+03	1.481358E-17	2.149659E-18
5.287262E+03	1.479420E-17	2.146783E-18
5.287460E+03	1.478338E-17	2.145151E-18
5.287658E+03	1.478110E-17	2.144758E-18
5.287856E+03	1.477761E-17	2.144188E-18
5.288055E+03	1.476922E-17	2.142909E-18
5.288253E+03	1.476206E-17	2.141808E-18
5.288451E+03	1.475000E-17	2.139997E-18
5.288649E+03	1.472818E-17	2.136768E-18
5.288847E+03	1.472102E-17	2.135667E-18
5.289045E+03	1.472607E-17	2.136338E-18
5.289243E+03	1.471524E-17	2.134705E-18
5.289441E+03	1.469709E-17	2.132009E-18
5.289639E+03	1.471436E-17	2.134452E-18
5.289837E+03	1.473530E-17	2.137428E-18
5.290035E+03	1.472447E-17	2.135795E-18
5.290233E+03	1.470387E-17	2.132744E-18
5.290431E+03	1.469181E-17	2.130934E-18
5.290629E+03	1.469076E-17	2.130719E-18
5.290827E+03	1.468359E-17	2.129617E-18
5.291026E+03	1.468009E-17	2.129048E-18
5.291224E+03	1.468637E-17	2.129896E-18
5.291422E+03	1.468410E-17	2.129504E-18
5.291620E+03	1.466227E-17	2.126277E-18
5.291819E+03	1.465755E-17	2.125530E-18
5.292017E+03	1.466627E-17	2.126733E-18
5.292215E+03	1.466887E-17	2.127049E-18
5.292413E+03	1.467026E-17	2.127188E-18
5.292611E+03	1.468143E-17	2.128746E-18
5.292809E+03	1.468771E-17	2.129594E-18
5.293007E+03	1.469155E-17	2.130088E-18
5.293205E+03	1.469416E-17	2.130405E-18
5.293403E+03	1.469799E-17	2.130898E-18
5.293601E+03	1.470061E-17	2.131215E-18
5.293799E+03	1.469955E-17	2.131000E-18
5.293997E+03	1.469238E-17	2.129899E-18
5.294195E+03	1.468277E-17	2.128443E-18
5.294393E+03	1.467805E-17	2.127696E-18
5.294591E+03	1.467821E-17	2.127658E-18
5.294789E+03	1.467960E-17	2.127798E-18
5.294987E+03	1.468099E-17	2.127937E-18
5.295185E+03	1.467382E-17	2.126836E-18
5.295383E+03	1.465688E-17	2.124318E-18
5.295581E+03	1.464604E-17	2.122685E-18
5.295780E+03	1.463398E-17	2.120875E-18
5.295979E+03	1.460603E-17	2.116763E-18
5.296177E+03	1.457808E-17	2.112651E-18
5.296374E+03	1.457336E-17	2.111904E-18
5.296572E+03	1.457964E-17	2.112752E-18
5.296771E+03	1.456880E-17	2.111120E-18
5.296969E+03	1.455307E-17	2.108779E-18
5.297167E+03	1.455690E-17	2.109272E-18
5.297364E+03	1.456440E-17	2.110298E-18
5.297562E+03	1.456457E-17	2.110260E-18
5.297760E+03	1.455862E-17	2.109337E-18
5.297958E+03	1.454778E-17	2.107705E-18
5.298156E+03	1.453205E-17	2.105364E-18
5.298354E+03	1.450899E-17	2.101962E-18
5.298552E+03	1.450426E-17	2.101216E-18
5.298750E+03	1.451054E-17	2.102064E-18
5.298948E+03	1.452415E-17	2.103973E-18
5.299146E+03	1.453776E-17	2.105884E-18
5.299344E+03	1.454160E-17	2.106378E-18
5.299543E+03	1.453565E-17	2.105454E-18
5.299741E+03	1.452114E-17	2.103291E-18
5.299939E+03	1.450174E-17	2.100420E-18
5.300137E+03	1.450557E-17	2.100914E-18
5.300335E+03	1.450451E-17	2.100699E-18
5.300533E+03	1.448755E-17	2.098181E-18
5.300732E+03	1.447305E-17	2.096019E-18
5.300930E+03	1.446587E-17	2.094919E-18
5.301128E+03	1.445503E-17	2.093287E-18
5.301326E+03	1.444663E-17	2.092009E-18
5.301524E+03	1.444313E-17	2.091440E-18
5.301722E+03	1.444451E-17	2.091580E-18
5.301920E+03	1.443611E-17	2.090302E-18
5.302118E+03	1.442038E-17	2.087963E-18
5.302316E+03	1.441565E-17	2.087217E-18
5.302514E+03	1.442315E-17	2.088242E-18
5.302712E+03	1.442576E-17	2.088559E-18
5.302910E+03	1.441614E-17	2.087104E-18
5.303108E+03	1.440896E-17	2.086004E-18
5.303306E+03	1.441402E-17	2.086675E-18
5.303505E+03	1.443130E-17	2.089116E-18
5.303703E+03	1.444736E-17	2.091379E-18
5.303901E+03	1.444507E-17	2.090987E-18
5.304099E+03	1.442934E-17	2.088649E-18
5.304297E+03	1.440749E-17	2.085424E-18
5.304495E+03	1.437340E-17	2.080429E-18
5.304693E+03	1.435888E-17	2.078267E-18
5.304891E+03	1.437495E-17	2.080531E-18
5.305089E+03	1.437511E-17	2.080493E-18
5.305287E+03	1.436059E-17	2.078331E-18
5.305485E+03	1.434486E-17	2.075993E-18
5.305684E+03	1.431444E-17	2.071530E-18
5.305882E+03	1.428769E-17	2.067598E-18
5.306080E+03	1.428295E-17	2.066852E-18
5.306278E+03	1.428311E-17	2.066814E-18
5.306476E+03	1.428083E-17	2.066423E-18
5.306674E+03	1.429077E-17	2.067802E-18
5.306872E+03	1.430072E-17	2.069180E-18
5.307070E+03	1.429109E-17	2.067726E-18
5.307268E+03	1.428514E-17	2.066804E-18
5.307467E+03	1.428774E-17	2.067120E-18
5.307665E+03	1.428423E-17	2.066551E-18
5.307863E+03	1.428072E-17	2.065983E-18
5.308061E+03	1.427844E-17	2.065592E-18
5.308259E+03	1.427860E-17	2.065555E-18
5.308456E+03	1.427876E-17	2.065517E-18
5.308654E+03	1.427158E-17	2.064418E-18
5.308853E+03	1.427908E-17	2.065442E-18
5.309051E+03	1.430615E-17	2.069297E-18
5.309249E+03	1.432466E-17	2.071913E-18
5.309446E+03	1.431626E-17	2.070637E-18
5.309644E+03	1.431152E-17	2.069891E-18
5.309842E+03	1.431168E-17	2.069854E-18
5.310040E+03	1.432285E-17	2.071408E-18
5.310238E+03	1.434014E-17	2.073847E-18
5.310436E+03	1.435131E-17	2.075402E-18
5.310635E+03	1.434413E-17	2.074302E-18
5.310833E+03	1.432960E-17	2.072141E-18
5.311031E+03	1.432732E-17	2.071749E-18
5.311230E+03	1.433237E-17	2.072419E-18
5.311428E+03	1.433742E-17	2.073089E-18
5.311626E+03	1.433391E-17	2.072520E-18
5.311824E+03	1.432306E-17	2.070889E-18
5.312022E+03	1.431955E-17	2.070322E-18
5.312220E+03	1.431849E-17	2.070107E-18
5.312418E+03	1.431498E-17	2.069538E-18
5.312616E+03	1.431024E-17	2.068792E-18
5.312814E+03	1.429938E-17	2.067162E-18
5.313012E+03	1.429098E-17	2.065886E-18
5.313210E+03	1.428501E-17	2.064963E-18
5.313408E+03	1.428395E-17	2.064748E-18
5.313606E+03	1.428533E-17	2.064887E-18
5.313804E+03	1.427203E-17	2.062904E-18
5.314002E+03	1.425506E-17	2.060390E-18
5.314200E+03	1.424542E-17	2.058937E-18
5.314398E+03	1.423702E-17	2.057662E-18
5.314596E+03	1.423228E-17	2.056916E-18
5.314794E+03	1.424467E-17	2.058646E-18
5.314992E+03	1.426442E-17	2.061438E-18
5.315191E+03	1.425845E-17	2.060516E-18
5.315389E+03	1.423781E-17	2.057472E-18
5.315588E+03	1.424409E-17	2.058318E-18
5.315786E+03	1.425893E-17	2.060402E-18
5.315984E+03	1.426031E-17	2.060541E-18
5.316182E+03	1.425802E-17	2.060149E-18
5.316380E+03	1.425818E-17	2.060111E-18
5.316578E+03	1.425466E-17	2.059542E-18
5.316776E+03	1.424503E-17	2.058091E-18
5.316974E+03	1.423662E-17	2.056815E-18
5.317172E+03	1.423066E-17	2.055892E-18
5.317370E+03	1.422592E-17	2.055147E-18
5.317568E+03	1.421751E-17	2.053871E-18
5.317766E+03	1.420909E-17	2.052595E-18
5.317964E+03	1.421292E-17	2.053088E-18
5.318162E+03	1.422165E-17	2.054287E-18
5.318360E+03	1.422425E-17	2.054603E-18
5.318558E+03	1.422074E-17	2.054034E-18
5.318756E+03	1.421355E-17	2.052935E-18
5.318954E+03	1.420881E-17	2.052190E-18
5.319153E+03	1.420408E-17	2.051446E-18
5.319351E+03	1.419444E-17	2.049993E-18
5.319549E+03	1.418847E-17	2.049071E-18
5.319747E+03	1.419475E-17	2.049917E-18
5.319945E+03	1.419858E-17	2.050410E-18
5.320143E+03	1.419996E-17	2.050548E-18
5.320341E+03	1.420501E-17	2.051217E-18
5.320540E+03	1.420639E-17	2.051356E-18
5.320737E+03	1.421266E-17	2.052201E-18
5.320935E+03	1.420915E-17	2.051632E-18
5.321133E+03	1.420809E-17	2.051418E-18
5.321332E+03	1.421803E-17	2.052793E-18
5.321530E+03	1.422798E-17	2.054169E-18
5.321727E+03	1.422936E-17	2.054308E-18
5.321925E+03	1.422095E-17	2.053032E-18
5.322123E+03	1.422355E-17	2.053348E-18
5.322321E+03	1.422738E-17	2.053840E-18
5.322519E+03	1.422386E-17	2.053271E-18
5.322717E+03	1.423627E-17	2.055000E-18
5.322916E+03	1.424254E-17	2.055846E-18
5.323114E+03	1.423903E-17	2.055277E-18
5.323312E+03	1.424286E-17	2.055769E-18
5.323510E+03	1.424669E-17	2.056261E-18
5.323708E+03	1.424807E-17	2.056399E-18
5.323906E+03	1.425556E-17	2.057420E-18
5.324104E+03	1.425694E-17	2.057559E-18
5.324302E+03	1.424854E-17	2.056284E-18
5.324500E+03	1.424379E-17	2.055539E-18
5.324698E+03	1.425130E-17	2.056561E-18
5.324896E+03	1.426614E-17	2.058642E-18
5.325094E+03	1.427732E-17	2.060194E-18
5.325292E+03	1.427870E-17	2.060332E-18
5.325491E+03	1.427518E-17	2.059763E-18
5.325689E+03	1.427289E-17	2.059371E-18
5.325887E+03	1.426325E-17	2.057919E-18
5.326085E+03	1.425239E-17	2.056291E-18
5.326283E+03	1.425743E-17	2.056958E-18
5.326481E+03	1.426494E-17	2.057980E-18
5.326679E+03	1.427244E-17	2.059001E-18
5.326878E+03	1.428485E-17	2.060729E-18
5.327076E+03	1.429235E-17	2.061751E-18
5.327274E+03	1.430597E-17	2.063655E-18
5.327472E+03	1.431593E-17	2.065029E-18
5.327670E+03	1.430873E-17	2.063930E-18
5.327868E+03	1.430032E-17	2.062655E-18
5.328066E+03	1.429925E-17	2.062439E-18
5.328264E+03	1.428961E-17	2.060988E-18
5.328462E+03	1.427997E-17	2.059536E-18
5.328660E+03	1.427155E-17	2.058261E-18
5.328858E+03	1.425945E-17	2.056455E-18
5.329056E+03	1.425471E-17	2.055711E-18
5.329254E+03	1.425609E-17	2.055848E-18
5.329452E+03	1.425257E-17	2.055280E-18
5.329650E+03	1.425885E-17	2.056124E-18
5.329848E+03	1.427493E-17	2.058381E-18
5.330046E+03	1.429713E-17	2.061521E-18
5.330244E+03	1.431933E-17	2.064661E-18
5.330443E+03	1.432439E-17	2.065329E-18
5.330641E+03	1.430862E-17	2.062993E-18
5.330840E+03	1.428673E-17	2.059776E-18
5.331038E+03	1.427218E-17	2.057618E-18
5.331236E+03	1.426254E-17	2.056166E-18
5.331434E+03	1.425901E-17	2.055597E-18
5.331632E+03	1.425428E-17	2.054853E-18
5.331830E+03	1.424095E-17	2.052871E-18
5.332028E+03	1.422151E-17	2.050007E-18
5.332226E+03	1.420696E-17	2.047850E-18
5.332424E+03	1.419977E-17	2.046752E-18
5.332622E+03	1.420605E-17	2.047596E-18
5.332819E+03	1.421478E-17	2.048793E-18
5.333017E+03	1.422105E-17	2.049636E-18
5.333215E+03	1.422243E-17	2.049774E-18
5.333414E+03	1.422993E-17	2.050794E-18
5.333612E+03	1.425337E-17	2.054110E-18
5.333809E+03	1.428047E-17	2.057955E-18
5.334007E+03	1.430145E-17	2.060917E-18
5.334205E+03	1.431140E-17	2.062290E-18
5.334403E+03	1.431646E-17	2.062957E-18
5.334602E+03	1.431661E-17	2.062918E-18
5.334800E+03	1.431677E-17	2.062879E-18
5.334998E+03	1.432673E-17	2.064252E-18
5.335196E+03	1.435138E-17	2.067743E-18
5.335395E+03	1.435889E-17	2.068762E-18
5.335593E+03	1.435292E-17	2.067840E-18
5.335791E+03	1.435184E-17	2.067624E-18
5.335989E+03	1.436180E-17	2.068997E-18
5.336187E+03	1.436808E-17	2.069840E-18
5.336385E+03	1.435353E-17	2.067683E-18
5.336583E+03	1.433164E-17	2.064467E-18
5.336781E+03	1.430851E-17	2.061073E-18
5.336979E+03	1.430621E-17	2.060681E-18
5.337177E+03	1.432230E-17	2.062936E-18
5.337375E+03	1.433348E-17	2.064486E-18
5.337573E+03	1.432873E-17	2.063740E-18
5.337771E+03	1.431663E-17	2.061936E-18
5.337969E+03	1.430820E-17	2.060661E-18
5.338167E+03	1.430468E-17	2.060092E-18
5.338365E+03	1.430606E-17	2.060229E-18
5.338564E+03	1.430254E-17	2.059661E-18
5.338762E+03	1.429780E-17	2.058916E-18
5.338960E+03	1.429917E-17	2.059053E-18
5.339158E+03	1.429565E-17	2.058484E-18
5.339356E+03	1.429090E-17	2.057738E-18
5.339554E+03	1.430331E-17	2.059464E-18
5.339752E+03	1.431817E-17	2.061541E-18
5.339950E+03	1.433793E-17	2.064325E-18
5.340148E+03	1.436749E-17	2.068519E-18
5.340347E+03	1.439093E-17	2.071831E-18
5.340545E+03	1.438986E-17	2.071615E-18
5.340743E+03	1.438144E-17	2.070341E-18
5.340941E+03	1.438037E-17	2.070125E-18
5.341139E+03	1.439154E-17	2.071672E-18
5.341337E+03	1.440886E-17	2.074103E-18
5.341535E+03	1.442495E-17	2.076357E-18
5.341733E+03	1.445084E-17	2.080021E-18
5.341931E+03	1.445835E-17	2.081039E-18
5.342129E+03	1.444379E-17	2.078882E-18
5.342327E+03	1.443536E-17	2.077607E-18
5.342526E+03	1.443552E-17	2.077567E-18
5.342724E+03	1.443200E-17	2.076998E-18
5.342922E+03	1.442725E-17	2.076253E-18
5.343120E+03	1.443230E-17	2.076918E-18
5.343318E+03	1.444717E-17	2.078995E-18
5.343516E+03	1.445100E-17	2.079484E-18
5.343714E+03	1.443644E-17	2.077327E-18
5.343912E+03	1.443660E-17	2.077287E-18
5.344110E+03	1.444656E-17	2.078658E-18
5.344308E+03	1.443445E-17	2.076854E-18
5.344506E+03	1.443338E-17	2.076637E-18
5.344704E+03	1.445438E-17	2.079596E-18
5.344901E+03	1.447291E-17	2.082200E-18
5.345099E+03	1.448287E-17	2.083571E-18
5.345298E+03	1.448058E-17	2.083178E-18
5.345496E+03	1.447705E-17	2.082608E-18
5.345695E+03	1.447475E-17	2.082215E-18
5.345893E+03	1.448104E-17	2.083057E-18
5.346090E+03	1.449958E-17	2.085662E-18
5.346289E+03	1.450587E-17	2.086503E-18
5.346487E+03	1.449499E-17	2.084876E-18
5.346685E+03	1.449882E-17	2.085364E-18
5.346883E+03	1.451858E-17	2.088144E-18
5.347081E+03	1.452487E-17	2.088986E-18
5.347279E+03	1.451032E-17	2.086830E-18
5.347477E+03	1.450311E-17	2.085732E-18
5.347675E+03	1.451429E-17	2.087277E-18
5.347873E+03	1.452426E-17	2.088647E-18
5.348071E+03	1.452564E-17	2.088783E-18
5.348269E+03	1.452579E-17	2.088742E-18
5.348467E+03	1.453330E-17	2.089760E-18
5.348665E+03	1.453714E-17	2.090248E-18
5.348863E+03	1.454465E-17	2.091265E-18
5.349061E+03	1.455706E-17	2.092987E-18
5.349259E+03	1.456579E-17	2.094180E-18
5.349457E+03	1.457453E-17	2.095373E-18
5.349655E+03	1.457223E-17	2.094980E-18
5.349853E+03	1.457361E-17	2.095115E-18
5.350051E+03	1.457254E-17	2.094898E-18
5.350251E+03	1.455553E-17	2.092389E-18
5.350449E+03	1.453361E-17	2.089176E-18
5.350647E+03	1.453622E-17	2.089488E-18
5.350845E+03	1.454496E-17	2.090681E-18
5.351043E+03	1.455370E-17	2.091874E-18
5.351241E+03	1.456856E-17	2.093948E-18
5.351439E+03	1.456994E-17	2.094083E-18
5.351637E+03	1.456641E-17	2.093513E-18
5.351835E+03	1.456289E-17	2.092944E-18
5.352033E+03	1.457040E-17	2.093960E-18
5.352231E+03	1.458159E-17	2.095506E-18
5.352429E+03	1.458665E-17	2.096170E-18
5.352627E+03	1.459171E-17	2.096834E-18
5.352825E+03	1.459799E-17	2.097673E-18
5.353023E+03	1.459692E-17	2.097455E-18
5.353221E+03	1.458972E-17	2.096358E-18
5.353419E+03	1.458865E-17	2.096141E-18
5.353617E+03	1.459125E-17	2.096452E-18
5.353815E+03	1.460121E-17	2.097820E-18
5.354014E+03	1.461854E-17	2.100246E-18
5.354212E+03	1.462237E-17	2.100733E-18
5.354410E+03	1.461394E-17	2.099458E-18
5.354608E+03	1.461164E-17	2.099065E-18
5.354806E+03	1.461547E-17	2.099552E-18
5.355004E+03	1.461440E-17	2.099335E-18
5.355203E+03	1.460474E-17	2.097883E-18
5.355401E+03	1.459509E-17	2.096434E-18
5.355599E+03	1.459524E-17	2.096392E-18
5.355797E+03	1.459662E-17	2.096527E-18
5.355995E+03	1.459922E-17	2.096837E-18
5.356193E+03	1.460550E-17	2.097677E-18
5.356391E+03	1.460811E-17	2.097988E-18
5.356589E+03	1.460949E-17	2.098123E-18
5.356787E+03	1.461210E-17	2.098434E-18
5.356985E+03	1.461102E-17	2.098216E-18
5.357183E+03	1.462222E-17	2.099761E-18
5.357380E+03	1.463096E-17	2.100953E-18
5.357578E+03	1.463479E-17	2.101440E-18
5.357777E+03	1.464107E-17	2.102278E-18
5.357976E+03	1.463878E-17	2.101885E-18
5.358173E+03	1.463402E-17	2.101139E-18
5.358371E+03	1.464276E-17	2.102329E-18
5.358569E+03	1.466499E-17	2.105459E-18
5.358767E+03	1.466883E-17	2.105945E-18
5.358965E+03	1.467634E-17	2.106961E-18
5.359163E+03	1.470103E-17	2.110441E-18
5.359361E+03	1.471836E-17	2.112865E-18
5.359559E+03	1.472955E-17	2.114407E-18
5.359757E+03	1.472847E-17	2.114189E-18
5.359955E+03	1.473476E-17	2.115028E-18
5.360154E+03	1.475087E-17	2.117275E-18
5.360352E+03	1.475961E-17	2.118466E-18
5.360550E+03	1.476466E-17	2.119127E-18
5.360748E+03	1.476604E-17	2.119261E-18
5.360946E+03	1.477356E-17	2.120276E-18
5.361144E+03	1.479826E-17	2.123756E-18
5.361342E+03	1.483153E-17	2.128467E-18
5.361540E+03	1.486113E-17	2.132650E-18
5.361738E+03	1.487601E-17	2.134721E-18
5.361937E+03	1.487739E-17	2.134855E-18
5.362135E+03	1.486896E-17	2.133580E-18
5.362333E+03	1.487157E-17	2.133889E-18
5.362531E+03	1.488399E-17	2.135608E-18
5.362729E+03	1.489027E-17	2.136445E-18
5.362927E+03	1.488430E-17	2.135523E-18
5.363125E+03	1.488445E-17	2.135480E-18
5.363323E+03	1.490792E-17	2.138782E-18
5.363521E+03	1.492157E-17	2.140676E-18
5.363719E+03	1.492173E-17	2.140633E-18
5.363917E+03	1.491697E-17	2.139886E-18
5.364115E+03	1.490976E-17	2.138787E-18
5.364313E+03	1.489887E-17	2.137160E-18
5.364511E+03	1.488921E-17	2.135709E-18
5.364709E+03	1.487710E-17	2.133907E-18
5.364907E+03	1.486007E-17	2.131400E-18
5.365106E+03	1.484918E-17	2.129773E-18
5.365304E+03	1.484197E-17	2.128676E-18
5.365502E+03	1.483476E-17	2.127577E-18
5.365701E+03	1.483860E-17	2.128062E-18
5.365899E+03	1.485470E-17	2.130307E-18
5.366097E+03	1.486590E-17	2.131848E-18
5.366295E+03	1.485501E-17	2.130222E-18
5.366493E+03	1.483553E-17	2.127364E-18
5.366691E+03	1.483814E-17	2.127673E-18
5.366889E+03	1.485792E-17	2.130446E-18
5.367087E+03	1.486053E-17	2.130755E-18
5.367285E+03	1.484842E-17	2.128953E-18
5.367483E+03	1.484489E-17	2.128383E-18
5.367681E+03	1.484258E-17	2.127988E-18
5.367879E+03	1.484151E-17	2.127769E-18
5.368077E+03	1.484657E-17	2.128431E-18
5.368275E+03	1.485899E-17	2.130147E-18
5.368473E+03	1.486160E-17	2.130456E-18
5.368671E+03	1.485193E-17	2.129005E-18
5.368869E+03	1.483982E-17	2.127204E-18
5.369067E+03	1.483138E-17	2.125929E-18
5.369265E+03	1.482908E-17	2.125535E-18
5.369462E+03	1.481818E-17	2.123909E-18
5.369661E+03	1.480483E-17	2.121931E-18
5.369860E+03	1.479762E-17	2.120833E-18
5.370059E+03	1.478427E-17	2.118855E-18
5.370257E+03	1.478074E-17	2.118284E-18
5.370454E+03	1.480422E-17	2.121584E-18
5.370652E+03	1.482400E-17	2.124355E-18
5.370850E+03	1.482538E-17	2.124489E-18
5.371048E+03	1.481571E-17	2.123038E-18
5.371246E+03	1.480973E-17	2.122117E-18
5.371444E+03	1.481233E-17	2.122425E-18
5.371642E+03	1.483704E-17	2.125900E-18
5.371840E+03	1.486174E-17	2.129375E-18
5.372038E+03	1.486558E-17	2.129859E-18
5.372236E+03	1.485100E-17	2.127707E-18
5.372434E+03	1.483642E-17	2.125553E-18
5.372632E+03	1.483903E-17	2.125862E-18
5.372830E+03	1.486127E-17	2.128984E-18
5.373028E+03	1.488967E-17	2.132986E-18
5.373226E+03	1.489595E-17	2.133821E-18
5.373425E+03	1.489243E-17	2.133251E-18
5.373623E+03	1.489625E-17	2.133735E-18
5.373821E+03	1.489150E-17	2.132989E-18
5.374019E+03	1.487446E-17	2.130484E-18
5.374217E+03	1.486479E-17	2.129033E-18
5.374415E+03	1.487354E-17	2.130221E-18
5.374613E+03	1.488965E-17	2.132464E-18
5.374811E+03	1.489717E-17	2.133475E-18
5.375010E+03	1.490223E-17	2.134135E-18
5.375208E+03	1.490238E-17	2.134092E-18
5.375406E+03	1.490990E-17	2.135104E-18
5.375604E+03	1.492725E-17	2.137522E-18
5.375802E+03	1.492617E-17	2.137303E-18
5.376000E+03	1.491773E-17	2.136028E-18
5.376198E+03	1.491788E-17	2.135985E-18
5.376396E+03	1.491435E-17	2.135414E-18
5.376594E+03	1.491941E-17	2.136074E-18
5.376792E+03	1.492447E-17	2.136734E-18
5.376990E+03	1.492708E-17	2.137042E-18
5.377188E+03	1.492846E-17	2.137174E-18
5.377387E+03	1.491879E-17	2.135724E-18
5.377585E+03	1.491280E-17	2.134802E-18
5.377783E+03	1.491909E-17	2.135637E-18
5.377981E+03	1.491065E-17	2.134363E-18
5.378179E+03	1.488870E-17	2.131156E-18
5.378377E+03	1.488885E-17	2.131113E-18
5.378575E+03	1.491356E-17	2.134584E-18
5.378773E+03	1.494686E-17	2.139285E-18
5.378971E+03	1.497649E-17	2.143460E-18
5.379169E+03	1.499751E-17	2.146404E-18
5.379367E+03	1.500995E-17	2.148118E-18
5.379565E+03	1.501501E-17	2.148777E-18
5.379764E+03	1.501517E-17	2.148733E-18
5.379962E+03	1.501040E-17	2.147986E-18
5.380160E+03	1.500196E-17	2.146711E-18
5.380358E+03	1.500334E-17	2.146843E-18
5.380556E+03	1.499858E-17	2.146096E-18
5.380754E+03	1.498276E-17	2.143768E-18
5.380952E+03	1.498046E-17	2.143373E-18
5.381150E+03	1.498552E-17	2.144031E-18
5.381349E+03	1.498077E-17	2.143285E-18
5.381547E+03	1.496372E-17	2.140781E-18
5.381744E+03	1.495650E-17	2.139683E-18
5.381942E+03	1.498122E-17	2.143154E-18
5.382140E+03	1.500470E-17	2.146447E-18
5.382339E+03	1.499380E-17	2.144822E-18
5.382536E+03	1.498289E-17	2.143196E-18
5.382734E+03	1.499533E-17	2.144909E-18
5.382932E+03	1.500162E-17	2.145744E-18
5.383130E+03	1.497475E-17	2.141835E-18
5.383328E+03	1.494788E-17	2.137926E-18
5.383526E+03	1.493821E-17	2.136477E-18
5.383724E+03	1.492362E-17	2.134325E-18
5.383922E+03	1.491762E-17	2.133402E-18
5.384120E+03	1.492392E-17	2.134237E-18
5.384318E+03	1.491670E-17	2.133139E-18
5.384516E+03	1.490088E-17	2.130812E-18
5.384715E+03	1.489980E-17	2.130592E-18
5.384913E+03	1.489135E-17	2.129319E-18
5.385112E+03	1.487922E-17	2.127518E-18
5.385310E+03	1.489902E-17	2.130285E-18
5.385508E+03	1.492865E-17	2.134456E-18
5.385706E+03	1.493249E-17	2.134939E-18
5.385904E+03	1.492035E-17	2.133138E-18
5.386102E+03	1.491436E-17	2.132216E-18
5.386300E+03	1.492188E-17	2.133225E-18
5.386498E+03	1.491589E-17	2.132303E-18
5.386696E+03	1.489638E-17	2.129450E-18
5.386894E+03	1.488670E-17	2.128001E-18
5.387092E+03	1.489300E-17	2.128835E-18
5.387290E+03	1.489806E-17	2.129493E-18
5.387488E+03	1.489821E-17	2.129449E-18
5.387686E+03	1.489713E-17	2.129229E-18
5.387884E+03	1.490219E-17	2.129888E-18
5.388082E+03	1.490725E-17	2.130545E-18
5.388280E+03	1.490372E-17	2.129975E-18
5.388478E+03	1.488790E-17	2.127648E-18
5.388676E+03	1.486961E-17	2.124970E-18
5.388874E+03	1.484396E-17	2.121239E-18
5.389073E+03	1.481463E-17	2.116982E-18
5.389271E+03	1.480986E-17	2.116235E-18
5.389469E+03	1.482597E-17	2.118473E-18
5.389668E+03	1.484087E-17	2.120536E-18
5.389866E+03	1.485454E-17	2.122423E-18
5.390064E+03	1.488417E-17	2.126592E-18
5.390262E+03	1.491626E-17	2.131112E-18
5.390460E+03	1.492256E-17	2.131945E-18
5.390658E+03	1.491902E-17	2.131374E-18
5.390856E+03	1.492285E-17	2.131856E-18
5.391054E+03	1.491809E-17	2.131110E-18
5.391252E+03	1.489735E-17	2.128082E-18
5.391450E+03	1.488275E-17	2.125931E-18
5.391648E+03	1.487798E-17	2.125184E-18
5.391846E+03	1.486462E-17	2.123210E-18
5.392044E+03	1.486231E-17	2.122815E-18
5.392242E+03	1.487351E-17	2.124349E-18
5.392440E+03	1.487734E-17	2.124831E-18
5.392638E+03	1.487380E-17	2.124260E-18
5.392836E+03	1.486536E-17	2.122988E-18
5.393035E+03	1.485444E-17	2.121364E-18
5.393233E+03	1.485705E-17	2.121671E-18
5.393431E+03	1.487317E-17	2.123907E-18
5.393629E+03	1.488438E-17	2.125443E-18
5.393826E+03	1.488698E-17	2.125749E-18
5.394024E+03	1.488590E-17	2.125529E-18
5.394222E+03	1.488482E-17	2.125309E-18
5.394421E+03	1.488374E-17	2.125089E-18
5.394620E+03	1.487897E-17	2.124343E-18
5.394817E+03	1.486929E-17	2.122895E-18
5.395015E+03	1.486698E-17	2.122500E-18
5.395213E+03	1.488064E-17	2.124385E-18
5.395411E+03	1.488447E-17	2.124867E-18
5.395609E+03	1.487233E-17	2.123067E-18
5.395807E+03	1.485527E-17	2.120567E-18
5.396005E+03	1.484804E-17	2.119470E-18
5.396203E+03	1.485557E-17	2.120478E-18
5.396401E+03	1.486678E-17	2.122013E-18
5.396599E+03	1.487183E-17	2.122669E-18
5.396798E+03	1.486707E-17	2.121923E-18
5.396996E+03	1.486353E-17	2.121353E-18
5.397194E+03	1.488088E-17	2.123763E-18
5.397392E+03	1.490192E-17	2.126701E-18
5.397590E+03	1.491068E-17	2.127884E-18
5.397788E+03	1.490591E-17	2.127138E-18
5.397986E+03	1.489622E-17	2.125690E-18
5.398184E+03	1.488653E-17	2.124241E-18
5.398382E+03	1.487438E-17	2.122442E-18
5.398580E+03	1.486101E-17	2.120469E-18
5.398778E+03	1.485132E-17	2.119021E-18
5.398976E+03	1.484163E-17	2.117573E-18
5.399174E+03	1.483686E-17	2.116827E-18
5.399372E+03	1.482841E-17	2.115555E-18
5.399571E+03	1.481872E-17	2.114107E-18
5.399769E+03	1.482255E-17	2.114589E-18
5.399967E+03	1.482270E-17	2.114544E-18
5.400165E+03	1.481670E-17	2.113622E-18
5.400363E+03	1.482914E-17	2.115331E-18
5.400561E+03	1.484895E-17	2.118092E-18
5.400760E+03	1.484172E-17	2.116995E-18
5.400958E+03	1.481851E-17	2.113619E-18
5.401156E+03	1.481005E-17	2.112346E-18
5.401354E+03	1.481880E-17	2.113529E-18
5.401552E+03	1.480788E-17	2.111906E-18
5.401750E+03	1.479082E-17	2.109408E-18
5.401948E+03	1.479710E-17	2.110239E-18
5.402146E+03	1.482061E-17	2.113526E-18
5.402344E+03	1.486501E-17	2.119792E-18
5.402542E+03	1.490081E-17	2.124831E-18
5.402740E+03	1.490711E-17	2.125663E-18
5.402938E+03	1.491094E-17	2.126144E-18
5.403136E+03	1.491846E-17	2.127150E-18
5.403334E+03	1.491983E-17	2.127280E-18
5.403532E+03	1.491998E-17	2.127235E-18
5.403730E+03	1.492381E-17	2.127716E-18
5.403928E+03	1.492765E-17	2.128196E-18
5.404126E+03	1.492165E-17	2.127274E-18
5.404324E+03	1.490581E-17	2.124951E-18
5.404523E+03	1.489858E-17	2.123854E-18
5.404722E+03	1.489995E-17	2.123984E-18
5.404920E+03	1.490625E-17	2.124815E-18
5.405118E+03	1.490639E-17	2.124770E-18
5.405316E+03	1.489178E-17	2.122621E-18
5.405514E+03	1.488824E-17	2.122050E-18
5.405712E+03	1.489330E-17	2.122706E-18
5.405910E+03	1.488976E-17	2.122135E-18
5.406107E+03	1.488498E-17	2.121389E-18
5.406305E+03	1.487898E-17	2.120467E-18
5.406503E+03	1.486068E-17	2.117794E-18
5.406702E+03	1.485591E-17	2.117047E-18
5.406899E+03	1.486343E-17	2.118054E-18
5.407097E+03	1.486111E-17	2.117658E-18
5.407295E+03	1.485388E-17	2.116561E-18
5.407493E+03	1.486140E-17	2.117567E-18
5.407691E+03	1.487016E-17	2.118749E-18
5.407889E+03	1.486046E-17	2.117302E-18
5.408087E+03	1.485814E-17	2.116906E-18
5.408285E+03	1.485460E-17	2.116335E-18
5.408484E+03	1.484859E-17	2.115413E-18
5.408682E+03	1.484997E-17	2.115543E-18
5.408880E+03	1.484519E-17	2.114797E-18
5.409078E+03	1.484164E-17	2.114226E-18
5.409276E+03	1.485040E-17	2.115407E-18
5.409475E+03	1.485423E-17	2.115887E-18
5.409673E+03	1.485930E-17	2.116543E-18
5.409871E+03	1.487297E-17	2.118425E-18
5.410069E+03	1.488418E-17	2.119955E-18
5.410267E+03	1.489170E-17	2.120961E-18
5.410465E+03	1.490415E-17	2.122667E-18
5.410663E+03	1.489814E-17	2.121745E-18
5.410861E+03	1.488352E-17	2.119598E-18
5.411059E+03	1.486891E-17	2.117451E-18
5.411257E+03	1.485922E-17	2.116004E-18
5.411455E+03	1.486920E-17	2.117360E-18
5.411653E+03	1.489394E-17	2.120817E-18
5.411851E+03	1.489778E-17	2.121296E-18
5.412049E+03	1.488439E-17	2.119324E-18
5.412247E+03	1.487716E-17	2.118228E-18
5.412446E+03	1.487607E-17	2.118008E-18
5.412644E+03	1.487498E-17	2.117787E-18
5.412842E+03	1.486651E-17	2.116515E-18
5.413040E+03	1.484328E-17	2.113141E-18
5.413238E+03	1.481513E-17	2.109069E-18
5.413436E+03	1.481035E-17	2.108322E-18
5.413634E+03	1.482403E-17	2.110204E-18
5.413832E+03	1.482786E-17	2.110683E-18
5.414030E+03	1.481570E-17	2.108886E-18
5.414228E+03	1.479986E-17	2.106565E-18
5.414427E+03	1.480000E-17	2.106520E-18
5.414625E+03	1.481367E-17	2.108399E-18
5.414823E+03	1.483227E-17	2.110980E-18
5.415021E+03	1.484840E-17	2.113210E-18
5.415219E+03	1.483624E-17	2.111414E-18
5.415417E+03	1.481670E-17	2.108567E-18
5.415615E+03	1.481192E-17	2.107821E-18
5.415813E+03	1.480960E-17	2.107425E-18
5.416011E+03	1.479129E-17	2.104754E-18
5.416209E+03	1.476191E-17	2.100507E-18
5.416408E+03	1.473990E-17	2.097310E-18
5.416606E+03	1.472651E-17	2.095339E-18
5.416804E+03	1.471558E-17	2.093719E-18
5.417002E+03	1.471449E-17	2.093498E-18
5.417200E+03	1.471217E-17	2.093103E-18
5.417398E+03	1.470862E-17	2.092532E-18
5.417596E+03	1.470138E-17	2.091436E-18
5.417794E+03	1.468921E-17	2.089640E-18
5.417992E+03	1.468444E-17	2.088895E-18
5.418190E+03	1.468089E-17	2.088325E-18
5.418387E+03	1.467241E-17	2.087054E-18
5.418585E+03	1.467501E-17	2.087359E-18
5.418784E+03	1.468622E-17	2.088888E-18
5.418982E+03	1.468391E-17	2.088493E-18
5.419179E+03	1.467420E-17	2.087048E-18
5.419378E+03	1.467434E-17	2.087002E-18
5.419576E+03	1.468187E-17	2.088007E-18
5.419774E+03	1.468570E-17	2.088486E-18
5.419972E+03	1.468829E-17	2.088790E-18
5.420171E+03	1.470320E-17	2.090844E-18
5.420369E+03	1.472672E-17	2.094124E-18
5.420567E+03	1.474040E-17	2.096002E-18
5.420765E+03	1.475038E-17	2.097356E-18
5.420963E+03	1.475668E-17	2.098185E-18
5.421161E+03	1.476297E-17	2.099015E-18
5.421359E+03	1.476557E-17	2.099319E-18
5.421557E+03	1.476325E-17	2.098923E-18
5.421755E+03	1.477077E-17	2.099926E-18
5.421953E+03	1.478445E-17	2.101805E-18
5.422151E+03	1.478951E-17	2.102458E-18
5.422349E+03	1.478596E-17	2.101888E-18
5.422547E+03	1.478979E-17	2.102366E-18
5.422745E+03	1.479732E-17	2.103370E-18
5.422943E+03	1.478638E-17	2.101749E-18
5.423141E+03	1.475575E-17	2.097331E-18
5.423339E+03	1.473374E-17	2.094135E-18
5.423537E+03	1.472527E-17	2.092866E-18
5.423735E+03	1.472787E-17	2.093170E-18
5.423933E+03	1.473292E-17	2.093823E-18
5.424132E+03	1.474168E-17	2.095001E-18
5.424331E+03	1.474551E-17	2.095480E-18
5.424529E+03	1.474811E-17	2.095784E-18
5.424727E+03	1.475810E-17	2.097137E-18
5.424925E+03	1.476193E-17	2.097616E-18
5.425123E+03	1.475223E-17	2.096170E-18
5.425321E+03	1.474744E-17	2.095424E-18
5.425519E+03	1.474758E-17	2.095378E-18
5.425717E+03	1.474033E-17	2.094283E-18
5.425915E+03	1.473432E-17	2.093362E-18
5.426113E+03	1.474307E-17	2.094540E-18
5.426311E+03	1.476906E-17	2.098167E-18
5.426509E+03	1.479997E-17	2.102492E-18
5.426707E+03	1.482719E-17	2.106292E-18
5.426905E+03	1.484333E-17	2.108519E-18
5.427103E+03	1.484470E-17	2.108648E-18
5.427301E+03	1.483992E-17	2.107902E-18
5.427499E+03	1.484498E-17	2.108554E-18
5.427697E+03	1.484635E-17	2.108683E-18
5.427896E+03	1.483665E-17	2.107237E-18
5.428094E+03	1.483925E-17	2.107541E-18
5.428292E+03	1.485415E-17	2.109591E-18
5.428490E+03	1.485184E-17	2.109196E-18
5.428688E+03	1.483105E-17	2.106177E-18
5.428886E+03	1.482010E-17	2.104557E-18
5.429084E+03	1.482886E-17	2.105734E-18
5.429283E+03	1.484624E-17	2.108135E-18
5.429481E+03	1.486115E-17	2.110185E-18
5.429679E+03	1.487114E-17	2.111537E-18
5.429877E+03	1.488236E-17	2.113064E-18
5.430075E+03	1.488619E-17	2.113541E-18
5.430273E+03	1.488510E-17	2.113320E-18
5.430471E+03	1.487908E-17	2.112399E-18
5.430668E+03	1.486937E-17	2.110954E-18
5.430866E+03	1.485228E-17	2.108461E-18
5.431065E+03	1.483641E-17	2.106141E-18
5.431262E+03	1.482054E-17	2.103822E-18
5.431460E+03	1.479729E-17	2.100455E-18
5.431658E+03	1.478881E-17	2.099185E-18
5.431857E+03	1.478156E-17	2.098090E-18
5.432055E+03	1.476446E-17	2.095597E-18
5.432253E+03	1.476214E-17	2.095201E-18
5.432451E+03	1.476351E-17	2.095329E-18
5.432649E+03	1.474763E-17	2.093011E-18
5.432847E+03	1.473547E-17	2.091218E-18
5.433045E+03	1.475037E-17	2.093267E-18
5.433243E+03	1.478006E-17	2.097414E-18
5.433441E+03	1.479497E-17	2.099464E-18
5.433639E+03	1.480373E-17	2.100641E-18
5.433837E+03	1.481742E-17	2.102516E-18
5.434035E+03	1.482247E-17	2.103167E-18
5.434234E+03	1.482261E-17	2.103120E-18
5.434432E+03	1.483999E-17	2.105519E-18
5.434630E+03	1.485245E-17	2.107219E-18
5.434828E+03	1.485628E-17	2.107697E-18
5.435026E+03	1.486503E-17	2.108872E-18
5.435224E+03	1.487379E-17	2.110047E-18
5.435422E+03	1.488009E-17	2.110874E-18
5.435620E+03	1.488638E-17	2.111700E-18
5.435819E+03	1.488898E-17	2.112002E-18
5.436017E+03	1.488173E-17	2.110907E-18
5.436215E+03	1.485478E-17	2.107017E-18
5.436413E+03	1.484137E-17	2.105049E-18
5.436611E+03	1.485506E-17	2.106923E-18
5.436809E+03	1.485519E-17	2.106876E-18
5.437007E+03	1.483316E-17	2.103684E-18
5.437205E+03	1.481606E-17	2.101193E-18
5.437403E+03	1.481004E-17	2.100272E-18
5.437601E+03	1.480279E-17	2.099177E-18
5.437799E+03	1.480785E-17	2.099829E-18
5.437997E+03	1.482646E-17	2.102401E-18
5.438195E+03	1.484507E-17	2.104973E-18
5.438393E+03	1.485137E-17	2.105799E-18
5.438591E+03	1.483672E-17	2.103656E-18
5.438789E+03	1.482331E-17	2.101688E-18
5.438987E+03	1.482099E-17	2.101292E-18
5.439186E+03	1.483097E-17	2.102641E-18
5.439384E+03	1.484220E-17	2.104165E-18
5.439583E+03	1.484480E-17	2.104467E-18
5.439781E+03	1.484617E-17	2.104595E-18
5.439979E+03	1.485369E-17	2.105595E-18
5.440177E+03	1.486614E-17	2.107293E-18
5.440375E+03	1.487613E-17	2.108642E-18
5.440573E+03	1.487627E-17	2.108595E-18
5.440771E+03	1.488010E-17	2.109071E-18
5.440969E+03	1.489502E-17	2.111119E-18
5.441167E+03	1.489270E-17	2.110722E-18
5.441365E+03	1.487928E-17	2.108754E-18
5.441563E+03	1.490036E-17	2.111674E-18
5.441761E+03	1.493745E-17	2.116863E-18
5.441959E+03	1.497700E-17	2.122401E-18
5.442157E+03	1.495743E-17	2.119560E-18
5.442355E+03	1.494279E-17	2.117418E-18
5.442553E+03	1.495524E-17	2.119115E-18
5.442750E+03	1.497509E-17	2.121861E-18
5.442948E+03	1.498508E-17	2.123209E-18
5.443147E+03	1.497044E-17	2.121066E-18
5.443345E+03	1.495456E-17	2.118749E-18
5.443543E+03	1.494853E-17	2.117828E-18
5.443741E+03	1.493636E-17	2.116036E-18
5.443940E+03	1.492664E-17	2.114591E-18
5.444138E+03	1.493293E-17	2.115416E-18
5.444336E+03	1.493184E-17	2.115194E-18
5.444534E+03	1.492458E-17	2.114099E-18
5.444732E+03	1.493704E-17	2.115796E-18
5.444930E+03	1.495072E-17	2.117667E-18
5.445128E+03	1.495456E-17	2.118142E-18
5.445326E+03	1.496085E-17	2.118967E-18
5.445524E+03	1.497454E-17	2.120838E-18
5.445722E+03	1.498577E-17	2.122361E-18
5.445920E+03	1.498344E-17	2.121963E-18
5.446118E+03	1.497619E-17	2.120868E-18
5.446316E+03	1.498002E-17	2.121344E-18
5.446514E+03	1.499001E-17	2.122690E-18
5.446712E+03	1.498029E-17	2.121247E-18
5.446910E+03	1.497180E-17	2.119977E-18
5.447108E+03	1.496578E-17	2.119057E-18
5.447307E+03	1.495236E-17	2.117089E-18
5.447505E+03	1.495373E-17	2.117215E-18
5.447703E+03	1.496372E-17	2.118563E-18
5.447901E+03	1.496263E-17	2.118340E-18
5.448099E+03	1.495660E-17	2.117420E-18
5.448297E+03	1.496536E-17	2.118593E-18
5.448495E+03	1.497536E-17	2.119940E-18
5.448693E+03	1.498166E-17	2.120764E-18
5.448892E+03	1.499534E-17	2.122633E-18
5.449090E+03	1.500041E-17	2.123282E-18
5.449288E+03	1.498946E-17	2.121665E-18
5.449486E+03	1.499082E-17	2.121790E-18
5.449684E+03	1.500821E-17	2.124183E-18
5.449882E+03	1.502313E-17	2.126228E-18
5.450080E+03	1.504052E-17	2.128620E-18
5.450278E+03	1.505298E-17	2.130316E-18
5.450476E+03	1.505435E-17	2.130441E-18
5.450674E+03	1.506434E-17	2.131788E-18
5.450872E+03	1.508296E-17	2.134354E-18
5.451070E+03	1.509296E-17	2.135701E-18
5.451269E+03	1.509063E-17	2.135303E-18
5.451467E+03	1.508460E-17	2.134382E-18
5.451665E+03	1.508227E-17	2.133984E-18
5.451863E+03	1.508241E-17	2.133935E-18
5.452061E+03	1.508624E-17	2.134409E-18
5.452259E+03	1.508268E-17	2.133837E-18
5.452457E+03	1.507419E-17	2.132568E-18
5.452655E+03	1.508788E-17	2.134437E-18
5.452853E+03	1.511021E-17	2.137527E-18
5.453051E+03	1.508939E-17	2.134513E-18
5.453249E+03	1.505378E-17	2.129409E-18
5.453447E+03	1.505885E-17	2.130057E-18
5.453645E+03	1.507870E-17	2.132797E-18
5.453844E+03	1.508747E-17	2.133968E-18
5.454042E+03	1.510239E-17	2.136011E-18
5.454240E+03	1.512471E-17	2.139099E-18
5.454437E+03	1.513347E-17	2.140270E-18
5.454636E+03	1.512128E-17	2.138477E-18
5.454834E+03	1.511157E-17	2.137035E-18
5.455031E+03	1.511662E-17	2.137682E-18
5.455230E+03	1.512539E-17	2.138853E-18
5.455428E+03	1.513169E-17	2.139675E-18
5.455627E+03	1.513429E-17	2.139974E-18
5.455824E+03	1.513196E-17	2.139576E-18
5.456022E+03	1.512347E-17	2.138307E-18
5.456220E+03	1.511498E-17	2.137038E-18
5.456418E+03	1.509662E-17	2.134375E-18
5.456616E+03	1.507703E-17	2.131537E-18
5.456814E+03	1.507840E-17	2.131662E-18
5.457012E+03	1.509333E-17	2.133704E-18
5.457210E+03	1.510086E-17	2.134700E-18
5.457408E+03	1.511209E-17	2.136219E-18
5.457606E+03	1.511716E-17	2.136867E-18
5.457804E+03	1.510004E-17	2.134378E-18
5.458002E+03	1.508538E-17	2.132237E-18
5.458200E+03	1.508674E-17	2.132362E-18
5.458398E+03	1.508318E-17	2.131790E-18
5.458596E+03	1.507469E-17	2.130522E-18
5.458795E+03	1.507359E-17	2.130298E-18
5.458994E+03	1.507743E-17	2.130771E-18
5.459192E+03	1.507633E-17	2.130548E-18
5.459390E+03	1.507523E-17	2.130324E-18
5.459588E+03	1.507290E-17	2.129926E-18
5.459786E+03	1.506193E-17	2.128309E-18
5.459984E+03	1.504604E-17	2.125994E-18
5.460182E+03	1.504371E-17	2.125596E-18
5.460380E+03	1.505001E-17	2.126418E-18
5.460578E+03	1.504767E-17	2.126020E-18
5.460776E+03	1.503425E-17	2.124056E-18
5.460974E+03	1.500603E-17	2.120000E-18
5.461172E+03	1.499137E-17	2.117861E-18
5.461370E+03	1.500629E-17	2.119901E-18
5.461568E+03	1.502985E-17	2.123161E-18
5.461766E+03	1.503492E-17	2.123808E-18
5.461964E+03	1.502765E-17	2.122714E-18
5.462162E+03	1.504628E-17	2.125276E-18
5.462360E+03	1.505998E-17	2.127142E-18
5.462558E+03	1.505394E-17	2.126222E-18
5.462756E+03	1.505531E-17	2.126347E-18
5.462955E+03	1.505791E-17	2.126645E-18
5.463153E+03	1.504818E-17	2.125202E-18
5.463351E+03	1.503969E-17	2.123935E-18
5.463549E+03	1.503489E-17	2.123189E-18
5.463748E+03	1.503379E-17	2.122965E-18
5.463946E+03	1.502899E-17	2.122218E-18
5.464144E+03	1.502542E-17	2.121646E-18
5.464342E+03	1.502679E-17	2.121771E-18
5.464540E+03	1.502445E-17	2.121373E-18
5.464738E+03	1.499376E-17	2.116971E-18
5.464936E+03	1.495444E-17	2.111351E-18
5.465134E+03	1.492867E-17	2.107645E-18
5.465332E+03	1.490907E-17	2.104811E-18
5.465530E+03	1.489071E-17	2.102150E-18
5.465728E+03	1.486988E-17	2.099142E-18
5.465926E+03	1.483302E-17	2.093871E-18
5.466124E+03	1.479739E-17	2.088774E-18
5.466322E+03	1.480615E-17	2.089943E-18
5.466520E+03	1.483711E-17	2.094246E-18
5.466718E+03	1.484340E-17	2.095066E-18
5.466917E+03	1.482874E-17	2.092929E-18
5.467114E+03	1.479927E-17	2.088703E-18
5.467312E+03	1.476857E-17	2.084303E-18
5.467510E+03	1.476376E-17	2.083557E-18
5.467709E+03	1.476883E-17	2.084204E-18
5.467906E+03	1.477882E-17	2.085548E-18
5.468104E+03	1.478265E-17	2.086021E-18
5.468302E+03	1.476182E-17	2.083013E-18
5.468500E+03	1.474468E-17	2.080529E-18
5.468699E+03	1.473865E-17	2.079609E-18
5.468897E+03	1.473878E-17	2.079560E-18
5.469095E+03	1.475124E-17	2.081252E-18
5.469293E+03	1.476616E-17	2.083290E-18
5.469491E+03	1.478233E-17	2.085503E-18
5.469689E+03	1.479356E-17	2.087020E-18
5.469887E+03	1.479492E-17	2.087145E-18
5.470085E+03	1.478642E-17	2.085878E-18
5.470283E+03	1.477298E-17	2.083914E-18
5.470481E+03	1.477557E-17	2.084213E-18
5.470680E+03	1.476954E-17	2.083294E-18
5.470878E+03	1.475240E-17	2.080810E-18
5.471076E+03	1.476362E-17	2.082326E-18
5.471274E+03	1.479089E-17	2.086104E-18
5.471472E+03	1.479349E-17	2.086403E-18
5.471670E+03	1.477635E-17	2.083918E-18
5.471868E+03	1.477278E-17	2.083346E-18
5.472066E+03	1.480128E-17	2.087299E-18
5.472264E+03	1.483224E-17	2.091597E-18
5.472462E+03	1.484101E-17	2.092766E-18
5.472660E+03	1.483990E-17	2.092542E-18
5.472858E+03	1.485360E-17	2.094405E-18
5.473056E+03	1.486606E-17	2.096095E-18
5.473254E+03	1.486743E-17	2.096219E-18
5.473452E+03	1.486262E-17	2.095474E-18
5.473651E+03	1.487015E-17	2.096467E-18
5.473849E+03	1.487522E-17	2.097113E-18
5.474047E+03	1.487164E-17	2.096542E-18
5.474245E+03	1.486931E-17	2.096144E-18
5.474443E+03	1.486573E-17	2.095573E-18
5.474642E+03	1.486956E-17	2.096045E-18
5.474840E+03	1.488326E-17	2.097908E-18
5.475038E+03	1.488709E-17	2.098379E-18
5.475236E+03	1.487982E-17	2.097286E-18
5.475434E+03	1.487501E-17	2.096541E-18
5.475632E+03	1.487268E-17	2.096143E-18
5.475830E+03	1.486910E-17	2.095572E-18
5.476028E+03	1.488773E-17	2.098129E-18
5.476226E+03	1.492488E-17	2.103296E-18
5.476424E+03	1.493240E-17	2.104288E-18
5.476622E+03	1.492020E-17	2.102500E-18
5.476820E+03	1.490799E-17	2.100711E-18
5.477018E+03	1.490442E-17	2.100139E-18
5.477216E+03	1.490084E-17	2.099568E-18
5.477414E+03	1.488863E-17	2.097779E-18
5.477612E+03	1.489370E-17	2.098424E-18
5.477810E+03	1.491234E-17	2.100982E-18
5.478008E+03	1.492727E-17	2.103018E-18
5.478206E+03	1.492000E-17	2.101925E-18
5.478404E+03	1.489668E-17	2.098572E-18
5.478604E+03	1.488818E-17	2.097305E-18
5.478802E+03	1.489077E-17	2.097602E-18
5.479000E+03	1.488350E-17	2.096510E-18
5.479198E+03	1.486141E-17	2.093331E-18
5.479395E+03	1.484427E-17	2.090849E-18
5.479593E+03	1.484070E-17	2.090277E-18
5.479791E+03	1.483219E-17	2.089010E-18
5.479990E+03	1.483231E-17	2.088960E-18
5.480187E+03	1.484725E-17	2.090996E-18
5.480385E+03	1.484244E-17	2.090251E-18
5.480583E+03	1.482776E-17	2.088115E-18
5.480781E+03	1.482912E-17	2.088239E-18
5.480979E+03	1.484282E-17	2.090100E-18
5.481177E+03	1.485528E-17	2.091787E-18
5.481375E+03	1.485911E-17	2.092258E-18
5.481573E+03	1.485430E-17	2.091513E-18
5.481771E+03	1.483839E-17	2.089204E-18
5.481969E+03	1.482741E-17	2.087590E-18
5.482167E+03	1.482631E-17	2.087366E-18
5.482366E+03	1.481533E-17	2.085752E-18
5.482564E+03	1.480188E-17	2.083792E-18
5.482762E+03	1.480324E-17	2.083916E-18
5.482960E+03	1.480584E-17	2.084213E-18
5.483158E+03	1.479856E-17	2.083120E-18
5.483356E+03	1.478017E-17	2.080464E-18
5.483555E+03	1.476426E-17	2.078156E-18
5.483753E+03	1.476192E-17	2.077759E-18
5.483951E+03	1.475094E-17	2.076145E-18
5.484149E+03	1.472268E-17	2.072101E-18
5.484347E+03	1.470676E-17	2.069792E-18
5.484545E+03	1.468838E-17	2.067138E-18
5.484743E+03	1.467369E-17	2.065003E-18
5.484941E+03	1.466764E-17	2.064085E-18
5.485139E+03	1.466160E-17	2.063167E-18
5.485337E+03	1.465678E-17	2.062422E-18
5.485535E+03	1.463963E-17	2.059942E-18
5.485733E+03	1.464099E-17	2.060066E-18
5.485931E+03	1.467444E-17	2.064704E-18
5.486129E+03	1.468938E-17	2.066738E-18
5.486328E+03	1.468456E-17	2.065994E-18
5.486526E+03	1.468098E-17	2.065423E-18
5.486724E+03	1.468234E-17	2.065546E-18
5.486922E+03	1.470221E-17	2.068274E-18
5.487120E+03	1.471838E-17	2.070481E-18
5.487318E+03	1.471357E-17	2.069737E-18
5.487516E+03	1.471740E-17	2.070207E-18
5.487714E+03	1.472617E-17	2.071373E-18
5.487912E+03	1.472012E-17	2.070454E-18
5.488110E+03	1.471654E-17	2.069883E-18
5.488308E+03	1.472160E-17	2.070528E-18
5.488507E+03	1.471555E-17	2.069609E-18
5.488705E+03	1.468853E-17	2.065740E-18
5.488903E+03	1.465285E-17	2.060655E-18
5.489101E+03	1.464310E-17	2.059217E-18
5.489299E+03	1.467038E-17	2.062985E-18
5.489497E+03	1.467297E-17	2.063282E-18
5.489695E+03	1.464100E-17	2.058720E-18
5.489893E+03	1.464854E-17	2.059711E-18
5.490091E+03	1.466717E-17	2.062264E-18
5.490290E+03	1.464755E-17	2.059437E-18
5.490488E+03	1.462174E-17	2.055742E-18
5.490686E+03	1.460459E-17	2.053263E-18
5.490884E+03	1.458496E-17	2.050436E-18
5.491082E+03	1.457397E-17	2.048823E-18
5.491280E+03	1.458026E-17	2.049641E-18
5.491478E+03	1.458409E-17	2.050112E-18
5.491675E+03	1.457557E-17	2.048847E-18
5.491873E+03	1.456459E-17	2.047236E-18
5.492072E+03	1.457212E-17	2.048228E-18
5.492269E+03	1.460804E-17	2.053210E-18
5.492467E+03	1.463162E-17	2.056456E-18
5.492665E+03	1.460952E-17	2.053283E-18
5.492863E+03	1.460594E-17	2.052712E-18
5.493061E+03	1.461717E-17	2.054223E-18
5.493260E+03	1.460618E-17	2.052612E-18
5.493458E+03	1.459025E-17	2.050306E-18
5.493656E+03	1.459038E-17	2.050255E-18
5.493854E+03	1.459297E-17	2.050552E-18
5.494053E+03	1.457827E-17	2.048420E-18
5.494251E+03	1.457346E-17	2.047677E-18
5.494449E+03	1.458963E-17	2.049881E-18
5.494647E+03	1.459963E-17	2.051219E-18
5.494845E+03	1.459481E-17	2.050475E-18
5.495043E+03	1.459741E-17	2.050771E-18
5.495241E+03	1.459753E-17	2.050721E-18
5.495439E+03	1.458777E-17	2.049283E-18
5.495637E+03	1.459160E-17	2.049753E-18
5.495835E+03	1.460036E-17	2.050917E-18
5.496033E+03	1.460419E-17	2.051387E-18
5.496231E+03	1.461789E-17	2.053244E-18
5.496429E+03	1.463653E-17	2.055795E-18
5.496627E+03	1.464283E-17	2.056612E-18
5.496825E+03	1.464666E-17	2.057082E-18
5.497023E+03	1.464555E-17	2.056858E-18
5.497221E+03	1.463085E-17	2.054726E-18
5.497419E+03	1.463220E-17	2.054849E-18
5.497617E+03	1.464221E-17	2.056186E-18
5.497815E+03	1.462133E-17	2.053187E-18
5.498014E+03	1.458935E-17	2.048628E-18
5.498213E+03	1.457589E-17	2.046671E-18
5.498411E+03	1.456737E-17	2.045407E-18
5.498609E+03	1.454896E-17	2.042755E-18
5.498807E+03	1.453427E-17	2.040625E-18
5.499005E+03	1.453316E-17	2.040401E-18
5.499203E+03	1.454686E-17	2.042257E-18
5.499401E+03	1.453463E-17	2.040474E-18
5.499599E+03	1.451005E-17	2.036956E-18
5.499797E+03	1.450770E-17	2.036559E-18
5.499995E+03	1.450535E-17	2.036162E-18
5.500193E+03	1.450547E-17	2.036111E-18
5.500391E+03	1.450559E-17	2.036061E-18
5.500589E+03	1.448348E-17	2.032891E-18
5.500787E+03	1.445643E-17	2.029027E-18
5.500985E+03	1.446149E-17	2.029670E-18
5.501183E+03	1.448755E-17	2.033260E-18
5.501381E+03	1.452101E-17	2.037890E-18
5.501579E+03	1.453595E-17	2.039919E-18
5.501778E+03	1.451878E-17	2.037442E-18
5.501976E+03	1.451396E-17	2.036698E-18
5.502174E+03	1.451408E-17	2.036648E-18
5.502372E+03	1.450185E-17	2.034864E-18
5.502570E+03	1.452420E-17	2.037933E-18
5.502768E+03	1.456014E-17	2.042908E-18
5.502966E+03	1.457014E-17	2.044244E-18
5.503165E+03	1.459249E-17	2.047311E-18
5.503363E+03	1.461114E-17	2.049860E-18
5.503561E+03	1.458284E-17	2.045823E-18
5.503759E+03	1.457062E-17	2.044041E-18
5.503956E+03	1.457197E-17	2.044163E-18
5.504154E+03	1.457703E-17	2.044806E-18
5.504353E+03	1.459444E-17	2.047180E-18
5.504550E+03	1.459456E-17	2.047129E-18
5.504748E+03	1.456380E-17	2.042747E-18
5.504946E+03	1.453181E-17	2.038192E-18
5.505144E+03	1.450969E-17	2.035023E-18
5.505342E+03	1.451228E-17	2.035318E-18
5.505540E+03	1.453217E-17	2.038040E-18
5.505739E+03	1.455328E-17	2.040934E-18
5.505937E+03	1.457193E-17	2.043481E-18
5.506135E+03	1.458316E-17	2.044989E-18
5.506333E+03	1.457835E-17	2.044246E-18
5.506531E+03	1.455499E-17	2.040903E-18
5.506729E+03	1.454893E-17	2.039986E-18
5.506927E+03	1.459476E-17	2.046344E-18
5.507125E+03	1.467146E-17	2.057031E-18
5.507323E+03	1.470000E-17	2.060963E-18
5.507521E+03	1.466800E-17	2.056408E-18
5.507719E+03	1.468294E-17	2.058435E-18
5.507917E+03	1.468430E-17	2.058557E-18
5.508116E+03	1.465724E-17	2.054696E-18
5.508314E+03	1.463265E-17	2.051181E-18
5.508512E+03	1.460189E-17	2.046800E-18
5.508710E+03	1.461066E-17	2.047961E-18
5.508908E+03	1.460954E-17	2.047737E-18
5.509106E+03	1.460348E-17	2.046820E-18
5.509304E+03	1.459248E-17	2.045210E-18
5.509502E+03	1.455801E-17	2.040311E-18
5.509701E+03	1.455195E-17	2.039394E-18
5.509899E+03	1.459284E-17	2.045056E-18
5.510097E+03	1.464361E-17	2.052103E-18
5.510295E+03	1.468573E-17	2.057938E-18
5.510493E+03	1.471797E-17	2.062388E-18
5.510691E+03	1.471191E-17	2.061470E-18
5.510889E+03	1.468733E-17	2.057956E-18
5.511087E+03	1.468621E-17	2.057732E-18
5.511285E+03	1.469992E-17	2.059584E-18
5.511483E+03	1.470868E-17	2.060744E-18
5.511681E+03	1.471745E-17	2.061904E-18
5.511879E+03	1.474352E-17	2.065487E-18
5.512077E+03	1.477453E-17	2.069762E-18
5.512275E+03	1.475487E-17	2.066940E-18
5.512473E+03	1.472040E-17	2.062042E-18
5.512671E+03	1.471928E-17	2.061817E-18
5.512869E+03	1.469716E-17	2.058651E-18
5.513068E+03	1.466640E-17	2.054272E-18
5.513266E+03	1.463438E-17	2.049720E-18
5.513465E+03	1.463697E-17	2.050015E-18
5.513663E+03	1.467045E-17	2.054635E-18
5.513861E+03	1.470887E-17	2.059948E-18
5.514059E+03	1.472506E-17	2.062146E-18
5.514257E+03	1.471776E-17	2.061055E-18
5.514455E+03	1.469811E-17	2.058235E-18
5.514653E+03	1.467351E-17	2.054722E-18
5.514851E+03	1.465757E-17	2.052421E-18
5.515049E+03	1.464039E-17	2.049947E-18
5.515247E+03	1.463432E-17	2.049030E-18
5.515445E+03	1.460973E-17	2.045518E-18
5.515643E+03	1.461232E-17	2.045812E-18
5.515841E+03	1.462850E-17	2.048009E-18
5.516038E+03	1.463232E-17	2.048477E-18
5.516236E+03	1.462503E-17	2.047388E-18
5.516435E+03	1.465604E-17	2.051660E-18
5.516632E+03	1.472907E-17	2.061814E-18
5.516830E+03	1.471806E-17	2.060205E-18
5.517028E+03	1.472683E-17	2.061364E-18
5.517226E+03	1.475537E-17	2.065290E-18
5.517425E+03	1.477774E-17	2.068351E-18
5.517623E+03	1.479268E-17	2.070374E-18
5.517821E+03	1.479033E-17	2.069976E-18
5.518020E+03	1.479045E-17	2.069923E-18
5.518218E+03	1.482517E-17	2.074713E-18
5.518416E+03	1.484877E-17	2.077946E-18
5.518614E+03	1.481799E-17	2.073570E-18
5.518812E+03	1.487126E-17	2.080954E-18
5.519010E+03	1.491833E-17	2.087472E-18
5.519208E+03	1.492339E-17	2.088110E-18
5.519406E+03	1.490745E-17	2.085810E-18
5.519604E+03	1.489892E-17	2.084546E-18
5.519802E+03	1.487308E-17	2.080862E-18
5.520000E+03	1.483735E-17	2.075794E-18
5.520198E+03	1.480658E-17	2.071419E-18
5.520396E+03	1.480298E-17	2.070847E-18
5.520594E+03	1.479198E-17	2.069239E-18
5.520792E+03	1.479457E-17	2.069531E-18
5.520990E+03	1.485031E-17	2.077259E-18
5.521189E+03	1.482571E-17	2.073749E-18
5.521387E+03	1.480975E-17	2.071448E-18
5.521585E+03	1.479380E-17	2.069147E-18
5.521783E+03	1.476920E-17	2.065637E-18
5.521981E+03	1.474336E-17	2.061955E-18
5.522179E+03	1.473112E-17	2.060173E-18
5.522377E+03	1.471640E-17	2.058046E-18
5.522575E+03	1.468809E-17	2.054018E-18
5.522773E+03	1.466472E-17	2.050682E-18
5.522972E+03	1.464753E-17	2.048209E-18
5.523170E+03	1.464146E-17	2.047292E-18
5.523368E+03	1.462799E-17	2.045339E-18
5.524160E+03	1.462103E-17	2.044093E-18
5.524358E+03	1.460013E-17	2.041102E-18
5.524754E+03	1.457440E-17	2.037369E-18
5.524952E+03	1.458688E-17	2.039045E-18
5.525151E+03	1.464880E-17	2.047632E-18
5.525349E+03	1.461554E-17	2.042914E-18
5.525547E+03	1.459958E-17	2.040615E-18
5.525745E+03	1.465286E-17	2.047992E-18
5.525943E+03	1.468264E-17	2.052086E-18
5.526141E+03	1.474828E-17	2.061191E-18
5.526339E+03	1.482133E-17	2.071331E-18
5.526537E+03	1.488326E-17	2.079916E-18
5.526735E+03	1.496126E-17	2.090746E-18
5.526933E+03	1.495520E-17	2.089830E-18
5.527131E+03	1.501589E-17	2.098240E-18
5.527329E+03	1.500365E-17	2.096458E-18
5.527527E+03	1.496297E-17	2.090704E-18
5.527725E+03	1.497298E-17	2.092032E-18
5.527924E+03	1.497557E-17	2.092323E-18
5.528122E+03	1.498187E-17	2.093133E-18
5.528319E+03	1.498817E-17	2.093943E-18
5.528517E+03	1.498952E-17	2.094062E-18
5.528715E+03	1.497851E-17	2.092453E-18
5.528913E+03	1.497120E-17	2.091363E-18
5.529112E+03	1.496514E-17	2.090445E-18
5.529310E+03	1.495042E-17	2.088320E-18
5.529508E+03	1.492581E-17	2.084811E-18
5.529706E+03	1.490615E-17	2.081995E-18
5.529904E+03	1.488524E-17	2.079005E-18
5.530102E+03	1.485816E-17	2.075152E-18
5.530300E+03	1.482984E-17	2.071127E-18
5.530498E+03	1.481140E-17	2.068483E-18
5.530696E+03	1.479421E-17	2.066013E-18
5.530894E+03	1.473992E-17	2.058362E-18
5.531092E+03	1.472272E-17	2.055891E-18
5.531290E+03	1.473520E-17	2.057564E-18
5.531488E+03	1.478107E-17	2.063899E-18
5.531686E+03	1.478366E-17	2.064191E-18
5.531884E+03	1.474297E-17	2.058440E-18
5.532082E+03	1.470970E-17	2.053726E-18
5.532280E+03	1.468136E-17	2.049701E-18
5.532478E+03	1.462831E-17	2.042226E-18
5.532676E+03	1.464697E-17	2.044762E-18
5.532876E+03	1.467429E-17	2.048507E-18
5.533074E+03	1.471150E-17	2.053632E-18
5.533272E+03	1.474253E-17	2.057894E-18
5.533470E+03	1.475749E-17	2.059912E-18
5.533668E+03	1.476501E-17	2.060893E-18
5.533866E+03	1.477131E-17	2.061703E-18
5.534064E+03	1.477143E-17	2.061649E-18
5.534262E+03	1.476783E-17	2.061078E-18
5.534460E+03	1.475435E-17	2.059126E-18
5.534658E+03	1.471489E-17	2.053550E-18
5.534856E+03	1.467295E-17	2.047629E-18
5.535054E+03	1.465080E-17	2.044469E-18
5.535252E+03	1.465586E-17	2.045106E-18
5.535450E+03	1.465845E-17	2.045398E-18
5.535648E+03	1.464125E-17	2.042928E-18
5.535846E+03	1.459808E-17	2.036837E-18
5.536044E+03	1.460437E-17	2.037645E-18
5.536242E+03	1.467004E-17	2.046738E-18
5.536440E+03	1.472703E-17	2.054621E-18
5.536638E+03	1.472962E-17	2.054912E-18
5.536837E+03	1.472107E-17	2.053651E-18
5.537035E+03	1.470388E-17	2.051182E-18
5.537233E+03	1.468050E-17	2.047851E-18
5.537431E+03	1.465958E-17	2.044864E-18
5.537630E+03	1.461764E-17	2.038945E-18
5.537828E+03	1.458312E-17	2.034062E-18
5.538026E+03	1.456221E-17	2.031075E-18
5.538224E+03	1.458087E-17	2.033610E-18
5.538422E+03	1.458593E-17	2.034247E-18
5.538620E+03	1.454523E-17	2.028502E-18
5.538818E+03	1.451071E-17	2.023619E-18
5.539016E+03	1.452318E-17	2.025290E-18
5.539214E+03	1.456411E-17	2.030929E-18
5.539412E+03	1.459268E-17	2.034843E-18
5.539610E+03	1.456557E-17	2.030995E-18
5.539808E+03	1.451992E-17	2.024560E-18
5.540006E+03	1.450272E-17	2.022093E-18
5.540204E+03	1.449293E-17	2.020660E-18
5.540401E+03	1.447078E-17	2.017504E-18
5.540600E+03	1.451789E-17	2.024004E-18
5.540798E+03	1.456995E-17	2.031193E-18
5.540997E+03	1.454161E-17	2.027173E-18
5.541194E+03	1.449719E-17	2.020913E-18
5.541392E+03	1.447752E-17	2.018101E-18
5.541590E+03	1.446030E-17	2.015634E-18
5.541788E+03	1.443444E-17	2.011960E-18
5.541986E+03	1.443826E-17	2.012425E-18
5.542184E+03	1.445816E-17	2.015130E-18
5.542382E+03	1.446446E-17	2.015939E-18
5.542581E+03	1.442622E-17	2.010541E-18
5.542779E+03	1.438056E-17	2.004110E-18
5.542977E+03	1.437819E-17	2.003712E-18
5.543175E+03	1.436469E-17	2.001763E-18
5.543373E+03	1.433882E-17	1.998090E-18
5.543571E+03	1.435502E-17	2.000279E-18
5.543769E+03	1.438110E-17	2.003845E-18
5.543967E+03	1.436018E-17	2.000862E-18
5.544165E+03	1.430710E-17	1.993398E-18
5.544363E+03	1.429978E-17	1.992311E-18
5.544562E+03	1.431597E-17	1.994499E-18
5.544760E+03	1.435443E-17	1.999790E-18
5.544958E+03	1.435949E-17	2.000426E-18
5.545156E+03	1.432371E-17	1.995375E-18
5.545354E+03	1.429537E-17	1.991358E-18
5.545552E+03	1.427321E-17	1.988204E-18
5.545750E+03	1.426590E-17	1.987117E-18
5.545948E+03	1.424621E-17	1.984307E-18
5.546146E+03	1.420054E-17	1.977879E-18
5.546344E+03	1.417219E-17	1.973863E-18
5.554734E+03	1.402468E-17	1.950469E-18
5.594345E+03	1.400996E-17	1.934985E-18
5.633955E+03	1.398968E-17	1.918326E-18
5.673565E+03	1.396930E-17	1.901693E-18
5.713175E+03	1.394930E-17	1.884595E-18
5.752786E+03	1.393463E-17	1.868252E-18
5.792396E+03	1.392426E-17	1.851960E-18
5.832006E+03	1.392227E-17	1.836795E-18
5.871616E+03	1.392604E-17	1.821862E-18
5.911227E+03	1.393877E-17	1.808083E-18
5.950837E+03	1.395642E-17	1.794428E-18
5.990447E+03	1.398165E-17	1.781697E-18
6.030057E+03	1.400934E-17	1.768808E-18
6.069667E+03	1.404205E-17	1.756479E-18
6.109278E+03	1.407388E-17	1.743643E-18
6.148888E+03	1.410759E-17	1.730957E-18
6.188498E+03	1.413681E-17	1.717439E-18
6.228108E+03	1.416495E-17	1.703714E-18
6.267719E+03	1.418555E-17	1.688952E-18
6.307329E+03	1.420289E-17	1.673749E-18
6.346939E+03	1.421044E-17	1.657446E-18
6.386549E+03	1.421366E-17	1.640617E-18
6.426160E+03	1.420792E-17	1.622898E-18
6.465770E+03	1.420180E-17	1.605137E-18
6.505380E+03	1.419358E-17	1.587121E-18
6.544990E+03	1.419072E-17	1.569705E-18
6.584601E+03	1.419234E-17	1.552562E-18
6.624211E+03	1.420373E-17	1.536456E-18
6.663821E+03	1.422428E-17	1.520925E-18
6.703431E+03	1.425715E-17	1.506628E-18
6.743041E+03	1.430236E-17	1.493044E-18
6.782652E+03	1.436097E-17	1.480710E-18
6.822262E+03	1.443347E-17	1.469084E-18
6.861872E+03	1.451886E-17	1.458544E-18
6.901482E+03	1.461857E-17	1.448640E-18
6.941093E+03	1.472974E-17	1.439567E-18
6.980703E+03	1.485488E-17	1.431055E-18
7.020313E+03	1.498956E-17	1.423083E-18
7.059923E+03	1.513800E-17	1.415705E-18
7.099534E+03	1.529455E-17	1.408638E-18
7.139144E+03	1.546567E-17	1.402412E-18
7.178754E+03	1.564500E-17	1.396418E-18
7.218364E+03	1.584204E-17	1.391846E-18
7.257975E+03	1.604975E-17	1.387636E-18
7.297585E+03	1.628065E-17	1.385760E-18
7.337195E+03	1.652721E-17	1.384571E-18
7.376805E+03	1.680660E-17	1.387115E-18
7.416415E+03	1.711166E-17	1.391052E-18
7.456026E+03	1.746437E-17	1.400673E-18
7.495636E+03	1.785711E-17	1.412696E-18
7.535246E+03	1.831675E-17	1.432845E-18
7.574856E+03	1.883319E-17	1.456582E-18
7.614467E+03	1.942903E-17	1.490552E-18
7.654077E+03	2.006039E-17	1.526491E-18
7.693687E+03	2.071367E-17	1.569191E-18
7.733297E+03	2.132893E-17	1.608588E-18
7.772908E+03	2.187737E-17	1.647902E-18
7.812518E+03	2.232938E-17	1.679861E-18
7.852128E+03	2.268117E-17	1.708511E-18
7.891738E+03	2.294158E-17	1.730334E-18
7.931349E+03	2.311791E-17	1.748672E-18
7.970959E+03	2.322834E-17	1.762084E-18
8.010569E+03	2.328416E-17	1.772709E-18
8.050179E+03	2.330453E-17	1.780652E-18
8.089789E+03	2.329971E-17	1.786689E-18
8.129400E+03	2.328648E-17	1.792072E-18
8.169010E+03	2.327230E-17	1.796315E-18
8.208620E+03	2.327097E-17	1.801542E-18
8.248230E+03	2.328756E-17	1.806256E-18
8.287841E+03	2.333344E-17	1.813250E-18
8.327451E+03	2.341049E-17	1.820143E-18
8.367061E+03	2.352585E-17	1.830022E-18
8.406671E+03	2.367739E-17	1.839733E-18
8.446282E+03	2.386867E-17	1.852502E-18
8.485892E+03	2.409484E-17	1.864665E-18
8.525502E+03	2.435756E-17	1.879546E-18
8.565112E+03	2.465052E-17	1.893236E-18
8.604723E+03	2.497431E-17	1.909068E-18
8.644333E+03	2.532193E-17	1.923127E-18
8.683943E+03	2.569366E-17	1.938658E-18
8.723553E+03	2.608247E-17	1.951985E-18
8.763163E+03	2.648878E-17	1.966128E-18
8.802774E+03	2.690619E-17	1.977920E-18
8.842384E+03	2.733693E-17	1.990078E-18
8.881994E+03	2.777659E-17	2.000277E-18
8.921604E+03	2.822846E-17	2.010641E-18
8.961215E+03	2.868813E-17	2.019792E-18
9.000825E+03	2.915966E-17	2.028992E-18
9.040435E+03	2.964058E-17	2.038192E-18
9.080045E+03	3.013747E-17	2.047666E-18
9.119656E+03	3.065287E-17	2.059097E-18
9.159266E+03	3.118359E-17	2.070726E-18
9.198876E+03	3.172485E-17	2.084778E-18
9.238486E+03	3.227459E-17	2.098606E-18
9.278097E+03	3.282906E-17	2.113554E-18
9.317707E+03	3.337780E-17	2.127395E-18
9.357317E+03	3.392162E-17	2.140308E-18
9.396927E+03	3.444077E-17	2.150952E-18
9.436537E+03	3.494326E-17	2.158614E-18
9.476148E+03	3.540395E-17	2.163009E-18
9.515758E+03	3.584446E-17	2.163163E-18
9.555368E+03	3.623846E-17	2.159857E-18
9.594978E+03	3.662513E-17	2.152425E-18
9.634589E+03	3.697931E-17	2.142441E-18
9.674199E+03	3.736201E-17	2.130185E-18
9.713809E+03	3.775448E-17	2.117753E-18
9.753419E+03	3.824443E-17	2.107052E-18
9.793030E+03	3.881861E-17	2.099927E-18
9.832640E+03	3.957767E-17	2.099603E-18
9.872250E+03	4.047077E-17	2.104682E-18
9.911857E+03	4.156016E-17	2.117255E-18
9.951468E+03	4.277647E-17	2.133889E-18
9.991078E+03	4.416169E-17	2.156868E-18
1.003069E+04	4.566605E-17	2.182714E-18
1.007030E+04	4.731555E-17	2.215666E-18
1.010991E+04	4.907822E-17	2.250686E-18
1.014952E+04	5.094754E-17	2.295519E-18
1.018913E+04	5.289271E-17	2.340783E-18
1.022874E+04	5.485313E-17	2.399683E-18
1.026835E+04	5.679075E-17	2.455658E-18
1.030796E+04	5.858988E-17	2.529787E-18
1.034757E+04	6.024234E-17	2.597374E-18
1.038718E+04	6.167036E-17	2.691121E-18
1.042679E+04	6.297008E-17	2.780646E-18
1.046640E+04	6.407117E-17	2.899070E-18
1.050601E+04	6.507266E-17	3.015198E-18
1.054562E+04	6.589391E-17	3.151969E-18
1.058523E+04	6.661424E-17	3.286136E-18
1.062484E+04	6.715165E-17	3.430118E-18
1.066445E+04	6.757999E-17	3.570144E-18
1.070406E+04	6.782749E-17	3.710069E-18
1.074367E+04	6.796535E-17	3.844665E-18
1.078328E+04	6.793116E-17	3.971236E-18
1.082289E+04	6.779207E-17	4.091320E-18
1.086250E+04	6.749512E-17	4.197649E-18
1.090211E+04	6.710332E-17	4.296807E-18
1.094172E+04	6.657298E-17	4.378612E-18
1.098133E+04	6.596290E-17	4.453205E-18
1.102094E+04	6.523830E-17	4.508785E-18
1.106055E+04	6.445348E-17	4.557813E-18
1.110016E+04	6.358167E-17	4.587829E-18
1.113977E+04	6.267214E-17	4.612591E-18
1.117938E+04	6.170475E-17	4.619642E-18
1.121900E+04	6.072281E-17	4.623172E-18
1.125861E+04	5.971132E-17	4.611184E-18
1.129822E+04	5.870727E-17	4.597614E-18
1.133783E+04	5.769974E-17	4.571268E-18
1.137744E+04	5.671914E-17	4.545280E-18
1.141705E+04	5.575748E-17	4.509491E-18
1.145666E+04	5.483849E-17	4.475790E-18
1.149627E+04	5.395645E-17	4.435265E-18
1.153588E+04	5.312853E-17	4.398217E-18
1.157549E+04	5.235060E-17	4.357158E-18
1.161510E+04	5.163336E-17	4.320504E-18
1.165471E+04	5.097373E-17	4.282383E-18
1.169432E+04	5.037597E-17	4.249053E-18
1.173393E+04	4.983749E-17	4.216456E-18
1.177354E+04	4.935600E-17	4.188429E-18
1.181315E+04	4.892900E-17	4.162953E-18
1.185276E+04	4.854759E-17	4.141186E-18
1.189237E+04	4.820910E-17	4.123391E-18
1.193198E+04	4.789814E-17	4.107809E-18
1.197159E+04	4.761206E-17	4.097238E-18
1.201120E+04	4.732914E-17	4.086782E-18
1.205081E+04	4.704736E-17	4.081979E-18
1.209042E+04	4.674042E-17	4.074762E-18
1.213003E+04	4.640924E-17	4.073613E-18
1.216964E+04	4.602530E-17	4.067424E-18
1.220925E+04	4.559523E-17	4.067535E-18
1.224886E+04	4.509244E-17	4.060398E-18
1.228847E+04	4.453083E-17	4.057854E-18
1.232808E+04	4.389019E-17	4.046833E-18
1.236769E+04	4.319008E-17	4.037512E-18
1.240730E+04	4.242087E-17	4.019871E-18
1.244691E+04	4.160880E-17	4.002588E-18
1.248652E+04	4.075260E-17	3.978682E-18
1.252613E+04	3.988077E-17	3.955224E-18
1.256574E+04	3.899577E-17	3.927753E-18
1.260535E+04	3.812464E-17	3.901709E-18
1.264496E+04	3.727023E-17	3.874590E-18
1.268457E+04	3.645583E-17	3.850276E-18
1.272418E+04	3.568271E-17	3.827699E-18
1.276379E+04	3.496943E-17	3.809313E-18
1.280340E+04	3.431486E-17	3.795051E-18
1.284301E+04	3.373278E-17	3.786112E-18
1.288262E+04	3.321969E-17	3.783116E-18
1.292224E+04	3.278526E-17	3.786201E-18
1.296185E+04	3.242395E-17	3.796451E-18
1.300146E+04	3.214203E-17	3.813107E-18
1.304107E+04	3.193239E-17	3.837573E-18
1.308068E+04	3.179860E-17	3.868326E-18
1.312029E+04	3.173238E-17	3.906998E-18
1.315990E+04	3.173505E-17	3.951397E-18
1.319951E+04	3.179738E-17	4.003306E-18
1.323912E+04	3.191887E-17	4.059943E-18
1.327873E+04	3.208948E-17	4.123197E-18
1.331834E+04	3.230713E-17	4.189745E-18
1.335795E+04	3.256122E-17	4.261572E-18
1.339756E+04	3.284843E-17	4.334878E-18
1.343717E+04	3.315778E-17	4.411746E-18
1.347678E+04	3.348513E-17	4.487976E-18
1.351639E+04	3.381961E-17	4.565799E-18
1.355600E+04	3.415689E-17	4.640734E-18
1.359561E+04	3.448683E-17	4.715240E-18
1.363522E+04	3.480552E-17	4.784677E-18
1.367483E+04	3.510408E-17	4.851797E-18
1.371444E+04	3.537951E-17	4.911923E-18
1.375405E+04	3.562477E-17	4.968178E-18
1.379366E+04	3.583825E-17	5.015957E-18
1.383327E+04	3.601490E-17	5.058774E-18
1.387288E+04	3.615459E-17	5.092161E-18
1.391249E+04	3.625456E-17	5.120039E-18
1.395210E+04	3.631644E-17	5.138169E-18
1.399171E+04	3.633975E-17	5.150860E-18
1.403132E+04	3.632767E-17	5.154104E-18
1.407093E+04	3.628162E-17	5.152518E-18
1.411054E+04	3.620601E-17	5.142311E-18
1.415015E+04	3.610387E-17	5.128332E-18
1.418976E+04	3.598044E-17	5.106974E-18
1.422937E+04	3.583997E-17	5.083226E-18
1.426898E+04	3.568813E-17	5.053616E-18
1.430859E+04	3.552985E-17	5.023167E-18
1.434820E+04	3.537078E-17	4.988495E-18
1.438781E+04	3.521621E-17	4.954567E-18
1.442742E+04	3.507135E-17	4.918028E-18
1.446703E+04	3.494124E-17	4.883691E-18
1.450664E+04	3.483024E-17	4.848176E-18
1.454625E+04	3.474287E-17	4.816067E-18
1.458587E+04	3.468229E-17	4.783934E-18
1.462548E+04	3.465228E-17	4.756083E-18
1.466509E+04	3.465465E-17	4.729019E-18
1.470470E+04	3.469227E-17	4.706741E-18
1.474431E+04	3.476547E-17	4.685698E-18
1.478392E+04	3.487620E-17	4.669554E-18
1.482353E+04	3.502329E-17	4.654750E-18
1.486314E+04	3.520776E-17	4.644593E-18
1.490275E+04	3.542700E-17	4.635577E-18
1.494236E+04	3.568124E-17	4.630640E-18
1.498197E+04	3.596647E-17	4.626415E-18
1.502158E+04	3.628231E-17	4.625445E-18
1.506119E+04	3.662348E-17	4.624624E-18
1.510080E+04	3.698917E-17	4.626051E-18
1.514041E+04	3.737301E-17	4.627035E-18
1.518002E+04	3.777395E-17	4.629156E-18
1.521963E+04	3.818461E-17	4.630310E-18
1.525924E+04	3.860387E-17	4.631446E-18
1.529885E+04	3.902340E-17	4.631249E-18
1.533846E+04	3.944216E-17	4.629881E-18
1.537807E+04	3.985085E-17	4.627044E-18
1.541768E+04	4.024852E-17	4.621905E-18
1.545729E+04	4.062487E-17	4.615427E-18
1.549690E+04	4.097903E-17	4.605539E-18
1.553651E+04	4.129962E-17	4.594724E-18
1.557612E+04	4.158612E-17	4.579432E-18
1.561573E+04	4.182620E-17	4.563935E-18
1.565534E+04	4.201994E-17	4.542951E-18
1.569495E+04	4.215437E-17	4.522779E-18
1.573456E+04	4.223064E-17	4.496195E-18
1.577417E+04	4.223573E-17	4.471702E-18
1.581378E+04	4.217256E-17	4.440017E-18
1.585339E+04	4.202872E-17	4.411870E-18
1.589300E+04	4.180986E-17	4.375961E-18
1.593261E+04	4.150569E-17	4.345166E-18
1.597222E+04	4.112607E-17	4.306457E-18
1.601183E+04	4.066426E-17	4.273491E-18
1.605144E+04	4.013476E-17	4.233034E-18
1.609105E+04	3.953660E-17	4.197318E-18
1.613066E+04	3.888696E-17	4.155269E-18
1.617027E+04	3.818718E-17	4.117041E-18
1.620988E+04	3.745401E-17	4.073839E-18
1.624949E+04	3.669022E-17	4.033797E-18
1.628911E+04	3.591171E-17	3.990326E-18
1.632872E+04	3.512144E-17	3.949668E-18
1.636833E+04	3.433333E-17	3.907131E-18
1.640794E+04	3.354947E-17	3.867253E-18
1.644755E+04	3.278107E-17	3.826873E-18
1.648716E+04	3.202866E-17	3.789034E-18
1.652677E+04	3.130060E-17	3.751762E-18
1.656638E+04	3.059586E-17	3.716862E-18
1.660599E+04	2.992032E-17	3.683269E-18
1.664560E+04	2.927178E-17	3.651811E-18
1.668521E+04	2.865429E-17	3.622132E-18
1.672482E+04	2.806494E-17	3.594315E-18
1.676443E+04	2.750649E-17	3.568544E-18
1.680404E+04	2.697573E-17	3.544359E-18
1.684365E+04	2.647464E-17	3.522363E-18
1.688326E+04	2.600007E-17	3.501717E-18
1.692287E+04	2.555361E-17	3.483352E-18
1.696248E+04	2.513244E-17	3.466186E-18
1.700209E+04	2.473805E-17	3.451409E-18
1.704170E+04	2.436810E-17	3.437797E-18
1.708131E+04	2.402418E-17	3.426746E-18
1.712092E+04	2.370448E-17	3.416963E-18
1.716053E+04	2.341071E-17	3.409992E-18
1.720014E+04	2.314156E-17	3.404517E-18
1.723975E+04	2.289893E-17	3.402198E-18
1.727936E+04	2.268194E-17	3.401723E-18
1.731897E+04	2.249259E-17	3.404826E-18
1.735858E+04	2.233033E-17	3.410208E-18
1.739819E+04	2.219720E-17	3.419642E-18
1.743780E+04	2.209287E-17	3.431849E-18
1.747741E+04	2.201928E-17	3.448607E-18
1.751702E+04	2.197617E-17	3.468630E-18
1.755663E+04	2.196523E-17	3.493670E-18
1.759624E+04	2.198604E-17	3.522413E-18
1.763585E+04	2.203988E-17	3.556539E-18
1.767546E+04	2.212596E-17	3.594670E-18
1.771507E+04	2.224499E-17	3.638385E-18
1.775468E+04	2.239555E-17	3.686196E-18
1.779429E+04	2.257762E-17	3.739541E-18
1.783390E+04	2.278902E-17	3.796799E-18
1.787351E+04	2.302879E-17	3.859227E-18
1.791312E+04	2.329383E-17	3.925030E-18
1.795274E+04	2.358214E-17	3.995268E-18
1.799235E+04	2.388962E-17	4.067950E-18
1.803196E+04	2.421324E-17	4.143929E-18
1.807157E+04	2.454799E-17	4.221032E-18
1.811118E+04	2.488993E-17	4.299924E-18
1.815079E+04	2.523332E-17	4.378279E-18
1.819040E+04	2.557370E-17	4.456632E-18
1.823001E+04	2.590504E-17	4.532587E-18
1.826962E+04	2.622281E-17	4.606628E-18
1.830923E+04	2.652128E-17	4.676398E-18
1.834884E+04	2.679645E-17	4.742441E-18
1.838845E+04	2.704337E-17	4.802536E-18
1.842806E+04	2.725889E-17	4.857339E-18
1.846767E+04	2.743913E-17	4.904837E-18
1.850728E+04	2.758212E-17	4.945860E-18
1.854689E+04	2.768526E-17	4.978656E-18
1.858650E+04	2.774815E-17	5.004304E-18
1.862611E+04	2.776997E-17	5.021411E-18
1.866572E+04	2.775181E-17	5.031298E-18
1.870533E+04	2.769425E-17	5.032877E-18
1.874494E+04	2.759952E-17	5.027642E-18
1.878455E+04	2.746940E-17	5.014789E-18
1.882416E+04	2.730707E-17	4.995946E-18
1.886377E+04	2.711529E-17	4.970560E-18
1.890338E+04	2.689810E-17	4.940375E-18
1.894299E+04	2.665900E-17	4.905048E-18
1.898260E+04	2.640242E-17	4.866349E-18
1.902221E+04	2.613209E-17	4.824049E-18
1.906182E+04	2.585226E-17	4.779840E-18
1.910143E+04	2.556650E-17	4.733535E-18
1.914104E+04	2.527859E-17	4.686687E-18
1.918065E+04	2.499158E-17	4.639077E-18
1.922026E+04	2.470855E-17	4.592081E-18
1.925987E+04	2.443196E-17	4.545426E-18
1.929948E+04	2.416400E-17	4.500273E-18
1.933909E+04	2.390640E-17	4.456269E-18
1.937870E+04	2.366043E-17	4.414349E-18
1.941831E+04	2.342707E-17	4.374070E-18
1.945792E+04	2.320666E-17	4.336148E-18
1.949753E+04	2.299953E-17	4.300060E-18
1.953714E+04	2.280519E-17	4.266317E-18
1.957675E+04	2.262339E-17	4.234334E-18
1.961636E+04	2.245294E-17	4.204443E-18
1.965598E+04	2.229321E-17	4.176026E-18
1.969559E+04	2.214244E-17	4.149266E-18
1.973520E+04	2.199974E-17	4.123537E-18
1.977481E+04	2.186297E-17	4.098906E-18
1.981442E+04	2.173116E-17	4.074770E-18
1.985403E+04	2.160185E-17	4.051097E-18
1.989364E+04	2.147418E-17	4.027342E-18
1.993325E+04	2.134541E-17	4.003380E-18
1.997286E+04	2.121484E-17	3.978740E-18
2.001247E+04	2.107964E-17	3.953233E-18
2.005208E+04	2.093946E-17	3.926502E-18
2.009169E+04	2.079157E-17	3.898330E-18
2.013130E+04	2.063617E-17	3.868512E-18
2.017091E+04	2.047076E-17	3.836827E-18
2.021052E+04	2.029626E-17	3.803254E-18
2.025013E+04	2.011043E-17	3.767573E-18
2.028974E+04	1.991493E-17	3.729954E-18
2.032935E+04	1.970784E-17	3.690183E-18
2.036896E+04	1.949151E-17	3.648616E-18
2.040857E+04	1.926419E-17	3.605013E-18
2.044818E+04	1.902888E-17	3.559908E-18
2.048779E+04	1.878393E-17	3.513028E-18
2.052740E+04	1.853290E-17	3.465063E-18
2.056701E+04	1.827411E-17	3.415676E-18
2.060662E+04	1.801161E-17	3.365707E-18
2.064623E+04	1.774366E-17	3.314745E-18
2.068584E+04	1.747474E-17	3.263772E-18
2.072545E+04	1.720302E-17	3.212301E-18
2.076506E+04	1.693345E-17	3.161454E-18
2.080467E+04	1.666403E-17	3.110651E-18
2.084428E+04	1.640010E-17	3.061148E-18
2.088389E+04	1.613949E-17	3.012270E-18
2.092350E+04	1.588791E-17	2.965402E-18
2.096311E+04	1.564292E-17	2.919760E-18
2.100272E+04	1.541056E-17	2.876839E-18
2.104233E+04	1.518801E-17	2.835738E-18
2.108194E+04	1.498149E-17	2.798022E-18
2.112155E+04	1.478774E-17	2.762671E-18
2.116116E+04	1.461242E-17	2.731122E-18
2.120077E+04	1.445232E-17	2.702389E-18
2.124038E+04	1.431210E-17	2.677673E-18
2.127999E+04	1.418839E-17	2.656018E-18
2.131961E+04	1.408413E-17	2.638252E-18
2.135922E+04	1.399444E-17	2.623189E-18
2.139883E+04	1.392020E-17	2.611228E-18
2.143844E+04	1.385621E-17	2.601170E-18
2.147805E+04	1.380271E-17	2.593243E-18
2.151766E+04	1.375480E-17	2.586351E-18
2.155727E+04	1.371252E-17	2.580646E-18
2.159688E+04	1.367158E-17	2.575177E-18
2.163649E+04	1.363207E-17	2.570069E-18
2.167610E+04	1.359036E-17	2.564531E-18
2.171571E+04	1.354675E-17	2.558692E-18
2.175532E+04	1.349837E-17	2.551933E-18
2.179493E+04	1.344574E-17	2.544398E-18
2.183454E+04	1.338676E-17	2.535637E-18
2.187415E+04	1.332222E-17	2.525820E-18
2.191376E+04	1.325066E-17	2.514645E-18
2.195337E+04	1.317316E-17	2.502314E-18
2.199298E+04	1.308894E-17	2.488673E-18
2.203259E+04	1.299930E-17	2.473948E-18
2.207220E+04	1.290399E-17	2.458110E-18
2.211181E+04	1.280450E-17	2.441403E-18
2.215142E+04	1.270100E-17	2.423894E-18
2.219103E+04	1.259503E-17	2.405825E-18
2.223064E+04	1.248705E-17	2.387337E-18
2.227025E+04	1.237859E-17	2.368658E-18
2.230986E+04	1.227030E-17	2.349974E-18
2.234947E+04	1.216357E-17	2.331488E-18
2.238908E+04	1.205914E-17	2.313407E-18
2.242869E+04	1.195825E-17	2.295898E-18
2.246830E+04	1.186162E-17	2.279176E-18
2.250791E+04	1.177024E-17	2.263358E-18
2.254752E+04	1.168480E-17	2.248654E-18
2.258713E+04	1.160603E-17	2.235131E-18
2.262674E+04	1.153448E-17	2.222976E-18
2.266635E+04	1.147067E-17	2.212214E-18
2.270596E+04	1.141507E-17	2.203018E-18
2.274557E+04	1.136796E-17	2.195367E-18
2.278518E+04	1.132972E-17	2.189415E-18
2.282479E+04	1.130042E-17	2.185105E-18
2.286440E+04	1.128038E-17	2.182576E-18
2.290401E+04	1.126950E-17	2.181736E-18
2.294362E+04	1.126802E-17	2.182716E-18
2.298323E+04	1.127576E-17	2.185401E-18
2.302285E+04	1.129289E-17	2.189910E-18
2.306246E+04	1.131911E-17	2.196106E-18
2.310207E+04	1.135459E-17	2.204106E-18
2.314168E+04	1.139895E-17	2.213760E-18
2.318129E+04	1.145235E-17	2.225177E-18
2.322090E+04	1.151435E-17	2.238203E-18
2.326051E+04	1.158513E-17	2.252945E-18
2.330012E+04	1.166418E-17	2.269234E-18
2.333973E+04	1.175165E-17	2.287174E-18
2.337934E+04	1.184694E-17	2.306579E-18
2.341895E+04	1.195022E-17	2.327553E-18
2.345856E+04	1.206084E-17	2.349903E-18
2.349817E+04	1.217896E-17	2.373729E-18
2.353778E+04	1.230388E-17	2.398828E-18
2.357739E+04	1.243572E-17	2.425290E-18
2.361700E+04	1.257366E-17	2.452893E-18
2.365661E+04	1.271781E-17	2.481723E-18
2.369622E+04	1.286732E-17	2.511551E-18
2.373583E+04	1.302227E-17	2.542457E-18
2.377544E+04	1.318182E-17	2.574213E-18
2.381505E+04	1.334606E-17	2.606901E-18
2.385466E+04	1.351414E-17	2.640295E-18
2.389427E+04	1.368618E-17	2.674475E-18
2.393388E+04	1.386127E-17	2.709207E-18
2.397349E+04	1.403950E-17	2.744567E-18
2.401310E+04	1.421995E-17	2.780317E-18
2.405271E+04	1.440271E-17	2.816533E-18
2.409232E+04	1.458680E-17	2.852965E-18
2.413193E+04	1.477231E-17	2.889688E-18
2.417154E+04	1.495822E-17	2.926447E-18
2.421115E+04	1.514463E-17	2.963315E-18
2.425076E+04	1.531080E-17	2.995828E-18
