#wls	flux	fluxerr
3.289398E+03	5.394069E-16	4.092477E-17
3.289398E+03	5.394069E-16	4.092477E-17
3.365638E+03	5.542296E-16	4.201434E-17
3.365638E+03	5.542296E-16	4.201434E-17
3.443646E+03	5.744042E-16	4.350416E-17
3.443646E+03	5.744042E-16	4.350416E-17
3.523461E+03	6.007191E-16	4.545209E-17
3.523461E+03	6.007191E-16	4.545209E-17
3.605127E+03	6.348077E-16	4.797927E-17
3.605127E+03	6.348077E-16	4.797927E-17
3.688685E+03	6.789116E-16	5.125181E-17
3.688685E+03	6.789116E-16	5.125181E-17
3.715800E+03	6.960561E-16	5.252491E-17
3.716100E+03	6.961123E-16	5.252891E-17
3.716300E+03	6.967913E-16	5.257999E-17
3.716500E+03	6.958188E-16	5.250644E-17
3.716700E+03	6.957921E-16	5.250428E-17
3.717000E+03	6.950477E-16	5.244787E-17
3.717200E+03	6.948131E-16	5.243001E-17
3.717500E+03	6.941816E-16	5.238212E-17
3.717700E+03	6.939953E-16	5.236790E-17
3.718000E+03	6.934444E-16	5.232609E-17
3.718200E+03	6.931305E-16	5.230225E-17
3.718500E+03	6.921021E-16	5.222441E-17
3.718700E+03	6.919481E-16	5.221264E-17
3.719000E+03	6.912556E-16	5.216014E-17
3.719200E+03	6.913087E-16	5.216400E-17
3.719500E+03	6.913646E-16	5.216798E-17
3.719700E+03	6.903679E-16	5.209261E-17
3.720000E+03	6.899469E-16	5.206061E-17
3.720200E+03	6.898253E-16	5.205128E-17
3.720500E+03	6.895951E-16	5.203368E-17
3.720700E+03	6.899658E-16	5.206149E-17
3.721000E+03	6.899104E-16	5.205707E-17
3.721200E+03	6.905993E-16	5.210889E-17
3.721500E+03	6.918011E-16	5.219934E-17
3.721700E+03	6.908831E-16	5.212992E-17
3.722000E+03	6.906050E-16	5.210870E-17
3.722200E+03	6.900223E-16	5.206457E-17
3.722500E+03	6.895698E-16	5.203020E-17
3.722700E+03	6.894164E-16	5.201847E-17
3.723000E+03	6.888692E-16	5.197694E-17
3.723200E+03	6.898746E-16	5.205264E-17
3.723500E+03	6.903595E-16	5.208899E-17
3.723700E+03	6.893642E-16	5.201374E-17
3.724000E+03	6.882779E-16	5.193154E-17
3.724300E+03	6.886664E-16	5.196062E-17
3.724500E+03	6.890208E-16	5.198720E-17
3.724800E+03	6.895368E-16	5.202590E-17
3.725000E+03	6.887171E-16	5.196389E-17
3.725300E+03	6.891376E-16	5.199539E-17
3.725500E+03	6.885721E-16	5.195255E-17
3.725800E+03	6.881998E-16	5.192423E-17
3.726000E+03	6.881101E-16	5.191731E-17
3.726300E+03	6.877222E-16	5.188781E-17
3.726500E+03	6.886150E-16	5.195501E-17
3.726700E+03	6.893343E-16	5.200912E-17
3.726900E+03	6.885782E-16	5.195192E-17
3.727200E+03	6.890304E-16	5.198580E-17
3.727400E+03	6.894167E-16	5.201479E-17
3.727700E+03	6.895042E-16	5.202115E-17
3.727900E+03	6.898590E-16	5.204776E-17
3.728200E+03	6.895019E-16	5.202058E-17
3.728400E+03	6.887774E-16	5.196576E-17
3.728700E+03	6.877079E-16	5.188483E-17
3.728900E+03	6.870169E-16	5.183255E-17
3.729200E+03	6.880858E-16	5.191295E-17
3.729400E+03	6.881862E-16	5.192037E-17
3.729700E+03	6.888602E-16	5.197098E-17
3.729900E+03	6.876770E-16	5.188156E-17
3.730200E+03	6.870995E-16	5.183775E-17
3.730400E+03	6.868834E-16	5.182130E-17
3.730700E+03	6.883640E-16	5.193276E-17
3.730900E+03	6.885279E-16	5.194497E-17
3.731200E+03	6.881082E-16	5.191307E-17
3.731400E+03	6.881136E-16	5.191332E-17
3.731700E+03	6.886923E-16	5.195674E-17
3.731900E+03	6.880162E-16	5.190558E-17
3.732200E+03	6.879769E-16	5.190237E-17
3.732400E+03	6.882833E-16	5.192533E-17
3.732700E+03	6.894017E-16	5.200946E-17
3.732900E+03	6.906147E-16	5.210082E-17
3.733200E+03	6.907182E-16	5.210839E-17
3.733400E+03	6.912329E-16	5.214705E-17
3.733700E+03	6.916390E-16	5.217746E-17
3.733900E+03	6.914215E-16	5.216089E-17
3.734200E+03	6.908568E-16	5.211805E-17
3.734500E+03	6.913583E-16	5.215564E-17
3.734700E+03	6.896625E-16	5.202755E-17
3.735000E+03	6.895436E-16	5.201835E-17
3.735200E+03	6.890411E-16	5.198028E-17
3.735500E+03	6.876861E-16	5.187783E-17
3.735700E+03	6.876599E-16	5.187569E-17
3.736000E+03	6.878264E-16	5.188801E-17
3.736200E+03	6.882437E-16	5.191934E-17
3.736500E+03	6.882519E-16	5.191971E-17
3.736700E+03	6.875445E-16	5.186619E-17
3.737000E+03	6.874577E-16	5.185940E-17
3.737100E+03	6.869382E-16	5.182014E-17
3.737400E+03	6.871046E-16	5.183245E-17
3.737600E+03	6.880440E-16	5.190316E-17
3.737900E+03	6.881948E-16	5.191430E-17
3.738100E+03	6.894056E-16	5.200547E-17
3.738400E+03	6.898425E-16	5.203819E-17
3.738600E+03	6.901816E-16	5.206361E-17
3.738900E+03	6.903010E-16	5.207238E-17
3.739100E+03	6.896710E-16	5.202470E-17
3.739400E+03	6.896950E-16	5.202627E-17
3.739600E+03	6.885104E-16	5.193675E-17
3.739900E+03	6.891213E-16	5.198259E-17
3.740100E+03	6.898412E-16	5.203674E-17
3.740400E+03	6.905645E-16	5.209106E-17
3.740600E+03	6.914292E-16	5.215613E-17
3.740900E+03	6.921382E-16	5.220937E-17
3.741100E+03	6.919684E-16	5.219640E-17
3.741400E+03	6.927896E-16	5.225811E-17
3.741700E+03	6.924789E-16	5.223443E-17
3.741900E+03	6.926598E-16	5.224791E-17
3.742200E+03	6.940569E-16	5.235306E-17
3.742400E+03	6.943662E-16	5.237623E-17
3.742700E+03	6.951103E-16	5.243211E-17
3.742900E+03	6.957083E-16	5.247706E-17
3.743200E+03	6.966783E-16	5.254998E-17
3.743400E+03	6.969566E-16	5.257081E-17
3.743700E+03	6.965638E-16	5.254094E-17
3.743900E+03	6.971629E-16	5.258597E-17
3.744200E+03	6.968663E-16	5.256335E-17
3.744400E+03	6.972249E-16	5.259024E-17
3.744700E+03	6.966875E-16	5.254947E-17
3.744900E+03	6.964525E-16	5.253158E-17
3.745200E+03	6.960279E-16	5.249931E-17
3.745400E+03	6.967871E-16	5.255641E-17
3.745700E+03	6.964264E-16	5.252897E-17
3.745900E+03	6.971218E-16	5.258125E-17
3.746200E+03	6.965043E-16	5.253444E-17
3.746400E+03	6.970232E-16	5.257341E-17
3.746700E+03	6.968550E-16	5.256049E-17
3.746900E+03	6.969087E-16	5.256437E-17
3.747200E+03	6.988131E-16	5.270777E-17
3.747400E+03	6.979823E-16	5.264495E-17
3.747600E+03	6.975381E-16	5.261127E-17
3.747900E+03	6.971609E-16	5.258259E-17
3.748100E+03	6.961880E-16	5.250904E-17
3.748400E+03	6.962604E-16	5.251426E-17
3.748600E+03	6.949204E-16	5.241303E-17
3.748900E+03	6.942730E-16	5.236396E-17
3.749100E+03	6.954465E-16	5.245231E-17
3.749400E+03	6.947665E-16	5.240077E-17
3.749600E+03	6.949800E-16	5.241672E-17
3.749900E+03	6.944444E-16	5.237607E-17
3.750100E+03	6.949297E-16	5.241252E-17
3.750400E+03	6.941384E-16	5.235260E-17
3.750600E+03	6.940640E-16	5.234682E-17
3.750900E+03	6.945679E-16	5.238458E-17
3.751100E+03	6.943335E-16	5.236674E-17
3.751400E+03	6.948375E-16	5.240451E-17
3.751600E+03	6.950831E-16	5.242287E-17
3.751900E+03	6.955397E-16	5.245706E-17
3.752200E+03	6.957401E-16	5.247194E-17
3.752400E+03	6.962585E-16	5.251087E-17
3.752700E+03	6.956258E-16	5.246291E-17
3.752900E+03	6.966251E-16	5.253812E-17
3.753200E+03	6.965051E-16	5.252882E-17
3.753400E+03	6.956771E-16	5.246621E-17
3.753700E+03	6.958617E-16	5.247989E-17
3.753900E+03	6.954827E-16	5.245114E-17
3.754200E+03	6.959396E-16	5.248536E-17
3.754400E+03	6.962336E-16	5.250737E-17
3.754700E+03	6.969637E-16	5.256218E-17
3.754900E+03	6.973705E-16	5.259270E-17
3.755200E+03	6.977322E-16	5.261973E-17
3.755400E+03	6.975611E-16	5.260666E-17
3.755700E+03	6.976497E-16	5.261310E-17
3.755900E+03	6.976873E-16	5.261578E-17
3.756200E+03	6.981617E-16	5.265130E-17
3.756500E+03	6.978807E-16	5.262987E-17
3.756700E+03	6.974364E-16	5.259620E-17
3.757000E+03	6.958888E-16	5.247925E-17
3.757200E+03	6.961347E-16	5.249762E-17
3.757500E+03	6.973783E-16	5.259117E-17
3.757600E+03	6.982487E-16	5.265673E-17
3.757900E+03	6.984661E-16	5.267287E-17
3.758100E+03	6.990509E-16	5.271681E-17
3.758400E+03	7.004772E-16	5.282412E-17
3.758600E+03	7.005956E-16	5.283289E-17
3.758900E+03	6.992341E-16	5.272997E-17
3.759100E+03	6.995296E-16	5.275209E-17
3.759400E+03	6.999246E-16	5.278163E-17
3.759600E+03	7.011238E-16	5.287189E-17
3.759900E+03	7.018106E-16	5.292344E-17
3.760100E+03	7.037256E-16	5.306769E-17
3.760400E+03	7.038150E-16	5.307418E-17
3.760700E+03	7.039044E-16	5.308067E-17
3.760900E+03	7.037155E-16	5.306627E-17
3.761200E+03	7.018469E-16	5.292510E-17
3.761400E+03	7.021272E-16	5.294608E-17
3.761700E+03	7.029120E-16	5.300501E-17
3.761900E+03	7.020927E-16	5.294306E-17
3.762200E+03	7.020202E-16	5.293735E-17
3.762400E+03	7.011051E-16	5.286818E-17
3.762700E+03	7.013394E-16	5.288560E-17
3.762900E+03	7.013289E-16	5.288464E-17
3.763200E+03	7.014664E-16	5.289477E-17
3.763400E+03	7.015690E-16	5.290234E-17
3.763700E+03	7.002701E-16	5.280414E-17
3.764000E+03	7.005042E-16	5.282155E-17
3.764200E+03	7.010423E-16	5.286196E-17
3.764500E+03	7.017290E-16	5.291349E-17
3.764700E+03	7.032227E-16	5.302596E-17
3.765000E+03	7.021955E-16	5.294825E-17
3.765200E+03	7.021365E-16	5.294364E-17
3.765500E+03	7.019185E-16	5.292696E-17
3.765700E+03	7.018918E-16	5.292478E-17
3.766000E+03	7.028706E-16	5.299833E-17
3.766200E+03	7.034267E-16	5.304010E-17
3.766500E+03	7.041644E-16	5.309547E-17
3.766700E+03	7.048999E-16	5.315077E-17
3.767000E+03	7.047137E-16	5.313647E-17
3.767200E+03	7.034547E-16	5.304138E-17
3.767500E+03	7.045168E-16	5.312121E-17
3.767800E+03	7.051095E-16	5.316565E-17
3.767900E+03	7.054209E-16	5.318904E-17
3.768200E+03	7.067299E-16	5.328749E-17
3.768400E+03	7.078756E-16	5.337372E-17
3.768700E+03	7.077374E-16	5.336304E-17
3.768900E+03	7.077756E-16	5.336576E-17
3.769200E+03	7.083384E-16	5.340794E-17
3.769400E+03	7.074964E-16	5.334429E-17
3.769700E+03	7.065933E-16	5.327594E-17
3.769900E+03	7.057209E-16	5.321000E-17
3.770200E+03	7.051770E-16	5.316874E-17
3.770400E+03	7.042901E-16	5.310170E-17
3.770700E+03	7.034072E-16	5.303488E-17
3.771000E+03	7.024768E-16	5.296449E-17
3.771200E+03	7.014157E-16	5.288431E-17
3.771500E+03	6.999881E-16	5.277643E-17
3.771700E+03	6.992044E-16	5.271718E-17
3.772000E+03	6.979099E-16	5.261933E-17
3.772200E+03	6.968235E-16	5.253726E-17
3.772500E+03	6.953413E-16	5.242526E-17
3.772700E+03	6.948187E-16	5.238569E-17
3.773000E+03	6.942673E-16	5.234387E-17
3.773200E+03	6.944167E-16	5.235497E-17
3.773500E+03	6.954812E-16	5.243498E-17
3.773800E+03	6.964991E-16	5.251148E-17
3.774000E+03	6.959917E-16	5.247306E-17
3.774300E+03	6.968018E-16	5.253388E-17
3.774500E+03	6.955250E-16	5.243745E-17
3.774800E+03	6.958537E-16	5.246199E-17
3.775000E+03	6.935559E-16	5.228859E-17
3.775300E+03	6.932608E-16	5.226609E-17
3.775500E+03	6.917834E-16	5.215454E-17
3.775800E+03	6.915368E-16	5.213571E-17
3.776000E+03	6.921158E-16	5.217920E-17
3.776300E+03	6.933364E-16	5.227097E-17
3.776500E+03	6.931025E-16	5.225317E-17
3.776800E+03	6.933503E-16	5.227160E-17
3.777100E+03	6.914295E-16	5.212655E-17
3.777300E+03	6.913236E-16	5.211840E-17
3.777600E+03	6.909500E-16	5.208999E-17
3.777800E+03	6.913534E-16	5.212023E-17
3.778100E+03	6.921900E-16	5.218306E-17
3.778200E+03	6.927029E-16	5.222164E-17
3.778500E+03	6.909589E-16	5.208992E-17
3.778700E+03	6.921587E-16	5.218021E-17
3.779000E+03	6.925497E-16	5.220943E-17
3.779200E+03	6.922842E-16	5.218925E-17
3.779500E+03	6.923244E-16	5.219204E-17
3.779800E+03	6.935294E-16	5.228263E-17
3.780000E+03	6.937106E-16	5.229612E-17
3.780300E+03	6.948860E-16	5.238449E-17
3.780500E+03	6.964935E-16	5.250550E-17
3.780800E+03	6.973523E-16	5.256999E-17
3.781000E+03	6.966518E-16	5.251701E-17
3.781300E+03	6.971255E-16	5.255247E-17
3.781500E+03	6.972916E-16	5.256483E-17
3.781800E+03	6.980711E-16	5.262334E-17
3.782000E+03	6.981892E-16	5.263208E-17
3.782300E+03	6.984388E-16	5.265065E-17
3.782600E+03	6.977721E-16	5.260014E-17
3.782800E+03	6.985172E-16	5.265614E-17
3.783100E+03	7.004583E-16	5.280221E-17
3.783300E+03	7.006737E-16	5.281828E-17
3.783600E+03	7.003433E-16	5.279313E-17
3.783800E+03	7.007684E-16	5.282500E-17
3.784100E+03	6.999061E-16	5.275975E-17
3.784300E+03	7.010569E-16	5.284633E-17
3.784600E+03	7.008393E-16	5.282967E-17
3.784900E+03	7.007509E-16	5.282276E-17
3.785100E+03	7.010147E-16	5.284248E-17
3.785400E+03	7.012492E-16	5.285990E-17
3.785600E+03	7.007868E-16	5.282488E-17
3.785900E+03	7.011019E-16	5.284838E-17
3.786100E+03	6.990120E-16	5.269067E-17
3.786400E+03	6.990848E-16	5.269591E-17
3.786600E+03	6.986559E-16	5.266341E-17
3.786900E+03	6.981015E-16	5.262137E-17
3.787100E+03	6.972717E-16	5.255866E-17
3.787400E+03	6.956924E-16	5.243937E-17
3.787700E+03	6.946123E-16	5.235770E-17
3.787900E+03	6.931161E-16	5.224476E-17
3.788200E+03	6.915622E-16	5.212738E-17
3.788400E+03	6.904539E-16	5.204368E-17
3.788600E+03	6.901416E-16	5.201997E-17
3.788800E+03	6.902584E-16	5.202860E-17
3.789100E+03	6.900125E-16	5.200982E-17
3.789300E+03	6.896527E-16	5.198254E-17
3.789600E+03	6.887406E-16	5.191354E-17
3.789900E+03	6.890820E-16	5.193902E-17
3.790100E+03	6.884690E-16	5.189265E-17
3.790400E+03	6.894450E-16	5.196597E-17
3.790600E+03	6.910400E-16	5.208602E-17
3.790900E+03	6.906824E-16	5.205882E-17
3.791100E+03	6.919933E-16	5.215746E-17
3.791400E+03	6.924798E-16	5.219388E-17
3.791600E+03	6.932193E-16	5.224945E-17
3.791900E+03	6.942499E-16	5.232688E-17
3.792200E+03	6.949620E-16	5.238030E-17
3.792400E+03	6.960246E-16	5.246022E-17
3.792700E+03	6.971879E-16	5.254765E-17
3.792900E+03	6.974504E-16	5.256726E-17
3.793200E+03	6.978605E-16	5.259792E-17
3.793400E+03	6.980911E-16	5.261513E-17
3.793700E+03	6.979548E-16	5.260461E-17
3.793900E+03	6.986036E-16	5.265334E-17
3.794200E+03	6.986764E-16	5.265857E-17
3.794500E+03	6.991193E-16	5.269170E-17
3.794700E+03	6.995275E-16	5.272230E-17
3.795000E+03	6.990529E-16	5.268628E-17
3.795200E+03	6.996060E-16	5.272780E-17
3.795500E+03	6.997756E-16	5.274032E-17
3.795700E+03	6.998780E-16	5.274787E-17
3.796000E+03	6.992904E-16	5.270333E-17
3.796200E+03	6.989419E-16	5.267689E-17
3.796500E+03	6.999327E-16	5.275132E-17
3.796800E+03	7.007798E-16	5.281490E-17
3.797000E+03	7.013665E-16	5.285896E-17
3.797300E+03	7.018274E-16	5.289343E-17
3.797500E+03	7.013645E-16	5.285838E-17
3.797800E+03	7.016961E-16	5.288311E-17
3.798000E+03	7.027528E-16	5.296258E-17
3.798300E+03	7.033117E-16	5.300445E-17
3.798500E+03	7.031716E-16	5.299372E-17
3.798700E+03	7.037766E-16	5.303915E-17
3.799000E+03	7.035583E-16	5.302244E-17
3.799200E+03	7.032886E-16	5.300194E-17
3.799500E+03	7.032648E-16	5.299989E-17
3.799700E+03	7.043886E-16	5.308442E-17
3.800000E+03	7.055822E-16	5.317411E-17
3.800200E+03	7.055392E-16	5.317069E-17
3.800500E+03	7.056127E-16	5.317598E-17
3.800700E+03	7.054884E-16	5.316645E-17
3.801000E+03	7.054970E-16	5.316683E-17
3.801300E+03	7.056192E-16	5.317578E-17
3.801500E+03	7.057062E-16	5.318217E-17
3.801800E+03	7.057309E-16	5.318378E-17
3.802000E+03	7.061268E-16	5.321344E-17
3.802300E+03	7.068674E-16	5.326899E-17
3.802500E+03	7.080623E-16	5.335886E-17
3.802800E+03	7.080708E-16	5.335925E-17
3.803100E+03	7.086830E-16	5.340512E-17
3.803300E+03	7.074659E-16	5.331323E-17
3.803600E+03	7.070185E-16	5.327926E-17
3.803800E+03	7.077083E-16	5.333107E-17
3.804100E+03	7.070979E-16	5.328482E-17
3.804300E+03	7.090274E-16	5.343004E-17
3.804600E+03	7.081060E-16	5.336035E-17
3.804800E+03	7.082096E-16	5.336799E-17
3.805100E+03	7.088545E-16	5.341632E-17
3.805400E+03	7.093039E-16	5.344993E-17
3.805600E+03	7.097671E-16	5.348466E-17
3.805900E+03	7.097757E-16	5.348505E-17
3.806100E+03	7.095527E-16	5.346807E-17
3.806400E+03	7.103296E-16	5.352636E-17
3.806600E+03	7.115795E-16	5.362037E-17
3.806900E+03	7.118831E-16	5.364299E-17
3.807200E+03	7.130073E-16	5.372744E-17
3.807400E+03	7.128324E-16	5.371409E-17
3.807700E+03	7.125457E-16	5.369222E-17
3.807900E+03	7.136188E-16	5.377291E-17
3.808200E+03	7.134631E-16	5.376092E-17
3.808400E+03	7.142415E-16	5.381939E-17
3.808700E+03	7.141022E-16	5.380864E-17
3.808900E+03	7.147824E-16	5.385972E-17
3.809100E+03	7.153315E-16	5.390092E-17
3.809400E+03	7.157686E-16	5.393359E-17
3.809600E+03	7.158238E-16	5.393758E-17
3.809900E+03	7.152559E-16	5.389452E-17
3.810100E+03	7.155747E-16	5.391837E-17
3.810400E+03	7.157975E-16	5.393490E-17
3.810600E+03	7.156221E-16	5.392151E-17
3.810900E+03	7.160428E-16	5.395295E-17
3.811200E+03	7.158867E-16	5.394092E-17
3.811400E+03	7.164862E-16	5.398591E-17
3.811700E+03	7.171386E-16	5.403481E-17
3.811900E+03	7.169298E-16	5.401890E-17
3.812200E+03	7.174504E-16	5.405787E-17
3.812400E+03	7.165813E-16	5.399220E-17
3.812700E+03	7.161281E-16	5.395779E-17
3.813000E+03	7.172094E-16	5.403900E-17
3.813200E+03	7.176448E-16	5.407163E-17
3.813500E+03	7.179344E-16	5.409319E-17
3.813700E+03	7.176097E-16	5.406855E-17
3.814000E+03	7.183293E-16	5.412250E-17
3.814200E+03	7.183682E-16	5.412526E-17
3.814500E+03	7.188238E-16	5.415932E-17
3.814800E+03	7.189649E-16	5.416969E-17
3.815000E+03	7.204291E-16	5.427983E-17
3.815300E+03	7.213508E-16	5.434901E-17
3.815500E+03	7.229529E-16	5.446954E-17
3.815800E+03	7.227620E-16	5.445489E-17
3.816000E+03	7.220526E-16	5.440126E-17
3.816300E+03	7.225104E-16	5.443549E-17
3.816600E+03	7.223197E-16	5.442085E-17
3.816800E+03	7.218433E-16	5.438479E-17
3.817100E+03	7.216693E-16	5.437141E-17
3.817300E+03	7.212930E-16	5.434288E-17
3.817600E+03	7.215843E-16	5.436456E-17
3.817800E+03	7.220389E-16	5.439863E-17
3.818100E+03	7.223637E-16	5.442284E-17
3.818400E+03	7.221230E-16	5.440443E-17
3.818600E+03	7.217964E-16	5.437965E-17
3.818900E+03	7.214894E-16	5.435626E-17
3.819100E+03	7.222599E-16	5.441413E-17
3.819300E+03	7.218003E-16	5.437933E-17
3.819500E+03	7.216400E-16	5.436707E-17
3.819800E+03	7.213995E-16	5.434869E-17
3.820100E+03	7.221895E-16	5.440794E-17
3.820300E+03	7.224449E-16	5.442700E-17
3.820600E+03	7.226366E-16	5.444118E-17
3.820800E+03	7.221435E-16	5.440385E-17
3.821100E+03	7.226680E-16	5.444310E-17
3.821300E+03	7.232066E-16	5.448349E-17
3.821600E+03	7.238318E-16	5.453032E-17
3.821900E+03	7.244910E-16	5.457972E-17
3.822100E+03	7.251811E-16	5.463153E-17
3.822400E+03	7.256409E-16	5.466590E-17
3.822600E+03	7.250957E-16	5.462465E-17
3.822900E+03	7.249877E-16	5.461624E-17
3.823100E+03	7.243595E-16	5.456874E-17
3.823400E+03	7.242182E-16	5.455783E-17
3.823700E+03	7.239603E-16	5.453813E-17
3.823900E+03	7.244331E-16	5.457357E-17
3.824200E+03	7.250761E-16	5.462174E-17
3.824400E+03	7.246147E-16	5.458681E-17
3.824700E+03	7.243400E-16	5.456584E-17
3.824900E+03	7.242291E-16	5.455731E-17
3.825200E+03	7.246884E-16	5.459164E-17
3.825500E+03	7.257827E-16	5.467380E-17
3.825700E+03	7.259557E-16	5.468666E-17
3.826000E+03	7.256304E-16	5.466188E-17
3.826200E+03	7.256696E-16	5.466466E-17
3.826500E+03	7.258624E-16	5.467891E-17
3.826800E+03	7.261888E-16	5.470323E-17
3.827000E+03	7.257434E-16	5.466950E-17
3.827300E+03	7.251342E-16	5.462334E-17
3.827500E+03	7.248898E-16	5.460474E-17
3.827800E+03	7.239645E-16	5.453478E-17
3.828000E+03	7.243039E-16	5.456016E-17
3.828300E+03	7.229464E-16	5.445764E-17
3.828600E+03	7.234049E-16	5.449191E-17
3.828800E+03	7.235107E-16	5.449970E-17
3.829100E+03	7.238529E-16	5.452520E-17
3.829300E+03	7.244924E-16	5.457319E-17
3.829500E+03	7.256002E-16	5.465646E-17
3.829700E+03	7.273123E-16	5.478525E-17
3.830000E+03	7.272375E-16	5.477934E-17
3.830300E+03	7.283357E-16	5.486179E-17
3.830500E+03	7.289120E-16	5.490502E-17
3.830800E+03	7.290384E-16	5.491427E-17
3.831000E+03	7.291619E-16	5.492339E-17
3.831300E+03	7.300276E-16	5.498833E-17
3.831600E+03	7.302215E-16	5.500266E-17
3.831800E+03	7.309003E-16	5.505361E-17
3.832100E+03	7.315154E-16	5.509967E-17
3.832300E+03	7.328701E-16	5.520153E-17
3.832600E+03	7.330310E-16	5.521337E-17
3.832800E+03	7.336110E-16	5.525688E-17
3.833100E+03	7.337214E-16	5.526492E-17
3.833400E+03	7.334771E-16	5.524624E-17
3.833600E+03	7.342941E-16	5.530760E-17
3.833900E+03	7.341510E-16	5.529654E-17
3.834100E+03	7.356292E-16	5.540770E-17
3.834400E+03	7.357229E-16	5.541448E-17
3.834600E+03	7.362543E-16	5.545432E-17
3.834900E+03	7.369587E-16	5.550710E-17
3.835200E+03	7.373241E-16	5.553435E-17
3.835400E+03	7.377038E-16	5.556276E-17
3.835700E+03	7.377128E-16	5.556317E-17
3.835900E+03	7.382116E-16	5.560055E-17
3.836200E+03	7.384757E-16	5.562017E-17
3.836500E+03	7.394036E-16	5.568978E-17
3.836700E+03	7.385248E-16	5.562341E-17
3.837000E+03	7.383639E-16	5.561101E-17
3.837200E+03	7.393226E-16	5.568303E-17
3.837500E+03	7.396892E-16	5.571037E-17
3.837800E+03	7.406015E-16	5.577880E-17
3.838000E+03	7.409317E-16	5.580348E-17
3.838300E+03	7.417602E-16	5.586560E-17
3.838500E+03	7.421934E-16	5.589804E-17
3.838800E+03	7.422366E-16	5.590102E-17
3.839000E+03	7.432689E-16	5.597858E-17
3.839300E+03	7.443227E-16	5.605767E-17
3.839600E+03	7.437665E-16	5.601550E-17
3.839800E+03	7.427457E-16	5.593843E-17
3.840000E+03	7.437787E-16	5.601604E-17
3.840200E+03	7.446416E-16	5.608084E-17
3.840500E+03	7.444793E-16	5.606834E-17
3.840800E+03	7.434777E-16	5.599263E-17
3.841000E+03	7.438434E-16	5.601999E-17
3.841300E+03	7.440581E-16	5.603588E-17
3.841500E+03	7.439614E-16	5.602841E-17
3.841800E+03	7.442961E-16	5.605334E-17
3.842000E+03	7.443365E-16	5.605619E-17
3.842300E+03	7.440714E-16	5.603595E-17
3.842600E+03	7.442005E-16	5.604539E-17
3.842800E+03	7.432134E-16	5.597086E-17
3.843100E+03	7.431370E-16	5.596483E-17
3.843300E+03	7.439820E-16	5.602828E-17
3.843600E+03	7.431864E-16	5.596809E-17
3.843900E+03	7.433325E-16	5.597881E-17
3.844100E+03	7.429621E-16	5.595073E-17
3.844400E+03	7.417747E-16	5.586103E-17
3.844600E+03	7.407055E-16	5.578033E-17
3.844900E+03	7.398965E-16	5.571912E-17
3.845200E+03	7.393436E-16	5.567720E-17
3.845400E+03	7.389241E-16	5.564543E-17
3.845700E+03	7.397674E-16	5.570866E-17
3.845900E+03	7.396202E-16	5.569738E-17
3.846200E+03	7.399870E-16	5.572473E-17
3.846400E+03	7.407091E-16	5.577892E-17
3.846700E+03	7.406500E-16	5.577419E-17
3.847000E+03	7.408979E-16	5.579258E-17
3.847200E+03	7.406992E-16	5.577743E-17
3.847500E+03	7.400436E-16	5.572778E-17
3.847700E+03	7.398452E-16	5.571265E-17
3.848000E+03	7.404849E-16	5.576055E-17
3.848300E+03	7.403235E-16	5.574811E-17
3.848500E+03	7.398183E-16	5.570989E-17
3.848800E+03	7.392485E-16	5.566669E-17
3.849000E+03	7.383530E-16	5.559908E-17
3.849300E+03	7.379541E-16	5.556877E-17
3.849600E+03	7.389154E-16	5.564087E-17
3.849800E+03	7.394150E-16	5.567831E-17
3.850100E+03	7.400714E-16	5.572745E-17
3.850200E+03	7.397849E-16	5.570578E-17
3.850500E+03	7.392491E-16	5.566516E-17
3.850800E+03	7.385096E-16	5.560919E-17
3.851000E+03	7.387028E-16	5.562355E-17
3.851300E+03	7.386949E-16	5.562268E-17
3.851500E+03	7.388881E-16	5.563704E-17
3.851800E+03	7.388461E-16	5.563360E-17
3.852100E+03	7.391785E-16	5.565835E-17
3.852300E+03	7.387082E-16	5.562275E-17
3.852600E+03	7.390066E-16	5.564494E-17
3.852800E+03	7.394551E-16	5.567853E-17
3.853100E+03	7.389877E-16	5.564305E-17
3.853400E+03	7.402741E-16	5.573963E-17
3.853600E+03	7.402291E-16	5.573605E-17
3.853900E+03	7.406303E-16	5.576598E-17
3.854100E+03	7.413189E-16	5.581764E-17
3.854400E+03	7.410379E-16	5.579620E-17
3.854600E+03	7.408734E-16	5.578363E-17
3.854900E+03	7.400130E-16	5.571857E-17
3.855200E+03	7.399199E-16	5.571128E-17
3.855400E+03	7.393810E-16	5.567051E-17
3.855700E+03	7.396796E-16	5.569272E-17
3.855900E+03	7.404185E-16	5.574816E-17
3.856200E+03	7.409222E-16	5.578580E-17
3.856500E+03	7.408973E-16	5.578364E-17
3.856700E+03	7.420130E-16	5.586747E-17
3.857000E+03	7.418514E-16	5.585502E-17
3.857200E+03	7.420625E-16	5.587072E-17
3.857500E+03	7.422597E-16	5.588528E-17
3.857800E+03	7.422860E-16	5.588698E-17
3.858000E+03	7.426682E-16	5.591557E-17
3.858300E+03	7.414812E-16	5.582592E-17
3.858500E+03	7.409583E-16	5.578636E-17
3.858800E+03	7.402512E-16	5.573284E-17
3.859100E+03	7.397663E-16	5.569605E-17
3.859300E+03	7.400449E-16	5.571684E-17
3.859600E+03	7.397304E-16	5.569288E-17
3.859800E+03	7.395151E-16	5.567648E-17
3.860100E+03	7.393029E-16	5.566023E-17
3.860400E+03	7.387165E-16	5.561579E-17
3.860500E+03	7.371224E-16	5.549568E-17
3.860800E+03	7.367920E-16	5.547053E-17
3.861000E+03	7.374431E-16	5.551936E-17
3.861300E+03	7.370618E-16	5.549038E-17
3.861600E+03	7.361719E-16	5.542310E-17
3.861800E+03	7.358222E-16	5.539658E-17
3.862100E+03	7.355771E-16	5.537785E-17
3.862300E+03	7.353970E-16	5.536410E-17
3.862600E+03	7.359990E-16	5.540914E-17
3.862900E+03	7.367541E-16	5.546571E-17
3.863100E+03	7.360311E-16	5.541109E-17
3.863400E+03	7.363792E-16	5.543702E-17
3.863600E+03	7.362666E-16	5.542835E-17
3.863900E+03	7.360215E-16	5.540961E-17
3.864200E+03	7.355901E-16	5.537686E-17
3.864400E+03	7.355285E-16	5.537203E-17
3.864700E+03	7.356223E-16	5.537881E-17
3.864900E+03	7.353066E-16	5.535486E-17
3.865200E+03	7.346218E-16	5.530303E-17
3.865500E+03	7.348847E-16	5.532253E-17
3.865700E+03	7.340790E-16	5.526169E-17
3.866000E+03	7.337332E-16	5.523538E-17
3.866300E+03	7.331512E-16	5.519129E-17
3.866500E+03	7.332080E-16	5.519537E-17
3.866800E+03	7.329807E-16	5.517799E-17
3.867000E+03	7.337466E-16	5.523546E-17
3.867300E+03	7.332153E-16	5.519518E-17
3.867600E+03	7.321784E-16	5.511684E-17
3.867800E+03	7.321507E-16	5.511457E-17
3.868100E+03	7.315531E-16	5.506930E-17
3.868300E+03	7.291879E-16	5.489107E-17
3.868600E+03	7.295496E-16	5.491802E-17
3.868900E+03	7.296427E-16	5.492474E-17
3.869100E+03	7.300352E-16	5.495411E-17
3.869400E+03	7.307170E-16	5.500515E-17
3.869600E+03	7.306390E-16	5.499909E-17
3.869900E+03	7.291187E-16	5.488437E-17
3.870200E+03	7.282720E-16	5.482035E-17
3.870400E+03	7.278086E-16	5.478528E-17
3.870700E+03	7.267794E-16	5.470753E-17
3.870800E+03	7.258625E-16	5.463842E-17
3.871100E+03	7.247192E-16	5.455208E-17
3.871400E+03	7.242444E-16	5.451606E-17
3.871600E+03	7.239670E-16	5.449500E-17
3.871900E+03	7.227601E-16	5.440387E-17
3.872100E+03	7.217184E-16	5.432528E-17
3.872400E+03	7.206314E-16	5.424317E-17
3.872700E+03	7.204579E-16	5.422984E-17
3.872900E+03	7.202648E-16	5.421512E-17
3.873200E+03	7.206054E-16	5.424048E-17
3.873400E+03	7.206114E-16	5.424075E-17
3.873700E+03	7.197084E-16	5.417250E-17
3.874000E+03	7.180785E-16	5.404954E-17
3.874200E+03	7.174895E-16	5.400502E-17
3.874500E+03	7.155846E-16	5.386136E-17
3.874800E+03	7.155110E-16	5.385555E-17
3.875000E+03	7.148089E-16	5.380252E-17
3.875300E+03	7.141761E-16	5.375462E-17
3.875500E+03	7.133111E-16	5.368932E-17
3.875800E+03	7.117285E-16	5.356993E-17
3.876100E+03	7.095447E-16	5.340529E-17
3.876300E+03	7.102534E-16	5.345845E-17
3.876600E+03	7.088246E-16	5.335063E-17
3.876800E+03	7.084551E-16	5.332264E-17
3.877100E+03	7.071438E-16	5.322367E-17
3.877400E+03	7.057050E-16	5.311510E-17
3.877600E+03	7.052723E-16	5.308235E-17
3.877900E+03	7.049076E-16	5.305463E-17
3.878100E+03	7.053031E-16	5.308422E-17
3.878400E+03	7.056693E-16	5.311151E-17
3.878700E+03	7.051583E-16	5.307277E-17
3.878900E+03	7.043528E-16	5.301197E-17
3.879200E+03	7.044102E-16	5.301602E-17
3.879500E+03	7.037543E-16	5.296638E-17
3.879700E+03	7.029989E-16	5.290934E-17
3.880000E+03	7.023281E-16	5.285858E-17
3.880200E+03	7.013804E-16	5.278708E-17
3.880500E+03	7.005337E-16	5.272309E-17
3.880800E+03	6.998331E-16	5.267008E-17
3.880900E+03	7.001745E-16	5.269569E-17
3.881200E+03	6.995225E-16	5.264635E-17
3.881400E+03	6.984982E-16	5.256908E-17
3.881700E+03	6.976068E-16	5.250172E-17
3.882000E+03	6.975834E-16	5.249969E-17
3.882200E+03	6.980552E-16	5.253501E-17
3.882500E+03	6.962659E-16	5.240008E-17
3.882800E+03	6.960983E-16	5.238720E-17
3.883000E+03	6.951591E-16	5.231634E-17
3.883300E+03	6.944638E-16	5.226374E-17
3.883500E+03	6.939740E-16	5.222670E-17
3.883800E+03	6.935833E-16	5.219703E-17
3.884100E+03	6.931768E-16	5.216617E-17
3.884300E+03	6.927837E-16	5.213641E-17
3.884600E+03	6.921067E-16	5.208519E-17
3.884800E+03	6.906956E-16	5.197881E-17
3.885100E+03	6.901319E-16	5.193612E-17
3.885400E+03	6.890132E-16	5.185167E-17
3.885600E+03	6.880677E-16	5.178034E-17
3.885900E+03	6.888372E-16	5.183797E-17
3.886200E+03	6.892901E-16	5.187179E-17
3.886400E+03	6.904236E-16	5.195691E-17
3.886700E+03	6.901461E-16	5.193576E-17
3.886900E+03	6.896276E-16	5.189657E-17
3.887200E+03	6.900016E-16	5.192444E-17
3.887500E+03	6.898990E-16	5.191644E-17
3.887700E+03	6.899524E-16	5.192029E-17
3.888000E+03	6.895798E-16	5.189198E-17
3.888300E+03	6.889378E-16	5.184340E-17
3.888500E+03	6.905634E-16	5.196555E-17
3.888800E+03	6.910016E-16	5.199825E-17
3.889000E+03	6.908483E-16	5.198653E-17
3.889300E+03	6.904592E-16	5.195699E-17
3.889600E+03	6.909133E-16	5.199089E-17
3.889800E+03	6.905850E-16	5.196600E-17
3.890100E+03	6.906095E-16	5.196758E-17
3.890300E+03	6.902337E-16	5.193912E-17
3.890600E+03	6.904013E-16	5.195146E-17
3.890900E+03	6.900603E-16	5.192554E-17
3.891100E+03	6.901931E-16	5.193535E-17
3.891300E+03	6.900877E-16	5.192724E-17
3.891600E+03	6.908913E-16	5.198743E-17
3.891800E+03	6.911357E-16	5.200565E-17
3.892100E+03	6.903332E-16	5.194499E-17
3.892300E+03	6.905933E-16	5.196439E-17
3.892600E+03	6.913816E-16	5.202343E-17
3.892900E+03	6.906584E-16	5.196874E-17
3.893100E+03	6.906323E-16	5.196659E-17
3.893400E+03	6.901004E-16	5.192631E-17
3.893700E+03	6.906496E-16	5.196736E-17
3.893900E+03	6.900989E-16	5.192574E-17
3.894200E+03	6.903460E-16	5.194406E-17
3.894400E+03	6.887957E-16	5.182723E-17
3.894700E+03	6.886299E-16	5.181449E-17
3.895000E+03	6.887654E-16	5.182441E-17
3.895200E+03	6.887870E-16	5.182586E-17
3.895500E+03	6.881773E-16	5.177972E-17
3.895800E+03	6.883604E-16	5.179322E-17
3.896000E+03	6.879541E-16	5.176247E-17
3.896300E+03	6.882796E-16	5.178669E-17
3.896500E+03	6.880477E-16	5.176906E-17
3.896800E+03	6.881039E-16	5.177302E-17
3.897100E+03	6.881125E-16	5.177340E-17
3.897300E+03	6.874689E-16	5.172480E-17
3.897600E+03	6.877466E-16	5.174542E-17
3.897900E+03	6.878186E-16	5.175057E-17
3.898100E+03	6.883789E-16	5.179254E-17
3.898400E+03	6.892917E-16	5.186095E-17
3.898600E+03	6.906796E-16	5.196519E-17
3.898900E+03	6.898459E-16	5.190219E-17
3.899200E+03	6.895686E-16	5.188106E-17
3.899400E+03	6.898921E-16	5.190522E-17
3.899700E+03	6.910295E-16	5.199052E-17
3.900000E+03	6.911178E-16	5.199689E-17
3.900200E+03	6.919515E-16	5.205944E-17
3.900500E+03	6.925659E-16	5.210539E-17
3.900700E+03	6.931780E-16	5.215126E-17
3.901000E+03	6.923094E-16	5.208564E-17
3.901300E+03	6.927486E-16	5.211841E-17
3.901500E+03	6.927704E-16	5.211986E-17
3.901700E+03	6.927283E-16	5.211652E-17
3.902000E+03	6.931678E-16	5.214931E-17
3.902200E+03	6.931418E-16	5.214716E-17
3.902500E+03	6.934378E-16	5.216916E-17
3.902700E+03	6.931083E-16	5.214419E-17
3.903000E+03	6.932926E-16	5.215779E-17
3.903300E+03	6.932055E-16	5.215096E-17
3.903500E+03	6.930039E-16	5.213561E-17
3.903800E+03	6.927573E-16	5.211678E-17
3.904100E+03	6.925268E-16	5.209917E-17
3.904300E+03	6.921978E-16	5.207424E-17
3.904600E+03	6.925572E-16	5.210100E-17
3.904800E+03	6.922123E-16	5.207487E-17
3.905100E+03	6.916793E-16	5.203451E-17
3.905400E+03	6.914650E-16	5.201811E-17
3.905600E+03	6.914390E-16	5.201597E-17
3.905900E+03	6.920848E-16	5.206428E-17
3.906200E+03	6.922051E-16	5.207306E-17
3.906400E+03	6.929924E-16	5.213210E-17
3.906700E+03	6.920603E-16	5.206170E-17
3.907000E+03	6.921167E-16	5.206568E-17
3.907200E+03	6.924733E-16	5.209231E-17
3.907500E+03	6.931679E-16	5.214430E-17
3.907700E+03	6.932855E-16	5.215296E-17
3.908000E+03	6.923371E-16	5.208134E-17
3.908300E+03	6.922501E-16	5.207452E-17
3.908500E+03	6.919372E-16	5.205080E-17
3.908800E+03	6.908315E-16	5.196735E-17
3.909100E+03	6.916997E-16	5.203239E-17
3.909300E+03	6.901783E-16	5.191776E-17
3.909600E+03	6.906480E-16	5.195282E-17
3.909800E+03	6.901768E-16	5.191719E-17
3.910100E+03	6.898519E-16	5.189248E-17
3.910400E+03	6.897017E-16	5.188091E-17
3.910600E+03	6.897552E-16	5.188475E-17
3.910900E+03	6.903995E-16	5.193294E-17
3.911200E+03	6.906148E-16	5.194886E-17
3.911400E+03	6.898578E-16	5.189173E-17
3.911700E+03	6.893266E-16	5.185150E-17
3.911900E+03	6.888881E-16	5.181834E-17
3.912100E+03	6.892271E-16	5.184365E-17
3.912400E+03	6.892516E-16	5.184522E-17
3.912600E+03	6.901785E-16	5.191476E-17
3.912900E+03	6.915075E-16	5.201446E-17
3.913200E+03	6.917074E-16	5.202921E-17
3.913400E+03	6.930205E-16	5.212780E-17
3.913700E+03	6.926304E-16	5.209818E-17
3.914000E+03	6.921926E-16	5.206498E-17
3.914200E+03	6.930597E-16	5.213001E-17
3.914500E+03	6.944103E-16	5.223132E-17
3.914800E+03	6.941472E-16	5.221126E-17
3.915000E+03	6.945048E-16	5.223797E-17
3.915300E+03	6.949295E-16	5.226964E-17
3.915500E+03	6.953835E-16	5.230361E-17
3.915800E+03	6.954723E-16	5.231001E-17
3.916100E+03	6.948408E-16	5.226223E-17
3.916300E+03	6.953909E-16	5.230342E-17
3.916600E+03	6.954317E-16	5.230621E-17
3.916900E+03	6.957288E-16	5.232828E-17
3.917100E+03	6.963437E-16	5.237434E-17
3.917400E+03	6.960959E-16	5.235543E-17
3.917700E+03	6.965056E-16	5.238597E-17
3.917900E+03	6.964633E-16	5.238260E-17
3.918200E+03	6.959751E-16	5.234561E-17
3.918400E+03	6.962214E-16	5.236395E-17
3.918700E+03	6.957334E-16	5.232697E-17
3.919000E+03	6.954539E-16	5.230566E-17
3.919200E+03	6.943078E-16	5.221928E-17
3.919500E+03	6.939010E-16	5.218841E-17
3.919800E+03	6.934625E-16	5.215515E-17
3.920000E+03	6.936280E-16	5.216742E-17
3.920300E+03	6.935091E-16	5.215819E-17
3.920600E+03	6.935338E-16	5.215978E-17
3.920800E+03	6.945624E-16	5.223695E-17
3.921100E+03	6.958358E-16	5.233244E-17
3.921400E+03	6.963895E-16	5.237381E-17
3.921600E+03	6.972779E-16	5.244043E-17
3.921900E+03	6.976240E-16	5.246618E-17
3.922100E+03	6.983692E-16	5.252204E-17
3.922300E+03	6.985199E-16	5.253319E-17
3.922600E+03	6.982553E-16	5.251301E-17
3.922800E+03	6.974577E-16	5.245284E-17
3.923100E+03	6.977075E-16	5.247134E-17
3.923400E+03	6.982627E-16	5.251282E-17
3.923600E+03	6.988477E-16	5.255663E-17
3.923900E+03	6.993234E-16	5.259212E-17
3.924200E+03	6.994771E-16	5.260340E-17
3.924400E+03	6.998858E-16	5.263395E-17
3.924700E+03	7.003944E-16	5.267192E-17
3.925000E+03	7.007098E-16	5.269535E-17
3.925200E+03	7.011838E-16	5.273081E-17
3.925500E+03	7.024855E-16	5.282842E-17
3.925700E+03	7.039974E-16	5.294193E-17
3.926000E+03	7.044278E-16	5.297402E-17
3.926300E+03	7.057356E-16	5.307208E-17
3.926500E+03	7.068149E-16	5.315306E-17
3.926800E+03	7.078173E-16	5.322816E-17
3.927100E+03	7.091313E-16	5.332669E-17
3.927300E+03	7.101504E-16	5.340313E-17
3.927600E+03	7.112231E-16	5.348351E-17
3.927900E+03	7.127896E-16	5.360102E-17
3.928100E+03	7.136989E-16	5.366921E-17
3.928400E+03	7.159300E-16	5.383670E-17
3.928700E+03	7.170279E-16	5.391897E-17
3.928900E+03	7.179757E-16	5.399005E-17
3.929200E+03	7.191926E-16	5.408127E-17
3.929500E+03	7.191686E-16	5.407917E-17
3.929700E+03	7.202519E-16	5.416044E-17
3.930000E+03	7.215059E-16	5.425445E-17
3.930200E+03	7.215120E-16	5.425471E-17
3.930500E+03	7.220530E-16	5.429510E-17
3.930800E+03	7.223448E-16	5.431676E-17
3.931000E+03	7.228501E-16	5.435455E-17
3.931300E+03	7.230757E-16	5.437123E-17
3.931600E+03	7.236845E-16	5.441671E-17
3.931800E+03	7.250917E-16	5.452233E-17
3.932100E+03	7.252679E-16	5.453529E-17
3.932400E+03	7.256446E-16	5.456332E-17
3.932500E+03	7.263833E-16	5.461877E-17
3.932800E+03	7.277318E-16	5.471987E-17
3.933100E+03	7.285122E-16	5.477826E-17
3.933300E+03	7.288204E-16	5.480124E-17
3.933600E+03	7.290646E-16	5.481931E-17
3.933900E+03	7.290739E-16	5.481971E-17
3.934100E+03	7.297183E-16	5.486796E-17
3.934400E+03	7.303495E-16	5.491513E-17
3.934600E+03	7.315675E-16	5.500651E-17
3.934900E+03	7.323015E-16	5.506141E-17
3.935200E+03	7.328000E-16	5.509859E-17
3.935400E+03	7.335152E-16	5.515217E-17
3.935700E+03	7.337441E-16	5.516909E-17
3.936000E+03	7.347172E-16	5.524195E-17
3.936200E+03	7.350787E-16	5.526894E-17
3.936500E+03	7.354436E-16	5.529607E-17
3.936800E+03	7.356901E-16	5.531431E-17
3.937000E+03	7.365268E-16	5.537702E-17
3.937300E+03	7.370960E-16	5.541952E-17
3.937600E+03	7.376997E-16	5.546461E-17
3.937800E+03	7.382157E-16	5.550321E-17
3.938100E+03	7.390075E-16	5.556243E-17
3.938400E+03	7.410958E-16	5.571915E-17
3.938600E+03	7.421266E-16	5.579645E-17
3.938900E+03	7.429225E-16	5.585599E-17
3.939200E+03	7.438050E-16	5.592203E-17
3.939400E+03	7.453715E-16	5.603960E-17
3.939700E+03	7.470992E-16	5.616919E-17
3.940000E+03	7.493312E-16	5.633670E-17
3.940200E+03	7.505809E-16	5.643045E-17
3.940500E+03	7.516801E-16	5.651279E-17
3.940700E+03	7.531417E-16	5.662247E-17
3.941000E+03	7.550613E-16	5.676648E-17
3.941300E+03	7.562367E-16	5.685455E-17
3.941500E+03	7.569574E-16	5.690852E-17
3.941800E+03	7.579263E-16	5.698106E-17
3.942100E+03	7.595782E-16	5.710494E-17
3.942300E+03	7.605998E-16	5.718153E-17
3.942600E+03	7.611701E-16	5.722410E-17
3.942800E+03	7.625273E-16	5.732593E-17
3.943000E+03	7.633243E-16	5.738564E-17
3.943300E+03	7.632637E-16	5.738077E-17
3.943600E+03	7.646631E-16	5.748567E-17
3.943800E+03	7.659031E-16	5.757868E-17
3.944100E+03	7.667599E-16	5.764278E-17
3.944400E+03	7.678651E-16	5.772555E-17
3.944600E+03	7.682076E-16	5.775109E-17
3.944900E+03	7.690670E-16	5.781538E-17
3.945200E+03	7.700159E-16	5.788640E-17
3.945400E+03	7.712823E-16	5.798140E-17
3.945700E+03	7.729100E-16	5.810344E-17
3.946000E+03	7.733293E-16	5.813465E-17
3.946200E+03	7.737990E-16	5.816975E-17
3.946500E+03	7.748608E-16	5.824925E-17
3.946800E+03	7.760670E-16	5.833961E-17
3.947000E+03	7.774329E-16	5.844208E-17
3.947300E+03	7.780158E-16	5.848558E-17
3.947600E+03	7.783663E-16	5.851161E-17
3.947800E+03	7.797721E-16	5.861707E-17
3.948100E+03	7.809500E-16	5.870530E-17
3.948400E+03	7.820217E-16	5.878554E-17
3.948600E+03	7.825507E-16	5.882509E-17
3.948900E+03	7.836967E-16	5.891092E-17
3.949200E+03	7.851517E-16	5.901997E-17
3.949400E+03	7.860085E-16	5.908416E-17
3.949700E+03	7.865798E-16	5.912679E-17
3.949900E+03	7.872388E-16	5.917611E-17
3.950200E+03	7.878654E-16	5.922289E-17
3.950500E+03	7.884744E-16	5.926834E-17
3.950700E+03	7.897530E-16	5.936424E-17
3.951000E+03	7.899450E-16	5.937834E-17
3.951300E+03	7.902644E-16	5.940203E-17
3.951500E+03	7.910904E-16	5.946390E-17
3.951800E+03	7.919753E-16	5.953009E-17
3.952100E+03	7.920401E-16	5.953464E-17
3.952300E+03	7.929593E-16	5.960351E-17
3.952600E+03	7.936452E-16	5.965475E-17
3.952900E+03	7.946063E-16	5.972666E-17
3.953000E+03	7.952503E-16	5.977496E-17
3.953300E+03	7.964333E-16	5.986355E-17
3.953600E+03	7.965719E-16	5.987364E-17
3.953800E+03	7.972025E-16	5.992083E-17
3.954100E+03	7.978004E-16	5.996543E-17
3.954400E+03	7.979759E-16	5.997830E-17
3.954600E+03	7.982583E-16	5.999931E-17
3.954900E+03	7.979561E-16	5.997627E-17
3.955200E+03	7.981501E-16	5.999052E-17
3.955400E+03	7.984878E-16	6.001568E-17
3.955700E+03	7.998782E-16	6.011986E-17
3.956000E+03	8.006807E-16	6.017985E-17
3.956200E+03	8.008720E-16	6.019401E-17
3.956500E+03	8.013618E-16	6.023049E-17
3.956800E+03	8.012245E-16	6.021984E-17
3.957000E+03	8.015265E-16	6.024232E-17
3.957300E+03	8.017029E-16	6.025525E-17
3.957600E+03	8.019717E-16	6.027512E-17
3.957800E+03	8.021447E-16	6.028791E-17
3.958100E+03	8.017858E-16	6.026060E-17
3.958400E+03	8.027566E-16	6.033323E-17
3.958600E+03	8.030223E-16	6.035298E-17
3.958900E+03	8.028662E-16	6.034091E-17
3.959200E+03	8.031353E-16	6.036081E-17
3.959400E+03	8.033641E-16	6.037779E-17
3.959700E+03	8.040777E-16	6.043108E-17
3.960000E+03	8.046807E-16	6.047607E-17
3.960200E+03	8.049840E-16	6.049865E-17
3.960500E+03	8.048275E-16	6.048655E-17
3.960800E+03	8.050232E-16	6.050093E-17
3.961000E+03	8.052897E-16	6.052073E-17
3.961300E+03	8.051702E-16	6.051142E-17
3.961600E+03	8.045319E-16	6.046312E-17
3.961800E+03	8.052986E-16	6.052052E-17
3.962100E+03	8.056799E-16	6.054884E-17
3.962400E+03	8.055975E-16	6.054232E-17
3.962600E+03	8.062724E-16	6.059282E-17
3.962900E+03	8.063199E-16	6.059605E-17
3.963200E+03	8.061075E-16	6.057975E-17
3.963300E+03	8.065565E-16	6.061339E-17
3.963600E+03	8.063997E-16	6.060127E-17
3.963900E+03	8.060760E-16	6.057661E-17
3.964100E+03	8.049514E-16	6.049187E-17
3.964400E+03	8.044800E-16	6.045611E-17
3.964700E+03	8.046941E-16	6.047187E-17
3.964900E+03	8.045898E-16	6.046381E-17
3.965200E+03	8.044890E-16	6.045591E-17
3.965500E+03	8.048143E-16	6.048002E-17
3.965700E+03	8.049324E-16	6.048867E-17
3.966000E+03	8.047574E-16	6.047519E-17
3.966300E+03	8.045269E-16	6.045753E-17
3.966500E+03	8.048488E-16	6.048150E-17
3.966800E+03	8.046923E-16	6.046940E-17
3.967100E+03	8.045359E-16	6.045732E-17
3.967300E+03	8.048763E-16	6.048268E-17
3.967600E+03	8.046643E-16	6.046641E-17
3.967900E+03	8.041745E-16	6.042927E-17
3.968200E+03	8.034816E-16	6.037687E-17
3.968400E+03	8.023422E-16	6.029103E-17
3.968700E+03	8.015584E-16	6.023180E-17
3.969000E+03	8.014950E-16	6.022670E-17
3.969200E+03	8.011881E-16	6.020342E-17
3.969500E+03	8.006083E-16	6.015952E-17
3.969800E+03	8.012087E-16	6.020430E-17
3.970000E+03	8.007729E-16	6.017134E-17
3.970300E+03	8.007648E-16	6.017039E-17
3.970600E+03	8.002221E-16	6.012928E-17
3.970800E+03	7.998974E-16	6.010466E-17
3.971100E+03	7.993737E-16	6.006498E-17
3.971400E+03	7.995129E-16	6.007510E-17
3.971600E+03	7.999065E-16	6.010445E-17
3.971900E+03	8.002852E-16	6.013258E-17
3.972200E+03	7.995771E-16	6.007904E-17
3.972400E+03	7.992527E-16	6.005444E-17
3.972700E+03	7.988766E-16	6.002585E-17
3.973000E+03	7.988501E-16	6.002352E-17
3.973200E+03	7.977540E-16	5.994095E-17
3.973500E+03	7.969748E-16	5.988207E-17
3.973700E+03	7.966514E-16	5.985755E-17
3.973900E+03	7.967683E-16	5.986611E-17
3.974200E+03	7.958068E-16	5.979353E-17
3.974500E+03	7.952858E-16	5.975406E-17
3.974700E+03	7.945422E-16	5.969796E-17
3.975000E+03	7.940403E-16	5.965993E-17
3.975300E+03	7.937216E-16	5.963564E-17
3.975500E+03	7.927785E-16	5.956457E-17
3.975800E+03	7.923325E-16	5.953073E-17
3.976100E+03	7.922516E-16	5.952431E-17
3.976300E+03	7.916565E-16	5.947939E-17
3.976600E+03	7.909744E-16	5.942780E-17
3.976900E+03	7.903292E-16	5.937900E-17
3.977100E+03	7.891540E-16	5.929048E-17
3.977400E+03	7.886555E-16	5.925271E-17
3.977700E+03	7.884841E-16	5.923950E-17
3.978000E+03	7.881131E-16	5.921129E-17
3.978200E+03	7.875575E-16	5.916933E-17
3.978500E+03	7.870601E-16	5.913163E-17
3.978800E+03	7.867803E-16	5.911028E-17
3.979000E+03	7.863343E-16	5.907655E-17
3.979300E+03	7.854939E-16	5.901309E-17
3.979600E+03	7.849074E-16	5.896869E-17
3.979800E+03	7.844805E-16	5.893641E-17
3.980100E+03	7.846352E-16	5.894770E-17
3.980400E+03	7.842659E-16	5.891963E-17
3.980600E+03	7.839839E-16	5.889822E-17
3.980900E+03	7.838856E-16	5.889051E-17
3.981200E+03	7.839138E-16	5.889230E-17
3.981400E+03	7.842816E-16	5.891971E-17
3.981700E+03	7.844905E-16	5.893507E-17
3.982000E+03	7.849884E-16	5.897215E-17
3.982200E+03	7.854111E-16	5.900368E-17
3.982500E+03	7.854574E-16	5.900683E-17
3.982800E+03	7.842928E-16	5.891901E-17
3.983000E+03	7.842634E-16	5.891659E-17
3.983300E+03	7.835335E-16	5.886142E-17
3.983600E+03	7.837061E-16	5.887406E-17
3.983800E+03	7.825587E-16	5.878765E-17
3.984000E+03	7.815570E-16	5.871218E-17
3.984300E+03	7.813332E-16	5.869504E-17
3.984600E+03	7.818112E-16	5.873062E-17
3.984800E+03	7.816740E-16	5.872009E-17
3.985100E+03	7.823863E-16	5.877327E-17
3.985400E+03	7.825406E-16	5.878453E-17
3.985600E+03	7.818449E-16	5.873205E-17
3.985900E+03	7.815490E-16	5.870950E-17
3.986200E+03	7.815232E-16	5.870723E-17
3.986400E+03	7.818719E-16	5.873320E-17
3.986700E+03	7.815221E-16	5.870659E-17
3.987000E+03	7.815681E-16	5.870972E-17
3.987200E+03	7.809632E-16	5.866407E-17
3.987500E+03	7.818190E-16	5.872802E-17
3.987800E+03	7.816491E-16	5.871493E-17
3.988000E+03	7.820699E-16	5.874632E-17
3.988300E+03	7.823682E-16	5.876840E-17
3.988600E+03	7.817301E-16	5.872013E-17
3.988900E+03	7.812903E-16	5.868677E-17
3.989100E+03	7.811531E-16	5.867625E-17
3.989400E+03	7.811453E-16	5.867533E-17
3.989700E+03	7.801128E-16	5.859744E-17
3.989900E+03	7.794194E-16	5.854514E-17
3.990200E+03	7.788912E-16	5.850514E-17
3.990500E+03	7.787399E-16	5.849344E-17
3.990700E+03	7.786211E-16	5.848430E-17
3.991000E+03	7.779502E-16	5.843358E-17
3.991300E+03	7.770830E-16	5.836812E-17
3.991500E+03	7.762134E-16	5.830258E-17
3.991800E+03	7.756339E-16	5.825873E-17
3.992100E+03	7.746802E-16	5.818676E-17
3.992300E+03	7.737777E-16	5.811875E-17
3.992600E+03	7.731644E-16	5.807236E-17
3.992900E+03	7.730854E-16	5.806610E-17
3.993200E+03	7.718325E-16	5.797167E-17
3.993400E+03	7.706316E-16	5.788126E-17
3.993700E+03	7.703755E-16	5.786170E-17
3.994000E+03	7.690916E-16	5.776494E-17
3.994100E+03	7.683338E-16	5.770791E-17
3.994400E+03	7.679724E-16	5.768044E-17
3.994700E+03	7.680354E-16	5.768485E-17
3.994900E+03	7.672290E-16	5.762407E-17
3.995200E+03	7.668150E-16	5.759265E-17
3.995500E+03	7.662249E-16	5.754800E-17
3.995700E+03	7.652794E-16	5.747677E-17
3.996000E+03	7.645495E-16	5.742163E-17
3.996300E+03	7.636798E-16	5.735599E-17
3.996600E+03	7.629515E-16	5.730097E-17
3.996800E+03	7.628527E-16	5.729333E-17
3.997100E+03	7.627572E-16	5.728583E-17
3.997400E+03	7.613108E-16	5.717687E-17
3.997600E+03	7.618960E-16	5.722061E-17
3.997900E+03	7.612571E-16	5.717230E-17
3.998200E+03	7.610216E-16	5.715430E-17
3.998400E+03	7.605903E-16	5.712169E-17
3.998700E+03	7.606176E-16	5.712342E-17
3.999000E+03	7.602073E-16	5.709228E-17
3.999200E+03	7.600389E-16	5.707942E-17
3.999500E+03	7.596988E-16	5.705355E-17
3.999800E+03	7.592540E-16	5.701982E-17
4.000100E+03	7.585824E-16	5.696906E-17
4.000300E+03	7.583619E-16	5.695229E-17
4.000600E+03	7.573073E-16	5.687277E-17
4.000900E+03	7.565329E-16	5.681429E-17
4.001100E+03	7.562085E-16	5.678971E-17
4.001400E+03	7.554003E-16	5.672870E-17
4.001700E+03	7.557060E-16	5.675133E-17
4.001900E+03	7.554167E-16	5.672939E-17
4.002200E+03	7.546094E-16	5.666845E-17
4.002500E+03	7.545671E-16	5.666495E-17
4.002700E+03	7.545042E-16	5.666001E-17
4.003000E+03	7.547399E-16	5.667739E-17
4.003300E+03	7.543502E-16	5.664780E-17
4.003600E+03	7.541689E-16	5.663387E-17
4.003800E+03	7.533423E-16	5.657158E-17
4.004100E+03	7.530920E-16	5.655246E-17
4.004300E+03	7.522667E-16	5.649027E-17
4.004500E+03	7.516152E-16	5.644114E-17
4.004800E+03	7.513136E-16	5.641816E-17
4.005100E+03	7.510120E-16	5.639520E-17
4.005300E+03	7.510013E-16	5.639418E-17
4.005600E+03	7.502505E-16	5.633748E-17
4.005900E+03	7.492417E-16	5.626141E-17
4.006200E+03	7.495276E-16	5.628255E-17
4.006400E+03	7.494823E-16	5.627894E-17
4.006700E+03	7.499409E-16	5.631306E-17
4.007000E+03	7.492086E-16	5.625774E-17
4.007200E+03	7.488011E-16	5.622694E-17
4.007500E+03	7.485350E-16	5.620664E-17
4.007800E+03	7.478040E-16	5.615142E-17
4.008000E+03	7.469845E-16	5.608967E-17
4.008300E+03	7.456366E-16	5.598814E-17
4.008600E+03	7.439314E-16	5.585978E-17
4.008900E+03	7.432049E-16	5.580491E-17
4.009100E+03	7.428349E-16	5.577692E-17
4.009400E+03	7.426394E-16	5.576192E-17
4.009700E+03	7.435731E-16	5.583171E-17
4.009900E+03	7.439220E-16	5.585770E-17
4.010200E+03	7.438461E-16	5.585168E-17
4.010500E+03	7.430855E-16	5.579425E-17
4.010700E+03	7.422711E-16	5.573289E-17
4.011000E+03	7.422124E-16	5.572816E-17
4.011300E+03	7.408220E-16	5.562345E-17
4.011600E+03	7.400814E-16	5.556753E-17
4.011800E+03	7.400197E-16	5.556268E-17
4.012100E+03	7.393651E-16	5.551321E-17
4.012400E+03	7.380311E-16	5.541274E-17
4.012600E+03	7.367301E-16	5.531485E-17
4.012900E+03	7.367397E-16	5.531525E-17
4.013200E+03	7.364101E-16	5.529019E-17
4.013400E+03	7.360605E-16	5.526373E-17
4.013700E+03	7.359007E-16	5.525141E-17
4.014000E+03	7.348943E-16	5.517554E-17
4.014300E+03	7.344641E-16	5.514292E-17
4.014500E+03	7.345719E-16	5.515081E-17
4.014700E+03	7.347306E-16	5.516251E-17
4.015000E+03	7.348417E-16	5.517053E-17
4.015200E+03	7.349496E-16	5.517843E-17
4.015500E+03	7.349930E-16	5.518137E-17
4.015800E+03	7.350026E-16	5.518177E-17
4.016100E+03	7.349953E-16	5.518090E-17
4.016300E+03	7.349171E-16	5.517482E-17
4.016600E+03	7.347744E-16	5.516379E-17
4.016900E+03	7.343274E-16	5.512992E-17
4.017100E+03	7.334888E-16	5.506675E-17
4.017400E+03	7.327894E-16	5.501392E-17
4.017700E+03	7.319052E-16	5.494723E-17
4.017900E+03	7.313389E-16	5.490450E-17
4.018200E+03	7.309275E-16	5.487330E-17
4.018500E+03	7.300120E-16	5.480426E-17
4.018800E+03	7.302906E-16	5.482486E-17
4.019000E+03	7.298430E-16	5.479104E-17
4.019300E+03	7.296509E-16	5.477631E-17
4.019600E+03	7.286028E-16	5.469731E-17
4.019800E+03	7.279384E-16	5.464722E-17
4.020100E+03	7.272778E-16	5.459732E-17
4.020400E+03	7.259488E-16	5.449723E-17
4.020700E+03	7.251898E-16	5.443994E-17
4.020900E+03	7.249957E-16	5.442516E-17
4.021200E+03	7.247382E-16	5.440552E-17
4.021500E+03	7.239805E-16	5.434832E-17
4.021700E+03	7.230705E-16	5.427980E-17
4.022000E+03	7.213006E-16	5.414663E-17
4.022300E+03	7.205465E-16	5.408971E-17
4.022600E+03	7.201578E-16	5.406022E-17
4.022800E+03	7.198657E-16	5.403808E-17
4.023100E+03	7.186495E-16	5.394648E-17
4.023400E+03	7.191225E-16	5.398167E-17
4.023600E+03	7.173096E-16	5.384537E-17
4.023900E+03	7.163782E-16	5.377515E-17
4.024200E+03	7.159424E-16	5.374212E-17
4.024400E+03	7.150589E-16	5.367560E-17
4.024700E+03	7.146403E-16	5.364387E-17
4.024900E+03	7.143998E-16	5.362561E-17
4.025200E+03	7.138829E-16	5.358650E-17
4.025400E+03	7.129856E-16	5.351894E-17
4.025700E+03	7.126668E-16	5.349469E-17
4.026000E+03	7.126925E-16	5.349632E-17
4.026200E+03	7.122722E-16	5.346456E-17
4.026500E+03	7.119536E-16	5.344034E-17
4.026800E+03	7.111601E-16	5.338047E-17
4.027100E+03	7.113823E-16	5.339684E-17
4.027300E+03	7.110774E-16	5.337375E-17
4.027600E+03	7.110704E-16	5.337291E-17
4.027900E+03	7.104741E-16	5.332784E-17
4.028100E+03	7.095975E-16	5.326184E-17
4.028400E+03	7.089536E-16	5.321320E-17
4.028700E+03	7.076092E-16	5.311199E-17
4.029000E+03	7.068694E-16	5.305615E-17
4.029200E+03	7.064525E-16	5.302465E-17
4.029500E+03	7.069988E-16	5.306535E-17
4.029800E+03	7.074640E-16	5.309996E-17
4.030000E+03	7.077146E-16	5.311856E-17
4.030300E+03	7.075610E-16	5.310672E-17
4.030600E+03	7.072608E-16	5.308388E-17
4.030900E+03	7.065701E-16	5.303174E-17
4.031100E+03	7.075043E-16	5.310164E-17
4.031400E+03	7.090792E-16	5.321954E-17
4.031700E+03	7.086642E-16	5.318808E-17
4.031900E+03	7.084257E-16	5.316998E-17
4.032200E+03	7.073755E-16	5.309085E-17
4.032500E+03	7.076781E-16	5.311325E-17
4.032800E+03	7.082090E-16	5.315279E-17
4.033000E+03	7.080684E-16	5.314203E-17
4.033300E+03	7.079799E-16	5.313508E-17
4.033600E+03	7.076307E-16	5.310856E-17
4.033800E+03	7.063020E-16	5.300863E-17
4.034100E+03	7.055473E-16	5.295169E-17
4.034400E+03	7.055729E-16	5.295329E-17
4.034700E+03	7.046892E-16	5.288667E-17
4.034900E+03	7.052635E-16	5.292956E-17
4.035200E+03	7.064267E-16	5.301655E-17
4.035400E+03	7.061564E-16	5.299606E-17
4.035600E+03	7.057563E-16	5.296583E-17
4.035900E+03	7.063670E-16	5.301135E-17
4.036200E+03	7.070272E-16	5.306059E-17
4.036500E+03	7.058979E-16	5.297552E-17
4.036700E+03	7.058878E-16	5.297456E-17
4.037000E+03	7.062873E-16	5.300423E-17
4.037300E+03	7.071916E-16	5.307179E-17
4.037600E+03	7.062408E-16	5.300013E-17
4.037800E+03	7.055806E-16	5.295038E-17
4.038100E+03	7.061100E-16	5.298979E-17
4.038400E+03	7.063469E-16	5.300727E-17
4.038600E+03	7.064833E-16	5.301729E-17
4.038900E+03	7.061348E-16	5.299083E-17
4.039200E+03	7.062742E-16	5.300098E-17
4.039500E+03	7.064786E-16	5.301601E-17
4.039700E+03	7.063223E-16	5.300407E-17
4.040000E+03	7.066407E-16	5.302765E-17
4.040300E+03	7.067801E-16	5.303781E-17
4.040500E+03	7.079264E-16	5.312363E-17
4.040800E+03	7.087349E-16	5.318398E-17
4.041100E+03	7.098222E-16	5.326526E-17
4.041400E+03	7.110094E-16	5.335403E-17
4.041600E+03	7.108519E-16	5.334201E-17
4.041900E+03	7.111396E-16	5.336329E-17
4.042200E+03	7.111326E-16	5.336245E-17
4.042500E+03	7.114204E-16	5.338373E-17
4.042700E+03	7.125414E-16	5.346764E-17
4.043000E+03	7.128626E-16	5.349143E-17
4.043300E+03	7.128720E-16	5.349182E-17
4.043500E+03	7.137488E-16	5.355740E-17
4.043800E+03	7.140377E-16	5.357877E-17
4.044100E+03	7.145899E-16	5.361988E-17
4.044400E+03	7.138592E-16	5.356474E-17
4.044600E+03	7.145233E-16	5.361437E-17
4.044900E+03	7.155865E-16	5.369383E-17
4.045200E+03	7.161234E-16	5.373380E-17
4.045400E+03	7.166576E-16	5.377367E-17
4.045600E+03	7.175720E-16	5.384207E-17
4.045900E+03	7.182262E-16	5.389084E-17
4.046200E+03	7.185335E-16	5.391358E-17
4.046400E+03	7.183909E-16	5.390267E-17
4.046700E+03	7.188802E-16	5.393907E-17
4.047000E+03	7.193202E-16	5.397177E-17
4.047300E+03	7.196942E-16	5.399951E-17
4.047500E+03	7.198497E-16	5.401096E-17
4.047800E+03	7.192296E-16	5.396412E-17
4.048100E+03	7.195373E-16	5.398689E-17
4.048300E+03	7.191295E-16	5.395608E-17
4.048600E+03	7.188079E-16	5.393164E-17
4.048900E+03	7.194467E-16	5.397924E-17
4.049200E+03	7.194231E-16	5.397715E-17
4.049400E+03	7.206729E-16	5.407071E-17
4.049700E+03	7.209480E-16	5.409103E-17
4.050000E+03	7.212232E-16	5.411136E-17
4.050300E+03	7.214487E-16	5.412796E-17
4.050500E+03	7.229683E-16	5.424176E-17
4.050800E+03	7.225285E-16	5.420844E-17
4.051100E+03	7.228709E-16	5.423381E-17
4.051300E+03	7.237267E-16	5.429780E-17
4.051600E+03	7.244699E-16	5.435324E-17
4.051900E+03	7.250802E-16	5.439871E-17
4.052200E+03	7.255073E-16	5.443044E-17
4.052400E+03	7.260652E-16	5.447207E-17
4.052700E+03	7.269615E-16	5.453899E-17
4.053000E+03	7.275236E-16	5.458084E-17
4.053300E+03	7.283379E-16	5.464161E-17
4.053500E+03	7.286462E-16	5.466453E-17
4.053800E+03	7.293608E-16	5.471781E-17
4.054100E+03	7.295720E-16	5.473334E-17
4.054400E+03	7.300690E-16	5.477030E-17
4.054600E+03	7.307651E-16	5.482230E-17
4.054900E+03	7.305561E-16	5.480629E-17
4.055200E+03	7.322835E-16	5.493556E-17
4.055400E+03	7.339613E-16	5.506121E-17
4.055700E+03	7.335823E-16	5.503246E-17
4.055900E+03	7.335551E-16	5.503019E-17
4.056200E+03	7.335816E-16	5.503186E-17
4.056400E+03	7.336557E-16	5.503720E-17
4.056700E+03	7.338006E-16	5.504774E-17
4.057000E+03	7.337765E-16	5.504561E-17
4.057300E+03	7.346485E-16	5.511069E-17
4.057500E+03	7.349934E-16	5.513635E-17
4.057800E+03	7.346985E-16	5.511390E-17
4.058100E+03	7.344038E-16	5.509147E-17
4.058300E+03	7.345118E-16	5.509935E-17
4.058600E+03	7.348260E-16	5.512259E-17
4.058900E+03	7.351234E-16	5.514458E-17
4.059200E+03	7.354888E-16	5.517166E-17
4.059400E+03	7.355799E-16	5.517828E-17
4.059700E+03	7.358776E-16	5.520028E-17
4.060000E+03	7.357349E-16	5.518925E-17
4.060300E+03	7.359141E-16	5.520236E-17
4.060500E+03	7.362427E-16	5.522679E-17
4.060800E+03	7.366086E-16	5.525390E-17
4.061100E+03	7.366014E-16	5.525304E-17
4.061400E+03	7.366960E-16	5.525981E-17
4.061600E+03	7.372964E-16	5.530463E-17
4.061900E+03	7.381726E-16	5.537002E-17
4.062200E+03	7.383183E-16	5.538062E-17
4.062500E+03	7.381071E-16	5.536445E-17
4.062700E+03	7.379607E-16	5.535325E-17
4.063000E+03	7.379196E-16	5.534983E-17
4.063300E+03	7.385073E-16	5.539358E-17
4.063500E+03	7.395349E-16	5.547044E-17
4.063800E+03	7.398513E-16	5.549384E-17
4.064100E+03	7.395886E-16	5.547380E-17
4.064400E+03	7.397006E-16	5.548188E-17
4.064600E+03	7.399457E-16	5.550004E-17
4.064900E+03	7.402452E-16	5.552217E-17
4.065200E+03	7.407495E-16	5.555967E-17
4.065500E+03	7.426380E-16	5.570098E-17
4.065700E+03	7.420804E-16	5.565894E-17
4.066000E+03	7.441436E-16	5.581335E-17
4.066200E+03	7.447673E-16	5.585991E-17
4.066500E+03	7.456352E-16	5.592467E-17
4.066700E+03	7.455044E-16	5.591464E-17
4.067000E+03	7.460982E-16	5.595884E-17
4.067300E+03	7.460223E-16	5.595281E-17
4.067600E+03	7.454484E-16	5.590943E-17
4.067800E+03	7.464168E-16	5.598184E-17
4.068100E+03	7.470285E-16	5.602739E-17
4.068400E+03	7.482952E-16	5.612205E-17
4.068600E+03	7.494054E-16	5.620509E-17
4.068900E+03	7.492773E-16	5.619515E-17
4.069200E+03	7.497705E-16	5.623181E-17
4.069500E+03	7.494870E-16	5.621021E-17
4.069700E+03	7.485279E-16	5.613805E-17
4.070000E+03	7.487448E-16	5.615398E-17
4.070300E+03	7.482032E-16	5.611303E-17
4.070600E+03	7.485578E-16	5.613928E-17
4.070800E+03	7.494268E-16	5.620423E-17
4.071100E+03	7.493677E-16	5.619946E-17
4.071400E+03	7.486189E-16	5.614297E-17
4.071700E+03	7.490254E-16	5.617311E-17
4.071900E+03	7.487217E-16	5.615012E-17
4.072200E+03	7.487489E-16	5.615182E-17
4.072500E+03	7.484831E-16	5.613155E-17
4.072800E+03	7.486137E-16	5.614100E-17
4.073000E+03	7.492929E-16	5.619172E-17
4.073300E+03	7.492512E-16	5.618825E-17
4.073600E+03	7.499343E-16	5.623914E-17
4.073900E+03	7.497025E-16	5.622142E-17
4.074100E+03	7.490707E-16	5.617382E-17
4.074400E+03	7.498918E-16	5.623506E-17
4.074700E+03	7.498155E-16	5.622899E-17
4.075000E+03	7.497564E-16	5.622423E-17
4.075200E+03	7.502122E-16	5.625817E-17
4.075500E+03	7.502912E-16	5.626377E-17
4.075800E+03	7.511137E-16	5.632510E-17
4.076100E+03	7.516081E-16	5.636184E-17
4.076300E+03	7.531394E-16	5.647644E-17
4.076500E+03	7.543436E-16	5.656652E-17
4.076800E+03	7.552400E-16	5.663339E-17
4.077100E+03	7.558938E-16	5.668208E-17
4.077300E+03	7.568759E-16	5.675549E-17
4.077600E+03	7.575311E-16	5.680428E-17
4.077900E+03	7.568786E-16	5.675502E-17
4.078200E+03	7.563660E-16	5.671624E-17
4.078400E+03	7.565644E-16	5.673088E-17
4.078700E+03	7.561391E-16	5.669865E-17
4.079000E+03	7.567066E-16	5.674086E-17
4.079300E+03	7.562116E-16	5.670340E-17
4.079500E+03	7.569674E-16	5.675985E-17
4.079800E+03	7.582160E-16	5.685313E-17
4.080100E+03	7.586803E-16	5.688759E-17
4.080400E+03	7.597393E-16	5.696666E-17
4.080600E+03	7.599735E-16	5.698399E-17
4.080900E+03	7.607190E-16	5.703954E-17
4.081200E+03	7.613074E-16	5.708332E-17
4.081500E+03	7.621770E-16	5.714818E-17
4.081700E+03	7.624647E-16	5.716952E-17
4.082000E+03	7.628085E-16	5.719495E-17
4.082300E+03	7.627660E-16	5.719142E-17
4.082600E+03	7.630397E-16	5.721159E-17
4.082800E+03	7.628006E-16	5.719343E-17
4.083100E+03	7.630391E-16	5.721097E-17
4.083400E+03	7.633657E-16	5.723511E-17
4.083700E+03	7.634989E-16	5.724476E-17
4.083900E+03	7.632596E-16	5.722658E-17
4.084200E+03	7.624969E-16	5.716905E-17
4.084500E+03	7.628233E-16	5.719317E-17
4.084800E+03	7.631672E-16	5.721861E-17
4.085000E+03	7.631917E-16	5.722021E-17
4.085300E+03	7.629207E-16	5.719956E-17
4.085600E+03	7.634933E-16	5.724214E-17
4.085900E+03	7.632047E-16	5.722015E-17
4.086100E+03	7.626494E-16	5.717829E-17
4.086400E+03	7.628177E-16	5.719056E-17
4.086600E+03	7.624030E-16	5.715923E-17
4.086900E+03	7.622201E-16	5.714518E-17
4.087100E+03	7.617883E-16	5.711257E-17
4.087400E+03	7.620792E-16	5.713404E-17
4.087700E+03	7.626511E-16	5.717657E-17
4.088000E+03	7.629951E-16	5.720200E-17
4.088200E+03	7.636874E-16	5.725367E-17
4.088500E+03	7.638911E-16	5.726860E-17
4.088800E+03	7.646580E-16	5.732574E-17
4.089100E+03	7.648796E-16	5.734201E-17
4.089300E+03	7.647984E-16	5.733569E-17
4.089600E+03	7.653548E-16	5.737705E-17
4.089900E+03	7.658762E-16	5.741579E-17
4.090200E+03	7.657983E-16	5.740960E-17
4.090400E+03	7.655583E-16	5.739138E-17
4.090700E+03	7.663446E-16	5.744998E-17
4.091000E+03	7.661256E-16	5.743320E-17
4.091300E+03	7.667535E-16	5.747993E-17
4.091500E+03	7.673256E-16	5.752258E-17
4.091800E+03	7.670355E-16	5.750049E-17
4.092100E+03	7.674875E-16	5.753402E-17
4.092400E+03	7.674978E-16	5.753444E-17
4.092600E+03	7.677521E-16	5.755327E-17
4.092900E+03	7.678154E-16	5.755766E-17
4.093200E+03	7.678611E-16	5.756074E-17
4.093500E+03	7.678714E-16	5.756116E-17
4.093700E+03	7.675070E-16	5.753361E-17
4.094000E+03	7.682246E-16	5.758705E-17
4.094300E+03	7.686242E-16	5.761665E-17
4.094600E+03	7.694845E-16	5.768078E-17
4.094800E+03	7.696154E-16	5.769036E-17
4.095100E+03	7.698207E-16	5.770540E-17
4.095400E+03	7.707179E-16	5.777230E-17
4.095700E+03	7.710832E-16	5.779933E-17
4.095900E+03	7.716941E-16	5.784488E-17
4.096200E+03	7.709230E-16	5.778673E-17
4.096500E+03	7.715193E-16	5.783108E-17
4.096800E+03	7.715475E-16	5.783283E-17
4.097000E+03	7.715011E-16	5.782912E-17
4.097200E+03	7.709575E-16	5.778814E-17
4.097500E+03	7.715184E-16	5.782983E-17
4.097800E+03	7.712445E-16	5.780895E-17
4.098100E+03	7.715391E-16	5.783067E-17
4.098300E+03	7.714749E-16	5.782563E-17
4.098600E+03	7.715564E-16	5.783138E-17
4.098900E+03	7.708209E-16	5.777589E-17
4.099200E+03	7.710266E-16	5.779096E-17
4.099400E+03	7.716196E-16	5.783517E-17
4.099700E+03	7.721098E-16	5.787156E-17
4.100000E+03	7.721202E-16	5.787198E-17
4.100300E+03	7.728065E-16	5.792306E-17
4.100500E+03	7.736146E-16	5.798340E-17
4.100800E+03	7.740170E-16	5.801320E-17
4.101100E+03	7.741700E-16	5.802431E-17
4.101400E+03	7.742517E-16	5.803008E-17
4.101600E+03	7.731719E-16	5.794891E-17
4.101900E+03	7.737166E-16	5.798938E-17
4.102200E+03	7.740299E-16	5.801251E-17
4.102500E+03	7.738800E-16	5.800091E-17
4.102800E+03	7.745499E-16	5.805077E-17
4.103000E+03	7.747888E-16	5.806843E-17
4.103300E+03	7.744603E-16	5.804346E-17
4.103600E+03	7.741320E-16	5.801849E-17
4.103900E+03	7.746774E-16	5.805901E-17
4.104100E+03	7.746665E-16	5.805796E-17
4.104400E+03	7.756051E-16	5.812794E-17
4.104700E+03	7.760443E-16	5.816050E-17
4.105000E+03	7.759296E-16	5.815154E-17
4.105200E+03	7.769736E-16	5.822955E-17
4.105500E+03	7.775926E-16	5.827558E-17
4.105800E+03	7.771376E-16	5.824112E-17
4.106100E+03	7.771123E-16	5.823887E-17
4.106300E+03	7.769762E-16	5.822843E-17
4.106600E+03	7.769867E-16	5.822885E-17
4.106900E+03	7.769971E-16	5.822928E-17
4.107100E+03	7.769683E-16	5.822688E-17
4.107400E+03	7.767999E-16	5.821390E-17
4.107600E+03	7.769500E-16	5.822491E-17
4.107900E+03	7.772825E-16	5.824947E-17
4.108200E+03	7.774899E-16	5.826465E-17
4.108500E+03	7.770351E-16	5.823021E-17
4.108700E+03	7.774537E-16	5.826134E-17
4.109000E+03	7.768558E-16	5.821617E-17
4.109300E+03	7.764371E-16	5.818443E-17
4.109600E+03	7.759649E-16	5.814869E-17
4.109800E+03	7.755611E-16	5.811819E-17
4.110100E+03	7.747505E-16	5.805709E-17
4.110400E+03	7.757785E-16	5.813376E-17
4.110700E+03	7.758068E-16	5.813553E-17
4.111000E+03	7.752637E-16	5.809447E-17
4.111200E+03	7.753064E-16	5.809743E-17
4.111500E+03	7.752634E-16	5.809384E-17
4.111800E+03	7.745779E-16	5.804212E-17
4.112100E+03	7.746954E-16	5.805056E-17
4.112300E+03	7.748272E-16	5.806020E-17
4.112600E+03	7.744453E-16	5.803122E-17
4.112900E+03	7.746698E-16	5.804769E-17
4.113200E+03	7.749657E-16	5.806950E-17
4.113400E+03	7.750262E-16	5.807379E-17
4.113700E+03	7.746977E-16	5.804882E-17
4.114000E+03	7.741197E-16	5.800515E-17
4.114300E+03	7.734532E-16	5.795484E-17
4.114600E+03	7.728583E-16	5.790991E-17
4.114800E+03	7.729898E-16	5.791952E-17
4.115100E+03	7.726799E-16	5.789595E-17
4.115400E+03	7.725481E-16	5.788571E-17
4.115700E+03	7.722384E-16	5.786214E-17
4.115900E+03	7.721209E-16	5.785310E-17
4.116200E+03	7.718114E-16	5.782955E-17
4.116500E+03	7.709337E-16	5.776343E-17
4.116800E+03	7.707489E-16	5.774923E-17
4.117000E+03	7.708091E-16	5.775350E-17
4.117300E+03	7.703760E-16	5.772068E-17
4.117500E+03	7.704184E-16	5.772362E-17
4.117800E+03	7.698259E-16	5.767887E-17
4.118100E+03	7.701732E-16	5.770453E-17
4.118300E+03	7.689220E-16	5.761055E-17
4.118600E+03	7.690564E-16	5.762026E-17
4.118900E+03	7.691553E-16	5.762731E-17
4.119200E+03	7.687231E-16	5.759457E-17
4.119400E+03	7.681815E-16	5.755376E-17
4.119700E+03	7.677145E-16	5.751841E-17
4.120000E+03	7.676542E-16	5.751353E-17
4.120300E+03	7.670638E-16	5.746894E-17
4.120600E+03	7.663151E-16	5.741249E-17
4.120800E+03	7.657928E-16	5.737312E-17
4.121100E+03	7.649749E-16	5.731149E-17
4.121400E+03	7.651262E-16	5.732246E-17
4.121700E+03	7.646963E-16	5.728989E-17
4.121900E+03	7.647560E-16	5.729413E-17
4.122200E+03	7.649777E-16	5.731038E-17
4.122500E+03	7.647239E-16	5.729101E-17
4.122800E+03	7.644878E-16	5.727296E-17
4.123100E+03	7.643749E-16	5.726415E-17
4.123300E+03	7.639419E-16	5.723147E-17
4.123600E+03	7.630381E-16	5.716341E-17
4.123900E+03	7.624513E-16	5.711909E-17
4.124200E+03	7.620755E-16	5.709058E-17
4.124400E+03	7.623632E-16	5.711190E-17
4.124700E+03	7.619874E-16	5.708339E-17
4.125000E+03	7.608932E-16	5.700105E-17
4.125300E+03	7.611664E-16	5.702117E-17
4.125600E+03	7.606686E-16	5.698352E-17
4.125800E+03	7.605529E-16	5.697461E-17
4.126100E+03	7.604582E-16	5.696716E-17
4.126400E+03	7.600483E-16	5.693610E-17
4.126700E+03	7.596387E-16	5.690506E-17
4.126900E+03	7.598555E-16	5.692106E-17
4.127200E+03	7.597958E-16	5.691623E-17
4.127500E+03	7.601912E-16	5.694549E-17
4.127700E+03	7.603206E-16	5.695495E-17
4.128000E+03	7.600334E-16	5.693307E-17
4.128200E+03	7.604954E-16	5.696745E-17
4.128500E+03	7.604532E-16	5.696393E-17
4.128800E+03	7.602359E-16	5.694729E-17
4.129100E+03	7.596513E-16	5.690315E-17
4.129300E+03	7.593958E-16	5.688377E-17
4.129600E+03	7.593537E-16	5.688025E-17
4.129900E+03	7.597138E-16	5.690687E-17
4.130200E+03	7.589023E-16	5.684573E-17
4.130500E+03	7.580394E-16	5.678074E-17
4.130700E+03	7.580812E-16	5.678363E-17
4.131000E+03	7.572542E-16	5.672133E-17
4.131300E+03	7.568983E-16	5.669432E-17
4.131600E+03	7.570655E-16	5.670648E-17
4.131800E+03	7.570026E-16	5.670154E-17
4.132100E+03	7.559677E-16	5.662366E-17
4.132400E+03	7.558910E-16	5.661756E-17
4.132700E+03	7.561972E-16	5.664014E-17
4.133000E+03	7.558246E-16	5.661187E-17
4.133200E+03	7.559707E-16	5.662257E-17
4.133500E+03	7.569563E-16	5.669604E-17
4.133800E+03	7.573851E-16	5.672780E-17
4.134100E+03	7.576920E-16	5.675043E-17
4.134400E+03	7.573011E-16	5.672079E-17
4.134600E+03	7.570464E-16	5.670148E-17
4.134900E+03	7.577195E-16	5.675153E-17
4.135200E+03	7.579566E-16	5.676894E-17
4.135500E+03	7.571994E-16	5.671186E-17
4.135700E+03	7.569099E-16	5.668995E-17
4.136000E+03	7.571817E-16	5.670994E-17
4.136300E+03	7.574362E-16	5.672864E-17
4.136600E+03	7.572895E-16	5.671730E-17
4.136900E+03	7.563936E-16	5.664985E-17
4.137100E+03	7.567837E-16	5.667883E-17
4.137400E+03	7.570554E-16	5.669882E-17
4.137700E+03	7.565952E-16	5.666399E-17
4.138000E+03	7.566404E-16	5.666701E-17
4.138200E+03	7.567867E-16	5.667773E-17
4.138400E+03	7.565148E-16	5.665713E-17
4.138700E+03	7.565251E-16	5.665754E-17
4.139000E+03	7.569710E-16	5.669058E-17
4.139300E+03	7.576789E-16	5.674323E-17
4.139500E+03	7.581046E-16	5.677488E-17
4.139800E+03	7.586038E-16	5.681190E-17
4.140100E+03	7.582649E-16	5.678616E-17
4.140400E+03	7.586594E-16	5.681535E-17
4.140700E+03	7.595088E-16	5.687860E-17
4.140900E+03	7.597430E-16	5.689590E-17
4.141200E+03	7.602609E-16	5.693432E-17
4.141500E+03	7.609718E-16	5.698720E-17
4.141800E+03	7.614379E-16	5.702174E-17
4.142100E+03	7.617991E-16	5.704843E-17
4.142300E+03	7.627538E-16	5.711968E-17
4.142600E+03	7.626589E-16	5.711221E-17
4.142900E+03	7.635127E-16	5.717579E-17
4.143200E+03	7.634528E-16	5.717093E-17
4.143500E+03	7.637796E-16	5.719505E-17
4.143700E+03	7.642088E-16	5.722695E-17
4.144000E+03	7.635509E-16	5.717732E-17
4.144300E+03	7.633679E-16	5.716325E-17
4.144600E+03	7.637652E-16	5.719263E-17
4.144900E+03	7.631779E-16	5.714829E-17
4.145100E+03	7.622715E-16	5.708018E-17
4.145400E+03	7.640041E-16	5.720955E-17
4.145700E+03	7.641552E-16	5.722051E-17
4.146000E+03	7.644472E-16	5.724201E-17
4.146200E+03	7.646302E-16	5.725547E-17
4.146500E+03	7.656097E-16	5.732845E-17
4.146800E+03	7.656554E-16	5.733150E-17
4.147100E+03	7.664067E-16	5.738739E-17
4.147400E+03	7.664171E-16	5.738781E-17
4.147600E+03	7.660889E-16	5.736299E-17
4.147900E+03	7.659935E-16	5.735548E-17
4.148200E+03	7.658805E-16	5.734666E-17
4.148400E+03	7.656406E-16	5.732845E-17
4.148700E+03	7.663919E-16	5.738434E-17
4.148900E+03	7.662754E-16	5.737537E-17
4.149200E+03	7.660742E-16	5.735994E-17
4.149500E+03	7.659436E-16	5.734979E-17
4.149800E+03	7.654780E-16	5.731457E-17
4.150100E+03	7.655589E-16	5.732026E-17
4.150300E+03	7.649845E-16	5.727700E-17
4.150600E+03	7.658938E-16	5.734472E-17
4.150900E+03	7.660277E-16	5.735438E-17
4.151200E+03	7.659147E-16	5.734556E-17
4.151500E+03	7.663662E-16	5.737899E-17
4.151700E+03	7.662144E-16	5.736739E-17
4.152000E+03	7.671076E-16	5.743389E-17
4.152300E+03	7.676659E-16	5.747532E-17
4.152600E+03	7.677648E-16	5.748236E-17
4.152900E+03	7.672097E-16	5.744044E-17
4.153100E+03	7.663164E-16	5.737331E-17
4.153400E+03	7.664151E-16	5.738033E-17
4.153700E+03	7.653498E-16	5.730021E-17
4.154000E+03	7.654132E-16	5.730458E-17
4.154300E+03	7.649127E-16	5.726675E-17
4.154500E+03	7.649725E-16	5.727098E-17
4.154800E+03	7.647892E-16	5.725689E-17
4.155100E+03	7.642717E-16	5.721778E-17
4.155400E+03	7.638247E-16	5.718395E-17
4.155700E+03	7.635362E-16	5.716198E-17
4.155900E+03	7.635256E-16	5.716095E-17
4.156200E+03	7.636767E-16	5.717189E-17
4.156500E+03	7.638631E-16	5.718548E-17
4.156800E+03	7.640670E-16	5.720038E-17
4.157100E+03	7.643766E-16	5.722319E-17
4.157300E+03	7.636272E-16	5.716684E-17
4.157600E+03	7.638838E-16	5.718569E-17
4.157900E+03	7.633845E-16	5.714793E-17
4.158200E+03	7.631137E-16	5.712730E-17
4.158500E+03	7.627377E-16	5.709878E-17
4.158600E+03	7.629519E-16	5.711470E-17
4.158900E+03	7.632611E-16	5.713748E-17
4.159200E+03	7.637638E-16	5.717474E-17
4.159500E+03	7.638799E-16	5.718306E-17
4.159800E+03	7.631871E-16	5.713083E-17
4.160000E+03	7.631413E-16	5.712716E-17
4.160300E+03	7.628532E-16	5.710523E-17
4.160600E+03	7.628461E-16	5.710433E-17
4.160900E+03	7.634892E-16	5.715210E-17
4.161200E+03	7.638865E-16	5.718148E-17
4.161400E+03	7.634891E-16	5.715148E-17
4.161700E+03	7.639216E-16	5.718349E-17
4.162000E+03	7.637035E-16	5.716679E-17
4.162300E+03	7.629230E-16	5.710800E-17
4.162600E+03	7.632147E-16	5.712946E-17
4.162800E+03	7.626419E-16	5.708634E-17
4.163100E+03	7.626348E-16	5.708544E-17
4.163400E+03	7.629965E-16	5.711216E-17
4.163700E+03	7.629894E-16	5.711126E-17
4.164000E+03	7.632636E-16	5.713141E-17
4.164200E+03	7.624274E-16	5.706857E-17
4.164500E+03	7.619289E-16	5.703089E-17
4.164800E+03	7.614308E-16	5.699324E-17
4.165100E+03	7.619499E-16	5.703172E-17
4.165400E+03	7.614167E-16	5.699145E-17
4.165600E+03	7.611782E-16	5.697335E-17
4.165900E+03	7.601553E-16	5.689642E-17
4.166200E+03	7.598508E-16	5.687326E-17
4.166500E+03	7.593190E-16	5.683309E-17
4.166800E+03	7.593819E-16	5.683743E-17
4.167000E+03	7.591442E-16	5.681939E-17
4.167300E+03	7.592769E-16	5.682896E-17
4.167600E+03	7.592524E-16	5.682676E-17
4.167900E+03	7.584591E-16	5.676701E-17
4.168200E+03	7.585917E-16	5.677657E-17
4.168400E+03	7.580749E-16	5.673765E-17
4.168700E+03	7.574049E-16	5.668713E-17
4.168900E+03	7.577083E-16	5.670960E-17
4.169200E+03	7.581027E-16	5.673875E-17
4.169500E+03	7.583925E-16	5.676007E-17
4.169800E+03	7.578444E-16	5.671868E-17
4.170000E+03	7.572234E-16	5.667196E-17
4.170300E+03	7.567806E-16	5.663845E-17
4.170600E+03	7.565819E-16	5.662321E-17
4.170900E+03	7.558436E-16	5.656759E-17
4.171200E+03	7.558714E-16	5.656930E-17
4.171400E+03	7.564355E-16	5.661128E-17
4.171700E+03	7.561150E-16	5.658692E-17
4.172000E+03	7.556904E-16	5.655477E-17
4.172300E+03	7.557878E-16	5.656170E-17
4.172600E+03	7.558504E-16	5.656602E-17
4.172800E+03	7.561533E-16	5.658844E-17
4.173100E+03	7.566340E-16	5.662405E-17
4.173400E+03	7.565921E-16	5.662054E-17
4.173700E+03	7.566025E-16	5.662095E-17
4.174000E+03	7.561601E-16	5.658748E-17
4.174200E+03	7.565328E-16	5.661513E-17
4.174500E+03	7.565433E-16	5.661554E-17
4.174800E+03	7.565189E-16	5.661334E-17
4.175100E+03	7.568429E-16	5.663723E-17
4.175400E+03	7.559302E-16	5.656856E-17
4.175700E+03	7.555405E-16	5.653902E-17
4.175900E+03	7.555474E-16	5.653930E-17
4.176200E+03	7.548622E-16	5.648765E-17
4.176500E+03	7.542993E-16	5.644516E-17
4.176800E+03	7.534765E-16	5.638322E-17
4.177100E+03	7.530360E-16	5.634989E-17
4.177300E+03	7.528348E-16	5.633459E-17
4.177600E+03	7.519962E-16	5.627147E-17
4.177900E+03	7.517470E-16	5.625245E-17
4.178200E+03	7.515669E-16	5.623861E-17
4.178500E+03	7.505743E-16	5.616397E-17
4.178800E+03	7.501354E-16	5.613076E-17
4.179000E+03	7.500215E-16	5.612199E-17
4.179200E+03	7.494759E-16	5.608092E-17
4.179500E+03	7.484515E-16	5.600391E-17
4.179800E+03	7.480139E-16	5.597080E-17
4.180100E+03	7.479553E-16	5.596605E-17
4.180300E+03	7.471188E-16	5.590321E-17
4.180600E+03	7.468195E-16	5.588045E-17
4.180900E+03	7.461251E-16	5.582813E-17
4.181200E+03	7.464104E-16	5.584911E-17
4.181500E+03	7.464723E-16	5.585337E-17
4.181700E+03	7.464964E-16	5.585493E-17
4.182000E+03	7.454417E-16	5.577565E-17
4.182300E+03	7.449201E-16	5.573626E-17
4.182600E+03	7.442617E-16	5.568664E-17
4.182900E+03	7.446320E-16	5.571398E-17
4.183200E+03	7.446423E-16	5.571438E-17
4.183400E+03	7.442892E-16	5.568772E-17
4.183700E+03	7.439054E-16	5.565864E-17
4.184000E+03	7.435218E-16	5.562958E-17
4.184300E+03	7.434294E-16	5.562230E-17
4.184600E+03	7.432343E-16	5.560734E-17
4.184800E+03	7.434637E-16	5.562425E-17
4.185100E+03	7.438164E-16	5.565028E-17
4.185400E+03	7.435014E-16	5.562634E-17
4.185700E+03	7.425878E-16	5.555762E-17
4.186000E+03	7.423074E-16	5.553629E-17
4.186300E+03	7.427964E-16	5.557250E-17
4.186500E+03	7.422733E-16	5.553312E-17
4.186800E+03	7.422664E-16	5.553224E-17
4.187100E+03	7.420375E-16	5.551475E-17
4.187400E+03	7.419111E-16	5.550493E-17
4.187700E+03	7.415456E-16	5.547722E-17
4.187900E+03	7.406481E-16	5.540983E-17
4.188200E+03	7.399253E-16	5.535540E-17
4.188500E+03	7.394076E-16	5.531630E-17
4.188800E+03	7.392135E-16	5.530142E-17
4.189100E+03	7.389855E-16	5.528400E-17
4.189400E+03	7.388596E-16	5.527422E-17
4.189500E+03	7.381319E-16	5.521965E-17
4.189800E+03	7.374456E-16	5.516795E-17
4.190100E+03	7.369805E-16	5.513279E-17
4.190400E+03	7.365327E-16	5.509893E-17
4.190700E+03	7.363225E-16	5.508284E-17
4.191000E+03	7.352145E-16	5.499959E-17
4.191200E+03	7.353229E-16	5.500746E-17
4.191500E+03	7.348422E-16	5.497114E-17
4.191800E+03	7.346156E-16	5.495382E-17
4.192100E+03	7.338819E-16	5.489857E-17
4.192400E+03	7.342470E-16	5.492553E-17
4.192600E+03	7.334765E-16	5.486764E-17
4.192900E+03	7.324403E-16	5.478977E-17
4.193200E+03	7.316582E-16	5.473090E-17
4.193500E+03	7.311463E-16	5.469225E-17
4.193800E+03	7.304665E-16	5.464104E-17
4.194100E+03	7.296194E-16	5.457731E-17
4.194300E+03	7.294413E-16	5.456375E-17
4.194600E+03	7.287631E-16	5.451266E-17
4.194900E+03	7.287733E-16	5.451306E-17
4.195200E+03	7.276096E-16	5.442566E-17
4.195500E+03	7.273852E-16	5.440851E-17
4.195800E+03	7.272781E-16	5.440014E-17
4.196000E+03	7.270337E-16	5.438162E-17
4.196300E+03	7.263744E-16	5.433195E-17
4.196600E+03	7.261337E-16	5.431358E-17
4.196900E+03	7.251580E-16	5.424024E-17
4.197200E+03	7.247007E-16	5.420567E-17
4.197500E+03	7.248109E-16	5.421356E-17
4.197700E+03	7.241836E-16	5.416640E-17
4.198000E+03	7.234771E-16	5.411320E-17
4.198300E+03	7.231540E-16	5.408867E-17
4.198600E+03	7.230309E-16	5.407910E-17
4.198900E+03	7.221590E-16	5.401354E-17
4.199100E+03	7.216006E-16	5.397153E-17
4.199400E+03	7.209463E-16	5.392224E-17
4.199700E+03	7.196130E-16	5.382215E-17
4.199900E+03	7.195865E-16	5.381993E-17
4.200200E+03	7.188512E-16	5.376458E-17
4.200500E+03	7.186792E-16	5.375136E-17
4.200700E+03	7.184542E-16	5.373429E-17
4.201000E+03	7.183154E-16	5.372355E-17
4.201300E+03	7.174823E-16	5.366089E-17
4.201600E+03	7.172610E-16	5.364399E-17
4.201900E+03	7.170233E-16	5.362585E-17
4.202200E+03	7.166866E-16	5.360032E-17
4.202400E+03	7.161984E-16	5.356356E-17
4.202700E+03	7.154007E-16	5.350355E-17
4.203000E+03	7.150978E-16	5.348054E-17
4.203300E+03	7.145646E-16	5.344031E-17
4.203600E+03	7.140482E-16	5.340133E-17
4.203900E+03	7.133023E-16	5.334519E-17
4.204100E+03	7.132924E-16	5.334421E-17
4.204400E+03	7.132202E-16	5.333846E-17
4.204700E+03	7.126064E-16	5.329220E-17
4.205000E+03	7.117964E-16	5.323127E-17
4.205300E+03	7.117244E-16	5.322553E-17
4.205600E+03	7.116360E-16	5.321856E-17
4.205800E+03	7.116753E-16	5.322127E-17
4.206100E+03	7.115050E-16	5.320817E-17
4.206400E+03	7.112036E-16	5.318528E-17
4.206700E+03	7.105261E-16	5.313426E-17
4.207000E+03	7.100944E-16	5.310163E-17
4.207300E+03	7.103496E-16	5.312036E-17
4.207500E+03	7.098330E-16	5.308149E-17
4.207800E+03	7.089771E-16	5.301713E-17
4.208100E+03	7.087096E-16	5.299677E-17
4.208400E+03	7.081648E-16	5.295568E-17
4.208700E+03	7.081747E-16	5.295606E-17
4.209000E+03	7.075326E-16	5.290770E-17
4.209200E+03	7.070506E-16	5.287141E-17
4.209500E+03	7.061168E-16	5.280124E-17
4.209800E+03	7.057691E-16	5.277488E-17
4.210000E+03	7.058732E-16	5.278243E-17
4.210300E+03	7.058017E-16	5.277673E-17
4.210600E+03	7.057791E-16	5.277469E-17
4.210800E+03	7.051846E-16	5.273000E-17
4.211100E+03	7.046426E-16	5.268911E-17
4.211400E+03	7.044578E-16	5.267494E-17
4.211700E+03	7.039811E-16	5.263895E-17
4.212000E+03	7.037965E-16	5.262479E-17
4.212300E+03	7.038387E-16	5.262760E-17
4.212500E+03	7.035698E-16	5.260726E-17
4.212800E+03	7.026245E-16	5.253622E-17
4.213100E+03	7.029579E-16	5.256080E-17
4.213400E+03	7.022721E-16	5.250916E-17
4.213700E+03	7.015869E-16	5.245758E-17
4.214000E+03	7.014190E-16	5.244468E-17
4.214300E+03	7.014773E-16	5.244868E-17
4.214500E+03	7.011770E-16	5.242599E-17
4.214800E+03	7.010253E-16	5.241430E-17
4.215100E+03	7.002285E-16	5.235437E-17
4.215400E+03	6.996903E-16	5.231378E-17
4.215700E+03	6.993779E-16	5.229008E-17
4.216000E+03	6.993716E-16	5.228925E-17
4.216200E+03	6.996842E-16	5.231239E-17
4.216500E+03	7.000001E-16	5.233565E-17
4.216800E+03	6.998326E-16	5.232278E-17
4.217100E+03	7.000197E-16	5.233641E-17
4.217400E+03	6.999972E-16	5.233438E-17
4.217700E+03	6.997976E-16	5.231910E-17
4.217900E+03	6.996591E-16	5.230851E-17
4.218200E+03	7.003297E-16	5.235830E-17
4.218500E+03	7.002105E-16	5.234903E-17
4.218800E+03	7.004461E-16	5.236629E-17
4.219100E+03	7.005204E-16	5.237150E-17
4.219400E+03	6.997080E-16	5.231041E-17
4.219600E+03	6.991509E-16	5.226852E-17
4.219900E+03	6.992894E-16	5.227853E-17
4.220200E+03	6.989451E-16	5.225244E-17
4.220400E+03	6.994668E-16	5.229120E-17
4.220700E+03	6.999277E-16	5.232531E-17
4.221000E+03	7.003890E-16	5.235943E-17
4.221300E+03	6.999957E-16	5.232968E-17
4.221500E+03	6.996155E-16	5.230103E-17
4.221800E+03	6.993514E-16	5.228093E-17
4.222100E+03	6.990715E-16	5.225965E-17
4.222400E+03	6.993228E-16	5.227808E-17
4.222700E+03	6.995903E-16	5.229772E-17
4.223000E+03	6.997934E-16	5.231255E-17
4.223200E+03	6.993972E-16	5.228270E-17
4.223500E+03	6.995681E-16	5.229512E-17
4.223800E+03	6.992558E-16	5.227142E-17
4.224100E+03	6.992495E-16	5.227060E-17
4.224400E+03	6.987926E-16	5.223609E-17
4.224700E+03	6.983037E-16	5.219919E-17
4.225000E+03	6.985064E-16	5.221399E-17
4.225200E+03	6.983040E-16	5.219862E-17
4.225500E+03	6.982173E-16	5.219179E-17
4.225800E+03	6.979699E-16	5.217294E-17
4.226100E+03	6.981886E-16	5.218894E-17
4.226400E+03	6.979412E-16	5.217009E-17
4.226700E+03	6.973406E-16	5.212484E-17
4.226900E+03	6.976844E-16	5.215031E-17
4.227200E+03	6.972445E-16	5.211707E-17
4.227500E+03	6.977201E-16	5.215227E-17
4.227800E+03	6.980191E-16	5.217426E-17
4.228100E+03	6.975790E-16	5.214101E-17
4.228400E+03	6.970589E-16	5.210179E-17
4.228700E+03	6.969564E-16	5.209377E-17
4.228900E+03	6.963052E-16	5.204486E-17
4.229200E+03	6.962829E-16	5.204284E-17
4.229500E+03	6.957638E-16	5.200369E-17
4.229800E+03	6.961101E-16	5.202922E-17
4.230100E+03	6.957833E-16	5.200444E-17
4.230400E+03	6.958573E-16	5.200961E-17
4.230500E+03	6.960528E-16	5.202411E-17
4.230800E+03	6.960626E-16	5.202449E-17
4.231100E+03	6.956077E-16	5.199013E-17
4.231400E+03	6.945772E-16	5.191276E-17
4.231700E+03	6.944110E-16	5.189998E-17
4.232000E+03	6.944527E-16	5.190275E-17
4.232300E+03	6.942387E-16	5.188640E-17
4.232500E+03	6.939095E-16	5.186156E-17
4.232800E+03	6.934082E-16	5.182374E-17
4.233100E+03	6.935776E-16	5.183605E-17
4.233400E+03	6.937152E-16	5.184598E-17
4.233700E+03	6.934534E-16	5.182606E-17
4.234000E+03	6.931758E-16	5.180496E-17
4.234300E+03	6.929941E-16	5.179102E-17
4.234500E+03	6.927772E-16	5.177458E-17
4.234800E+03	6.922129E-16	5.173206E-17
4.235100E+03	6.923661E-16	5.174315E-17
4.235400E+03	6.924077E-16	5.174591E-17
4.235700E+03	6.921784E-16	5.172842E-17
4.236000E+03	6.919651E-16	5.171212E-17
4.236200E+03	6.920990E-16	5.172189E-17
4.236500E+03	6.921247E-16	5.172346E-17
4.236800E+03	6.914654E-16	5.167384E-17
4.237100E+03	6.913319E-16	5.166351E-17
4.237400E+03	6.913894E-16	5.166745E-17
4.237700E+03	6.908739E-16	5.162858E-17
4.238000E+03	6.906291E-16	5.160993E-17
4.238200E+03	6.909379E-16	5.163277E-17
4.238500E+03	6.912500E-16	5.165574E-17
4.238800E+03	6.907982E-16	5.162162E-17
4.239100E+03	6.906012E-16	5.160655E-17
4.239400E+03	6.902930E-16	5.158316E-17
4.239700E+03	6.900325E-16	5.156335E-17
4.240000E+03	6.894864E-16	5.152219E-17
4.240200E+03	6.891754E-16	5.149871E-17
4.240500E+03	6.886933E-16	5.146233E-17
4.240800E+03	6.884335E-16	5.144257E-17
4.241000E+03	6.882657E-16	5.142979E-17
4.241300E+03	6.889254E-16	5.147874E-17
4.241600E+03	6.888400E-16	5.147200E-17
4.241900E+03	6.880887E-16	5.141551E-17
4.242100E+03	6.878735E-16	5.139919E-17
4.242400E+03	6.875348E-16	5.137353E-17
4.242700E+03	6.877820E-16	5.139165E-17
4.243000E+03	6.871585E-16	5.134471E-17
4.243300E+03	6.872631E-16	5.135217E-17
4.243600E+03	6.879536E-16	5.140341E-17
4.243900E+03	6.876466E-16	5.138012E-17
4.244100E+03	6.874631E-16	5.136617E-17
4.244400E+03	6.869980E-16	5.133107E-17
4.244700E+03	6.864227E-16	5.128774E-17
4.245000E+03	6.863850E-16	5.128456E-17
4.245300E+03	6.857786E-16	5.123890E-17
4.245600E+03	6.858515E-16	5.124399E-17
4.245900E+03	6.857347E-16	5.123492E-17
4.246100E+03	6.864995E-16	5.129182E-17
4.246400E+03	6.867622E-16	5.131110E-17
4.246700E+03	6.868510E-16	5.131738E-17
4.247000E+03	6.868607E-16	5.131775E-17
4.247300E+03	6.866964E-16	5.130512E-17
4.247600E+03	6.866271E-16	5.129959E-17
4.247900E+03	6.869689E-16	5.132477E-17
4.248200E+03	6.867888E-16	5.131096E-17
4.248400E+03	6.864000E-16	5.128168E-17
4.248700E+03	6.863623E-16	5.127851E-17
4.249000E+03	6.863404E-16	5.127652E-17
4.249300E+03	6.865240E-16	5.128988E-17
4.249600E+03	6.864072E-16	5.128080E-17
4.249900E+03	6.867331E-16	5.130480E-17
4.250200E+03	6.870275E-16	5.132644E-17
4.250400E+03	6.870181E-16	5.132550E-17
4.250700E+03	6.876451E-16	5.137198E-17
4.251000E+03	6.881142E-16	5.140667E-17
4.251200E+03	6.883900E-16	5.142704E-17
4.251500E+03	6.885901E-16	5.144163E-17
4.251800E+03	6.881877E-16	5.141121E-17
4.252100E+03	6.883083E-16	5.141987E-17
4.252300E+03	6.888063E-16	5.145684E-17
4.252600E+03	6.890541E-16	5.147499E-17
4.252900E+03	6.885721E-16	5.143863E-17
4.253200E+03	6.885342E-16	5.143544E-17
4.253500E+03	6.887025E-16	5.144766E-17
4.253800E+03	6.890454E-16	5.147292E-17
4.254100E+03	6.893250E-16	5.149344E-17
4.254400E+03	6.895887E-16	5.151279E-17
4.254600E+03	6.894682E-16	5.150355E-17
4.254900E+03	6.903199E-16	5.156681E-17
4.255200E+03	6.905204E-16	5.158143E-17
4.255500E+03	6.909119E-16	5.161032E-17
4.255800E+03	6.913037E-16	5.163923E-17
4.256100E+03	6.917115E-16	5.166933E-17
4.256400E+03	6.920081E-16	5.169113E-17
4.256600E+03	6.923334E-16	5.171519E-17
4.256900E+03	6.923272E-16	5.171437E-17
4.257200E+03	6.923211E-16	5.171355E-17
4.257500E+03	6.925541E-16	5.173060E-17
4.257800E+03	6.930904E-16	5.177029E-17
4.258100E+03	6.933716E-16	5.179094E-17
4.258400E+03	6.937807E-16	5.182113E-17
4.258700E+03	6.941581E-16	5.184896E-17
4.258900E+03	6.944364E-16	5.186951E-17
4.259200E+03	6.949581E-16	5.190811E-17
4.259500E+03	6.946800E-16	5.188698E-17
4.259800E+03	6.950578E-16	5.191484E-17
4.260100E+03	6.955319E-16	5.194989E-17
4.260400E+03	6.960866E-16	5.199096E-17
4.260700E+03	6.961125E-16	5.199253E-17
4.260900E+03	6.964397E-16	5.201673E-17
4.261200E+03	6.965297E-16	5.202309E-17
4.261400E+03	6.971139E-16	5.206648E-17
4.261700E+03	6.968510E-16	5.204649E-17
4.262000E+03	6.970375E-16	5.206005E-17
4.262300E+03	6.974327E-16	5.208920E-17
4.262600E+03	6.982781E-16	5.215198E-17
4.262900E+03	6.990925E-16	5.221244E-17
4.263100E+03	6.995500E-16	5.224636E-17
4.263400E+03	7.003496E-16	5.230572E-17
4.263700E+03	7.007305E-16	5.233380E-17
4.264000E+03	7.013055E-16	5.237638E-17
4.264300E+03	7.013154E-16	5.237676E-17
4.264600E+03	7.011962E-16	5.236749E-17
4.264900E+03	7.014323E-16	5.238475E-17
4.265200E+03	7.014261E-16	5.238392E-17
4.265400E+03	7.019821E-16	5.242520E-17
4.265700E+03	7.032378E-16	5.251861E-17
4.266000E+03	7.042525E-16	5.259402E-17
4.266300E+03	7.042625E-16	5.259440E-17
4.266600E+03	7.042562E-16	5.259357E-17
4.266900E+03	7.048179E-16	5.263514E-17
4.267200E+03	7.050713E-16	5.265370E-17
4.267500E+03	7.053737E-16	5.267591E-17
4.267700E+03	7.063392E-16	5.274777E-17
4.268000E+03	7.070165E-16	5.279798E-17
4.268300E+03	7.072056E-16	5.281173E-17
4.268600E+03	7.079163E-16	5.286443E-17
4.268900E+03	7.076493E-16	5.284412E-17
4.269200E+03	7.076593E-16	5.284450E-17
4.269500E+03	7.080443E-16	5.287288E-17
4.269800E+03	7.074188E-16	5.282580E-17
4.270000E+03	7.077351E-16	5.284917E-17
4.270300E+03	7.085604E-16	5.291043E-17
4.270600E+03	7.085542E-16	5.290959E-17
4.270900E+03	7.093642E-16	5.296970E-17
4.271200E+03	7.092599E-16	5.296155E-17
4.271500E+03	7.098092E-16	5.300219E-17
4.271700E+03	7.100939E-16	5.302320E-17
4.272000E+03	7.104474E-16	5.304922E-17
4.272200E+03	7.100616E-16	5.302017E-17
4.272500E+03	7.104152E-16	5.304620E-17
4.272800E+03	7.105235E-16	5.305391E-17
4.273100E+03	7.110246E-16	5.309095E-17
4.273400E+03	7.111657E-16	5.310111E-17
4.273700E+03	7.120607E-16	5.316757E-17
4.274000E+03	7.125793E-16	5.320592E-17
4.274300E+03	7.135089E-16	5.327495E-17
4.274500E+03	7.138936E-16	5.330343E-17
4.274800E+03	7.146274E-16	5.335784E-17
4.275100E+03	7.142757E-16	5.333121E-17
4.275400E+03	7.145491E-16	5.335124E-17
4.275700E+03	7.153494E-16	5.341062E-17
4.276000E+03	7.158210E-16	5.344545E-17
4.276300E+03	7.157653E-16	5.344092E-17
4.276600E+03	7.163361E-16	5.348316E-17
4.276900E+03	7.165938E-16	5.350202E-17
4.277100E+03	7.164521E-16	5.349119E-17
4.277400E+03	7.164294E-16	5.348912E-17
4.277700E+03	7.166705E-16	5.350675E-17
4.278000E+03	7.163838E-16	5.348496E-17
4.278300E+03	7.168890E-16	5.352230E-17
4.278600E+03	7.169983E-16	5.353008E-17
4.278900E+03	7.172562E-16	5.354896E-17
4.279200E+03	7.178282E-16	5.359129E-17
4.279400E+03	7.176533E-16	5.357797E-17
4.279700E+03	7.174983E-16	5.356602E-17
4.280000E+03	7.178060E-16	5.358862E-17
4.280300E+03	7.180807E-16	5.360875E-17
4.280600E+03	7.186369E-16	5.364989E-17
4.280900E+03	7.187464E-16	5.365769E-17
4.281200E+03	7.194687E-16	5.371123E-17
4.281500E+03	7.202580E-16	5.376977E-17
4.281800E+03	7.203346E-16	5.377511E-17
4.281900E+03	7.204209E-16	5.378143E-17
4.282200E+03	7.211616E-16	5.383634E-17
4.282500E+03	7.209228E-16	5.381813E-17
4.282800E+03	7.210825E-16	5.382967E-17
4.283100E+03	7.207774E-16	5.380652E-17
4.283400E+03	7.218341E-16	5.388501E-17
4.283700E+03	7.219275E-16	5.389161E-17
4.284000E+03	7.220044E-16	5.389696E-17
4.284200E+03	7.224436E-16	5.392949E-17
4.284500E+03	7.227867E-16	5.395472E-17
4.284800E+03	7.228137E-16	5.395635E-17
4.285100E+03	7.228240E-16	5.395674E-17
4.285400E+03	7.235171E-16	5.400810E-17
4.285700E+03	7.240440E-16	5.404704E-17
4.286000E+03	7.239543E-16	5.403997E-17
4.286300E+03	7.247487E-16	5.409888E-17
4.286600E+03	7.245254E-16	5.408183E-17
4.286800E+03	7.243822E-16	5.407088E-17
4.287100E+03	7.240923E-16	5.404886E-17
4.287400E+03	7.235028E-16	5.400447E-17
4.287700E+03	7.235297E-16	5.400610E-17
4.288000E+03	7.241902E-16	5.405501E-17
4.288300E+03	7.247677E-16	5.409773E-17
4.288600E+03	7.251287E-16	5.412429E-17
4.288900E+03	7.258741E-16	5.417954E-17
4.289200E+03	7.266035E-16	5.423360E-17
4.289400E+03	7.270624E-16	5.426759E-17
4.289700E+03	7.267045E-16	5.424049E-17
4.290000E+03	7.270664E-16	5.426712E-17
4.290300E+03	7.283000E-16	5.435881E-17
4.290600E+03	7.283272E-16	5.436045E-17
4.290900E+03	7.284550E-16	5.436960E-17
4.291200E+03	7.285829E-16	5.437875E-17
4.291500E+03	7.289961E-16	5.440921E-17
4.291800E+03	7.292080E-16	5.442464E-17
4.292000E+03	7.293661E-16	5.443618E-17
4.292200E+03	7.290876E-16	5.441513E-17
4.292500E+03	7.296187E-16	5.445438E-17
4.292800E+03	7.295284E-16	5.444725E-17
4.293100E+03	7.293541E-16	5.443385E-17
4.293400E+03	7.294149E-16	5.443801E-17
4.293700E+03	7.289720E-16	5.440456E-17
4.294000E+03	7.291839E-16	5.441999E-17
4.294300E+03	7.289090E-16	5.439908E-17
4.294500E+03	7.290166E-16	5.440686E-17
4.294800E+03	7.293126E-16	5.442855E-17
4.295100E+03	7.300791E-16	5.448537E-17
4.295400E+03	7.299719E-16	5.447698E-17
4.295700E+03	7.304532E-16	5.451250E-17
4.296000E+03	7.309179E-16	5.454680E-17
4.296300E+03	7.306592E-16	5.452710E-17
4.296600E+03	7.306024E-16	5.452247E-17
4.296900E+03	7.310504E-16	5.455551E-17
4.297200E+03	7.313977E-16	5.458104E-17
4.297400E+03	7.316068E-16	5.459638E-17
4.297700E+03	7.327806E-16	5.468358E-17
4.298000E+03	7.327742E-16	5.468272E-17
4.298300E+03	7.332236E-16	5.471586E-17
4.298600E+03	7.338928E-16	5.476541E-17
4.298900E+03	7.345120E-16	5.481122E-17
4.299200E+03	7.338126E-16	5.475863E-17
4.299500E+03	7.334514E-16	5.473129E-17
4.299800E+03	7.333775E-16	5.472538E-17
4.300000E+03	7.340266E-16	5.477355E-17
4.300300E+03	7.341047E-16	5.477899E-17
4.300600E+03	7.339969E-16	5.477055E-17
4.300900E+03	7.338047E-16	5.475581E-17
4.301200E+03	7.342209E-16	5.478648E-17
4.301500E+03	7.348234E-16	5.483104E-17
4.301800E+03	7.344449E-16	5.480240E-17
4.302100E+03	7.339821E-16	5.476748E-17
4.302400E+03	7.349736E-16	5.484107E-17
4.302600E+03	7.361154E-16	5.492600E-17
4.302800E+03	7.360716E-16	5.492246E-17
4.303100E+03	7.359805E-16	5.491527E-17
4.303400E+03	7.368559E-16	5.498020E-17
4.303700E+03	7.376134E-16	5.503632E-17
4.304000E+03	7.371995E-16	5.500504E-17
4.304300E+03	7.378215E-16	5.505105E-17
4.304600E+03	7.381549E-16	5.507554E-17
4.304900E+03	7.380806E-16	5.506959E-17
4.305200E+03	7.379043E-16	5.505604E-17
4.305500E+03	7.374223E-16	5.501968E-17
4.305700E+03	7.376842E-16	5.503896E-17
4.306000E+03	7.385616E-16	5.510402E-17
4.306300E+03	7.389975E-16	5.513615E-17
4.306600E+03	7.388210E-16	5.512258E-17
4.306900E+03	7.389167E-16	5.512932E-17
4.307200E+03	7.391656E-16	5.514749E-17
4.307500E+03	7.389040E-16	5.512758E-17
4.307800E+03	7.391869E-16	5.514828E-17
4.308100E+03	7.398106E-16	5.519442E-17
4.308400E+03	7.399234E-16	5.520244E-17
4.308600E+03	7.405270E-16	5.524720E-17
4.308900E+03	7.401968E-16	5.522217E-17
4.309200E+03	7.406166E-16	5.525309E-17
4.309500E+03	7.407297E-16	5.526112E-17
4.309800E+03	7.410644E-16	5.528570E-17
4.310100E+03	7.418092E-16	5.534086E-17
4.310400E+03	7.416662E-16	5.532979E-17
4.310700E+03	7.416086E-16	5.532509E-17
4.311000E+03	7.423369E-16	5.537902E-17
4.311300E+03	7.435964E-16	5.547258E-17
4.311500E+03	7.425257E-16	5.539244E-17
4.311800E+03	7.424850E-16	5.538900E-17
4.312100E+03	7.422906E-16	5.537410E-17
4.312400E+03	7.424210E-16	5.538342E-17
4.312700E+03	7.421924E-16	5.536597E-17
4.312900E+03	7.428150E-16	5.541215E-17
4.313200E+03	7.419198E-16	5.534496E-17
4.313500E+03	7.414865E-16	5.531224E-17
4.313800E+03	7.414801E-16	5.531136E-17
4.314100E+03	7.412688E-16	5.529520E-17
4.314400E+03	7.406313E-16	5.524724E-17
4.314600E+03	7.408601E-16	5.526404E-17
4.314900E+03	7.402569E-16	5.521864E-17
4.315200E+03	7.403869E-16	5.522794E-17
4.315500E+03	7.405341E-16	5.523852E-17
4.315800E+03	7.405277E-16	5.523764E-17
4.316100E+03	7.411525E-16	5.528384E-17
4.316400E+03	7.408049E-16	5.525751E-17
4.316700E+03	7.417544E-16	5.532793E-17
4.317000E+03	7.408263E-16	5.525830E-17
4.317300E+03	7.398654E-16	5.518623E-17
4.317600E+03	7.401998E-16	5.521077E-17
4.317800E+03	7.392020E-16	5.513607E-17
4.318100E+03	7.393999E-16	5.515044E-17
4.318400E+03	7.384748E-16	5.508103E-17
4.318700E+03	7.374489E-16	5.500412E-17
4.319000E+03	7.376295E-16	5.501718E-17
4.319300E+03	7.374024E-16	5.499984E-17
4.319600E+03	7.380755E-16	5.504965E-17
4.319900E+03	7.379162E-16	5.503737E-17
4.320200E+03	7.384538E-16	5.507706E-17
4.320500E+03	7.386176E-16	5.508887E-17
4.320800E+03	7.390365E-16	5.511972E-17
4.321000E+03	7.384143E-16	5.507304E-17
4.321300E+03	7.384930E-16	5.507851E-17
4.321600E+03	7.391161E-16	5.512458E-17
4.321900E+03	7.392971E-16	5.513767E-17
4.322200E+03	7.392907E-16	5.513679E-17
4.322500E+03	7.389611E-16	5.511180E-17
4.322800E+03	7.386995E-16	5.509190E-17
4.323000E+03	7.387407E-16	5.509470E-17
4.323300E+03	7.390406E-16	5.511666E-17
4.323600E+03	7.391875E-16	5.512721E-17
4.323900E+03	7.394024E-16	5.514284E-17
4.324100E+03	7.388139E-16	5.509868E-17
4.324400E+03	7.390458E-16	5.511557E-17
4.324700E+03	7.390565E-16	5.511597E-17
4.325000E+03	7.386419E-16	5.508465E-17
4.325300E+03	7.389077E-16	5.510407E-17
4.325600E+03	7.383062E-16	5.505880E-17
4.325900E+03	7.380110E-16	5.503638E-17
4.326200E+03	7.374272E-16	5.499244E-17
4.326500E+03	7.376586E-16	5.500930E-17
4.326800E+03	7.376014E-16	5.500463E-17
4.327100E+03	7.379858E-16	5.503289E-17
4.327400E+03	7.373001E-16	5.498135E-17
4.327600E+03	7.368998E-16	5.495124E-17
4.327900E+03	7.364356E-16	5.491621E-17
4.328200E+03	7.361919E-16	5.489764E-17
4.328500E+03	7.353725E-16	5.483613E-17
4.328800E+03	7.355695E-16	5.485042E-17
4.329100E+03	7.358342E-16	5.486976E-17
4.329400E+03	7.351336E-16	5.481711E-17
4.329700E+03	7.351104E-16	5.481498E-17
4.330000E+03	7.347657E-16	5.478887E-17
4.330300E+03	7.341845E-16	5.474513E-17
4.330600E+03	7.338908E-16	5.472283E-17
4.330900E+03	7.330908E-16	5.466278E-17
4.331100E+03	7.332837E-16	5.467689E-17
4.331400E+03	7.330242E-16	5.465714E-17
4.331700E+03	7.332374E-16	5.467263E-17
4.332000E+03	7.326742E-16	5.463023E-17
4.332300E+03	7.330224E-16	5.465579E-17
4.332600E+03	7.331005E-16	5.466122E-17
4.332900E+03	7.331281E-16	5.466287E-17
4.333200E+03	7.332399E-16	5.467081E-17
4.333400E+03	7.334666E-16	5.468744E-17
4.333700E+03	7.328695E-16	5.464251E-17
4.334000E+03	7.325596E-16	5.461900E-17
4.334300E+03	7.323004E-16	5.459928E-17
4.334500E+03	7.320546E-16	5.458068E-17
4.334800E+03	7.318124E-16	5.456222E-17
4.335100E+03	7.310988E-16	5.450862E-17
4.335400E+03	7.310085E-16	5.450148E-17
4.335700E+03	7.315748E-16	5.454330E-17
4.336000E+03	7.314001E-16	5.452987E-17
4.336300E+03	7.310067E-16	5.450014E-17
4.336600E+03	7.305966E-16	5.446916E-17
4.336900E+03	7.303550E-16	5.445074E-17
4.337200E+03	7.308198E-16	5.448499E-17
4.337500E+03	7.302753E-16	5.444400E-17
4.337800E+03	7.297144E-16	5.440178E-17
4.338100E+03	7.300107E-16	5.442346E-17
4.338300E+03	7.292954E-16	5.436987E-17
4.338600E+03	7.285674E-16	5.431520E-17
4.338900E+03	7.287458E-16	5.432809E-17
4.339200E+03	7.294448E-16	5.437980E-17
4.339500E+03	7.290859E-16	5.435265E-17
4.339800E+03	7.285595E-16	5.431300E-17
4.340100E+03	7.278658E-16	5.426088E-17
4.340400E+03	7.271394E-16	5.420633E-17
4.340700E+03	7.272839E-16	5.421670E-17
4.341000E+03	7.270936E-16	5.420211E-17
4.341300E+03	7.270372E-16	5.419750E-17
4.341600E+03	7.267130E-16	5.417294E-17
4.341900E+03	7.263723E-16	5.414714E-17
4.342100E+03	7.262958E-16	5.414117E-17
4.342400E+03	7.257881E-16	5.410291E-17
4.342700E+03	7.262501E-16	5.413695E-17
4.343000E+03	7.259095E-16	5.411116E-17
4.343300E+03	7.252184E-16	5.405925E-17
4.343600E+03	7.253292E-16	5.406710E-17
4.343800E+03	7.250523E-16	5.404620E-17
4.344100E+03	7.251297E-16	5.405156E-17
4.344400E+03	7.248899E-16	5.403328E-17
4.344700E+03	7.237663E-16	5.394913E-17
4.345000E+03	7.239269E-16	5.396070E-17
4.345300E+03	7.232876E-16	5.391265E-17
4.345600E+03	7.230984E-16	5.389814E-17
4.345800E+03	7.232886E-16	5.391205E-17
4.346100E+03	7.232491E-16	5.390871E-17
4.346400E+03	7.231930E-16	5.390413E-17
4.346700E+03	7.229872E-16	5.388838E-17
4.347000E+03	7.234474E-16	5.392228E-17
4.347300E+03	7.227585E-16	5.387054E-17
4.347600E+03	7.223033E-16	5.383620E-17
4.347900E+03	7.219979E-16	5.381304E-17
4.348200E+03	7.217591E-16	5.379484E-17
4.348500E+03	7.219691E-16	5.381009E-17
4.348800E+03	7.216140E-16	5.378322E-17
4.349100E+03	7.209436E-16	5.373285E-17
4.349400E+03	7.208546E-16	5.372582E-17
4.349700E+03	7.214960E-16	5.377323E-17
4.349900E+03	7.212706E-16	5.375615E-17
4.350200E+03	7.213309E-16	5.376025E-17
4.350500E+03	7.203123E-16	5.368394E-17
4.350800E+03	7.199912E-16	5.365960E-17
4.351100E+03	7.198194E-16	5.364640E-17
4.351400E+03	7.205430E-16	5.369992E-17
4.351700E+03	7.200891E-16	5.366570E-17
4.352000E+03	7.204148E-16	5.368956E-17
4.352300E+03	7.202760E-16	5.367882E-17
4.352600E+03	7.198720E-16	5.364831E-17
4.352900E+03	7.190377E-16	5.358573E-17
4.353200E+03	7.182373E-16	5.352568E-17
4.353500E+03	7.184794E-16	5.354333E-17
4.353800E+03	7.177624E-16	5.348949E-17
4.354000E+03	7.172241E-16	5.344911E-17
4.354200E+03	7.173633E-16	5.345921E-17
4.354500E+03	7.169279E-16	5.342637E-17
4.354800E+03	7.163279E-16	5.338125E-17
4.355100E+03	7.159096E-16	5.334968E-17
4.355400E+03	7.155575E-16	5.332304E-17
4.355700E+03	7.161614E-16	5.336764E-17
4.356000E+03	7.163203E-16	5.337909E-17
4.356300E+03	7.159845E-16	5.335366E-17
4.356600E+03	7.154347E-16	5.331229E-17
4.356900E+03	7.150992E-16	5.328689E-17
4.357200E+03	7.151591E-16	5.329096E-17
4.357500E+03	7.150214E-16	5.328029E-17
4.357800E+03	7.146533E-16	5.325246E-17
4.358100E+03	7.147789E-16	5.326142E-17
4.358400E+03	7.145919E-16	5.324709E-17
4.358600E+03	7.139904E-16	5.320200E-17
4.358900E+03	7.140172E-16	5.320360E-17
4.359200E+03	7.135839E-16	5.317092E-17
4.359500E+03	7.129538E-16	5.312356E-17
4.359800E+03	7.122915E-16	5.307381E-17
4.360100E+03	7.121707E-16	5.306442E-17
4.360400E+03	7.110834E-16	5.298300E-17
4.360700E+03	7.108155E-16	5.296264E-17
4.361000E+03	7.103023E-16	5.292400E-17
4.361300E+03	7.096098E-16	5.287201E-17
4.361600E+03	7.093915E-16	5.285534E-17
4.361900E+03	7.091895E-16	5.283989E-17
4.362200E+03	7.091836E-16	5.283905E-17
4.362500E+03	7.081986E-16	5.276527E-17
4.362800E+03	7.078992E-16	5.274256E-17
4.363100E+03	7.071602E-16	5.268710E-17
4.363300E+03	7.076069E-16	5.272012E-17
4.363600E+03	7.074706E-16	5.270957E-17
4.363900E+03	7.063253E-16	5.262384E-17
4.364100E+03	7.061371E-16	5.260955E-17
4.364400E+03	7.064890E-16	5.263537E-17
4.364700E+03	7.058977E-16	5.259093E-17
4.365000E+03	7.057618E-16	5.258040E-17
4.365300E+03	7.053498E-16	5.254931E-17
4.365600E+03	7.043863E-16	5.247713E-17
4.365900E+03	7.044128E-16	5.247871E-17
4.366200E+03	7.038557E-16	5.243681E-17
4.366500E+03	7.039957E-16	5.244684E-17
4.366800E+03	7.029208E-16	5.236637E-17
4.367100E+03	7.035140E-16	5.241016E-17
4.367400E+03	7.026987E-16	5.234903E-17
4.367700E+03	7.028223E-16	5.235784E-17
4.368000E+03	7.029135E-16	5.236424E-17
4.368200E+03	7.020146E-16	5.229701E-17
4.368500E+03	7.020249E-16	5.229738E-17
4.368800E+03	7.015989E-16	5.226525E-17
4.369100E+03	7.016253E-16	5.226682E-17
4.369400E+03	7.008767E-16	5.221066E-17
4.369700E+03	7.012421E-16	5.223749E-17
4.370000E+03	7.008812E-16	5.221020E-17
4.370300E+03	7.002623E-16	5.216371E-17
4.370600E+03	7.001115E-16	5.215207E-17
4.370900E+03	6.999283E-16	5.213803E-17
4.371200E+03	6.998258E-16	5.213000E-17
4.371500E+03	7.002230E-16	5.215919E-17
4.371800E+03	7.002171E-16	5.215836E-17
4.372100E+03	7.002596E-16	5.216113E-17
4.372400E+03	7.003506E-16	5.216750E-17
4.372700E+03	6.998289E-16	5.212825E-17
4.373000E+03	6.999681E-16	5.213822E-17
4.373300E+03	6.997367E-16	5.212059E-17
4.373500E+03	6.999692E-16	5.213764E-17
4.373800E+03	6.997860E-16	5.212360E-17
4.374100E+03	6.997158E-16	5.211798E-17
4.374400E+03	6.998711E-16	5.212915E-17
4.374600E+03	6.994913E-16	5.210059E-17
4.374900E+03	6.995338E-16	5.210336E-17
4.375200E+03	6.993187E-16	5.208694E-17
4.375500E+03	6.988621E-16	5.205254E-17
4.375800E+03	6.981808E-16	5.200140E-17
4.376100E+03	6.988022E-16	5.204729E-17
4.376400E+03	6.985390E-16	5.202729E-17
4.376700E+03	6.980991E-16	5.199412E-17
4.377000E+03	6.975952E-16	5.195620E-17
4.377300E+03	6.974770E-16	5.194700E-17
4.377600E+03	6.975997E-16	5.195574E-17
4.377900E+03	6.974012E-16	5.194056E-17
4.378200E+03	6.976524E-16	5.195887E-17
4.378500E+03	6.975181E-16	5.194847E-17
4.378800E+03	6.978175E-16	5.197038E-17
4.379000E+03	6.976798E-16	5.195985E-17
4.379300E+03	6.978668E-16	5.197338E-17
4.379600E+03	6.977486E-16	5.196418E-17
4.379900E+03	6.981606E-16	5.199447E-17
4.380200E+03	6.984764E-16	5.201759E-17
4.380500E+03	6.986476E-16	5.202994E-17
4.380800E+03	6.988348E-16	5.204349E-17
4.381100E+03	6.986843E-16	5.203187E-17
4.381400E+03	6.983890E-16	5.200949E-17
4.381700E+03	6.992521E-16	5.207337E-17
4.382000E+03	6.996167E-16	5.210012E-17
4.382300E+03	6.994821E-16	5.208969E-17
4.382600E+03	6.996374E-16	5.210086E-17
4.382900E+03	6.994705E-16	5.208803E-17
4.383200E+03	7.001415E-16	5.213760E-17
4.383500E+03	7.005872E-16	5.217039E-17
4.383800E+03	7.010010E-16	5.220081E-17
4.384100E+03	7.017057E-16	5.225288E-17
4.384400E+03	7.026377E-16	5.232188E-17
4.384700E+03	7.030851E-16	5.235480E-17
4.384800E+03	7.037364E-16	5.240316E-17
4.385100E+03	7.031960E-16	5.236252E-17
4.385400E+03	7.032388E-16	5.236530E-17
4.385700E+03	7.036217E-16	5.239341E-17
4.386000E+03	7.031138E-16	5.235519E-17
4.386300E+03	7.030595E-16	5.235075E-17
4.386600E+03	7.032155E-16	5.236196E-17
4.386900E+03	7.027242E-16	5.232497E-17
4.387200E+03	7.023140E-16	5.229403E-17
4.387500E+03	7.014839E-16	5.223182E-17
4.387800E+03	7.009454E-16	5.219132E-17
4.388100E+03	7.005039E-16	5.215805E-17
4.388400E+03	7.010952E-16	5.220167E-17
4.388700E+03	7.008311E-16	5.218161E-17
4.389000E+03	7.009868E-16	5.219280E-17
4.389300E+03	7.006744E-16	5.216914E-17
4.389600E+03	7.008945E-16	5.218512E-17
4.389900E+03	7.007758E-16	5.217588E-17
4.390200E+03	6.998186E-16	5.210421E-17
4.390500E+03	6.998129E-16	5.210339E-17
4.390800E+03	7.002262E-16	5.213376E-17
4.391100E+03	6.998981E-16	5.210892E-17
4.391400E+03	7.002308E-16	5.213329E-17
4.391600E+03	6.995931E-16	5.208555E-17
4.391900E+03	6.997323E-16	5.209551E-17
4.392200E+03	6.992917E-16	5.206230E-17
4.392500E+03	6.998175E-16	5.210105E-17
4.392800E+03	6.998439E-16	5.210261E-17
4.393100E+03	6.999671E-16	5.211138E-17
4.393400E+03	6.996229E-16	5.208536E-17
4.393700E+03	6.994562E-16	5.207254E-17
4.394000E+03	6.989352E-16	5.203335E-17
4.394300E+03	6.986881E-16	5.201455E-17
4.394600E+03	6.990364E-16	5.204008E-17
4.394900E+03	6.993204E-16	5.206082E-17
4.395100E+03	6.998911E-16	5.210304E-17
4.395400E+03	7.000627E-16	5.211541E-17
4.395700E+03	6.996218E-16	5.208219E-17
4.396000E+03	6.996644E-16	5.208496E-17
4.396300E+03	6.991917E-16	5.204936E-17
4.396600E+03	6.991215E-16	5.204373E-17
4.396900E+03	6.992445E-16	5.205249E-17
4.397200E+03	6.992549E-16	5.205285E-17
4.397500E+03	6.994907E-16	5.207001E-17
4.397800E+03	6.992756E-16	5.205359E-17
4.398100E+03	6.998015E-16	5.209233E-17
4.398400E+03	7.000375E-16	5.210949E-17
4.398700E+03	6.996772E-16	5.208228E-17
4.399000E+03	6.997520E-16	5.208744E-17
4.399200E+03	6.995657E-16	5.207330E-17
4.399500E+03	6.994149E-16	5.206167E-17
4.399800E+03	6.995381E-16	5.207044E-17
4.400100E+03	6.997579E-16	5.208639E-17
4.400400E+03	6.994138E-16	5.206038E-17
4.400700E+03	6.999398E-16	5.209912E-17
4.401000E+03	7.001759E-16	5.211629E-17
4.401300E+03	6.995900E-16	5.207228E-17
4.401600E+03	6.996648E-16	5.207744E-17
4.401900E+03	6.997880E-16	5.208620E-17
4.402200E+03	6.997500E-16	5.208297E-17
4.402500E+03	7.003406E-16	5.212653E-17
4.402800E+03	7.003833E-16	5.212930E-17
4.403100E+03	6.999101E-16	5.209367E-17
4.403400E+03	6.996949E-16	5.207725E-17
4.403700E+03	6.995119E-16	5.206323E-17
4.404000E+03	6.990232E-16	5.202644E-17
4.404300E+03	6.994522E-16	5.205797E-17
4.404600E+03	6.993821E-16	5.205234E-17
4.404900E+03	6.997791E-16	5.208148E-17
4.405200E+03	6.995639E-16	5.206507E-17
4.405400E+03	6.993776E-16	5.205093E-17
4.405700E+03	6.996135E-16	5.206808E-17
4.406000E+03	6.994145E-16	5.205286E-17
4.406300E+03	6.996826E-16	5.207241E-17
4.406600E+03	6.992420E-16	5.203922E-17
4.406900E+03	6.996389E-16	5.206835E-17
4.407200E+03	6.996010E-16	5.206512E-17
4.407500E+03	6.996436E-16	5.206788E-17
4.407700E+03	6.994895E-16	5.205614E-17
4.408000E+03	6.991778E-16	5.203254E-17
4.408300E+03	6.988020E-16	5.200416E-17
4.408600E+03	6.988928E-16	5.201051E-17
4.408900E+03	6.987101E-16	5.199651E-17
4.409200E+03	6.987849E-16	5.200167E-17
4.409500E+03	6.987309E-16	5.199725E-17
4.409800E+03	6.986126E-16	5.198804E-17
4.410100E+03	6.984622E-16	5.197644E-17
4.410400E+03	6.982313E-16	5.195885E-17
4.410700E+03	6.981131E-16	5.194965E-17
4.411000E+03	6.979789E-16	5.193925E-17
4.411300E+03	6.980375E-16	5.194321E-17
4.411600E+03	6.982568E-16	5.195912E-17
4.411900E+03	6.986854E-16	5.199061E-17
4.412200E+03	6.991947E-16	5.202810E-17
4.412500E+03	6.991890E-16	5.202727E-17
4.412800E+03	6.990384E-16	5.201565E-17
4.413100E+03	6.991454E-16	5.202321E-17
4.413400E+03	6.991559E-16	5.202357E-17
4.413700E+03	6.991985E-16	5.202634E-17
4.414000E+03	6.989996E-16	5.201113E-17
4.414300E+03	6.989940E-16	5.201030E-17
4.414600E+03	6.986986E-16	5.198792E-17
4.414900E+03	6.984999E-16	5.197272E-17
4.415200E+03	6.985747E-16	5.197788E-17
4.415500E+03	6.988747E-16	5.199979E-17
4.415700E+03	6.986886E-16	5.198567E-17
4.416000E+03	6.990047E-16	5.200879E-17
4.416300E+03	6.991278E-16	5.201753E-17
4.416600E+03	6.992348E-16	5.202509E-17
4.416900E+03	6.990521E-16	5.201108E-17
4.417200E+03	6.992074E-16	5.202223E-17
4.417500E+03	6.990407E-16	5.200942E-17
4.417800E+03	6.990350E-16	5.200859E-17
4.418100E+03	6.993997E-16	5.203531E-17
4.418300E+03	7.000189E-16	5.208110E-17
4.418600E+03	7.000454E-16	5.208266E-17
4.418900E+03	7.004913E-16	5.211543E-17
4.419200E+03	7.003888E-16	5.210739E-17
4.419500E+03	7.001574E-16	5.208976E-17
4.419800E+03	7.002807E-16	5.209853E-17
4.420100E+03	7.002589E-16	5.209650E-17
4.420400E+03	7.003984E-16	5.210646E-17
4.420700E+03	7.002637E-16	5.209603E-17
4.421000E+03	7.007742E-16	5.213360E-17
4.421300E+03	7.006072E-16	5.212076E-17
4.421600E+03	7.006983E-16	5.212713E-17
4.421900E+03	7.006926E-16	5.212629E-17
4.422200E+03	7.011228E-16	5.215788E-17
4.422500E+03	7.011816E-16	5.216184E-17
4.422800E+03	7.003531E-16	5.209980E-17
4.423100E+03	7.004119E-16	5.210376E-17
4.423400E+03	7.007772E-16	5.213053E-17
4.423700E+03	7.009168E-16	5.214050E-17
4.424000E+03	7.006692E-16	5.212166E-17
4.424300E+03	7.004215E-16	5.210283E-17
4.424600E+03	7.008030E-16	5.213080E-17
4.424900E+03	7.011363E-16	5.215518E-17
4.425200E+03	7.013890E-16	5.217356E-17
4.425500E+03	7.011088E-16	5.215230E-17
4.425800E+03	7.009741E-16	5.214187E-17
4.426000E+03	7.006905E-16	5.212050E-17
4.426300E+03	7.007172E-16	5.212207E-17
4.426600E+03	7.001470E-16	5.207925E-17
4.426900E+03	7.001575E-16	5.207961E-17
4.427200E+03	7.001519E-16	5.207878E-17
4.427500E+03	7.000495E-16	5.207075E-17
4.427800E+03	7.001728E-16	5.207951E-17
4.428100E+03	7.002155E-16	5.208228E-17
4.428400E+03	7.000970E-16	5.207305E-17
4.428700E+03	6.998336E-16	5.205304E-17
4.429000E+03	6.998440E-16	5.205341E-17
4.429300E+03	7.000640E-16	5.206935E-17
4.429600E+03	7.004292E-16	5.209610E-17
4.429900E+03	6.996337E-16	5.203652E-17
4.430200E+03	6.994831E-16	5.202491E-17
4.430500E+03	6.996386E-16	5.203606E-17
4.430800E+03	6.999875E-16	5.206159E-17
4.431100E+03	7.006914E-16	5.211353E-17
4.431400E+03	7.004437E-16	5.209470E-17
4.431700E+03	7.003575E-16	5.208787E-17
4.432000E+03	7.001261E-16	5.207025E-17
4.432300E+03	6.999432E-16	5.205622E-17
4.432600E+03	7.001148E-16	5.206858E-17
4.432900E+03	7.004317E-16	5.209173E-17
4.433200E+03	7.003777E-16	5.208730E-17
4.433500E+03	7.001141E-16	5.206728E-17
4.433800E+03	6.999151E-16	5.205206E-17
4.434100E+03	6.999417E-16	5.205363E-17
4.434400E+03	6.994044E-16	5.201326E-17
4.434600E+03	6.993953E-16	5.201230E-17
4.434900E+03	6.996796E-16	5.203303E-17
4.435200E+03	6.998835E-16	5.204777E-17
4.435500E+03	7.002002E-16	5.207091E-17
4.435800E+03	7.005332E-16	5.209526E-17
4.436100E+03	7.006244E-16	5.210163E-17
4.436300E+03	7.004217E-16	5.208628E-17
4.436600E+03	7.003677E-16	5.208185E-17
4.436900E+03	7.002976E-16	5.207622E-17
4.437200E+03	7.000663E-16	5.205860E-17
4.437500E+03	6.998512E-16	5.204218E-17
4.437800E+03	6.995878E-16	5.202218E-17
4.438100E+03	6.997271E-16	5.203213E-17
4.438400E+03	6.997698E-16	5.203489E-17
4.438700E+03	6.998771E-16	5.204245E-17
4.439000E+03	6.995170E-16	5.201526E-17
4.439300E+03	6.991894E-16	5.199048E-17
4.439600E+03	6.988940E-16	5.196810E-17
4.439900E+03	6.989367E-16	5.197086E-17
4.440200E+03	6.989794E-16	5.197361E-17
4.440500E+03	6.989094E-16	5.196800E-17
4.440800E+03	6.990004E-16	5.197434E-17
4.441100E+03	6.991880E-16	5.198787E-17
4.441400E+03	6.992307E-16	5.199063E-17
4.441700E+03	6.994022E-16	5.200297E-17
4.442000E+03	6.991551E-16	5.198418E-17
4.442300E+03	6.991334E-16	5.198215E-17
4.442600E+03	6.989025E-16	5.196456E-17
4.442900E+03	6.987843E-16	5.195536E-17
4.443200E+03	6.988592E-16	5.196051E-17
4.443500E+03	6.986444E-16	5.194412E-17
4.443800E+03	6.984618E-16	5.193013E-17
4.444100E+03	6.987136E-16	5.194844E-17
4.444400E+03	6.981291E-16	5.190456E-17
4.444700E+03	6.977378E-16	5.187505E-17
4.445000E+03	6.973468E-16	5.184556E-17
4.445300E+03	6.979839E-16	5.189251E-17
4.445600E+03	6.972875E-16	5.184032E-17
4.445900E+03	6.968165E-16	5.180489E-17
4.446200E+03	6.965863E-16	5.178736E-17
4.446400E+03	6.961604E-16	5.175542E-17
4.446700E+03	6.956581E-16	5.171765E-17
4.447000E+03	6.951882E-16	5.168231E-17
4.447300E+03	6.946067E-16	5.163865E-17
4.447600E+03	6.944572E-16	5.162712E-17
4.447900E+03	6.943397E-16	5.161798E-17
4.448200E+03	6.941104E-16	5.160052E-17
4.448500E+03	6.940250E-16	5.159375E-17
4.448800E+03	6.940994E-16	5.159886E-17
4.449100E+03	6.937902E-16	5.157546E-17
4.449400E+03	6.942961E-16	5.161265E-17
4.449700E+03	6.943865E-16	5.161896E-17
4.450000E+03	6.948928E-16	5.165617E-17
4.450300E+03	6.953514E-16	5.168985E-17
4.450600E+03	6.953459E-16	5.168902E-17
4.450900E+03	6.960292E-16	5.173940E-17
4.451200E+03	6.961518E-16	5.174810E-17
4.451500E+03	6.962585E-16	5.175561E-17
4.451800E+03	6.964133E-16	5.176670E-17
4.452100E+03	6.967126E-16	5.178853E-17
4.452400E+03	6.969316E-16	5.180439E-17
4.452700E+03	6.968298E-16	5.179640E-17
4.453000E+03	6.971613E-16	5.182062E-17
4.453300E+03	6.973485E-16	5.183411E-17
4.453600E+03	6.972947E-16	5.182970E-17
4.453900E+03	6.972892E-16	5.182887E-17
4.454200E+03	6.972675E-16	5.182684E-17
4.454500E+03	6.974066E-16	5.183675E-17
4.454800E+03	6.972886E-16	5.182757E-17
4.455100E+03	6.970905E-16	5.181242E-17
4.455400E+03	6.968923E-16	5.179727E-17
4.455700E+03	6.966782E-16	5.178094E-17
4.456000E+03	6.966887E-16	5.178130E-17
4.456300E+03	6.967955E-16	5.178882E-17
4.456600E+03	6.971431E-16	5.181423E-17
4.456800E+03	6.971661E-16	5.181566E-17
4.457100E+03	6.970161E-16	5.180409E-17
4.457400E+03	6.968501E-16	5.179134E-17
4.457700E+03	6.969570E-16	5.179885E-17
4.458000E+03	6.973046E-16	5.182427E-17
4.458300E+03	6.978934E-16	5.186761E-17
4.458600E+03	6.985148E-16	5.191337E-17
4.458900E+03	6.985254E-16	5.191374E-17
4.459200E+03	6.984555E-16	5.190812E-17
4.459500E+03	6.985787E-16	5.191685E-17
4.459800E+03	6.984284E-16	5.190526E-17
4.460100E+03	6.984872E-16	5.190921E-17
4.460400E+03	6.986586E-16	5.192153E-17
4.460700E+03	6.991520E-16	5.195777E-17
4.461000E+03	6.990176E-16	5.194736E-17
4.461300E+03	6.991087E-16	5.195371E-17
4.461600E+03	6.991193E-16	5.195407E-17
4.461900E+03	6.993070E-16	5.196759E-17
4.462200E+03	6.992049E-16	5.195958E-17
4.462500E+03	6.993120E-16	5.196712E-17
4.462800E+03	6.988879E-16	5.193518E-17
4.463100E+03	6.992366E-16	5.196067E-17
4.463400E+03	6.989413E-16	5.193830E-17
4.463700E+03	6.989036E-16	5.193508E-17
4.464000E+03	6.990751E-16	5.194739E-17
4.464300E+03	6.988282E-16	5.192862E-17
4.464600E+03	6.987261E-16	5.192062E-17
4.464900E+03	6.988010E-16	5.192576E-17
4.465200E+03	6.990531E-16	5.194406E-17
4.465500E+03	6.991441E-16	5.195040E-17
4.465800E+03	6.990742E-16	5.194479E-17
4.466100E+03	6.990365E-16	5.194156E-17
4.466400E+03	6.990149E-16	5.193953E-17
4.466700E+03	6.992348E-16	5.195544E-17
4.466900E+03	6.991613E-16	5.194970E-17
4.467200E+03	6.988017E-16	5.192255E-17
4.467500E+03	6.987641E-16	5.191933E-17
4.467800E+03	6.985333E-16	5.190177E-17
4.468100E+03	6.985117E-16	5.189974E-17
4.468400E+03	6.983776E-16	5.188935E-17
4.468700E+03	6.986133E-16	5.190643E-17
4.469000E+03	6.983344E-16	5.188529E-17
4.469300E+03	6.981039E-16	5.186773E-17
4.469600E+03	6.983556E-16	5.188601E-17
4.469900E+03	6.985109E-16	5.189712E-17
4.470200E+03	6.986180E-16	5.190466E-17
4.470500E+03	6.981140E-16	5.186679E-17
4.470800E+03	6.977068E-16	5.183610E-17
4.471100E+03	6.974443E-16	5.181618E-17
4.471400E+03	6.976637E-16	5.183205E-17
4.471700E+03	6.975779E-16	5.182525E-17
4.472000E+03	6.979419E-16	5.185187E-17
4.472300E+03	6.974224E-16	5.181285E-17
4.472600E+03	6.975454E-16	5.182156E-17
4.472900E+03	6.979416E-16	5.185057E-17
4.473300E+03	6.974898E-16	5.181644E-17
4.473600E+03	6.971150E-16	5.178817E-17
4.473900E+03	6.969811E-16	5.177780E-17
4.474200E+03	6.972164E-16	5.179485E-17
4.474500E+03	6.974358E-16	5.181072E-17
4.474800E+03	6.972858E-16	5.179915E-17
4.475100E+03	6.967828E-16	5.176136E-17
4.475400E+03	6.963603E-16	5.172955E-17
4.475700E+03	6.965312E-16	5.174182E-17
4.476000E+03	6.962212E-16	5.171836E-17
4.476300E+03	6.955267E-16	5.166635E-17
4.476600E+03	6.953771E-16	5.165481E-17
4.476900E+03	6.951956E-16	5.164090E-17
4.477200E+03	6.950460E-16	5.162936E-17
4.477400E+03	6.950051E-16	5.162604E-17
4.477700E+03	6.953998E-16	5.165494E-17
4.478000E+03	6.953623E-16	5.165172E-17
4.478300E+03	6.951168E-16	5.163306E-17
4.478600E+03	6.952074E-16	5.163936E-17
4.478900E+03	6.946099E-16	5.159456E-17
4.479200E+03	6.945245E-16	5.158779E-17
4.479500E+03	6.944071E-16	5.157864E-17
4.479800E+03	6.941300E-16	5.155763E-17
4.480100E+03	6.936612E-16	5.152239E-17
4.480400E+03	6.929215E-16	5.146702E-17
4.480700E+03	6.927246E-16	5.145197E-17
4.481000E+03	6.925278E-16	5.143692E-17
4.481300E+03	6.918848E-16	5.138874E-17
4.481600E+03	6.918316E-16	5.138437E-17
4.481900E+03	6.917466E-16	5.137763E-17
4.482200E+03	6.919642E-16	5.139336E-17
4.482500E+03	6.916243E-16	5.136769E-17
4.482800E+03	6.917941E-16	5.137988E-17
4.483100E+03	6.918046E-16	5.138024E-17
4.483400E+03	6.918629E-16	5.138414E-17
4.483700E+03	6.910933E-16	5.132656E-17
4.484000E+03	6.903881E-16	5.127376E-17
4.484300E+03	6.903668E-16	5.127175E-17
4.484600E+03	6.910612E-16	5.132290E-17
4.484900E+03	6.910400E-16	5.132089E-17
4.485200E+03	6.905892E-16	5.128699E-17
4.485500E+03	6.905520E-16	5.128380E-17
4.485800E+03	6.903240E-16	5.126645E-17
4.486100E+03	6.908752E-16	5.130695E-17
4.486400E+03	6.902815E-16	5.126244E-17
4.486700E+03	6.898948E-16	5.123329E-17
4.487000E+03	6.890797E-16	5.117234E-17
4.487300E+03	6.892171E-16	5.118212E-17
4.487500E+03	6.895099E-16	5.120357E-17
4.487800E+03	6.886635E-16	5.114030E-17
4.488100E+03	6.885947E-16	5.113477E-17
4.488400E+03	6.882248E-16	5.110687E-17
4.488700E+03	6.882670E-16	5.110958E-17
4.489000E+03	6.879765E-16	5.108758E-17
4.489400E+03	6.879429E-16	5.108452E-17
4.489700E+03	6.879693E-16	5.108605E-17
4.490000E+03	6.879798E-16	5.108641E-17
4.490300E+03	6.876260E-16	5.105971E-17
4.490600E+03	6.870984E-16	5.102011E-17
4.490900E+03	6.872196E-16	5.102869E-17
4.491200E+03	6.866923E-16	5.098911E-17
4.491500E+03	6.869400E-16	5.100707E-17
4.491800E+03	6.869188E-16	5.100507E-17
4.492100E+03	6.860599E-16	5.094087E-17
4.492400E+03	6.858334E-16	5.092364E-17
4.492700E+03	6.853230E-16	5.088531E-17
4.493000E+03	6.848602E-16	5.085052E-17
4.493300E+03	6.847603E-16	5.084268E-17
4.493600E+03	6.841088E-16	5.079389E-17
4.493900E+03	6.835839E-16	5.075449E-17
4.494200E+03	6.837360E-16	5.076536E-17
4.494500E+03	6.834002E-16	5.074000E-17
4.494800E+03	6.827815E-16	5.069364E-17
4.495100E+03	6.822419E-16	5.065315E-17
4.495400E+03	6.822837E-16	5.065583E-17
4.495700E+03	6.817916E-16	5.061887E-17
4.496000E+03	6.815508E-16	5.060058E-17
4.496300E+03	6.804950E-16	5.052176E-17
4.496600E+03	6.800981E-16	5.049188E-17
4.496900E+03	6.798736E-16	5.047479E-17
4.497200E+03	6.797587E-16	5.046583E-17
4.497500E+03	6.798318E-16	5.047083E-17
4.497800E+03	6.791850E-16	5.042240E-17
4.498000E+03	6.790200E-16	5.040986E-17
4.498300E+03	6.787802E-16	5.039164E-17
4.498600E+03	6.785249E-16	5.037227E-17
4.498900E+03	6.782072E-16	5.034826E-17
4.499200E+03	6.780771E-16	5.033818E-17
4.499500E+03	6.777909E-16	5.031651E-17
4.499800E+03	6.778169E-16	5.031801E-17
4.500200E+03	6.768325E-16	5.024438E-17
4.500500E+03	6.764066E-16	5.021234E-17
4.500800E+03	6.762457E-16	5.019997E-17
4.501100E+03	6.758358E-16	5.016912E-17
4.501400E+03	6.755972E-16	5.015099E-17
4.501700E+03	6.756698E-16	5.015596E-17
4.502000E+03	6.755556E-16	5.014706E-17
4.502300E+03	6.747887E-16	5.008971E-17
4.502600E+03	6.746592E-16	5.007968E-17
4.502900E+03	6.743434E-16	5.005581E-17
4.503200E+03	6.742295E-16	5.004694E-17
4.503500E+03	6.738672E-16	5.001963E-17
4.503800E+03	6.736759E-16	5.000500E-17
4.504100E+03	6.733915E-16	4.998348E-17
4.504400E+03	6.728284E-16	4.994126E-17
4.504700E+03	6.724361E-16	4.991172E-17
4.505000E+03	6.721522E-16	4.989023E-17
4.505300E+03	6.718994E-16	4.987105E-17
4.505600E+03	6.715540E-16	4.984499E-17
4.505900E+03	6.707298E-16	4.978339E-17
4.506200E+03	6.705239E-16	4.976768E-17
4.506500E+03	6.706113E-16	4.977376E-17
4.506800E+03	6.702666E-16	4.974775E-17
4.507100E+03	6.701380E-16	4.973779E-17
4.507400E+03	6.696546E-16	4.970149E-17
4.507700E+03	6.693566E-16	4.967895E-17
4.508000E+03	6.691049E-16	4.965985E-17
4.508200E+03	6.691734E-16	4.966466E-17
4.508500E+03	6.693224E-16	4.967529E-17
4.508800E+03	6.688550E-16	4.964019E-17
4.509200E+03	6.684068E-16	4.960637E-17
4.509500E+03	6.677095E-16	4.955419E-17
4.509800E+03	6.675814E-16	4.954427E-17
4.510100E+03	6.669156E-16	4.949444E-17
4.510400E+03	6.666801E-16	4.947654E-17
4.510700E+03	6.664602E-16	4.945980E-17
4.511000E+03	6.660868E-16	4.943168E-17
4.511300E+03	6.654991E-16	4.938765E-17
4.511600E+03	6.652490E-16	4.936866E-17
4.511900E+03	6.649682E-16	4.934741E-17
4.512200E+03	6.648558E-16	4.933865E-17
4.512500E+03	6.648661E-16	4.933899E-17
4.512800E+03	6.646467E-16	4.932230E-17
4.513100E+03	6.638615E-16	4.926362E-17
4.513400E+03	6.638717E-16	4.926395E-17
4.513700E+03	6.636068E-16	4.924388E-17
4.514000E+03	6.635712E-16	4.924082E-17
4.514300E+03	6.637648E-16	4.925476E-17
4.514600E+03	6.634389E-16	4.923016E-17
4.514900E+03	6.636323E-16	4.924410E-17
4.515200E+03	6.635051E-16	4.923424E-17
4.515500E+03	6.635305E-16	4.923571E-17
4.515800E+03	6.631131E-16	4.920432E-17
4.516100E+03	6.623450E-16	4.914691E-17
4.516400E+03	6.617759E-16	4.910426E-17
4.516800E+03	6.616980E-16	4.909792E-17
4.517100E+03	6.619825E-16	4.911862E-17
4.517400E+03	6.621299E-16	4.912914E-17
4.517700E+03	6.617895E-16	4.910346E-17
4.518000E+03	6.618759E-16	4.910945E-17
4.518300E+03	6.616423E-16	4.909170E-17
4.518500E+03	6.616795E-16	4.909419E-17
4.518800E+03	6.624062E-16	4.914769E-17
4.519100E+03	6.621877E-16	4.913105E-17
4.519400E+03	6.622589E-16	4.913592E-17
4.519700E+03	6.619336E-16	4.911136E-17
4.520000E+03	6.617609E-16	4.909813E-17
4.520300E+03	6.612837E-16	4.906231E-17
4.520600E+03	6.612025E-16	4.905587E-17
4.520900E+03	6.608931E-16	4.903249E-17
4.521200E+03	6.605533E-16	4.900687E-17
4.521500E+03	6.605635E-16	4.900720E-17
4.521800E+03	6.603911E-16	4.899400E-17
4.522100E+03	6.604469E-16	4.899772E-17
4.522400E+03	6.603506E-16	4.899016E-17
4.522700E+03	6.600112E-16	4.896456E-17
4.523000E+03	6.591405E-16	4.889955E-17
4.523400E+03	6.592907E-16	4.891013E-17
4.523700E+03	6.588000E-16	4.887331E-17
4.524000E+03	6.590530E-16	4.889166E-17
4.524300E+03	6.588507E-16	4.887624E-17
4.524600E+03	6.584968E-16	4.884957E-17
4.524900E+03	6.585676E-16	4.885440E-17
4.525200E+03	6.585323E-16	4.885136E-17
4.525500E+03	6.582847E-16	4.883258E-17
4.525800E+03	6.578100E-16	4.879694E-17
4.526100E+03	6.576990E-16	4.878830E-17
4.526400E+03	6.568767E-16	4.872688E-17
4.526700E+03	6.564937E-16	4.869805E-17
4.527000E+03	6.560807E-16	4.866700E-17
4.527300E+03	6.561814E-16	4.867406E-17
4.527600E+03	6.565695E-16	4.870242E-17
4.527900E+03	6.565947E-16	4.870387E-17
4.528200E+03	6.567409E-16	4.871430E-17
4.528500E+03	6.565394E-16	4.869894E-17
4.528700E+03	6.555340E-16	4.862409E-17
4.529000E+03	6.553026E-16	4.860650E-17
4.529300E+03	6.552072E-16	4.859901E-17
4.529700E+03	6.546777E-16	4.855918E-17
4.530000E+03	6.546577E-16	4.855728E-17
4.530300E+03	6.539597E-16	4.850509E-17
4.530600E+03	6.537289E-16	4.848756E-17
4.530900E+03	6.540703E-16	4.851246E-17
4.531200E+03	6.532224E-16	4.844916E-17
4.531500E+03	6.531122E-16	4.844056E-17
4.531800E+03	6.523859E-16	4.838628E-17
4.532100E+03	6.524410E-16	4.838995E-17
4.532400E+03	6.521507E-16	4.836800E-17
4.532700E+03	6.517405E-16	4.833716E-17
4.533000E+03	6.516305E-16	4.832859E-17
4.533300E+03	6.514904E-16	4.831779E-17
4.533600E+03	6.512906E-16	4.830255E-17
4.533900E+03	6.509858E-16	4.827953E-17
4.534200E+03	6.509209E-16	4.827430E-17
4.534500E+03	6.508860E-16	4.827129E-17
4.534800E+03	6.509561E-16	4.827608E-17
4.535100E+03	6.509211E-16	4.827307E-17
4.535500E+03	6.508296E-16	4.826573E-17
4.535800E+03	6.507948E-16	4.826273E-17
4.536100E+03	6.508048E-16	4.826306E-17
4.536400E+03	6.507999E-16	4.826227E-17
4.536700E+03	6.504504E-16	4.823594E-17
4.537000E+03	6.507151E-16	4.825515E-17
4.537300E+03	6.504705E-16	4.823660E-17
4.537600E+03	6.509451E-16	4.827137E-17
4.537900E+03	6.509102E-16	4.826837E-17
4.538200E+03	6.506205E-16	4.824647E-17
4.538500E+03	6.504809E-16	4.823570E-17
4.538800E+03	6.506557E-16	4.824825E-17
4.539000E+03	6.502879E-16	4.822070E-17
4.539300E+03	6.497741E-16	4.818218E-17
4.539600E+03	6.497543E-16	4.818029E-17
4.539900E+03	6.498541E-16	4.818728E-17
4.540200E+03	6.498642E-16	4.818761E-17
4.540600E+03	6.500123E-16	4.819803E-17
4.540900E+03	6.492445E-16	4.814069E-17
4.541200E+03	6.494489E-16	4.815543E-17
4.541500E+03	6.491451E-16	4.813248E-17
4.541800E+03	6.494392E-16	4.815387E-17
4.542100E+03	6.491054E-16	4.812870E-17
4.542400E+03	6.490109E-16	4.812128E-17
4.542700E+03	6.486026E-16	4.809059E-17
4.543000E+03	6.483737E-16	4.807320E-17
4.543300E+03	6.485331E-16	4.808460E-17
4.543600E+03	6.485730E-16	4.808715E-17
4.543900E+03	6.486428E-16	4.809190E-17
4.544200E+03	6.484886E-16	4.808005E-17
4.544500E+03	6.488273E-16	4.810474E-17
4.544800E+03	6.480758E-16	4.804861E-17
4.545100E+03	6.477128E-16	4.802128E-17
4.545400E+03	6.477826E-16	4.802604E-17
4.545800E+03	6.477512E-16	4.802316E-17
4.546100E+03	6.476271E-16	4.801354E-17
4.546400E+03	6.478757E-16	4.803155E-17
4.546700E+03	6.477367E-16	4.802083E-17
4.547000E+03	6.474783E-16	4.800125E-17
4.547300E+03	6.477269E-16	4.801927E-17
4.547600E+03	6.474686E-16	4.799970E-17
4.547900E+03	6.471358E-16	4.797461E-17
4.548200E+03	6.465054E-16	4.792746E-17
4.548500E+03	6.462029E-16	4.790462E-17
4.548800E+03	6.457369E-16	4.786966E-17
4.549100E+03	6.457916E-16	4.787329E-17
4.549300E+03	6.451592E-16	4.782614E-17
4.549600E+03	6.449762E-16	4.781215E-17
4.549900E+03	6.451495E-16	4.782458E-17
4.550200E+03	6.447289E-16	4.779298E-17
4.550600E+03	6.450986E-16	4.781983E-17
4.550900E+03	6.448413E-16	4.780034E-17
4.551200E+03	6.446584E-16	4.778637E-17
4.551500E+03	6.439860E-16	4.773610E-17
4.551800E+03	6.439663E-16	4.773423E-17
4.552100E+03	6.440504E-16	4.774005E-17
4.552400E+03	6.449212E-16	4.780418E-17
4.552700E+03	6.450797E-16	4.781551E-17
4.553000E+03	6.450749E-16	4.781474E-17
4.553300E+03	6.452335E-16	4.782607E-17
4.553600E+03	6.453475E-16	4.783410E-17
4.553900E+03	6.452089E-16	4.782341E-17
4.554200E+03	6.448328E-16	4.779512E-17
4.554500E+03	6.447092E-16	4.778554E-17
4.554800E+03	6.447490E-16	4.778807E-17
4.555200E+03	6.451633E-16	4.781822E-17
4.555500E+03	6.448021E-16	4.779103E-17
4.555800E+03	6.441146E-16	4.773966E-17
4.556100E+03	6.438429E-16	4.771910E-17
4.556400E+03	6.436602E-16	4.770514E-17
4.556700E+03	6.436999E-16	4.770767E-17
4.557000E+03	6.440509E-16	4.773326E-17
4.557300E+03	6.436902E-16	4.770611E-17
4.557600E+03	6.432113E-16	4.767020E-17
4.557900E+03	6.436955E-16	4.770567E-17
4.558200E+03	6.442987E-16	4.774995E-17
4.558500E+03	6.447688E-16	4.778437E-17
4.558800E+03	6.440369E-16	4.772972E-17
4.559100E+03	6.436170E-16	4.769818E-17
4.559500E+03	6.434822E-16	4.768763E-17
4.559700E+03	6.431926E-16	4.766589E-17
4.560000E+03	6.426400E-16	4.762452E-17
4.560300E+03	6.424874E-16	4.761279E-17
4.560600E+03	6.424678E-16	4.761091E-17
4.560900E+03	6.425814E-16	4.761891E-17
4.561200E+03	6.428577E-16	4.763898E-17
4.561500E+03	6.425422E-16	4.761517E-17
4.561800E+03	6.423895E-16	4.760344E-17
4.562100E+03	6.422220E-16	4.759061E-17
4.562400E+03	6.420546E-16	4.757779E-17
4.562700E+03	6.420203E-16	4.757482E-17
4.563000E+03	6.419415E-16	4.756857E-17
4.563300E+03	6.423212E-16	4.759628E-17
4.563700E+03	6.428228E-16	4.763289E-17
4.564000E+03	6.430846E-16	4.765187E-17
4.564300E+03	6.432574E-16	4.766426E-17
4.564600E+03	6.437416E-16	4.769972E-17
4.564900E+03	6.438406E-16	4.770663E-17
4.565200E+03	6.442511E-16	4.773663E-17
4.565500E+03	6.438756E-16	4.770838E-17
4.565800E+03	6.442119E-16	4.773288E-17
4.566100E+03	6.446671E-16	4.776618E-17
4.566400E+03	6.451078E-16	4.779842E-17
4.566700E+03	6.450585E-16	4.779434E-17
4.567000E+03	6.453954E-16	4.781888E-17
4.567300E+03	6.452123E-16	4.780489E-17
4.567700E+03	6.453446E-16	4.781413E-17
4.568000E+03	6.452507E-16	4.780675E-17
4.568300E+03	6.454093E-16	4.781808E-17
4.568600E+03	6.450777E-16	4.779309E-17
4.568900E+03	6.449095E-16	4.778020E-17
4.569200E+03	6.452613E-16	4.780584E-17
4.569500E+03	6.455834E-16	4.782928E-17
4.569800E+03	6.460545E-16	4.786376E-17
4.570000E+03	6.462249E-16	4.787610E-17
4.570300E+03	6.461606E-16	4.787092E-17
4.570600E+03	6.459624E-16	4.785581E-17
4.570900E+03	6.458535E-16	4.784732E-17
4.571200E+03	6.458636E-16	4.784764E-17
4.571600E+03	6.458027E-16	4.784256E-17
4.571900E+03	6.461251E-16	4.786603E-17
4.572200E+03	6.465520E-16	4.789722E-17
4.572500E+03	6.469493E-16	4.792623E-17
4.572800E+03	6.475406E-16	4.796961E-17
4.573100E+03	6.474017E-16	4.795889E-17
4.573400E+03	6.473820E-16	4.795701E-17
4.573700E+03	6.475859E-16	4.797169E-17
4.574000E+03	6.477154E-16	4.798086E-17
4.574300E+03	6.474272E-16	4.795908E-17
4.574600E+03	6.474374E-16	4.795941E-17
4.574900E+03	6.482232E-16	4.801719E-17
4.575300E+03	6.486250E-16	4.804639E-17
4.575600E+03	6.487247E-16	4.805335E-17
4.575900E+03	6.486751E-16	4.804924E-17
4.576200E+03	6.491634E-16	4.808499E-17
4.576500E+03	6.491885E-16	4.808642E-17
4.576800E+03	6.491837E-16	4.808564E-17
4.577100E+03	6.491191E-16	4.808042E-17
4.577400E+03	6.495480E-16	4.811176E-17
4.577700E+03	6.501417E-16	4.815531E-17
4.578000E+03	6.501370E-16	4.815453E-17
4.578300E+03	6.503867E-16	4.817259E-17
4.578600E+03	6.506215E-16	4.818956E-17
4.579000E+03	6.503955E-16	4.817225E-17
4.579300E+03	6.504356E-16	4.817479E-17
4.579600E+03	6.505806E-16	4.818510E-17
4.579900E+03	6.508605E-16	4.820540E-17
4.580100E+03	6.509123E-16	4.820895E-17
4.580400E+03	6.514922E-16	4.825147E-17
4.580700E+03	6.517276E-16	4.826847E-17
4.581000E+03	6.523383E-16	4.831327E-17
4.581300E+03	6.524086E-16	4.831804E-17
4.581600E+03	6.525090E-16	4.832505E-17
4.581900E+03	6.530303E-16	4.836322E-17
4.582200E+03	6.532059E-16	4.837580E-17
4.582600E+03	6.536710E-16	4.840966E-17
4.582900E+03	6.537113E-16	4.841222E-17
4.583200E+03	6.543692E-16	4.846050E-17
4.583500E+03	6.546206E-16	4.847868E-17
4.583800E+03	6.549475E-16	4.850246E-17
4.584100E+03	6.552292E-16	4.852289E-17
4.584400E+03	6.559490E-16	4.857576E-17
4.584700E+03	6.560499E-16	4.858280E-17
4.585000E+03	6.566042E-16	4.862341E-17
4.585300E+03	6.566297E-16	4.862486E-17
4.585600E+03	6.571694E-16	4.866439E-17
4.586000E+03	6.573042E-16	4.867379E-17
4.586300E+03	6.577687E-16	4.870776E-17
4.586600E+03	6.579609E-16	4.872154E-17
4.586900E+03	6.586533E-16	4.877239E-17
4.587200E+03	6.589671E-16	4.879518E-17
4.587500E+03	6.593568E-16	4.882360E-17
4.587800E+03	6.600051E-16	4.887117E-17
4.588100E+03	6.601523E-16	4.888163E-17
4.588400E+03	6.600715E-16	4.887520E-17
4.588700E+03	6.601731E-16	4.888229E-17
4.589000E+03	6.599251E-16	4.886349E-17
4.589400E+03	6.599237E-16	4.886280E-17
4.589700E+03	6.604053E-16	4.889802E-17
4.590000E+03	6.607503E-16	4.892312E-17
4.590300E+03	6.606390E-16	4.891444E-17
4.590500E+03	6.610416E-16	4.894396E-17
4.590800E+03	6.615697E-16	4.898262E-17
4.591100E+03	6.618848E-16	4.900550E-17
4.591400E+03	6.621391E-16	4.902390E-17
4.591700E+03	6.626376E-16	4.906036E-17
4.592000E+03	6.628769E-16	4.907764E-17
4.592300E+03	6.629484E-16	4.908249E-17
4.592700E+03	6.634052E-16	4.911571E-17
4.593000E+03	6.638587E-16	4.914885E-17
4.593300E+03	6.639303E-16	4.915371E-17
4.593600E+03	6.637727E-16	4.914159E-17
4.593900E+03	6.638900E-16	4.914984E-17
4.594200E+03	6.641604E-16	4.916942E-17
4.594500E+03	6.644922E-16	4.919353E-17
4.594800E+03	6.651149E-16	4.923919E-17
4.595100E+03	6.654777E-16	4.926560E-17
4.595400E+03	6.653043E-16	4.925232E-17
4.595700E+03	6.659279E-16	4.929804E-17
4.596100E+03	6.661106E-16	4.931097E-17
4.596400E+03	6.665967E-16	4.934651E-17
4.596700E+03	6.670678E-16	4.938094E-17
4.597000E+03	6.669094E-16	4.936877E-17
4.597300E+03	6.668431E-16	4.936342E-17
4.597600E+03	6.667001E-16	4.935238E-17
4.597900E+03	6.670023E-16	4.937431E-17
4.598200E+03	6.671818E-16	4.938715E-17
4.598500E+03	6.674228E-16	4.940454E-17
4.598800E+03	6.674640E-16	4.940714E-17
4.599200E+03	6.675703E-16	4.941441E-17
4.599500E+03	6.675962E-16	4.941588E-17
4.599800E+03	6.677143E-16	4.942418E-17
4.600100E+03	6.685248E-16	4.948372E-17
4.600400E+03	6.681506E-16	4.945558E-17
4.600600E+03	6.682038E-16	4.945922E-17
4.600900E+03	6.683066E-16	4.946638E-17
4.601200E+03	6.686250E-16	4.948950E-17
4.601500E+03	6.689898E-16	4.951605E-17
4.601800E+03	6.686923E-16	4.949358E-17
4.602200E+03	6.684447E-16	4.947465E-17
4.602500E+03	6.682706E-16	4.946131E-17
4.602800E+03	6.684965E-16	4.947759E-17
4.603100E+03	6.684148E-16	4.947109E-17
4.603400E+03	6.686562E-16	4.948851E-17
4.603700E+03	6.689285E-16	4.950821E-17
4.604000E+03	6.693859E-16	4.954162E-17
4.604300E+03	6.692732E-16	4.953282E-17
4.604600E+03	6.692530E-16	4.953088E-17
4.604900E+03	6.690786E-16	4.951752E-17
4.605300E+03	6.693084E-16	4.953393E-17
4.605600E+03	6.693036E-16	4.953312E-17
4.605900E+03	6.692525E-16	4.952889E-17
4.606200E+03	6.695405E-16	4.954975E-17
4.606500E+03	6.697824E-16	4.956720E-17
4.606800E+03	6.696079E-16	4.955384E-17
4.607100E+03	6.697573E-16	4.956444E-17
4.607400E+03	6.702615E-16	4.960130E-17
4.607700E+03	6.706117E-16	4.962677E-17
4.608000E+03	6.704834E-16	4.961682E-17
4.608400E+03	6.702814E-16	4.960127E-17
4.608700E+03	6.697828E-16	4.956392E-17
4.609000E+03	6.698860E-16	4.957111E-17
4.609300E+03	6.699429E-16	4.957486E-17
4.609600E+03	6.702620E-16	4.959802E-17
4.609900E+03	6.703807E-16	4.960636E-17
4.610200E+03	6.704531E-16	4.961126E-17
4.610500E+03	6.702630E-16	4.959673E-17
4.610800E+03	6.703044E-16	4.959935E-17
4.611100E+03	6.705466E-16	4.961682E-17
4.611400E+03	6.704955E-16	4.961258E-17
4.611700E+03	6.708612E-16	4.963919E-17
4.612000E+03	6.711346E-16	4.965896E-17
4.612300E+03	6.714697E-16	4.968331E-17
4.612600E+03	6.711094E-16	4.965619E-17
4.612900E+03	6.707338E-16	4.962795E-17
4.613200E+03	6.707135E-16	4.962599E-17
4.613500E+03	6.705389E-16	4.961261E-17
4.613800E+03	6.704259E-16	4.960380E-17
4.614200E+03	6.702857E-16	4.959282E-17
4.614500E+03	6.699723E-16	4.956918E-17
4.614800E+03	6.700600E-16	4.957522E-17
4.615100E+03	6.701633E-16	4.958240E-17
4.615400E+03	6.704053E-16	4.959986E-17
4.615700E+03	6.704777E-16	4.960476E-17
4.616000E+03	6.701488E-16	4.957997E-17
4.616300E+03	6.701903E-16	4.958258E-17
4.616600E+03	6.701237E-16	4.957720E-17
4.617000E+03	6.700607E-16	4.957193E-17
4.617300E+03	6.699788E-16	4.956542E-17
4.617600E+03	6.697272E-16	4.954635E-17
4.617900E+03	6.696453E-16	4.953984E-17
4.618200E+03	6.695942E-16	4.953561E-17
4.618500E+03	6.692503E-16	4.950971E-17
4.618800E+03	6.691530E-16	4.950206E-17
4.619100E+03	6.692870E-16	4.951151E-17
4.619400E+03	6.691280E-16	4.949929E-17
4.619800E+03	6.689265E-16	4.948378E-17
4.620100E+03	6.686907E-16	4.946589E-17
4.620400E+03	6.692096E-16	4.950381E-17
4.620700E+03	6.689737E-16	4.948591E-17
4.621000E+03	6.688149E-16	4.947371E-17
4.621200E+03	6.682986E-16	4.943521E-17
4.621500E+03	6.685708E-16	4.945489E-17
4.621800E+03	6.683813E-16	4.944042E-17
4.622100E+03	6.680534E-16	4.941571E-17
4.622500E+03	6.683137E-16	4.943435E-17
4.622800E+03	6.680936E-16	4.941762E-17
4.623100E+03	6.678888E-16	4.940201E-17
4.623400E+03	6.672078E-16	4.935118E-17
4.623700E+03	6.675564E-16	4.937651E-17
4.624000E+03	6.678438E-16	4.939732E-17
4.624300E+03	6.684236E-16	4.943975E-17
4.624600E+03	6.688499E-16	4.947082E-17
4.624900E+03	6.691531E-16	4.949279E-17
4.625300E+03	6.693368E-16	4.950577E-17
4.625600E+03	6.696713E-16	4.953005E-17
4.625900E+03	6.699594E-16	4.955090E-17
4.626200E+03	6.704794E-16	4.958890E-17
4.626500E+03	6.708143E-16	4.961321E-17
4.626800E+03	6.709022E-16	4.961925E-17
4.627100E+03	6.711601E-16	4.963787E-17
4.627400E+03	6.712172E-16	4.964163E-17
4.627800E+03	6.710768E-16	4.963064E-17
4.628100E+03	6.709638E-16	4.962182E-17
4.628400E+03	6.708355E-16	4.961187E-17
4.628700E+03	6.706609E-16	4.959850E-17
4.629000E+03	6.707487E-16	4.960453E-17
4.629300E+03	6.708211E-16	4.960943E-17
4.629600E+03	6.709708E-16	4.962004E-17
4.629900E+03	6.705336E-16	4.958725E-17
4.630200E+03	6.705288E-16	4.958644E-17
4.630600E+03	6.705276E-16	4.958573E-17
4.630900E+03	6.703994E-16	4.957579E-17
4.631200E+03	6.703328E-16	4.957041E-17
4.631400E+03	6.701239E-16	4.955465E-17
4.631700E+03	6.702734E-16	4.956525E-17
4.632000E+03	6.704230E-16	4.957585E-17
4.632300E+03	6.704028E-16	4.957390E-17
4.632600E+03	6.706760E-16	4.959364E-17
4.633000E+03	6.708446E-16	4.960549E-17
4.633300E+03	6.710870E-16	4.962296E-17
4.633600E+03	6.712369E-16	4.963358E-17
4.633900E+03	6.712321E-16	4.963276E-17
4.634200E+03	6.712737E-16	4.963538E-17
4.634500E+03	6.709753E-16	4.961285E-17
4.634800E+03	6.708779E-16	4.960518E-17
4.635100E+03	6.707649E-16	4.959637E-17
4.635500E+03	6.713509E-16	4.963908E-17
4.635800E+03	6.714543E-16	4.964627E-17
4.636100E+03	6.715578E-16	4.965346E-17
4.636400E+03	6.717386E-16	4.966636E-17
4.636700E+03	6.716411E-16	4.965869E-17
4.637000E+03	6.711261E-16	4.962015E-17
4.637300E+03	6.710905E-16	4.961705E-17
4.637600E+03	6.711784E-16	4.962310E-17
4.638000E+03	6.713783E-16	4.963725E-17
4.638300E+03	6.716209E-16	4.965473E-17
4.638600E+03	6.716470E-16	4.965620E-17
4.638900E+03	6.717350E-16	4.966224E-17
4.639200E+03	6.713901E-16	4.963627E-17
4.639500E+03	6.709526E-16	4.960347E-17
4.639800E+03	6.708861E-16	4.959808E-17
4.640100E+03	6.704643E-16	4.956644E-17
4.640500E+03	6.709729E-16	4.960342E-17
4.640800E+03	6.706591E-16	4.957976E-17
4.641100E+03	6.706081E-16	4.957553E-17
4.641400E+03	6.703564E-16	4.955646E-17
4.641700E+03	6.704751E-16	4.956477E-17
4.641900E+03	6.697879E-16	4.951366E-17
4.642200E+03	6.697369E-16	4.950942E-17
4.642500E+03	6.693313E-16	4.947898E-17
4.642900E+03	6.692531E-16	4.947258E-17
4.643200E+03	6.695258E-16	4.949228E-17
4.643500E+03	6.689817E-16	4.945159E-17
4.643800E+03	6.686382E-16	4.942573E-17
4.644100E+03	6.685873E-16	4.942151E-17
4.644400E+03	6.685210E-16	4.941615E-17
4.644700E+03	6.687934E-16	4.943582E-17
4.645000E+03	6.689581E-16	4.944753E-17
4.645400E+03	6.686335E-16	4.942292E-17
4.645700E+03	6.688137E-16	4.943577E-17
4.646000E+03	6.687165E-16	4.942813E-17
4.646300E+03	6.688196E-16	4.943528E-17
4.646600E+03	6.687687E-16	4.943106E-17
4.646900E+03	6.687947E-16	4.943252E-17
4.647200E+03	6.684051E-16	4.940326E-17
4.647500E+03	6.684158E-16	4.940358E-17
4.647900E+03	6.684916E-16	4.940857E-17
4.648200E+03	6.682254E-16	4.938842E-17
4.648500E+03	6.681591E-16	4.938306E-17
4.648800E+03	6.680621E-16	4.937543E-17
4.649100E+03	6.678728E-16	4.936097E-17
4.649400E+03	6.680527E-16	4.937380E-17
4.649700E+03	6.681865E-16	4.938323E-17
4.650100E+03	6.682930E-16	4.939048E-17
4.650400E+03	6.680883E-16	4.937489E-17
4.650700E+03	6.679759E-16	4.936612E-17
4.651000E+03	6.679097E-16	4.936076E-17
4.651300E+03	6.673517E-16	4.931905E-17
4.651600E+03	6.674084E-16	4.932278E-17
4.651900E+03	6.670043E-16	4.929245E-17
4.652100E+03	6.661518E-16	4.922915E-17
4.652500E+03	6.662275E-16	4.923412E-17
4.652800E+03	6.661307E-16	4.922650E-17
4.653100E+03	6.653902E-16	4.917131E-17
4.653400E+03	6.650486E-16	4.914560E-17
4.653700E+03	6.645082E-16	4.910521E-17
4.654000E+03	6.643505E-16	4.909309E-17
4.654300E+03	6.640706E-16	4.907194E-17
4.654700E+03	6.646661E-16	4.911533E-17
4.655000E+03	6.645543E-16	4.910661E-17
4.655300E+03	6.643508E-16	4.909110E-17
4.655600E+03	6.645602E-16	4.910612E-17
4.655900E+03	6.647239E-16	4.911775E-17
4.656200E+03	6.646887E-16	4.911468E-17
4.656500E+03	6.646841E-16	4.911387E-17
4.656800E+03	6.647253E-16	4.911646E-17
4.657200E+03	6.643417E-16	4.908749E-17
4.657500E+03	6.642759E-16	4.908216E-17
4.657800E+03	6.642253E-16	4.907796E-17
4.658100E+03	6.639760E-16	4.905908E-17
4.658400E+03	6.642160E-16	4.907634E-17
4.658700E+03	6.638903E-16	4.905181E-17
4.659000E+03	6.637328E-16	4.903972E-17
4.659400E+03	6.635025E-16	4.902208E-17
4.659700E+03	6.637424E-16	4.903934E-17
4.660000E+03	6.641046E-16	4.906563E-17
4.660300E+03	6.641153E-16	4.906596E-17
4.660600E+03	6.639424E-16	4.905272E-17
4.660900E+03	6.641366E-16	4.906660E-17
4.661200E+03	6.639790E-16	4.905449E-17
4.661600E+03	6.634278E-16	4.901315E-17
4.661900E+03	6.634078E-16	4.901121E-17
4.662200E+03	6.633268E-16	4.900476E-17
4.662400E+03	6.633034E-16	4.900272E-17
4.662700E+03	6.633905E-16	4.900868E-17
4.663000E+03	6.633094E-16	4.900223E-17
4.663300E+03	6.637631E-16	4.903528E-17
4.663700E+03	6.638691E-16	4.904249E-17
4.664000E+03	6.638492E-16	4.904055E-17
4.664300E+03	6.631265E-16	4.898670E-17
4.664600E+03	6.631219E-16	4.898589E-17
4.664900E+03	6.631326E-16	4.898621E-17
4.665200E+03	6.626701E-16	4.895158E-17
4.665500E+03	6.623298E-16	4.892598E-17
4.665900E+03	6.617038E-16	4.887912E-17
4.666200E+03	6.617296E-16	4.888056E-17
4.666500E+03	6.615727E-16	4.886850E-17
4.666800E+03	6.619947E-16	4.889921E-17
4.667100E+03	6.618377E-16	4.888715E-17
4.667400E+03	6.609955E-16	4.882447E-17
4.667700E+03	6.613715E-16	4.885178E-17
4.668100E+03	6.613096E-16	4.884658E-17
4.668400E+03	6.609548E-16	4.881991E-17
4.668700E+03	6.606003E-16	4.879326E-17
4.669000E+03	6.601395E-16	4.875876E-17
4.669300E+03	6.597551E-16	4.872990E-17
4.669600E+03	6.593101E-16	4.869657E-17
4.669900E+03	6.591082E-16	4.868119E-17
4.670300E+03	6.590616E-16	4.867713E-17
4.670600E+03	6.589508E-16	4.866848E-17
4.670900E+03	6.588855E-16	4.866320E-17
4.671200E+03	6.587293E-16	4.865119E-17
4.671500E+03	6.579971E-16	4.859665E-17
4.671800E+03	6.575685E-16	4.856453E-17
4.672100E+03	6.577305E-16	4.857603E-17
4.672500E+03	6.576386E-16	4.856862E-17
4.672700E+03	6.575548E-16	4.856212E-17
4.673000E+03	6.575199E-16	4.855908E-17
4.673300E+03	6.570311E-16	4.852252E-17
4.673600E+03	6.568753E-16	4.851054E-17
4.673900E+03	6.565381E-16	4.848518E-17
4.674200E+03	6.560651E-16	4.844978E-17
4.674600E+03	6.561849E-16	4.845801E-17
4.674900E+03	6.559235E-16	4.843824E-17
4.675200E+03	6.560096E-16	4.844414E-17
4.675500E+03	6.557937E-16	4.842773E-17
4.675800E+03	6.558948E-16	4.843473E-17
4.676100E+03	6.554223E-16	4.839937E-17
4.676500E+03	6.556477E-16	4.841540E-17
4.676800E+03	6.555979E-16	4.841126E-17
4.677100E+03	6.554726E-16	4.840154E-17
4.677400E+03	6.551814E-16	4.837957E-17
4.677700E+03	6.549205E-16	4.835984E-17
4.678000E+03	6.545240E-16	4.833010E-17
4.678300E+03	6.540976E-16	4.829815E-17
4.678700E+03	6.541569E-16	4.830190E-17
4.679000E+03	6.538662E-16	4.827998E-17
4.679300E+03	6.536660E-16	4.826473E-17
4.679600E+03	6.535260E-16	4.825393E-17
4.679900E+03	6.531605E-16	4.822648E-17
4.680200E+03	6.526147E-16	4.818572E-17
4.680500E+03	6.526854E-16	4.819047E-17
4.680900E+03	6.523239E-16	4.816316E-17
4.681200E+03	6.521992E-16	4.815349E-17
4.681500E+03	6.516093E-16	4.810947E-17
4.681800E+03	6.516648E-16	4.811311E-17
4.682100E+03	6.515553E-16	4.810456E-17
4.682400E+03	6.517159E-16	4.811595E-17
4.682800E+03	6.517149E-16	4.811526E-17
4.683000E+03	6.513318E-16	4.808667E-17
4.683300E+03	6.513724E-16	4.808920E-17
4.683600E+03	6.508432E-16	4.804966E-17
4.683900E+03	6.507338E-16	4.804113E-17
4.684200E+03	6.505046E-16	4.802374E-17
4.684500E+03	6.501408E-16	4.799642E-17
4.684900E+03	6.502147E-16	4.800125E-17
4.685200E+03	6.501503E-16	4.799603E-17
4.685500E+03	6.501309E-16	4.799414E-17
4.685800E+03	6.500067E-16	4.798451E-17
4.686100E+03	6.498974E-16	4.797598E-17
4.686400E+03	6.496387E-16	4.795641E-17
4.686800E+03	6.493535E-16	4.793474E-17
4.687100E+03	6.490651E-16	4.791299E-17
4.687400E+03	6.491204E-16	4.791661E-17
4.687700E+03	6.490711E-16	4.791250E-17
4.688000E+03	6.495601E-16	4.794813E-17
4.688300E+03	6.494509E-16	4.793961E-17
4.688700E+03	6.490463E-16	4.790913E-17
4.689000E+03	6.484742E-16	4.786643E-17
4.689300E+03	6.480070E-16	4.783148E-17
4.689600E+03	6.479579E-16	4.782739E-17
4.689900E+03	6.480280E-16	4.783210E-17
4.690200E+03	6.483221E-16	4.785335E-17
4.690500E+03	6.480341E-16	4.783163E-17
4.690900E+03	6.485406E-16	4.786840E-17
4.691200E+03	6.481928E-16	4.784226E-17
4.691500E+03	6.481138E-16	4.783596E-17
4.691800E+03	6.483034E-16	4.784949E-17
4.692100E+03	6.488066E-16	4.788617E-17
4.692400E+03	6.492805E-16	4.792068E-17
4.692800E+03	6.489507E-16	4.789571E-17
4.693100E+03	6.487073E-16	4.787728E-17
4.693300E+03	6.482066E-16	4.784002E-17
4.693600E+03	6.481873E-16	4.783813E-17
4.693900E+03	6.482276E-16	4.784064E-17
4.694200E+03	6.480590E-16	4.782773E-17
4.694600E+03	6.477895E-16	4.780722E-17
4.694900E+03	6.478746E-16	4.781304E-17
4.695200E+03	6.479597E-16	4.781885E-17
4.695500E+03	6.479553E-16	4.781806E-17
4.695800E+03	6.476376E-16	4.779415E-17
4.696100E+03	6.474841E-16	4.778235E-17
4.696500E+03	6.473490E-16	4.777177E-17
4.696800E+03	6.474340E-16	4.777757E-17
4.697100E+03	6.476682E-16	4.779439E-17
4.697400E+03	6.477234E-16	4.779800E-17
4.697700E+03	6.475252E-16	4.778290E-17
4.698000E+03	6.471630E-16	4.775571E-17
4.698400E+03	6.468344E-16	4.773084E-17
4.698700E+03	6.469789E-16	4.774104E-17
4.699000E+03	6.469745E-16	4.774025E-17
4.699300E+03	6.469105E-16	4.773506E-17
4.699600E+03	6.468316E-16	4.772877E-17
4.699900E+03	6.463955E-16	4.769612E-17
4.700300E+03	6.460375E-16	4.766908E-17
4.700600E+03	6.456167E-16	4.763757E-17
4.700900E+03	6.454488E-16	4.762471E-17
4.701200E+03	6.454147E-16	4.762173E-17
4.701500E+03	6.456035E-16	4.763520E-17
4.701800E+03	6.451236E-16	4.759932E-17
4.702200E+03	6.448999E-16	4.758220E-17
4.702500E+03	6.447471E-16	4.757046E-17
4.702800E+03	6.444162E-16	4.754558E-17
4.703100E+03	6.442190E-16	4.753056E-17
4.703400E+03	6.440959E-16	4.752102E-17
4.703600E+03	6.437470E-16	4.749496E-17
4.704000E+03	6.434201E-16	4.747022E-17
4.704300E+03	6.436677E-16	4.748802E-17
4.704600E+03	6.432633E-16	4.745772E-17
4.704900E+03	6.431700E-16	4.745038E-17
4.705200E+03	6.426032E-16	4.740809E-17
4.705500E+03	6.428504E-16	4.742587E-17
4.705900E+03	6.430420E-16	4.743938E-17
4.706200E+03	6.428304E-16	4.742330E-17
4.706500E+03	6.425153E-16	4.739959E-17
4.706800E+03	6.427477E-16	4.741627E-17
4.707100E+03	6.420925E-16	4.736747E-17
4.707400E+03	6.422508E-16	4.737868E-17
4.707800E+03	6.425605E-16	4.740091E-17
4.708100E+03	6.425414E-16	4.739903E-17
4.708400E+03	6.428034E-16	4.741790E-17
4.708700E+03	6.424735E-16	4.739309E-17
4.709000E+03	6.421291E-16	4.736722E-17
4.709300E+03	6.416370E-16	4.733045E-17
4.709700E+03	6.412816E-16	4.730362E-17
4.710000E+03	6.406279E-16	4.725493E-17
4.710300E+03	6.410072E-16	4.728244E-17
4.710600E+03	6.408553E-16	4.727078E-17
4.710900E+03	6.405854E-16	4.725040E-17
4.711200E+03	6.404778E-16	4.724200E-17
4.711600E+03	6.406540E-16	4.725437E-17
4.711900E+03	6.407382E-16	4.726011E-17
4.712200E+03	6.405126E-16	4.724301E-17
4.712500E+03	6.399481E-16	4.720091E-17
4.712800E+03	6.402976E-16	4.722622E-17
4.713200E+03	6.400608E-16	4.720814E-17
4.713500E+03	6.403661E-16	4.723018E-17
4.713700E+03	6.402994E-16	4.722495E-17
4.714000E+03	6.406194E-16	4.724809E-17
4.714300E+03	6.406004E-16	4.724622E-17
4.714600E+03	6.407436E-16	4.725632E-17
4.715000E+03	6.408903E-16	4.726651E-17
4.715300E+03	6.405319E-16	4.723961E-17
4.715600E+03	6.403949E-16	4.722904E-17
4.715900E+03	6.405528E-16	4.724022E-17
4.716200E+03	6.403420E-16	4.722421E-17
4.716500E+03	6.400429E-16	4.720168E-17
4.716900E+03	6.401010E-16	4.720534E-17
4.717200E+03	6.400083E-16	4.719803E-17
4.717500E+03	6.396946E-16	4.717444E-17
4.717800E+03	6.397345E-16	4.717691E-17
4.718100E+03	6.394798E-16	4.715766E-17
4.718500E+03	6.398030E-16	4.718087E-17
4.718800E+03	6.392098E-16	4.713666E-17
4.719100E+03	6.393674E-16	4.714781E-17
4.719400E+03	6.387451E-16	4.710145E-17
4.719700E+03	6.383291E-16	4.707031E-17
4.720000E+03	6.381044E-16	4.705327E-17
4.720400E+03	6.378832E-16	4.703634E-17
4.720700E+03	6.378789E-16	4.703556E-17
4.721000E+03	6.372580E-16	4.698931E-17
4.721300E+03	6.367698E-16	4.695284E-17
4.721600E+03	6.368388E-16	4.695747E-17
4.721900E+03	6.367612E-16	4.695128E-17
4.722300E+03	6.369657E-16	4.696573E-17
4.722600E+03	6.372989E-16	4.698984E-17
4.722900E+03	6.377497E-16	4.702261E-17
4.723200E+03	6.378188E-16	4.702724E-17
4.723500E+03	6.377998E-16	4.702537E-17
4.723900E+03	6.378725E-16	4.703010E-17
4.724100E+03	6.377472E-16	4.702055E-17
4.724400E+03	6.380221E-16	4.704035E-17
4.724700E+03	6.382089E-16	4.705365E-17
4.725000E+03	6.383221E-16	4.706153E-17
4.725300E+03	6.384795E-16	4.707267E-17
4.725700E+03	6.381701E-16	4.704923E-17
4.726000E+03	6.383863E-16	4.706470E-17
4.726300E+03	6.380587E-16	4.704008E-17
4.726600E+03	6.382161E-16	4.705121E-17
4.726900E+03	6.385058E-16	4.707210E-17
4.727300E+03	6.386079E-16	4.707900E-17
4.727600E+03	6.385448E-16	4.707388E-17
4.727900E+03	6.387171E-16	4.708611E-17
4.728200E+03	6.390070E-16	4.710702E-17
4.728500E+03	6.385909E-16	4.707587E-17
4.728900E+03	6.384725E-16	4.706651E-17
4.729200E+03	6.381008E-16	4.703864E-17
4.729500E+03	6.377734E-16	4.701404E-17
4.729800E+03	6.374315E-16	4.698836E-17
4.730100E+03	6.372218E-16	4.697244E-17
4.730400E+03	6.372909E-16	4.697706E-17
4.730800E+03	6.376571E-16	4.700343E-17
4.731100E+03	6.378731E-16	4.701888E-17
4.731400E+03	6.381333E-16	4.703759E-17
4.731700E+03	6.384671E-16	4.706172E-17
4.732000E+03	6.381101E-16	4.703494E-17
4.732400E+03	6.378743E-16	4.701693E-17
4.732700E+03	6.381932E-16	4.703996E-17
4.733000E+03	6.376015E-16	4.699588E-17
4.733300E+03	6.375973E-16	4.699509E-17
4.733600E+03	6.374022E-16	4.698025E-17
4.734000E+03	6.371080E-16	4.695793E-17
4.734200E+03	6.371149E-16	4.695813E-17
4.734500E+03	6.367881E-16	4.693357E-17
4.734800E+03	6.363148E-16	4.689822E-17
4.735100E+03	6.360908E-16	4.688124E-17
4.735400E+03	6.354864E-16	4.683622E-17
4.735800E+03	6.345206E-16	4.676441E-17
4.736100E+03	6.342389E-16	4.674318E-17
4.736400E+03	6.340448E-16	4.672841E-17
4.736700E+03	6.337487E-16	4.670612E-17
4.737000E+03	6.335986E-16	4.669459E-17
4.737400E+03	6.336271E-16	4.669606E-17
4.737700E+03	6.331999E-16	4.666410E-17
4.738000E+03	6.331957E-16	4.666333E-17
4.738300E+03	6.332061E-16	4.666362E-17
4.738600E+03	6.327937E-16	4.663277E-17
4.739000E+03	6.329971E-16	4.664712E-17
4.739300E+03	6.328034E-16	4.663238E-17
4.739600E+03	6.325079E-16	4.661013E-17
4.739900E+03	6.324163E-16	4.660292E-17
4.740200E+03	6.322520E-16	4.659034E-17
4.740600E+03	6.321784E-16	4.658430E-17
4.740900E+03	6.314178E-16	4.652778E-17
4.741200E+03	6.308905E-16	4.648845E-17
4.741500E+03	6.305086E-16	4.645984E-17
4.741800E+03	6.300691E-16	4.642699E-17
4.742100E+03	6.298039E-16	4.640698E-17
4.742500E+03	6.293683E-16	4.637426E-17
4.742800E+03	6.294076E-16	4.637668E-17
4.743100E+03	6.290991E-16	4.635349E-17
4.743400E+03	6.284869E-16	4.630791E-17
4.743700E+03	6.284104E-16	4.630180E-17
4.744100E+03	6.280914E-16	4.627768E-17
4.744400E+03	6.281162E-16	4.627904E-17
4.744600E+03	6.280219E-16	4.627177E-17
4.744900E+03	6.274540E-16	4.622947E-17
4.745200E+03	6.270310E-16	4.619784E-17
4.745600E+03	6.266983E-16	4.617270E-17
4.745900E+03	6.264346E-16	4.615280E-17
4.746200E+03	6.263006E-16	4.614246E-17
4.746500E+03	6.263686E-16	4.614700E-17
4.746800E+03	6.264365E-16	4.615155E-17
4.747200E+03	6.260753E-16	4.612431E-17
4.747500E+03	6.259703E-16	4.611611E-17
4.747800E+03	6.257213E-16	4.609729E-17
4.748100E+03	6.254290E-16	4.607530E-17
4.748400E+03	6.253962E-16	4.607241E-17
4.748800E+03	6.247766E-16	4.602614E-17
4.749100E+03	6.245136E-16	4.600630E-17
4.749400E+03	6.239776E-16	4.596634E-17
4.749700E+03	6.233273E-16	4.591798E-17
4.750000E+03	6.230793E-16	4.589924E-17
4.750400E+03	6.229638E-16	4.589011E-17
4.750700E+03	6.228019E-16	4.587772E-17
4.751000E+03	6.227118E-16	4.587062E-17
4.751300E+03	6.222634E-16	4.583712E-17
4.751600E+03	6.221734E-16	4.583002E-17
4.752000E+03	6.223446E-16	4.584202E-17
4.752300E+03	6.216817E-16	4.579272E-17
4.752600E+03	6.220643E-16	4.582043E-17
4.752900E+03	6.218167E-16	4.580173E-17
4.753200E+03	6.218126E-16	4.580096E-17
4.753600E+03	6.217404E-16	4.579502E-17
4.753900E+03	6.218509E-16	4.580269E-17
4.754200E+03	6.220759E-16	4.581880E-17
4.754500E+03	6.217997E-16	4.579799E-17
4.754800E+03	6.214951E-16	4.577509E-17
4.755100E+03	6.212907E-16	4.575957E-17
4.755400E+03	6.212437E-16	4.575565E-17
4.755700E+03	6.210108E-16	4.573802E-17
4.756000E+03	6.207494E-16	4.571830E-17
4.756300E+03	6.205453E-16	4.570280E-17
4.756700E+03	6.203874E-16	4.569056E-17
4.757000E+03	6.206691E-16	4.571084E-17
4.757300E+03	6.207795E-16	4.571850E-17
4.757600E+03	6.205039E-16	4.569773E-17
4.757900E+03	6.203141E-16	4.568329E-17
4.758300E+03	6.201278E-16	4.566895E-17
4.758600E+03	6.195671E-16	4.562719E-17
4.758900E+03	6.193064E-16	4.560752E-17
4.759200E+03	6.195305E-16	4.562357E-17
4.759500E+03	6.189988E-16	4.558394E-17
4.759900E+03	6.191693E-16	4.559588E-17
4.760200E+03	6.191510E-16	4.559406E-17
4.760500E+03	6.192040E-16	4.559750E-17
4.760800E+03	6.190574E-16	4.558623E-17
4.761200E+03	6.190283E-16	4.558347E-17
4.761500E+03	6.191382E-16	4.559110E-17
4.761800E+03	6.186354E-16	4.555361E-17
4.762100E+03	6.184463E-16	4.553921E-17
4.762400E+03	6.182998E-16	4.552796E-17
4.762800E+03	6.185698E-16	4.554722E-17
4.763100E+03	6.185657E-16	4.554645E-17
4.763400E+03	6.187469E-16	4.555933E-17
4.763700E+03	6.187286E-16	4.555751E-17
4.764000E+03	6.186249E-16	4.554941E-17
4.764400E+03	6.183109E-16	4.552567E-17
4.764700E+03	6.183781E-16	4.553014E-17
4.765000E+03	6.187302E-16	4.555560E-17
4.765200E+03	6.184237E-16	4.553272E-17
4.765500E+03	6.182630E-16	4.552042E-17
4.765900E+03	6.181343E-16	4.551032E-17
4.766200E+03	6.179879E-16	4.549908E-17
4.766500E+03	6.181974E-16	4.551404E-17
4.766800E+03	6.182931E-16	4.552061E-17
4.767100E+03	6.183744E-16	4.552613E-17
4.767500E+03	6.183311E-16	4.552232E-17
4.767800E+03	6.185692E-16	4.553938E-17
4.768100E+03	6.185367E-16	4.553652E-17
4.768400E+03	6.184757E-16	4.553156E-17
4.768800E+03	6.182615E-16	4.551517E-17
4.769100E+03	6.189412E-16	4.556474E-17
4.769400E+03	6.187378E-16	4.554929E-17
4.769700E+03	6.189902E-16	4.556740E-17
4.770000E+03	6.191145E-16	4.557608E-17
4.770400E+03	6.192564E-16	4.558590E-17
4.770700E+03	6.190243E-16	4.556835E-17
4.771000E+03	6.189063E-16	4.555919E-17
4.771300E+03	6.190163E-16	4.556682E-17
4.771600E+03	6.186419E-16	4.553879E-17
4.772000E+03	6.182710E-16	4.551086E-17
4.772300E+03	6.190077E-16	4.556462E-17
4.772600E+03	6.190892E-16	4.557015E-17
4.772900E+03	6.193561E-16	4.558932E-17
4.773300E+03	6.198406E-16	4.562436E-17
4.773600E+03	6.198794E-16	4.562674E-17
4.773900E+03	6.201324E-16	4.564489E-17
4.774200E+03	6.205426E-16	4.567461E-17
4.774500E+03	6.204529E-16	4.566754E-17
4.774900E+03	6.201809E-16	4.564689E-17
4.775200E+03	6.197629E-16	4.561565E-17
4.775400E+03	6.200267E-16	4.563475E-17
4.775700E+03	6.201940E-16	4.564660E-17
4.776000E+03	6.203614E-16	4.565844E-17
4.776400E+03	6.206609E-16	4.567985E-17
4.776700E+03	6.207569E-16	4.568644E-17
4.777000E+03	6.204385E-16	4.566254E-17
4.777300E+03	6.205488E-16	4.567019E-17
4.777700E+03	6.204197E-16	4.566005E-17
4.778000E+03	6.204728E-16	4.566349E-17
4.778300E+03	6.203688E-16	4.565536E-17
4.778600E+03	6.204791E-16	4.566300E-17
4.778900E+03	6.205180E-16	4.566539E-17
4.779300E+03	6.202888E-16	4.564790E-17
4.779600E+03	6.203563E-16	4.565239E-17
4.779900E+03	6.205380E-16	4.566528E-17
4.780200E+03	6.199485E-16	4.562143E-17
4.780600E+03	6.198480E-16	4.561340E-17
4.780900E+03	6.197155E-16	4.560318E-17
4.781200E+03	6.199685E-16	4.562132E-17
4.781500E+03	6.202215E-16	4.563946E-17
4.781800E+03	6.204889E-16	4.565866E-17
4.782200E+03	6.209600E-16	4.569270E-17
4.782500E+03	6.207702E-16	4.567825E-17
4.782800E+03	6.207805E-16	4.567854E-17
4.783100E+03	6.207050E-16	4.567251E-17
4.783500E+03	6.213050E-16	4.571602E-17
4.783800E+03	6.212296E-16	4.571000E-17
4.784100E+03	6.217407E-16	4.574713E-17
4.784400E+03	6.218799E-16	4.575689E-17
4.784700E+03	6.223916E-16	4.579406E-17
4.785100E+03	6.228785E-16	4.582925E-17
4.785400E+03	6.231471E-16	4.584854E-17
4.785600E+03	6.229101E-16	4.583078E-17
4.785900E+03	6.226910E-16	4.581419E-17
4.786300E+03	6.233503E-16	4.586206E-17
4.786600E+03	6.231311E-16	4.584545E-17
4.786900E+03	6.231702E-16	4.584784E-17
4.787200E+03	6.233671E-16	4.586186E-17
4.787500E+03	6.239806E-16	4.590651E-17
4.787900E+03	6.246701E-16	4.595660E-17
4.788200E+03	6.246661E-16	4.595582E-17
4.788500E+03	6.251225E-16	4.598892E-17
4.788800E+03	6.253344E-16	4.600403E-17
4.789200E+03	6.252188E-16	4.599488E-17
4.789500E+03	6.254739E-16	4.601317E-17
4.789800E+03	6.252684E-16	4.599757E-17
4.790100E+03	6.254659E-16	4.601162E-17
4.790400E+03	6.260815E-16	4.605642E-17
4.790800E+03	6.261243E-16	4.605893E-17
4.791100E+03	6.263077E-16	4.607193E-17
4.791400E+03	6.265489E-16	4.608920E-17
4.791700E+03	6.269202E-16	4.611602E-17
4.792100E+03	6.267031E-16	4.609941E-17
4.792400E+03	6.268145E-16	4.610712E-17
4.792700E+03	6.277204E-16	4.617328E-17
4.793000E+03	6.277599E-16	4.617569E-17
4.793400E+03	6.276582E-16	4.616757E-17
4.793700E+03	6.281313E-16	4.620188E-17
4.794000E+03	6.281417E-16	4.620217E-17
4.794300E+03	6.280654E-16	4.619607E-17
4.794600E+03	6.285388E-16	4.623041E-17
4.795000E+03	6.285238E-16	4.622865E-17
4.795300E+03	6.285633E-16	4.623107E-17
4.795600E+03	6.288053E-16	4.624839E-17
4.795900E+03	6.291634E-16	4.627424E-17
4.796200E+03	6.291594E-16	4.627346E-17
4.796500E+03	6.292134E-16	4.627694E-17
4.796800E+03	6.288762E-16	4.625166E-17
4.797100E+03	6.292198E-16	4.627644E-17
4.797500E+03	6.294367E-16	4.629174E-17
4.797800E+03	6.299402E-16	4.632828E-17
4.798100E+03	6.301247E-16	4.634137E-17
4.798400E+03	6.300192E-16	4.633312E-17
4.798700E+03	6.300442E-16	4.633447E-17
4.799100E+03	6.303049E-16	4.635299E-17
4.799400E+03	6.302428E-16	4.634794E-17
4.799700E+03	6.301227E-16	4.633862E-17
4.800000E+03	6.300607E-16	4.633357E-17
4.800400E+03	6.302778E-16	4.634888E-17
4.800700E+03	6.306223E-16	4.637373E-17
4.801000E+03	6.305747E-16	4.636974E-17
4.801300E+03	6.308321E-16	4.638817E-17
4.801700E+03	6.308752E-16	4.639069E-17
4.802000E+03	6.315543E-16	4.644014E-17
4.802300E+03	6.318703E-16	4.646288E-17
4.802600E+03	6.322738E-16	4.649206E-17
4.802900E+03	6.324300E-16	4.650306E-17
4.803300E+03	6.321383E-16	4.648096E-17
4.803600E+03	6.322799E-16	4.649087E-17
4.803900E+03	6.323924E-16	4.649865E-17
4.804200E+03	6.323301E-16	4.649358E-17
4.804600E+03	6.325043E-16	4.650574E-17
4.804900E+03	6.326023E-16	4.651245E-17
4.805200E+03	6.325838E-16	4.651060E-17
4.805500E+03	6.324050E-16	4.649696E-17
4.805900E+03	6.327541E-16	4.652197E-17
4.806200E+03	6.329541E-16	4.653618E-17
4.806400E+03	6.333840E-16	4.656746E-17
4.806700E+03	6.335841E-16	4.658168E-17
4.807100E+03	6.335691E-16	4.657992E-17
4.807400E+03	6.337694E-16	4.659415E-17
4.807700E+03	6.340719E-16	4.661590E-17
4.808000E+03	6.343162E-16	4.663336E-17
4.808400E+03	6.344325E-16	4.664125E-17
4.808700E+03	6.343993E-16	4.663832E-17
4.809000E+03	6.348776E-16	4.667298E-17
4.809300E+03	6.353854E-16	4.670982E-17
4.809600E+03	6.355716E-16	4.672301E-17
4.810000E+03	6.358786E-16	4.674492E-17
4.810300E+03	6.362846E-16	4.677427E-17
4.810600E+03	6.367937E-16	4.681119E-17
4.810900E+03	6.371123E-16	4.683412E-17
4.811300E+03	6.374786E-16	4.686038E-17
4.811600E+03	6.375627E-16	4.686607E-17
4.811900E+03	6.377936E-16	4.688254E-17
4.812200E+03	6.382450E-16	4.691522E-17
4.812600E+03	6.385386E-16	4.693613E-17
4.812900E+03	6.385640E-16	4.693750E-17
4.813200E+03	6.386629E-16	4.694427E-17
4.813500E+03	6.385266E-16	4.693375E-17
4.813900E+03	6.384526E-16	4.692765E-17
4.814200E+03	6.389192E-16	4.696145E-17
4.814500E+03	6.391947E-16	4.698119E-17
4.814800E+03	6.388376E-16	4.695445E-17
4.815200E+03	6.389254E-16	4.696023E-17
4.815500E+03	6.392010E-16	4.697999E-17
4.815800E+03	6.386085E-16	4.693594E-17
4.816100E+03	6.383252E-16	4.691462E-17
4.816500E+03	6.380896E-16	4.689663E-17
4.816700E+03	6.378764E-16	4.688063E-17
4.817000E+03	6.377990E-16	4.687444E-17
4.817300E+03	6.376188E-16	4.686070E-17
4.817700E+03	6.376771E-16	4.686432E-17
4.818000E+03	6.381872E-16	4.690131E-17
4.818300E+03	6.383596E-16	4.691347E-17
4.818600E+03	6.380469E-16	4.688999E-17
4.819000E+03	6.378556E-16	4.687526E-17
4.819300E+03	6.380866E-16	4.689174E-17
4.819600E+03	6.381120E-16	4.689310E-17
4.819900E+03	6.385784E-16	4.692687E-17
4.820300E+03	6.389751E-16	4.695536E-17
4.820600E+03	6.392507E-16	4.697511E-17
4.820900E+03	6.392467E-16	4.697431E-17
4.821200E+03	6.388895E-16	4.694756E-17
4.821500E+03	6.390032E-16	4.695542E-17
4.821900E+03	6.393266E-16	4.697851E-17
4.822200E+03	6.391312E-16	4.696364E-17
4.822500E+03	6.386712E-16	4.692934E-17
4.822800E+03	6.391233E-16	4.696205E-17
4.823200E+03	6.390492E-16	4.695594E-17
4.823500E+03	6.389864E-16	4.695082E-17
4.823800E+03	6.395123E-16	4.698896E-17
4.824100E+03	6.391844E-16	4.696437E-17
4.824500E+03	6.389633E-16	4.694744E-17
4.824800E+03	6.385181E-16	4.691423E-17
4.825100E+03	6.387494E-16	4.693072E-17
4.825400E+03	6.391132E-16	4.695695E-17
4.825800E+03	6.393189E-16	4.697139E-17
4.826100E+03	6.394916E-16	4.698357E-17
4.826400E+03	6.391637E-16	4.695897E-17
4.826700E+03	6.391450E-16	4.695710E-17
4.827000E+03	6.390086E-16	4.694657E-17
4.827300E+03	6.387693E-16	4.692848E-17
4.827600E+03	6.392950E-16	4.696660E-17
4.827900E+03	6.391438E-16	4.695499E-17
4.828300E+03	6.390993E-16	4.695104E-17
4.828600E+03	6.395664E-16	4.698486E-17
4.828900E+03	6.397686E-16	4.699920E-17
4.829300E+03	6.395767E-16	4.698443E-17
4.829600E+03	6.400295E-16	4.701718E-17
4.829900E+03	6.406890E-16	4.706512E-17
4.830200E+03	6.408473E-16	4.707625E-17
4.830600E+03	6.409355E-16	4.708205E-17
4.830900E+03	6.405921E-16	4.705632E-17
4.831200E+03	6.402638E-16	4.703169E-17
4.831500E+03	6.405695E-16	4.705364E-17
4.831900E+03	6.408789E-16	4.707569E-17
4.832200E+03	6.407716E-16	4.706730E-17
4.832500E+03	6.409595E-16	4.708060E-17
4.832800E+03	6.412360E-16	4.710040E-17
4.833200E+03	6.409699E-16	4.708017E-17
4.833500E+03	6.413350E-16	4.710648E-17
4.833800E+03	6.413458E-16	4.710676E-17
4.834100E+03	6.411941E-16	4.709511E-17
4.834500E+03	6.413267E-16	4.710417E-17
4.834800E+03	6.411308E-16	4.708928E-17
4.835100E+03	6.411120E-16	4.708739E-17
4.835400E+03	6.407982E-16	4.706382E-17
4.835800E+03	6.409748E-16	4.707612E-17
4.836100E+03	6.408528E-16	4.706665E-17
4.836400E+03	6.404948E-16	4.703985E-17
4.836700E+03	6.406088E-16	4.704771E-17
4.837100E+03	6.405790E-16	4.704484E-17
4.837300E+03	6.408960E-16	4.706778E-17
4.837600E+03	6.412168E-16	4.709083E-17
4.837900E+03	6.411390E-16	4.708461E-17
4.838300E+03	6.408435E-16	4.706222E-17
4.838600E+03	6.405740E-16	4.704192E-17
4.838900E+03	6.407175E-16	4.705195E-17
4.839200E+03	6.406841E-16	4.704899E-17
4.839600E+03	6.409198E-16	4.706562E-17
4.839900E+03	6.410044E-16	4.707132E-17
4.840200E+03	6.412367E-16	4.708786E-17
4.840500E+03	6.411146E-16	4.707838E-17
4.840900E+03	6.413357E-16	4.709394E-17
4.841200E+03	6.411398E-16	4.707904E-17
4.841500E+03	6.408702E-16	4.705873E-17
4.841900E+03	6.409289E-16	4.706236E-17
4.842200E+03	6.412202E-16	4.708324E-17
4.842500E+03	6.413786E-16	4.709436E-17
4.842800E+03	6.410056E-16	4.706646E-17
4.843200E+03	6.411972E-16	4.707984E-17
4.843500E+03	6.411784E-16	4.707795E-17
4.843800E+03	6.408793E-16	4.705548E-17
4.844100E+03	6.406098E-16	4.703518E-17
4.844500E+03	6.408012E-16	4.704855E-17
4.844800E+03	6.407088E-16	4.704125E-17
4.845100E+03	6.406606E-16	4.703719E-17
4.845400E+03	6.408190E-16	4.704831E-17
4.845800E+03	6.409071E-16	4.705410E-17
4.846100E+03	6.411837E-16	4.707389E-17
4.846400E+03	6.413274E-16	4.708393E-17
4.846700E+03	6.414564E-16	4.709288E-17
4.847100E+03	6.415743E-16	4.710085E-17
4.847300E+03	6.418622E-16	4.712165E-17
4.847600E+03	6.417843E-16	4.711542E-17
4.848000E+03	6.417841E-16	4.711471E-17
4.848300E+03	6.419574E-16	4.712692E-17
4.848600E+03	6.418796E-16	4.712069E-17
4.848900E+03	6.418905E-16	4.712098E-17
4.849300E+03	6.418901E-16	4.712026E-17
4.849600E+03	6.415168E-16	4.709234E-17
4.849900E+03	6.415277E-16	4.709263E-17
4.850200E+03	6.413761E-16	4.708098E-17
4.850600E+03	6.412872E-16	4.707377E-17
4.850900E+03	6.409437E-16	4.704804E-17
4.851200E+03	6.407332E-16	4.703207E-17
4.851500E+03	6.406407E-16	4.702477E-17
4.851900E+03	6.402423E-16	4.699484E-17
4.852200E+03	6.403121E-16	4.699944E-17
4.852500E+03	6.403524E-16	4.700189E-17
4.852900E+03	6.404553E-16	4.700876E-17
4.853200E+03	6.403924E-16	4.700362E-17
4.853500E+03	6.402411E-16	4.699200E-17
4.853800E+03	6.399719E-16	4.697173E-17
4.854200E+03	6.400747E-16	4.697859E-17
4.854500E+03	6.399824E-16	4.697130E-17
4.854800E+03	6.398165E-16	4.695860E-17
4.855100E+03	6.398420E-16	4.695996E-17
4.855500E+03	6.399743E-16	4.696898E-17
4.855800E+03	6.396610E-16	4.694547E-17
4.856100E+03	6.396277E-16	4.694251E-17
4.856500E+03	6.397157E-16	4.694829E-17
4.856800E+03	6.393143E-16	4.691831E-17
4.857100E+03	6.390455E-16	4.689807E-17
4.857400E+03	6.384386E-16	4.685301E-17
4.857700E+03	6.383612E-16	4.684681E-17
4.858000E+03	6.380928E-16	4.682660E-17
4.858300E+03	6.378832E-16	4.681071E-17
4.858600E+03	6.378940E-16	4.681099E-17
4.859000E+03	6.379085E-16	4.681136E-17
4.859300E+03	6.378165E-16	4.680409E-17
4.859600E+03	6.377539E-16	4.679898E-17
4.860000E+03	6.374453E-16	4.677565E-17
4.860300E+03	6.374707E-16	4.677700E-17
4.860600E+03	6.375550E-16	4.678267E-17
4.860900E+03	6.372282E-16	4.675817E-17
4.861300E+03	6.373013E-16	4.676285E-17
4.861600E+03	6.370626E-16	4.674482E-17
4.861900E+03	6.368535E-16	4.672896E-17
4.862200E+03	6.368643E-16	4.672924E-17
4.862600E+03	6.366441E-16	4.671239E-17
4.862900E+03	6.367429E-16	4.671912E-17
4.863200E+03	6.366071E-16	4.670864E-17
4.863600E+03	6.360500E-16	4.666708E-17
4.863900E+03	6.357241E-16	4.664265E-17
4.864200E+03	6.353836E-16	4.661716E-17
4.864500E+03	6.347364E-16	4.656916E-17
4.864900E+03	6.347799E-16	4.657166E-17
4.865200E+03	6.347615E-16	4.656980E-17
4.865500E+03	6.348161E-16	4.657329E-17
4.865800E+03	6.350462E-16	4.658966E-17
4.866200E+03	6.345490E-16	4.655249E-17
4.866500E+03	6.341800E-16	4.652490E-17
4.866800E+03	6.341761E-16	4.652410E-17
4.867200E+03	6.335775E-16	4.647950E-17
4.867500E+03	6.339239E-16	4.650440E-17
4.867800E+03	6.335114E-16	4.647362E-17
4.868000E+03	6.331978E-16	4.645027E-17
4.868400E+03	6.329352E-16	4.643032E-17
4.868700E+03	6.324651E-16	4.639533E-17
4.869000E+03	6.321701E-16	4.637317E-17
4.869400E+03	6.317479E-16	4.634151E-17
4.869700E+03	6.314387E-16	4.631832E-17
4.870000E+03	6.311441E-16	4.629619E-17
4.870300E+03	6.310968E-16	4.629220E-17
4.870700E+03	6.309077E-16	4.627765E-17
4.871000E+03	6.307295E-16	4.626407E-17
4.871300E+03	6.305369E-16	4.624943E-17
4.871700E+03	6.303480E-16	4.623488E-17
4.872000E+03	6.297784E-16	4.619259E-17
4.872300E+03	6.294267E-16	4.616628E-17
4.872600E+03	6.294374E-16	4.616656E-17
4.873000E+03	6.291908E-16	4.614778E-17
4.873300E+03	6.290278E-16	4.613531E-17
4.873600E+03	6.290529E-16	4.613664E-17
4.873900E+03	6.289333E-16	4.612735E-17
4.874300E+03	6.289620E-16	4.612877E-17
4.874600E+03	6.289727E-16	4.612904E-17
4.874900E+03	6.287807E-16	4.611445E-17
4.875300E+03	6.288963E-16	4.612224E-17
4.875600E+03	6.289939E-16	4.612889E-17
4.875900E+03	6.285558E-16	4.609624E-17
4.876200E+03	6.283494E-16	4.608059E-17
4.876600E+03	6.282480E-16	4.607247E-17
4.876900E+03	6.280561E-16	4.605788E-17
4.877200E+03	6.279945E-16	4.605285E-17
4.877600E+03	6.278931E-16	4.604473E-17
4.877900E+03	6.277159E-16	4.603122E-17
4.878200E+03	6.272787E-16	4.599864E-17
4.878400E+03	6.270836E-16	4.598399E-17
4.878800E+03	6.265638E-16	4.594519E-17
4.879100E+03	6.266755E-16	4.595287E-17
4.879400E+03	6.260948E-16	4.590977E-17
4.879800E+03	6.260513E-16	4.590590E-17
4.880100E+03	6.255289E-16	4.586708E-17
4.880400E+03	6.247191E-16	4.580719E-17
4.880700E+03	6.245427E-16	4.579375E-17
4.881100E+03	6.244851E-16	4.578883E-17
4.881400E+03	6.242082E-16	4.576802E-17
4.881700E+03	6.237016E-16	4.573036E-17
4.882100E+03	6.234573E-16	4.571177E-17
4.882400E+03	6.232670E-16	4.569730E-17
4.882700E+03	6.231198E-16	4.568600E-17
4.883100E+03	6.226750E-16	4.565270E-17
4.883400E+03	6.221123E-16	4.561094E-17
4.883700E+03	6.219797E-16	4.560070E-17
4.884000E+03	6.218757E-16	4.559257E-17
4.884400E+03	6.215893E-16	4.557089E-17
4.884700E+03	6.213280E-16	4.555122E-17
4.885000E+03	6.210811E-16	4.553261E-17
4.885400E+03	6.205949E-16	4.549628E-17
4.885700E+03	6.203197E-16	4.547560E-17
4.886000E+03	6.202589E-16	4.547063E-17
4.886300E+03	6.199697E-16	4.544891E-17
4.886700E+03	6.194130E-16	4.540742E-17
4.887000E+03	6.192382E-16	4.539410E-17
4.887300E+03	6.186929E-16	4.535361E-17
4.887700E+03	6.184648E-16	4.533622E-17
4.888000E+03	6.177922E-16	4.528640E-17
4.888300E+03	6.171771E-16	4.524080E-17
4.888500E+03	6.167438E-16	4.520870E-17
4.888900E+03	6.165591E-16	4.519448E-17
4.889200E+03	6.160161E-16	4.515417E-17
4.889500E+03	6.155871E-16	4.512222E-17
4.889900E+03	6.151335E-16	4.508829E-17
4.890200E+03	6.152715E-16	4.509790E-17
4.890500E+03	6.148855E-16	4.506909E-17
4.890900E+03	6.146447E-16	4.505077E-17
4.891200E+03	6.142449E-16	4.502096E-17
4.891500E+03	6.138877E-16	4.499427E-17
4.891800E+03	6.130930E-16	4.493552E-17
4.892200E+03	6.127683E-16	4.491104E-17
4.892500E+03	6.124403E-16	4.488649E-17
4.892800E+03	6.121546E-16	4.486505E-17
4.893200E+03	6.119713E-16	4.485093E-17
4.893500E+03	6.113338E-16	4.480371E-17
4.893800E+03	6.109643E-16	4.477613E-17
4.894100E+03	6.106936E-16	4.475578E-17
4.894500E+03	6.102577E-16	4.472315E-17
4.894800E+03	6.098607E-16	4.469356E-17
4.895100E+03	6.099413E-16	4.469896E-17
4.895500E+03	6.091973E-16	4.464376E-17
4.895800E+03	6.094603E-16	4.466253E-17
4.896100E+03	6.089096E-16	4.462167E-17
4.896500E+03	6.087693E-16	4.461071E-17
4.896800E+03	6.082473E-16	4.457196E-17
4.897100E+03	6.080757E-16	4.455887E-17
4.897400E+03	6.078061E-16	4.453862E-17
4.897800E+03	6.072744E-16	4.449898E-17
4.898100E+03	6.072708E-16	4.449821E-17
4.898400E+03	6.068339E-16	4.446569E-17
4.898700E+03	6.068303E-16	4.446493E-17
4.899000E+03	6.065194E-16	4.444164E-17
4.899300E+03	6.064600E-16	4.443678E-17
4.899700E+03	6.065576E-16	4.444326E-17
4.900000E+03	6.066657E-16	4.445068E-17
4.900300E+03	6.061735E-16	4.441411E-17
4.900600E+03	6.059047E-16	4.439391E-17
4.901000E+03	6.060163E-16	4.440141E-17
4.901300E+03	6.059988E-16	4.439963E-17
4.901600E+03	6.060510E-16	4.440295E-17
4.902000E+03	6.063301E-16	4.442272E-17
4.902300E+03	6.059496E-16	4.439434E-17
4.902600E+03	6.057508E-16	4.437927E-17
4.903000E+03	6.053463E-16	4.434896E-17
4.903300E+03	6.052312E-16	4.434003E-17
4.903600E+03	6.049491E-16	4.431885E-17
4.903900E+03	6.046113E-16	4.429360E-17
4.904300E+03	6.046669E-16	4.429700E-17
4.904600E+03	6.046355E-16	4.429420E-17
4.904900E+03	6.043396E-16	4.427202E-17
4.905300E+03	6.043117E-16	4.426930E-17
4.905600E+03	6.042803E-16	4.426650E-17
4.905900E+03	6.038178E-16	4.423211E-17
4.906300E+03	6.036508E-16	4.421921E-17
4.906600E+03	6.036890E-16	4.422150E-17
4.906900E+03	6.036994E-16	4.422175E-17
4.907300E+03	6.035881E-16	4.421293E-17
4.907600E+03	6.032510E-16	4.418773E-17
4.907900E+03	6.032336E-16	4.418595E-17
4.908200E+03	6.034663E-16	4.420249E-17
4.908600E+03	6.037719E-16	4.422421E-17
4.908900E+03	6.039631E-16	4.423770E-17
4.909100E+03	6.039005E-16	4.423278E-17
4.909500E+03	6.043177E-16	4.426266E-17
4.909800E+03	6.046203E-16	4.428432E-17
4.910100E+03	6.054248E-16	4.434274E-17
4.910500E+03	6.058013E-16	4.436963E-17
4.910800E+03	6.055189E-16	4.434844E-17
4.911100E+03	6.053201E-16	4.433338E-17
4.911400E+03	6.050936E-16	4.431628E-17
4.911800E+03	6.047592E-16	4.429112E-17
4.912100E+03	6.046582E-16	4.428321E-17
4.912400E+03	6.042789E-16	4.425492E-17
4.912800E+03	6.039450E-16	4.422979E-17
4.913100E+03	6.036495E-16	4.420764E-17
4.913400E+03	6.033958E-16	4.418856E-17
4.913800E+03	6.031874E-16	4.417262E-17
4.914100E+03	6.030173E-16	4.415966E-17
4.914400E+03	6.028749E-16	4.414872E-17
4.914800E+03	6.027776E-16	4.414092E-17
4.915100E+03	6.026493E-16	4.413102E-17
4.915400E+03	6.022435E-16	4.410079E-17
4.915800E+03	6.021463E-16	4.409300E-17
4.916100E+03	6.018240E-16	4.406889E-17
4.916400E+03	6.017512E-16	4.406306E-17
4.916700E+03	6.015815E-16	4.405012E-17
4.917100E+03	6.016645E-16	4.405553E-17
4.917400E+03	6.012317E-16	4.402333E-17
4.917700E+03	6.008960E-16	4.399824E-17
4.918100E+03	6.008683E-16	4.399554E-17
4.918400E+03	6.005467E-16	4.397148E-17
4.918700E+03	6.005985E-16	4.397478E-17
4.919100E+03	6.004602E-16	4.396397E-17
4.919300E+03	6.005777E-16	4.397224E-17
4.919600E+03	6.005604E-16	4.397046E-17
4.920000E+03	6.004774E-16	4.396371E-17
4.920300E+03	6.001283E-16	4.393764E-17
4.920600E+03	5.997519E-16	4.390958E-17
4.921000E+03	5.991169E-16	4.386241E-17
4.921300E+03	5.988376E-16	4.384146E-17
4.921600E+03	5.986824E-16	4.382960E-17
4.921900E+03	5.983483E-16	4.380463E-17
4.922300E+03	5.977835E-16	4.376261E-17
4.922600E+03	5.976287E-16	4.375077E-17
4.922900E+03	5.974464E-16	4.373692E-17
4.923300E+03	5.972950E-16	4.372517E-17
4.923600E+03	5.970991E-16	4.371032E-17
4.923900E+03	5.969856E-16	4.370151E-17
4.924300E+03	5.969306E-16	4.369681E-17
4.924600E+03	5.965425E-16	4.366789E-17
4.924900E+03	5.962781E-16	4.364803E-17
4.925300E+03	5.962780E-16	4.364735E-17
4.925600E+03	5.967141E-16	4.367877E-17
4.925900E+03	5.967106E-16	4.367801E-17
4.926300E+03	5.963810E-16	4.365320E-17
4.926600E+03	5.964325E-16	4.365647E-17
4.926900E+03	5.962780E-16	4.364465E-17
4.927300E+03	5.957427E-16	4.360480E-17
4.927600E+03	5.955472E-16	4.358999E-17
4.927900E+03	5.950915E-16	4.355612E-17
4.928300E+03	5.948312E-16	4.353640E-17
4.928600E+03	5.945949E-16	4.351860E-17
4.928900E+03	5.938663E-16	4.346477E-17
4.929200E+03	5.935485E-16	4.344100E-17
4.929600E+03	5.932889E-16	4.342133E-17
4.929800E+03	5.929405E-16	4.339550E-17
4.930100E+03	5.932377E-16	4.341674E-17
4.930500E+03	5.925004E-16	4.336212E-17
4.930800E+03	5.924697E-16	4.335937E-17
4.931100E+03	5.922617E-16	4.334364E-17
4.931500E+03	5.918664E-16	4.331404E-17
4.931800E+03	5.922719E-16	4.334321E-17
4.932100E+03	5.919004E-16	4.331552E-17
4.932500E+03	5.920913E-16	4.332881E-17
4.932800E+03	5.921424E-16	4.333205E-17
4.933100E+03	5.919754E-16	4.331933E-17
4.933500E+03	5.918118E-16	4.330668E-17
4.933800E+03	5.911683E-16	4.325909E-17
4.934100E+03	5.909200E-16	4.324041E-17
4.934500E+03	5.906207E-16	4.321784E-17
4.934800E+03	5.903047E-16	4.319421E-17
4.935100E+03	5.905732E-16	4.321336E-17
4.935500E+03	5.906411E-16	4.321766E-17
4.935800E+03	5.907602E-16	4.322587E-17
4.936100E+03	5.906751E-16	4.321914E-17
4.936500E+03	5.903896E-16	4.319758E-17
4.936800E+03	5.897069E-16	4.314712E-17
4.937100E+03	5.893506E-16	4.312054E-17
4.937500E+03	5.889844E-16	4.309308E-17
4.937800E+03	5.885607E-16	4.306158E-17
4.938100E+03	5.880697E-16	4.302515E-17
4.938500E+03	5.878936E-16	4.301160E-17
4.938800E+03	5.872950E-16	4.296730E-17
4.939100E+03	5.870753E-16	4.295073E-17
4.939500E+03	5.867915E-16	4.292930E-17
4.939800E+03	5.865045E-16	4.290780E-17
4.940000E+03	5.864438E-16	4.290302E-17
4.940300E+03	5.861434E-16	4.288054E-17
4.940700E+03	5.859950E-16	4.286901E-17
4.941000E+03	5.857218E-16	4.284853E-17
4.941300E+03	5.852466E-16	4.281327E-17
4.941700E+03	5.853140E-16	4.281753E-17
4.942000E+03	5.852837E-16	4.281481E-17
4.942300E+03	5.847146E-16	4.277268E-17
4.942700E+03	5.846204E-16	4.276512E-17
4.943000E+03	5.837159E-16	4.269846E-17
4.943300E+03	5.833095E-16	4.266823E-17
4.943700E+03	5.826250E-16	4.261749E-17
4.944000E+03	5.825143E-16	4.260889E-17
4.944300E+03	5.819077E-16	4.256402E-17
4.944700E+03	5.815327E-16	4.253593E-17
4.945000E+03	5.810609E-16	4.250092E-17
4.945300E+03	5.807099E-16	4.247474E-17
4.945700E+03	5.802153E-16	4.243791E-17
4.946000E+03	5.796512E-16	4.239615E-17
4.946300E+03	5.794611E-16	4.238174E-17
4.946700E+03	5.794611E-16	4.238108E-17
4.947000E+03	5.793244E-16	4.237058E-17
4.947300E+03	5.792011E-16	4.236107E-17
4.947700E+03	5.784015E-16	4.230193E-17
4.948000E+03	5.780786E-16	4.227781E-17
4.948300E+03	5.777028E-16	4.224983E-17
4.948700E+03	5.777561E-16	4.225306E-17
4.949000E+03	5.772607E-16	4.221634E-17
4.949300E+03	5.770316E-16	4.219908E-17
4.949700E+03	5.770184E-16	4.219745E-17
4.950000E+03	5.768557E-16	4.218506E-17
4.950200E+03	5.768225E-16	4.218230E-17
4.950600E+03	5.765172E-16	4.215931E-17
4.950900E+03	5.763679E-16	4.214790E-17
4.951200E+03	5.762850E-16	4.214134E-17
4.951600E+03	5.757147E-16	4.209897E-17
4.951900E+03	5.751814E-16	4.205948E-17
4.952200E+03	5.746222E-16	4.201809E-17
4.952600E+03	5.746619E-16	4.202034E-17
4.952900E+03	5.747381E-16	4.202541E-17
4.953200E+03	5.746554E-16	4.201887E-17
4.953600E+03	5.741000E-16	4.197760E-17
4.953900E+03	5.743481E-16	4.199524E-17
4.954200E+03	5.743051E-16	4.199160E-17
4.954600E+03	5.741730E-16	4.198128E-17
4.954900E+03	5.738261E-16	4.195542E-17
4.955200E+03	5.738096E-16	4.195371E-17
4.955600E+03	5.735587E-16	4.193471E-17
4.955900E+03	5.728163E-16	4.187994E-17
4.956200E+03	5.728791E-16	4.188403E-17
4.956600E+03	5.727473E-16	4.187373E-17
4.956900E+03	5.727836E-16	4.187589E-17
4.957200E+03	5.727012E-16	4.186937E-17
4.957600E+03	5.726354E-16	4.186390E-17
4.957900E+03	5.726189E-16	4.186220E-17
4.958300E+03	5.721182E-16	4.182493E-17
4.958600E+03	5.720360E-16	4.181843E-17
4.958900E+03	5.716246E-16	4.178786E-17
4.959300E+03	5.711773E-16	4.175450E-17
4.959600E+03	5.713188E-16	4.176434E-17
4.959900E+03	5.711841E-16	4.175400E-17
4.960300E+03	5.708686E-16	4.173027E-17
4.960500E+03	5.707569E-16	4.172178E-17
4.960800E+03	5.706223E-16	4.171144E-17
4.961200E+03	5.701759E-16	4.167815E-17
4.961500E+03	5.701988E-16	4.167934E-17
4.961800E+03	5.698938E-16	4.165654E-17
4.962200E+03	5.698938E-16	4.165589E-17
4.962500E+03	5.697463E-16	4.164461E-17
4.962800E+03	5.696513E-16	4.163717E-17
4.963200E+03	5.698482E-16	4.165090E-17
4.963500E+03	5.690452E-16	4.159171E-17
4.963800E+03	5.687930E-16	4.157279E-17
4.964200E+03	5.683349E-16	4.153865E-17
4.964500E+03	5.680570E-16	4.151784E-17
4.964800E+03	5.678054E-16	4.149895E-17
4.965200E+03	5.675441E-16	4.147919E-17
4.965500E+03	5.670706E-16	4.144410E-17
4.965800E+03	5.671327E-16	4.144814E-17
4.966200E+03	5.670545E-16	4.144177E-17
4.966500E+03	5.670905E-16	4.144390E-17
4.966800E+03	5.669045E-16	4.142982E-17
4.967200E+03	5.665783E-16	4.140532E-17
4.967500E+03	5.663404E-16	4.138744E-17
4.967800E+03	5.662590E-16	4.138100E-17
4.968200E+03	5.661157E-16	4.136986E-17
4.968500E+03	5.660865E-16	4.136724E-17
4.968800E+03	5.661354E-16	4.137032E-17
4.969200E+03	5.658749E-16	4.135062E-17
4.969500E+03	5.658979E-16	4.135181E-17
4.969900E+03	5.656244E-16	4.133116E-17
4.970200E+03	5.657515E-16	4.133996E-17
4.970500E+03	5.656441E-16	4.133162E-17
4.970800E+03	5.658624E-16	4.134707E-17
4.971100E+03	5.654946E-16	4.131970E-17
4.971400E+03	5.652831E-16	4.130375E-17
4.971800E+03	5.655045E-16	4.131927E-17
4.972100E+03	5.654884E-16	4.131760E-17
4.972400E+03	5.656805E-16	4.133114E-17
4.972800E+03	5.657067E-16	4.133239E-17
4.973100E+03	5.656644E-16	4.132881E-17
4.973400E+03	5.654529E-16	4.131286E-17
4.973800E+03	5.651538E-16	4.129034E-17
4.974100E+03	5.651376E-16	4.128867E-17
4.974400E+03	5.653557E-16	4.130411E-17
4.974800E+03	5.657856E-16	4.133485E-17
4.975100E+03	5.656782E-16	4.132651E-17
4.975400E+03	5.660659E-16	4.135434E-17
4.975800E+03	5.658576E-16	4.133846E-17
4.976100E+03	5.657111E-16	4.132726E-17
4.976500E+03	5.653597E-16	4.130092E-17
4.976800E+03	5.653045E-16	4.129640E-17
4.977100E+03	5.650801E-16	4.127951E-17
4.977500E+03	5.651062E-16	4.128075E-17
4.977800E+03	5.652983E-16	4.129429E-17
4.978100E+03	5.651000E-16	4.127931E-17
4.978500E+03	5.656990E-16	4.132240E-17
4.978800E+03	5.656828E-16	4.132072E-17
4.979100E+03	5.661357E-16	4.135330E-17
4.979500E+03	5.661489E-16	4.135360E-17
4.979800E+03	5.657027E-16	4.132052E-17
4.980100E+03	5.658298E-16	4.132930E-17
4.980500E+03	5.656477E-16	4.131534E-17
4.980800E+03	5.656315E-16	4.131366E-17
4.981000E+03	5.659246E-16	4.133473E-17
4.981400E+03	5.661073E-16	4.134741E-17
4.981700E+03	5.663649E-16	4.136573E-17
4.982100E+03	5.666129E-16	4.138318E-17
4.982400E+03	5.663880E-16	4.136625E-17
4.982700E+03	5.663979E-16	4.136647E-17
4.983100E+03	5.663329E-16	4.136106E-17
4.983400E+03	5.664602E-16	4.136985E-17
4.983700E+03	5.663788E-16	4.136341E-17
4.984100E+03	5.665485E-16	4.137514E-17
4.984400E+03	5.664802E-16	4.136965E-17
4.984700E+03	5.661120E-16	4.134226E-17
4.985100E+03	5.662946E-16	4.135493E-17
4.985400E+03	5.664740E-16	4.136753E-17
4.985700E+03	5.665101E-16	4.136967E-17
4.986100E+03	5.669670E-16	4.140237E-17
4.986400E+03	5.673296E-16	4.142834E-17
4.986800E+03	5.673167E-16	4.142673E-17
4.987100E+03	5.676402E-16	4.144985E-17
4.987400E+03	5.677939E-16	4.146057E-17
4.987800E+03	5.679380E-16	4.147042E-17
4.988100E+03	5.678694E-16	4.146491E-17
4.988400E+03	5.680493E-16	4.147755E-17
4.988800E+03	5.679842E-16	4.147212E-17
4.989100E+03	5.686615E-16	4.152107E-17
4.989400E+03	5.684227E-16	4.150314E-17
4.989800E+03	5.681743E-16	4.148433E-17
4.990100E+03	5.682235E-16	4.148741E-17
4.990500E+03	5.680275E-16	4.147243E-17
4.990800E+03	5.684038E-16	4.149940E-17
4.991100E+03	5.685316E-16	4.150823E-17
4.991400E+03	5.687903E-16	4.152661E-17
4.991700E+03	5.692719E-16	4.156127E-17
4.992000E+03	5.695835E-16	4.158351E-17
4.992400E+03	5.699117E-16	4.160680E-17
4.992700E+03	5.699347E-16	4.160797E-17
4.993000E+03	5.700366E-16	4.161491E-17
4.993400E+03	5.705227E-16	4.164972E-17
4.993700E+03	5.705327E-16	4.164994E-17
4.994100E+03	5.706643E-16	4.165887E-17
4.994400E+03	5.703590E-16	4.163607E-17
4.994700E+03	5.704347E-16	4.164110E-17
4.995100E+03	5.706714E-16	4.165770E-17
4.995400E+03	5.709180E-16	4.167519E-17
4.995700E+03	5.713751E-16	4.170805E-17
4.996100E+03	5.716122E-16	4.172468E-17
4.996400E+03	5.716617E-16	4.172779E-17
4.996700E+03	5.720009E-16	4.175204E-17
4.997100E+03	5.723173E-16	4.177445E-17
4.997400E+03	5.726437E-16	4.179777E-17
4.997800E+03	5.730001E-16	4.182309E-17
4.998100E+03	5.731553E-16	4.183391E-17
4.998400E+03	5.733766E-16	4.184955E-17
4.998800E+03	5.734692E-16	4.185563E-17
4.999100E+03	5.735849E-16	4.186357E-17
4.999400E+03	5.736478E-16	4.186764E-17
4.999800E+03	5.740444E-16	4.189591E-17
5.000100E+03	5.740149E-16	4.189324E-17
5.000400E+03	5.739324E-16	4.188671E-17
5.000800E+03	5.743160E-16	4.191402E-17
5.001100E+03	5.746039E-16	4.193452E-17
5.001500E+03	5.750276E-16	4.196476E-17
5.001700E+03	5.746770E-16	4.193883E-17
5.002000E+03	5.745151E-16	4.192650E-17
5.002400E+03	5.743698E-16	4.191521E-17
5.002700E+03	5.743403E-16	4.191254E-17
5.003000E+03	5.740331E-16	4.188961E-17
5.003400E+03	5.738086E-16	4.187255E-17
5.003700E+03	5.738451E-16	4.187470E-17
5.004100E+03	5.736472E-16	4.185957E-17
5.004400E+03	5.733668E-16	4.183860E-17
5.004700E+03	5.729149E-16	4.180511E-17
5.005100E+03	5.725591E-16	4.177847E-17
5.005400E+03	5.723583E-16	4.176330E-17
5.005700E+03	5.725661E-16	4.177795E-17
5.006100E+03	5.726981E-16	4.178690E-17
5.006400E+03	5.727082E-16	4.178712E-17
5.006800E+03	5.727481E-16	4.178935E-17
5.007100E+03	5.723626E-16	4.176071E-17
5.007400E+03	5.720170E-16	4.173498E-17
5.007800E+03	5.723730E-16	4.176026E-17
5.008100E+03	5.724753E-16	4.176722E-17
5.008400E+03	5.724458E-16	4.176455E-17
5.008800E+03	5.732770E-16	4.182451E-17
5.009100E+03	5.733268E-16	4.182762E-17
5.009400E+03	5.739709E-16	4.187410E-17
5.009800E+03	5.743281E-16	4.189947E-17
5.010100E+03	5.747086E-16	4.192672E-17
5.010500E+03	5.746295E-16	4.192026E-17
5.010800E+03	5.745867E-16	4.191662E-17
5.011100E+03	5.743984E-16	4.190236E-17
5.011500E+03	5.743722E-16	4.189977E-17
5.011800E+03	5.746469E-16	4.191929E-17
5.012000E+03	5.748124E-16	4.193101E-17
5.012400E+03	5.745613E-16	4.191201E-17
5.012700E+03	5.746904E-16	4.192091E-17
5.013100E+03	5.744262E-16	4.190095E-17
5.013400E+03	5.745818E-16	4.191178E-17
5.013700E+03	5.742348E-16	4.188595E-17
5.014100E+03	5.743144E-16	4.189107E-17
5.014400E+03	5.746023E-16	4.191155E-17
5.014800E+03	5.745629E-16	4.190799E-17
5.015100E+03	5.743878E-16	4.189470E-17
5.015400E+03	5.743715E-16	4.189299E-17
5.015800E+03	5.748481E-16	4.192706E-17
5.016100E+03	5.747788E-16	4.192149E-17
5.016400E+03	5.745507E-16	4.190433E-17
5.016800E+03	5.748289E-16	4.192393E-17
5.017100E+03	5.743231E-16	4.188652E-17
5.017500E+03	5.744159E-16	4.189260E-17
5.017800E+03	5.746113E-16	4.190633E-17
5.018100E+03	5.748464E-16	4.192295E-17
5.018500E+03	5.751512E-16	4.194449E-17
5.018800E+03	5.747112E-16	4.191189E-17
5.019100E+03	5.745494E-16	4.189956E-17
5.019500E+03	5.747349E-16	4.191240E-17
5.019800E+03	5.747186E-16	4.191069E-17
5.020200E+03	5.748248E-16	4.191774E-17
5.020500E+03	5.749408E-16	4.192568E-17
5.020800E+03	5.754145E-16	4.195970E-17
5.021200E+03	5.752028E-16	4.194357E-17
5.021500E+03	5.757828E-16	4.198535E-17
5.021800E+03	5.757664E-16	4.198363E-17
5.022100E+03	5.756043E-16	4.197128E-17
5.022400E+03	5.754421E-16	4.195894E-17
5.022800E+03	5.756545E-16	4.197373E-17
5.023100E+03	5.755719E-16	4.196719E-17
5.023400E+03	5.752244E-16	4.194132E-17
5.023800E+03	5.749731E-16	4.192230E-17
5.024100E+03	5.748376E-16	4.191190E-17
5.024500E+03	5.752616E-16	4.194213E-17
5.024800E+03	5.754705E-16	4.195683E-17
5.025100E+03	5.756927E-16	4.197251E-17
5.025500E+03	5.753485E-16	4.194672E-17
5.025800E+03	5.757695E-16	4.197689E-17
5.026100E+03	5.752761E-16	4.194039E-17
5.026500E+03	5.751175E-16	4.192813E-17
5.026800E+03	5.752468E-16	4.193704E-17
5.027200E+03	5.754723E-16	4.195278E-17
5.027500E+03	5.754692E-16	4.195203E-17
5.027800E+03	5.755854E-16	4.195998E-17
5.028200E+03	5.756521E-16	4.196414E-17
5.028500E+03	5.760733E-16	4.199433E-17
5.028900E+03	5.756096E-16	4.195982E-17
5.029200E+03	5.755269E-16	4.195327E-17
5.029500E+03	5.753384E-16	4.193901E-17
5.029900E+03	5.754977E-16	4.194992E-17
5.030200E+03	5.757066E-16	4.196463E-17
5.030600E+03	5.754552E-16	4.194560E-17
5.030900E+03	5.755051E-16	4.194871E-17
5.031200E+03	5.752504E-16	4.192962E-17
5.031600E+03	5.748799E-16	4.190192E-17
5.031900E+03	5.747313E-16	4.189056E-17
5.032200E+03	5.751651E-16	4.192165E-17
5.032500E+03	5.755330E-16	4.194794E-17
5.032800E+03	5.751722E-16	4.192112E-17
5.033200E+03	5.751063E-16	4.191562E-17
5.033500E+03	5.751032E-16	4.191487E-17
5.033800E+03	5.751267E-16	4.191606E-17
5.034200E+03	5.752727E-16	4.192600E-17
5.034500E+03	5.752961E-16	4.192718E-17
5.034900E+03	5.755879E-16	4.194774E-17
5.035200E+03	5.756247E-16	4.194990E-17
5.035500E+03	5.758337E-16	4.196460E-17
5.035900E+03	5.758606E-16	4.196585E-17
5.036200E+03	5.754599E-16	4.193613E-17
5.036600E+03	5.753940E-16	4.193062E-17
5.036900E+03	5.756294E-16	4.194726E-17
5.037200E+03	5.758650E-16	4.196389E-17
5.037600E+03	5.761041E-16	4.198062E-17
5.037900E+03	5.763664E-16	4.199920E-17
5.038300E+03	5.766721E-16	4.202077E-17
5.038600E+03	5.766026E-16	4.201518E-17
5.038900E+03	5.769980E-16	4.204347E-17
5.039300E+03	5.771312E-16	4.205247E-17
5.039600E+03	5.772876E-16	4.206333E-17
5.039900E+03	5.774973E-16	4.207808E-17
5.040300E+03	5.774977E-16	4.207740E-17
5.040600E+03	5.773484E-16	4.206599E-17
5.041000E+03	5.769900E-16	4.203917E-17
5.041300E+03	5.770267E-16	4.204132E-17
5.041600E+03	5.766784E-16	4.201541E-17
5.042000E+03	5.764530E-16	4.199829E-17
5.042300E+03	5.763438E-16	4.198980E-17
5.042700E+03	5.761584E-16	4.197559E-17
5.042900E+03	5.761122E-16	4.197186E-17
5.043200E+03	5.760826E-16	4.196918E-17
5.043600E+03	5.758177E-16	4.194918E-17
5.043900E+03	5.759340E-16	4.195712E-17
5.044300E+03	5.759609E-16	4.195838E-17
5.044600E+03	5.758915E-16	4.195279E-17
5.044900E+03	5.759814E-16	4.195881E-17
5.045300E+03	5.762338E-16	4.197649E-17
5.045600E+03	5.763103E-16	4.198153E-17
5.046000E+03	5.762710E-16	4.197796E-17
5.046300E+03	5.769450E-16	4.202652E-17
5.046600E+03	5.769287E-16	4.202481E-17
5.047000E+03	5.767033E-16	4.200768E-17
5.047300E+03	5.763683E-16	4.198275E-17
5.047700E+03	5.761432E-16	4.196564E-17
5.048000E+03	5.761799E-16	4.196778E-17
5.048300E+03	5.761239E-16	4.196317E-17
5.048700E+03	5.761905E-16	4.196732E-17
5.049000E+03	5.766521E-16	4.200040E-17
5.049400E+03	5.765595E-16	4.199295E-17
5.049700E+03	5.760920E-16	4.195837E-17
5.050000E+03	5.761022E-16	4.195858E-17
5.050400E+03	5.763149E-16	4.197336E-17
5.050700E+03	5.764579E-16	4.198324E-17
5.051100E+03	5.761929E-16	4.196323E-17
5.051400E+03	5.761766E-16	4.196151E-17
5.051700E+03	5.760807E-16	4.195400E-17
5.052100E+03	5.763996E-16	4.197651E-17
5.052400E+03	5.762505E-16	4.196512E-17
5.052800E+03	5.763040E-16	4.196830E-17
5.053000E+03	5.766693E-16	4.199455E-17
5.053300E+03	5.767194E-16	4.199766E-17
5.053700E+03	5.767596E-16	4.199988E-17
5.054000E+03	5.763450E-16	4.196916E-17
5.054400E+03	5.760403E-16	4.194626E-17
5.054700E+03	5.759047E-16	4.193584E-17
5.055000E+03	5.755305E-16	4.190806E-17
5.055400E+03	5.755972E-16	4.191221E-17
5.055700E+03	5.754351E-16	4.189988E-17
5.056100E+03	5.753428E-16	4.189244E-17
5.056400E+03	5.754856E-16	4.190230E-17
5.056800E+03	5.752872E-16	4.188715E-17
5.057100E+03	5.750458E-16	4.186904E-17
5.057400E+03	5.749899E-16	4.186443E-17
5.057800E+03	5.746726E-16	4.184062E-17
5.058100E+03	5.746961E-16	4.184180E-17
5.058500E+03	5.750804E-16	4.186907E-17
5.058800E+03	5.753688E-16	4.188953E-17
5.059100E+03	5.753791E-16	4.188974E-17
5.059500E+03	5.754457E-16	4.189388E-17
5.059800E+03	5.754294E-16	4.189216E-17
5.060200E+03	5.751781E-16	4.187315E-17
5.060500E+03	5.750824E-16	4.186565E-17
5.060800E+03	5.749603E-16	4.185622E-17
5.061200E+03	5.751461E-16	4.186904E-17
5.061500E+03	5.756068E-16	4.190204E-17
5.061900E+03	5.753555E-16	4.188303E-17
5.062200E+03	5.755512E-16	4.189674E-17
5.062500E+03	5.750846E-16	4.186224E-17
5.062900E+03	5.752174E-16	4.187119E-17
5.063200E+03	5.752940E-16	4.187623E-17
5.063500E+03	5.754632E-16	4.188801E-17
5.063800E+03	5.758446E-16	4.191524E-17
5.064200E+03	5.762031E-16	4.194061E-17
5.064500E+03	5.762798E-16	4.194566E-17
5.064800E+03	5.761175E-16	4.193331E-17
5.065200E+03	5.761446E-16	4.193456E-17
5.065500E+03	5.759691E-16	4.192125E-17
5.065900E+03	5.760491E-16	4.192636E-17
5.066200E+03	5.760197E-16	4.192368E-17
5.066500E+03	5.761228E-16	4.193064E-17
5.066900E+03	5.758977E-16	4.191354E-17
5.067200E+03	5.758019E-16	4.190603E-17
5.067600E+03	5.759217E-16	4.191403E-17
5.067900E+03	5.756404E-16	4.189302E-17
5.068200E+03	5.755711E-16	4.188744E-17
5.068600E+03	5.754125E-16	4.187518E-17
5.068900E+03	5.750387E-16	4.184744E-17
5.069300E+03	5.748273E-16	4.183134E-17
5.069600E+03	5.747714E-16	4.182673E-17
5.070000E+03	5.745998E-16	4.181353E-17
5.070300E+03	5.745836E-16	4.181181E-17
5.070600E+03	5.742236E-16	4.178508E-17
5.071000E+03	5.739068E-16	4.176131E-17
5.071300E+03	5.736396E-16	4.174133E-17
5.071700E+03	5.734024E-16	4.172335E-17
5.072000E+03	5.730958E-16	4.170050E-17
5.072300E+03	5.728158E-16	4.167959E-17
5.072700E+03	5.724470E-16	4.165204E-17
5.073000E+03	5.722200E-16	4.163499E-17
5.073400E+03	5.718912E-16	4.161035E-17
5.073600E+03	5.717795E-16	4.160186E-17
5.074000E+03	5.713457E-16	4.156959E-17
5.074300E+03	5.713164E-16	4.156692E-17
5.074600E+03	5.711952E-16	4.155756E-17
5.075000E+03	5.714060E-16	4.157219E-17
5.075300E+03	5.710874E-16	4.154847E-17
5.075700E+03	5.709827E-16	4.154014E-17
5.076000E+03	5.711113E-16	4.154895E-17
5.076300E+03	5.710294E-16	4.154246E-17
5.076700E+03	5.709642E-16	4.153700E-17
5.077000E+03	5.711322E-16	4.154868E-17
5.077400E+03	5.712247E-16	4.155470E-17
5.077700E+03	5.712087E-16	4.155299E-17
5.078100E+03	5.713011E-16	4.155900E-17
5.078400E+03	5.711799E-16	4.154964E-17
5.078700E+03	5.711507E-16	4.154698E-17
5.079100E+03	5.710459E-16	4.153864E-17
5.079400E+03	5.707144E-16	4.151399E-17
5.079800E+03	5.704521E-16	4.149419E-17
5.080100E+03	5.704755E-16	4.149536E-17
5.080500E+03	5.702789E-16	4.148034E-17
5.080800E+03	5.700660E-16	4.146431E-17
5.081100E+03	5.700236E-16	4.146070E-17
5.081500E+03	5.698798E-16	4.144952E-17
5.081800E+03	5.693915E-16	4.141347E-17
5.082200E+03	5.694707E-16	4.141851E-17
5.082500E+03	5.696645E-16	4.143207E-17
5.082800E+03	5.693075E-16	4.140557E-17
5.083200E+03	5.692294E-16	4.139917E-17
5.083500E+03	5.690168E-16	4.138317E-17
5.083800E+03	5.689484E-16	4.137765E-17
5.084100E+03	5.688145E-16	4.136738E-17
5.084500E+03	5.686709E-16	4.135622E-17
5.084800E+03	5.685502E-16	4.134691E-17
5.085100E+03	5.684556E-16	4.133949E-17
5.085500E+03	5.681944E-16	4.131978E-17
5.085800E+03	5.679823E-16	4.130381E-17
5.086200E+03	5.675514E-16	4.127176E-17
5.086500E+03	5.677184E-16	4.128337E-17
5.086900E+03	5.673791E-16	4.125798E-17
5.087200E+03	5.675853E-16	4.127243E-17
5.087500E+03	5.672296E-16	4.124604E-17
5.087900E+03	5.676613E-16	4.127670E-17
5.088200E+03	5.675408E-16	4.126740E-17
5.088600E+03	5.674629E-16	4.126102E-17
5.088900E+03	5.673032E-16	4.124888E-17
5.089300E+03	5.673038E-16	4.124820E-17
5.089600E+03	5.675229E-16	4.126359E-17
5.089900E+03	5.674286E-16	4.125619E-17
5.090300E+03	5.670112E-16	4.122513E-17
5.090600E+03	5.669952E-16	4.122343E-17
5.091000E+03	5.671785E-16	4.123604E-17
5.091300E+03	5.669798E-16	4.122105E-17
5.091700E+03	5.671370E-16	4.123176E-17
5.092000E+03	5.666903E-16	4.119875E-17
5.092300E+03	5.664656E-16	4.118188E-17
5.092700E+03	5.662184E-16	4.116319E-17
5.093000E+03	5.662025E-16	4.116149E-17
5.093400E+03	5.663204E-16	4.116934E-17
5.093700E+03	5.664218E-16	4.117618E-17
5.094100E+03	5.666311E-16	4.119067E-17
5.094300E+03	5.663509E-16	4.116995E-17
5.094600E+03	5.668307E-16	4.120428E-17
5.095000E+03	5.668051E-16	4.120170E-17
5.095300E+03	5.669198E-16	4.120950E-17
5.095700E+03	5.665679E-16	4.118320E-17
5.096000E+03	5.662129E-16	4.115686E-17
5.096400E+03	5.661743E-16	4.115333E-17
5.096700E+03	5.664193E-16	4.117060E-17
5.097000E+03	5.663642E-16	4.116606E-17
5.097400E+03	5.660649E-16	4.114358E-17
5.097700E+03	5.662184E-16	4.115420E-17
5.098100E+03	5.658020E-16	4.112321E-17
5.098400E+03	5.654084E-16	4.109406E-17
5.098800E+03	5.652918E-16	4.108487E-17
5.099100E+03	5.651197E-16	4.107182E-17
5.099500E+03	5.652374E-16	4.107966E-17
5.099800E+03	5.651824E-16	4.107512E-17
5.100100E+03	5.649324E-16	4.105641E-17
5.100500E+03	5.648549E-16	4.105006E-17
5.100800E+03	5.646960E-16	4.103797E-17
5.101200E+03	5.643196E-16	4.100989E-17
5.101500E+03	5.644077E-16	4.101576E-17
5.101900E+03	5.642393E-16	4.100280E-17
5.102200E+03	5.640936E-16	4.099167E-17
5.102500E+03	5.641817E-16	4.099753E-17
5.102900E+03	5.638446E-16	4.097232E-17
5.103200E+03	5.637639E-16	4.096591E-17
5.103600E+03	5.636346E-16	4.095580E-17
5.103900E+03	5.635020E-16	4.094563E-17
5.104300E+03	5.636064E-16	4.095249E-17
5.104500E+03	5.638598E-16	4.097054E-17
5.104800E+03	5.632989E-16	4.092925E-17
5.105200E+03	5.629105E-16	4.090031E-17
5.105500E+03	5.629596E-16	4.090333E-17
5.105900E+03	5.629471E-16	4.090171E-17
5.106200E+03	5.625296E-16	4.087083E-17
5.106600E+03	5.625043E-16	4.086827E-17
5.106900E+03	5.620613E-16	4.083555E-17
5.107300E+03	5.619324E-16	4.082546E-17
5.107600E+03	5.620332E-16	4.083225E-17
5.107900E+03	5.619527E-16	4.082586E-17
5.108300E+03	5.617592E-16	4.081108E-17
5.108600E+03	5.616012E-16	4.079907E-17
5.109000E+03	5.612915E-16	4.077584E-17
5.109300E+03	5.613921E-16	4.078261E-17
5.109700E+03	5.613280E-16	4.077723E-17
5.110000E+03	5.613123E-16	4.077556E-17
5.110400E+03	5.615068E-16	4.078896E-17
5.110700E+03	5.617497E-16	4.080607E-17
5.111000E+03	5.617727E-16	4.080720E-17
5.111400E+03	5.617862E-16	4.080746E-17
5.111700E+03	5.614343E-16	4.078135E-17
5.112100E+03	5.615900E-16	4.079194E-17
5.112400E+03	5.614967E-16	4.078462E-17
5.112800E+03	5.615619E-16	4.078864E-17
5.113100E+03	5.614427E-16	4.077944E-17
5.113500E+03	5.611848E-16	4.075999E-17
5.113800E+03	5.613371E-16	4.077051E-17
5.114100E+03	5.610500E-16	4.074911E-17
5.114500E+03	5.608568E-16	4.073436E-17
5.114700E+03	5.606700E-16	4.072043E-17
5.115100E+03	5.607221E-16	4.072349E-17
5.115400E+03	5.604225E-16	4.070119E-17
5.115800E+03	5.602940E-16	4.069114E-17
5.116100E+03	5.600461E-16	4.067260E-17
5.116500E+03	5.600338E-16	4.067098E-17
5.116800E+03	5.597990E-16	4.065339E-17
5.117100E+03	5.596416E-16	4.064141E-17
5.117500E+03	5.595907E-16	4.063699E-17
5.117800E+03	5.594591E-16	4.062690E-17
5.118200E+03	5.595885E-16	4.063557E-17
5.118500E+03	5.592250E-16	4.060863E-17
5.118900E+03	5.590582E-16	4.059580E-17
5.119200E+03	5.592485E-16	4.060908E-17
5.119600E+03	5.592234E-16	4.060654E-17
5.119900E+03	5.591821E-16	4.060299E-17
5.120200E+03	5.591278E-16	4.059851E-17
5.120600E+03	5.594503E-16	4.062121E-17
5.120900E+03	5.598728E-16	4.065134E-17
5.121300E+03	5.597831E-16	4.064410E-17
5.121600E+03	5.593165E-16	4.060968E-17
5.122000E+03	5.593816E-16	4.061368E-17
5.122300E+03	5.593659E-16	4.061200E-17
5.122700E+03	5.594695E-16	4.061880E-17
5.123000E+03	5.592349E-16	4.060123E-17
5.123400E+03	5.589909E-16	4.058279E-17
5.123700E+03	5.591941E-16	4.059700E-17
5.124000E+03	5.592558E-16	4.060093E-17
5.124400E+03	5.592177E-16	4.059744E-17
5.124700E+03	5.593566E-16	4.060698E-17
5.125000E+03	5.594311E-16	4.061185E-17
5.125300E+03	5.593512E-16	4.060550E-17
5.125700E+03	5.593131E-16	4.060201E-17
5.126000E+03	5.592074E-16	4.059379E-17
5.126400E+03	5.593625E-16	4.060432E-17
5.126700E+03	5.592181E-16	4.059330E-17
5.127000E+03	5.591509E-16	4.058788E-17
5.127400E+03	5.591387E-16	4.058627E-17
5.127700E+03	5.585311E-16	4.054162E-17
5.128100E+03	5.586475E-16	4.054935E-17
5.128400E+03	5.585290E-16	4.054020E-17
5.128800E+03	5.583882E-16	4.052925E-17
5.129100E+03	5.585269E-16	4.053878E-17
5.129500E+03	5.583603E-16	4.052596E-17
5.129800E+03	5.583447E-16	4.052428E-17
5.130200E+03	5.584611E-16	4.053200E-17
5.130500E+03	5.584198E-16	4.052846E-17
5.130800E+03	5.581214E-16	4.050625E-17
5.131200E+03	5.580064E-16	4.049718E-17
5.131500E+03	5.581964E-16	4.051043E-17
5.131900E+03	5.581456E-16	4.050602E-17
5.132200E+03	5.584514E-16	4.052766E-17
5.132600E+03	5.586707E-16	4.054285E-17
5.132900E+03	5.582950E-16	4.051504E-17
5.133300E+03	5.583470E-16	4.051809E-17
5.133600E+03	5.583186E-16	4.051548E-17
5.134000E+03	5.583192E-16	4.051479E-17
5.134300E+03	5.581494E-16	4.050193E-17
5.134700E+03	5.578930E-16	4.048259E-17
5.135000E+03	5.577233E-16	4.046973E-17
5.135200E+03	5.576016E-16	4.046054E-17
5.135600E+03	5.575381E-16	4.045521E-17
5.135900E+03	5.576767E-16	4.046471E-17
5.136300E+03	5.577543E-16	4.046962E-17
5.136600E+03	5.575076E-16	4.045117E-17
5.137000E+03	5.573029E-16	4.043559E-17
5.137300E+03	5.570564E-16	4.041716E-17
5.137700E+03	5.568647E-16	4.040252E-17
5.138000E+03	5.567338E-16	4.039248E-17
5.138400E+03	5.565935E-16	4.038157E-17
5.138700E+03	5.564754E-16	4.037246E-17
5.139100E+03	5.563864E-16	4.036527E-17
5.139400E+03	5.564093E-16	4.036639E-17
5.139700E+03	5.564322E-16	4.036750E-17
5.140100E+03	5.560358E-16	4.033801E-17
5.140400E+03	5.557643E-16	4.031777E-17
5.140800E+03	5.557649E-16	4.031709E-17
5.141100E+03	5.558774E-16	4.032471E-17
5.141500E+03	5.558013E-16	4.031846E-17
5.141800E+03	5.562723E-16	4.035208E-17
5.142200E+03	5.560809E-16	4.033746E-17
5.142500E+03	5.563599E-16	4.035715E-17
5.142900E+03	5.559252E-16	4.032489E-17
5.143200E+03	5.557688E-16	4.031301E-17
5.143600E+03	5.557951E-16	4.031418E-17
5.143900E+03	5.558820E-16	4.031994E-17
5.144200E+03	5.562507E-16	4.034613E-17
5.144600E+03	5.562001E-16	4.034173E-17
5.144900E+03	5.560565E-16	4.033077E-17
5.145300E+03	5.560828E-16	4.033195E-17
5.145500E+03	5.557695E-16	4.030886E-17
5.145900E+03	5.557830E-16	4.030910E-17
5.146200E+03	5.559851E-16	4.032322E-17
5.146600E+03	5.560369E-16	4.032624E-17
5.146900E+03	5.559574E-16	4.031993E-17
5.147300E+03	5.559197E-16	4.031646E-17
5.147600E+03	5.559426E-16	4.031757E-17
5.148000E+03	5.557257E-16	4.030111E-17
5.148300E+03	5.556335E-16	4.029388E-17
5.148700E+03	5.555701E-16	4.028855E-17
5.149000E+03	5.554779E-16	4.028131E-17
5.149300E+03	5.554497E-16	4.027872E-17
5.149700E+03	5.553353E-16	4.026969E-17
5.150000E+03	5.552431E-16	4.026245E-17
5.150400E+03	5.557810E-16	4.030073E-17
5.150700E+03	5.554968E-16	4.027957E-17
5.151100E+03	5.554208E-16	4.027333E-17
5.151400E+03	5.552902E-16	4.026331E-17
5.151800E+03	5.552526E-16	4.025985E-17
5.152100E+03	5.553138E-16	4.026374E-17
5.152500E+03	5.548799E-16	4.023154E-17
5.152800E+03	5.546601E-16	4.021506E-17
5.153200E+03	5.550568E-16	4.024309E-17
5.153500E+03	5.550542E-16	4.024235E-17
5.153900E+03	5.550037E-16	4.023795E-17
5.154200E+03	5.545922E-16	4.020757E-17
5.154600E+03	5.548101E-16	4.022263E-17
5.154900E+03	5.547946E-16	4.022096E-17
5.155200E+03	5.549836E-16	4.023411E-17
5.155600E+03	5.548055E-16	4.022046E-17
5.155800E+03	5.550933E-16	4.024096E-17
5.156200E+03	5.546341E-16	4.020694E-17
5.156500E+03	5.543250E-16	4.018398E-17
5.156900E+03	5.541598E-16	4.017127E-17
5.157200E+03	5.539020E-16	4.015203E-17
5.157600E+03	5.539536E-16	4.015504E-17
5.157900E+03	5.537597E-16	4.014043E-17
5.158300E+03	5.536330E-16	4.013051E-17
5.158600E+03	5.533499E-16	4.010945E-17
5.159000E+03	5.532486E-16	4.010137E-17
5.159300E+03	5.532333E-16	4.009971E-17
5.159700E+03	5.529666E-16	4.007964E-17
5.160000E+03	5.529257E-16	4.007613E-17
5.160400E+03	5.525828E-16	4.005054E-17
5.160700E+03	5.527583E-16	4.006271E-17
5.161100E+03	5.528354E-16	4.006757E-17
5.161400E+03	5.529218E-16	4.007328E-17
5.161700E+03	5.527664E-16	4.006146E-17
5.162100E+03	5.522964E-16	4.002667E-17
5.162400E+03	5.527644E-16	4.006004E-17
5.162800E+03	5.529307E-16	4.007135E-17
5.163100E+03	5.529662E-16	4.007337E-17
5.163500E+03	5.530434E-16	4.007823E-17
5.163800E+03	5.531553E-16	4.008579E-17
5.164200E+03	5.531433E-16	4.008418E-17
5.164500E+03	5.531661E-16	4.008528E-17
5.164900E+03	5.527976E-16	4.005785E-17
5.165200E+03	5.526931E-16	4.004972E-17
5.165600E+03	5.527193E-16	4.005088E-17
5.165900E+03	5.524368E-16	4.002986E-17
5.166200E+03	5.529814E-16	4.006877E-17
5.166500E+03	5.529278E-16	4.006433E-17
5.166900E+03	5.527249E-16	4.004889E-17
5.167200E+03	5.525059E-16	4.003247E-17
5.167600E+03	5.524304E-16	4.002626E-17
5.167900E+03	5.520208E-16	3.999604E-17
5.168300E+03	5.521232E-16	4.000272E-17
5.168600E+03	5.519300E-16	3.998817E-17
5.169000E+03	5.521086E-16	4.000037E-17
5.169300E+03	5.519535E-16	3.998858E-17
5.169700E+03	5.522212E-16	4.000724E-17
5.170000E+03	5.524221E-16	4.002124E-17
5.170300E+03	5.526483E-16	4.003708E-17
5.170700E+03	5.523820E-16	4.001704E-17
5.171000E+03	5.524430E-16	4.002090E-17
5.171400E+03	5.523292E-16	4.001193E-17
5.171700E+03	5.519960E-16	3.998724E-17
5.172100E+03	5.519459E-16	3.998287E-17
5.172400E+03	5.520577E-16	3.999041E-17
5.172800E+03	5.521601E-16	3.999709E-17
5.173100E+03	5.521321E-16	3.999450E-17
5.173500E+03	5.526034E-16	4.002791E-17
5.173800E+03	5.523337E-16	4.000782E-17
5.174200E+03	5.520420E-16	3.998595E-17
5.174500E+03	5.518234E-16	3.996956E-17
5.174900E+03	5.517224E-16	3.996151E-17
5.175200E+03	5.513388E-16	3.993317E-17
5.175600E+03	5.515808E-16	3.994995E-17
5.175900E+03	5.518831E-16	3.997129E-17
5.176300E+03	5.514266E-16	3.993749E-17
5.176500E+03	5.515604E-16	3.994681E-17
5.176900E+03	5.514468E-16	3.993784E-17
5.177200E+03	5.515331E-16	3.994354E-17
5.177600E+03	5.513941E-16	3.993273E-17
5.177900E+03	5.509727E-16	3.990166E-17
5.178300E+03	5.511258E-16	3.991200E-17
5.178600E+03	5.508948E-16	3.989472E-17
5.179000E+03	5.506419E-16	3.987566E-17
5.179300E+03	5.508422E-16	3.988962E-17
5.179700E+03	5.511094E-16	3.990822E-17
5.180000E+03	5.511449E-16	3.991024E-17
5.180400E+03	5.512980E-16	3.992058E-17
5.180700E+03	5.513207E-16	3.992167E-17
5.181100E+03	5.510042E-16	3.989801E-17
5.181400E+03	5.509509E-16	3.989360E-17
5.181800E+03	5.512435E-16	3.991404E-17
5.182100E+03	5.512409E-16	3.991329E-17
5.182500E+03	5.514448E-16	3.992732E-17
5.182800E+03	5.517217E-16	3.994680E-17
5.183200E+03	5.515319E-16	3.993232E-17
5.183500E+03	5.515039E-16	3.992974E-17
5.183800E+03	5.515140E-16	3.992991E-17
5.184200E+03	5.518197E-16	3.995130E-17
5.184500E+03	5.518551E-16	3.995330E-17
5.184900E+03	5.518179E-16	3.994986E-17
5.185200E+03	5.516247E-16	3.993532E-17
5.185600E+03	5.515747E-16	3.993096E-17
5.185900E+03	5.514578E-16	3.992193E-17
5.186300E+03	5.513951E-16	3.991665E-17
5.186600E+03	5.513417E-16	3.991223E-17
5.186900E+03	5.511614E-16	3.989861E-17
5.187200E+03	5.510954E-16	3.989328E-17
5.187600E+03	5.508044E-16	3.987147E-17
5.187900E+03	5.510936E-16	3.989184E-17
5.188300E+03	5.510944E-16	3.989116E-17
5.188600E+03	5.513710E-16	3.991062E-17
5.189000E+03	5.511433E-16	3.989339E-17
5.189300E+03	5.515979E-16	3.992574E-17
5.189700E+03	5.517130E-16	3.993332E-17
5.190000E+03	5.517231E-16	3.993349E-17
5.190400E+03	5.518509E-16	3.994199E-17
5.190700E+03	5.520390E-16	3.995505E-17
5.191100E+03	5.519508E-16	3.994792E-17
5.191400E+03	5.521007E-16	3.995821E-17
5.191800E+03	5.521015E-16	3.995752E-17
5.192100E+03	5.525568E-16	3.998991E-17
5.192500E+03	5.526339E-16	3.999474E-17
5.192800E+03	5.520336E-16	3.995073E-17
5.193200E+03	5.517295E-16	3.992797E-17
5.193500E+03	5.516633E-16	3.992262E-17
5.193900E+03	5.517023E-16	3.992469E-17
5.194200E+03	5.518649E-16	3.993590E-17
5.194600E+03	5.518657E-16	3.993521E-17
5.194900E+03	5.515963E-16	3.991515E-17
5.195300E+03	5.514447E-16	3.990343E-17
5.195600E+03	5.512772E-16	3.989075E-17
5.196000E+03	5.511130E-16	3.987812E-17
5.196300E+03	5.511738E-16	3.988196E-17
5.196700E+03	5.512254E-16	3.988494E-17
5.196900E+03	5.511306E-16	3.987771E-17
5.197300E+03	5.510680E-16	3.987243E-17
5.197600E+03	5.510401E-16	3.986984E-17
5.198000E+03	5.504703E-16	3.982787E-17
5.198300E+03	5.503282E-16	3.981703E-17
5.198700E+03	5.496452E-16	3.976686E-17
5.199000E+03	5.500605E-16	3.979635E-17
5.199400E+03	5.499220E-16	3.978558E-17
5.199700E+03	5.499448E-16	3.978666E-17
5.200100E+03	5.501989E-16	3.980430E-17
5.200400E+03	5.505004E-16	3.982555E-17
5.200800E+03	5.506281E-16	3.983404E-17
5.201100E+03	5.503594E-16	3.981403E-17
5.201500E+03	5.500688E-16	3.979226E-17
5.201800E+03	5.502816E-16	3.980709E-17
5.202200E+03	5.508275E-16	3.984583E-17
5.202500E+03	5.505967E-16	3.982857E-17
5.202900E+03	5.505975E-16	3.982788E-17
5.203200E+03	5.504049E-16	3.981338E-17
5.203600E+03	5.503550E-16	3.980902E-17
5.203900E+03	5.503778E-16	3.981011E-17
5.204300E+03	5.501632E-16	3.979383E-17
5.204600E+03	5.503127E-16	3.980408E-17
5.205000E+03	5.500222E-16	3.978232E-17
5.205300E+03	5.500703E-16	3.978523E-17
5.205700E+03	5.501092E-16	3.978729E-17
5.206000E+03	5.500687E-16	3.978379E-17
5.206400E+03	5.499428E-16	3.977394E-17
5.206700E+03	5.499023E-16	3.977044E-17
5.207100E+03	5.497513E-16	3.975877E-17
5.207300E+03	5.492898E-16	3.972502E-17
5.207700E+03	5.495057E-16	3.973988E-17
5.208000E+03	5.494399E-16	3.973456E-17
5.208400E+03	5.492257E-16	3.971831E-17
5.208700E+03	5.487050E-16	3.968009E-17
5.209100E+03	5.486932E-16	3.967849E-17
5.209500E+03	5.483783E-16	3.965496E-17
5.209800E+03	5.484137E-16	3.965695E-17
5.210200E+03	5.479096E-16	3.961975E-17
5.210500E+03	5.479701E-16	3.962357E-17
5.210900E+03	5.476935E-16	3.960281E-17
5.211200E+03	5.476657E-16	3.960024E-17
5.211600E+03	5.476036E-16	3.959499E-17
5.211900E+03	5.475632E-16	3.959151E-17
5.212300E+03	5.476019E-16	3.959356E-17
5.212600E+03	5.477633E-16	3.960466E-17
5.213000E+03	5.475876E-16	3.959121E-17
5.213300E+03	5.474465E-16	3.958043E-17
5.213700E+03	5.473717E-16	3.957428E-17
5.214000E+03	5.472432E-16	3.956442E-17
5.214400E+03	5.469920E-16	3.954551E-17
5.214700E+03	5.472415E-16	3.956298E-17
5.215100E+03	5.472171E-16	3.956047E-17
5.215400E+03	5.472147E-16	3.955972E-17
5.215800E+03	5.467873E-16	3.952807E-17
5.216100E+03	5.467596E-16	3.952550E-17
5.216500E+03	5.468108E-16	3.952845E-17
5.216800E+03	5.464433E-16	3.950132E-17
5.217200E+03	5.460165E-16	3.946972E-17
5.217400E+03	5.459479E-16	3.946438E-17
5.217800E+03	5.458230E-16	3.945460E-17
5.218100E+03	5.457954E-16	3.945204E-17
5.218500E+03	5.458465E-16	3.945498E-17
5.218800E+03	5.458314E-16	3.945333E-17
5.219200E+03	5.457067E-16	3.944356E-17
5.219500E+03	5.453022E-16	3.941376E-17
5.219900E+03	5.453282E-16	3.941488E-17
5.220200E+03	5.453131E-16	3.941323E-17
5.220600E+03	5.450002E-16	3.938986E-17
5.220900E+03	5.448849E-16	3.938096E-17
5.221300E+03	5.448857E-16	3.938026E-17
5.221600E+03	5.447577E-16	3.937045E-17
5.222000E+03	5.444953E-16	3.935073E-17
5.222400E+03	5.442329E-16	3.933101E-17
5.222700E+03	5.440425E-16	3.931669E-17
5.223100E+03	5.439682E-16	3.931057E-17
5.223400E+03	5.438280E-16	3.929987E-17
5.223800E+03	5.437287E-16	3.929194E-17
5.224100E+03	5.435135E-16	3.927582E-17
5.224500E+03	5.435143E-16	3.927513E-17
5.224800E+03	5.434869E-16	3.927258E-17
5.225200E+03	5.435003E-16	3.927280E-17
5.225500E+03	5.435103E-16	3.927296E-17
5.225900E+03	5.432735E-16	3.925509E-17
5.226200E+03	5.432460E-16	3.925254E-17
5.226600E+03	5.430718E-16	3.923920E-17
5.226900E+03	5.429443E-16	3.922942E-17
5.227300E+03	5.426702E-16	3.920886E-17
5.227600E+03	5.428802E-16	3.922348E-17
5.227900E+03	5.429777E-16	3.922996E-17
5.228200E+03	5.429378E-16	3.922650E-17
5.228600E+03	5.427262E-16	3.921046E-17
5.228900E+03	5.429113E-16	3.922327E-17
5.229300E+03	5.429871E-16	3.922799E-17
5.229600E+03	5.428972E-16	3.922093E-17
5.230000E+03	5.427605E-16	3.921030E-17
5.230300E+03	5.429456E-16	3.922311E-17
5.230700E+03	5.429340E-16	3.922151E-17
5.231100E+03	5.427474E-16	3.920728E-17
5.231400E+03	5.425326E-16	3.919119E-17
5.231800E+03	5.422837E-16	3.917246E-17
5.232100E+03	5.424685E-16	3.918524E-17
5.232500E+03	5.420949E-16	3.915750E-17
5.232800E+03	5.418054E-16	3.913602E-17
5.233200E+03	5.415942E-16	3.912001E-17
5.233500E+03	5.418288E-16	3.913639E-17
5.233900E+03	5.416800E-16	3.912489E-17
5.234200E+03	5.416527E-16	3.912235E-17
5.234600E+03	5.418282E-16	3.913427E-17
5.234900E+03	5.420129E-16	3.914704E-17
5.235300E+03	5.420512E-16	3.914906E-17
5.235600E+03	5.418616E-16	3.913479E-17
5.236000E+03	5.418376E-16	3.913230E-17
5.236300E+03	5.416356E-16	3.911715E-17
5.236700E+03	5.414744E-16	3.910474E-17
5.237000E+03	5.413473E-16	3.909500E-17
5.237400E+03	5.414479E-16	3.910151E-17
5.237800E+03	5.413990E-16	3.909722E-17
5.238000E+03	5.415428E-16	3.910723E-17
5.238400E+03	5.415312E-16	3.910564E-17
5.238700E+03	5.416785E-16	3.911570E-17
5.239100E+03	5.412804E-16	3.908620E-17
5.239400E+03	5.409292E-16	3.906027E-17
5.239800E+03	5.406810E-16	3.904159E-17
5.240100E+03	5.404172E-16	3.902198E-17
5.240500E+03	5.401942E-16	3.900511E-17
5.240800E+03	5.399804E-16	3.898911E-17
5.241200E+03	5.396705E-16	3.896598E-17
5.241500E+03	5.395438E-16	3.895627E-17
5.241900E+03	5.393585E-16	3.894213E-17
5.242200E+03	5.388844E-16	3.890733E-17
5.242600E+03	5.384883E-16	3.887798E-17
5.242900E+03	5.382628E-16	3.886113E-17
5.243300E+03	5.379663E-16	3.883897E-17
5.243700E+03	5.378062E-16	3.882666E-17
5.244000E+03	5.378286E-16	3.882771E-17
5.244400E+03	5.377800E-16	3.882344E-17
5.244700E+03	5.376662E-16	3.881466E-17
5.245100E+03	5.374443E-16	3.879789E-17
5.245400E+03	5.374791E-16	3.879983E-17
5.245800E+03	5.376533E-16	3.881165E-17
5.246100E+03	5.375642E-16	3.880466E-17
5.246500E+03	5.371568E-16	3.877449E-17
5.246800E+03	5.373153E-16	3.878537E-17
5.247200E+03	5.371678E-16	3.877396E-17
5.247500E+03	5.372643E-16	3.878036E-17
5.247900E+03	5.372900E-16	3.878146E-17
5.248200E+03	5.372258E-16	3.877626E-17
5.248500E+03	5.365929E-16	3.873001E-17
5.248900E+03	5.364579E-16	3.871951E-17
5.249200E+03	5.365296E-16	3.872412E-17
5.249600E+03	5.363947E-16	3.871363E-17
5.249900E+03	5.362071E-16	3.869952E-17
5.250300E+03	5.362574E-16	3.870240E-17
5.250600E+03	5.363538E-16	3.870879E-17
5.251000E+03	5.360708E-16	3.868761E-17
5.251300E+03	5.355009E-16	3.864591E-17
5.251700E+03	5.354649E-16	3.864256E-17
5.252000E+03	5.354749E-16	3.864271E-17
5.252400E+03	5.354018E-16	3.863668E-17
5.252700E+03	5.351529E-16	3.861815E-17
5.253100E+03	5.350553E-16	3.861036E-17
5.253500E+03	5.349208E-16	3.859989E-17
5.253800E+03	5.351401E-16	3.861515E-17
5.254200E+03	5.351165E-16	3.861269E-17
5.254500E+03	5.351141E-16	3.861195E-17
5.254900E+03	5.349918E-16	3.860237E-17
5.255200E+03	5.350017E-16	3.860252E-17
5.255600E+03	5.346826E-16	3.857874E-17
5.255900E+03	5.346309E-16	3.857444E-17
5.256300E+03	5.343611E-16	3.855422E-17
5.256600E+03	5.347650E-16	3.858279E-17
5.257000E+03	5.345935E-16	3.856966E-17
5.257300E+03	5.346404E-16	3.857248E-17
5.257700E+03	5.348384E-16	3.858601E-17
5.258100E+03	5.348148E-16	3.858354E-17
5.258400E+03	5.350217E-16	3.859791E-17
5.258700E+03	5.350317E-16	3.859806E-17
5.259000E+03	5.350293E-16	3.859732E-17
5.259400E+03	5.353753E-16	3.862152E-17
5.259700E+03	5.352867E-16	3.861456E-17
5.260100E+03	5.350413E-16	3.859609E-17
5.260400E+03	5.348788E-16	3.858380E-17
5.260800E+03	5.348182E-16	3.857867E-17
5.261100E+03	5.349144E-16	3.858504E-17
5.261500E+03	5.347428E-16	3.857191E-17
5.261900E+03	5.346454E-16	3.856412E-17
5.262200E+03	5.344584E-16	3.855006E-17
5.262600E+03	5.344101E-16	3.854582E-17
5.262900E+03	5.344324E-16	3.854686E-17
5.263300E+03	5.345195E-16	3.855238E-17
5.263600E+03	5.344679E-16	3.854809E-17
5.264000E+03	5.341122E-16	3.852167E-17
5.264300E+03	5.336795E-16	3.848990E-17
5.264700E+03	5.335453E-16	3.847946E-17
5.265000E+03	5.334324E-16	3.847075E-17
5.265400E+03	5.332247E-16	3.845501E-17
5.265800E+03	5.328820E-16	3.842953E-17
5.266100E+03	5.330514E-16	3.844118E-17
5.266500E+03	5.330156E-16	3.843784E-17
5.266800E+03	5.328169E-16	3.842295E-17
5.267200E+03	5.327443E-16	3.841695E-17
5.267500E+03	5.324477E-16	3.839499E-17
5.267900E+03	5.322035E-16	3.837662E-17
5.268200E+03	5.321522E-16	3.837235E-17
5.268600E+03	5.317979E-16	3.834605E-17
5.268800E+03	5.314740E-16	3.832232E-17
5.269200E+03	5.312180E-16	3.830310E-17
5.269600E+03	5.312925E-16	3.830771E-17
5.269900E+03	5.310455E-16	3.828933E-17
5.270300E+03	5.308998E-16	3.827807E-17
5.270600E+03	5.307996E-16	3.827028E-17
5.271000E+03	5.307517E-16	3.826607E-17
5.271300E+03	5.305540E-16	3.825124E-17
5.271700E+03	5.303840E-16	3.823822E-17
5.272000E+03	5.303083E-16	3.823220E-17
5.272400E+03	5.302361E-16	3.822624E-17
5.272800E+03	5.303103E-16	3.823083E-17
5.273100E+03	5.304057E-16	3.823714E-17
5.273500E+03	5.304800E-16	3.824173E-17
5.273800E+03	5.302457E-16	3.822427E-17
5.274200E+03	5.302955E-16	3.822710E-17
5.274500E+03	5.303298E-16	3.822901E-17
5.274900E+03	5.303186E-16	3.822744E-17
5.275200E+03	5.303285E-16	3.822759E-17
5.275600E+03	5.304272E-16	3.823394E-17
5.275900E+03	5.302783E-16	3.822264E-17
5.276300E+03	5.300353E-16	3.820436E-17
5.276700E+03	5.301094E-16	3.820894E-17
5.277000E+03	5.302048E-16	3.821525E-17
5.277400E+03	5.303279E-16	3.822336E-17
5.277700E+03	5.304721E-16	3.823318E-17
5.278100E+03	5.304121E-16	3.822809E-17
5.278400E+03	5.304708E-16	3.823176E-17
5.278800E+03	5.304719E-16	3.823107E-17
5.279100E+03	5.305795E-16	3.823826E-17
5.279400E+03	5.306994E-16	3.824632E-17
5.279800E+03	5.309571E-16	3.826413E-17
5.280100E+03	5.310160E-16	3.826780E-17
5.280500E+03	5.310903E-16	3.827240E-17
5.280800E+03	5.309413E-16	3.826109E-17
5.281200E+03	5.311380E-16	3.827449E-17
5.281500E+03	5.308422E-16	3.825261E-17
5.281900E+03	5.307455E-16	3.824488E-17
5.282200E+03	5.306943E-16	3.824061E-17
5.282600E+03	5.305731E-16	3.823112E-17
5.283000E+03	5.305497E-16	3.822867E-17
5.283300E+03	5.307551E-16	3.824289E-17
5.283700E+03	5.305851E-16	3.822988E-17
5.284000E+03	5.304729E-16	3.822122E-17
5.284400E+03	5.305472E-16	3.822581E-17
5.284700E+03	5.306671E-16	3.823387E-17
5.285100E+03	5.306192E-16	3.822966E-17
5.285500E+03	5.308035E-16	3.824217E-17
5.285800E+03	5.304713E-16	3.821767E-17
5.286200E+03	5.305213E-16	3.822050E-17
5.286500E+03	5.302869E-16	3.820304E-17
5.286900E+03	5.303002E-16	3.820323E-17
5.287200E+03	5.301270E-16	3.819018E-17
5.287600E+03	5.298717E-16	3.817103E-17
5.287900E+03	5.298817E-16	3.817117E-17
5.288300E+03	5.300779E-16	3.818454E-17
5.288700E+03	5.297982E-16	3.816363E-17
5.289000E+03	5.298570E-16	3.816728E-17
5.289400E+03	5.298702E-16	3.816747E-17
5.289600E+03	5.298646E-16	3.816669E-17
5.290000E+03	5.298657E-16	3.816600E-17
5.290300E+03	5.297415E-16	3.815647E-17
5.290700E+03	5.301208E-16	3.818303E-17
5.291100E+03	5.298777E-16	3.816475E-17
5.291400E+03	5.299242E-16	3.816753E-17
5.291800E+03	5.297788E-16	3.815629E-17
5.292100E+03	5.297278E-16	3.815204E-17
5.292500E+03	5.296435E-16	3.814520E-17
5.292800E+03	5.295802E-16	3.814007E-17
5.293200E+03	5.296056E-16	3.814113E-17
5.293500E+03	5.295180E-16	3.813424E-17
5.293900E+03	5.294825E-16	3.813092E-17
5.294300E+03	5.297152E-16	3.814691E-17
5.294600E+03	5.296520E-16	3.814178E-17
5.295000E+03	5.294457E-16	3.812616E-17
5.295300E+03	5.293338E-16	3.811752E-17
5.295700E+03	5.292617E-16	3.811156E-17
5.296000E+03	5.293692E-16	3.811872E-17
5.296400E+03	5.297482E-16	3.814525E-17
5.296800E+03	5.297248E-16	3.814279E-17
5.297100E+03	5.297348E-16	3.814293E-17
5.297500E+03	5.292604E-16	3.810800E-17
5.297800E+03	5.290022E-16	3.808884E-17
5.298200E+03	5.288206E-16	3.807499E-17
5.298500E+03	5.287697E-16	3.807075E-17
5.298900E+03	5.285394E-16	3.805340E-17
5.299300E+03	5.284067E-16	3.804308E-17
5.299600E+03	5.281612E-16	3.802482E-17
5.299900E+03	5.280494E-16	3.801620E-17
5.300200E+03	5.281444E-16	3.802246E-17
5.300600E+03	5.279024E-16	3.800427E-17
5.300900E+03	5.274749E-16	3.797292E-17
5.301300E+03	5.272452E-16	3.795561E-17
5.301700E+03	5.271249E-16	3.794619E-17
5.302000E+03	5.267344E-16	3.791750E-17
5.302400E+03	5.267112E-16	3.791506E-17
5.302700E+03	5.266362E-16	3.790908E-17
5.303100E+03	5.264312E-16	3.789356E-17
5.303400E+03	5.263440E-16	3.788671E-17
5.303800E+03	5.260059E-16	3.786160E-17
5.304200E+03	5.256558E-16	3.783564E-17
5.304500E+03	5.254963E-16	3.782358E-17
5.304900E+03	5.254369E-16	3.781853E-17
5.305200E+03	5.254226E-16	3.781693E-17
5.305600E+03	5.253148E-16	3.780840E-17
5.305900E+03	5.248652E-16	3.777547E-17
5.306300E+03	5.250959E-16	3.779130E-17
5.306700E+03	5.250607E-16	3.778801E-17
5.307000E+03	5.253729E-16	3.780990E-17
5.307400E+03	5.255071E-16	3.781879E-17
5.307700E+03	5.254807E-16	3.781631E-17
5.308100E+03	5.252277E-16	3.779733E-17
5.308400E+03	5.251529E-16	3.779137E-17
5.308800E+03	5.249969E-16	3.777938E-17
5.309200E+03	5.246232E-16	3.775172E-17
5.309500E+03	5.248385E-16	3.776663E-17
5.309900E+03	5.245134E-16	3.774248E-17
5.310100E+03	5.241458E-16	3.771564E-17
5.310500E+03	5.242433E-16	3.772189E-17
5.310800E+03	5.243739E-16	3.773071E-17
5.311200E+03	5.243026E-16	3.772480E-17
5.311600E+03	5.242554E-16	3.772064E-17
5.311900E+03	5.241325E-16	3.771122E-17
5.312300E+03	5.239767E-16	3.769924E-17
5.312600E+03	5.237453E-16	3.768202E-17
5.313000E+03	5.237344E-16	3.768046E-17
5.313400E+03	5.238198E-16	3.768584E-17
5.313700E+03	5.238177E-16	3.768511E-17
5.314100E+03	5.234691E-16	3.765926E-17
5.314400E+03	5.234668E-16	3.765852E-17
5.314800E+03	5.234800E-16	3.765870E-17
5.315100E+03	5.232368E-16	3.764062E-17
5.315500E+03	5.228766E-16	3.761394E-17
5.315900E+03	5.226610E-16	3.759766E-17
5.316200E+03	5.224903E-16	3.758481E-17
5.316600E+03	5.225637E-16	3.758932E-17
5.316900E+03	5.222487E-16	3.756608E-17
5.317300E+03	5.221656E-16	3.755934E-17
5.317600E+03	5.217788E-16	3.753094E-17
5.318000E+03	5.217318E-16	3.752679E-17
5.318400E+03	5.219012E-16	3.753820E-17
5.318700E+03	5.215866E-16	3.751500E-17
5.319100E+03	5.214316E-16	3.750308E-17
5.319400E+03	5.215135E-16	3.750839E-17
5.319800E+03	5.214665E-16	3.750425E-17
5.320200E+03	5.211916E-16	3.748371E-17
5.320400E+03	5.211381E-16	3.747947E-17
5.320800E+03	5.208632E-16	3.745894E-17
5.321100E+03	5.209691E-16	3.746597E-17
5.321500E+03	5.207423E-16	3.744889E-17
5.321800E+03	5.207880E-16	3.745161E-17
5.322200E+03	5.206933E-16	3.744402E-17
5.322600E+03	5.206104E-16	3.743730E-17
5.322900E+03	5.205962E-16	3.743570E-17
5.323300E+03	5.202259E-16	3.740830E-17
5.323600E+03	5.203435E-16	3.741618E-17
5.324000E+03	5.205004E-16	3.742669E-17
5.324400E+03	5.203458E-16	3.741480E-17
5.324700E+03	5.201639E-16	3.740115E-17
5.325100E+03	5.200093E-16	3.738926E-17
5.325400E+03	5.198635E-16	3.737820E-17
5.325800E+03	5.195176E-16	3.735256E-17
5.326200E+03	5.191121E-16	3.732264E-17
5.326500E+03	5.188710E-16	3.730472E-17
5.326900E+03	5.188601E-16	3.730317E-17
5.327200E+03	5.187146E-16	3.729214E-17
5.327600E+03	5.185844E-16	3.728201E-17
5.327900E+03	5.182837E-16	3.725982E-17
5.328300E+03	5.182968E-16	3.725999E-17
5.328700E+03	5.183218E-16	3.726101E-17
5.329000E+03	5.181168E-16	3.724570E-17
5.329400E+03	5.179032E-16	3.722958E-17
5.329700E+03	5.176149E-16	3.720828E-17
5.330100E+03	5.174730E-16	3.719731E-17
5.330500E+03	5.172002E-16	3.717693E-17
5.330700E+03	5.171709E-16	3.717444E-17
5.331100E+03	5.172078E-16	3.717633E-17
5.331400E+03	5.169199E-16	3.715505E-17
5.331800E+03	5.165998E-16	3.713128E-17
5.332200E+03	5.169222E-16	3.715368E-17
5.332500E+03	5.165393E-16	3.712558E-17
5.332900E+03	5.163858E-16	3.711378E-17
5.333200E+03	5.165858E-16	3.712758E-17
5.333600E+03	5.161946E-16	3.709870E-17
5.334000E+03	5.157917E-16	3.706898E-17
5.334300E+03	5.157183E-16	3.706313E-17
5.334700E+03	5.154345E-16	3.704196E-17
5.335000E+03	5.151596E-16	3.702163E-17
5.335400E+03	5.153861E-16	3.703714E-17
5.335700E+03	5.150755E-16	3.701424E-17
5.336100E+03	5.146380E-16	3.698203E-17
5.336500E+03	5.147339E-16	3.698816E-17
5.336800E+03	5.148860E-16	3.699851E-17
5.337200E+03	5.149700E-16	3.700378E-17
5.337500E+03	5.147427E-16	3.698687E-17
5.337900E+03	5.143055E-16	3.695469E-17
5.338300E+03	5.140106E-16	3.693273E-17
5.338600E+03	5.140558E-16	3.693541E-17
5.339000E+03	5.138794E-16	3.692196E-17
5.339300E+03	5.135107E-16	3.689489E-17
5.339700E+03	5.134644E-16	3.689080E-17
5.340100E+03	5.133001E-16	3.687823E-17
5.340400E+03	5.133571E-16	3.688175E-17
5.340800E+03	5.134055E-16	3.688446E-17
5.341000E+03	5.133174E-16	3.687775E-17
5.341400E+03	5.131886E-16	3.686772E-17
5.341800E+03	5.128589E-16	3.684327E-17
5.342100E+03	5.124673E-16	3.681456E-17
5.342500E+03	5.125628E-16	3.682066E-17
5.342800E+03	5.125017E-16	3.681569E-17
5.343200E+03	5.125973E-16	3.682179E-17
5.343600E+03	5.126456E-16	3.682449E-17
5.343900E+03	5.125845E-16	3.681953E-17
5.344300E+03	5.122081E-16	3.679173E-17
5.344600E+03	5.117816E-16	3.676051E-17
5.345000E+03	5.116885E-16	3.675306E-17
5.345400E+03	5.113834E-16	3.673038E-17
5.345700E+03	5.111576E-16	3.671359E-17
5.346100E+03	5.110646E-16	3.670614E-17
5.346400E+03	5.107801E-16	3.668513E-17
5.346800E+03	5.106989E-16	3.667853E-17
5.347200E+03	5.105825E-16	3.666940E-17
5.347500E+03	5.104158E-16	3.665686E-17
5.347900E+03	5.102407E-16	3.664352E-17
5.348200E+03	5.099803E-16	3.662424E-17
5.348600E+03	5.099345E-16	3.662018E-17
5.349000E+03	5.098651E-16	3.661444E-17
5.349300E+03	5.097457E-16	3.660529E-17
5.349700E+03	5.094183E-16	3.658101E-17
5.350000E+03	5.093576E-16	3.657607E-17
5.350400E+03	5.089367E-16	3.654508E-17
5.350800E+03	5.085396E-16	3.651580E-17
5.351100E+03	5.083736E-16	3.650331E-17
5.351400E+03	5.081959E-16	3.648998E-17
5.351700E+03	5.084747E-16	3.650943E-17
5.352100E+03	5.082535E-16	3.649277E-17
5.352500E+03	5.081961E-16	3.648789E-17
5.352800E+03	5.079952E-16	3.647289E-17
5.353200E+03	5.076689E-16	3.644870E-17
5.353500E+03	5.074448E-16	3.643203E-17
5.353900E+03	5.073175E-16	3.642213E-17
5.354300E+03	5.074705E-16	3.643235E-17
5.354600E+03	5.072348E-16	3.641485E-17
5.355000E+03	5.071776E-16	3.640998E-17
5.355400E+03	5.071204E-16	3.640510E-17
5.355700E+03	5.071066E-16	3.640354E-17
5.356100E+03	5.068276E-16	3.638275E-17
5.356400E+03	5.067322E-16	3.637532E-17
5.356800E+03	5.061386E-16	3.633195E-17
5.357200E+03	5.061981E-16	3.633545E-17
5.357500E+03	5.059513E-16	3.631717E-17
5.357900E+03	5.057428E-16	3.630144E-17
5.358200E+03	5.059387E-16	3.631493E-17
5.358600E+03	5.058933E-16	3.631090E-17
5.359000E+03	5.058712E-16	3.630855E-17
5.359300E+03	5.057760E-16	3.630114E-17
5.359700E+03	5.055442E-16	3.628374E-17
5.360000E+03	5.052048E-16	3.625880E-17
5.360400E+03	5.049733E-16	3.624142E-17
5.360800E+03	5.053001E-16	3.626412E-17
5.361100E+03	5.048794E-16	3.623335E-17
5.361400E+03	5.048193E-16	3.622846E-17
5.361700E+03	5.047592E-16	3.622357E-17
5.362100E+03	5.045860E-16	3.621038E-17
5.362500E+03	5.040877E-16	3.617386E-17
5.362800E+03	5.043528E-16	3.619231E-17
5.363200E+03	5.044352E-16	3.619746E-17
5.363600E+03	5.046456E-16	3.621178E-17
5.363900E+03	5.048527E-16	3.622608E-17
5.364300E+03	5.047028E-16	3.621455E-17
5.364600E+03	5.047705E-16	3.621883E-17
5.365000E+03	5.048065E-16	3.622065E-17
5.365400E+03	5.050403E-16	3.623665E-17
5.365700E+03	5.049917E-16	3.623260E-17
5.366100E+03	5.047952E-16	3.621773E-17
5.366400E+03	5.050838E-16	3.623786E-17
5.366800E+03	5.050502E-16	3.623468E-17
5.367200E+03	5.052025E-16	3.624484E-17
5.367500E+03	5.049098E-16	3.622326E-17
5.367900E+03	5.047831E-16	3.621341E-17
5.368300E+03	5.045635E-16	3.619688E-17
5.368600E+03	5.046660E-16	3.620366E-17
5.369000E+03	5.048066E-16	3.621298E-17
5.369300E+03	5.045141E-16	3.619142E-17
5.369700E+03	5.040741E-16	3.615908E-17
5.370100E+03	5.042146E-16	3.616840E-17
5.370400E+03	5.037483E-16	3.613437E-17
5.370800E+03	5.034944E-16	3.611540E-17
5.371100E+03	5.032838E-16	3.609971E-17
5.371500E+03	5.031458E-16	3.608905E-17
5.371800E+03	5.031438E-16	3.608833E-17
5.372100E+03	5.030724E-16	3.608263E-17
5.372500E+03	5.031199E-16	3.608527E-17
5.372900E+03	5.030979E-16	3.608292E-17
5.373200E+03	5.024938E-16	3.603902E-17
5.373600E+03	5.023447E-16	3.602756E-17
5.373900E+03	5.024352E-16	3.603347E-17
5.374300E+03	5.027488E-16	3.605520E-17
5.374700E+03	5.029121E-16	3.606614E-17
5.375000E+03	5.029680E-16	3.606957E-17
5.375400E+03	5.028766E-16	3.606225E-17
5.375800E+03	5.027273E-16	3.605077E-17
5.376100E+03	5.024938E-16	3.603345E-17
5.376500E+03	5.024024E-16	3.602613E-17
5.376800E+03	5.020304E-16	3.599888E-17
5.377200E+03	5.015464E-16	3.596340E-17
5.377600E+03	5.014205E-16	3.595361E-17
5.377900E+03	5.014647E-16	3.595620E-17
5.378300E+03	5.013620E-16	3.594807E-17
5.378700E+03	5.014093E-16	3.595069E-17
5.379000E+03	5.014420E-16	3.595246E-17
5.379400E+03	5.015471E-16	3.595923E-17
5.379700E+03	5.014527E-16	3.595188E-17
5.380100E+03	5.012808E-16	3.593879E-17
5.380500E+03	5.011434E-16	3.592817E-17
5.380800E+03	5.005072E-16	3.588198E-17
5.381200E+03	5.004854E-16	3.587965E-17
5.381500E+03	5.003221E-16	3.586737E-17
5.381900E+03	5.000930E-16	3.585017E-17
5.382200E+03	4.999298E-16	3.583790E-17
5.382500E+03	5.001235E-16	3.585121E-17
5.382900E+03	4.998369E-16	3.582990E-17
5.383300E+03	4.997460E-16	3.582262E-17
5.383600E+03	4.998707E-16	3.583097E-17
5.384000E+03	4.998719E-16	3.583029E-17
5.384400E+03	4.999882E-16	3.583786E-17
5.384700E+03	5.000899E-16	3.584457E-17
5.385100E+03	5.002292E-16	3.585379E-17
5.385400E+03	5.005960E-16	3.587950E-17
5.385800E+03	5.007702E-16	3.589121E-17
5.386200E+03	5.008635E-16	3.589714E-17
5.386500E+03	5.009078E-16	3.589973E-17
5.386900E+03	5.005054E-16	3.587012E-17
5.387300E+03	5.002531E-16	3.585127E-17
5.387600E+03	4.998482E-16	3.582167E-17
5.388000E+03	4.998379E-16	3.582016E-17
5.388300E+03	4.996518E-16	3.580625E-17
5.388700E+03	4.998486E-16	3.581958E-17
5.389100E+03	5.000687E-16	3.583458E-17
5.389400E+03	4.995717E-16	3.579839E-17
5.389800E+03	4.996190E-16	3.580101E-17
5.390200E+03	4.997352E-16	3.580856E-17
5.390500E+03	4.994687E-16	3.578888E-17
5.390900E+03	4.994814E-16	3.578902E-17
5.391200E+03	4.995600E-16	3.579408E-17
5.391600E+03	4.998834E-16	3.581648E-17
5.392000E+03	4.998271E-16	3.581167E-17
5.392200E+03	4.997759E-16	3.580761E-17
5.392600E+03	4.997196E-16	3.580281E-17
5.393000E+03	4.999049E-16	3.581531E-17
5.393300E+03	4.998685E-16	3.581212E-17
5.393700E+03	4.998927E-16	3.581309E-17
5.394100E+03	4.999399E-16	3.581570E-17
5.394400E+03	4.997078E-16	3.579849E-17
5.394800E+03	4.996516E-16	3.579368E-17
5.395100E+03	4.995690E-16	3.578719E-17
5.395500E+03	4.997313E-16	3.579804E-17
5.395900E+03	4.996290E-16	3.578994E-17
5.396200E+03	4.997536E-16	3.579829E-17
5.396600E+03	4.996053E-16	3.578688E-17
5.397000E+03	4.998942E-16	3.580681E-17
5.397300E+03	4.994665E-16	3.577559E-17
5.397700E+03	4.996288E-16	3.578644E-17
5.398100E+03	4.997221E-16	3.579235E-17
5.398400E+03	4.995361E-16	3.577844E-17
5.398800E+03	4.992728E-16	3.575881E-17
5.399100E+03	4.995814E-16	3.578033E-17
5.399500E+03	4.995711E-16	3.577882E-17
5.399900E+03	4.997104E-16	3.578802E-17
5.400200E+03	4.992714E-16	3.575600E-17
5.400600E+03	4.990312E-16	3.573802E-17
5.401000E+03	4.993199E-16	3.575791E-17
5.401300E+03	4.996399E-16	3.578025E-17
5.401700E+03	4.996182E-16	3.577792E-17
5.402100E+03	4.993549E-16	3.575829E-17
5.402400E+03	4.992610E-16	3.575098E-17
5.402700E+03	4.989717E-16	3.572968E-17
5.403000E+03	4.992686E-16	3.575036E-17
5.403400E+03	4.992353E-16	3.574720E-17
5.403800E+03	4.990987E-16	3.573664E-17
5.404100E+03	4.991887E-16	3.574250E-17
5.404500E+03	4.992589E-16	3.574675E-17
5.404900E+03	4.992372E-16	3.574442E-17
5.405200E+03	4.990283E-16	3.572888E-17
5.405600E+03	4.987999E-16	3.571175E-17
5.406000E+03	4.986633E-16	3.570119E-17
5.406300E+03	4.991783E-16	3.573748E-17
5.406700E+03	4.991106E-16	3.573185E-17
5.407000E+03	4.995571E-16	3.576323E-17
5.407400E+03	4.992708E-16	3.574196E-17
5.407800E+03	4.993871E-16	3.574950E-17
5.408100E+03	4.991207E-16	3.572985E-17
5.408500E+03	4.988118E-16	3.570695E-17
5.408900E+03	4.985949E-16	3.569065E-17
5.409200E+03	4.983749E-16	3.567432E-17
5.409600E+03	4.987320E-16	3.569910E-17
5.410000E+03	4.990319E-16	3.571979E-17
5.410300E+03	4.987543E-16	3.569933E-17
5.410700E+03	4.981473E-16	3.565510E-17
5.411100E+03	4.982632E-16	3.566262E-17
5.411400E+03	4.979517E-16	3.563974E-17
5.411800E+03	4.977581E-16	3.562510E-17
5.412100E+03	4.977905E-16	3.562684E-17
5.412500E+03	4.975168E-16	3.560647E-17
5.412800E+03	4.971598E-16	3.558034E-17
5.413100E+03	4.967575E-16	3.555096E-17
5.413500E+03	4.968502E-16	3.555682E-17
5.413900E+03	4.967485E-16	3.554876E-17
5.414200E+03	4.965522E-16	3.553413E-17
5.414600E+03	4.962106E-16	3.550891E-17
5.415000E+03	4.962118E-16	3.550822E-17
5.415300E+03	4.959358E-16	3.548788E-17
5.415700E+03	4.960741E-16	3.549700E-17
5.416100E+03	4.963382E-16	3.551512E-17
5.416400E+03	4.961992E-16	3.550459E-17
5.416800E+03	4.961432E-16	3.549980E-17
5.417200E+03	4.961217E-16	3.549748E-17
5.417500E+03	4.962683E-16	3.550739E-17
5.417900E+03	4.960868E-16	3.549362E-17
5.418300E+03	4.960424E-16	3.548967E-17
5.418600E+03	4.957779E-16	3.547016E-17
5.419000E+03	4.957449E-16	3.546702E-17
5.419300E+03	4.953322E-16	3.543691E-17
5.419700E+03	4.950598E-16	3.541664E-17
5.420100E+03	4.950952E-16	3.541840E-17
5.420400E+03	4.951732E-16	3.542339E-17
5.420800E+03	4.947756E-16	3.539417E-17
5.421200E+03	4.946743E-16	3.538614E-17
5.421500E+03	4.943195E-16	3.536018E-17
5.421900E+03	4.942525E-16	3.535461E-17
5.422300E+03	4.944131E-16	3.536531E-17
5.422600E+03	4.943429E-16	3.535971E-17
5.423000E+03	4.943555E-16	3.535984E-17
5.423300E+03	4.941488E-16	3.534446E-17
5.423600E+03	4.939877E-16	3.533236E-17
5.424000E+03	4.939661E-16	3.533004E-17
5.424400E+03	4.932060E-16	3.527489E-17
5.424700E+03	4.930452E-16	3.526280E-17
5.425100E+03	4.926946E-16	3.523696E-17
5.425500E+03	4.926052E-16	3.522978E-17
5.425800E+03	4.925239E-16	3.522338E-17
5.426200E+03	4.926273E-16	3.523000E-17
5.426600E+03	4.927533E-16	3.523823E-17
5.426900E+03	4.928535E-16	3.524482E-17
5.427300E+03	4.926846E-16	3.523196E-17
5.427600E+03	4.923198E-16	3.520529E-17
5.428000E+03	4.921398E-16	3.519164E-17
5.428400E+03	4.922091E-16	3.519581E-17
5.428700E+03	4.921732E-16	3.519266E-17
5.429100E+03	4.920725E-16	3.518468E-17
5.429500E+03	4.917680E-16	3.516213E-17
5.429800E+03	4.919246E-16	3.517275E-17
5.430200E+03	4.919939E-16	3.517692E-17
5.430600E+03	4.918706E-16	3.516733E-17
5.430900E+03	4.917782E-16	3.516013E-17
5.431300E+03	4.918927E-16	3.516754E-17
5.431700E+03	4.917241E-16	3.515471E-17
5.432000E+03	4.917449E-16	3.515561E-17
5.432400E+03	4.919387E-16	3.516869E-17
5.432800E+03	4.918947E-16	3.516476E-17
5.433100E+03	4.918815E-16	3.516324E-17
5.433400E+03	4.916192E-16	3.514390E-17
5.433800E+03	4.915752E-16	3.513997E-17
5.434100E+03	4.916074E-16	3.514168E-17
5.434500E+03	4.916200E-16	3.514181E-17
5.434900E+03	4.915194E-16	3.513384E-17
5.435200E+03	4.915628E-16	3.513635E-17
5.435600E+03	4.914622E-16	3.512838E-17
5.436000E+03	4.913843E-16	3.512203E-17
5.436300E+03	4.913259E-16	3.511727E-17
5.436700E+03	4.914290E-16	3.512386E-17
5.437100E+03	4.911928E-16	3.510619E-17
5.437400E+03	4.907500E-16	3.507397E-17
5.437800E+03	4.907513E-16	3.507327E-17
5.438200E+03	4.907300E-16	3.507097E-17
5.438500E+03	4.902539E-16	3.503636E-17
5.438900E+03	4.897361E-16	3.499857E-17
5.439300E+03	4.896810E-16	3.499386E-17
5.439600E+03	4.894989E-16	3.498026E-17
5.440000E+03	4.893311E-16	3.496749E-17
5.440400E+03	4.893549E-16	3.496841E-17
5.440700E+03	4.893080E-16	3.496447E-17
5.441100E+03	4.891516E-16	3.495252E-17
5.441500E+03	4.894007E-16	3.496954E-17
5.441800E+03	4.891511E-16	3.495112E-17
5.442200E+03	4.892988E-16	3.496089E-17
5.442600E+03	4.892326E-16	3.495538E-17
5.442900E+03	4.892420E-16	3.495546E-17
5.443300E+03	4.889842E-16	3.493626E-17
5.443600E+03	4.888473E-16	3.492590E-17
5.443900E+03	4.886541E-16	3.491151E-17
5.444300E+03	4.884754E-16	3.489796E-17
5.444700E+03	4.883193E-16	3.488603E-17
5.445000E+03	4.882164E-16	3.487809E-17
5.445400E+03	4.882289E-16	3.487821E-17
5.445800E+03	4.881515E-16	3.487190E-17
5.446100E+03	4.882284E-16	3.487680E-17
5.446500E+03	4.881848E-16	3.487290E-17
5.446900E+03	4.880849E-16	3.486499E-17
5.447200E+03	4.877910E-16	3.484341E-17
5.447600E+03	4.876574E-16	3.483309E-17
5.448000E+03	4.877037E-16	3.483562E-17
5.448300E+03	4.876121E-16	3.482848E-17
5.448700E+03	4.869850E-16	3.478291E-17
5.449100E+03	4.867957E-16	3.476861E-17
5.449400E+03	4.866258E-16	3.475589E-17
5.449800E+03	4.865039E-16	3.474640E-17
5.450200E+03	4.867405E-16	3.476252E-17
5.450500E+03	4.868396E-16	3.476901E-17
5.450900E+03	4.867400E-16	3.476112E-17
5.451300E+03	4.867526E-16	3.476124E-17
5.451600E+03	4.863139E-16	3.472932E-17
5.452000E+03	4.861137E-16	3.471424E-17
5.452400E+03	4.860030E-16	3.470556E-17
5.452700E+03	4.861467E-16	3.471524E-17
5.453100E+03	4.862376E-16	3.472095E-17
5.453500E+03	4.860934E-16	3.470987E-17
5.453800E+03	4.861251E-16	3.471155E-17
5.454100E+03	4.861234E-16	3.471084E-17
5.454500E+03	4.859568E-16	3.469816E-17
5.454800E+03	4.859998E-16	3.470064E-17
5.455200E+03	4.859116E-16	3.469356E-17
5.455600E+03	4.856780E-16	3.467611E-17
5.455900E+03	4.853185E-16	3.464985E-17
5.456300E+03	4.853198E-16	3.464916E-17
5.456700E+03	4.854329E-16	3.465645E-17
5.457000E+03	4.851964E-16	3.463899E-17
5.457400E+03	4.850860E-16	3.463033E-17
5.457800E+03	4.848082E-16	3.460971E-17
5.458100E+03	4.845386E-16	3.458988E-17
5.458500E+03	4.844730E-16	3.458441E-17
5.458900E+03	4.845970E-16	3.459248E-17
5.459200E+03	4.844167E-16	3.457903E-17
5.459600E+03	4.843177E-16	3.457118E-17
5.460000E+03	4.843525E-16	3.457288E-17
5.460400E+03	4.846215E-16	3.459130E-17
5.460700E+03	4.844078E-16	3.457546E-17
5.461100E+03	4.844984E-16	3.458114E-17
5.461500E+03	4.842543E-16	3.456294E-17
5.461800E+03	4.843752E-16	3.457098E-17
5.462200E+03	4.843431E-16	3.456791E-17
5.462600E+03	4.841772E-16	3.455528E-17
5.462900E+03	4.839859E-16	3.454105E-17
5.463300E+03	4.842659E-16	3.456025E-17
5.463700E+03	4.843118E-16	3.456274E-17
5.464000E+03	4.842655E-16	3.455884E-17
5.464300E+03	4.837176E-16	3.451916E-17
5.464700E+03	4.838081E-16	3.452483E-17
5.465000E+03	4.838619E-16	3.452809E-17
5.465400E+03	4.841307E-16	3.454649E-17
5.465800E+03	4.840318E-16	3.453864E-17
5.466100E+03	4.840189E-16	3.453713E-17
5.466500E+03	4.839423E-16	3.453088E-17
5.466900E+03	4.839882E-16	3.453337E-17
5.467200E+03	4.839306E-16	3.452868E-17
5.467600E+03	4.842106E-16	3.454787E-17
5.468000E+03	4.842455E-16	3.454957E-17
5.468300E+03	4.841657E-16	3.454329E-17
5.468700E+03	4.843008E-16	3.455214E-17
5.469100E+03	4.841683E-16	3.454191E-17
5.469500E+03	4.840804E-16	3.453485E-17
5.469800E+03	4.839449E-16	3.452460E-17
5.470200E+03	4.835454E-16	3.449531E-17
5.470600E+03	4.835579E-16	3.449541E-17
5.470900E+03	4.835895E-16	3.449708E-17
5.471300E+03	4.837467E-16	3.450751E-17
5.471700E+03	4.834808E-16	3.448776E-17
5.472000E+03	4.834345E-16	3.448386E-17
5.472400E+03	4.834025E-16	3.448079E-17
5.472800E+03	4.832369E-16	3.446819E-17
5.473100E+03	4.831795E-16	3.446351E-17
5.473500E+03	4.830585E-16	3.445409E-17
5.473900E+03	4.829486E-16	3.444547E-17
5.474200E+03	4.828468E-16	3.443762E-17
5.474500E+03	4.827005E-16	3.442660E-17
5.474900E+03	4.827908E-16	3.443224E-17
5.475300E+03	4.826588E-16	3.442205E-17
5.475600E+03	4.828682E-16	3.443639E-17
5.476000E+03	4.829140E-16	3.443887E-17
5.476400E+03	4.831156E-16	3.445246E-17
5.476700E+03	4.834254E-16	3.447396E-17
5.477100E+03	4.831597E-16	3.445422E-17
5.477500E+03	4.829386E-16	3.443767E-17
5.477800E+03	4.828591E-16	3.443141E-17
5.478200E+03	4.825825E-16	3.441090E-17
5.478600E+03	4.826061E-16	3.441179E-17
5.478900E+03	4.827266E-16	3.441979E-17
5.479300E+03	4.825057E-16	3.440326E-17
5.479700E+03	4.826626E-16	3.441366E-17
5.480000E+03	4.827054E-16	3.441611E-17
5.480400E+03	4.829402E-16	3.443207E-17
5.480800E+03	4.825414E-16	3.440284E-17
5.481200E+03	4.828873E-16	3.442672E-17
5.481500E+03	4.830635E-16	3.443869E-17
5.481900E+03	4.833653E-16	3.445941E-17
5.482300E+03	4.834112E-16	3.446189E-17
5.482600E+03	4.836655E-16	3.447943E-17
5.483000E+03	4.840902E-16	3.450891E-17
5.483400E+03	4.842700E-16	3.452094E-17
5.483700E+03	4.844802E-16	3.453533E-17
5.484100E+03	4.843031E-16	3.452191E-17
5.484500E+03	4.841261E-16	3.450850E-17
5.484700E+03	4.840877E-16	3.450536E-17
5.485100E+03	4.843455E-16	3.452295E-17
5.485500E+03	4.844585E-16	3.453021E-17
5.485900E+03	4.843706E-16	3.452315E-17
5.486200E+03	4.844916E-16	3.453117E-17
5.486600E+03	4.846492E-16	3.454161E-17
5.487000E+03	4.846282E-16	3.453932E-17
5.487300E+03	4.846042E-16	3.453701E-17
5.487700E+03	4.849070E-16	3.455779E-17
5.488100E+03	4.849976E-16	3.456346E-17
5.488400E+03	4.849066E-16	3.455637E-17
5.488800E+03	4.851649E-16	3.457398E-17
5.489200E+03	4.852892E-16	3.458204E-17
5.489600E+03	4.853240E-16	3.458373E-17
5.489900E+03	4.853894E-16	3.458779E-17
5.490300E+03	4.853238E-16	3.458231E-17
5.490700E+03	4.852692E-16	3.457762E-17
5.491000E+03	4.850553E-16	3.456178E-17
5.491400E+03	4.848892E-16	3.454915E-17
5.491800E+03	4.847789E-16	3.454049E-17
5.492100E+03	4.846209E-16	3.452864E-17
5.492500E+03	4.846335E-16	3.452874E-17
5.492900E+03	4.843002E-16	3.450419E-17
5.493300E+03	4.843685E-16	3.450826E-17
5.493600E+03	4.844114E-16	3.451072E-17
5.494000E+03	4.843570E-16	3.450605E-17
5.494400E+03	4.845146E-16	3.451647E-17
5.494700E+03	4.845352E-16	3.451734E-17
5.495000E+03	4.844219E-16	3.450867E-17
5.495400E+03	4.844790E-16	3.451194E-17
5.495700E+03	4.845331E-16	3.451519E-17
5.496100E+03	4.845234E-16	3.451370E-17
5.496500E+03	4.845470E-16	3.451459E-17
5.496900E+03	4.844703E-16	3.450832E-17
5.497200E+03	4.842679E-16	3.449330E-17
5.497600E+03	4.843920E-16	3.450134E-17
5.498000E+03	4.840366E-16	3.447523E-17
5.498300E+03	4.842021E-16	3.448641E-17
5.498700E+03	4.839248E-16	3.446587E-17
5.499100E+03	4.841045E-16	3.447787E-17
5.499400E+03	4.842255E-16	3.448588E-17
5.499800E+03	4.842826E-16	3.448915E-17
5.500200E+03	4.838939E-16	3.446067E-17
5.500600E+03	4.840067E-16	3.446790E-17
5.500900E+03	4.839159E-16	3.446083E-17
5.501300E+03	4.838505E-16	3.445537E-17
5.501700E+03	4.837181E-16	3.444514E-17
5.502000E+03	4.836051E-16	3.443649E-17
5.502400E+03	4.834729E-16	3.442628E-17
5.502800E+03	4.832851E-16	3.441210E-17
5.503200E+03	4.833644E-16	3.441695E-17
5.503500E+03	4.835519E-16	3.442970E-17
5.503900E+03	4.834309E-16	3.442028E-17
5.504300E+03	4.835213E-16	3.442592E-17
5.504600E+03	4.836867E-16	3.443709E-17
5.505000E+03	4.837995E-16	3.444432E-17
5.505300E+03	4.837532E-16	3.444042E-17
5.505600E+03	4.837292E-16	3.443811E-17
5.506000E+03	4.835747E-16	3.442631E-17
5.506400E+03	4.836764E-16	3.443274E-17
5.506800E+03	4.837112E-16	3.443442E-17
5.507100E+03	4.837986E-16	3.444003E-17
5.507500E+03	4.838891E-16	3.444568E-17
5.507900E+03	4.837569E-16	3.443546E-17
5.508200E+03	4.835658E-16	3.442125E-17
5.508600E+03	4.835116E-16	3.441659E-17
5.509000E+03	4.832236E-16	3.439529E-17
5.509400E+03	4.831361E-16	3.438826E-17
5.509700E+03	4.834794E-16	3.441208E-17
5.510100E+03	4.836255E-16	3.442168E-17
5.510500E+03	4.835936E-16	3.441860E-17
5.510800E+03	4.835696E-16	3.441629E-17
5.511200E+03	4.834820E-16	3.440925E-17
5.511600E+03	4.836281E-16	3.441884E-17
5.512000E+03	4.837186E-16	3.442448E-17
5.512300E+03	4.838060E-16	3.443009E-17
5.512700E+03	4.839412E-16	3.443890E-17
5.513100E+03	4.840095E-16	3.444296E-17
5.513400E+03	4.840970E-16	3.444858E-17
5.513800E+03	4.842321E-16	3.445739E-17
5.514200E+03	4.843897E-16	3.446779E-17
5.514600E+03	4.845139E-16	3.447582E-17
5.514900E+03	4.845791E-16	3.447985E-17
5.515300E+03	4.848595E-16	3.449900E-17
5.515600E+03	4.849248E-16	3.450304E-17
5.515900E+03	4.848785E-16	3.449913E-17
5.516300E+03	4.847683E-16	3.449048E-17
5.516700E+03	4.848367E-16	3.449454E-17
5.517100E+03	4.849498E-16	3.450177E-17
5.517400E+03	4.851827E-16	3.451773E-17
5.517800E+03	4.854076E-16	3.453292E-17
5.518200E+03	4.856550E-16	3.454971E-17
5.518500E+03	4.860449E-16	3.457683E-17
5.518900E+03	4.861134E-16	3.458090E-17
5.519300E+03	4.861485E-16	3.458258E-17
5.519700E+03	4.858590E-16	3.456117E-17
5.520000E+03	4.857455E-16	3.455248E-17
5.520400E+03	4.859818E-16	3.456848E-17
5.520800E+03	4.862743E-16	3.458847E-17
5.521100E+03	4.863174E-16	3.459092E-17
5.521500E+03	4.864644E-16	3.460057E-17
5.521900E+03	4.867124E-16	3.461739E-17
5.522300E+03	4.866130E-16	3.460950E-17
5.522600E+03	4.870485E-16	3.463987E-17
5.523000E+03	4.871957E-16	3.464952E-17
5.523400E+03	4.871524E-16	3.464562E-17
5.523800E+03	4.870641E-16	3.463852E-17
5.524100E+03	4.871858E-16	3.464656E-17
5.524500E+03	4.872770E-16	3.465223E-17
5.524900E+03	4.872336E-16	3.464832E-17
5.525200E+03	4.873329E-16	3.465477E-17
5.525600E+03	4.874690E-16	3.466363E-17
5.525900E+03	4.876132E-16	3.467327E-17
5.526300E+03	4.874800E-16	3.466298E-17
5.526600E+03	4.873549E-16	3.465347E-17
5.527000E+03	4.875808E-16	3.466871E-17
5.527400E+03	4.875149E-16	3.466321E-17
5.527700E+03	4.873000E-16	3.464731E-17
5.528100E+03	4.873127E-16	3.464739E-17
5.528500E+03	4.873927E-16	3.465226E-17
5.528900E+03	4.874615E-16	3.465633E-17
5.529200E+03	4.875272E-16	3.466038E-17
5.529600E+03	4.877981E-16	3.467882E-17
5.530000E+03	4.879120E-16	3.468609E-17
5.530400E+03	4.880595E-16	3.469576E-17
5.530700E+03	4.881703E-16	3.470301E-17
5.531100E+03	4.881605E-16	3.470149E-17
5.531500E+03	4.880720E-16	3.469439E-17
5.531800E+03	4.881153E-16	3.469684E-17
5.532200E+03	4.880719E-16	3.469293E-17
5.532600E+03	4.879609E-16	3.468422E-17
5.533000E+03	4.879962E-16	3.468590E-17
5.533300E+03	4.882192E-16	3.470114E-17
5.533700E+03	4.881758E-16	3.469723E-17
5.534100E+03	4.884471E-16	3.471569E-17
5.534500E+03	4.881113E-16	3.469099E-17
5.534800E+03	4.881546E-16	3.469345E-17
5.535200E+03	4.881336E-16	3.469113E-17
5.535600E+03	4.882475E-16	3.469840E-17
5.535900E+03	4.883245E-16	3.470325E-17
5.536200E+03	4.881992E-16	3.469373E-17
5.536600E+03	4.881557E-16	3.468981E-17
5.537000E+03	4.880448E-16	3.468111E-17
5.537300E+03	4.878857E-16	3.466918E-17
5.537700E+03	4.878648E-16	3.466687E-17
5.538100E+03	4.879674E-16	3.467333E-17
5.538500E+03	4.880926E-16	3.468140E-17
5.538800E+03	4.880684E-16	3.467906E-17
5.539200E+03	4.877890E-16	3.465838E-17
5.539600E+03	4.875435E-16	3.464011E-17
5.539900E+03	4.874407E-16	3.463219E-17
5.540300E+03	4.875096E-16	3.463625E-17
5.540700E+03	4.873203E-16	3.462198E-17
5.541100E+03	4.873331E-16	3.462206E-17
5.541400E+03	4.872191E-16	3.461335E-17
5.541800E+03	4.872655E-16	3.461581E-17
5.542200E+03	4.869866E-16	3.459517E-17
5.542600E+03	4.873022E-16	3.461676E-17
5.542900E+03	4.872668E-16	3.461363E-17
5.543300E+03	4.875714E-16	3.463443E-17
5.543700E+03	4.873147E-16	3.461538E-17
5.544100E+03	4.872265E-16	3.460828E-17
5.544400E+03	4.869220E-16	3.458603E-17
5.544800E+03	4.868002E-16	3.457655E-17
5.545200E+03	4.870372E-16	3.459255E-17
5.545500E+03	4.871364E-16	3.459898E-17
5.545900E+03	4.866895E-16	3.456641E-17
5.546300E+03	4.866574E-16	3.456330E-17
5.546600E+03	4.865548E-16	3.455539E-17
5.546900E+03	4.865980E-16	3.455784E-17
5.547300E+03	4.866667E-16	3.456189E-17
5.547700E+03	4.869261E-16	3.457948E-17
5.548100E+03	4.867930E-16	3.456920E-17
5.548400E+03	4.870268E-16	3.458518E-17
5.548800E+03	4.873200E-16	3.460517E-17
5.549200E+03	4.870074E-16	3.458214E-17
5.549600E+03	4.868295E-16	3.456868E-17
5.549900E+03	4.866822E-16	3.455760E-17
5.550300E+03	4.867173E-16	3.455926E-17
5.550700E+03	4.862708E-16	3.452672E-17
5.551100E+03	4.862499E-16	3.452441E-17
5.551400E+03	4.860579E-16	3.451015E-17
5.551800E+03	4.861042E-16	3.451261E-17
5.552200E+03	4.861505E-16	3.451507E-17
5.552500E+03	4.860034E-16	3.450400E-17
5.552900E+03	4.857475E-16	3.448501E-17
5.553300E+03	4.855254E-16	3.446840E-17
5.553700E+03	4.852922E-16	3.445102E-17
5.554000E+03	4.851901E-16	3.444315E-17
5.554400E+03	4.850798E-16	3.443449E-17
5.554800E+03	4.849585E-16	3.442505E-17
5.555200E+03	4.848037E-16	3.441323E-17
5.555500E+03	4.847239E-16	3.440694E-17
5.555900E+03	4.847701E-16	3.440939E-17
5.556300E+03	4.847381E-16	3.440629E-17
5.556700E+03	4.844496E-16	3.438498E-17
5.556900E+03	4.845117E-16	3.438897E-17
5.557300E+03	4.843794E-16	3.437875E-17
5.557700E+03	4.842470E-16	3.436853E-17
5.558100E+03	4.840925E-16	3.435673E-17
5.558400E+03	4.843696E-16	3.437577E-17
5.558800E+03	4.845273E-16	3.438613E-17
5.559200E+03	4.845288E-16	3.438541E-17
5.559600E+03	4.847423E-16	3.439973E-17
5.559900E+03	4.845956E-16	3.438869E-17
5.560300E+03	4.846529E-16	3.439193E-17
5.560700E+03	4.847661E-16	3.439913E-17
5.561100E+03	4.846113E-16	3.438731E-17
5.561400E+03	4.845205E-16	3.438024E-17
5.561800E+03	4.845555E-16	3.438189E-17
5.562200E+03	4.845793E-16	3.438275E-17
5.562600E+03	4.848598E-16	3.440182E-17
5.562900E+03	4.846015E-16	3.438286E-17
5.563300E+03	4.844357E-16	3.437027E-17
5.563700E+03	4.844484E-16	3.437033E-17
5.564100E+03	4.846061E-16	3.438069E-17
5.564400E+03	4.844594E-16	3.436966E-17
5.564800E+03	4.842825E-16	3.435628E-17
5.565200E+03	4.842618E-16	3.435397E-17
5.565600E+03	4.842522E-16	3.435245E-17
5.565900E+03	4.840052E-16	3.433431E-17
5.566300E+03	4.838062E-16	3.431936E-17
5.566700E+03	4.837410E-16	3.431389E-17
5.567000E+03	4.834944E-16	3.429578E-17
5.567300E+03	4.833925E-16	3.428792E-17
5.567700E+03	4.833050E-16	3.428089E-17
5.568100E+03	4.834735E-16	3.429200E-17
5.568500E+03	4.832525E-16	3.427549E-17
5.568800E+03	4.829617E-16	3.425424E-17
5.569200E+03	4.828075E-16	3.424247E-17
5.569600E+03	4.826757E-16	3.423229E-17
5.570000E+03	4.823439E-16	3.420793E-17
5.570300E+03	4.820425E-16	3.418592E-17
5.570700E+03	4.818554E-16	3.417182E-17
5.571100E+03	4.816461E-16	3.415615E-17
5.571500E+03	4.815812E-16	3.415071E-17
5.571800E+03	4.814908E-16	3.414368E-17
5.572200E+03	4.813372E-16	3.413195E-17
5.572600E+03	4.812279E-16	3.412337E-17
5.573000E+03	4.807753E-16	3.409045E-17
5.573300E+03	4.806519E-16	3.408107E-17
5.573700E+03	4.805097E-16	3.407015E-17
5.574100E+03	4.803784E-16	3.406001E-17
5.574500E+03	4.799378E-16	3.402794E-17
5.574800E+03	4.799030E-16	3.402485E-17
5.575200E+03	4.797388E-16	3.401238E-17
5.575600E+03	4.794091E-16	3.398817E-17
5.576000E+03	4.796314E-16	3.400310E-17
5.576300E+03	4.795304E-16	3.399532E-17
5.576700E+03	4.793002E-16	3.397816E-17
5.577100E+03	4.794562E-16	3.398839E-17
5.577400E+03	4.792891E-16	3.397592E-17
5.577700E+03	4.790778E-16	3.396032E-17
5.578100E+03	4.789581E-16	3.395100E-17
5.578500E+03	4.788273E-16	3.394090E-17
5.578900E+03	4.787627E-16	3.393549E-17
5.579200E+03	4.785075E-16	3.391678E-17
5.579600E+03	4.782888E-16	3.390044E-17
5.580000E+03	4.781912E-16	3.389270E-17
5.580400E+03	4.778186E-16	3.386545E-17
5.580700E+03	4.773881E-16	3.383432E-17
5.581100E+03	4.774776E-16	3.383983E-17
5.581500E+03	4.772153E-16	3.382042E-17
5.581900E+03	4.770631E-16	3.380880E-17
5.582200E+03	4.769956E-16	3.380339E-17
5.582600E+03	4.767995E-16	3.378866E-17
5.583000E+03	4.764498E-16	3.376305E-17
5.583400E+03	4.761224E-16	3.373902E-17
5.583800E+03	4.759156E-16	3.372354E-17
5.584100E+03	4.759031E-16	3.372203E-17
5.584500E+03	4.753899E-16	3.368483E-17
5.584900E+03	4.753695E-16	3.368257E-17
5.585300E+03	4.754148E-16	3.368495E-17
5.585600E+03	4.753695E-16	3.368111E-17
5.586000E+03	4.749334E-16	3.364938E-17
5.586400E+03	4.749350E-16	3.364867E-17
5.586800E+03	4.750240E-16	3.365414E-17
5.587100E+03	4.747819E-16	3.363637E-17
5.587500E+03	4.745102E-16	3.361629E-17
5.587800E+03	4.741372E-16	3.358925E-17
5.588200E+03	4.740733E-16	3.358389E-17
5.588500E+03	4.740718E-16	3.358316E-17
5.588900E+03	4.739423E-16	3.357316E-17
5.589300E+03	4.735512E-16	3.354463E-17
5.589700E+03	4.730296E-16	3.350686E-17
5.590100E+03	4.726065E-16	3.347606E-17
5.590400E+03	4.726050E-16	3.347533E-17
5.590800E+03	4.725413E-16	3.346999E-17
5.591200E+03	4.724558E-16	3.346311E-17
5.591600E+03	4.725661E-16	3.347010E-17
5.591900E+03	4.723905E-16	3.345704E-17
5.592300E+03	4.722398E-16	3.344554E-17
5.592700E+03	4.719587E-16	3.342480E-17
5.593100E+03	4.716778E-16	3.340408E-17
5.593400E+03	4.715350E-16	3.339335E-17
5.593800E+03	4.713087E-16	3.337650E-17
5.594200E+03	4.710390E-16	3.335657E-17
5.594600E+03	4.709429E-16	3.334894E-17
5.594900E+03	4.706595E-16	3.332825E-17
5.595300E+03	4.703685E-16	3.330682E-17
5.595700E+03	4.702185E-16	3.329537E-17
5.596100E+03	4.702525E-16	3.329696E-17
5.596500E+03	4.701999E-16	3.329241E-17
5.596800E+03	4.702092E-16	3.329244E-17
5.597200E+03	4.702973E-16	3.329786E-17
5.597600E+03	4.703422E-16	3.330021E-17
5.597900E+03	4.703949E-16	3.330332E-17
5.598200E+03	4.702308E-16	3.329108E-17
5.598600E+03	4.699942E-16	3.327351E-17
5.599000E+03	4.698984E-16	3.326590E-17
5.599400E+03	4.699107E-16	3.326595E-17
5.599700E+03	4.698876E-16	3.326369E-17
5.600100E+03	4.698892E-16	3.326297E-17
5.600500E+03	4.695121E-16	3.323546E-17
5.600900E+03	4.694272E-16	3.322862E-17
5.601300E+03	4.692235E-16	3.321337E-17
5.601600E+03	4.690599E-16	3.320117E-17
5.602000E+03	4.687699E-16	3.317982E-17
5.602400E+03	4.686959E-16	3.317375E-17
5.602800E+03	4.688594E-16	3.318450E-17
5.603100E+03	4.688147E-16	3.318072E-17
5.603500E+03	4.689242E-16	3.318764E-17
5.603900E+03	4.688178E-16	3.317928E-17
5.604300E+03	4.690460E-16	3.319461E-17
5.604700E+03	4.691557E-16	3.320154E-17
5.605000E+03	4.689057E-16	3.318323E-17
5.605400E+03	4.688317E-16	3.317717E-17
5.605800E+03	4.686821E-16	3.316575E-17
5.606200E+03	4.686621E-16	3.316351E-17
5.606500E+03	4.686822E-16	3.316431E-17
5.606900E+03	4.685003E-16	3.315061E-17
5.607300E+03	4.683724E-16	3.314073E-17
5.607700E+03	4.683416E-16	3.313773E-17
5.608100E+03	4.679659E-16	3.311032E-17
5.608300E+03	4.676489E-16	3.308747E-17
5.608700E+03	4.677581E-16	3.309437E-17
5.609100E+03	4.677705E-16	3.309442E-17
5.609500E+03	4.675459E-16	3.307771E-17
5.609800E+03	4.673722E-16	3.306479E-17
5.610200E+03	4.673953E-16	3.306560E-17
5.610600E+03	4.673215E-16	3.305956E-17
5.611000E+03	4.673662E-16	3.306188E-17
5.611400E+03	4.674323E-16	3.306573E-17
5.611700E+03	4.674738E-16	3.306805E-17
5.612100E+03	4.672924E-16	3.305439E-17
5.612500E+03	4.669820E-16	3.303160E-17
5.612900E+03	4.671342E-16	3.304154E-17
5.613200E+03	4.669714E-16	3.302940E-17
5.613600E+03	4.669622E-16	3.302792E-17
5.614000E+03	4.666305E-16	3.300363E-17
5.614400E+03	4.665461E-16	3.299684E-17
5.614800E+03	4.665477E-16	3.299612E-17
5.615100E+03	4.663313E-16	3.298020E-17
5.615500E+03	4.663544E-16	3.298101E-17
5.615900E+03	4.659910E-16	3.295448E-17
5.616300E+03	4.657244E-16	3.293480E-17
5.616600E+03	4.654013E-16	3.291133E-17
5.617000E+03	4.652958E-16	3.290303E-17
5.617400E+03	4.653830E-16	3.290838E-17
5.617800E+03	4.650740E-16	3.288570E-17
5.618200E+03	4.648400E-16	3.286832E-17
5.618400E+03	4.646106E-16	3.285169E-17
5.618800E+03	4.644090E-16	3.283661E-17
5.619200E+03	4.644213E-16	3.283665E-17
5.619600E+03	4.642625E-16	3.282460E-17
5.620000E+03	4.639862E-16	3.280424E-17
5.620300E+03	4.638245E-16	3.279219E-17
5.620700E+03	4.636018E-16	3.277562E-17
5.621100E+03	4.633472E-16	3.275679E-17
5.621500E+03	4.633488E-16	3.275608E-17
5.621800E+03	4.633153E-16	3.275309E-17
5.622200E+03	4.635302E-16	3.276746E-17
5.622600E+03	4.635105E-16	3.276523E-17
5.623000E+03	4.633947E-16	3.275622E-17
5.623400E+03	4.634603E-16	3.276003E-17
5.623700E+03	4.633841E-16	3.275403E-17
5.624100E+03	4.633003E-16	3.274727E-17
5.624500E+03	4.629180E-16	3.271942E-17
5.624900E+03	4.630368E-16	3.272700E-17
5.625300E+03	4.630277E-16	3.272553E-17
5.625600E+03	4.629729E-16	3.272103E-17
5.626000E+03	4.628253E-16	3.270977E-17
5.626400E+03	4.626138E-16	3.269400E-17
5.626800E+03	4.622001E-16	3.266393E-17
5.627200E+03	4.621166E-16	3.265721E-17
5.627500E+03	4.620512E-16	3.265197E-17
5.627900E+03	4.619358E-16	3.264298E-17
5.628300E+03	4.619054E-16	3.264001E-17
5.628700E+03	4.618963E-16	3.263854E-17
5.628900E+03	4.619982E-16	3.264532E-17
5.629300E+03	4.621274E-16	3.265363E-17
5.629700E+03	4.622461E-16	3.266119E-17
5.630100E+03	4.620455E-16	3.264619E-17
5.630500E+03	4.619938E-16	3.264171E-17
5.630800E+03	4.619073E-16	3.263497E-17
5.631200E+03	4.616537E-16	3.261623E-17
5.631600E+03	4.617084E-16	3.261926E-17
5.632000E+03	4.615399E-16	3.260653E-17
5.632400E+03	4.613077E-16	3.258930E-17
5.632700E+03	4.609347E-16	3.256233E-17
5.633100E+03	4.604589E-16	3.252789E-17
5.633500E+03	4.603226E-16	3.251743E-17
5.633900E+03	4.599322E-16	3.248903E-17
5.634300E+03	4.599337E-16	3.248831E-17
5.634600E+03	4.596676E-16	3.246890E-17
5.635000E+03	4.596268E-16	3.246519E-17
5.635400E+03	4.594380E-16	3.245102E-17
5.635800E+03	4.593655E-16	3.244508E-17
5.636200E+03	4.592719E-16	3.243764E-17
5.636500E+03	4.594819E-16	3.245185E-17
5.636900E+03	4.593884E-16	3.244442E-17
5.637300E+03	4.594005E-16	3.244445E-17
5.637700E+03	4.590002E-16	3.241536E-17
5.638100E+03	4.586849E-16	3.239226E-17
5.638400E+03	4.584723E-16	3.237663E-17
5.638800E+03	4.585161E-16	3.237889E-17
5.639100E+03	4.582507E-16	3.235953E-17
5.639500E+03	4.580624E-16	3.234542E-17
5.639900E+03	4.578953E-16	3.233278E-17
5.640200E+03	4.573775E-16	3.229561E-17
5.640600E+03	4.572421E-16	3.228522E-17
5.641000E+03	4.572437E-16	3.228451E-17
5.641400E+03	4.568875E-16	3.225854E-17
5.641800E+03	4.572469E-16	3.228308E-17
5.642100E+03	4.574982E-16	3.230021E-17
5.642500E+03	4.573417E-16	3.228834E-17
5.642900E+03	4.572381E-16	3.228019E-17
5.643300E+03	4.575767E-16	3.230327E-17
5.643700E+03	4.574519E-16	3.229363E-17
5.644000E+03	4.574504E-16	3.229291E-17
5.644400E+03	4.571045E-16	3.226766E-17
5.644800E+03	4.571798E-16	3.227215E-17
5.645200E+03	4.571708E-16	3.227069E-17
5.645600E+03	4.570251E-16	3.225958E-17
5.645900E+03	4.568237E-16	3.224474E-17
5.646300E+03	4.570988E-16	3.226334E-17
5.646700E+03	4.569636E-16	3.225297E-17
5.647100E+03	4.570178E-16	3.225597E-17
5.647500E+03	4.566408E-16	3.222853E-17
5.647800E+03	4.563870E-16	3.221000E-17
5.648200E+03	4.564096E-16	3.221077E-17
5.648600E+03	4.565583E-16	3.222043E-17
5.649000E+03	4.565915E-16	3.222195E-17
5.649300E+03	4.566321E-16	3.222420E-17
5.649600E+03	4.563994E-16	3.220715E-17
5.650000E+03	4.561594E-16	3.218939E-17
5.650400E+03	4.561294E-16	3.218644E-17
5.650800E+03	4.559210E-16	3.217091E-17
5.651200E+03	4.560591E-16	3.217983E-17
5.651500E+03	4.560261E-16	3.217688E-17
5.651900E+03	4.559648E-16	3.217172E-17
5.652300E+03	4.559663E-16	3.217100E-17
5.652700E+03	4.557475E-16	3.215474E-17
5.653100E+03	4.556022E-16	3.214366E-17
5.653400E+03	4.552861E-16	3.212074E-17
5.653800E+03	4.552563E-16	3.211781E-17
5.654200E+03	4.548388E-16	3.208752E-17
5.654600E+03	4.547356E-16	3.207942E-17
5.655000E+03	4.548733E-16	3.208831E-17
5.655400E+03	4.551893E-16	3.210977E-17
5.655700E+03	4.551878E-16	3.210904E-17
5.656100E+03	4.551161E-16	3.210315E-17
5.656500E+03	4.551386E-16	3.210391E-17
5.656900E+03	4.553079E-16	3.211503E-17
5.657300E+03	4.551942E-16	3.210618E-17
5.657600E+03	4.550670E-16	3.209658E-17
5.658000E+03	4.551210E-16	3.209957E-17
5.658400E+03	4.551121E-16	3.209811E-17
5.658800E+03	4.551137E-16	3.209739E-17
5.659200E+03	4.552306E-16	3.210481E-17
5.659500E+03	4.552815E-16	3.210778E-17
5.659800E+03	4.551334E-16	3.209671E-17
5.660200E+03	4.550198E-16	3.208786E-17
5.660600E+03	4.549376E-16	3.208124E-17
5.661000E+03	4.550753E-16	3.209012E-17
5.661300E+03	4.548225E-16	3.207167E-17
5.661700E+03	4.546043E-16	3.205545E-17
5.662100E+03	4.545326E-16	3.204957E-17
5.662500E+03	4.544295E-16	3.204146E-17
5.662900E+03	4.543474E-16	3.203485E-17
5.663300E+03	4.541293E-16	3.201864E-17
5.663600E+03	4.542116E-16	3.202382E-17
5.664000E+03	4.542655E-16	3.202679E-17
5.664400E+03	4.541939E-16	3.202091E-17
5.664800E+03	4.541745E-16	3.201871E-17
5.665200E+03	4.543330E-16	3.202906E-17
5.665500E+03	4.542271E-16	3.202096E-17
5.665900E+03	4.538837E-16	3.199592E-17
5.666300E+03	4.535718E-16	3.197311E-17
5.666700E+03	4.531871E-16	3.194516E-17
5.667100E+03	4.535437E-16	3.196947E-17
5.667500E+03	4.535975E-16	3.197243E-17
5.667800E+03	4.536587E-16	3.197612E-17
5.668200E+03	4.539634E-16	3.199676E-17
5.668600E+03	4.536202E-16	3.197174E-17
5.669000E+03	4.533607E-16	3.195262E-17
5.669400E+03	4.530701E-16	3.193131E-17
5.669700E+03	4.529436E-16	3.192177E-17
5.670000E+03	4.527962E-16	3.191075E-17
5.670400E+03	4.523809E-16	3.188066E-17
5.670800E+03	4.526430E-16	3.189830E-17
5.671200E+03	4.524674E-16	3.188510E-17
5.671600E+03	4.526254E-16	3.189540E-17
5.671900E+03	4.523739E-16	3.187705E-17
5.672300E+03	4.524484E-16	3.188147E-17
5.672700E+03	4.524397E-16	3.188002E-17
5.673100E+03	4.523371E-16	3.187196E-17
5.673500E+03	4.520471E-16	3.185070E-17
5.673800E+03	4.521499E-16	3.185732E-17
5.674200E+03	4.520994E-16	3.185293E-17
5.674600E+03	4.521114E-16	3.185294E-17
5.675000E+03	4.519257E-16	3.183902E-17
5.675400E+03	4.515424E-16	3.181119E-17
5.675800E+03	4.515960E-16	3.181414E-17
5.676100E+03	4.515322E-16	3.180902E-17
5.676500E+03	4.512843E-16	3.179073E-17
5.676900E+03	4.512133E-16	3.178489E-17
5.677300E+03	4.509759E-16	3.176734E-17
5.677700E+03	4.508323E-16	3.175639E-17
5.678100E+03	4.506885E-16	3.174543E-17
5.678400E+03	4.507286E-16	3.174763E-17
5.678800E+03	4.506784E-16	3.174326E-17
5.679200E+03	4.505762E-16	3.173523E-17
5.679600E+03	4.509203E-16	3.175864E-17
5.680000E+03	4.509116E-16	3.175719E-17
5.680200E+03	4.511564E-16	3.177402E-17
5.680600E+03	4.512099E-16	3.177695E-17
5.681000E+03	4.513363E-16	3.178502E-17
5.681400E+03	4.514834E-16	3.179454E-17
5.681800E+03	4.514227E-16	3.178943E-17
5.682200E+03	4.512061E-16	3.177335E-17
5.682500E+03	4.510800E-16	3.176384E-17
5.682900E+03	4.510816E-16	3.176312E-17
5.683300E+03	4.511974E-16	3.177044E-17
5.683700E+03	4.509498E-16	3.175217E-17
5.684100E+03	4.508061E-16	3.174122E-17
5.684500E+03	4.506728E-16	3.173100E-17
5.684800E+03	4.506195E-16	3.172662E-17
5.685200E+03	4.505485E-16	3.172079E-17
5.685600E+03	4.504464E-16	3.171277E-17
5.686000E+03	4.505518E-16	3.171935E-17
5.686400E+03	4.502215E-16	3.169527E-17
5.686800E+03	4.499952E-16	3.167850E-17
5.687100E+03	4.500351E-16	3.168069E-17
5.687500E+03	4.502441E-16	3.169456E-17
5.687900E+03	4.501316E-16	3.168581E-17
5.688300E+03	4.500401E-16	3.167853E-17
5.688700E+03	4.498655E-16	3.166540E-17
5.689100E+03	4.497222E-16	3.165448E-17
5.689400E+03	4.497000E-16	3.165230E-17
5.689800E+03	4.498881E-16	3.166470E-17
5.690200E+03	4.497551E-16	3.165450E-17
5.690500E+03	4.496916E-16	3.164941E-17
5.690900E+03	4.498693E-16	3.166108E-17
5.691300E+03	4.498191E-16	3.165671E-17
5.691600E+03	4.496934E-16	3.164724E-17
5.692000E+03	4.498711E-16	3.165891E-17
5.692400E+03	4.498210E-16	3.165454E-17
5.692800E+03	4.498226E-16	3.165382E-17
5.693200E+03	4.500210E-16	3.166695E-17
5.693600E+03	4.498673E-16	3.165529E-17
5.693900E+03	4.498038E-16	3.165020E-17
5.694300E+03	4.499296E-16	3.165821E-17
5.694700E+03	4.498278E-16	3.165021E-17
5.695100E+03	4.495394E-16	3.162908E-17
5.695500E+03	4.494376E-16	3.162108E-17
5.695900E+03	4.492013E-16	3.160362E-17
5.696200E+03	4.491585E-16	3.159998E-17
5.696600E+03	4.490774E-16	3.159344E-17
5.697000E+03	4.490894E-16	3.159344E-17
5.697400E+03	4.490599E-16	3.159053E-17
5.697800E+03	4.491340E-16	3.159490E-17
5.698200E+03	4.490735E-16	3.158981E-17
5.698500E+03	4.490618E-16	3.158836E-17
5.698900E+03	4.491462E-16	3.159346E-17
5.699300E+03	4.491375E-16	3.159200E-17
5.699700E+03	4.490151E-16	3.158256E-17
5.700100E+03	4.487893E-16	3.156584E-17
5.700500E+03	4.488426E-16	3.156875E-17
5.700700E+03	4.486522E-16	3.155494E-17
5.701100E+03	4.485196E-16	3.154478E-17
5.701500E+03	4.482115E-16	3.152227E-17
5.701900E+03	4.480790E-16	3.151211E-17
5.702300E+03	4.479156E-16	3.149978E-17
5.702700E+03	4.475358E-16	3.147223E-17
5.703100E+03	4.473004E-16	3.145485E-17
5.703400E+03	4.469902E-16	3.143241E-17
5.703800E+03	4.469507E-16	3.142879E-17
5.704200E+03	4.468700E-16	3.142228E-17
5.704600E+03	4.466555E-16	3.140636E-17
5.705000E+03	4.464516E-16	3.139118E-17
5.705400E+03	4.461141E-16	3.136662E-17
5.705700E+03	4.459381E-16	3.135362E-17
5.706100E+03	4.459809E-16	3.135579E-17
5.706500E+03	4.456847E-16	3.133413E-17
5.706900E+03	4.456863E-16	3.133341E-17
5.707300E+03	4.457291E-16	3.133558E-17
5.707700E+03	4.456588E-16	3.132980E-17
5.708000E+03	4.457396E-16	3.133485E-17
5.708400E+03	4.458747E-16	3.134351E-17
5.708800E+03	4.457634E-16	3.133485E-17
5.709200E+03	4.456932E-16	3.132908E-17
5.709600E+03	4.454383E-16	3.131033E-17
5.710000E+03	4.450914E-16	3.128511E-17
5.710400E+03	4.449188E-16	3.127214E-17
5.710700E+03	4.448356E-16	3.126566E-17
5.711000E+03	4.449059E-16	3.126998E-17
5.711400E+03	4.451330E-16	3.128510E-17
5.711800E+03	4.449501E-16	3.127141E-17
5.712200E+03	4.449006E-16	3.126709E-17
5.712600E+03	4.449637E-16	3.127069E-17
5.712900E+03	4.447062E-16	3.125197E-17
5.713300E+03	4.449332E-16	3.126709E-17
5.713700E+03	4.449963E-16	3.127068E-17
5.714100E+03	4.448340E-16	3.125844E-17
5.714500E+03	4.446718E-16	3.124620E-17
5.714900E+03	4.445301E-16	3.123541E-17
5.715300E+03	4.444192E-16	3.122678E-17
5.715600E+03	4.442030E-16	3.121096E-17
5.716000E+03	4.440819E-16	3.120161E-17
5.716400E+03	4.440120E-16	3.119586E-17
5.716800E+03	4.438603E-16	3.118437E-17
5.717200E+03	4.439539E-16	3.119010E-17
5.717600E+03	4.440782E-16	3.119800E-17
5.718000E+03	4.438857E-16	3.118364E-17
5.718300E+03	4.442626E-16	3.120949E-17
5.718700E+03	4.444075E-16	3.121883E-17
5.719100E+03	4.444500E-16	3.122098E-17
5.719500E+03	4.440425E-16	3.119151E-17
5.719900E+03	4.437274E-16	3.116853E-17
5.720300E+03	4.434736E-16	3.114987E-17
5.720700E+03	4.434447E-16	3.114700E-17
5.721000E+03	4.433718E-16	3.114126E-17
5.721300E+03	4.434114E-16	3.114341E-17
5.721700E+03	4.435356E-16	3.115129E-17
5.722100E+03	4.436801E-16	3.116060E-17
5.722500E+03	4.438657E-16	3.117279E-17
5.722900E+03	4.440617E-16	3.118572E-17
5.723200E+03	4.442035E-16	3.119505E-17
5.723600E+03	4.444813E-16	3.121372E-17
5.724000E+03	4.440533E-16	3.118282E-17
5.724400E+03	4.442288E-16	3.119430E-17
5.724800E+03	4.442919E-16	3.119789E-17
5.725200E+03	4.443549E-16	3.120147E-17
5.725600E+03	4.444794E-16	3.120937E-17
5.725900E+03	4.446008E-16	3.121726E-17
5.726300E+03	4.446844E-16	3.122229E-17
5.726700E+03	4.449524E-16	3.124026E-17
5.727100E+03	4.447594E-16	3.122587E-17
5.727500E+03	4.446587E-16	3.121795E-17
5.727900E+03	4.446911E-16	3.121938E-17
5.728300E+03	4.445289E-16	3.120715E-17
5.728600E+03	4.445685E-16	3.120930E-17
5.729000E+03	4.444371E-16	3.119923E-17
5.729400E+03	4.442648E-16	3.118629E-17
5.729800E+03	4.444302E-16	3.119705E-17
5.730200E+03	4.442579E-16	3.118411E-17
5.730600E+03	4.441573E-16	3.117621E-17
5.731000E+03	4.439953E-16	3.116399E-17
5.731400E+03	4.438334E-16	3.115179E-17
5.731600E+03	4.438292E-16	3.115107E-17
5.732000E+03	4.439023E-16	3.115536E-17
5.732400E+03	4.438018E-16	3.114746E-17
5.732800E+03	4.436706E-16	3.113740E-17
5.733200E+03	4.435293E-16	3.112664E-17
5.733600E+03	4.431124E-16	3.109654E-17
5.734000E+03	4.430528E-16	3.109151E-17
5.734300E+03	4.431841E-16	3.110010E-17
5.734700E+03	4.430940E-16	3.109292E-17
5.735100E+03	4.432385E-16	3.110222E-17
5.735500E+03	4.433831E-16	3.111152E-17
5.735900E+03	4.434255E-16	3.111366E-17
5.736300E+03	4.432434E-16	3.110003E-17
5.736700E+03	4.432145E-16	3.109715E-17
5.737000E+03	4.434276E-16	3.111147E-17
5.737400E+03	4.437254E-16	3.113152E-17
5.737800E+03	4.441155E-16	3.115804E-17
5.738200E+03	4.441478E-16	3.115946E-17
5.738600E+03	4.442518E-16	3.116590E-17
5.739000E+03	4.444581E-16	3.117953E-17
5.739400E+03	4.443472E-16	3.117090E-17
5.739700E+03	4.443152E-16	3.116802E-17
5.740100E+03	4.442350E-16	3.116155E-17
5.740500E+03	4.442981E-16	3.116512E-17
5.740900E+03	4.442997E-16	3.116439E-17
5.741300E+03	4.443935E-16	3.117011E-17
5.741700E+03	4.444258E-16	3.117153E-17
5.742000E+03	4.446088E-16	3.118372E-17
5.742400E+03	4.449381E-16	3.120597E-17
5.742700E+03	4.450598E-16	3.121387E-17
5.743100E+03	4.447848E-16	3.119373E-17
5.743500E+03	4.447353E-16	3.118940E-17
5.743900E+03	4.446244E-16	3.118077E-17
5.744300E+03	4.444111E-16	3.116496E-17
5.744700E+03	4.443002E-16	3.115633E-17
5.745100E+03	4.442609E-16	3.115273E-17
5.745500E+03	4.440478E-16	3.113693E-17
5.745800E+03	4.440057E-16	3.113334E-17
5.746200E+03	4.443244E-16	3.115483E-17
5.746600E+03	4.442544E-16	3.114908E-17
5.747000E+03	4.444607E-16	3.116269E-17
5.747400E+03	4.442271E-16	3.114545E-17
5.747800E+03	4.442185E-16	3.114400E-17
5.748200E+03	4.444146E-16	3.115689E-17
5.748500E+03	4.445259E-16	3.116406E-17
5.748900E+03	4.445890E-16	3.116762E-17
5.749300E+03	4.449286E-16	3.119058E-17
5.749700E+03	4.449303E-16	3.118984E-17
5.750100E+03	4.450344E-16	3.119629E-17
5.750500E+03	4.450771E-16	3.119842E-17
5.750900E+03	4.451813E-16	3.120486E-17
5.751300E+03	4.453881E-16	3.121850E-17
5.751600E+03	4.453970E-16	3.121849E-17
5.752000E+03	4.451628E-16	3.120121E-17
5.752300E+03	4.451001E-16	3.119617E-17
5.752700E+03	4.449481E-16	3.118466E-17
5.753100E+03	4.447653E-16	3.117100E-17
5.753500E+03	4.443371E-16	3.114013E-17
5.753900E+03	4.443490E-16	3.114011E-17
5.754300E+03	4.441972E-16	3.112862E-17
5.754600E+03	4.441653E-16	3.112574E-17
5.755000E+03	4.438295E-16	3.110135E-17
5.755400E+03	4.438925E-16	3.110491E-17
5.755800E+03	4.436899E-16	3.108985E-17
5.756200E+03	4.438652E-16	3.110128E-17
5.756600E+03	4.439180E-16	3.110412E-17
5.757000E+03	4.441037E-16	3.111628E-17
5.757400E+03	4.440339E-16	3.111053E-17
5.757700E+03	4.436340E-16	3.108187E-17
5.758100E+03	4.439524E-16	3.110332E-17
5.758500E+03	4.439235E-16	3.110043E-17
5.758900E+03	4.438638E-16	3.109540E-17
5.759300E+03	4.437735E-16	3.108821E-17
5.759700E+03	4.437446E-16	3.108533E-17
5.760100E+03	4.437054E-16	3.108172E-17
5.760500E+03	4.435131E-16	3.106739E-17
5.760900E+03	4.434636E-16	3.106307E-17
5.761200E+03	4.432786E-16	3.104947E-17
5.761600E+03	4.432803E-16	3.104873E-17
5.762000E+03	4.433228E-16	3.105085E-17
5.762300E+03	4.434032E-16	3.105583E-17
5.762700E+03	4.435581E-16	3.106582E-17
5.763100E+03	4.435393E-16	3.106365E-17
5.763500E+03	4.437147E-16	3.107507E-17
5.763900E+03	4.435325E-16	3.106145E-17
5.764200E+03	4.438479E-16	3.108289E-17
5.764600E+03	4.435839E-16	3.106355E-17
5.765000E+03	4.438615E-16	3.108212E-17
5.765400E+03	4.435873E-16	3.106206E-17
5.765800E+03	4.436810E-16	3.106776E-17
5.766200E+03	4.436316E-16	3.106344E-17
5.766600E+03	4.441852E-16	3.110135E-17
5.767000E+03	4.438700E-16	3.107841E-17
5.767400E+03	4.435856E-16	3.105764E-17
5.767700E+03	4.435638E-16	3.105547E-17
5.768100E+03	4.435656E-16	3.105473E-17
5.768500E+03	4.435468E-16	3.105256E-17
5.768900E+03	4.438244E-16	3.107112E-17
5.769300E+03	4.437239E-16	3.106322E-17
5.769700E+03	4.441345E-16	3.109110E-17
5.770100E+03	4.441464E-16	3.109107E-17
5.770500E+03	4.442197E-16	3.109534E-17
5.770900E+03	4.441498E-16	3.108958E-17
5.771200E+03	4.441178E-16	3.108670E-17
5.771600E+03	4.442116E-16	3.109239E-17
5.772000E+03	4.443872E-16	3.110382E-17
5.772400E+03	4.446243E-16	3.111955E-17
5.772700E+03	4.445616E-16	3.111451E-17
5.773100E+03	4.448500E-16	3.113383E-17
5.773500E+03	4.447902E-16	3.112878E-17
5.773900E+03	4.450891E-16	3.114883E-17
5.774300E+03	4.451420E-16	3.115166E-17
5.774600E+03	4.449665E-16	3.113873E-17
5.775000E+03	4.447633E-16	3.112365E-17
5.775400E+03	4.448470E-16	3.112863E-17
5.775800E+03	4.449922E-16	3.113792E-17
5.776200E+03	4.450554E-16	3.114148E-17
5.776600E+03	4.450878E-16	3.114288E-17
5.777000E+03	4.452023E-16	3.115002E-17
5.777400E+03	4.449887E-16	3.113421E-17
5.777800E+03	4.446525E-16	3.110981E-17
5.778100E+03	4.446410E-16	3.110835E-17
5.778500E+03	4.445096E-16	3.109829E-17
5.778900E+03	4.445113E-16	3.109754E-17
5.779300E+03	4.448100E-16	3.111757E-17
5.779700E+03	4.446990E-16	3.110894E-17
5.780100E+03	4.447110E-16	3.110890E-17
5.780500E+03	4.447331E-16	3.110958E-17
5.780900E+03	4.447553E-16	3.111027E-17
5.781300E+03	4.445318E-16	3.109376E-17
5.781600E+03	4.444179E-16	3.108514E-17
5.782000E+03	4.442560E-16	3.107294E-17
5.782400E+03	4.437159E-16	3.103430E-17
5.782800E+03	4.435848E-16	3.102426E-17
5.783100E+03	4.435324E-16	3.101994E-17
5.783500E+03	4.434729E-16	3.101491E-17
5.783900E+03	4.437401E-16	3.103273E-17
5.784300E+03	4.439667E-16	3.104771E-17
5.784700E+03	4.436618E-16	3.102551E-17
5.785100E+03	4.432858E-16	3.099835E-17
5.785400E+03	4.431314E-16	3.098690E-17
5.785800E+03	4.428883E-16	3.096903E-17
5.786200E+03	4.432879E-16	3.099611E-17
5.786600E+03	4.431875E-16	3.098821E-17
5.787000E+03	4.429852E-16	3.097320E-17
5.787400E+03	4.430074E-16	3.097388E-17
5.787800E+03	4.431519E-16	3.098311E-17
5.788200E+03	4.431434E-16	3.098165E-17
5.788600E+03	4.432777E-16	3.099017E-17
5.788900E+03	4.433479E-16	3.099442E-17
5.789300E+03	4.431557E-16	3.098011E-17
5.789700E+03	4.432085E-16	3.098293E-17
5.790100E+03	4.431388E-16	3.097718E-17
5.790500E+03	4.430181E-16	3.096787E-17
5.790900E+03	4.425915E-16	3.093719E-17
5.791300E+03	4.422571E-16	3.091294E-17
5.791700E+03	4.424931E-16	3.092856E-17
5.792100E+03	4.424744E-16	3.092638E-17
5.792500E+03	4.425067E-16	3.092777E-17
5.792900E+03	4.426103E-16	3.093414E-17
5.793200E+03	4.426600E-16	3.093696E-17
5.793500E+03	4.427404E-16	3.094192E-17
5.793900E+03	4.426503E-16	3.093475E-17
5.794300E+03	4.426928E-16	3.093685E-17
5.794700E+03	4.426334E-16	3.093182E-17
5.795100E+03	4.426758E-16	3.093391E-17
5.795500E+03	4.425552E-16	3.092461E-17
5.795900E+03	4.423634E-16	3.091034E-17
5.796300E+03	4.424467E-16	3.091528E-17
5.796700E+03	4.420614E-16	3.088749E-17
5.797000E+03	4.419583E-16	3.087963E-17
5.797400E+03	4.420008E-16	3.088172E-17
5.797800E+03	4.422570E-16	3.089875E-17
5.798200E+03	4.422689E-16	3.089871E-17
5.798600E+03	4.425253E-16	3.091575E-17
5.799000E+03	4.425271E-16	3.091499E-17
5.799400E+03	4.424880E-16	3.091139E-17
5.799800E+03	4.424795E-16	3.090992E-17
5.800200E+03	4.425832E-16	3.091629E-17
5.800600E+03	4.425951E-16	3.091625E-17
5.801000E+03	4.426885E-16	3.092189E-17
5.801300E+03	4.423714E-16	3.089908E-17
5.801700E+03	4.424852E-16	3.090616E-17
5.802100E+03	4.425889E-16	3.091252E-17
5.802500E+03	4.425294E-16	3.090749E-17
5.802900E+03	4.428268E-16	3.092738E-17
5.803300E+03	4.428080E-16	3.092520E-17
5.803600E+03	4.429190E-16	3.093229E-17
5.804000E+03	4.432676E-16	3.095576E-17
5.804400E+03	4.435654E-16	3.097567E-17
5.804800E+03	4.433425E-16	3.095922E-17
5.805100E+03	4.432392E-16	3.095135E-17
5.805500E+03	4.433328E-16	3.095701E-17
5.805900E+03	4.431305E-16	3.094200E-17
5.806300E+03	4.430505E-16	3.093554E-17
5.806700E+03	4.431849E-16	3.094404E-17
5.807100E+03	4.433499E-16	3.095468E-17
5.807500E+03	4.433007E-16	3.095036E-17
5.807900E+03	4.432922E-16	3.094889E-17
5.808300E+03	4.432531E-16	3.094527E-17
5.808700E+03	4.431528E-16	3.093739E-17
5.809100E+03	4.430015E-16	3.092595E-17
5.809500E+03	4.430338E-16	3.092732E-17
5.809800E+03	4.432774E-16	3.094367E-17
5.810200E+03	4.433710E-16	3.094932E-17
5.810600E+03	4.433217E-16	3.094500E-17
5.811000E+03	4.432112E-16	3.093640E-17
5.811400E+03	4.433151E-16	3.094277E-17
5.811800E+03	4.433474E-16	3.094414E-17
5.812200E+03	4.434819E-16	3.095264E-17
5.812600E+03	4.431876E-16	3.093122E-17
5.813000E+03	4.431893E-16	3.093045E-17
5.813400E+03	4.432523E-16	3.093397E-17
5.813700E+03	4.432919E-16	3.093606E-17
5.814100E+03	4.432630E-16	3.093316E-17
5.814400E+03	4.432413E-16	3.093099E-17
5.814800E+03	4.433146E-16	3.093522E-17
5.815200E+03	4.434490E-16	3.094371E-17
5.815600E+03	4.434711E-16	3.094437E-17
5.816000E+03	4.435342E-16	3.094789E-17
5.816400E+03	4.435155E-16	3.094569E-17
5.816800E+03	4.436705E-16	3.095562E-17
5.817200E+03	4.437540E-16	3.096056E-17
5.817600E+03	4.436841E-16	3.095480E-17
5.818000E+03	4.437574E-16	3.095903E-17
5.818400E+03	4.438511E-16	3.096468E-17
5.818800E+03	4.438223E-16	3.096178E-17
5.819100E+03	4.440357E-16	3.097600E-17
5.819500E+03	4.439249E-16	3.096738E-17
5.819900E+03	4.441005E-16	3.097874E-17
5.820300E+03	4.441227E-16	3.097940E-17
5.820700E+03	4.443290E-16	3.099290E-17
5.821100E+03	4.443615E-16	3.099428E-17
5.821500E+03	4.443836E-16	3.099494E-17
5.821900E+03	4.443138E-16	3.098918E-17
5.822300E+03	4.441723E-16	3.097842E-17
5.822700E+03	4.442253E-16	3.098122E-17
5.823100E+03	4.444726E-16	3.099757E-17
5.823500E+03	4.447200E-16	3.101394E-17
5.823800E+03	4.448724E-16	3.102390E-17
5.824100E+03	4.449736E-16	3.103029E-17
5.824500E+03	4.451905E-16	3.104452E-17
5.824900E+03	4.454077E-16	3.105877E-17
5.825300E+03	4.453786E-16	3.105585E-17
5.825700E+03	4.456779E-16	3.107582E-17
5.826100E+03	4.457002E-16	3.107648E-17
5.826500E+03	4.459894E-16	3.109575E-17
5.826900E+03	4.459912E-16	3.109498E-17
5.827300E+03	4.460340E-16	3.109707E-17
5.827700E+03	4.460769E-16	3.109916E-17
5.828100E+03	4.458219E-16	3.108049E-17
5.828500E+03	4.458031E-16	3.107828E-17
5.828900E+03	4.455279E-16	3.105820E-17
5.829200E+03	4.454240E-16	3.105029E-17
5.829600E+03	4.455694E-16	3.105953E-17
5.830000E+03	4.456943E-16	3.106733E-17
5.830400E+03	4.458398E-16	3.107657E-17
5.830800E+03	4.456158E-16	3.106007E-17
5.831200E+03	4.455355E-16	3.105357E-17
5.831600E+03	4.456398E-16	3.105995E-17
5.832000E+03	4.455287E-16	3.105131E-17
5.832400E+03	4.453356E-16	3.103695E-17
5.832800E+03	4.455425E-16	3.105047E-17
5.833200E+03	4.456263E-16	3.105541E-17
5.833600E+03	4.455358E-16	3.104820E-17
5.834000E+03	4.455581E-16	3.104886E-17
5.834300E+03	4.457005E-16	3.105811E-17
5.834600E+03	4.458738E-16	3.106951E-17
5.835000E+03	4.458550E-16	3.106730E-17
5.835400E+03	4.459390E-16	3.107225E-17
5.835800E+03	4.458996E-16	3.106861E-17
5.836200E+03	4.460349E-16	3.107713E-17
5.836600E+03	4.462318E-16	3.108995E-17
5.837000E+03	4.463775E-16	3.109920E-17
5.837400E+03	4.466466E-16	3.111705E-17
5.837800E+03	4.465147E-16	3.110695E-17
5.838200E+03	4.466913E-16	3.111835E-17
5.838600E+03	4.465388E-16	3.110682E-17
5.839000E+03	4.469212E-16	3.113256E-17
5.839400E+03	4.470876E-16	3.114325E-17
5.839800E+03	4.472850E-16	3.115610E-17
5.840100E+03	4.474384E-16	3.116610E-17
5.840500E+03	4.472547E-16	3.115240E-17
5.840900E+03	4.471432E-16	3.114373E-17
5.841300E+03	4.469700E-16	3.113076E-17
5.841700E+03	4.474661E-16	3.116440E-17
5.842100E+03	4.476740E-16	3.117798E-17
5.842500E+03	4.477376E-16	3.118150E-17
5.842900E+03	4.479353E-16	3.119436E-17
5.843300E+03	4.480918E-16	3.120435E-17
5.843700E+03	4.483517E-16	3.122154E-17
5.844100E+03	4.487356E-16	3.124736E-17
5.844500E+03	4.488303E-16	3.125305E-17
5.844800E+03	4.490462E-16	3.126739E-17
5.845200E+03	4.491514E-16	3.127381E-17
5.845600E+03	4.493808E-16	3.128887E-17
5.846000E+03	4.494654E-16	3.129385E-17
5.846300E+03	4.495676E-16	3.130028E-17
5.846700E+03	4.494866E-16	3.129373E-17
5.847100E+03	4.496747E-16	3.130591E-17
5.847500E+03	4.497180E-16	3.130801E-17
5.847900E+03	4.499788E-16	3.132525E-17
5.848300E+03	4.501049E-16	3.133311E-17
5.848700E+03	4.502622E-16	3.134315E-17
5.849100E+03	4.503987E-16	3.135173E-17
5.849500E+03	4.504317E-16	3.135311E-17
5.849900E+03	4.505891E-16	3.136315E-17
5.850300E+03	4.505287E-16	3.135803E-17
5.850700E+03	4.506446E-16	3.136518E-17
5.851100E+03	4.504700E-16	3.135211E-17
5.851500E+03	4.505860E-16	3.135926E-17
5.851900E+03	4.507123E-16	3.136714E-17
5.852300E+03	4.509425E-16	3.138224E-17
5.852700E+03	4.508197E-16	3.137277E-17
5.853000E+03	4.510054E-16	3.138500E-17
5.853400E+03	4.508618E-16	3.137409E-17
5.853800E+03	4.509986E-16	3.138269E-17
5.854200E+03	4.510523E-16	3.138551E-17
5.854600E+03	4.505351E-16	3.134861E-17
5.854900E+03	4.502746E-16	3.132979E-17
5.855300E+03	4.500899E-16	3.131601E-17
5.855700E+03	4.500502E-16	3.131234E-17
5.856100E+03	4.498448E-16	3.129713E-17
5.856500E+03	4.498259E-16	3.129489E-17
5.856900E+03	4.499312E-16	3.130130E-17
5.857300E+03	4.496741E-16	3.128250E-17
5.857700E+03	4.495414E-16	3.127234E-17
5.858100E+03	4.497606E-16	3.128667E-17
5.858500E+03	4.500732E-16	3.130750E-17
5.858900E+03	4.502719E-16	3.132040E-17
5.859300E+03	4.502945E-16	3.132105E-17
5.859700E+03	4.504933E-16	3.133396E-17
5.860000E+03	4.502121E-16	3.131371E-17
5.860400E+03	4.502451E-16	3.131508E-17
5.860800E+03	4.500499E-16	3.130058E-17
5.861200E+03	4.501450E-16	3.130627E-17
5.861600E+03	4.501261E-16	3.130404E-17
5.862000E+03	4.500553E-16	3.129819E-17
5.862400E+03	4.499431E-16	3.128947E-17
5.862800E+03	4.500278E-16	3.129444E-17
5.863200E+03	4.499364E-16	3.128716E-17
5.863600E+03	4.500315E-16	3.129285E-17
5.864000E+03	4.504376E-16	3.132016E-17
5.864400E+03	4.504394E-16	3.131936E-17
5.864800E+03	4.504412E-16	3.131856E-17
5.865100E+03	4.507409E-16	3.133871E-17
5.865500E+03	4.507946E-16	3.134151E-17
5.865900E+03	4.509522E-16	3.135154E-17
5.866300E+03	4.514111E-16	3.138253E-17
5.866700E+03	4.515896E-16	3.139401E-17
5.867100E+03	4.514668E-16	3.138454E-17
5.867500E+03	4.515517E-16	3.138951E-17
5.867800E+03	4.512491E-16	3.136778E-17
5.868200E+03	4.510120E-16	3.135037E-17
5.868600E+03	4.511592E-16	3.135968E-17
5.869000E+03	4.513273E-16	3.137043E-17
5.869400E+03	4.511836E-16	3.135952E-17
5.869800E+03	4.514037E-16	3.137389E-17
5.870200E+03	4.513536E-16	3.136947E-17
5.870600E+03	4.514281E-16	3.137373E-17
5.871000E+03	4.512740E-16	3.136209E-17
5.871400E+03	4.512863E-16	3.136201E-17
5.871800E+03	4.512985E-16	3.136193E-17
5.872200E+03	4.513731E-16	3.136618E-17
5.872600E+03	4.511567E-16	3.135021E-17
5.873000E+03	4.512313E-16	3.135447E-17
5.873400E+03	4.511915E-16	3.135077E-17
5.873800E+03	4.513804E-16	3.136296E-17
5.874200E+03	4.514134E-16	3.136433E-17
5.874600E+03	4.512177E-16	3.134980E-17
5.875000E+03	4.510534E-16	3.133745E-17
5.875400E+03	4.507022E-16	3.131213E-17
5.875700E+03	4.508152E-16	3.131928E-17
5.876100E+03	4.509935E-16	3.133073E-17
5.876400E+03	4.509403E-16	3.132634E-17
5.876800E+03	4.507761E-16	3.131400E-17
5.877200E+03	4.507572E-16	3.131175E-17
5.877600E+03	4.508316E-16	3.131599E-17
5.878000E+03	4.509788E-16	3.132528E-17
5.878400E+03	4.509183E-16	3.132015E-17
5.878800E+03	4.508060E-16	3.131142E-17
5.879200E+03	4.510569E-16	3.132791E-17
5.879600E+03	4.509238E-16	3.131774E-17
5.880000E+03	4.511853E-16	3.133496E-17
5.880400E+03	4.513222E-16	3.134354E-17
5.880800E+03	4.516775E-16	3.136728E-17
5.881200E+03	4.513051E-16	3.134048E-17
5.881600E+03	4.509953E-16	3.131803E-17
5.882000E+03	4.507583E-16	3.130064E-17
5.882400E+03	4.505941E-16	3.128830E-17
5.882800E+03	4.504300E-16	3.127598E-17
5.883200E+03	4.504940E-16	3.127949E-17
5.883600E+03	4.503818E-16	3.127076E-17
5.884000E+03	4.506637E-16	3.128940E-17
5.884400E+03	4.506966E-16	3.129075E-17
5.884800E+03	4.507815E-16	3.129571E-17
5.885200E+03	4.505551E-16	3.127905E-17
5.885600E+03	4.503702E-16	3.126528E-17
5.885900E+03	4.501201E-16	3.124722E-17
5.886300E+03	4.498422E-16	3.122700E-17
5.886600E+03	4.496650E-16	3.121399E-17
5.887000E+03	4.496771E-16	3.121390E-17
5.887400E+03	4.496893E-16	3.121381E-17
5.887800E+03	4.494427E-16	3.119576E-17
5.888200E+03	4.496102E-16	3.120645E-17
5.888600E+03	4.495188E-16	3.119917E-17
5.889000E+03	4.494689E-16	3.119478E-17
5.889400E+03	4.494811E-16	3.119469E-17
5.889800E+03	4.492967E-16	3.118095E-17
5.890200E+03	4.492985E-16	3.118014E-17
5.890600E+03	4.489177E-16	3.115278E-17
5.891000E+03	4.485786E-16	3.112831E-17
5.891400E+03	4.484151E-16	3.111604E-17
5.891800E+03	4.482931E-16	3.110664E-17
5.892200E+03	4.477481E-16	3.106789E-17
5.892600E+03	4.476263E-16	3.105851E-17
5.893000E+03	4.478962E-16	3.107630E-17
5.893400E+03	4.476093E-16	3.105546E-17
5.893800E+03	4.476421E-16	3.105680E-17
5.894200E+03	4.472935E-16	3.103169E-17
5.894600E+03	4.470072E-16	3.101089E-17
5.895000E+03	4.469369E-16	3.100508E-17
5.895400E+03	4.462600E-16	3.095719E-17
5.895800E+03	4.460667E-16	3.094285E-17
5.896100E+03	4.459423E-16	3.093352E-17
5.896500E+03	4.457901E-16	3.092203E-17
5.896900E+03	4.456379E-16	3.091054E-17
5.897300E+03	4.456705E-16	3.091188E-17
5.897700E+03	4.458263E-16	3.092175E-17
5.898100E+03	4.457049E-16	3.091240E-17
5.898500E+03	4.456350E-16	3.090661E-17
5.898900E+03	4.451343E-16	3.087096E-17
5.899300E+03	4.451669E-16	3.087229E-17
5.899600E+03	4.448582E-16	3.085019E-17
5.900000E+03	4.444096E-16	3.081814E-17
5.900400E+03	4.442170E-16	3.080386E-17
5.900800E+03	4.442086E-16	3.080235E-17
5.901200E+03	4.438730E-16	3.077815E-17
5.901600E+03	4.437215E-16	3.076671E-17
5.902000E+03	4.435190E-16	3.075174E-17
5.902400E+03	4.433575E-16	3.073961E-17
5.902800E+03	4.434512E-16	3.074518E-17
5.903200E+03	4.431162E-16	3.072103E-17
5.903600E+03	4.428324E-16	3.070043E-17
5.904000E+03	4.428444E-16	3.070033E-17
5.904400E+03	4.427136E-16	3.069033E-17
5.904800E+03	4.426951E-16	3.068812E-17
5.905200E+03	4.423403E-16	3.066260E-17
5.905600E+03	4.424236E-16	3.066744E-17
5.906000E+03	4.420487E-16	3.064053E-17
5.906300E+03	4.419254E-16	3.063128E-17
5.906700E+03	4.417034E-16	3.061497E-17
5.907100E+03	4.412782E-16	3.058457E-17
5.907500E+03	4.409347E-16	3.055984E-17
5.907900E+03	4.406624E-16	3.054004E-17
5.908300E+03	4.402788E-16	3.051253E-17
5.908700E+03	4.398449E-16	3.048153E-17
5.909100E+03	4.396139E-16	3.046460E-17
5.909500E+03	4.392311E-16	3.043715E-17
5.909900E+03	4.389195E-16	3.041464E-17
5.910300E+03	4.386081E-16	3.039214E-17
5.910700E+03	4.383979E-16	3.037665E-17
5.911100E+03	4.382180E-16	3.036326E-17
5.911500E+03	4.383611E-16	3.037225E-17
5.911900E+03	4.379695E-16	3.034420E-17
5.912300E+03	4.376789E-16	3.032314E-17
5.912700E+03	4.374289E-16	3.030490E-17
5.913100E+03	4.373400E-16	3.029782E-17
5.913500E+03	4.371706E-16	3.028516E-17
5.913900E+03	4.368605E-16	3.026276E-17
5.914300E+03	4.368019E-16	3.025778E-17
5.914700E+03	4.366730E-16	3.024793E-17
5.915100E+03	4.364436E-16	3.023111E-17
5.915500E+03	4.360637E-16	3.020388E-17
5.915900E+03	4.355637E-16	3.016833E-17
5.916300E+03	4.352346E-16	3.014462E-17
5.916600E+03	4.351333E-16	3.013691E-17
5.917000E+03	4.349948E-16	3.012640E-17
5.917400E+03	4.346262E-16	3.009995E-17
5.917800E+03	4.342679E-16	3.007422E-17
5.918200E+03	4.340397E-16	3.005750E-17
5.918600E+03	4.336519E-16	3.002973E-17
5.919000E+03	4.332345E-16	2.999991E-17
5.919400E+03	4.329571E-16	2.997978E-17
5.919800E+03	4.326997E-16	2.996105E-17
5.920100E+03	4.322704E-16	2.993063E-17
5.920500E+03	4.323020E-16	2.993191E-17
5.920900E+03	4.319356E-16	2.990563E-17
5.921300E+03	4.312914E-16	2.986011E-17
5.921700E+03	4.309556E-16	2.983595E-17
5.922100E+03	4.307194E-16	2.981868E-17
5.922500E+03	4.303543E-16	2.979250E-17
5.922900E+03	4.302768E-16	2.978622E-17
5.923300E+03	4.302489E-16	2.978338E-17
5.923700E+03	4.298051E-16	2.975174E-17
5.924100E+03	4.296189E-16	2.973795E-17
5.924500E+03	4.292844E-16	2.971388E-17
5.924900E+03	4.289898E-16	2.969258E-17
5.925300E+03	4.289323E-16	2.968769E-17
5.925700E+03	4.287958E-16	2.967733E-17
5.926100E+03	4.283141E-16	2.964308E-17
5.926500E+03	4.282073E-16	2.963478E-17
5.926800E+03	4.278317E-16	2.960811E-17
5.927200E+03	4.274593E-16	2.958143E-17
5.927600E+03	4.272446E-16	2.956566E-17
5.928000E+03	4.270889E-16	2.955398E-17
5.928400E+03	4.267860E-16	2.953211E-17
5.928800E+03	4.265716E-16	2.951637E-17
5.929200E+03	4.264064E-16	2.950403E-17
5.929600E+03	4.261627E-16	2.948627E-17
5.930000E+03	4.258408E-16	2.946309E-17
5.930400E+03	4.255485E-16	2.944196E-17
5.930800E+03	4.253249E-16	2.942559E-17
5.931200E+03	4.253071E-16	2.942345E-17
5.931600E+03	4.251228E-16	2.940980E-17
5.932000E+03	4.249582E-16	2.939750E-17
5.932400E+03	4.246665E-16	2.937642E-17
5.932800E+03	4.246096E-16	2.937158E-17
5.933200E+03	4.244159E-16	2.935728E-17
5.933600E+03	4.244177E-16	2.935650E-17
5.934000E+03	4.244390E-16	2.935706E-17
5.934400E+03	4.243626E-16	2.935087E-17
5.934800E+03	4.240713E-16	2.932983E-17
5.935200E+03	4.240340E-16	2.932634E-17
5.935600E+03	4.238014E-16	2.930935E-17
5.936000E+03	4.235300E-16	2.928968E-17
5.936400E+03	4.234148E-16	2.928080E-17
5.936800E+03	4.229976E-16	2.925105E-17
5.937100E+03	4.227237E-16	2.923144E-17
5.937500E+03	4.225407E-16	2.921788E-17
5.937900E+03	4.222312E-16	2.919557E-17
5.938300E+03	4.221454E-16	2.918874E-17
5.938700E+03	4.223125E-16	2.919939E-17
5.939100E+03	4.221198E-16	2.918517E-17
5.939500E+03	4.219660E-16	2.917363E-17
5.939900E+03	4.216570E-16	2.915137E-17
5.940300E+03	4.213869E-16	2.913179E-17
5.940700E+03	4.213693E-16	2.912968E-17
5.941100E+03	4.213710E-16	2.912889E-17
5.941500E+03	4.209945E-16	2.910196E-17
5.941900E+03	4.209769E-16	2.909984E-17
5.942300E+03	4.205717E-16	2.907093E-17
5.942700E+03	4.203992E-16	2.905811E-17
5.943100E+03	4.203719E-16	2.905532E-17
5.943500E+03	4.201994E-16	2.904250E-17
5.943900E+03	4.201528E-16	2.903838E-17
5.944300E+03	4.199030E-16	2.902022E-17
5.944700E+03	4.197115E-16	2.900608E-17
5.945100E+03	4.196746E-16	2.900263E-17
5.945500E+03	4.194251E-16	2.898449E-17
5.945900E+03	4.192628E-16	2.897237E-17
5.946300E+03	4.191873E-16	2.896626E-17
5.946700E+03	4.191601E-16	2.896348E-17
5.947100E+03	4.191908E-16	2.896470E-17
5.947400E+03	4.187459E-16	2.893328E-17
5.947800E+03	4.185163E-16	2.891652E-17
5.948200E+03	4.184795E-16	2.891308E-17
5.948600E+03	4.186065E-16	2.892096E-17
5.949000E+03	4.188010E-16	2.893350E-17
5.949400E+03	4.189764E-16	2.894471E-17
5.949800E+03	4.189202E-16	2.893993E-17
5.950200E+03	4.190667E-16	2.894915E-17
5.950600E+03	4.191843E-16	2.895637E-17
5.951000E+03	4.191185E-16	2.895092E-17
5.951400E+03	4.188115E-16	2.892881E-17
5.951800E+03	4.185722E-16	2.891139E-17
5.952200E+03	4.183234E-16	2.889330E-17
5.952600E+03	4.178535E-16	2.885994E-17
5.953000E+03	4.174801E-16	2.883326E-17
5.953400E+03	4.177223E-16	2.884908E-17
5.953800E+03	4.174932E-16	2.883236E-17
5.954200E+03	4.171970E-16	2.881101E-17
5.954600E+03	4.169586E-16	2.879365E-17
5.955000E+03	4.168932E-16	2.878824E-17
5.955400E+03	4.166167E-16	2.876824E-17
5.955800E+03	4.164649E-16	2.875686E-17
5.956200E+03	4.162079E-16	2.873822E-17
5.956600E+03	4.159318E-16	2.871825E-17
5.957100E+03	4.157735E-16	2.870620E-17
5.957500E+03	4.155838E-16	2.869221E-17
5.957800E+03	4.155253E-16	2.868750E-17
5.958200E+03	4.153644E-16	2.867549E-17
5.958600E+03	4.155383E-16	2.868661E-17
5.959000E+03	4.155018E-16	2.868318E-17
5.959400E+03	4.154078E-16	2.867580E-17
5.959800E+03	4.153331E-16	2.866974E-17
5.960200E+03	4.151340E-16	2.865511E-17
5.960600E+03	4.151262E-16	2.865367E-17
5.961000E+03	4.152713E-16	2.866279E-17
5.961400E+03	4.152826E-16	2.866267E-17
5.961800E+03	4.152365E-16	2.865859E-17
5.962200E+03	4.150662E-16	2.864594E-17
5.962600E+03	4.152305E-16	2.865637E-17
5.963000E+03	4.155669E-16	2.867869E-17
5.963400E+03	4.158367E-16	2.869641E-17
5.963800E+03	4.158576E-16	2.869695E-17
5.964200E+03	4.159167E-16	2.870013E-17
5.964600E+03	4.161963E-16	2.871852E-17
5.965000E+03	4.160735E-16	2.870915E-17
5.965400E+03	4.159507E-16	2.869977E-17
5.965800E+03	4.159524E-16	2.869899E-17
5.966200E+03	4.159350E-16	2.869689E-17
5.966600E+03	4.160516E-16	2.870403E-17
5.967000E+03	4.158619E-16	2.869004E-17
5.967400E+03	4.158157E-16	2.868595E-17
5.967800E+03	4.155112E-16	2.866404E-17
5.968100E+03	4.157206E-16	2.867781E-17
5.968500E+03	4.156745E-16	2.867373E-17
5.968900E+03	4.154084E-16	2.865447E-17
5.969300E+03	4.156301E-16	2.866886E-17
5.969700E+03	4.156223E-16	2.866742E-17
5.970100E+03	4.158250E-16	2.868050E-17
5.970500E+03	4.157693E-16	2.867575E-17
5.970900E+03	4.158668E-16	2.868157E-17
5.971300E+03	4.161655E-16	2.870127E-17
5.971700E+03	4.160044E-16	2.868925E-17
5.972100E+03	4.158433E-16	2.867724E-17
5.972500E+03	4.155866E-16	2.865863E-17
5.972900E+03	4.154831E-16	2.865059E-17
5.973300E+03	4.155901E-16	2.865706E-17
5.973700E+03	4.156014E-16	2.865694E-17
5.974100E+03	4.156318E-16	2.865813E-17
5.974500E+03	4.158633E-16	2.867318E-17
5.974900E+03	4.159033E-16	2.867504E-17
5.975300E+03	4.162212E-16	2.869605E-17
5.975700E+03	4.161942E-16	2.869328E-17
5.976100E+03	4.163493E-16	2.870307E-17
5.976500E+03	4.163511E-16	2.870228E-17
5.976900E+03	4.163911E-16	2.870414E-17
5.977300E+03	4.160958E-16	2.868287E-17
5.977800E+03	4.162249E-16	2.869063E-17
5.978200E+03	4.166101E-16	2.871628E-17
5.978500E+03	4.166571E-16	2.871883E-17
5.978900E+03	4.166492E-16	2.871738E-17
5.979300E+03	4.167565E-16	2.872387E-17
5.979700E+03	4.165471E-16	2.870853E-17
5.980100E+03	4.165585E-16	2.870840E-17
5.980500E+03	4.165410E-16	2.870629E-17
5.980900E+03	4.164853E-16	2.870153E-17
5.981300E+03	4.162665E-16	2.868555E-17
5.981700E+03	4.160670E-16	2.867089E-17
5.982100E+03	4.159538E-16	2.866218E-17
5.982500E+03	4.160417E-16	2.866733E-17
5.982900E+03	4.161297E-16	2.867248E-17
5.983300E+03	4.163327E-16	2.868556E-17
5.983700E+03	4.163824E-16	2.868807E-17
5.984100E+03	4.166431E-16	2.870512E-17
5.984500E+03	4.167887E-16	2.871424E-17
5.984900E+03	4.167617E-16	2.871147E-17
5.985300E+03	4.167251E-16	2.870803E-17
5.985700E+03	4.168803E-16	2.871781E-17
5.986100E+03	4.170069E-16	2.872562E-17
5.986500E+03	4.169894E-16	2.872350E-17
5.986900E+03	4.170104E-16	2.872403E-17
5.987300E+03	4.169161E-16	2.871662E-17
5.987700E+03	4.166108E-16	2.869468E-17
5.988100E+03	4.166221E-16	2.869454E-17
5.988500E+03	4.168734E-16	2.871093E-17
5.988800E+03	4.166707E-16	2.869629E-17
5.989200E+03	4.167493E-16	2.870079E-17
5.989600E+03	4.168277E-16	2.870528E-17
5.990000E+03	4.168487E-16	2.870580E-17
5.990500E+03	4.168629E-16	2.870564E-17
5.990900E+03	4.167398E-16	2.869625E-17
5.991300E+03	4.167896E-16	2.869876E-17
5.991700E+03	4.167722E-16	2.869665E-17
5.992100E+03	4.170811E-16	2.871700E-17
5.992500E+03	4.172366E-16	2.872679E-17
5.992900E+03	4.172671E-16	2.872797E-17
5.993300E+03	4.171920E-16	2.872188E-17
5.993700E+03	4.172899E-16	2.872770E-17
5.994100E+03	4.174454E-16	2.873749E-17
5.994500E+03	4.173990E-16	2.873338E-17
5.994900E+03	4.178336E-16	2.876237E-17
5.995300E+03	4.178738E-16	2.876422E-17
5.995700E+03	4.180391E-16	2.877468E-17
5.996100E+03	4.179157E-16	2.876527E-17
5.996500E+03	4.180522E-16	2.877374E-17
5.996900E+03	4.180925E-16	2.877559E-17
5.997300E+03	4.182965E-16	2.878871E-17
5.997700E+03	4.181923E-16	2.878062E-17
5.998100E+03	4.184638E-16	2.879838E-17
5.998500E+03	4.187064E-16	2.881415E-17
5.998800E+03	4.187536E-16	2.881670E-17
5.999200E+03	4.188614E-16	2.882320E-17
5.999600E+03	4.190947E-16	2.883833E-17
6.000000E+03	4.191061E-16	2.883819E-17
6.000400E+03	4.193492E-16	2.885399E-17
6.000900E+03	4.191415E-16	2.883854E-17
6.001300E+03	4.191336E-16	2.883707E-17
6.001700E+03	4.193380E-16	2.885021E-17
6.002100E+03	4.192336E-16	2.884210E-17
6.002500E+03	4.191871E-16	2.883798E-17
6.002900E+03	4.193143E-16	2.884580E-17
6.003300E+03	4.193644E-16	2.884832E-17
6.003700E+03	4.194047E-16	2.885017E-17
6.004100E+03	4.191459E-16	2.883143E-17
6.004500E+03	4.190415E-16	2.882333E-17
6.004900E+03	4.189274E-16	2.881455E-17
6.005300E+03	4.186882E-16	2.879717E-17
6.005700E+03	4.187670E-16	2.880167E-17
6.006100E+03	4.187110E-16	2.879688E-17
6.006500E+03	4.189635E-16	2.881332E-17
6.006900E+03	4.189556E-16	2.881185E-17
6.007300E+03	4.187838E-16	2.879911E-17
6.007700E+03	4.189109E-16	2.880692E-17
6.008100E+03	4.188548E-16	2.880213E-17
6.008500E+03	4.186443E-16	2.878674E-17
6.008900E+03	4.188969E-16	2.880317E-17
6.009200E+03	4.192817E-16	2.882894E-17
6.009700E+03	4.193829E-16	2.883473E-17
6.010100E+03	4.194522E-16	2.883857E-17
6.010500E+03	4.195700E-16	2.884573E-17
6.010900E+03	4.195427E-16	2.884292E-17
6.011300E+03	4.196217E-16	2.884743E-17
6.011700E+03	4.195269E-16	2.883998E-17
6.012100E+03	4.194804E-16	2.883585E-17
6.012500E+03	4.195112E-16	2.883703E-17
6.012900E+03	4.195902E-16	2.884153E-17
6.013300E+03	4.197852E-16	2.885400E-17
6.013700E+03	4.198450E-16	2.885718E-17
6.014100E+03	4.202723E-16	2.888561E-17
6.014500E+03	4.204289E-16	2.889544E-17
6.014900E+03	4.204017E-16	2.889263E-17
6.015300E+03	4.204906E-16	2.889781E-17
6.015700E+03	4.203471E-16	2.888702E-17
6.016100E+03	4.202135E-16	2.887690E-17
6.016500E+03	4.204087E-16	2.888938E-17
6.016900E+03	4.204493E-16	2.889123E-17
6.017300E+03	4.202768E-16	2.887844E-17
6.017800E+03	4.204363E-16	2.888823E-17
6.018200E+03	4.201671E-16	2.886879E-17
6.018600E+03	4.201495E-16	2.886665E-17
6.019000E+03	4.201416E-16	2.886517E-17
6.019300E+03	4.201114E-16	2.886240E-17
6.019700E+03	4.200745E-16	2.885893E-17
6.020100E+03	4.200472E-16	2.885611E-17
6.020500E+03	4.196913E-16	2.883073E-17
6.020900E+03	4.196448E-16	2.882659E-17
6.021300E+03	4.196369E-16	2.882512E-17
6.021700E+03	4.195614E-16	2.881899E-17
6.022100E+03	4.194666E-16	2.881154E-17
6.022500E+03	4.195262E-16	2.881470E-17
6.022900E+03	4.196826E-16	2.882451E-17
6.023300E+03	4.198487E-16	2.883498E-17
6.023700E+03	4.195798E-16	2.881557E-17
6.024100E+03	4.196106E-16	2.881675E-17
6.024500E+03	4.195061E-16	2.880863E-17
6.025000E+03	4.194528E-16	2.880380E-17
6.025400E+03	4.192035E-16	2.878574E-17
6.025800E+03	4.189640E-16	2.876836E-17
6.026200E+03	4.189465E-16	2.876622E-17
6.026600E+03	4.188228E-16	2.875679E-17
6.027000E+03	4.187861E-16	2.875333E-17
6.027400E+03	4.187204E-16	2.874788E-17
6.027800E+03	4.187703E-16	2.875038E-17
6.028200E+03	4.189842E-16	2.876412E-17
6.028600E+03	4.190053E-16	2.876463E-17
6.029000E+03	4.190456E-16	2.876646E-17
6.029400E+03	4.192019E-16	2.877625E-17
6.029700E+03	4.192779E-16	2.878076E-17
6.030100E+03	4.192604E-16	2.877862E-17
6.030500E+03	4.194457E-16	2.879040E-17
6.030900E+03	4.193219E-16	2.878096E-17
6.031400E+03	4.193651E-16	2.878275E-17
6.031800E+03	4.194248E-16	2.878591E-17
6.032200E+03	4.194943E-16	2.878973E-17
6.032600E+03	4.193028E-16	2.877565E-17
6.033000E+03	4.191308E-16	2.876291E-17
6.033400E+03	4.192388E-16	2.876938E-17
6.033800E+03	4.193950E-16	2.877915E-17
6.034200E+03	4.192713E-16	2.876972E-17
6.034600E+03	4.190028E-16	2.875036E-17
6.035000E+03	4.189371E-16	2.874491E-17
6.035400E+03	4.187556E-16	2.873151E-17
6.035800E+03	4.189213E-16	2.874194E-17
6.036200E+03	4.187687E-16	2.873053E-17
6.036600E+03	4.185006E-16	2.871120E-17
6.037000E+03	4.182134E-16	2.869055E-17
6.037400E+03	4.180804E-16	2.868048E-17
6.037900E+03	4.180368E-16	2.867632E-17
6.038300E+03	4.178557E-16	2.866296E-17
6.038700E+03	4.177517E-16	2.865488E-17
6.039100E+03	4.177534E-16	2.865406E-17
6.039500E+03	4.178129E-16	2.865720E-17
6.039900E+03	4.177762E-16	2.865373E-17
6.040200E+03	4.177174E-16	2.864899E-17
6.040600E+03	4.175460E-16	2.863630E-17
6.041000E+03	4.176632E-16	2.864340E-17
6.041400E+03	4.177035E-16	2.864522E-17
6.041800E+03	4.176186E-16	2.863846E-17
6.042200E+03	4.175435E-16	2.863236E-17
6.042600E+03	4.175356E-16	2.863088E-17
6.043000E+03	4.171914E-16	2.860633E-17
6.043500E+03	4.172248E-16	2.860745E-17
6.043900E+03	4.174476E-16	2.862178E-17
6.044300E+03	4.172188E-16	2.860515E-17
6.044700E+03	4.171052E-16	2.859642E-17
6.045100E+03	4.170398E-16	2.859099E-17
6.045500E+03	4.171856E-16	2.860005E-17
6.045900E+03	4.169664E-16	2.858408E-17
6.046300E+03	4.168434E-16	2.857470E-17
6.046700E+03	4.167588E-16	2.856796E-17
6.047100E+03	4.167606E-16	2.856714E-17
6.047500E+03	4.165417E-16	2.855120E-17
6.047900E+03	4.163229E-16	2.853526E-17
6.048300E+03	4.162000E-16	2.852589E-17
6.048700E+03	4.157804E-16	2.849619E-17
6.049200E+03	4.159382E-16	2.850583E-17
6.049600E+03	4.157484E-16	2.849188E-17
6.050000E+03	4.155874E-16	2.847990E-17
6.050300E+03	4.155863E-16	2.847913E-17
6.050700E+03	4.156168E-16	2.848027E-17
6.051100E+03	4.155420E-16	2.847420E-17
6.051500E+03	4.153811E-16	2.846224E-17
6.051900E+03	4.154785E-16	2.846797E-17
6.052300E+03	4.150213E-16	2.843570E-17
6.052700E+03	4.150995E-16	2.844012E-17
6.053100E+03	4.149197E-16	2.842686E-17
6.053500E+03	4.149597E-16	2.842866E-17
6.053900E+03	4.147990E-16	2.841671E-17
6.054400E+03	4.148514E-16	2.841912E-17
6.054800E+03	4.145667E-16	2.839868E-17
6.055200E+03	4.143393E-16	2.838216E-17
6.055600E+03	4.142361E-16	2.837415E-17
6.056000E+03	4.142952E-16	2.837725E-17
6.056400E+03	4.140299E-16	2.835814E-17
6.056800E+03	4.138505E-16	2.834491E-17
6.057200E+03	4.136903E-16	2.833300E-17
6.057600E+03	4.134349E-16	2.831457E-17
6.058000E+03	4.131321E-16	2.829289E-17
6.058400E+03	4.129627E-16	2.828035E-17
6.058800E+03	4.129074E-16	2.827563E-17
6.059200E+03	4.128045E-16	2.826764E-17
6.059700E+03	4.127426E-16	2.826223E-17
6.060100E+03	4.125543E-16	2.824839E-17
6.060500E+03	4.125370E-16	2.824627E-17
6.060800E+03	4.124030E-16	2.823639E-17
6.061200E+03	4.121769E-16	2.821997E-17
6.061600E+03	4.124824E-16	2.823995E-17
6.062000E+03	4.124177E-16	2.823458E-17
6.062400E+03	4.124954E-16	2.823896E-17
6.062800E+03	4.125351E-16	2.824074E-17
6.063200E+03	4.123374E-16	2.822626E-17
6.063600E+03	4.122538E-16	2.821960E-17
6.064000E+03	4.119234E-16	2.819604E-17
6.064500E+03	4.119658E-16	2.819777E-17
6.064900E+03	4.119676E-16	2.819695E-17
6.065300E+03	4.119693E-16	2.819613E-17
6.065700E+03	4.119141E-16	2.819141E-17
6.066100E+03	4.117926E-16	2.818215E-17
6.066500E+03	4.117659E-16	2.817939E-17
6.066900E+03	4.118340E-16	2.818311E-17
6.067300E+03	4.117410E-16	2.817580E-17
6.067700E+03	4.116289E-16	2.816719E-17
6.068100E+03	4.116686E-16	2.816897E-17
6.068500E+03	4.116134E-16	2.816425E-17
6.069000E+03	4.115043E-16	2.815560E-17
6.069400E+03	4.116102E-16	2.816191E-17
6.069800E+03	4.117257E-16	2.816887E-17
6.070200E+03	4.114999E-16	2.815248E-17
6.070600E+03	4.111797E-16	2.812963E-17
6.070900E+03	4.112543E-16	2.813403E-17
6.071300E+03	4.111141E-16	2.812350E-17
6.071700E+03	4.111253E-16	2.812332E-17
6.072100E+03	4.108904E-16	2.810632E-17
6.072500E+03	4.111193E-16	2.812103E-17
6.072900E+03	4.112062E-16	2.812603E-17
6.073300E+03	4.110659E-16	2.811549E-17
6.073800E+03	4.110421E-16	2.811269E-17
6.074200E+03	4.110438E-16	2.811186E-17
6.074600E+03	4.110834E-16	2.811363E-17
6.075000E+03	4.112460E-16	2.812381E-17
6.075400E+03	4.114182E-16	2.813464E-17
6.075800E+03	4.112684E-16	2.812345E-17
6.076200E+03	4.111565E-16	2.811486E-17
6.076600E+03	4.111299E-16	2.811209E-17
6.077000E+03	4.111317E-16	2.811127E-17
6.077400E+03	4.111239E-16	2.810979E-17
6.077900E+03	4.112516E-16	2.811734E-17
6.078300E+03	4.111207E-16	2.810745E-17
6.078700E+03	4.111793E-16	2.811051E-17
6.079100E+03	4.108781E-16	2.808897E-17
6.079500E+03	4.109177E-16	2.809074E-17
6.079900E+03	4.108815E-16	2.808732E-17
6.080300E+03	4.110347E-16	2.809684E-17
6.080700E+03	4.111879E-16	2.810637E-17
6.081000E+03	4.113952E-16	2.811983E-17
6.081400E+03	4.113021E-16	2.811252E-17
6.081800E+03	4.111429E-16	2.810070E-17
6.082300E+03	4.109582E-16	2.808688E-17
6.082700E+03	4.107802E-16	2.807378E-17
6.083100E+03	4.106779E-16	2.806584E-17
6.083500E+03	4.105661E-16	2.805725E-17
6.083900E+03	4.105678E-16	2.805643E-17
6.084300E+03	4.105979E-16	2.805753E-17
6.084700E+03	4.107132E-16	2.806446E-17
6.085100E+03	4.106108E-16	2.805652E-17
6.085500E+03	4.107166E-16	2.806281E-17
6.085900E+03	4.105481E-16	2.805035E-17
6.086400E+03	4.103447E-16	2.803527E-17
6.086800E+03	4.102520E-16	2.802799E-17
6.087200E+03	4.100459E-16	2.801296E-17
6.087600E+03	4.098401E-16	2.799795E-17
6.088000E+03	4.098040E-16	2.799454E-17
6.088400E+03	4.095982E-16	2.797954E-17
6.088800E+03	4.092983E-16	2.795810E-17
6.089200E+03	4.094130E-16	2.796499E-17
6.089600E+03	4.093582E-16	2.796030E-17
6.090000E+03	4.094448E-16	2.796527E-17
6.090500E+03	4.094210E-16	2.796246E-17
6.090900E+03	4.095548E-16	2.797065E-17
6.091300E+03	4.095376E-16	2.796853E-17
6.091600E+03	4.094706E-16	2.796325E-17
6.092000E+03	4.095948E-16	2.797078E-17
6.092400E+03	4.098230E-16	2.798542E-17
6.092800E+03	4.094663E-16	2.796011E-17
6.093200E+03	4.093926E-16	2.795413E-17
6.093600E+03	4.094981E-16	2.796038E-17
6.094000E+03	4.094526E-16	2.795633E-17
6.094500E+03	4.094099E-16	2.795223E-17
6.094900E+03	4.094117E-16	2.795141E-17
6.095300E+03	4.094322E-16	2.795186E-17
6.095700E+03	4.095566E-16	2.795940E-17
6.096100E+03	4.094452E-16	2.795085E-17
6.096500E+03	4.091924E-16	2.793264E-17
6.096900E+03	4.091564E-16	2.792923E-17
6.097300E+03	4.090357E-16	2.792004E-17
6.097700E+03	4.090563E-16	2.792050E-17
6.098200E+03	4.089289E-16	2.791062E-17
6.098600E+03	4.089118E-16	2.790851E-17
6.099000E+03	4.089229E-16	2.790832E-17
6.099400E+03	4.087740E-16	2.789720E-17
6.099800E+03	4.087005E-16	2.789124E-17
6.100200E+03	4.085893E-16	2.788270E-17
6.100600E+03	4.084123E-16	2.786967E-17
6.101000E+03	4.082353E-16	2.785665E-17
6.101400E+03	4.080303E-16	2.784171E-17
6.101800E+03	4.076939E-16	2.781781E-17
6.102200E+03	4.076393E-16	2.781314E-17
6.102600E+03	4.078100E-16	2.782384E-17
6.103000E+03	4.078305E-16	2.782428E-17
6.103400E+03	4.080201E-16	2.783627E-17
6.103800E+03	4.079185E-16	2.782839E-17
6.104200E+03	4.077887E-16	2.781858E-17
6.104600E+03	4.077716E-16	2.781647E-17
6.105000E+03	4.075669E-16	2.780156E-17
6.105500E+03	4.074963E-16	2.779555E-17
6.105900E+03	4.074323E-16	2.779024E-17
6.106300E+03	4.075467E-16	2.779709E-17
6.106700E+03	4.075671E-16	2.779754E-17
6.107100E+03	4.075970E-16	2.779862E-17
6.107500E+03	4.077395E-16	2.780739E-17
6.107900E+03	4.079384E-16	2.782000E-17
6.108300E+03	4.080435E-16	2.782622E-17
6.108700E+03	4.080639E-16	2.782666E-17
6.109200E+03	4.079088E-16	2.781489E-17
6.109600E+03	4.080138E-16	2.782110E-17
6.110000E+03	4.082598E-16	2.783692E-17
6.110400E+03	4.081112E-16	2.782584E-17
6.110800E+03	4.081411E-16	2.782692E-17
6.111200E+03	4.081427E-16	2.782608E-17
6.111600E+03	4.079378E-16	2.781116E-17
6.111900E+03	4.079743E-16	2.781293E-17
6.112300E+03	4.081828E-16	2.782619E-17
6.112800E+03	4.083283E-16	2.783491E-17
6.113200E+03	4.082830E-16	2.783087E-17
6.113600E+03	4.080873E-16	2.781658E-17
6.114000E+03	4.079575E-16	2.780678E-17
6.114400E+03	4.079592E-16	2.780594E-17
6.114800E+03	4.077919E-16	2.779358E-17
6.115200E+03	4.078969E-16	2.779979E-17
6.115600E+03	4.078985E-16	2.779894E-17
6.116100E+03	4.077340E-16	2.778654E-17
6.116500E+03	4.077921E-16	2.778954E-17
6.116900E+03	4.080098E-16	2.780342E-17
6.117300E+03	4.081994E-16	2.781539E-17
6.117700E+03	4.079568E-16	2.779790E-17
6.118100E+03	4.079116E-16	2.779386E-17
6.118500E+03	4.076692E-16	2.777639E-17
6.118900E+03	4.077085E-16	2.777811E-17
6.119400E+03	4.076003E-16	2.776955E-17
6.119800E+03	4.071330E-16	2.773676E-17
6.120200E+03	4.072941E-16	2.774678E-17
6.120600E+03	4.069864E-16	2.772486E-17
6.121000E+03	4.070631E-16	2.772913E-17
6.121400E+03	4.071492E-16	2.773404E-17
6.121800E+03	4.071697E-16	2.773448E-17
6.122100E+03	4.070936E-16	2.772858E-17
6.122600E+03	4.072012E-16	2.773471E-17
6.123000E+03	4.071748E-16	2.773196E-17
6.123400E+03	4.071296E-16	2.772792E-17
6.123800E+03	4.070095E-16	2.771878E-17
6.124200E+03	4.070487E-16	2.772050E-17
6.124600E+03	4.071910E-16	2.772923E-17
6.125000E+03	4.070428E-16	2.771818E-17
6.125400E+03	4.070632E-16	2.771861E-17
6.125900E+03	4.071052E-16	2.772028E-17
6.126300E+03	4.072850E-16	2.773156E-17
6.126700E+03	4.073805E-16	2.773711E-17
6.127100E+03	4.075323E-16	2.774648E-17
6.127500E+03	4.075716E-16	2.774819E-17
6.127900E+03	4.075545E-16	2.774607E-17
6.128300E+03	4.077533E-16	2.775865E-17
6.128700E+03	4.075767E-16	2.774566E-17
6.129200E+03	4.073654E-16	2.773008E-17
6.129600E+03	4.074046E-16	2.773179E-17
6.130000E+03	4.073125E-16	2.772456E-17
6.130400E+03	4.071360E-16	2.771159E-17
6.130800E+03	4.072316E-16	2.771713E-17
6.131200E+03	4.072239E-16	2.771565E-17
6.131600E+03	4.073662E-16	2.772437E-17
6.132000E+03	4.073867E-16	2.772481E-17
6.132400E+03	4.073227E-16	2.771949E-17
6.132800E+03	4.075872E-16	2.773652E-17
6.133200E+03	4.075044E-16	2.772993E-17
6.133600E+03	4.074686E-16	2.772653E-17
6.134000E+03	4.074984E-16	2.772760E-17
6.134400E+03	4.072187E-16	2.770760E-17
6.134800E+03	4.072579E-16	2.770931E-17
6.135200E+03	4.072784E-16	2.770974E-17
6.135700E+03	4.072266E-16	2.770502E-17
6.136100E+03	4.071720E-16	2.770034E-17
6.136500E+03	4.073332E-16	2.771034E-17
6.136900E+03	4.073067E-16	2.770758E-17
6.137300E+03	4.072146E-16	2.770035E-17
6.137700E+03	4.072163E-16	2.769950E-17
6.138100E+03	4.071244E-16	2.769228E-17
6.138600E+03	4.073164E-16	2.770414E-17
6.139000E+03	4.076746E-16	2.772754E-17
6.139400E+03	4.075073E-16	2.771519E-17
6.139800E+03	4.074716E-16	2.771180E-17
6.140200E+03	4.074169E-16	2.770712E-17
6.140600E+03	4.074656E-16	2.770946E-17
6.141000E+03	4.075142E-16	2.771180E-17
6.141500E+03	4.075655E-16	2.771408E-17
6.141900E+03	4.078301E-16	2.773111E-17
6.142300E+03	4.075033E-16	2.770792E-17
6.142700E+03	4.073642E-16	2.769750E-17
6.143000E+03	4.073819E-16	2.769798E-17
6.143400E+03	4.072898E-16	2.769075E-17
6.143800E+03	4.073572E-16	2.769436E-17
6.144200E+03	4.070870E-16	2.767502E-17
6.144700E+03	4.070820E-16	2.767348E-17
6.145100E+03	4.071963E-16	2.768028E-17
6.145500E+03	4.071230E-16	2.767433E-17
6.145900E+03	4.069185E-16	2.765947E-17
6.146300E+03	4.070514E-16	2.766753E-17
6.146700E+03	4.071187E-16	2.767114E-17
6.147100E+03	4.072141E-16	2.767666E-17
6.147600E+03	4.072280E-16	2.767639E-17
6.148000E+03	4.072297E-16	2.767553E-17
6.148400E+03	4.068846E-16	2.765111E-17
6.148800E+03	4.072894E-16	2.767765E-17
6.149200E+03	4.071129E-16	2.766469E-17
6.149600E+03	4.072084E-16	2.767021E-17
6.150000E+03	4.071913E-16	2.766808E-17
6.150500E+03	4.070552E-16	2.765762E-17
6.150900E+03	4.071599E-16	2.766377E-17
6.151300E+03	4.070023E-16	2.765209E-17
6.151700E+03	4.066855E-16	2.762960E-17
6.152100E+03	4.066310E-16	2.762492E-17
6.152500E+03	4.064736E-16	2.761326E-17
6.152900E+03	4.067468E-16	2.763085E-17
6.153300E+03	4.069078E-16	2.764082E-17
6.153700E+03	4.067970E-16	2.763232E-17
6.154100E+03	4.066395E-16	2.762066E-17
6.154500E+03	4.066224E-16	2.761853E-17
6.154900E+03	4.064743E-16	2.760750E-17
6.155300E+03	4.065697E-16	2.761300E-17
6.155700E+03	4.065339E-16	2.760961E-17
6.156200E+03	4.065103E-16	2.760679E-17
6.156600E+03	4.065120E-16	2.760593E-17
6.157000E+03	4.064763E-16	2.760254E-17
6.157400E+03	4.063843E-16	2.759532E-17
6.157800E+03	4.061896E-16	2.758113E-17
6.158200E+03	4.063503E-16	2.759107E-17
6.158600E+03	4.066328E-16	2.760928E-17
6.159100E+03	4.069463E-16	2.762935E-17
6.159500E+03	4.069668E-16	2.762977E-17
6.159900E+03	4.070716E-16	2.763591E-17
6.160300E+03	4.069233E-16	2.762487E-17
6.160700E+03	4.067657E-16	2.761320E-17
6.161100E+03	4.067394E-16	2.761044E-17
6.161600E+03	4.066876E-16	2.760570E-17
6.162000E+03	4.065582E-16	2.759595E-17
6.162400E+03	4.067659E-16	2.760907E-17
6.162800E+03	4.065242E-16	2.759169E-17
6.163200E+03	4.064603E-16	2.758638E-17
6.163500E+03	4.065716E-16	2.759321E-17
6.163900E+03	4.063487E-16	2.757710E-17
6.164400E+03	4.062221E-16	2.756730E-17
6.164800E+03	4.062893E-16	2.757088E-17
6.165200E+03	4.063846E-16	2.757638E-17
6.165600E+03	4.061804E-16	2.756155E-17
6.166000E+03	4.062383E-16	2.756450E-17
6.166400E+03	4.061277E-16	2.755602E-17
6.166900E+03	4.059732E-16	2.754432E-17
6.167300E+03	4.059282E-16	2.754029E-17
6.167700E+03	4.060607E-16	2.754831E-17
6.168100E+03	4.060437E-16	2.754618E-17
6.168500E+03	4.062605E-16	2.755991E-17
6.168900E+03	4.059068E-16	2.753494E-17
6.169300E+03	4.058151E-16	2.752775E-17
6.169800E+03	4.057728E-16	2.752366E-17
6.170200E+03	4.059521E-16	2.753484E-17
6.170600E+03	4.059070E-16	2.753081E-17
6.171000E+03	4.059647E-16	2.753375E-17
6.171400E+03	4.059290E-16	2.753035E-17
6.171800E+03	4.057345E-16	2.751618E-17
6.172300E+03	4.055802E-16	2.750450E-17
6.172700E+03	4.054511E-16	2.749477E-17
6.173100E+03	4.054621E-16	2.749454E-17
6.173500E+03	4.052118E-16	2.747659E-17
6.173800E+03	4.055188E-16	2.749668E-17
6.174200E+03	4.054177E-16	2.748884E-17
6.174600E+03	4.054381E-16	2.748925E-17
6.175100E+03	4.053958E-16	2.748516E-17
6.175500E+03	4.052016E-16	2.747102E-17
6.175900E+03	4.050446E-16	2.745940E-17
6.176300E+03	4.048505E-16	2.744527E-17
6.176700E+03	4.046285E-16	2.742924E-17
6.177100E+03	4.045742E-16	2.742459E-17
6.177600E+03	4.044855E-16	2.741736E-17
6.178000E+03	4.044407E-16	2.741334E-17
6.178400E+03	4.045261E-16	2.741816E-17
6.178800E+03	4.043881E-16	2.740783E-17
6.179200E+03	4.043525E-16	2.740444E-17
6.179600E+03	4.044194E-16	2.740799E-17
6.180100E+03	4.045542E-16	2.741591E-17
6.180500E+03	4.043789E-16	2.740305E-17
6.180900E+03	4.042596E-16	2.739399E-17
6.181300E+03	4.041775E-16	2.738745E-17
6.181700E+03	4.040768E-16	2.737965E-17
6.182100E+03	4.040320E-16	2.737564E-17
6.182600E+03	4.042970E-16	2.739237E-17
6.183000E+03	4.044289E-16	2.740033E-17
6.183400E+03	4.043375E-16	2.739316E-17
6.183800E+03	4.045161E-16	2.740428E-17
6.184100E+03	4.044220E-16	2.739717E-17
6.184500E+03	4.043398E-16	2.739063E-17
6.185000E+03	4.041023E-16	2.737331E-17
6.185400E+03	4.041132E-16	2.737308E-17
6.185800E+03	4.040033E-16	2.736465E-17
6.186200E+03	4.038375E-16	2.735244E-17
6.186600E+03	4.036718E-16	2.734025E-17
6.187000E+03	4.034597E-16	2.732490E-17
6.187500E+03	4.031392E-16	2.730197E-17
6.187900E+03	4.028810E-16	2.728351E-17
6.188300E+03	4.031146E-16	2.729835E-17
6.188700E+03	4.028843E-16	2.728178E-17
6.189100E+03	4.027190E-16	2.726961E-17
6.189500E+03	4.024611E-16	2.725117E-17
6.190000E+03	4.023264E-16	2.724083E-17
6.190400E+03	4.022448E-16	2.723433E-17
6.190800E+03	4.021724E-16	2.722845E-17
6.191200E+03	4.020722E-16	2.722069E-17
6.191600E+03	4.020182E-16	2.721606E-17
6.192000E+03	4.020662E-16	2.721834E-17
6.192500E+03	4.021354E-16	2.722180E-17
6.192900E+03	4.020537E-16	2.721529E-17
6.193300E+03	4.022128E-16	2.722508E-17
6.193700E+03	4.019275E-16	2.720479E-17
6.194100E+03	4.019014E-16	2.720205E-17
6.194400E+03	4.019558E-16	2.720500E-17
6.194900E+03	4.019787E-16	2.720533E-17
6.195300E+03	4.020636E-16	2.721010E-17
6.195700E+03	4.020839E-16	2.721049E-17
6.196100E+03	4.019466E-16	2.720022E-17
6.196500E+03	4.020038E-16	2.720312E-17
6.197000E+03	4.020175E-16	2.720282E-17
6.197400E+03	4.019543E-16	2.719756E-17
6.197800E+03	4.019652E-16	2.719732E-17
6.198200E+03	4.018836E-16	2.719083E-17
6.198600E+03	4.018390E-16	2.718683E-17
6.199000E+03	4.019979E-16	2.719660E-17
6.199500E+03	4.018913E-16	2.718816E-17
6.199900E+03	4.018004E-16	2.718104E-17
6.200300E+03	4.019223E-16	2.718830E-17
6.200700E+03	4.017852E-16	2.717805E-17
6.201100E+03	4.018609E-16	2.718219E-17
6.201500E+03	4.016220E-16	2.716505E-17
6.202000E+03	4.011827E-16	2.713411E-17
6.202400E+03	4.012028E-16	2.713450E-17
6.202800E+03	4.011953E-16	2.713300E-17
6.203200E+03	4.011599E-16	2.712963E-17
6.203600E+03	4.010785E-16	2.712315E-17
6.204100E+03	4.009259E-16	2.711160E-17
6.204400E+03	4.009525E-16	2.711267E-17
6.204800E+03	4.008895E-16	2.710743E-17
6.205200E+03	4.007527E-16	2.709720E-17
6.205600E+03	4.005237E-16	2.708074E-17
6.206000E+03	4.007283E-16	2.709359E-17
6.206500E+03	4.006588E-16	2.708767E-17
6.206900E+03	4.007528E-16	2.709304E-17
6.207300E+03	4.005514E-16	2.707845E-17
6.207700E+03	4.001843E-16	2.705265E-17
6.208100E+03	4.002597E-16	2.705677E-17
6.208500E+03	4.002153E-16	2.705279E-17
6.209000E+03	4.000998E-16	2.704376E-17
6.209400E+03	3.997515E-16	2.701924E-17
6.209800E+03	3.997716E-16	2.701961E-17
6.210200E+03	3.998561E-16	2.702435E-17
6.210600E+03	3.994804E-16	2.699798E-17
6.211100E+03	3.992916E-16	2.698400E-17
6.211500E+03	3.992105E-16	2.697754E-17
6.211900E+03	3.991937E-16	2.697543E-17
6.212300E+03	3.991495E-16	2.697146E-17
6.212700E+03	3.990959E-16	2.696686E-17
6.213200E+03	3.991370E-16	2.696841E-17
6.213600E+03	3.991294E-16	2.696692E-17
6.214000E+03	3.991586E-16	2.696791E-17
6.214400E+03	3.992338E-16	2.697201E-17
6.214700E+03	3.991133E-16	2.696314E-17
6.215100E+03	3.991425E-16	2.696413E-17
6.215600E+03	3.988345E-16	2.694210E-17
6.216000E+03	3.985698E-16	2.692324E-17
6.216400E+03	3.984705E-16	2.691556E-17
6.216800E+03	3.985731E-16	2.692151E-17
6.217200E+03	3.984370E-16	2.691134E-17
6.217700E+03	3.982396E-16	2.689678E-17
6.218100E+03	3.981037E-16	2.688662E-17
6.218500E+03	3.979128E-16	2.687275E-17
6.218900E+03	3.978229E-16	2.686570E-17
6.219300E+03	3.977421E-16	2.685927E-17
6.219800E+03	3.974168E-16	2.683608E-17
6.220200E+03	3.972171E-16	2.682162E-17
6.220600E+03	3.971913E-16	2.681890E-17
6.221000E+03	3.972936E-16	2.682482E-17
6.221400E+03	3.971122E-16	2.681160E-17
6.221800E+03	3.969585E-16	2.680024E-17
6.222300E+03	3.967708E-16	2.678635E-17
6.222700E+03	3.965807E-16	2.677254E-17
6.223100E+03	3.962537E-16	2.674949E-17
6.223500E+03	3.961640E-16	2.674246E-17
6.223900E+03	3.962022E-16	2.674406E-17
6.224400E+03	3.960514E-16	2.673266E-17
6.224800E+03	3.959619E-16	2.672564E-17
6.225100E+03	3.958605E-16	2.671807E-17
6.225500E+03	3.956525E-16	2.670305E-17
6.225900E+03	3.954628E-16	2.668927E-17
6.226400E+03	3.954125E-16	2.668466E-17
6.226800E+03	3.953231E-16	2.667765E-17
6.227200E+03	3.953884E-16	2.668108E-17
6.227600E+03	3.954628E-16	2.668513E-17
6.228000E+03	3.953825E-16	2.667873E-17
6.228500E+03	3.952775E-16	2.667043E-17
6.228900E+03	3.953156E-16	2.667202E-17
6.229300E+03	3.952079E-16	2.666378E-17
6.229700E+03	3.952277E-16	2.666414E-17
6.230100E+03	3.952203E-16	2.666266E-17
6.230600E+03	3.952882E-16	2.666602E-17
6.231000E+03	3.952899E-16	2.666515E-17
6.231400E+03	3.953915E-16	2.667103E-17
6.231800E+03	3.951656E-16	2.665482E-17
6.232200E+03	3.952491E-16	2.665947E-17
6.232700E+03	3.952351E-16	2.665731E-17
6.233100E+03	3.952823E-16	2.665951E-17
6.233500E+03	3.955388E-16	2.667583E-17
6.233900E+03	3.955040E-16	2.667250E-17
6.234300E+03	3.953144E-16	2.665874E-17
6.234800E+03	3.954279E-16	2.666517E-17
6.235200E+03	3.953476E-16	2.665877E-17
6.235500E+03	3.953556E-16	2.665858E-17
6.235900E+03	3.952935E-16	2.665341E-17
6.236300E+03	3.950949E-16	2.663904E-17
6.236800E+03	3.950809E-16	2.663687E-17
6.237200E+03	3.951098E-16	2.663784E-17
6.237600E+03	3.949386E-16	2.662532E-17
6.238000E+03	3.947311E-16	2.661035E-17
6.238400E+03	3.946419E-16	2.660336E-17
6.238900E+03	3.946733E-16	2.660425E-17
6.239300E+03	3.944387E-16	2.658746E-17
6.239700E+03	3.944676E-16	2.658843E-17
6.240100E+03	3.944691E-16	2.658755E-17
6.240500E+03	3.944162E-16	2.658301E-17
6.241000E+03	3.940301E-16	2.655576E-17
6.241400E+03	3.939047E-16	2.654633E-17
6.241800E+03	3.937522E-16	2.653507E-17
6.242200E+03	3.936268E-16	2.652565E-17
6.242600E+03	3.937463E-16	2.653272E-17
6.243100E+03	3.938503E-16	2.653850E-17
6.243500E+03	3.939426E-16	2.654374E-17
6.243900E+03	3.938263E-16	2.653493E-17
6.244300E+03	3.938097E-16	2.653283E-17
6.244700E+03	3.939473E-16	2.654112E-17
6.245200E+03	3.940242E-16	2.654507E-17
6.245500E+03	3.940140E-16	2.654365E-17
6.245900E+03	3.942062E-16	2.655562E-17
6.246300E+03	3.937904E-16	2.652663E-17
6.246700E+03	3.939009E-16	2.653309E-17
6.247200E+03	3.938507E-16	2.652848E-17
6.247600E+03	3.938704E-16	2.652883E-17
6.248000E+03	3.939808E-16	2.653528E-17
6.248400E+03	3.938192E-16	2.652342E-17
6.248800E+03	3.939568E-16	2.653170E-17
6.249300E+03	3.938068E-16	2.652037E-17
6.249700E+03	3.937087E-16	2.651278E-17
6.250100E+03	3.935834E-16	2.650336E-17
6.250500E+03	3.936937E-16	2.650981E-17
6.251000E+03	3.935620E-16	2.649972E-17
6.251400E+03	3.933371E-16	2.648359E-17
6.251800E+03	3.932300E-16	2.647540E-17
6.252200E+03	3.931681E-16	2.647025E-17
6.252600E+03	3.933418E-16	2.648096E-17
6.253100E+03	3.935363E-16	2.649282E-17
6.253500E+03	3.932299E-16	2.647121E-17
6.253900E+03	3.931228E-16	2.646303E-17
6.254300E+03	3.929706E-16	2.645180E-17
6.254700E+03	3.928454E-16	2.644239E-17
6.255200E+03	3.926959E-16	2.643110E-17
6.255600E+03	3.924987E-16	2.641684E-17
6.255900E+03	3.923891E-16	2.640873E-17
6.256300E+03	3.924720E-16	2.641333E-17
6.256700E+03	3.924736E-16	2.641245E-17
6.257200E+03	3.921978E-16	2.639267E-17
6.257600E+03	3.921361E-16	2.638753E-17
6.258000E+03	3.922641E-16	2.639517E-17
6.258400E+03	3.922747E-16	2.639490E-17
6.258900E+03	3.919900E-16	2.637451E-17
6.259300E+03	3.923708E-16	2.639915E-17
6.259700E+03	3.923453E-16	2.639645E-17
6.260100E+03	3.923107E-16	2.639314E-17
6.260500E+03	3.922671E-16	2.638923E-17
6.261000E+03	3.922442E-16	2.638646E-17
6.261400E+03	3.924174E-16	2.639713E-17
6.261800E+03	3.924009E-16	2.639503E-17
6.262200E+03	3.921405E-16	2.637653E-17
6.262700E+03	3.922712E-16	2.638409E-17
6.263100E+03	3.922185E-16	2.637957E-17
6.263500E+03	3.921207E-16	2.637201E-17
6.263900E+03	3.919057E-16	2.635656E-17
6.264300E+03	3.918892E-16	2.635447E-17
6.264800E+03	3.918393E-16	2.634988E-17
6.265200E+03	3.920394E-16	2.636236E-17
6.265600E+03	3.918604E-16	2.634934E-17
6.266000E+03	3.919703E-16	2.635574E-17
6.266300E+03	3.917346E-16	2.633915E-17
6.266800E+03	3.918020E-16	2.634245E-17
6.267200E+03	3.918757E-16	2.634642E-17
6.267600E+03	3.919945E-16	2.635343E-17
6.268000E+03	3.921316E-16	2.636165E-17
6.268500E+03	3.921086E-16	2.635888E-17
6.268900E+03	3.921825E-16	2.636286E-17
6.269300E+03	3.921479E-16	2.635955E-17
6.269700E+03	3.921314E-16	2.635745E-17
6.270100E+03	3.920517E-16	2.635111E-17
6.270600E+03	3.923629E-16	2.637079E-17
6.271000E+03	3.923555E-16	2.636930E-17
6.271400E+03	3.922486E-16	2.636113E-17
6.271800E+03	3.920786E-16	2.634872E-17
6.272300E+03	3.917218E-16	2.632351E-17
6.272700E+03	3.918858E-16	2.633354E-17
6.273100E+03	3.918242E-16	2.632841E-17
6.273500E+03	3.916724E-16	2.631723E-17
6.274000E+03	3.914782E-16	2.630294E-17
6.274400E+03	3.913266E-16	2.629177E-17
6.274800E+03	3.914633E-16	2.629997E-17
6.275200E+03	3.915099E-16	2.630211E-17
6.275600E+03	3.917729E-16	2.631879E-17
6.276100E+03	3.919124E-16	2.632693E-17
6.276400E+03	3.921732E-16	2.634370E-17
6.276800E+03	3.923193E-16	2.635253E-17
6.277200E+03	3.922124E-16	2.634436E-17
6.277700E+03	3.921444E-16	2.633855E-17
6.278100E+03	3.919924E-16	2.632735E-17
6.278500E+03	3.918947E-16	2.631980E-17
6.278900E+03	3.920407E-16	2.632862E-17
6.279300E+03	3.921867E-16	2.633743E-17
6.279800E+03	3.922179E-16	2.633829E-17
6.280200E+03	3.924995E-16	2.635621E-17
6.280600E+03	3.926458E-16	2.636503E-17
6.281000E+03	3.925659E-16	2.635868E-17
6.281500E+03	3.924436E-16	2.634922E-17
6.281900E+03	3.925445E-16	2.635501E-17
6.282300E+03	3.925913E-16	2.635716E-17
6.282700E+03	3.926109E-16	2.635748E-17
6.283200E+03	3.924253E-16	2.634378E-17
6.283600E+03	3.925081E-16	2.634834E-17
6.284000E+03	3.926181E-16	2.635473E-17
6.284400E+03	3.925293E-16	2.634777E-17
6.284800E+03	3.925670E-16	2.634931E-17
6.285300E+03	3.926616E-16	2.635442E-17
6.285700E+03	3.925818E-16	2.634807E-17
6.286100E+03	3.923845E-16	2.633383E-17
6.286500E+03	3.924312E-16	2.633597E-17
6.286900E+03	3.924147E-16	2.633387E-17
6.287300E+03	3.923440E-16	2.632813E-17
6.287700E+03	3.923997E-16	2.633087E-17
6.288100E+03	3.925006E-16	2.633665E-17
6.288600E+03	3.924145E-16	2.632962E-17
6.289000E+03	3.922895E-16	2.632024E-17
6.289400E+03	3.922278E-16	2.631510E-17
6.289800E+03	3.921661E-16	2.630997E-17
6.290300E+03	3.922967E-16	2.631749E-17
6.290700E+03	3.922892E-16	2.631599E-17
6.291100E+03	3.924715E-16	2.632722E-17
6.291500E+03	3.922743E-16	2.631299E-17
6.292000E+03	3.923869E-16	2.631930E-17
6.292400E+03	3.924425E-16	2.632204E-17
6.292800E+03	3.923808E-16	2.631690E-17
6.293200E+03	3.923101E-16	2.631116E-17
6.293600E+03	3.923206E-16	2.631087E-17
6.294100E+03	3.923880E-16	2.631414E-17
6.294500E+03	3.923083E-16	2.630779E-17
6.294900E+03	3.925177E-16	2.632084E-17
6.295300E+03	3.924740E-16	2.631691E-17
6.295800E+03	3.927313E-16	2.633291E-17
6.296200E+03	3.925701E-16	2.632110E-17
6.296600E+03	3.925626E-16	2.631960E-17
6.296900E+03	3.924259E-16	2.630968E-17
6.297400E+03	3.925385E-16	2.631599E-17
6.297800E+03	3.927390E-16	2.632843E-17
6.298200E+03	3.929757E-16	2.634329E-17
6.298600E+03	3.930043E-16	2.634421E-17
6.299100E+03	3.931986E-16	2.635598E-17
6.299500E+03	3.931730E-16	2.635326E-17
6.299900E+03	3.930930E-16	2.634690E-17
6.300300E+03	3.931127E-16	2.634721E-17
6.300800E+03	3.932707E-16	2.635655E-17
6.301200E+03	3.932451E-16	2.635383E-17
6.301600E+03	3.933553E-16	2.636021E-17
6.302000E+03	3.935109E-16	2.636963E-17
6.302500E+03	3.934425E-16	2.636380E-17
6.302900E+03	3.934893E-16	2.636593E-17
6.303300E+03	3.935180E-16	2.636685E-17
6.303700E+03	3.935921E-16	2.637081E-17
6.304200E+03	3.938047E-16	2.638379E-17
6.304600E+03	3.936612E-16	2.637317E-17
6.305000E+03	3.936174E-16	2.636924E-17
6.305400E+03	3.934558E-16	2.635740E-17
6.305900E+03	3.933784E-16	2.635096E-17
6.306300E+03	3.934524E-16	2.635491E-17
6.306700E+03	3.933272E-16	2.634552E-17
6.307100E+03	3.935914E-16	2.636221E-17
6.307500E+03	3.936564E-16	2.636556E-17
6.307900E+03	3.936307E-16	2.636283E-17
6.308300E+03	3.935869E-16	2.635888E-17
6.308700E+03	3.935974E-16	2.635858E-17
6.309200E+03	3.936741E-16	2.636246E-17
6.309600E+03	3.936303E-16	2.635852E-17
6.310000E+03	3.934325E-16	2.634426E-17
6.310400E+03	3.936606E-16	2.635853E-17
6.310900E+03	3.938915E-16	2.637273E-17
6.311300E+03	3.940562E-16	2.638275E-17
6.311700E+03	3.940215E-16	2.637941E-17
6.312100E+03	3.942135E-16	2.639126E-17
6.312600E+03	3.943630E-16	2.640000E-17
6.313000E+03	3.943009E-16	2.639484E-17
6.313400E+03	3.944659E-16	2.640487E-17
6.313800E+03	3.947309E-16	2.642159E-17
6.314300E+03	3.947897E-16	2.642426E-17
6.314700E+03	3.948729E-16	2.642882E-17
6.315100E+03	3.949199E-16	2.643095E-17
6.315500E+03	3.951852E-16	2.644769E-17
6.316000E+03	3.953351E-16	2.645645E-17
6.316400E+03	3.953821E-16	2.645858E-17
6.316800E+03	3.955566E-16	2.646925E-17
6.317200E+03	3.955855E-16	2.647016E-17
6.317600E+03	3.956325E-16	2.647229E-17
6.318000E+03	3.956887E-16	2.647503E-17
6.318400E+03	3.957540E-16	2.647839E-17
6.318800E+03	3.958284E-16	2.648235E-17
6.319300E+03	3.959146E-16	2.648684E-17
6.319700E+03	3.960164E-16	2.649263E-17
6.320100E+03	3.961091E-16	2.649782E-17
6.320500E+03	3.962201E-16	2.650422E-17
6.321000E+03	3.963429E-16	2.651116E-17
6.321400E+03	3.964631E-16	2.651818E-17
6.321800E+03	3.965833E-16	2.652520E-17
6.322200E+03	3.968679E-16	2.654322E-17
6.322700E+03	3.970276E-16	2.655261E-17
6.323100E+03	3.970564E-16	2.655352E-17
6.323500E+03	3.972134E-16	2.656300E-17
6.323900E+03	3.971510E-16	2.655780E-17
6.324400E+03	3.972283E-16	2.656169E-17
6.324800E+03	3.972207E-16	2.656015E-17
6.325200E+03	3.973411E-16	2.656718E-17
6.325600E+03	3.972237E-16	2.655831E-17
6.326100E+03	3.971913E-16	2.655486E-17
6.326500E+03	3.969550E-16	2.653804E-17
6.326900E+03	3.967921E-16	2.652613E-17
6.327400E+03	3.968785E-16	2.653062E-17
6.327700E+03	3.966580E-16	2.651512E-17
6.328100E+03	3.966961E-16	2.651664E-17
6.328500E+03	3.964511E-16	2.649924E-17
6.329000E+03	3.962180E-16	2.648237E-17
6.329400E+03	3.961282E-16	2.647535E-17
6.329800E+03	3.961115E-16	2.647321E-17
6.330200E+03	3.958213E-16	2.645279E-17
6.330700E+03	3.956796E-16	2.644205E-17
6.331100E+03	3.958725E-16	2.645391E-17
6.331500E+03	3.959742E-16	2.645969E-17
6.331900E+03	3.958846E-16	2.645268E-17
6.332400E+03	3.958796E-16	2.645107E-17
6.332800E+03	3.959267E-16	2.645318E-17
6.333200E+03	3.960832E-16	2.646262E-17
6.333600E+03	3.961486E-16	2.646596E-17
6.334100E+03	3.958700E-16	2.644607E-17
6.334500E+03	3.959627E-16	2.645124E-17
6.334900E+03	3.958548E-16	2.644300E-17
6.335400E+03	3.959318E-16	2.644687E-17
6.335800E+03	3.958422E-16	2.643986E-17
6.336200E+03	3.956705E-16	2.642737E-17
6.336600E+03	3.953989E-16	2.640820E-17
6.337100E+03	3.952846E-16	2.639928E-17
6.337500E+03	3.952497E-16	2.639593E-17
6.337900E+03	3.951693E-16	2.638953E-17
6.338200E+03	3.949407E-16	2.637350E-17
6.338700E+03	3.947449E-16	2.635914E-17
6.339100E+03	3.947463E-16	2.635822E-17
6.339500E+03	3.948841E-16	2.636640E-17
6.340000E+03	3.946883E-16	2.635204E-17
6.340400E+03	3.946262E-16	2.634687E-17
6.340800E+03	3.948004E-16	2.635747E-17
6.341200E+03	3.948109E-16	2.635715E-17
6.341700E+03	3.949787E-16	2.636707E-17
6.342100E+03	3.950166E-16	2.636857E-17
6.342500E+03	3.951545E-16	2.637676E-17
6.342900E+03	3.951469E-16	2.637522E-17
6.343400E+03	3.949054E-16	2.635782E-17
6.343800E+03	3.951343E-16	2.637207E-17
6.344200E+03	3.950993E-16	2.636871E-17
6.344600E+03	3.949008E-16	2.635443E-17
6.345100E+03	3.950595E-16	2.636374E-17
6.345500E+03	3.949155E-16	2.635310E-17
6.345900E+03	3.948806E-16	2.634975E-17
6.346400E+03	3.950666E-16	2.636087E-17
6.346800E+03	3.950317E-16	2.635752E-17
6.347200E+03	3.948240E-16	2.634263E-17
6.347600E+03	3.946891E-16	2.633260E-17
6.348100E+03	3.946933E-16	2.633160E-17
6.348400E+03	3.948011E-16	2.633803E-17
6.348800E+03	3.947935E-16	2.633649E-17
6.349300E+03	3.948249E-16	2.633730E-17
6.349700E+03	3.950628E-16	2.635214E-17
6.350100E+03	3.952189E-16	2.636152E-17
6.350500E+03	3.952295E-16	2.636120E-17
6.351000E+03	3.948879E-16	2.633713E-17
6.351400E+03	3.946895E-16	2.632286E-17
6.351800E+03	3.945274E-16	2.631102E-17
6.352200E+03	3.942745E-16	2.629313E-17
6.352700E+03	3.939066E-16	2.626731E-17
6.353100E+03	3.937086E-16	2.625308E-17
6.353500E+03	3.936556E-16	2.624852E-17
6.354000E+03	3.937686E-16	2.625477E-17
6.354400E+03	3.936884E-16	2.624840E-17
6.354800E+03	3.936626E-16	2.624565E-17
6.355200E+03	3.938454E-16	2.625681E-17
6.355700E+03	3.940673E-16	2.627031E-17
6.356100E+03	3.938963E-16	2.625789E-17
6.356500E+03	3.938434E-16	2.625333E-17
6.357000E+03	3.935573E-16	2.623298E-17
6.357400E+03	3.932871E-16	2.621394E-17
6.357800E+03	3.932523E-16	2.621059E-17
6.358200E+03	3.931632E-16	2.620362E-17
6.358600E+03	3.931918E-16	2.620450E-17
6.359000E+03	3.934650E-16	2.622168E-17
6.359400E+03	3.934483E-16	2.621954E-17
6.359900E+03	3.934343E-16	2.621732E-17
6.360300E+03	3.932726E-16	2.620552E-17
6.360700E+03	3.932108E-16	2.620036E-17
6.361100E+03	3.930674E-16	2.618978E-17
6.361600E+03	3.927638E-16	2.616827E-17
6.362000E+03	3.926387E-16	2.615891E-17
6.362400E+03	3.924955E-16	2.614834E-17
6.362900E+03	3.928612E-16	2.617142E-17
6.363300E+03	3.927451E-16	2.616265E-17
6.363700E+03	3.929365E-16	2.617437E-17
6.364100E+03	3.926304E-16	2.615295E-17
6.364600E+03	3.927249E-16	2.615796E-17
6.365000E+03	3.928077E-16	2.616244E-17
6.365400E+03	3.925470E-16	2.614405E-17
6.365900E+03	3.926957E-16	2.615267E-17
6.366300E+03	3.925253E-16	2.614029E-17
6.366700E+03	3.922918E-16	2.612371E-17
6.367100E+03	3.921308E-16	2.611196E-17
6.367600E+03	3.920715E-16	2.610673E-17
6.368000E+03	3.918925E-16	2.609378E-17
6.368400E+03	3.918849E-16	2.609225E-17
6.368900E+03	3.920152E-16	2.609964E-17
6.369200E+03	3.919690E-16	2.609579E-17
6.369600E+03	3.917087E-16	2.607743E-17
6.370000E+03	3.914667E-16	2.606029E-17
6.370500E+03	3.915429E-16	2.606407E-17
6.370900E+03	3.914001E-16	2.605354E-17
6.371300E+03	3.913925E-16	2.605200E-17
6.371800E+03	3.912073E-16	2.603839E-17
6.372200E+03	3.911638E-16	2.603447E-17
6.372600E+03	3.910571E-16	2.602634E-17
6.373000E+03	3.909774E-16	2.602001E-17
6.373500E+03	3.908374E-16	2.600941E-17
6.373900E+03	3.906680E-16	2.599710E-17
6.374300E+03	3.907954E-16	2.600455E-17
6.374800E+03	3.908894E-16	2.600952E-17
6.375200E+03	3.909988E-16	2.601577E-17
6.375600E+03	3.910182E-16	2.601603E-17
6.376100E+03	3.911574E-16	2.602400E-17
6.376500E+03	3.910597E-16	2.601648E-17
6.376900E+03	3.909711E-16	2.600955E-17
6.377300E+03	3.909815E-16	2.600921E-17
6.377800E+03	3.910575E-16	2.601298E-17
6.378200E+03	3.909779E-16	2.600666E-17
6.378600E+03	3.907633E-16	2.599135E-17
6.379100E+03	3.908033E-16	2.599272E-17
6.379400E+03	3.905773E-16	2.597692E-17
6.379800E+03	3.902999E-16	2.595744E-17
6.380200E+03	3.902115E-16	2.595053E-17
6.380700E+03	3.899461E-16	2.593159E-17
6.381100E+03	3.898308E-16	2.592290E-17
6.381500E+03	3.897334E-16	2.591540E-17
6.382000E+03	3.896476E-16	2.590840E-17
6.382400E+03	3.895145E-16	2.589853E-17
6.382800E+03	3.894083E-16	2.589043E-17
6.383300E+03	3.893764E-16	2.588703E-17
6.383700E+03	3.893330E-16	2.588311E-17
6.384100E+03	3.893164E-16	2.588098E-17
6.384500E+03	3.891028E-16	2.586575E-17
6.385000E+03	3.886501E-16	2.583437E-17
6.385400E+03	3.885978E-16	2.582987E-17
6.385800E+03	3.882504E-16	2.580575E-17
6.386300E+03	3.881828E-16	2.579998E-17
6.386700E+03	3.877108E-16	2.576758E-17
6.387100E+03	3.874176E-16	2.574707E-17
6.387600E+03	3.870561E-16	2.572176E-17
6.388000E+03	3.867635E-16	2.570130E-17
6.388400E+03	3.867559E-16	2.569977E-17
6.388900E+03	3.866174E-16	2.568929E-17
6.389300E+03	3.864231E-16	2.567535E-17
6.389600E+03	3.864308E-16	2.567509E-17
6.390000E+03	3.861920E-16	2.565821E-17
6.390500E+03	3.862670E-16	2.566191E-17
6.390900E+03	3.860017E-16	2.564326E-17
6.391300E+03	3.858431E-16	2.563170E-17
6.391800E+03	3.858115E-16	2.562833E-17
6.392200E+03	3.858396E-16	2.562917E-17
6.392600E+03	3.855301E-16	2.560759E-17
6.393100E+03	3.853299E-16	2.559301E-17
6.393500E+03	3.849056E-16	2.556381E-17
6.393900E+03	3.848803E-16	2.556111E-17
6.394300E+03	3.845009E-16	2.553489E-17
6.394800E+03	3.844162E-16	2.552800E-17
6.395200E+03	3.841522E-16	2.550944E-17
6.395600E+03	3.841092E-16	2.550557E-17
6.396100E+03	3.839806E-16	2.549575E-17
6.396500E+03	3.837079E-16	2.547663E-17
6.396900E+03	3.834531E-16	2.545869E-17
6.397400E+03	3.830864E-16	2.543307E-17
6.397800E+03	3.828584E-16	2.541692E-17
6.398200E+03	3.830185E-16	2.542653E-17
6.398700E+03	3.830312E-16	2.542610E-17
6.399100E+03	3.826624E-16	2.540060E-17
6.399500E+03	3.823818E-16	2.538096E-17
6.399800E+03	3.820110E-16	2.535559E-17
6.400300E+03	3.818039E-16	2.534057E-17
6.400700E+03	3.817085E-16	2.533322E-17
6.401100E+03	3.815165E-16	2.531947E-17
6.401600E+03	3.813185E-16	2.530505E-17
6.402000E+03	3.810828E-16	2.528840E-17
6.402400E+03	3.809964E-16	2.528165E-17
6.402900E+03	3.809037E-16	2.527424E-17
6.403300E+03	3.805807E-16	2.525179E-17
6.403700E+03	3.801529E-16	2.522239E-17
6.404200E+03	3.800605E-16	2.521499E-17
6.404600E+03	3.800356E-16	2.521233E-17
6.405000E+03	3.797920E-16	2.519516E-17
6.405500E+03	3.795947E-16	2.518080E-17
6.405900E+03	3.792204E-16	2.515496E-17
6.406300E+03	3.789250E-16	2.513436E-17
6.406800E+03	3.784144E-16	2.509923E-17
6.407200E+03	3.782066E-16	2.508444E-17
6.407600E+03	3.780337E-16	2.507197E-17
6.408000E+03	3.779742E-16	2.506701E-17
6.408500E+03	3.779084E-16	2.506139E-17
6.408900E+03	3.779794E-16	2.506508E-17
6.409300E+03	3.776413E-16	2.504166E-17
6.409800E+03	3.775147E-16	2.503200E-17
6.410100E+03	3.771486E-16	2.500697E-17
6.410500E+03	3.768636E-16	2.498706E-17
6.411000E+03	3.765984E-16	2.496823E-17
6.411400E+03	3.765910E-16	2.496673E-17
6.411800E+03	3.763323E-16	2.494857E-17
6.412300E+03	3.759118E-16	2.491944E-17
6.412700E+03	3.756016E-16	2.489787E-17
6.413100E+03	3.754127E-16	2.488434E-17
6.413600E+03	3.751140E-16	2.486329E-17
6.414000E+03	3.750548E-16	2.485837E-17
6.414400E+03	3.749784E-16	2.485230E-17
6.414900E+03	3.745421E-16	2.482213E-17
6.415300E+03	3.743796E-16	2.481036E-17
6.415700E+03	3.738295E-16	2.477291E-17
6.416200E+03	3.737128E-16	2.476392E-17
6.416600E+03	3.736626E-16	2.475959E-17
6.417000E+03	3.733713E-16	2.473930E-17
6.417400E+03	3.731235E-16	2.472187E-17
6.417900E+03	3.728867E-16	2.470494E-17
6.418300E+03	3.725276E-16	2.468014E-17
6.418700E+03	3.722287E-16	2.465935E-17
6.419200E+03	3.721810E-16	2.465494E-17
6.419600E+03	3.722166E-16	2.465630E-17
6.420000E+03	3.721579E-16	2.465141E-17
6.420400E+03	3.718422E-16	2.462951E-17
6.420800E+03	3.718093E-16	2.462633E-17
6.421200E+03	3.713827E-16	2.459708E-17
6.421700E+03	3.712411E-16	2.458646E-17
6.422100E+03	3.709945E-16	2.456913E-17
6.422500E+03	3.706628E-16	2.454617E-17
6.423000E+03	3.704362E-16	2.452992E-17
6.423400E+03	3.703010E-16	2.451997E-17
6.423800E+03	3.703278E-16	2.452075E-17
6.424300E+03	3.701099E-16	2.450509E-17
6.424700E+03	3.701878E-16	2.450925E-17
6.425100E+03	3.699164E-16	2.449029E-17
6.425600E+03	3.699116E-16	2.448873E-17
6.426000E+03	3.694533E-16	2.445739E-17
6.426400E+03	3.693184E-16	2.444747E-17
6.426900E+03	3.689566E-16	2.442228E-17
6.427300E+03	3.686607E-16	2.440170E-17
6.427700E+03	3.683479E-16	2.438001E-17
6.428200E+03	3.680804E-16	2.436106E-17
6.428600E+03	3.677851E-16	2.434053E-17
6.429000E+03	3.674984E-16	2.432057E-17
6.429500E+03	3.674599E-16	2.431678E-17
6.429900E+03	3.672750E-16	2.430356E-17
6.430300E+03	3.669720E-16	2.428252E-17
6.430700E+03	3.665425E-16	2.425312E-17
6.431100E+03	3.663665E-16	2.424048E-17
6.431500E+03	3.661907E-16	2.422787E-17
6.432000E+03	3.661015E-16	2.422073E-17
6.432400E+03	3.658247E-16	2.420144E-17
6.432800E+03	3.656659E-16	2.418995E-17
6.433300E+03	3.655097E-16	2.417838E-17
6.433700E+03	3.654183E-16	2.417135E-17
6.434100E+03	3.653018E-16	2.416266E-17
6.434600E+03	3.651708E-16	2.415277E-17
6.435000E+03	3.651553E-16	2.415075E-17
6.435400E+03	3.651144E-16	2.414706E-17
6.435900E+03	3.651264E-16	2.414663E-17
6.436300E+03	3.646992E-16	2.411739E-17
6.436700E+03	3.646248E-16	2.411149E-17
6.437200E+03	3.644858E-16	2.410106E-17
6.437600E+03	3.645625E-16	2.410516E-17
6.438000E+03	3.647484E-16	2.411646E-17
6.438500E+03	3.646010E-16	2.410548E-17
6.438900E+03	3.646609E-16	2.410846E-17
6.439300E+03	3.646957E-16	2.410978E-17
6.439800E+03	3.646070E-16	2.410268E-17
6.440200E+03	3.642474E-16	2.407793E-17
6.440600E+03	3.640809E-16	2.406594E-17
6.441000E+03	3.639228E-16	2.405450E-17
6.441400E+03	3.636058E-16	2.403256E-17
6.441800E+03	3.637326E-16	2.403996E-17
6.442300E+03	3.637195E-16	2.403787E-17
6.442700E+03	3.634109E-16	2.401649E-17
6.443100E+03	3.632616E-16	2.400564E-17
6.443600E+03	3.630812E-16	2.399249E-17
6.444000E+03	3.629403E-16	2.398220E-17
6.444400E+03	3.629582E-16	2.398240E-17
6.444900E+03	3.626861E-16	2.396320E-17
6.445300E+03	3.625287E-16	2.395181E-17
6.445700E+03	3.625132E-16	2.394981E-17
6.446200E+03	3.623999E-16	2.394110E-17
6.446600E+03	3.621425E-16	2.392311E-17
6.447000E+03	3.620770E-16	2.391780E-17
6.447500E+03	3.618306E-16	2.390030E-17
6.447900E+03	3.616818E-16	2.388949E-17
6.448300E+03	3.615748E-16	2.388144E-17
6.448800E+03	3.614701E-16	2.387331E-17
6.449200E+03	3.613631E-16	2.386526E-17
6.449700E+03	3.612335E-16	2.385548E-17
6.450100E+03	3.612846E-16	2.385787E-17
6.450500E+03	3.614024E-16	2.386466E-17
6.451000E+03	3.612728E-16	2.385488E-17
6.451300E+03	3.612467E-16	2.385242E-17
6.451700E+03	3.612229E-16	2.384988E-17
6.452200E+03	3.609936E-16	2.383351E-17
6.452600E+03	3.609283E-16	2.382822E-17
6.453000E+03	3.605806E-16	2.380428E-17
6.453500E+03	3.605427E-16	2.380056E-17
6.453900E+03	3.605273E-16	2.379856E-17
6.454300E+03	3.606031E-16	2.380259E-17
6.454800E+03	3.604074E-16	2.378845E-17
6.455200E+03	3.605082E-16	2.379412E-17
6.455600E+03	3.604181E-16	2.378719E-17
6.456100E+03	3.603635E-16	2.378237E-17
6.456500E+03	3.606220E-16	2.379845E-17
6.456900E+03	3.603991E-16	2.378275E-17
6.457400E+03	3.603529E-16	2.377848E-17
6.457800E+03	3.602876E-16	2.377319E-17
6.458200E+03	3.604050E-16	2.377995E-17
6.458700E+03	3.604168E-16	2.377951E-17
6.459100E+03	3.602935E-16	2.377040E-17
6.459600E+03	3.602804E-16	2.376831E-17
6.460000E+03	3.604060E-16	2.377561E-17
6.460400E+03	3.604072E-16	2.377471E-17
6.460900E+03	3.604024E-16	2.377317E-17
6.461300E+03	3.601464E-16	2.375530E-17
6.461600E+03	3.601619E-16	2.375558E-17
6.462100E+03	3.600658E-16	2.374802E-17
6.462500E+03	3.599261E-16	2.373782E-17
6.462900E+03	3.598029E-16	2.372872E-17
6.463400E+03	3.596657E-16	2.371844E-17
6.463800E+03	3.595592E-16	2.371044E-17
6.464200E+03	3.596183E-16	2.371336E-17
6.464700E+03	3.597046E-16	2.371782E-17
6.465100E+03	3.598300E-16	2.372511E-17
6.465500E+03	3.599057E-16	2.372912E-17
6.466000E+03	3.597933E-16	2.372048E-17
6.466400E+03	3.596453E-16	2.370974E-17
6.466900E+03	3.593840E-16	2.369129E-17
6.467300E+03	3.592114E-16	2.367893E-17
6.467700E+03	3.590389E-16	2.366658E-17
6.468200E+03	3.589267E-16	2.365796E-17
6.468600E+03	3.588699E-16	2.365324E-17
6.469000E+03	3.591108E-16	2.366813E-17
6.469500E+03	3.591060E-16	2.366659E-17
6.469900E+03	3.589584E-16	2.365588E-17
6.470300E+03	3.587776E-16	2.364299E-17
6.470800E+03	3.586573E-16	2.363383E-17
6.471200E+03	3.585924E-16	2.362858E-17
6.471600E+03	3.586843E-16	2.363365E-17
6.472000E+03	3.587432E-16	2.363655E-17
6.472400E+03	3.588353E-16	2.364164E-17
6.472900E+03	3.588140E-16	2.363901E-17
6.473300E+03	3.587821E-16	2.363592E-17
6.473700E+03	3.586841E-16	2.362849E-17
6.474200E+03	3.588197E-16	2.363619E-17
6.474600E+03	3.587879E-16	2.363311E-17
6.475000E+03	3.586816E-16	2.362513E-17
6.475500E+03	3.587264E-16	2.362685E-17
6.475900E+03	3.589010E-16	2.363737E-17
6.476300E+03	3.590757E-16	2.364789E-17
6.476800E+03	3.589469E-16	2.363818E-17
6.477200E+03	3.588736E-16	2.363237E-17
6.477700E+03	3.588276E-16	2.362811E-17
6.478100E+03	3.589691E-16	2.363645E-17
6.478500E+03	3.588877E-16	2.363010E-17
6.479000E+03	3.590068E-16	2.363672E-17
6.479400E+03	3.589584E-16	2.363254E-17
6.479800E+03	3.590091E-16	2.363489E-17
6.480300E+03	3.589547E-16	2.363008E-17
6.480700E+03	3.590964E-16	2.363843E-17
6.481100E+03	3.590892E-16	2.363697E-17
6.481600E+03	3.592416E-16	2.364577E-17
6.482000E+03	3.592427E-16	2.364485E-17
6.482400E+03	3.592604E-16	2.364503E-17
6.482800E+03	3.592035E-16	2.364030E-17
6.483200E+03	3.589649E-16	2.362361E-17
6.483700E+03	3.589436E-16	2.362098E-17
6.484100E+03	3.591596E-16	2.363421E-17
6.484500E+03	3.591524E-16	2.363275E-17
6.485000E+03	3.590732E-16	2.362630E-17
6.485400E+03	3.589173E-16	2.361506E-17
6.485800E+03	3.588605E-16	2.361034E-17
6.486300E+03	3.589548E-16	2.361531E-17
6.486700E+03	3.589725E-16	2.361548E-17
6.487200E+03	3.589842E-16	2.361502E-17
6.487600E+03	3.590184E-16	2.361628E-17
6.488000E+03	3.591022E-16	2.362081E-17
6.488500E+03	3.592297E-16	2.362795E-17
6.488900E+03	3.591646E-16	2.362269E-17
6.489300E+03	3.595878E-16	2.364953E-17
6.489800E+03	3.594422E-16	2.363872E-17
6.490200E+03	3.595509E-16	2.364488E-17
6.490700E+03	3.595129E-16	2.364114E-17
6.491100E+03	3.598122E-16	2.365983E-17
6.491500E+03	3.600371E-16	2.367362E-17
6.492000E+03	3.601400E-16	2.367915E-17
6.492300E+03	3.600807E-16	2.367451E-17
6.492700E+03	3.602063E-16	2.368177E-17
6.493200E+03	3.601682E-16	2.367803E-17
6.493600E+03	3.600449E-16	2.366893E-17
6.494100E+03	3.600649E-16	2.366901E-17
6.494500E+03	3.600162E-16	2.366481E-17
6.494900E+03	3.601750E-16	2.367425E-17
6.495400E+03	3.601452E-16	2.367105E-17
6.495800E+03	3.600883E-16	2.366632E-17
6.496200E+03	3.599981E-16	2.365940E-17
6.496700E+03	3.602586E-16	2.367528E-17
6.497100E+03	3.601933E-16	2.366999E-17
6.497600E+03	3.602632E-16	2.367334E-17
6.498000E+03	3.602808E-16	2.367351E-17
6.498400E+03	3.604063E-16	2.368076E-17
6.498900E+03	3.603019E-16	2.367266E-17
6.499300E+03	3.602865E-16	2.367064E-17
6.499700E+03	3.605946E-16	2.368989E-17
6.500200E+03	3.604735E-16	2.368069E-17
6.500600E+03	3.605410E-16	2.368413E-17
6.501100E+03	3.604199E-16	2.367493E-17
6.501500E+03	3.603629E-16	2.367019E-17
6.501900E+03	3.604968E-16	2.367799E-17
6.502400E+03	3.604753E-16	2.367533E-17
6.502700E+03	3.605653E-16	2.368049E-17
6.503100E+03	3.604336E-16	2.367084E-17
6.503600E+03	3.601384E-16	2.365021E-17
6.504000E+03	3.603551E-16	2.366345E-17
6.504500E+03	3.604001E-16	2.366515E-17
6.504900E+03	3.603845E-16	2.366313E-17
6.505300E+03	3.605018E-16	2.366984E-17
6.505800E+03	3.606048E-16	2.367535E-17
6.506200E+03	3.608302E-16	2.368915E-17
6.506700E+03	3.609582E-16	2.369630E-17
6.507100E+03	3.609260E-16	2.369319E-17
6.507500E+03	3.608440E-16	2.368681E-17
6.508000E+03	3.609305E-16	2.369124E-17
6.508400E+03	3.609399E-16	2.369085E-17
6.508800E+03	3.608579E-16	2.368447E-17
6.509300E+03	3.609693E-16	2.369053E-17
6.509700E+03	3.612780E-16	2.370979E-17
6.510200E+03	3.609156E-16	2.368475E-17
6.510600E+03	3.610164E-16	2.369037E-17
6.511000E+03	3.611506E-16	2.369817E-17
6.511500E+03	3.612454E-16	2.370314E-17
6.511900E+03	3.611550E-16	2.369621E-17
6.512400E+03	3.611834E-16	2.369682E-17
6.512800E+03	3.614007E-16	2.371007E-17
6.513100E+03	3.616824E-16	2.372780E-17
6.513600E+03	3.615859E-16	2.372021E-17
6.514000E+03	3.615287E-16	2.371546E-17
6.514400E+03	3.616379E-16	2.372162E-17
6.514900E+03	3.616331E-16	2.372004E-17
6.515300E+03	3.615342E-16	2.371256E-17
6.515800E+03	3.614211E-16	2.370388E-17
6.516200E+03	3.612640E-16	2.369257E-17
6.516600E+03	3.614065E-16	2.370092E-17
6.517100E+03	3.612851E-16	2.369170E-17
6.517500E+03	3.614776E-16	2.370332E-17
6.518000E+03	3.614643E-16	2.370119E-17
6.518400E+03	3.614654E-16	2.370025E-17
6.518800E+03	3.613665E-16	2.369276E-17
6.519300E+03	3.612867E-16	2.368628E-17
6.519700E+03	3.614376E-16	2.369516E-17
6.520200E+03	3.612163E-16	2.367940E-17
6.520600E+03	3.613754E-16	2.368883E-17
6.521000E+03	3.614597E-16	2.369334E-17
6.521500E+03	3.614297E-16	2.369012E-17
6.521900E+03	3.613393E-16	2.368318E-17
6.522300E+03	3.613985E-16	2.368606E-17
6.522800E+03	3.615018E-16	2.369157E-17
6.523100E+03	3.614588E-16	2.368800E-17
6.523600E+03	3.617120E-16	2.370333E-17
6.524000E+03	3.615465E-16	2.369148E-17
6.524400E+03	3.615975E-16	2.369381E-17
6.524900E+03	3.616342E-16	2.369496E-17
6.525300E+03	3.618101E-16	2.370547E-17
6.525800E+03	3.621135E-16	2.372409E-17
6.526200E+03	3.621479E-16	2.372534E-17
6.526600E+03	3.620823E-16	2.372002E-17
6.527100E+03	3.619022E-16	2.370697E-17
6.527500E+03	3.617866E-16	2.369839E-17
6.528000E+03	3.615734E-16	2.368316E-17
6.528400E+03	3.614745E-16	2.367567E-17
6.528800E+03	3.616670E-16	2.368727E-17
6.529300E+03	3.615789E-16	2.368024E-17
6.529700E+03	3.617381E-16	2.368966E-17
6.530200E+03	3.617415E-16	2.368861E-17
6.530600E+03	3.617258E-16	2.368658E-17
6.531000E+03	3.616518E-16	2.368072E-17
6.531500E+03	3.615886E-16	2.367532E-17
6.531900E+03	3.613732E-16	2.366020E-17
6.532400E+03	3.612851E-16	2.365317E-17
6.532800E+03	3.614441E-16	2.366257E-17
6.533200E+03	3.613620E-16	2.365619E-17
6.533600E+03	3.611634E-16	2.364218E-17
6.534000E+03	3.611311E-16	2.363905E-17
6.534500E+03	3.611759E-16	2.364073E-17
6.534900E+03	3.612186E-16	2.364251E-17
6.535300E+03	3.611530E-16	2.363721E-17
6.535800E+03	3.610068E-16	2.362637E-17
6.536200E+03	3.609994E-16	2.362488E-17
6.536700E+03	3.609362E-16	2.361948E-17
6.537100E+03	3.609123E-16	2.361691E-17
6.537500E+03	3.609133E-16	2.361596E-17
6.538000E+03	3.608419E-16	2.361002E-17
6.538400E+03	3.608014E-16	2.360636E-17
6.538900E+03	3.607050E-16	2.359879E-17
6.539300E+03	3.605814E-16	2.358970E-17
6.539700E+03	3.604247E-16	2.357843E-17
6.540200E+03	3.603533E-16	2.357250E-17
6.540600E+03	3.603211E-16	2.356939E-17
6.541100E+03	3.603991E-16	2.357323E-17
6.541500E+03	3.604831E-16	2.357771E-17
6.541900E+03	3.605754E-16	2.358273E-17
6.542400E+03	3.604874E-16	2.357571E-17
6.542800E+03	3.603556E-16	2.356608E-17
6.543300E+03	3.602510E-16	2.355798E-17
6.543600E+03	3.602580E-16	2.355768E-17
6.544100E+03	3.602115E-16	2.355338E-17
6.544500E+03	3.602374E-16	2.355406E-17
6.544900E+03	3.600808E-16	2.354281E-17
6.545400E+03	3.599846E-16	2.353526E-17
6.545800E+03	3.600437E-16	2.353811E-17
6.546300E+03	3.598231E-16	2.352242E-17
6.546700E+03	3.597495E-16	2.351661E-17
6.547100E+03	3.596428E-16	2.350862E-17
6.547600E+03	3.596627E-16	2.350866E-17
6.548000E+03	3.595064E-16	2.349743E-17
6.548500E+03	3.593938E-16	2.348881E-17
6.548900E+03	3.592211E-16	2.347651E-17
6.549300E+03	3.592882E-16	2.347988E-17
6.549800E+03	3.591591E-16	2.347019E-17
6.550200E+03	3.591187E-16	2.346653E-17
6.550700E+03	3.589484E-16	2.345415E-17
6.551100E+03	3.588006E-16	2.344348E-17
6.551500E+03	3.585868E-16	2.342850E-17
6.552000E+03	3.585406E-16	2.342422E-17
6.552400E+03	3.584342E-16	2.341626E-17
6.552900E+03	3.583631E-16	2.341036E-17
6.553300E+03	3.582652E-16	2.340295E-17
6.553800E+03	3.582024E-16	2.339759E-17
6.554100E+03	3.580938E-16	2.338974E-17
6.554500E+03	3.578145E-16	2.337049E-17
6.555000E+03	3.576449E-16	2.335815E-17
6.555400E+03	3.576952E-16	2.336043E-17
6.555900E+03	3.575172E-16	2.334755E-17
6.556300E+03	3.573124E-16	2.333316E-17
6.556700E+03	3.571901E-16	2.332417E-17
6.557200E+03	3.571028E-16	2.331721E-17
6.557600E+03	3.570544E-16	2.331304E-17
6.558100E+03	3.570494E-16	2.331146E-17
6.558500E+03	3.569846E-16	2.330622E-17
6.559000E+03	3.569878E-16	2.330517E-17
6.559400E+03	3.570216E-16	2.330637E-17
6.559800E+03	3.568253E-16	2.329255E-17
6.560300E+03	3.567629E-16	2.328722E-17
6.560700E+03	3.568376E-16	2.329109E-17
6.561200E+03	3.567259E-16	2.328254E-17
6.561600E+03	3.565379E-16	2.326926E-17
6.562000E+03	3.565389E-16	2.326832E-17
6.562500E+03	3.565831E-16	2.326995E-17
6.562900E+03	3.566579E-16	2.327382E-17
6.563400E+03	3.565052E-16	2.326259E-17
6.563800E+03	3.563092E-16	2.324880E-17
6.564200E+03	3.561132E-16	2.323501E-17
6.564600E+03	3.562535E-16	2.324315E-17
6.565000E+03	3.562463E-16	2.324168E-17
6.565500E+03	3.560773E-16	2.322939E-17
6.565900E+03	3.563324E-16	2.324503E-17
6.566400E+03	3.562454E-16	2.323809E-17
6.566800E+03	3.561643E-16	2.323179E-17
6.567300E+03	3.559871E-16	2.321898E-17
6.567700E+03	3.558487E-16	2.320895E-17
6.568100E+03	3.558906E-16	2.321067E-17
6.568600E+03	3.558364E-16	2.320588E-17
6.569000E+03	3.556898E-16	2.319531E-17
6.569500E+03	3.554720E-16	2.317985E-17
6.569900E+03	3.552928E-16	2.316716E-17
6.570400E+03	3.551897E-16	2.315918E-17
6.570800E+03	3.551906E-16	2.315823E-17
6.571200E+03	3.551260E-16	2.315301E-17
6.571700E+03	3.550475E-16	2.314664E-17
6.572100E+03	3.549994E-16	2.314249E-17
6.572600E+03	3.549453E-16	2.313771E-17
6.573000E+03	3.548154E-16	2.312824E-17
6.573500E+03	3.546634E-16	2.311707E-17
6.573900E+03	3.545173E-16	2.310655E-17
6.574300E+03	3.542816E-16	2.309018E-17
6.574700E+03	3.541112E-16	2.307807E-17
6.575100E+03	3.539572E-16	2.306703E-17
6.575600E+03	3.535449E-16	2.303891E-17
6.576000E+03	3.533423E-16	2.302470E-17
6.576500E+03	3.533536E-16	2.302419E-17
6.576900E+03	3.529886E-16	2.299940E-17
6.577300E+03	3.530544E-16	2.300269E-17
6.577800E+03	3.527244E-16	2.297993E-17
6.578200E+03	3.524980E-16	2.296418E-17
6.578700E+03	3.522659E-16	2.294781E-17
6.579100E+03	3.521288E-16	2.293788E-17
6.579600E+03	3.519860E-16	2.292733E-17
6.580000E+03	3.519707E-16	2.292533E-17
6.580400E+03	3.519149E-16	2.292070E-17
6.580900E+03	3.514968E-16	2.289222E-17
6.581300E+03	3.515867E-16	2.289707E-17
6.581800E+03	3.512338E-16	2.287284E-17
6.582200E+03	3.511862E-16	2.286874E-17
6.582700E+03	3.512054E-16	2.286875E-17
6.583100E+03	3.511335E-16	2.286307E-17
6.583500E+03	3.511263E-16	2.286160E-17
6.584000E+03	3.510970E-16	2.285845E-17
6.584400E+03	3.509928E-16	2.285066E-17
6.584800E+03	3.508240E-16	2.283867E-17
6.585200E+03	3.504938E-16	2.281618E-17
6.585700E+03	3.505130E-16	2.281619E-17
6.586100E+03	3.505058E-16	2.281472E-17
6.586500E+03	3.502969E-16	2.280012E-17
6.587000E+03	3.500097E-16	2.278019E-17
6.587400E+03	3.498010E-16	2.276561E-17
6.587900E+03	3.498363E-16	2.276666E-17
6.588300E+03	3.496358E-16	2.275262E-17
6.588800E+03	3.495745E-16	2.274738E-17
6.589200E+03	3.491571E-16	2.271922E-17
6.589700E+03	3.489752E-16	2.270615E-17
6.590100E+03	3.489520E-16	2.270364E-17
6.590500E+03	3.489368E-16	2.270166E-17
6.591000E+03	3.489800E-16	2.270322E-17
6.591400E+03	3.486434E-16	2.268034E-17
6.591900E+03	3.484619E-16	2.266729E-17
6.592300E+03	3.484628E-16	2.266635E-17
6.592800E+03	3.484738E-16	2.266583E-17
6.593200E+03	3.484907E-16	2.266593E-17
6.593700E+03	3.481890E-16	2.264506E-17
6.594100E+03	3.480776E-16	2.263682E-17
6.594500E+03	3.479581E-16	2.262807E-17
6.595000E+03	3.477770E-16	2.261504E-17
6.595300E+03	3.476955E-16	2.260900E-17
6.595800E+03	3.475704E-16	2.259963E-17
6.596200E+03	3.473232E-16	2.258256E-17
6.596700E+03	3.471424E-16	2.256957E-17
6.597100E+03	3.470234E-16	2.256084E-17
6.597500E+03	3.469762E-16	2.255678E-17
6.598000E+03	3.465880E-16	2.253030E-17
6.598400E+03	3.465887E-16	2.252936E-17
6.598900E+03	3.466316E-16	2.253091E-17
6.599300E+03	3.464170E-16	2.251597E-17
6.599800E+03	3.464599E-16	2.251752E-17
6.600200E+03	3.463332E-16	2.250829E-17
6.600700E+03	3.461926E-16	2.249792E-17
6.601100E+03	3.460021E-16	2.248455E-17
6.601500E+03	3.459949E-16	2.248310E-17
6.602000E+03	3.460219E-16	2.248361E-17
6.602400E+03	3.459430E-16	2.247749E-17
6.602900E+03	3.458663E-16	2.247127E-17
6.603300E+03	3.458910E-16	2.247189E-17
6.603800E+03	3.457586E-16	2.246205E-17
6.604200E+03	3.455764E-16	2.244922E-17
6.604700E+03	3.453328E-16	2.243216E-17
6.605100E+03	3.454130E-16	2.243638E-17
6.605500E+03	3.454695E-16	2.243907E-17
6.605900E+03	3.455339E-16	2.244226E-17
6.606300E+03	3.455586E-16	2.244287E-17
6.606800E+03	3.455616E-16	2.244183E-17
6.607200E+03	3.456101E-16	2.244399E-17
6.607700E+03	3.455732E-16	2.244036E-17
6.608100E+03	3.454468E-16	2.243116E-17
6.608600E+03	3.454099E-16	2.242752E-17
6.609000E+03	3.452120E-16	2.241368E-17
6.609500E+03	3.450798E-16	2.240387E-17
6.609900E+03	3.449535E-16	2.239467E-17
6.610300E+03	3.447954E-16	2.238342E-17
6.610800E+03	3.446158E-16	2.237053E-17
6.611200E+03	3.446483E-16	2.237165E-17
6.611700E+03	3.448736E-16	2.238503E-17
6.612100E+03	3.450650E-16	2.239647E-17
6.612600E+03	3.451474E-16	2.240058E-17
6.613000E+03	3.452117E-16	2.240376E-17
6.613500E+03	3.451749E-16	2.240014E-17
6.613900E+03	3.449691E-16	2.238578E-17
6.614400E+03	3.448529E-16	2.237701E-17
6.614800E+03	3.448774E-16	2.237761E-17
6.615200E+03	3.449180E-16	2.237925E-17
6.615600E+03	3.448790E-16	2.237573E-17
6.616000E+03	3.449115E-16	2.237685E-17
6.616500E+03	3.449701E-16	2.237941E-17
6.616900E+03	3.450343E-16	2.238259E-17
6.617400E+03	3.450929E-16	2.238515E-17
6.617800E+03	3.448395E-16	2.236771E-17
6.618300E+03	3.449297E-16	2.237233E-17
6.618700E+03	3.448590E-16	2.236675E-17
6.619200E+03	3.449016E-16	2.236828E-17
6.619600E+03	3.447674E-16	2.235858E-17
6.620100E+03	3.446751E-16	2.235135E-17
6.620500E+03	3.446599E-16	2.234938E-17
6.620900E+03	3.445179E-16	2.233917E-17
6.621400E+03	3.447350E-16	2.235202E-17
6.621800E+03	3.448787E-16	2.236034E-17
6.622300E+03	3.449451E-16	2.236340E-17
6.622700E+03	3.449617E-16	2.236349E-17
6.623200E+03	3.451792E-16	2.237634E-17
6.623600E+03	3.450448E-16	2.236664E-17
6.624100E+03	3.450001E-16	2.236249E-17
6.624500E+03	3.450008E-16	2.236155E-17
6.625000E+03	3.450672E-16	2.236461E-17
6.625400E+03	3.452507E-16	2.237551E-17
6.625900E+03	3.453014E-16	2.237755E-17
6.626200E+03	3.452522E-16	2.237361E-17
6.626600E+03	3.453166E-16	2.237679E-17
6.627100E+03	3.452638E-16	2.237212E-17
6.627500E+03	3.453361E-16	2.237581E-17
6.628000E+03	3.453867E-16	2.237785E-17
6.628400E+03	3.452284E-16	2.236660E-17
6.628900E+03	3.451994E-16	2.236348E-17
6.629300E+03	3.451207E-16	2.235738E-17
6.629800E+03	3.451474E-16	2.235787E-17
6.630200E+03	3.450767E-16	2.235229E-17
6.630700E+03	3.449445E-16	2.234248E-17
6.631100E+03	3.450008E-16	2.234513E-17
6.631600E+03	3.449084E-16	2.233790E-17
6.632000E+03	3.449647E-16	2.234055E-17
6.632400E+03	3.449257E-16	2.233703E-17
6.632900E+03	3.448570E-16	2.233134E-17
6.633300E+03	3.447386E-16	2.232268E-17
6.633800E+03	3.445670E-16	2.231032E-17
6.634200E+03	3.444169E-16	2.229960E-17
6.634700E+03	3.443246E-16	2.229238E-17
6.635100E+03	3.443412E-16	2.229246E-17
6.635600E+03	3.444947E-16	2.230116E-17
6.636000E+03	3.445033E-16	2.230072E-17
6.636400E+03	3.443692E-16	2.229104E-17
6.636800E+03	3.443699E-16	2.229009E-17
6.637300E+03	3.443094E-16	2.228493E-17
6.637700E+03	3.443339E-16	2.228552E-17
6.638200E+03	3.442495E-16	2.227881E-17
6.638600E+03	3.442344E-16	2.227684E-17
6.639100E+03	3.441499E-16	2.227013E-17
6.639500E+03	3.440555E-16	2.226302E-17
6.639900E+03	3.438741E-16	2.225029E-17
6.640400E+03	3.437661E-16	2.224206E-17
6.640800E+03	3.436165E-16	2.223138E-17
6.641300E+03	3.437697E-16	2.224005E-17
6.641700E+03	3.439682E-16	2.225190E-17
6.642200E+03	3.439235E-16	2.224776E-17
6.642600E+03	3.440510E-16	2.225501E-17
6.643100E+03	3.440221E-16	2.225189E-17
6.643500E+03	3.440861E-16	2.225504E-17
6.644000E+03	3.441445E-16	2.225756E-17
6.644400E+03	3.441055E-16	2.225404E-17
6.644900E+03	3.442034E-16	2.225913E-17
6.645300E+03	3.441882E-16	2.225715E-17
6.645800E+03	3.442783E-16	2.226173E-17
6.646200E+03	3.441363E-16	2.225155E-17
6.646600E+03	3.441766E-16	2.225316E-17
6.647000E+03	3.443437E-16	2.226296E-17
6.647500E+03	3.441166E-16	2.224703E-17
6.647900E+03	3.441489E-16	2.224812E-17
6.648400E+03	3.440329E-16	2.223938E-17
6.648800E+03	3.442000E-16	2.224917E-17
6.649200E+03	3.442482E-16	2.225129E-17
6.649700E+03	3.443144E-16	2.225432E-17
6.650100E+03	3.441803E-16	2.224466E-17
6.650600E+03	3.442782E-16	2.224974E-17
6.651000E+03	3.441521E-16	2.224059E-17
6.651500E+03	3.441152E-16	2.223695E-17
6.651900E+03	3.441397E-16	2.223754E-17
6.652400E+03	3.440078E-16	2.222777E-17
6.652800E+03	3.439451E-16	2.222271E-17
6.653300E+03	3.440271E-16	2.222676E-17
6.653700E+03	3.440990E-16	2.223041E-17
6.654200E+03	3.441652E-16	2.223343E-17
6.654600E+03	3.439361E-16	2.221763E-17
6.655100E+03	3.435985E-16	2.219458E-17
6.655500E+03	3.437178E-16	2.220128E-17
6.656000E+03	3.436335E-16	2.219459E-17
6.656400E+03	3.436817E-16	2.219670E-17
6.656800E+03	3.437377E-16	2.219932E-17
6.657200E+03	3.435722E-16	2.218763E-17
6.657700E+03	3.435196E-16	2.218298E-17
6.658100E+03	3.435202E-16	2.218202E-17
6.658600E+03	3.434914E-16	2.217891E-17
6.659000E+03	3.434207E-16	2.217335E-17
6.659500E+03	3.433286E-16	2.216616E-17
6.659900E+03	3.431948E-16	2.215652E-17
6.660400E+03	3.434585E-16	2.217229E-17
6.660800E+03	3.433089E-16	2.216163E-17
6.661300E+03	3.433196E-16	2.216107E-17
6.661700E+03	3.431700E-16	2.215042E-17
6.662100E+03	3.429415E-16	2.213467E-17
6.662600E+03	3.429680E-16	2.213513E-17
6.663000E+03	3.429923E-16	2.213570E-17
6.663500E+03	3.431609E-16	2.214533E-17
6.663900E+03	3.432485E-16	2.214998E-17
6.664400E+03	3.432512E-16	2.214891E-17
6.664800E+03	3.431886E-16	2.214387E-17
6.665300E+03	3.429149E-16	2.212495E-17
6.665700E+03	3.424657E-16	2.209498E-17
6.666200E+03	3.423817E-16	2.208831E-17
6.666600E+03	3.423822E-16	2.208734E-17
6.667000E+03	3.424381E-16	2.208995E-17
6.667400E+03	3.422732E-16	2.207831E-17
6.667900E+03	3.422759E-16	2.207724E-17
6.668300E+03	3.421583E-16	2.206865E-17
6.668800E+03	3.421925E-16	2.206961E-17
6.669200E+03	3.422325E-16	2.207119E-17
6.669700E+03	3.424007E-16	2.208079E-17
6.670100E+03	3.420231E-16	2.205544E-17
6.670600E+03	3.420337E-16	2.205487E-17
6.671000E+03	3.418767E-16	2.204376E-17
6.671500E+03	3.413996E-16	2.201174E-17
6.671900E+03	3.414474E-16	2.201383E-17
6.672400E+03	3.413714E-16	2.200768E-17
6.672800E+03	3.413720E-16	2.200672E-17
6.673300E+03	3.413747E-16	2.200565E-17
6.673700E+03	3.413595E-16	2.200368E-17
6.674200E+03	3.413465E-16	2.200159E-17
6.674600E+03	3.412214E-16	2.199252E-17
6.675100E+03	3.411926E-16	2.198942E-17
6.675500E+03	3.412168E-16	2.198998E-17
6.676000E+03	3.412509E-16	2.199093E-17
6.676400E+03	3.411257E-16	2.198187E-17
6.676900E+03	3.411284E-16	2.198079E-17
6.677300E+03	3.407914E-16	2.195808E-17
6.677700E+03	3.407370E-16	2.195358E-17
6.678100E+03	3.404866E-16	2.193645E-17
6.678600E+03	3.404109E-16	2.193033E-17
6.679000E+03	3.403801E-16	2.192735E-17
6.679500E+03	3.404062E-16	2.192778E-17
6.679900E+03	3.406029E-16	2.193945E-17
6.680400E+03	3.404722E-16	2.192979E-17
6.680800E+03	3.404962E-16	2.193034E-17
6.681300E+03	3.402481E-16	2.191311E-17
6.681700E+03	3.401390E-16	2.190509E-17
6.682200E+03	3.397972E-16	2.188184E-17
6.682600E+03	3.398525E-16	2.188440E-17
6.683100E+03	3.397691E-16	2.187778E-17
6.683500E+03	3.398635E-16	2.188287E-17
6.684000E+03	3.397879E-16	2.187675E-17
6.684400E+03	3.398119E-16	2.187730E-17
6.684900E+03	3.398146E-16	2.187623E-17
6.685300E+03	3.396586E-16	2.186520E-17
6.685800E+03	3.397864E-16	2.187217E-17
6.686200E+03	3.399748E-16	2.188330E-17
6.686700E+03	3.399461E-16	2.188021E-17
6.687100E+03	3.398683E-16	2.187421E-17
6.687600E+03	3.399101E-16	2.187565E-17
6.687900E+03	3.398068E-16	2.186826E-17
6.688400E+03	3.400286E-16	2.188128E-17
6.688800E+03	3.399978E-16	2.187830E-17
6.689300E+03	3.398673E-16	2.186866E-17
6.689700E+03	3.397740E-16	2.186166E-17
6.690200E+03	3.398001E-16	2.186209E-17
6.690600E+03	3.397458E-16	2.185759E-17
6.691100E+03	3.397406E-16	2.185601E-17
6.691500E+03	3.396941E-16	2.185202E-17
6.692000E+03	3.395247E-16	2.183988E-17
6.692400E+03	3.393923E-16	2.183037E-17
6.692900E+03	3.393793E-16	2.182828E-17
6.693300E+03	3.395987E-16	2.184140E-17
6.693800E+03	3.394215E-16	2.182875E-17
6.694200E+03	3.394064E-16	2.182678E-17
6.694700E+03	3.390574E-16	2.180310E-17
6.695100E+03	3.389174E-16	2.179310E-17
6.695600E+03	3.387172E-16	2.177898E-17
6.696000E+03	3.385929E-16	2.176999E-17
6.696500E+03	3.387827E-16	2.178095E-17
6.696900E+03	3.386350E-16	2.177045E-17
6.697400E+03	3.387468E-16	2.177639E-17
6.697800E+03	3.387160E-16	2.177342E-17
6.698200E+03	3.387477E-16	2.177446E-17
6.698600E+03	3.384676E-16	2.175546E-17
6.699100E+03	3.384545E-16	2.175337E-17
6.699600E+03	3.384493E-16	2.175179E-17
6.700000E+03	3.383719E-16	2.174582E-17
6.700500E+03	3.383978E-16	2.174624E-17
6.700900E+03	3.384762E-16	2.175028E-17
6.701400E+03	3.386424E-16	2.175972E-17
6.701800E+03	3.385962E-16	2.175575E-17
6.702300E+03	3.386377E-16	2.175717E-17
6.702700E+03	3.385602E-16	2.175119E-17
6.703200E+03	3.384224E-16	2.174109E-17
6.703600E+03	3.384074E-16	2.173913E-17
6.704100E+03	3.383553E-16	2.173454E-17
6.704500E+03	3.383792E-16	2.173508E-17
6.705000E+03	3.384284E-16	2.173699E-17
6.705400E+03	3.383511E-16	2.173102E-17
6.705900E+03	3.383614E-16	2.173044E-17
6.706300E+03	3.384553E-16	2.173547E-17
6.706800E+03	3.382942E-16	2.172388E-17
6.707200E+03	3.381779E-16	2.171541E-17
6.707700E+03	3.382038E-16	2.171583E-17
6.708100E+03	3.380407E-16	2.170436E-17
6.708500E+03	3.380022E-16	2.170089E-17
6.708900E+03	3.380494E-16	2.170292E-17
6.709400E+03	3.379586E-16	2.169584E-17
6.709800E+03	3.378189E-16	2.168588E-17
6.710300E+03	3.376115E-16	2.167132E-17
6.710700E+03	3.375653E-16	2.166736E-17
6.711200E+03	3.374668E-16	2.165979E-17
6.711600E+03	3.375838E-16	2.166630E-17
6.712100E+03	3.373921E-16	2.165275E-17
6.712600E+03	3.373712E-16	2.165017E-17
6.713000E+03	3.373561E-16	2.164820E-17
6.713500E+03	3.374596E-16	2.165359E-17
6.713900E+03	3.371804E-16	2.163468E-17
6.714400E+03	3.369811E-16	2.162065E-17
6.714800E+03	3.368885E-16	2.161371E-17
6.715300E+03	3.366583E-16	2.159770E-17
6.715700E+03	3.366975E-16	2.159922E-17
6.716200E+03	3.366767E-16	2.159664E-17
6.716600E+03	3.367701E-16	2.160164E-17
6.717100E+03	3.366486E-16	2.159260E-17
6.717500E+03	3.365250E-16	2.158367E-17
6.718000E+03	3.363803E-16	2.157315E-17
6.718400E+03	3.364272E-16	2.157516E-17
6.718800E+03	3.364896E-16	2.157817E-17
6.719200E+03	3.362654E-16	2.156280E-17
6.719700E+03	3.360511E-16	2.154781E-17
6.720100E+03	3.360206E-16	2.154486E-17
6.720600E+03	3.358451E-16	2.153237E-17
6.721000E+03	3.357760E-16	2.152694E-17
6.721500E+03	3.358325E-16	2.152932E-17
6.722000E+03	3.358891E-16	2.153171E-17
6.722400E+03	3.357967E-16	2.152479E-17
6.722900E+03	3.357837E-16	2.152271E-17
6.723300E+03	3.356295E-16	2.151183E-17
6.723800E+03	3.355161E-16	2.150332E-17
6.724200E+03	3.353387E-16	2.149096E-17
6.724700E+03	3.350017E-16	2.146812E-17
6.725100E+03	3.348786E-16	2.145924E-17
6.725600E+03	3.349582E-16	2.146310E-17
6.726000E+03	3.348660E-16	2.145620E-17
6.726500E+03	3.349379E-16	2.145956E-17
6.726900E+03	3.350000E-16	2.146255E-17
6.727400E+03	3.349252E-16	2.145652E-17
6.727800E+03	3.349874E-16	2.145951E-17
6.728300E+03	3.348741E-16	2.145101E-17
6.728700E+03	3.348436E-16	2.144806E-17
6.729100E+03	3.348748E-16	2.144907E-17
6.729600E+03	3.347308E-16	2.143860E-17
6.730000E+03	3.347697E-16	2.144010E-17
6.730500E+03	3.347335E-16	2.143654E-17
6.730900E+03	3.345644E-16	2.142471E-17
6.731400E+03	3.344974E-16	2.141919E-17
6.731800E+03	3.344901E-16	2.141773E-17
6.732300E+03	3.343693E-16	2.140875E-17
6.732700E+03	3.343620E-16	2.140729E-17
6.733200E+03	3.345107E-16	2.141557E-17
6.733600E+03	3.344109E-16	2.140818E-17
6.734100E+03	3.345751E-16	2.141745E-17
6.734500E+03	3.344291E-16	2.140711E-17
6.735000E+03	3.344314E-16	2.140602E-17
6.735500E+03	3.342336E-16	2.139212E-17
6.735900E+03	3.341417E-16	2.138524E-17
6.736400E+03	3.341441E-16	2.138415E-17
6.736800E+03	3.341136E-16	2.138121E-17
6.737300E+03	3.341852E-16	2.138455E-17
6.737700E+03	3.340856E-16	2.137718E-17
6.738200E+03	3.338880E-16	2.136330E-17
6.738600E+03	3.337961E-16	2.135643E-17
6.739000E+03	3.338426E-16	2.135841E-17
6.739400E+03	3.336815E-16	2.134711E-17
6.739900E+03	3.336685E-16	2.134503E-17
6.740300E+03	3.334922E-16	2.133276E-17
6.740800E+03	3.334714E-16	2.133020E-17
6.741300E+03	3.335737E-16	2.133550E-17
6.741700E+03	3.333359E-16	2.131930E-17
6.742200E+03	3.333690E-16	2.132017E-17
6.742600E+03	3.333540E-16	2.131822E-17
6.743100E+03	3.333640E-16	2.131762E-17
6.743500E+03	3.334949E-16	2.132499E-17
6.744000E+03	3.334204E-16	2.131899E-17
6.744400E+03	3.334975E-16	2.132293E-17
6.744900E+03	3.334845E-16	2.132085E-17
6.745300E+03	3.335232E-16	2.132234E-17
6.745800E+03	3.334411E-16	2.131584E-17
6.746200E+03	3.333032E-16	2.130603E-17
6.746700E+03	3.332748E-16	2.130298E-17
6.747200E+03	3.333155E-16	2.130434E-17
6.747600E+03	3.333696E-16	2.130680E-17
6.748100E+03	3.335024E-16	2.131405E-17
6.748500E+03	3.334336E-16	2.130866E-17
6.749000E+03	3.334282E-16	2.130707E-17
6.749300E+03	3.332884E-16	2.129739E-17
6.749800E+03	3.332907E-16	2.129629E-17
6.750200E+03	3.332603E-16	2.129336E-17
6.750700E+03	3.333930E-16	2.130060E-17
6.751100E+03	3.332706E-16	2.129178E-17
6.751600E+03	3.331117E-16	2.128039E-17
6.752100E+03	3.334594E-16	2.130135E-17
6.752500E+03	3.335825E-16	2.130823E-17
6.753000E+03	3.335465E-16	2.130468E-17
6.753400E+03	3.336542E-16	2.131056E-17
6.753900E+03	3.336950E-16	2.131192E-17
6.754300E+03	3.337490E-16	2.131438E-17
6.754800E+03	3.338666E-16	2.132064E-17
6.755200E+03	3.338285E-16	2.131721E-17
6.755700E+03	3.339153E-16	2.132151E-17
6.756200E+03	3.339791E-16	2.132433E-17
6.756600E+03	3.339948E-16	2.132434E-17
6.757100E+03	3.338894E-16	2.131636E-17
6.757500E+03	3.337667E-16	2.130753E-17
6.758000E+03	3.337228E-16	2.130348E-17
6.758400E+03	3.334313E-16	2.128388E-17
6.758900E+03	3.334027E-16	2.128081E-17
6.759300E+03	3.333570E-16	2.127689E-17
6.759700E+03	3.333112E-16	2.127297E-17
6.760100E+03	3.331964E-16	2.126465E-17
6.760600E+03	3.333981E-16	2.127628E-17
6.761100E+03	3.334464E-16	2.127812E-17
6.761500E+03	3.334621E-16	2.127812E-17
6.762000E+03	3.335872E-16	2.128486E-17
6.762400E+03	3.334339E-16	2.127407E-17
6.762900E+03	3.335513E-16	2.128032E-17
6.763300E+03	3.334133E-16	2.127052E-17
6.763800E+03	3.334233E-16	2.126990E-17
6.764200E+03	3.335388E-16	2.127627E-17
6.764700E+03	3.335947E-16	2.127860E-17
6.765200E+03	3.337891E-16	2.128974E-17
6.765600E+03	3.337816E-16	2.128827E-17
6.766100E+03	3.338453E-16	2.129108E-17
6.766500E+03	3.337764E-16	2.128569E-17
6.767000E+03	3.338863E-16	2.129144E-17
6.767400E+03	3.338173E-16	2.128605E-17
6.767900E+03	3.338656E-16	2.128788E-17
6.768400E+03	3.339293E-16	2.129069E-17
6.768800E+03	3.341219E-16	2.130197E-17
6.769300E+03	3.341087E-16	2.129988E-17
6.769700E+03	3.340397E-16	2.129447E-17
6.770100E+03	3.340246E-16	2.129251E-17
6.770500E+03	3.339709E-16	2.128809E-17
6.771000E+03	3.341039E-16	2.129531E-17
6.771400E+03	3.341349E-16	2.129629E-17
6.771900E+03	3.340602E-16	2.129028E-17
6.772400E+03	3.340624E-16	2.128916E-17
6.772800E+03	3.342396E-16	2.129945E-17
6.773300E+03	3.340417E-16	2.128559E-17
6.773700E+03	3.339958E-16	2.128166E-17
6.774200E+03	3.339826E-16	2.127957E-17
6.774600E+03	3.339752E-16	2.127810E-17
6.775100E+03	3.340696E-16	2.128286E-17
6.775500E+03	3.337700E-16	2.126277E-17
6.776000E+03	3.337030E-16	2.125725E-17
6.776500E+03	3.336744E-16	2.125418E-17
6.776900E+03	3.335979E-16	2.124830E-17
6.777400E+03	3.334464E-16	2.123740E-17
6.777800E+03	3.332701E-16	2.122517E-17
6.778300E+03	3.331648E-16	2.121722E-17
6.778700E+03	3.329656E-16	2.120353E-17
6.779200E+03	3.329831E-16	2.120340E-17
6.779700E+03	3.329163E-16	2.119789E-17
6.780100E+03	3.329088E-16	2.119641E-17
6.780500E+03	3.328630E-16	2.119250E-17
6.780900E+03	3.328556E-16	2.119103E-17
6.781400E+03	3.330187E-16	2.120016E-17
6.781800E+03	3.330572E-16	2.120161E-17
6.782300E+03	3.332051E-16	2.120978E-17
6.782800E+03	3.334068E-16	2.122136E-17
6.783200E+03	3.334761E-16	2.122477E-17
6.783700E+03	3.335396E-16	2.122756E-17
6.784100E+03	3.335782E-16	2.122901E-17
6.784600E+03	3.337570E-16	2.123914E-17
6.785000E+03	3.336497E-16	2.123131E-17
6.785500E+03	3.337824E-16	2.123850E-17
6.786000E+03	3.339383E-16	2.124716E-17
6.786400E+03	3.338770E-16	2.124225E-17
6.786900E+03	3.338331E-16	2.123820E-17
6.787300E+03	3.339178E-16	2.124259E-17
6.787800E+03	3.338507E-16	2.123707E-17
6.788200E+03	3.339815E-16	2.124438E-17
6.788700E+03	3.342606E-16	2.126088E-17
6.789200E+03	3.344244E-16	2.127004E-17
6.789600E+03	3.346248E-16	2.128178E-17
6.790100E+03	3.345268E-16	2.127429E-17
6.790400E+03	3.344172E-16	2.126656E-17
6.790900E+03	3.345964E-16	2.127670E-17
6.791300E+03	3.345811E-16	2.127472E-17
6.791800E+03	3.348300E-16	2.128928E-17
6.792300E+03	3.348783E-16	2.129110E-17
6.792700E+03	3.349864E-16	2.129696E-17
6.793200E+03	3.349423E-16	2.129289E-17
6.793600E+03	3.349424E-16	2.129189E-17
6.794100E+03	3.350602E-16	2.129812E-17
6.794500E+03	3.350835E-16	2.129859E-17
6.795000E+03	3.352322E-16	2.130678E-17
6.795500E+03	3.352884E-16	2.130908E-17
6.795900E+03	3.352113E-16	2.130317E-17
6.796400E+03	3.351747E-16	2.129959E-17
6.796800E+03	3.352212E-16	2.130153E-17
6.797300E+03	3.351152E-16	2.129354E-17
6.797700E+03	3.353083E-16	2.130479E-17
6.798200E+03	3.354880E-16	2.131494E-17
6.798700E+03	3.355751E-16	2.131922E-17
6.799100E+03	3.356371E-16	2.132214E-17
6.799600E+03	3.356005E-16	2.131855E-17
6.800000E+03	3.356779E-16	2.132245E-17
6.800500E+03	3.357650E-16	2.132672E-17
6.800900E+03	3.359043E-16	2.133456E-17
6.801300E+03	3.359895E-16	2.133895E-17
6.801800E+03	3.360303E-16	2.134027E-17
6.802200E+03	3.359839E-16	2.133632E-17
6.802700E+03	3.361020E-16	2.134255E-17
6.803100E+03	3.361408E-16	2.134400E-17
6.803600E+03	3.361120E-16	2.134090E-17
6.804100E+03	3.360985E-16	2.133877E-17
6.804500E+03	3.361373E-16	2.134022E-17
6.805000E+03	3.362246E-16	2.134449E-17
6.805400E+03	3.362865E-16	2.134741E-17
6.805900E+03	3.362189E-16	2.134185E-17
6.806400E+03	3.362132E-16	2.134022E-17
6.806800E+03	3.360972E-16	2.133184E-17
6.807300E+03	3.361767E-16	2.133561E-17
6.807700E+03	3.361690E-16	2.133411E-17
6.808200E+03	3.360086E-16	2.132266E-17
6.808600E+03	3.361324E-16	2.132951E-17
6.809100E+03	3.360803E-16	2.132492E-17
6.809600E+03	3.360746E-16	2.132330E-17
6.810000E+03	3.360592E-16	2.132130E-17
6.810500E+03	3.359838E-16	2.131525E-17
6.810900E+03	3.360303E-16	2.131718E-17
6.811300E+03	3.360691E-16	2.131863E-17
6.811800E+03	3.358699E-16	2.130472E-17
6.812200E+03	3.358777E-16	2.130420E-17
6.812700E+03	3.357329E-16	2.129375E-17
6.813100E+03	3.356556E-16	2.128783E-17
6.813600E+03	3.356267E-16	2.128473E-17
6.814100E+03	3.357137E-16	2.128898E-17
6.814500E+03	3.356365E-16	2.128306E-17
6.815000E+03	3.356307E-16	2.128143E-17
6.815400E+03	3.355922E-16	2.127797E-17
6.815900E+03	3.354397E-16	2.126703E-17
6.816300E+03	3.354088E-16	2.126406E-17
6.816800E+03	3.353259E-16	2.125753E-17
6.817300E+03	3.352507E-16	2.125150E-17
6.817700E+03	3.352353E-16	2.124950E-17
6.818200E+03	3.350057E-16	2.123368E-17
6.818600E+03	3.350134E-16	2.123316E-17
6.819100E+03	3.350154E-16	2.123202E-17
6.819600E+03	3.349172E-16	2.122452E-17
6.820000E+03	3.348246E-16	2.121764E-17
6.820500E+03	3.347341E-16	2.121064E-17
6.820900E+03	3.346494E-16	2.120426E-17
6.821300E+03	3.345031E-16	2.119397E-17
6.821800E+03	3.342894E-16	2.117917E-17
6.822200E+03	3.341355E-16	2.116841E-17
6.822700E+03	3.340989E-16	2.116482E-17
6.823100E+03	3.338990E-16	2.115115E-17
6.823600E+03	3.336013E-16	2.113102E-17
6.824100E+03	3.335340E-16	2.112550E-17
6.824500E+03	3.335572E-16	2.112595E-17
6.825000E+03	3.334055E-16	2.111508E-17
6.825400E+03	3.332674E-16	2.110532E-17
6.825900E+03	3.331542E-16	2.109690E-17
6.826400E+03	3.330564E-16	2.108944E-17
6.826800E+03	3.329874E-16	2.108406E-17
6.827300E+03	3.328743E-16	2.107564E-17
6.827700E+03	3.327211E-16	2.106493E-17
6.828200E+03	3.326081E-16	2.105651E-17
6.828700E+03	3.324415E-16	2.104470E-17
6.829100E+03	3.321737E-16	2.102674E-17
6.829600E+03	3.320380E-16	2.101689E-17
6.830000E+03	3.317934E-16	2.100040E-17
6.830500E+03	3.317112E-16	2.099394E-17
6.831000E+03	3.316597E-16	2.098942E-17
6.831400E+03	3.314230E-16	2.097344E-17
6.831800E+03	3.311866E-16	2.095747E-17
6.832200E+03	3.309960E-16	2.094440E-17
6.832700E+03	3.309216E-16	2.093844E-17
6.833200E+03	3.307635E-16	2.092718E-17
6.833600E+03	3.306797E-16	2.092088E-17
6.834100E+03	3.304836E-16	2.090722E-17
6.834500E+03	3.303315E-16	2.089659E-17
6.835000E+03	3.301889E-16	2.088631E-17
6.835500E+03	3.299855E-16	2.087219E-17
6.835900E+03	3.297803E-16	2.085822E-17
6.836400E+03	3.296304E-16	2.084748E-17
6.836800E+03	3.294785E-16	2.083688E-17
6.837300E+03	3.293288E-16	2.082615E-17
6.837800E+03	3.292396E-16	2.081926E-17
6.838200E+03	3.290652E-16	2.080724E-17
6.838700E+03	3.288549E-16	2.079269E-17
6.839100E+03	3.287111E-16	2.078259E-17
6.839600E+03	3.284708E-16	2.076615E-17
6.840100E+03	3.281249E-16	2.074304E-17
6.840500E+03	3.280190E-16	2.073535E-17
6.841000E+03	3.276812E-16	2.071275E-17
6.841400E+03	3.275906E-16	2.070602E-17
6.841800E+03	3.274849E-16	2.069835E-17
6.842300E+03	3.272305E-16	2.068102E-17
6.842700E+03	3.271098E-16	2.067240E-17
6.843200E+03	3.269084E-16	2.065843E-17
6.843700E+03	3.267822E-16	2.064921E-17
6.844100E+03	3.266167E-16	2.063776E-17
6.844600E+03	3.265733E-16	2.063378E-17
6.845000E+03	3.262876E-16	2.061473E-17
6.845500E+03	3.261918E-16	2.060743E-17
6.846000E+03	3.260584E-16	2.059777E-17
6.846400E+03	3.258406E-16	2.058302E-17
6.846900E+03	3.255499E-16	2.056341E-17
6.847300E+03	3.253550E-16	2.055011E-17
6.847800E+03	3.252369E-16	2.054141E-17
6.848300E+03	3.250664E-16	2.052941E-17
6.848700E+03	3.248569E-16	2.051519E-17
6.849200E+03	3.247539E-16	2.050745E-17
6.849600E+03	3.245221E-16	2.049182E-17
6.850100E+03	3.242401E-16	2.047278E-17
6.850600E+03	3.241821E-16	2.046788E-17
6.851000E+03	3.240327E-16	2.045746E-17
6.851500E+03	3.239300E-16	2.044975E-17
6.852000E+03	3.237751E-16	2.043873E-17
6.852300E+03	3.235869E-16	2.042611E-17
6.852800E+03	3.233652E-16	2.041088E-17
6.853200E+03	3.233129E-16	2.040660E-17
6.853700E+03	3.232849E-16	2.040360E-17
6.854200E+03	3.231452E-16	2.039355E-17
6.854600E+03	3.228996E-16	2.037707E-17
6.855100E+03	3.227081E-16	2.036375E-17
6.855500E+03	3.225965E-16	2.035572E-17
6.856000E+03	3.223977E-16	2.034195E-17
6.856500E+03	3.221768E-16	2.032678E-17
6.856900E+03	3.220135E-16	2.031550E-17
6.857400E+03	3.216965E-16	2.029428E-17
6.857900E+03	3.215131E-16	2.028148E-17
6.858300E+03	3.213649E-16	2.027115E-17
6.858800E+03	3.212334E-16	2.026163E-17
6.859200E+03	3.210928E-16	2.025178E-17
6.859700E+03	3.208950E-16	2.023808E-17
6.860200E+03	3.206824E-16	2.022345E-17
6.860600E+03	3.205346E-16	2.021315E-17
6.861100E+03	3.203666E-16	2.020133E-17
6.861600E+03	3.201765E-16	2.018813E-17
6.862000E+03	3.200805E-16	2.018109E-17
6.862400E+03	3.200288E-16	2.017686E-17
6.862800E+03	3.197267E-16	2.015683E-17
6.863300E+03	3.195738E-16	2.014597E-17
6.863800E+03	3.193915E-16	2.013326E-17
6.864200E+03	3.192295E-16	2.012208E-17
6.864700E+03	3.191430E-16	2.011541E-17
6.865200E+03	3.190785E-16	2.011012E-17
6.865600E+03	3.190343E-16	2.010636E-17
6.866100E+03	3.189038E-16	2.009692E-17
6.866500E+03	3.188669E-16	2.009362E-17
6.867000E+03	3.187070E-16	2.008232E-17
6.867500E+03	3.185399E-16	2.007058E-17
6.867900E+03	3.183197E-16	2.005573E-17
6.868400E+03	3.181528E-16	2.004400E-17
6.868900E+03	3.179859E-16	2.003227E-17
6.869300E+03	3.179053E-16	2.002622E-17
6.869800E+03	3.176873E-16	2.001127E-17
6.870200E+03	3.176067E-16	2.000523E-17
6.870700E+03	3.175060E-16	1.999767E-17
6.871200E+03	3.174198E-16	1.999103E-17
6.871600E+03	3.173539E-16	1.998591E-17
6.872100E+03	3.172167E-16	1.997605E-17
6.872600E+03	3.171378E-16	1.996988E-17
6.872900E+03	3.171360E-16	1.996903E-17
6.873400E+03	3.170280E-16	1.996102E-17
6.873800E+03	3.170424E-16	1.996095E-17
6.874300E+03	3.169856E-16	1.995617E-17
6.874800E+03	3.168776E-16	1.994816E-17
6.875200E+03	3.167827E-16	1.994121E-17
6.875700E+03	3.167987E-16	1.994101E-17
6.876200E+03	3.167493E-16	1.993669E-17
6.876600E+03	3.166251E-16	1.992790E-17
6.877100E+03	3.164736E-16	1.991716E-17
6.877500E+03	3.162694E-16	1.990334E-17
6.878000E+03	3.161399E-16	1.989398E-17
6.878500E+03	3.160178E-16	1.988508E-17
6.878900E+03	3.158938E-16	1.987631E-17
6.879400E+03	3.157791E-16	1.986789E-17
6.879900E+03	3.156570E-16	1.985900E-17
6.880300E+03	3.155405E-16	1.985070E-17
6.880800E+03	3.154186E-16	1.984182E-17
6.881300E+03	3.153184E-16	1.983431E-17
6.881700E+03	3.151948E-16	1.982557E-17
6.882200E+03	3.150802E-16	1.981716E-17
6.882600E+03	3.149712E-16	1.980934E-17
6.883000E+03	3.148622E-16	1.980151E-17
6.883500E+03	3.147477E-16	1.979311E-17
6.883900E+03	3.146750E-16	1.978757E-17
6.884400E+03	3.146186E-16	1.978282E-17
6.884900E+03	3.146201E-16	1.978171E-17
6.885300E+03	3.146632E-16	1.978346E-17
6.885800E+03	3.146068E-16	1.977871E-17
6.886300E+03	3.146083E-16	1.977760E-17
6.886700E+03	3.145356E-16	1.977206E-17
6.887200E+03	3.144503E-16	1.976549E-17
6.887600E+03	3.144427E-16	1.976405E-17
6.888100E+03	3.144080E-16	1.976067E-17
6.888600E+03	3.142503E-16	1.974955E-17
6.889000E+03	3.142573E-16	1.974902E-17
6.889500E+03	3.140635E-16	1.973564E-17
6.890000E+03	3.140577E-16	1.973407E-17
6.890400E+03	3.140140E-16	1.973036E-17
6.890900E+03	3.139865E-16	1.972743E-17
6.891400E+03	3.139158E-16	1.972178E-17
6.891800E+03	3.139444E-16	1.972262E-17
6.892300E+03	3.138519E-16	1.971560E-17
6.892800E+03	3.138750E-16	1.971585E-17
6.893200E+03	3.137663E-16	1.970806E-17
6.893600E+03	3.136721E-16	1.970118E-17
6.894000E+03	3.137946E-16	1.970791E-17
6.894500E+03	3.137961E-16	1.970680E-17
6.895000E+03	3.138337E-16	1.970796E-17
6.895400E+03	3.137756E-16	1.970335E-17
6.895900E+03	3.137988E-16	1.970360E-17
6.896400E+03	3.138941E-16	1.970838E-17
6.896800E+03	3.137854E-16	1.970059E-17
6.897300E+03	3.138374E-16	1.970265E-17
6.897800E+03	3.137088E-16	1.969337E-17
6.898200E+03	3.136652E-16	1.968967E-17
6.898700E+03	3.136449E-16	1.968719E-17
6.899200E+03	3.136753E-16	1.968789E-17
6.899600E+03	3.137616E-16	1.969235E-17
6.900100E+03	3.138136E-16	1.969441E-17
6.900600E+03	3.138078E-16	1.969284E-17
6.901000E+03	3.139158E-16	1.969865E-17
6.901500E+03	3.138522E-16	1.969346E-17
6.901900E+03	3.139025E-16	1.969565E-17
6.902400E+03	3.141064E-16	1.970723E-17
6.902900E+03	3.141511E-16	1.970883E-17
6.903300E+03	3.142593E-16	1.971465E-17
6.903700E+03	3.142735E-16	1.971458E-17
6.904200E+03	3.143690E-16	1.971936E-17
6.904600E+03	3.143759E-16	1.971883E-17
6.905100E+03	3.144424E-16	1.972179E-17
6.905600E+03	3.144872E-16	1.972339E-17
6.906000E+03	3.146100E-16	1.973012E-17
6.906500E+03	3.146477E-16	1.973128E-17
6.907000E+03	3.148520E-16	1.974288E-17
6.907400E+03	3.147719E-16	1.973689E-17
6.907900E+03	3.148385E-16	1.973985E-17
6.908400E+03	3.149342E-16	1.974464E-17
6.908800E+03	3.150353E-16	1.975002E-17
6.909300E+03	3.152471E-16	1.976208E-17
6.909800E+03	3.153719E-16	1.976869E-17
6.910200E+03	3.155168E-16	1.977680E-17
6.910700E+03	3.156344E-16	1.978296E-17
6.911200E+03	3.157884E-16	1.979140E-17
6.911600E+03	3.158899E-16	1.979678E-17
6.912100E+03	3.159203E-16	1.979748E-17
6.912500E+03	3.161965E-16	1.981381E-17
6.913000E+03	3.162197E-16	1.981405E-17
6.913500E+03	3.161774E-16	1.981018E-17
6.913800E+03	3.163719E-16	1.982164E-17
6.914300E+03	3.164315E-16	1.982415E-17
6.914800E+03	3.165422E-16	1.982987E-17
6.915200E+03	3.165564E-16	1.982978E-17
6.915700E+03	3.165868E-16	1.983047E-17
6.916200E+03	3.168289E-16	1.984442E-17
6.916600E+03	3.168796E-16	1.984661E-17
6.917100E+03	3.170853E-16	1.985828E-17
6.917600E+03	3.172326E-16	1.986628E-17
6.918000E+03	3.172323E-16	1.986528E-17
6.918500E+03	3.172993E-16	1.986826E-17
6.919000E+03	3.173737E-16	1.987170E-17
6.919400E+03	3.175268E-16	1.988030E-17
6.919900E+03	3.175719E-16	1.988191E-17
6.920400E+03	3.175805E-16	1.988122E-17
6.920800E+03	3.176167E-16	1.988251E-17
6.921300E+03	3.178009E-16	1.989282E-17
6.921800E+03	3.179560E-16	1.990130E-17
6.922200E+03	3.180654E-16	1.990717E-17
6.922700E+03	3.181400E-16	1.991061E-17
6.923200E+03	3.182951E-16	1.991909E-17
6.923600E+03	3.183094E-16	1.991900E-17
6.924000E+03	3.184922E-16	1.992946E-17
6.924500E+03	3.186035E-16	1.993520E-17
6.924900E+03	3.187571E-16	1.994383E-17
6.925400E+03	3.189200E-16	1.995279E-17
6.925900E+03	3.190902E-16	1.996221E-17
6.926300E+03	3.192073E-16	1.996855E-17
6.926800E+03	3.194880E-16	1.998487E-17
6.927300E+03	3.195335E-16	1.998649E-17
6.927700E+03	3.198496E-16	2.000527E-17
6.928200E+03	3.198582E-16	2.000458E-17
6.928700E+03	3.200362E-16	2.001448E-17
6.929100E+03	3.202569E-16	2.002729E-17
6.929600E+03	3.203394E-16	2.003121E-17
6.930100E+03	3.204144E-16	2.003467E-17
6.930500E+03	3.205246E-16	2.004057E-17
6.931000E+03	3.206144E-16	2.004495E-17
6.931500E+03	3.207042E-16	2.004933E-17
6.931900E+03	3.207481E-16	2.005108E-17
6.932400E+03	3.209488E-16	2.006239E-17
7.006492E+03	3.970815E-16	2.459350E-17
7.006492E+03	3.970815E-16	2.459350E-17
7.168886E+03	3.753762E-16	2.277433E-17
7.168886E+03	3.753762E-16	2.277433E-17
7.335044E+03	3.564275E-16	2.116932E-17
7.335044E+03	3.564275E-16	2.116932E-17
7.505052E+03	3.384945E-16	1.968172E-17
7.505052E+03	3.384945E-16	1.968172E-17
7.679002E+03	3.204238E-16	1.825836E-17
7.679002E+03	3.204238E-16	1.825836E-17
7.856983E+03	3.016875E-16	1.688092E-17
7.856983E+03	3.016875E-16	1.688092E-17
8.039089E+03	2.821691E-16	1.552898E-17
8.039089E+03	2.821691E-16	1.552898E-17
8.225416E+03	2.623564E-16	1.420354E-17
8.225416E+03	2.623564E-16	1.420354E-17
8.416062E+03	2.428900E-16	1.291896E-17
8.416062E+03	2.428900E-16	1.291896E-17
8.611126E+03	2.241794E-16	1.168402E-17
8.611126E+03	2.241794E-16	1.168402E-17
8.810712E+03	2.064882E-16	1.050742E-17
8.810712E+03	2.064882E-16	1.050742E-17
9.014923E+03	1.906436E-16	9.432784E-18
9.014923E+03	1.906436E-16	9.432784E-18
9.223868E+03	1.775426E-16	8.508984E-18
9.223868E+03	1.775426E-16	8.508984E-18
9.437655E+03	1.673991E-16	7.746233E-18
9.437655E+03	1.673991E-16	7.746233E-18
9.656398E+03	1.596549E-16	7.117271E-18
9.656398E+03	1.596549E-16	7.117271E-18
9.880210E+03	1.532699E-16	6.589406E-18
9.880210E+03	1.532699E-16	6.589406E-18
1.010921E+04	1.467390E-16	6.132147E-18
1.010921E+04	1.467390E-16	6.132147E-18
1.034352E+04	1.384696E-16	5.723201E-18
1.034352E+04	1.384696E-16	5.723201E-18
1.058326E+04	1.285140E-16	5.336949E-18
1.058326E+04	1.285140E-16	5.336949E-18
1.082855E+04	1.180400E-16	4.944893E-18
1.082855E+04	1.180400E-16	4.944893E-18
1.107953E+04	1.078055E-16	4.527316E-18
1.107953E+04	1.078055E-16	4.527316E-18
1.133633E+04	9.819856E-17	4.080120E-18
1.133633E+04	9.819856E-17	4.080120E-18
1.159908E+04	8.935546E-17	3.614225E-18
1.159908E+04	8.935546E-17	3.614225E-18
1.186792E+04	8.129434E-17	3.156909E-18
1.186792E+04	8.129434E-17	3.156909E-18
1.214299E+04	7.402987E-17	2.756407E-18
1.214299E+04	7.402987E-17	2.756407E-18
1.242443E+04	6.766059E-17	2.484074E-18
1.242443E+04	6.766059E-17	2.484074E-18
1.271240E+04	6.236288E-17	2.402952E-18
1.271240E+04	6.236288E-17	2.402952E-18
1.300704E+04	5.795936E-17	2.452987E-18
1.300704E+04	5.795936E-17	2.452987E-18
1.330852E+04	5.408477E-17	2.539472E-18
1.330852E+04	5.408477E-17	2.539472E-18
1.361698E+04	5.050427E-17	2.607730E-18
1.361698E+04	5.050427E-17	2.607730E-18
1.393259E+04	4.707974E-17	2.632870E-18
1.393259E+04	4.707974E-17	2.632870E-18
1.425551E+04	4.373397E-17	2.607186E-18
1.425551E+04	4.373397E-17	2.607186E-18
1.458592E+04	4.043630E-17	2.532798E-18
1.458592E+04	4.043630E-17	2.532798E-18
1.492399E+04	3.719746E-17	2.417904E-18
1.492399E+04	3.719746E-17	2.417904E-18
1.526989E+04	3.406356E-17	2.274645E-18
1.526989E+04	3.406356E-17	2.274645E-18
1.562381E+04	3.110630E-17	2.117433E-18
1.562381E+04	3.110630E-17	2.117433E-18
1.598593E+04	2.841188E-17	1.961474E-18
1.598593E+04	2.841188E-17	1.961474E-18
1.635645E+04	2.607394E-17	1.821023E-18
1.635645E+04	2.607394E-17	1.821023E-18
1.673555E+04	2.413895E-17	1.700935E-18
1.673555E+04	2.413895E-17	1.700935E-18
1.712344E+04	2.253493E-17	1.595217E-18
1.712344E+04	2.253493E-17	1.595217E-18
1.752032E+04	2.118429E-17	1.497500E-18
1.752032E+04	2.118429E-17	1.497500E-18
1.792640E+04	2.002188E-17	1.402115E-18
1.792640E+04	2.002188E-17	1.402115E-18
1.834189E+04	1.898987E-17	1.303514E-18
1.834189E+04	1.898987E-17	1.303514E-18
1.876702E+04	1.803794E-17	1.196175E-18
1.876702E+04	1.803794E-17	1.196175E-18
1.920199E+04	1.712533E-17	1.074876E-18
1.920199E+04	1.712533E-17	1.074876E-18
1.964705E+04	1.622196E-17	9.352562E-19
1.964705E+04	1.622196E-17	9.352562E-19
2.010242E+04	1.530561E-17	7.750505E-19
2.010242E+04	1.530561E-17	7.750505E-19
2.056835E+04	1.435373E-17	5.979165E-19
2.056835E+04	1.435373E-17	5.979165E-19
2.104507E+04	1.332955E-17	4.278256E-19
2.104507E+04	1.332955E-17	4.278256E-19
2.153285E+04	1.216996E-17	3.497487E-19
2.153285E+04	1.216996E-17	3.497487E-19
2.203193E+04	1.093045E-17	4.014839E-19
2.203193E+04	1.093045E-17	4.014839E-19
2.254258E+04	9.752457E-18	4.609256E-19
2.254258E+04	9.752457E-18	4.609256E-19
2.306506E+04	8.695066E-18	4.892044E-19
2.306506E+04	8.695066E-18	4.892044E-19
2.359965E+04	7.770191E-18	4.900998E-19
2.359965E+04	7.770191E-18	4.900998E-19
2.414664E+04	6.968199E-18	4.733072E-19
2.414664E+04	6.968199E-18	4.733072E-19
2.470630E+04	6.272637E-18	4.467954E-19
2.470630E+04	6.272637E-18	4.467954E-19
